season,injury,from,until,days,missed_games
23/24,Rest,"May 24, 2024","May 27, 2024",3 days,1
23/24,Leg injury,"May 14, 2024","May 18, 2024",4 days,1
23/24,muscular problems,"Mar 15, 2024","Apr 5, 2024",21 days,6
23/24,Rest,"Mar 9, 2024","Mar 12, 2024",3 days,1
23/24,Muscle injury,"Sep 22, 2023","Oct 6, 2023",14 days,4
23/24,Muscle injury,"Sep 6, 2023","Sep 18, 2023",12 days,4
22/23,Knee problems,"Feb 8, 2023","Feb 13, 2023",5 days,2
22/23,Rest,"Dec 26, 2022","Jan 3, 2023",8 days,2
22/23,Achilles heel problems,"Nov 5, 2022","Nov 7, 2022",2 days,1
22/23,Calf problems,"Oct 5, 2022","Oct 13, 2022",8 days,3
21/22,flu,"Mar 17, 2022","Mar 24, 2022",7 days,1
21/22,Quarantine,"Jan 6, 2022","Jan 20, 2022",14 days,2
21/22,Quarantine,"Jan 6, 2022","Jan 20, 2022",14 days,2
21/22,Corona virus,"Jan 1, 2022","Jan 5, 2022",4 days,1
21/22,Knee problems,"Oct 29, 2021","Nov 11, 2021",13 days,3
