season,injury,from,until,days,missed_games
23/24,Rest,"May 24, 2024","May 27, 2024",3 days,1
22/23,Rest,"Sep 7, 2022","Sep 9, 2022",2 days,1
22/23,Fitness,"Jul 27, 2022","Aug 1, 2022",5 days,2
21/22,Muscle injury,"Dec 8, 2021","Dec 10, 2021",2 days,-
21/22,Knee problems,"Aug 30, 2021","Sep 11, 2021",12 days,3
20/21,Muscle injury,"Apr 7, 2021","Apr 23, 2021",16 days,3
20/21,Corona virus,"Nov 18, 2020","Dec 4, 2020",16 days,4
20/21,Knock,"Oct 30, 2020","Nov 2, 2020",3 days,1
19/20,Knee surgery,"Jan 10, 2020","Jun 7, 2020",149 days,12
19/20,ankle sprain,"Nov 3, 2019","Nov 8, 2019",5 days,1
19/20,Calf injury,"Aug 17, 2019","Sep 12, 2019",26 days,4
18/19,Meniscus injury,"May 8, 2019","Jun 3, 2019",26 days,3
18/19,Knee problems,"May 2, 2019","May 6, 2019",4 days,1
18/19,ankle sprain,"Mar 18, 2019","Mar 29, 2019",11 days,2
18/19,Knee problems,"Dec 9, 2018","Dec 13, 2018",4 days,1
