season,injury,from,until,days,missed_games
23/24,Muscle injury,"Mar 25, 2024","May 2, 2024",38 days,7
23/24,Hamstring injury,"Oct 13, 2023","Dec 31, 2023",79 days,2
22/23,Calf injury,"May 6, 2023","May 19, 2023",13 days,4
21/22,Broken tibia,"Jan 10, 2022","Jul 24, 2022",195 days,13
21/22,unknown injury,"Sep 8, 2021","Sep 21, 2021",13 days,3
21/22,Fitness,"Jul 26, 2021","Jul 30, 2021",4 days,1
21/22,Knee injury,"Jul 3, 2021","Jul 26, 2021",23 days,1
20/21,unknown injury,"Nov 27, 2020","Dec 11, 2020",14 days,4
20/21,Quarantine,"Nov 17, 2020","Nov 19, 2020",2 days,-
20/21,Corona virus,"Oct 2, 2020","Oct 29, 2020",27 days,8
19/20,unknown injury,"Oct 30, 2019","Nov 5, 2019",6 days,2
18/19,unknown injury,"Nov 16, 2018","Nov 27, 2018",11 days,3
18/19,unknown injury,"Jul 24, 2018","Aug 13, 2018",20 days,4
17/18,unknown injury,"May 16, 2018","May 26, 2018",10 days,1
17/18,Injury to the ankle,"Feb 21, 2018","Mar 22, 2018",29 days,6
