season,injury,from,until,days,missed_games
23/24,Rest,"May 24, 2024","May 27, 2024",3 days,1
23/24,Rest,"Sep 22, 2023","Sep 26, 2023",4 days,1
22/23,Ankle injury,"Feb 6, 2023","Feb 17, 2023",11 days,2
20/21,Corona virus,"Jun 6, 2021","Jun 20, 2021",14 days,3
20/21,Outer ligament problems,"Nov 14, 2020","Nov 28, 2020",14 days,3
18/19,Rest,"Apr 12, 2019","Apr 14, 2019",2 days,1
17/18,muscular problems,"Jun 1, 2018","Jun 8, 2018",7 days,1
17/18,Foot bruise,"Apr 15, 2018","Apr 19, 2018",4 days,1
17/18,Foot bruise,"Apr 5, 2018","Apr 9, 2018",4 days,1
17/18,Foot injury,"Mar 15, 2018","Apr 2, 2018",18 days,4
16/17,ankle sprain,"Jan 23, 2017","Feb 6, 2017",14 days,4
15/16,Broken finger,"Mar 21, 2016","Mar 31, 2016",10 days,2
15/16,Rest,"Mar 10, 2016","Mar 14, 2016",4 days,1
15/16,Muscle fiber tear,"Dec 21, 2015","Dec 24, 2015",3 days,-
14/15,Ankle problems,"Mar 5, 2015","Mar 21, 2015",16 days,3
