,Player Name,Player Number,Player,#,Nation,Pos,Age,Min,Gls,Ast,PK,PKatt,Sh,SoT,CrdY,CrdR,Fls,Fld,Off,Crs,TklW,Int,OG,PKwon,PKcon,Player Key,Player Link
0,Berat Djimsiti,https://fbref.com/en/players/6eee05f1/Berat-Djimsiti,19,19,al ALB,"DF,MF",27-330,90,0,0,0,0,0,0,0,0,0,0,0,0,0,0,0,,,https://fbref.com/en/players/6eee05f1/Berat-Djimsiti-Berat Djimsiti,
1,Remo Freuler,https://fbref.com/en/players/98d2c2c4/Remo-Freuler,11,11,ch SUI,MF,28-274,74,0,0,0,0,0,0,0,0,0,0,0,0,0,0,0,,,https://fbref.com/en/players/98d2c2c4/Remo-Freuler-Remo Freuler,
2,Fabio Depaoli,https://fbref.com/en/players/d97f2e8d/Fabio-Depaoli,27,27,it ITA,"DF,MF",23-265,16,0,0,0,0,0,0,0,0,0,0,0,0,0,0,0,,,https://fbref.com/en/players/d97f2e8d/Fabio-Depaoli-Fabio Depaoli,
3,Robin Gosens,https://fbref.com/en/players/2d970560/Robin-Gosens,8,8,de GER,"DF,MF",26-193,67,0,2,0,0,0,0,0,0,0,0,0,0,0,0,0,,,https://fbref.com/en/players/2d970560/Robin-Gosens-Robin Gosens,
4,Hans Hateboer,https://fbref.com/en/players/3b333ac3/Hans-Hateboer,33,33,nl NED,"DF,MF",27-005,23,0,0,0,0,0,0,0,0,0,0,0,0,0,0,0,,,https://fbref.com/en/players/3b333ac3/Hans-Hateboer-Hans Hateboer,
5,Ruslan Malinovskyi,https://fbref.com/en/players/48d5bd33/Ruslan-Malinovskyi,18,18,ua UKR,"FW,MF",27-255,90,0,0,0,0,0,0,0,0,0,0,0,0,0,0,0,,,https://fbref.com/en/players/48d5bd33/Ruslan-Malinovskyi-Ruslan Malinovskyi,
6,Aleksei Miranchuk,https://fbref.com/en/players/a9aa0d1d/Aleksei-Miranchuk,59,59,ru RUS,"FW,MF",25-089,68,1,0,0,0,0,0,0,0,0,0,0,0,0,0,0,,,https://fbref.com/en/players/a9aa0d1d/Aleksei-Miranchuk-Aleksei Miranchuk,
7,Josip Iličić,https://fbref.com/en/players/68252d6d/Josip-Ilicic,72,72,si SVN,"FW,MF",32-351,22,0,0,0,0,0,0,1,0,0,0,0,0,0,0,0,,,https://fbref.com/en/players/68252d6d/Josip-Ilicic-Josip Iličić,
8,Luis Muriel,https://fbref.com/en/players/eb2fe5b6/Luis-Muriel,9,9,co COL,FW,29-273,88,1,1,0,0,0,0,0,0,0,0,0,0,0,0,0,,,https://fbref.com/en/players/eb2fe5b6/Luis-Muriel-Luis Muriel,
9,José Luis Palomino,https://fbref.com/en/players/921f6058/Jose-Luis-Palomino,6,6,ar ARG,DF,31-009,2,0,0,0,0,0,0,0,0,0,0,0,0,0,0,0,,,https://fbref.com/en/players/921f6058/Jose-Luis-Palomino-José Luis Palomino,
10,Joakim Mæhle,https://fbref.com/en/players/c459a650/Joakim-Maehle,3,3,dk DEN,"DF,MF",23-239,90,0,0,0,0,0,0,0,0,0,0,0,0,0,0,0,,,https://fbref.com/en/players/c459a650/Joakim-Maehle-Joakim Mæhle,
11,Matteo Pessina,https://fbref.com/en/players/780e3631/Matteo-Pessina,32,32,it ITA,MF,23-268,45,0,0,0,0,0,0,0,0,0,0,0,0,0,0,0,,,https://fbref.com/en/players/780e3631/Matteo-Pessina-Matteo Pessina,
12,Marten de Roon,https://fbref.com/en/players/2a1beb34/Marten-de-Roon,15,15,nl NED,"DF,MF",29-291,45,0,0,0,0,0,0,0,0,0,0,0,0,0,0,0,,,https://fbref.com/en/players/2a1beb34/Marten-de-Roon-Marten de Roon,
13,Cristian Romero,https://fbref.com/en/players/a3d94a58/Cristian-Romero,17,17,ar ARG,DF,22-262,90,0,0,0,0,0,0,0,0,0,0,0,0,0,0,0,,,https://fbref.com/en/players/a3d94a58/Cristian-Romero-Cristian Romero,
14,Marco Sportiello,https://fbref.com/en/players/ac4003af/Marco-Sportiello,57,57,it ITA,GK,28-249,90,0,0,0,0,0,0,0,0,0,0,0,0,0,0,0,,,https://fbref.com/en/players/ac4003af/Marco-Sportiello-Marco Sportiello,
15,Bosko Sutalo,https://fbref.com/en/players/1d0bb7e4/Bosko-Sutalo,4,4,hr CRO,DF,21-013,90,1,0,0,0,0,0,0,0,0,0,0,0,0,0,0,,,https://fbref.com/en/players/1d0bb7e4/Bosko-Sutalo-Bosko Sutalo,
