,Player Name,Player Number,Player,#,Nation,Pos,Age,Min,Gls,Ast,PK,PKatt,Sh,SoT,CrdY,CrdR,Fls,Fld,Off,Crs,TklW,Int,OG,PKwon,PKcon,Player Key,Player Link
0,Fabrizio Caligara,https://fbref.com/en/players/22ca11f1/Fabrizio-Caligara,12,12,it ITA,MF,20-277,66,0,0,0,0,0,0,0,0,0,0,0,0,0,0,0,,,https://fbref.com/en/players/22ca11f1/Fabrizio-Caligara-Fabrizio Caligara,
1,João Pedro,https://fbref.com/en/players/81255c03/Joao-Pedro,10,10,it ITA,"FW,MF",28-311,24,0,0,0,0,0,0,0,0,0,0,0,0,0,0,0,,,https://fbref.com/en/players/81255c03/Joao-Pedro-João Pedro,
2,Luca Ceppitelli,https://fbref.com/en/players/7d50454d/Luca-Ceppitelli,23,23,it ITA,DF,31-156,90,0,0,0,0,0,0,0,0,0,0,0,0,0,0,0,,,https://fbref.com/en/players/7d50454d/Luca-Ceppitelli-Luca Ceppitelli,
3,Răzvan Marin,https://fbref.com/en/players/7fac99d4/Razvan-Marin,8,8,ro ROU,MF,24-236,90,0,0,0,0,0,0,0,0,0,0,0,0,0,0,0,,,https://fbref.com/en/players/7fac99d4/Razvan-Marin-Răzvan Marin,
4,Nahitan Nández,https://fbref.com/en/players/95facda1/Nahitan-Nandez,18,18,uy URU,"DF,MF",25-017,90,0,0,0,0,0,0,0,0,0,0,0,0,0,0,0,,,https://fbref.com/en/players/95facda1/Nahitan-Nandez-Nahitan Nández,
5,Leonardo Pavoletti,https://fbref.com/en/players/d37b0350/Leonardo-Pavoletti,30,30,it ITA,FW,32-049,65,0,0,0,0,0,0,0,0,0,0,0,0,0,0,0,,,https://fbref.com/en/players/d37b0350/Leonardo-Pavoletti-Leonardo Pavoletti,
6,Alberto Cerri,https://fbref.com/en/players/1079c685/Alberto-Cerri,27,27,it ITA,FW,24-273,25,0,0,0,0,0,0,0,0,0,0,0,0,0,0,0,,,https://fbref.com/en/players/1079c685/Alberto-Cerri-Alberto Cerri,
7,Riccardo Sottil,https://fbref.com/en/players/94816803/Riccardo-Sottil,33,33,it ITA,"FW,MF",21-225,82,1,0,0,0,0,0,0,0,0,0,0,0,0,0,0,,,https://fbref.com/en/players/94816803/Riccardo-Sottil-Riccardo Sottil,
8,Adam Ounas,https://fbref.com/en/players/ed90babd/Adam-Ounas,37,37,dz ALG,"FW,MF",24-064,8,0,0,0,0,0,0,0,0,0,0,0,0,0,0,0,,,https://fbref.com/en/players/ed90babd/Adam-Ounas-Adam Ounas,
9,Mattéo Tramoni,https://fbref.com/en/players/2e0ae188/Matteo-Tramoni,17,17,fr FRA,"FW,MF",20-360,71,0,0,0,0,0,0,0,0,0,0,0,0,0,0,0,,,https://fbref.com/en/players/2e0ae188/Matteo-Tramoni-Mattéo Tramoni,
10,Gastón Pereiro,https://fbref.com/en/players/7ec7738e/Gaston-Pereiro,20,20,uy URU,"FW,MF",25-217,19,0,0,0,0,0,0,0,0,0,0,0,0,0,0,0,,,https://fbref.com/en/players/7ec7738e/Gaston-Pereiro-Gastón Pereiro,
11,Alessandro Tripaldelli,https://fbref.com/en/players/4571fa88/Alessandro-Tripaldelli,3,3,it ITA,DF,21-340,82,0,0,0,0,0,0,0,0,0,0,0,0,0,0,0,,,https://fbref.com/en/players/4571fa88/Alessandro-Tripaldelli-Alessandro Tripaldelli,
12,Charalambos Lykogiannis,https://fbref.com/en/players/5efc5389/Charalambos-Lykogiannis,22,22,gr GRE,"DF,MF",27-084,8,0,0,0,0,0,0,0,0,0,0,0,0,0,0,0,,,https://fbref.com/en/players/5efc5389/Charalambos-Lykogiannis-Charalambos Lykogiannis,
13,Guglielmo Vicario,https://fbref.com/en/players/77d6fd4d/Guglielmo-Vicario,31,31,it ITA,GK,24-099,90,0,1,0,0,0,0,0,0,0,0,0,0,0,0,0,,,https://fbref.com/en/players/77d6fd4d/Guglielmo-Vicario-Guglielmo Vicario,
14,Sebastian Walukiewicz,https://fbref.com/en/players/217875a4/Sebastian-Walukiewicz,40,40,pl POL,DF,20-284,90,0,0,0,0,0,0,0,0,0,0,0,0,0,0,0,,,https://fbref.com/en/players/217875a4/Sebastian-Walukiewicz-Sebastian Walukiewicz,
15,Gabriele Zappa,https://fbref.com/en/players/ca3db240/Gabriele-Zappa,25,25,it ITA,"DF,MF",21-023,90,0,0,0,0,0,0,0,0,0,0,0,0,0,0,0,,,https://fbref.com/en/players/ca3db240/Gabriele-Zappa-Gabriele Zappa,
