,Player Name,Player Number,Player,#,Nation,Pos,Age,Min,Touches,Def Pen,Def 3rd,Mid 3rd,Att 3rd,Att Pen,Live,Att,Succ,Succ%,Tkld,Tkld%,Carries,TotDist,PrgDist,PrgC,1/3,CPA,Mis,Dis,Rec,PrgR,Player Key,Player Link
0,Lewis Grabban,https://fbref.com/en/players/1a857282/Lewis-Grabban,7,7,eng ENG,FW,33-083,77,35,0,3,13,21,1,35,3,2,66.7,1,33.3,26,159,68,3,3,0,2,1,24,6,https://fbref.com/en/players/1a857282/Lewis-Grabban-Lewis Grabban,
1,Glenn Murray,https://fbref.com/en/players/f2f29dda/Glenn-Murray,25,25,eng ENG,FW,37-192,13,7,0,0,2,5,2,7,1,0,0.0,1,100.0,2,12,11,2,0,2,0,0,3,1,https://fbref.com/en/players/f2f29dda/Glenn-Murray-Glenn Murray,
2,Alex Mighten,https://fbref.com/en/players/10ec4169/Alex-Mighten,17,17,eng ENG,LW,18-359,90,36,1,3,11,24,6,36,4,1,25.0,3,75.0,30,214,109,4,4,3,4,1,27,8,https://fbref.com/en/players/10ec4169/Alex-Mighten-Alex Mighten,
3,Sammy Ameobi,https://fbref.com/en/players/acd61628/Sammy-Ameobi,11,11,eng ENG,RW,28-339,77,44,1,3,15,28,2,44,3,2,66.7,1,33.3,22,205,107,3,5,0,4,1,30,5,https://fbref.com/en/players/acd61628/Sammy-Ameobi-Sammy Ameobi,
4,Luke Freeman,https://fbref.com/en/players/636b64cd/Luke-Freeman,15,15,eng ENG,RW,29-014,13,7,0,1,1,6,1,7,0,0,,0,,6,66,43,1,1,1,0,0,5,2,https://fbref.com/en/players/636b64cd/Luke-Freeman-Luke Freeman,
5,Filip Krovinović,https://fbref.com/en/players/c2dfedeb/Filip-Krovinovic,27,27,hr CRO,AM,25-219,90,42,0,2,14,26,2,42,0,0,,0,,26,141,36,2,1,0,1,0,27,1,https://fbref.com/en/players/c2dfedeb/Filip-Krovinovic-Filip Krovinović,
6,James Garner,https://fbref.com/en/players/4e015693/James-Garner,37,37,eng ENG,DM,20-023,90,59,1,10,29,20,0,59,0,0,,0,,34,140,65,0,0,0,3,0,35,3,https://fbref.com/en/players/4e015693/James-Garner-James Garner,
7,Ryan Yates,https://fbref.com/en/players/c1fe2a48/Ryan-Yates,22,22,eng ENG,DM,23-135,80,43,1,3,17,23,6,43,0,0,,0,,19,83,60,1,1,0,1,0,26,2,https://fbref.com/en/players/c1fe2a48/Ryan-Yates-Ryan Yates,
8,Jack Colback,https://fbref.com/en/players/963a9201/Jack-Colback,8,8,eng ENG,DM,31-163,10,4,0,0,2,2,0,4,0,0,,0,,2,2,0,0,0,0,0,0,2,0,https://fbref.com/en/players/963a9201/Jack-Colback-Jack Colback,
9,Tyler Blackett,https://fbref.com/en/players/a68a5466/Tyler-Blackett,24,24,eng ENG,LB,27-003,90,58,3,14,25,21,1,58,0,0,,0,,38,259,195,4,3,1,2,0,35,2,https://fbref.com/en/players/a68a5466/Tyler-Blackett-Tyler Blackett,
10,Scott McKenna,https://fbref.com/en/players/4e5a4cbc/Scott-McKenna,26,26,sct SCO,CB,24-144,90,37,7,26,11,0,0,37,0,0,,0,,22,93,59,0,0,0,0,0,22,0,https://fbref.com/en/players/4e5a4cbc/Scott-McKenna-Scott McKenna,
11,Joe Worrall,https://fbref.com/en/players/a5212312/Joe-Worrall,4,4,eng ENG,CB,24-085,90,43,9,27,14,3,0,43,0,0,,0,,24,90,58,0,1,0,0,0,22,0,https://fbref.com/en/players/a5212312/Joe-Worrall-Joe Worrall,
12,Cyrus Christie,https://fbref.com/en/players/7eb67dad/Cyrus-Christie,2,2,ie IRL,RB,28-187,90,53,4,12,25,19,3,53,2,2,100.0,0,0.0,32,215,148,3,3,1,1,0,32,4,https://fbref.com/en/players/7eb67dad/Cyrus-Christie-Cyrus Christie,
13,Brice Samba,https://fbref.com/en/players/60d90c55/Brice-Samba,30,30,fr FRA,GK,26-345,90,37,28,37,0,0,0,37,0,0,,0,,23,150,94,0,0,0,0,0,13,0,https://fbref.com/en/players/60d90c55/Brice-Samba-Brice Samba,
