,Player Name,Player Number,Player,#,Nation,Pos,Age,Min,Gls,Ast,PK,PKatt,Sh,SoT,CrdY,CrdR,Touches,Tkl,Int,Blocks,xG,npxG,xAG,SCA,GCA,Cmp,Att,Cmp%,PrgP,Carries,PrgC,Att,Succ,Player Key,Player Link
0,Lewis Grabban,https://fbref.com/en/players/1a857282/Lewis-Grabban,7,7,eng ENG,FW,33-083,77,1,0,0,0,3,1,0,0,35,1,3,1,0.2,0.2,0.1,6,0,22,24,91.7,4,26,3,3,2,https://fbref.com/en/players/1a857282/Lewis-Grabban-Lewis Grabban,
1,Glenn Murray,https://fbref.com/en/players/f2f29dda/Glenn-Murray,25,25,eng ENG,FW,37-192,13,0,0,0,0,0,0,0,0,7,1,0,0,0.0,0.0,0.0,0,0,4,5,80.0,0,2,2,1,0,https://fbref.com/en/players/f2f29dda/Glenn-Murray-Glenn Murray,
2,Alex Mighten,https://fbref.com/en/players/10ec4169/Alex-Mighten,17,17,eng ENG,LW,18-359,90,1,0,0,0,4,1,0,0,36,1,1,1,1.5,1.5,0.0,3,1,13,20,65.0,0,30,4,4,1,https://fbref.com/en/players/10ec4169/Alex-Mighten-Alex Mighten,
3,Sammy Ameobi,https://fbref.com/en/players/acd61628/Sammy-Ameobi,11,11,eng ENG,RW,28-339,77,0,1,0,0,3,1,0,0,44,2,1,3,0.1,0.1,0.8,4,1,27,30,90.0,4,22,3,3,2,https://fbref.com/en/players/acd61628/Sammy-Ameobi-Sammy Ameobi,
4,Luke Freeman,https://fbref.com/en/players/636b64cd/Luke-Freeman,15,15,eng ENG,RW,29-014,13,0,0,0,0,0,0,0,0,7,0,0,0,0.0,0.0,0.0,0,0,4,7,57.1,1,6,1,0,0,https://fbref.com/en/players/636b64cd/Luke-Freeman-Luke Freeman,
5,Filip Krovinović,https://fbref.com/en/players/c2dfedeb/Filip-Krovinovic,27,27,hr CRO,AM,25-219,90,0,1,0,0,4,1,1,0,42,3,3,1,0.2,0.2,0.2,5,1,23,28,82.1,6,26,2,0,0,https://fbref.com/en/players/c2dfedeb/Filip-Krovinovic-Filip Krovinović,
6,James Garner,https://fbref.com/en/players/4e015693/James-Garner,37,37,eng ENG,DM,20-023,90,1,0,0,0,3,2,0,0,59,2,1,1,0.1,0.1,0.0,3,0,37,50,74.0,1,34,0,0,0,https://fbref.com/en/players/4e015693/James-Garner-James Garner,
7,Ryan Yates,https://fbref.com/en/players/c1fe2a48/Ryan-Yates,22,22,eng ENG,DM,23-135,80,0,0,0,0,3,1,1,0,43,1,0,0,0.1,0.1,0.0,5,0,35,37,94.6,3,19,1,0,0,https://fbref.com/en/players/c1fe2a48/Ryan-Yates-Ryan Yates,
8,Jack Colback,https://fbref.com/en/players/963a9201/Jack-Colback,8,8,eng ENG,DM,31-163,10,0,0,0,0,0,0,0,0,4,0,1,0,0.0,0.0,0.0,0,0,2,3,66.7,1,2,0,0,0,https://fbref.com/en/players/963a9201/Jack-Colback-Jack Colback,
9,Tyler Blackett,https://fbref.com/en/players/a68a5466/Tyler-Blackett,24,24,eng ENG,LB,27-003,90,0,0,0,0,0,0,0,0,58,3,1,0,0.0,0.0,0.7,5,1,35,49,71.4,4,38,4,0,0,https://fbref.com/en/players/a68a5466/Tyler-Blackett-Tyler Blackett,
10,Scott McKenna,https://fbref.com/en/players/4e5a4cbc/Scott-McKenna,26,26,sct SCO,CB,24-144,90,0,0,0,0,0,0,0,0,37,1,2,2,0.0,0.0,0.0,0,0,22,28,78.6,1,22,0,0,0,https://fbref.com/en/players/4e5a4cbc/Scott-McKenna-Scott McKenna,
11,Joe Worrall,https://fbref.com/en/players/a5212312/Joe-Worrall,4,4,eng ENG,CB,24-085,90,0,0,0,0,0,0,0,0,43,0,1,1,0.0,0.0,0.0,2,0,29,34,85.3,5,24,0,0,0,https://fbref.com/en/players/a5212312/Joe-Worrall-Joe Worrall,
12,Cyrus Christie,https://fbref.com/en/players/7eb67dad/Cyrus-Christie,2,2,ie IRL,RB,28-187,90,0,0,0,0,0,0,1,0,53,0,2,0,0.0,0.0,0.0,2,1,34,50,68.0,5,32,3,2,2,https://fbref.com/en/players/7eb67dad/Cyrus-Christie-Cyrus Christie,
13,Brice Samba,https://fbref.com/en/players/60d90c55/Brice-Samba,30,30,fr FRA,GK,26-345,90,0,0,0,0,0,0,0,0,37,0,0,0,0.0,0.0,0.0,0,0,23,37,62.2,0,23,0,0,0,https://fbref.com/en/players/60d90c55/Brice-Samba-Brice Samba,
