,Player Name,Player Number,Player,#,Nation,Pos,Age,Min,Touches,Def Pen,Def 3rd,Mid 3rd,Att 3rd,Att Pen,Live,Att,Succ,Succ%,Tkld,Tkld%,Carries,TotDist,PrgDist,PrgC,1/3,CPA,Mis,Dis,Rec,PrgR,Player Key,Player Link
0,Charlie Austin,https://fbref.com/en/players/8d228291/Charlie-Austin,45,45,eng ENG,"FW,AM",31-274,79,18,1,2,10,6,3,18,0,0,,0,,10,20,2,1,0,1,0,1,13,2,https://fbref.com/en/players/8d228291/Charlie-Austin-Charlie Austin,
1,Charlie Kelman,https://fbref.com/en/players/d7cf39b1/Charlie-Kelman,29,29,us USA,AM,19-154,11,5,0,0,3,2,0,5,0,0,,0,,3,14,3,0,0,0,0,0,3,0,https://fbref.com/en/players/d7cf39b1/Charlie-Kelman-Charlie Kelman,
2,Ilias Chair,https://fbref.com/en/players/ad7873cb/Ilias-Chair,10,10,ma MAR,AM,23-157,90,50,0,2,31,17,0,50,0,0,,0,,30,215,100,2,2,0,2,1,39,6,https://fbref.com/en/players/ad7873cb/Ilias-Chair-Ilias Chair,
3,Chris Willock,https://fbref.com/en/players/be0bd828/Chris-Willock,21,21,eng ENG,AM,23-064,68,30,1,3,12,16,4,30,3,3,100.0,0,0.0,26,126,65,2,2,1,3,4,30,12,https://fbref.com/en/players/be0bd828/Chris-Willock-Chris Willock,
4,Albert Adomah,https://fbref.com/en/players/c7174e81/Albert-Adomah,37,37,gh GHA,WB,33-113,22,18,0,2,4,12,1,18,1,1,100.0,0,0.0,12,124,77,3,2,1,0,2,13,4,https://fbref.com/en/players/c7174e81/Albert-Adomah-Albert Adomah,
5,Stefan Johansen,https://fbref.com/en/players/a48da055/Stefan-Johansen,14,14,no NOR,CM,30-087,90,70,1,11,45,14,0,70,0,0,,0,,43,154,56,1,1,0,0,3,61,3,https://fbref.com/en/players/a48da055/Stefan-Johansen-Stefan Johansen,
6,Dominic Ball,https://fbref.com/en/players/79d61875/Dominic-Ball,12,12,eng ENG,CM,25-246,59,39,3,5,27,7,0,39,0,0,,0,,16,45,18,1,0,0,3,0,25,0,https://fbref.com/en/players/79d61875/Dominic-Ball-Dominic Ball,
7,Lyndon Dykes,https://fbref.com/en/players/cd92357a/Lyndon-Dykes,9,9,sct SCO,"FW,CM",25-180,31,13,0,1,7,5,2,13,0,0,,0,,5,29,11,1,0,0,2,0,10,2,https://fbref.com/en/players/cd92357a/Lyndon-Dykes-Lyndon Dykes,
8,Lee Wallace,https://fbref.com/en/players/c3a396e2/Lee-Wallace,3,3,sct SCO,WB,33-247,90,46,2,12,17,17,0,46,2,2,100.0,0,0.0,21,155,93,3,2,0,0,0,26,6,https://fbref.com/en/players/c3a396e2/Lee-Wallace-Lee Wallace,
9,Osman Kakay,https://fbref.com/en/players/0aed0751/Osman-Kakay,24,24,sl SLE,"WB,CB",23-223,90,73,5,22,32,20,1,73,0,0,,0,,44,120,27,0,1,0,2,2,50,10,https://fbref.com/en/players/0aed0751/Osman-Kakay-Osman Kakay,
10,Yoann Barbet,https://fbref.com/en/players/c52bbd2c/Yoann-Barbet,6,6,fr FRA,CB,27-330,90,97,5,47,48,3,0,97,0,0,,0,,61,298,191,2,0,0,1,0,66,0,https://fbref.com/en/players/c52bbd2c/Yoann-Barbet-Yoann Barbet,
11,Sam Field,https://fbref.com/en/players/bd8a7d05/Sam-Field,15,15,eng ENG,"CB,CM",22-332,79,77,12,43,33,1,0,77,0,0,,0,,48,167,60,0,1,0,0,1,58,0,https://fbref.com/en/players/bd8a7d05/Sam-Field-Sam Field,
12,Faysal Bettache,https://fbref.com/en/players/34747acf/Faysal-Bettache,26,26,eng ENG,CM,20-272,11,14,1,2,10,2,0,14,0,0,,0,,10,44,18,0,1,0,0,1,11,0,https://fbref.com/en/players/34747acf/Faysal-Bettache-Faysal Bettache,
13,Robert Dickie,https://fbref.com/en/players/c7dfc411/Robert-Dickie,4,4,eng ENG,CB,25-033,90,85,7,46,36,4,1,85,0,0,,0,,49,150,79,1,2,0,1,0,62,0,https://fbref.com/en/players/c7dfc411/Robert-Dickie-Robert Dickie,
14,Seny Dieng,https://fbref.com/en/players/c135cddd/Seny-Dieng,13,13,sn SEN,GK,26-133,90,38,34,38,0,0,0,38,0,0,,0,,20,112,84,0,0,0,0,0,18,0,https://fbref.com/en/players/c135cddd/Seny-Dieng-Seny Dieng,
