,Player Name,Player Number,Player,#,Nation,Pos,Age,Min,Gls,Ast,PK,PKatt,Sh,SoT,CrdY,CrdR,Touches,Tkl,Int,Blocks,xG,npxG,xAG,SCA,GCA,Cmp,Att,Cmp%,PrgP,Carries,PrgC,Att,Succ,Player Key,Player Link
0,Charlie Austin,https://fbref.com/en/players/8d228291/Charlie-Austin,45,45,eng ENG,"FW,AM",31-274,79,0,0,0,0,2,0,0,0,18,0,0,0,0.2,0.2,0.0,0,0,10,14,71.4,2,10,1,0,0,https://fbref.com/en/players/8d228291/Charlie-Austin-Charlie Austin,
1,Charlie Kelman,https://fbref.com/en/players/d7cf39b1/Charlie-Kelman,29,29,us USA,AM,19-154,11,0,0,0,0,0,0,0,0,5,0,0,0,0.0,0.0,0.0,0,0,4,5,80.0,0,3,0,0,0,https://fbref.com/en/players/d7cf39b1/Charlie-Kelman-Charlie Kelman,
2,Ilias Chair,https://fbref.com/en/players/ad7873cb/Ilias-Chair,10,10,ma MAR,AM,23-157,90,0,0,0,0,0,0,0,0,50,0,0,1,0.0,0.0,0.0,2,0,41,46,89.1,10,30,2,0,0,https://fbref.com/en/players/ad7873cb/Ilias-Chair-Ilias Chair,
3,Chris Willock,https://fbref.com/en/players/be0bd828/Chris-Willock,21,21,eng ENG,AM,23-064,68,0,0,0,0,0,0,0,0,30,0,0,1,0.0,0.0,0.1,1,0,21,25,84.0,5,26,2,3,3,https://fbref.com/en/players/be0bd828/Chris-Willock-Chris Willock,
4,Albert Adomah,https://fbref.com/en/players/c7174e81/Albert-Adomah,37,37,gh GHA,WB,33-113,22,0,1,0,0,0,0,0,0,18,0,1,0,0.0,0.0,0.5,2,2,10,16,62.5,1,12,3,1,1,https://fbref.com/en/players/c7174e81/Albert-Adomah-Albert Adomah,
5,Stefan Johansen,https://fbref.com/en/players/a48da055/Stefan-Johansen,14,14,no NOR,CM,30-087,90,0,0,0,0,1,0,1,0,70,1,0,2,0.1,0.1,0.2,4,0,55,64,85.9,7,43,1,0,0,https://fbref.com/en/players/a48da055/Stefan-Johansen-Stefan Johansen,
6,Dominic Ball,https://fbref.com/en/players/79d61875/Dominic-Ball,12,12,eng ENG,CM,25-246,59,0,0,0,0,0,0,0,0,39,0,0,2,0.0,0.0,0.0,0,0,28,32,87.5,5,16,1,0,0,https://fbref.com/en/players/79d61875/Dominic-Ball-Dominic Ball,
7,Lyndon Dykes,https://fbref.com/en/players/cd92357a/Lyndon-Dykes,9,9,sct SCO,"FW,CM",25-180,31,1,0,0,0,2,1,0,0,13,0,1,0,0.6,0.6,0.0,0,0,4,7,57.1,1,5,1,0,0,https://fbref.com/en/players/cd92357a/Lyndon-Dykes-Lyndon Dykes,
8,Lee Wallace,https://fbref.com/en/players/c3a396e2/Lee-Wallace,3,3,sct SCO,WB,33-247,90,0,0,0,0,0,0,0,0,46,2,1,1,0.0,0.0,0.0,1,0,33,39,84.6,1,21,3,2,2,https://fbref.com/en/players/c3a396e2/Lee-Wallace-Lee Wallace,
9,Osman Kakay,https://fbref.com/en/players/0aed0751/Osman-Kakay,24,24,sl SLE,"WB,CB",23-223,90,0,0,0,0,1,0,0,0,73,3,1,1,0.0,0.0,0.0,3,0,48,61,78.7,5,44,0,0,0,https://fbref.com/en/players/0aed0751/Osman-Kakay-Osman Kakay,
10,Yoann Barbet,https://fbref.com/en/players/c52bbd2c/Yoann-Barbet,6,6,fr FRA,CB,27-330,90,0,0,0,0,0,0,0,0,97,1,2,1,0.0,0.0,0.2,1,0,73,87,83.9,4,61,2,0,0,https://fbref.com/en/players/c52bbd2c/Yoann-Barbet-Yoann Barbet,
11,Sam Field,https://fbref.com/en/players/bd8a7d05/Sam-Field,15,15,eng ENG,"CB,CM",22-332,79,0,0,0,0,0,0,0,0,77,0,2,1,0.0,0.0,0.0,0,0,60,67,89.6,2,48,0,0,0,https://fbref.com/en/players/bd8a7d05/Sam-Field-Sam Field,
12,Faysal Bettache,https://fbref.com/en/players/34747acf/Faysal-Bettache,26,26,eng ENG,CM,20-272,11,0,0,0,0,1,0,0,0,14,0,0,1,0.0,0.0,0.0,0,0,10,11,90.9,1,10,0,0,0,https://fbref.com/en/players/34747acf/Faysal-Bettache-Faysal Bettache,
13,Robert Dickie,https://fbref.com/en/players/c7dfc411/Robert-Dickie,4,4,eng ENG,CB,25-033,90,0,0,0,0,1,1,0,0,85,2,3,2,0.0,0.0,0.0,0,0,63,76,82.9,3,49,1,0,0,https://fbref.com/en/players/c7dfc411/Robert-Dickie-Robert Dickie,
14,Seny Dieng,https://fbref.com/en/players/c135cddd/Seny-Dieng,13,13,sn SEN,GK,26-133,90,0,0,0,0,0,0,0,0,38,0,0,0,0.0,0.0,0.0,0,0,28,35,80.0,0,20,0,0,0,https://fbref.com/en/players/c135cddd/Seny-Dieng-Seny Dieng,
