,Player Name,Player Number,Player,#,Nation,Pos,Age,Min,Tkl,TklW,Def 3rd,Mid 3rd,Att 3rd,Tkl,Att,Tkl%,Lost,Blocks,Sh,Pass,Int,Tkl+Int,Clr,Err,Player Key,Player Link
0,Charlie Austin,https://fbref.com/en/players/8d228291/Charlie-Austin,45,45,eng ENG,"FW,AM",31-274,79,0,0,0,0,0,0,1,0.0,1,0,0,0,0,0,1,0,https://fbref.com/en/players/8d228291/Charlie-Austin-Charlie Austin,
1,Charlie Kelman,https://fbref.com/en/players/d7cf39b1/Charlie-Kelman,29,29,us USA,AM,19-154,11,0,0,0,0,0,0,0,,0,0,0,0,0,0,0,0,https://fbref.com/en/players/d7cf39b1/Charlie-Kelman-Charlie Kelman,
2,Ilias Chair,https://fbref.com/en/players/ad7873cb/Ilias-Chair,10,10,ma MAR,AM,23-157,90,0,0,0,0,0,0,2,0.0,2,1,0,1,0,0,0,0,https://fbref.com/en/players/ad7873cb/Ilias-Chair-Ilias Chair,
3,Chris Willock,https://fbref.com/en/players/be0bd828/Chris-Willock,21,21,eng ENG,AM,23-064,68,0,0,0,0,0,0,0,,0,1,0,1,0,0,1,0,https://fbref.com/en/players/be0bd828/Chris-Willock-Chris Willock,
4,Albert Adomah,https://fbref.com/en/players/c7174e81/Albert-Adomah,37,37,gh GHA,WB,33-113,22,0,0,0,0,0,0,0,,0,0,0,0,1,1,0,0,https://fbref.com/en/players/c7174e81/Albert-Adomah-Albert Adomah,
5,Stefan Johansen,https://fbref.com/en/players/a48da055/Stefan-Johansen,14,14,no NOR,CM,30-087,90,1,0,1,0,0,1,2,50.0,1,2,1,1,0,1,0,0,https://fbref.com/en/players/a48da055/Stefan-Johansen-Stefan Johansen,
6,Dominic Ball,https://fbref.com/en/players/79d61875/Dominic-Ball,12,12,eng ENG,CM,25-246,59,0,0,0,0,0,0,0,,0,2,1,1,0,0,1,0,https://fbref.com/en/players/79d61875/Dominic-Ball-Dominic Ball,
7,Lyndon Dykes,https://fbref.com/en/players/cd92357a/Lyndon-Dykes,9,9,sct SCO,"FW,CM",25-180,31,0,0,0,0,0,0,0,,0,0,0,0,1,1,0,0,https://fbref.com/en/players/cd92357a/Lyndon-Dykes-Lyndon Dykes,
8,Lee Wallace,https://fbref.com/en/players/c3a396e2/Lee-Wallace,3,3,sct SCO,WB,33-247,90,2,2,1,1,0,1,1,100.0,0,1,1,0,1,3,2,0,https://fbref.com/en/players/c3a396e2/Lee-Wallace-Lee Wallace,
9,Osman Kakay,https://fbref.com/en/players/0aed0751/Osman-Kakay,24,24,sl SLE,"WB,CB",23-223,90,3,1,2,1,0,3,4,75.0,1,1,1,0,1,4,3,0,https://fbref.com/en/players/0aed0751/Osman-Kakay-Osman Kakay,
10,Yoann Barbet,https://fbref.com/en/players/c52bbd2c/Yoann-Barbet,6,6,fr FRA,CB,27-330,90,1,0,1,0,0,0,1,0.0,1,1,0,1,2,3,5,1,https://fbref.com/en/players/c52bbd2c/Yoann-Barbet-Yoann Barbet,
11,Sam Field,https://fbref.com/en/players/bd8a7d05/Sam-Field,15,15,eng ENG,"CB,CM",22-332,79,0,0,0,0,0,0,1,0.0,1,1,1,0,2,2,6,0,https://fbref.com/en/players/bd8a7d05/Sam-Field-Sam Field,
12,Faysal Bettache,https://fbref.com/en/players/34747acf/Faysal-Bettache,26,26,eng ENG,CM,20-272,11,0,0,0,0,0,0,0,,0,1,0,1,0,0,0,0,https://fbref.com/en/players/34747acf/Faysal-Bettache-Faysal Bettache,
13,Robert Dickie,https://fbref.com/en/players/c7dfc411/Robert-Dickie,4,4,eng ENG,CB,25-033,90,2,2,2,0,0,1,1,100.0,0,2,1,1,3,5,2,0,https://fbref.com/en/players/c7dfc411/Robert-Dickie-Robert Dickie,
14,Seny Dieng,https://fbref.com/en/players/c135cddd/Seny-Dieng,13,13,sn SEN,GK,26-133,90,0,0,0,0,0,0,0,,0,0,0,0,0,0,0,0,https://fbref.com/en/players/c135cddd/Seny-Dieng-Seny Dieng,
