,Minute,Player,Squad,xG,PSxG,Outcome,Distance,Body Part,Notes,SCA 1 Player,SCA 1 Event,SCA 2 Player,SCA 2 Event
0,4,Lewis Grabban,Nott'ham Forest,0.04,,Blocked,22,Left Foot,Deflected,,,,
1,6,James Garner,Nott'ham Forest,0.04,,Blocked,23,Right Foot,,Sammy Ameobi,Pass (Live),James Garner,Pass (Live)
2,6,Lewis Grabban,Nott'ham Forest,0.08,,Off Target,11,Left Foot,,Tyler Blackett,Pass (Live),Filip Krovinović,Pass (Live)
3,7,Alex Mighten,Nott'ham Forest,0.03,,Off Target,21,Right Foot,,Lewis Grabban,Pass (Live),Ryan Yates,Pass (Live)
4,10,Ryan Yates,Nott'ham Forest,0.06,,Blocked,15,Right Foot,,Filip Krovinović,Pass (Live),Lewis Grabban,Pass (Live)
5,12,Ryan Yates,Nott'ham Forest,0.04,,Blocked,11,Head,,James Garner,Pass (Dead),James Garner,Pass (Dead)
6,15,Robert Dickie,QPR,0.05,0.05,Saved,13,Head,,Stefan Johansen,Pass (Dead),Lee Wallace,Fouled
7,17,Sammy Ameobi,Nott'ham Forest,0.03,,Blocked,22,Left Foot,,Lewis Grabban,Pass (Live),Ryan Yates,Pass (Live)
8,28,Sammy Ameobi,Nott'ham Forest,0.03,,Off Target,25,Left Foot,,Cyrus Christie,Pass (Live),Ryan Yates,Pass (Live)
9,29,Filip Krovinović,Nott'ham Forest,0.03,0.23,Saved,26,Right Foot,,Joe Worrall,Pass (Live),Ryan Yates,Pass (Live)
10,36,Stefan Johansen,QPR,0.05,,Off Target,20,Left Foot,,Chris Willock,Pass (Live),Osman Kakay,Pass (Live)
11,40,Charlie Austin,QPR,0.16,,Off Target,6,Right Foot,,Yoann Barbet,Pass (Live),,
12,42,Filip Krovinović,Nott'ham Forest,0.05,,Off Target,15,Left Foot,,,,,
13,44,Alex Mighten,Nott'ham Forest,0.81,0.94,Goal,4,Left Foot,,Sammy Ameobi,Pass (Live),,
14,,,,,,,,,,,,,
15,46,Osman Kakay,QPR,0.05,,Blocked,15,Right Foot,,Osman Kakay,Pass (Live),,
16,47,Charlie Austin,QPR,0.05,,Off Target,9,Head,,Stefan Johansen,Pass (Dead),Osman Kakay,Shot
17,48,Filip Krovinović,Nott'ham Forest,0.03,,Off Target,29,Right Foot,,Alex Mighten,Pass (Live),Tyler Blackett,Pass (Live)
18,52,Sammy Ameobi,Nott'ham Forest,0.06,0.09,Saved,15,Left Foot,,Lewis Grabban,Pass (Live),Lewis Grabban,Take-On
19,54,Alex Mighten,Nott'ham Forest,0.57,,Off Target,5,Right Foot,,Tyler Blackett,Pass (Live),Joe Worrall,Pass (Live)
20,55,Alex Mighten,Nott'ham Forest,0.04,,Blocked,18,Right Foot,,Filip Krovinović,Pass (Live),Sammy Ameobi,Pass (Live)
21,57,James Garner,Nott'ham Forest,0.06,0.33,Saved,30,Right Foot,Free kick,Filip Krovinović,Fouled,Ryan Yates,Pass (Live)
22,60,Ryan Yates,Nott'ham Forest,0.04,0.07,Saved,22,Left Foot,,Lewis Grabban,Pass (Live),Sammy Ameobi,Pass (Live)
23,63,Lewis Grabban,Nott'ham Forest,0.03,0.30,Goal,26,Right Foot,,Filip Krovinović,Pass (Live),Cyrus Christie,Pass (Live)
24,66,Filip Krovinović,Nott'ham Forest,0.07,,Off Target,10,Head,,Tyler Blackett,Pass (Live),Alex Mighten,Pass (Live)
25,69,James Garner,Nott'ham Forest,0.04,0.66,Goal,31,Right Foot,Free kick,Alex Mighten,Fouled,Tyler Blackett,Pass (Live)
26,84,Faysal Bettache,QPR,0.04,,Off Target,23,Left Foot,,Ilias Chair,Pass (Live),Stefan Johansen,Pass (Live)
27,90+1,Lyndon Dykes,QPR,0.06,,Blocked,17,Right Foot,,Stefan Johansen,Pass (Live),Ilias Chair,Pass (Live)
28,90+3,Lyndon Dykes,QPR,0.51,0.94,Goal,5,Head,,Albert Adomah,Pass (Live),Albert Adomah,Take-On
