,Player Name,Player Number,Player,#,Nation,Pos,Age,Min,Tkl,TklW,Def 3rd,Mid 3rd,Att 3rd,Tkl,Att,Tkl%,Lost,Blocks,Sh,Pass,Int,Tkl+Int,Clr,Err,Player Key,Player Link
0,Isaac Mbenza,https://fbref.com/en/players/aa1a8c7e/Isaac-Mbenza,18,18,be BEL,FW,25-005,51,0,0,0,0,0,0,0,,0,0,0,0,0,0,0,0,https://fbref.com/en/players/aa1a8c7e/Isaac-Mbenza-Isaac Mbenza,
1,Duane Holmes,https://fbref.com/en/players/47a050ed/Duane-Holmes,9,9,us USA,FW,26-127,39,1,1,0,1,0,1,2,50.0,1,0,0,0,1,2,0,0,https://fbref.com/en/players/47a050ed/Duane-Holmes-Duane Holmes,
2,Fraizer Campbell,https://fbref.com/en/players/81d63375/Fraizer-Campbell,22,22,eng ENG,FW,33-181,66,0,0,0,0,0,0,0,,0,1,0,1,0,0,0,0,https://fbref.com/en/players/81d63375/Fraizer-Campbell-Fraizer Campbell,
3,Yaya Sanogo,https://fbref.com/en/players/11ced928/Yaya-Sanogo,55,55,fr FRA,FW,28-045,24,0,0,0,0,0,0,0,,0,0,0,0,0,0,0,0,https://fbref.com/en/players/11ced928/Yaya-Sanogo-Yaya Sanogo,
4,Lewis O'Brien,https://fbref.com/en/players/089667a5/Lewis-OBrien,8,8,eng ENG,"AM,CM",22-150,90,1,0,0,1,0,0,1,0.0,1,1,0,1,2,3,3,0,https://fbref.com/en/players/089667a5/Lewis-OBrien-Lewis O'Brien,
5,Jonathan Hogg,https://fbref.com/en/players/9306d5ea/Jonathan-Hogg,6,6,eng ENG,CM,32-097,90,1,0,1,0,0,1,1,100.0,0,0,0,0,1,2,0,0,https://fbref.com/en/players/9306d5ea/Jonathan-Hogg-Jonathan Hogg,
6,Juninho Bacuna,https://fbref.com/en/players/aaf1bf05/Juninho-Bacuna,7,7,cw CUW,CM,23-218,89,0,0,0,0,0,0,3,0.0,3,3,0,3,1,1,0,0,https://fbref.com/en/players/aaf1bf05/Juninho-Bacuna-Juninho Bacuna,
7,Richard Stearman,https://fbref.com/en/players/9a3a436e/Richard-Stearman,12,12,eng ENG,CM,33-206,1,0,0,0,0,0,0,0,,0,0,0,0,0,0,0,0,https://fbref.com/en/players/9a3a436e/Richard-Stearman-Richard Stearman,
8,Aaron Rowe,https://fbref.com/en/players/4b6bcb0d/Aaron-Rowe,29,29,eng ENG,WB,20-187,51,1,0,0,1,0,0,0,,0,2,0,2,0,1,0,0,https://fbref.com/en/players/4b6bcb0d/Aaron-Rowe-Aaron Rowe,
9,Demeaco Duhaney,https://fbref.com/en/players/5ef608f7/Demeaco-Duhaney,17,17,eng ENG,WB,22-151,39,1,0,0,1,0,0,0,,0,0,0,0,1,2,0,0,https://fbref.com/en/players/5ef608f7/Demeaco-Duhaney-Demeaco Duhaney,
10,Pipa,https://fbref.com/en/players/10f1cd17/Pipa,2,2,es ESP,WB,23-046,90,1,1,0,1,0,0,1,0.0,1,0,0,0,1,2,4,0,https://fbref.com/en/players/10f1cd17/Pipa-Pipa,
11,Mouhamadou-Naby Sarr,https://fbref.com/en/players/93d62727/Mouhamadou-Naby-Sarr,23,23,fr FRA,CB,27-212,90,1,0,0,1,0,0,0,,0,0,0,0,1,2,12,0,https://fbref.com/en/players/93d62727/Mouhamadou-Naby-Sarr-Mouhamadou-Naby Sarr,
12,Richard Keogh,https://fbref.com/en/players/d07b5d5a/Richard-Keogh,15,15,ie IRL,CB,34-214,90,0,0,0,0,0,0,0,,0,1,1,0,2,2,6,0,https://fbref.com/en/players/d07b5d5a/Richard-Keogh-Richard Keogh,
13,Rarmani Edmonds-Green,https://fbref.com/en/players/dc43f033/Rarmani-Edmonds-Green,35,35,eng ENG,CB,22-058,90,0,0,0,0,0,0,1,0.0,1,0,0,0,0,0,9,0,https://fbref.com/en/players/dc43f033/Rarmani-Edmonds-Green-Rarmani Edmonds-Green,
14,Ryan Schofield,https://fbref.com/en/players/74947a21/Ryan-Schofield,31,31,eng ENG,GK,21-092,90,0,0,0,0,0,0,0,,0,0,0,0,0,0,1,0,https://fbref.com/en/players/74947a21/Ryan-Schofield-Ryan Schofield,
