,Player Name,Player Number,Player,#,Nation,Pos,Age,Min,Touches,Def Pen,Def 3rd,Mid 3rd,Att 3rd,Att Pen,Live,Att,Succ,Succ%,Tkld,Tkld%,Carries,TotDist,PrgDist,PrgC,1/3,CPA,Mis,Dis,Rec,PrgR,Player Key,Player Link
0,Isaac Mbenza,https://fbref.com/en/players/aa1a8c7e/Isaac-Mbenza,18,18,be BEL,FW,25-005,51,22,0,0,3,19,3,22,1,0,0.0,1,100.0,12,66,27,1,1,0,0,1,14,7,https://fbref.com/en/players/aa1a8c7e/Isaac-Mbenza-Isaac Mbenza,
1,Duane Holmes,https://fbref.com/en/players/47a050ed/Duane-Holmes,9,9,us USA,FW,26-127,39,25,1,2,9,16,3,25,1,1,100.0,0,0.0,11,141,21,0,1,0,2,0,13,4,https://fbref.com/en/players/47a050ed/Duane-Holmes-Duane Holmes,
2,Fraizer Campbell,https://fbref.com/en/players/81d63375/Fraizer-Campbell,22,22,eng ENG,FW,33-181,66,22,0,2,8,12,1,22,2,0,0.0,2,100.0,6,24,3,1,0,0,3,0,16,6,https://fbref.com/en/players/81d63375/Fraizer-Campbell-Fraizer Campbell,
3,Yaya Sanogo,https://fbref.com/en/players/11ced928/Yaya-Sanogo,55,55,fr FRA,FW,28-045,24,9,0,1,7,1,1,9,0,0,,0,,1,2,1,0,0,0,0,1,5,1,https://fbref.com/en/players/11ced928/Yaya-Sanogo-Yaya Sanogo,
4,Lewis O'Brien,https://fbref.com/en/players/089667a5/Lewis-OBrien,8,8,eng ENG,"AM,CM",22-150,90,47,4,13,18,18,1,47,3,1,33.3,2,66.7,25,232,143,8,6,0,1,0,24,3,https://fbref.com/en/players/089667a5/Lewis-OBrien-Lewis O'Brien,
5,Jonathan Hogg,https://fbref.com/en/players/9306d5ea/Jonathan-Hogg,6,6,eng ENG,CM,32-097,90,33,0,8,23,2,0,33,0,0,,0,,17,91,35,0,0,0,1,0,19,1,https://fbref.com/en/players/9306d5ea/Jonathan-Hogg-Jonathan Hogg,
6,Juninho Bacuna,https://fbref.com/en/players/aaf1bf05/Juninho-Bacuna,7,7,cw CUW,CM,23-218,89,44,0,6,23,15,5,44,0,0,,0,,27,82,33,1,0,1,3,1,33,2,https://fbref.com/en/players/aaf1bf05/Juninho-Bacuna-Juninho Bacuna,
7,Richard Stearman,https://fbref.com/en/players/9a3a436e/Richard-Stearman,12,12,eng ENG,CM,33-206,1,0,0,0,0,0,0,0,0,0,,0,,0,0,0,0,0,0,0,0,0,0,https://fbref.com/en/players/9a3a436e/Richard-Stearman-Richard Stearman,
8,Aaron Rowe,https://fbref.com/en/players/4b6bcb0d/Aaron-Rowe,29,29,eng ENG,WB,20-187,51,25,1,8,11,7,0,25,5,1,20.0,4,80.0,9,51,8,0,0,0,3,0,7,2,https://fbref.com/en/players/4b6bcb0d/Aaron-Rowe-Aaron Rowe,
9,Demeaco Duhaney,https://fbref.com/en/players/5ef608f7/Demeaco-Duhaney,17,17,eng ENG,WB,22-151,39,15,1,5,6,4,1,15,1,1,100.0,0,0.0,6,30,19,1,0,0,1,0,6,3,https://fbref.com/en/players/5ef608f7/Demeaco-Duhaney-Demeaco Duhaney,
10,Pipa,https://fbref.com/en/players/10f1cd17/Pipa,2,2,es ESP,WB,23-046,90,43,4,13,15,16,3,43,2,0,0.0,2,100.0,22,144,96,2,2,1,1,2,20,4,https://fbref.com/en/players/10f1cd17/Pipa-Pipa,
11,Mouhamadou-Naby Sarr,https://fbref.com/en/players/93d62727/Mouhamadou-Naby-Sarr,23,23,fr FRA,CB,27-212,90,58,10,32,23,4,3,58,1,1,100.0,0,0.0,26,141,84,1,1,0,0,0,26,0,https://fbref.com/en/players/93d62727/Mouhamadou-Naby-Sarr-Mouhamadou-Naby Sarr,
12,Richard Keogh,https://fbref.com/en/players/d07b5d5a/Richard-Keogh,15,15,ie IRL,CB,34-214,90,46,7,28,13,6,2,46,0,0,,0,,21,149,65,1,1,0,1,0,17,1,https://fbref.com/en/players/d07b5d5a/Richard-Keogh-Richard Keogh,
13,Rarmani Edmonds-Green,https://fbref.com/en/players/dc43f033/Rarmani-Edmonds-Green,35,35,eng ENG,CB,22-058,90,37,6,16,20,2,1,37,1,1,100.0,0,0.0,15,147,83,3,1,0,2,0,14,0,https://fbref.com/en/players/dc43f033/Rarmani-Edmonds-Green-Rarmani Edmonds-Green,
14,Ryan Schofield,https://fbref.com/en/players/74947a21/Ryan-Schofield,31,31,eng ENG,GK,21-092,90,30,29,29,1,0,0,30,0,0,,0,,11,68,61,0,0,0,0,0,3,0,https://fbref.com/en/players/74947a21/Ryan-Schofield-Ryan Schofield,
