,Player Name,Player Number,Player,#,Nation,Pos,Age,Min,CrdY,CrdR,2CrdY,Fls,Fld,Off,Crs,Int,TklW,PKwon,PKcon,OG,Recov,Won,Lost,Won%,Player Key,Player Link
0,Charlie Austin,https://fbref.com/en/players/8d228291/Charlie-Austin,45,45,eng ENG,FW,31-251,87,0,0,0,0,1,1,3,1,1,0,0,0,1,1,5,16.7,https://fbref.com/en/players/8d228291/Charlie-Austin-Charlie Austin,
1,Macauley Bonne,https://fbref.com/en/players/9ca8b21c/Macauley-Bonne,7,7,zw ZIM,FW,25-138,3,0,0,0,0,0,0,0,0,0,0,0,0,0,0,0,,https://fbref.com/en/players/9ca8b21c/Macauley-Bonne-Macauley Bonne,
2,Chris Willock,https://fbref.com/en/players/be0bd828/Chris-Willock,21,21,eng ENG,AM,23-041,90,0,0,0,1,3,0,2,0,0,0,0,0,2,0,3,0.0,https://fbref.com/en/players/be0bd828/Chris-Willock-Chris Willock,
3,Ilias Chair,https://fbref.com/en/players/ad7873cb/Ilias-Chair,10,10,ma MAR,AM,23-134,75,0,0,0,1,0,0,2,0,1,0,0,0,6,0,2,0.0,https://fbref.com/en/players/ad7873cb/Ilias-Chair-Ilias Chair,
4,Lyndon Dykes,https://fbref.com/en/players/cd92357a/Lyndon-Dykes,9,9,sct SCO,AM,25-157,15,0,0,0,0,0,0,0,0,0,0,0,0,2,2,0,100.0,https://fbref.com/en/players/cd92357a/Lyndon-Dykes-Lyndon Dykes,
5,Stefan Johansen,https://fbref.com/en/players/a48da055/Stefan-Johansen,14,14,no NOR,CM,30-064,90,1,0,0,2,0,0,4,1,0,0,0,0,5,0,0,,https://fbref.com/en/players/a48da055/Stefan-Johansen-Stefan Johansen,
6,Sam Field,https://fbref.com/en/players/bd8a7d05/Sam-Field,15,15,eng ENG,CM,22-309,87,0,0,0,0,2,0,0,1,1,0,0,0,5,3,2,60.0,https://fbref.com/en/players/bd8a7d05/Sam-Field-Sam Field,
7,George Thomas,https://fbref.com/en/players/7ef24097/George-Thomas,19,19,wls WAL,CM,23-354,3,0,0,0,0,0,0,0,0,0,0,0,0,0,0,0,,https://fbref.com/en/players/7ef24097/George-Thomas-George Thomas,
8,Lee Wallace,https://fbref.com/en/players/c3a396e2/Lee-Wallace,3,3,sct SCO,WB,33-224,90,0,0,0,1,0,0,2,2,2,0,0,0,2,1,2,33.3,https://fbref.com/en/players/c3a396e2/Lee-Wallace-Lee Wallace,
9,Todd Kane,https://fbref.com/en/players/dd082c59/Todd-Kane,2,2,eng ENG,WB,27-177,75,0,0,0,1,0,0,5,0,0,0,0,0,2,2,0,100.0,https://fbref.com/en/players/dd082c59/Todd-Kane-Todd Kane,
10,Albert Adomah,https://fbref.com/en/players/c7174e81/Albert-Adomah,37,37,gh GHA,WB,33-090,15,0,0,0,0,0,0,2,0,0,0,0,0,0,0,1,0.0,https://fbref.com/en/players/c7174e81/Albert-Adomah-Albert Adomah,
11,Yoann Barbet,https://fbref.com/en/players/c52bbd2c/Yoann-Barbet,6,6,fr FRA,CB,27-307,90,0,0,0,0,0,0,1,1,1,0,0,0,4,3,7,30.0,https://fbref.com/en/players/c52bbd2c/Yoann-Barbet-Yoann Barbet,
12,Robert Dickie,https://fbref.com/en/players/c7dfc411/Robert-Dickie,4,4,eng ENG,CB,25-010,90,0,0,0,1,2,0,0,1,1,0,0,0,14,6,1,85.7,https://fbref.com/en/players/c7dfc411/Robert-Dickie-Robert Dickie,
13,Osman Kakay,https://fbref.com/en/players/0aed0751/Osman-Kakay,24,24,sl SLE,CB,23-200,90,0,0,0,0,0,0,2,0,0,0,0,0,4,1,0,100.0,https://fbref.com/en/players/0aed0751/Osman-Kakay-Osman Kakay,
14,Seny Dieng,https://fbref.com/en/players/c135cddd/Seny-Dieng,13,13,sn SEN,GK,26-110,90,0,0,0,0,0,0,0,0,0,0,0,0,0,0,0,,https://fbref.com/en/players/c135cddd/Seny-Dieng-Seny Dieng,
