,Player Name,Player Number,Player,#,Nation,Pos,Age,Min,Gls,Ast,PK,PKatt,Sh,SoT,CrdY,CrdR,Touches,Tkl,Int,Blocks,xG,npxG,xAG,SCA,GCA,Cmp,Att,Cmp%,PrgP,Carries,PrgC,Att,Succ,Player Key,Player Link
0,Charlie Austin,https://fbref.com/en/players/8d228291/Charlie-Austin,45,45,eng ENG,FW,31-251,87,0,0,0,0,0,0,0,0,43,2,1,0,0.0,0.0,0.0,0,0,19,33,57.6,5,28,2,0,0,https://fbref.com/en/players/8d228291/Charlie-Austin-Charlie Austin,
1,Macauley Bonne,https://fbref.com/en/players/9ca8b21c/Macauley-Bonne,7,7,zw ZIM,FW,25-138,3,0,0,0,0,0,0,0,0,2,0,0,0,0.0,0.0,0.0,1,0,2,2,100.0,0,2,0,0,0,https://fbref.com/en/players/9ca8b21c/Macauley-Bonne-Macauley Bonne,
2,Chris Willock,https://fbref.com/en/players/be0bd828/Chris-Willock,21,21,eng ENG,AM,23-041,90,0,0,0,0,1,0,0,0,61,0,0,0,0.0,0.0,0.0,2,0,48,55,87.3,7,49,3,1,0,https://fbref.com/en/players/be0bd828/Chris-Willock-Chris Willock,
3,Ilias Chair,https://fbref.com/en/players/ad7873cb/Ilias-Chair,10,10,ma MAR,AM,23-134,75,0,0,0,0,0,0,0,0,54,3,0,2,0.0,0.0,0.6,2,0,39,46,84.8,11,38,3,0,0,https://fbref.com/en/players/ad7873cb/Ilias-Chair-Ilias Chair,
4,Lyndon Dykes,https://fbref.com/en/players/cd92357a/Lyndon-Dykes,9,9,sct SCO,AM,25-157,15,0,0,0,0,0,0,0,0,11,0,0,0,0.0,0.0,0.0,1,0,5,9,55.6,0,7,0,0,0,https://fbref.com/en/players/cd92357a/Lyndon-Dykes-Lyndon Dykes,
5,Stefan Johansen,https://fbref.com/en/players/a48da055/Stefan-Johansen,14,14,no NOR,CM,30-064,90,0,0,0,0,0,0,1,0,93,0,1,0,0.0,0.0,0.0,1,0,75,89,84.3,4,68,0,1,1,https://fbref.com/en/players/a48da055/Stefan-Johansen-Stefan Johansen,
6,Sam Field,https://fbref.com/en/players/bd8a7d05/Sam-Field,15,15,eng ENG,CM,22-309,87,0,0,0,0,0,0,0,0,72,2,1,3,0.0,0.0,0.0,0,0,43,59,72.9,5,40,1,1,1,https://fbref.com/en/players/bd8a7d05/Sam-Field-Sam Field,
7,George Thomas,https://fbref.com/en/players/7ef24097/George-Thomas,19,19,wls WAL,CM,23-354,3,0,0,0,0,0,0,0,0,8,0,0,1,0.0,0.0,0.0,0,0,4,5,80.0,0,5,0,0,0,https://fbref.com/en/players/7ef24097/George-Thomas-George Thomas,
8,Lee Wallace,https://fbref.com/en/players/c3a396e2/Lee-Wallace,3,3,sct SCO,WB,33-224,90,0,0,0,0,0,0,0,0,57,2,2,0,0.0,0.0,0.0,0,0,33,44,75.0,3,19,0,1,1,https://fbref.com/en/players/c3a396e2/Lee-Wallace-Lee Wallace,
9,Todd Kane,https://fbref.com/en/players/dd082c59/Todd-Kane,2,2,eng ENG,WB,27-177,75,0,0,0,0,1,1,0,0,55,2,0,0,0.6,0.6,0.0,0,0,37,50,74.0,5,31,1,0,0,https://fbref.com/en/players/dd082c59/Todd-Kane-Todd Kane,
10,Albert Adomah,https://fbref.com/en/players/c7174e81/Albert-Adomah,37,37,gh GHA,WB,33-090,15,0,0,0,0,0,0,0,0,13,0,0,0,0.0,0.0,0.0,0,0,10,13,76.9,0,10,1,0,0,https://fbref.com/en/players/c7174e81/Albert-Adomah-Albert Adomah,
11,Yoann Barbet,https://fbref.com/en/players/c52bbd2c/Yoann-Barbet,6,6,fr FRA,CB,27-307,90,0,0,0,0,0,0,0,0,88,3,1,1,0.0,0.0,0.0,0,0,62,72,86.1,1,50,3,1,0,https://fbref.com/en/players/c52bbd2c/Yoann-Barbet-Yoann Barbet,
12,Robert Dickie,https://fbref.com/en/players/c7dfc411/Robert-Dickie,4,4,eng ENG,CB,25-010,90,0,0,0,0,2,1,0,0,97,2,1,0,0.1,0.1,0.0,0,0,73,87,83.9,3,66,1,1,1,https://fbref.com/en/players/c7dfc411/Robert-Dickie-Robert Dickie,
13,Osman Kakay,https://fbref.com/en/players/0aed0751/Osman-Kakay,24,24,sl SLE,CB,23-200,90,0,0,0,0,0,0,0,0,62,0,0,0,0.0,0.0,0.0,0,0,45,55,81.8,4,45,2,3,3,https://fbref.com/en/players/0aed0751/Osman-Kakay-Osman Kakay,
14,Seny Dieng,https://fbref.com/en/players/c135cddd/Seny-Dieng,13,13,sn SEN,GK,26-110,90,0,0,0,0,0,0,0,0,40,0,0,0,0.0,0.0,0.0,1,0,32,38,84.2,0,19,0,0,0,https://fbref.com/en/players/c135cddd/Seny-Dieng-Seny Dieng,
