,Player Name,Player Number,Player,#,Nation,Pos,Age,Min,Touches,Def Pen,Def 3rd,Mid 3rd,Att 3rd,Att Pen,Live,Att,Succ,Succ%,Tkld,Tkld%,Carries,TotDist,PrgDist,PrgC,1/3,CPA,Mis,Dis,Rec,PrgR,Player Key,Player Link
0,Charlie Austin,https://fbref.com/en/players/8d228291/Charlie-Austin,45,45,eng ENG,FW,31-251,87,43,2,4,19,20,6,43,0,0,,0,,28,97,43,2,2,2,6,2,33,6,https://fbref.com/en/players/8d228291/Charlie-Austin-Charlie Austin,
1,Macauley Bonne,https://fbref.com/en/players/9ca8b21c/Macauley-Bonne,7,7,zw ZIM,FW,25-138,3,2,0,0,1,1,0,2,0,0,,0,,2,4,0,0,0,0,0,1,2,0,https://fbref.com/en/players/9ca8b21c/Macauley-Bonne-Macauley Bonne,
2,Chris Willock,https://fbref.com/en/players/be0bd828/Chris-Willock,21,21,eng ENG,AM,23-041,90,61,0,0,29,33,3,61,1,0,0.0,1,100.0,49,228,81,3,1,2,2,1,57,10,https://fbref.com/en/players/be0bd828/Chris-Willock-Chris Willock,
3,Ilias Chair,https://fbref.com/en/players/ad7873cb/Ilias-Chair,10,10,ma MAR,AM,23-134,75,54,1,7,23,25,4,54,0,0,,0,,38,199,104,3,1,1,3,0,37,7,https://fbref.com/en/players/ad7873cb/Ilias-Chair-Ilias Chair,
4,Lyndon Dykes,https://fbref.com/en/players/cd92357a/Lyndon-Dykes,9,9,sct SCO,AM,25-157,15,11,0,0,8,3,0,11,0,0,,0,,7,43,1,0,0,0,2,0,10,1,https://fbref.com/en/players/cd92357a/Lyndon-Dykes-Lyndon Dykes,
5,Stefan Johansen,https://fbref.com/en/players/a48da055/Stefan-Johansen,14,14,no NOR,CM,30-064,90,93,2,18,42,33,2,93,1,1,100.0,0,0.0,68,225,71,0,2,0,3,0,74,4,https://fbref.com/en/players/a48da055/Stefan-Johansen-Stefan Johansen,
6,Sam Field,https://fbref.com/en/players/bd8a7d05/Sam-Field,15,15,eng ENG,CM,22-309,87,72,3,17,52,4,1,72,1,1,100.0,0,0.0,40,158,73,1,0,0,2,1,47,0,https://fbref.com/en/players/bd8a7d05/Sam-Field-Sam Field,
7,George Thomas,https://fbref.com/en/players/7ef24097/George-Thomas,19,19,wls WAL,CM,23-354,3,8,1,1,2,5,0,8,0,0,,0,,5,20,0,0,0,0,1,0,5,0,https://fbref.com/en/players/7ef24097/George-Thomas-George Thomas,
8,Lee Wallace,https://fbref.com/en/players/c3a396e2/Lee-Wallace,3,3,sct SCO,WB,33-224,90,57,2,11,24,22,0,57,1,1,100.0,0,0.0,19,90,50,0,1,0,2,0,22,5,https://fbref.com/en/players/c3a396e2/Lee-Wallace-Lee Wallace,
9,Todd Kane,https://fbref.com/en/players/dd082c59/Todd-Kane,2,2,eng ENG,WB,27-177,75,55,2,9,24,22,1,55,0,0,,0,,31,81,35,1,0,0,1,0,38,9,https://fbref.com/en/players/dd082c59/Todd-Kane-Todd Kane,
10,Albert Adomah,https://fbref.com/en/players/c7174e81/Albert-Adomah,37,37,gh GHA,WB,33-090,15,13,0,2,5,6,0,13,0,0,,0,,10,72,22,1,0,0,0,0,12,5,https://fbref.com/en/players/c7174e81/Albert-Adomah-Albert Adomah,
11,Yoann Barbet,https://fbref.com/en/players/c52bbd2c/Yoann-Barbet,6,6,fr FRA,CB,27-307,90,88,7,38,41,11,0,88,1,0,0.0,1,100.0,50,229,145,3,3,0,4,0,57,0,https://fbref.com/en/players/c52bbd2c/Yoann-Barbet-Yoann Barbet,
12,Robert Dickie,https://fbref.com/en/players/c7dfc411/Robert-Dickie,4,4,eng ENG,CB,25-010,90,97,11,57,39,2,1,97,1,1,100.0,0,0.0,66,413,308,1,0,0,2,0,62,0,https://fbref.com/en/players/c7dfc411/Robert-Dickie-Robert Dickie,
13,Osman Kakay,https://fbref.com/en/players/0aed0751/Osman-Kakay,24,24,sl SLE,CB,23-200,90,62,4,20,36,9,0,62,3,3,100.0,0,0.0,45,211,111,2,1,0,0,0,50,1,https://fbref.com/en/players/0aed0751/Osman-Kakay-Osman Kakay,
14,Seny Dieng,https://fbref.com/en/players/c135cddd/Seny-Dieng,13,13,sn SEN,GK,26-110,90,40,36,40,0,0,0,40,0,0,,0,,19,53,24,0,0,0,0,0,16,0,https://fbref.com/en/players/c135cddd/Seny-Dieng-Seny Dieng,
