,Player Name,Player Number,Player,#,Nation,Pos,Age,Min,Att,Live,Dead,FK,TB,Sw,Crs,TI,CK,In,Out,Str,Cmp,Off,Blocks,Player Key,Player Link
0,Charlie Austin,https://fbref.com/en/players/8d228291/Charlie-Austin,45,45,eng ENG,FW,31-251,87,33,32,1,0,0,1,3,1,0,0,0,0,19,0,0,https://fbref.com/en/players/8d228291/Charlie-Austin-Charlie Austin,
1,Macauley Bonne,https://fbref.com/en/players/9ca8b21c/Macauley-Bonne,7,7,zw ZIM,FW,25-138,3,2,2,0,0,0,0,0,0,0,0,0,0,2,0,0,https://fbref.com/en/players/9ca8b21c/Macauley-Bonne-Macauley Bonne,
2,Chris Willock,https://fbref.com/en/players/be0bd828/Chris-Willock,21,21,eng ENG,AM,23-041,90,55,55,0,0,0,0,2,0,0,0,0,0,48,0,0,https://fbref.com/en/players/be0bd828/Chris-Willock-Chris Willock,
3,Ilias Chair,https://fbref.com/en/players/ad7873cb/Ilias-Chair,10,10,ma MAR,AM,23-134,75,46,41,5,2,0,1,2,0,1,0,0,0,39,0,1,https://fbref.com/en/players/ad7873cb/Ilias-Chair-Ilias Chair,
4,Lyndon Dykes,https://fbref.com/en/players/cd92357a/Lyndon-Dykes,9,9,sct SCO,AM,25-157,15,9,9,0,0,0,0,0,0,0,0,0,0,5,0,0,https://fbref.com/en/players/cd92357a/Lyndon-Dykes-Lyndon Dykes,
5,Stefan Johansen,https://fbref.com/en/players/a48da055/Stefan-Johansen,14,14,no NOR,CM,30-064,90,89,82,7,2,0,2,4,2,3,1,1,0,75,0,0,https://fbref.com/en/players/a48da055/Stefan-Johansen-Stefan Johansen,
6,Sam Field,https://fbref.com/en/players/bd8a7d05/Sam-Field,15,15,eng ENG,CM,22-309,87,59,59,0,0,0,1,0,0,0,0,0,0,43,0,2,https://fbref.com/en/players/bd8a7d05/Sam-Field-Sam Field,
7,George Thomas,https://fbref.com/en/players/7ef24097/George-Thomas,19,19,wls WAL,CM,23-354,3,5,5,0,0,0,0,0,0,0,0,0,0,4,0,0,https://fbref.com/en/players/7ef24097/George-Thomas-George Thomas,
8,Lee Wallace,https://fbref.com/en/players/c3a396e2/Lee-Wallace,3,3,sct SCO,WB,33-224,90,44,27,17,0,0,0,2,17,0,0,0,0,33,0,1,https://fbref.com/en/players/c3a396e2/Lee-Wallace-Lee Wallace,
9,Todd Kane,https://fbref.com/en/players/dd082c59/Todd-Kane,2,2,eng ENG,WB,27-177,75,50,40,9,1,0,0,5,8,0,0,0,0,37,1,1,https://fbref.com/en/players/dd082c59/Todd-Kane-Todd Kane,
10,Albert Adomah,https://fbref.com/en/players/c7174e81/Albert-Adomah,37,37,gh GHA,WB,33-090,15,13,12,1,0,0,0,2,0,1,0,0,0,10,0,0,https://fbref.com/en/players/c7174e81/Albert-Adomah-Albert Adomah,
11,Yoann Barbet,https://fbref.com/en/players/c52bbd2c/Yoann-Barbet,6,6,fr FRA,CB,27-307,90,72,71,1,1,0,0,1,0,0,0,0,0,62,0,2,https://fbref.com/en/players/c52bbd2c/Yoann-Barbet-Yoann Barbet,
12,Robert Dickie,https://fbref.com/en/players/c7dfc411/Robert-Dickie,4,4,eng ENG,CB,25-010,90,87,85,2,2,0,0,0,0,0,0,0,0,73,0,0,https://fbref.com/en/players/c7dfc411/Robert-Dickie-Robert Dickie,
13,Osman Kakay,https://fbref.com/en/players/0aed0751/Osman-Kakay,24,24,sl SLE,CB,23-200,90,55,54,1,0,1,0,2,1,0,0,0,0,45,0,2,https://fbref.com/en/players/0aed0751/Osman-Kakay-Osman Kakay,
14,Seny Dieng,https://fbref.com/en/players/c135cddd/Seny-Dieng,13,13,sn SEN,GK,26-110,90,38,24,14,2,0,0,0,0,0,0,0,0,32,0,0,https://fbref.com/en/players/c135cddd/Seny-Dieng-Seny Dieng,
