,Minute,Player,Squad,xG,PSxG,Outcome,Distance,Body Part,Notes,SCA 1 Player,SCA 1 Event,SCA 2 Player,SCA 2 Event
0,3,Lewis O'Brien,Huddersfield,0.03,0.33,Saved,29,Right Foot,,Jonathan Hogg,Pass (Live),Isaac Mbenza,Pass (Live)
1,4,Isaac Mbenza,Huddersfield,0.03,,Off Target,25,Right Foot,,Pipa,Pass (Live),Fraizer Campbell,Pass (Live)
2,7,Mouhamadou-Naby Sarr,Huddersfield,0.08,,Off Target,10,Head,,Isaac Mbenza,Pass (Live),Juninho Bacuna,Pass (Live)
3,27,Rarmani Edmonds-Green,Huddersfield,0.05,,Off Target,12,Head,,Pipa,Pass (Live),Isaac Mbenza,Pass (Dead)
4,29,Richard Keogh,Huddersfield,0.04,,Off Target,13,Head,,Isaac Mbenza,Pass (Dead),,
5,31,Pipa,Huddersfield,0.03,,Off Target,22,Right Foot,,Isaac Mbenza,Pass (Live),Pipa,Pass (Live)
6,35,Todd Kane,QPR,0.60,0.88,Saved,10,Left Foot,,Ilias Chair,Pass (Live),Chris Willock,Pass (Live)
7,36,Juninho Bacuna,Huddersfield,0.05,,Off Target,18,Left Foot,,Richard Keogh,Pass (Live),Lewis O'Brien,Pass (Live)
8,37,Chris Willock,QPR,0.03,,Off Target,24,Right Foot,,Ilias Chair,Pass (Live),Chris Willock,Pass (Live)
9,,,,,,,,,,,,,
10,55,Juninho Bacuna,Huddersfield,0.06,0.08,Goal,18,Right Foot,,Pipa,Pass (Live),Lewis O'Brien,Pass (Live)
11,57,Juninho Bacuna,Huddersfield,0.04,,Off Target,24,Right Foot,,Pipa,Pass (Live),Rarmani Edmonds-Green,Pass (Live)
12,65,Juninho Bacuna,Huddersfield,0.11,,Off Target,21,Right Foot,Free kick,Fraizer Campbell,Fouled,Juninho Bacuna,Pass (Live)
13,70,Duane Holmes,Huddersfield,0.03,0.15,Saved,24,Right Foot,,Lewis O'Brien,Pass (Live),Demeaco Duhaney,Pass (Live)
14,75,Pipa,Huddersfield,0.05,,Off Target,18,Right Foot,,Mouhamadou-Naby Sarr,Pass (Live),Pipa,Pass (Live)
15,80,Robert Dickie,QPR,0.04,,Blocked,9,Head,,Stefan Johansen,Pass (Dead),Seny Dieng,Pass (Live)
16,90+3,Yaya Sanogo,Huddersfield,0.76,,Off Target,3,Right Foot,Volley,Lewis O'Brien,Pass (Live),Pipa,Pass (Live)
17,90+7,Robert Dickie,QPR,0.03,0.13,Saved,32,Right Foot,Volley,Macauley Bonne,Pass (Live),Lyndon Dykes,Pass (Live)
