,Player Name,Player Number,Player,#,Nation,Pos,Age,Min,Touches,Def Pen,Def 3rd,Mid 3rd,Att 3rd,Att Pen,Live,Att,Succ,Succ%,Tkld,Tkld%,Carries,TotDist,PrgDist,PrgC,1/3,CPA,Mis,Dis,Rec,PrgR,Player Key,Player Link
0,Lyndon Dykes,https://fbref.com/en/players/cd92357a/Lyndon-Dykes,9,9,sct SCO,FW,25-188,90,43,2,4,28,11,2,43,2,2,100.0,0,0.0,20,75,23,1,0,0,4,1,32,4,https://fbref.com/en/players/cd92357a/Lyndon-Dykes-Lyndon Dykes,
1,Charlie Kelman,https://fbref.com/en/players/d7cf39b1/Charlie-Kelman,29,29,us USA,FW,19-162,66,24,0,1,16,7,1,24,0,0,,0,,13,50,30,2,0,1,1,2,20,5,https://fbref.com/en/players/d7cf39b1/Charlie-Kelman-Charlie Kelman,
2,Macauley Bonne,https://fbref.com/en/players/9ca8b21c/Macauley-Bonne,7,7,zw ZIM,FW,25-169,24,11,0,4,4,3,1,11,0,0,,0,,9,35,19,1,0,0,0,0,9,1,https://fbref.com/en/players/9ca8b21c/Macauley-Bonne-Macauley Bonne,
3,George Thomas,https://fbref.com/en/players/7ef24097/George-Thomas,19,19,wls WAL,AM,24-020,79,42,1,6,24,12,1,42,1,0,0.0,1,100.0,22,125,44,1,1,0,0,1,31,2,https://fbref.com/en/players/7ef24097/George-Thomas-George Thomas,
4,Chris Willock,https://fbref.com/en/players/be0bd828/Chris-Willock,21,21,eng ENG,AM,23-072,11,12,0,0,9,3,0,12,0,0,,0,,9,120,67,3,1,0,0,0,12,0,https://fbref.com/en/players/be0bd828/Chris-Willock-Chris Willock,
5,Stefan Johansen,https://fbref.com/en/players/a48da055/Stefan-Johansen,14,14,no NOR,CM,30-095,90,63,1,17,37,9,0,63,0,0,,0,,30,100,35,0,0,0,0,1,38,1,https://fbref.com/en/players/a48da055/Stefan-Johansen-Stefan Johansen,
6,Sam Field,https://fbref.com/en/players/bd8a7d05/Sam-Field,15,15,eng ENG,CM,22-340,79,42,2,14,26,2,1,42,0,0,,0,,14,54,19,0,0,0,0,1,21,0,https://fbref.com/en/players/bd8a7d05/Sam-Field-Sam Field,
7,Ilias Chair,https://fbref.com/en/players/ad7873cb/Ilias-Chair,10,10,ma MAR,CM,23-165,11,6,1,1,3,2,0,6,0,0,,0,,3,18,1,0,0,0,0,0,4,1,https://fbref.com/en/players/ad7873cb/Ilias-Chair-Ilias Chair,
8,Niko Hämäläinen,https://fbref.com/en/players/4435db1e/Niko-Hamalainen,25,25,fi FIN,WB,24-039,90,48,1,20,20,8,1,48,1,0,0.0,1,100.0,17,46,19,0,1,0,0,0,23,2,https://fbref.com/en/players/4435db1e/Niko-Hamalainen-Niko Hämäläinen,
9,Osman Kakay,https://fbref.com/en/players/0aed0751/Osman-Kakay,24,24,sl SLE,"CB,WB",23-231,90,72,2,28,38,7,0,72,2,1,50.0,1,50.0,38,171,110,2,1,0,2,0,48,1,https://fbref.com/en/players/0aed0751/Osman-Kakay-Osman Kakay,
10,Yoann Barbet,https://fbref.com/en/players/c52bbd2c/Yoann-Barbet,6,6,fr FRA,CB,27-338,90,75,7,42,29,5,0,75,4,3,75.0,1,25.0,38,178,110,1,2,0,0,0,48,1,https://fbref.com/en/players/c52bbd2c/Yoann-Barbet-Yoann Barbet,
11,Jordy de Wijs,https://fbref.com/en/players/3bb5b5d2/Jordy-de-Wijs,5,5,nl NED,CB,26-095,45,41,4,27,12,2,1,41,0,0,,0,,21,115,63,0,0,0,0,0,26,1,https://fbref.com/en/players/3bb5b5d2/Jordy-de-Wijs-Jordy de Wijs,
12,Todd Kane,https://fbref.com/en/players/dd082c59/Todd-Kane,2,2,eng ENG,WB,27-208,45,24,2,9,11,4,0,24,0,0,,0,,10,30,7,0,0,0,1,0,16,4,https://fbref.com/en/players/dd082c59/Todd-Kane-Todd Kane,
13,Robert Dickie,https://fbref.com/en/players/c7dfc411/Robert-Dickie,4,4,eng ENG,CB,25-041,90,80,13,52,26,2,1,80,0,0,,0,,44,234,158,0,0,0,2,0,55,0,https://fbref.com/en/players/c7dfc411/Robert-Dickie-Robert Dickie,
14,Seny Dieng,https://fbref.com/en/players/c135cddd/Seny-Dieng,13,13,sn SEN,GK,26-141,90,52,48,51,1,0,0,52,0,0,,0,,30,148,102,0,0,0,0,0,23,0,https://fbref.com/en/players/c135cddd/Seny-Dieng-Seny Dieng,
