,Player Name,Player Number,Player,#,Nation,Pos,Age,Min,Gls,Ast,PK,PKatt,Sh,SoT,CrdY,CrdR,Touches,Tkl,Int,Blocks,xG,npxG,xAG,SCA,GCA,Cmp,Att,Cmp%,PrgP,Carries,PrgC,Att,Succ,Player Key,Player Link
0,Lyndon Dykes,https://fbref.com/en/players/cd92357a/Lyndon-Dykes,9,9,sct SCO,FW,25-188,90,1,0,0,0,1,1,0,0,43,1,0,0,0.3,0.3,0.1,2,0,15,31,48.4,1,20,1,2,2,https://fbref.com/en/players/cd92357a/Lyndon-Dykes-Lyndon Dykes,
1,Charlie Kelman,https://fbref.com/en/players/d7cf39b1/Charlie-Kelman,29,29,us USA,FW,19-162,66,0,0,0,0,2,1,0,0,24,0,0,0,0.1,0.1,0.0,1,0,13,18,72.2,0,13,2,0,0,https://fbref.com/en/players/d7cf39b1/Charlie-Kelman-Charlie Kelman,
2,Macauley Bonne,https://fbref.com/en/players/9ca8b21c/Macauley-Bonne,7,7,zw ZIM,FW,25-169,24,0,0,0,0,1,0,0,0,11,1,0,0,0.0,0.0,0.0,0,0,5,7,71.4,0,9,1,0,0,https://fbref.com/en/players/9ca8b21c/Macauley-Bonne-Macauley Bonne,
3,George Thomas,https://fbref.com/en/players/7ef24097/George-Thomas,19,19,wls WAL,AM,24-020,79,0,0,0,0,3,0,0,0,42,0,2,0,0.1,0.1,0.1,3,0,25,36,69.4,0,22,1,1,0,https://fbref.com/en/players/7ef24097/George-Thomas-George Thomas,
4,Chris Willock,https://fbref.com/en/players/be0bd828/Chris-Willock,21,21,eng ENG,AM,23-072,11,0,0,0,0,0,0,0,0,12,0,0,0,0.0,0.0,0.0,1,0,12,12,100.0,2,9,3,0,0,https://fbref.com/en/players/be0bd828/Chris-Willock-Chris Willock,
5,Stefan Johansen,https://fbref.com/en/players/a48da055/Stefan-Johansen,14,14,no NOR,CM,30-095,90,0,0,0,0,0,0,0,0,63,0,2,1,0.0,0.0,0.1,3,0,49,59,83.1,2,30,0,0,0,https://fbref.com/en/players/a48da055/Stefan-Johansen-Stefan Johansen,
6,Sam Field,https://fbref.com/en/players/bd8a7d05/Sam-Field,15,15,eng ENG,CM,22-340,79,0,0,0,0,1,0,0,0,42,3,1,1,0.0,0.0,0.0,1,0,28,34,82.4,3,14,0,0,0,https://fbref.com/en/players/bd8a7d05/Sam-Field-Sam Field,
7,Ilias Chair,https://fbref.com/en/players/ad7873cb/Ilias-Chair,10,10,ma MAR,CM,23-165,11,0,0,0,0,0,0,0,0,6,0,0,1,0.0,0.0,0.0,0,0,5,5,100.0,1,3,0,0,0,https://fbref.com/en/players/ad7873cb/Ilias-Chair-Ilias Chair,
8,Niko Hämäläinen,https://fbref.com/en/players/4435db1e/Niko-Hamalainen,25,25,fi FIN,WB,24-039,90,0,0,0,0,0,0,0,0,48,3,0,1,0.0,0.0,0.0,2,0,24,39,61.5,3,17,0,1,0,https://fbref.com/en/players/4435db1e/Niko-Hamalainen-Niko Hämäläinen,
9,Osman Kakay,https://fbref.com/en/players/0aed0751/Osman-Kakay,24,24,sl SLE,"CB,WB",23-231,90,0,1,0,0,1,1,0,0,72,0,2,0,0.0,0.0,0.3,2,2,48,61,78.7,3,38,2,2,1,https://fbref.com/en/players/0aed0751/Osman-Kakay-Osman Kakay,
10,Yoann Barbet,https://fbref.com/en/players/c52bbd2c/Yoann-Barbet,6,6,fr FRA,CB,27-338,90,0,0,0,0,2,0,0,0,75,0,7,0,0.1,0.1,0.1,3,0,44,58,75.9,5,38,1,4,3,https://fbref.com/en/players/c52bbd2c/Yoann-Barbet-Yoann Barbet,
11,Jordy de Wijs,https://fbref.com/en/players/3bb5b5d2/Jordy-de-Wijs,5,5,nl NED,CB,26-095,45,0,0,0,0,1,0,0,0,41,0,1,0,0.0,0.0,0.0,1,0,27,38,71.1,0,21,0,0,0,https://fbref.com/en/players/3bb5b5d2/Jordy-de-Wijs-Jordy de Wijs,
12,Todd Kane,https://fbref.com/en/players/dd082c59/Todd-Kane,2,2,eng ENG,WB,27-208,45,0,0,0,0,0,0,0,0,24,0,2,0,0.0,0.0,0.0,0,0,17,21,81.0,1,10,0,0,0,https://fbref.com/en/players/dd082c59/Todd-Kane-Todd Kane,
13,Robert Dickie,https://fbref.com/en/players/c7dfc411/Robert-Dickie,4,4,eng ENG,CB,25-041,90,0,0,0,0,0,0,0,0,80,0,2,0,0.0,0.0,0.0,1,0,62,70,88.6,2,44,0,0,0,https://fbref.com/en/players/c7dfc411/Robert-Dickie-Robert Dickie,
14,Seny Dieng,https://fbref.com/en/players/c135cddd/Seny-Dieng,13,13,sn SEN,GK,26-141,90,0,0,0,0,0,0,0,0,52,0,0,0,0.0,0.0,0.0,0,0,33,52,63.5,0,30,0,0,0,https://fbref.com/en/players/c135cddd/Seny-Dieng-Seny Dieng,
