,Player Name,Player Number,Player,#,Nation,Pos,Age,Min,CrdY,CrdR,2CrdY,Fls,Fld,Off,Crs,Int,TklW,PKwon,PKcon,OG,Recov,Won,Lost,Won%,Player Key,Player Link
0,Freddie Ladapo,https://fbref.com/en/players/da2b8db3/Freddie-Ladapo,10,10,eng ENG,FW,28-071,80,0,0,0,1,2,1,0,0,0,0,0,0,3,2,6,25.0,https://fbref.com/en/players/da2b8db3/Freddie-Ladapo-Freddie Ladapo,
1,Kieran Sadlier,https://fbref.com/en/players/a2c16128/Kieran-Sadlier,17,17,ie IRL,FW,26-211,10,0,0,0,0,2,0,0,0,1,0,0,0,3,0,0,,https://fbref.com/en/players/a2c16128/Kieran-Sadlier-Kieran Sadlier,
2,Matt Crooks,https://fbref.com/en/players/43f5d4e6/Matt-Crooks,25,25,eng ENG,FW,27-083,58,0,0,0,0,0,1,0,0,0,0,0,0,2,7,6,53.8,https://fbref.com/en/players/43f5d4e6/Matt-Crooks-Matt Crooks,
3,Michael Smith,https://fbref.com/en/players/b93da142/Michael-Smith,24,24,eng ENG,FW,29-178,32,1,0,0,1,0,1,2,0,0,0,0,0,0,5,3,62.5,https://fbref.com/en/players/b93da142/Michael-Smith-Michael Smith,
4,Ben Wiles,https://fbref.com/en/players/6be47912/Ben-Wiles,8,8,eng ENG,DM,21-361,58,0,0,0,0,3,0,0,2,2,0,0,0,3,0,0,,https://fbref.com/en/players/6be47912/Ben-Wiles-Ben Wiles,
5,Jamie Lindsay,https://fbref.com/en/players/e36e218a/Jamie-Lindsay,16,16,sct SCO,DM,25-184,32,0,0,0,0,0,0,0,1,0,0,0,0,2,2,0,100.0,https://fbref.com/en/players/e36e218a/Jamie-Lindsay-Jamie Lindsay,
6,Shaun MacDonald,https://fbref.com/en/players/fdcff59c/Shaun-MacDonald,4,4,wls WAL,DM,32-300,58,1,0,0,3,0,0,0,0,0,0,0,0,5,3,3,50.0,https://fbref.com/en/players/fdcff59c/Shaun-MacDonald-Shaun MacDonald,
7,Lewis Wing,https://fbref.com/en/players/c2cba4c3/Lewis-Wing,5,5,eng ENG,DM,25-325,32,0,0,0,0,0,0,5,2,0,0,0,0,2,0,0,,https://fbref.com/en/players/c2cba4c3/Lewis-Wing-Lewis Wing,
8,Daniel Barlaser,https://fbref.com/en/players/91ea9f40/Daniel-Barlaser,26,26,tr TUR,DM,24-085,90,0,0,0,0,0,0,5,1,1,0,0,0,6,1,0,100.0,https://fbref.com/en/players/91ea9f40/Daniel-Barlaser-Daniel Barlaser,
9,Ryan John Giles,https://fbref.com/en/players/73b1d65b/Ryan-John-Giles,30,30,eng ENG,WB,21-077,90,0,0,0,0,0,0,9,4,0,0,0,0,9,1,1,50.0,https://fbref.com/en/players/73b1d65b/Ryan-John-Giles-Ryan John Giles,
10,Matthew Olosunde,https://fbref.com/en/players/e2c439c4/Matthew-Olosunde,22,22,us USA,WB,23-037,45,0,0,0,1,0,0,1,3,1,0,0,0,2,0,1,0.0,https://fbref.com/en/players/e2c439c4/Matthew-Olosunde-Matthew Olosunde,
11,Richard Wood,https://fbref.com/en/players/b6a8cf65/Richard-Wood,6,6,eng ENG,CB,35-282,45,1,0,0,2,2,0,0,1,0,0,0,0,1,2,1,66.7,https://fbref.com/en/players/b6a8cf65/Richard-Wood-Richard Wood,
12,Clark Robertson,https://fbref.com/en/players/3337353c/Clark-Robertson,15,15,sct SCO,CB,27-220,90,0,0,0,1,0,1,0,3,1,0,0,0,6,5,4,55.6,https://fbref.com/en/players/3337353c/Clark-Robertson-Clark Robertson,
13,Angus MacDonald,https://fbref.com/en/players/9ca3f7e4/Angus-MacDonald,21,21,eng ENG,CB,28-180,90,1,0,0,2,0,0,3,1,0,0,0,0,5,6,5,54.5,https://fbref.com/en/players/9ca3f7e4/Angus-MacDonald-Angus MacDonald,
14,Wes Harding,https://fbref.com/en/players/45ac6fe1/Wes-Harding,19,19,jm JAM,"WB,CB",24-175,90,0,0,0,0,0,0,3,3,0,0,0,0,6,3,1,75.0,https://fbref.com/en/players/45ac6fe1/Wes-Harding-Wes Harding,
15,Viktor Johansson,https://fbref.com/en/players/e4a588a7/Viktor-Johansson,1,1,se SWE,GK,22-211,90,0,0,0,0,0,0,0,0,0,0,0,0,1,0,0,,https://fbref.com/en/players/e4a588a7/Viktor-Johansson-Viktor Johansson,
