,Player Name,Player Number,Player,#,Nation,Pos,Age,Min,Touches,Def Pen,Def 3rd,Mid 3rd,Att 3rd,Att Pen,Live,Att,Succ,Succ%,Tkld,Tkld%,Carries,TotDist,PrgDist,PrgC,1/3,CPA,Mis,Dis,Rec,PrgR,Player Key,Player Link
0,Freddie Ladapo,https://fbref.com/en/players/da2b8db3/Freddie-Ladapo,10,10,eng ENG,FW,28-071,80,23,0,0,4,19,8,23,1,0,0.0,1,100.0,12,52,34,2,0,2,1,0,16,8,https://fbref.com/en/players/da2b8db3/Freddie-Ladapo-Freddie Ladapo,
1,Kieran Sadlier,https://fbref.com/en/players/a2c16128/Kieran-Sadlier,17,17,ie IRL,FW,26-211,10,3,0,0,2,2,0,3,2,1,50.0,1,50.0,4,30,8,1,1,0,0,0,4,2,https://fbref.com/en/players/a2c16128/Kieran-Sadlier-Kieran Sadlier,
2,Matt Crooks,https://fbref.com/en/players/43f5d4e6/Matt-Crooks,25,25,eng ENG,FW,27-083,58,28,2,3,11,14,4,28,1,1,100.0,0,0.0,11,91,53,3,2,2,2,1,23,7,https://fbref.com/en/players/43f5d4e6/Matt-Crooks-Matt Crooks,
3,Michael Smith,https://fbref.com/en/players/b93da142/Michael-Smith,24,24,eng ENG,FW,29-178,32,21,0,2,3,17,5,21,1,1,100.0,0,0.0,9,95,61,2,1,2,0,0,18,3,https://fbref.com/en/players/b93da142/Michael-Smith-Michael Smith,
4,Ben Wiles,https://fbref.com/en/players/6be47912/Ben-Wiles,8,8,eng ENG,DM,21-361,58,24,1,3,15,6,1,24,0,0,,0,,13,54,40,1,1,0,0,0,12,3,https://fbref.com/en/players/6be47912/Ben-Wiles-Ben Wiles,
5,Jamie Lindsay,https://fbref.com/en/players/e36e218a/Jamie-Lindsay,16,16,sct SCO,DM,25-184,32,16,0,2,8,7,0,16,0,0,,0,,4,24,12,0,2,0,0,0,11,1,https://fbref.com/en/players/e36e218a/Jamie-Lindsay-Jamie Lindsay,
6,Shaun MacDonald,https://fbref.com/en/players/fdcff59c/Shaun-MacDonald,4,4,wls WAL,DM,32-300,58,19,1,4,13,2,0,19,0,0,,0,,6,19,6,0,0,0,1,0,4,0,https://fbref.com/en/players/fdcff59c/Shaun-MacDonald-Shaun MacDonald,
7,Lewis Wing,https://fbref.com/en/players/c2cba4c3/Lewis-Wing,5,5,eng ENG,DM,25-325,32,25,0,0,9,16,2,25,1,1,100.0,0,0.0,11,42,6,0,1,0,2,1,12,0,https://fbref.com/en/players/c2cba4c3/Lewis-Wing-Lewis Wing,
8,Daniel Barlaser,https://fbref.com/en/players/91ea9f40/Daniel-Barlaser,26,26,tr TUR,DM,24-085,90,41,2,3,17,21,0,41,0,0,,0,,11,69,11,0,1,0,2,1,16,2,https://fbref.com/en/players/91ea9f40/Daniel-Barlaser-Daniel Barlaser,
9,Ryan John Giles,https://fbref.com/en/players/73b1d65b/Ryan-John-Giles,30,30,eng ENG,WB,21-077,90,34,1,6,18,13,0,34,1,1,100.0,0,0.0,18,258,150,6,5,0,2,0,16,2,https://fbref.com/en/players/73b1d65b/Ryan-John-Giles-Ryan John Giles,
10,Matthew Olosunde,https://fbref.com/en/players/e2c439c4/Matthew-Olosunde,22,22,us USA,WB,23-037,45,20,1,4,9,7,1,20,1,0,0.0,1,100.0,7,58,20,2,0,1,0,1,5,1,https://fbref.com/en/players/e2c439c4/Matthew-Olosunde-Matthew Olosunde,
11,Richard Wood,https://fbref.com/en/players/b6a8cf65/Richard-Wood,6,6,eng ENG,CB,35-282,45,12,1,3,8,1,0,12,0,0,,0,,1,7,6,0,0,0,0,0,3,0,https://fbref.com/en/players/b6a8cf65/Richard-Wood-Richard Wood,
12,Clark Robertson,https://fbref.com/en/players/3337353c/Clark-Robertson,15,15,sct SCO,CB,27-220,90,51,3,16,24,11,2,51,0,0,,0,,14,66,39,0,0,0,0,0,17,0,https://fbref.com/en/players/3337353c/Clark-Robertson-Clark Robertson,
13,Angus MacDonald,https://fbref.com/en/players/9ca3f7e4/Angus-MacDonald,21,21,eng ENG,CB,28-180,90,34,4,11,16,7,0,34,1,0,0.0,1,100.0,9,33,13,0,3,0,0,0,11,0,https://fbref.com/en/players/9ca3f7e4/Angus-MacDonald-Angus MacDonald,
14,Wes Harding,https://fbref.com/en/players/45ac6fe1/Wes-Harding,19,19,jm JAM,"WB,CB",24-175,90,52,2,10,29,14,0,52,0,0,,0,,12,61,9,0,0,0,1,0,18,0,https://fbref.com/en/players/45ac6fe1/Wes-Harding-Wes Harding,
15,Viktor Johansson,https://fbref.com/en/players/e4a588a7/Viktor-Johansson,1,1,se SWE,GK,22-211,90,31,24,30,1,0,0,31,0,0,,0,,14,131,91,0,0,0,0,0,5,0,https://fbref.com/en/players/e4a588a7/Viktor-Johansson-Viktor Johansson,
