,Player Name,Player Number,Player,#,Nation,Pos,Age,Min,Gls,Ast,PK,PKatt,Sh,SoT,CrdY,CrdR,Touches,Tkl,Int,Blocks,xG,npxG,xAG,SCA,GCA,Cmp,Att,Cmp%,PrgP,Carries,PrgC,Att,Succ,Player Key,Player Link
0,Freddie Ladapo,https://fbref.com/en/players/da2b8db3/Freddie-Ladapo,10,10,eng ENG,FW,28-071,80,2,0,0,0,4,3,0,0,23,0,0,0,0.9,0.9,0.0,4,0,12,17,70.6,1,12,2,1,0,https://fbref.com/en/players/da2b8db3/Freddie-Ladapo-Freddie Ladapo,
1,Kieran Sadlier,https://fbref.com/en/players/a2c16128/Kieran-Sadlier,17,17,ie IRL,FW,26-211,10,0,0,0,0,0,0,0,0,3,1,0,0,0.0,0.0,0.0,0,0,1,2,50.0,1,4,1,2,1,https://fbref.com/en/players/a2c16128/Kieran-Sadlier-Kieran Sadlier,
2,Matt Crooks,https://fbref.com/en/players/43f5d4e6/Matt-Crooks,25,25,eng ENG,FW,27-083,58,0,0,0,0,2,0,0,0,28,0,0,1,0.4,0.4,0.1,3,0,11,20,55.0,2,11,3,1,1,https://fbref.com/en/players/43f5d4e6/Matt-Crooks-Matt Crooks,
3,Michael Smith,https://fbref.com/en/players/b93da142/Michael-Smith,24,24,eng ENG,FW,29-178,32,1,0,0,0,1,1,1,0,21,0,0,0,0.4,0.4,0.1,3,1,10,19,52.6,0,9,2,1,1,https://fbref.com/en/players/b93da142/Michael-Smith-Michael Smith,
4,Ben Wiles,https://fbref.com/en/players/6be47912/Ben-Wiles,8,8,eng ENG,DM,21-361,58,0,0,0,0,0,0,0,0,24,2,2,0,0.0,0.0,0.0,0,0,12,19,63.2,3,13,1,0,0,https://fbref.com/en/players/6be47912/Ben-Wiles-Ben Wiles,
5,Jamie Lindsay,https://fbref.com/en/players/e36e218a/Jamie-Lindsay,16,16,sct SCO,DM,25-184,32,0,1,0,0,1,0,0,0,16,0,1,0,0.0,0.0,0.4,2,1,11,14,78.6,2,4,0,0,0,https://fbref.com/en/players/e36e218a/Jamie-Lindsay-Jamie Lindsay,
6,Shaun MacDonald,https://fbref.com/en/players/fdcff59c/Shaun-MacDonald,4,4,wls WAL,DM,32-300,58,0,0,0,0,0,0,1,0,19,1,0,1,0.0,0.0,0.0,1,0,13,15,86.7,4,6,0,0,0,https://fbref.com/en/players/fdcff59c/Shaun-MacDonald-Shaun MacDonald,
7,Lewis Wing,https://fbref.com/en/players/c2cba4c3/Lewis-Wing,5,5,eng ENG,DM,25-325,32,0,1,0,0,1,0,0,0,25,0,2,2,0.1,0.1,0.4,3,1,9,18,50.0,1,11,0,1,1,https://fbref.com/en/players/c2cba4c3/Lewis-Wing-Lewis Wing,
8,Daniel Barlaser,https://fbref.com/en/players/91ea9f40/Daniel-Barlaser,26,26,tr TUR,DM,24-085,90,0,0,0,0,2,1,0,0,41,2,1,2,0.1,0.1,0.2,3,0,20,31,64.5,2,11,0,0,0,https://fbref.com/en/players/91ea9f40/Daniel-Barlaser-Daniel Barlaser,
9,Ryan John Giles,https://fbref.com/en/players/73b1d65b/Ryan-John-Giles,30,30,eng ENG,WB,21-077,90,0,0,0,0,0,0,0,0,34,0,4,0,0.0,0.0,0.2,1,0,15,29,51.7,3,18,6,1,1,https://fbref.com/en/players/73b1d65b/Ryan-John-Giles-Ryan John Giles,
10,Matthew Olosunde,https://fbref.com/en/players/e2c439c4/Matthew-Olosunde,22,22,us USA,WB,23-037,45,0,0,0,0,0,0,0,0,20,2,3,4,0.0,0.0,0.0,0,0,4,7,57.1,1,7,2,1,0,https://fbref.com/en/players/e2c439c4/Matthew-Olosunde-Matthew Olosunde,
11,Richard Wood,https://fbref.com/en/players/b6a8cf65/Richard-Wood,6,6,eng ENG,CB,35-282,45,0,0,0,0,0,0,1,0,12,0,1,0,0.0,0.0,0.0,0,0,7,10,70.0,1,1,0,0,0,https://fbref.com/en/players/b6a8cf65/Richard-Wood-Richard Wood,
12,Clark Robertson,https://fbref.com/en/players/3337353c/Clark-Robertson,15,15,sct SCO,CB,27-220,90,0,0,0,0,3,0,0,0,51,2,3,1,0.1,0.1,0.0,2,1,24,40,60.0,3,14,0,0,0,https://fbref.com/en/players/3337353c/Clark-Robertson-Clark Robertson,
13,Angus MacDonald,https://fbref.com/en/players/9ca3f7e4/Angus-MacDonald,21,21,eng ENG,CB,28-180,90,0,0,0,0,0,0,1,0,34,0,1,1,0.0,0.0,0.0,0,0,12,28,42.9,3,9,0,1,0,https://fbref.com/en/players/9ca3f7e4/Angus-MacDonald-Angus MacDonald,
14,Wes Harding,https://fbref.com/en/players/45ac6fe1/Wes-Harding,19,19,jm JAM,"WB,CB",24-175,90,0,1,0,0,0,0,0,0,52,0,3,0,0.0,0.0,0.5,4,1,22,44,50.0,4,12,0,0,0,https://fbref.com/en/players/45ac6fe1/Wes-Harding-Wes Harding,
15,Viktor Johansson,https://fbref.com/en/players/e4a588a7/Viktor-Johansson,1,1,se SWE,GK,22-211,90,0,0,0,0,0,0,0,0,31,0,0,0,0.0,0.0,0.0,0,0,10,28,35.7,0,14,0,0,0,https://fbref.com/en/players/e4a588a7/Viktor-Johansson-Viktor Johansson,
