,Minute,Player,Squad,xG,PSxG,Outcome,Distance,Body Part,Notes,SCA 1 Player,SCA 1 Event,SCA 2 Player,SCA 2 Event
0,7,George Thomas,QPR,0.06,,Off Target,11,Right Foot,Volley,Stefan Johansen,Pass (Dead),George Thomas,Fouled
1,10,Yoann Barbet,QPR,0.04,,Blocked,20,Right Foot,Volley,,,,
2,14,Charlie Kelman,QPR,0.06,,Blocked,17,Right Foot,,George Thomas,Pass (Live),Niko Hämäläinen,Pass (Live)
3,15,George Thomas,QPR,0.04,,Off Target,26,Right Foot,Volley,Charlie Kelman,Shot,,
4,18,George Thomas,QPR,0.03,,Off Target,26,Right Foot,,Stefan Johansen,Pass (Live),George Thomas,Pass (Live)
5,20,Daniel Barlaser,Rotherham Utd,0.04,0.05,Saved,23,Right Foot,,Matt Crooks,Pass (Live),Freddie Ladapo,Pass (Live)
6,29,Matt Crooks,Rotherham Utd,0.10,,Off Target,9,Left Foot,,Matt Crooks,Take-On,Daniel Barlaser,Pass (Live)
7,30,Sam Field,QPR,0.03,,Off Target,18,Head,,Stefan Johansen,Pass (Dead),,
8,35,Charlie Kelman,QPR,0.03,0.30,Saved,33,Right Foot,,Yoann Barbet,Pass (Live),Jordy de Wijs,Pass (Live)
9,36,Matt Crooks,Rotherham Utd,0.25,,Off Target,4,Head,,Ryan John Giles,Pass (Live),Freddie Ladapo,Pass (Live)
10,44,Osman Kakay,QPR,0.03,0.21,Saved,26,Left Foot,,Lyndon Dykes,Pass (Live),Sam Field,Pass (Live)
11,45,Jordy de Wijs,QPR,0.05,,Blocked,11,Head,,Lyndon Dykes,Pass (Dead),Niko Hämäläinen,Pass (Live)
12,,,,,,,,,,,,,
13,49,Clark Robertson,Rotherham Utd,0.04,,Off Target,22,Left Foot,Volley,Freddie Ladapo,Pass (Live),Shaun MacDonald,Pass (Live)
14,51,Clark Robertson,Rotherham Utd,0.08,,Off Target,4,Head,,Daniel Barlaser,Pass (Dead),,
15,52,Lyndon Dykes,QPR,0.31,0.82,Goal,15,Right Foot,,Osman Kakay,Pass (Live),Osman Kakay,Take-On
16,53,Clark Robertson,Rotherham Utd,0.03,,Off Target,28,Left Foot,,Matt Crooks,Pass (Live),Daniel Barlaser,Pass (Live)
17,64,Freddie Ladapo,Rotherham Utd,0.33,0.59,Goal,13,Left Foot,Volley,Lewis Wing,Pass (Live),,
18,65,Lewis Wing,Rotherham Utd,0.05,,Off Target,17,Right Foot,,Michael Smith,Pass (Live),Jamie Lindsay,Pass (Live)
19,66,Freddie Ladapo,Rotherham Utd,0.46,0.84,Goal,16,Right Foot,,Wes Harding,Pass (Live),Clark Robertson,Pass (Live)
20,70,Freddie Ladapo,Rotherham Utd,0.07,0.26,Saved,12,Right Foot,"Deflected, Volley",Michael Smith,Pass (Live),Wes Harding,Pass (Dead)
21,74,Jamie Lindsay,Rotherham Utd,0.02,,Blocked,28,Head,,Wes Harding,Pass (Dead),Freddie Ladapo,Fouled
22,77,Freddie Ladapo,Rotherham Utd,0.06,,Off Target,14,Right Foot,,Wes Harding,Pass (Dead),Clark Robertson,Pass (Live)
23,82,Daniel Barlaser,Rotherham Utd,0.04,,Blocked,26,Right Foot,,Lewis Wing,Pass (Live),Lewis Wing,Take-On
24,86,Macauley Bonne,QPR,0.03,,Off Target,18,Head,,Yoann Barbet,Pass (Live),Chris Willock,Pass (Live)
25,90,Michael Smith,Rotherham Utd,0.45,0.43,Goal,14,Left Foot,,Jamie Lindsay,Pass (Live),Michael Smith,Pass (Live)
26,90+2,Yoann Barbet,QPR,0.03,,Saved off Target,30,Left Foot,,Yoann Barbet,Pass (Live),Robert Dickie,Pass (Live)
