,Player Name,Player Number,Player,#,Nation,Pos,Age,Min,Att,Live,Dead,FK,TB,Sw,Crs,TI,CK,In,Out,Str,Cmp,Off,Blocks,Player Key,Player Link
0,Darío Benedetto,https://fbref.com/en/players/bef0a7ac/Dario-Benedetto,9,9,ar ARG,FW,30-132,90,29,28,1,0,0,2,0,0,0,0,0,0,22,0,0,https://fbref.com/en/players/bef0a7ac/Dario-Benedetto-Darío Benedetto,
1,Dimitri Payet,https://fbref.com/en/players/58ae47b2/Dimitri-Payet,10,10,fr FRA,LW,33-181,90,47,43,3,1,1,0,4,1,1,0,1,0,33,1,1,https://fbref.com/en/players/58ae47b2/Dimitri-Payet-Dimitri Payet,
2,Florian Thauvin,https://fbref.com/en/players/2b9fdeea/Florian-Thauvin,26,26,fr FRA,RW,27-244,83,42,36,6,3,0,1,8,0,2,0,2,0,26,0,0,https://fbref.com/en/players/2b9fdeea/Florian-Thauvin-Florian Thauvin,
3,Nemanja Radonjić,https://fbref.com/en/players/0630eb63/Nemanja-Radonjic,7,7,rs SRB,RW,24-224,7,3,3,0,0,0,0,1,0,0,0,0,0,1,0,1,https://fbref.com/en/players/0630eb63/Nemanja-Radonjic-Nemanja Radonjić,
4,Morgan Sanson,https://fbref.com/en/players/6e7f1353/Morgan-Sanson,8,8,fr FRA,AM,26-039,90,54,53,1,1,0,2,2,0,0,0,0,0,41,0,3,https://fbref.com/en/players/6e7f1353/Morgan-Sanson-Morgan Sanson,
5,Boubacar Kamara,https://fbref.com/en/players/cc77354e/Boubacar-Kamara,4,4,fr FRA,DM,20-308,84,74,74,0,0,0,0,0,0,0,0,0,0,69,0,0,https://fbref.com/en/players/cc77354e/Boubacar-Kamara-Boubacar Kamara,
6,Pape Gueye,https://fbref.com/en/players/7155e3e1/Pape-Gueye,22,22,sn SEN,DM,21-246,6,5,5,0,0,0,0,0,0,0,0,0,0,4,0,0,https://fbref.com/en/players/7155e3e1/Pape-Gueye-Pape Gueye,
7,Valentin Rongier,https://fbref.com/en/players/ed45c4a5/Valentin-Rongier,21,21,fr FRA,DM,25-294,76,58,57,1,1,0,0,0,0,0,0,0,0,50,0,0,https://fbref.com/en/players/ed45c4a5/Valentin-Rongier-Valentin Rongier,
8,Valère Germain,https://fbref.com/en/players/ea0ff634/Valere-Germain,28,28,fr FRA,DM,30-162,14,9,9,0,0,0,0,0,0,0,0,0,0,5,0,0,https://fbref.com/en/players/ea0ff634/Valere-Germain-Valère Germain,
9,Yuto Nagatomo,https://fbref.com/en/players/4b6960d2/Yuto-Nagatomo,25,25,jp JPN,LB,34-014,76,57,48,9,0,0,0,3,9,0,0,0,0,49,0,1,https://fbref.com/en/players/4b6960d2/Yuto-Nagatomo-Yuto Nagatomo,
10,Saîf-Eddine Khaoui,https://fbref.com/en/players/796b1c41/Saif-Eddine-Khaoui,24,24,tn TUN,LB,25-152,14,18,16,2,0,0,0,3,0,2,0,2,0,14,0,0,https://fbref.com/en/players/796b1c41/Saif-Eddine-Khaoui-Saîf-Eddine Khaoui,
11,Duje Ćaleta-Car,https://fbref.com/en/players/94f8d10c/Duje-Caleta-Car,15,15,hr CRO,CB,24-009,84,61,58,3,2,0,1,0,1,0,0,0,0,55,0,0,https://fbref.com/en/players/94f8d10c/Duje-Caleta-Car-Duje Ćaleta-Car,
12,Maxime Lopez,https://fbref.com/en/players/20094685/Maxime-Lopez,27,27,fr FRA,CB,22-297,6,7,7,0,0,0,0,0,0,0,0,0,0,7,0,0,https://fbref.com/en/players/20094685/Maxime-Lopez-Maxime Lopez,
13,Álvaro González,https://fbref.com/en/players/42dcf26d/Alvaro-Gonzalez,3,3,es ESP,CB,30-262,90,60,54,5,4,0,1,0,1,0,0,0,0,54,1,0,https://fbref.com/en/players/42dcf26d/Alvaro-Gonzalez-Álvaro González,
14,Hiroki Sakai,https://fbref.com/en/players/d63e2912/Hiroki-Sakai,2,2,jp JPN,RB,30-167,90,56,47,9,0,0,0,1,9,0,0,0,0,45,0,1,https://fbref.com/en/players/d63e2912/Hiroki-Sakai-Hiroki Sakai,
15,Steve Mandanda,https://fbref.com/en/players/1d2d5cc8/Steve-Mandanda,30,30,fr FRA,GK,35-182,90,35,27,8,2,0,0,0,0,0,0,0,0,33,0,0,https://fbref.com/en/players/1d2d5cc8/Steve-Mandanda-Steve Mandanda,
