,Player Name,Player Number,Player,#,Nation,Pos,Age,Min,Gls,Ast,PK,PKatt,Sh,SoT,CrdY,CrdR,Touches,Tkl,Int,Blocks,xG,npxG,xAG,SCA,GCA,Cmp,Att,Cmp%,PrgP,Carries,PrgC,Att,Succ,Player Key,Player Link
0,Darío Benedetto,https://fbref.com/en/players/bef0a7ac/Dario-Benedetto,9,9,ar ARG,FW,30-132,90,0,0,0,0,6,1,0,0,46,0,0,1,0.3,0.3,0.1,7,1,22,29,75.9,3,21,2,5,5,https://fbref.com/en/players/bef0a7ac/Dario-Benedetto-Darío Benedetto,
1,Dimitri Payet,https://fbref.com/en/players/58ae47b2/Dimitri-Payet,10,10,fr FRA,LW,33-181,90,0,0,0,0,3,1,0,0,59,2,0,1,0.2,0.2,0.2,8,0,33,47,70.2,7,44,7,2,2,https://fbref.com/en/players/58ae47b2/Dimitri-Payet-Dimitri Payet,
2,Florian Thauvin,https://fbref.com/en/players/2b9fdeea/Florian-Thauvin,26,26,fr FRA,RW,27-244,83,0,0,0,0,2,0,0,0,47,0,0,0,0.1,0.1,0.1,2,0,26,42,61.9,3,32,0,2,2,https://fbref.com/en/players/2b9fdeea/Florian-Thauvin-Florian Thauvin,
3,Nemanja Radonjić,https://fbref.com/en/players/0630eb63/Nemanja-Radonjic,7,7,rs SRB,RW,24-224,7,0,1,0,0,1,0,0,0,7,0,0,0,0.0,0.0,0.1,1,1,1,3,33.3,0,3,0,2,1,https://fbref.com/en/players/0630eb63/Nemanja-Radonjic-Nemanja Radonjić,
4,Morgan Sanson,https://fbref.com/en/players/6e7f1353/Morgan-Sanson,8,8,fr FRA,AM,26-039,90,1,0,0,0,2,1,0,0,65,4,1,1,0.2,0.2,0.1,1,0,41,54,75.9,4,42,1,3,3,https://fbref.com/en/players/6e7f1353/Morgan-Sanson-Morgan Sanson,
5,Boubacar Kamara,https://fbref.com/en/players/cc77354e/Boubacar-Kamara,4,4,fr FRA,DM,20-308,84,0,0,0,0,1,0,0,0,85,3,3,1,0.0,0.0,0.0,4,0,69,74,93.2,8,52,1,1,1,https://fbref.com/en/players/cc77354e/Boubacar-Kamara-Boubacar Kamara,
6,Pape Gueye,https://fbref.com/en/players/7155e3e1/Pape-Gueye,22,22,sn SEN,DM,21-246,6,0,0,0,0,0,0,0,0,7,0,0,1,0.0,0.0,0.0,0,0,4,5,80.0,0,2,0,0,0,https://fbref.com/en/players/7155e3e1/Pape-Gueye-Pape Gueye,
7,Valentin Rongier,https://fbref.com/en/players/ed45c4a5/Valentin-Rongier,21,21,fr FRA,DM,25-294,76,0,0,0,0,0,0,0,0,68,3,1,2,0.0,0.0,0.0,1,0,50,58,86.2,2,31,2,0,0,https://fbref.com/en/players/ed45c4a5/Valentin-Rongier-Valentin Rongier,
8,Valère Germain,https://fbref.com/en/players/ea0ff634/Valere-Germain,28,28,fr FRA,DM,30-162,14,0,0,0,0,0,0,0,0,10,0,1,0,0.0,0.0,0.0,1,0,5,9,55.6,0,3,0,0,0,https://fbref.com/en/players/ea0ff634/Valere-Germain-Valère Germain,
9,Yuto Nagatomo,https://fbref.com/en/players/4b6960d2/Yuto-Nagatomo,25,25,jp JPN,LB,34-014,76,0,0,0,0,0,0,0,0,66,1,2,1,0.0,0.0,0.0,1,0,49,57,86.0,2,36,2,4,2,https://fbref.com/en/players/4b6960d2/Yuto-Nagatomo-Yuto Nagatomo,
10,Saîf-Eddine Khaoui,https://fbref.com/en/players/796b1c41/Saif-Eddine-Khaoui,24,24,tn TUN,LB,25-152,14,0,0,0,0,1,0,0,0,22,0,1,0,0.0,0.0,0.0,2,0,14,18,77.8,5,11,0,2,2,https://fbref.com/en/players/796b1c41/Saif-Eddine-Khaoui-Saîf-Eddine Khaoui,
11,Duje Ćaleta-Car,https://fbref.com/en/players/94f8d10c/Duje-Caleta-Car,15,15,hr CRO,CB,24-009,84,0,0,0,0,0,0,0,0,70,0,3,4,0.0,0.0,0.0,0,0,55,61,90.2,0,41,1,0,0,https://fbref.com/en/players/94f8d10c/Duje-Caleta-Car-Duje Ćaleta-Car,
12,Maxime Lopez,https://fbref.com/en/players/20094685/Maxime-Lopez,27,27,fr FRA,CB,22-297,6,0,0,0,0,0,0,0,0,8,1,0,0,0.0,0.0,0.0,1,0,7,7,100.0,1,5,0,0,0,https://fbref.com/en/players/20094685/Maxime-Lopez-Maxime Lopez,
13,Álvaro González,https://fbref.com/en/players/42dcf26d/Alvaro-Gonzalez,3,3,es ESP,CB,30-262,90,0,0,0,0,1,0,0,0,73,3,2,0,0.1,0.1,0.0,1,0,54,60,90.0,5,35,3,0,0,https://fbref.com/en/players/42dcf26d/Alvaro-Gonzalez-Álvaro González,
14,Hiroki Sakai,https://fbref.com/en/players/d63e2912/Hiroki-Sakai,2,2,jp JPN,RB,30-167,90,0,0,0,0,0,0,0,0,72,6,3,2,0.0,0.0,0.0,1,0,45,56,80.4,2,27,3,1,0,https://fbref.com/en/players/d63e2912/Hiroki-Sakai-Hiroki Sakai,
15,Steve Mandanda,https://fbref.com/en/players/1d2d5cc8/Steve-Mandanda,30,30,fr FRA,GK,35-182,90,0,0,0,0,0,0,0,0,38,0,0,0,0.0,0.0,0.0,0,0,33,35,94.3,0,22,0,0,0,https://fbref.com/en/players/1d2d5cc8/Steve-Mandanda-Steve Mandanda,
