,Player Name,Player Number,Player,#,Nation,Pos,Age,Min,CrdY,CrdR,2CrdY,Fls,Fld,Off,Crs,Int,TklW,PKwon,PKcon,OG,Recov,Won,Lost,Won%,Player Key,Player Link
0,Ibrahima Niane,https://fbref.com/en/players/46faabfa/Ibrahima-Niane,7,7,sn SEN,FW,21-199,75,0,0,0,1,2,3,0,0,0,0,0,0,1,5,4,55.6,https://fbref.com/en/players/46faabfa/Ibrahima-Niane-Ibrahima Niane,
1,Habib Diallo,https://fbref.com/en/players/6605d143/Habib-Diallo,20,20,sn SEN,FW,25-100,15,0,0,0,0,0,1,0,0,1,0,0,0,0,2,2,50.0,https://fbref.com/en/players/6605d143/Habib-Diallo-Habib Diallo,
2,Farid Boulaya,https://fbref.com/en/players/a0791826/Farid-Boulaya,10,10,dz ALG,FW,27-214,86,0,0,0,2,5,0,6,0,0,0,0,0,4,1,3,25.0,https://fbref.com/en/players/a0791826/Farid-Boulaya-Farid Boulaya,
3,Warren Tchimbembé,https://fbref.com/en/players/93b8f9f4/Warren-Tchimbembe,12,12,cg CGO,FW,22-158,4,0,0,0,1,0,0,0,0,0,0,0,0,0,0,0,,https://fbref.com/en/players/93b8f9f4/Warren-Tchimbembe-Warren Tchimbembé,
4,Opa Nguette,https://fbref.com/en/players/75a63397/Opa-Nguette,11,11,sn SEN,LM,26-080,85,0,0,0,0,1,0,0,1,0,0,0,0,8,2,2,50.0,https://fbref.com/en/players/75a63397/Opa-Nguette-Opa Nguette,
5,Papa Ndiaga Yade,https://fbref.com/en/players/87e9c7cd/Papa-Ndiaga-Yade,26,26,mr MTN,LM,20-265,5,0,0,0,0,0,0,1,0,0,0,0,0,0,0,0,,https://fbref.com/en/players/87e9c7cd/Papa-Ndiaga-Yade-Papa Ndiaga Yade,
6,Victorien Angban,https://fbref.com/en/players/d8992b84/Victorien-Angban,5,5,ci CIV,CM,23-363,89,1,0,0,0,2,0,1,0,0,0,0,0,7,0,1,0.0,https://fbref.com/en/players/d8992b84/Victorien-Angban-Victorien Angban,
7,Boubakar Kouyaté,https://fbref.com/en/players/562a4799/Boubakar-Kouyate,23,23,ml MLI,CM,23-164,1,0,0,0,0,0,0,0,0,0,0,0,0,0,0,0,,https://fbref.com/en/players/562a4799/Boubakar-Kouyate-Boubakar Kouyaté,
8,Mamadou Fofana,https://fbref.com/en/players/4c4ffacc/Mamadou-Fofana,6,6,ml MLI,CM,22-249,90,0,0,0,0,0,0,0,5,0,0,0,0,8,0,2,0.0,https://fbref.com/en/players/4c4ffacc/Mamadou-Fofana-Mamadou Fofana,
9,Habib Maïga,https://fbref.com/en/players/e768de1f/Habib-Maiga,19,19,ci CIV,RM,24-269,90,1,0,0,4,3,0,1,1,1,0,0,0,7,1,2,33.3,https://fbref.com/en/players/e768de1f/Habib-Maiga-Habib Maïga,
10,Matthieu Udol,https://fbref.com/en/players/cc41f558/Matthieu-Udol,3,3,fr FRA,LB,24-190,90,0,0,0,3,0,0,4,5,0,0,0,0,6,0,2,0.0,https://fbref.com/en/players/cc41f558/Matthieu-Udol-Matthieu Udol,
11,John Boye,https://fbref.com/en/players/861227d2/John-Boye,21,21,gh GHA,CB,33-156,90,0,0,0,0,0,0,0,4,1,0,0,0,5,0,4,0.0,https://fbref.com/en/players/861227d2/John-Boye-John Boye,
12,Dylan Bronn,https://fbref.com/en/players/edd81e2a/Dylan-Bronn,2,2,tn TUN,CB,25-099,90,0,0,0,0,0,0,0,0,0,0,0,0,4,1,1,50.0,https://fbref.com/en/players/edd81e2a/Dylan-Bronn-Dylan Bronn,
13,Fabien Centonze,https://fbref.com/en/players/3c6bbbab/Fabien-Centonze,18,18,fr FRA,RB,24-254,90,0,0,0,0,2,0,2,8,0,0,0,0,8,0,0,,https://fbref.com/en/players/3c6bbbab/Fabien-Centonze-Fabien Centonze,
14,Alexandre Oukidja,https://fbref.com/en/players/ae7d0ecd/Alexandre-Oukidja,16,16,dz ALG,GK,32-069,90,0,0,0,0,0,0,0,0,0,0,0,0,1,0,1,0.0,https://fbref.com/en/players/ae7d0ecd/Alexandre-Oukidja-Alexandre Oukidja,
