,Player Name,Player Number,Player,#,Nation,Pos,Age,Min,Touches,Def Pen,Def 3rd,Mid 3rd,Att 3rd,Att Pen,Live,Att,Succ,Succ%,Tkld,Tkld%,Carries,TotDist,PrgDist,PrgC,1/3,CPA,Mis,Dis,Rec,PrgR,Player Key,Player Link
0,Ibrahima Niane,https://fbref.com/en/players/46faabfa/Ibrahima-Niane,7,7,sn SEN,FW,21-199,75,23,0,1,10,13,3,23,1,1,100.0,0,0.0,16,62,12,0,1,0,4,3,21,3,https://fbref.com/en/players/46faabfa/Ibrahima-Niane-Ibrahima Niane,
1,Habib Diallo,https://fbref.com/en/players/6605d143/Habib-Diallo,20,20,sn SEN,FW,25-100,15,13,2,2,8,3,0,13,0,0,,0,,6,25,18,0,1,0,1,1,9,1,https://fbref.com/en/players/6605d143/Habib-Diallo-Habib Diallo,
2,Farid Boulaya,https://fbref.com/en/players/a0791826/Farid-Boulaya,10,10,dz ALG,FW,27-214,86,55,0,4,28,24,1,55,6,3,50.0,3,50.0,33,257,69,4,3,0,4,0,32,4,https://fbref.com/en/players/a0791826/Farid-Boulaya-Farid Boulaya,
3,Warren Tchimbembé,https://fbref.com/en/players/93b8f9f4/Warren-Tchimbembe,12,12,cg CGO,FW,22-158,4,4,1,2,1,1,0,4,0,0,,0,,1,3,0,0,0,0,0,0,1,0,https://fbref.com/en/players/93b8f9f4/Warren-Tchimbembe-Warren Tchimbembé,
4,Opa Nguette,https://fbref.com/en/players/75a63397/Opa-Nguette,11,11,sn SEN,LM,26-080,85,35,0,11,12,13,2,35,8,6,75.0,2,25.0,24,159,64,3,2,1,3,5,20,4,https://fbref.com/en/players/75a63397/Opa-Nguette-Opa Nguette,
5,Papa Ndiaga Yade,https://fbref.com/en/players/87e9c7cd/Papa-Ndiaga-Yade,26,26,mr MTN,LM,20-265,5,6,0,2,2,2,1,6,0,0,,0,,3,8,5,1,0,1,0,0,3,0,https://fbref.com/en/players/87e9c7cd/Papa-Ndiaga-Yade-Papa Ndiaga Yade,
6,Victorien Angban,https://fbref.com/en/players/d8992b84/Victorien-Angban,5,5,ci CIV,CM,23-363,89,51,0,10,34,7,0,51,1,1,100.0,0,0.0,41,154,58,0,0,0,1,2,40,1,https://fbref.com/en/players/d8992b84/Victorien-Angban-Victorien Angban,
7,Boubakar Kouyaté,https://fbref.com/en/players/562a4799/Boubakar-Kouyate,23,23,ml MLI,CM,23-164,1,0,0,0,0,0,0,0,0,0,,0,,0,0,0,0,0,0,0,0,0,0,https://fbref.com/en/players/562a4799/Boubakar-Kouyate-Boubakar Kouyaté,
8,Mamadou Fofana,https://fbref.com/en/players/4c4ffacc/Mamadou-Fofana,6,6,ml MLI,CM,22-249,90,48,0,11,36,2,1,48,0,0,,0,,30,88,26,0,1,0,0,0,25,0,https://fbref.com/en/players/4c4ffacc/Mamadou-Fofana-Mamadou Fofana,
9,Habib Maïga,https://fbref.com/en/players/e768de1f/Habib-Maiga,19,19,ci CIV,RM,24-269,90,58,1,11,37,12,2,58,3,1,33.3,2,66.7,41,161,44,1,2,0,2,3,39,4,https://fbref.com/en/players/e768de1f/Habib-Maiga-Habib Maïga,
10,Matthieu Udol,https://fbref.com/en/players/cc41f558/Matthieu-Udol,3,3,fr FRA,LB,24-190,90,53,5,22,23,10,0,53,0,0,,0,,27,187,124,2,2,0,0,0,25,3,https://fbref.com/en/players/cc41f558/Matthieu-Udol-Matthieu Udol,
11,John Boye,https://fbref.com/en/players/861227d2/John-Boye,21,21,gh GHA,CB,33-156,90,51,3,41,10,0,0,51,0,0,,0,,36,138,22,0,0,0,0,0,33,0,https://fbref.com/en/players/861227d2/John-Boye-John Boye,
12,Dylan Bronn,https://fbref.com/en/players/edd81e2a/Dylan-Bronn,2,2,tn TUN,CB,25-099,90,40,9,23,16,1,0,40,1,1,100.0,0,0.0,22,65,36,0,0,0,0,0,19,0,https://fbref.com/en/players/edd81e2a/Dylan-Bronn-Dylan Bronn,
13,Fabien Centonze,https://fbref.com/en/players/3c6bbbab/Fabien-Centonze,18,18,fr FRA,RB,24-254,90,59,3,12,35,15,2,59,4,2,50.0,2,50.0,22,170,101,4,2,1,2,0,21,1,https://fbref.com/en/players/3c6bbbab/Fabien-Centonze-Fabien Centonze,
14,Alexandre Oukidja,https://fbref.com/en/players/ae7d0ecd/Alexandre-Oukidja,16,16,dz ALG,GK,32-069,90,32,29,32,0,0,0,32,0,0,,0,,17,75,47,0,0,0,0,0,12,0,https://fbref.com/en/players/ae7d0ecd/Alexandre-Oukidja-Alexandre Oukidja,
