,Player Name,Player Number,Player,#,Nation,Pos,Age,Min,Gls,Ast,PK,PKatt,Sh,SoT,CrdY,CrdR,Touches,Tkl,Int,Blocks,xG,npxG,xAG,SCA,GCA,Cmp,Att,Cmp%,PrgP,Carries,PrgC,Att,Succ,Player Key,Player Link
0,Ibrahima Niane,https://fbref.com/en/players/46faabfa/Ibrahima-Niane,7,7,sn SEN,FW,21-199,75,1,0,0,0,4,2,0,0,23,0,0,0,0.7,0.7,0.0,1,0,11,14,78.6,0,16,0,1,1,https://fbref.com/en/players/46faabfa/Ibrahima-Niane-Ibrahima Niane,
1,Habib Diallo,https://fbref.com/en/players/6605d143/Habib-Diallo,20,20,sn SEN,FW,25-100,15,0,0,0,0,0,0,0,0,13,1,0,0,0.0,0.0,0.0,0,0,3,8,37.5,0,6,0,0,0,https://fbref.com/en/players/6605d143/Habib-Diallo-Habib Diallo,
2,Farid Boulaya,https://fbref.com/en/players/a0791826/Farid-Boulaya,10,10,dz ALG,FW,27-214,86,0,0,0,0,4,1,0,0,55,0,0,1,0.2,0.2,0.0,6,0,27,40,67.5,1,33,4,6,3,https://fbref.com/en/players/a0791826/Farid-Boulaya-Farid Boulaya,
3,Warren Tchimbembé,https://fbref.com/en/players/93b8f9f4/Warren-Tchimbembe,12,12,cg CGO,FW,22-158,4,0,0,0,0,0,0,0,0,4,0,0,1,0.0,0.0,0.0,0,0,2,2,100.0,0,1,0,0,0,https://fbref.com/en/players/93b8f9f4/Warren-Tchimbembe-Warren Tchimbembé,
4,Opa Nguette,https://fbref.com/en/players/75a63397/Opa-Nguette,11,11,sn SEN,LM,26-080,85,0,0,0,0,1,0,0,0,35,0,1,0,0.0,0.0,0.0,1,0,11,21,52.4,1,24,3,8,6,https://fbref.com/en/players/75a63397/Opa-Nguette-Opa Nguette,
5,Papa Ndiaga Yade,https://fbref.com/en/players/87e9c7cd/Papa-Ndiaga-Yade,26,26,mr MTN,LM,20-265,5,0,0,0,0,1,0,0,0,6,2,0,0,0.1,0.1,0.1,1,0,3,3,100.0,1,3,1,0,0,https://fbref.com/en/players/87e9c7cd/Papa-Ndiaga-Yade-Papa Ndiaga Yade,
6,Victorien Angban,https://fbref.com/en/players/d8992b84/Victorien-Angban,5,5,ci CIV,CM,23-363,89,0,0,0,0,0,0,1,0,51,0,0,0,0.0,0.0,0.0,2,0,45,47,95.7,5,41,0,1,1,https://fbref.com/en/players/d8992b84/Victorien-Angban-Victorien Angban,
7,Boubakar Kouyaté,https://fbref.com/en/players/562a4799/Boubakar-Kouyate,23,23,ml MLI,CM,23-164,1,0,0,0,0,0,0,0,0,0,0,0,0,0.0,0.0,0.0,0,0,0,0,,0,0,0,0,0,https://fbref.com/en/players/562a4799/Boubakar-Kouyate-Boubakar Kouyaté,
8,Mamadou Fofana,https://fbref.com/en/players/4c4ffacc/Mamadou-Fofana,6,6,ml MLI,CM,22-249,90,0,0,0,0,1,0,0,0,48,0,5,2,0.0,0.0,0.0,0,0,33,41,80.5,2,30,0,0,0,https://fbref.com/en/players/4c4ffacc/Mamadou-Fofana-Mamadou Fofana,
9,Habib Maïga,https://fbref.com/en/players/e768de1f/Habib-Maiga,19,19,ci CIV,RM,24-269,90,0,0,0,0,3,0,1,0,58,3,1,1,0.2,0.2,0.5,4,0,33,45,73.3,2,41,1,3,1,https://fbref.com/en/players/e768de1f/Habib-Maiga-Habib Maïga,
10,Matthieu Udol,https://fbref.com/en/players/cc41f558/Matthieu-Udol,3,3,fr FRA,LB,24-190,90,0,1,0,0,0,0,0,0,53,0,5,1,0.0,0.0,0.3,3,1,36,43,83.7,5,27,2,0,0,https://fbref.com/en/players/cc41f558/Matthieu-Udol-Matthieu Udol,
11,John Boye,https://fbref.com/en/players/861227d2/John-Boye,21,21,gh GHA,CB,33-156,90,0,0,0,0,0,0,0,0,51,1,4,0,0.0,0.0,0.0,3,1,36,43,83.7,1,36,0,0,0,https://fbref.com/en/players/861227d2/John-Boye-John Boye,
12,Dylan Bronn,https://fbref.com/en/players/edd81e2a/Dylan-Bronn,2,2,tn TUN,CB,25-099,90,0,0,0,0,0,0,0,0,40,2,0,1,0.0,0.0,0.0,0,0,23,28,82.1,0,22,0,1,1,https://fbref.com/en/players/edd81e2a/Dylan-Bronn-Dylan Bronn,
13,Fabien Centonze,https://fbref.com/en/players/3c6bbbab/Fabien-Centonze,18,18,fr FRA,RB,24-254,90,0,0,0,0,0,0,0,0,59,2,8,1,0.0,0.0,0.1,2,0,27,40,67.5,3,22,4,4,2,https://fbref.com/en/players/3c6bbbab/Fabien-Centonze-Fabien Centonze,
14,Alexandre Oukidja,https://fbref.com/en/players/ae7d0ecd/Alexandre-Oukidja,16,16,dz ALG,GK,32-069,90,0,0,0,0,0,0,0,0,32,0,0,0,0.0,0.0,0.0,0,0,12,31,38.7,0,17,0,0,0,https://fbref.com/en/players/ae7d0ecd/Alexandre-Oukidja-Alexandre Oukidja,
