,Minute,Player,Squad,xG,PSxG,Outcome,Distance,Body Part,Notes,SCA 1 Player,SCA 1 Event,SCA 2 Player,SCA 2 Event
0,6,Álvaro González,Marseille,0.15,,Off Target,9,Head,,Morgan Sanson,Pass (Live),Dimitri Payet,Pass (Live)
1,12,Darío Benedetto,Marseille,0.05,,Off Target,10,Head,,Dimitri Payet,Pass (Live),Yuto Nagatomo,Pass (Live)
2,15,Dimitri Payet,Marseille,0.10,,Off Target,11,Right Foot,,Darío Benedetto,Pass (Live),Dimitri Payet,Pass (Live)
3,18,Darío Benedetto,Marseille,0.04,,Off Target,20,Right Foot,,Hiroki Sakai,Pass (Live),Boubacar Kamara,Pass (Live)
4,19,Farid Boulaya,Metz,0.04,0.39,Saved,22,Left Foot,Deflected,,,,
5,20,Ibrahima Niane,Metz,0.39,0.21,Saved,20,Right Foot,,Habib Maïga,Pass (Live),Farid Boulaya,Pass (Live)
6,20,Habib Maïga,Metz,0.02,,Blocked,28,Right Foot,,Fabien Centonze,Pass (Live),Ibrahima Niane,Shot
7,25,Dimitri Payet,Marseille,0.03,0.35,Saved,40,Right Foot,Free kick,Dimitri Payet,Fouled,Dimitri Payet,Take-On
8,28,Farid Boulaya,Metz,0.06,,Blocked,23,Right Foot,Free kick,Farid Boulaya,Fouled,Opa Nguette,Pass (Live)
9,34,Morgan Sanson,Marseille,0.03,,Blocked,27,Right Foot,,Boubacar Kamara,Pass (Live),Boubacar Kamara,Take-On
10,35,Darío Benedetto,Marseille,0.08,,Off Target,19,Right Foot,Volley,Darío Benedetto,Take-On,,
11,37,Ibrahima Niane,Metz,0.07,,Blocked,13,Left Foot,,Matthieu Udol,Pass (Dead),Victorien Angban,Fouled
12,39,Darío Benedetto,Marseille,0.06,,Off Target,7,Right Foot,Volley,Florian Thauvin,Pass (Live),Boubacar Kamara,Pass (Live)
13,41,Habib Maïga,Metz,0.06,,Off Target,13,Right Foot,,Farid Boulaya,Fouled,John Boye,Pass (Live)
14,42,Darío Benedetto,Marseille,0.04,0.21,Saved,17,Head,,Florian Thauvin,Pass (Dead),Álvaro González,Fouled
15,,,,,,,,,,,,,
16,46,Opa Nguette,Metz,0.03,,Off Target,25,Right Foot,,Victorien Angban,Pass (Live),Farid Boulaya,Pass (Live)
17,51,Ibrahima Niane,Metz,0.04,,Off Target,22,Right Foot,,Matthieu Udol,Pass (Live),John Boye,Pass (Live)
18,55,Florian Thauvin,Marseille,0.06,,Off Target,12,Left Foot,Volley,Dimitri Payet,Pass (Live),Darío Benedetto,Pass (Live)
19,59,Dimitri Payet,Marseille,0.03,,Off Target,25,Right Foot,,Valentin Rongier,Pass (Live),Darío Benedetto,Pass (Live)
20,60,Farid Boulaya,Metz,0.05,,Blocked,15,Right Foot,,,,,
21,60,Florian Thauvin,Marseille,0.01,,Blocked,62,Left Foot,,,,,
22,66,Boubacar Kamara,Marseille,0.02,,Off Target,34,Right Foot,,Dimitri Payet,Pass (Live),Darío Benedetto,Pass (Live)
23,68,Farid Boulaya,Metz,0.02,,Off Target,32,Right Foot,,Habib Maïga,Pass (Live),,
24,71,Ibrahima Niane,Metz,0.21,0.81,Goal,9,Head,,Matthieu Udol,Pass (Live),John Boye,Pass (Live)
25,77,Mamadou Fofana,Metz,0.04,,Blocked,20,Right Foot,Volley,Farid Boulaya,Fouled,Farid Boulaya,Take-On
26,86,Darío Benedetto,Marseille,0.07,,Off Target,13,Right Foot,,Maxime Lopez,Pass (Live),Valère Germain,Pass (Live)
27,88,Nemanja Radonjić,Marseille,0.03,,Blocked,26,Right Foot,,Saîf-Eddine Khaoui,Pass (Live),Dimitri Payet,Pass (Live)
28,90,Papa Ndiaga Yade,Metz,0.07,,Blocked,18,Left Foot,,Fabien Centonze,Pass (Live),Habib Maïga,Pass (Live)
29,90+2,Habib Maïga,Metz,0.07,,Off Target,10,Head,,Papa Ndiaga Yade,Pass (Live),Habib Maïga,Pass (Live)
30,90+3,Saîf-Eddine Khaoui,Marseille,0.02,,Off Target,29,Left Foot,,Darío Benedetto,Pass (Live),Saîf-Eddine Khaoui,Pass (Live)
31,90+5,Morgan Sanson,Marseille,0.13,0.53,Goal,13,Right Foot,,Nemanja Radonjić,Pass (Live),Darío Benedetto,Pass (Live)
