season,injury,from,until,days,missed_games
18/19,Ankle injury,"Mar 29, 2019","May 31, 2019",63 days,8
18/19,Knock,"Jan 13, 2019","Jan 18, 2019",5 days,-
18/19,Knee injury,"Dec 23, 2018","Dec 28, 2018",5 days,1
16/17,Knee injury,"Dec 27, 2016","Sep 30, 2017",277 days,25
15/16,Shoulder injury,"Mar 1, 2016","Apr 18, 2016",48 days,9
15/16,Thigh problems,"Feb 17, 2016","Feb 25, 2016",8 days,1
15/16,Knock,"Dec 28, 2015","Jan 1, 2016",4 days,1
14/15,Knee injury,"Jul 26, 2014","Sep 19, 2014",55 days,14
13/14,Ankle injury,"Oct 19, 2013","Oct 24, 2013",5 days,1
12/13,Foot surgery,"Jan 22, 2013","Jul 22, 2013",181 days,32
12/13,Ankle injury,"Oct 6, 2012","Oct 20, 2012",14 days,8
