season,injury,from,until,days,missed_games
23/24,unknown injury,"May 9, 2024","May 19, 2024",10 days,2
23/24,unknown injury,"Feb 21, 2024","Mar 30, 2024",38 days,6
23/24,unknown injury,"Dec 1, 2023","Feb 2, 2024",63 days,6
23/24,unknown injury,"Oct 23, 2023","Oct 25, 2023",2 days,1
23/24,unknown injury,"Sep 14, 2023","Sep 20, 2023",6 days,2
23/24,unknown injury,"Aug 12, 2023","Aug 29, 2023",17 days,4
22/23,unknown injury,"Jan 26, 2023","Feb 11, 2023",16 days,5
22/23,unknown injury,"Jan 13, 2023","Jan 15, 2023",2 days,1
22/23,Fitness,"Aug 25, 2022","Sep 1, 2022",7 days,2
21/22,Muscle injury,"Apr 19, 2022","Apr 29, 2022",10 days,2
21/22,Corona virus,"Jan 13, 2022","Jan 20, 2022",7 days,2
21/22,Adductor tear,"Dec 11, 2021","Jan 4, 2022",24 days,5
21/22,Adductor injury,"Oct 17, 2021","Oct 29, 2021",12 days,3
20/21,Muscle strain,"Apr 6, 2021","Apr 14, 2021",8 days,2
20/21,Hamstring strain,"Dec 5, 2020","Dec 17, 2020",12 days,3
