season,injury,from,until,days,missed_games
23/24,unknown injury,"Apr 10, 2024",,89 days,7
22/23,unknown injury,"Feb 26, 2023","Mar 17, 2023",19 days,3
21/22,unknown injury,"May 7, 2022","May 31, 2022",24 days,4
21/22,unknown injury,"Nov 8, 2021","Nov 17, 2021",9 days,2
21/22,fracture,"Oct 2, 2021","Oct 11, 2021",9 days,3
20/21,Calf problems,"May 11, 2021","May 16, 2021",5 days,2
20/21,Hamstring strain,"Apr 20, 2021","May 1, 2021",11 days,3
19/20,malaria,"Jan 9, 2020","Jan 27, 2020",18 days,4
19/20,Hamstring injury,"Oct 1, 2019","Oct 27, 2019",26 days,4
18/19,Hamstring strain,"Oct 17, 2018","Nov 1, 2018",15 days,3
17/18,Knee medial ligament tear,"Dec 23, 2017","Apr 22, 2018",120 days,23
