season,injury,from,until,days,missed_games
23/24,Ill,"Jun 12, 2024","Jun 18, 2024",6 days,1
23/24,Groin problems,"Jun 5, 2023","Jun 15, 2023",10 days,2
22/23,Muscle injury,"Mar 27, 2023","Apr 18, 2023",22 days,5
22/23,ankle sprain,"Mar 6, 2023","Mar 10, 2023",4 days,1
21/22,cold,"Sep 29, 2021","Oct 1, 2021",2 days,-
20/21,Thigh problems,"Jan 10, 2021","Jan 23, 2021",13 days,2
20/21,Calf injury,"Nov 10, 2020","Nov 27, 2020",17 days,4
19/20,Torn muscle fiber,"Nov 22, 2019","Dec 31, 2019",39 days,6
19/20,Thigh problems,"Sep 13, 2019","Sep 17, 2019",4 days,1
18/19,Torn lateral knee ligament,"Jan 26, 2019","May 30, 2019",124 days,21
17/18,Rest,"Jan 29, 2018","Feb 5, 2018",7 days,1
17/18,Capsular injury,"Dec 7, 2017","Dec 14, 2017",7 days,2
17/18,Back problems,"Sep 14, 2017","Oct 5, 2017",21 days,4
17/18,Fitness,"Sep 7, 2017","Sep 14, 2017",7 days,1
17/18,Cruciate ligament tear,"May 1, 2017","Sep 7, 2017",129 days,9
