season,injury,from,until,days,missed_games
23/24,Calf injury,"May 6, 2024",,63 days,13
23/24,Knee injury,"Feb 1, 2024","Mar 28, 2024",56 days,6
23/24,Knee injury,"Sep 3, 2023","Sep 22, 2023",19 days,2
21/22,unknown injury,"May 10, 2022","May 20, 2022",10 days,1
21/22,unknown injury,"Jan 7, 2022","Jan 12, 2022",5 days,1
21/22,Groin injury,"Jul 22, 2021","Jul 31, 2021",9 days,5
17/18,Hamstring injury,"Sep 3, 2017","Oct 13, 2017",40 days,6
14/15,Ankle injury,"May 16, 2015","Aug 4, 2015",80 days,18
