,Player Name,Player Number,Player,#,Nation,Pos,Age,Min,Touches,Def Pen,Def 3rd,Mid 3rd,Att 3rd,Att Pen,Live,Att,Succ,Succ%,Tkld,Tkld%,Carries,TotDist,PrgDist,PrgC,1/3,CPA,Mis,Dis,Rec,PrgR,Player Key,Player Link
0,Duván Zapata,https://fbref.com/en/players/d3de9af0/Duvan-Zapata,91,91,co COL,FW,29-244,90,62,3,4,22,36,8,62,1,1,100.0,0,0.0,35,117,31,1,1,1,3,6,55,21,https://fbref.com/en/players/d3de9af0/Duvan-Zapata-Duván Zapata,
1,Luis Muriel,https://fbref.com/en/players/eb2fe5b6/Luis-Muriel,9,9,co COL,FW,29-229,67,55,0,1,18,36,7,55,9,4,44.4,5,55.6,36,219,53,3,3,4,7,3,43,6,https://fbref.com/en/players/eb2fe5b6/Luis-Muriel-Luis Muriel,
2,Amad Diallo,https://fbref.com/en/players/9dc96f10/Amad-Diallo,79,79,ci CIV,LW,18-143,23,15,0,0,2,13,3,15,0,0,,0,,8,60,35,1,2,1,2,0,12,6,https://fbref.com/en/players/9dc96f10/Amad-Diallo-Amad Diallo,
3,Papu Gómez,https://fbref.com/en/players/6e4df551/Papu-Gomez,10,10,ar ARG,AM,32-290,45,35,0,3,19,14,2,35,3,2,66.7,1,33.3,24,160,73,2,2,1,1,2,30,4,https://fbref.com/en/players/6e4df551/Papu-Gomez-Papu Gómez,
4,Josip Iličić,https://fbref.com/en/players/68252d6d/Josip-Ilicic,72,72,si SVN,"RW,AM",32-307,45,48,0,0,25,23,1,48,4,3,75.0,1,25.0,37,220,97,5,2,0,3,2,44,13,https://fbref.com/en/players/68252d6d/Josip-Ilicic-Josip Iličić,
5,Remo Freuler,https://fbref.com/en/players/98d2c2c4/Remo-Freuler,11,11,ch SUI,CM,28-230,67,74,1,12,41,21,0,74,2,2,100.0,0,0.0,39,246,146,3,2,0,3,0,54,1,https://fbref.com/en/players/98d2c2c4/Remo-Freuler-Remo Freuler,
6,Marten de Roon,https://fbref.com/en/players/2a1beb34/Marten-de-Roon,15,15,nl NED,CM,29-247,23,33,1,6,18,9,2,33,1,0,0.0,1,100.0,11,44,24,0,1,0,1,0,19,0,https://fbref.com/en/players/2a1beb34/Marten-de-Roon-Marten de Roon,
7,Matteo Pessina,https://fbref.com/en/players/780e3631/Matteo-Pessina,32,32,it ITA,CM,23-224,90,98,1,17,55,26,2,98,0,0,,0,,43,227,94,2,1,1,2,1,70,3,https://fbref.com/en/players/780e3631/Matteo-Pessina-Matteo Pessina,
8,Robin Gosens,https://fbref.com/en/players/2d970560/Robin-Gosens,8,8,de GER,"WB,LM",26-149,85,69,0,11,27,31,3,69,0,0,,0,,21,72,47,2,2,0,2,0,47,10,https://fbref.com/en/players/2d970560/Robin-Gosens-Robin Gosens,
9,Matteo Ruggeri,https://fbref.com/en/players/ae9898c5/Matteo-Ruggeri,40,40,it ITA,LM,18-143,5,7,0,1,2,4,0,7,0,0,,0,,2,5,3,0,0,0,1,0,3,0,https://fbref.com/en/players/ae9898c5/Matteo-Ruggeri-Matteo Ruggeri,
10,Hans Hateboer,https://fbref.com/en/players/3b333ac3/Hans-Hateboer,33,33,nl NED,"WB,RM",26-327,90,66,1,14,27,26,2,66,0,0,,0,,34,182,113,0,0,0,0,0,43,5,https://fbref.com/en/players/3b333ac3/Hans-Hateboer-Hans Hateboer,
11,José Luis Palomino,https://fbref.com/en/players/921f6058/Jose-Luis-Palomino,6,6,ar ARG,CB,30-331,67,61,2,22,28,11,0,61,0,0,,0,,26,131,75,1,2,0,0,0,32,2,https://fbref.com/en/players/921f6058/Jose-Luis-Palomino-José Luis Palomino,
12,Rafael Tolói,https://fbref.com/en/players/c56dc39e/Rafael-Toloi,2,2,it ITA,CB,30-052,23,33,2,12,19,2,0,33,0,0,,0,,16,54,27,0,0,0,0,0,20,0,https://fbref.com/en/players/c56dc39e/Rafael-Toloi-Rafael Tolói,
13,Cristian Romero,https://fbref.com/en/players/a3d94a58/Cristian-Romero,17,17,ar ARG,CB,22-218,90,73,6,36,30,8,4,73,1,0,0.0,1,100.0,23,169,45,0,0,1,0,0,27,3,https://fbref.com/en/players/a3d94a58/Cristian-Romero-Cristian Romero,
14,Berat Djimsiti,https://fbref.com/en/players/6eee05f1/Berat-Djimsiti,19,19,al ALB,CB,27-286,90,93,7,47,35,12,2,93,0,0,,0,,42,211,69,1,2,0,1,0,58,1,https://fbref.com/en/players/6eee05f1/Berat-Djimsiti-Berat Djimsiti,
15,Marco Sportiello,https://fbref.com/en/players/ac4003af/Marco-Sportiello,57,57,it ITA,GK,28-205,90,22,17,21,1,0,0,22,0,0,,0,,16,64,48,0,0,0,0,0,11,0,https://fbref.com/en/players/ac4003af/Marco-Sportiello-Marco Sportiello,
