,Player Name,Player Number,Player,#,Nation,Pos,Age,Min,Tkl,TklW,Def 3rd,Mid 3rd,Att 3rd,Tkl,Att,Tkl%,Lost,Blocks,Sh,Pass,Int,Tkl+Int,Clr,Err,Player Key,Player Link
0,Duván Zapata,https://fbref.com/en/players/d3de9af0/Duvan-Zapata,91,91,co COL,FW,29-244,90,0,0,0,0,0,0,0,,0,1,0,1,0,0,1,0,https://fbref.com/en/players/d3de9af0/Duvan-Zapata-Duván Zapata,
1,Luis Muriel,https://fbref.com/en/players/eb2fe5b6/Luis-Muriel,9,9,co COL,FW,29-229,67,2,0,0,1,1,0,1,0.0,1,0,0,0,0,2,0,0,https://fbref.com/en/players/eb2fe5b6/Luis-Muriel-Luis Muriel,
2,Amad Diallo,https://fbref.com/en/players/9dc96f10/Amad-Diallo,79,79,ci CIV,LW,18-143,23,0,0,0,0,0,0,0,,0,0,0,0,0,0,0,0,https://fbref.com/en/players/9dc96f10/Amad-Diallo-Amad Diallo,
3,Papu Gómez,https://fbref.com/en/players/6e4df551/Papu-Gomez,10,10,ar ARG,AM,32-290,45,1,1,0,1,0,0,0,,0,0,0,0,2,3,0,0,https://fbref.com/en/players/6e4df551/Papu-Gomez-Papu Gómez,
4,Josip Iličić,https://fbref.com/en/players/68252d6d/Josip-Ilicic,72,72,si SVN,"RW,AM",32-307,45,0,0,0,0,0,0,0,,0,0,0,0,0,0,0,0,https://fbref.com/en/players/68252d6d/Josip-Ilicic-Josip Iličić,
5,Remo Freuler,https://fbref.com/en/players/98d2c2c4/Remo-Freuler,11,11,ch SUI,CM,28-230,67,2,1,1,1,0,0,1,0.0,1,0,0,0,0,2,1,0,https://fbref.com/en/players/98d2c2c4/Remo-Freuler-Remo Freuler,
6,Marten de Roon,https://fbref.com/en/players/2a1beb34/Marten-de-Roon,15,15,nl NED,CM,29-247,23,1,1,0,1,0,1,1,100.0,0,0,0,0,1,2,1,0,https://fbref.com/en/players/2a1beb34/Marten-de-Roon-Marten de Roon,
7,Matteo Pessina,https://fbref.com/en/players/780e3631/Matteo-Pessina,32,32,it ITA,CM,23-224,90,1,0,1,0,0,1,2,50.0,1,0,0,0,2,3,0,0,https://fbref.com/en/players/780e3631/Matteo-Pessina-Matteo Pessina,
8,Robin Gosens,https://fbref.com/en/players/2d970560/Robin-Gosens,8,8,de GER,"WB,LM",26-149,85,2,1,1,0,1,1,1,100.0,0,1,0,1,0,2,1,0,https://fbref.com/en/players/2d970560/Robin-Gosens-Robin Gosens,
9,Matteo Ruggeri,https://fbref.com/en/players/ae9898c5/Matteo-Ruggeri,40,40,it ITA,LM,18-143,5,0,0,0,0,0,0,0,,0,0,0,0,1,1,0,0,https://fbref.com/en/players/ae9898c5/Matteo-Ruggeri-Matteo Ruggeri,
10,Hans Hateboer,https://fbref.com/en/players/3b333ac3/Hans-Hateboer,33,33,nl NED,"WB,RM",26-327,90,1,0,1,0,0,1,1,100.0,0,0,0,0,1,2,0,0,https://fbref.com/en/players/3b333ac3/Hans-Hateboer-Hans Hateboer,
11,José Luis Palomino,https://fbref.com/en/players/921f6058/Jose-Luis-Palomino,6,6,ar ARG,CB,30-331,67,0,0,0,0,0,0,2,0.0,2,0,0,0,1,1,1,0,https://fbref.com/en/players/921f6058/Jose-Luis-Palomino-José Luis Palomino,
12,Rafael Tolói,https://fbref.com/en/players/c56dc39e/Rafael-Toloi,2,2,it ITA,CB,30-052,23,0,0,0,0,0,0,0,,0,1,1,0,2,2,0,0,https://fbref.com/en/players/c56dc39e/Rafael-Toloi-Rafael Tolói,
13,Cristian Romero,https://fbref.com/en/players/a3d94a58/Cristian-Romero,17,17,ar ARG,CB,22-218,90,2,2,1,0,1,1,1,100.0,0,1,1,0,8,10,4,0,https://fbref.com/en/players/a3d94a58/Cristian-Romero-Cristian Romero,
14,Berat Djimsiti,https://fbref.com/en/players/6eee05f1/Berat-Djimsiti,19,19,al ALB,CB,27-286,90,1,1,1,0,0,1,1,100.0,0,2,1,1,1,2,1,0,https://fbref.com/en/players/6eee05f1/Berat-Djimsiti-Berat Djimsiti,
15,Marco Sportiello,https://fbref.com/en/players/ac4003af/Marco-Sportiello,57,57,it ITA,GK,28-205,90,0,0,0,0,0,0,0,,0,0,0,0,0,0,0,0,https://fbref.com/en/players/ac4003af/Marco-Sportiello-Marco Sportiello,
