,Player Name,Player Number,Player,#,Nation,Pos,Age,Min,Touches,Def Pen,Def 3rd,Mid 3rd,Att 3rd,Att Pen,Live,Att,Succ,Succ%,Tkld,Tkld%,Carries,TotDist,PrgDist,PrgC,1/3,CPA,Mis,Dis,Rec,PrgR,Player Key,Player Link
0,Sory Kaba,https://fbref.com/en/players/d29202c2/Sory-Kaba,9,9,gn GUI,FW,25-126,81,31,0,3,16,12,3,31,2,0,0.0,2,100.0,21,62,12,0,0,0,7,1,24,5,https://fbref.com/en/players/d29202c2/Sory-Kaba-Sory Kaba,
1,Nicolas Madsen,https://fbref.com/en/players/6d7e4b06/Nicolas-Madsen,43,43,dk DEN,FW,20-259,9,8,2,4,4,0,0,8,0,0,,0,,4,17,6,0,0,0,0,0,2,1,https://fbref.com/en/players/6d7e4b06/Nicolas-Madsen-Nicolas Madsen,
2,Awer Mabil,https://fbref.com/en/players/922da988/Awer-Mabil,11,11,au AUS,LM,25-077,67,31,0,7,11,13,1,31,1,1,100.0,0,0.0,20,82,35,2,0,0,0,1,16,7,https://fbref.com/en/players/922da988/Awer-Mabil-Awer Mabil,
3,Lasse Vibe,https://fbref.com/en/players/f5f2ec59/Lasse-Vibe,26,26,dk DEN,LM,33-283,23,11,1,2,5,4,1,11,1,0,0.0,1,100.0,6,24,3,0,0,0,1,0,7,2,https://fbref.com/en/players/f5f2ec59/Lasse-Vibe-Lasse Vibe,
4,Frank Onyeka,https://fbref.com/en/players/2944f86f/Frank-Onyeka,38,38,ng NGA,CM,22-335,90,54,3,20,30,5,0,54,1,0,0.0,1,100.0,25,89,31,0,0,0,2,2,21,2,https://fbref.com/en/players/2944f86f/Frank-Onyeka-Frank Onyeka,
5,Mikael Anderson,https://fbref.com/en/players/0a721e85/Mikael-Anderson,34,34,is ISL,CM,22-153,90,35,2,14,15,7,1,35,2,2,100.0,0,0.0,11,101,63,0,0,0,3,0,12,1,https://fbref.com/en/players/0a721e85/Mikael-Anderson-Mikael Anderson,
6,Anders Dreyer,https://fbref.com/en/players/c6486b01/Anders-Dreyer,36,36,dk DEN,RM,22-213,81,30,1,4,18,9,3,30,1,1,100.0,0,0.0,12,117,51,2,3,1,1,0,16,6,https://fbref.com/en/players/c6486b01/Anders-Dreyer-Anders Dreyer,
7,Gustav Isaksen,https://fbref.com/en/players/5715bb71/Gustav-Isaksen,45,45,dk DEN,RM,19-226,9,8,0,1,2,5,1,8,0,0,,0,,4,17,11,1,0,1,1,0,3,2,https://fbref.com/en/players/5715bb71/Gustav-Isaksen-Gustav Isaksen,
8,Paulinho,https://fbref.com/en/players/f3fa599d/Paulinho,29,29,br BRA,LB,25-333,90,50,2,25,19,8,0,50,2,0,0.0,2,100.0,27,98,59,2,2,0,0,1,27,2,https://fbref.com/en/players/f3fa599d/Paulinho-Paulinho,
9,Alexander Scholz,https://fbref.com/en/players/b0c7a51d/Alexander-Scholz,14,14,dk DEN,CB,28-038,90,55,10,29,23,4,2,55,1,1,100.0,0,0.0,24,158,85,1,0,0,0,1,18,0,https://fbref.com/en/players/b0c7a51d/Alexander-Scholz-Alexander Scholz,
10,Daniel Høegh,https://fbref.com/en/players/01204d46/Daniel-Hoegh,5,5,dk DEN,CB,29-330,90,42,13,28,12,2,2,42,0,0,,0,,13,88,20,0,1,0,1,0,5,0,https://fbref.com/en/players/01204d46/Daniel-Hoegh-Daniel Høegh,
11,Manjrekar James,https://fbref.com/en/players/40676b27/Manjrekar-James,25,25,ca CAN,CB,27-118,90,37,7,22,14,1,1,37,0,0,,0,,13,75,67,0,0,0,2,0,11,0,https://fbref.com/en/players/40676b27/Manjrekar-James-Manjrekar James,
12,Joel Andersson,https://fbref.com/en/players/b5f66351/Joel-Andersson,6,6,se SWE,RB,24-020,90,57,3,22,26,10,0,57,0,0,,0,,26,63,9,0,0,0,3,1,23,3,https://fbref.com/en/players/b5f66351/Joel-Andersson-Joel Andersson,
13,Jesper Hansen,https://fbref.com/en/players/a3b952f8/Jesper-Hansen,1,1,dk DEN,GK,35-245,90,46,40,46,0,0,0,46,0,0,,0,,24,158,88,0,0,0,0,0,13,0,https://fbref.com/en/players/a3b952f8/Jesper-Hansen-Jesper Hansen,
