,Player Name,Player Number,Player,#,Nation,Pos,Age,Min,Gls,Ast,PK,PKatt,Sh,SoT,CrdY,CrdR,Touches,Tkl,Int,Blocks,xG,npxG,xAG,SCA,GCA,Cmp,Att,Cmp%,PrgP,Carries,PrgC,Att,Succ,Player Key,Player Link
0,Sory Kaba,https://fbref.com/en/players/d29202c2/Sory-Kaba,9,9,gn GUI,FW,25-126,81,0,1,0,0,1,0,1,0,31,0,0,2,0.2,0.2,0.0,5,1,9,17,52.9,1,21,0,2,0,https://fbref.com/en/players/d29202c2/Sory-Kaba-Sory Kaba,
1,Nicolas Madsen,https://fbref.com/en/players/6d7e4b06/Nicolas-Madsen,43,43,dk DEN,FW,20-259,9,0,0,0,0,0,0,0,0,8,0,1,0,0.0,0.0,0.0,0,0,3,6,50.0,0,4,0,0,0,https://fbref.com/en/players/6d7e4b06/Nicolas-Madsen-Nicolas Madsen,
2,Awer Mabil,https://fbref.com/en/players/922da988/Awer-Mabil,11,11,au AUS,LM,25-077,67,0,0,0,0,3,1,0,0,31,1,0,1,0.2,0.2,0.1,2,0,18,25,72.0,0,20,2,1,1,https://fbref.com/en/players/922da988/Awer-Mabil-Awer Mabil,
3,Lasse Vibe,https://fbref.com/en/players/f5f2ec59/Lasse-Vibe,26,26,dk DEN,LM,33-283,23,0,0,0,0,0,0,0,0,11,0,0,0,0.0,0.0,0.0,0,0,4,7,57.1,0,6,0,1,0,https://fbref.com/en/players/f5f2ec59/Lasse-Vibe-Lasse Vibe,
4,Frank Onyeka,https://fbref.com/en/players/2944f86f/Frank-Onyeka,38,38,ng NGA,CM,22-335,90,0,0,0,0,0,0,0,0,54,5,5,3,0.0,0.0,0.0,0,0,27,35,77.1,6,25,0,1,0,https://fbref.com/en/players/2944f86f/Frank-Onyeka-Frank Onyeka,
5,Mikael Anderson,https://fbref.com/en/players/0a721e85/Mikael-Anderson,34,34,is ISL,CM,22-153,90,0,0,0,0,3,1,0,0,35,3,2,1,0.1,0.1,0.0,1,0,8,19,42.1,2,11,0,2,2,https://fbref.com/en/players/0a721e85/Mikael-Anderson-Mikael Anderson,
6,Anders Dreyer,https://fbref.com/en/players/c6486b01/Anders-Dreyer,36,36,dk DEN,RM,22-213,81,0,0,0,0,1,1,0,0,30,0,0,2,0.1,0.1,0.0,1,0,16,24,66.7,2,12,2,1,1,https://fbref.com/en/players/c6486b01/Anders-Dreyer-Anders Dreyer,
7,Gustav Isaksen,https://fbref.com/en/players/5715bb71/Gustav-Isaksen,45,45,dk DEN,RM,19-226,9,0,0,0,0,1,0,0,0,8,0,1,2,0.0,0.0,0.0,1,0,1,3,33.3,0,4,1,0,0,https://fbref.com/en/players/5715bb71/Gustav-Isaksen-Gustav Isaksen,
8,Paulinho,https://fbref.com/en/players/f3fa599d/Paulinho,29,29,br BRA,LB,25-333,90,0,0,0,0,0,0,1,0,50,3,2,0,0.0,0.0,0.0,1,0,23,43,53.5,4,27,2,2,0,https://fbref.com/en/players/f3fa599d/Paulinho-Paulinho,
9,Alexander Scholz,https://fbref.com/en/players/b0c7a51d/Alexander-Scholz,14,14,dk DEN,CB,28-038,90,1,0,0,0,1,1,0,0,55,4,4,4,0.0,0.0,0.0,1,0,29,37,78.4,9,24,1,1,1,https://fbref.com/en/players/b0c7a51d/Alexander-Scholz-Alexander Scholz,
10,Daniel Høegh,https://fbref.com/en/players/01204d46/Daniel-Hoegh,5,5,dk DEN,CB,29-330,90,0,0,0,0,1,0,0,0,42,2,4,3,0.1,0.1,0.0,1,0,15,23,65.2,2,13,0,0,0,https://fbref.com/en/players/01204d46/Daniel-Hoegh-Daniel Høegh,
11,Manjrekar James,https://fbref.com/en/players/40676b27/Manjrekar-James,25,25,ca CAN,CB,27-118,90,0,0,0,0,0,0,0,0,37,5,3,5,0.0,0.0,0.0,1,0,9,21,42.9,1,13,0,0,0,https://fbref.com/en/players/40676b27/Manjrekar-James-Manjrekar James,
12,Joel Andersson,https://fbref.com/en/players/b5f66351/Joel-Andersson,6,6,se SWE,RB,24-020,90,0,0,0,0,0,0,0,0,57,0,5,4,0.0,0.0,0.0,1,1,28,44,63.6,4,26,0,0,0,https://fbref.com/en/players/b5f66351/Joel-Andersson-Joel Andersson,
13,Jesper Hansen,https://fbref.com/en/players/a3b952f8/Jesper-Hansen,1,1,dk DEN,GK,35-245,90,0,0,0,0,0,0,0,0,46,0,0,0,0.0,0.0,0.0,0,0,13,41,31.7,0,24,0,0,0,https://fbref.com/en/players/a3b952f8/Jesper-Hansen-Jesper Hansen,
