,Minute,Player,Squad,xG,PSxG,Outcome,Distance,Body Part,Notes,SCA 1 Player,SCA 1 Event,SCA 2 Player,SCA 2 Event
0,5,Mikael Anderson,Midtjylland,0.04,0.06,Saved,25,Left Foot,,Awer Mabil,Pass (Live),Paulinho,Pass (Live)
1,8,Anders Dreyer,Midtjylland,0.07,0.03,Saved,10,Left Foot,"Deflected, Volley",Sory Kaba,Pass (Live),Manjrekar James,Pass (Live)
2,9,Hans Hateboer,Atalanta,0.07,0.11,Saved,10,Right Foot,,,,,
3,9,Duván Zapata,Atalanta,0.55,,Off Target,7,Right Foot,,Luis Muriel,Pass (Live),Luis Muriel,Take-On
4,10,Duván Zapata,Atalanta,0.23,0.09,Saved,18,Right Foot,,Papu Gómez,Pass (Live),Matteo Pessina,Pass (Live)
5,13,Alexander Scholz,Midtjylland,0.05,0.24,Goal,19,Right Foot,,Sory Kaba,Pass (Live),Joel Andersson,Pass (Live)
6,15,Papu Gómez,Atalanta,0.04,,Blocked,21,Left Foot,,Remo Freuler,Pass (Live),Luis Muriel,Pass (Live)
7,16,Berat Djimsiti,Atalanta,0.05,,Blocked,8,Head,,Papu Gómez,Pass (Dead),Papu Gómez,Shot
8,16,Cristian Romero,Atalanta,0.07,0.03,Saved,10,Head,,Remo Freuler,Pass (Live),José Luis Palomino,Pass (Live)
9,19,Duván Zapata,Atalanta,0.07,,Blocked,11,Left Foot,,,,,
10,31,Awer Mabil,Midtjylland,0.06,0.12,Saved,28,Right Foot,Free kick,Sory Kaba,Fouled,Alexander Scholz,Pass (Live)
11,32,Matteo Pessina,Atalanta,0.05,,Off Target,15,Left Foot,,Papu Gómez,Pass (Live),José Luis Palomino,Pass (Live)
12,38,Awer Mabil,Midtjylland,0.03,,Off Target,32,Right Foot,,,,,
13,40,Luis Muriel,Atalanta,0.05,0.12,Saved,14,Right Foot,,Remo Freuler,Pass (Live),Matteo Pessina,Pass (Live)
14,42,Duván Zapata,Atalanta,0.04,0.03,Saved,22,Left Foot,,Papu Gómez,Pass (Live),Remo Freuler,Pass (Live)
15,,,,,,,,,,,,,
16,62,Daniel Høegh,Midtjylland,0.07,,Blocked,10,Head,,Awer Mabil,Pass (Dead),Sory Kaba,Fouled
17,63,Sory Kaba,Midtjylland,0.21,,Woodwork,5,Right Foot,Volley,Anders Dreyer,Pass (Dead),Daniel Høegh,Shot
18,63,Awer Mabil,Midtjylland,0.06,,Off Target,9,Right Foot,,Sory Kaba,Shot,,
19,70,Josip Iličić,Atalanta,0.06,,Blocked,23,Left Foot,Free kick,Josip Iličić,Fouled,Josip Iličić,Take-On
20,72,Robin Gosens,Atalanta,0.06,,Off Target,16,Left Foot,,Duván Zapata,Pass (Live),Duván Zapata,Pass (Live)
21,76,Amad Diallo,Atalanta,0.44,0.35,Saved,14,Right Foot,,Josip Iličić,Pass (Live),Josip Iličić,Take-On
22,76,Duván Zapata,Atalanta,0.27,,Off Target,14,Right Foot,,Amad Diallo,Shot,,
23,78,Amad Diallo,Atalanta,0.04,,Off Target,14,Head,,Hans Hateboer,Pass (Live),Josip Iličić,Pass (Live)
24,78,Amad Diallo,Atalanta,0.04,0.12,Saved,17,Right Foot,,,,,
25,79,Cristian Romero,Atalanta,0.25,0.74,Goal,11,Head,,Hans Hateboer,Pass (Live),Matteo Pessina,Pass (Live)
26,85,Duván Zapata,Atalanta,0.04,,Blocked,23,Right Foot,,Amad Diallo,Pass (Live),Berat Djimsiti,Pass (Live)
27,89,Gustav Isaksen,Midtjylland,0.04,,Blocked,20,Left Foot,,,,,
28,90,Mikael Anderson,Midtjylland,0.03,,Blocked,21,Right Foot,,Gustav Isaksen,Shot,,
29,90,Mikael Anderson,Midtjylland,0.05,,Off Target,16,Right Foot,Volley,Mikael Anderson,Shot,,
30,90+5,Cristian Romero,Atalanta,0.10,,Off Target,8,Head,,,,,
