season,injury,from,until,days,missed_games
23/24,unknown injury,"Feb 28, 2024","Mar 16, 2024",17 days,2
23/24,unknown injury,"Feb 9, 2024","Feb 14, 2024",5 days,1
23/24,Muscle injury,"Dec 12, 2023","Jan 23, 2024",42 days,4
23/24,unknown injury,"Sep 23, 2023","Sep 27, 2023",4 days,1
23/24,Rest,"Jul 28, 2023","Jul 30, 2023",2 days,-
22/23,muscular problems,"Apr 8, 2023","May 2, 2023",24 days,3
22/23,Muscle tear,"Jan 28, 2023","Feb 17, 2023",20 days,3
22/23,Hamstring injury,"Dec 18, 2022","Dec 27, 2022",9 days,-
21/22,unknown injury,"Feb 24, 2022","Mar 1, 2022",5 days,1
21/22,Shin injury,"Dec 5, 2021","Dec 8, 2021",3 days,1
20/21,unknown injury,"Apr 1, 2021","Apr 28, 2021",27 days,3
20/21,Muscle injury,"Jan 5, 2021","Feb 8, 2021",34 days,6
19/20,Shoulder injury,"Sep 28, 2019","Oct 1, 2019",3 days,1
18/19,Hamstring injury,"Apr 25, 2019","May 17, 2019",22 days,2
18/19,Knee injury,"Feb 12, 2019","Feb 27, 2019",15 days,2
