season,injury,from,until,days,missed_games
23/24,unknown injury,"Mar 14, 2024","May 14, 2024",61 days,8
22/23,Knee injury,"Oct 13, 2022","May 17, 2023",216 days,27
22/23,unknown injury,"Aug 1, 2022","Aug 17, 2022",16 days,2
21/22,unknown injury,"Mar 15, 2022","Apr 20, 2022",36 days,3
21/22,Ankle injury,"Feb 4, 2022","Feb 8, 2022",4 days,1
21/22,unknown injury,"Dec 13, 2021","Dec 20, 2021",7 days,2
19/20,Ankle injury,"Feb 16, 2020","Apr 30, 2020",74 days,4
17/18,Knee injury,"Apr 23, 2018","May 7, 2018",14 days,2
17/18,Knee injury,"Nov 17, 2017","Nov 24, 2017",7 days,1
16/17,inflammation,"Nov 17, 2016","Nov 24, 2016",7 days,1
16/17,Knee injury,"Aug 1, 2016","Sep 20, 2016",50 days,6
15/16,Head injury,"Dec 21, 2015","Dec 22, 2015",1 days,1
