season,injury,from,until,days,missed_games
23/24,Ill,"Mar 12, 2024","Mar 15, 2024",3 days,-
23/24,unknown injury,"Jan 26, 2024","Feb 1, 2024",6 days,1
22/23,Hamstring injury,"Jun 1, 2023","Jun 2, 2023",1 days,1
22/23,Ankle injury,"Mar 10, 2023","Apr 19, 2023",40 days,5
22/23,Calf injury,"Dec 30, 2022","Jan 23, 2023",24 days,4
22/23,Calf injury,"Oct 23, 2022","Dec 13, 2022",51 days,4
21/22,unknown injury,"Apr 16, 2022","Apr 18, 2022",2 days,1
19/20,Quarantine,"Mar 19, 2020","Apr 2, 2020",14 days,-
19/20,Fitness,"Nov 8, 2019","Nov 13, 2019",5 days,1
19/20,Muscle injury,"Aug 27, 2019","Nov 7, 2019",72 days,14
19/20,unknown injury,"Aug 16, 2019","Aug 20, 2019",4 days,1
18/19,Knock,"Dec 11, 2018","Dec 14, 2018",3 days,1
17/18,Hamstring strain,"Apr 22, 2018","May 10, 2018",18 days,2
17/18,Fitness,"Feb 5, 2018","Feb 26, 2018",21 days,4
17/18,Acromioclavicular joint dislocation,"Nov 2, 2017","Feb 5, 2018",95 days,12
