season,injury,from,until,days,missed_games
23/24,Ill,"Apr 22, 2024","Apr 24, 2024",2 days,-
23/24,Ankle injury,"Apr 2, 2024","Apr 12, 2024",10 days,2
23/24,unknown injury,"Feb 9, 2024","Feb 16, 2024",7 days,1
23/24,Foot injury,"Jan 21, 2024","Feb 2, 2024",12 days,2
23/24,Ill,"Jan 3, 2024","Jan 5, 2024",2 days,-
23/24,Rest,"Oct 31, 2023","Nov 2, 2023",2 days,1
23/24,Back problems,"Jul 20, 2023","Jul 25, 2023",5 days,-
22/23,Groin problems,"Jun 4, 2023","Jun 7, 2023",3 days,1
22/23,Ankle injury,"Jan 28, 2023","Jan 30, 2023",2 days,1
22/23,Ill,"Oct 11, 2022","Oct 13, 2022",2 days,-
22/23,Back problems,"Sep 11, 2022","Sep 14, 2022",3 days,1
21/22,Head injury,"Jul 2, 2022","Jul 10, 2022",8 days,2
19/20,Broken ankle,"Jul 26, 2020","Oct 31, 2020",97 days,12
