season,injury,from,until,days,missed_games
20/21,Quarantine,"Nov 10, 2020","Nov 13, 2020",3 days,1
17/18,Knee injury,"Aug 3, 2017","Nov 6, 2017",95 days,21
16/17,Knee injury,"Jul 25, 2016","Aug 15, 2016",21 days,4
15/16,Thigh problems,"Apr 4, 2016","Apr 14, 2016",10 days,2
14/15,Partial muscle tear,"Oct 13, 2014","Jan 29, 2015",108 days,15
13/14,Ankle surgery,"Mar 31, 2014","Jun 30, 2014",91 days,14
12/13,Ankle injury,"Sep 24, 2012","Oct 22, 2012",28 days,8
10/11,Cruciate ligament tear,"Apr 4, 2011","Jan 2, 2012",273 days,57
