season,injury,from,until,days,missed_games
23/24,Knee injury,"Feb 19, 2024","Apr 19, 2024",60 days,11
21/22,Muscle injury,"Apr 2, 2022","Apr 29, 2022",27 days,8
21/22,Corona virus,"Dec 30, 2021","Jan 7, 2022",8 days,2
21/22,Muscle injury,"Aug 15, 2021","Sep 11, 2021",27 days,6
20/21,Corona virus,"Feb 8, 2021","Feb 27, 2021",19 days,5
20/21,Muscle injury,"Dec 13, 2020","Jan 23, 2021",41 days,8
20/21,Hamstring injury,"Nov 13, 2020","Nov 30, 2020",17 days,5
19/20,Adductor pain,"Feb 1, 2020","Mar 7, 2020",35 days,7
16/17,Foot injury,"Feb 23, 2017","Mar 10, 2017",15 days,3
