,Player Name,Player Number,Player,#,Nation,Pos,Age,Min,Att,Live,Dead,FK,TB,Sw,Crs,TI,CK,In,Out,Str,Cmp,Off,Blocks,Player Key,Player Link
0,Burak Yılmaz,https://fbref.com/en/players/165a2e40/Burak-Yilmaz,17,17,tr TUR,FW,35-268,90,22,21,1,0,0,0,1,0,0,0,0,0,16,0,1,https://fbref.com/en/players/165a2e40/Burak-Yilmaz-Burak Yılmaz,
1,Jonathan Ikone,https://fbref.com/en/players/42eaa028/Jonathan-Ikone,10,10,fr FRA,FW,22-342,74,23,21,2,2,1,0,0,0,0,0,0,0,16,0,1,https://fbref.com/en/players/42eaa028/Jonathan-Ikone-Jonathan Ikone,
2,Timothy Weah,https://fbref.com/en/players/8eec784d/Timothy-Weah,22,22,us USA,"FW,RM",21-046,16,8,8,0,0,0,0,1,0,0,0,0,0,7,0,0,https://fbref.com/en/players/8eec784d/Timothy-Weah-Timothy Weah,
3,Jonathan Bamba,https://fbref.com/en/players/b2bd0f6c/Jonathan-Bamba,7,7,ci CIV,LM,25-014,87,46,37,8,5,0,0,5,2,1,1,0,0,31,1,0,https://fbref.com/en/players/b2bd0f6c/Jonathan-Bamba-Jonathan Bamba,
4,Domagoj Bradarić,https://fbref.com/en/players/8bbe2df5/Domagoj-Bradaric,29,29,hr CRO,LM,21-120,3,2,2,0,0,0,0,0,0,0,0,0,0,2,0,0,https://fbref.com/en/players/8bbe2df5/Domagoj-Bradaric-Domagoj Bradarić,
5,Boubakary Soumaré,https://fbref.com/en/players/ae59b359/Boubakary-Soumare,24,24,fr FRA,CM,22-041,90,43,42,1,1,0,1,0,0,0,0,0,0,34,0,0,https://fbref.com/en/players/ae59b359/Boubakary-Soumare-Boubakary Soumaré,
6,Benjamin André,https://fbref.com/en/players/ef9c1c95/Benjamin-Andre,21,21,fr FRA,CM,30-249,83,42,41,1,1,0,0,0,0,0,0,0,0,33,0,0,https://fbref.com/en/players/ef9c1c95/Benjamin-Andre-Benjamin André,
7,Xeka,https://fbref.com/en/players/f3600c02/Xeka,8,8,pt POR,CM,26-150,7,6,6,0,0,0,0,0,0,0,0,0,0,4,0,1,https://fbref.com/en/players/f3600c02/Xeka-Xeka,
8,Renato Sanches,https://fbref.com/en/players/032f894e/Renato-Sanches,18,18,pt POR,"RM,FW",23-234,90,45,42,3,1,0,0,3,1,1,0,0,0,32,0,2,https://fbref.com/en/players/032f894e/Renato-Sanches-Renato Sanches,
9,Reinildo Mandava,https://fbref.com/en/players/c20bdcd7/Reinildo-Mandava,28,28,mz MOZ,LB,27-078,90,40,30,9,0,0,0,0,9,0,0,0,0,27,1,1,https://fbref.com/en/players/c20bdcd7/Reinildo-Mandava-Reinildo Mandava,
10,Sven Botman,https://fbref.com/en/players/ccce7025/Sven-Botman,5,5,nl NED,CB,21-087,90,38,37,1,1,0,0,0,0,0,0,0,0,31,0,0,https://fbref.com/en/players/ccce7025/Sven-Botman-Sven Botman,
11,José Fonte,https://fbref.com/en/players/90f87966/Jose-Fonte,6,6,pt POR,CB,37-108,90,31,28,3,3,0,0,0,0,0,0,0,0,28,0,0,https://fbref.com/en/players/90f87966/Jose-Fonte-José Fonte,
12,Zeki Çelik,https://fbref.com/en/players/31a62dc7/Zeki-Celik,2,2,tr TUR,RB,24-051,90,83,67,16,1,0,0,3,15,0,0,0,0,64,0,1,https://fbref.com/en/players/31a62dc7/Zeki-Celik-Zeki Çelik,
13,Mike Maignan,https://fbref.com/en/players/fcb38f57/Mike-Maignan,16,16,fr FRA,GK,25-280,90,25,14,11,1,0,0,0,0,0,0,0,0,18,0,0,https://fbref.com/en/players/fcb38f57/Mike-Maignan-Mike Maignan,
