,Player Name,Player Number,Player,#,Nation,Pos,Age,Min,Touches,Def Pen,Def 3rd,Mid 3rd,Att 3rd,Att Pen,Live,Att,Succ,Succ%,Tkld,Tkld%,Carries,TotDist,PrgDist,PrgC,1/3,CPA,Mis,Dis,Rec,PrgR,Player Key,Player Link
0,Burak Yılmaz,https://fbref.com/en/players/165a2e40/Burak-Yilmaz,17,17,tr TUR,FW,35-268,90,36,3,4,15,17,4,36,2,1,50.0,1,50.0,24,89,31,2,1,2,3,3,33,5,https://fbref.com/en/players/165a2e40/Burak-Yilmaz-Burak Yılmaz,
1,Jonathan Ikone,https://fbref.com/en/players/42eaa028/Jonathan-Ikone,10,10,fr FRA,FW,22-342,74,34,1,3,19,12,0,34,1,0,0.0,1,100.0,21,85,45,0,1,0,2,2,24,4,https://fbref.com/en/players/42eaa028/Jonathan-Ikone-Jonathan Ikone,
2,Timothy Weah,https://fbref.com/en/players/8eec784d/Timothy-Weah,22,22,us USA,"FW,RM",21-046,16,8,0,2,3,3,2,8,0,0,,0,,6,57,51,2,0,1,0,0,8,2,https://fbref.com/en/players/8eec784d/Timothy-Weah-Timothy Weah,
3,Jonathan Bamba,https://fbref.com/en/players/b2bd0f6c/Jonathan-Bamba,7,7,ci CIV,LM,25-014,87,52,0,8,25,21,1,52,0,0,,0,,30,158,98,2,2,0,1,3,31,7,https://fbref.com/en/players/b2bd0f6c/Jonathan-Bamba-Jonathan Bamba,
4,Domagoj Bradarić,https://fbref.com/en/players/8bbe2df5/Domagoj-Bradaric,29,29,hr CRO,LM,21-120,3,2,0,1,0,1,0,2,0,0,,0,,2,1,1,0,0,0,0,0,2,0,https://fbref.com/en/players/8bbe2df5/Domagoj-Bradaric-Domagoj Bradarić,
5,Boubakary Soumaré,https://fbref.com/en/players/ae59b359/Boubakary-Soumare,24,24,fr FRA,CM,22-041,90,49,2,12,34,4,1,49,0,0,,0,,32,157,75,1,0,0,0,1,34,0,https://fbref.com/en/players/ae59b359/Boubakary-Soumare-Boubakary Soumaré,
6,Benjamin André,https://fbref.com/en/players/ef9c1c95/Benjamin-Andre,21,21,fr FRA,CM,30-249,83,55,3,11,30,14,3,55,0,0,,0,,28,83,37,0,0,0,1,1,31,0,https://fbref.com/en/players/ef9c1c95/Benjamin-Andre-Benjamin André,
7,Xeka,https://fbref.com/en/players/f3600c02/Xeka,8,8,pt POR,CM,26-150,7,6,0,3,3,0,0,6,0,0,,0,,2,3,0,0,0,0,0,0,4,1,https://fbref.com/en/players/f3600c02/Xeka-Xeka,
8,Renato Sanches,https://fbref.com/en/players/032f894e/Renato-Sanches,18,18,pt POR,"RM,FW",23-234,90,55,0,1,23,32,3,55,7,6,85.7,1,14.3,43,279,166,7,1,3,4,4,46,8,https://fbref.com/en/players/032f894e/Renato-Sanches-Renato Sanches,
9,Reinildo Mandava,https://fbref.com/en/players/c20bdcd7/Reinildo-Mandava,28,28,mz MOZ,LB,27-078,90,60,6,30,24,9,0,60,4,2,50.0,2,50.0,17,95,71,1,1,0,0,0,16,0,https://fbref.com/en/players/c20bdcd7/Reinildo-Mandava-Reinildo Mandava,
10,Sven Botman,https://fbref.com/en/players/ccce7025/Sven-Botman,5,5,nl NED,CB,21-087,90,45,5,29,14,2,1,45,0,0,,0,,24,83,46,0,0,0,0,0,24,0,https://fbref.com/en/players/ccce7025/Sven-Botman-Sven Botman,
11,José Fonte,https://fbref.com/en/players/90f87966/Jose-Fonte,6,6,pt POR,CB,37-108,90,38,3,19,18,1,0,38,1,1,100.0,0,0.0,20,78,34,1,0,0,0,0,23,0,https://fbref.com/en/players/90f87966/Jose-Fonte-José Fonte,
12,Zeki Çelik,https://fbref.com/en/players/31a62dc7/Zeki-Celik,2,2,tr TUR,RB,24-051,90,99,2,21,57,23,4,99,5,2,40.0,3,60.0,53,323,228,4,1,2,2,1,58,3,https://fbref.com/en/players/31a62dc7/Zeki-Celik-Zeki Çelik,
13,Mike Maignan,https://fbref.com/en/players/fcb38f57/Mike-Maignan,16,16,fr FRA,GK,25-280,90,33,31,33,0,0,0,33,0,0,,0,,15,145,57,0,0,0,0,0,6,0,https://fbref.com/en/players/fcb38f57/Mike-Maignan-Mike Maignan,
