,Player Name,Player Number,Player,#,Nation,Pos,Age,Min,Touches,Def Pen,Def 3rd,Mid 3rd,Att 3rd,Att Pen,Live,Att,Succ,Succ%,Tkld,Tkld%,Carries,TotDist,PrgDist,PrgC,1/3,CPA,Mis,Dis,Rec,PrgR,Player Key,Player Link
0,Aaron Leya Iseka,https://fbref.com/en/players/29ef0f49/Aaron-Leya-Iseka,24,24,be BEL,FW,23-145,90,28,0,1,14,14,6,27,2,0,0.0,2,100.0,15,111,51,4,1,3,2,2,22,7,https://fbref.com/en/players/29ef0f49/Aaron-Leya-Iseka-Aaron Leya Iseka,
1,Farid Boulaya,https://fbref.com/en/players/a0791826/Farid-Boulaya,10,10,dz ALG,LW,28-043,90,65,0,3,42,22,3,65,1,0,0.0,1,100.0,38,311,135,6,0,1,1,0,49,2,https://fbref.com/en/players/a0791826/Farid-Boulaya-Farid Boulaya,
2,Lamine Gueye,https://fbref.com/en/players/9d5dcc23/Lamine-Gueye,13,13,sn SEN,RW,23-027,63,35,0,4,12,20,4,35,1,0,0.0,1,100.0,18,133,51,4,1,1,3,2,22,8,https://fbref.com/en/players/9d5dcc23/Lamine-Gueye-Lamine Gueye,
3,Papa Ndiaga Yade,https://fbref.com/en/players/87e9c7cd/Papa-Ndiaga-Yade,26,26,mr MTN,RW,21-094,27,21,0,2,5,14,1,21,4,0,0.0,4,100.0,11,84,20,0,2,0,2,1,13,5,https://fbref.com/en/players/87e9c7cd/Papa-Ndiaga-Yade-Papa Ndiaga Yade,
4,Matthieu Udol,https://fbref.com/en/players/cc41f558/Matthieu-Udol,3,3,fr FRA,LM,25-020,63,39,3,10,23,6,0,39,2,0,0.0,2,100.0,24,181,68,1,1,0,4,0,22,0,https://fbref.com/en/players/cc41f558/Matthieu-Udol-Matthieu Udol,
5,Thomas Delaine,https://fbref.com/en/players/8332db56/Thomas-Delaine,17,17,fr FRA,LM,29-016,27,17,0,1,7,9,0,17,1,1,100.0,0,0.0,12,79,49,1,0,0,3,0,14,3,https://fbref.com/en/players/8332db56/Thomas-Delaine-Thomas Delaine,
6,Habib Maïga,https://fbref.com/en/players/e768de1f/Habib-Maiga,19,19,ci CIV,CM,25-098,90,54,1,13,34,9,2,54,1,0,0.0,1,100.0,22,123,67,1,2,0,0,1,33,0,https://fbref.com/en/players/e768de1f/Habib-Maiga-Habib Maïga,
7,Pape Matar Sarr,https://fbref.com/en/players/feb5d972/Pape-Matar-Sarr,15,15,sn SEN,CM,18-207,90,65,2,14,35,16,1,65,4,2,50.0,2,50.0,31,201,113,2,3,0,0,1,38,2,https://fbref.com/en/players/feb5d972/Pape-Matar-Sarr-Pape Matar Sarr,
8,Fabien Centonze,https://fbref.com/en/players/3c6bbbab/Fabien-Centonze,18,18,fr FRA,RM,25-083,90,75,2,24,24,30,2,75,6,3,50.0,3,50.0,42,354,252,7,6,0,4,1,42,6,https://fbref.com/en/players/3c6bbbab/Fabien-Centonze-Fabien Centonze,
9,John Boye,https://fbref.com/en/players/861227d2/John-Boye,21,21,gh GHA,CB,33-351,90,49,4,25,22,2,1,49,0,0,,0,,13,38,13,0,0,0,2,0,26,0,https://fbref.com/en/players/861227d2/John-Boye-John Boye,
10,Boubakar Kouyaté,https://fbref.com/en/players/562a4799/Boubakar-Kouyate,23,23,ml MLI,CB,23-359,90,61,10,45,16,1,0,61,0,0,,0,,23,160,48,0,0,0,0,0,24,0,https://fbref.com/en/players/562a4799/Boubakar-Kouyate-Boubakar Kouyaté,
11,Dylan Bronn,https://fbref.com/en/players/edd81e2a/Dylan-Bronn,2,2,tn TUN,CB,25-294,90,52,3,28,20,4,1,52,0,0,,0,,27,126,69,1,1,1,1,1,34,1,https://fbref.com/en/players/edd81e2a/Dylan-Bronn-Dylan Bronn,
12,Alexandre Oukidja,https://fbref.com/en/players/ae7d0ecd/Alexandre-Oukidja,16,16,dz ALG,GK,32-264,90,26,21,26,0,0,0,26,0,0,,0,,15,132,99,0,0,0,0,0,9,0,https://fbref.com/en/players/ae7d0ecd/Alexandre-Oukidja-Alexandre Oukidja,
