,Player Name,Player Number,Player,#,Nation,Pos,Age,Min,Att,Live,Dead,FK,TB,Sw,Crs,TI,CK,In,Out,Str,Cmp,Off,Blocks,Player Key,Player Link
0,Aaron Leya Iseka,https://fbref.com/en/players/29ef0f49/Aaron-Leya-Iseka,24,24,be BEL,FW,23-145,90,18,18,0,0,0,0,0,0,0,0,0,0,15,0,0,https://fbref.com/en/players/29ef0f49/Aaron-Leya-Iseka-Aaron Leya Iseka,
1,Farid Boulaya,https://fbref.com/en/players/a0791826/Farid-Boulaya,10,10,dz ALG,LW,28-043,90,58,46,12,4,0,2,5,0,5,2,2,0,41,0,1,https://fbref.com/en/players/a0791826/Farid-Boulaya-Farid Boulaya,
2,Lamine Gueye,https://fbref.com/en/players/9d5dcc23/Lamine-Gueye,13,13,sn SEN,RW,23-027,63,28,23,5,0,0,0,7,0,5,2,2,0,17,0,0,https://fbref.com/en/players/9d5dcc23/Lamine-Gueye-Lamine Gueye,
3,Papa Ndiaga Yade,https://fbref.com/en/players/87e9c7cd/Papa-Ndiaga-Yade,26,26,mr MTN,RW,21-094,27,8,6,2,0,0,0,1,2,0,0,0,0,5,0,1,https://fbref.com/en/players/87e9c7cd/Papa-Ndiaga-Yade-Papa Ndiaga Yade,
4,Matthieu Udol,https://fbref.com/en/players/cc41f558/Matthieu-Udol,3,3,fr FRA,LM,25-020,63,28,23,5,0,0,0,1,5,0,0,0,0,20,0,2,https://fbref.com/en/players/cc41f558/Matthieu-Udol-Matthieu Udol,
5,Thomas Delaine,https://fbref.com/en/players/8332db56/Thomas-Delaine,17,17,fr FRA,LM,29-016,27,14,12,2,0,0,0,3,2,0,0,0,0,12,0,1,https://fbref.com/en/players/8332db56/Thomas-Delaine-Thomas Delaine,
6,Habib Maïga,https://fbref.com/en/players/e768de1f/Habib-Maiga,19,19,ci CIV,CM,25-098,90,46,45,1,1,0,1,0,0,0,0,0,0,40,0,0,https://fbref.com/en/players/e768de1f/Habib-Maiga-Habib Maïga,
7,Pape Matar Sarr,https://fbref.com/en/players/feb5d972/Pape-Matar-Sarr,15,15,sn SEN,CM,18-207,90,48,47,1,1,0,2,0,0,0,0,0,0,40,0,2,https://fbref.com/en/players/feb5d972/Pape-Matar-Sarr-Pape Matar Sarr,
8,Fabien Centonze,https://fbref.com/en/players/3c6bbbab/Fabien-Centonze,18,18,fr FRA,RM,25-083,90,55,48,7,0,0,0,4,7,0,0,0,0,43,0,1,https://fbref.com/en/players/3c6bbbab/Fabien-Centonze-Fabien Centonze,
9,John Boye,https://fbref.com/en/players/861227d2/John-Boye,21,21,gh GHA,CB,33-351,90,38,37,1,0,0,0,0,1,0,0,0,0,30,0,1,https://fbref.com/en/players/861227d2/John-Boye-John Boye,
10,Boubakar Kouyaté,https://fbref.com/en/players/562a4799/Boubakar-Kouyate,23,23,ml MLI,CB,23-359,90,42,40,2,2,0,0,0,0,0,0,0,0,31,0,0,https://fbref.com/en/players/562a4799/Boubakar-Kouyate-Boubakar Kouyaté,
11,Dylan Bronn,https://fbref.com/en/players/edd81e2a/Dylan-Bronn,2,2,tn TUN,CB,25-294,90,46,41,5,4,0,0,0,1,0,0,0,0,42,0,0,https://fbref.com/en/players/edd81e2a/Dylan-Bronn-Dylan Bronn,
12,Alexandre Oukidja,https://fbref.com/en/players/ae7d0ecd/Alexandre-Oukidja,16,16,dz ALG,GK,32-264,90,26,21,5,2,0,1,0,0,0,0,0,0,15,0,1,https://fbref.com/en/players/ae7d0ecd/Alexandre-Oukidja-Alexandre Oukidja,
