,Player Name,Player Number,Player,#,Nation,Pos,Age,Min,Gls,Ast,PK,PKatt,Sh,SoT,CrdY,CrdR,Touches,Tkl,Int,Blocks,xG,npxG,xAG,SCA,GCA,Cmp,Att,Cmp%,PrgP,Carries,PrgC,Att,Succ,Player Key,Player Link
0,Aaron Leya Iseka,https://fbref.com/en/players/29ef0f49/Aaron-Leya-Iseka,24,24,be BEL,FW,23-145,90,0,0,0,1,2,1,0,0,28,3,0,0,0.9,0.1,0.1,6,0,15,18,83.3,2,15,4,2,0,https://fbref.com/en/players/29ef0f49/Aaron-Leya-Iseka-Aaron Leya Iseka,
1,Farid Boulaya,https://fbref.com/en/players/a0791826/Farid-Boulaya,10,10,dz ALG,LW,28-043,90,0,0,0,0,4,3,0,0,65,2,0,0,0.1,0.1,0.2,9,0,41,58,70.7,9,38,6,1,0,https://fbref.com/en/players/a0791826/Farid-Boulaya-Farid Boulaya,
2,Lamine Gueye,https://fbref.com/en/players/9d5dcc23/Lamine-Gueye,13,13,sn SEN,RW,23-027,63,0,0,0,0,1,1,0,0,35,0,0,0,0.7,0.7,0.1,5,0,17,28,60.7,2,18,4,1,0,https://fbref.com/en/players/9d5dcc23/Lamine-Gueye-Lamine Gueye,
3,Papa Ndiaga Yade,https://fbref.com/en/players/87e9c7cd/Papa-Ndiaga-Yade,26,26,mr MTN,RW,21-094,27,0,0,0,0,2,1,0,0,21,1,0,2,0.1,0.1,0.0,2,0,5,8,62.5,0,11,0,4,0,https://fbref.com/en/players/87e9c7cd/Papa-Ndiaga-Yade-Papa Ndiaga Yade,
4,Matthieu Udol,https://fbref.com/en/players/cc41f558/Matthieu-Udol,3,3,fr FRA,LM,25-020,63,0,0,0,0,0,0,0,0,39,2,1,1,0.0,0.0,0.0,1,0,20,28,71.4,2,24,1,2,0,https://fbref.com/en/players/cc41f558/Matthieu-Udol-Matthieu Udol,
5,Thomas Delaine,https://fbref.com/en/players/8332db56/Thomas-Delaine,17,17,fr FRA,LM,29-016,27,0,0,0,0,0,0,0,0,17,0,0,0,0.0,0.0,0.0,0,0,12,14,85.7,1,12,1,1,1,https://fbref.com/en/players/8332db56/Thomas-Delaine-Thomas Delaine,
6,Habib Maïga,https://fbref.com/en/players/e768de1f/Habib-Maiga,19,19,ci CIV,CM,25-098,90,0,0,0,0,2,0,0,0,54,2,0,1,0.2,0.2,0.0,1,0,40,46,87.0,5,22,1,1,0,https://fbref.com/en/players/e768de1f/Habib-Maiga-Habib Maïga,
7,Pape Matar Sarr,https://fbref.com/en/players/feb5d972/Pape-Matar-Sarr,15,15,sn SEN,CM,18-207,90,0,0,0,0,3,0,1,0,65,3,2,1,0.1,0.1,0.0,1,0,40,48,83.3,5,31,2,4,2,https://fbref.com/en/players/feb5d972/Pape-Matar-Sarr-Pape Matar Sarr,
8,Fabien Centonze,https://fbref.com/en/players/3c6bbbab/Fabien-Centonze,18,18,fr FRA,RM,25-083,90,0,0,0,0,2,0,0,0,75,4,1,2,0.1,0.1,0.0,1,0,43,55,78.2,6,42,7,6,3,https://fbref.com/en/players/3c6bbbab/Fabien-Centonze-Fabien Centonze,
9,John Boye,https://fbref.com/en/players/861227d2/John-Boye,21,21,gh GHA,CB,33-351,90,0,0,0,0,1,0,0,0,49,4,2,0,0.1,0.1,0.0,1,0,30,38,78.9,0,13,0,0,0,https://fbref.com/en/players/861227d2/John-Boye-John Boye,
10,Boubakar Kouyaté,https://fbref.com/en/players/562a4799/Boubakar-Kouyate,23,23,ml MLI,CB,23-359,90,0,0,0,0,0,0,1,0,61,1,1,1,0.0,0.0,0.0,1,0,31,42,73.8,0,23,0,0,0,https://fbref.com/en/players/562a4799/Boubakar-Kouyate-Boubakar Kouyaté,
11,Dylan Bronn,https://fbref.com/en/players/edd81e2a/Dylan-Bronn,2,2,tn TUN,CB,25-294,90,0,0,0,0,0,0,0,0,52,1,0,0,0.0,0.0,0.0,1,0,42,46,91.3,2,27,1,0,0,https://fbref.com/en/players/edd81e2a/Dylan-Bronn-Dylan Bronn,
12,Alexandre Oukidja,https://fbref.com/en/players/ae7d0ecd/Alexandre-Oukidja,16,16,dz ALG,GK,32-264,90,0,0,0,0,0,0,0,0,26,0,0,0,0.0,0.0,0.0,0,0,15,26,57.7,0,15,0,0,0,https://fbref.com/en/players/ae7d0ecd/Alexandre-Oukidja-Alexandre Oukidja,
