,Minute,Player,Squad,xG,PSxG,Outcome,Distance,Body Part,Notes,SCA 1 Player,SCA 1 Event,SCA 2 Player,SCA 2 Event
0,7,Farid Boulaya,Metz,0.03,0.17,Saved,26,Left Foot,Deflected,Fabien Centonze,Pass (Live),,
1,8,Pape Matar Sarr,Metz,0.05,,Off Target,15,Right Foot,,Lamine Gueye,Pass (Live),Matthieu Udol,Pass (Live)
2,13,Habib Maïga,Metz,0.04,,Blocked,36,Right Foot,Free kick,Pape Matar Sarr,Pass (Dead),Aaron Leya Iseka,Fouled
3,13,John Boye,Metz,0.07,,Blocked,17,Right Foot,Volley,Habib Maïga,Shot,,
4,17,Aaron Leya Iseka(pen),Metz,0.79,0.99,Saved,13,Right Foot,,,Fouled,John Boye,Shot
5,28,Fabien Centonze,Metz,0.02,,Off Target,29,Right Foot,,Farid Boulaya,Pass (Live),Lamine Gueye,Pass (Dead)
6,31,Aaron Leya Iseka,Metz,0.05,,Blocked,16,Left Foot,,Farid Boulaya,Pass (Dead),Aaron Leya Iseka,Fouled
7,32,Habib Maïga,Metz,0.12,,Off Target,8,Head,,Farid Boulaya,Pass (Dead),Lamine Gueye,Pass (Dead)
8,35,Jonathan Ikone,Lille,0.02,,Off Target,34,Left Foot,Volley,,,,
9,40,Zeki Çelik,Lille,0.03,0.19,Saved,22,Right Foot,,Benjamin André,Pass (Live),Jonathan Bamba,Pass (Live)
10,44,Boubakary Soumaré,Lille,0.06,0.43,Saved,10,Head,,Jonathan Bamba,Pass (Dead),Burak Yılmaz,Fouled
11,,,,,,,,,,,,,
12,47,Benjamin André,Lille,0.04,0.02,Saved,17,Head,,Renato Sanches,Pass (Dead),Burak Yılmaz,Fouled
13,50,Aaron Leya Iseka,Metz,0.07,0.14,Saved,16,Left Foot,,Farid Boulaya,Pass (Live),,
14,51,Farid Boulaya,Metz,0.03,,Off Target,19,Right Foot,,Lamine Gueye,Pass (Live),Farid Boulaya,Pass (Dead)
15,51,Pape Matar Sarr,Metz,0.02,,Blocked,35,Right Foot,,Boubakar Kouyaté,Pass (Live),Aaron Leya Iseka,Pass (Live)
16,54,Fabien Centonze,Metz,0.05,,Off Target,19,Left Foot,,Lamine Gueye,Pass (Live),Farid Boulaya,Pass (Live)
17,55,Jonathan Ikone,Lille,0.02,,Blocked,34,Left Foot,,Renato Sanches,Pass (Live),Zeki Çelik,Pass (Live)
18,58,Farid Boulaya,Metz,0.05,0.22,Saved,12,Left Foot,,Aaron Leya Iseka,Pass (Live),Farid Boulaya,Pass (Live)
19,58,Lamine Gueye,Metz,0.69,0.84,Saved,2,Left Foot,Volley,,,,
20,60,Burak Yılmaz,Lille,0.24,0.43,Goal,11,Right Foot,,Renato Sanches,Pass (Live),Zeki Çelik,Pass (Live)
21,63,Pape Matar Sarr,Metz,0.04,,Blocked,25,Right Foot,,Aaron Leya Iseka,Pass (Live),,
22,67,Papa Ndiaga Yade,Metz,0.03,,Blocked,25,Left Foot,,Aaron Leya Iseka,Pass (Live),Farid Boulaya,Pass (Live)
23,67,Papa Ndiaga Yade,Metz,0.03,0.13,Saved,27,Left Foot,Volley,Farid Boulaya,Pass (Live),Papa Ndiaga Yade,Shot
24,71,Benjamin André,Lille,0.12,0.59,Saved,9,Head,,Jonathan Bamba,Pass (Dead),Renato Sanches,Fouled
25,73,Jonathan Ikone,Lille,0.03,,Off Target,25,Left Foot,,Boubakary Soumaré,Pass (Live),Jonathan Bamba,Pass (Live)
26,81,Farid Boulaya,Metz,0.03,0.15,Saved,32,Right Foot,,Papa Ndiaga Yade,Pass (Live),Dylan Bronn,Pass (Live)
27,89,Zeki Çelik,Lille,0.04,0.49,Goal,15,Right Foot,Deflected,Domagoj Bradarić,Pass (Live),Renato Sanches,Pass (Dead)
