,Player Name,Player Number,Player,#,Nation,Pos,Age,Min,Touches,Def Pen,Def 3rd,Mid 3rd,Att 3rd,Att Pen,Live,Att,Succ,Succ%,Tkld,Tkld%,Carries,TotDist,PrgDist,PrgC,1/3,CPA,Mis,Dis,Rec,PrgR,Player Key,Player Link
0,Lewis Grabban,https://fbref.com/en/players/1a857282/Lewis-Grabban,7,7,eng ENG,FW,32-244,90,23,1,2,8,15,6,23,2,2,100.0,0,0.0,12,155,91,2,3,1,1,0,15,3,https://fbref.com/en/players/1a857282/Lewis-Grabban-Lewis Grabban,
1,Nuno da Costa,https://fbref.com/en/players/909222de/Nuno-da-Costa,9,9,cv CPV,"LW,RW",29-215,66,26,0,3,14,9,1,26,2,2,100.0,0,0.0,15,87,33,1,1,0,7,0,14,6,https://fbref.com/en/players/909222de/Nuno-da-Costa-Nuno da Costa,
2,Lyle Taylor,https://fbref.com/en/players/3e80e04e/Lyle-Taylor,33,33,ms MSR,"AM,RW",30-167,24,11,0,0,3,9,0,11,0,0,,0,,5,27,4,0,0,0,1,0,8,5,https://fbref.com/en/players/3e80e04e/Lyle-Taylor-Lyle Taylor,
3,Joe Lolley,https://fbref.com/en/players/c5f13182/Joe-Lolley,23,23,eng ENG,RW,28-018,58,22,0,1,7,16,1,22,3,2,66.7,1,33.3,15,90,39,2,2,1,1,0,14,5,https://fbref.com/en/players/c5f13182/Joe-Lolley-Joe Lolley,
4,Sammy Ameobi,https://fbref.com/en/players/acd61628/Sammy-Ameobi,11,11,eng ENG,LW,28-134,32,24,2,5,8,11,3,24,2,0,0.0,2,100.0,17,106,53,4,1,2,0,1,20,3,https://fbref.com/en/players/acd61628/Sammy-Ameobi-Sammy Ameobi,
5,Luke Freeman,https://fbref.com/en/players/636b64cd/Luke-Freeman,15,15,eng ENG,AM,28-174,73,37,0,0,17,20,0,37,2,2,100.0,0,0.0,26,202,78,4,1,0,0,5,22,5,https://fbref.com/en/players/636b64cd/Luke-Freeman-Luke Freeman,
6,Alex Mighten,https://fbref.com/en/players/10ec4169/Alex-Mighten,17,17,eng ENG,RW,18-154,17,5,0,0,1,4,1,5,1,0,0.0,1,100.0,5,36,18,1,0,1,0,0,4,1,https://fbref.com/en/players/10ec4169/Alex-Mighten-Alex Mighten,
7,Jack Colback,https://fbref.com/en/players/963a9201/Jack-Colback,8,8,eng ENG,DM,30-324,90,51,2,16,31,5,0,51,0,0,,0,,28,91,26,0,0,0,2,0,32,0,https://fbref.com/en/players/963a9201/Jack-Colback-Jack Colback,
8,Ryan Yates,https://fbref.com/en/players/c1fe2a48/Ryan-Yates,22,22,eng ENG,DM,22-296,90,45,3,13,28,5,1,45,0,0,,0,,21,61,29,0,0,0,2,2,20,0,https://fbref.com/en/players/c1fe2a48/Ryan-Yates-Ryan Yates,
9,Tyler Blackett,https://fbref.com/en/players/a68a5466/Tyler-Blackett,24,24,eng ENG,LB,26-163,90,58,2,16,26,17,1,58,1,1,100.0,0,0.0,25,143,87,4,3,0,1,0,33,4,https://fbref.com/en/players/a68a5466/Tyler-Blackett-Tyler Blackett,
10,Joe Worrall,https://fbref.com/en/players/a5212312/Joe-Worrall,4,4,eng ENG,CB,23-246,90,58,9,34,23,2,0,58,0,0,,0,,35,183,114,0,1,0,0,0,39,0,https://fbref.com/en/players/a5212312/Joe-Worrall-Joe Worrall,
11,Tobias Figueiredo,https://fbref.com/en/players/352cabbc/Tobias-Figueiredo,3,3,pt POR,CB,26-223,90,54,8,36,19,0,0,54,1,1,100.0,0,0.0,28,171,77,0,0,0,0,1,27,0,https://fbref.com/en/players/352cabbc/Tobias-Figueiredo-Tobias Figueiredo,
12,Jordan Gabriel,https://fbref.com/en/players/5d3ec9c5/Jordan-Gabriel,46,46,eng ENG,RB,21-353,90,62,2,27,23,13,0,62,0,0,,0,,18,89,29,0,0,0,1,1,18,1,https://fbref.com/en/players/5d3ec9c5/Jordan-Gabriel-Jordan Gabriel,
13,Brice Samba,https://fbref.com/en/players/60d90c55/Brice-Samba,30,30,fr FRA,GK,26-140,90,42,35,42,0,0,0,42,0,0,,0,,17,82,53,0,0,0,0,0,18,0,https://fbref.com/en/players/60d90c55/Brice-Samba-Brice Samba,
