,Player Name,Player Number,Player,#,Nation,Pos,Age,Min,Gls,Ast,PK,PKatt,Sh,SoT,CrdY,CrdR,Touches,Tkl,Int,Blocks,xG,npxG,xAG,SCA,GCA,Cmp,Att,Cmp%,PrgP,Carries,PrgC,Att,Succ,Player Key,Player Link
0,Lewis Grabban,https://fbref.com/en/players/1a857282/Lewis-Grabban,7,7,eng ENG,FW,32-244,90,0,0,0,0,4,0,0,0,23,0,0,0,1.3,1.3,0.2,2,0,14,16,87.5,2,12,2,2,2,https://fbref.com/en/players/1a857282/Lewis-Grabban-Lewis Grabban,
1,Nuno da Costa,https://fbref.com/en/players/909222de/Nuno-da-Costa,9,9,cv CPV,"LW,RW",29-215,66,0,0,0,0,0,0,0,0,26,2,0,0,0.0,0.0,0.0,2,0,8,13,61.5,1,15,1,2,2,https://fbref.com/en/players/909222de/Nuno-da-Costa-Nuno da Costa,
2,Lyle Taylor,https://fbref.com/en/players/3e80e04e/Lyle-Taylor,33,33,ms MSR,"AM,RW",30-167,24,0,0,0,0,0,0,0,0,11,0,0,0,0.0,0.0,0.0,0,0,4,9,44.4,1,5,0,0,0,https://fbref.com/en/players/3e80e04e/Lyle-Taylor-Lyle Taylor,
3,Joe Lolley,https://fbref.com/en/players/c5f13182/Joe-Lolley,23,23,eng ENG,RW,28-018,58,0,0,0,0,0,0,0,0,22,0,0,1,0.0,0.0,0.0,0,0,12,19,63.2,2,15,2,3,2,https://fbref.com/en/players/c5f13182/Joe-Lolley-Joe Lolley,
4,Sammy Ameobi,https://fbref.com/en/players/acd61628/Sammy-Ameobi,11,11,eng ENG,LW,28-134,32,0,0,0,0,1,0,0,0,24,1,0,0,0.1,0.1,1.3,3,0,12,17,70.6,1,17,4,2,0,https://fbref.com/en/players/acd61628/Sammy-Ameobi-Sammy Ameobi,
5,Luke Freeman,https://fbref.com/en/players/636b64cd/Luke-Freeman,15,15,eng ENG,AM,28-174,73,0,0,0,0,0,0,0,0,37,0,0,2,0.0,0.0,0.0,1,0,23,30,76.7,7,26,4,2,2,https://fbref.com/en/players/636b64cd/Luke-Freeman-Luke Freeman,
6,Alex Mighten,https://fbref.com/en/players/10ec4169/Alex-Mighten,17,17,eng ENG,RW,18-154,17,0,0,0,0,0,0,0,0,5,0,0,0,0.0,0.0,0.0,0,0,2,4,50.0,0,5,1,1,0,https://fbref.com/en/players/10ec4169/Alex-Mighten-Alex Mighten,
7,Jack Colback,https://fbref.com/en/players/963a9201/Jack-Colback,8,8,eng ENG,DM,30-324,90,0,0,0,0,0,0,0,0,51,3,1,1,0.0,0.0,0.0,0,0,35,44,79.5,3,28,0,0,0,https://fbref.com/en/players/963a9201/Jack-Colback-Jack Colback,
8,Ryan Yates,https://fbref.com/en/players/c1fe2a48/Ryan-Yates,22,22,eng ENG,DM,22-296,90,0,0,0,0,1,0,0,0,45,6,1,1,0.2,0.2,0.1,2,0,22,28,78.6,2,21,0,0,0,https://fbref.com/en/players/c1fe2a48/Ryan-Yates-Ryan Yates,
9,Tyler Blackett,https://fbref.com/en/players/a68a5466/Tyler-Blackett,24,24,eng ENG,LB,26-163,90,0,0,0,0,0,0,0,0,58,1,2,0,0.0,0.0,0.1,1,0,31,52,59.6,2,25,4,1,1,https://fbref.com/en/players/a68a5466/Tyler-Blackett-Tyler Blackett,
10,Joe Worrall,https://fbref.com/en/players/a5212312/Joe-Worrall,4,4,eng ENG,CB,23-246,90,0,0,0,0,0,0,0,0,58,1,1,2,0.0,0.0,0.0,0,0,39,54,72.2,6,35,0,0,0,https://fbref.com/en/players/a5212312/Joe-Worrall-Joe Worrall,
11,Tobias Figueiredo,https://fbref.com/en/players/352cabbc/Tobias-Figueiredo,3,3,pt POR,CB,26-223,90,0,0,0,0,0,0,1,0,54,1,1,0,0.0,0.0,0.0,0,0,31,47,66.0,1,28,0,1,1,https://fbref.com/en/players/352cabbc/Tobias-Figueiredo-Tobias Figueiredo,
12,Jordan Gabriel,https://fbref.com/en/players/5d3ec9c5/Jordan-Gabriel,46,46,eng ENG,RB,21-353,90,0,0,0,0,0,0,1,0,62,3,0,0,0.0,0.0,0.0,0,0,28,52,53.8,5,18,0,0,0,https://fbref.com/en/players/5d3ec9c5/Jordan-Gabriel-Jordan Gabriel,
13,Brice Samba,https://fbref.com/en/players/60d90c55/Brice-Samba,30,30,fr FRA,GK,26-140,90,0,0,0,0,0,0,0,0,42,0,0,0,0.0,0.0,0.0,0,0,28,40,70.0,0,17,0,0,0,https://fbref.com/en/players/60d90c55/Brice-Samba-Brice Samba,
