,Player Name,Player Number,Player,#,Nation,Pos,Age,Min,Att,Live,Dead,FK,TB,Sw,Crs,TI,CK,In,Out,Str,Cmp,Off,Blocks,Player Key,Player Link
0,Lewis Grabban,https://fbref.com/en/players/1a857282/Lewis-Grabban,7,7,eng ENG,FW,32-244,90,16,12,4,0,0,0,1,1,0,0,0,0,14,0,1,https://fbref.com/en/players/1a857282/Lewis-Grabban-Lewis Grabban,
1,Nuno da Costa,https://fbref.com/en/players/909222de/Nuno-da-Costa,9,9,cv CPV,"LW,RW",29-215,66,13,13,0,0,1,0,2,0,0,0,0,0,8,0,0,https://fbref.com/en/players/909222de/Nuno-da-Costa-Nuno da Costa,
2,Lyle Taylor,https://fbref.com/en/players/3e80e04e/Lyle-Taylor,33,33,ms MSR,"AM,RW",30-167,24,9,9,0,0,0,0,3,0,0,0,0,0,4,0,1,https://fbref.com/en/players/3e80e04e/Lyle-Taylor-Lyle Taylor,
3,Joe Lolley,https://fbref.com/en/players/c5f13182/Joe-Lolley,23,23,eng ENG,RW,28-018,58,19,18,1,0,0,1,1,0,1,1,0,0,12,0,0,https://fbref.com/en/players/c5f13182/Joe-Lolley-Joe Lolley,
4,Sammy Ameobi,https://fbref.com/en/players/acd61628/Sammy-Ameobi,11,11,eng ENG,LW,28-134,32,17,16,1,0,0,0,2,1,0,0,0,0,12,0,0,https://fbref.com/en/players/acd61628/Sammy-Ameobi-Sammy Ameobi,
5,Luke Freeman,https://fbref.com/en/players/636b64cd/Luke-Freeman,15,15,eng ENG,AM,28-174,73,30,26,4,2,1,0,4,1,1,0,1,0,23,0,2,https://fbref.com/en/players/636b64cd/Luke-Freeman-Luke Freeman,
6,Alex Mighten,https://fbref.com/en/players/10ec4169/Alex-Mighten,17,17,eng ENG,RW,18-154,17,4,4,0,0,0,0,2,0,0,0,0,0,2,0,0,https://fbref.com/en/players/10ec4169/Alex-Mighten-Alex Mighten,
7,Jack Colback,https://fbref.com/en/players/963a9201/Jack-Colback,8,8,eng ENG,DM,30-324,90,44,42,2,2,0,2,2,0,0,0,0,0,35,0,0,https://fbref.com/en/players/963a9201/Jack-Colback-Jack Colback,
8,Ryan Yates,https://fbref.com/en/players/c1fe2a48/Ryan-Yates,22,22,eng ENG,DM,22-296,90,28,28,0,0,0,0,0,0,0,0,0,0,22,0,0,https://fbref.com/en/players/c1fe2a48/Ryan-Yates-Ryan Yates,
9,Tyler Blackett,https://fbref.com/en/players/a68a5466/Tyler-Blackett,24,24,eng ENG,LB,26-163,90,52,42,9,0,1,0,4,9,0,0,0,0,31,1,0,https://fbref.com/en/players/a68a5466/Tyler-Blackett-Tyler Blackett,
10,Joe Worrall,https://fbref.com/en/players/a5212312/Joe-Worrall,4,4,eng ENG,CB,23-246,90,54,52,2,2,0,5,0,0,0,0,0,0,39,0,1,https://fbref.com/en/players/a5212312/Joe-Worrall-Joe Worrall,
11,Tobias Figueiredo,https://fbref.com/en/players/352cabbc/Tobias-Figueiredo,3,3,pt POR,CB,26-223,90,47,42,4,4,0,0,0,0,0,0,0,0,31,1,0,https://fbref.com/en/players/352cabbc/Tobias-Figueiredo-Tobias Figueiredo,
12,Jordan Gabriel,https://fbref.com/en/players/5d3ec9c5/Jordan-Gabriel,46,46,eng ENG,RB,21-353,90,52,31,21,0,0,0,1,21,0,0,0,0,28,0,2,https://fbref.com/en/players/5d3ec9c5/Jordan-Gabriel-Jordan Gabriel,
13,Brice Samba,https://fbref.com/en/players/60d90c55/Brice-Samba,30,30,fr FRA,GK,26-140,90,40,25,14,5,0,0,0,0,0,0,0,0,28,1,0,https://fbref.com/en/players/60d90c55/Brice-Samba-Brice Samba,
