,Player Name,Player Number,Player,#,Nation,Pos,Age,Min,Touches,Def Pen,Def 3rd,Mid 3rd,Att 3rd,Att Pen,Live,Att,Succ,Succ%,Tkld,Tkld%,Carries,TotDist,PrgDist,PrgC,1/3,CPA,Mis,Dis,Rec,PrgR,Player Key,Player Link
0,Lyndon Dykes,https://fbref.com/en/players/cd92357a/Lyndon-Dykes,9,9,sct SCO,FW,24-341,90,31,0,2,9,21,5,30,2,0,0.0,2,100.0,12,58,11,0,0,0,0,2,21,4,https://fbref.com/en/players/cd92357a/Lyndon-Dykes-Lyndon Dykes,
1,Ilias Chair,https://fbref.com/en/players/ad7873cb/Ilias-Chair,10,10,ma MAR,"LW,AM",22-318,90,50,0,5,16,29,3,50,2,2,100.0,0,0.0,30,219,71,1,0,1,1,1,30,5,https://fbref.com/en/players/ad7873cb/Ilias-Chair-Ilias Chair,
2,Bright Osayi-Samuel,https://fbref.com/en/players/03b6afa9/Bright-Osayi-Samuel,11,11,ng NGA,RW,22-256,89,30,0,4,10,16,6,30,5,3,60.0,2,40.0,25,282,179,7,5,5,2,3,23,8,https://fbref.com/en/players/03b6afa9/Bright-Osayi-Samuel-Bright Osayi-Samuel,
3,Paul Smyth,https://fbref.com/en/players/0747000e/Paul-Smyth,38,38,nir NIR,RW,23-002,1,0,0,0,0,0,0,0,0,0,,0,,0,0,0,0,0,0,0,0,0,0,https://fbref.com/en/players/0747000e/Paul-Smyth-Paul Smyth,
4,Luke Amos,https://fbref.com/en/players/77128f7e/Luke-Amos,8,8,eng ENG,"AM,DM",23-202,83,31,2,5,18,8,1,31,2,0,0.0,2,100.0,14,62,16,0,0,0,0,3,21,5,https://fbref.com/en/players/77128f7e/Luke-Amos-Luke Amos,
5,Dominic Ball,https://fbref.com/en/players/79d61875/Dominic-Ball,12,12,eng ENG,DM,25-041,7,4,0,0,2,2,1,4,0,0,,0,,1,8,6,1,0,1,1,0,1,1,https://fbref.com/en/players/79d61875/Dominic-Ball-Dominic Ball,
6,Tom Carroll,https://fbref.com/en/players/5a1900a4/Tom-Carroll,22,22,eng ENG,DM,28-107,74,45,2,11,15,19,2,45,0,0,,0,,23,70,15,0,1,0,1,1,31,1,https://fbref.com/en/players/5a1900a4/Tom-Carroll-Tom Carroll,
7,George Thomas,https://fbref.com/en/players/7ef24097/George-Thomas,19,19,wls WAL,LW,23-172,16,8,1,2,1,5,2,8,0,0,,0,,6,15,2,0,0,0,2,0,6,4,https://fbref.com/en/players/7ef24097/George-Thomas-George Thomas,
8,Geoff Cameron,https://fbref.com/en/players/1a160ea3/Geoff-Cameron,20,20,us USA,DM,35-063,90,40,3,9,23,9,0,40,2,1,50.0,1,50.0,23,65,25,0,1,0,1,0,21,0,https://fbref.com/en/players/1a160ea3/Geoff-Cameron-Geoff Cameron,
9,Lee Wallace,https://fbref.com/en/players/c3a396e2/Lee-Wallace,3,3,sct SCO,LB,33-042,90,57,2,23,12,22,2,57,0,0,,0,,20,95,43,1,1,0,2,0,26,4,https://fbref.com/en/players/c3a396e2/Lee-Wallace-Lee Wallace,
10,Yoann Barbet,https://fbref.com/en/players/c52bbd2c/Yoann-Barbet,6,6,fr FRA,CB,27-125,90,64,11,47,15,2,1,64,0,0,,0,,33,143,94,0,0,0,0,0,31,0,https://fbref.com/en/players/c52bbd2c/Yoann-Barbet-Yoann Barbet,
11,Robert Dickie,https://fbref.com/en/players/c7dfc411/Robert-Dickie,4,4,eng ENG,CB,24-193,90,57,4,36,22,0,0,57,0,0,,0,,31,119,67,0,0,0,0,0,30,0,https://fbref.com/en/players/c7dfc411/Robert-Dickie-Robert Dickie,
12,Osman Kakay,https://fbref.com/en/players/0aed0751/Osman-Kakay,24,24,sl SLE,RB,23-018,90,52,6,21,28,4,0,52,3,3,100.0,0,0.0,17,126,69,2,1,0,3,1,16,0,https://fbref.com/en/players/0aed0751/Osman-Kakay-Osman Kakay,
13,Joe Lumley,https://fbref.com/en/players/bdf3a08e/Joe-Lumley,1,1,eng ENG,GK,25-210,90,34,28,34,0,0,0,34,0,0,,0,,22,134,87,0,0,0,0,0,16,0,https://fbref.com/en/players/bdf3a08e/Joe-Lumley-Joe Lumley,
