,Player Name,Player Number,Player,#,Nation,Pos,Age,Min,Att,Live,Dead,FK,TB,Sw,Crs,TI,CK,In,Out,Str,Cmp,Off,Blocks,Player Key,Player Link
0,Lyndon Dykes,https://fbref.com/en/players/cd92357a/Lyndon-Dykes,9,9,sct SCO,FW,24-341,90,18,18,0,0,0,0,0,0,0,0,0,0,7,0,0,https://fbref.com/en/players/cd92357a/Lyndon-Dykes-Lyndon Dykes,
1,Ilias Chair,https://fbref.com/en/players/ad7873cb/Ilias-Chair,10,10,ma MAR,"LW,AM",22-318,90,46,37,9,4,1,1,5,0,4,1,0,0,32,0,2,https://fbref.com/en/players/ad7873cb/Ilias-Chair-Ilias Chair,
2,Bright Osayi-Samuel,https://fbref.com/en/players/03b6afa9/Bright-Osayi-Samuel,11,11,ng NGA,RW,22-256,89,21,21,0,0,0,0,1,0,0,0,0,0,17,0,0,https://fbref.com/en/players/03b6afa9/Bright-Osayi-Samuel-Bright Osayi-Samuel,
3,Paul Smyth,https://fbref.com/en/players/0747000e/Paul-Smyth,38,38,nir NIR,RW,23-002,1,0,0,0,0,0,0,0,0,0,0,0,0,0,0,0,https://fbref.com/en/players/0747000e/Paul-Smyth-Paul Smyth,
4,Luke Amos,https://fbref.com/en/players/77128f7e/Luke-Amos,8,8,eng ENG,"AM,DM",23-202,83,25,25,0,0,0,0,0,0,0,0,0,0,18,0,2,https://fbref.com/en/players/77128f7e/Luke-Amos-Luke Amos,
5,Dominic Ball,https://fbref.com/en/players/79d61875/Dominic-Ball,12,12,eng ENG,DM,25-041,7,2,2,0,0,0,0,0,0,0,0,0,0,1,0,0,https://fbref.com/en/players/79d61875/Dominic-Ball-Dominic Ball,
6,Tom Carroll,https://fbref.com/en/players/5a1900a4/Tom-Carroll,22,22,eng ENG,DM,28-107,74,34,32,0,0,0,0,0,0,0,0,0,0,25,2,0,https://fbref.com/en/players/5a1900a4/Tom-Carroll-Tom Carroll,
7,George Thomas,https://fbref.com/en/players/7ef24097/George-Thomas,19,19,wls WAL,LW,23-172,16,5,5,0,0,0,0,0,0,0,0,0,0,3,0,0,https://fbref.com/en/players/7ef24097/George-Thomas-George Thomas,
8,Geoff Cameron,https://fbref.com/en/players/1a160ea3/Geoff-Cameron,20,20,us USA,DM,35-063,90,34,34,0,0,2,0,0,0,0,0,0,0,21,0,1,https://fbref.com/en/players/1a160ea3/Geoff-Cameron-Geoff Cameron,
9,Lee Wallace,https://fbref.com/en/players/c3a396e2/Lee-Wallace,3,3,sct SCO,LB,33-042,90,46,32,14,0,0,1,2,14,0,0,0,0,34,0,0,https://fbref.com/en/players/c3a396e2/Lee-Wallace-Lee Wallace,
10,Yoann Barbet,https://fbref.com/en/players/c52bbd2c/Yoann-Barbet,6,6,fr FRA,CB,27-125,90,47,46,1,1,0,2,0,0,0,0,0,0,32,0,0,https://fbref.com/en/players/c52bbd2c/Yoann-Barbet-Yoann Barbet,
11,Robert Dickie,https://fbref.com/en/players/c7dfc411/Robert-Dickie,4,4,eng ENG,CB,24-193,90,50,46,4,3,0,3,0,1,0,0,0,0,36,0,1,https://fbref.com/en/players/c7dfc411/Robert-Dickie-Robert Dickie,
12,Osman Kakay,https://fbref.com/en/players/0aed0751/Osman-Kakay,24,24,sl SLE,RB,23-018,90,42,28,14,1,0,0,1,13,0,0,0,0,26,0,0,https://fbref.com/en/players/0aed0751/Osman-Kakay-Osman Kakay,
13,Joe Lumley,https://fbref.com/en/players/bdf3a08e/Joe-Lumley,1,1,eng ENG,GK,25-210,90,34,25,9,4,0,0,0,0,0,0,0,0,26,0,0,https://fbref.com/en/players/bdf3a08e/Joe-Lumley-Joe Lumley,
