,Minute,Player,Squad,xG,PSxG,Outcome,Distance,Body Part,Notes,SCA 1 Player,SCA 1 Event,SCA 2 Player,SCA 2 Event
0,2,Lyndon Dykes,QPR,0.19,,Blocked,8,Left Foot,,Luke Amos,Pass (Live),Ilias Chair,Pass (Live)
1,2,Tom Carroll,QPR,0.03,,Off Target,29,Left Foot,,Bright Osayi-Samuel,Pass (Live),Bright Osayi-Samuel,Take-On
2,19,Lewis Grabban,Nott'ham Forest,0.07,,Off Target,10,Head,,Tyler Blackett,Pass (Live),Luke Freeman,Pass (Live)
3,,,,,,,,,,,,,
4,54,Lyndon Dykes(pen),QPR,0.79,0.99,Goal,13,Right Foot,,Lyndon Dykes,Fouled,Lee Wallace,Pass (Live)
5,60,Sammy Ameobi,Nott'ham Forest,0.05,,Blocked,13,Left Foot,,Ryan Yates,Pass (Live),,
6,61,Ryan Yates,Nott'ham Forest,0.16,,Woodwork,4,Right Foot,,Lewis Grabban,Pass (Live),Nuno da Costa,Pass (Live)
7,64,Yoann Barbet,QPR,0.08,,Off Target,4,Head,,Ilias Chair,Pass (Dead),Bright Osayi-Samuel,Fouled
8,64,Lewis Grabban,Nott'ham Forest,0.74,,Off Target,4,Right Foot,,Sammy Ameobi,Pass (Live),Nuno da Costa,Pass (Live)
9,65,Bright Osayi-Samuel,QPR,0.07,,Off Target,12,Right Foot,,Luke Amos,Pass (Live),Bright Osayi-Samuel,Pass (Live)
10,76,Lyndon Dykes,QPR,0.07,,Off Target,9,Right Foot,Volley,Ilias Chair,Pass (Dead),Luke Amos,Fouled
11,78,Ilias Chair,QPR,0.04,,Blocked,19,Right Foot,,,,,
12,83,Lewis Grabban,Nott'ham Forest,0.44,,Off Target,10,Left Foot,,Sammy Ameobi,Pass (Live),Lewis Grabban,Pass (Live)
13,90+2,Lewis Grabban,Nott'ham Forest,0.07,,Off Target,19,Right Foot,,Sammy Ameobi,Pass (Live),Ryan Yates,Pass (Live)
14,90+4,Dominic Ball,QPR,0.43,0.95,Saved,14,Right Foot,,Geoff Cameron,Pass (Live),,
15,90+4,Ilias Chair,QPR,0.66,0.96,Goal,4,Left Foot,,Dominic Ball,Shot,,
