,Player Name,Player Number,Player,#,Nation,Pos,Age,Min,Att,Live,Dead,FK,TB,Sw,Crs,TI,CK,In,Out,Str,Cmp,Off,Blocks,Player Key,Player Link
0,Pedro,https://fbref.com/en/players/17758df6/Pedro,96,96,br BRA,FW,24-153,90,13,11,2,0,0,0,1,0,0,0,0,0,6,0,1,https://fbref.com/en/players/17758df6/Pedro-Pedro,
1,Madi Queita,https://fbref.com/en/players/13ab460a/Madi-Queita,10,10,gw GNB,LW,22-171,64,6,6,0,0,0,0,0,0,0,0,0,0,4,0,0,https://fbref.com/en/players/13ab460a/Madi-Queita-Madi Queita,
2,Djalma Campos,https://fbref.com/en/players/bd9813b9/Djalma-Campos,20,20,ao ANG,LW,33-315,26,9,9,0,0,0,0,2,0,0,0,0,0,5,0,0,https://fbref.com/en/players/bd9813b9/Djalma-Campos-Djalma Campos,
3,Bilel Aouacheria,https://fbref.com/en/players/77bbc5b1/Bilel-Aouacheria,26,26,fr FRA,RW,27-008,73,16,15,1,0,0,0,2,1,0,0,0,0,9,0,1,https://fbref.com/en/players/77bbc5b1/Bilel-Aouacheria-Bilel Aouacheria,
4,Hugo Seco,https://fbref.com/en/players/68ee9021/Hugo-Seco,7,7,pt POR,RW,32-297,17,3,3,0,0,0,0,0,0,0,0,0,0,2,0,1,https://fbref.com/en/players/68ee9021/Hugo-Seco-Hugo Seco,
5,Ryan Gauld,https://fbref.com/en/players/862e93c2/Ryan-Gauld,23,23,sct SCO,AM,25-115,90,31,19,11,5,0,0,12,0,6,6,0,0,17,1,1,https://fbref.com/en/players/862e93c2/Ryan-Gauld-Ryan Gauld,
6,Amine Oudrhiri,https://fbref.com/en/players/49c9c79a/Amine-Oudrhiri,5,5,ma MAR,"DM,RB",28-157,90,41,40,1,0,0,0,2,1,0,0,0,0,31,0,1,https://fbref.com/en/players/49c9c79a/Amine-Oudrhiri-Amine Oudrhiri,
7,Jonatan Lucca,https://fbref.com/en/players/b04f4533/Jonatan-Lucca,47,47,br BRA,DM,26-312,90,46,39,7,3,0,2,8,0,4,4,0,0,30,0,0,https://fbref.com/en/players/b04f4533/Jonatan-Lucca-Jonatan Lucca,
8,Abner,https://fbref.com/en/players/8e562fe7/Abner,30,30,br BRA,LB,24-315,73,36,28,8,2,0,2,2,6,0,0,0,0,23,0,0,https://fbref.com/en/players/8e562fe7/Abner-Abner,
9,Miguel Bandarra,https://fbref.com/en/players/1e4684e8/Miguel-Bandarra,17,17,pt POR,"LB,DM",25-083,17,15,13,2,0,0,0,5,0,2,2,0,0,9,0,0,https://fbref.com/en/players/1e4684e8/Miguel-Bandarra-Miguel Bandarra,
10,Eduardo Mancha,https://fbref.com/en/players/56e74f66/Eduardo-Mancha,95,95,br BRA,CB,25-137,88,30,29,1,1,0,0,0,0,0,0,0,0,26,0,0,https://fbref.com/en/players/56e74f66/Eduardo-Mancha-Eduardo Mancha,
11,André Almeida Pinto,https://fbref.com/en/players/ba6e52b0/Andre-Almeida-Pinto,25,25,pt POR,CB,31-187,2,3,3,0,0,0,0,0,0,0,0,0,0,2,0,0,https://fbref.com/en/players/ba6e52b0/Andre-Almeida-Pinto-André Almeida Pinto,
12,César,https://fbref.com/en/players/4dcde17a/Cesar,4,4,br BRA,CB,28-103,90,49,47,2,2,0,4,0,0,0,0,0,0,40,0,0,https://fbref.com/en/players/4dcde17a/Cesar-César,
13,Tomás Tavares,https://fbref.com/en/players/0dce3356/Tomas-Tavares,84,84,pt POR,"RB,LB",20-034,90,58,41,17,1,0,0,4,16,0,0,0,0,45,0,3,https://fbref.com/en/players/0dce3356/Tomas-Tavares-Tomás Tavares,
14,Beto,https://fbref.com/en/players/3b4941e4/Beto,3,3,pt POR,GK,38-344,90,25,15,10,4,0,0,0,0,0,0,0,0,18,0,0,https://fbref.com/en/players/3b4941e4/Beto-Beto,
