,Player Name,Player Number,Player,#,Nation,Pos,Age,Min,Gls,Ast,PK,PKatt,Sh,SoT,CrdY,CrdR,Touches,Tkl,Int,Blocks,xG,npxG,xAG,SCA,GCA,Cmp,Att,Cmp%,PrgP,Carries,PrgC,Att,Succ,Player Key,Player Link
0,Pedro,https://fbref.com/en/players/17758df6/Pedro,96,96,br BRA,FW,24-153,90,0,0,0,0,3,0,0,0,23,1,0,0,0.1,0.1,0.0,2,0,6,13,46.2,0,11,0,0,0,https://fbref.com/en/players/17758df6/Pedro-Pedro,
1,Madi Queita,https://fbref.com/en/players/13ab460a/Madi-Queita,10,10,gw GNB,LW,22-171,64,0,0,0,0,2,1,0,0,14,0,0,1,0.1,0.1,0.0,1,0,4,6,66.7,1,8,2,2,0,https://fbref.com/en/players/13ab460a/Madi-Queita-Madi Queita,
2,Djalma Campos,https://fbref.com/en/players/bd9813b9/Djalma-Campos,20,20,ao ANG,LW,33-315,26,0,0,0,0,0,0,1,0,13,1,0,1,0.0,0.0,0.0,1,0,5,9,55.6,0,9,0,1,0,https://fbref.com/en/players/bd9813b9/Djalma-Campos-Djalma Campos,
3,Bilel Aouacheria,https://fbref.com/en/players/77bbc5b1/Bilel-Aouacheria,26,26,fr FRA,RW,27-008,73,0,0,0,0,0,0,0,0,20,0,0,0,0.0,0.0,0.0,0,0,9,16,56.3,2,18,2,1,1,https://fbref.com/en/players/77bbc5b1/Bilel-Aouacheria-Bilel Aouacheria,
4,Hugo Seco,https://fbref.com/en/players/68ee9021/Hugo-Seco,7,7,pt POR,RW,32-297,17,0,0,0,0,0,0,1,0,5,0,0,0,0.0,0.0,0.0,0,0,2,3,66.7,0,3,0,1,1,https://fbref.com/en/players/68ee9021/Hugo-Seco-Hugo Seco,
5,Ryan Gauld,https://fbref.com/en/players/862e93c2/Ryan-Gauld,23,23,sct SCO,AM,25-115,90,0,0,0,0,3,0,0,0,43,3,0,2,0.1,0.1,0.1,6,0,17,31,54.8,3,16,2,0,0,https://fbref.com/en/players/862e93c2/Ryan-Gauld-Ryan Gauld,
6,Amine Oudrhiri,https://fbref.com/en/players/49c9c79a/Amine-Oudrhiri,5,5,ma MAR,"DM,RB",28-157,90,0,0,0,0,3,1,0,0,46,2,0,0,0.2,0.2,0.0,1,0,31,41,75.6,2,32,0,0,0,https://fbref.com/en/players/49c9c79a/Amine-Oudrhiri-Amine Oudrhiri,
7,Jonatan Lucca,https://fbref.com/en/players/b04f4533/Jonatan-Lucca,47,47,br BRA,DM,26-312,90,0,0,0,0,2,0,1,0,59,2,3,1,0.1,0.1,0.0,4,0,30,46,65.2,8,31,3,1,1,https://fbref.com/en/players/b04f4533/Jonatan-Lucca-Jonatan Lucca,
8,Abner,https://fbref.com/en/players/8e562fe7/Abner,30,30,br BRA,LB,24-315,73,0,0,0,0,0,0,0,0,38,0,0,0,0.0,0.0,0.0,0,0,23,36,63.9,6,18,1,0,0,https://fbref.com/en/players/8e562fe7/Abner-Abner,
9,Miguel Bandarra,https://fbref.com/en/players/1e4684e8/Miguel-Bandarra,17,17,pt POR,"LB,DM",25-083,17,0,0,0,0,0,0,0,0,16,1,0,0,0.0,0.0,0.1,2,0,9,15,60.0,2,12,1,0,0,https://fbref.com/en/players/1e4684e8/Miguel-Bandarra-Miguel Bandarra,
10,Eduardo Mancha,https://fbref.com/en/players/56e74f66/Eduardo-Mancha,95,95,br BRA,CB,25-137,88,0,0,0,0,0,0,0,0,47,2,3,1,0.0,0.0,0.0,0,0,26,30,86.7,2,22,0,1,0,https://fbref.com/en/players/56e74f66/Eduardo-Mancha-Eduardo Mancha,
11,André Almeida Pinto,https://fbref.com/en/players/ba6e52b0/Andre-Almeida-Pinto,25,25,pt POR,CB,31-187,2,0,0,0,0,1,0,0,0,4,0,0,0,0.0,0.0,0.0,0,0,2,3,66.7,0,2,0,0,0,https://fbref.com/en/players/ba6e52b0/Andre-Almeida-Pinto-André Almeida Pinto,
12,César,https://fbref.com/en/players/4dcde17a/Cesar,4,4,br BRA,CB,28-103,90,0,0,0,0,0,0,0,0,64,2,1,1,0.0,0.0,0.0,0,0,40,49,81.6,5,40,2,0,0,https://fbref.com/en/players/4dcde17a/Cesar-César,
13,Tomás Tavares,https://fbref.com/en/players/0dce3356/Tomas-Tavares,84,84,pt POR,"RB,LB",20-034,90,0,0,0,0,0,0,0,0,67,2,2,0,0.0,0.0,0.0,3,0,45,58,77.6,4,36,1,4,2,https://fbref.com/en/players/0dce3356/Tomas-Tavares-Tomás Tavares,
14,Beto,https://fbref.com/en/players/3b4941e4/Beto,3,3,pt POR,GK,38-344,90,0,0,0,0,0,0,0,0,26,0,0,0,0.0,0.0,0.0,1,0,18,25,72.0,0,12,0,0,0,https://fbref.com/en/players/3b4941e4/Beto-Beto,
