,Player Name,Player Number,Player,#,Nation,Pos,Age,Min,Gls,Ast,PK,PKatt,Sh,SoT,CrdY,CrdR,Touches,Tkl,Int,Blocks,xG,npxG,xAG,SCA,GCA,Cmp,Att,Cmp%,PrgP,Carries,PrgC,Att,Succ,Player Key,Player Link
0,Diederrick Joel,https://fbref.com/en/players/2986e65c/Diederrick-Joel,95,95,cm CMR,FW,27-125,74,0,0,0,0,1,0,0,0,30,2,0,1,0.1,0.1,0.0,1,0,14,20,70.0,1,9,2,0,0,https://fbref.com/en/players/2986e65c/Diederrick-Joel-Diederrick Joel,
1,Fábio China,https://fbref.com/en/players/8c014897/Fabio-China,45,45,pt POR,FW,28-277,16,0,0,0,0,0,0,0,0,5,0,1,0,0.0,0.0,0.0,0,0,2,2,100.0,0,2,0,0,0,https://fbref.com/en/players/8c014897/Fabio-China-Fábio China,
2,Ali Alipour,https://fbref.com/en/players/488ee64c/Ali-Alipour,70,70,ir IRN,FW,25-150,90,1,0,0,0,2,1,0,0,26,1,0,1,0.2,0.2,0.1,1,0,7,15,46.7,0,8,0,0,0,https://fbref.com/en/players/488ee64c/Ali-Alipour-Ali Alipour,
3,Jorge Correa,https://fbref.com/en/players/45de2ad4/Jorge-Correa,8,8,ar ARG,CM,28-006,60,0,0,0,0,2,0,0,0,27,0,0,1,0.1,0.1,0.0,2,0,10,19,52.6,2,8,2,2,1,https://fbref.com/en/players/45de2ad4/Jorge-Correa-Jorge Correa,
4,Jean,https://fbref.com/en/players/69a34ec0/Jean,6,6,br BRA,CM,26-196,30,0,0,0,0,0,0,0,0,9,0,1,1,0.0,0.0,0.0,0,0,2,5,40.0,0,5,0,1,0,https://fbref.com/en/players/69a34ec0/Jean-Jean,
5,Franck-Yves Bambock,https://fbref.com/en/players/7240e475/Franck-Yves-Bambock,18,18,fr FRA,CM,26-003,45,0,0,0,0,0,0,1,0,13,0,2,0,0.0,0.0,0.0,0,0,6,10,60.0,0,5,0,0,0,https://fbref.com/en/players/7240e475/Franck-Yves-Bambock-Franck-Yves Bambock,
6,Antreas Karo,https://fbref.com/en/players/460376b9/Antreas-Karo,46,46,cy CYP,CB,24-213,45,0,0,0,0,0,0,0,0,13,0,0,0,0.0,0.0,0.0,0,0,3,10,30.0,1,2,0,1,0,https://fbref.com/en/players/460376b9/Antreas-Karo-Antreas Karo,
7,Edgar Costa,https://fbref.com/en/players/95469c7f/Edgar-Costa,12,12,pt POR,CM,33-361,74,0,0,0,0,0,0,0,0,31,4,0,0,0.0,0.0,0.0,2,0,12,23,52.2,3,17,2,0,0,https://fbref.com/en/players/95469c7f/Edgar-Costa-Edgar Costa,
8,Milson,https://fbref.com/en/players/690f6e40/Milson,17,17,ao ANG,CM,21-180,16,0,0,0,0,0,0,0,0,8,2,0,0,0.0,0.0,0.0,0,0,2,3,66.7,0,3,0,3,1,https://fbref.com/en/players/690f6e40/Milson-Milson,
9,Marcelo Hermes,https://fbref.com/en/players/89346085/Marcelo-Hermes,86,86,br BRA,WB,26-068,89,0,0,0,0,0,0,0,0,42,2,1,1,0.0,0.0,0.1,4,0,26,37,70.3,3,9,1,0,0,https://fbref.com/en/players/89346085/Marcelo-Hermes-Marcelo Hermes,
10,Lucas Áfrico,https://fbref.com/en/players/8fd083bb/Lucas-Africo,4,4,br BRA,WB,26-064,1,0,0,0,0,0,0,0,0,1,0,0,0,0.0,0.0,0.0,0,0,0,0,,0,0,0,0,0,https://fbref.com/en/players/8fd083bb/Lucas-Africo-Lucas Áfrico,
11,Rúben Macedo,https://fbref.com/en/players/f1cc4c01/Ruben-Macedo,23,23,pt POR,WB,25-032,90,0,0,0,0,1,0,1,0,39,3,0,0,0.0,0.0,0.1,1,0,13,30,43.3,0,8,1,0,0,https://fbref.com/en/players/f1cc4c01/Ruben-Macedo-Rúben Macedo,
12,Léo Andrade,https://fbref.com/en/players/070eb3e3/Leo-Andrade,66,66,br BRA,CB,22-357,90,0,0,0,0,1,0,0,0,46,0,5,3,0.1,0.1,0.0,1,0,22,30,73.3,3,10,0,0,0,https://fbref.com/en/players/070eb3e3/Leo-Andrade-Léo Andrade,
13,Zainadine Júnior,https://fbref.com/en/players/edd65ae0/Zainadine-Junior,5,5,mz MOZ,CB,32-290,90,0,0,0,0,2,1,1,0,40,0,0,0,0.1,0.1,0.1,1,0,23,29,79.3,0,11,0,1,0,https://fbref.com/en/players/edd65ae0/Zainadine-Junior-Zainadine Júnior,
14,Rene Santos,https://fbref.com/en/players/bee587c0/Rene-Santos,25,25,br BRA,"CM,CB",28-354,90,0,0,0,0,0,0,1,0,37,1,0,1,0.0,0.0,0.0,0,0,24,34,70.6,0,13,0,1,1,https://fbref.com/en/players/bee587c0/Rene-Santos-Rene Santos,
15,Amir Abedzadeh,https://fbref.com/en/players/375d09c9/Amir-Abedzadeh,1,1,ir IRN,GK,27-349,90,0,0,0,0,0,0,0,0,38,0,0,0,0.0,0.0,0.0,0,0,17,35,48.6,0,14,0,0,0,https://fbref.com/en/players/375d09c9/Amir-Abedzadeh-Amir Abedzadeh,
