,Player Name,Player Number,Player,#,Nation,Pos,Age,Min,CrdY,CrdR,2CrdY,Fls,Fld,Off,Crs,Int,TklW,PKwon,PKcon,OG,Recov,Won,Lost,Won%,Player Key,Player Link
0,Diederrick Joel,https://fbref.com/en/players/2986e65c/Diederrick-Joel,95,95,cm CMR,FW,27-125,74,0,0,0,1,1,1,1,0,0,0,0,0,3,3,1,75.0,https://fbref.com/en/players/2986e65c/Diederrick-Joel-Diederrick Joel,
1,Fábio China,https://fbref.com/en/players/8c014897/Fabio-China,45,45,pt POR,FW,28-277,16,0,0,0,0,1,0,0,1,0,0,0,0,1,0,0,,https://fbref.com/en/players/8c014897/Fabio-China-Fábio China,
2,Ali Alipour,https://fbref.com/en/players/488ee64c/Ali-Alipour,70,70,ir IRN,FW,25-150,90,0,0,0,1,2,0,0,0,1,0,0,0,2,6,9,40.0,https://fbref.com/en/players/488ee64c/Ali-Alipour-Ali Alipour,
3,Jorge Correa,https://fbref.com/en/players/45de2ad4/Jorge-Correa,8,8,ar ARG,CM,28-006,60,0,0,0,0,1,1,1,0,0,0,0,0,8,0,1,0.0,https://fbref.com/en/players/45de2ad4/Jorge-Correa-Jorge Correa,
4,Jean,https://fbref.com/en/players/69a34ec0/Jean,6,6,br BRA,CM,26-196,30,0,0,0,0,0,0,2,1,0,0,0,0,1,0,1,0.0,https://fbref.com/en/players/69a34ec0/Jean-Jean,
5,Franck-Yves Bambock,https://fbref.com/en/players/7240e475/Franck-Yves-Bambock,18,18,fr FRA,CM,26-003,45,1,0,0,1,1,0,0,2,0,0,0,0,1,2,0,100.0,https://fbref.com/en/players/7240e475/Franck-Yves-Bambock-Franck-Yves Bambock,
6,Antreas Karo,https://fbref.com/en/players/460376b9/Antreas-Karo,46,46,cy CYP,CB,24-213,45,0,0,0,1,0,0,0,0,0,0,0,0,1,0,1,0.0,https://fbref.com/en/players/460376b9/Antreas-Karo-Antreas Karo,
7,Edgar Costa,https://fbref.com/en/players/95469c7f/Edgar-Costa,12,12,pt POR,CM,33-361,74,0,0,0,1,6,0,4,0,4,0,0,0,9,1,1,50.0,https://fbref.com/en/players/95469c7f/Edgar-Costa-Edgar Costa,
8,Milson,https://fbref.com/en/players/690f6e40/Milson,17,17,ao ANG,CM,21-180,16,0,0,0,1,2,1,1,0,2,0,0,0,1,0,0,,https://fbref.com/en/players/690f6e40/Milson-Milson,
9,Marcelo Hermes,https://fbref.com/en/players/89346085/Marcelo-Hermes,86,86,br BRA,WB,26-068,89,0,0,0,3,0,0,6,1,1,0,0,0,3,0,2,0.0,https://fbref.com/en/players/89346085/Marcelo-Hermes-Marcelo Hermes,
10,Lucas Áfrico,https://fbref.com/en/players/8fd083bb/Lucas-Africo,4,4,br BRA,WB,26-064,1,0,0,0,0,0,0,0,0,0,0,0,0,0,0,0,,https://fbref.com/en/players/8fd083bb/Lucas-Africo-Lucas Áfrico,
11,Rúben Macedo,https://fbref.com/en/players/f1cc4c01/Ruben-Macedo,23,23,pt POR,WB,25-032,90,1,0,0,4,1,0,5,0,0,0,0,0,1,1,2,33.3,https://fbref.com/en/players/f1cc4c01/Ruben-Macedo-Rúben Macedo,
12,Léo Andrade,https://fbref.com/en/players/070eb3e3/Leo-Andrade,66,66,br BRA,CB,22-357,90,0,0,0,0,0,0,0,5,0,0,0,0,3,5,1,83.3,https://fbref.com/en/players/070eb3e3/Leo-Andrade-Léo Andrade,
13,Zainadine Júnior,https://fbref.com/en/players/edd65ae0/Zainadine-Junior,5,5,mz MOZ,CB,32-290,90,1,0,0,1,2,1,1,0,0,0,0,0,2,2,2,50.0,https://fbref.com/en/players/edd65ae0/Zainadine-Junior-Zainadine Júnior,
14,Rene Santos,https://fbref.com/en/players/bee587c0/Rene-Santos,25,25,br BRA,"CM,CB",28-354,90,1,0,0,1,2,0,1,0,1,0,0,0,2,3,0,100.0,https://fbref.com/en/players/bee587c0/Rene-Santos-Rene Santos,
15,Amir Abedzadeh,https://fbref.com/en/players/375d09c9/Amir-Abedzadeh,1,1,ir IRN,GK,27-349,90,0,0,0,0,0,0,0,0,0,0,0,0,1,3,0,100.0,https://fbref.com/en/players/375d09c9/Amir-Abedzadeh-Amir Abedzadeh,
