,Player Name,Player Number,Player,#,Nation,Pos,Age,Min,Touches,Def Pen,Def 3rd,Mid 3rd,Att 3rd,Att Pen,Live,Att,Succ,Succ%,Tkld,Tkld%,Carries,TotDist,PrgDist,PrgC,1/3,CPA,Mis,Dis,Rec,PrgR,Player Key,Player Link
0,Diederrick Joel,https://fbref.com/en/players/2986e65c/Diederrick-Joel,95,95,cm CMR,FW,27-125,74,30,5,5,12,13,4,30,0,0,,0,,9,54,23,2,0,0,1,0,15,1,https://fbref.com/en/players/2986e65c/Diederrick-Joel-Diederrick Joel,
1,Fábio China,https://fbref.com/en/players/8c014897/Fabio-China,45,45,pt POR,FW,28-277,16,5,0,2,2,1,0,5,0,0,,0,,2,14,0,0,0,0,2,1,4,0,https://fbref.com/en/players/8c014897/Fabio-China-Fábio China,
2,Ali Alipour,https://fbref.com/en/players/488ee64c/Ali-Alipour,70,70,ir IRN,FW,25-150,90,26,5,8,8,10,4,26,0,0,,0,,8,28,1,0,0,0,2,2,15,4,https://fbref.com/en/players/488ee64c/Ali-Alipour-Ali Alipour,
3,Jorge Correa,https://fbref.com/en/players/45de2ad4/Jorge-Correa,8,8,ar ARG,CM,28-006,60,27,2,9,10,8,2,27,2,1,50.0,1,50.0,8,72,36,2,0,0,1,0,9,3,https://fbref.com/en/players/45de2ad4/Jorge-Correa-Jorge Correa,
4,Jean,https://fbref.com/en/players/69a34ec0/Jean,6,6,br BRA,CM,26-196,30,9,0,3,3,3,0,9,1,0,0.0,1,100.0,5,12,2,0,0,0,0,0,4,0,https://fbref.com/en/players/69a34ec0/Jean-Jean,
5,Franck-Yves Bambock,https://fbref.com/en/players/7240e475/Franck-Yves-Bambock,18,18,fr FRA,CM,26-003,45,13,1,4,9,0,0,13,0,0,,0,,5,45,8,0,0,0,0,2,8,0,https://fbref.com/en/players/7240e475/Franck-Yves-Bambock-Franck-Yves Bambock,
6,Antreas Karo,https://fbref.com/en/players/460376b9/Antreas-Karo,46,46,cy CYP,CB,24-213,45,13,1,6,7,0,0,13,1,0,0.0,1,100.0,2,10,0,0,0,0,0,0,2,0,https://fbref.com/en/players/460376b9/Antreas-Karo-Antreas Karo,
7,Edgar Costa,https://fbref.com/en/players/95469c7f/Edgar-Costa,12,12,pt POR,CM,33-361,74,31,3,11,11,11,0,31,0,0,,0,,17,92,44,2,0,0,1,2,19,0,https://fbref.com/en/players/95469c7f/Edgar-Costa-Edgar Costa,
8,Milson,https://fbref.com/en/players/690f6e40/Milson,17,17,ao ANG,CM,21-180,16,8,0,1,3,4,1,8,3,1,33.3,2,66.7,3,21,9,0,0,0,1,1,3,0,https://fbref.com/en/players/690f6e40/Milson-Milson,
9,Marcelo Hermes,https://fbref.com/en/players/89346085/Marcelo-Hermes,86,86,br BRA,WB,26-068,89,42,2,10,17,15,0,42,0,0,,0,,9,73,17,1,0,0,0,1,14,0,https://fbref.com/en/players/89346085/Marcelo-Hermes-Marcelo Hermes,
10,Lucas Áfrico,https://fbref.com/en/players/8fd083bb/Lucas-Africo,4,4,br BRA,WB,26-064,1,1,1,1,0,0,0,1,0,0,,0,,0,0,0,0,0,0,0,0,0,0,https://fbref.com/en/players/8fd083bb/Lucas-Africo-Lucas Áfrico,
11,Rúben Macedo,https://fbref.com/en/players/f1cc4c01/Ruben-Macedo,23,23,pt POR,WB,25-032,90,39,2,12,14,13,0,39,0,0,,0,,8,41,32,1,0,0,3,1,13,4,https://fbref.com/en/players/f1cc4c01/Ruben-Macedo-Rúben Macedo,
12,Léo Andrade,https://fbref.com/en/players/070eb3e3/Leo-Andrade,66,66,br BRA,CB,22-357,90,46,11,28,16,2,1,46,0,0,,0,,10,38,17,0,1,0,0,0,16,0,https://fbref.com/en/players/070eb3e3/Leo-Andrade-Léo Andrade,
13,Zainadine Júnior,https://fbref.com/en/players/edd65ae0/Zainadine-Junior,5,5,mz MOZ,CB,32-290,90,40,6,23,11,6,4,40,1,0,0.0,1,100.0,11,47,13,0,0,0,2,0,26,1,https://fbref.com/en/players/edd65ae0/Zainadine-Junior-Zainadine Júnior,
14,Rene Santos,https://fbref.com/en/players/bee587c0/Rene-Santos,25,25,br BRA,"CM,CB",28-354,90,37,6,20,17,1,0,37,1,1,100.0,0,0.0,13,65,43,0,0,0,0,0,22,0,https://fbref.com/en/players/bee587c0/Rene-Santos-Rene Santos,
15,Amir Abedzadeh,https://fbref.com/en/players/375d09c9/Amir-Abedzadeh,1,1,ir IRN,GK,27-349,90,38,34,38,0,0,0,38,0,0,,0,,14,108,66,0,0,0,0,0,10,0,https://fbref.com/en/players/375d09c9/Amir-Abedzadeh-Amir Abedzadeh,
