,Minute,Player,Squad,xG,PSxG,Outcome,Distance,Body Part,Notes,SCA 1 Player,SCA 1 Event,SCA 2 Player,SCA 2 Event
0,3,Rúben Macedo,Marítimo,0.03,,Off Target,27,Right Foot,Volley,Edgar Costa,Tackle,,
1,16,Ali Alipour,Marítimo,0.05,,Off Target,9,Head,,Rúben Macedo,Pass (Live),Edgar Costa,Pass (Live)
2,18,Amine Oudrhiri,Farense,0.03,,Off Target,11,Head,,Ryan Gauld,Pass (Dead),Amine Oudrhiri,Fouled
3,24,Madi Queita,Farense,0.07,,Blocked,11,Right Foot,,Jonatan Lucca,Pass (Live),Madi Queita,Pass (Live)
4,28,Ryan Gauld,Farense,0.02,,Off Target,32,Left Foot,,,,,
5,33,Ryan Gauld,Farense,0.04,,Woodwork,8,Head,,Jonatan Lucca,Pass (Dead),Tomás Tavares,Pass (Dead)
6,33,Amine Oudrhiri,Farense,0.12,0.05,Saved,3,Head,,Ryan Gauld,Shot,,
7,35,Diederrick Joel,Marítimo,0.10,,Blocked,13,Right Foot,,Ali Alipour,Pass (Live),Léo Andrade,Pass (Live)
8,38,Ryan Gauld,Farense,0.04,,Blocked,34,Left Foot,Free kick,Ryan Gauld,Fouled,,
9,38,Pedro,Farense,0.04,,Off Target,19,Right Foot,Volley,Ryan Gauld,Shot,,
10,43,Ali Alipour,Marítimo,0.18,0.70,Goal,5,Right Foot,Deflected,,,,
11,,,,,,,,,,,,,
12,50,Jorge Correa,Marítimo,0.05,,Blocked,16,Left Foot,,Marcelo Hermes,Pass (Live),Diederrick Joel,Pass (Live)
13,51,Zainadine Júnior,Marítimo,0.03,0.13,Saved,14,Head,,Marcelo Hermes,Pass (Dead),Jorge Correa,Shot
14,56,Jorge Correa,Marítimo,0.02,,Blocked,27,Left Foot,,,,,
15,57,Zainadine Júnior,Marítimo,0.03,,Off Target,14,Head,,Marcelo Hermes,Pass (Dead),Jorge Correa,Shot
16,58,Léo Andrade,Marítimo,0.08,,Off Target,10,Right Foot,Volley,Zainadine Júnior,Pass (Live),Marcelo Hermes,Pass (Dead)
17,58,Madi Queita,Farense,0.06,0.14,Saved,11,Left Foot,,Pedro,Pass (Live),Beto,Pass (Dead)
18,66,Pedro,Farense,0.05,,Off Target,9,Head,,Tomás Tavares,Pass (Live),Ryan Gauld,Pass (Live)
19,71,Amine Oudrhiri,Farense,0.04,,Blocked,15,Right Foot,,,,,
20,81,Jonatan Lucca,Farense,0.06,,Off Target,19,Right Foot,,Jonatan Lucca,Take-On,Ryan Gauld,Pass (Live)
21,82,Pedro,Farense,0.06,,Off Target,4,Head,,Miguel Bandarra,Pass (Dead),Jonatan Lucca,Shot
22,84,Jonatan Lucca,Farense,0.03,,Off Target,32,Right Foot,,Djalma Campos,Pass (Live),Pedro,Pass (Live)
23,90+7,André Almeida Pinto,Farense,0.04,,Off Target,12,Head,,Miguel Bandarra,Pass (Live),Tomás Tavares,Pass (Live)
