season,injury,from,until,days,missed_games
22/23,Hamstring injury,"Apr 20, 2023","May 5, 2023",15 days,4
22/23,Broken tibia,"Aug 22, 2022","Feb 1, 2023",163 days,35
21/22,Knee problems,"Nov 25, 2021","Jan 15, 2022",51 days,10
19/20,Knock,"Dec 12, 2019","Dec 23, 2019",11 days,4
18/19,Back injury,"Apr 11, 2019","Apr 15, 2019",4 days,1
18/19,Knee injury,"Jan 31, 2019","Feb 11, 2019",11 days,5
18/19,Knock,"Jan 10, 2019","Jan 31, 2019",21 days,3
18/19,Knock,"Sep 20, 2018","Oct 1, 2018",11 days,3
17/18,Ill,"Feb 22, 2018","Mar 12, 2018",18 days,4
17/18,Knee injury,"Oct 19, 2017","Oct 30, 2017",11 days,4
16/17,Hamstring injury,"Oct 10, 2016","Oct 24, 2016",14 days,2
16/17,Knee injury,"Sep 15, 2016","Sep 26, 2016",11 days,3
14/15,Knee injury,"Oct 13, 2014","Oct 23, 2014",10 days,7
13/14,Back problems,"Feb 13, 2014","Mar 27, 2014",42 days,21
13/14,Back injury,"Sep 19, 2013","Feb 10, 2014",144 days,50
