season,injury,from,until,days,missed_games
23/24,Thigh problems,"Aug 24, 2023","Sep 15, 2023",22 days,3
21/22,influenza,"Dec 17, 2021","Dec 24, 2021",7 days,2
21/22,unknown injury,"Nov 9, 2021","Nov 19, 2021",10 days,2
21/22,unknown injury,"Sep 12, 2021","Oct 12, 2021",30 days,9
20/21,Torn thigh muscle,"Jan 21, 2021","Feb 10, 2021",20 days,8
19/20,Fitness,"Aug 12, 2019","Aug 18, 2019",6 days,2
17/18,Tendon rupture,"Apr 29, 2018","Sep 19, 2018",143 days,10
17/18,Fitness,"Mar 20, 2018","Apr 13, 2018",24 days,4
17/18,Tendon rupture,"Feb 8, 2018","Mar 19, 2018",39 days,6
17/18,Fitness,"Dec 11, 2017","Dec 15, 2017",4 days,1
17/18,Ill,"Dec 4, 2017","Dec 11, 2017",7 days,1
17/18,flu,"Dec 3, 2017","Dec 6, 2017",3 days,1
17/18,Thigh problems,"Sep 7, 2017","Sep 18, 2017",11 days,2
