season,injury,from,until,days,missed_games
23/24,Muscle injury,"Oct 9, 2023","Dec 4, 2023",56 days,7
23/24,muscular problems,"Aug 24, 2023","Aug 31, 2023",7 days,2
22/23,Strain in the thigh and gluteal muscles,"Sep 20, 2022","Oct 5, 2022",15 days,1
22/23,Strain in the thigh and gluteal muscles,"Aug 4, 2022","Aug 25, 2022",21 days,2
21/22,Fissure of the fibula,"Sep 23, 2021","Nov 24, 2021",62 days,9
20/21,Fitness,"Mar 24, 2021","Apr 12, 2021",19 days,2
20/21,Corona virus,"Feb 4, 2021","Feb 19, 2021",15 days,3
20/21,Broken arm,"Dec 22, 2020","Jan 19, 2021",28 days,1
18/19,Thigh problems,"Jul 18, 2018","Aug 12, 2018",25 days,6
17/18,Knock,"Apr 20, 2018","May 1, 2018",11 days,2
17/18,Hamstring injury,"Jul 24, 2017","Sep 11, 2017",49 days,11
16/17,Thigh problems,"Apr 23, 2017","Jun 4, 2017",42 days,7
16/17,Knock,"Apr 1, 2017","Apr 7, 2017",6 days,2
16/17,Knock,"Jan 27, 2017","Feb 3, 2017",7 days,2
