season,injury,from,until,days,missed_games
21/22,Pubalgia,"Feb 3, 2022","Mar 3, 2022",28 days,7
21/22,muscular problems,"Jan 17, 2022","Jan 20, 2022",3 days,1
21/22,Adductor pain,"Nov 16, 2021","Nov 26, 2021",10 days,2
21/22,Shoulder injury,"Oct 24, 2021","Oct 29, 2021",5 days,2
20/21,Corona virus,"Apr 6, 2021","Apr 21, 2021",15 days,4
20/21,Muscle injury,"Sep 2, 2020","Oct 15, 2020",43 days,7
19/20,Calf problems,"Feb 4, 2020","Feb 18, 2020",14 days,3
18/19,Ill,"Dec 25, 2018","Dec 27, 2018",2 days,1
18/19,Adductor pain,"Nov 13, 2018","Nov 27, 2018",14 days,4
17/18,Tendonitis,"May 14, 2018","Jun 1, 2018",18 days,3
17/18,Knee injury,"Feb 18, 2018","Apr 16, 2018",57 days,14
17/18,Muscle fatigue,"Nov 19, 2017","Nov 26, 2017",7 days,3
16/17,Ankle problems,"Mar 20, 2017","Apr 9, 2017",20 days,6
16/17,Ankle problems,"Feb 26, 2017","Mar 5, 2017",7 days,2
14/15,Calf injury,"May 17, 2015","May 24, 2015",7 days,2
