season,injury,from,until,days,missed_games
23/24,Groin injury,"Mar 10, 2024","Apr 10, 2024",31 days,4
22/23,Leg injury,"May 11, 2023","May 16, 2023",5 days,1
22/23,Leg injury,"Apr 24, 2023","May 9, 2023",15 days,2
22/23,unknown injury,"Jan 14, 2023","Jan 24, 2023",10 days,2
22/23,unknown injury,"Dec 28, 2022","Jan 5, 2023",8 days,2
22/23,unknown injury,"Aug 20, 2022","Sep 18, 2022",29 days,5
21/22,Ligament injury,"Feb 3, 2022","May 11, 2022",97 days,16
21/22,unknown injury,"Dec 16, 2021","Jan 27, 2022",42 days,1
21/22,unknown injury,"Oct 13, 2021","Oct 27, 2021",14 days,4
21/22,unknown injury,"Aug 6, 2021","Aug 9, 2021",3 days,1
20/21,unknown injury,"Apr 23, 2021","Apr 28, 2021",5 days,1
20/21,unknown injury,"Feb 18, 2021","Mar 1, 2021",11 days,2
20/21,Neck injury,"Dec 21, 2020","Dec 31, 2020",10 days,1
20/21,Metatarsal fracture,"Sep 17, 2020","Oct 29, 2020",42 days,6
19/20,unknown injury,"Jul 21, 2020","Jul 23, 2020",2 days,1
