season,injury,from,until,days,missed_games
23/24,Calf injury,"Oct 1, 2023","Nov 20, 2023",50 days,7
22/23,Groin injury,"Feb 20, 2023","Mar 12, 2023",20 days,4
22/23,unknown injury,"Dec 9, 2022","Jan 1, 2023",23 days,4
22/23,Shoulder injury,"Aug 21, 2022","Sep 10, 2022",20 days,4
21/22,Head injury,"Apr 26, 2022","May 31, 2022",35 days,2
20/21,Hamstring injury,"Nov 1, 2020","Dec 1, 2020",30 days,6
19/20,Torn muscle fiber in the adductor area,"Sep 22, 2019","Oct 18, 2019",26 days,4
19/20,Hamstring injury,"Aug 11, 2019","Sep 15, 2019",35 days,7
18/19,Hamstring injury,"Mar 16, 2019","Apr 30, 2019",45 days,9
18/19,Knock,"Oct 28, 2018","Nov 15, 2018",18 days,2
14/15,Cruciate ligament injury,"Dec 14, 2014","Nov 11, 2015",332 days,45
