season,injury,from,until,days,missed_games
20/21,Achilles tendon rupture,"Dec 2, 2020","Jul 1, 2021",211 days,32
20/21,Ill,"Nov 3, 2020","Nov 5, 2020",2 days,1
18/19,Knock,"Apr 25, 2019","Apr 30, 2019",5 days,1
18/19,Knee injury,"Sep 15, 2018","Nov 19, 2018",65 days,13
17/18,Foot injury,"Nov 29, 2017","Dec 31, 2017",32 days,7
17/18,Groin strain,"Nov 16, 2017","Nov 20, 2017",4 days,1
15/16,Groin surgery,"Dec 19, 2015","Apr 3, 2016",106 days,19
11/12,Head injury,"Aug 21, 2011","Aug 30, 2011",9 days,2
