season,injury,from,until,days,missed_games
20/21,Calf injury,"Feb 1, 2021","Feb 12, 2021",11 days,3
20/21,Knock,"Jan 23, 2021","Jan 26, 2021",3 days,1
20/21,Hamstring strain,"Dec 22, 2020","Dec 28, 2020",6 days,1
20/21,Hamstring strain,"Dec 6, 2020","Dec 12, 2020",6 days,-
20/21,Hamstring injury,"Nov 24, 2020","Dec 4, 2020",10 days,1
20/21,Groin injury,"Nov 19, 2020","Nov 23, 2020",4 days,1
20/21,Chest injury,"Sep 21, 2020","Oct 2, 2020",11 days,3
19/20,Groin strain,"Jun 22, 2020","Jul 4, 2020",12 days,3
19/20,Calf injury,"Jan 2, 2020","Jan 18, 2020",16 days,2
19/20,Chest injury,"Aug 8, 2019","Sep 13, 2019",36 days,7
18/19,Knock,"May 5, 2019","May 11, 2019",6 days,-
18/19,Groin strain,"Feb 3, 2019","Feb 22, 2019",19 days,1
18/19,Groin injury,"Jan 27, 2019","Feb 1, 2019",5 days,1
18/19,Knock,"Dec 16, 2018","Jan 1, 2019",16 days,3
18/19,Ankle injury,"Dec 2, 2018","Dec 4, 2018",2 days,-
