,Player Name,Player Number,Player,#,Nation,Pos,Age,Min,Gls,Ast,PK,PKatt,Sh,SoT,CrdY,CrdR,Fls,Fld,Off,Crs,TklW,Int,OG,PKwon,PKcon,Player Key,Player Link
0,Luis Muriel,https://fbref.com/en/players/eb2fe5b6/Luis-Muriel,9,9,co COL,FW,29-293,72,0,0,0,0,4,1,0,0,0,0,0,16,1,1,0,,,https://fbref.com/en/players/eb2fe5b6/Luis-Muriel-Luis Muriel,
1,Josip Iličić,https://fbref.com/en/players/68252d6d/Josip-Ilicic,72,72,si SVN,"FW,MF",33-005,18,0,0,0,0,0,0,0,0,1,3,0,3,1,0,0,,,https://fbref.com/en/players/68252d6d/Josip-Ilicic-Josip Iličić,
2,Duván Zapata,https://fbref.com/en/players/d3de9af0/Duvan-Zapata,91,91,co COL,FW,29-308,79,0,0,0,0,4,2,0,0,1,2,0,3,0,0,0,,,https://fbref.com/en/players/d3de9af0/Duvan-Zapata-Duván Zapata,
3,Sam Lammers,https://fbref.com/en/players/c283ddef/Sam-Lammers,7,7,nl NED,FW,23-279,11,0,0,0,0,1,0,0,0,0,0,1,0,0,0,0,,,https://fbref.com/en/players/c283ddef/Sam-Lammers-Sam Lammers,
4,Matteo Pessina,https://fbref.com/en/players/780e3631/Matteo-Pessina,32,32,it ITA,AM,23-288,72,0,0,0,0,1,1,0,0,1,2,0,0,0,1,0,,,https://fbref.com/en/players/780e3631/Matteo-Pessina-Matteo Pessina,
5,Mario Pašalić,https://fbref.com/en/players/e599253a/Mario-Pasalic,88,88,hr CRO,"FW,MF",25-360,18,0,0,0,0,0,0,0,0,0,0,0,0,0,0,0,,,https://fbref.com/en/players/e599253a/Mario-Pasalic-Mario Pašalić,
6,Robin Gosens,https://fbref.com/en/players/2d970560/Robin-Gosens,8,8,de GER,DM,26-213,90,0,0,0,0,3,0,0,0,3,0,0,1,2,2,0,,,https://fbref.com/en/players/2d970560/Robin-Gosens-Robin Gosens,
7,Remo Freuler,https://fbref.com/en/players/98d2c2c4/Remo-Freuler,11,11,ch SUI,DM,28-294,90,0,0,0,0,2,0,0,0,1,0,0,0,1,1,0,,,https://fbref.com/en/players/98d2c2c4/Remo-Freuler-Remo Freuler,
8,Marten de Roon,https://fbref.com/en/players/2a1beb34/Marten-de-Roon,15,15,nl NED,DM,29-311,90,0,0,0,0,0,0,0,0,0,1,0,0,2,5,0,,,https://fbref.com/en/players/2a1beb34/Marten-de-Roon-Marten de Roon,
9,Joakim Mæhle,https://fbref.com/en/players/c459a650/Joakim-Maehle,3,3,dk DEN,DM,23-259,90,0,0,0,0,0,0,0,0,1,0,0,1,0,3,0,,,https://fbref.com/en/players/c459a650/Joakim-Maehle-Joakim Mæhle,
10,Berat Djimsiti,https://fbref.com/en/players/6eee05f1/Berat-Djimsiti,19,19,al ALB,CB,27-350,90,0,0,0,0,0,0,0,0,1,1,0,1,2,1,0,,,https://fbref.com/en/players/6eee05f1/Berat-Djimsiti-Berat Djimsiti,
11,Cristian Romero,https://fbref.com/en/players/a3d94a58/Cristian-Romero,17,17,ar ARG,CB,22-282,90,0,0,0,0,1,0,1,0,3,0,0,0,3,1,0,,,https://fbref.com/en/players/a3d94a58/Cristian-Romero-Cristian Romero,
12,Rafael Tolói,https://fbref.com/en/players/c56dc39e/Rafael-Toloi,2,2,it ITA,CB,30-116,90,0,0,0,0,1,0,0,0,1,0,0,2,3,2,0,,,https://fbref.com/en/players/c56dc39e/Rafael-Toloi-Rafael Tolói,
13,Pierluigi Gollini,https://fbref.com/en/players/f0f7f62f/Pierluigi-Gollini,95,95,it ITA,GK,25-322,90,0,0,0,0,0,0,0,0,0,0,0,0,0,0,0,,,https://fbref.com/en/players/f0f7f62f/Pierluigi-Gollini-Pierluigi Gollini,
