,Player Name,Player Number,Player,#,Nation,Pos,Age,Min,Gls,Ast,PK,PKatt,Sh,SoT,CrdY,CrdR,Fls,Fld,Off,Crs,TklW,Int,OG,PKwon,PKcon,Player Key,Player Link
0,Hirving Lozano,https://fbref.com/en/players/a69e4806/Hirving-Lozano,11,11,mx MEX,FW,25-188,81,0,0,0,0,3,1,0,0,1,1,0,0,0,0,0,,,https://fbref.com/en/players/a69e4806/Hirving-Lozano-Hirving Lozano,
1,Victor Osimhen,https://fbref.com/en/players/8c90fd7a/Victor-Osimhen,9,9,ng NGA,FW,22-036,9,0,0,0,0,0,0,0,0,0,0,0,0,1,0,0,,,https://fbref.com/en/players/8c90fd7a/Victor-Osimhen-Victor Osimhen,
2,Lorenzo Insigne,https://fbref.com/en/players/2f557579/Lorenzo-Insigne,24,24,it ITA,FW,29-244,68,0,0,0,0,5,1,0,0,0,2,0,2,1,1,0,,,https://fbref.com/en/players/2f557579/Lorenzo-Insigne-Lorenzo Insigne,
3,Piotr Zieliński,https://fbref.com/en/players/a5296e55/Piotr-Zielinski,20,20,pl POL,MF,26-259,22,0,0,0,0,0,0,0,0,0,1,0,1,0,0,0,,,https://fbref.com/en/players/a5296e55/Piotr-Zielinski-Piotr Zieliński,
4,Matteo Politano,https://fbref.com/en/players/5e861944/Matteo-Politano,21,21,it ITA,FW,27-184,65,0,0,0,0,0,0,0,0,0,1,0,1,0,0,0,,,https://fbref.com/en/players/5e861944/Matteo-Politano-Matteo Politano,
5,Andrea Petagna,https://fbref.com/en/players/03f946ed/Andrea-Petagna,37,37,it ITA,FW,25-218,25,0,0,0,0,0,0,0,0,1,2,0,0,0,0,0,,,https://fbref.com/en/players/03f946ed/Andrea-Petagna-Andrea Petagna,
6,Elseid Hysaj,https://fbref.com/en/players/2f3452eb/Elseid-Hysaj,23,23,al ALB,LM,26-349,90,0,0,0,0,0,0,0,0,1,0,0,2,0,3,0,,,https://fbref.com/en/players/2f3452eb/Elseid-Hysaj-Elseid Hysaj,
7,Tiemoué Bakayoko,https://fbref.com/en/players/59bf127b/Tiemoue-Bakayoko,5,5,fr FRA,CM,26-170,90,0,0,0,0,0,0,0,0,1,2,0,0,1,4,0,,,https://fbref.com/en/players/59bf127b/Tiemoue-Bakayoko-Tiemoué Bakayoko,
8,Diego Demme,https://fbref.com/en/players/dc3fa3b5/Diego-Demme,4,4,de GER,CM,29-074,66,0,0,0,0,1,0,0,0,2,0,0,0,1,1,0,,,https://fbref.com/en/players/dc3fa3b5/Diego-Demme-Diego Demme,
9,Elif Elmas,https://fbref.com/en/players/cf007308/Elif-Elmas,7,7,mk MKD,"FW,MF",21-132,24,0,0,0,0,0,0,0,0,0,0,0,0,1,1,0,,,https://fbref.com/en/players/cf007308/Elif-Elmas-Elif Elmas,
10,Giovanni Di Lorenzo,https://fbref.com/en/players/230a2fac/Giovanni-Di-Lorenzo,22,22,it ITA,RM,27-183,90,0,0,0,0,0,0,0,0,0,3,0,1,1,0,0,,,https://fbref.com/en/players/230a2fac/Giovanni-Di-Lorenzo-Giovanni Di Lorenzo,
11,Kalidou Koulibaly,https://fbref.com/en/players/da974c7b/Kalidou-Koulibaly,26,26,sn SEN,CB,29-228,90,0,0,0,0,1,0,1,0,2,0,0,1,2,1,0,,,https://fbref.com/en/players/da974c7b/Kalidou-Koulibaly-Kalidou Koulibaly,
12,Nikola Maksimović,https://fbref.com/en/players/16b9d5cf/Nikola-Maksimovic,19,19,rs SRB,CB,29-070,90,0,0,0,0,0,0,0,0,0,0,0,0,2,1,0,,,https://fbref.com/en/players/16b9d5cf/Nikola-Maksimovic-Nikola Maksimović,
13,Kostas Manolas,https://fbref.com/en/players/c707411f/Kostas-Manolas,44,44,gr GRE,CB,29-234,90,0,0,0,0,0,0,0,0,1,0,0,0,1,4,0,,,https://fbref.com/en/players/c707411f/Kostas-Manolas-Kostas Manolas,
14,David Ospina,https://fbref.com/en/players/82b1198a/David-Ospina,25,25,co COL,GK,32-156,90,0,0,0,0,0,0,0,0,0,0,0,0,0,0,0,,,https://fbref.com/en/players/82b1198a/David-Ospina-David Ospina,
