,Player Name,Player Number,Player,#,Nation,Pos,Age,Min,Gls,Ast,PK,PKatt,Sh,SoT,CrdY,CrdR,Touches,Tkl,Int,Blocks,xG,npxG,xAG,SCA,GCA,Cmp,Att,Cmp%,PrgP,Carries,PrgC,Att,Succ,Player Key,Player Link
0,Luis Muriel,https://fbref.com/en/players/eb2fe5b6/Luis-Muriel,9,9,co COL,FW,29-171,73,1,0,0,0,4,2,0,0,42,1,0,0,1.4,1.4,0.0,3,1,22,30,73.3,3,35,2,3,1,https://fbref.com/en/players/eb2fe5b6/Luis-Muriel-Luis Muriel,
1,Remo Freuler,https://fbref.com/en/players/98d2c2c4/Remo-Freuler,11,11,ch SUI,"AM,FW",28-172,17,0,0,0,0,1,0,0,0,17,2,0,0,0.1,0.1,0.0,0,0,11,11,100.0,0,12,0,1,0,https://fbref.com/en/players/98d2c2c4/Remo-Freuler-Remo Freuler,
2,Duván Zapata,https://fbref.com/en/players/d3de9af0/Duvan-Zapata,91,91,co COL,FW,29-186,64,1,1,0,0,5,3,0,0,38,1,0,2,0.7,0.7,0.2,9,1,17,25,68.0,0,24,4,2,2,https://fbref.com/en/players/d3de9af0/Duvan-Zapata-Duván Zapata,
3,Sam Lammers,https://fbref.com/en/players/c283ddef/Sam-Lammers,7,7,nl NED,FW,23-157,26,1,0,0,0,1,1,0,0,18,0,0,0,0.3,0.3,0.0,1,1,13,13,100.0,2,16,2,2,1,https://fbref.com/en/players/c283ddef/Sam-Lammers-Sam Lammers,
4,Papu Gómez,https://fbref.com/en/players/6e4df551/Papu-Gomez,10,10,ar ARG,AM,32-232,64,1,0,0,0,1,1,0,0,49,0,0,1,0.0,0.0,0.1,3,1,38,45,84.4,3,36,0,1,1,https://fbref.com/en/players/6e4df551/Papu-Gomez-Papu Gómez,
5,Ruslan Malinovskyi,https://fbref.com/en/players/48d5bd33/Ruslan-Malinovskyi,18,18,ua UKR,"FW,AM",27-153,26,0,0,0,0,3,2,0,0,34,1,0,0,0.3,0.3,0.0,1,0,23,27,85.2,3,24,4,2,1,https://fbref.com/en/players/48d5bd33/Ruslan-Malinovskyi-Ruslan Malinovskyi,
6,Mario Pašalić,https://fbref.com/en/players/e599253a/Mario-Pasalic,88,88,hr CRO,CM,25-238,90,1,1,0,0,2,2,0,0,86,2,1,0,0.6,0.6,1.2,8,1,65,76,85.5,15,68,4,2,0,https://fbref.com/en/players/e599253a/Mario-Pasalic-Mario Pašalić,
7,Marten de Roon,https://fbref.com/en/players/2a1beb34/Marten-de-Roon,15,15,nl NED,CM,29-189,90,0,0,0,0,2,0,0,0,80,2,3,4,0.1,0.1,0.0,2,1,53,66,80.3,5,51,1,0,0,https://fbref.com/en/players/2a1beb34/Marten-de-Roon-Marten de Roon,
8,Robin Gosens,https://fbref.com/en/players/2d970560/Robin-Gosens,8,8,de GER,WB,26-091,73,0,1,0,0,0,0,0,0,59,2,2,0,0.0,0.0,0.5,5,2,43,51,84.3,2,45,3,1,1,https://fbref.com/en/players/2d970560/Robin-Gosens-Robin Gosens,
9,Johan Mojica,https://fbref.com/en/players/608f2092/Johan-Mojica,26,26,co COL,WB,28-044,17,0,0,0,0,0,0,0,0,22,0,1,0,0.0,0.0,0.0,0,0,11,18,61.1,2,14,2,1,0,https://fbref.com/en/players/608f2092/Johan-Mojica-Johan Mojica,
10,Hans Hateboer,https://fbref.com/en/players/3b333ac3/Hans-Hateboer,33,33,nl NED,WB,26-269,90,0,0,0,0,1,0,0,0,73,3,0,0,0.0,0.0,0.0,2,0,56,63,88.9,3,49,3,3,1,https://fbref.com/en/players/3b333ac3/Hans-Hateboer-Hans Hateboer,
11,José Luis Palomino,https://fbref.com/en/players/921f6058/Jose-Luis-Palomino,6,6,ar ARG,CB,30-273,84,0,2,0,0,0,0,0,0,68,2,0,1,0.0,0.0,0.5,3,2,49,62,79.0,5,50,2,0,0,https://fbref.com/en/players/921f6058/Jose-Luis-Palomino-José Luis Palomino,
12,Bosko Sutalo,https://fbref.com/en/players/1d0bb7e4/Bosko-Sutalo,4,4,hr CRO,CB,20-277,6,0,0,0,0,0,0,0,0,6,0,0,0,0.0,0.0,0.0,0,0,5,6,83.3,0,5,0,0,0,https://fbref.com/en/players/1d0bb7e4/Bosko-Sutalo-Bosko Sutalo,
13,Cristian Romero,https://fbref.com/en/players/a3d94a58/Cristian-Romero,17,17,ar ARG,CB,22-160,90,0,0,0,0,1,1,0,0,61,0,2,1,0.0,0.0,0.0,0,0,47,51,92.2,0,41,0,0,0,https://fbref.com/en/players/a3d94a58/Cristian-Romero-Cristian Romero,
14,Berat Djimsiti,https://fbref.com/en/players/6eee05f1/Berat-Djimsiti,19,19,al ALB,CB,27-228,90,0,0,0,0,0,0,0,0,83,2,1,3,0.0,0.0,0.0,0,0,62,71,87.3,3,57,1,2,2,https://fbref.com/en/players/6eee05f1/Berat-Djimsiti-Berat Djimsiti,
15,Marco Sportiello,https://fbref.com/en/players/ac4003af/Marco-Sportiello,57,57,it ITA,GK,28-147,90,0,0,0,0,0,0,0,0,31,0,0,0,0.0,0.0,0.0,0,0,28,30,93.3,0,16,0,0,0,https://fbref.com/en/players/ac4003af/Marco-Sportiello-Marco Sportiello,
