,Player Name,Player Number,Player,#,Nation,Pos,Age,Min,Touches,Def Pen,Def 3rd,Mid 3rd,Att 3rd,Att Pen,Live,Att,Succ,Succ%,Tkld,Tkld%,Carries,TotDist,PrgDist,PrgC,1/3,CPA,Mis,Dis,Rec,PrgR,Player Key,Player Link
0,Luis Muriel,https://fbref.com/en/players/eb2fe5b6/Luis-Muriel,9,9,co COL,FW,29-171,73,42,1,3,18,21,5,42,3,1,33.3,2,66.7,35,214,78,2,0,2,4,1,34,6,https://fbref.com/en/players/eb2fe5b6/Luis-Muriel-Luis Muriel,
1,Remo Freuler,https://fbref.com/en/players/98d2c2c4/Remo-Freuler,11,11,ch SUI,"AM,FW",28-172,17,17,0,2,9,6,2,17,1,0,0.0,1,100.0,12,47,23,0,1,0,2,1,11,0,https://fbref.com/en/players/98d2c2c4/Remo-Freuler-Remo Freuler,
2,Duván Zapata,https://fbref.com/en/players/d3de9af0/Duvan-Zapata,91,91,co COL,FW,29-186,64,38,2,6,8,24,9,38,2,2,100.0,0,0.0,24,169,100,4,1,3,5,2,29,7,https://fbref.com/en/players/d3de9af0/Duvan-Zapata-Duván Zapata,
3,Sam Lammers,https://fbref.com/en/players/c283ddef/Sam-Lammers,7,7,nl NED,FW,23-157,26,18,1,1,6,11,3,18,2,1,50.0,1,50.0,16,91,81,2,1,1,2,1,17,5,https://fbref.com/en/players/c283ddef/Sam-Lammers-Sam Lammers,
4,Papu Gómez,https://fbref.com/en/players/6e4df551/Papu-Gomez,10,10,ar ARG,AM,32-232,64,49,0,7,26,17,0,49,1,1,100.0,0,0.0,36,166,51,0,1,0,1,1,40,0,https://fbref.com/en/players/6e4df551/Papu-Gomez-Papu Gómez,
5,Ruslan Malinovskyi,https://fbref.com/en/players/48d5bd33/Ruslan-Malinovskyi,18,18,ua UKR,"FW,AM",27-153,26,34,0,1,20,13,1,34,2,1,50.0,1,50.0,24,177,104,4,2,0,0,0,24,3,https://fbref.com/en/players/48d5bd33/Ruslan-Malinovskyi-Ruslan Malinovskyi,
6,Mario Pašalić,https://fbref.com/en/players/e599253a/Mario-Pasalic,88,88,hr CRO,CM,25-238,90,86,3,14,40,33,3,86,2,0,0.0,2,100.0,68,276,175,4,3,1,1,1,68,4,https://fbref.com/en/players/e599253a/Mario-Pasalic-Mario Pašalić,
7,Marten de Roon,https://fbref.com/en/players/2a1beb34/Marten-de-Roon,15,15,nl NED,CM,29-189,90,80,4,19,46,15,0,80,0,0,,0,,51,195,82,1,2,0,0,0,50,0,https://fbref.com/en/players/2a1beb34/Marten-de-Roon-Marten de Roon,
8,Robin Gosens,https://fbref.com/en/players/2d970560/Robin-Gosens,8,8,de GER,WB,26-091,73,59,1,13,23,24,2,59,1,1,100.0,0,0.0,45,211,145,3,2,0,0,0,42,7,https://fbref.com/en/players/2d970560/Robin-Gosens-Robin Gosens,
9,Johan Mojica,https://fbref.com/en/players/608f2092/Johan-Mojica,26,26,co COL,WB,28-044,17,22,0,7,10,5,1,22,1,0,0.0,1,100.0,14,88,39,2,0,1,0,0,13,2,https://fbref.com/en/players/608f2092/Johan-Mojica-Johan Mojica,
10,Hans Hateboer,https://fbref.com/en/players/3b333ac3/Hans-Hateboer,33,33,nl NED,WB,26-269,90,73,2,15,35,24,2,73,3,1,33.3,2,66.7,49,215,125,3,2,0,1,1,52,10,https://fbref.com/en/players/3b333ac3/Hans-Hateboer-Hans Hateboer,
11,José Luis Palomino,https://fbref.com/en/players/921f6058/Jose-Luis-Palomino,6,6,ar ARG,CB,30-273,84,68,5,33,32,5,0,68,0,0,,0,,50,199,138,2,1,0,0,0,50,0,https://fbref.com/en/players/921f6058/Jose-Luis-Palomino-José Luis Palomino,
12,Bosko Sutalo,https://fbref.com/en/players/1d0bb7e4/Bosko-Sutalo,4,4,hr CRO,CB,20-277,6,6,0,2,4,0,0,6,0,0,,0,,5,26,18,0,0,0,0,0,5,0,https://fbref.com/en/players/1d0bb7e4/Bosko-Sutalo-Bosko Sutalo,
13,Cristian Romero,https://fbref.com/en/players/a3d94a58/Cristian-Romero,17,17,ar ARG,CB,22-160,90,61,13,41,18,3,1,61,0,0,,0,,41,211,60,0,1,0,1,0,37,1,https://fbref.com/en/players/a3d94a58/Cristian-Romero-Cristian Romero,
14,Berat Djimsiti,https://fbref.com/en/players/6eee05f1/Berat-Djimsiti,19,19,al ALB,CB,27-228,90,83,8,34,45,5,0,83,2,2,100.0,0,0.0,57,231,130,1,1,0,2,0,53,0,https://fbref.com/en/players/6eee05f1/Berat-Djimsiti-Berat Djimsiti,
15,Marco Sportiello,https://fbref.com/en/players/ac4003af/Marco-Sportiello,57,57,it ITA,GK,28-147,90,31,28,31,0,0,0,31,0,0,,0,,16,43,19,0,0,0,0,0,16,0,https://fbref.com/en/players/ac4003af/Marco-Sportiello-Marco Sportiello,
