,Player Name,Player Number,Player,#,Nation,Pos,Age,Min,CrdY,CrdR,2CrdY,Fls,Fld,Off,Crs,Int,TklW,PKwon,PKcon,OG,Recov,Won,Lost,Won%,Player Key,Player Link
0,João Pedro,https://fbref.com/en/players/81255c03/Joao-Pedro,10,10,it ITA,FW,28-209,85,0,0,0,1,2,0,0,1,1,0,0,0,2,0,4,0.0,https://fbref.com/en/players/81255c03/Joao-Pedro-João Pedro,
1,Leonardo Pavoletti,https://fbref.com/en/players/d37b0350/Leonardo-Pavoletti,30,30,it ITA,FW,31-313,5,0,0,0,0,0,0,0,0,0,0,0,0,1,0,1,0.0,https://fbref.com/en/players/d37b0350/Leonardo-Pavoletti-Leonardo Pavoletti,
2,Giovanni Simeone,https://fbref.com/en/players/343c0d52/Giovanni-Simeone,9,9,ar ARG,FW,25-091,90,0,0,0,0,2,0,0,0,0,0,0,0,2,0,7,0.0,https://fbref.com/en/players/343c0d52/Giovanni-Simeone-Giovanni Simeone,
3,Nahitan Nández,https://fbref.com/en/players/95facda1/Nahitan-Nandez,18,18,uy URU,LM,24-281,90,0,0,0,0,1,0,1,1,0,0,0,0,5,1,4,20.0,https://fbref.com/en/players/95facda1/Nahitan-Nandez-Nahitan Nández,
4,Marko Rog,https://fbref.com/en/players/b6b2b820/Marko-Rog,6,6,hr CRO,CM,25-077,90,0,0,0,4,2,0,4,1,1,0,0,0,11,0,0,,https://fbref.com/en/players/b6b2b820/Marko-Rog-Marko Rog,
5,Răzvan Marin,https://fbref.com/en/players/7fac99d4/Razvan-Marin,8,8,ro ROU,CM,24-134,64,0,0,0,1,0,0,6,1,0,0,0,0,7,0,0,,https://fbref.com/en/players/7fac99d4/Razvan-Marin-Răzvan Marin,
6,Mattéo Tramoni,https://fbref.com/en/players/2e0ae188/Matteo-Tramoni,17,17,fr FRA,CM,20-258,26,0,0,0,0,0,0,0,1,0,0,0,0,1,0,0,,https://fbref.com/en/players/2e0ae188/Matteo-Tramoni-Mattéo Tramoni,
7,Riccardo Sottil,https://fbref.com/en/players/94816803/Riccardo-Sottil,33,33,it ITA,RM,21-123,77,0,0,0,2,1,0,1,0,0,0,0,0,6,0,1,0.0,https://fbref.com/en/players/94816803/Riccardo-Sottil-Riccardo Sottil,
8,Fabrizio Caligara,https://fbref.com/en/players/22ca11f1/Fabrizio-Caligara,12,12,it ITA,RM,20-175,13,0,0,0,0,0,0,0,0,2,0,0,0,0,0,0,,https://fbref.com/en/players/22ca11f1/Fabrizio-Caligara-Fabrizio Caligara,
9,Charalambos Lykogiannis,https://fbref.com/en/players/5efc5389/Charalambos-Lykogiannis,22,22,gr GRE,LB,26-348,90,0,0,0,0,1,0,4,2,1,0,0,0,5,1,1,50.0,https://fbref.com/en/players/5efc5389/Charalambos-Lykogiannis-Charalambos Lykogiannis,
10,Diego Godín,https://fbref.com/en/players/fc4f85b1/Diego-Godin,2,2,uy URU,CB,34-231,84,0,0,0,0,1,0,0,6,3,0,0,0,13,3,0,100.0,https://fbref.com/en/players/fc4f85b1/Diego-Godin-Diego Godín,
11,Ragnar Klavan,https://fbref.com/en/players/008a6e6d/Ragnar-Klavan,15,15,ee EST,CB,34-340,6,0,0,0,0,0,0,0,0,0,0,0,0,1,0,0,,https://fbref.com/en/players/008a6e6d/Ragnar-Klavan-Ragnar Klavan,
12,Sebastian Walukiewicz,https://fbref.com/en/players/217875a4/Sebastian-Walukiewicz,40,40,pl POL,CB,20-182,90,0,0,0,0,0,0,0,1,1,0,0,0,7,0,1,0.0,https://fbref.com/en/players/217875a4/Sebastian-Walukiewicz-Sebastian Walukiewicz,
13,Gabriele Zappa,https://fbref.com/en/players/ca3db240/Gabriele-Zappa,25,25,it ITA,RB,20-287,84,0,0,0,1,1,0,3,2,1,0,0,0,3,0,0,,https://fbref.com/en/players/ca3db240/Gabriele-Zappa-Gabriele Zappa,
14,Paolo Faragò,https://fbref.com/en/players/9085dd7c/Paolo-Farago,24,24,it ITA,RB,27-235,6,0,0,0,0,0,0,1,0,0,0,0,0,1,0,0,,https://fbref.com/en/players/9085dd7c/Paolo-Farago-Paolo Faragò,
15,Alessio Cragno,https://fbref.com/en/players/f554e29b/Alessio-Cragno,28,28,it ITA,GK,26-098,90,0,0,0,0,0,0,0,0,0,0,0,0,1,0,0,,https://fbref.com/en/players/f554e29b/Alessio-Cragno-Alessio Cragno,
