,Player Name,Player Number,Player,#,Nation,Pos,Age,Min,Touches,Def Pen,Def 3rd,Mid 3rd,Att 3rd,Att Pen,Live,Att,Succ,Succ%,Tkld,Tkld%,Carries,TotDist,PrgDist,PrgC,1/3,CPA,Mis,Dis,Rec,PrgR,Player Key,Player Link
0,João Pedro,https://fbref.com/en/players/81255c03/Joao-Pedro,10,10,it ITA,FW,28-209,85,46,0,1,30,15,3,46,4,0,0.0,4,100.0,27,120,58,2,0,0,0,0,40,6,https://fbref.com/en/players/81255c03/Joao-Pedro-João Pedro,
1,Leonardo Pavoletti,https://fbref.com/en/players/d37b0350/Leonardo-Pavoletti,30,30,it ITA,FW,31-313,5,4,0,0,2,2,1,4,0,0,,0,,0,0,0,0,0,0,0,0,1,0,https://fbref.com/en/players/d37b0350/Leonardo-Pavoletti-Leonardo Pavoletti,
2,Giovanni Simeone,https://fbref.com/en/players/343c0d52/Giovanni-Simeone,9,9,ar ARG,FW,25-091,90,34,1,1,15,18,4,34,1,0,0.0,1,100.0,17,62,32,2,1,1,2,1,23,5,https://fbref.com/en/players/343c0d52/Giovanni-Simeone-Giovanni Simeone,
3,Nahitan Nández,https://fbref.com/en/players/95facda1/Nahitan-Nandez,18,18,uy URU,LM,24-281,90,42,0,5,18,19,3,42,0,0,,0,,20,75,46,2,0,1,1,1,26,7,https://fbref.com/en/players/95facda1/Nahitan-Nandez-Nahitan Nández,
4,Marko Rog,https://fbref.com/en/players/b6b2b820/Marko-Rog,6,6,hr CRO,CM,25-077,90,79,3,24,42,14,1,79,4,3,75.0,1,25.0,42,213,148,3,3,0,3,2,54,2,https://fbref.com/en/players/b6b2b820/Marko-Rog-Marko Rog,
5,Răzvan Marin,https://fbref.com/en/players/7fac99d4/Razvan-Marin,8,8,ro ROU,CM,24-134,64,47,2,10,24,13,2,47,1,1,100.0,0,0.0,21,162,26,0,0,0,2,1,23,1,https://fbref.com/en/players/7fac99d4/Razvan-Marin-Răzvan Marin,
6,Mattéo Tramoni,https://fbref.com/en/players/2e0ae188/Matteo-Tramoni,17,17,fr FRA,CM,20-258,26,10,1,3,4,3,0,10,0,0,,0,,4,7,1,0,0,0,1,1,6,1,https://fbref.com/en/players/2e0ae188/Matteo-Tramoni-Mattéo Tramoni,
7,Riccardo Sottil,https://fbref.com/en/players/94816803/Riccardo-Sottil,33,33,it ITA,RM,21-123,77,35,1,3,14,19,5,35,3,1,33.3,2,66.7,25,247,121,5,2,2,2,1,23,2,https://fbref.com/en/players/94816803/Riccardo-Sottil-Riccardo Sottil,
8,Fabrizio Caligara,https://fbref.com/en/players/22ca11f1/Fabrizio-Caligara,12,12,it ITA,RM,20-175,13,6,0,1,3,2,0,6,0,0,,0,,2,2,2,0,0,0,1,0,3,0,https://fbref.com/en/players/22ca11f1/Fabrizio-Caligara-Fabrizio Caligara,
9,Charalambos Lykogiannis,https://fbref.com/en/players/5efc5389/Charalambos-Lykogiannis,22,22,gr GRE,LB,26-348,90,68,10,29,31,9,0,68,1,0,0.0,1,100.0,32,202,80,1,1,1,1,0,37,1,https://fbref.com/en/players/5efc5389/Charalambos-Lykogiannis-Charalambos Lykogiannis,
10,Diego Godín,https://fbref.com/en/players/fc4f85b1/Diego-Godin,2,2,uy URU,CB,34-231,84,66,15,46,17,3,2,66,0,0,,0,,36,166,69,0,0,0,0,1,36,0,https://fbref.com/en/players/fc4f85b1/Diego-Godin-Diego Godín,
11,Ragnar Klavan,https://fbref.com/en/players/008a6e6d/Ragnar-Klavan,15,15,ee EST,CB,34-340,6,5,2,4,1,0,0,5,0,0,,0,,3,15,0,0,0,0,0,0,3,0,https://fbref.com/en/players/008a6e6d/Ragnar-Klavan-Ragnar Klavan,
12,Sebastian Walukiewicz,https://fbref.com/en/players/217875a4/Sebastian-Walukiewicz,40,40,pl POL,CB,20-182,90,34,11,24,9,1,1,34,0,0,,0,,15,162,121,1,1,1,1,0,18,0,https://fbref.com/en/players/217875a4/Sebastian-Walukiewicz-Sebastian Walukiewicz,
13,Gabriele Zappa,https://fbref.com/en/players/ca3db240/Gabriele-Zappa,25,25,it ITA,RB,20-287,84,40,1,8,17,15,0,40,1,1,100.0,0,0.0,22,96,37,0,0,0,2,1,27,4,https://fbref.com/en/players/ca3db240/Gabriele-Zappa-Gabriele Zappa,
14,Paolo Faragò,https://fbref.com/en/players/9085dd7c/Paolo-Farago,24,24,it ITA,RB,27-235,6,8,0,1,1,6,0,8,0,0,,0,,3,66,3,0,0,0,0,0,4,0,https://fbref.com/en/players/9085dd7c/Paolo-Farago-Paolo Faragò,
15,Alessio Cragno,https://fbref.com/en/players/f554e29b/Alessio-Cragno,28,28,it ITA,GK,26-098,90,46,41,46,0,0,0,46,0,0,,0,,24,100,76,0,0,0,0,0,21,0,https://fbref.com/en/players/f554e29b/Alessio-Cragno-Alessio Cragno,
