,Player Name,Player Number,Player,#,Nation,Pos,Age,Min,Gls,Ast,PK,PKatt,Sh,SoT,CrdY,CrdR,Touches,Tkl,Int,Blocks,xG,npxG,xAG,SCA,GCA,Cmp,Att,Cmp%,PrgP,Carries,PrgC,Att,Succ,Player Key,Player Link
0,João Pedro,https://fbref.com/en/players/81255c03/Joao-Pedro,10,10,it ITA,FW,28-209,85,1,0,0,0,3,1,0,0,46,1,1,0,0.2,0.2,0.0,2,0,25,35,71.4,4,27,2,4,0,https://fbref.com/en/players/81255c03/Joao-Pedro-João Pedro,
1,Leonardo Pavoletti,https://fbref.com/en/players/d37b0350/Leonardo-Pavoletti,30,30,it ITA,FW,31-313,5,0,0,0,0,1,0,0,0,4,0,0,0,0.1,0.1,0.0,0,0,3,3,100.0,0,0,0,0,0,https://fbref.com/en/players/d37b0350/Leonardo-Pavoletti-Leonardo Pavoletti,
2,Giovanni Simeone,https://fbref.com/en/players/343c0d52/Giovanni-Simeone,9,9,ar ARG,FW,25-091,90,0,0,0,0,2,0,0,0,34,0,0,0,0.1,0.1,0.1,1,0,24,28,85.7,1,17,2,1,0,https://fbref.com/en/players/343c0d52/Giovanni-Simeone-Giovanni Simeone,
3,Nahitan Nández,https://fbref.com/en/players/95facda1/Nahitan-Nandez,18,18,uy URU,LM,24-281,90,0,0,0,0,1,1,0,0,42,1,1,3,0.0,0.0,0.1,2,1,22,29,75.9,5,20,2,0,0,https://fbref.com/en/players/95facda1/Nahitan-Nandez-Nahitan Nández,
4,Marko Rog,https://fbref.com/en/players/b6b2b820/Marko-Rog,6,6,hr CRO,CM,25-077,90,0,0,0,0,0,0,0,0,79,3,1,4,0.0,0.0,0.1,4,0,57,67,85.1,5,42,3,4,3,https://fbref.com/en/players/b6b2b820/Marko-Rog-Marko Rog,
5,Răzvan Marin,https://fbref.com/en/players/7fac99d4/Razvan-Marin,8,8,ro ROU,CM,24-134,64,0,1,0,0,1,0,0,0,47,2,1,1,0.1,0.1,0.1,3,1,30,37,81.1,4,21,0,1,1,https://fbref.com/en/players/7fac99d4/Razvan-Marin-Răzvan Marin,
6,Mattéo Tramoni,https://fbref.com/en/players/2e0ae188/Matteo-Tramoni,17,17,fr FRA,CM,20-258,26,0,0,0,0,1,0,0,0,10,0,1,1,0.0,0.0,0.0,0,0,2,5,40.0,0,4,0,0,0,https://fbref.com/en/players/2e0ae188/Matteo-Tramoni-Mattéo Tramoni,
7,Riccardo Sottil,https://fbref.com/en/players/94816803/Riccardo-Sottil,33,33,it ITA,RM,21-123,77,0,0,0,0,1,0,0,0,35,0,0,2,0.0,0.0,0.2,4,1,24,27,88.9,5,25,5,3,1,https://fbref.com/en/players/94816803/Riccardo-Sottil-Riccardo Sottil,
8,Fabrizio Caligara,https://fbref.com/en/players/22ca11f1/Fabrizio-Caligara,12,12,it ITA,RM,20-175,13,0,0,0,0,0,0,0,0,6,3,0,0,0.0,0.0,0.0,1,0,2,2,100.0,0,2,0,0,0,https://fbref.com/en/players/22ca11f1/Fabrizio-Caligara-Fabrizio Caligara,
9,Charalambos Lykogiannis,https://fbref.com/en/players/5efc5389/Charalambos-Lykogiannis,22,22,gr GRE,LB,26-348,90,0,1,0,0,0,0,0,0,68,3,2,2,0.0,0.0,0.1,1,1,39,52,75.0,3,32,1,1,0,https://fbref.com/en/players/5efc5389/Charalambos-Lykogiannis-Charalambos Lykogiannis,
10,Diego Godín,https://fbref.com/en/players/fc4f85b1/Diego-Godin,2,2,uy URU,CB,34-231,84,1,0,0,0,2,1,0,0,66,3,6,1,0.1,0.1,0.0,1,0,44,55,80.0,0,36,0,0,0,https://fbref.com/en/players/fc4f85b1/Diego-Godin-Diego Godín,
11,Ragnar Klavan,https://fbref.com/en/players/008a6e6d/Ragnar-Klavan,15,15,ee EST,CB,34-340,6,0,0,0,0,0,0,0,0,5,0,0,0,0.0,0.0,0.0,0,0,3,5,60.0,0,3,0,0,0,https://fbref.com/en/players/008a6e6d/Ragnar-Klavan-Ragnar Klavan,
12,Sebastian Walukiewicz,https://fbref.com/en/players/217875a4/Sebastian-Walukiewicz,40,40,pl POL,CB,20-182,90,0,0,0,0,0,0,0,0,34,1,1,1,0.0,0.0,0.0,0,0,20,25,80.0,0,15,1,0,0,https://fbref.com/en/players/217875a4/Sebastian-Walukiewicz-Sebastian Walukiewicz,
13,Gabriele Zappa,https://fbref.com/en/players/ca3db240/Gabriele-Zappa,25,25,it ITA,RB,20-287,84,0,0,0,0,0,0,0,0,40,1,2,0,0.0,0.0,0.0,2,0,25,35,71.4,2,22,0,1,1,https://fbref.com/en/players/ca3db240/Gabriele-Zappa-Gabriele Zappa,
14,Paolo Faragò,https://fbref.com/en/players/9085dd7c/Paolo-Farago,24,24,it ITA,RB,27-235,6,0,0,0,0,0,0,0,0,8,0,0,0,0.0,0.0,0.0,1,0,6,7,85.7,0,3,0,0,0,https://fbref.com/en/players/9085dd7c/Paolo-Farago-Paolo Faragò,
15,Alessio Cragno,https://fbref.com/en/players/f554e29b/Alessio-Cragno,28,28,it ITA,GK,26-098,90,0,0,0,0,0,0,0,0,46,0,0,0,0.0,0.0,0.0,0,0,27,41,65.9,0,24,0,0,0,https://fbref.com/en/players/f554e29b/Alessio-Cragno-Alessio Cragno,
