,Minute,Player,Squad,xG,PSxG,Outcome,Distance,Body Part,Notes,SCA 1 Player,SCA 1 Event,SCA 2 Player,SCA 2 Event
0,7,Luis Muriel,Atalanta,0.30,0.68,Goal,20,Right Foot,,José Luis Palomino,Pass (Live),Marten de Roon,Interception
1,11,Luis Muriel,Atalanta,0.04,,Off Target,31,Right Foot,Free kick,Robin Gosens,Fouled,Duván Zapata,Pass (Live)
2,15,Duván Zapata,Atalanta,0.13,,Blocked,12,Right Foot,,Duván Zapata,Take-On,José Luis Palomino,Pass (Live)
3,15,Marten de Roon,Atalanta,0.05,,Blocked,25,Right Foot,,Papu Gómez,Pass (Live),Duván Zapata,Shot
4,20,Luis Muriel,Atalanta,0.17,,Off Target,7,Head,,Mario Pašalić,Pass (Live),Marten de Roon,Pass (Live)
5,22,Marten de Roon,Atalanta,0.07,,Woodwork,21,Right Foot,,Duván Zapata,Pass (Live),Mario Pašalić,Pass (Live)
6,22,Mario Pašalić,Atalanta,0.07,0.05,Saved,20,Left Foot,,Duván Zapata,Pass (Live),Mario Pašalić,Pass (Live)
7,22,Riccardo Sottil,Cagliari,0.04,,Blocked,15,Right Foot,,Giovanni Simeone,Pass (Live),Gabriele Zappa,Pass (Live)
8,24,Diego Godín,Cagliari,0.07,0.63,Goal,7,Head,,Răzvan Marin,Pass (Dead),Riccardo Sottil,Pass (Live)
9,29,Papu Gómez,Atalanta,0.03,0.46,Goal,26,Right Foot,,Duván Zapata,Pass (Live),Robin Gosens,Pass (Live)
10,32,Răzvan Marin,Cagliari,0.06,,Blocked,18,Left Foot,,Răzvan Marin,Take-On,Nahitan Nández,Pass (Live)
11,35,Hans Hateboer,Atalanta,0.03,,Off Target,9,Head,,Duván Zapata,Pass (Live),Luis Muriel,Pass (Live)
12,37,Mario Pašalić,Atalanta,0.50,0.87,Goal,7,Right Foot,,Robin Gosens,Pass (Live),Luis Muriel,Pass (Live)
13,42,Duván Zapata,Atalanta,0.05,0.59,Goal,15,Right Foot,Deflected,José Luis Palomino,Pass (Live),Papu Gómez,Pass (Live)
14,44,Diego Godín,Cagliari,0.07,,Blocked,10,Head,,Marko Rog,Pass (Live),Riccardo Sottil,Pass (Live)
15,45+1,Duván Zapata,Atalanta,0.04,,Blocked,22,Right Foot,,,,,
16,,,,,,,,,,,,,
17,50,Giovanni Simeone,Cagliari,0.03,,Off Target,24,Right Foot,,Răzvan Marin,Pass (Live),Diego Godín,Pass (Live)
18,51,Duván Zapata,Atalanta,0.06,0.12,Saved,13,Right Foot,,Duván Zapata,Take-On,Robin Gosens,Pass (Live)
19,51,Luis Muriel,Atalanta,0.85,0.94,Saved,3,Left Foot,,Duván Zapata,Shot,,
20,52,Cristian Romero,Atalanta,0.05,0.14,Saved,13,Head,,Papu Gómez,Pass (Dead),Luis Muriel,Shot
21,52,João Pedro,Cagliari,0.13,0.70,Goal,9,Right Foot,,Charalambos Lykogiannis,Pass (Live),Nahitan Nández,Pass (Live)
22,55,Giovanni Simeone,Cagliari,0.12,,Off Target,13,Right Foot,,Riccardo Sottil,Pass (Live),João Pedro,Pass (Live)
23,55,João Pedro,Cagliari,0.03,,Blocked,24,Right Foot,,Marko Rog,Pass (Live),,
24,57,João Pedro,Cagliari,0.06,,Blocked,29,Right Foot,Free kick,Marko Rog,Fouled,Marko Rog,Interception
25,63,Duván Zapata,Atalanta,0.40,0.28,Saved,9,Left Foot,,Mario Pašalić,Pass (Live),Robin Gosens,Pass (Live)
26,69,Mattéo Tramoni,Cagliari,0.03,,Off Target,24,Right Foot,,Riccardo Sottil,Pass (Live),Gabriele Zappa,Pass (Live)
27,75,Ruslan Malinovskyi,Atalanta,0.02,0.12,Saved,30,Left Foot,,Hans Hateboer,Pass (Live),Mario Pašalić,Pass (Live)
28,80,Nahitan Nández,Cagliari,0.04,0.12,Saved,17,Right Foot,,João Pedro,Tackle,,
29,81,Sam Lammers,Atalanta,0.30,0.59,Goal,9,Right Foot,,Sam Lammers,Take-On,Mario Pašalić,Pass (Live)
30,83,Remo Freuler,Atalanta,0.06,,Blocked,15,Right Foot,Volley,,,,
31,86,Leonardo Pavoletti,Cagliari,0.11,,Off Target,8,Head,,Paolo Faragò,Pass (Live),Fabrizio Caligara,Pass (Live)
32,87,Ruslan Malinovskyi,Atalanta,0.03,0.22,Saved,27,Left Foot,,Mario Pašalić,Pass (Live),Hans Hateboer,Pass (Live)
33,90,Ruslan Malinovskyi,Atalanta,0.27,,Off Target,13,Left Foot,,Mario Pašalić,Pass (Live),Ruslan Malinovskyi,Pass (Live)
