,Player Name,Player Number,Player,#,Nation,Pos,Age,Min,Touches,Def Pen,Def 3rd,Mid 3rd,Att 3rd,Att Pen,Live,Att,Succ,Succ%,Tkld,Tkld%,Carries,TotDist,PrgDist,PrgC,1/3,CPA,Mis,Dis,Rec,PrgR,Player Key,Player Link
0,Pedro,https://fbref.com/en/players/17758df6/Pedro,96,96,br BRA,FW,24-183,45,11,0,2,8,1,1,11,0,0,,0,,1,16,16,1,0,1,0,0,5,1,https://fbref.com/en/players/17758df6/Pedro-Pedro,
1,Madi Queita,https://fbref.com/en/players/13ab460a/Madi-Queita,10,10,gw GNB,FW,22-201,45,13,0,3,5,5,1,13,4,2,50.0,2,50.0,7,94,60,2,1,1,1,1,8,1,https://fbref.com/en/players/13ab460a/Madi-Queita-Madi Queita,
2,Ryan Gauld,https://fbref.com/en/players/862e93c2/Ryan-Gauld,23,23,sct SCO,FW,25-145,45,9,0,2,5,2,0,9,0,0,,0,,6,15,8,0,0,0,1,0,7,0,https://fbref.com/en/players/862e93c2/Ryan-Gauld-Ryan Gauld,
3,Fabrício Isidoro,https://fbref.com/en/players/b70ca4b5/Fabricio-Isidoro,14,14,br BRA,RM,29-102,45,18,1,4,9,5,0,18,0,0,,0,,10,97,40,1,1,1,0,1,7,1,https://fbref.com/en/players/b70ca4b5/Fabricio-Isidoro-Fabrício Isidoro,
4,Licá,https://fbref.com/en/players/41d84fed/Lica,88,88,pt POR,LM,32-244,90,20,1,1,13,7,1,20,0,0,,0,,11,54,34,1,1,0,1,2,11,2,https://fbref.com/en/players/41d84fed/Lica-Licá,
5,Jonatan Lucca,https://fbref.com/en/players/b04f4533/Jonatan-Lucca,47,47,br BRA,CM,26-342,45,15,1,4,9,2,0,15,0,0,,0,,8,33,16,0,0,0,1,0,11,0,https://fbref.com/en/players/b04f4533/Jonatan-Lucca-Jonatan Lucca,
6,Claudio Falcão,https://fbref.com/en/players/56077210/Claudio-Falcao,29,29,br BRA,CM,26-311,45,17,0,7,10,0,0,17,1,0,0.0,1,100.0,6,54,15,0,0,0,0,0,6,0,https://fbref.com/en/players/56077210/Claudio-Falcao-Claudio Falcão,
7,Amine Oudrhiri,https://fbref.com/en/players/49c9c79a/Amine-Oudrhiri,5,5,ma MAR,CM,28-187,90,42,0,11,25,7,0,42,1,0,0.0,1,100.0,29,140,71,1,0,0,2,0,25,1,https://fbref.com/en/players/49c9c79a/Amine-Oudrhiri-Amine Oudrhiri,
8,Bilel Aouacheria,https://fbref.com/en/players/77bbc5b1/Bilel-Aouacheria,26,26,fr FRA,RM,27-038,29,4,0,0,1,3,0,4,0,0,,0,,3,8,0,0,1,0,1,1,4,0,https://fbref.com/en/players/77bbc5b1/Bilel-Aouacheria-Bilel Aouacheria,
9,Abner,https://fbref.com/en/players/8e562fe7/Abner,30,30,br BRA,LB,24-345,71,34,2,11,15,8,0,34,0,0,,0,,19,77,47,0,0,0,3,1,21,1,https://fbref.com/en/players/8e562fe7/Abner-Abner,
10,Fábio Alexandre da Silva Nunes,https://fbref.com/en/players/7cfc2860/Fabio-Alexandre-da-Silva-Nunes,92,92,pt POR,LB,28-290,19,13,1,4,8,2,0,13,2,0,0.0,2,100.0,7,81,39,0,0,0,0,1,6,1,https://fbref.com/en/players/7cfc2860/Fabio-Alexandre-da-Silva-Nunes-Fábio Alexandre da Silva Nunes,
11,Cássio,https://fbref.com/en/players/36334180/Cassio,41,41,br BRA,CB,27-127,90,32,6,21,10,1,0,32,0,0,,0,,16,103,63,0,0,0,0,0,15,0,https://fbref.com/en/players/36334180/Cassio-Cássio,
12,César,https://fbref.com/en/players/4dcde17a/Cesar,4,4,br BRA,CB,28-133,90,37,7,22,15,0,0,37,0,0,,0,,23,85,52,0,0,0,0,1,22,0,https://fbref.com/en/players/4dcde17a/Cesar-César,
13,Tomás Tavares,https://fbref.com/en/players/0dce3356/Tomas-Tavares,84,84,pt POR,RB,20-064,45,25,1,10,11,4,0,25,1,1,100.0,0,0.0,11,31,17,0,0,0,0,2,9,1,https://fbref.com/en/players/0dce3356/Tomas-Tavares-Tomás Tavares,
14,Alexandre Pinto,https://fbref.com/en/players/b05d8d93/Alexandre-Pinto,78,78,pt POR,RB,22-306,45,22,1,2,15,5,0,22,1,0,0.0,1,100.0,13,51,33,0,0,0,0,0,16,1,https://fbref.com/en/players/b05d8d93/Alexandre-Pinto-Alexandre Pinto,
15,Beto,https://fbref.com/en/players/3b4941e4/Beto,3,3,pt POR,GK,39-009,90,43,36,43,0,0,0,43,0,0,,0,,22,106,75,0,0,0,0,0,19,0,https://fbref.com/en/players/3b4941e4/Beto-Beto,
