,Player Name,Player Number,Player,#,Nation,Pos,Age,Min,Gls,Ast,PK,PKatt,Sh,SoT,CrdY,CrdR,Touches,Tkl,Int,Blocks,xG,npxG,xAG,SCA,GCA,Cmp,Att,Cmp%,PrgP,Carries,PrgC,Att,Succ,Player Key,Player Link
0,Pedro,https://fbref.com/en/players/17758df6/Pedro,96,96,br BRA,FW,24-183,45,0,0,0,0,1,0,0,0,11,0,0,0,0.1,0.1,0.0,0,0,8,9,88.9,0,1,1,0,0,https://fbref.com/en/players/17758df6/Pedro-Pedro,
1,Madi Queita,https://fbref.com/en/players/13ab460a/Madi-Queita,10,10,gw GNB,FW,22-201,45,0,0,0,0,1,0,0,0,13,2,0,0,0.1,0.1,0.0,2,0,3,5,60.0,0,7,2,4,2,https://fbref.com/en/players/13ab460a/Madi-Queita-Madi Queita,
2,Ryan Gauld,https://fbref.com/en/players/862e93c2/Ryan-Gauld,23,23,sct SCO,FW,25-145,45,0,0,0,0,0,0,0,0,9,2,1,0,0.0,0.0,0.0,1,0,4,5,80.0,0,6,0,0,0,https://fbref.com/en/players/862e93c2/Ryan-Gauld-Ryan Gauld,
3,Fabrício Isidoro,https://fbref.com/en/players/b70ca4b5/Fabricio-Isidoro,14,14,br BRA,RM,29-102,45,0,0,0,0,2,0,0,0,18,1,0,0,0.0,0.0,0.0,0,0,8,11,72.7,1,10,1,0,0,https://fbref.com/en/players/b70ca4b5/Fabricio-Isidoro-Fabrício Isidoro,
4,Licá,https://fbref.com/en/players/41d84fed/Lica,88,88,pt POR,LM,32-244,90,1,0,0,0,1,1,0,0,20,0,0,0,0.2,0.2,0.0,1,0,13,16,81.3,2,11,1,0,0,https://fbref.com/en/players/41d84fed/Lica-Licá,
5,Jonatan Lucca,https://fbref.com/en/players/b04f4533/Jonatan-Lucca,47,47,br BRA,CM,26-342,45,0,0,0,0,0,0,1,0,15,0,0,0,0.0,0.0,0.0,0,0,8,12,66.7,0,8,0,0,0,https://fbref.com/en/players/b04f4533/Jonatan-Lucca-Jonatan Lucca,
6,Claudio Falcão,https://fbref.com/en/players/56077210/Claudio-Falcao,29,29,br BRA,CM,26-311,45,0,0,0,0,0,0,0,0,17,4,2,2,0.0,0.0,0.0,0,0,7,9,77.8,0,6,0,1,0,https://fbref.com/en/players/56077210/Claudio-Falcao-Claudio Falcão,
7,Amine Oudrhiri,https://fbref.com/en/players/49c9c79a/Amine-Oudrhiri,5,5,ma MAR,CM,28-187,90,0,0,0,0,1,0,0,0,42,0,2,1,0.1,0.1,0.1,3,0,29,33,87.9,2,29,1,1,0,https://fbref.com/en/players/49c9c79a/Amine-Oudrhiri-Amine Oudrhiri,
8,Bilel Aouacheria,https://fbref.com/en/players/77bbc5b1/Bilel-Aouacheria,26,26,fr FRA,RM,27-038,29,0,0,0,0,0,0,0,1,4,0,0,0,0.0,0.0,0.0,0,0,1,3,33.3,0,3,0,0,0,https://fbref.com/en/players/77bbc5b1/Bilel-Aouacheria-Bilel Aouacheria,
9,Abner,https://fbref.com/en/players/8e562fe7/Abner,30,30,br BRA,LB,24-345,71,0,0,0,0,0,0,0,0,34,0,0,1,0.0,0.0,0.0,0,0,20,30,66.7,2,19,0,0,0,https://fbref.com/en/players/8e562fe7/Abner-Abner,
10,Fábio Alexandre da Silva Nunes,https://fbref.com/en/players/7cfc2860/Fabio-Alexandre-da-Silva-Nunes,92,92,pt POR,LB,28-290,19,0,0,0,0,0,0,0,0,13,0,0,0,0.0,0.0,0.1,2,0,7,11,63.6,1,7,0,2,0,https://fbref.com/en/players/7cfc2860/Fabio-Alexandre-da-Silva-Nunes-Fábio Alexandre da Silva Nunes,
11,Cássio,https://fbref.com/en/players/36334180/Cassio,41,41,br BRA,CB,27-127,90,0,0,0,0,0,0,1,0,32,1,2,3,0.0,0.0,0.0,0,0,16,22,72.7,2,16,0,0,0,https://fbref.com/en/players/36334180/Cassio-Cássio,
12,César,https://fbref.com/en/players/4dcde17a/Cesar,4,4,br BRA,CB,28-133,90,0,0,0,0,0,0,1,0,37,0,2,0,0.0,0.0,0.0,0,0,20,32,62.5,0,23,0,0,0,https://fbref.com/en/players/4dcde17a/Cesar-César,
13,Tomás Tavares,https://fbref.com/en/players/0dce3356/Tomas-Tavares,84,84,pt POR,RB,20-064,45,0,0,0,0,0,0,1,0,25,1,0,0,0.0,0.0,0.0,0,0,14,22,63.6,0,11,0,1,1,https://fbref.com/en/players/0dce3356/Tomas-Tavares-Tomás Tavares,
14,Alexandre Pinto,https://fbref.com/en/players/b05d8d93/Alexandre-Pinto,78,78,pt POR,RB,22-306,45,0,0,0,0,0,0,0,0,22,0,0,0,0.0,0.0,0.0,0,0,12,21,57.1,0,13,0,1,0,https://fbref.com/en/players/b05d8d93/Alexandre-Pinto-Alexandre Pinto,
15,Beto,https://fbref.com/en/players/3b4941e4/Beto,3,3,pt POR,GK,39-009,90,0,0,0,0,0,0,0,0,43,0,0,0,0.0,0.0,0.0,0,0,22,41,53.7,0,22,0,0,0,https://fbref.com/en/players/3b4941e4/Beto-Beto,
