,Player Name,Player Number,Player,#,Nation,Pos,Age,Min,Touches,Def Pen,Def 3rd,Mid 3rd,Att 3rd,Att Pen,Live,Att,Succ,Succ%,Tkld,Tkld%,Carries,TotDist,PrgDist,PrgC,1/3,CPA,Mis,Dis,Rec,PrgR,Player Key,Player Link
0,Toni Martínez,https://fbref.com/en/players/f3945e07/Toni-Martinez,29,29,es ESP,FW,23-314,70,17,0,0,4,13,3,17,1,0,0.0,1,100.0,12,39,28,1,0,1,1,0,14,4,https://fbref.com/en/players/f3945e07/Toni-Martinez-Toni Martínez,
1,Francisco Conceição,https://fbref.com/en/players/5ef3d210/Francisco-Conceicao,85,85,pt POR,RW,18-147,20,13,0,0,5,8,1,13,1,0,0.0,1,100.0,12,72,39,1,1,1,1,0,12,2,https://fbref.com/en/players/5ef3d210/Francisco-Conceicao-Francisco Conceição,
2,Mehdi Taremi,https://fbref.com/en/players/4c2a5d34/Mehdi-Taremi,9,9,ir IRN,FW,28-296,62,41,0,1,12,28,5,40,1,0,0.0,1,100.0,32,110,50,3,4,2,1,1,37,9,https://fbref.com/en/players/4c2a5d34/Mehdi-Taremi-Mehdi Taremi,
3,Evanilson,https://fbref.com/en/players/6f3cc2fe/Evanilson,30,30,br BRA,FW,21-216,28,5,0,1,2,2,0,5,0,0,,0,,5,17,6,0,0,0,0,0,4,0,https://fbref.com/en/players/6f3cc2fe/Evanilson-Evanilson,
4,Luis Díaz,https://fbref.com/en/players/4a1a9578/Luis-Diaz,7,7,co COL,LM,24-117,62,37,0,4,18,17,1,37,0,0,,0,,34,193,118,3,2,0,0,1,34,7,https://fbref.com/en/players/4a1a9578/Luis-Diaz-Luis Díaz,
5,Fabio Vieira,https://fbref.com/en/players/6412cc03/Fabio-Vieira,50,50,pt POR,"RM,CM",20-345,28,23,0,0,10,14,3,23,1,0,0.0,1,100.0,17,47,18,0,0,0,1,0,21,5,https://fbref.com/en/players/6412cc03/Fabio-Vieira-Fabio Vieira,
6,Mateus Uribe,https://fbref.com/en/players/b997c3de/Mateus-Uribe,8,8,co COL,CM,30-050,90,105,0,14,70,21,0,105,2,0,0.0,2,100.0,71,244,121,1,3,0,1,1,85,1,https://fbref.com/en/players/b997c3de/Mateus-Uribe-Mateus Uribe,
7,Marko Grujić,https://fbref.com/en/players/8b8e759d/Marko-Grujic,16,16,rs SRB,CM,25-027,62,56,3,8,44,5,0,56,1,1,100.0,0,0.0,38,152,94,1,1,0,0,0,46,0,https://fbref.com/en/players/8b8e759d/Marko-Grujic-Marko Grujić,
8,Romário Baró,https://fbref.com/en/players/a4e16ab4/Romario-Baro,21,21,pt POR,"LW,LM",21-105,28,25,0,2,15,9,0,25,1,1,100.0,0,0.0,15,69,44,2,1,0,0,0,20,5,https://fbref.com/en/players/a4e16ab4/Romario-Baro-Romário Baró,
9,Otávio,https://fbref.com/en/players/28b1f3ce/Otavio,25,25,pt POR,"RM,LM",26-090,90,94,0,3,66,26,1,94,2,1,50.0,1,50.0,70,262,136,2,1,1,3,0,71,3,https://fbref.com/en/players/28b1f3ce/Otavio-Otávio,
10,Wilson Manafá,https://fbref.com/en/players/e27fdbca/Wilson-Manafa,18,18,pt POR,LB,26-291,90,80,0,18,48,15,1,80,2,2,100.0,0,0.0,49,250,174,1,2,0,3,0,56,10,https://fbref.com/en/players/e27fdbca/Wilson-Manafa-Wilson Manafá,
11,Pepe,https://fbref.com/en/players/c906ce0f/Pepe,3,3,pt POR,CB,38-073,90,95,4,30,64,1,0,95,0,0,,0,,69,283,178,1,0,0,0,0,75,0,https://fbref.com/en/players/c906ce0f/Pepe-Pepe,
12,Chancel Mbemba,https://fbref.com/en/players/e76cb9cc/Chancel-Mbemba,19,19,cd COD,CB,26-275,45,37,1,12,24,1,0,37,0,0,,0,,26,111,84,0,0,0,0,0,28,0,https://fbref.com/en/players/e76cb9cc/Chancel-Mbemba-Chancel Mbemba,
13,Diogo Leite,https://fbref.com/en/players/c4987edc/Diogo-Leite,4,4,pt POR,CB,22-107,45,39,2,13,24,2,0,39,0,0,,0,,25,90,39,0,0,0,1,0,28,0,https://fbref.com/en/players/c4987edc/Diogo-Leite-Diogo Leite,
14,João Mário Lopes,https://fbref.com/en/players/82a39b66/Joao-Mario-Lopes,23,23,pt POR,RB,21-127,90,74,1,11,38,29,5,74,7,6,85.7,1,14.3,53,315,158,5,5,1,3,0,59,13,https://fbref.com/en/players/82a39b66/Joao-Mario-Lopes-João Mário Lopes,
15,Agustín Marchesín,https://fbref.com/en/players/853b7c48/Agustin-Marchesin,1,1,ar ARG,GK,33-055,90,34,26,34,0,0,0,34,0,0,,0,,20,73,44,0,0,0,0,0,18,0,https://fbref.com/en/players/853b7c48/Agustin-Marchesin-Agustín Marchesín,
