,Player Name,Player Number,Player,#,Nation,Pos,Age,Min,Att,Live,Dead,FK,TB,Sw,Crs,TI,CK,In,Out,Str,Cmp,Off,Blocks,Player Key,Player Link
0,Toni Martínez,https://fbref.com/en/players/f3945e07/Toni-Martinez,29,29,es ESP,FW,23-314,70,10,10,0,0,0,0,0,0,0,0,0,0,9,0,0,https://fbref.com/en/players/f3945e07/Toni-Martinez-Toni Martínez,
1,Francisco Conceição,https://fbref.com/en/players/5ef3d210/Francisco-Conceicao,85,85,pt POR,RW,18-147,20,10,10,0,0,0,0,0,0,0,0,0,0,9,0,1,https://fbref.com/en/players/5ef3d210/Francisco-Conceicao-Francisco Conceição,
2,Mehdi Taremi,https://fbref.com/en/players/4c2a5d34/Mehdi-Taremi,9,9,ir IRN,FW,28-296,62,33,32,1,0,2,0,1,1,0,0,0,0,25,0,0,https://fbref.com/en/players/4c2a5d34/Mehdi-Taremi-Mehdi Taremi,
3,Evanilson,https://fbref.com/en/players/6f3cc2fe/Evanilson,30,30,br BRA,FW,21-216,28,5,4,1,0,0,0,0,0,0,0,0,0,5,0,0,https://fbref.com/en/players/6f3cc2fe/Evanilson-Evanilson,
4,Luis Díaz,https://fbref.com/en/players/4a1a9578/Luis-Diaz,7,7,co COL,LM,24-117,62,33,33,0,0,0,1,0,0,0,0,0,0,30,0,1,https://fbref.com/en/players/4a1a9578/Luis-Diaz-Luis Díaz,
5,Fabio Vieira,https://fbref.com/en/players/6412cc03/Fabio-Vieira,50,50,pt POR,"RM,CM",20-345,28,19,18,1,0,0,0,2,0,1,0,1,0,16,0,0,https://fbref.com/en/players/6412cc03/Fabio-Vieira-Fabio Vieira,
6,Mateus Uribe,https://fbref.com/en/players/b997c3de/Mateus-Uribe,8,8,co COL,CM,30-050,90,93,91,2,2,0,1,2,0,0,0,0,0,81,0,1,https://fbref.com/en/players/b997c3de/Mateus-Uribe-Mateus Uribe,
7,Marko Grujić,https://fbref.com/en/players/8b8e759d/Marko-Grujic,16,16,rs SRB,CM,25-027,62,49,49,0,0,0,0,0,0,0,0,0,0,44,0,0,https://fbref.com/en/players/8b8e759d/Marko-Grujic-Marko Grujić,
8,Romário Baró,https://fbref.com/en/players/a4e16ab4/Romario-Baro,21,21,pt POR,"LW,LM",21-105,28,24,20,4,2,0,0,0,2,0,0,0,0,20,0,0,https://fbref.com/en/players/a4e16ab4/Romario-Baro-Romário Baró,
9,Otávio,https://fbref.com/en/players/28b1f3ce/Otavio,25,25,pt POR,"RM,LM",26-090,90,85,78,6,1,2,0,3,2,2,1,1,0,74,1,1,https://fbref.com/en/players/28b1f3ce/Otavio-Otávio,
10,Wilson Manafá,https://fbref.com/en/players/e27fdbca/Wilson-Manafa,18,18,pt POR,LB,26-291,90,69,65,4,1,0,0,1,3,0,0,0,0,63,0,0,https://fbref.com/en/players/e27fdbca/Wilson-Manafa-Wilson Manafá,
11,Pepe,https://fbref.com/en/players/c906ce0f/Pepe,3,3,pt POR,CB,38-073,90,87,84,3,3,0,6,0,0,0,0,0,0,85,0,0,https://fbref.com/en/players/c906ce0f/Pepe-Pepe,
12,Chancel Mbemba,https://fbref.com/en/players/e76cb9cc/Chancel-Mbemba,19,19,cd COD,CB,26-275,45,34,33,1,1,0,1,0,0,0,0,0,0,31,0,0,https://fbref.com/en/players/e76cb9cc/Chancel-Mbemba-Chancel Mbemba,
13,Diogo Leite,https://fbref.com/en/players/c4987edc/Diogo-Leite,4,4,pt POR,CB,22-107,45,35,35,0,0,0,0,0,0,0,0,0,0,32,0,0,https://fbref.com/en/players/c4987edc/Diogo-Leite-Diogo Leite,
14,João Mário Lopes,https://fbref.com/en/players/82a39b66/Joao-Mario-Lopes,23,23,pt POR,RB,21-127,90,65,59,6,1,0,0,1,5,0,0,0,0,59,0,1,https://fbref.com/en/players/82a39b66/Joao-Mario-Lopes-João Mário Lopes,
15,Agustín Marchesín,https://fbref.com/en/players/853b7c48/Agustin-Marchesin,1,1,ar ARG,GK,33-055,90,33,26,7,5,0,0,0,0,0,0,0,0,27,0,0,https://fbref.com/en/players/853b7c48/Agustin-Marchesin-Agustín Marchesín,
