,Player Name,Player Number,Player,#,Nation,Pos,Age,Min,Tkl,TklW,Def 3rd,Mid 3rd,Att 3rd,Tkl,Att,Tkl%,Lost,Blocks,Sh,Pass,Int,Tkl+Int,Clr,Err,Player Key,Player Link
0,Toni Martínez,https://fbref.com/en/players/f3945e07/Toni-Martinez,29,29,es ESP,FW,23-314,70,1,0,0,0,1,0,0,,0,0,0,0,0,1,0,0,https://fbref.com/en/players/f3945e07/Toni-Martinez-Toni Martínez,
1,Francisco Conceição,https://fbref.com/en/players/5ef3d210/Francisco-Conceicao,85,85,pt POR,RW,18-147,20,1,1,0,1,0,0,0,,0,0,0,0,0,1,0,0,https://fbref.com/en/players/5ef3d210/Francisco-Conceicao-Francisco Conceição,
2,Mehdi Taremi,https://fbref.com/en/players/4c2a5d34/Mehdi-Taremi,9,9,ir IRN,FW,28-296,62,1,1,0,0,1,0,0,,0,0,0,0,0,1,0,0,https://fbref.com/en/players/4c2a5d34/Mehdi-Taremi-Mehdi Taremi,
3,Evanilson,https://fbref.com/en/players/6f3cc2fe/Evanilson,30,30,br BRA,FW,21-216,28,0,0,0,0,0,0,0,,0,0,0,0,0,0,0,0,https://fbref.com/en/players/6f3cc2fe/Evanilson-Evanilson,
4,Luis Díaz,https://fbref.com/en/players/4a1a9578/Luis-Diaz,7,7,co COL,LM,24-117,62,0,0,0,0,0,0,0,,0,0,0,0,0,0,0,0,https://fbref.com/en/players/4a1a9578/Luis-Diaz-Luis Díaz,
5,Fabio Vieira,https://fbref.com/en/players/6412cc03/Fabio-Vieira,50,50,pt POR,"RM,CM",20-345,28,1,1,0,1,0,1,1,100.0,0,0,0,0,0,1,0,0,https://fbref.com/en/players/6412cc03/Fabio-Vieira-Fabio Vieira,
6,Mateus Uribe,https://fbref.com/en/players/b997c3de/Mateus-Uribe,8,8,co COL,CM,30-050,90,3,2,1,2,0,2,2,100.0,0,2,0,2,0,3,0,0,https://fbref.com/en/players/b997c3de/Mateus-Uribe-Mateus Uribe,
7,Marko Grujić,https://fbref.com/en/players/8b8e759d/Marko-Grujic,16,16,rs SRB,CM,25-027,62,1,0,1,0,0,0,1,0.0,1,1,0,1,0,1,2,0,https://fbref.com/en/players/8b8e759d/Marko-Grujic-Marko Grujić,
8,Romário Baró,https://fbref.com/en/players/a4e16ab4/Romario-Baro,21,21,pt POR,"LW,LM",21-105,28,0,0,0,0,0,0,0,,0,0,0,0,1,1,0,0,https://fbref.com/en/players/a4e16ab4/Romario-Baro-Romário Baró,
9,Otávio,https://fbref.com/en/players/28b1f3ce/Otavio,25,25,pt POR,"RM,LM",26-090,90,3,1,0,3,0,2,2,100.0,0,0,0,0,0,3,0,0,https://fbref.com/en/players/28b1f3ce/Otavio-Otávio,
10,Wilson Manafá,https://fbref.com/en/players/e27fdbca/Wilson-Manafa,18,18,pt POR,LB,26-291,90,3,3,2,0,1,1,2,50.0,1,1,0,1,3,6,2,0,https://fbref.com/en/players/e27fdbca/Wilson-Manafa-Wilson Manafá,
11,Pepe,https://fbref.com/en/players/c906ce0f/Pepe,3,3,pt POR,CB,38-073,90,1,1,1,0,0,1,1,100.0,0,2,2,0,0,1,2,0,https://fbref.com/en/players/c906ce0f/Pepe-Pepe,
12,Chancel Mbemba,https://fbref.com/en/players/e76cb9cc/Chancel-Mbemba,19,19,cd COD,CB,26-275,45,1,1,0,1,0,0,0,,0,0,0,0,1,2,1,0,https://fbref.com/en/players/e76cb9cc/Chancel-Mbemba-Chancel Mbemba,
13,Diogo Leite,https://fbref.com/en/players/c4987edc/Diogo-Leite,4,4,pt POR,CB,22-107,45,0,0,0,0,0,0,0,,0,1,1,0,1,1,1,1,https://fbref.com/en/players/c4987edc/Diogo-Leite-Diogo Leite,
14,João Mário Lopes,https://fbref.com/en/players/82a39b66/Joao-Mario-Lopes,23,23,pt POR,RB,21-127,90,1,0,0,1,0,0,1,0.0,1,0,0,0,0,1,0,0,https://fbref.com/en/players/82a39b66/Joao-Mario-Lopes-João Mário Lopes,
15,Agustín Marchesín,https://fbref.com/en/players/853b7c48/Agustin-Marchesin,1,1,ar ARG,GK,33-055,90,0,0,0,0,0,0,0,,0,0,0,0,0,0,1,0,https://fbref.com/en/players/853b7c48/Agustin-Marchesin-Agustín Marchesín,
