,Minute,Player,Squad,xG,PSxG,Outcome,Distance,Body Part,Notes,SCA 1 Player,SCA 1 Event,SCA 2 Player,SCA 2 Event
0,6,Mehdi Taremi(pen),Porto,0.79,0.99,Goal,13,Right Foot,,,Fouled,João Mário Lopes,Pass (Live)
1,9,Toni Martínez,Porto,0.03,0.12,Saved,29,Right Foot,,Luis Díaz,Pass (Live),Wilson Manafá,Pass (Dead)
2,14,Toni Martínez,Porto,0.48,0.54,Goal,15,Right Foot,,Mehdi Taremi,Pass (Live),João Mário Lopes,Pass (Live)
3,20,Pedro,Farense,0.11,,Blocked,14,Left Foot,,Amine Oudrhiri,Pass (Live),Ryan Gauld,Interception
4,20,Luis Díaz,Porto,0.39,0.94,Goal,12,Right Foot,,Mehdi Taremi,Pass (Live),,
5,24,Otávio,Porto,0.04,,Blocked,24,Left Foot,,Luis Díaz,Pass (Live),Mateus Uribe,Pass (Live)
6,24,Mateus Uribe,Porto,0.02,,Off Target,28,Right Foot,,Chancel Mbemba,Pass (Live),Otávio,Shot
7,36,João Mário Lopes,Porto,0.06,,Off Target,14,Right Foot,,Otávio,Pass (Live),Luis Díaz,Pass (Live)
8,39,Otávio,Porto,0.03,,Blocked,30,Right Foot,,Toni Martínez,Pass (Live),Wilson Manafá,Pass (Live)
9,,,,,,,,,,,,,
10,51,Mehdi Taremi,Porto,0.07,,Off Target,10,Head,,Otávio,Pass (Dead),Wilson Manafá,Pass (Live)
11,53,Toni Martínez,Porto,0.13,,Off Target,10,Right Foot,,Otávio,Pass (Live),Toni Martínez,Pass (Live)
12,59,Mehdi Taremi,Porto,0.44,0.80,Goal,13,Right Foot,,Otávio,Pass (Live),,
13,61,Fabrício Isidoro,Farense,0.02,,Blocked,31,Right Foot,,Amine Oudrhiri,Pass (Dead),,
14,69,Fabio Vieira,Porto,0.04,0.50,Saved,18,Left Foot,,Evanilson,Pass (Live),Romário Baró,Pass (Live)
15,72,Fabrício Isidoro,Farense,0.03,,Off Target,29,Right Foot,Volley,Licá,Fouled,Amine Oudrhiri,Fouled
16,78,Madi Queita,Farense,0.05,,Blocked,15,Right Foot,,Madi Queita,Take-On,Fábio Alexandre da Silva Nunes,Pass (Live)
17,82,Amine Oudrhiri,Farense,0.06,,Off Target,24,Right Foot,Free kick,Madi Queita,Fouled,Fábio Alexandre da Silva Nunes,Pass (Live)
18,84,João Mário Lopes,Porto,0.05,0.47,Goal,15,Right Foot,,Agustín Marchesín,Pass (Live),,
19,89,Licá,Farense,0.23,0.22,Goal,22,Right Foot,,,,,
