,Player Name,Player Number,Player,#,Nation,Pos,Age,Min,Gls,Ast,PK,PKatt,Sh,SoT,CrdY,CrdR,Touches,Tkl,Int,Blocks,xG,npxG,xAG,SCA,GCA,Cmp,Att,Cmp%,PrgP,Carries,PrgC,Att,Succ,Player Key,Player Link
0,Pedro,https://fbref.com/en/players/17758df6/Pedro,96,96,br BRA,FW,24-179,86,2,0,0,0,5,4,0,0,28,2,0,0,1.5,1.5,0.0,3,1,13,19,68.4,3,16,1,0,0,https://fbref.com/en/players/17758df6/Pedro-Pedro,
1,Filipe Melo,https://fbref.com/en/players/3220a3ef/Filipe-Melo,6,6,pt POR,FW,31-184,4,0,0,0,0,0,0,0,0,2,0,0,0,0.0,0.0,0.0,0,0,2,2,100.0,1,1,0,0,0,https://fbref.com/en/players/3220a3ef/Filipe-Melo-Filipe Melo,
2,Licá,https://fbref.com/en/players/41d84fed/Lica,88,88,pt POR,"LM,RM",32-240,62,0,0,0,0,1,1,0,0,13,1,0,1,0.0,0.0,0.0,0,0,3,6,50.0,0,9,0,1,0,https://fbref.com/en/players/41d84fed/Lica-Licá,
3,Fabrício Isidoro,https://fbref.com/en/players/b70ca4b5/Fabricio-Isidoro,14,14,br BRA,LM,29-098,28,0,0,0,0,0,0,0,0,9,2,1,0,0.0,0.0,0.1,2,0,3,3,100.0,0,3,0,0,0,https://fbref.com/en/players/b70ca4b5/Fabricio-Isidoro-Fabrício Isidoro,
4,Ryan Gauld,https://fbref.com/en/players/862e93c2/Ryan-Gauld,23,23,sct SCO,CM,25-141,90,0,1,0,0,3,1,1,0,37,4,1,2,0.2,0.2,0.6,3,1,14,25,56.0,4,12,1,2,2,https://fbref.com/en/players/862e93c2/Ryan-Gauld-Ryan Gauld,
5,Jonatan Lucca,https://fbref.com/en/players/b04f4533/Jonatan-Lucca,47,47,br BRA,CM,26-338,90,0,0,0,0,2,1,0,0,32,0,3,0,0.1,0.1,0.2,5,0,17,24,70.8,4,17,2,1,1,https://fbref.com/en/players/b04f4533/Jonatan-Lucca-Jonatan Lucca,
6,Bilel Aouacheria,https://fbref.com/en/players/77bbc5b1/Bilel-Aouacheria,26,26,fr FRA,"RM,LM",27-034,73,0,0,0,0,1,0,0,0,26,1,1,0,0.0,0.0,0.0,1,0,16,21,76.2,2,17,2,2,2,https://fbref.com/en/players/77bbc5b1/Bilel-Aouacheria-Bilel Aouacheria,
7,Djalma Campos,https://fbref.com/en/players/bd9813b9/Djalma-Campos,20,20,ao ANG,RM,33-341,17,0,0,0,0,1,1,0,0,12,0,1,0,0.0,0.0,0.0,0,0,2,8,25.0,0,7,1,2,2,https://fbref.com/en/players/bd9813b9/Djalma-Campos-Djalma Campos,
8,Amine Oudrhiri,https://fbref.com/en/players/49c9c79a/Amine-Oudrhiri,5,5,ma MAR,DM,28-183,86,0,0,0,0,0,0,0,0,38,2,1,0,0.0,0.0,0.0,0,0,32,33,97.0,3,26,0,1,1,https://fbref.com/en/players/49c9c79a/Amine-Oudrhiri-Amine Oudrhiri,
9,Madi Queita,https://fbref.com/en/players/13ab460a/Madi-Queita,10,10,gw GNB,DM,22-197,4,0,0,0,0,0,0,0,0,3,0,0,0,0.0,0.0,0.0,0,0,1,1,100.0,0,1,0,1,0,https://fbref.com/en/players/13ab460a/Madi-Queita-Madi Queita,
10,Abner,https://fbref.com/en/players/8e562fe7/Abner,30,30,br BRA,LB,24-341,90,0,0,0,0,0,0,1,0,49,4,2,0,0.0,0.0,0.0,1,0,24,34,70.6,3,16,1,0,0,https://fbref.com/en/players/8e562fe7/Abner-Abner,
11,André Almeida Pinto,https://fbref.com/en/players/ba6e52b0/Andre-Almeida-Pinto,25,25,pt POR,CB,31-213,45,0,0,0,0,0,0,0,0,22,0,1,0,0.0,0.0,0.0,1,0,18,21,85.7,1,14,0,0,0,https://fbref.com/en/players/ba6e52b0/Andre-Almeida-Pinto-André Almeida Pinto,
12,Cássio,https://fbref.com/en/players/36334180/Cassio,41,41,br BRA,CB,27-123,45,0,0,0,0,0,0,0,0,13,1,1,2,0.0,0.0,0.0,0,0,6,9,66.7,0,7,0,0,0,https://fbref.com/en/players/36334180/Cassio-Cássio,
13,César,https://fbref.com/en/players/4dcde17a/Cesar,4,4,br BRA,CB,28-129,90,0,0,0,0,0,0,1,0,54,1,1,3,0.0,0.0,0.1,2,0,31,39,79.5,2,23,0,0,0,https://fbref.com/en/players/4dcde17a/Cesar-César,
14,Tomás Tavares,https://fbref.com/en/players/0dce3356/Tomas-Tavares,84,84,pt POR,RB,20-060,90,0,0,0,0,0,0,0,0,51,2,2,0,0.0,0.0,0.0,1,1,28,41,68.3,5,25,1,0,0,https://fbref.com/en/players/0dce3356/Tomas-Tavares-Tomás Tavares,
15,Beto,https://fbref.com/en/players/3b4941e4/Beto,3,3,pt POR,GK,39-005,90,0,0,0,0,0,0,0,0,37,0,0,0,0.0,0.0,0.0,0,0,27,36,75.0,0,15,0,0,0,https://fbref.com/en/players/3b4941e4/Beto-Beto,
