,Player Name,Player Number,Player,#,Nation,Pos,Age,Min,Att,Live,Dead,FK,TB,Sw,Crs,TI,CK,In,Out,Str,Cmp,Off,Blocks,Player Key,Player Link
0,Pedro,https://fbref.com/en/players/17758df6/Pedro,96,96,br BRA,FW,24-179,86,19,17,2,0,0,0,0,0,0,0,0,0,13,0,0,https://fbref.com/en/players/17758df6/Pedro-Pedro,
1,Filipe Melo,https://fbref.com/en/players/3220a3ef/Filipe-Melo,6,6,pt POR,FW,31-184,4,2,2,0,0,0,0,0,0,0,0,0,0,2,0,0,https://fbref.com/en/players/3220a3ef/Filipe-Melo-Filipe Melo,
2,Licá,https://fbref.com/en/players/41d84fed/Lica,88,88,pt POR,"LM,RM",32-240,62,6,6,0,0,0,0,1,0,0,0,0,0,3,0,0,https://fbref.com/en/players/41d84fed/Lica-Licá,
3,Fabrício Isidoro,https://fbref.com/en/players/b70ca4b5/Fabricio-Isidoro,14,14,br BRA,LM,29-098,28,3,3,0,0,0,0,0,0,0,0,0,0,3,0,0,https://fbref.com/en/players/b70ca4b5/Fabricio-Isidoro-Fabrício Isidoro,
4,Ryan Gauld,https://fbref.com/en/players/862e93c2/Ryan-Gauld,23,23,sct SCO,CM,25-141,90,25,22,1,0,0,0,2,0,1,1,0,0,14,2,0,https://fbref.com/en/players/862e93c2/Ryan-Gauld-Ryan Gauld,
5,Jonatan Lucca,https://fbref.com/en/players/b04f4533/Jonatan-Lucca,47,47,br BRA,CM,26-338,90,24,22,2,0,0,0,2,0,2,2,0,0,17,0,2,https://fbref.com/en/players/b04f4533/Jonatan-Lucca-Jonatan Lucca,
6,Bilel Aouacheria,https://fbref.com/en/players/77bbc5b1/Bilel-Aouacheria,26,26,fr FRA,"RM,LM",27-034,73,21,21,0,0,0,0,2,0,0,0,0,0,16,0,0,https://fbref.com/en/players/77bbc5b1/Bilel-Aouacheria-Bilel Aouacheria,
7,Djalma Campos,https://fbref.com/en/players/bd9813b9/Djalma-Campos,20,20,ao ANG,RM,33-341,17,8,8,0,0,0,0,2,0,0,0,0,0,2,0,0,https://fbref.com/en/players/bd9813b9/Djalma-Campos-Djalma Campos,
8,Amine Oudrhiri,https://fbref.com/en/players/49c9c79a/Amine-Oudrhiri,5,5,ma MAR,DM,28-183,86,33,33,0,0,0,0,0,0,0,0,0,0,32,0,0,https://fbref.com/en/players/49c9c79a/Amine-Oudrhiri-Amine Oudrhiri,
9,Madi Queita,https://fbref.com/en/players/13ab460a/Madi-Queita,10,10,gw GNB,DM,22-197,4,1,0,1,0,0,0,0,0,0,0,0,0,1,0,0,https://fbref.com/en/players/13ab460a/Madi-Queita-Madi Queita,
10,Abner,https://fbref.com/en/players/8e562fe7/Abner,30,30,br BRA,LB,24-341,90,34,28,6,0,0,0,0,6,0,0,0,0,24,0,0,https://fbref.com/en/players/8e562fe7/Abner-Abner,
11,André Almeida Pinto,https://fbref.com/en/players/ba6e52b0/Andre-Almeida-Pinto,25,25,pt POR,CB,31-213,45,21,19,2,2,0,1,0,0,0,0,0,0,18,0,0,https://fbref.com/en/players/ba6e52b0/Andre-Almeida-Pinto-André Almeida Pinto,
12,Cássio,https://fbref.com/en/players/36334180/Cassio,41,41,br BRA,CB,27-123,45,9,9,0,0,0,0,0,0,0,0,0,0,6,0,0,https://fbref.com/en/players/36334180/Cassio-Cássio,
13,César,https://fbref.com/en/players/4dcde17a/Cesar,4,4,br BRA,CB,28-129,90,39,37,2,2,0,1,0,0,0,0,0,0,31,0,0,https://fbref.com/en/players/4dcde17a/Cesar-César,
14,Tomás Tavares,https://fbref.com/en/players/0dce3356/Tomas-Tavares,84,84,pt POR,RB,20-060,90,41,31,10,0,0,0,2,10,0,0,0,0,28,0,1,https://fbref.com/en/players/0dce3356/Tomas-Tavares-Tomás Tavares,
15,Beto,https://fbref.com/en/players/3b4941e4/Beto,3,3,pt POR,GK,39-005,90,36,20,16,6,0,0,0,0,0,0,0,0,27,0,0,https://fbref.com/en/players/3b4941e4/Beto-Beto,
