,Minute,Player,Squad,xG,PSxG,Outcome,Distance,Body Part,Notes,SCA 1 Player,SCA 1 Event,SCA 2 Player,SCA 2 Event
0,2,Rochinha,Vitória,0.49,0.56,Goal,9,Right Foot,,José Luis García Vayá,Pass (Live),,
1,10,Licá,Farense,0.04,0.23,Saved,17,Left Foot,,Jonatan Lucca,Pass (Live),André Almeida Pinto,Pass (Live)
2,12,Pedro,Farense,0.57,0.87,Goal,5,Left Foot,,Ryan Gauld,Pass (Live),Tomás Tavares,Pass (Live)
3,24,Ryan Gauld,Farense,0.05,0.04,Saved,31,Left Foot,,Ryan Gauld,Take-On,Jonatan Lucca,Pass (Live)
4,24,Rochinha,Vitória,0.05,0.05,Saved,26,Right Foot,,Rochinha,Take-On,Bruno Varela,Pass (Live)
5,24,Falaye Sacko,Vitória,0.05,,Off Target,17,Right Foot,,Falaye Sacko,Take-On,Rochinha,Shot
6,27,Pedro,Farense,0.34,0.69,Goal,12,Left Foot,,Pedro,Tackle,,
7,36,Rochinha,Vitória,0.20,,Blocked,5,Right Foot,,Rochinha,Take-On,Falaye Sacko,Pass (Live)
8,37,Jorge Filipe Oliveira Fernandes,Vitória,0.07,,Off Target,8,Head,,Domingos André Ribeiro Almeida,Pass (Dead),Rochinha,Shot
9,43,Jonatan Lucca,Farense,0.05,0.44,Saved,28,Right Foot,Free kick,Pedro,Fouled,Bilel Aouacheria,Pass (Live)
10,43,Pedro,Farense,0.54,0.37,Saved,5,Right Foot,,Jonatan Lucca,Shot,,
11,44,Pedro,Farense,0.04,,Off Target,18,Right Foot,Volley,,,,
12,,,,,,,,,,,,,
13,47,Pedro,Farense,0.04,0.20,Saved,19,Right Foot,,Ryan Gauld,Pass (Live),César,Pass (Live)
14,58,André André,Vitória,0.06,,Blocked,18,Right Foot,,Falaye Sacko,Pass (Live),Domingos André Ribeiro Almeida,Pass (Live)
15,58,Oscar Estupiñan,Vitória,0.03,,Blocked,27,Left Foot,,Domingos André Ribeiro Almeida,Pass (Live),José Luis García Vayá,Pass (Live)
16,70,Bilel Aouacheria,Farense,0.04,,Blocked,19,Left Foot,,Jonatan Lucca,Pass (Live),,
17,72,Ryan Gauld,Farense,0.05,,Off Target,18,Left Foot,Volley,Abner,Pass (Dead),,
18,72,Ryan Gauld,Farense,0.15,,Off Target,10,Right Foot,,Fabrício Isidoro,Pass (Live),Pedro,Pass (Live)
19,76,Djalma Campos,Farense,0.03,0.30,Saved,27,Right Foot,,Jonatan Lucca,Pass (Live),Fabrício Isidoro,Tackle
20,79,Ricardo Quaresma,Vitória,0.07,,Blocked,28,Right Foot,Free kick,Rochinha,Fouled,,
21,83,Rúben Lameiras,Vitória,0.05,,Blocked,13,Left Foot,,Falaye Sacko,Pass (Live),José Luis García Vayá,Pass (Live)
22,85,André Amaro,Vitória,0.09,,Blocked,11,Left Foot,Volley,José Luis García Vayá,Pass (Live),Ricardo Quaresma,Pass (Dead)
23,86,José Luis García Vayá,Vitória,0.08,,Off Target,8,Head,,Ricardo Quaresma,Pass (Dead),Ricardo Quaresma,Fouled
24,90+1,Ricardo Quaresma,Vitória,0.05,0.34,Goal,12,Head,,Rúben Lameiras,Pass (Live),Marcus Edwards,Pass (Live)
25,90+4,Marcus Edwards,Vitória,0.03,,Off Target,24,Left Foot,,,,,
26,90+5,Jonatan Lucca,Farense,0.05,,Off Target,17,Right Foot,Volley,César,Pass (Live),,
