,Player Name,Player Number,Player,#,Nation,Pos,Age,Min,Touches,Def Pen,Def 3rd,Mid 3rd,Att 3rd,Att Pen,Live,Att,Succ,Succ%,Tkld,Tkld%,Carries,TotDist,PrgDist,PrgC,1/3,CPA,Mis,Dis,Rec,PrgR,Player Key,Player Link
0,Oscar Estupiñan,https://fbref.com/en/players/213ab9bb/Oscar-Estupinan,31,31,co COL,FW,24-128,71,13,0,0,10,3,1,13,0,0,,0,,6,32,16,0,1,0,0,1,13,2,https://fbref.com/en/players/213ab9bb/Oscar-Estupinan-Oscar Estupiñan,
1,Bruno Duarte,https://fbref.com/en/players/d9b89391/Bruno-Duarte,9,9,br BRA,FW,25-043,19,9,1,2,2,5,0,9,0,0,,0,,3,7,0,0,0,0,0,0,7,0,https://fbref.com/en/players/d9b89391/Bruno-Duarte-Bruno Duarte,
2,Rochinha,https://fbref.com/en/players/c738a5ec/Rochinha,16,16,pt POR,LW,26-003,81,38,0,0,15,23,2,38,5,4,80.0,1,20.0,20,190,97,3,0,1,0,1,28,6,https://fbref.com/en/players/c738a5ec/Rochinha-Rochinha,
3,Marcus Edwards,https://fbref.com/en/players/57760e66/Marcus-Edwards,7,7,eng ENG,LW,22-154,9,2,0,0,0,2,0,2,0,0,,0,,2,8,3,0,0,0,0,1,2,0,https://fbref.com/en/players/57760e66/Marcus-Edwards-Marcus Edwards,
4,Domingos André Ribeiro Almeida,https://fbref.com/en/players/e6697917/Domingos-Andre-Ribeiro-Almeida,70,70,pt POR,RW,20-341,65,28,0,2,14,14,2,28,1,1,100.0,0,0.0,19,152,95,4,2,0,2,1,23,4,https://fbref.com/en/players/e6697917/Domingos-Andre-Ribeiro-Almeida-Domingos André Ribeiro Almeida,
5,Ricardo Quaresma,https://fbref.com/en/players/6b6d252d/Ricardo-Quaresma,10,10,pt POR,RW,37-222,25,20,0,2,5,13,1,20,0,0,,0,,12,64,43,2,0,0,1,0,11,3,https://fbref.com/en/players/6b6d252d/Ricardo-Quaresma-Ricardo Quaresma,
6,Gideon Mensah,https://fbref.com/en/players/9bdd8118/Gideon-Mensah,14,14,gh GHA,LM,22-292,65,32,1,8,15,10,1,32,2,1,50.0,1,50.0,18,77,10,0,0,0,3,0,20,4,https://fbref.com/en/players/9bdd8118/Gideon-Mensah-Gideon Mensah,
7,Rúben Lameiras,https://fbref.com/en/players/656a96c6/Ruben-Lameiras,23,23,pt POR,LM,26-135,25,19,0,5,7,7,2,19,1,0,0.0,1,100.0,9,47,22,0,1,0,1,0,11,5,https://fbref.com/en/players/656a96c6/Ruben-Lameiras-Rúben Lameiras,
8,José Luis García Vayá,https://fbref.com/en/players/27dc1378/Jose-Luis-Garcia-Vaya,19,19,es ESP,CM,22-268,90,95,4,22,62,11,2,95,1,1,100.0,0,0.0,47,250,81,1,0,0,1,0,77,0,https://fbref.com/en/players/27dc1378/Jose-Luis-Garcia-Vaya-José Luis García Vayá,
9,André André,https://fbref.com/en/players/9f31b1d3/Andre-Andre,11,11,pt POR,CM,31-253,81,67,1,10,46,11,1,67,3,1,33.3,2,66.7,52,252,90,2,0,1,0,5,59,1,https://fbref.com/en/players/9f31b1d3/Andre-Andre-André André,
10,Nicolas Janvier,https://fbref.com/en/players/22a62523/Nicolas-Janvier,98,98,fr FRA,CM,22-268,9,7,0,1,2,4,0,7,0,0,,0,,3,18,2,0,0,0,0,1,4,1,https://fbref.com/en/players/22a62523/Nicolas-Janvier-Nicolas Janvier,
11,Falaye Sacko,https://fbref.com/en/players/6388e356/Falaye-Sacko,17,17,ml MLI,RM,26-005,90,76,3,17,34,25,2,76,2,1,50.0,1,50.0,44,258,150,4,3,1,1,0,46,6,https://fbref.com/en/players/6388e356/Falaye-Sacko-Falaye Sacko,
12,Jorge Filipe Oliveira Fernandes,https://fbref.com/en/players/a17ef4d1/Jorge-Filipe-Oliveira-Fernandes,44,44,pt POR,CB,24-034,90,58,7,29,27,2,2,58,1,0,0.0,1,100.0,29,156,84,1,0,0,0,0,37,0,https://fbref.com/en/players/a17ef4d1/Jorge-Filipe-Oliveira-Fernandes-Jorge Filipe Oliveira Fernandes,
13,André Amaro,https://fbref.com/en/players/cdb9b8f2/Andre-Amaro,74,74,pt POR,CB,18-266,90,55,8,38,16,1,1,55,1,1,100.0,0,0.0,38,227,93,0,0,0,0,2,43,0,https://fbref.com/en/players/cdb9b8f2/Andre-Amaro-André Amaro,
14,Easah Suliman,https://fbref.com/en/players/9b07031d/Easah-Suliman,5,5,pk PAK,CB,23-100,50,44,2,23,20,1,0,44,0,0,,0,,14,89,48,0,0,0,0,0,27,0,https://fbref.com/en/players/9b07031d/Easah-Suliman-Easah Suliman,
15,Bruno Varela,https://fbref.com/en/players/2bea06e0/Bruno-Varela,1,1,cv CPV,GK,26-183,90,35,31,35,0,0,0,35,0,0,,0,,17,78,49,0,0,0,0,1,15,0,https://fbref.com/en/players/2bea06e0/Bruno-Varela-Bruno Varela,
