,Player Name,Player Number,Player,#,Nation,Pos,Age,Min,Gls,Ast,PK,PKatt,Sh,SoT,CrdY,CrdR,Touches,Tkl,Int,Blocks,xG,npxG,xAG,SCA,GCA,Cmp,Att,Cmp%,PrgP,Carries,PrgC,Att,Succ,Player Key,Player Link
0,Oscar Estupiñan,https://fbref.com/en/players/213ab9bb/Oscar-Estupinan,31,31,co COL,FW,24-128,71,0,0,0,0,1,0,0,0,13,0,0,0,0.0,0.0,0.0,0,0,10,12,83.3,0,6,0,0,0,https://fbref.com/en/players/213ab9bb/Oscar-Estupinan-Oscar Estupiñan,
1,Bruno Duarte,https://fbref.com/en/players/d9b89391/Bruno-Duarte,9,9,br BRA,FW,25-043,19,0,0,0,0,0,0,1,0,9,0,0,0,0.0,0.0,0.0,0,0,5,8,62.5,1,3,0,0,0,https://fbref.com/en/players/d9b89391/Bruno-Duarte-Bruno Duarte,
2,Rochinha,https://fbref.com/en/players/c738a5ec/Rochinha,16,16,pt POR,LW,26-003,81,1,0,0,0,3,2,0,0,38,0,0,1,0.7,0.7,0.0,5,0,23,31,74.2,2,20,3,5,4,https://fbref.com/en/players/c738a5ec/Rochinha-Rochinha,
3,Marcus Edwards,https://fbref.com/en/players/57760e66/Marcus-Edwards,7,7,eng ENG,LW,22-154,9,0,0,0,0,1,0,0,0,2,0,0,0,0.0,0.0,0.0,1,1,1,1,100.0,1,2,0,0,0,https://fbref.com/en/players/57760e66/Marcus-Edwards-Marcus Edwards,
4,Domingos André Ribeiro Almeida,https://fbref.com/en/players/e6697917/Domingos-Andre-Ribeiro-Almeida,70,70,pt POR,RW,20-341,65,0,0,0,0,0,0,0,0,28,1,0,2,0.0,0.0,0.1,3,0,17,21,81.0,2,19,4,1,1,https://fbref.com/en/players/e6697917/Domingos-Andre-Ribeiro-Almeida-Domingos André Ribeiro Almeida,
5,Ricardo Quaresma,https://fbref.com/en/players/6b6d252d/Ricardo-Quaresma,10,10,pt POR,RW,37-222,25,1,0,0,0,2,1,0,0,20,0,0,0,0.1,0.1,0.1,3,0,9,16,56.3,0,12,2,0,0,https://fbref.com/en/players/6b6d252d/Ricardo-Quaresma-Ricardo Quaresma,
6,Gideon Mensah,https://fbref.com/en/players/9bdd8118/Gideon-Mensah,14,14,gh GHA,LM,22-292,65,0,0,0,0,0,0,0,0,32,1,1,0,0.0,0.0,0.0,0,0,19,25,76.0,0,18,0,2,1,https://fbref.com/en/players/9bdd8118/Gideon-Mensah-Gideon Mensah,
7,Rúben Lameiras,https://fbref.com/en/players/656a96c6/Ruben-Lameiras,23,23,pt POR,LM,26-135,25,0,1,0,0,1,0,0,0,19,1,0,0,0.1,0.1,0.1,1,1,10,14,71.4,0,9,0,1,0,https://fbref.com/en/players/656a96c6/Ruben-Lameiras-Rúben Lameiras,
8,José Luis García Vayá,https://fbref.com/en/players/27dc1378/Jose-Luis-Garcia-Vaya,19,19,es ESP,CM,22-268,90,0,0,0,0,1,0,1,0,95,0,2,0,0.1,0.1,0.1,4,1,77,89,86.5,8,47,1,1,1,https://fbref.com/en/players/27dc1378/Jose-Luis-Garcia-Vaya-José Luis García Vayá,
9,André André,https://fbref.com/en/players/9f31b1d3/Andre-Andre,11,11,pt POR,CM,31-253,81,0,0,0,0,1,0,0,0,67,0,0,0,0.1,0.1,0.0,0,0,57,66,86.4,4,52,2,3,1,https://fbref.com/en/players/9f31b1d3/Andre-Andre-André André,
10,Nicolas Janvier,https://fbref.com/en/players/22a62523/Nicolas-Janvier,98,98,fr FRA,CM,22-268,9,0,0,0,0,0,0,0,0,7,0,0,0,0.0,0.0,0.0,0,0,5,7,71.4,1,3,0,0,0,https://fbref.com/en/players/22a62523/Nicolas-Janvier-Nicolas Janvier,
11,Falaye Sacko,https://fbref.com/en/players/6388e356/Falaye-Sacko,17,17,ml MLI,RM,26-005,90,0,0,0,0,1,0,0,0,76,2,1,0,0.1,0.1,0.3,4,0,51,66,77.3,8,44,4,2,1,https://fbref.com/en/players/6388e356/Falaye-Sacko-Falaye Sacko,
12,Jorge Filipe Oliveira Fernandes,https://fbref.com/en/players/a17ef4d1/Jorge-Filipe-Oliveira-Fernandes,44,44,pt POR,CB,24-034,90,0,0,0,0,1,0,0,0,58,0,1,0,0.1,0.1,0.0,0,0,38,51,74.5,3,29,1,1,0,https://fbref.com/en/players/a17ef4d1/Jorge-Filipe-Oliveira-Fernandes-Jorge Filipe Oliveira Fernandes,
13,André Amaro,https://fbref.com/en/players/cdb9b8f2/Andre-Amaro,74,74,pt POR,CB,18-266,90,0,0,0,0,1,0,0,0,55,0,3,1,0.1,0.1,0.0,0,0,41,46,89.1,1,38,0,1,1,https://fbref.com/en/players/cdb9b8f2/Andre-Amaro-André Amaro,
14,Easah Suliman,https://fbref.com/en/players/9b07031d/Easah-Suliman,5,5,pk PAK,CB,23-100,50,0,0,0,0,0,0,2,1,44,1,1,0,0.0,0.0,0.0,0,0,34,39,87.2,1,14,0,0,0,https://fbref.com/en/players/9b07031d/Easah-Suliman-Easah Suliman,
15,Bruno Varela,https://fbref.com/en/players/2bea06e0/Bruno-Varela,1,1,cv CPV,GK,26-183,90,0,0,0,0,0,0,0,0,35,0,0,0,0.0,0.0,0.0,1,0,28,33,84.8,0,17,0,0,0,https://fbref.com/en/players/2bea06e0/Bruno-Varela-Bruno Varela,
