season,injury,from,until,days,missed_games
23/24,Meniscus tear,"Oct 17, 2023","Dec 18, 2023",62 days,10
23/24,muscular problems,"Aug 7, 2023","Aug 14, 2023",7 days,1
23/24,Ill,"Jul 21, 2023","Jul 31, 2023",10 days,-
22/23,Shoulder injury,"Sep 19, 2022","Dec 12, 2022",84 days,9
22/23,Hamstring injury,"Jul 18, 2022","Aug 4, 2022",17 days,1
21/22,Back problems,"Jun 6, 2022","Jun 9, 2022",3 days,-
21/22,Corona virus,"Mar 3, 2022","Mar 14, 2022",11 days,3
21/22,Hamstring injury,"Feb 17, 2022","Feb 24, 2022",7 days,1
20/21,Ill,"Nov 23, 2020","Nov 26, 2020",3 days,1
19/20,Fitness,"Nov 4, 2019","Nov 28, 2019",24 days,6
19/20,Broken leg,"Jun 17, 2019","Nov 4, 2019",140 days,38
18/19,Ill,"Apr 11, 2019","Apr 15, 2019",4 days,1
18/19,Ankle injury,"Mar 14, 2019","Mar 28, 2019",14 days,4
17/18,Ill,"Feb 8, 2018","Feb 15, 2018",7 days,2
17/18,Ankle injury,"Nov 23, 2017","Jan 8, 2018",46 days,7
