,Player Name,Player Number,Player,#,Nation,Pos,Age,Min,Gls,Ast,PK,PKatt,Sh,SoT,CrdY,CrdR,Fls,Fld,Off,Crs,TklW,Int,OG,PKwon,PKcon,Player Key,Player Link
0,Aleksandar Mitrović,https://fbref.com/en/players/3925dbd6/Aleksandar-Mitrovic,9,9,rs SRB,FW,26-115,120,0,1,0,0,4,1,0,0,1,1,0,0,0,1,0,,,https://fbref.com/en/players/3925dbd6/Aleksandar-Mitrovic-Aleksandar Mitrović,
1,Ivan Cavaleiro,https://fbref.com/en/players/979b811d/Ivan-Cavaleiro,17,17,pt POR,FW,27-083,66,0,0,0,0,1,0,0,0,0,0,1,2,0,0,0,,,https://fbref.com/en/players/979b811d/Ivan-Cavaleiro-Ivan Cavaleiro,
2,Bobby Reid,https://fbref.com/en/players/0f7533cd/Bobby-Reid,14,14,jm JAM,"FW,MF",27-342,54,1,0,0,0,2,1,0,0,0,0,0,2,0,0,0,,,https://fbref.com/en/players/0f7533cd/Bobby-Reid-Bobby Reid,
3,Joe Bryan,https://fbref.com/en/players/af69e7f0/Joe-Bryan,23,23,eng ENG,LW,27-114,120,0,0,0,0,3,1,0,0,0,0,1,9,0,2,0,,,https://fbref.com/en/players/af69e7f0/Joe-Bryan-Joe Bryan,
4,Ruben Loftus-Cheek,https://fbref.com/en/players/e97fd090/Ruben-Loftus-Cheek,15,15,eng ENG,AM,24-352,90,0,0,0,0,0,0,0,0,2,2,0,0,0,0,0,,,https://fbref.com/en/players/e97fd090/Ruben-Loftus-Cheek-Ruben Loftus-Cheek,
5,Antonee Robinson,https://fbref.com/en/players/289601e6/Antonee-Robinson,33,33,us USA,DF,23-154,30,0,0,0,0,1,0,0,0,1,0,0,4,0,1,0,,,https://fbref.com/en/players/289601e6/Antonee-Robinson-Antonee Robinson,
6,Josh Onomah,https://fbref.com/en/players/6612cd8c/Josh-Onomah,25,25,eng ENG,AM,23-257,120,0,1,0,0,2,1,0,0,1,3,0,0,0,0,0,,,https://fbref.com/en/players/6612cd8c/Josh-Onomah-Josh Onomah,
7,Kenny Tete,https://fbref.com/en/players/77d7c96f/Kenny-Tete,2,2,nl NED,RW,25-092,90,0,0,0,0,0,0,0,0,1,3,0,1,2,2,0,,,https://fbref.com/en/players/77d7c96f/Kenny-Tete-Kenny Tete,
8,Denis Odoi,https://fbref.com/en/players/f7750aa0/Denis-Odoi,4,4,gh GHA,"DF,MF",32-227,30,0,0,0,0,0,0,0,0,0,0,0,0,0,0,0,,,https://fbref.com/en/players/f7750aa0/Denis-Odoi-Denis Odoi,
9,Harrison Reed,https://fbref.com/en/players/803ae100/Harrison-Reed,21,21,eng ENG,DM,25-348,77,0,0,0,0,1,0,0,0,1,0,0,0,2,1,0,,,https://fbref.com/en/players/803ae100/Harrison-Reed-Harrison Reed,
10,Neeskens Kebano,https://fbref.com/en/players/18b999f4/Neeskens-Kebano,7,7,cd COD,"FW,MF",28-305,43,1,0,0,0,1,1,0,0,0,2,0,0,1,0,0,,,https://fbref.com/en/players/18b999f4/Neeskens-Kebano-Neeskens Kebano,
11,Tim Ream,https://fbref.com/en/players/28b40c9c/Tim-Ream,13,13,us USA,CB,33-096,120,0,0,0,0,0,0,0,0,0,0,0,0,0,2,0,,,https://fbref.com/en/players/28b40c9c/Tim-Ream-Tim Ream,
12,Ola Aina,https://fbref.com/en/players/246d153b/Ola-Aina,34,34,ng NGA,CB,24-093,120,0,0,0,0,1,1,0,0,0,0,0,0,0,1,0,,,https://fbref.com/en/players/246d153b/Ola-Aina-Ola Aina,
13,Terence Kongolo,https://fbref.com/en/players/1f9a3a04/Terence-Kongolo,30,30,nl NED,CB,26-330,67,0,0,0,0,0,0,0,0,1,1,0,0,0,2,0,,,https://fbref.com/en/players/1f9a3a04/Terence-Kongolo-Terence Kongolo,
14,Michael Hector,https://fbref.com/en/players/5f1a2f31/Michael-Hector,3,3,jm JAM,"DF,MF",28-174,53,0,0,0,0,0,0,0,0,1,0,0,0,0,1,0,,,https://fbref.com/en/players/5f1a2f31/Michael-Hector-Michael Hector,
15,Marek Rodák,https://fbref.com/en/players/17acc2ed/Marek-Rodak,12,12,sk SVK,GK,24-027,120,0,0,0,0,0,0,0,0,0,0,0,0,0,0,0,,,https://fbref.com/en/players/17acc2ed/Marek-Rodak-Marek Rodák,
