,Player Name,Player Number,Player,#,Nation,Pos,Age,Min,Gls,Ast,PK,PKatt,Sh,SoT,CrdY,CrdR,Fls,Fld,Off,Crs,TklW,Int,OG,PKwon,PKcon,Player Key,Player Link
0,Lyndon Dykes,https://fbref.com/en/players/cd92357a/Lyndon-Dykes,9,9,sct SCO,FW,25-094,120,0,0,0,0,1,0,0,0,2,2,0,2,1,0,0,,,https://fbref.com/en/players/cd92357a/Lyndon-Dykes-Lyndon Dykes,
1,Macauley Bonne,https://fbref.com/en/players/9ca8b21c/Macauley-Bonne,7,7,zw ZIM,LM,25-075,72,0,0,0,0,3,1,0,0,0,0,1,0,1,0,0,,,https://fbref.com/en/players/9ca8b21c/Macauley-Bonne-Macauley Bonne,
2,Charlie Kelman,https://fbref.com/en/players/d7cf39b1/Charlie-Kelman,29,29,us USA,FW,19-068,48,0,0,0,0,0,0,0,0,0,0,0,0,0,0,0,,,https://fbref.com/en/players/d7cf39b1/Charlie-Kelman-Charlie Kelman,
3,Tom Carroll,https://fbref.com/en/players/5a1900a4/Tom-Carroll,22,22,eng ENG,CM,28-226,81,0,0,0,0,1,0,0,0,1,0,0,4,0,1,0,,,https://fbref.com/en/players/5a1900a4/Tom-Carroll-Tom Carroll,
4,Faysal Bettache,https://fbref.com/en/players/34747acf/Faysal-Bettache,26,26,eng ENG,MF,20-186,39,0,0,0,0,1,1,0,0,0,0,0,4,0,0,0,,,https://fbref.com/en/players/34747acf/Faysal-Bettache-Faysal Bettache,
5,Dominic Ball,https://fbref.com/en/players/79d61875/Dominic-Ball,12,12,eng ENG,CM,25-160,120,0,0,0,0,1,1,0,0,0,0,0,0,0,3,0,,,https://fbref.com/en/players/79d61875/Dominic-Ball-Dominic Ball,
6,Ilias Chair,https://fbref.com/en/players/ad7873cb/Ilias-Chair,10,10,ma MAR,RM,23-071,81,0,0,0,0,2,1,0,0,1,0,0,4,0,0,0,,,https://fbref.com/en/players/ad7873cb/Ilias-Chair-Ilias Chair,
7,George Thomas,https://fbref.com/en/players/7ef24097/George-Thomas,19,19,wls WAL,"FW,MF",23-291,39,0,0,0,0,1,1,0,0,0,0,0,1,0,1,0,,,https://fbref.com/en/players/7ef24097/George-Thomas-George Thomas,
8,Bright Osayi-Samuel,https://fbref.com/en/players/03b6afa9/Bright-Osayi-Samuel,11,11,ng NGA,LB,23-009,90,0,0,0,0,1,1,0,0,4,2,0,4,2,1,0,,,https://fbref.com/en/players/03b6afa9/Bright-Osayi-Samuel-Bright Osayi-Samuel,
9,Niko Hämäläinen,https://fbref.com/en/players/4435db1e/Niko-Hamalainen,25,25,fi FIN,"DF,MF",23-310,30,0,0,0,0,0,0,1,0,1,0,0,2,0,0,0,,,https://fbref.com/en/players/4435db1e/Niko-Hamalainen-Niko Hämäläinen,
10,Yoann Barbet,https://fbref.com/en/players/c52bbd2c/Yoann-Barbet,6,6,fr FRA,CB,27-244,120,0,0,0,0,1,0,1,0,2,0,0,2,3,1,0,,,https://fbref.com/en/players/c52bbd2c/Yoann-Barbet-Yoann Barbet,
11,Geoff Cameron,https://fbref.com/en/players/1a160ea3/Geoff-Cameron,20,20,us USA,CB,35-182,90,0,0,0,0,1,0,1,0,1,0,0,1,1,3,0,,,https://fbref.com/en/players/1a160ea3/Geoff-Cameron-Geoff Cameron,
12,Conor Masterson,https://fbref.com/en/players/db975607/Conor-Masterson,23,23,ie IRL,DF,22-123,30,0,0,0,0,0,0,0,0,0,0,0,0,0,0,0,,,https://fbref.com/en/players/db975607/Conor-Masterson-Conor Masterson,
13,Robert Dickie,https://fbref.com/en/players/c7dfc411/Robert-Dickie,4,4,eng ENG,CB,24-312,120,0,0,0,0,1,0,0,0,0,3,0,1,0,3,0,,,https://fbref.com/en/players/c7dfc411/Robert-Dickie-Robert Dickie,
14,Todd Kane,https://fbref.com/en/players/dd082c59/Todd-Kane,2,2,eng ENG,RB,27-114,120,0,0,0,0,0,0,0,0,0,1,0,13,0,1,0,,,https://fbref.com/en/players/dd082c59/Todd-Kane-Todd Kane,
15,Seny Dieng,https://fbref.com/en/players/c135cddd/Seny-Dieng,13,13,sn SEN,GK,26-047,120,0,0,0,0,0,0,0,0,0,0,0,0,0,0,0,,,https://fbref.com/en/players/c135cddd/Seny-Dieng-Seny Dieng,
