,Player Name,Player Number,Player,#,Nation,Pos,Age,Min,Gls,Ast,PK,PKatt,Sh,SoT,CrdY,CrdR,Touches,Tkl,Int,Blocks,xG,npxG,xAG,SCA,GCA,Cmp,Att,Cmp%,PrgP,Carries,PrgC,Att,Succ,Player Key,Player Link
0,Samuel Kalu,https://fbref.com/en/players/b8d22478/Samuel-Kalu,10,10,ng NGA,FW,23-185,75,1,0,0,0,4,1,0,0,38,3,0,0,0.7,0.7,0.0,1,0,16,19,84.2,3,26,1,5,3,https://fbref.com/en/players/b8d22478/Samuel-Kalu-Samuel Kalu,
1,Hatem Ben Arfa,https://fbref.com/en/players/74dc806c/Hatem-Ben-Arfa,8,8,fr FRA,FW,33-357,15,0,0,0,0,0,0,0,0,12,0,0,0,0.0,0.0,0.0,0,0,8,11,72.7,0,7,0,1,1,https://fbref.com/en/players/74dc806c/Hatem-Ben-Arfa-Hatem Ben Arfa,
2,Hwang Ui-jo,https://fbref.com/en/players/a2d873dd/Hwang-Ui-jo,18,18,kr KOR,FW,28-183,90,0,0,0,0,0,0,0,0,28,0,0,0,0.0,0.0,0.0,0,0,16,21,76.2,0,18,0,5,3,https://fbref.com/en/players/a2d873dd/Hwang-Ui-jo-Hwang Ui-jo,
3,Jean Seri,https://fbref.com/en/players/10efd0e1/Jean-Seri,15,15,ci CIV,CM,29-223,90,0,0,0,0,0,0,0,0,64,2,0,0,0.0,0.0,0.0,1,0,46,57,80.7,9,39,2,1,1,https://fbref.com/en/players/10efd0e1/Jean-Seri-Jean Seri,
4,Tom Lacoux,https://fbref.com/en/players/295ba708/Tom-Lacoux,27,27,fr FRA,CM,19-033,90,0,0,0,0,1,0,0,0,42,2,1,3,0.0,0.0,0.0,0,0,23,28,82.1,1,17,2,0,0,https://fbref.com/en/players/295ba708/Tom-Lacoux-Tom Lacoux,
5,Mehdi Zerkane,https://fbref.com/en/players/53f6306f/Mehdi-Zerkane,17,17,dz ALG,CM,21-227,75,0,0,0,0,0,0,0,0,43,2,0,0,0.0,0.0,0.3,4,0,30,35,85.7,3,26,3,2,1,https://fbref.com/en/players/53f6306f/Mehdi-Zerkane-Mehdi Zerkane,
6,Issouf Sissokho,https://fbref.com/en/players/792a9d41/Issouf-Sissokho,33,33,ml MLI,CM,19-028,15,0,0,0,0,0,0,0,0,10,1,1,0,0.0,0.0,0.0,0,0,8,8,100.0,2,6,1,0,0,https://fbref.com/en/players/792a9d41/Issouf-Sissokho-Issouf Sissokho,
7,Remi Oudin,https://fbref.com/en/players/ea02beaf/Remi-Oudin,28,28,fr FRA,WB,24-101,83,0,0,0,0,2,0,0,0,66,1,2,3,0.1,0.1,0.4,3,0,25,47,53.2,6,35,1,1,1,https://fbref.com/en/players/ea02beaf/Remi-Oudin-Remi Oudin,
8,Sekou Mara,https://fbref.com/en/players/3544641e/Sekou-Mara,36,36,fr FRA,WB,18-212,7,0,0,0,0,0,0,0,0,4,0,0,0,0.0,0.0,0.0,0,0,3,4,75.0,0,3,1,0,0,https://fbref.com/en/players/3544641e/Sekou-Mara-Sekou Mara,
9,Youssouf Sabaly,https://fbref.com/en/players/fbbb9269/Youssouf-Sabaly,20,20,sn SEN,WB,27-359,90,0,1,0,0,1,0,0,0,70,0,3,0,0.1,0.1,0.1,4,2,46,58,79.3,5,34,1,3,2,https://fbref.com/en/players/fbbb9269/Youssouf-Sabaly-Youssouf Sabaly,
10,Mexer,https://fbref.com/en/players/ce492295/Mexer,4,4,mz MOZ,CB,32-172,90,0,0,0,0,0,0,0,0,59,0,4,0,0.0,0.0,0.0,0,0,34,52,65.4,1,19,0,0,0,https://fbref.com/en/players/ce492295/Mexer-Mexer,
11,Laurent Koscielny,https://fbref.com/en/players/f5efb153/Laurent-Koscielny,6,6,fr FRA,CB,35-170,90,0,0,0,0,0,0,1,0,61,2,1,3,0.0,0.0,0.0,1,0,36,44,81.8,2,31,0,0,0,https://fbref.com/en/players/f5efb153/Laurent-Koscielny-Laurent Koscielny,
12,Paul Baysse,https://fbref.com/en/players/2515040a/Paul-Baysse,24,24,fr FRA,CB,32-285,90,0,0,0,0,0,0,0,0,47,3,0,2,0.0,0.0,0.0,1,0,29,37,78.4,0,27,1,0,0,https://fbref.com/en/players/2515040a/Paul-Baysse-Paul Baysse,
13,Benoît Costil,https://fbref.com/en/players/2434f24a/Benoit-Costil,1,1,fr FRA,GK,33-239,90,0,0,0,0,0,0,0,0,42,0,0,0,0.0,0.0,0.0,0,0,26,39,66.7,0,23,0,0,0,https://fbref.com/en/players/2434f24a/Benoit-Costil-Benoît Costil,
