,Player Name,Player Number,Player,#,Nation,Pos,Age,Min,Att,Live,Dead,FK,TB,Sw,Crs,TI,CK,In,Out,Str,Cmp,Off,Blocks,Player Key,Player Link
0,Samuel Kalu,https://fbref.com/en/players/b8d22478/Samuel-Kalu,10,10,ng NGA,FW,23-185,75,19,19,0,0,0,0,1,0,0,0,0,0,16,0,0,https://fbref.com/en/players/b8d22478/Samuel-Kalu-Samuel Kalu,
1,Hatem Ben Arfa,https://fbref.com/en/players/74dc806c/Hatem-Ben-Arfa,8,8,fr FRA,FW,33-357,15,11,8,3,1,0,0,1,1,0,0,0,0,8,0,0,https://fbref.com/en/players/74dc806c/Hatem-Ben-Arfa-Hatem Ben Arfa,
2,Hwang Ui-jo,https://fbref.com/en/players/a2d873dd/Hwang-Ui-jo,18,18,kr KOR,FW,28-183,90,21,19,2,0,0,0,0,0,0,0,0,0,16,0,0,https://fbref.com/en/players/a2d873dd/Hwang-Ui-jo-Hwang Ui-jo,
3,Jean Seri,https://fbref.com/en/players/10efd0e1/Jean-Seri,15,15,ci CIV,CM,29-223,90,57,55,2,2,0,1,0,0,0,0,0,0,46,0,1,https://fbref.com/en/players/10efd0e1/Jean-Seri-Jean Seri,
4,Tom Lacoux,https://fbref.com/en/players/295ba708/Tom-Lacoux,27,27,fr FRA,CM,19-033,90,28,28,0,0,0,0,0,0,0,0,0,0,23,0,2,https://fbref.com/en/players/295ba708/Tom-Lacoux-Tom Lacoux,
5,Mehdi Zerkane,https://fbref.com/en/players/53f6306f/Mehdi-Zerkane,17,17,dz ALG,CM,21-227,75,35,33,1,1,0,0,3,0,0,0,0,0,30,1,0,https://fbref.com/en/players/53f6306f/Mehdi-Zerkane-Mehdi Zerkane,
6,Issouf Sissokho,https://fbref.com/en/players/792a9d41/Issouf-Sissokho,33,33,ml MLI,CM,19-028,15,8,8,0,0,0,0,0,0,0,0,0,0,8,0,0,https://fbref.com/en/players/792a9d41/Issouf-Sissokho-Issouf Sissokho,
7,Remi Oudin,https://fbref.com/en/players/ea02beaf/Remi-Oudin,28,28,fr FRA,WB,24-101,83,47,41,6,1,0,1,4,4,1,0,1,0,25,0,2,https://fbref.com/en/players/ea02beaf/Remi-Oudin-Remi Oudin,
8,Sekou Mara,https://fbref.com/en/players/3544641e/Sekou-Mara,36,36,fr FRA,WB,18-212,7,4,4,0,0,0,0,0,0,0,0,0,0,3,0,0,https://fbref.com/en/players/3544641e/Sekou-Mara-Sekou Mara,
9,Youssouf Sabaly,https://fbref.com/en/players/fbbb9269/Youssouf-Sabaly,20,20,sn SEN,WB,27-359,90,58,46,12,0,0,0,1,12,0,0,0,0,46,0,1,https://fbref.com/en/players/fbbb9269/Youssouf-Sabaly-Youssouf Sabaly,
10,Mexer,https://fbref.com/en/players/ce492295/Mexer,4,4,mz MOZ,CB,32-172,90,52,37,15,3,0,0,1,12,0,0,0,0,34,0,0,https://fbref.com/en/players/ce492295/Mexer-Mexer,
11,Laurent Koscielny,https://fbref.com/en/players/f5efb153/Laurent-Koscielny,6,6,fr FRA,CB,35-170,90,44,43,1,1,0,0,0,0,0,0,0,0,36,0,0,https://fbref.com/en/players/f5efb153/Laurent-Koscielny-Laurent Koscielny,
12,Paul Baysse,https://fbref.com/en/players/2515040a/Paul-Baysse,24,24,fr FRA,CB,32-285,90,37,35,2,2,0,0,1,0,0,0,0,0,29,0,0,https://fbref.com/en/players/2515040a/Paul-Baysse-Paul Baysse,
13,Benoît Costil,https://fbref.com/en/players/2434f24a/Benoit-Costil,1,1,fr FRA,GK,33-239,90,39,28,11,3,0,1,0,0,0,0,0,0,26,0,0,https://fbref.com/en/players/2434f24a/Benoit-Costil-Benoît Costil,
