,Player Name,Player Number,Player,#,Nation,Pos,Age,Min,Touches,Def Pen,Def 3rd,Mid 3rd,Att 3rd,Att Pen,Live,Att,Succ,Succ%,Tkld,Tkld%,Carries,TotDist,PrgDist,PrgC,1/3,CPA,Mis,Dis,Rec,PrgR,Player Key,Player Link
0,Samuel Kalu,https://fbref.com/en/players/b8d22478/Samuel-Kalu,10,10,ng NGA,FW,23-185,75,38,0,3,14,21,6,38,5,3,60.0,2,40.0,26,97,27,1,0,2,5,4,32,9,https://fbref.com/en/players/b8d22478/Samuel-Kalu-Samuel Kalu,
1,Hatem Ben Arfa,https://fbref.com/en/players/74dc806c/Hatem-Ben-Arfa,8,8,fr FRA,FW,33-357,15,12,0,2,3,8,1,12,1,1,100.0,0,0.0,7,48,33,0,1,0,0,1,7,2,https://fbref.com/en/players/74dc806c/Hatem-Ben-Arfa-Hatem Ben Arfa,
2,Hwang Ui-jo,https://fbref.com/en/players/a2d873dd/Hwang-Ui-jo,18,18,kr KOR,FW,28-183,90,28,0,1,15,13,3,28,5,3,60.0,2,40.0,18,142,3,0,1,0,3,1,24,4,https://fbref.com/en/players/a2d873dd/Hwang-Ui-jo-Hwang Ui-jo,
3,Jean Seri,https://fbref.com/en/players/10efd0e1/Jean-Seri,15,15,ci CIV,CM,29-223,90,64,1,14,43,7,1,64,1,1,100.0,0,0.0,39,220,137,2,1,0,1,2,44,1,https://fbref.com/en/players/10efd0e1/Jean-Seri-Jean Seri,
4,Tom Lacoux,https://fbref.com/en/players/295ba708/Tom-Lacoux,27,27,fr FRA,CM,19-033,90,42,2,11,29,3,0,42,0,0,,0,,17,154,82,2,1,0,1,2,21,1,https://fbref.com/en/players/295ba708/Tom-Lacoux-Tom Lacoux,
5,Mehdi Zerkane,https://fbref.com/en/players/53f6306f/Mehdi-Zerkane,17,17,dz ALG,CM,21-227,75,43,1,8,23,13,0,43,2,1,50.0,1,50.0,26,203,109,3,3,0,5,2,29,3,https://fbref.com/en/players/53f6306f/Mehdi-Zerkane-Mehdi Zerkane,
6,Issouf Sissokho,https://fbref.com/en/players/792a9d41/Issouf-Sissokho,33,33,ml MLI,CM,19-028,15,10,0,2,5,3,0,10,0,0,,0,,6,47,10,1,1,0,0,0,7,1,https://fbref.com/en/players/792a9d41/Issouf-Sissokho-Issouf Sissokho,
7,Remi Oudin,https://fbref.com/en/players/ea02beaf/Remi-Oudin,28,28,fr FRA,WB,24-101,83,66,3,12,27,27,1,66,1,1,100.0,0,0.0,35,122,45,1,2,1,2,4,33,5,https://fbref.com/en/players/ea02beaf/Remi-Oudin-Remi Oudin,
8,Sekou Mara,https://fbref.com/en/players/3544641e/Sekou-Mara,36,36,fr FRA,WB,18-212,7,4,0,1,1,2,0,4,0,0,,0,,3,30,28,1,0,0,0,0,4,1,https://fbref.com/en/players/3544641e/Sekou-Mara-Sekou Mara,
9,Youssouf Sabaly,https://fbref.com/en/players/fbbb9269/Youssouf-Sabaly,20,20,sn SEN,WB,27-359,90,70,3,14,38,19,2,70,3,2,66.7,1,33.3,34,172,83,1,1,1,2,1,41,4,https://fbref.com/en/players/fbbb9269/Youssouf-Sabaly-Youssouf Sabaly,
10,Mexer,https://fbref.com/en/players/ce492295/Mexer,4,4,mz MOZ,CB,32-172,90,59,8,28,26,5,0,59,0,0,,0,,19,67,37,0,0,0,0,0,20,0,https://fbref.com/en/players/ce492295/Mexer-Mexer,
11,Laurent Koscielny,https://fbref.com/en/players/f5efb153/Laurent-Koscielny,6,6,fr FRA,CB,35-170,90,61,11,39,24,0,0,61,0,0,,0,,31,181,123,0,0,0,2,0,33,0,https://fbref.com/en/players/f5efb153/Laurent-Koscielny-Laurent Koscielny,
12,Paul Baysse,https://fbref.com/en/players/2515040a/Paul-Baysse,24,24,fr FRA,CB,32-285,90,47,7,25,21,1,0,47,0,0,,0,,27,118,78,1,0,0,1,0,25,1,https://fbref.com/en/players/2515040a/Paul-Baysse-Paul Baysse,
13,Benoît Costil,https://fbref.com/en/players/2434f24a/Benoit-Costil,1,1,fr FRA,GK,33-239,90,42,36,42,0,0,0,42,0,0,,0,,23,116,56,0,0,0,0,0,21,0,https://fbref.com/en/players/2434f24a/Benoit-Costil-Benoît Costil,
