,Player Name,Player Number,Player,#,Nation,Pos,Age,Min,Touches,Def Pen,Def 3rd,Mid 3rd,Att 3rd,Att Pen,Live,Att,Succ,Succ%,Tkld,Tkld%,Carries,TotDist,PrgDist,PrgC,1/3,CPA,Mis,Dis,Rec,PrgR,Player Key,Player Link
0,Aaron Leya Iseka,https://fbref.com/en/players/29ef0f49/Aaron-Leya-Iseka,24,24,be BEL,FW,23-104,65,23,1,2,15,7,0,23,3,2,66.7,1,33.3,12,83,35,0,1,0,4,1,15,6,https://fbref.com/en/players/29ef0f49/Aaron-Leya-Iseka-Aaron Leya Iseka,
1,Vagner Gonçalves,https://fbref.com/en/players/743fd71f/Vagner-Goncalves,27,27,cv CPV,FW,25-048,25,20,0,1,11,8,3,20,0,0,,0,,15,40,12,0,0,0,3,1,18,6,https://fbref.com/en/players/743fd71f/Vagner-Goncalves-Vagner Gonçalves,
2,Lamine Gueye,https://fbref.com/en/players/9d5dcc23/Lamine-Gueye,13,13,sn SEN,FW,22-351,82,36,0,2,12,23,3,36,1,1,100.0,0,0.0,22,130,56,2,2,2,4,3,27,11,https://fbref.com/en/players/9d5dcc23/Lamine-Gueye-Lamine Gueye,
3,Thierry Ambrose,https://fbref.com/en/players/2945f4b7/Thierry-Ambrose,9,9,gp GLP,FW,23-336,8,5,0,1,2,2,1,5,0,0,,0,,2,9,2,0,0,0,0,0,2,1,https://fbref.com/en/players/2945f4b7/Thierry-Ambrose-Thierry Ambrose,
4,Farid Boulaya,https://fbref.com/en/players/a0791826/Farid-Boulaya,10,10,dz ALG,AM,28-002,90,66,0,3,33,31,0,66,5,3,60.0,2,40.0,33,187,84,1,4,0,3,0,39,4,https://fbref.com/en/players/a0791826/Farid-Boulaya-Farid Boulaya,
5,Pape Matar Sarr,https://fbref.com/en/players/feb5d972/Pape-Matar-Sarr,15,15,sn SEN,CM,18-166,90,53,3,9,35,10,2,53,0,0,,0,,33,351,159,4,5,0,2,1,30,1,https://fbref.com/en/players/feb5d972/Pape-Matar-Sarr-Pape Matar Sarr,
6,Victorien Angban,https://fbref.com/en/players/d8992b84/Victorien-Angban,5,5,ci CIV,CM,24-151,65,35,1,4,27,4,0,35,0,0,,0,,19,79,43,0,2,0,0,0,23,0,https://fbref.com/en/players/d8992b84/Victorien-Angban-Victorien Angban,
7,Vincent Pajot,https://fbref.com/en/players/f86ca403/Vincent-Pajot,14,14,fr FRA,CM,30-192,25,14,0,2,9,3,0,14,0,0,,0,,7,37,0,0,0,0,0,0,8,0,https://fbref.com/en/players/f86ca403/Vincent-Pajot-Vincent Pajot,
8,Thomas Delaine,https://fbref.com/en/players/8332db56/Thomas-Delaine,17,17,fr FRA,WB,28-340,90,54,1,8,26,21,3,54,3,2,66.7,1,33.3,27,281,229,9,5,2,3,2,34,6,https://fbref.com/en/players/8332db56/Thomas-Delaine-Thomas Delaine,
9,Fabien Centonze,https://fbref.com/en/players/3c6bbbab/Fabien-Centonze,18,18,fr FRA,WB,25-042,90,72,6,20,37,15,1,72,1,1,100.0,0,0.0,27,173,84,2,0,1,3,2,26,5,https://fbref.com/en/players/3c6bbbab/Fabien-Centonze-Fabien Centonze,
10,John Boye,https://fbref.com/en/players/861227d2/John-Boye,21,21,gh GHA,CB,33-310,90,44,6,22,20,2,2,44,0,0,,0,,13,37,9,0,0,0,1,0,20,0,https://fbref.com/en/players/861227d2/John-Boye-John Boye,
11,Boubakar Kouyaté,https://fbref.com/en/players/562a4799/Boubakar-Kouyate,23,23,ml MLI,CB,23-318,90,50,8,27,19,4,3,50,0,0,,0,,22,82,17,0,0,0,0,1,29,0,https://fbref.com/en/players/562a4799/Boubakar-Kouyate-Boubakar Kouyaté,
12,Dylan Bronn,https://fbref.com/en/players/edd81e2a/Dylan-Bronn,2,2,tn TUN,CB,25-253,90,58,2,20,37,1,0,58,2,1,50.0,1,50.0,33,174,107,4,1,0,0,0,32,0,https://fbref.com/en/players/edd81e2a/Dylan-Bronn-Dylan Bronn,
13,Alexandre Oukidja,https://fbref.com/en/players/ae7d0ecd/Alexandre-Oukidja,16,16,dz ALG,GK,32-223,90,22,20,22,0,0,0,22,0,0,,0,,11,39,29,0,0,0,0,0,9,0,https://fbref.com/en/players/ae7d0ecd/Alexandre-Oukidja-Alexandre Oukidja,
