,Player Name,Player Number,Player,#,Nation,Pos,Age,Min,Gls,Ast,PK,PKatt,Sh,SoT,CrdY,CrdR,Touches,Tkl,Int,Blocks,xG,npxG,xAG,SCA,GCA,Cmp,Att,Cmp%,PrgP,Carries,PrgC,Att,Succ,Player Key,Player Link
0,Aaron Leya Iseka,https://fbref.com/en/players/29ef0f49/Aaron-Leya-Iseka,24,24,be BEL,FW,23-104,65,0,0,0,0,0,0,0,0,23,0,0,0,0.0,0.0,0.0,1,0,10,14,71.4,1,12,0,3,2,https://fbref.com/en/players/29ef0f49/Aaron-Leya-Iseka-Aaron Leya Iseka,
1,Vagner Gonçalves,https://fbref.com/en/players/743fd71f/Vagner-Goncalves,27,27,cv CPV,FW,25-048,25,1,0,0,0,2,1,0,0,20,0,0,0,1.1,1.1,0.0,0,0,9,14,64.3,1,15,0,0,0,https://fbref.com/en/players/743fd71f/Vagner-Goncalves-Vagner Gonçalves,
2,Lamine Gueye,https://fbref.com/en/players/9d5dcc23/Lamine-Gueye,13,13,sn SEN,FW,22-351,82,0,0,0,0,2,1,0,0,36,2,0,0,0.1,0.1,0.2,6,0,16,26,61.5,1,22,2,1,1,https://fbref.com/en/players/9d5dcc23/Lamine-Gueye-Lamine Gueye,
3,Thierry Ambrose,https://fbref.com/en/players/2945f4b7/Thierry-Ambrose,9,9,gp GLP,FW,23-336,8,0,1,0,0,0,0,0,0,5,0,0,0,0.0,0.0,0.9,2,1,3,5,60.0,1,2,0,0,0,https://fbref.com/en/players/2945f4b7/Thierry-Ambrose-Thierry Ambrose,
4,Farid Boulaya,https://fbref.com/en/players/a0791826/Farid-Boulaya,10,10,dz ALG,AM,28-002,90,0,0,0,0,0,0,1,0,66,1,1,0,0.0,0.0,0.5,10,1,35,53,66.0,10,33,1,5,3,https://fbref.com/en/players/a0791826/Farid-Boulaya-Farid Boulaya,
5,Pape Matar Sarr,https://fbref.com/en/players/feb5d972/Pape-Matar-Sarr,15,15,sn SEN,CM,18-166,90,0,0,0,0,2,0,0,0,53,5,2,3,0.1,0.1,0.0,1,0,35,41,85.4,6,33,4,0,0,https://fbref.com/en/players/feb5d972/Pape-Matar-Sarr-Pape Matar Sarr,
6,Victorien Angban,https://fbref.com/en/players/d8992b84/Victorien-Angban,5,5,ci CIV,CM,24-151,65,0,0,0,0,1,0,0,0,35,0,0,0,0.0,0.0,0.0,2,0,28,32,87.5,5,19,0,0,0,https://fbref.com/en/players/d8992b84/Victorien-Angban-Victorien Angban,
7,Vincent Pajot,https://fbref.com/en/players/f86ca403/Vincent-Pajot,14,14,fr FRA,CM,30-192,25,0,0,0,0,0,0,0,0,14,1,3,0,0.0,0.0,0.0,0,0,8,11,72.7,1,7,0,0,0,https://fbref.com/en/players/f86ca403/Vincent-Pajot-Vincent Pajot,
8,Thomas Delaine,https://fbref.com/en/players/8332db56/Thomas-Delaine,17,17,fr FRA,WB,28-340,90,1,0,0,0,2,2,0,0,54,1,0,1,0.2,0.2,0.2,2,0,31,44,70.5,3,27,9,3,2,https://fbref.com/en/players/8332db56/Thomas-Delaine-Thomas Delaine,
9,Fabien Centonze,https://fbref.com/en/players/3c6bbbab/Fabien-Centonze,18,18,fr FRA,WB,25-042,90,0,0,0,0,1,1,1,0,72,4,2,2,0.0,0.0,0.0,2,0,40,57,70.2,3,27,2,1,1,https://fbref.com/en/players/3c6bbbab/Fabien-Centonze-Fabien Centonze,
10,John Boye,https://fbref.com/en/players/861227d2/John-Boye,21,21,gh GHA,CB,33-310,90,0,1,0,0,2,0,0,0,44,4,1,1,0.2,0.2,0.1,1,1,25,32,78.1,2,13,0,0,0,https://fbref.com/en/players/861227d2/John-Boye-John Boye,
11,Boubakar Kouyaté,https://fbref.com/en/players/562a4799/Boubakar-Kouyate,23,23,ml MLI,CB,23-318,90,0,0,0,0,3,0,0,0,50,1,4,1,0.2,0.2,0.0,0,0,27,36,75.0,2,22,0,0,0,https://fbref.com/en/players/562a4799/Boubakar-Kouyate-Boubakar Kouyaté,
12,Dylan Bronn,https://fbref.com/en/players/edd81e2a/Dylan-Bronn,2,2,tn TUN,CB,25-253,90,0,0,0,0,0,0,0,0,58,4,2,0,0.0,0.0,0.0,3,1,36,53,67.9,4,33,4,2,1,https://fbref.com/en/players/edd81e2a/Dylan-Bronn-Dylan Bronn,
13,Alexandre Oukidja,https://fbref.com/en/players/ae7d0ecd/Alexandre-Oukidja,16,16,dz ALG,GK,32-223,90,0,0,0,0,0,0,0,0,22,0,0,0,0.0,0.0,0.0,0,0,15,22,68.2,0,11,0,0,0,https://fbref.com/en/players/ae7d0ecd/Alexandre-Oukidja-Alexandre Oukidja,
