,Player Name,Player Number,Player,#,Nation,Pos,Age,Min,Att,Live,Dead,FK,TB,Sw,Crs,TI,CK,In,Out,Str,Cmp,Off,Blocks,Player Key,Player Link
0,Aaron Leya Iseka,https://fbref.com/en/players/29ef0f49/Aaron-Leya-Iseka,24,24,be BEL,FW,23-104,65,14,14,0,0,0,0,0,0,0,0,0,0,10,0,0,https://fbref.com/en/players/29ef0f49/Aaron-Leya-Iseka-Aaron Leya Iseka,
1,Vagner Gonçalves,https://fbref.com/en/players/743fd71f/Vagner-Goncalves,27,27,cv CPV,FW,25-048,25,14,13,1,1,0,0,0,0,0,0,0,0,9,0,0,https://fbref.com/en/players/743fd71f/Vagner-Goncalves-Vagner Gonçalves,
2,Lamine Gueye,https://fbref.com/en/players/9d5dcc23/Lamine-Gueye,13,13,sn SEN,FW,22-351,82,26,22,4,0,0,0,9,1,3,0,3,0,16,0,1,https://fbref.com/en/players/9d5dcc23/Lamine-Gueye-Lamine Gueye,
3,Thierry Ambrose,https://fbref.com/en/players/2945f4b7/Thierry-Ambrose,9,9,gp GLP,FW,23-336,8,5,5,0,0,0,0,0,0,0,0,0,0,3,0,1,https://fbref.com/en/players/2945f4b7/Thierry-Ambrose-Thierry Ambrose,
4,Farid Boulaya,https://fbref.com/en/players/a0791826/Farid-Boulaya,10,10,dz ALG,AM,28-002,90,53,38,14,3,0,1,13,2,7,3,2,0,35,1,1,https://fbref.com/en/players/a0791826/Farid-Boulaya-Farid Boulaya,
5,Pape Matar Sarr,https://fbref.com/en/players/feb5d972/Pape-Matar-Sarr,15,15,sn SEN,CM,18-166,90,41,39,2,2,0,2,1,0,0,0,0,0,35,0,2,https://fbref.com/en/players/feb5d972/Pape-Matar-Sarr-Pape Matar Sarr,
6,Victorien Angban,https://fbref.com/en/players/d8992b84/Victorien-Angban,5,5,ci CIV,CM,24-151,65,32,31,1,1,0,2,0,0,0,0,0,0,28,0,0,https://fbref.com/en/players/d8992b84/Victorien-Angban-Victorien Angban,
7,Vincent Pajot,https://fbref.com/en/players/f86ca403/Vincent-Pajot,14,14,fr FRA,CM,30-192,25,11,11,0,0,0,0,0,0,0,0,0,0,8,0,0,https://fbref.com/en/players/f86ca403/Vincent-Pajot-Vincent Pajot,
8,Thomas Delaine,https://fbref.com/en/players/8332db56/Thomas-Delaine,17,17,fr FRA,WB,28-340,90,44,35,8,0,0,0,8,8,0,0,0,0,31,1,2,https://fbref.com/en/players/8332db56/Thomas-Delaine-Thomas Delaine,
9,Fabien Centonze,https://fbref.com/en/players/3c6bbbab/Fabien-Centonze,18,18,fr FRA,WB,25-042,90,57,46,11,1,0,0,3,10,0,0,0,0,40,0,0,https://fbref.com/en/players/3c6bbbab/Fabien-Centonze-Fabien Centonze,
10,John Boye,https://fbref.com/en/players/861227d2/John-Boye,21,21,gh GHA,CB,33-310,90,32,31,1,1,0,1,0,0,0,0,0,0,25,0,0,https://fbref.com/en/players/861227d2/John-Boye-John Boye,
11,Boubakar Kouyaté,https://fbref.com/en/players/562a4799/Boubakar-Kouyate,23,23,ml MLI,CB,23-318,90,36,35,1,1,0,0,0,0,0,0,0,0,27,0,1,https://fbref.com/en/players/562a4799/Boubakar-Kouyate-Boubakar Kouyaté,
12,Dylan Bronn,https://fbref.com/en/players/edd81e2a/Dylan-Bronn,2,2,tn TUN,CB,25-253,90,53,48,5,5,0,2,0,0,0,0,0,0,36,0,1,https://fbref.com/en/players/edd81e2a/Dylan-Bronn-Dylan Bronn,
13,Alexandre Oukidja,https://fbref.com/en/players/ae7d0ecd/Alexandre-Oukidja,16,16,dz ALG,GK,32-223,90,22,14,8,3,0,0,0,0,0,0,0,0,15,0,0,https://fbref.com/en/players/ae7d0ecd/Alexandre-Oukidja-Alexandre Oukidja,
