,Minute,Player,Squad,xG,PSxG,Outcome,Distance,Body Part,Notes,SCA 1 Player,SCA 1 Event,SCA 2 Player,SCA 2 Event
0,1,Samuel Kalu,Bordeaux,0.25,,Off Target,11,Head,,Mehdi Zerkane,Pass (Live),Mehdi Zerkane,Take-On
1,11,Samuel Kalu,Bordeaux,0.04,,Blocked,17,Right Foot,,Samuel Kalu,Take-On,Mehdi Zerkane,Pass (Live)
2,13,Youssouf Sabaly,Bordeaux,0.06,,Off Target,18,Left Foot,,Youssouf Sabaly,Take-On,Remi Oudin,Pass (Live)
3,14,Samuel Kalu,Bordeaux,0.10,0.33,Goal,11,Right Foot,,Youssouf Sabaly,Pass (Live),Youssouf Sabaly,Shot
4,15,Boubakar Kouyaté,Metz,0.08,,Blocked,10,Head,,Farid Boulaya,Pass (Dead),Farid Boulaya,Pass (Live)
5,16,Tom Lacoux,Bordeaux,0.02,,Off Target,26,Right Foot,Volley,Mehdi Zerkane,Pass (Live),,
6,20,Lamine Gueye,Metz,0.04,0.14,Saved,16,Right Foot,,Aaron Leya Iseka,Pass (Live),Victorien Angban,Pass (Live)
7,27,Pape Matar Sarr,Metz,0.09,,Off Target,9,Head,,Farid Boulaya,Pass (Live),Lamine Gueye,Pass (Live)
8,28,Remi Oudin,Bordeaux,0.04,,Off Target,21,Left Foot,,Youssouf Sabaly,Pass (Live),Remi Oudin,Pass (Live)
9,36,Remi Oudin,Bordeaux,0.04,,Blocked,19,Left Foot,,Paul Baysse,Pass (Live),Laurent Koscielny,Pass (Live)
10,39,John Boye,Metz,0.17,,Off Target,7,Head,,Thomas Delaine,Pass (Live),Lamine Gueye,Pass (Live)
11,44,Boubakar Kouyaté,Metz,0.09,,Blocked,9,Head,,Farid Boulaya,Pass (Dead),Fabien Centonze,Pass (Live)
12,,,,,,,,,,,,,
13,46,Lamine Gueye,Metz,0.04,,Blocked,16,Right Foot,,Lamine Gueye,Take-On,Dylan Bronn,Pass (Live)
14,49,Pape Matar Sarr,Metz,0.04,,Off Target,11,Head,,Lamine Gueye,Pass (Live),Farid Boulaya,Pass (Live)
15,51,Thomas Delaine,Metz,0.13,0.32,Saved,9,Right Foot,Volley,Victorien Angban,Pass (Live),Farid Boulaya,Pass (Live)
16,53,Victorien Angban,Metz,0.03,,Blocked,32,Right Foot,,Pape Matar Sarr,Pass (Live),Dylan Bronn,Pass (Live)
17,56,Fabien Centonze,Metz,0.03,0.17,Saved,27,Right Foot,,Farid Boulaya,Pass (Live),Thomas Delaine,Pass (Live)
18,57,Boubakar Kouyaté,Metz,0.07,,Blocked,11,Head,,Lamine Gueye,Pass (Dead),Fabien Centonze,Shot
19,64,Samuel Kalu,Bordeaux,0.30,,Off Target,8,Right Foot,,Remi Oudin,Pass (Live),Jean Seri,Pass (Live)
20,65,John Boye,Metz,0.07,,Off Target,11,Head,,Lamine Gueye,Pass (Dead),Farid Boulaya,Pass (Live)
21,72,Thomas Delaine,Metz,0.05,0.54,Goal,15,Right Foot,,John Boye,Pass (Live),Dylan Bronn,Pass (Live)
22,84,Vagner Gonçalves,Metz,0.21,,Off Target,11,Head,,Farid Boulaya,Pass (Live),Thierry Ambrose,Pass (Live)
23,90+1,Vagner Gonçalves,Metz,0.88,0.98,Goal,2,Left Foot,,Thierry Ambrose,Pass (Live),Farid Boulaya,Pass (Live)
