,Player Name,Player Number,Player,#,Nation,Pos,Age,Min,Touches,Def Pen,Def 3rd,Mid 3rd,Att 3rd,Att Pen,Live,Att,Succ,Succ%,Tkld,Tkld%,Carries,TotDist,PrgDist,PrgC,1/3,CPA,Mis,Dis,Rec,PrgR,Player Key,Player Link
0,Duván Zapata,https://fbref.com/en/players/d3de9af0/Duvan-Zapata,91,91,co COL,FW,30-038,45,24,0,0,8,16,4,24,0,0,,0,,20,110,47,2,0,1,0,1,23,9,https://fbref.com/en/players/d3de9af0/Duvan-Zapata-Duván Zapata,
1,Luis Muriel,https://fbref.com/en/players/eb2fe5b6/Luis-Muriel,9,9,co COL,FW,30-023,45,27,0,1,13,14,5,27,1,0,0.0,1,100.0,14,128,97,3,2,1,0,2,22,10,https://fbref.com/en/players/eb2fe5b6/Luis-Muriel-Luis Muriel,
2,Ruslan Malinovskyi,https://fbref.com/en/players/48d5bd33/Ruslan-Malinovskyi,18,18,ua UKR,AM,28-005,57,40,0,4,12,24,2,40,0,0,,0,,33,117,43,1,2,1,0,1,30,5,https://fbref.com/en/players/48d5bd33/Ruslan-Malinovskyi-Ruslan Malinovskyi,
3,Aleksei Miranchuk,https://fbref.com/en/players/a9aa0d1d/Aleksei-Miranchuk,59,59,ru RUS,AM,25-204,33,24,0,2,10,12,1,24,0,0,,0,,21,90,33,1,0,0,2,1,22,2,https://fbref.com/en/players/a9aa0d1d/Aleksei-Miranchuk-Aleksei Miranchuk,
4,Josip Iličić,https://fbref.com/en/players/68252d6d/Josip-Ilicic,72,72,si SVN,AM,33-100,45,49,0,0,25,24,6,49,3,2,66.7,1,33.3,42,291,115,4,3,3,1,1,47,7,https://fbref.com/en/players/68252d6d/Josip-Ilicic-Josip Iličić,
5,Matteo Pessina,https://fbref.com/en/players/780e3631/Matteo-Pessina,32,32,it ITA,"AM,CM",24-018,45,34,0,7,15,12,5,34,1,0,0.0,1,100.0,22,72,31,2,0,2,2,0,28,5,https://fbref.com/en/players/780e3631/Matteo-Pessina-Matteo Pessina,
6,Remo Freuler,https://fbref.com/en/players/98d2c2c4/Remo-Freuler,11,11,ch SUI,CM,29-024,75,81,1,18,40,23,3,81,1,0,0.0,1,100.0,57,257,162,3,2,0,2,1,65,3,https://fbref.com/en/players/98d2c2c4/Remo-Freuler-Remo Freuler,
7,Mario Pašalić,https://fbref.com/en/players/e599253a/Mario-Pasalic,88,88,hr CRO,AM,26-089,15,11,0,0,2,9,3,11,1,1,100.0,0,0.0,11,72,53,3,2,1,1,0,9,7,https://fbref.com/en/players/e599253a/Mario-Pasalic-Mario Pašalić,
8,Marten de Roon,https://fbref.com/en/players/2a1beb34/Marten-de-Roon,15,15,nl NED,CM,30-041,90,70,3,21,40,9,0,70,1,0,0.0,1,100.0,48,161,85,1,1,0,0,1,51,3,https://fbref.com/en/players/2a1beb34/Marten-de-Roon-Marten de Roon,
9,Robin Gosens,https://fbref.com/en/players/2d970560/Robin-Gosens,8,8,de GER,WB,26-308,67,57,1,14,18,25,4,57,0,0,,0,,36,91,24,0,1,0,0,1,45,10,https://fbref.com/en/players/2d970560/Robin-Gosens-Robin Gosens,
10,Hans Hateboer,https://fbref.com/en/players/3b333ac3/Hans-Hateboer,33,33,nl NED,WB,27-120,23,12,0,2,10,1,1,12,0,0,,0,,5,28,17,0,1,0,0,1,4,2,https://fbref.com/en/players/3b333ac3/Hans-Hateboer-Hans Hateboer,
11,Joakim Mæhle,https://fbref.com/en/players/c459a650/Joakim-Maehle,3,3,dk DEN,WB,23-354,90,62,2,12,30,21,5,62,2,2,100.0,0,0.0,41,170,114,3,0,1,1,1,41,6,https://fbref.com/en/players/c459a650/Joakim-Maehle-Joakim Mæhle,
12,José Luis Palomino,https://fbref.com/en/players/921f6058/Jose-Luis-Palomino,6,6,ar ARG,CB,31-124,90,72,3,33,35,5,0,72,0,0,,0,,49,265,145,2,0,0,1,0,49,0,https://fbref.com/en/players/921f6058/Jose-Luis-Palomino-José Luis Palomino,
13,Cristian Romero,https://fbref.com/en/players/a3d94a58/Cristian-Romero,17,17,ar ARG,CB,23-012,90,53,5,22,26,5,1,53,1,0,0.0,1,100.0,33,184,106,2,1,0,1,0,31,0,https://fbref.com/en/players/a3d94a58/Cristian-Romero-Cristian Romero,
14,Berat Djimsiti,https://fbref.com/en/players/6eee05f1/Berat-Djimsiti,19,19,al ALB,CB,28-079,90,78,5,21,45,14,2,78,1,1,100.0,0,0.0,56,270,188,3,4,1,0,1,54,2,https://fbref.com/en/players/6eee05f1/Berat-Djimsiti-Berat Djimsiti,
15,Marco Sportiello,https://fbref.com/en/players/ac4003af/Marco-Sportiello,57,57,it ITA,GK,28-364,90,18,14,18,0,0,0,18,0,0,,0,,11,29,10,0,0,0,0,0,7,0,https://fbref.com/en/players/ac4003af/Marco-Sportiello-Marco Sportiello,
