,Player Name,Player Number,Player,#,Nation,Pos,Age,Min,Att,Live,Dead,FK,TB,Sw,Crs,TI,CK,In,Out,Str,Cmp,Off,Blocks,Player Key,Player Link
0,Duván Zapata,https://fbref.com/en/players/d3de9af0/Duvan-Zapata,91,91,co COL,FW,30-038,45,21,20,1,0,0,0,0,0,0,0,0,0,15,0,2,https://fbref.com/en/players/d3de9af0/Duvan-Zapata-Duván Zapata,
1,Luis Muriel,https://fbref.com/en/players/eb2fe5b6/Luis-Muriel,9,9,co COL,FW,30-023,45,22,17,5,2,0,2,1,0,1,1,0,0,17,0,0,https://fbref.com/en/players/eb2fe5b6/Luis-Muriel-Luis Muriel,
2,Ruslan Malinovskyi,https://fbref.com/en/players/48d5bd33/Ruslan-Malinovskyi,18,18,ua UKR,AM,28-005,57,32,30,1,0,0,0,2,0,1,1,0,0,22,1,0,https://fbref.com/en/players/48d5bd33/Ruslan-Malinovskyi-Ruslan Malinovskyi,
3,Aleksei Miranchuk,https://fbref.com/en/players/a9aa0d1d/Aleksei-Miranchuk,59,59,ru RUS,AM,25-204,33,21,19,1,0,0,0,2,0,1,1,0,0,15,1,2,https://fbref.com/en/players/a9aa0d1d/Aleksei-Miranchuk-Aleksei Miranchuk,
4,Josip Iličić,https://fbref.com/en/players/68252d6d/Josip-Ilicic,72,72,si SVN,AM,33-100,45,46,46,0,0,0,1,3,0,0,0,0,0,37,0,2,https://fbref.com/en/players/68252d6d/Josip-Ilicic-Josip Iličić,
5,Matteo Pessina,https://fbref.com/en/players/780e3631/Matteo-Pessina,32,32,it ITA,"AM,CM",24-018,45,28,28,0,0,0,0,0,0,0,0,0,0,26,0,0,https://fbref.com/en/players/780e3631/Matteo-Pessina-Matteo Pessina,
6,Remo Freuler,https://fbref.com/en/players/98d2c2c4/Remo-Freuler,11,11,ch SUI,CM,29-024,75,73,70,3,2,0,1,0,1,0,0,0,0,67,0,0,https://fbref.com/en/players/98d2c2c4/Remo-Freuler-Remo Freuler,
7,Mario Pašalić,https://fbref.com/en/players/e599253a/Mario-Pasalic,88,88,hr CRO,AM,26-089,15,8,8,0,0,0,0,0,0,0,0,0,0,6,0,0,https://fbref.com/en/players/e599253a/Mario-Pasalic-Mario Pašalić,
8,Marten de Roon,https://fbref.com/en/players/2a1beb34/Marten-de-Roon,15,15,nl NED,CM,30-041,90,62,59,2,2,0,0,0,0,0,0,0,0,51,1,0,https://fbref.com/en/players/2a1beb34/Marten-de-Roon-Marten de Roon,
9,Robin Gosens,https://fbref.com/en/players/2d970560/Robin-Gosens,8,8,de GER,WB,26-308,67,53,48,5,2,0,1,1,3,0,0,0,0,48,0,1,https://fbref.com/en/players/2d970560/Robin-Gosens-Robin Gosens,
10,Hans Hateboer,https://fbref.com/en/players/3b333ac3/Hans-Hateboer,33,33,nl NED,WB,27-120,23,10,5,5,1,0,0,1,4,0,0,0,0,7,0,0,https://fbref.com/en/players/3b333ac3/Hans-Hateboer-Hans Hateboer,
11,Joakim Mæhle,https://fbref.com/en/players/c459a650/Joakim-Maehle,3,3,dk DEN,WB,23-354,90,53,46,7,0,0,0,3,7,0,0,0,0,44,0,1,https://fbref.com/en/players/c459a650/Joakim-Maehle-Joakim Mæhle,
12,José Luis Palomino,https://fbref.com/en/players/921f6058/Jose-Luis-Palomino,6,6,ar ARG,CB,31-124,90,62,58,3,3,0,1,0,0,0,0,0,0,56,1,0,https://fbref.com/en/players/921f6058/Jose-Luis-Palomino-José Luis Palomino,
13,Cristian Romero,https://fbref.com/en/players/a3d94a58/Cristian-Romero,17,17,ar ARG,CB,23-012,90,44,42,2,1,0,0,0,1,0,0,0,0,36,0,1,https://fbref.com/en/players/a3d94a58/Cristian-Romero-Cristian Romero,
14,Berat Djimsiti,https://fbref.com/en/players/6eee05f1/Berat-Djimsiti,19,19,al ALB,CB,28-079,90,68,67,1,1,0,0,0,0,0,0,0,0,66,0,0,https://fbref.com/en/players/6eee05f1/Berat-Djimsiti-Berat Djimsiti,
15,Marco Sportiello,https://fbref.com/en/players/ac4003af/Marco-Sportiello,57,57,it ITA,GK,28-364,90,17,13,4,0,0,0,0,0,0,0,0,0,16,0,0,https://fbref.com/en/players/ac4003af/Marco-Sportiello-Marco Sportiello,
