,Player Name,Player Number,Player,#,Nation,Pos,Age,Min,Gls,Ast,PK,PKatt,Sh,SoT,CrdY,CrdR,Touches,Tkl,Int,Blocks,xG,npxG,xAG,SCA,GCA,Cmp,Att,Cmp%,PrgP,Carries,PrgC,Att,Succ,Player Key,Player Link
0,Duván Zapata,https://fbref.com/en/players/d3de9af0/Duvan-Zapata,91,91,co COL,FW,30-038,45,0,0,0,0,2,0,0,0,24,1,0,0,0.2,0.2,0.0,1,0,15,21,71.4,0,20,2,0,0,https://fbref.com/en/players/d3de9af0/Duvan-Zapata-Duván Zapata,
1,Luis Muriel,https://fbref.com/en/players/eb2fe5b6/Luis-Muriel,9,9,co COL,FW,30-023,45,2,1,0,0,3,2,0,0,27,0,0,1,1.2,1.2,0.5,5,1,17,22,77.3,2,14,3,1,0,https://fbref.com/en/players/eb2fe5b6/Luis-Muriel-Luis Muriel,
2,Ruslan Malinovskyi,https://fbref.com/en/players/48d5bd33/Ruslan-Malinovskyi,18,18,ua UKR,AM,28-005,57,1,0,0,0,2,1,0,0,40,1,0,1,0.1,0.1,0.1,1,0,22,32,68.8,4,33,1,0,0,https://fbref.com/en/players/48d5bd33/Ruslan-Malinovskyi-Ruslan Malinovskyi,
3,Aleksei Miranchuk,https://fbref.com/en/players/a9aa0d1d/Aleksei-Miranchuk,59,59,ru RUS,AM,25-204,33,1,0,0,0,1,1,0,0,24,0,0,0,0.1,0.1,0.6,4,1,15,21,71.4,6,21,1,0,0,https://fbref.com/en/players/a9aa0d1d/Aleksei-Miranchuk-Aleksei Miranchuk,
4,Josip Iličić,https://fbref.com/en/players/68252d6d/Josip-Ilicic,72,72,si SVN,AM,33-100,45,0,1,0,0,0,0,0,0,49,0,0,0,0.0,0.0,0.5,4,1,37,46,80.4,8,42,4,3,2,https://fbref.com/en/players/68252d6d/Josip-Ilicic-Josip Iličić,
5,Matteo Pessina,https://fbref.com/en/players/780e3631/Matteo-Pessina,32,32,it ITA,"AM,CM",24-018,45,1,0,0,0,2,2,0,0,34,1,0,0,0.1,0.1,0.1,2,1,26,28,92.9,3,22,2,1,0,https://fbref.com/en/players/780e3631/Matteo-Pessina-Matteo Pessina,
6,Remo Freuler,https://fbref.com/en/players/98d2c2c4/Remo-Freuler,11,11,ch SUI,CM,29-024,75,0,0,0,0,1,1,0,0,81,1,0,1,0.0,0.0,0.1,4,1,67,73,91.8,11,57,3,1,0,https://fbref.com/en/players/98d2c2c4/Remo-Freuler-Remo Freuler,
7,Mario Pašalić,https://fbref.com/en/players/e599253a/Mario-Pasalic,88,88,hr CRO,AM,26-089,15,0,1,0,0,2,2,0,0,11,0,0,0,0.5,0.5,0.4,6,2,6,8,75.0,2,11,3,1,1,https://fbref.com/en/players/e599253a/Mario-Pasalic-Mario Pašalić,
8,Marten de Roon,https://fbref.com/en/players/2a1beb34/Marten-de-Roon,15,15,nl NED,CM,30-041,90,0,0,0,0,0,0,0,0,70,2,1,0,0.0,0.0,0.0,1,0,51,62,82.3,5,48,1,1,0,https://fbref.com/en/players/2a1beb34/Marten-de-Roon-Marten de Roon,
9,Robin Gosens,https://fbref.com/en/players/2d970560/Robin-Gosens,8,8,de GER,WB,26-308,67,0,0,0,0,2,1,0,0,57,1,0,2,0.5,0.5,0.0,0,0,48,53,90.6,6,36,0,0,0,https://fbref.com/en/players/2d970560/Robin-Gosens-Robin Gosens,
10,Hans Hateboer,https://fbref.com/en/players/3b333ac3/Hans-Hateboer,33,33,nl NED,WB,27-120,23,0,0,0,0,0,0,1,0,12,1,1,1,0.0,0.0,0.0,0,0,7,10,70.0,1,5,0,0,0,https://fbref.com/en/players/3b333ac3/Hans-Hateboer-Hans Hateboer,
11,Joakim Mæhle,https://fbref.com/en/players/c459a650/Joakim-Maehle,3,3,dk DEN,WB,23-354,90,0,0,0,0,2,2,0,0,62,2,1,2,0.6,0.6,0.0,2,0,44,53,83.0,6,41,3,2,2,https://fbref.com/en/players/c459a650/Joakim-Maehle-Joakim Mæhle,
12,José Luis Palomino,https://fbref.com/en/players/921f6058/Jose-Luis-Palomino,6,6,ar ARG,CB,31-124,90,0,0,0,0,0,0,0,0,72,2,4,0,0.0,0.0,0.0,1,0,56,62,90.3,7,49,2,0,0,https://fbref.com/en/players/921f6058/Jose-Luis-Palomino-José Luis Palomino,
13,Cristian Romero,https://fbref.com/en/players/a3d94a58/Cristian-Romero,17,17,ar ARG,CB,23-012,90,0,0,0,0,0,0,0,0,53,0,1,0,0.0,0.0,0.0,1,0,36,44,81.8,3,33,2,1,0,https://fbref.com/en/players/a3d94a58/Cristian-Romero-Cristian Romero,
14,Berat Djimsiti,https://fbref.com/en/players/6eee05f1/Berat-Djimsiti,19,19,al ALB,CB,28-079,90,0,0,0,0,1,0,0,0,78,1,1,2,0.1,0.1,0.0,1,1,66,68,97.1,7,56,3,1,1,https://fbref.com/en/players/6eee05f1/Berat-Djimsiti-Berat Djimsiti,
15,Marco Sportiello,https://fbref.com/en/players/ac4003af/Marco-Sportiello,57,57,it ITA,GK,28-364,90,0,0,0,0,0,0,0,0,18,0,1,0,0.0,0.0,0.0,0,0,16,17,94.1,0,11,0,0,0,https://fbref.com/en/players/ac4003af/Marco-Sportiello-Marco Sportiello,
