,Player Name,Player Number,Player,#,Nation,Pos,Age,Min,Gls,Ast,PK,PKatt,Sh,SoT,CrdY,CrdR,Touches,Tkl,Int,Blocks,xG,npxG,xAG,SCA,GCA,Cmp,Att,Cmp%,PrgP,Carries,PrgC,Att,Succ,Player Key,Player Link
0,Andreas Cornelius,https://fbref.com/en/players/c693347d/Andreas-Cornelius,11,11,dk DEN,FW,28-054,75,0,0,0,0,1,0,0,0,34,0,0,0,0.0,0.0,0.1,1,0,17,28,60.7,1,25,0,1,0,https://fbref.com/en/players/c693347d/Andreas-Cornelius-Andreas Cornelius,
1,Juan Brunetta,https://fbref.com/en/players/d60099bc/Juan-Brunetta,32,32,ar ARG,FW,23-362,15,1,0,0,0,1,1,0,0,14,0,0,1,0.3,0.3,0.0,0,0,9,10,90.0,0,9,1,2,1,https://fbref.com/en/players/d60099bc/Juan-Brunetta-Juan Brunetta,
2,Gervinho,https://fbref.com/en/players/e468c053/Gervinho,27,27,ci CIV,FW,33-347,60,0,0,0,0,0,0,0,0,14,1,0,0,0.0,0.0,0.0,0,0,9,10,90.0,0,8,4,3,2,https://fbref.com/en/players/e468c053/Gervinho-Gervinho,
3,Graziano Pellè,https://fbref.com/en/players/9654d8de/Graziano-Pelle,9,9,it ITA,FW,35-298,30,0,1,0,0,0,0,0,0,22,0,0,0,0.0,0.0,0.4,2,1,18,19,94.7,2,12,0,1,1,https://fbref.com/en/players/9654d8de/Graziano-Pelle-Graziano Pellè,
4,Juraj Kucka,https://fbref.com/en/players/5aaef9ef/Juraj-Kucka,33,33,sk SVK,"LM,CM",34-072,75,0,0,0,0,1,0,0,0,30,4,1,0,0.1,0.1,0.0,0,0,14,20,70.0,2,15,2,2,0,https://fbref.com/en/players/5aaef9ef/Juraj-Kucka-Juraj Kucka,
5,Drissa Camara,https://fbref.com/en/players/543d9d2b/Drissa-Camara,37,37,ci CIV,CM,19-080,15,0,0,0,0,0,0,0,0,12,0,0,0,0.0,0.0,0.0,0,0,7,9,77.8,0,8,0,2,1,https://fbref.com/en/players/543d9d2b/Drissa-Camara-Drissa Camara,
6,Simon Sohm,https://fbref.com/en/players/a5f458d9/Simon-Sohm,19,19,ch SUI,CM,20-028,90,1,0,0,0,1,1,0,0,40,1,0,0,0.4,0.4,0.0,1,1,34,36,94.4,1,24,0,1,1,https://fbref.com/en/players/a5f458d9/Simon-Sohm-Simon Sohm,
7,Alberto Grassi,https://fbref.com/en/players/6cc97b6a/Alberto-Grassi,8,8,it ITA,RM,26-063,60,0,0,0,0,1,0,1,0,29,0,0,1,0.1,0.1,0.0,0,0,18,24,75.0,0,16,1,0,0,https://fbref.com/en/players/6cc97b6a/Alberto-Grassi-Alberto Grassi,
8,Lautaro Valenti,https://fbref.com/en/players/55db5c36/Lautaro-Valenti,30,30,ar ARG,CB,22-115,30,0,0,0,0,0,0,0,0,20,0,2,0,0.0,0.0,0.0,0,0,9,16,56.3,1,13,1,0,0,https://fbref.com/en/players/55db5c36/Lautaro-Valenti-Lautaro Valenti,
9,Jasmin Kurtić,https://fbref.com/en/players/144607cc/Jasmin-Kurtic,14,14,si SVN,"DM,CM",32-119,90,0,0,0,0,1,0,0,0,79,3,3,1,0.0,0.0,0.0,3,0,60,69,87.0,2,46,0,0,0,https://fbref.com/en/players/144607cc/Jasmin-Kurtic-Jasmin Kurtić,
10,Riccardo Gagliolo,https://fbref.com/en/players/173061c0/Riccardo-Gagliolo,7,7,se SWE,"LB,WB",31-011,79,0,0,0,0,0,0,0,0,54,3,3,2,0.0,0.0,0.0,2,0,29,40,72.5,1,30,0,1,0,https://fbref.com/en/players/173061c0/Riccardo-Gagliolo-Riccardo Gagliolo,
11,Andrea Conti,https://fbref.com/en/players/8fef5412/Andrea-Conti,5,5,it ITA,WB,27-068,11,0,0,0,0,0,0,0,0,8,0,1,0,0.0,0.0,0.0,0,0,7,7,100.0,0,5,0,0,0,https://fbref.com/en/players/8fef5412/Andrea-Conti-Andrea Conti,
12,Bruno Alves,https://fbref.com/en/players/585a73a8/Bruno-Alves,22,22,pt POR,CB,39-163,90,0,0,0,0,1,0,0,0,46,0,0,1,0.0,0.0,0.0,0,0,38,42,90.5,4,32,0,0,0,https://fbref.com/en/players/585a73a8/Bruno-Alves-Bruno Alves,
13,Yordan Osorio,https://fbref.com/en/players/4d17df3e/Yordan-Osorio,24,24,ve VEN,CB,26-364,90,0,0,0,0,0,0,0,0,60,3,3,1,0.0,0.0,0.0,0,0,51,52,98.1,1,36,1,1,1,https://fbref.com/en/players/4d17df3e/Yordan-Osorio-Yordan Osorio,
14,Maxime Busi,https://fbref.com/en/players/7b082ec2/Maxime-Busi,42,42,be BEL,"RB,WB",21-207,90,0,1,0,0,0,0,0,0,75,3,2,2,0.0,0.0,0.3,2,2,42,60,70.0,2,44,2,7,3,https://fbref.com/en/players/7b082ec2/Maxime-Busi-Maxime Busi,
15,Luigi Sepe,https://fbref.com/en/players/343f753a/Luigi-Sepe,1,1,it ITA,GK,30-001,90,0,0,0,0,0,0,0,0,55,0,0,0,0.0,0.0,0.0,0,0,34,49,69.4,0,30,0,0,0,https://fbref.com/en/players/343f753a/Luigi-Sepe-Luigi Sepe,
