,Player Name,Player Number,Player,#,Nation,Pos,Age,Min,Touches,Def Pen,Def 3rd,Mid 3rd,Att 3rd,Att Pen,Live,Att,Succ,Succ%,Tkld,Tkld%,Carries,TotDist,PrgDist,PrgC,1/3,CPA,Mis,Dis,Rec,PrgR,Player Key,Player Link
0,Andreas Cornelius,https://fbref.com/en/players/c693347d/Andreas-Cornelius,11,11,dk DEN,FW,28-054,75,34,0,3,21,10,2,34,1,0,0.0,1,100.0,25,74,22,0,0,0,1,0,30,2,https://fbref.com/en/players/c693347d/Andreas-Cornelius-Andreas Cornelius,
1,Juan Brunetta,https://fbref.com/en/players/d60099bc/Juan-Brunetta,32,32,ar ARG,FW,23-362,15,14,0,2,6,6,1,14,2,1,50.0,1,50.0,9,60,13,1,1,0,1,0,11,2,https://fbref.com/en/players/d60099bc/Juan-Brunetta-Juan Brunetta,
2,Gervinho,https://fbref.com/en/players/e468c053/Gervinho,27,27,ci CIV,FW,33-347,60,14,0,0,13,3,1,14,3,2,66.7,1,33.3,8,84,74,4,2,1,0,0,8,1,https://fbref.com/en/players/e468c053/Gervinho-Gervinho,
3,Graziano Pellè,https://fbref.com/en/players/9654d8de/Graziano-Pelle,9,9,it ITA,FW,35-298,30,22,0,1,11,10,1,22,1,1,100.0,0,0.0,12,65,8,0,0,0,2,0,18,3,https://fbref.com/en/players/9654d8de/Graziano-Pelle-Graziano Pellè,
4,Juraj Kucka,https://fbref.com/en/players/5aaef9ef/Juraj-Kucka,33,33,sk SVK,"LM,CM",34-072,75,30,0,5,16,10,2,30,2,0,0.0,2,100.0,15,61,34,2,1,0,2,0,18,0,https://fbref.com/en/players/5aaef9ef/Juraj-Kucka-Juraj Kucka,
5,Drissa Camara,https://fbref.com/en/players/543d9d2b/Drissa-Camara,37,37,ci CIV,CM,19-080,15,12,0,2,7,3,0,12,2,1,50.0,1,50.0,8,43,14,0,0,0,0,0,8,0,https://fbref.com/en/players/543d9d2b/Drissa-Camara-Drissa Camara,
6,Simon Sohm,https://fbref.com/en/players/a5f458d9/Simon-Sohm,19,19,ch SUI,CM,20-028,90,40,0,9,25,6,1,40,1,1,100.0,0,0.0,24,98,55,0,1,0,2,0,33,1,https://fbref.com/en/players/a5f458d9/Simon-Sohm-Simon Sohm,
7,Alberto Grassi,https://fbref.com/en/players/6cc97b6a/Alberto-Grassi,8,8,it ITA,RM,26-063,60,29,3,10,17,3,1,29,0,0,,0,,16,92,33,1,0,1,0,1,21,2,https://fbref.com/en/players/6cc97b6a/Alberto-Grassi-Alberto Grassi,
8,Lautaro Valenti,https://fbref.com/en/players/55db5c36/Lautaro-Valenti,30,30,ar ARG,CB,22-115,30,20,3,10,10,1,0,20,0,0,,0,,13,97,44,1,0,0,1,0,11,0,https://fbref.com/en/players/55db5c36/Lautaro-Valenti-Lautaro Valenti,
9,Jasmin Kurtić,https://fbref.com/en/players/144607cc/Jasmin-Kurtic,14,14,si SVN,"DM,CM",32-119,90,79,6,26,45,8,0,79,0,0,,0,,46,201,104,0,0,0,0,0,52,0,https://fbref.com/en/players/144607cc/Jasmin-Kurtic-Jasmin Kurtić,
10,Riccardo Gagliolo,https://fbref.com/en/players/173061c0/Riccardo-Gagliolo,7,7,se SWE,"LB,WB",31-011,79,54,6,27,21,8,0,54,1,0,0.0,1,100.0,30,109,48,0,0,0,1,0,21,1,https://fbref.com/en/players/173061c0/Riccardo-Gagliolo-Riccardo Gagliolo,
11,Andrea Conti,https://fbref.com/en/players/8fef5412/Andrea-Conti,5,5,it ITA,WB,27-068,11,8,0,2,4,2,0,8,0,0,,0,,5,12,8,0,0,0,0,0,6,0,https://fbref.com/en/players/8fef5412/Andrea-Conti-Andrea Conti,
12,Bruno Alves,https://fbref.com/en/players/585a73a8/Bruno-Alves,22,22,pt POR,CB,39-163,90,46,6,29,11,6,0,46,0,0,,0,,32,106,13,0,0,0,0,0,35,0,https://fbref.com/en/players/585a73a8/Bruno-Alves-Bruno Alves,
13,Yordan Osorio,https://fbref.com/en/players/4d17df3e/Yordan-Osorio,24,24,ve VEN,CB,26-364,90,60,16,45,14,1,0,60,1,1,100.0,0,0.0,36,188,41,1,1,0,0,1,38,0,https://fbref.com/en/players/4d17df3e/Yordan-Osorio-Yordan Osorio,
14,Maxime Busi,https://fbref.com/en/players/7b082ec2/Maxime-Busi,42,42,be BEL,"RB,WB",21-207,90,75,5,30,26,19,1,75,7,3,42.9,4,57.1,44,187,126,2,2,1,1,0,49,4,https://fbref.com/en/players/7b082ec2/Maxime-Busi-Maxime Busi,
15,Luigi Sepe,https://fbref.com/en/players/343f753a/Luigi-Sepe,1,1,it ITA,GK,30-001,90,55,45,55,0,0,0,55,0,0,,0,,30,185,147,0,0,0,0,0,25,0,https://fbref.com/en/players/343f753a/Luigi-Sepe-Luigi Sepe,
