,Minute,Player,Squad,xG,PSxG,Outcome,Distance,Body Part,Notes,SCA 1 Player,SCA 1 Event,SCA 2 Player,SCA 2 Event
0,11,Andreas Cornelius,Parma,0.04,,Off Target,16,Head,,Riccardo Gagliolo,Pass (Live),,
1,12,Ruslan Malinovskyi,Atalanta,0.03,0.36,Goal,26,Left Foot,Deflected,Josip Iličić,Pass (Live),Berat Djimsiti,Pass (Live)
2,20,Robin Gosens,Atalanta,0.23,,Off Target,11,Head,,Josip Iličić,Pass (Live),Joakim Mæhle,Pass (Live)
3,21,Robin Gosens,Atalanta,0.29,0.33,Saved,9,Head,,Josip Iličić,Pass (Live),Marten de Roon,Pass (Live)
4,28,Bruno Alves,Parma,0.02,,Blocked,28,Right Foot,,Jasmin Kurtić,Pass (Live),Riccardo Gagliolo,Pass (Dead)
5,29,Remo Freuler,Atalanta,0.02,0.02,Saved,30,Right Foot,,José Luis Palomino,Pass (Live),Duván Zapata,Pass (Live)
6,31,Duván Zapata,Atalanta,0.14,,Woodwork,7,Right Foot,,Remo Freuler,Pass (Live),Josip Iličić,Pass (Live)
7,37,Ruslan Malinovskyi,Atalanta,0.04,,Blocked,20,Left Foot,,Remo Freuler,Pass (Live),Cristian Romero,Pass (Live)
8,40,Alberto Grassi,Parma,0.06,,Off Target,18,Left Foot,,Andreas Cornelius,Pass (Live),Jasmin Kurtić,Pass (Dead)
9,41,Duván Zapata,Atalanta,0.05,,Off Target,13,Left Foot,,Ruslan Malinovskyi,Pass (Live),Remo Freuler,Pass (Live)
10,,,,,,,,,,,,,
11,46,Juraj Kucka,Parma,0.07,,Off Target,16,Left Foot,Volley,,,,
12,52,Matteo Pessina,Atalanta,0.04,0.34,Goal,16,Left Foot,,Luis Muriel,Pass (Live),Remo Freuler,Pass (Live)
13,57,Luis Muriel,Atalanta,0.06,,Off Target,18,Right Foot,,Matteo Pessina,Pass (Live),,
14,59,Joakim Mæhle,Atalanta,0.50,0.89,Saved,8,Right Foot,,Joakim Mæhle,Take-On,Aleksei Miranchuk,Pass (Live)
15,67,Jasmin Kurtić,Parma,0.02,,Blocked,26,Right Foot,,Graziano Pellè,Pass (Live),Jasmin Kurtić,Pass (Live)
16,75,Berat Djimsiti,Atalanta,0.09,,Off Target,12,Head,,Aleksei Miranchuk,Pass (Live),Luis Muriel,Pass (Dead)
17,77,Luis Muriel,Atalanta,0.33,0.77,Goal,11,Right Foot,,Mario Pašalić,Pass (Live),Aleksei Miranchuk,Pass (Live)
18,78,Juan Brunetta,Parma,0.29,0.48,Goal,14,Right Foot,,Maxime Busi,Pass (Live),Maxime Busi,Take-On
19,86,Matteo Pessina,Atalanta,0.10,0.45,Saved,17,Left Foot,,Mario Pašalić,Pass (Live),Luis Muriel,Pass (Live)
20,86,Luis Muriel,Atalanta,0.85,0.95,Goal,4,Right Foot,,Matteo Pessina,Shot,,
21,88,Simon Sohm,Parma,0.40,0.49,Goal,12,Right Foot,,Simon Sohm,Take-On,Graziano Pellè,Pass (Live)
22,89,Joakim Mæhle,Atalanta,0.08,0.19,Saved,14,Right Foot,,Luis Muriel,Pass (Live),Aleksei Miranchuk,Pass (Live)
23,90+3,Mario Pašalić,Atalanta,0.37,0.38,Saved,12,Right Foot,,Luis Muriel,Pass (Live),Mario Pašalić,Pass (Live)
24,90+3,Mario Pašalić,Atalanta,0.19,0.35,Saved,8,Right Foot,,Mario Pašalić,Take-On,Mario Pašalić,Shot
25,90+3,Aleksei Miranchuk,Atalanta,0.10,0.23,Goal,11,Left Foot,Deflected,Mario Pašalić,Shot,,
