,Player Name,Player Number,Player,#,Nation,Pos,Age,Min,Touches,Def Pen,Def 3rd,Mid 3rd,Att 3rd,Att Pen,Live,Att,Succ,Succ%,Tkld,Tkld%,Carries,TotDist,PrgDist,PrgC,1/3,CPA,Mis,Dis,Rec,PrgR,Player Key,Player Link
0,Lyndon Dykes,https://fbref.com/en/players/cd92357a/Lyndon-Dykes,9,9,sct SCO,FW,25-048,90,33,0,1,11,21,3,32,3,2,66.7,1,33.3,12,39,12,0,2,0,1,1,25,3,https://fbref.com/en/players/cd92357a/Lyndon-Dykes-Lyndon Dykes,
1,Chris Willock,https://fbref.com/en/players/be0bd828/Chris-Willock,21,21,eng ENG,LW,22-298,59,38,0,13,9,17,6,38,1,1,100.0,0,0.0,24,174,105,3,2,1,2,1,27,5,https://fbref.com/en/players/be0bd828/Chris-Willock-Chris Willock,
2,Macauley Bonne,https://fbref.com/en/players/9ca8b21c/Macauley-Bonne,7,7,zw ZIM,LW,25-029,31,14,0,1,3,10,2,14,0,0,,0,,5,20,3,0,0,0,0,0,10,3,https://fbref.com/en/players/9ca8b21c/Macauley-Bonne-Macauley Bonne,
3,Bright Osayi-Samuel,https://fbref.com/en/players/03b6afa9/Bright-Osayi-Samuel,11,11,ng NGA,RW,22-329,78,41,0,0,20,23,11,41,6,2,33.3,4,66.7,21,189,128,5,2,4,2,2,30,6,https://fbref.com/en/players/03b6afa9/Bright-Osayi-Samuel-Bright Osayi-Samuel,
4,Albert Adomah,https://fbref.com/en/players/c7174e81/Albert-Adomah,37,37,gh GHA,RW,32-347,12,8,0,0,2,6,0,8,0,0,,0,,6,15,1,0,0,0,0,0,7,4,https://fbref.com/en/players/c7174e81/Albert-Adomah-Albert Adomah,
5,Ilias Chair,https://fbref.com/en/players/ad7873cb/Ilias-Chair,10,10,ma MAR,AM,23-025,90,42,1,6,14,22,6,42,2,1,50.0,1,50.0,23,170,76,5,2,3,3,2,24,4,https://fbref.com/en/players/ad7873cb/Ilias-Chair-Ilias Chair,
6,Geoff Cameron,https://fbref.com/en/players/1a160ea3/Geoff-Cameron,20,20,us USA,DM,35-136,65,27,2,9,14,4,0,27,0,0,,0,,13,41,24,0,1,0,1,0,16,0,https://fbref.com/en/players/1a160ea3/Geoff-Cameron-Geoff Cameron,
7,Tom Carroll,https://fbref.com/en/players/5a1900a4/Tom-Carroll,22,22,eng ENG,DM,28-180,25,14,0,2,10,2,0,14,0,0,,0,,6,8,4,0,0,0,0,0,10,0,https://fbref.com/en/players/5a1900a4/Tom-Carroll-Tom Carroll,
8,Dominic Ball,https://fbref.com/en/players/79d61875/Dominic-Ball,12,12,eng ENG,DM,25-114,90,48,2,16,27,9,2,48,5,1,20.0,4,80.0,20,105,66,1,2,0,6,1,27,0,https://fbref.com/en/players/79d61875/Dominic-Ball-Dominic Ball,
9,Niko Hämäläinen,https://fbref.com/en/players/4435db1e/Niko-Hamalainen,25,25,fi FIN,LB,23-264,90,54,3,29,21,5,0,54,0,0,,0,,27,100,25,0,0,0,0,0,24,1,https://fbref.com/en/players/4435db1e/Niko-Hamalainen-Niko Hämäläinen,
10,Yoann Barbet,https://fbref.com/en/players/c52bbd2c/Yoann-Barbet,6,6,fr FRA,CB,27-198,90,46,7,33,13,0,0,46,1,1,100.0,0,0.0,14,49,31,0,0,0,0,0,12,0,https://fbref.com/en/players/c52bbd2c/Yoann-Barbet-Yoann Barbet,
11,Conor Masterson,https://fbref.com/en/players/db975607/Conor-Masterson,23,23,ie IRL,CB,22-077,90,37,10,30,7,0,0,37,1,1,100.0,0,0.0,10,68,53,0,0,0,0,0,15,0,https://fbref.com/en/players/db975607/Conor-Masterson-Conor Masterson,
12,Osman Kakay,https://fbref.com/en/players/0aed0751/Osman-Kakay,24,24,sl SLE,RB,23-091,90,56,5,21,23,12,1,56,1,0,0.0,1,100.0,27,90,37,0,0,0,2,1,30,1,https://fbref.com/en/players/0aed0751/Osman-Kakay-Osman Kakay,
13,Seny Dieng,https://fbref.com/en/players/c135cddd/Seny-Dieng,13,13,sn SEN,GK,26-001,90,50,46,50,0,0,0,50,0,0,,0,,27,158,118,0,0,0,0,0,17,0,https://fbref.com/en/players/c135cddd/Seny-Dieng-Seny Dieng,
