,Player Name,Player Number,Player,#,Nation,Pos,Age,Min,Gls,Ast,PK,PKatt,Sh,SoT,CrdY,CrdR,Touches,Tkl,Int,Blocks,xG,npxG,xAG,SCA,GCA,Cmp,Att,Cmp%,PrgP,Carries,PrgC,Att,Succ,Player Key,Player Link
0,Lyndon Dykes,https://fbref.com/en/players/cd92357a/Lyndon-Dykes,9,9,sct SCO,FW,25-048,90,1,0,1,1,0,0,0,0,33,2,0,1,0.8,0.0,0.1,6,0,17,23,73.9,4,12,0,3,2,https://fbref.com/en/players/cd92357a/Lyndon-Dykes-Lyndon Dykes,
1,Chris Willock,https://fbref.com/en/players/be0bd828/Chris-Willock,21,21,eng ENG,LW,22-298,59,0,0,0,0,2,0,0,0,38,2,1,0,0.2,0.2,0.0,3,1,25,30,83.3,4,24,3,1,1,https://fbref.com/en/players/be0bd828/Chris-Willock-Chris Willock,
2,Macauley Bonne,https://fbref.com/en/players/9ca8b21c/Macauley-Bonne,7,7,zw ZIM,LW,25-029,31,0,0,0,0,1,0,0,0,14,0,0,0,0.0,0.0,0.1,1,0,7,12,58.3,1,5,0,0,0,https://fbref.com/en/players/9ca8b21c/Macauley-Bonne-Macauley Bonne,
3,Bright Osayi-Samuel,https://fbref.com/en/players/03b6afa9/Bright-Osayi-Samuel,11,11,ng NGA,RW,22-329,78,1,1,0,0,3,1,0,0,41,1,1,1,0.7,0.7,0.1,3,2,20,26,76.9,2,21,5,6,2,https://fbref.com/en/players/03b6afa9/Bright-Osayi-Samuel-Bright Osayi-Samuel,
4,Albert Adomah,https://fbref.com/en/players/c7174e81/Albert-Adomah,37,37,gh GHA,RW,32-347,12,0,0,0,0,0,0,0,0,8,0,0,0,0.0,0.0,0.0,0,0,5,7,71.4,0,6,0,0,0,https://fbref.com/en/players/c7174e81/Albert-Adomah-Albert Adomah,
5,Ilias Chair,https://fbref.com/en/players/ad7873cb/Ilias-Chair,10,10,ma MAR,AM,23-025,90,1,0,0,0,5,2,0,0,42,0,0,1,0.3,0.3,0.1,4,0,23,29,79.3,1,23,5,2,1,https://fbref.com/en/players/ad7873cb/Ilias-Chair-Ilias Chair,
6,Geoff Cameron,https://fbref.com/en/players/1a160ea3/Geoff-Cameron,20,20,us USA,DM,35-136,65,0,1,0,0,0,0,0,0,27,1,0,0,0.0,0.0,0.1,1,1,11,22,50.0,2,13,0,0,0,https://fbref.com/en/players/1a160ea3/Geoff-Cameron-Geoff Cameron,
7,Tom Carroll,https://fbref.com/en/players/5a1900a4/Tom-Carroll,22,22,eng ENG,DM,28-180,25,0,0,0,0,0,0,0,0,14,0,0,0,0.0,0.0,0.0,0,0,11,14,78.6,2,6,0,0,0,https://fbref.com/en/players/5a1900a4/Tom-Carroll-Tom Carroll,
8,Dominic Ball,https://fbref.com/en/players/79d61875/Dominic-Ball,12,12,eng ENG,DM,25-114,90,0,0,0,0,1,0,0,0,48,2,1,2,0.0,0.0,0.0,2,1,27,31,87.1,4,20,1,5,1,https://fbref.com/en/players/79d61875/Dominic-Ball-Dominic Ball,
9,Niko Hämäläinen,https://fbref.com/en/players/4435db1e/Niko-Hamalainen,25,25,fi FIN,LB,23-264,90,0,0,0,0,0,0,0,0,54,2,1,0,0.0,0.0,0.0,1,0,26,47,55.3,3,27,0,0,0,https://fbref.com/en/players/4435db1e/Niko-Hamalainen-Niko Hämäläinen,
10,Yoann Barbet,https://fbref.com/en/players/c52bbd2c/Yoann-Barbet,6,6,fr FRA,CB,27-198,90,0,0,0,0,0,0,0,0,46,1,3,1,0.0,0.0,0.0,0,0,22,34,64.7,1,14,0,1,1,https://fbref.com/en/players/c52bbd2c/Yoann-Barbet-Yoann Barbet,
11,Conor Masterson,https://fbref.com/en/players/db975607/Conor-Masterson,23,23,ie IRL,CB,22-077,90,0,0,0,0,0,0,0,0,37,0,1,1,0.0,0.0,0.0,2,0,21,28,75.0,1,10,0,1,1,https://fbref.com/en/players/db975607/Conor-Masterson-Conor Masterson,
12,Osman Kakay,https://fbref.com/en/players/0aed0751/Osman-Kakay,24,24,sl SLE,RB,23-091,90,0,0,0,0,1,0,0,0,56,1,0,1,0.1,0.1,0.0,2,0,36,44,81.8,2,27,0,1,0,https://fbref.com/en/players/0aed0751/Osman-Kakay-Osman Kakay,
13,Seny Dieng,https://fbref.com/en/players/c135cddd/Seny-Dieng,13,13,sn SEN,GK,26-001,90,0,0,0,0,0,0,0,0,50,0,0,0,0.0,0.0,0.0,0,0,24,49,49.0,0,27,0,0,0,https://fbref.com/en/players/c135cddd/Seny-Dieng-Seny Dieng,
