,Player Name,Player Number,Player,#,Nation,Pos,Age,Min,Touches,Def Pen,Def 3rd,Mid 3rd,Att 3rd,Att Pen,Live,Att,Succ,Succ%,Tkld,Tkld%,Carries,TotDist,PrgDist,PrgC,1/3,CPA,Mis,Dis,Rec,PrgR,Player Key,Player Link
0,Michael Smith,https://fbref.com/en/players/b93da142/Michael-Smith,24,24,eng ENG,FW,29-038,90,50,1,1,17,32,6,50,0,0,,0,,26,95,13,0,3,0,4,0,41,11,https://fbref.com/en/players/b93da142/Michael-Smith-Michael Smith,
1,Kyle Vassell,https://fbref.com/en/players/1f74bb10/Kyle-Vassell,7,7,nir NIR,FW,27-291,73,18,0,2,10,7,1,18,3,2,66.7,1,33.3,10,108,17,1,1,0,0,0,11,4,https://fbref.com/en/players/1f74bb10/Kyle-Vassell-Kyle Vassell,
2,Freddie Ladapo,https://fbref.com/en/players/da2b8db3/Freddie-Ladapo,10,10,eng ENG,FW,27-297,17,6,0,0,0,6,5,6,0,0,,0,,4,13,12,1,0,1,0,0,3,1,https://fbref.com/en/players/da2b8db3/Freddie-Ladapo-Freddie Ladapo,
3,Trevor Clarke,https://fbref.com/en/players/088059d8/Trevor-Clarke,18,18,ie IRL,LM,22-243,45,13,0,3,4,6,1,13,0,0,,0,,5,28,7,2,0,0,1,0,6,0,https://fbref.com/en/players/088059d8/Trevor-Clarke-Trevor Clarke,
4,Jamie Lindsay,https://fbref.com/en/players/e36e218a/Jamie-Lindsay,16,16,sct SCO,CM,25-044,45,15,1,2,8,6,0,15,2,1,50.0,1,50.0,6,56,16,0,1,0,0,0,5,0,https://fbref.com/en/players/e36e218a/Jamie-Lindsay-Jamie Lindsay,
5,Daniel Barlaser,https://fbref.com/en/players/91ea9f40/Daniel-Barlaser,26,26,tr TUR,CM,23-311,45,35,2,7,23,6,0,35,1,0,0.0,1,100.0,20,65,25,0,1,0,0,1,19,0,https://fbref.com/en/players/91ea9f40/Daniel-Barlaser-Daniel Barlaser,
6,Matt Crooks,https://fbref.com/en/players/43f5d4e6/Matt-Crooks,25,25,eng ENG,CM,26-309,45,21,0,0,16,5,0,21,1,0,0.0,1,100.0,11,44,12,0,0,0,0,0,14,1,https://fbref.com/en/players/43f5d4e6/Matt-Crooks-Matt Crooks,
7,Ben Wiles,https://fbref.com/en/players/6be47912/Ben-Wiles,8,8,eng ENG,"LM,CM",21-221,90,38,3,9,18,12,0,38,1,1,100.0,0,0.0,23,119,52,3,2,0,2,1,17,2,https://fbref.com/en/players/6be47912/Ben-Wiles-Ben Wiles,
8,Florian Jozefzoon,https://fbref.com/en/players/e136a109/Florian-Jozefzoon,28,28,sr SUR,RM,29-289,58,24,3,4,6,14,0,24,2,0,0.0,2,100.0,11,65,16,1,2,0,1,1,11,5,https://fbref.com/en/players/e136a109/Florian-Jozefzoon-Florian Jozefzoon,
9,Matthew Olosunde,https://fbref.com/en/players/e2c439c4/Matthew-Olosunde,22,22,us USA,RM,22-262,32,11,0,2,4,5,2,11,0,0,,0,,6,82,26,1,1,2,1,0,6,2,https://fbref.com/en/players/e2c439c4/Matthew-Olosunde-Matthew Olosunde,
10,Joe Mattock,https://fbref.com/en/players/6b192b31/Joe-Mattock,3,3,eng ENG,LB,30-193,90,44,5,12,22,10,0,44,0,0,,0,,12,51,23,1,0,0,2,1,12,1,https://fbref.com/en/players/6b192b31/Joe-Mattock-Joe Mattock,
11,Angus MacDonald,https://fbref.com/en/players/9ca3f7e4/Angus-MacDonald,21,21,eng ENG,CB,28-040,90,57,8,28,28,1,0,57,0,0,,0,,20,144,106,2,0,0,0,0,23,0,https://fbref.com/en/players/9ca3f7e4/Angus-MacDonald-Angus MacDonald,
12,Michael Ihiekwe,https://fbref.com/en/players/d9524d3b/Michael-Ihiekwe,20,20,eng ENG,CB,28-004,90,46,2,21,22,4,2,46,0,0,,0,,24,111,38,0,0,0,0,0,24,1,https://fbref.com/en/players/d9524d3b/Michael-Ihiekwe-Michael Ihiekwe,
13,Wes Harding,https://fbref.com/en/players/45ac6fe1/Wes-Harding,19,19,jm JAM,RB,24-035,83,41,4,13,19,9,0,41,2,1,50.0,1,50.0,22,118,30,0,1,0,1,1,20,1,https://fbref.com/en/players/45ac6fe1/Wes-Harding-Wes Harding,
14,George Hirst,https://fbref.com/en/players/78e87179/George-Hirst,9,9,eng ENG,RB,21-283,7,5,0,0,2,3,1,5,0,0,,0,,3,4,1,0,0,0,1,0,3,1,https://fbref.com/en/players/78e87179/George-Hirst-George Hirst,
15,Jamal Blackman,https://fbref.com/en/players/dd26b605/Jamal-Blackman,27,27,eng ENG,GK,27-028,90,39,24,36,3,0,0,39,0,0,,0,,17,113,57,0,0,0,0,0,8,0,https://fbref.com/en/players/dd26b605/Jamal-Blackman-Jamal Blackman,
