,Player Name,Player Number,Player,#,Nation,Pos,Age,Min,Tkl,TklW,Def 3rd,Mid 3rd,Att 3rd,Tkl,Att,Tkl%,Lost,Blocks,Sh,Pass,Int,Tkl+Int,Clr,Err,Player Key,Player Link
0,Michael Smith,https://fbref.com/en/players/b93da142/Michael-Smith,24,24,eng ENG,FW,29-038,90,1,0,1,0,0,1,2,50.0,1,1,0,1,0,1,0,0,https://fbref.com/en/players/b93da142/Michael-Smith-Michael Smith,
1,Kyle Vassell,https://fbref.com/en/players/1f74bb10/Kyle-Vassell,7,7,nir NIR,FW,27-291,73,2,1,1,1,0,1,3,33.3,2,1,0,1,0,2,0,0,https://fbref.com/en/players/1f74bb10/Kyle-Vassell-Kyle Vassell,
2,Freddie Ladapo,https://fbref.com/en/players/da2b8db3/Freddie-Ladapo,10,10,eng ENG,FW,27-297,17,0,0,0,0,0,0,0,,0,0,0,0,0,0,0,0,https://fbref.com/en/players/da2b8db3/Freddie-Ladapo-Freddie Ladapo,
3,Trevor Clarke,https://fbref.com/en/players/088059d8/Trevor-Clarke,18,18,ie IRL,LM,22-243,45,2,0,1,1,0,2,2,100.0,0,0,0,0,1,3,0,0,https://fbref.com/en/players/088059d8/Trevor-Clarke-Trevor Clarke,
4,Jamie Lindsay,https://fbref.com/en/players/e36e218a/Jamie-Lindsay,16,16,sct SCO,CM,25-044,45,2,0,1,1,0,0,2,0.0,2,1,1,0,1,3,0,0,https://fbref.com/en/players/e36e218a/Jamie-Lindsay-Jamie Lindsay,
5,Daniel Barlaser,https://fbref.com/en/players/91ea9f40/Daniel-Barlaser,26,26,tr TUR,CM,23-311,45,2,1,2,0,0,1,1,100.0,0,1,0,1,0,2,0,0,https://fbref.com/en/players/91ea9f40/Daniel-Barlaser-Daniel Barlaser,
6,Matt Crooks,https://fbref.com/en/players/43f5d4e6/Matt-Crooks,25,25,eng ENG,CM,26-309,45,1,1,0,1,0,0,0,,0,1,0,1,0,1,0,0,https://fbref.com/en/players/43f5d4e6/Matt-Crooks-Matt Crooks,
7,Ben Wiles,https://fbref.com/en/players/6be47912/Ben-Wiles,8,8,eng ENG,"LM,CM",21-221,90,3,2,1,2,0,3,4,75.0,1,1,1,0,0,3,0,0,https://fbref.com/en/players/6be47912/Ben-Wiles-Ben Wiles,
8,Florian Jozefzoon,https://fbref.com/en/players/e136a109/Florian-Jozefzoon,28,28,sr SUR,RM,29-289,58,0,0,0,0,0,0,0,,0,1,0,1,2,2,2,0,https://fbref.com/en/players/e136a109/Florian-Jozefzoon-Florian Jozefzoon,
9,Matthew Olosunde,https://fbref.com/en/players/e2c439c4/Matthew-Olosunde,22,22,us USA,RM,22-262,32,0,0,0,0,0,0,0,,0,0,0,0,0,0,0,0,https://fbref.com/en/players/e2c439c4/Matthew-Olosunde-Matthew Olosunde,
10,Joe Mattock,https://fbref.com/en/players/6b192b31/Joe-Mattock,3,3,eng ENG,LB,30-193,90,4,3,3,1,0,3,3,100.0,0,1,0,1,1,5,4,0,https://fbref.com/en/players/6b192b31/Joe-Mattock-Joe Mattock,
11,Angus MacDonald,https://fbref.com/en/players/9ca3f7e4/Angus-MacDonald,21,21,eng ENG,CB,28-040,90,1,1,1,0,0,0,0,,0,2,2,0,4,5,3,0,https://fbref.com/en/players/9ca3f7e4/Angus-MacDonald-Angus MacDonald,
12,Michael Ihiekwe,https://fbref.com/en/players/d9524d3b/Michael-Ihiekwe,20,20,eng ENG,CB,28-004,90,0,0,0,0,0,0,1,0.0,1,0,0,0,1,1,1,0,https://fbref.com/en/players/d9524d3b/Michael-Ihiekwe-Michael Ihiekwe,
13,Wes Harding,https://fbref.com/en/players/45ac6fe1/Wes-Harding,19,19,jm JAM,RB,24-035,83,1,1,1,0,0,0,2,0.0,2,1,0,1,1,2,2,0,https://fbref.com/en/players/45ac6fe1/Wes-Harding-Wes Harding,
14,George Hirst,https://fbref.com/en/players/78e87179/George-Hirst,9,9,eng ENG,RB,21-283,7,0,0,0,0,0,0,0,,0,0,0,0,0,0,0,0,https://fbref.com/en/players/78e87179/George-Hirst-George Hirst,
15,Jamal Blackman,https://fbref.com/en/players/dd26b605/Jamal-Blackman,27,27,eng ENG,GK,27-028,90,0,0,0,0,0,0,0,,0,0,0,0,0,0,1,0,https://fbref.com/en/players/dd26b605/Jamal-Blackman-Jamal Blackman,
