,Minute,Player,Squad,xG,PSxG,Outcome,Distance,Body Part,Notes,SCA 1 Player,SCA 1 Event,SCA 2 Player,SCA 2 Event
0,4,Ilias Chair,QPR,0.07,,Off Target,9,Left Foot,,Lyndon Dykes,Pass (Live),Lyndon Dykes,Take-On
1,9,Trevor Clarke,Rotherham Utd,0.37,,Off Target,6,Head,,Daniel Barlaser,Pass (Live),,
2,16,Bright Osayi-Samuel,QPR,0.10,,Woodwork,13,Right Foot,,Bright Osayi-Samuel,Take-On,,
3,20,Ilias Chair,QPR,0.07,0.10,Goal,16,Right Foot,Deflected,Bright Osayi-Samuel,Pass (Live),Chris Willock,Pass (Live)
4,24,Dominic Ball,QPR,0.04,,Blocked,12,Head,,Ilias Chair,Pass (Live),Niko Hämäläinen,Pass (Live)
5,25,Osman Kakay,QPR,0.06,,Off Target,8,Right Foot,Volley,Lyndon Dykes,Pass (Live),Ilias Chair,Pass (Dead)
6,30,Ilias Chair,QPR,0.05,,Blocked,20,Right Foot,,Dominic Ball,Pass (Live),Chris Willock,Pass (Live)
7,32,Kyle Vassell,Rotherham Utd,0.08,,Blocked,13,Left Foot,Volley,Florian Jozefzoon,Pass (Live),Ben Wiles,Pass (Live)
8,32,Michael Smith,Rotherham Utd,0.06,,Blocked,12,Head,,Kyle Vassell,Shot,,
9,32,Daniel Barlaser,Rotherham Utd,0.05,0.20,Saved,24,Right Foot,,Michael Smith,Pass (Live),Ben Wiles,Pass (Live)
10,38,Michael Smith,Rotherham Utd,0.29,0.21,Goal,9,Head,,Wes Harding,Pass (Live),Michael Smith,Pass (Live)
11,40,Chris Willock,QPR,0.18,,Off Target,5,Head,,Osman Kakay,Pass (Live),Lyndon Dykes,Pass (Live)
12,43,Bright Osayi-Samuel,QPR,0.51,,Blocked,7,Left Foot,Volley,Chris Willock,Pass (Live),Ilias Chair,Pass (Live)
13,44,Michael Smith,Rotherham Utd,0.03,,Off Target,29,Right Foot,,Kyle Vassell,Pass (Live),Trevor Clarke,Pass (Live)
14,45+1,Bright Osayi-Samuel,QPR,0.10,0.48,Goal,8,Right Foot,,Geoff Cameron,Pass (Live),Bright Osayi-Samuel,Pass (Live)
15,45+4,Lyndon Dykes(pen),QPR,0.79,0.97,Goal,13,Right Foot,,,Fouled,Dominic Ball,Fouled
16,,,,,,,,,,,,,
17,48,Jamie Lindsay,Rotherham Utd,0.03,,Off Target,30,Right Foot,,Kyle Vassell,Take-On,Jamie Lindsay,Interception
18,51,Chris Willock,QPR,0.03,,Blocked,23,Right Foot,,Conor Masterson,Pass (Live),Conor Masterson,Take-On
19,54,Ilias Chair,QPR,0.05,,Off Target,31,Right Foot,Free kick,Lyndon Dykes,Fouled,Lyndon Dykes,Take-On
20,62,Macauley Bonne,QPR,0.03,,Off Target,16,Head,,Ilias Chair,Pass (Dead),Osman Kakay,Fouled
21,74,Freddie Ladapo,Rotherham Utd,0.10,0.02,Saved,12,Left Foot,Volley,Michael Smith,Pass (Live),Jamal Blackman,Pass (Dead)
22,81,Ilias Chair,QPR,0.05,0.04,Saved,21,Right Foot,,Macauley Bonne,Pass (Live),,
23,84,Michael Ihiekwe,Rotherham Utd,0.06,,Woodwork,11,Head,,Jamie Lindsay,Pass (Live),Michael Smith,Pass (Live)
24,84,Freddie Ladapo,Rotherham Utd,0.67,0.84,Goal,4,Head,,Michael Ihiekwe,Shot,,
25,89,George Hirst,Rotherham Utd,0.16,0.56,Saved,4,Head,,Joe Mattock,Pass (Live),Jamie Lindsay,Pass (Live)
26,90+2,Freddie Ladapo,Rotherham Utd,0.17,,Blocked,6,Left Foot,Volley,Michael Ihiekwe,Pass (Live),Ben Wiles,Pass (Live)
27,90+4,Angus MacDonald,Rotherham Utd,0.04,,Blocked,26,Left Foot,,Matt Crooks,Pass (Live),Michael Ihiekwe,Pass (Live)
