,Player Name,Player Number,Player,#,Nation,Pos,Age,Min,Gls,Ast,PK,PKatt,Sh,SoT,CrdY,CrdR,Fls,Fld,Off,Crs,TklW,Int,OG,PKwon,PKcon,Player Key,Player Link
0,Duván Zapata,https://fbref.com/en/players/d3de9af0/Duvan-Zapata,91,91,co COL,FW,30-048,90,0,0,0,0,2,1,0,0,2,6,1,5,0,0,0,,,https://fbref.com/en/players/d3de9af0/Duvan-Zapata-Duván Zapata,
1,Matteo Pessina,https://fbref.com/en/players/780e3631/Matteo-Pessina,32,32,it ITA,AM,24-028,67,0,0,0,0,1,1,0,0,0,2,0,2,0,2,0,,,https://fbref.com/en/players/780e3631/Matteo-Pessina-Matteo Pessina,
2,Mario Pašalić,https://fbref.com/en/players/e599253a/Mario-Pasalic,88,88,hr CRO,"FW,MF",26-099,23,0,0,0,0,0,0,0,0,0,0,0,0,0,0,0,,,https://fbref.com/en/players/e599253a/Mario-Pasalic-Mario Pašalić,
3,Ruslan Malinovskyi,https://fbref.com/en/players/48d5bd33/Ruslan-Malinovskyi,18,18,ua UKR,AM,28-015,67,1,0,0,0,2,1,1,0,1,1,0,3,0,0,0,,,https://fbref.com/en/players/48d5bd33/Ruslan-Malinovskyi-Ruslan Malinovskyi,
4,Luis Muriel,https://fbref.com/en/players/eb2fe5b6/Luis-Muriel,9,9,co COL,FW,30-033,23,0,0,0,0,1,0,0,0,0,0,0,2,1,0,0,,,https://fbref.com/en/players/eb2fe5b6/Luis-Muriel-Luis Muriel,
5,Robin Gosens,https://fbref.com/en/players/2d970560/Robin-Gosens,8,8,de GER,DM,26-318,82,0,0,0,0,0,0,0,0,2,1,0,1,1,1,0,,,https://fbref.com/en/players/2d970560/Robin-Gosens-Robin Gosens,
6,Aleksei Miranchuk,https://fbref.com/en/players/a9aa0d1d/Aleksei-Miranchuk,59,59,ru RUS,"FW,MF",25-214,8,0,0,0,0,0,0,0,0,0,1,0,0,0,0,0,,,https://fbref.com/en/players/a9aa0d1d/Aleksei-Miranchuk-Aleksei Miranchuk,
7,Remo Freuler,https://fbref.com/en/players/98d2c2c4/Remo-Freuler,11,11,ch SUI,DM,29-034,90,0,0,0,0,1,0,1,0,2,0,0,0,1,0,0,,,https://fbref.com/en/players/98d2c2c4/Remo-Freuler-Remo Freuler,
8,Marten de Roon,https://fbref.com/en/players/2a1beb34/Marten-de-Roon,15,15,nl NED,DM,30-051,90,0,0,0,0,1,0,1,0,1,0,0,0,1,4,0,,,https://fbref.com/en/players/2a1beb34/Marten-de-Roon-Marten de Roon,
9,Hans Hateboer,https://fbref.com/en/players/3b333ac3/Hans-Hateboer,33,33,nl NED,DM,27-130,75,0,1,0,0,1,1,0,0,1,2,0,2,0,0,0,,,https://fbref.com/en/players/3b333ac3/Hans-Hateboer-Hans Hateboer,
10,Josip Iličić,https://fbref.com/en/players/68252d6d/Josip-Ilicic,72,72,si SVN,"FW,MF",33-110,15,0,0,0,0,0,0,1,0,2,1,0,2,0,0,0,,,https://fbref.com/en/players/68252d6d/Josip-Ilicic-Josip Iličić,
11,José Luis Palomino,https://fbref.com/en/players/921f6058/Jose-Luis-Palomino,6,6,ar ARG,CB,31-134,90,0,0,0,0,1,0,0,0,0,0,0,0,1,2,0,,,https://fbref.com/en/players/921f6058/Jose-Luis-Palomino-José Luis Palomino,
12,Cristian Romero,https://fbref.com/en/players/a3d94a58/Cristian-Romero,17,17,ar ARG,CB,23-022,90,0,0,0,0,1,0,1,0,3,0,0,0,2,0,0,,,https://fbref.com/en/players/a3d94a58/Cristian-Romero-Cristian Romero,
13,Rafael Tolói,https://fbref.com/en/players/c56dc39e/Rafael-Toloi,2,2,it ITA,CB,30-221,75,0,0,0,0,0,0,0,1,1,2,0,1,2,1,0,,,https://fbref.com/en/players/c56dc39e/Rafael-Toloi-Rafael Tolói,
14,Berat Djimsiti,https://fbref.com/en/players/6eee05f1/Berat-Djimsiti,19,19,al ALB,"DF,MF",28-089,15,0,0,0,0,0,0,0,0,0,0,0,0,0,0,0,,,https://fbref.com/en/players/6eee05f1/Berat-Djimsiti-Berat Djimsiti,
15,Pierluigi Gollini,https://fbref.com/en/players/f0f7f62f/Pierluigi-Gollini,95,95,it ITA,GK,26-062,90,0,0,0,0,0,0,0,0,0,0,0,0,0,0,0,,,https://fbref.com/en/players/f0f7f62f/Pierluigi-Gollini-Pierluigi Gollini,
