,Player Name,Player Number,Player,#,Nation,Pos,Age,Min,Gls,Ast,PK,PKatt,Sh,SoT,CrdY,CrdR,Fls,Fld,Off,Crs,TklW,Int,OG,PKwon,PKcon,Player Key,Player Link
0,Dejan Kulusevski,https://fbref.com/en/players/df3cda47/Dejan-Kulusevski,44,44,se SWE,FW,21-024,82,1,1,0,0,2,2,0,0,1,2,0,3,0,0,0,,,https://fbref.com/en/players/df3cda47/Dejan-Kulusevski-Dejan Kulusevski,
1,Leonardo Bonucci,https://fbref.com/en/players/52ec54d0/Leonardo-Bonucci,19,19,it ITA,DF,34-018,8,0,0,0,0,0,0,0,0,0,0,0,0,0,1,0,,,https://fbref.com/en/players/52ec54d0/Leonardo-Bonucci-Leonardo Bonucci,
2,Cristiano Ronaldo,https://fbref.com/en/players/dea698d9/Cristiano-Ronaldo,7,7,pt POR,FW,36-103,90,0,0,0,0,6,2,0,0,1,2,0,0,1,0,0,,,https://fbref.com/en/players/dea698d9/Cristiano-Ronaldo-Cristiano Ronaldo,
3,Federico Chiesa,https://fbref.com/en/players/b0f7e36c/Federico-Chiesa,22,22,it ITA,LM,23-206,73,1,0,0,0,2,1,0,0,1,1,0,0,0,0,0,,,https://fbref.com/en/players/b0f7e36c/Federico-Chiesa-Federico Chiesa,
4,Paulo Dybala,https://fbref.com/en/players/e0921a4f/Paulo-Dybala,10,10,ar ARG,"FW,MF",27-185,17,0,0,0,0,0,0,0,0,1,1,0,0,0,0,0,,,https://fbref.com/en/players/e0921a4f/Paulo-Dybala-Paulo Dybala,
5,Adrien Rabiot,https://fbref.com/en/players/8794e251/Adrien-Rabiot,25,25,fr FRA,CM,26-046,90,0,0,0,0,0,0,0,0,2,2,0,0,1,1,0,,,https://fbref.com/en/players/8794e251/Adrien-Rabiot-Adrien Rabiot,
6,Rodrigo Bentancur,https://fbref.com/en/players/3b8674e6/Rodrigo-Bentancur,30,30,uy URU,CM,23-328,90,0,0,0,0,1,0,0,0,1,0,0,0,2,4,0,,,https://fbref.com/en/players/3b8674e6/Rodrigo-Bentancur-Rodrigo Bentancur,
7,Weston McKennie,https://fbref.com/en/players/01c3aff5/Weston-McKennie,14,14,us USA,RM,22-264,90,0,1,0,0,1,0,0,0,1,0,0,1,2,2,0,,,https://fbref.com/en/players/01c3aff5/Weston-McKennie-Weston McKennie,
8,Danilo,https://fbref.com/en/players/94b2001f/Danilo,13,13,br BRA,LB,29-308,90,0,0,0,0,1,1,0,0,3,2,0,0,1,1,0,,,https://fbref.com/en/players/94b2001f/Danilo-Danilo,
9,Giorgio Chiellini,https://fbref.com/en/players/e85fb9b8/Giorgio-Chiellini,3,3,it ITA,CB,36-278,90,0,0,0,0,0,0,1,0,1,0,0,0,0,1,0,,,https://fbref.com/en/players/e85fb9b8/Giorgio-Chiellini-Giorgio Chiellini,
10,Matthijs de Ligt,https://fbref.com/en/players/d6e53a3a/Matthijs-de-Ligt,4,4,nl NED,CB,21-280,90,0,0,0,0,1,0,1,0,3,2,0,0,3,3,0,,,https://fbref.com/en/players/d6e53a3a/Matthijs-de-Ligt-Matthijs de Ligt,
11,Juan Cuadrado,https://fbref.com/en/players/0ab1f153/Juan-Cuadrado,16,16,co COL,RB,32-358,90,0,0,0,0,0,0,0,0,2,3,0,4,3,2,0,,,https://fbref.com/en/players/0ab1f153/Juan-Cuadrado-Juan Cuadrado,
12,Gianluigi Buffon,https://fbref.com/en/players/e40d028b/Gianluigi-Buffon,77,77,it ITA,GK,43-111,90,0,0,0,0,0,0,0,0,0,0,0,0,0,0,0,,,https://fbref.com/en/players/e40d028b/Gianluigi-Buffon-Gianluigi Buffon,
