,Player Name,Player Number,Player,#,Nation,Pos,Age,Min,CrdY,CrdR,2CrdY,Fls,Fld,Off,Crs,Int,TklW,PKwon,PKcon,OG,Recov,Won,Lost,Won%,Player Key,Player Link
0,Pedro,https://fbref.com/en/players/17758df6/Pedro,96,96,br BRA,FW,24-159,90,0,0,0,1,4,1,1,1,0,0,0,0,4,8,7,53.3,https://fbref.com/en/players/17758df6/Pedro-Pedro,
1,Licá,https://fbref.com/en/players/41d84fed/Lica,88,88,pt POR,LM,32-220,77,0,0,0,0,0,0,0,0,0,0,0,0,2,1,0,100.0,https://fbref.com/en/players/41d84fed/Lica-Licá,
2,Fabrício Isidoro,https://fbref.com/en/players/b70ca4b5/Fabricio-Isidoro,14,14,br BRA,LM,29-078,13,0,0,0,0,0,0,0,0,0,0,0,0,0,0,0,,https://fbref.com/en/players/b70ca4b5/Fabricio-Isidoro-Fabrício Isidoro,
3,Jonatan Lucca,https://fbref.com/en/players/b04f4533/Jonatan-Lucca,47,47,br BRA,CM,26-318,77,0,0,0,0,0,1,0,1,1,0,0,0,7,4,1,80.0,https://fbref.com/en/players/b04f4533/Jonatan-Lucca-Jonatan Lucca,
4,Miguel Bandarra,https://fbref.com/en/players/1e4684e8/Miguel-Bandarra,17,17,pt POR,CM,25-089,13,0,0,0,0,0,0,1,0,0,0,0,0,2,0,0,,https://fbref.com/en/players/1e4684e8/Miguel-Bandarra-Miguel Bandarra,
5,Ryan Gauld,https://fbref.com/en/players/862e93c2/Ryan-Gauld,23,23,sct SCO,CM,25-121,90,1,0,0,4,2,1,7,0,0,0,0,0,6,1,1,50.0,https://fbref.com/en/players/862e93c2/Ryan-Gauld-Ryan Gauld,
6,Bilel Aouacheria,https://fbref.com/en/players/77bbc5b1/Bilel-Aouacheria,26,26,fr FRA,RM,27-014,63,0,0,0,2,1,0,2,0,0,0,0,0,2,0,2,0.0,https://fbref.com/en/players/77bbc5b1/Bilel-Aouacheria-Bilel Aouacheria,
7,Braian Mansilla,https://fbref.com/en/players/e4c37819/Braian-Mansilla,11,11,ar ARG,RM,24-000,27,0,0,0,0,0,3,4,0,0,0,0,0,5,1,1,50.0,https://fbref.com/en/players/e4c37819/Braian-Mansilla-Braian Mansilla,
8,Amine Oudrhiri,https://fbref.com/en/players/49c9c79a/Amine-Oudrhiri,5,5,ma MAR,DM,28-163,90,0,0,0,2,2,0,2,4,0,0,0,0,6,2,3,40.0,https://fbref.com/en/players/49c9c79a/Amine-Oudrhiri-Amine Oudrhiri,
9,Abner,https://fbref.com/en/players/8e562fe7/Abner,30,30,br BRA,LB,24-321,90,0,0,0,1,2,0,0,4,1,0,0,0,6,2,4,33.3,https://fbref.com/en/players/8e562fe7/Abner-Abner,
10,Eduardo Mancha,https://fbref.com/en/players/56e74f66/Eduardo-Mancha,95,95,br BRA,CB,25-143,90,0,0,0,1,0,1,0,2,0,0,0,0,3,6,2,75.0,https://fbref.com/en/players/56e74f66/Eduardo-Mancha-Eduardo Mancha,
11,César,https://fbref.com/en/players/4dcde17a/Cesar,4,4,br BRA,CB,28-109,90,0,0,0,0,0,0,0,3,0,0,0,0,8,3,2,60.0,https://fbref.com/en/players/4dcde17a/Cesar-César,
12,Tomás Tavares,https://fbref.com/en/players/0dce3356/Tomas-Tavares,84,84,pt POR,RB,20-040,90,0,0,0,2,0,0,0,2,1,0,0,0,8,2,3,40.0,https://fbref.com/en/players/0dce3356/Tomas-Tavares-Tomás Tavares,
13,Beto,https://fbref.com/en/players/3b4941e4/Beto,3,3,pt POR,GK,38-350,90,0,0,0,0,0,0,0,0,0,0,0,0,0,0,0,,https://fbref.com/en/players/3b4941e4/Beto-Beto,
