,Player Name,Player Number,Player,#,Nation,Pos,Age,Min,Touches,Def Pen,Def 3rd,Mid 3rd,Att 3rd,Att Pen,Live,Att,Succ,Succ%,Tkld,Tkld%,Carries,TotDist,PrgDist,PrgC,1/3,CPA,Mis,Dis,Rec,PrgR,Player Key,Player Link
0,Pedro,https://fbref.com/en/players/17758df6/Pedro,96,96,br BRA,FW,24-159,90,35,0,3,20,14,4,35,0,0,,0,,23,86,24,0,2,0,2,2,31,6,https://fbref.com/en/players/17758df6/Pedro-Pedro,
1,Licá,https://fbref.com/en/players/41d84fed/Lica,88,88,pt POR,LM,32-220,77,18,1,2,6,10,3,18,0,0,,0,,10,56,26,1,0,0,1,0,11,2,https://fbref.com/en/players/41d84fed/Lica-Licá,
2,Fabrício Isidoro,https://fbref.com/en/players/b70ca4b5/Fabricio-Isidoro,14,14,br BRA,LM,29-078,13,8,0,1,4,3,0,8,0,0,,0,,6,27,10,0,0,0,0,0,6,0,https://fbref.com/en/players/b70ca4b5/Fabricio-Isidoro-Fabrício Isidoro,
3,Jonatan Lucca,https://fbref.com/en/players/b04f4533/Jonatan-Lucca,47,47,br BRA,CM,26-318,77,31,5,6,18,7,1,31,0,0,,0,,15,81,3,0,0,0,1,0,12,3,https://fbref.com/en/players/b04f4533/Jonatan-Lucca-Jonatan Lucca,
4,Miguel Bandarra,https://fbref.com/en/players/1e4684e8/Miguel-Bandarra,17,17,pt POR,CM,25-089,13,8,0,1,3,4,0,8,0,0,,0,,4,7,1,0,0,0,0,0,6,1,https://fbref.com/en/players/1e4684e8/Miguel-Bandarra-Miguel Bandarra,
5,Ryan Gauld,https://fbref.com/en/players/862e93c2/Ryan-Gauld,23,23,sct SCO,CM,25-121,90,44,0,3,17,24,1,44,1,0,0.0,1,100.0,29,179,22,2,1,0,2,1,25,6,https://fbref.com/en/players/862e93c2/Ryan-Gauld-Ryan Gauld,
6,Bilel Aouacheria,https://fbref.com/en/players/77bbc5b1/Bilel-Aouacheria,26,26,fr FRA,RM,27-014,63,16,0,1,6,9,1,16,1,0,0.0,1,100.0,13,23,3,0,1,0,4,1,15,5,https://fbref.com/en/players/77bbc5b1/Bilel-Aouacheria-Bilel Aouacheria,
7,Braian Mansilla,https://fbref.com/en/players/e4c37819/Braian-Mansilla,11,11,ar ARG,RM,24-000,27,22,0,1,12,10,3,22,4,2,50.0,2,50.0,20,92,25,1,1,0,3,1,17,5,https://fbref.com/en/players/e4c37819/Braian-Mansilla-Braian Mansilla,
8,Amine Oudrhiri,https://fbref.com/en/players/49c9c79a/Amine-Oudrhiri,5,5,ma MAR,DM,28-163,90,48,0,6,32,10,2,48,0,0,,0,,32,137,35,0,0,0,1,0,31,2,https://fbref.com/en/players/49c9c79a/Amine-Oudrhiri-Amine Oudrhiri,
9,Abner,https://fbref.com/en/players/8e562fe7/Abner,30,30,br BRA,LB,24-321,90,66,3,16,34,16,1,66,0,0,,0,,30,163,47,1,2,1,1,0,25,3,https://fbref.com/en/players/8e562fe7/Abner-Abner,
10,Eduardo Mancha,https://fbref.com/en/players/56e74f66/Eduardo-Mancha,95,95,br BRA,CB,25-143,90,46,2,23,22,1,1,46,0,0,,0,,24,80,26,0,0,0,2,0,23,0,https://fbref.com/en/players/56e74f66/Eduardo-Mancha-Eduardo Mancha,
11,César,https://fbref.com/en/players/4dcde17a/Cesar,4,4,br BRA,CB,28-109,90,51,7,25,24,2,2,51,0,0,,0,,25,82,15,0,0,0,0,0,21,0,https://fbref.com/en/players/4dcde17a/Cesar-César,
12,Tomás Tavares,https://fbref.com/en/players/0dce3356/Tomas-Tavares,84,84,pt POR,RB,20-040,90,75,2,15,42,19,2,75,2,2,100.0,0,0.0,34,199,87,3,2,0,4,0,29,3,https://fbref.com/en/players/0dce3356/Tomas-Tavares-Tomás Tavares,
13,Beto,https://fbref.com/en/players/3b4941e4/Beto,3,3,pt POR,GK,38-350,90,46,32,46,0,0,0,46,0,0,,0,,25,111,88,0,0,0,0,0,21,0,https://fbref.com/en/players/3b4941e4/Beto-Beto,
