,Player Name,Player Number,Player,#,Nation,Pos,Age,Min,Gls,Ast,PK,PKatt,Sh,SoT,CrdY,CrdR,Touches,Tkl,Int,Blocks,xG,npxG,xAG,SCA,GCA,Cmp,Att,Cmp%,PrgP,Carries,PrgC,Att,Succ,Player Key,Player Link
0,Pedro,https://fbref.com/en/players/17758df6/Pedro,96,96,br BRA,FW,24-159,90,0,0,0,0,3,1,0,0,35,0,1,0,0.8,0.8,0.0,2,0,17,28,60.7,2,23,0,0,0,https://fbref.com/en/players/17758df6/Pedro-Pedro,
1,Licá,https://fbref.com/en/players/41d84fed/Lica,88,88,pt POR,LM,32-220,77,0,0,0,0,0,0,0,0,18,0,0,1,0.0,0.0,0.0,0,0,10,15,66.7,2,10,1,0,0,https://fbref.com/en/players/41d84fed/Lica-Licá,
2,Fabrício Isidoro,https://fbref.com/en/players/b70ca4b5/Fabricio-Isidoro,14,14,br BRA,LM,29-078,13,0,0,0,0,1,0,0,0,8,0,0,0,0.0,0.0,0.0,1,0,7,7,100.0,3,6,0,0,0,https://fbref.com/en/players/b70ca4b5/Fabricio-Isidoro-Fabrício Isidoro,
3,Jonatan Lucca,https://fbref.com/en/players/b04f4533/Jonatan-Lucca,47,47,br BRA,CM,26-318,77,0,0,0,0,1,0,0,0,31,2,1,2,0.1,0.1,0.0,0,0,15,18,83.3,2,15,0,0,0,https://fbref.com/en/players/b04f4533/Jonatan-Lucca-Jonatan Lucca,
4,Miguel Bandarra,https://fbref.com/en/players/1e4684e8/Miguel-Bandarra,17,17,pt POR,CM,25-089,13,0,0,0,0,0,0,0,0,8,0,0,0,0.0,0.0,0.4,1,0,5,7,71.4,0,4,0,0,0,https://fbref.com/en/players/1e4684e8/Miguel-Bandarra-Miguel Bandarra,
5,Ryan Gauld,https://fbref.com/en/players/862e93c2/Ryan-Gauld,23,23,sct SCO,CM,25-121,90,0,0,0,0,1,0,1,0,44,1,0,0,0.0,0.0,0.7,5,0,24,35,68.6,5,29,2,1,0,https://fbref.com/en/players/862e93c2/Ryan-Gauld-Ryan Gauld,
6,Bilel Aouacheria,https://fbref.com/en/players/77bbc5b1/Bilel-Aouacheria,26,26,fr FRA,RM,27-014,63,0,0,0,0,0,0,0,0,16,0,0,1,0.0,0.0,0.0,1,0,6,9,66.7,1,13,0,1,0,https://fbref.com/en/players/77bbc5b1/Bilel-Aouacheria-Bilel Aouacheria,
7,Braian Mansilla,https://fbref.com/en/players/e4c37819/Braian-Mansilla,11,11,ar ARG,RM,24-000,27,0,0,0,0,1,1,0,0,22,0,0,1,0.1,0.1,0.0,2,0,8,15,53.3,1,20,1,4,2,https://fbref.com/en/players/e4c37819/Braian-Mansilla-Braian Mansilla,
8,Amine Oudrhiri,https://fbref.com/en/players/49c9c79a/Amine-Oudrhiri,5,5,ma MAR,DM,28-163,90,0,0,0,0,0,0,0,0,48,0,4,1,0.0,0.0,0.0,1,0,37,43,86.0,6,32,0,0,0,https://fbref.com/en/players/49c9c79a/Amine-Oudrhiri-Amine Oudrhiri,
9,Abner,https://fbref.com/en/players/8e562fe7/Abner,30,30,br BRA,LB,24-321,90,0,0,0,0,0,0,0,0,66,1,4,1,0.0,0.0,0.0,1,0,36,55,65.5,5,30,1,0,0,https://fbref.com/en/players/8e562fe7/Abner-Abner,
10,Eduardo Mancha,https://fbref.com/en/players/56e74f66/Eduardo-Mancha,95,95,br BRA,CB,25-143,90,0,0,0,0,1,1,0,0,46,1,2,0,0.1,0.1,0.0,0,0,24,35,68.6,3,24,0,0,0,https://fbref.com/en/players/56e74f66/Eduardo-Mancha-Eduardo Mancha,
11,César,https://fbref.com/en/players/4dcde17a/Cesar,4,4,br BRA,CB,28-109,90,0,0,0,0,0,0,0,0,51,2,3,1,0.0,0.0,0.0,0,0,25,36,69.4,2,25,0,0,0,https://fbref.com/en/players/4dcde17a/Cesar-César,
12,Tomás Tavares,https://fbref.com/en/players/0dce3356/Tomas-Tavares,84,84,pt POR,RB,20-040,90,0,0,0,0,0,0,0,0,75,3,2,2,0.0,0.0,0.0,1,0,40,57,70.2,4,34,3,2,2,https://fbref.com/en/players/0dce3356/Tomas-Tavares-Tomás Tavares,
13,Beto,https://fbref.com/en/players/3b4941e4/Beto,3,3,pt POR,GK,38-350,90,0,0,0,0,0,0,0,0,46,0,0,0,0.0,0.0,0.0,0,0,22,43,51.2,0,25,0,0,0,https://fbref.com/en/players/3b4941e4/Beto-Beto,
