,Minute,Player,Squad,xG,PSxG,Outcome,Distance,Body Part,Notes,SCA 1 Player,SCA 1 Event,SCA 2 Player,SCA 2 Event
0,8,Ryan Gauld,Farense,0.04,,Off Target,23,Left Foot,,Bilel Aouacheria,Pass (Live),Pedro,Pass (Live)
1,9,João Mário,Sporting CP,0.06,0.57,Saved,13,Right Foot,,Pedro Gonçalves,Pass (Live),,
2,13,Jonatan Lucca,Farense,0.06,,Off Target,9,Head,,Ryan Gauld,Pass (Live),Amine Oudrhiri,Pass (Live)
3,15,Gonçalo Inácio,Sporting CP,0.06,,Off Target,8,Head,,Pedro Porro,Pass (Dead),Matheus Reis,Pass (Live)
4,27,João Mário,Sporting CP,0.42,,Off Target,6,Left Foot,Volley,Paulinho,Pass (Live),Pedro Gonçalves,Pass (Live)
5,35,Sebastián Coates,Sporting CP,0.25,0.19,Saved,9,Head,,Nuno Mendes,Pass (Dead),Daniel Bragança,Pass (Live)
6,35,Pedro Gonçalves,Sporting CP,0.05,0.03,Goal,16,Right Foot,,Pedro Porro,Pass (Live),João Mário,Pass (Live)
7,41,Pedro,Farense,0.04,,Off Target,12,Head,,Ryan Gauld,Pass (Dead),Pedro,Fouled
8,,,,,,,,,,,,,
9,47,Eduardo Mancha,Farense,0.12,0.10,Saved,6,Head,,Ryan Gauld,Pass (Dead),,
10,53,Pedro,Farense,0.37,0.34,Saved,12,Right Foot,Volley,Ryan Gauld,Pass (Live),Tomás Tavares,Pass (Live)
11,55,Pedro Gonçalves,Sporting CP,0.03,,Off Target,28,Right Foot,,Daniel Bragança,Pass (Live),Daniel Bragança,Take-On
12,57,Paulinho,Sporting CP,0.44,0.29,Saved,10,Left Foot,,João Mário,Pass (Live),João Mário,Take-On
13,57,João Palhinha,Sporting CP,0.05,,Blocked,11,Head,,Nuno Mendes,Pass (Dead),Paulinho,Shot
14,58,Sebastián Coates,Sporting CP,0.07,,Off Target,9,Head,,Pedro Porro,Pass (Dead),João Palhinha,Shot
15,67,Nuno Mendes,Sporting CP,0.03,,Off Target,32,Right Foot,,João Mário,Pass (Live),Pedro Porro,Pass (Dead)
16,74,João Palhinha,Sporting CP,0.04,,Off Target,30,Right Foot,,Pedro Gonçalves,Pass (Live),Matheus Reis,Pass (Live)
17,79,Pedro Gonçalves,Sporting CP,0.06,,Blocked,17,Right Foot,,João Palhinha,Pass (Live),Daniel Bragança,Pass (Live)
18,84,Braian Mansilla,Farense,0.05,0.14,Saved,15,Left Foot,,Ryan Gauld,Pass (Live),Braian Mansilla,Pass (Live)
19,90,Fabrício Isidoro,Farense,0.03,,Blocked,30,Right Foot,,Braian Mansilla,Pass (Live),Abner,Pass (Live)
20,90,Pedro,Farense,0.38,,Blocked,4,Head,,Miguel Bandarra,Pass (Dead),Fabrício Isidoro,Shot
