,Player Name,Player Number,Player,#,Nation,Pos,Age,Min,Att,Live,Dead,FK,TB,Sw,Crs,TI,CK,In,Out,Str,Cmp,Off,Blocks,Player Key,Player Link
0,Pedro Gonçalves,https://fbref.com/en/players/c275947b/Pedro-Goncalves,28,28,pt POR,"FW,AM",22-292,90,27,27,0,0,0,0,0,0,0,0,0,0,18,0,1,https://fbref.com/en/players/c275947b/Pedro-Goncalves-Pedro Gonçalves,
1,Paulinho,https://fbref.com/en/players/a62c16d0/Paulinho,21,21,pt POR,FW,28-158,82,22,21,1,0,0,1,1,0,0,0,0,0,14,0,0,https://fbref.com/en/players/a62c16d0/Paulinho-Paulinho,
2,Tiago Tomás,https://fbref.com/en/players/b492126a/Tiago-Tomas,19,19,pt POR,FW,18-304,8,2,2,0,0,0,0,0,0,0,0,0,0,1,0,0,https://fbref.com/en/players/b492126a/Tiago-Tomas-Tiago Tomás,
3,Daniel Bragança,https://fbref.com/en/players/0c152537/Daniel-Braganca,68,68,pt POR,CM,21-324,82,36,36,0,0,0,1,0,0,0,0,0,0,35,0,1,https://fbref.com/en/players/0c152537/Daniel-Braganca-Daniel Bragança,
4,Nuno Santos,https://fbref.com/en/players/a6ee4f55/Nuno-Santos,11,11,pt POR,CM,26-062,8,1,1,0,0,0,0,0,0,0,0,0,0,1,0,0,https://fbref.com/en/players/a6ee4f55/Nuno-Santos-Nuno Santos,
5,João Palhinha,https://fbref.com/en/players/a78ff07f/Joao-Palhinha,6,6,pt POR,CM,25-281,90,35,34,1,1,0,5,0,0,0,0,0,0,25,0,1,https://fbref.com/en/players/a78ff07f/Joao-Palhinha-João Palhinha,
6,João Mário,https://fbref.com/en/players/f0021247/Joao-Mario,17,17,pt POR,CM,28-087,70,42,38,2,2,0,0,3,0,0,0,0,0,32,2,1,https://fbref.com/en/players/f0021247/Joao-Mario-João Mário,
7,Matheus Nunes,https://fbref.com/en/players/e6af02e0/Matheus-Nunes,8,8,pt POR,AM,22-232,20,10,10,0,0,0,0,0,0,0,0,0,0,3,0,0,https://fbref.com/en/players/e6af02e0/Matheus-Nunes-Matheus Nunes,
8,Nuno Mendes,https://fbref.com/en/players/f20e4cc9/Nuno-Mendes,5,5,pt POR,WB,18-301,90,63,39,23,2,0,1,10,16,5,0,5,0,35,1,1,https://fbref.com/en/players/f20e4cc9/Nuno-Mendes-Nuno Mendes,
9,Pedro Porro,https://fbref.com/en/players/27d0a506/Pedro-Porro,24,24,es ESP,WB,21-215,90,56,42,14,0,0,2,10,10,4,0,3,1,40,0,3,https://fbref.com/en/players/27d0a506/Pedro-Porro-Pedro Porro,
10,Matheus Reis,https://fbref.com/en/players/ae1159bf/Matheus-Reis,2,2,br BRA,CB,26-057,90,51,49,2,2,0,2,0,0,0,0,0,0,38,0,1,https://fbref.com/en/players/ae1159bf/Matheus-Reis-Matheus Reis,
11,Sebastián Coates,https://fbref.com/en/players/1fbbfbde/Sebastian-Coates,4,4,uy URU,CB,30-191,90,33,32,1,1,0,0,0,0,0,0,0,0,25,0,0,https://fbref.com/en/players/1fbbfbde/Sebastian-Coates-Sebastián Coates,
12,Gonçalo Inácio,https://fbref.com/en/players/33651873/Goncalo-Inacio,52,52,pt POR,CB,19-234,90,33,31,2,2,0,3,0,0,0,0,0,0,25,0,0,https://fbref.com/en/players/33651873/Goncalo-Inacio-Gonçalo Inácio,
13,Antonio Adán,https://fbref.com/en/players/65d62814/Antonio-Adan,1,1,es ESP,GK,33-338,90,38,21,17,9,0,0,0,0,0,0,0,0,30,0,0,https://fbref.com/en/players/65d62814/Antonio-Adan-Antonio Adán,
