,Player Name,Player Number,Player,#,Nation,Pos,Age,Min,Touches,Def Pen,Def 3rd,Mid 3rd,Att 3rd,Att Pen,Live,Att,Succ,Succ%,Tkld,Tkld%,Carries,TotDist,PrgDist,PrgC,1/3,CPA,Mis,Dis,Rec,PrgR,Player Key,Player Link
0,Pedro Gonçalves,https://fbref.com/en/players/c275947b/Pedro-Goncalves,28,28,pt POR,"FW,AM",22-292,90,36,1,1,22,15,4,36,1,0,0.0,1,100.0,23,171,97,5,3,1,1,1,21,7,https://fbref.com/en/players/c275947b/Pedro-Goncalves-Pedro Gonçalves,
1,Paulinho,https://fbref.com/en/players/a62c16d0/Paulinho,21,21,pt POR,FW,28-158,82,30,1,3,16,12,4,30,0,0,,0,,18,82,11,0,0,0,3,1,24,4,https://fbref.com/en/players/a62c16d0/Paulinho-Paulinho,
2,Tiago Tomás,https://fbref.com/en/players/b492126a/Tiago-Tomas,19,19,pt POR,FW,18-304,8,3,0,0,0,3,0,3,0,0,,0,,1,0,0,0,0,0,0,0,2,1,https://fbref.com/en/players/b492126a/Tiago-Tomas-Tiago Tomás,
3,Daniel Bragança,https://fbref.com/en/players/0c152537/Daniel-Braganca,68,68,pt POR,CM,21-324,82,40,0,1,33,6,2,40,2,1,50.0,1,50.0,33,144,74,2,0,1,0,1,32,5,https://fbref.com/en/players/0c152537/Daniel-Braganca-Daniel Bragança,
4,Nuno Santos,https://fbref.com/en/players/a6ee4f55/Nuno-Santos,11,11,pt POR,CM,26-062,8,3,0,0,2,1,0,3,0,0,,0,,2,0,0,0,0,0,1,0,2,0,https://fbref.com/en/players/a6ee4f55/Nuno-Santos-Nuno Santos,
5,João Palhinha,https://fbref.com/en/players/a78ff07f/Joao-Palhinha,6,6,pt POR,CM,25-281,90,51,3,8,35,8,2,51,1,1,100.0,0,0.0,27,111,42,1,1,1,0,0,24,2,https://fbref.com/en/players/a78ff07f/Joao-Palhinha-João Palhinha,
6,João Mário,https://fbref.com/en/players/f0021247/Joao-Mario,17,17,pt POR,CM,28-087,70,52,1,6,29,19,3,52,3,2,66.7,1,33.3,39,204,72,3,3,0,3,0,39,7,https://fbref.com/en/players/f0021247/Joao-Mario-João Mário,
7,Matheus Nunes,https://fbref.com/en/players/e6af02e0/Matheus-Nunes,8,8,pt POR,AM,22-232,20,11,1,3,4,4,0,11,0,0,,0,,7,35,0,0,0,0,0,1,9,2,https://fbref.com/en/players/e6af02e0/Matheus-Nunes-Matheus Nunes,
8,Nuno Mendes,https://fbref.com/en/players/f20e4cc9/Nuno-Mendes,5,5,pt POR,WB,18-301,90,77,2,28,24,25,1,77,1,0,0.0,1,100.0,36,150,94,2,3,1,2,1,35,7,https://fbref.com/en/players/f20e4cc9/Nuno-Mendes-Nuno Mendes,
9,Pedro Porro,https://fbref.com/en/players/27d0a506/Pedro-Porro,24,24,es ESP,WB,21-215,90,62,0,17,28,17,0,62,3,2,66.7,1,33.3,40,243,132,3,2,0,0,0,36,5,https://fbref.com/en/players/27d0a506/Pedro-Porro-Pedro Porro,
10,Matheus Reis,https://fbref.com/en/players/ae1159bf/Matheus-Reis,2,2,br BRA,CB,26-057,90,62,9,38,25,1,0,62,0,0,,0,,36,139,81,1,0,0,1,0,34,1,https://fbref.com/en/players/ae1159bf/Matheus-Reis-Matheus Reis,
11,Sebastián Coates,https://fbref.com/en/players/1fbbfbde/Sebastian-Coates,4,4,uy URU,CB,30-191,90,45,11,28,14,3,3,45,1,1,100.0,0,0.0,25,92,56,0,1,1,0,0,24,0,https://fbref.com/en/players/1fbbfbde/Sebastian-Coates-Sebastián Coates,
12,Gonçalo Inácio,https://fbref.com/en/players/33651873/Goncalo-Inacio,52,52,pt POR,CB,19-234,90,47,8,32,13,3,1,47,0,0,,0,,24,100,56,0,0,0,1,0,24,0,https://fbref.com/en/players/33651873/Goncalo-Inacio-Gonçalo Inácio,
13,Antonio Adán,https://fbref.com/en/players/65d62814/Antonio-Adan,1,1,es ESP,GK,33-338,90,41,33,40,1,0,0,41,0,0,,0,,20,92,47,0,0,0,0,0,14,0,https://fbref.com/en/players/65d62814/Antonio-Adan-Antonio Adán,
