,Player Name,Player Number,Player,#,Nation,Pos,Age,Min,Gls,Ast,PK,PKatt,Sh,SoT,CrdY,CrdR,Touches,Tkl,Int,Blocks,xG,npxG,xAG,SCA,GCA,Cmp,Att,Cmp%,PrgP,Carries,PrgC,Att,Succ,Player Key,Player Link
0,Pedro Gonçalves,https://fbref.com/en/players/c275947b/Pedro-Goncalves,28,28,pt POR,"FW,AM",22-292,90,1,0,0,0,3,1,0,0,36,1,0,0,0.1,0.1,0.1,3,0,18,27,66.7,4,23,5,1,0,https://fbref.com/en/players/c275947b/Pedro-Goncalves-Pedro Gonçalves,
1,Paulinho,https://fbref.com/en/players/a62c16d0/Paulinho,21,21,pt POR,FW,28-158,82,0,0,0,0,1,1,0,0,30,0,0,1,0.4,0.4,0.4,2,0,14,22,63.6,2,18,0,0,0,https://fbref.com/en/players/a62c16d0/Paulinho-Paulinho,
2,Tiago Tomás,https://fbref.com/en/players/b492126a/Tiago-Tomas,19,19,pt POR,FW,18-304,8,0,0,0,0,0,0,0,0,3,0,0,0,0.0,0.0,0.0,0,0,1,2,50.0,0,1,0,0,0,https://fbref.com/en/players/b492126a/Tiago-Tomas-Tiago Tomás,
3,Daniel Bragança,https://fbref.com/en/players/0c152537/Daniel-Braganca,68,68,pt POR,CM,21-324,82,0,0,0,0,0,0,0,0,40,0,0,0,0.0,0.0,0.0,4,0,35,36,97.2,8,33,2,2,1,https://fbref.com/en/players/0c152537/Daniel-Braganca-Daniel Bragança,
4,Nuno Santos,https://fbref.com/en/players/a6ee4f55/Nuno-Santos,11,11,pt POR,CM,26-062,8,0,0,0,0,0,0,0,0,3,0,0,1,0.0,0.0,0.0,0,0,1,1,100.0,1,2,0,0,0,https://fbref.com/en/players/a6ee4f55/Nuno-Santos-Nuno Santos,
5,João Palhinha,https://fbref.com/en/players/a78ff07f/Joao-Palhinha,6,6,pt POR,CM,25-281,90,0,0,0,0,2,0,0,0,51,3,2,1,0.1,0.1,0.1,2,0,25,35,71.4,7,27,1,1,1,https://fbref.com/en/players/a78ff07f/Joao-Palhinha-João Palhinha,
6,João Mário,https://fbref.com/en/players/f0021247/Joao-Mario,17,17,pt POR,CM,28-087,70,0,0,0,0,2,1,0,0,52,0,0,0,0.5,0.5,0.5,4,1,32,42,76.2,4,39,3,3,2,https://fbref.com/en/players/f0021247/Joao-Mario-João Mário,
7,Matheus Nunes,https://fbref.com/en/players/e6af02e0/Matheus-Nunes,8,8,pt POR,AM,22-232,20,0,0,0,0,0,0,0,0,11,0,0,0,0.0,0.0,0.0,0,0,3,10,30.0,0,7,0,0,0,https://fbref.com/en/players/e6af02e0/Matheus-Nunes-Matheus Nunes,
8,Nuno Mendes,https://fbref.com/en/players/f20e4cc9/Nuno-Mendes,5,5,pt POR,WB,18-301,90,0,0,0,0,1,0,0,0,77,2,2,2,0.0,0.0,0.3,2,0,35,63,55.6,4,36,2,1,0,https://fbref.com/en/players/f20e4cc9/Nuno-Mendes-Nuno Mendes,
9,Pedro Porro,https://fbref.com/en/players/27d0a506/Pedro-Porro,24,24,es ESP,WB,21-215,90,0,0,0,0,0,0,0,0,62,0,2,0,0.0,0.0,0.1,4,1,40,56,71.4,5,40,3,3,2,https://fbref.com/en/players/27d0a506/Pedro-Porro-Pedro Porro,
10,Matheus Reis,https://fbref.com/en/players/ae1159bf/Matheus-Reis,2,2,br BRA,CB,26-057,90,0,0,0,0,0,0,1,0,62,1,5,1,0.0,0.0,0.0,2,0,38,51,74.5,2,36,1,0,0,https://fbref.com/en/players/ae1159bf/Matheus-Reis-Matheus Reis,
11,Sebastián Coates,https://fbref.com/en/players/1fbbfbde/Sebastian-Coates,4,4,uy URU,CB,30-191,90,0,0,0,0,2,1,0,0,45,0,1,1,0.3,0.3,0.0,0,0,25,33,75.8,2,25,0,1,1,https://fbref.com/en/players/1fbbfbde/Sebastian-Coates-Sebastián Coates,
12,Gonçalo Inácio,https://fbref.com/en/players/33651873/Goncalo-Inacio,52,52,pt POR,CB,19-234,90,0,0,0,0,1,0,0,0,47,2,3,1,0.1,0.1,0.0,0,0,25,33,75.8,2,24,0,0,0,https://fbref.com/en/players/33651873/Goncalo-Inacio-Gonçalo Inácio,
13,Antonio Adán,https://fbref.com/en/players/65d62814/Antonio-Adan,1,1,es ESP,GK,33-338,90,0,0,0,0,0,0,1,0,41,0,0,0,0.0,0.0,0.0,0,0,30,38,78.9,0,20,0,0,0,https://fbref.com/en/players/65d62814/Antonio-Adan-Antonio Adán,
