,Player Name,Player Number,Player,#,Nation,Pos,Age,Min,Tkl,TklW,Def 3rd,Mid 3rd,Att 3rd,Tkl,Att,Tkl%,Lost,Blocks,Sh,Pass,Int,Tkl+Int,Clr,Err,Player Key,Player Link
0,Patrick,https://fbref.com/en/players/867b60b4/Patrick,19,19,cv CPV,FW,26-360,72,2,2,0,0,2,0,0,,0,1,0,1,0,2,1,0,https://fbref.com/en/players/867b60b4/Patrick-Patrick,
1,Pedro,https://fbref.com/en/players/17758df6/Pedro,96,96,br BRA,FW,24-029,18,0,0,0,0,0,0,0,,0,2,0,2,0,0,0,0,https://fbref.com/en/players/17758df6/Pedro-Pedro,
2,Ryan Gauld,https://fbref.com/en/players/862e93c2/Ryan-Gauld,23,23,sct SCO,FW,24-357,83,1,0,0,0,1,0,2,0.0,2,2,0,2,0,1,1,0,https://fbref.com/en/players/862e93c2/Ryan-Gauld-Ryan Gauld,
3,Licá,https://fbref.com/en/players/41d84fed/Lica,88,88,pt POR,"RM,FW",32-090,7,0,0,0,0,0,0,0,,0,0,0,0,0,0,0,0,https://fbref.com/en/players/41d84fed/Lica-Licá,
4,Bilel Aouacheria,https://fbref.com/en/players/77bbc5b1/Bilel-Aouacheria,26,26,fr FRA,LM,26-249,83,1,1,1,0,0,1,1,100.0,0,2,0,2,0,1,1,0,https://fbref.com/en/players/77bbc5b1/Bilel-Aouacheria-Bilel Aouacheria,
5,Ricardo Ferreira,https://fbref.com/en/players/b073f5ea/Ricardo-Ferreira,24,24,ca CAN,"CB,LM",28-012,7,0,0,0,0,0,0,0,,0,0,0,0,0,0,0,0,https://fbref.com/en/players/b073f5ea/Ricardo-Ferreira-Ricardo Ferreira,
6,Filipe Melo,https://fbref.com/en/players/3220a3ef/Filipe-Melo,6,6,pt POR,CM,31-034,90,0,0,0,0,0,0,1,0.0,1,0,0,0,0,0,3,0,https://fbref.com/en/players/3220a3ef/Filipe-Melo-Filipe Melo,
7,Fabrício Isidoro,https://fbref.com/en/players/b70ca4b5/Fabricio-Isidoro,14,14,br BRA,CM,28-314,90,1,1,1,0,0,0,1,0.0,1,1,1,0,2,3,0,0,https://fbref.com/en/players/b70ca4b5/Fabricio-Isidoro-Fabrício Isidoro,
8,Hugo Seco,https://fbref.com/en/players/68ee9021/Hugo-Seco,7,7,pt POR,RM,32-173,76,0,0,0,0,0,0,0,,0,1,0,1,1,1,0,0,https://fbref.com/en/players/68ee9021/Hugo-Seco-Hugo Seco,
9,Braian Mansilla,https://fbref.com/en/players/e4c37819/Braian-Mansilla,11,11,ar ARG,"RM,LM",23-235,14,1,0,1,0,0,1,1,100.0,0,0,0,0,1,2,0,0,https://fbref.com/en/players/e4c37819/Braian-Mansilla-Braian Mansilla,
10,Fábio Alexandre da Silva Nunes,https://fbref.com/en/players/7cfc2860/Fabio-Alexandre-da-Silva-Nunes,92,92,pt POR,LB,28-136,90,2,1,2,0,0,1,1,100.0,0,0,0,0,2,4,4,0,https://fbref.com/en/players/7cfc2860/Fabio-Alexandre-da-Silva-Nunes-Fábio Alexandre da Silva Nunes,
11,Claudio Falcão,https://fbref.com/en/players/56077210/Claudio-Falcao,29,29,br BRA,CB,26-157,90,2,2,2,0,0,1,5,20.0,4,0,0,0,0,2,5,0,https://fbref.com/en/players/56077210/Claudio-Falcao-Claudio Falcão,
12,Burá,https://fbref.com/en/players/8e72cba8/Bura,13,13,gw GNB,CB,24-351,90,2,0,2,0,0,1,3,33.3,2,4,2,2,1,3,3,0,https://fbref.com/en/players/8e72cba8/Bura-Burá,
13,Amine Oudrhiri,https://fbref.com/en/players/49c9c79a/Amine-Oudrhiri,5,5,ma MAR,RB,28-033,90,1,0,1,0,0,0,0,,0,0,0,0,2,3,6,0,https://fbref.com/en/players/49c9c79a/Amine-Oudrhiri-Amine Oudrhiri,
14,Rafael Defendi,https://fbref.com/en/players/317d3e7b/Rafael-Defendi,12,12,br BRA,GK,36-351,90,0,0,0,0,0,0,0,,0,0,0,0,0,0,1,0,https://fbref.com/en/players/317d3e7b/Rafael-Defendi-Rafael Defendi,
