,Player Name,Player Number,Player,#,Nation,Pos,Age,Min,Att,Live,Dead,FK,TB,Sw,Crs,TI,CK,In,Out,Str,Cmp,Off,Blocks,Player Key,Player Link
0,Patrick,https://fbref.com/en/players/867b60b4/Patrick,19,19,cv CPV,FW,26-360,72,21,19,2,0,0,0,1,0,0,0,0,0,9,0,1,https://fbref.com/en/players/867b60b4/Patrick-Patrick,
1,Pedro,https://fbref.com/en/players/17758df6/Pedro,96,96,br BRA,FW,24-029,18,4,4,0,0,0,1,0,0,0,0,0,0,1,0,0,https://fbref.com/en/players/17758df6/Pedro-Pedro,
2,Ryan Gauld,https://fbref.com/en/players/862e93c2/Ryan-Gauld,23,23,sct SCO,FW,24-357,83,19,16,3,1,1,0,4,1,1,1,0,0,9,0,2,https://fbref.com/en/players/862e93c2/Ryan-Gauld-Ryan Gauld,
3,Licá,https://fbref.com/en/players/41d84fed/Lica,88,88,pt POR,"RM,FW",32-090,7,2,2,0,0,0,0,1,0,0,0,0,0,1,0,0,https://fbref.com/en/players/41d84fed/Lica-Licá,
4,Bilel Aouacheria,https://fbref.com/en/players/77bbc5b1/Bilel-Aouacheria,26,26,fr FRA,LM,26-249,83,16,16,0,0,0,0,0,0,0,0,0,0,13,0,0,https://fbref.com/en/players/77bbc5b1/Bilel-Aouacheria-Bilel Aouacheria,
5,Ricardo Ferreira,https://fbref.com/en/players/b073f5ea/Ricardo-Ferreira,24,24,ca CAN,"CB,LM",28-012,7,1,1,0,0,0,0,0,0,0,0,0,0,1,0,0,https://fbref.com/en/players/b073f5ea/Ricardo-Ferreira-Ricardo Ferreira,
6,Filipe Melo,https://fbref.com/en/players/3220a3ef/Filipe-Melo,6,6,pt POR,CM,31-034,90,21,20,0,0,0,0,0,0,0,0,0,0,14,1,1,https://fbref.com/en/players/3220a3ef/Filipe-Melo-Filipe Melo,
7,Fabrício Isidoro,https://fbref.com/en/players/b70ca4b5/Fabricio-Isidoro,14,14,br BRA,CM,28-314,90,24,24,0,0,0,0,0,0,0,0,0,0,17,0,2,https://fbref.com/en/players/b70ca4b5/Fabricio-Isidoro-Fabrício Isidoro,
8,Hugo Seco,https://fbref.com/en/players/68ee9021/Hugo-Seco,7,7,pt POR,RM,32-173,76,17,16,1,1,0,0,1,0,0,0,0,0,11,0,2,https://fbref.com/en/players/68ee9021/Hugo-Seco-Hugo Seco,
9,Braian Mansilla,https://fbref.com/en/players/e4c37819/Braian-Mansilla,11,11,ar ARG,"RM,LM",23-235,14,5,5,0,0,0,0,0,0,0,0,0,0,3,0,0,https://fbref.com/en/players/e4c37819/Braian-Mansilla-Braian Mansilla,
10,Fábio Alexandre da Silva Nunes,https://fbref.com/en/players/7cfc2860/Fabio-Alexandre-da-Silva-Nunes,92,92,pt POR,LB,28-136,90,24,17,6,0,0,0,0,6,0,0,0,0,18,1,0,https://fbref.com/en/players/7cfc2860/Fabio-Alexandre-da-Silva-Nunes-Fábio Alexandre da Silva Nunes,
11,Claudio Falcão,https://fbref.com/en/players/56077210/Claudio-Falcao,29,29,br BRA,CB,26-157,90,22,21,1,1,0,1,0,0,0,0,0,0,13,0,0,https://fbref.com/en/players/56077210/Claudio-Falcao-Claudio Falcão,
12,Burá,https://fbref.com/en/players/8e72cba8/Bura,13,13,gw GNB,CB,24-351,90,20,17,3,3,0,0,0,0,0,0,0,0,9,0,0,https://fbref.com/en/players/8e72cba8/Bura-Burá,
13,Amine Oudrhiri,https://fbref.com/en/players/49c9c79a/Amine-Oudrhiri,5,5,ma MAR,RB,28-033,90,41,22,19,3,0,0,3,16,0,0,0,0,19,0,1,https://fbref.com/en/players/49c9c79a/Amine-Oudrhiri-Amine Oudrhiri,
14,Rafael Defendi,https://fbref.com/en/players/317d3e7b/Rafael-Defendi,12,12,br BRA,GK,36-351,90,40,22,18,6,0,0,0,0,0,0,0,0,20,0,0,https://fbref.com/en/players/317d3e7b/Rafael-Defendi-Rafael Defendi,
