,Player Name,Player Number,Player,#,Nation,Pos,Age,Min,Gls,Ast,PK,PKatt,Sh,SoT,CrdY,CrdR,Touches,Tkl,Int,Blocks,xG,npxG,xAG,SCA,GCA,Cmp,Att,Cmp%,PrgP,Carries,PrgC,Att,Succ,Player Key,Player Link
0,Patrick,https://fbref.com/en/players/867b60b4/Patrick,19,19,cv CPV,FW,26-360,72,0,0,0,0,1,0,0,0,35,2,0,1,0.0,0.0,0.0,0,0,9,21,42.9,2,13,1,4,1,https://fbref.com/en/players/867b60b4/Patrick-Patrick,
1,Pedro,https://fbref.com/en/players/17758df6/Pedro,96,96,br BRA,FW,24-029,18,0,0,0,0,1,1,1,0,9,0,0,2,0.5,0.5,0.0,0,0,1,4,25.0,0,3,0,0,0,https://fbref.com/en/players/17758df6/Pedro-Pedro,
2,Ryan Gauld,https://fbref.com/en/players/862e93c2/Ryan-Gauld,23,23,sct SCO,FW,24-357,83,1,1,1,1,1,1,0,0,33,1,0,2,0.8,0.0,0.3,2,2,9,19,47.4,3,13,1,4,2,https://fbref.com/en/players/862e93c2/Ryan-Gauld-Ryan Gauld,
3,Licá,https://fbref.com/en/players/41d84fed/Lica,88,88,pt POR,"RM,FW",32-090,7,0,0,0,0,0,0,0,0,3,0,0,0,0.0,0.0,0.0,0,0,1,2,50.0,0,2,0,0,0,https://fbref.com/en/players/41d84fed/Lica-Licá,
4,Bilel Aouacheria,https://fbref.com/en/players/77bbc5b1/Bilel-Aouacheria,26,26,fr FRA,LM,26-249,83,1,0,0,0,1,1,0,0,25,1,0,2,0.3,0.3,0.0,1,0,13,16,81.3,2,14,3,5,3,https://fbref.com/en/players/77bbc5b1/Bilel-Aouacheria-Bilel Aouacheria,
5,Ricardo Ferreira,https://fbref.com/en/players/b073f5ea/Ricardo-Ferreira,24,24,ca CAN,"CB,LM",28-012,7,0,0,0,0,0,0,0,0,1,0,0,0,0.0,0.0,0.0,0,0,1,1,100.0,0,0,0,0,0,https://fbref.com/en/players/b073f5ea/Ricardo-Ferreira-Ricardo Ferreira,
6,Filipe Melo,https://fbref.com/en/players/3220a3ef/Filipe-Melo,6,6,pt POR,CM,31-034,90,0,0,0,0,0,0,0,0,25,0,0,0,0.0,0.0,0.0,0,0,14,21,66.7,3,2,0,0,0,https://fbref.com/en/players/3220a3ef/Filipe-Melo-Filipe Melo,
7,Fabrício Isidoro,https://fbref.com/en/players/b70ca4b5/Fabricio-Isidoro,14,14,br BRA,CM,28-314,90,0,0,0,0,0,0,1,0,31,1,2,1,0.0,0.0,0.0,1,1,17,24,70.8,2,8,1,2,2,https://fbref.com/en/players/b70ca4b5/Fabricio-Isidoro-Fabrício Isidoro,
8,Hugo Seco,https://fbref.com/en/players/68ee9021/Hugo-Seco,7,7,pt POR,RM,32-173,76,0,0,0,0,0,0,0,0,24,0,1,1,0.0,0.0,0.0,3,1,11,17,64.7,2,12,1,0,0,https://fbref.com/en/players/68ee9021/Hugo-Seco-Hugo Seco,
9,Braian Mansilla,https://fbref.com/en/players/e4c37819/Braian-Mansilla,11,11,ar ARG,"RM,LM",23-235,14,0,0,0,0,0,0,0,0,8,1,1,0,0.0,0.0,0.5,1,0,3,5,60.0,0,3,0,0,0,https://fbref.com/en/players/e4c37819/Braian-Mansilla-Braian Mansilla,
10,Fábio Alexandre da Silva Nunes,https://fbref.com/en/players/7cfc2860/Fabio-Alexandre-da-Silva-Nunes,92,92,pt POR,LB,28-136,90,0,0,0,0,0,0,0,0,36,2,2,0,0.0,0.0,0.0,0,0,18,24,75.0,1,8,0,2,1,https://fbref.com/en/players/7cfc2860/Fabio-Alexandre-da-Silva-Nunes-Fábio Alexandre da Silva Nunes,
11,Claudio Falcão,https://fbref.com/en/players/56077210/Claudio-Falcao,29,29,br BRA,CB,26-157,90,0,0,0,0,0,0,0,0,29,2,0,0,0.0,0.0,0.0,0,0,13,22,59.1,1,14,0,0,0,https://fbref.com/en/players/56077210/Claudio-Falcao-Claudio Falcão,
12,Burá,https://fbref.com/en/players/8e72cba8/Bura,13,13,gw GNB,CB,24-351,90,0,0,0,0,0,0,0,0,31,2,1,4,0.0,0.0,0.0,0,0,9,20,45.0,0,6,0,0,0,https://fbref.com/en/players/8e72cba8/Bura-Burá,
13,Amine Oudrhiri,https://fbref.com/en/players/49c9c79a/Amine-Oudrhiri,5,5,ma MAR,RB,28-033,90,0,0,0,0,0,0,1,0,52,1,2,0,0.0,0.0,0.0,1,0,19,41,46.3,2,13,0,0,0,https://fbref.com/en/players/49c9c79a/Amine-Oudrhiri-Amine Oudrhiri,
14,Rafael Defendi,https://fbref.com/en/players/317d3e7b/Rafael-Defendi,12,12,br BRA,GK,36-351,90,0,0,0,0,0,0,1,0,44,0,0,0,0.0,0.0,0.0,0,0,20,40,50.0,0,17,0,0,0,https://fbref.com/en/players/317d3e7b/Rafael-Defendi-Rafael Defendi,
