,Player Name,Player Number,Player,#,Nation,Pos,Age,Min,Att,Live,Dead,FK,TB,Sw,Crs,TI,CK,In,Out,Str,Cmp,Off,Blocks,Player Key,Player Link
0,Rodrigo Pinho,https://fbref.com/en/players/5db20508/Rodrigo-Pinho,9,9,br BRA,FW,29-191,90,13,10,3,0,0,1,0,0,0,0,0,0,8,0,1,https://fbref.com/en/players/5db20508/Rodrigo-Pinho-Rodrigo Pinho,
1,Milson,https://fbref.com/en/players/690f6e40/Milson,17,17,ao ANG,LM,21-056,66,22,22,0,0,0,0,2,0,0,0,0,0,14,0,0,https://fbref.com/en/players/690f6e40/Milson-Milson,
2,Pedro Pelágio,https://fbref.com/en/players/78362f0a/Pedro-Pelagio,60,60,pt POR,CM,20-230,45,26,23,2,1,0,0,0,1,0,0,0,0,20,1,0,https://fbref.com/en/players/78362f0a/Pedro-Pelagio-Pedro Pelágio,
3,Jean Cléber,https://fbref.com/en/players/16bf849a/Jean-Cleber,16,16,br BRA,"CM,DM",30-222,45,36,35,1,1,0,1,2,0,0,0,0,0,28,0,0,https://fbref.com/en/players/16bf849a/Jean-Cleber-Jean Cléber,
4,Rafik Guitane,https://fbref.com/en/players/7091324a/Rafik-Guitane,7,7,fr FRA,CM,21-195,67,20,18,2,0,0,0,2,0,2,2,0,0,14,0,2,https://fbref.com/en/players/7091324a/Rafik-Guitane-Rafik Guitane,
5,Francois-Xavier Fumu Tamuzo,https://fbref.com/en/players/2a0f0eec/Francois-Xavier-Fumu-Tamuzo,11,11,fr FRA,"RB,CM",25-248,23,13,9,4,0,0,0,3,4,0,0,0,0,7,0,0,https://fbref.com/en/players/2a0f0eec/Francois-Xavier-Fumu-Tamuzo-Francois-Xavier Fumu Tamuzo,
6,Jorge Correa,https://fbref.com/en/players/45de2ad4/Jorge-Correa,8,8,ar ARG,RM,27-247,68,35,33,2,0,0,0,4,2,0,0,0,0,27,0,0,https://fbref.com/en/players/45de2ad4/Jorge-Correa-Jorge Correa,
7,Ali Alipour,https://fbref.com/en/players/488ee64c/Ali-Alipour,70,70,ir IRN,"CM,RM",25-026,22,12,12,0,0,0,0,1,0,0,0,0,0,10,0,0,https://fbref.com/en/players/488ee64c/Ali-Alipour-Ali Alipour,
8,Jean,https://fbref.com/en/players/69a34ec0/Jean,6,6,br BRA,DM,26-072,80,36,35,1,1,0,2,1,0,0,0,0,0,26,0,2,https://fbref.com/en/players/69a34ec0/Jean-Jean,
9,Diederrick Joel,https://fbref.com/en/players/2986e65c/Diederrick-Joel,95,95,cm CMR,LM,27-001,10,5,5,0,0,0,0,0,0,0,0,0,0,3,0,0,https://fbref.com/en/players/2986e65c/Diederrick-Joel-Diederrick Joel,
10,Marcelo Hermes,https://fbref.com/en/players/89346085/Marcelo-Hermes,86,86,br BRA,LB,25-310,90,67,47,20,3,0,2,5,16,1,0,1,0,49,0,0,https://fbref.com/en/players/89346085/Marcelo-Hermes-Marcelo Hermes,
11,Lucas Áfrico,https://fbref.com/en/players/8fd083bb/Lucas-Africo,4,4,br BRA,CB,25-306,90,88,85,3,2,0,0,0,1,0,0,0,0,67,0,3,https://fbref.com/en/players/8fd083bb/Lucas-Africo-Lucas Áfrico,
12,Rene Santos,https://fbref.com/en/players/bee587c0/Rene-Santos,25,25,br BRA,CB,28-230,90,80,77,3,3,0,2,1,0,0,0,0,0,75,0,0,https://fbref.com/en/players/bee587c0/Rene-Santos-Rene Santos,
13,Cláudio Winck,https://fbref.com/en/players/a71dc814/Claudio-Winck,2,2,br BRA,RB,26-236,80,56,41,15,3,0,0,8,12,0,0,0,0,41,0,2,https://fbref.com/en/players/a71dc814/Claudio-Winck-Cláudio Winck,
14,Edgar Costa,https://fbref.com/en/players/95469c7f/Edgar-Costa,12,12,pt POR,CM,33-237,10,6,4,2,1,0,1,2,0,1,0,1,0,3,0,0,https://fbref.com/en/players/95469c7f/Edgar-Costa-Edgar Costa,
15,Charles,https://fbref.com/en/players/9dadc297/Charles,94,94,br BRA,GK,26-307,90,26,17,9,4,0,2,0,0,0,0,0,0,24,0,0,https://fbref.com/en/players/9dadc297/Charles-Charles,
