,Player Name,Player Number,Player,#,Nation,Pos,Age,Min,Gls,Ast,PK,PKatt,Sh,SoT,CrdY,CrdR,Touches,Tkl,Int,Blocks,xG,npxG,xAG,SCA,GCA,Cmp,Att,Cmp%,PrgP,Carries,PrgC,Att,Succ,Player Key,Player Link
0,Rodrigo Pinho,https://fbref.com/en/players/5db20508/Rodrigo-Pinho,9,9,br BRA,FW,29-191,90,1,0,0,0,1,1,0,0,19,0,0,1,0.1,0.1,0.0,1,0,8,13,61.5,0,8,0,2,0,https://fbref.com/en/players/5db20508/Rodrigo-Pinho-Rodrigo Pinho,
1,Milson,https://fbref.com/en/players/690f6e40/Milson,17,17,ao ANG,LM,21-056,66,0,0,0,0,0,0,2,1,35,1,1,1,0.0,0.0,0.0,2,0,14,22,63.6,2,28,6,2,2,https://fbref.com/en/players/690f6e40/Milson-Milson,
2,Pedro Pelágio,https://fbref.com/en/players/78362f0a/Pedro-Pelagio,60,60,pt POR,CM,20-230,45,0,0,0,0,1,1,0,0,31,1,1,0,0.0,0.0,0.0,1,0,20,26,76.9,3,16,1,0,0,https://fbref.com/en/players/78362f0a/Pedro-Pelagio-Pedro Pelágio,
3,Jean Cléber,https://fbref.com/en/players/16bf849a/Jean-Cleber,16,16,br BRA,"CM,DM",30-222,45,0,0,0,0,1,0,1,0,44,1,1,0,0.0,0.0,0.1,1,0,28,36,77.8,3,30,0,1,1,https://fbref.com/en/players/16bf849a/Jean-Cleber-Jean Cléber,
4,Rafik Guitane,https://fbref.com/en/players/7091324a/Rafik-Guitane,7,7,fr FRA,CM,21-195,67,0,0,0,0,0,0,1,0,29,0,0,1,0.0,0.0,0.1,1,0,14,20,70.0,1,21,2,3,3,https://fbref.com/en/players/7091324a/Rafik-Guitane-Rafik Guitane,
5,Francois-Xavier Fumu Tamuzo,https://fbref.com/en/players/2a0f0eec/Francois-Xavier-Fumu-Tamuzo,11,11,fr FRA,"RB,CM",25-248,23,0,0,0,0,0,0,0,0,16,0,0,0,0.0,0.0,0.0,0,0,7,13,53.8,0,6,1,2,1,https://fbref.com/en/players/2a0f0eec/Francois-Xavier-Fumu-Tamuzo-Francois-Xavier Fumu Tamuzo,
6,Jorge Correa,https://fbref.com/en/players/45de2ad4/Jorge-Correa,8,8,ar ARG,RM,27-247,68,0,0,0,0,1,0,0,0,39,2,0,0,0.0,0.0,0.1,5,1,27,35,77.1,7,25,1,2,2,https://fbref.com/en/players/45de2ad4/Jorge-Correa-Jorge Correa,
7,Ali Alipour,https://fbref.com/en/players/488ee64c/Ali-Alipour,70,70,ir IRN,"CM,RM",25-026,22,0,0,0,0,1,0,0,0,15,0,0,0,0.1,0.1,0.1,3,0,10,12,83.3,3,11,0,0,0,https://fbref.com/en/players/488ee64c/Ali-Alipour-Ali Alipour,
8,Jean,https://fbref.com/en/players/69a34ec0/Jean,6,6,br BRA,DM,26-072,80,0,0,0,0,2,1,0,0,49,3,1,2,0.1,0.1,0.0,1,0,26,36,72.2,8,29,1,1,0,https://fbref.com/en/players/69a34ec0/Jean-Jean,
9,Diederrick Joel,https://fbref.com/en/players/2986e65c/Diederrick-Joel,95,95,cm CMR,LM,27-001,10,0,0,0,0,2,2,0,0,9,0,0,1,0.1,0.1,0.0,2,0,3,5,60.0,1,5,0,0,0,https://fbref.com/en/players/2986e65c/Diederrick-Joel-Diederrick Joel,
10,Marcelo Hermes,https://fbref.com/en/players/89346085/Marcelo-Hermes,86,86,br BRA,LB,25-310,90,0,0,0,0,0,0,0,0,81,2,1,2,0.0,0.0,0.0,0,0,49,67,73.1,2,36,1,0,0,https://fbref.com/en/players/89346085/Marcelo-Hermes-Marcelo Hermes,
11,Lucas Áfrico,https://fbref.com/en/players/8fd083bb/Lucas-Africo,4,4,br BRA,CB,25-306,90,0,0,0,0,1,0,0,0,94,1,0,1,0.1,0.1,0.0,0,0,67,88,76.1,7,70,4,0,0,https://fbref.com/en/players/8fd083bb/Lucas-Africo-Lucas Áfrico,
12,Rene Santos,https://fbref.com/en/players/bee587c0/Rene-Santos,25,25,br BRA,CB,28-230,90,0,0,0,0,0,0,0,0,88,3,0,0,0.0,0.0,0.0,0,0,75,80,93.8,4,65,1,0,0,https://fbref.com/en/players/bee587c0/Rene-Santos-Rene Santos,
13,Cláudio Winck,https://fbref.com/en/players/a71dc814/Claudio-Winck,2,2,br BRA,RB,26-236,80,0,1,0,0,1,0,0,0,61,2,0,0,0.0,0.0,0.1,3,1,41,56,73.2,3,30,3,2,1,https://fbref.com/en/players/a71dc814/Claudio-Winck-Cláudio Winck,
14,Edgar Costa,https://fbref.com/en/players/95469c7f/Edgar-Costa,12,12,pt POR,CM,33-237,10,0,0,0,0,0,0,1,0,8,0,0,0,0.0,0.0,0.1,1,0,3,6,50.0,0,4,1,0,0,https://fbref.com/en/players/95469c7f/Edgar-Costa-Edgar Costa,
15,Charles,https://fbref.com/en/players/9dadc297/Charles,94,94,br BRA,GK,26-307,90,0,0,0,0,0,0,0,0,28,0,0,0,0.0,0.0,0.0,0,0,24,26,92.3,0,17,0,0,0,https://fbref.com/en/players/9dadc297/Charles-Charles,
