,Player Name,Player Number,Player,#,Nation,Pos,Age,Min,Touches,Def Pen,Def 3rd,Mid 3rd,Att 3rd,Att Pen,Live,Att,Succ,Succ%,Tkld,Tkld%,Carries,TotDist,PrgDist,PrgC,1/3,CPA,Mis,Dis,Rec,PrgR,Player Key,Player Link
0,Rodrigo Pinho,https://fbref.com/en/players/5db20508/Rodrigo-Pinho,9,9,br BRA,FW,29-191,90,19,0,1,7,11,5,19,2,0,0.0,2,100.0,8,27,5,0,0,0,1,1,13,3,https://fbref.com/en/players/5db20508/Rodrigo-Pinho-Rodrigo Pinho,
1,Milson,https://fbref.com/en/players/690f6e40/Milson,17,17,ao ANG,LM,21-056,66,35,0,2,14,20,3,35,2,2,100.0,0,0.0,28,254,178,6,4,1,9,0,26,9,https://fbref.com/en/players/690f6e40/Milson-Milson,
2,Pedro Pelágio,https://fbref.com/en/players/78362f0a/Pedro-Pelagio,60,60,pt POR,CM,20-230,45,31,1,4,23,4,0,31,0,0,,0,,16,54,23,1,0,0,2,0,16,0,https://fbref.com/en/players/78362f0a/Pedro-Pelagio-Pedro Pelágio,
3,Jean Cléber,https://fbref.com/en/players/16bf849a/Jean-Cleber,16,16,br BRA,"CM,DM",30-222,45,44,3,15,22,8,0,44,1,1,100.0,0,0.0,30,88,44,0,0,0,4,0,32,2,https://fbref.com/en/players/16bf849a/Jean-Cleber-Jean Cléber,
4,Rafik Guitane,https://fbref.com/en/players/7091324a/Rafik-Guitane,7,7,fr FRA,CM,21-195,67,29,0,0,15,15,3,29,3,3,100.0,0,0.0,21,147,52,2,2,3,3,3,22,2,https://fbref.com/en/players/7091324a/Rafik-Guitane-Rafik Guitane,
5,Francois-Xavier Fumu Tamuzo,https://fbref.com/en/players/2a0f0eec/Francois-Xavier-Fumu-Tamuzo,11,11,fr FRA,"RB,CM",25-248,23,16,0,5,6,6,0,16,2,1,50.0,1,50.0,6,92,67,1,1,0,1,0,7,2,https://fbref.com/en/players/2a0f0eec/Francois-Xavier-Fumu-Tamuzo-Francois-Xavier Fumu Tamuzo,
6,Jorge Correa,https://fbref.com/en/players/45de2ad4/Jorge-Correa,8,8,ar ARG,RM,27-247,68,39,0,3,19,18,1,39,2,2,100.0,0,0.0,25,263,64,1,1,0,1,0,25,6,https://fbref.com/en/players/45de2ad4/Jorge-Correa-Jorge Correa,
7,Ali Alipour,https://fbref.com/en/players/488ee64c/Ali-Alipour,70,70,ir IRN,"CM,RM",25-026,22,15,0,2,3,10,4,15,0,0,,0,,11,37,19,0,1,0,1,0,12,2,https://fbref.com/en/players/488ee64c/Ali-Alipour-Ali Alipour,
8,Jean,https://fbref.com/en/players/69a34ec0/Jean,6,6,br BRA,DM,26-072,80,49,3,10,29,10,1,49,1,0,0.0,1,100.0,29,102,43,1,2,0,1,1,30,0,https://fbref.com/en/players/69a34ec0/Jean-Jean,
9,Diederrick Joel,https://fbref.com/en/players/2986e65c/Diederrick-Joel,95,95,cm CMR,LM,27-001,10,9,0,1,3,5,2,9,0,0,,0,,5,20,3,0,0,0,1,0,6,1,https://fbref.com/en/players/2986e65c/Diederrick-Joel-Diederrick Joel,
10,Marcelo Hermes,https://fbref.com/en/players/89346085/Marcelo-Hermes,86,86,br BRA,LB,25-310,90,81,1,31,33,17,0,81,0,0,,0,,36,154,56,1,2,0,4,0,33,6,https://fbref.com/en/players/89346085/Marcelo-Hermes-Marcelo Hermes,
11,Lucas Áfrico,https://fbref.com/en/players/8fd083bb/Lucas-Africo,4,4,br BRA,CB,25-306,90,94,2,40,51,3,1,94,0,0,,0,,70,423,258,4,0,0,0,0,69,0,https://fbref.com/en/players/8fd083bb/Lucas-Africo-Lucas Áfrico,
12,Rene Santos,https://fbref.com/en/players/bee587c0/Rene-Santos,25,25,br BRA,CB,28-230,90,88,3,30,58,0,0,88,0,0,,0,,65,340,194,1,0,0,2,1,69,0,https://fbref.com/en/players/bee587c0/Rene-Santos-Rene Santos,
13,Cláudio Winck,https://fbref.com/en/players/a71dc814/Claudio-Winck,2,2,br BRA,RB,26-236,80,61,0,9,31,21,1,61,2,1,50.0,1,50.0,30,152,84,3,1,0,0,2,33,9,https://fbref.com/en/players/a71dc814/Claudio-Winck-Cláudio Winck,
14,Edgar Costa,https://fbref.com/en/players/95469c7f/Edgar-Costa,12,12,pt POR,CM,33-237,10,8,0,1,3,4,0,8,0,0,,0,,4,21,15,1,1,0,1,0,5,1,https://fbref.com/en/players/95469c7f/Edgar-Costa-Edgar Costa,
15,Charles,https://fbref.com/en/players/9dadc297/Charles,94,94,br BRA,GK,26-307,90,28,17,27,1,0,0,28,0,0,,0,,17,74,59,0,0,0,0,0,13,0,https://fbref.com/en/players/9dadc297/Charles-Charles,
