,Minute,Player,Squad,xG,PSxG,Outcome,Distance,Body Part,Notes,SCA 1 Player,SCA 1 Event,SCA 2 Player,SCA 2 Event
0,5,Jean,Marítimo,0.05,,Blocked,14,Right Foot,,Jorge Correa,Pass (Live),Cláudio Winck,Pass (Live)
1,10,Bilel Aouacheria,Farense,0.32,0.27,Goal,16,Left Foot,,Ryan Gauld,Pass (Live),Fabrício Isidoro,Pass (Live)
2,15,Jorge Correa,Marítimo,0.04,,Off Target,20,Left Foot,Volley,Jean,Pass (Live),Jorge Correa,Pass (Live)
3,18,Lucas Áfrico,Marítimo,0.10,,Blocked,5,Head,,Rafik Guitane,Pass (Dead),Jorge Correa,Pass (Live)
4,20,Cláudio Winck,Marítimo,0.03,,Off Target,30,Right Foot,,Pedro Pelágio,Pass (Live),Milson,Pass (Live)
5,28,Pedro Pelágio,Marítimo,0.03,0.01,Saved,30,Right Foot,,Milson,Tackle,,
6,37,Ryan Gauld,Farense,0.04,0.46,Saved,18,Left Foot,,Hugo Seco,Pass (Live),Bilel Aouacheria,Pass (Live)
7,45+1,Patrick,Farense,0.04,,Off Target,10,Head,,Amine Oudrhiri,Pass (Live),Hugo Seco,Pass (Live)
8,,,,,,,,,,,,,
9,58,Jean Cléber,Marítimo,0.03,,Blocked,29,Right Foot,,Jorge Correa,Pass (Live),Cláudio Winck,Pass (Live)
10,60,Rodrigo Pinho,Marítimo,0.11,0.26,Goal,8,Head,,Cláudio Winck,Pass (Live),Jorge Correa,Pass (Live)
11,63,Ryan Gauld(pen),Farense,0.79,0.99,Goal,13,Left Foot,,Hugo Seco,Fouled,Ryan Gauld,Take-On
12,78,Jean,Marítimo,0.03,0.22,Saved,31,Right Foot,,Ali Alipour,Pass (Live),Rodrigo Pinho,Pass (Live)
13,83,Diederrick Joel,Marítimo,0.10,0.05,Saved,8,Head,,Jean Cléber,Pass (Live),Ali Alipour,Pass (Live)
14,84,Ali Alipour,Marítimo,0.06,,Off Target,8,Head,,Edgar Costa,Pass (Dead),Diederrick Joel,Shot
15,90+4,Diederrick Joel,Marítimo,0.04,0.04,Saved,22,Right Foot,Deflected,Ali Alipour,Pass (Live),Diederrick Joel,Pass (Live)
16,90+6,Pedro,Farense,0.46,0.57,Saved,14,Right Foot,,Braian Mansilla,Pass (Live),,
