season,injury,from,until,days,missed_games
23/24,unknown injury,"Sep 25, 2023","Oct 1, 2023",6 days,2
22/23,unknown injury,"Mar 1, 2023","Mar 8, 2023",7 days,2
22/23,Shoulder injury,"Jan 30, 2023","Feb 22, 2023",23 days,3
22/23,unknown injury,"Jul 14, 2022","Jul 22, 2022",8 days,1
20/21,Ankle injury,"Sep 30, 2020","Oct 26, 2020",26 days,4
19/20,unknown injury,"Jul 20, 2020","Aug 1, 2020",12 days,4
19/20,Knee injury,"Feb 6, 2020","Mar 18, 2020",41 days,3
18/19,unknown injury,"Apr 4, 2019","Jun 3, 2019",60 days,9
18/19,Shoulder injury,"Jan 22, 2019","Apr 1, 2019",69 days,8
18/19,Shoulder injury,"Jul 17, 2018","Oct 31, 2018",106 days,14
