,Player Name,Player Number,Player,#,Nation,Pos,Age,Min,Gls,Ast,PK,PKatt,Sh,SoT,CrdY,CrdR,Fls,Fld,Off,Crs,TklW,Int,OG,PKwon,PKcon,Player Key,Player Link
0,Luis Muriel,https://fbref.com/en/players/eb2fe5b6/Luis-Muriel,9,9,co COL,FW,29-286,62,0,1,0,0,1,1,0,0,0,3,0,5,1,0,0,,,https://fbref.com/en/players/eb2fe5b6/Luis-Muriel-Luis Muriel,
1,Rafael Tolói,https://fbref.com/en/players/c56dc39e/Rafael-Toloi,2,2,it ITA,DF,30-109,28,0,0,0,0,0,0,0,0,0,0,0,0,0,0,0,,,https://fbref.com/en/players/c56dc39e/Rafael-Toloi-Rafael Tolói,
2,Ruslan Malinovskyi,https://fbref.com/en/players/48d5bd33/Ruslan-Malinovskyi,18,18,ua UKR,AM,27-268,58,1,0,0,0,1,1,1,0,1,3,0,4,1,1,0,,,https://fbref.com/en/players/48d5bd33/Ruslan-Malinovskyi-Ruslan Malinovskyi,
3,Duván Zapata,https://fbref.com/en/players/d3de9af0/Duvan-Zapata,91,91,co COL,FW,29-301,32,0,0,0,1,2,1,0,0,2,2,0,2,0,0,0,,,https://fbref.com/en/players/d3de9af0/Duvan-Zapata-Duván Zapata,
4,Aleksei Miranchuk,https://fbref.com/en/players/a9aa0d1d/Aleksei-Miranchuk,59,59,ru RUS,AM,25-102,58,1,0,0,0,2,2,0,0,1,0,1,0,0,1,0,,,https://fbref.com/en/players/a9aa0d1d/Aleksei-Miranchuk-Aleksei Miranchuk,
5,Marten de Roon,https://fbref.com/en/players/2a1beb34/Marten-de-Roon,15,15,nl NED,"DF,MF",29-304,32,0,0,0,0,1,0,0,0,1,0,0,0,0,1,0,,,https://fbref.com/en/players/2a1beb34/Marten-de-Roon-Marten de Roon,
6,Robin Gosens,https://fbref.com/en/players/2d970560/Robin-Gosens,8,8,de GER,DM,26-206,90,0,0,0,0,1,0,0,0,0,1,0,1,0,4,0,,,https://fbref.com/en/players/2d970560/Robin-Gosens-Robin Gosens,
7,Remo Freuler,https://fbref.com/en/players/98d2c2c4/Remo-Freuler,11,11,ch SUI,DM,28-287,90,0,0,0,0,0,0,0,0,2,0,0,0,5,2,0,,,https://fbref.com/en/players/98d2c2c4/Remo-Freuler-Remo Freuler,
8,Matteo Pessina,https://fbref.com/en/players/780e3631/Matteo-Pessina,32,32,it ITA,DM,23-281,90,0,0,0,0,0,0,0,0,1,2,0,0,0,4,0,,,https://fbref.com/en/players/780e3631/Matteo-Pessina-Matteo Pessina,
9,Joakim Mæhle,https://fbref.com/en/players/c459a650/Joakim-Maehle,3,3,dk DEN,DM,23-252,87,0,0,0,0,0,0,0,0,0,3,0,2,1,4,0,,,https://fbref.com/en/players/c459a650/Joakim-Maehle-Joakim Mæhle,
10,Mattia Caldara,https://fbref.com/en/players/ac7e640b/Mattia-Caldara,13,13,it ITA,DF,26-267,3,0,0,0,0,0,0,0,0,0,0,0,0,0,0,0,,,https://fbref.com/en/players/ac7e640b/Mattia-Caldara-Mattia Caldara,
11,José Luis Palomino,https://fbref.com/en/players/921f6058/Jose-Luis-Palomino,6,6,ar ARG,CB,31-022,52,0,0,0,0,2,1,0,1,2,0,0,0,1,2,0,,,https://fbref.com/en/players/921f6058/Jose-Luis-Palomino-José Luis Palomino,
12,Cristian Romero,https://fbref.com/en/players/a3d94a58/Cristian-Romero,17,17,ar ARG,CB,22-275,90,0,1,0,0,1,1,1,0,2,1,0,0,0,4,0,,,https://fbref.com/en/players/a3d94a58/Cristian-Romero-Cristian Romero,
13,Berat Djimsiti,https://fbref.com/en/players/6eee05f1/Berat-Djimsiti,19,19,al ALB,CB,27-343,90,1,0,0,0,1,1,0,0,0,0,0,0,0,5,0,,,https://fbref.com/en/players/6eee05f1/Berat-Djimsiti-Berat Djimsiti,
14,Pierluigi Gollini,https://fbref.com/en/players/f0f7f62f/Pierluigi-Gollini,95,95,it ITA,GK,25-315,90,0,0,0,0,0,0,0,0,0,0,0,0,0,0,0,,,https://fbref.com/en/players/f0f7f62f/Pierluigi-Gollini-Pierluigi Gollini,
