,Player Name,Player Number,Player,#,Nation,Pos,Age,Min,Gls,Ast,PK,PKatt,Sh,SoT,CrdY,CrdR,Fls,Fld,Off,Crs,TklW,Int,OG,PKwon,PKcon,Player Key,Player Link
0,Vedat Muriqi,https://fbref.com/en/players/0cadc46d/Vedat-Muriqi,94,94,xk KVX,FW,26-278,90,1,0,0,0,3,2,0,0,0,3,0,0,1,0,0,,,https://fbref.com/en/players/0cadc46d/Vedat-Muriqi-Vedat Muriqi,
1,Andreas Pereira,https://fbref.com/en/players/6639e500/Andreas-Pereira,7,7,br BRA,FW,25-026,80,0,0,0,0,0,0,0,0,0,2,0,5,1,0,0,,,https://fbref.com/en/players/6639e500/Andreas-Pereira-Andreas Pereira,
2,Senad Lulić,https://fbref.com/en/players/7fd58fe3/Senad-Lulic,19,19,ba BIH,"DF,MF",35-009,10,0,0,0,0,0,0,0,0,0,0,0,4,1,0,0,,,https://fbref.com/en/players/7fd58fe3/Senad-Lulic-Senad Lulić,
3,Mohamed Fares,https://fbref.com/en/players/b7a5bc86/Mohamed-Fares,96,96,dz ALG,LM,24-347,45,0,0,0,0,1,0,1,0,3,0,0,0,1,1,0,,,https://fbref.com/en/players/b7a5bc86/Mohamed-Fares-Mohamed Fares,
4,Manuel Lazzari,https://fbref.com/en/players/02caf6e0/Manuel-Lazzari,29,29,it ITA,"DF,MF",27-059,45,0,0,0,0,1,0,0,0,0,1,0,6,0,0,0,,,https://fbref.com/en/players/02caf6e0/Manuel-Lazzari-Manuel Lazzari,
5,Sergej Milinković-Savić,https://fbref.com/en/players/4e6dbac4/Sergej-Milinkovic-Savic,21,21,rs SRB,CM,25-335,90,0,0,0,0,1,0,0,0,1,0,0,1,0,0,0,,,https://fbref.com/en/players/4e6dbac4/Sergej-Milinkovic-Savic-Sergej Milinković-Savić,
6,Gonzalo Escalante,https://fbref.com/en/players/3f79a1c8/Gonzalo-Escalante,18,18,ar ARG,CM,27-306,61,0,0,0,0,1,0,1,0,2,1,0,0,1,2,0,,,https://fbref.com/en/players/3f79a1c8/Gonzalo-Escalante-Gonzalo Escalante,
7,Joaquín Correa,https://fbref.com/en/players/45b9b619/Joaquin-Correa,11,11,ar ARG,"FW,MF",26-167,29,0,0,0,0,1,0,0,0,0,0,0,5,0,0,0,,,https://fbref.com/en/players/45b9b619/Joaquin-Correa-Joaquín Correa,
8,Jean-Daniel Akpa-Akpro,https://fbref.com/en/players/fdf4b948/Jean-Daniel-Akpa-Akpro,92,92,ci CIV,CM,28-108,90,0,0,0,0,0,0,0,0,4,1,0,2,3,1,0,,,https://fbref.com/en/players/fdf4b948/Jean-Daniel-Akpa-Akpro-Jean-Daniel Akpa-Akpro,
9,Adam Marušić,https://fbref.com/en/players/d4535821/Adam-Marusic,77,77,me MNE,RM,28-102,90,0,0,0,0,1,0,0,0,0,0,0,7,0,1,0,,,https://fbref.com/en/players/d4535821/Adam-Marusic-Adam Marušić,
10,Francesco Acerbi,https://fbref.com/en/players/b96b595c/Francesco-Acerbi,33,33,it ITA,CB,32-352,90,1,1,0,0,2,2,0,0,0,1,0,5,1,3,0,,,https://fbref.com/en/players/b96b595c/Francesco-Acerbi-Francesco Acerbi,
11,Wesley Hoedt,https://fbref.com/en/players/875898c7/Wesley-Hoedt,14,14,nl NED,CB,26-327,70,0,0,0,0,0,0,0,0,3,1,0,0,1,0,0,,,https://fbref.com/en/players/875898c7/Wesley-Hoedt-Wesley Hoedt,
12,Ciro Immobile,https://fbref.com/en/players/4431aed2/Ciro-Immobile,17,17,it ITA,FW,30-342,20,0,0,0,0,0,0,0,0,0,0,0,2,0,0,0,,,https://fbref.com/en/players/4431aed2/Ciro-Immobile-Ciro Immobile,
13,Patric,https://fbref.com/en/players/f7223718/Patric,4,4,es ESP,CB,27-285,45,0,0,0,0,0,0,1,0,1,0,0,0,0,0,0,,,https://fbref.com/en/players/f7223718/Patric-Patric,
14,Marco Parolo,https://fbref.com/en/players/ed5886d2/Marco-Parolo,16,16,it ITA,MF,36-002,45,0,0,0,0,0,0,0,0,1,0,0,0,2,1,0,,,https://fbref.com/en/players/ed5886d2/Marco-Parolo-Marco Parolo,
15,Pepe Reina,https://fbref.com/en/players/e358587b/Pepe-Reina,25,25,es ESP,GK,38-149,90,0,0,0,0,0,0,0,0,0,0,0,0,0,0,0,,,https://fbref.com/en/players/e358587b/Pepe-Reina-Pepe Reina,
