season,injury,from,until,days,missed_games
23/24,laceration,"Jun 8, 2024",,30 days,-
23/24,unknown injury,"Apr 14, 2024","Apr 23, 2024",9 days,1
22/23,Thigh problems,"Feb 6, 2023","Apr 15, 2023",68 days,11
22/23,Groin problems,"Jan 19, 2023","Jan 24, 2023",5 days,1
22/23,Groin injury,"Aug 29, 2022","Nov 30, 2022",93 days,15
21/22,unknown injury,"Jun 12, 2022","Jun 30, 2022",18 days,-
21/22,Ill,"May 5, 2022","May 9, 2022",4 days,1
20/21,open wound,"Feb 6, 2021","Feb 15, 2021",9 days,3
20/21,Corona virus,"Nov 3, 2020","Nov 17, 2020",14 days,5
19/20,Knock,"Dec 14, 2019","Feb 11, 2020",59 days,8
