season,injury,from,until,days,missed_games
23/24,Ill,"Jan 22, 2024","Jan 26, 2024",4 days,-
23/24,Ill,"Jan 19, 2024","Jan 22, 2024",3 days,1
21/22,Knee injury,"Aug 15, 2021","Aug 27, 2021",12 days,1
20/21,unknown injury,"Feb 18, 2021","Apr 2, 2021",43 days,6
19/20,Calf stiffness,"Jun 15, 2020","Jul 13, 2020",28 days,7
19/20,unknown injury,"Feb 12, 2020","May 1, 2020",79 days,5
19/20,concussion,"Aug 9, 2019","Feb 5, 2020",180 days,27
18/19,Ill,"May 20, 2019","May 23, 2019",3 days,1
18/19,Ill,"Apr 11, 2019","Apr 17, 2019",6 days,1
17/18,Knee surgery,"May 7, 2018","Jul 1, 2018",55 days,3
17/18,Metatarsal fracture,"Sep 27, 2017","Dec 9, 2017",73 days,16
16/17,Groin injury,"Nov 27, 2016","Dec 8, 2016",11 days,1
13/14,Ankle sprain,"Oct 28, 2013","Dec 14, 2013",47 days,17
11/12,Stomach flu,"Mar 3, 2012","Mar 6, 2012",3 days,1
11/12,Abdominal muscle strain,"Jan 12, 2012","Feb 1, 2012",20 days,4
