season,injury,from,until,days,missed_games
22/23,pneumonia,"Mar 30, 2023","Apr 4, 2023",5 days,1
22/23,Ill,"Feb 17, 2023","Feb 21, 2023",4 days,1
22/23,Hamstring injury,"Aug 29, 2022","Sep 2, 2022",4 days,1
22/23,Ankle injury,"Jul 13, 2022","Aug 2, 2022",20 days,-
20/21,Knee injury,"Nov 22, 2020","Nov 27, 2020",5 days,1
19/20,Knock,"Jan 14, 2020","Jan 26, 2020",12 days,3
18/19,Cruciate ligament tear,"Sep 16, 2018","Jun 30, 2019",287 days,34
17/18,Ill,"Apr 7, 2018","Apr 9, 2018",2 days,1
17/18,Hamstring injury,"Nov 6, 2017","Dec 20, 2017",44 days,6
13/14,Thigh problems,"May 3, 2014","Jun 30, 2014",58 days,2
