,Player Name,Player Number,Player,#,Nation,Pos,Age,Min,Gls,Ast,PK,PKatt,Sh,SoT,CrdY,CrdR,Touches,Tkl,Int,Blocks,xG,npxG,xAG,SCA,GCA,Cmp,Att,Cmp%,PrgP,Carries,PrgC,Att,Succ,Player Key,Player Link
0,Luis Muriel,https://fbref.com/en/players/eb2fe5b6/Luis-Muriel,9,9,co COL,FW,29-330,65,1,0,0,0,2,2,0,0,36,0,0,0,0.1,0.1,0.1,2,0,14,24,58.3,2,23,1,2,0,https://fbref.com/en/players/eb2fe5b6/Luis-Muriel-Luis Muriel,
1,Duván Zapata,https://fbref.com/en/players/d3de9af0/Duvan-Zapata,91,91,co COL,FW,29-345,25,0,1,0,0,1,1,0,0,14,0,0,1,0.2,0.2,0.4,2,1,8,10,80.0,2,8,2,0,0,https://fbref.com/en/players/d3de9af0/Duvan-Zapata-Duván Zapata,
2,Josip Iličić,https://fbref.com/en/players/68252d6d/Josip-Ilicic,72,72,si SVN,FW,33-042,65,0,1,0,0,1,0,0,0,43,0,0,0,0.0,0.0,0.5,4,1,25,39,64.1,7,32,4,3,3,https://fbref.com/en/players/68252d6d/Josip-Ilicic-Josip Iličić,
3,Ruslan Malinovskyi,https://fbref.com/en/players/48d5bd33/Ruslan-Malinovskyi,18,18,ua UKR,FW,27-312,25,0,0,0,0,1,0,0,0,18,1,0,0,0.1,0.1,0.3,2,0,13,14,92.9,3,12,1,1,1,https://fbref.com/en/players/48d5bd33/Ruslan-Malinovskyi-Ruslan Malinovskyi,
4,Mario Pašalić,https://fbref.com/en/players/e599253a/Mario-Pasalic,88,88,hr CRO,AM,26-031,89,2,0,0,0,4,2,0,0,43,2,1,0,0.9,0.9,0.0,4,1,26,33,78.8,1,26,2,1,0,https://fbref.com/en/players/e599253a/Mario-Pasalic-Mario Pašalić,
5,Matteo Pessina,https://fbref.com/en/players/780e3631/Matteo-Pessina,32,32,it ITA,AM,23-325,1,0,0,0,0,0,0,0,0,2,0,0,0,0.0,0.0,0.0,1,0,2,2,100.0,1,2,0,0,0,https://fbref.com/en/players/780e3631/Matteo-Pessina-Matteo Pessina,
6,Remo Freuler,https://fbref.com/en/players/98d2c2c4/Remo-Freuler,11,11,ch SUI,CM,28-331,90,0,0,0,0,2,1,0,0,74,4,0,1,0.1,0.1,0.0,3,0,46,59,78.0,5,37,1,0,0,https://fbref.com/en/players/98d2c2c4/Remo-Freuler-Remo Freuler,
7,Marten de Roon,https://fbref.com/en/players/2a1beb34/Marten-de-Roon,15,15,nl NED,CM,29-348,90,0,0,0,0,0,0,1,0,77,3,5,0,0.0,0.0,0.0,1,0,58,68,85.3,2,39,0,0,0,https://fbref.com/en/players/2a1beb34/Marten-de-Roon-Marten de Roon,
8,Robin Gosens,https://fbref.com/en/players/2d970560/Robin-Gosens,8,8,de GER,WB,26-250,89,0,1,0,0,0,0,0,0,54,2,1,1,0.0,0.0,0.0,2,1,35,47,74.5,5,29,1,2,1,https://fbref.com/en/players/2d970560/Robin-Gosens-Robin Gosens,
9,Matteo Ruggeri,https://fbref.com/en/players/ae9898c5/Matteo-Ruggeri,40,40,it ITA,WB,18-244,1,0,0,0,0,0,0,0,0,2,0,0,0,0.0,0.0,0.0,1,0,2,2,100.0,0,2,0,0,0,https://fbref.com/en/players/ae9898c5/Matteo-Ruggeri-Matteo Ruggeri,
10,Joakim Mæhle,https://fbref.com/en/players/c459a650/Joakim-Maehle,3,3,dk DEN,WB,23-296,90,0,0,0,0,2,1,0,0,47,0,0,1,0.1,0.1,0.0,4,2,32,41,78.0,2,19,1,0,0,https://fbref.com/en/players/c459a650/Joakim-Maehle-Joakim Mæhle,
11,Berat Djimsiti,https://fbref.com/en/players/6eee05f1/Berat-Djimsiti,19,19,al ALB,CB,28-021,53,0,0,0,0,0,0,0,0,50,1,0,0,0.0,0.0,0.0,0,0,40,46,87.0,1,27,3,1,0,https://fbref.com/en/players/6eee05f1/Berat-Djimsiti-Berat Djimsiti,
12,Cristian Romero,https://fbref.com/en/players/a3d94a58/Cristian-Romero,17,17,ar ARG,CB,22-319,37,0,0,0,0,0,0,0,0,24,0,0,1,0.0,0.0,0.0,0,0,17,18,94.4,0,6,0,0,0,https://fbref.com/en/players/a3d94a58/Cristian-Romero-Cristian Romero,
13,José Luis Palomino,https://fbref.com/en/players/921f6058/Jose-Luis-Palomino,6,6,ar ARG,CB,31-066,90,0,0,0,0,0,0,0,0,66,4,4,0,0.0,0.0,0.0,1,0,44,53,83.0,3,29,2,0,0,https://fbref.com/en/players/921f6058/Jose-Luis-Palomino-José Luis Palomino,
14,Rafael Tolói,https://fbref.com/en/players/c56dc39e/Rafael-Toloi,2,2,it ITA,CB,30-153,90,0,0,0,0,1,0,1,0,71,4,1,2,0.0,0.0,0.0,0,0,48,58,82.8,4,38,4,1,0,https://fbref.com/en/players/c56dc39e/Rafael-Toloi-Rafael Tolói,
15,Marco Sportiello,https://fbref.com/en/players/ac4003af/Marco-Sportiello,57,57,it ITA,GK,28-306,90,0,0,0,0,0,0,0,0,31,0,0,0,0.0,0.0,0.0,0,0,26,30,86.7,0,21,0,0,0,https://fbref.com/en/players/ac4003af/Marco-Sportiello-Marco Sportiello,
