,Player Name,Player Number,Player,#,Nation,Pos,Age,Min,Touches,Def Pen,Def 3rd,Mid 3rd,Att 3rd,Att Pen,Live,Att,Succ,Succ%,Tkld,Tkld%,Carries,TotDist,PrgDist,PrgC,1/3,CPA,Mis,Dis,Rec,PrgR,Player Key,Player Link
0,Luis Muriel,https://fbref.com/en/players/eb2fe5b6/Luis-Muriel,9,9,co COL,FW,29-330,65,36,1,4,14,18,1,36,2,0,0.0,2,100.0,23,174,32,1,1,1,4,1,28,7,https://fbref.com/en/players/eb2fe5b6/Luis-Muriel-Luis Muriel,
1,Duván Zapata,https://fbref.com/en/players/d3de9af0/Duvan-Zapata,91,91,co COL,FW,29-345,25,14,0,0,6,8,3,14,0,0,,0,,8,75,58,2,0,2,1,0,11,3,https://fbref.com/en/players/d3de9af0/Duvan-Zapata-Duván Zapata,
2,Josip Iličić,https://fbref.com/en/players/68252d6d/Josip-Ilicic,72,72,si SVN,FW,33-042,65,43,0,1,24,18,2,43,3,3,100.0,0,0.0,32,215,123,4,2,0,2,4,40,8,https://fbref.com/en/players/68252d6d/Josip-Ilicic-Josip Iličić,
3,Ruslan Malinovskyi,https://fbref.com/en/players/48d5bd33/Ruslan-Malinovskyi,18,18,ua UKR,FW,27-312,25,18,0,2,11,5,1,18,1,1,100.0,0,0.0,12,79,29,1,1,0,1,2,14,1,https://fbref.com/en/players/48d5bd33/Ruslan-Malinovskyi-Ruslan Malinovskyi,
4,Mario Pašalić,https://fbref.com/en/players/e599253a/Mario-Pasalic,88,88,hr CRO,AM,26-031,89,43,0,1,31,11,5,43,1,0,0.0,1,100.0,26,148,75,2,0,0,4,1,30,5,https://fbref.com/en/players/e599253a/Mario-Pasalic-Mario Pašalić,
5,Matteo Pessina,https://fbref.com/en/players/780e3631/Matteo-Pessina,32,32,it ITA,AM,23-325,1,2,0,0,1,1,0,2,0,0,,0,,2,6,3,0,0,0,0,0,2,0,https://fbref.com/en/players/780e3631/Matteo-Pessina-Matteo Pessina,
6,Remo Freuler,https://fbref.com/en/players/98d2c2c4/Remo-Freuler,11,11,ch SUI,CM,28-331,90,74,8,19,44,11,2,74,0,0,,0,,37,139,54,1,1,0,5,1,41,0,https://fbref.com/en/players/98d2c2c4/Remo-Freuler-Remo Freuler,
7,Marten de Roon,https://fbref.com/en/players/2a1beb34/Marten-de-Roon,15,15,nl NED,CM,29-348,90,77,3,26,47,5,0,77,0,0,,0,,39,117,52,0,0,0,1,3,53,0,https://fbref.com/en/players/2a1beb34/Marten-de-Roon-Marten de Roon,
8,Robin Gosens,https://fbref.com/en/players/2d970560/Robin-Gosens,8,8,de GER,WB,26-250,89,54,3,11,31,14,1,54,2,1,50.0,1,50.0,29,146,77,1,3,0,1,0,40,5,https://fbref.com/en/players/2d970560/Robin-Gosens-Robin Gosens,
9,Matteo Ruggeri,https://fbref.com/en/players/ae9898c5/Matteo-Ruggeri,40,40,it ITA,WB,18-244,1,2,0,1,0,1,1,2,0,0,,0,,2,6,6,0,0,0,0,0,1,1,https://fbref.com/en/players/ae9898c5/Matteo-Ruggeri-Matteo Ruggeri,
10,Joakim Mæhle,https://fbref.com/en/players/c459a650/Joakim-Maehle,3,3,dk DEN,WB,23-296,90,47,0,10,22,15,3,47,0,0,,0,,19,65,31,1,0,1,2,1,31,2,https://fbref.com/en/players/c459a650/Joakim-Maehle-Joakim Mæhle,
11,Berat Djimsiti,https://fbref.com/en/players/6eee05f1/Berat-Djimsiti,19,19,al ALB,CB,28-021,53,50,2,10,33,7,2,50,1,0,0.0,1,100.0,27,155,96,3,1,1,1,0,33,2,https://fbref.com/en/players/6eee05f1/Berat-Djimsiti-Berat Djimsiti,
12,Cristian Romero,https://fbref.com/en/players/a3d94a58/Cristian-Romero,17,17,ar ARG,CB,22-319,37,24,5,16,8,0,0,24,0,0,,0,,6,26,5,0,0,0,1,0,5,0,https://fbref.com/en/players/a3d94a58/Cristian-Romero-Cristian Romero,
13,José Luis Palomino,https://fbref.com/en/players/921f6058/Jose-Luis-Palomino,6,6,ar ARG,CB,31-066,90,66,10,34,29,3,1,66,0,0,,0,,29,179,95,2,1,1,0,1,38,2,https://fbref.com/en/players/921f6058/Jose-Luis-Palomino-José Luis Palomino,
14,Rafael Tolói,https://fbref.com/en/players/c56dc39e/Rafael-Toloi,2,2,it ITA,CB,30-153,90,71,5,30,35,6,2,71,1,0,0.0,1,100.0,38,210,126,4,0,1,1,0,49,2,https://fbref.com/en/players/c56dc39e/Rafael-Toloi-Rafael Tolói,
15,Marco Sportiello,https://fbref.com/en/players/ac4003af/Marco-Sportiello,57,57,it ITA,GK,28-306,90,31,22,31,0,0,0,31,0,0,,0,,21,105,57,0,0,0,0,0,18,0,https://fbref.com/en/players/ac4003af/Marco-Sportiello-Marco Sportiello,
