,Player Name,Player Number,Player,#,Nation,Pos,Age,Min,Tkl,TklW,Def 3rd,Mid 3rd,Att 3rd,Tkl,Att,Tkl%,Lost,Blocks,Sh,Pass,Int,Tkl+Int,Clr,Err,Player Key,Player Link
0,Luis Muriel,https://fbref.com/en/players/eb2fe5b6/Luis-Muriel,9,9,co COL,FW,29-330,65,0,0,0,0,0,0,0,,0,0,0,0,0,0,1,0,https://fbref.com/en/players/eb2fe5b6/Luis-Muriel-Luis Muriel,
1,Duván Zapata,https://fbref.com/en/players/d3de9af0/Duvan-Zapata,91,91,co COL,FW,29-345,25,0,0,0,0,0,0,0,,0,1,0,1,0,0,0,0,https://fbref.com/en/players/d3de9af0/Duvan-Zapata-Duván Zapata,
2,Josip Iličić,https://fbref.com/en/players/68252d6d/Josip-Ilicic,72,72,si SVN,FW,33-042,65,0,0,0,0,0,0,0,,0,0,0,0,0,0,0,0,https://fbref.com/en/players/68252d6d/Josip-Ilicic-Josip Iličić,
3,Ruslan Malinovskyi,https://fbref.com/en/players/48d5bd33/Ruslan-Malinovskyi,18,18,ua UKR,FW,27-312,25,1,0,0,1,0,0,0,,0,0,0,0,0,1,0,0,https://fbref.com/en/players/48d5bd33/Ruslan-Malinovskyi-Ruslan Malinovskyi,
4,Mario Pašalić,https://fbref.com/en/players/e599253a/Mario-Pasalic,88,88,hr CRO,AM,26-031,89,2,2,0,2,0,1,1,100.0,0,0,0,0,1,3,0,0,https://fbref.com/en/players/e599253a/Mario-Pasalic-Mario Pašalić,
5,Matteo Pessina,https://fbref.com/en/players/780e3631/Matteo-Pessina,32,32,it ITA,AM,23-325,1,0,0,0,0,0,0,0,,0,0,0,0,0,0,0,0,https://fbref.com/en/players/780e3631/Matteo-Pessina-Matteo Pessina,
6,Remo Freuler,https://fbref.com/en/players/98d2c2c4/Remo-Freuler,11,11,ch SUI,CM,28-331,90,4,3,2,1,1,1,2,50.0,1,1,1,0,0,4,3,0,https://fbref.com/en/players/98d2c2c4/Remo-Freuler-Remo Freuler,
7,Marten de Roon,https://fbref.com/en/players/2a1beb34/Marten-de-Roon,15,15,nl NED,CM,29-348,90,3,1,2,1,0,1,2,50.0,1,0,0,0,5,8,0,0,https://fbref.com/en/players/2a1beb34/Marten-de-Roon-Marten de Roon,
8,Robin Gosens,https://fbref.com/en/players/2d970560/Robin-Gosens,8,8,de GER,WB,26-250,89,2,1,2,0,0,0,1,0.0,1,1,1,0,1,3,1,0,https://fbref.com/en/players/2d970560/Robin-Gosens-Robin Gosens,
9,Matteo Ruggeri,https://fbref.com/en/players/ae9898c5/Matteo-Ruggeri,40,40,it ITA,WB,18-244,1,0,0,0,0,0,0,0,,0,0,0,0,0,0,0,0,https://fbref.com/en/players/ae9898c5/Matteo-Ruggeri-Matteo Ruggeri,
10,Joakim Mæhle,https://fbref.com/en/players/c459a650/Joakim-Maehle,3,3,dk DEN,WB,23-296,90,0,0,0,0,0,0,1,0.0,1,1,0,1,0,0,0,0,https://fbref.com/en/players/c459a650/Joakim-Maehle-Joakim Mæhle,
11,Berat Djimsiti,https://fbref.com/en/players/6eee05f1/Berat-Djimsiti,19,19,al ALB,CB,28-021,53,1,1,1,0,0,1,1,100.0,0,0,0,0,0,1,0,0,https://fbref.com/en/players/6eee05f1/Berat-Djimsiti-Berat Djimsiti,
12,Cristian Romero,https://fbref.com/en/players/a3d94a58/Cristian-Romero,17,17,ar ARG,CB,22-319,37,0,0,0,0,0,0,0,,0,1,0,1,0,0,3,0,https://fbref.com/en/players/a3d94a58/Cristian-Romero-Cristian Romero,
13,José Luis Palomino,https://fbref.com/en/players/921f6058/Jose-Luis-Palomino,6,6,ar ARG,CB,31-066,90,4,1,2,2,0,1,2,50.0,1,0,0,0,4,8,4,0,https://fbref.com/en/players/921f6058/Jose-Luis-Palomino-José Luis Palomino,
14,Rafael Tolói,https://fbref.com/en/players/c56dc39e/Rafael-Toloi,2,2,it ITA,CB,30-153,90,4,1,2,2,0,3,4,75.0,1,2,0,2,1,5,1,0,https://fbref.com/en/players/c56dc39e/Rafael-Toloi-Rafael Tolói,
15,Marco Sportiello,https://fbref.com/en/players/ac4003af/Marco-Sportiello,57,57,it ITA,GK,28-306,90,0,0,0,0,0,0,0,,0,0,0,0,0,0,0,0,https://fbref.com/en/players/ac4003af/Marco-Sportiello-Marco Sportiello,
