,Minute,Player,Squad,xG,PSxG,Outcome,Distance,Body Part,Notes,SCA 1 Player,SCA 1 Event,SCA 2 Player,SCA 2 Event
0,2,Joakim Mæhle,Atalanta,0.06,,Blocked,12,Right Foot,,Josip Iličić,Pass (Live),Marten de Roon,Pass (Live)
1,5,Mario Pašalić,Atalanta,0.10,,Off Target,10,Head,,Luis Muriel,Pass (Dead),Luis Muriel,Fouled
2,8,Daniele Verde,Spezia,0.02,,Blocked,26,Left Foot,,M'Bala Nzola,Pass (Live),Emmanuel Gyasi,Fouled
3,12,Matteo Ricci,Spezia,0.03,,Blocked,29,Right Foot,,Daniele Verde,Pass (Live),Riccardo Marchizza,Pass (Live)
4,15,Remo Freuler,Atalanta,0.07,0.09,Saved,14,Right Foot,Volley,Remo Freuler,Pass (Live),Josip Iličić,Pass (Live)
5,16,Giulio Maggiore,Spezia,0.05,0.02,Saved,9,Head,,Matteo Ricci,Pass (Dead),,
6,18,Josip Iličić,Atalanta,0.05,,Blocked,26,Left Foot,,Mario Pašalić,Pass (Live),Mario Pašalić,Interception
7,33,Matteo Ricci,Spezia,0.30,0.47,Saved,14,Right Foot,,Daniele Verde,Pass (Live),Léo Sena,Pass (Live)
8,43,Remo Freuler,Atalanta,0.07,,Off Target,11,Right Foot,,Josip Iličić,Pass (Live),Joakim Mæhle,Pass (Live)
9,,,,,,,,,,,,,
10,53,Mario Pašalić,Atalanta,0.37,0.72,Goal,11,Right Foot,,Joakim Mæhle,Pass (Live),Josip Iličić,Pass (Live)
11,55,Luis Muriel,Atalanta,0.04,0.47,Goal,20,Right Foot,,Robin Gosens,Pass (Live),Joakim Mæhle,Pass (Live)
12,58,Riccardo Marchizza,Spezia,0.07,,Off Target,15,Left Foot,Volley,Daniele Verde,Pass (Dead),Léo Sena,Fouled
13,65,Luis Muriel,Atalanta,0.03,0.10,Saved,25,Right Foot,,Remo Freuler,Pass (Live),José Luis Palomino,Pass (Live)
14,70,Mario Pašalić,Atalanta,0.10,,Off Target,8,Head,,Duván Zapata,Pass (Live),Robin Gosens,Pass (Live)
15,73,Mario Pašalić,Atalanta,0.30,0.26,Goal,14,Left Foot,,Duván Zapata,Pass (Live),Mario Pašalić,Pass (Live)
16,81,Nahuel Estévez,Spezia,0.32,,Off Target,6,Right Foot,Volley,Diego Farias,Pass (Live),Nahuel Estévez,Pass (Live)
17,81,Roberto Piccoli,Spezia,0.82,0.92,Goal,3,Right Foot,,Nahuel Estévez,Shot,,
18,85,Duván Zapata,Atalanta,0.25,0.10,Saved,15,Right Foot,,Ruslan Malinovskyi,Pass (Live),Mario Pašalić,Pass (Live)
19,88,Rafael Tolói,Atalanta,0.04,,Off Target,18,Right Foot,,Ruslan Malinovskyi,Pass (Live),Remo Freuler,Pass (Live)
20,90+4,Joakim Mæhle,Atalanta,0.03,0.02,Saved,12,Head,,Matteo Ruggeri,Pass (Live),Matteo Pessina,Pass (Live)
21,90+4,Ruslan Malinovskyi,Atalanta,0.13,,Blocked,8,Left Foot,,Joakim Mæhle,Shot,,
