,Player Name,Player Number,Player,#,Nation,Pos,Age,Min,Gls,Ast,PK,PKatt,Sh,SoT,CrdY,CrdR,Touches,Tkl,Int,Blocks,xG,npxG,xAG,SCA,GCA,Cmp,Att,Cmp%,PrgP,Carries,PrgC,Att,Succ,Player Key,Player Link
0,M'Bala Nzola,https://fbref.com/en/players/a4948e67/MBala-Nzola,18,18,ao ANG,FW,24-206,79,0,0,0,0,0,0,0,0,38,0,0,0,0.0,0.0,0.0,1,0,23,28,82.1,1,20,0,2,1,https://fbref.com/en/players/a4948e67/MBala-Nzola-M'Bala Nzola,
1,Roberto Piccoli,https://fbref.com/en/players/1cadaf34/Roberto-Piccoli,91,91,it ITA,FW,20-044,11,1,0,0,0,1,1,0,0,7,0,0,0,0.8,0.8,0.0,0,0,2,4,50.0,0,2,0,0,0,https://fbref.com/en/players/1cadaf34/Roberto-Piccoli-Roberto Piccoli,
2,Emmanuel Gyasi,https://fbref.com/en/players/f9758dae/Emmanuel-Gyasi,11,11,gh GHA,"LW,RW",27-060,90,0,0,0,0,0,0,0,0,44,0,0,0,0.0,0.0,0.0,1,0,25,31,80.6,1,29,5,4,2,https://fbref.com/en/players/f9758dae/Emmanuel-Gyasi-Emmanuel Gyasi,
3,Daniele Verde,https://fbref.com/en/players/d3298c99/Daniele-Verde,31,31,it ITA,RW,24-265,79,0,0,0,0,1,0,0,0,42,0,1,1,0.0,0.0,0.3,3,0,31,36,86.1,5,22,1,3,1,https://fbref.com/en/players/d3298c99/Daniele-Verde-Daniele Verde,
4,Diego Farias,https://fbref.com/en/players/157d29b6/Diego-Farias,17,17,br BRA,LW,30-306,11,0,0,0,0,0,0,0,0,6,0,0,0,0.0,0.0,0.3,1,0,5,6,83.3,0,2,0,0,0,https://fbref.com/en/players/157d29b6/Diego-Farias-Diego Farias,
5,Giulio Maggiore,https://fbref.com/en/players/957e4c87/Giulio-Maggiore,25,25,it ITA,LM,23-000,66,0,0,0,0,1,1,0,0,49,6,1,0,0.0,0.0,0.0,0,0,27,39,69.2,6,22,2,0,0,https://fbref.com/en/players/957e4c87/Giulio-Maggiore-Giulio Maggiore,
6,Nahuel Estévez,https://fbref.com/en/players/cec60a2f/Nahuel-Estevez,24,24,ar ARG,RB,25-118,24,0,1,0,0,1,0,0,0,22,0,1,0,0.3,0.3,0.8,2,1,15,20,75.0,2,17,2,0,0,https://fbref.com/en/players/cec60a2f/Nahuel-Estevez-Nahuel Estévez,
7,Matteo Ricci,https://fbref.com/en/players/3cf7dc7e/Matteo-Ricci,8,8,it ITA,CM,26-289,90,0,0,0,0,2,1,0,0,85,2,3,3,0.3,0.3,0.0,1,0,54,72,75.0,6,38,2,1,1,https://fbref.com/en/players/3cf7dc7e/Matteo-Ricci-Matteo Ricci,
8,Léo Sena,https://fbref.com/en/players/1de40dae/Leo-Sena,88,88,br BRA,RM,25-071,90,0,0,0,0,0,0,0,0,75,1,1,0,0.0,0.0,0.0,2,0,59,66,89.4,9,56,3,2,0,https://fbref.com/en/players/1de40dae/Leo-Sena-Léo Sena,
9,Riccardo Marchizza,https://fbref.com/en/players/91d0fabf/Riccardo-Marchizza,5,5,it ITA,LB,22-351,90,0,0,0,0,1,0,0,0,60,1,0,4,0.1,0.1,0.0,1,0,38,50,76.0,4,29,3,0,0,https://fbref.com/en/players/91d0fabf/Riccardo-Marchizza-Riccardo Marchizza,
10,Martin Erlic,https://fbref.com/en/players/0fee6bda/Martin-Erlic,28,28,hr CRO,CB,23-047,90,0,0,0,0,0,0,0,0,68,2,1,1,0.0,0.0,0.0,0,0,47,60,78.3,2,28,0,0,0,https://fbref.com/en/players/0fee6bda/Martin-Erlic-Martin Erlic,
11,Ardian Ismajli,https://fbref.com/en/players/6b635f5c/Ardian-Ismajli,34,34,al ALB,CB,24-163,79,0,0,0,0,0,0,0,0,49,3,3,0,0.0,0.0,0.0,0,0,34,43,79.1,1,25,0,0,0,https://fbref.com/en/players/6b635f5c/Ardian-Ismajli-Ardian Ismajli,
12,Julian Chabot,https://fbref.com/en/players/ae7058f9/Julian-Chabot,22,22,de GER,CB,23-028,11,0,0,0,0,0,0,0,0,13,1,0,0,0.0,0.0,0.0,0,0,11,13,84.6,2,7,0,0,0,https://fbref.com/en/players/ae7058f9/Julian-Chabot-Julian Chabot,
13,Luca Vignali,https://fbref.com/en/players/c1e8e74e/Luca-Vignali,69,69,it ITA,RB,25-060,66,0,0,0,0,0,0,0,0,62,4,1,0,0.0,0.0,0.0,0,0,38,51,74.5,0,27,1,0,0,https://fbref.com/en/players/c1e8e74e/Luca-Vignali-Luca Vignali,
14,Gennaro Acampora,https://fbref.com/en/players/01040647/Gennaro-Acampora,4,4,it ITA,LM,26-348,24,0,0,0,0,0,0,0,0,19,0,1,0,0.0,0.0,0.0,0,0,14,15,93.3,3,12,1,2,1,https://fbref.com/en/players/01040647/Gennaro-Acampora-Gennaro Acampora,
15,Jeroen Zoet,https://fbref.com/en/players/cc1a0c57/Jeroen-Zoet,1,1,nl NED,GK,30-065,90,0,0,0,0,0,0,0,0,75,0,0,0,0.0,0.0,0.0,0,0,54,71,76.1,0,54,0,0,0,https://fbref.com/en/players/cc1a0c57/Jeroen-Zoet-Jeroen Zoet,
