,Player Name,Player Number,Player,#,Nation,Pos,Age,Min,Touches,Def Pen,Def 3rd,Mid 3rd,Att 3rd,Att Pen,Live,Att,Succ,Succ%,Tkld,Tkld%,Carries,TotDist,PrgDist,PrgC,1/3,CPA,Mis,Dis,Rec,PrgR,Player Key,Player Link
0,M'Bala Nzola,https://fbref.com/en/players/a4948e67/MBala-Nzola,18,18,ao ANG,FW,24-206,79,38,0,1,25,12,2,38,2,1,50.0,1,50.0,20,64,10,0,0,0,4,4,26,7,https://fbref.com/en/players/a4948e67/MBala-Nzola-M'Bala Nzola,
1,Roberto Piccoli,https://fbref.com/en/players/1cadaf34/Roberto-Piccoli,91,91,it ITA,FW,20-044,11,7,0,1,1,5,2,7,0,0,,0,,2,1,1,0,0,0,2,0,6,3,https://fbref.com/en/players/1cadaf34/Roberto-Piccoli-Roberto Piccoli,
2,Emmanuel Gyasi,https://fbref.com/en/players/f9758dae/Emmanuel-Gyasi,11,11,gh GHA,"LW,RW",27-060,90,44,0,1,25,18,4,44,4,2,50.0,2,50.0,29,197,97,5,4,2,6,2,37,13,https://fbref.com/en/players/f9758dae/Emmanuel-Gyasi-Emmanuel Gyasi,
3,Daniele Verde,https://fbref.com/en/players/d3298c99/Daniele-Verde,31,31,it ITA,RW,24-265,79,42,2,10,17,16,1,42,3,1,33.3,2,66.7,22,112,33,1,1,1,0,1,27,5,https://fbref.com/en/players/d3298c99/Daniele-Verde-Daniele Verde,
4,Diego Farias,https://fbref.com/en/players/157d29b6/Diego-Farias,17,17,br BRA,LW,30-306,11,6,0,1,3,2,1,6,0,0,,0,,2,19,12,0,0,0,0,0,4,1,https://fbref.com/en/players/157d29b6/Diego-Farias-Diego Farias,
5,Giulio Maggiore,https://fbref.com/en/players/957e4c87/Giulio-Maggiore,25,25,it ITA,LM,23-000,66,49,3,11,33,6,3,49,0,0,,0,,22,107,74,2,1,0,0,2,31,2,https://fbref.com/en/players/957e4c87/Giulio-Maggiore-Giulio Maggiore,
6,Nahuel Estévez,https://fbref.com/en/players/cec60a2f/Nahuel-Estevez,24,24,ar ARG,RB,25-118,24,22,0,5,10,7,2,22,0,0,,0,,17,80,52,2,1,1,0,0,19,2,https://fbref.com/en/players/cec60a2f/Nahuel-Estevez-Nahuel Estévez,
7,Matteo Ricci,https://fbref.com/en/players/3cf7dc7e/Matteo-Ricci,8,8,it ITA,CM,26-289,90,85,2,24,49,16,2,85,1,1,100.0,0,0.0,38,205,91,2,1,0,1,0,53,2,https://fbref.com/en/players/3cf7dc7e/Matteo-Ricci-Matteo Ricci,
8,Léo Sena,https://fbref.com/en/players/1de40dae/Leo-Sena,88,88,br BRA,RM,25-071,90,75,0,6,58,11,0,75,2,0,0.0,2,100.0,56,382,221,3,1,0,1,3,62,1,https://fbref.com/en/players/1de40dae/Leo-Sena-Léo Sena,
9,Riccardo Marchizza,https://fbref.com/en/players/91d0fabf/Riccardo-Marchizza,5,5,it ITA,LB,22-351,90,60,3,22,25,13,4,60,0,0,,0,,29,169,119,3,2,1,1,0,32,3,https://fbref.com/en/players/91d0fabf/Riccardo-Marchizza-Riccardo Marchizza,
10,Martin Erlic,https://fbref.com/en/players/0fee6bda/Martin-Erlic,28,28,hr CRO,CB,23-047,90,68,9,40,29,1,1,68,0,0,,0,,28,112,38,0,0,0,0,0,36,0,https://fbref.com/en/players/0fee6bda/Martin-Erlic-Martin Erlic,
11,Ardian Ismajli,https://fbref.com/en/players/6b635f5c/Ardian-Ismajli,34,34,al ALB,CB,24-163,79,49,3,26,23,0,0,49,0,0,,0,,25,151,34,0,0,0,0,0,24,0,https://fbref.com/en/players/6b635f5c/Ardian-Ismajli-Ardian Ismajli,
12,Julian Chabot,https://fbref.com/en/players/ae7058f9/Julian-Chabot,22,22,de GER,CB,23-028,11,13,0,4,10,0,0,13,0,0,,0,,7,56,38,0,0,0,0,0,11,0,https://fbref.com/en/players/ae7058f9/Julian-Chabot-Julian Chabot,
13,Luca Vignali,https://fbref.com/en/players/c1e8e74e/Luca-Vignali,69,69,it ITA,RB,25-060,66,62,2,30,26,6,1,62,0,0,,0,,27,132,64,1,0,0,2,0,37,1,https://fbref.com/en/players/c1e8e74e/Luca-Vignali-Luca Vignali,
14,Gennaro Acampora,https://fbref.com/en/players/01040647/Gennaro-Acampora,4,4,it ITA,LM,26-348,24,19,1,3,14,3,0,19,2,1,50.0,1,50.0,12,62,36,1,1,0,1,1,14,2,https://fbref.com/en/players/01040647/Gennaro-Acampora-Gennaro Acampora,
15,Jeroen Zoet,https://fbref.com/en/players/cc1a0c57/Jeroen-Zoet,1,1,nl NED,GK,30-065,90,75,51,74,1,0,0,75,0,0,,0,,54,255,173,0,0,0,1,0,53,0,https://fbref.com/en/players/cc1a0c57/Jeroen-Zoet-Jeroen Zoet,
