,Player Name,Player Number,Player,#,Nation,Pos,Age,Min,CrdY,CrdR,2CrdY,Fls,Fld,Off,Crs,Int,TklW,PKwon,PKcon,OG,Recov,Won,Lost,Won%,Player Key,Player Link
0,Edi Semedo,https://fbref.com/en/players/123e2e04/Edi-Semedo,7,7,pt POR,FW,21-299,59,0,0,0,3,0,2,0,0,0,0,0,0,1,1,4,20.0,https://fbref.com/en/players/123e2e04/Edi-Semedo-Edi Semedo,
1,Robinho Vieira,https://fbref.com/en/players/00fc3cfb/Robinho-Vieira,17,17,pt POR,FW,23-092,31,0,0,0,1,1,0,0,0,1,0,0,0,1,0,2,0.0,https://fbref.com/en/players/00fc3cfb/Robinho-Vieira-Robinho Vieira,
2,Silvestre Varela,https://fbref.com/en/players/9dffef9e/Silvestre-Varela,10,10,pt POR,AM,35-272,90,0,0,0,1,2,0,2,2,2,0,1,0,6,0,1,0.0,https://fbref.com/en/players/9dffef9e/Silvestre-Varela-Silvestre Varela,
3,Richard,https://fbref.com/en/players/568c89c5/Richard,22,22,br BRA,AM,21-020,45,0,0,0,0,2,1,2,0,1,0,0,0,3,2,0,100.0,https://fbref.com/en/players/568c89c5/Richard-Richard,
4,Afonso Sousa,https://fbref.com/en/players/f3f47ebd/Afonso-Sousa,28,28,pt POR,AM,20-181,45,0,0,0,0,0,0,0,0,0,0,0,0,1,0,0,,https://fbref.com/en/players/f3f47ebd/Afonso-Sousa-Afonso Sousa,
5,Afonso Taira,https://fbref.com/en/players/d5696a58/Afonso-Taira,20,20,pt POR,CM,28-136,80,1,0,0,2,0,0,0,0,3,0,0,0,9,0,0,,https://fbref.com/en/players/d5696a58/Afonso-Taira-Afonso Taira,
6,Bruno Ramires,https://fbref.com/en/players/6ca3ad8f/Bruno-Ramires,6,6,br BRA,CM,26-227,10,0,0,0,0,0,0,0,1,0,0,0,0,0,1,0,100.0,https://fbref.com/en/players/6ca3ad8f/Bruno-Ramires-Bruno Ramires,
7,Cauê Cecilio da Silva,https://fbref.com/en/players/dcd0a712/Caue-Cecilio-da-Silva,8,8,br BRA,CM,31-160,59,0,0,0,1,0,0,1,0,1,0,0,0,7,1,1,50.0,https://fbref.com/en/players/dcd0a712/Caue-Cecilio-da-Silva-Cauê Cecilio da Silva,
8,Mateo Cassierra,https://fbref.com/en/players/0f714df2/Mateo-Cassierra,9,9,co COL,CM,23-201,31,0,0,0,0,0,2,0,0,0,0,0,0,1,0,0,,https://fbref.com/en/players/0f714df2/Mateo-Cassierra-Mateo Cassierra,
9,Rúben Lima,https://fbref.com/en/players/bd9be778/Ruben-Lima,5,5,pt POR,WB,31-028,90,1,0,0,4,0,0,5,0,0,0,1,0,4,3,0,100.0,https://fbref.com/en/players/bd9be778/Ruben-Lima-Rúben Lima,
10,Tiago Esgaio,https://fbref.com/en/players/9c14a96b/Tiago-Esgaio,13,13,pt POR,WB,25-091,90,0,0,0,2,1,0,4,1,3,0,0,0,1,0,2,0.0,https://fbref.com/en/players/9c14a96b/Tiago-Esgaio-Tiago Esgaio,
11,Tomás Ribeiro,https://fbref.com/en/players/6603fa16/Tomas-Ribeiro,4,4,pt POR,CB,21-184,90,0,0,0,0,4,0,2,1,0,0,0,0,2,3,2,60.0,https://fbref.com/en/players/6603fa16/Tomas-Ribeiro-Tomás Ribeiro,
12,Danny Henriques,https://fbref.com/en/players/0571e024/Danny-Henriques,14,14,nl NED,CB,23-094,81,0,0,0,0,0,0,0,0,0,0,0,0,2,1,1,50.0,https://fbref.com/en/players/0571e024/Danny-Henriques-Danny Henriques,
13,Francisco Chico,https://fbref.com/en/players/647bf324/Francisco-Chico,19,19,pt POR,CB,22-188,9,0,0,0,0,0,0,2,0,0,0,0,0,1,0,0,,https://fbref.com/en/players/647bf324/Francisco-Chico-Francisco Chico,
14,Henrique,https://fbref.com/en/players/429163de/Henrique,26,26,br BRA,CB,34-017,90,1,0,0,1,1,0,1,0,1,0,0,0,2,4,2,66.7,https://fbref.com/en/players/429163de/Henrique-Henrique,
15,Stanislav Kritsyuk,https://fbref.com/en/players/b8798a46/Stanislav-Kritsyuk,23,23,ru RUS,GK,29-335,90,0,0,0,0,0,0,0,1,0,0,0,0,1,1,0,100.0,https://fbref.com/en/players/b8798a46/Stanislav-Kritsyuk-Stanislav Kritsyuk,
