,Player Name,Player Number,Player,#,Nation,Pos,Age,Min,Gls,Ast,PK,PKatt,Sh,SoT,CrdY,CrdR,Touches,Tkl,Int,Blocks,xG,npxG,xAG,SCA,GCA,Cmp,Att,Cmp%,PrgP,Carries,PrgC,Att,Succ,Player Key,Player Link
0,Edi Semedo,https://fbref.com/en/players/123e2e04/Edi-Semedo,7,7,pt POR,FW,21-299,59,0,0,0,0,1,1,0,0,13,0,0,0,0.3,0.3,0.0,2,0,5,8,62.5,0,6,0,4,2,https://fbref.com/en/players/123e2e04/Edi-Semedo-Edi Semedo,
1,Robinho Vieira,https://fbref.com/en/players/00fc3cfb/Robinho-Vieira,17,17,pt POR,FW,23-092,31,0,0,0,0,0,0,0,0,24,1,0,0,0.0,0.0,0.0,0,0,16,20,80.0,1,14,1,0,0,https://fbref.com/en/players/00fc3cfb/Robinho-Vieira-Robinho Vieira,
2,Silvestre Varela,https://fbref.com/en/players/9dffef9e/Silvestre-Varela,10,10,pt POR,AM,35-272,90,0,0,0,0,2,0,0,0,60,2,2,0,0.1,0.1,0.3,5,0,41,51,80.4,10,35,1,3,2,https://fbref.com/en/players/9dffef9e/Silvestre-Varela-Silvestre Varela,
3,Richard,https://fbref.com/en/players/568c89c5/Richard,22,22,br BRA,AM,21-020,45,0,0,0,0,0,0,0,0,16,1,0,1,0.0,0.0,0.0,0,0,8,10,80.0,0,11,1,1,0,https://fbref.com/en/players/568c89c5/Richard-Richard,
4,Afonso Sousa,https://fbref.com/en/players/f3f47ebd/Afonso-Sousa,28,28,pt POR,AM,20-181,45,0,0,0,0,0,0,0,0,11,0,0,1,0.0,0.0,0.0,0,0,6,9,66.7,2,8,0,0,0,https://fbref.com/en/players/f3f47ebd/Afonso-Sousa-Afonso Sousa,
5,Afonso Taira,https://fbref.com/en/players/d5696a58/Afonso-Taira,20,20,pt POR,CM,28-136,80,0,0,0,0,0,0,1,0,49,5,0,3,0.0,0.0,0.0,1,0,35,38,92.1,7,17,0,2,0,https://fbref.com/en/players/d5696a58/Afonso-Taira-Afonso Taira,
6,Bruno Ramires,https://fbref.com/en/players/6ca3ad8f/Bruno-Ramires,6,6,br BRA,CM,26-227,10,1,0,0,0,1,1,0,0,11,0,1,0,0.3,0.3,0.0,0,0,10,10,100.0,2,8,0,0,0,https://fbref.com/en/players/6ca3ad8f/Bruno-Ramires-Bruno Ramires,
7,Cauê Cecilio da Silva,https://fbref.com/en/players/dcd0a712/Caue-Cecilio-da-Silva,8,8,br BRA,CM,31-160,59,0,0,0,0,0,0,0,0,32,1,0,1,0.0,0.0,0.0,1,0,18,28,64.3,1,18,0,0,0,https://fbref.com/en/players/dcd0a712/Caue-Cecilio-da-Silva-Cauê Cecilio da Silva,
8,Mateo Cassierra,https://fbref.com/en/players/0f714df2/Mateo-Cassierra,9,9,co COL,CM,23-201,31,0,0,0,0,1,0,0,0,14,0,0,0,0.0,0.0,0.0,0,0,8,12,66.7,2,11,0,0,0,https://fbref.com/en/players/0f714df2/Mateo-Cassierra-Mateo Cassierra,
9,Rúben Lima,https://fbref.com/en/players/bd9be778/Ruben-Lima,5,5,pt POR,WB,31-028,90,0,0,0,0,1,0,1,0,77,0,0,0,0.0,0.0,0.1,3,0,50,69,72.5,4,34,0,1,1,https://fbref.com/en/players/bd9be778/Ruben-Lima-Rúben Lima,
10,Tiago Esgaio,https://fbref.com/en/players/9c14a96b/Tiago-Esgaio,13,13,pt POR,WB,25-091,90,0,0,0,0,2,1,0,0,94,4,1,1,0.3,0.3,0.0,0,0,59,85,69.4,8,41,2,1,1,https://fbref.com/en/players/9c14a96b/Tiago-Esgaio-Tiago Esgaio,
11,Tomás Ribeiro,https://fbref.com/en/players/6603fa16/Tomas-Ribeiro,4,4,pt POR,CB,21-184,90,0,0,0,0,1,0,0,0,97,1,1,1,0.0,0.0,0.0,3,0,75,88,85.2,13,55,5,0,0,https://fbref.com/en/players/6603fa16/Tomas-Ribeiro-Tomás Ribeiro,
12,Danny Henriques,https://fbref.com/en/players/0571e024/Danny-Henriques,14,14,nl NED,CB,23-094,81,0,0,0,0,0,0,0,0,51,0,0,0,0.0,0.0,0.0,0,0,41,48,85.4,1,36,0,1,1,https://fbref.com/en/players/0571e024/Danny-Henriques-Danny Henriques,
13,Francisco Chico,https://fbref.com/en/players/647bf324/Francisco-Chico,19,19,pt POR,CB,22-188,9,0,0,0,0,0,0,0,0,11,0,0,0,0.0,0.0,0.0,0,0,7,10,70.0,1,9,1,0,0,https://fbref.com/en/players/647bf324/Francisco-Chico-Francisco Chico,
14,Henrique,https://fbref.com/en/players/429163de/Henrique,26,26,br BRA,CB,34-017,90,0,1,0,0,2,0,1,0,94,2,0,2,0.1,0.1,0.3,1,0,69,80,86.3,8,58,3,0,0,https://fbref.com/en/players/429163de/Henrique-Henrique,
15,Stanislav Kritsyuk,https://fbref.com/en/players/b8798a46/Stanislav-Kritsyuk,23,23,ru RUS,GK,29-335,90,0,0,0,0,0,0,0,0,37,0,1,0,0.0,0.0,0.0,0,0,23,32,71.9,0,16,0,0,0,https://fbref.com/en/players/b8798a46/Stanislav-Kritsyuk-Stanislav Kritsyuk,
