,Player Name,Player Number,Player,#,Nation,Pos,Age,Min,Touches,Def Pen,Def 3rd,Mid 3rd,Att 3rd,Att Pen,Live,Att,Succ,Succ%,Tkld,Tkld%,Carries,TotDist,PrgDist,PrgC,1/3,CPA,Mis,Dis,Rec,PrgR,Player Key,Player Link
0,Edi Semedo,https://fbref.com/en/players/123e2e04/Edi-Semedo,7,7,pt POR,FW,21-299,59,13,0,1,4,8,2,13,4,2,50.0,2,50.0,6,38,0,0,0,0,1,0,8,3,https://fbref.com/en/players/123e2e04/Edi-Semedo-Edi Semedo,
1,Robinho Vieira,https://fbref.com/en/players/00fc3cfb/Robinho-Vieira,17,17,pt POR,FW,23-092,31,24,0,4,16,5,1,24,0,0,,0,,14,73,24,1,0,0,3,3,19,3,https://fbref.com/en/players/00fc3cfb/Robinho-Vieira-Robinho Vieira,
2,Silvestre Varela,https://fbref.com/en/players/9dffef9e/Silvestre-Varela,10,10,pt POR,AM,35-272,90,60,0,4,27,30,0,60,3,2,66.7,1,33.3,35,158,64,1,2,0,2,3,43,10,https://fbref.com/en/players/9dffef9e/Silvestre-Varela-Silvestre Varela,
3,Richard,https://fbref.com/en/players/568c89c5/Richard,22,22,br BRA,AM,21-020,45,16,0,0,3,14,3,16,1,0,0.0,1,100.0,11,35,6,1,0,1,0,2,11,4,https://fbref.com/en/players/568c89c5/Richard-Richard,
4,Afonso Sousa,https://fbref.com/en/players/f3f47ebd/Afonso-Sousa,28,28,pt POR,AM,20-181,45,11,0,1,3,8,1,11,0,0,,0,,8,107,15,0,0,0,2,2,9,0,https://fbref.com/en/players/f3f47ebd/Afonso-Sousa-Afonso Sousa,
5,Afonso Taira,https://fbref.com/en/players/d5696a58/Afonso-Taira,20,20,pt POR,CM,28-136,80,49,1,10,36,4,0,49,2,0,0.0,2,100.0,17,94,45,0,0,0,2,0,27,0,https://fbref.com/en/players/d5696a58/Afonso-Taira-Afonso Taira,
6,Bruno Ramires,https://fbref.com/en/players/6ca3ad8f/Bruno-Ramires,6,6,br BRA,CM,26-227,10,11,0,0,10,1,1,11,0,0,,0,,8,42,21,0,0,0,0,0,9,0,https://fbref.com/en/players/6ca3ad8f/Bruno-Ramires-Bruno Ramires,
7,Cauê Cecilio da Silva,https://fbref.com/en/players/dcd0a712/Caue-Cecilio-da-Silva,8,8,br BRA,CM,31-160,59,32,0,3,20,10,0,32,0,0,,0,,18,61,8,0,0,0,0,2,23,3,https://fbref.com/en/players/dcd0a712/Caue-Cecilio-da-Silva-Cauê Cecilio da Silva,
8,Mateo Cassierra,https://fbref.com/en/players/0f714df2/Mateo-Cassierra,9,9,co COL,CM,23-201,31,14,0,0,5,9,4,14,0,0,,0,,11,30,9,0,0,0,0,0,14,8,https://fbref.com/en/players/0f714df2/Mateo-Cassierra-Mateo Cassierra,
9,Rúben Lima,https://fbref.com/en/players/bd9be778/Ruben-Lima,5,5,pt POR,WB,31-028,90,77,3,15,35,27,0,77,1,1,100.0,0,0.0,34,96,49,0,1,0,2,1,43,9,https://fbref.com/en/players/bd9be778/Ruben-Lima-Rúben Lima,
10,Tiago Esgaio,https://fbref.com/en/players/9c14a96b/Tiago-Esgaio,13,13,pt POR,WB,25-091,90,94,1,14,50,31,2,94,1,1,100.0,0,0.0,41,159,95,2,1,0,1,0,62,9,https://fbref.com/en/players/9c14a96b/Tiago-Esgaio-Tiago Esgaio,
11,Tomás Ribeiro,https://fbref.com/en/players/6603fa16/Tomas-Ribeiro,4,4,pt POR,CB,21-184,90,97,8,42,44,11,1,97,0,0,,0,,55,290,227,5,0,0,0,0,68,2,https://fbref.com/en/players/6603fa16/Tomas-Ribeiro-Tomás Ribeiro,
12,Danny Henriques,https://fbref.com/en/players/0571e024/Danny-Henriques,14,14,nl NED,CB,23-094,81,51,1,33,16,2,1,51,1,1,100.0,0,0.0,36,124,55,0,0,0,0,0,43,0,https://fbref.com/en/players/0571e024/Danny-Henriques-Danny Henriques,
13,Francisco Chico,https://fbref.com/en/players/647bf324/Francisco-Chico,19,19,pt POR,CB,22-188,9,11,1,1,3,7,1,11,0,0,,0,,9,27,16,1,0,1,0,0,9,4,https://fbref.com/en/players/647bf324/Francisco-Chico-Francisco Chico,
14,Henrique,https://fbref.com/en/players/429163de/Henrique,26,26,br BRA,CB,34-017,90,94,5,36,51,7,2,94,0,0,,0,,58,295,190,3,0,0,2,1,68,3,https://fbref.com/en/players/429163de/Henrique-Henrique,
15,Stanislav Kritsyuk,https://fbref.com/en/players/b8798a46/Stanislav-Kritsyuk,23,23,ru RUS,GK,29-335,90,37,29,36,1,0,0,37,0,0,,0,,16,49,17,0,0,0,0,0,12,0,https://fbref.com/en/players/b8798a46/Stanislav-Kritsyuk-Stanislav Kritsyuk,
