,Player Name,Player Number,Player,#,Nation,Pos,Age,Min,CrdY,CrdR,2CrdY,Fls,Fld,Off,Crs,Int,TklW,PKwon,PKcon,OG,Recov,Won,Lost,Won%,Player Key,Player Link
0,Nikola Stojiljković,https://fbref.com/en/players/ca3e2783/Nikola-Stojiljkovic,9,9,rs SRB,FW,28-075,75,0,0,0,3,1,0,0,1,1,0,0,0,2,3,2,60.0,https://fbref.com/en/players/ca3e2783/Nikola-Stojiljkovic-Nikola Stojiljković,
1,Jonatan Lucca,https://fbref.com/en/players/b04f4533/Jonatan-Lucca,47,47,br BRA,FW,26-151,15,0,0,0,1,1,0,0,0,0,0,0,0,1,0,0,,https://fbref.com/en/players/b04f4533/Jonatan-Lucca-Jonatan Lucca,
2,Braian Mansilla,https://fbref.com/en/players/e4c37819/Braian-Mansilla,11,11,ar ARG,LW,23-198,75,0,0,0,1,4,2,1,1,2,0,0,0,0,1,3,25.0,https://fbref.com/en/players/e4c37819/Braian-Mansilla-Braian Mansilla,
3,Pedro,https://fbref.com/en/players/17758df6/Pedro,96,96,br BRA,LW,23-358,14,0,1,0,1,0,0,0,0,0,0,0,0,1,1,1,50.0,https://fbref.com/en/players/17758df6/Pedro-Pedro,
4,Ryan Gauld,https://fbref.com/en/players/862e93c2/Ryan-Gauld,23,23,sct SCO,RW,24-320,90,0,0,0,0,1,0,10,0,0,0,0,0,3,0,0,,https://fbref.com/en/players/862e93c2/Ryan-Gauld-Ryan Gauld,
5,Bilel Aouacheria,https://fbref.com/en/players/77bbc5b1/Bilel-Aouacheria,26,26,fr FRA,AM,26-212,66,0,0,0,1,1,0,2,1,0,0,0,0,3,0,4,0.0,https://fbref.com/en/players/77bbc5b1/Bilel-Aouacheria-Bilel Aouacheria,
6,Hugo Seco,https://fbref.com/en/players/68ee9021/Hugo-Seco,7,7,pt POR,AM,32-136,24,0,0,0,0,2,0,0,1,1,2,0,0,1,0,0,,https://fbref.com/en/players/68ee9021/Hugo-Seco-Hugo Seco,
7,Fabrício Isidoro,https://fbref.com/en/players/b70ca4b5/Fabricio-Isidoro,14,14,br BRA,DM,28-277,87,0,0,0,2,1,0,0,5,2,0,0,0,6,0,1,0.0,https://fbref.com/en/players/b70ca4b5/Fabricio-Isidoro-Fabrício Isidoro,
8,Filipe Melo,https://fbref.com/en/players/3220a3ef/Filipe-Melo,6,6,pt POR,DM,30-363,3,0,0,0,0,0,0,0,0,0,0,0,0,0,0,0,,https://fbref.com/en/players/3220a3ef/Filipe-Melo-Filipe Melo,
9,Amine Oudrhiri,https://fbref.com/en/players/49c9c79a/Amine-Oudrhiri,5,5,ma MAR,DM,27-362,90,0,0,0,0,1,0,0,2,0,0,0,0,2,0,0,,https://fbref.com/en/players/49c9c79a/Amine-Oudrhiri-Amine Oudrhiri,
10,Fábio Alexandre da Silva Nunes,https://fbref.com/en/players/7cfc2860/Fabio-Alexandre-da-Silva-Nunes,92,92,pt POR,LB,28-099,90,0,0,0,1,2,0,3,3,0,0,0,0,9,0,1,0.0,https://fbref.com/en/players/7cfc2860/Fabio-Alexandre-da-Silva-Nunes-Fábio Alexandre da Silva Nunes,
11,Eduardo Mancha,https://fbref.com/en/players/56e74f66/Eduardo-Mancha,95,95,br BRA,CB,24-342,90,0,0,0,1,1,0,0,1,1,0,0,0,2,2,3,40.0,https://fbref.com/en/players/56e74f66/Eduardo-Mancha-Eduardo Mancha,
12,Claudio Falcão,https://fbref.com/en/players/56077210/Claudio-Falcao,29,29,br BRA,CB,26-120,90,0,0,0,0,0,0,0,3,3,0,0,0,2,6,2,75.0,https://fbref.com/en/players/56077210/Claudio-Falcao-Claudio Falcão,
13,Alexandre Pinto,https://fbref.com/en/players/b05d8d93/Alexandre-Pinto,78,78,pt POR,RB,22-115,90,0,0,0,1,0,0,3,2,1,0,0,0,4,2,0,100.0,https://fbref.com/en/players/b05d8d93/Alexandre-Pinto-Alexandre Pinto,
14,Rafael Defendi,https://fbref.com/en/players/317d3e7b/Rafael-Defendi,12,12,br BRA,GK,36-314,90,0,0,0,0,0,0,0,0,0,0,0,0,1,0,0,,https://fbref.com/en/players/317d3e7b/Rafael-Defendi-Rafael Defendi,
