,Minute,Player,Squad,xG,PSxG,Outcome,Distance,Body Part,Notes,SCA 1 Player,SCA 1 Event,SCA 2 Player,SCA 2 Event
0,5,Eduardo Mancha,Farense,0.08,,Off Target,8,Head,,Ryan Gauld,Pass (Dead),Fábio Alexandre da Silva Nunes,Pass (Live)
1,9,Tiago Esgaio,B-SAD,0.03,,Off Target,25,Right Foot,Volley,,,,
2,12,Eduardo Mancha,Farense,0.07,,Blocked,10,Head,,Ryan Gauld,Pass (Dead),Alexandre Pinto,Pass (Live)
3,20,Rúben Lima,B-SAD,0.03,,Blocked,24,Left Foot,,Edi Semedo,Pass (Live),Silvestre Varela,Pass (Dead)
4,29,Silvestre Varela,B-SAD,0.05,,Blocked,31,Right Foot,Free kick,Tomás Ribeiro,Fouled,Tomás Ribeiro,Pass (Live)
5,30,Braian Mansilla,Farense,0.03,,Blocked,30,Left Foot,,Ryan Gauld,Pass (Live),,
6,30,Amine Oudrhiri,Farense,0.04,,Blocked,23,Right Foot,,Bilel Aouacheria,Pass (Live),Braian Mansilla,Shot
7,30,Amine Oudrhiri,Farense,0.04,,Off Target,23,Left Foot,,Amine Oudrhiri,Shot,,
8,37,Nikola Stojiljković,Farense,0.08,,Blocked,16,Right Foot,,Bilel Aouacheria,Pass (Live),Ryan Gauld,Pass (Live)
9,38,Henrique,B-SAD,0.02,,Blocked,38,Right Foot,,Silvestre Varela,Pass (Live),Cauê Cecilio da Silva,Pass (Live)
10,39,Henrique,B-SAD,0.06,,Off Target,11,Head,,Rúben Lima,Pass (Dead),Henrique,Shot
11,45,Edi Semedo,B-SAD,0.26,0.22,Saved,15,Left Foot,,Silvestre Varela,Pass (Live),,
12,45,Tiago Esgaio,B-SAD,0.23,0.13,Saved,10,Right Foot,,Edi Semedo,Shot,,
13,,,,,,,,,,,,,
14,54,Ryan Gauld,Farense,0.40,,Off Target,7,Head,,Alexandre Pinto,Pass (Live),Bilel Aouacheria,Pass (Live)
15,58,Tomás Ribeiro,B-SAD,0.03,,Off Target,29,Left Foot,,Rúben Lima,Pass (Live),Silvestre Varela,Pass (Live)
16,64,Mateo Cassierra,B-SAD,0.04,,Off Target,16,Right Foot,,Silvestre Varela,Pass (Live),Rúben Lima,Pass (Live)
17,66,Silvestre Varela,B-SAD,0.03,,Off Target,26,Right Foot,,Afonso Taira,Pass (Live),Tomás Ribeiro,Pass (Live)
18,69,Ryan Gauld(pen),Farense,0.79,0.98,Goal,13,Left Foot,,Hugo Seco,Fouled,Fábio Alexandre da Silva Nunes,Pass (Live)
19,72,Claudio Falcão,Farense,0.04,0.03,Saved,15,Head,,Ryan Gauld,Pass (Dead),Braian Mansilla,Fouled
20,79,Jonatan Lucca(pen),Farense,0.79,,Woodwork,13,Right Foot,,Hugo Seco,Fouled,Pedro,Pass (Live)
21,90+8,Bruno Ramires,B-SAD,0.27,0.21,Goal,16,Right Foot,,,,,
