season,injury,from,until,days,missed_games
23/24,Fitness,"May 14, 2024","May 31, 2024",17 days,3
23/24,unknown injury,"Mar 1, 2024","May 13, 2024",73 days,10
22/23,Knee problems,"Feb 1, 2023","Feb 10, 2023",9 days,1
20/21,Ill,"Nov 5, 2020","Nov 18, 2020",13 days,3
19/20,muscular problems,"May 30, 2020","Jun 11, 2020",12 days,1
19/20,unknown injury,"Sep 18, 2019","Sep 27, 2019",9 days,2
18/19,unknown injury,"May 23, 2019","Jun 24, 2019",32 days,3
18/19,Torn muscle fiber,"Nov 17, 2018","Jan 21, 2019",65 days,6
18/19,unknown injury,"Sep 28, 2018","Oct 1, 2018",3 days,1
17/18,unknown injury,"May 3, 2018","May 16, 2018",13 days,3
16/17,unknown injury,"Mar 8, 2017","Mar 15, 2017",7 days,1
16/17,unknown injury,"Feb 1, 2017","Feb 9, 2017",8 days,1
