season,injury,from,until,days,missed_games
15/16,unknown injury,"May 11, 2016","Jun 1, 2016",21 days,3
15/16,Adductor pain,"Oct 18, 2015","Oct 23, 2015",5 days,1
14/15,Thigh problems,"May 1, 2015","Jun 1, 2015",31 days,5
14/15,Leg injury,"Mar 2, 2015","Mar 9, 2015",7 days,1
12/13,Hamstring strain,"May 22, 2013","Jun 1, 2013",10 days,1
12/13,Hamstring strain,"May 22, 2013","Jun 1, 2013",10 days,1
12/13,Calf injury,"Apr 12, 2013","Apr 19, 2013",7 days,2
12/13,Knee bruise,"Nov 11, 2012","Nov 21, 2012",10 days,2
