season,injury,from,until,days,missed_games
23/24,Muscle injury,"May 13, 2024","May 19, 2024",6 days,1
22/23,Fever,"Jan 21, 2023","Jan 23, 2023",2 days,1
22/23,Hamstring strain,"Sep 23, 2022","Oct 6, 2022",13 days,3
21/22,Fitness,"Feb 28, 2022","Mar 15, 2022",15 days,3
21/22,Ligament injury,"Dec 3, 2021","Feb 28, 2022",87 days,24
21/22,Fitness,"Oct 31, 2021","Nov 5, 2021",5 days,1
21/22,Capsular injury,"Sep 11, 2021","Oct 31, 2021",50 days,15
20/21,Hamstring strain,"May 1, 2021","May 10, 2021",9 days,2
20/21,Hamstring strain,"Sep 1, 2020","Nov 7, 2020",67 days,13
19/20,unknown injury,"Jul 7, 2020","Jul 10, 2020",3 days,1
19/20,Hamstring strain,"Dec 6, 2019","Dec 19, 2019",13 days,4
19/20,Hamstring strain,"Oct 6, 2019","Nov 8, 2019",33 days,9
19/20,Ill,"Oct 3, 2019","Oct 4, 2019",1 days,1
19/20,Ill,"Oct 2, 2019","Oct 4, 2019",2 days,1
18/19,Hamstring injury,"Feb 20, 2019","May 9, 2019",78 days,13
