,Player Name,Player Number,Player,#,Nation,Pos,Age,Min,Touches,Def Pen,Def 3rd,Mid 3rd,Att 3rd,Att Pen,Live,Att,Succ,Succ%,Tkld,Tkld%,Carries,TotDist,PrgDist,PrgC,1/3,CPA,Mis,Dis,Rec,PrgR,Player Key,Player Link
0,Scott Hogan,https://fbref.com/en/players/cdda4027/Scott-Hogan,9,9,ie IRL,FW,28-320,70,18,0,0,9,9,1,18,0,0,,0,,5,23,5,0,0,0,1,2,13,2,https://fbref.com/en/players/cdda4027/Scott-Hogan-Scott Hogan,
1,Lukas Jutkiewicz,https://fbref.com/en/players/3943a06f/Lukas-Jutkiewicz,10,10,eng ENG,FW,31-336,20,9,0,0,4,5,0,9,0,0,,0,,2,6,0,0,0,0,3,0,6,1,https://fbref.com/en/players/3943a06f/Lukas-Jutkiewicz-Lukas Jutkiewicz,
2,Jérémie Bela,https://fbref.com/en/players/5680bf3f/Jeremie-Bela,11,11,ao ANG,LM,27-325,62,39,0,1,7,31,4,39,1,0,0.0,1,100.0,19,76,35,1,0,0,5,0,29,13,https://fbref.com/en/players/5680bf3f/Jeremie-Bela-Jérémie Bela,
3,Jonathan Leko,https://fbref.com/en/players/76b5cbbd/Jonathan-Leko,14,14,eng ENG,LM,21-309,28,8,0,1,5,2,0,8,0,0,,0,,3,10,0,0,0,0,1,0,6,0,https://fbref.com/en/players/76b5cbbd/Jonathan-Leko-Jonathan Leko,
4,Gary Gardner,https://fbref.com/en/players/d9d58641/Gary-Gardner,20,20,eng ENG,CM,28-243,62,44,0,3,31,12,1,44,2,1,50.0,1,50.0,15,80,39,1,0,0,1,1,25,2,https://fbref.com/en/players/d9d58641/Gary-Gardner-Gary Gardner,
5,Alen Halilović,https://fbref.com/en/players/a6b9bd00/Alen-Halilovic,35,35,hr CRO,CM,24-254,28,19,0,2,12,5,0,19,1,1,100.0,0,0.0,10,67,4,0,0,0,2,0,11,2,https://fbref.com/en/players/a6b9bd00/Alen-Halilovic-Alen Halilović,
6,Rekeem Harper,https://fbref.com/en/players/3c066877/Rekeem-Harper,24,24,eng ENG,CM,20-356,90,35,2,13,22,1,0,35,0,0,,0,,12,36,3,0,0,0,5,2,19,2,https://fbref.com/en/players/3c066877/Rekeem-Harper-Rekeem Harper,
7,Iván Sánchez,https://fbref.com/en/players/70107d4d/Ivan-Sanchez,17,17,es ESP,RM,28-157,89,45,2,7,17,21,1,45,0,0,,0,,22,161,67,4,1,1,2,0,30,3,https://fbref.com/en/players/70107d4d/Ivan-Sanchez-Iván Sánchez,
8,Yan Valery,https://fbref.com/en/players/531a4aa8/Yan-Valery,6,6,tn TUN,RM,22-005,1,2,0,0,1,1,0,2,0,0,,0,,0,0,0,0,0,0,0,1,1,1,https://fbref.com/en/players/531a4aa8/Yan-Valery-Yan Valery,
9,Ivan Šunjić,https://fbref.com/en/players/e18098de/Ivan-Sunjic,34,34,hr CRO,DM,24-141,90,42,1,5,27,10,0,42,0,0,,0,,15,42,12,0,2,0,1,0,24,0,https://fbref.com/en/players/e18098de/Ivan-Sunjic-Ivan Šunjić,
10,Kristian Pedersen,https://fbref.com/en/players/5154b2ba/Kristian-Pedersen,3,3,dk DEN,LB,26-207,90,84,1,26,34,25,2,84,1,1,100.0,0,0.0,16,71,31,2,2,0,0,1,37,1,https://fbref.com/en/players/5154b2ba/Kristian-Pedersen-Kristian Pedersen,
11,Jake Clarke-Salter,https://fbref.com/en/players/0df092d3/Jake-Clarke-Salter,15,15,eng ENG,CB,23-158,62,37,0,16,21,0,0,37,0,0,,0,,12,27,4,0,0,0,2,0,14,0,https://fbref.com/en/players/0df092d3/Jake-Clarke-Salter-Jake Clarke-Salter,
12,Marc Roberts,https://fbref.com/en/players/51907c14/Marc-Roberts,4,4,eng ENG,CB,30-216,28,20,1,11,6,3,0,20,0,0,,0,,7,16,2,0,0,0,1,0,7,1,https://fbref.com/en/players/51907c14/Marc-Roberts-Marc Roberts,
13,Harlee Dean,https://fbref.com/en/players/483bec75/Harlee-Dean,12,12,eng ENG,CB,29-216,90,56,7,34,20,2,1,56,1,1,100.0,0,0.0,12,71,38,1,0,0,1,1,14,0,https://fbref.com/en/players/483bec75/Harlee-Dean-Harlee Dean,
14,Maxime Colin,https://fbref.com/en/players/2f71c116/Maxime-Colin,2,2,fr FRA,RB,29-104,90,68,2,19,35,15,1,68,5,5,100.0,0,0.0,27,262,144,7,2,0,2,1,30,5,https://fbref.com/en/players/2f71c116/Maxime-Colin-Maxime Colin,
15,Neil Etheridge,https://fbref.com/en/players/2642bf6c/Neil-Etheridge,30,30,ph PHI,GK,31-020,90,32,26,32,0,0,0,32,0,0,,0,,11,107,61,0,0,0,0,0,7,0,https://fbref.com/en/players/2642bf6c/Neil-Etheridge-Neil Etheridge,
