,Player Name,Player Number,Player,#,Nation,Pos,Age,Min,Tkl,TklW,Def 3rd,Mid 3rd,Att 3rd,Tkl,Att,Tkl%,Lost,Blocks,Sh,Pass,Int,Tkl+Int,Clr,Err,Player Key,Player Link
0,Scott Hogan,https://fbref.com/en/players/cdda4027/Scott-Hogan,9,9,ie IRL,FW,28-320,70,0,0,0,0,0,0,0,,0,0,0,0,0,0,0,0,https://fbref.com/en/players/cdda4027/Scott-Hogan-Scott Hogan,
1,Lukas Jutkiewicz,https://fbref.com/en/players/3943a06f/Lukas-Jutkiewicz,10,10,eng ENG,FW,31-336,20,0,0,0,0,0,0,0,,0,2,0,2,0,0,0,0,https://fbref.com/en/players/3943a06f/Lukas-Jutkiewicz-Lukas Jutkiewicz,
2,Jérémie Bela,https://fbref.com/en/players/5680bf3f/Jeremie-Bela,11,11,ao ANG,LM,27-325,62,0,0,0,0,0,0,0,,0,0,0,0,1,1,0,0,https://fbref.com/en/players/5680bf3f/Jeremie-Bela-Jérémie Bela,
3,Jonathan Leko,https://fbref.com/en/players/76b5cbbd/Jonathan-Leko,14,14,eng ENG,LM,21-309,28,0,0,0,0,0,0,1,0.0,1,2,0,2,0,0,0,0,https://fbref.com/en/players/76b5cbbd/Jonathan-Leko-Jonathan Leko,
4,Gary Gardner,https://fbref.com/en/players/d9d58641/Gary-Gardner,20,20,eng ENG,CM,28-243,62,1,1,0,1,0,0,0,,0,0,0,0,0,1,0,0,https://fbref.com/en/players/d9d58641/Gary-Gardner-Gary Gardner,
5,Alen Halilović,https://fbref.com/en/players/a6b9bd00/Alen-Halilovic,35,35,hr CRO,CM,24-254,28,0,0,0,0,0,0,0,,0,0,0,0,0,0,0,0,https://fbref.com/en/players/a6b9bd00/Alen-Halilovic-Alen Halilović,
6,Rekeem Harper,https://fbref.com/en/players/3c066877/Rekeem-Harper,24,24,eng ENG,CM,20-356,90,2,1,1,1,0,1,1,100.0,0,1,0,1,1,3,0,0,https://fbref.com/en/players/3c066877/Rekeem-Harper-Rekeem Harper,
7,Iván Sánchez,https://fbref.com/en/players/70107d4d/Ivan-Sanchez,17,17,es ESP,RM,28-157,89,2,1,2,0,0,2,3,66.7,1,0,0,0,1,3,0,0,https://fbref.com/en/players/70107d4d/Ivan-Sanchez-Iván Sánchez,
8,Yan Valery,https://fbref.com/en/players/531a4aa8/Yan-Valery,6,6,tn TUN,RM,22-005,1,0,0,0,0,0,0,0,,0,0,0,0,0,0,0,0,https://fbref.com/en/players/531a4aa8/Yan-Valery-Yan Valery,
9,Ivan Šunjić,https://fbref.com/en/players/e18098de/Ivan-Sunjic,34,34,hr CRO,DM,24-141,90,0,0,0,0,0,0,1,0.0,1,1,0,1,1,1,1,0,https://fbref.com/en/players/e18098de/Ivan-Sunjic-Ivan Šunjić,
10,Kristian Pedersen,https://fbref.com/en/players/5154b2ba/Kristian-Pedersen,3,3,dk DEN,LB,26-207,90,2,1,1,1,0,1,1,100.0,0,1,0,1,0,2,2,0,https://fbref.com/en/players/5154b2ba/Kristian-Pedersen-Kristian Pedersen,
11,Jake Clarke-Salter,https://fbref.com/en/players/0df092d3/Jake-Clarke-Salter,15,15,eng ENG,CB,23-158,62,1,0,0,1,0,0,0,,0,0,0,0,0,1,1,0,https://fbref.com/en/players/0df092d3/Jake-Clarke-Salter-Jake Clarke-Salter,
12,Marc Roberts,https://fbref.com/en/players/51907c14/Marc-Roberts,4,4,eng ENG,CB,30-216,28,0,0,0,0,0,0,0,,0,0,0,0,0,0,0,0,https://fbref.com/en/players/51907c14/Marc-Roberts-Marc Roberts,
13,Harlee Dean,https://fbref.com/en/players/483bec75/Harlee-Dean,12,12,eng ENG,CB,29-216,90,2,1,1,1,0,1,1,100.0,0,2,2,0,2,4,5,0,https://fbref.com/en/players/483bec75/Harlee-Dean-Harlee Dean,
14,Maxime Colin,https://fbref.com/en/players/2f71c116/Maxime-Colin,2,2,fr FRA,RB,29-104,90,0,0,0,0,0,0,0,,0,3,1,2,3,3,3,0,https://fbref.com/en/players/2f71c116/Maxime-Colin-Maxime Colin,
15,Neil Etheridge,https://fbref.com/en/players/2642bf6c/Neil-Etheridge,30,30,ph PHI,GK,31-020,90,0,0,0,0,0,0,0,,0,0,0,0,0,0,0,0,https://fbref.com/en/players/2642bf6c/Neil-Etheridge-Neil Etheridge,
