,Player Name,Player Number,Player,#,Nation,Pos,Age,Min,Gls,Ast,PK,PKatt,Sh,SoT,CrdY,CrdR,Touches,Tkl,Int,Blocks,xG,npxG,xAG,SCA,GCA,Cmp,Att,Cmp%,PrgP,Carries,PrgC,Att,Succ,Player Key,Player Link
0,Charlie Austin,https://fbref.com/en/players/8d228291/Charlie-Austin,45,45,eng ENG,FW,31-237,54,1,0,0,0,2,1,0,0,15,0,0,1,0.9,0.9,0.0,2,1,4,10,40.0,0,7,0,0,0,https://fbref.com/en/players/8d228291/Charlie-Austin-Charlie Austin,
1,Lyndon Dykes,https://fbref.com/en/players/cd92357a/Lyndon-Dykes,9,9,sct SCO,FW,25-143,36,0,0,0,0,2,1,0,0,25,0,0,2,0.2,0.2,0.0,0,0,8,15,53.3,2,12,1,1,0,https://fbref.com/en/players/cd92357a/Lyndon-Dykes-Lyndon Dykes,
2,Macauley Bonne,https://fbref.com/en/players/9ca8b21c/Macauley-Bonne,7,7,zw ZIM,FW,25-124,86,0,0,0,0,1,0,1,0,25,0,0,0,0.1,0.1,0.0,1,0,6,20,30.0,2,12,0,0,0,https://fbref.com/en/players/9ca8b21c/Macauley-Bonne-Macauley Bonne,
3,Charlie Kelman,https://fbref.com/en/players/d7cf39b1/Charlie-Kelman,29,29,us USA,FW,19-117,4,0,0,0,0,0,0,0,0,2,0,0,0,0.0,0.0,0.0,0,0,1,1,100.0,0,1,0,0,0,https://fbref.com/en/players/d7cf39b1/Charlie-Kelman-Charlie Kelman,
4,Chris Willock,https://fbref.com/en/players/be0bd828/Chris-Willock,21,21,eng ENG,AM,23-027,55,0,0,0,0,0,0,1,0,17,1,0,0,0.0,0.0,0.6,2,0,12,13,92.3,1,10,0,2,0,https://fbref.com/en/players/be0bd828/Chris-Willock-Chris Willock,
5,Sam Field,https://fbref.com/en/players/bd8a7d05/Sam-Field,15,15,eng ENG,AM,22-295,35,0,0,0,0,1,0,0,0,19,0,1,0,0.0,0.0,0.0,0,0,10,16,62.5,2,10,0,0,0,https://fbref.com/en/players/bd8a7d05/Sam-Field-Sam Field,
6,Stefan Johansen,https://fbref.com/en/players/a48da055/Stefan-Johansen,14,14,no NOR,CM,30-050,86,0,0,0,0,2,0,0,0,48,2,0,0,0.6,0.6,0.1,3,0,21,37,56.8,1,14,1,0,0,https://fbref.com/en/players/a48da055/Stefan-Johansen-Stefan Johansen,
7,Albert Adomah,https://fbref.com/en/players/c7174e81/Albert-Adomah,37,37,gh GHA,CM,33-076,4,0,0,0,0,0,0,0,0,3,0,0,0,0.0,0.0,0.1,1,0,1,2,50.0,0,2,0,0,0,https://fbref.com/en/players/c7174e81/Albert-Adomah-Albert Adomah,
8,Dominic Ball,https://fbref.com/en/players/79d61875/Dominic-Ball,12,12,eng ENG,CM,25-209,90,0,0,0,0,1,0,0,0,55,3,2,3,0.1,0.1,0.0,0,0,21,36,58.3,5,17,0,1,0,https://fbref.com/en/players/79d61875/Dominic-Ball-Dominic Ball,
9,Niko Hämäläinen,https://fbref.com/en/players/4435db1e/Niko-Hamalainen,25,25,fi FIN,WB,23-359,90,0,0,0,0,0,0,0,0,44,2,0,0,0.0,0.0,0.0,1,0,21,38,55.3,2,14,0,2,1,https://fbref.com/en/players/4435db1e/Niko-Hamalainen-Niko Hämäläinen,
10,Todd Kane,https://fbref.com/en/players/dd082c59/Todd-Kane,2,2,eng ENG,WB,27-163,90,0,1,0,0,0,0,0,0,59,1,1,2,0.0,0.0,1.1,3,1,23,44,52.3,2,17,1,1,1,https://fbref.com/en/players/dd082c59/Todd-Kane-Todd Kane,
11,Yoann Barbet,https://fbref.com/en/players/c52bbd2c/Yoann-Barbet,6,6,fr FRA,CB,27-293,90,0,0,0,0,0,0,0,0,52,0,0,1,0.0,0.0,0.0,1,0,27,45,60.0,4,18,0,0,0,https://fbref.com/en/players/c52bbd2c/Yoann-Barbet-Yoann Barbet,
12,Geoff Cameron,https://fbref.com/en/players/1a160ea3/Geoff-Cameron,20,20,us USA,CB,35-231,90,0,0,0,0,1,0,0,0,53,0,0,1,0.1,0.1,0.0,0,0,16,39,41.0,2,14,0,0,0,https://fbref.com/en/players/1a160ea3/Geoff-Cameron-Geoff Cameron,
13,Robert Dickie,https://fbref.com/en/players/c7dfc411/Robert-Dickie,4,4,eng ENG,CB,24-361,90,0,0,0,0,0,0,0,0,47,2,1,0,0.0,0.0,0.1,2,0,18,31,58.1,2,17,1,1,1,https://fbref.com/en/players/c7dfc411/Robert-Dickie-Robert Dickie,
14,Seny Dieng,https://fbref.com/en/players/c135cddd/Seny-Dieng,13,13,sn SEN,GK,26-096,90,0,0,0,0,0,0,0,0,30,0,0,0,0.0,0.0,0.0,0,0,14,28,50.0,0,16,0,0,0,https://fbref.com/en/players/c135cddd/Seny-Dieng-Seny Dieng,
