,Player Name,Player Number,Player,#,Nation,Pos,Age,Min,Touches,Def Pen,Def 3rd,Mid 3rd,Att 3rd,Att Pen,Live,Att,Succ,Succ%,Tkld,Tkld%,Carries,TotDist,PrgDist,PrgC,1/3,CPA,Mis,Dis,Rec,PrgR,Player Key,Player Link
0,Charlie Austin,https://fbref.com/en/players/8d228291/Charlie-Austin,45,45,eng ENG,FW,31-237,54,15,0,0,8,7,1,15,0,0,,0,,7,28,13,0,0,0,1,0,8,3,https://fbref.com/en/players/8d228291/Charlie-Austin-Charlie Austin,
1,Lyndon Dykes,https://fbref.com/en/players/cd92357a/Lyndon-Dykes,9,9,sct SCO,FW,25-143,36,25,0,0,10,15,5,25,1,0,0.0,1,100.0,12,41,16,1,0,1,2,2,15,4,https://fbref.com/en/players/cd92357a/Lyndon-Dykes-Lyndon Dykes,
2,Macauley Bonne,https://fbref.com/en/players/9ca8b21c/Macauley-Bonne,7,7,zw ZIM,FW,25-124,86,25,1,1,11,13,1,25,0,0,,0,,12,43,5,0,0,0,2,0,23,3,https://fbref.com/en/players/9ca8b21c/Macauley-Bonne-Macauley Bonne,
3,Charlie Kelman,https://fbref.com/en/players/d7cf39b1/Charlie-Kelman,29,29,us USA,FW,19-117,4,2,0,0,0,2,0,2,0,0,,0,,1,0,0,0,0,0,1,0,1,0,https://fbref.com/en/players/d7cf39b1/Charlie-Kelman-Charlie Kelman,
4,Chris Willock,https://fbref.com/en/players/be0bd828/Chris-Willock,21,21,eng ENG,AM,23-027,55,17,0,0,8,9,0,17,2,0,0.0,2,100.0,10,49,26,0,0,0,1,1,12,1,https://fbref.com/en/players/be0bd828/Chris-Willock-Chris Willock,
5,Sam Field,https://fbref.com/en/players/bd8a7d05/Sam-Field,15,15,eng ENG,AM,22-295,35,19,0,5,10,4,0,19,0,0,,0,,10,41,7,0,0,0,0,0,8,0,https://fbref.com/en/players/bd8a7d05/Sam-Field-Sam Field,
6,Stefan Johansen,https://fbref.com/en/players/a48da055/Stefan-Johansen,14,14,no NOR,CM,30-050,86,48,3,8,22,18,2,48,0,0,,0,,14,72,45,1,0,0,2,0,16,3,https://fbref.com/en/players/a48da055/Stefan-Johansen-Stefan Johansen,
7,Albert Adomah,https://fbref.com/en/players/c7174e81/Albert-Adomah,37,37,gh GHA,CM,33-076,4,3,0,0,0,3,0,3,0,0,,0,,2,2,0,0,0,0,1,0,2,2,https://fbref.com/en/players/c7174e81/Albert-Adomah-Albert Adomah,
8,Dominic Ball,https://fbref.com/en/players/79d61875/Dominic-Ball,12,12,eng ENG,CM,25-209,90,55,1,17,31,7,2,55,1,0,0.0,1,100.0,17,36,5,0,0,0,4,0,19,1,https://fbref.com/en/players/79d61875/Dominic-Ball-Dominic Ball,
9,Niko Hämäläinen,https://fbref.com/en/players/4435db1e/Niko-Hamalainen,25,25,fi FIN,WB,23-359,90,44,2,14,17,13,0,44,2,1,50.0,1,50.0,14,40,19,0,0,0,0,0,16,2,https://fbref.com/en/players/4435db1e/Niko-Hamalainen-Niko Hämäläinen,
10,Todd Kane,https://fbref.com/en/players/dd082c59/Todd-Kane,2,2,eng ENG,WB,27-163,90,59,6,24,20,15,1,59,1,1,100.0,0,0.0,17,68,35,1,0,1,3,1,21,5,https://fbref.com/en/players/dd082c59/Todd-Kane-Todd Kane,
11,Yoann Barbet,https://fbref.com/en/players/c52bbd2c/Yoann-Barbet,6,6,fr FRA,CB,27-293,90,52,6,30,22,0,0,52,0,0,,0,,18,78,29,0,0,0,0,0,23,0,https://fbref.com/en/players/c52bbd2c/Yoann-Barbet-Yoann Barbet,
12,Geoff Cameron,https://fbref.com/en/players/1a160ea3/Geoff-Cameron,20,20,us USA,CB,35-231,90,53,8,31,19,3,3,53,0,0,,0,,14,56,49,0,0,0,1,1,12,1,https://fbref.com/en/players/1a160ea3/Geoff-Cameron-Geoff Cameron,
13,Robert Dickie,https://fbref.com/en/players/c7dfc411/Robert-Dickie,4,4,eng ENG,CB,24-361,90,47,8,27,17,3,3,47,1,1,100.0,0,0.0,17,68,33,1,1,0,1,0,15,0,https://fbref.com/en/players/c7dfc411/Robert-Dickie-Robert Dickie,
14,Seny Dieng,https://fbref.com/en/players/c135cddd/Seny-Dieng,13,13,sn SEN,GK,26-096,90,30,28,30,0,0,0,30,0,0,,0,,16,94,70,0,0,0,0,0,9,0,https://fbref.com/en/players/c135cddd/Seny-Dieng-Seny Dieng,
