,Minute,Player,Squad,xG,PSxG,Outcome,Distance,Body Part,Notes,SCA 1 Player,SCA 1 Event,SCA 2 Player,SCA 2 Event
0,11,Scott Hogan,Birmingham City,0.03,,Blocked,24,Right Foot,,Jérémie Bela,Pass (Live),Scott Hogan,Pass (Live)
1,15,Gary Gardner,Birmingham City,0.03,0.31,Saved,24,Right Foot,Volley,Iván Sánchez,Pass (Live),Maxime Colin,Pass (Live)
2,20,Gary Gardner,Birmingham City,0.03,,Blocked,26,Right Foot,,Scott Hogan,Pass (Live),Ivan Šunjić,Pass (Live)
3,30,Jérémie Bela,Birmingham City,0.05,,Blocked,21,Right Foot,,Gary Gardner,Pass (Live),Jérémie Bela,Pass (Live)
4,30,Scott Hogan,Birmingham City,0.07,,Off Target,10,Head,,Iván Sánchez,Pass (Live),Maxime Colin,Pass (Live)
5,32,Dominic Ball,QPR,0.09,,Blocked,11,Right Foot,Volley,Robert Dickie,Pass (Live),Stefan Johansen,Pass (Dead)
6,35,Kristian Pedersen,Birmingham City,0.04,0.25,Saved,8,Head,,Iván Sánchez,Pass (Live),Jérémie Bela,Pass (Live)
7,35,Charlie Austin,QPR,0.04,,Off Target,22,Left Foot,Volley,Chris Willock,Pass (Live),,
8,36,Jérémie Bela,Birmingham City,0.07,0.33,Saved,11,Left Foot,,Kristian Pedersen,Pass (Live),Ivan Šunjić,Pass (Live)
9,44,Charlie Austin,QPR,0.86,0.95,Goal,2,Left Foot,Volley,Todd Kane,Pass (Live),Charlie Austin,Pass (Live)
10,,,,,,,,,,,,,
11,48,Ivan Šunjić,Birmingham City,0.02,,Blocked,29,Right Foot,,Iván Sánchez,Fouled,Maxime Colin,Pass (Live)
12,49,Stefan Johansen,QPR,0.56,,Off Target,11,Right Foot,,Chris Willock,Pass (Live),Charlie Austin,Pass (Live)
13,53,Gary Gardner,Birmingham City,0.08,,Blocked,15,Right Foot,,Iván Sánchez,Pass (Live),Gary Gardner,Pass (Live)
14,58,Stefan Johansen,QPR,0.05,,Off Target,16,Left Foot,,,,,
15,59,Sam Field,QPR,0.04,,Blocked,25,Left Foot,,Stefan Johansen,Pass (Live),Macauley Bonne,Pass (Live)
16,65,Macauley Bonne,QPR,0.05,,Off Target,15,Left Foot,,Stefan Johansen,Pass (Live),,
17,68,Alen Halilović,Birmingham City,0.05,0.07,Saved,35,Left Foot,Free kick,Jonathan Leko,Fouled,Rekeem Harper,Pass (Live)
18,78,Lyndon Dykes,QPR,0.10,0.30,Saved,8,Head,,Todd Kane,Pass (Live),Niko Hämäläinen,Pass (Live)
19,79,Lyndon Dykes,QPR,0.10,,Blocked,14,Right Foot,,Todd Kane,Pass (Live),Yoann Barbet,Pass (Live)
20,82,Kristian Pedersen,Birmingham City,0.32,0.72,Goal,9,Head,,Marc Roberts,Pass (Live),Maxime Colin,Pass (Live)
21,84,Harlee Dean,Birmingham City,0.06,,Off Target,11,Head,,Marc Roberts,Pass (Dead),Maxime Colin,Pass (Live)
22,85,Alen Halilović,Birmingham City,0.03,0.45,Goal,26,Left Foot,,Iván Sánchez,Pass (Live),Rekeem Harper,Pass (Live)
23,90+2,Geoff Cameron,QPR,0.08,,Off Target,10,Head,,Albert Adomah,Pass (Dead),Robert Dickie,Fouled
