,Player Name,Player Number,Player,#,Nation,Pos,Age,Min,Touches,Def Pen,Def 3rd,Mid 3rd,Att 3rd,Att Pen,Live,Att,Succ,Succ%,Tkld,Tkld%,Carries,TotDist,PrgDist,PrgC,1/3,CPA,Mis,Dis,Rec,PrgR,Player Key,Player Link
0,Jonathan David,https://fbref.com/en/players/ce50fd99/Jonathan-David,9,9,ca CAN,FW,20-243,82,29,0,0,13,16,5,29,2,2,100.0,0,0.0,25,121,57,3,1,3,2,2,27,7,https://fbref.com/en/players/ce50fd99/Jonathan-David-Jonathan David,
1,Timothy Weah,https://fbref.com/en/players/8eec784d/Timothy-Weah,22,22,us USA,FW,20-204,8,5,0,0,1,4,1,5,0,0,,0,,1,89,0,0,0,0,0,0,3,0,https://fbref.com/en/players/8eec784d/Timothy-Weah-Timothy Weah,
2,Burak Yılmaz,https://fbref.com/en/players/165a2e40/Burak-Yilmaz,17,17,tr TUR,FW,35-060,90,32,1,1,7,24,8,32,0,0,,0,,20,110,41,3,0,2,6,3,23,11,https://fbref.com/en/players/165a2e40/Burak-Yilmaz-Burak Yılmaz,
3,Jonathan Bamba,https://fbref.com/en/players/b2bd0f6c/Jonathan-Bamba,7,7,ci CIV,LM,24-171,90,83,1,3,31,49,3,83,5,3,60.0,2,40.0,61,352,153,7,2,2,4,5,63,13,https://fbref.com/en/players/b2bd0f6c/Jonathan-Bamba-Jonathan Bamba,
4,Boubakary Soumaré,https://fbref.com/en/players/ae59b359/Boubakary-Soumare,24,24,fr FRA,CM,21-199,90,81,2,12,52,17,1,81,1,1,100.0,0,0.0,61,260,129,1,2,0,2,4,63,5,https://fbref.com/en/players/ae59b359/Boubakary-Soumare-Boubakary Soumaré,
5,Benjamin André,https://fbref.com/en/players/ef9c1c95/Benjamin-Andre,21,21,fr FRA,CM,30-041,85,61,0,4,46,11,1,61,1,0,0.0,1,100.0,43,197,61,0,5,0,2,0,48,3,https://fbref.com/en/players/ef9c1c95/Benjamin-Andre-Benjamin André,
6,Yusuf Yazıcı,https://fbref.com/en/players/f5c8b425/Yusuf-Yazici,12,12,tr TUR,CM,23-228,5,10,0,1,8,1,0,10,0,0,,0,,6,24,5,0,0,0,0,0,7,0,https://fbref.com/en/players/f5c8b425/Yusuf-Yazici-Yusuf Yazıcı,
7,Jonathan Ikone,https://fbref.com/en/players/42eaa028/Jonathan-Ikone,10,10,fr FRA,RM,22-134,72,39,0,1,22,17,1,39,6,4,66.7,2,33.3,34,177,90,2,2,0,2,3,34,3,https://fbref.com/en/players/42eaa028/Jonathan-Ikone-Jonathan Ikone,
8,Luiz Araújo,https://fbref.com/en/players/fa18c72e/Luiz-Araujo,11,11,br BRA,RM,24-103,18,13,0,1,5,7,2,13,0,0,,0,,9,33,11,0,0,0,0,0,9,1,https://fbref.com/en/players/fa18c72e/Luiz-Araujo-Luiz Araújo,
9,Domagoj Bradarić,https://fbref.com/en/players/8bbe2df5/Domagoj-Bradaric,29,29,hr CRO,LB,20-278,90,103,2,20,51,33,3,103,2,2,100.0,0,0.0,65,457,323,9,5,1,0,0,66,5,https://fbref.com/en/players/8bbe2df5/Domagoj-Bradaric-Domagoj Bradarić,
10,Sven Botman,https://fbref.com/en/players/ccce7025/Sven-Botman,5,5,nl NED,CB,20-245,90,85,10,36,49,2,1,85,2,2,100.0,0,0.0,52,268,162,0,1,0,1,0,48,0,https://fbref.com/en/players/ccce7025/Sven-Botman-Sven Botman,
11,José Fonte,https://fbref.com/en/players/90f87966/Jose-Fonte,6,6,pt POR,CB,36-266,90,79,3,36,35,8,4,79,0,0,,0,,50,234,156,0,1,0,0,0,50,1,https://fbref.com/en/players/90f87966/Jose-Fonte-José Fonte,
12,Jérémy Pied,https://fbref.com/en/players/a634b9d2/Jeremy-Pied,26,26,fr FRA,RB,31-203,82,48,1,15,24,10,0,48,0,0,,0,,29,121,88,1,2,0,0,1,31,4,https://fbref.com/en/players/a634b9d2/Jeremy-Pied-Jérémy Pied,
13,Zeki Çelik,https://fbref.com/en/players/31a62dc7/Zeki-Celik,2,2,tr TUR,RB,23-209,8,9,1,5,1,3,0,9,0,0,,0,,5,87,8,0,0,0,1,0,5,0,https://fbref.com/en/players/31a62dc7/Zeki-Celik-Zeki Çelik,
14,Mike Maignan,https://fbref.com/en/players/fcb38f57/Mike-Maignan,16,16,fr FRA,GK,25-072,90,25,23,25,0,0,0,25,0,0,,0,,16,70,41,0,0,0,0,0,9,0,https://fbref.com/en/players/fcb38f57/Mike-Maignan-Mike Maignan,
