,Player Name,Player Number,Player,#,Nation,Pos,Age,Min,CrdY,CrdR,2CrdY,Fls,Fld,Off,Crs,Int,TklW,PKwon,PKcon,OG,Recov,Won,Lost,Won%,Player Key,Player Link
0,Jonathan David,https://fbref.com/en/players/ce50fd99/Jonathan-David,9,9,ca CAN,FW,20-243,82,0,0,0,0,2,0,0,0,0,0,0,0,3,1,1,50.0,https://fbref.com/en/players/ce50fd99/Jonathan-David-Jonathan David,
1,Timothy Weah,https://fbref.com/en/players/8eec784d/Timothy-Weah,22,22,us USA,FW,20-204,8,0,0,0,0,0,0,0,0,0,0,0,0,0,2,0,100.0,https://fbref.com/en/players/8eec784d/Timothy-Weah-Timothy Weah,
2,Burak Yılmaz,https://fbref.com/en/players/165a2e40/Burak-Yilmaz,17,17,tr TUR,FW,35-060,90,0,0,0,2,1,1,2,0,0,0,0,0,1,2,8,20.0,https://fbref.com/en/players/165a2e40/Burak-Yilmaz-Burak Yılmaz,
3,Jonathan Bamba,https://fbref.com/en/players/b2bd0f6c/Jonathan-Bamba,7,7,ci CIV,LM,24-171,90,0,0,0,1,3,0,12,0,1,0,0,0,6,0,0,,https://fbref.com/en/players/b2bd0f6c/Jonathan-Bamba-Jonathan Bamba,
4,Boubakary Soumaré,https://fbref.com/en/players/ae59b359/Boubakary-Soumare,24,24,fr FRA,CM,21-199,90,0,0,0,0,0,0,0,0,0,0,0,0,10,0,2,0.0,https://fbref.com/en/players/ae59b359/Boubakary-Soumare-Boubakary Soumaré,
5,Benjamin André,https://fbref.com/en/players/ef9c1c95/Benjamin-Andre,21,21,fr FRA,CM,30-041,85,1,0,0,4,3,0,0,3,1,0,0,0,6,2,4,33.3,https://fbref.com/en/players/ef9c1c95/Benjamin-Andre-Benjamin André,
6,Yusuf Yazıcı,https://fbref.com/en/players/f5c8b425/Yusuf-Yazici,12,12,tr TUR,CM,23-228,5,0,0,0,0,0,0,0,0,0,0,0,0,1,0,0,,https://fbref.com/en/players/f5c8b425/Yusuf-Yazici-Yusuf Yazıcı,
7,Jonathan Ikone,https://fbref.com/en/players/42eaa028/Jonathan-Ikone,10,10,fr FRA,RM,22-134,72,0,0,0,1,1,0,1,2,0,0,0,0,3,0,1,0.0,https://fbref.com/en/players/42eaa028/Jonathan-Ikone-Jonathan Ikone,
8,Luiz Araújo,https://fbref.com/en/players/fa18c72e/Luiz-Araujo,11,11,br BRA,RM,24-103,18,0,0,0,0,0,0,1,0,0,0,0,0,1,0,1,0.0,https://fbref.com/en/players/fa18c72e/Luiz-Araujo-Luiz Araújo,
9,Domagoj Bradarić,https://fbref.com/en/players/8bbe2df5/Domagoj-Bradaric,29,29,hr CRO,LB,20-278,90,1,0,0,1,2,0,4,2,3,0,0,0,8,2,2,50.0,https://fbref.com/en/players/8bbe2df5/Domagoj-Bradaric-Domagoj Bradarić,
10,Sven Botman,https://fbref.com/en/players/ccce7025/Sven-Botman,5,5,nl NED,CB,20-245,90,0,0,0,0,1,0,0,3,2,0,0,0,10,5,4,55.6,https://fbref.com/en/players/ccce7025/Sven-Botman-Sven Botman,
11,José Fonte,https://fbref.com/en/players/90f87966/Jose-Fonte,6,6,pt POR,CB,36-266,90,0,0,0,0,0,0,1,4,2,0,0,0,6,7,1,87.5,https://fbref.com/en/players/90f87966/Jose-Fonte-José Fonte,
12,Jérémy Pied,https://fbref.com/en/players/a634b9d2/Jeremy-Pied,26,26,fr FRA,RB,31-203,82,1,0,0,2,0,0,3,1,0,0,0,0,4,3,2,60.0,https://fbref.com/en/players/a634b9d2/Jeremy-Pied-Jérémy Pied,
13,Zeki Çelik,https://fbref.com/en/players/31a62dc7/Zeki-Celik,2,2,tr TUR,RB,23-209,8,1,0,0,1,0,0,0,0,0,0,0,0,2,0,0,,https://fbref.com/en/players/31a62dc7/Zeki-Celik-Zeki Çelik,
14,Mike Maignan,https://fbref.com/en/players/fcb38f57/Mike-Maignan,16,16,fr FRA,GK,25-072,90,0,0,0,0,0,0,0,0,0,0,0,0,2,1,0,100.0,https://fbref.com/en/players/fcb38f57/Mike-Maignan-Mike Maignan,
