,Player Name,Player Number,Player,#,Nation,Pos,Age,Min,Gls,Ast,PK,PKatt,Sh,SoT,CrdY,CrdR,Touches,Tkl,Int,Blocks,xG,npxG,xAG,SCA,GCA,Cmp,Att,Cmp%,PrgP,Carries,PrgC,Att,Succ,Player Key,Player Link
0,Ibrahima Niane,https://fbref.com/en/players/46faabfa/Ibrahima-Niane,7,7,sn SEN,FW,21-186,66,0,0,0,0,3,0,0,0,29,0,0,0,0.6,0.6,0.0,1,0,12,17,70.6,1,15,2,3,1,https://fbref.com/en/players/46faabfa/Ibrahima-Niane-Ibrahima Niane,
1,Habib Diallo,https://fbref.com/en/players/6605d143/Habib-Diallo,20,20,sn SEN,FW,25-087,24,0,0,0,0,0,0,0,0,5,0,0,0,0.0,0.0,0.0,0,0,3,5,60.0,0,3,0,0,0,https://fbref.com/en/players/6605d143/Habib-Diallo-Habib Diallo,
2,Opa Nguette,https://fbref.com/en/players/75a63397/Opa-Nguette,11,11,sn SEN,LM,26-067,89,0,0,0,0,0,0,0,0,32,1,0,0,0.0,0.0,0.0,0,0,16,19,84.2,1,26,2,5,1,https://fbref.com/en/players/75a63397/Opa-Nguette-Opa Nguette,
3,Lamine Gueye,https://fbref.com/en/players/9d5dcc23/Lamine-Gueye,13,13,sn SEN,CB,22-184,1,0,0,0,0,0,0,0,0,2,0,1,0,0.0,0.0,0.0,0,0,0,1,0.0,0,1,1,0,0,https://fbref.com/en/players/9d5dcc23/Lamine-Gueye-Lamine Gueye,
4,Victorien Angban,https://fbref.com/en/players/d8992b84/Victorien-Angban,5,5,ci CIV,CM,23-350,89,0,0,0,0,0,0,0,0,50,3,3,0,0.0,0.0,0.0,1,0,35,40,87.5,3,34,0,1,1,https://fbref.com/en/players/d8992b84/Victorien-Angban-Victorien Angban,
5,Papa Ndiaga Yade,https://fbref.com/en/players/87e9c7cd/Papa-Ndiaga-Yade,26,26,mr MTN,CM,20-252,1,0,0,0,0,0,0,0,0,4,0,0,0,0.0,0.0,0.0,0,0,0,1,0.0,0,2,0,1,0,https://fbref.com/en/players/87e9c7cd/Papa-Ndiaga-Yade-Papa Ndiaga Yade,
6,Vincent Pajot,https://fbref.com/en/players/f86ca403/Vincent-Pajot,14,14,fr FRA,CM,30-025,90,0,0,0,0,0,0,1,0,45,3,1,2,0.0,0.0,0.1,3,0,26,34,76.5,0,16,1,1,0,https://fbref.com/en/players/f86ca403/Vincent-Pajot-Vincent Pajot,
7,Habib Maïga,https://fbref.com/en/players/e768de1f/Habib-Maiga,19,19,ci CIV,RM,24-256,90,0,0,0,0,1,0,1,0,54,4,2,2,0.1,0.1,0.0,2,0,27,40,67.5,6,29,0,3,1,https://fbref.com/en/players/e768de1f/Habib-Maiga-Habib Maïga,
8,Matthieu Udol,https://fbref.com/en/players/cc41f558/Matthieu-Udol,3,3,fr FRA,LB,24-177,90,0,0,0,0,0,0,0,0,48,2,0,1,0.0,0.0,0.1,1,0,27,42,64.3,1,29,5,3,3,https://fbref.com/en/players/cc41f558/Matthieu-Udol-Matthieu Udol,
9,Mamadou Fofana,https://fbref.com/en/players/4c4ffacc/Mamadou-Fofana,6,6,ml MLI,CB,22-236,89,0,0,0,0,0,0,0,0,47,3,3,0,0.0,0.0,0.0,0,0,26,35,74.3,1,22,0,0,0,https://fbref.com/en/players/4c4ffacc/Mamadou-Fofana-Mamadou Fofana,
10,Warren Tchimbembé,https://fbref.com/en/players/93b8f9f4/Warren-Tchimbembe,12,12,cg CGO,LM,22-145,1,0,0,0,0,0,0,0,0,1,0,0,0,0.0,0.0,0.0,0,0,0,0,,0,1,0,0,0,https://fbref.com/en/players/93b8f9f4/Warren-Tchimbembe-Warren Tchimbembé,
11,John Boye,https://fbref.com/en/players/861227d2/John-Boye,21,21,gh GHA,CB,33-143,90,0,0,0,0,0,0,0,0,31,2,2,2,0.0,0.0,0.0,0,0,19,22,86.4,0,18,0,0,0,https://fbref.com/en/players/861227d2/John-Boye-John Boye,
12,Dylan Bronn,https://fbref.com/en/players/edd81e2a/Dylan-Bronn,2,2,tn TUN,CB,25-086,90,0,0,0,0,1,1,1,0,57,1,1,1,0.1,0.1,0.0,0,0,35,45,77.8,2,22,0,0,0,https://fbref.com/en/players/edd81e2a/Dylan-Bronn-Dylan Bronn,
13,Fabien Centonze,https://fbref.com/en/players/3c6bbbab/Fabien-Centonze,18,18,fr FRA,RB,24-241,90,0,0,0,0,0,0,1,0,57,4,6,1,0.0,0.0,0.6,2,0,28,42,66.7,4,23,3,2,2,https://fbref.com/en/players/3c6bbbab/Fabien-Centonze-Fabien Centonze,
14,Alexandre Oukidja,https://fbref.com/en/players/ae7d0ecd/Alexandre-Oukidja,16,16,dz ALG,GK,32-056,90,0,0,0,0,0,0,0,0,46,0,0,0,0.0,0.0,0.0,0,0,22,41,53.7,0,29,0,0,0,https://fbref.com/en/players/ae7d0ecd/Alexandre-Oukidja-Alexandre Oukidja,
