,Player Name,Player Number,Player,#,Nation,Pos,Age,Min,CrdY,CrdR,2CrdY,Fls,Fld,Off,Crs,Int,TklW,PKwon,PKcon,OG,Recov,Won,Lost,Won%,Player Key,Player Link
0,Ibrahima Niane,https://fbref.com/en/players/46faabfa/Ibrahima-Niane,7,7,sn SEN,FW,21-186,66,0,0,0,2,1,0,0,0,0,0,0,0,2,5,7,41.7,https://fbref.com/en/players/46faabfa/Ibrahima-Niane-Ibrahima Niane,
1,Habib Diallo,https://fbref.com/en/players/6605d143/Habib-Diallo,20,20,sn SEN,FW,25-087,24,0,0,0,0,0,0,0,0,0,0,0,0,0,3,4,42.9,https://fbref.com/en/players/6605d143/Habib-Diallo-Habib Diallo,
2,Opa Nguette,https://fbref.com/en/players/75a63397/Opa-Nguette,11,11,sn SEN,LM,26-067,89,0,0,0,0,2,1,0,0,0,0,0,0,6,1,4,20.0,https://fbref.com/en/players/75a63397/Opa-Nguette-Opa Nguette,
3,Lamine Gueye,https://fbref.com/en/players/9d5dcc23/Lamine-Gueye,13,13,sn SEN,CB,22-184,1,0,0,0,1,0,0,1,1,0,0,0,0,0,0,0,,https://fbref.com/en/players/9d5dcc23/Lamine-Gueye-Lamine Gueye,
4,Victorien Angban,https://fbref.com/en/players/d8992b84/Victorien-Angban,5,5,ci CIV,CM,23-350,89,0,0,0,3,2,0,0,3,1,0,0,0,6,2,1,66.7,https://fbref.com/en/players/d8992b84/Victorien-Angban-Victorien Angban,
5,Papa Ndiaga Yade,https://fbref.com/en/players/87e9c7cd/Papa-Ndiaga-Yade,26,26,mr MTN,CM,20-252,1,0,0,0,0,0,0,0,0,0,0,0,0,0,0,0,,https://fbref.com/en/players/87e9c7cd/Papa-Ndiaga-Yade-Papa Ndiaga Yade,
6,Vincent Pajot,https://fbref.com/en/players/f86ca403/Vincent-Pajot,14,14,fr FRA,CM,30-025,90,1,0,0,0,1,1,7,1,2,0,0,0,6,0,2,0.0,https://fbref.com/en/players/f86ca403/Vincent-Pajot-Vincent Pajot,
7,Habib Maïga,https://fbref.com/en/players/e768de1f/Habib-Maiga,19,19,ci CIV,RM,24-256,90,1,0,0,2,0,0,2,2,2,0,0,0,6,1,0,100.0,https://fbref.com/en/players/e768de1f/Habib-Maiga-Habib Maïga,
8,Matthieu Udol,https://fbref.com/en/players/cc41f558/Matthieu-Udol,3,3,fr FRA,LB,24-177,90,0,0,0,0,2,0,5,0,2,0,0,0,6,2,0,100.0,https://fbref.com/en/players/cc41f558/Matthieu-Udol-Matthieu Udol,
9,Mamadou Fofana,https://fbref.com/en/players/4c4ffacc/Mamadou-Fofana,6,6,ml MLI,CB,22-236,89,0,0,0,3,0,0,0,3,0,0,0,0,5,2,3,40.0,https://fbref.com/en/players/4c4ffacc/Mamadou-Fofana-Mamadou Fofana,
10,Warren Tchimbembé,https://fbref.com/en/players/93b8f9f4/Warren-Tchimbembe,12,12,cg CGO,LM,22-145,1,0,0,0,0,0,0,0,0,0,0,0,0,0,0,0,,https://fbref.com/en/players/93b8f9f4/Warren-Tchimbembe-Warren Tchimbembé,
11,John Boye,https://fbref.com/en/players/861227d2/John-Boye,21,21,gh GHA,CB,33-143,90,0,0,0,0,0,0,0,2,2,0,0,0,0,0,3,0.0,https://fbref.com/en/players/861227d2/John-Boye-John Boye,
12,Dylan Bronn,https://fbref.com/en/players/edd81e2a/Dylan-Bronn,2,2,tn TUN,CB,25-086,90,1,0,0,1,1,0,0,1,0,0,0,0,7,6,1,85.7,https://fbref.com/en/players/edd81e2a/Dylan-Bronn-Dylan Bronn,
13,Fabien Centonze,https://fbref.com/en/players/3c6bbbab/Fabien-Centonze,18,18,fr FRA,RB,24-241,90,1,0,0,2,1,0,3,6,3,0,0,0,6,1,0,100.0,https://fbref.com/en/players/3c6bbbab/Fabien-Centonze-Fabien Centonze,
14,Alexandre Oukidja,https://fbref.com/en/players/ae7d0ecd/Alexandre-Oukidja,16,16,dz ALG,GK,32-056,90,0,0,0,0,1,0,0,0,0,0,0,0,1,3,0,100.0,https://fbref.com/en/players/ae7d0ecd/Alexandre-Oukidja-Alexandre Oukidja,
