,Player Name,Player Number,Player,#,Nation,Pos,Age,Min,Att,Live,Dead,FK,TB,Sw,Crs,TI,CK,In,Out,Str,Cmp,Off,Blocks,Player Key,Player Link
0,Ibrahima Niane,https://fbref.com/en/players/46faabfa/Ibrahima-Niane,7,7,sn SEN,FW,21-186,66,17,15,1,0,0,0,0,0,0,0,0,0,12,1,0,https://fbref.com/en/players/46faabfa/Ibrahima-Niane-Ibrahima Niane,
1,Habib Diallo,https://fbref.com/en/players/6605d143/Habib-Diallo,20,20,sn SEN,FW,25-087,24,5,4,1,0,0,0,0,0,0,0,0,0,3,0,0,https://fbref.com/en/players/6605d143/Habib-Diallo-Habib Diallo,
2,Opa Nguette,https://fbref.com/en/players/75a63397/Opa-Nguette,11,11,sn SEN,LM,26-067,89,19,18,1,1,1,0,0,0,0,0,0,0,16,0,0,https://fbref.com/en/players/75a63397/Opa-Nguette-Opa Nguette,
3,Lamine Gueye,https://fbref.com/en/players/9d5dcc23/Lamine-Gueye,13,13,sn SEN,CB,22-184,1,1,1,0,0,0,0,1,0,0,0,0,0,0,0,1,https://fbref.com/en/players/9d5dcc23/Lamine-Gueye-Lamine Gueye,
4,Victorien Angban,https://fbref.com/en/players/d8992b84/Victorien-Angban,5,5,ci CIV,CM,23-350,89,40,37,3,3,0,2,0,0,0,0,0,0,35,0,0,https://fbref.com/en/players/d8992b84/Victorien-Angban-Victorien Angban,
5,Papa Ndiaga Yade,https://fbref.com/en/players/87e9c7cd/Papa-Ndiaga-Yade,26,26,mr MTN,CM,20-252,1,1,1,0,0,0,0,0,0,0,0,0,0,0,0,1,https://fbref.com/en/players/87e9c7cd/Papa-Ndiaga-Yade-Papa Ndiaga Yade,
6,Vincent Pajot,https://fbref.com/en/players/f86ca403/Vincent-Pajot,14,14,fr FRA,CM,30-025,90,34,30,4,1,0,0,7,0,3,1,2,0,26,0,0,https://fbref.com/en/players/f86ca403/Vincent-Pajot-Vincent Pajot,
7,Habib Maïga,https://fbref.com/en/players/e768de1f/Habib-Maiga,19,19,ci CIV,RM,24-256,90,40,40,0,0,0,1,2,0,0,0,0,0,27,0,0,https://fbref.com/en/players/e768de1f/Habib-Maiga-Habib Maïga,
8,Matthieu Udol,https://fbref.com/en/players/cc41f558/Matthieu-Udol,3,3,fr FRA,LB,24-177,90,42,37,5,0,0,0,5,5,0,0,0,0,27,0,0,https://fbref.com/en/players/cc41f558/Matthieu-Udol-Matthieu Udol,
9,Mamadou Fofana,https://fbref.com/en/players/4c4ffacc/Mamadou-Fofana,6,6,ml MLI,CB,22-236,89,35,33,2,2,0,0,0,0,0,0,0,0,26,0,0,https://fbref.com/en/players/4c4ffacc/Mamadou-Fofana-Mamadou Fofana,
10,Warren Tchimbembé,https://fbref.com/en/players/93b8f9f4/Warren-Tchimbembe,12,12,cg CGO,LM,22-145,1,0,0,0,0,0,0,0,0,0,0,0,0,0,0,0,https://fbref.com/en/players/93b8f9f4/Warren-Tchimbembe-Warren Tchimbembé,
11,John Boye,https://fbref.com/en/players/861227d2/John-Boye,21,21,gh GHA,CB,33-143,90,22,22,0,0,0,0,0,0,0,0,0,0,19,0,0,https://fbref.com/en/players/861227d2/John-Boye-John Boye,
12,Dylan Bronn,https://fbref.com/en/players/edd81e2a/Dylan-Bronn,2,2,tn TUN,CB,25-086,90,45,44,1,1,0,0,0,0,0,0,0,0,35,0,0,https://fbref.com/en/players/edd81e2a/Dylan-Bronn-Dylan Bronn,
13,Fabien Centonze,https://fbref.com/en/players/3c6bbbab/Fabien-Centonze,18,18,fr FRA,RB,24-241,90,42,29,12,0,1,0,3,12,0,0,0,0,28,1,0,https://fbref.com/en/players/3c6bbbab/Fabien-Centonze-Fabien Centonze,
14,Alexandre Oukidja,https://fbref.com/en/players/ae7d0ecd/Alexandre-Oukidja,16,16,dz ALG,GK,32-056,90,41,29,12,5,0,1,0,0,0,0,0,0,22,0,0,https://fbref.com/en/players/ae7d0ecd/Alexandre-Oukidja-Alexandre Oukidja,
