,Player Name,Player Number,Player,#,Nation,Pos,Age,Min,Touches,Def Pen,Def 3rd,Mid 3rd,Att 3rd,Att Pen,Live,Att,Succ,Succ%,Tkld,Tkld%,Carries,TotDist,PrgDist,PrgC,1/3,CPA,Mis,Dis,Rec,PrgR,Player Key,Player Link
0,Ibrahima Niane,https://fbref.com/en/players/46faabfa/Ibrahima-Niane,7,7,sn SEN,FW,21-186,66,29,1,1,14,14,8,29,3,1,33.3,2,66.7,15,107,17,2,1,1,4,0,23,4,https://fbref.com/en/players/46faabfa/Ibrahima-Niane-Ibrahima Niane,
1,Habib Diallo,https://fbref.com/en/players/6605d143/Habib-Diallo,20,20,sn SEN,FW,25-087,24,5,0,0,4,1,0,5,0,0,,0,,3,5,0,0,0,0,0,4,5,1,https://fbref.com/en/players/6605d143/Habib-Diallo-Habib Diallo,
2,Opa Nguette,https://fbref.com/en/players/75a63397/Opa-Nguette,11,11,sn SEN,LM,26-067,89,32,0,8,14,11,1,32,5,1,20.0,4,80.0,26,227,73,2,4,0,5,3,22,3,https://fbref.com/en/players/75a63397/Opa-Nguette-Opa Nguette,
3,Lamine Gueye,https://fbref.com/en/players/9d5dcc23/Lamine-Gueye,13,13,sn SEN,CB,22-184,1,2,0,1,0,1,0,2,0,0,,0,,1,12,2,1,0,0,0,0,1,1,https://fbref.com/en/players/9d5dcc23/Lamine-Gueye-Lamine Gueye,
4,Victorien Angban,https://fbref.com/en/players/d8992b84/Victorien-Angban,5,5,ci CIV,CM,23-350,89,50,2,15,27,8,1,50,1,1,100.0,0,0.0,34,128,42,0,0,0,2,2,30,1,https://fbref.com/en/players/d8992b84/Victorien-Angban-Victorien Angban,
5,Papa Ndiaga Yade,https://fbref.com/en/players/87e9c7cd/Papa-Ndiaga-Yade,26,26,mr MTN,CM,20-252,1,4,0,2,0,2,0,4,1,0,0.0,1,100.0,2,17,0,0,0,0,0,1,1,0,https://fbref.com/en/players/87e9c7cd/Papa-Ndiaga-Yade-Papa Ndiaga Yade,
6,Vincent Pajot,https://fbref.com/en/players/f86ca403/Vincent-Pajot,14,14,fr FRA,CM,30-025,90,45,4,13,20,12,0,45,1,0,0.0,1,100.0,16,65,33,1,0,0,2,0,22,4,https://fbref.com/en/players/f86ca403/Vincent-Pajot-Vincent Pajot,
7,Habib Maïga,https://fbref.com/en/players/e768de1f/Habib-Maiga,19,19,ci CIV,RM,24-256,90,54,5,18,28,8,1,54,3,1,33.3,2,66.7,29,162,50,0,1,0,0,0,34,2,https://fbref.com/en/players/e768de1f/Habib-Maiga-Habib Maïga,
8,Matthieu Udol,https://fbref.com/en/players/cc41f558/Matthieu-Udol,3,3,fr FRA,LB,24-177,90,48,3,16,20,13,1,48,3,3,100.0,0,0.0,29,264,156,5,2,1,1,1,29,0,https://fbref.com/en/players/cc41f558/Matthieu-Udol-Matthieu Udol,
9,Mamadou Fofana,https://fbref.com/en/players/4c4ffacc/Mamadou-Fofana,6,6,ml MLI,CB,22-236,89,47,3,29,17,1,0,47,0,0,,0,,22,85,53,0,0,0,0,0,21,0,https://fbref.com/en/players/4c4ffacc/Mamadou-Fofana-Mamadou Fofana,
10,Warren Tchimbembé,https://fbref.com/en/players/93b8f9f4/Warren-Tchimbembe,12,12,cg CGO,LM,22-145,1,1,0,1,0,0,0,1,0,0,,0,,1,1,0,0,0,0,1,0,1,0,https://fbref.com/en/players/93b8f9f4/Warren-Tchimbembe-Warren Tchimbembé,
11,John Boye,https://fbref.com/en/players/861227d2/John-Boye,21,21,gh GHA,CB,33-143,90,31,6,25,6,0,0,31,0,0,,0,,18,35,22,0,0,0,0,0,20,0,https://fbref.com/en/players/861227d2/John-Boye-John Boye,
12,Dylan Bronn,https://fbref.com/en/players/edd81e2a/Dylan-Bronn,2,2,tn TUN,CB,25-086,90,57,10,42,14,1,1,57,0,0,,0,,22,79,60,0,0,0,0,0,27,0,https://fbref.com/en/players/edd81e2a/Dylan-Bronn-Dylan Bronn,
13,Fabien Centonze,https://fbref.com/en/players/3c6bbbab/Fabien-Centonze,18,18,fr FRA,RB,24-241,90,57,3,26,22,11,0,57,2,2,100.0,0,0.0,23,182,103,3,2,0,2,1,27,3,https://fbref.com/en/players/3c6bbbab/Fabien-Centonze-Fabien Centonze,
14,Alexandre Oukidja,https://fbref.com/en/players/ae7d0ecd/Alexandre-Oukidja,16,16,dz ALG,GK,32-056,90,46,39,45,1,0,0,46,0,0,,0,,29,165,131,0,0,0,0,0,12,0,https://fbref.com/en/players/ae7d0ecd/Alexandre-Oukidja-Alexandre Oukidja,
