,Minute,Player,Squad,xG,PSxG,Outcome,Distance,Body Part,Notes,SCA 1 Player,SCA 1 Event,SCA 2 Player,SCA 2 Event
0,14,Dylan Bronn,Metz,0.05,0.07,Saved,10,Head,,Vincent Pajot,Pass (Dead),Vincent Pajot,Pass (Live)
1,17,Jonathan David,Lille,0.38,0.48,Saved,13,Right Foot,,Jonathan Ikone,Pass (Live),Jonathan Ikone,Interception
2,19,Domagoj Bradarić,Lille,0.02,0.02,Saved,27,Left Foot,,Jonathan David,Pass (Live),Sven Botman,Pass (Live)
3,24,Ibrahima Niane,Metz,0.48,,Off Target,5,Right Foot,Volley,Fabien Centonze,Pass (Live),Habib Maïga,Pass (Live)
4,26,Ibrahima Niane,Metz,0.10,,Blocked,7,Right Foot,,Fabien Centonze,Pass (Live),Habib Maïga,Pass (Live)
5,27,Habib Maïga,Metz,0.08,,Off Target,9,Right Foot,Volley,Vincent Pajot,Pass (Dead),Ibrahima Niane,Shot
6,29,Ibrahima Niane,Metz,0.06,,Off Target,8,Head,,Matthieu Udol,Pass (Live),Victorien Angban,Pass (Live)
7,45,Jonathan Ikone,Lille,0.04,,Off Target,22,Left Foot,,Burak Yılmaz,Pass (Live),Jérémy Pied,Pass (Live)
8,,,,,,,,,,,,,
9,46,Jonathan David,Lille,0.03,,Blocked,31,Right Foot,,Benjamin André,Pass (Live),,
10,46,Burak Yılmaz,Lille,0.05,,Off Target,15,Left Foot,Volley,Jonathan David,Shot,,
11,52,Jonathan Bamba,Lille,0.03,,Blocked,27,Right Foot,,Domagoj Bradarić,Pass (Live),José Fonte,Pass (Dead)
12,57,Jonathan Ikone,Lille,0.06,,Blocked,22,Left Foot,,Jonathan Bamba,Pass (Live),Domagoj Bradarić,Pass (Live)
13,59,Jonathan Bamba,Lille,0.03,0.05,Saved,25,Right Foot,,Jonathan David,Pass (Live),Sven Botman,Pass (Live)
14,69,Jonathan Ikone,Lille,0.11,,Off Target,10,Left Foot,,Burak Yılmaz,Pass (Live),Domagoj Bradarić,Pass (Live)
15,77,Luiz Araújo,Lille,0.03,,Off Target,28,Left Foot,,Jonathan David,Pass (Live),Benjamin André,Pass (Live)
16,80,José Fonte,Lille,0.06,,Off Target,13,Head,,Jonathan Bamba,Pass (Dead),Domagoj Bradarić,Fouled
17,82,Burak Yılmaz,Lille,0.06,0.16,Saved,27,Right Foot,Free kick,Jonathan Bamba,Fouled,,
18,88,Luiz Araújo,Lille,0.11,0.23,Goal,15,Left Foot,,Domagoj Bradarić,Pass (Live),Jonathan Bamba,Pass (Live)
19,90+3,Jonathan Bamba,Lille,0.06,,Blocked,17,Right Foot,,Jonathan Bamba,Take-On,Luiz Araújo,Pass (Live)
20,90+3,Jonathan Bamba,Lille,0.03,0.15,Saved,28,Right Foot,,,,,
21,90+3,Luiz Araújo,Lille,0.40,,Off Target,11,Left Foot,,Burak Yılmaz,Pass (Live),Timothy Weah,Pass (Live)
