season,injury,from,until,days,missed_games
22/23,infection,"Apr 12, 2023","Apr 18, 2023",6 days,1
21/22,Hamstring injury,"Dec 19, 2021","Jan 31, 2022",43 days,4
20/21,Knee injury,"Jan 27, 2021","Feb 24, 2021",28 days,6
19/20,Tonsillitis,"May 11, 2020","May 17, 2020",6 days,1
19/20,cold,"Jan 14, 2020","Jan 18, 2020",4 days,1
19/20,muscular problems,"Nov 29, 2019","Dec 2, 2019",3 days,1
18/19,Fitness,"Jan 15, 2019","Jan 25, 2019",10 days,1
18/19,Groin problems,"Oct 19, 2018","Jan 15, 2019",88 days,19
18/19,Adductor pain,"Oct 2, 2018","Oct 6, 2018",4 days,1
17/18,Fitness,"Feb 5, 2018","Feb 12, 2018",7 days,1
17/18,Inflammation of pubic bone,"Dec 4, 2017","Feb 5, 2018",63 days,10
17/18,cold,"Sep 7, 2017","Sep 11, 2017",4 days,1
17/18,angina,"Aug 10, 2017","Aug 17, 2017",7 days,1
16/17,concussion,"Sep 22, 2016","Sep 26, 2016",4 days,1
