season,injury,from,until,days,missed_games
22/23,Knee surgery,"Jun 1, 2023","Dec 31, 2023",213 days,45
22/23,Knee problems,"Aug 26, 2022","Sep 18, 2022",23 days,5
21/22,Corona virus,"Sep 4, 2021","Sep 20, 2021",16 days,5
20/21,Bone bruise,"Jun 8, 2021","Jul 8, 2021",30 days,1
19/20,Inner ligament injury,"Apr 27, 2020","Sep 20, 2020",146 days,12
19/20,Fitness,"Mar 29, 2020","Apr 20, 2020",22 days,-
19/20,Patellar tendon problems,"Jan 17, 2020","Mar 29, 2020",72 days,11
18/19,Foot injury,"May 11, 2019","May 22, 2019",11 days,2
18/19,Knee problems,"Mar 17, 2019","Mar 29, 2019",12 days,3
17/18,Knee injury,"Jun 21, 2018","Jul 5, 2018",14 days,2
