,Player Name,Player Number,Player,#,Nation,Pos,Age,Min,Touches,Def Pen,Def 3rd,Mid 3rd,Att 3rd,Att Pen,Live,Att,Succ,Succ%,Tkld,Tkld%,Carries,TotDist,PrgDist,PrgC,1/3,CPA,Mis,Dis,Rec,PrgR,Player Key,Player Link
0,Nikola Stojiljković,https://fbref.com/en/players/ca3e2783/Nikola-Stojiljkovic,9,9,rs SRB,FW,28-175,66,16,0,0,11,5,2,16,0,0,,0,,6,13,0,0,0,0,2,0,10,2,https://fbref.com/en/players/ca3e2783/Nikola-Stojiljkovic-Nikola Stojiljković,
1,Pedro,https://fbref.com/en/players/17758df6/Pedro,96,96,br BRA,FW,24-092,24,10,1,1,1,8,5,10,0,0,,0,,2,2,1,0,0,0,1,0,6,0,https://fbref.com/en/players/17758df6/Pedro-Pedro,
2,Braian Mansilla,https://fbref.com/en/players/e4c37819/Braian-Mansilla,11,11,ar ARG,LW,23-298,45,20,0,1,6,13,1,20,1,0,0.0,1,100.0,8,65,41,1,1,1,1,0,17,6,https://fbref.com/en/players/e4c37819/Braian-Mansilla-Braian Mansilla,
3,Jonatan Lucca,https://fbref.com/en/players/b04f4533/Jonatan-Lucca,47,47,br BRA,DM,26-251,45,22,0,4,13,5,0,22,1,1,100.0,0,0.0,11,68,39,0,0,0,0,0,14,1,https://fbref.com/en/players/b04f4533/Jonatan-Lucca-Jonatan Lucca,
4,Licá,https://fbref.com/en/players/41d84fed/Lica,88,88,pt POR,RW,32-153,90,29,1,2,14,14,5,29,1,1,100.0,0,0.0,10,43,13,0,0,0,2,0,19,5,https://fbref.com/en/players/41d84fed/Lica-Licá,
5,Ryan Gauld,https://fbref.com/en/players/862e93c2/Ryan-Gauld,23,23,sct SCO,AM,25-054,90,41,0,2,19,21,5,41,5,3,60.0,2,40.0,21,90,28,0,0,1,2,0,30,5,https://fbref.com/en/players/862e93c2/Ryan-Gauld-Ryan Gauld,
6,Claudio Falcão,https://fbref.com/en/players/56077210/Claudio-Falcao,29,29,br BRA,DM,26-220,45,23,2,10,13,0,0,23,1,0,0.0,1,100.0,8,31,10,0,0,0,0,0,15,0,https://fbref.com/en/players/56077210/Claudio-Falcao-Claudio Falcão,
7,Madi Queita,https://fbref.com/en/players/13ab460a/Madi-Queita,10,10,gw GNB,LW,22-110,45,17,2,2,4,11,2,17,0,0,,0,,6,39,3,0,0,0,1,0,11,1,https://fbref.com/en/players/13ab460a/Madi-Queita-Madi Queita,
8,Amine Oudrhiri,https://fbref.com/en/players/49c9c79a/Amine-Oudrhiri,5,5,ma MAR,DM,28-096,90,53,0,11,30,12,0,53,0,0,,0,,25,111,53,0,0,0,1,0,36,0,https://fbref.com/en/players/49c9c79a/Amine-Oudrhiri-Amine Oudrhiri,
9,Fábio Alexandre da Silva Nunes,https://fbref.com/en/players/7cfc2860/Fabio-Alexandre-da-Silva-Nunes,92,92,pt POR,LB,28-199,90,60,3,13,30,18,0,60,4,2,50.0,2,50.0,21,110,71,0,0,0,2,0,27,0,https://fbref.com/en/players/7cfc2860/Fabio-Alexandre-da-Silva-Nunes-Fábio Alexandre da Silva Nunes,
10,Eduardo Mancha,https://fbref.com/en/players/56e74f66/Eduardo-Mancha,95,95,br BRA,CB,25-076,90,52,4,27,20,5,3,52,0,0,,0,,30,148,67,0,1,1,0,0,34,0,https://fbref.com/en/players/56e74f66/Eduardo-Mancha-Eduardo Mancha,
11,André Almeida Pinto,https://fbref.com/en/players/ba6e52b0/Andre-Almeida-Pinto,25,25,pt POR,CB,31-126,86,51,3,29,20,2,2,51,0,0,,0,,31,153,54,1,0,0,1,0,39,0,https://fbref.com/en/players/ba6e52b0/Andre-Almeida-Pinto-André Almeida Pinto,
12,Hugo Seco,https://fbref.com/en/players/68ee9021/Hugo-Seco,7,7,pt POR,CB,32-236,4,4,0,0,2,2,0,4,1,0,0.0,1,100.0,2,5,5,0,0,0,0,0,2,0,https://fbref.com/en/players/68ee9021/Hugo-Seco-Hugo Seco,
13,Tomás Tavares,https://fbref.com/en/players/0dce3356/Tomas-Tavares,84,84,pt POR,RB,19-338,90,72,2,21,30,23,0,72,1,1,100.0,0,0.0,21,73,35,0,2,0,2,0,34,6,https://fbref.com/en/players/0dce3356/Tomas-Tavares-Tomás Tavares,
14,Rafael Defendi,https://fbref.com/en/players/317d3e7b/Rafael-Defendi,12,12,br BRA,GK,37-048,90,36,26,34,2,0,0,36,0,0,,0,,20,103,66,0,0,0,0,0,21,0,https://fbref.com/en/players/317d3e7b/Rafael-Defendi-Rafael Defendi,
