,Player Name,Player Number,Player,#,Nation,Pos,Age,Min,Att,Live,Dead,FK,TB,Sw,Crs,TI,CK,In,Out,Str,Cmp,Off,Blocks,Player Key,Player Link
0,Nikola Stojiljković,https://fbref.com/en/players/ca3e2783/Nikola-Stojiljkovic,9,9,rs SRB,FW,28-175,66,9,7,2,0,0,1,1,0,0,0,0,0,5,0,0,https://fbref.com/en/players/ca3e2783/Nikola-Stojiljkovic-Nikola Stojiljković,
1,Pedro,https://fbref.com/en/players/17758df6/Pedro,96,96,br BRA,FW,24-092,24,4,3,1,0,0,0,0,0,0,0,0,0,2,0,0,https://fbref.com/en/players/17758df6/Pedro-Pedro,
2,Braian Mansilla,https://fbref.com/en/players/e4c37819/Braian-Mansilla,11,11,ar ARG,LW,23-298,45,14,14,0,0,0,0,5,0,0,0,0,0,7,0,2,https://fbref.com/en/players/e4c37819/Braian-Mansilla-Braian Mansilla,
3,Jonatan Lucca,https://fbref.com/en/players/b04f4533/Jonatan-Lucca,47,47,br BRA,DM,26-251,45,20,20,0,0,0,0,2,0,0,0,0,0,15,0,1,https://fbref.com/en/players/b04f4533/Jonatan-Lucca-Jonatan Lucca,
4,Licá,https://fbref.com/en/players/41d84fed/Lica,88,88,pt POR,RW,32-153,90,23,23,0,0,0,0,1,0,0,0,0,0,14,0,2,https://fbref.com/en/players/41d84fed/Lica-Licá,
5,Ryan Gauld,https://fbref.com/en/players/862e93c2/Ryan-Gauld,23,23,sct SCO,AM,25-054,90,31,26,4,1,0,1,7,0,3,3,0,0,21,1,1,https://fbref.com/en/players/862e93c2/Ryan-Gauld-Ryan Gauld,
6,Claudio Falcão,https://fbref.com/en/players/56077210/Claudio-Falcao,29,29,br BRA,DM,26-220,45,18,17,1,1,0,0,0,0,0,0,0,0,17,0,0,https://fbref.com/en/players/56077210/Claudio-Falcao-Claudio Falcão,
7,Madi Queita,https://fbref.com/en/players/13ab460a/Madi-Queita,10,10,gw GNB,LW,22-110,45,13,13,0,0,0,0,1,0,0,0,0,0,12,0,0,https://fbref.com/en/players/13ab460a/Madi-Queita-Madi Queita,
8,Amine Oudrhiri,https://fbref.com/en/players/49c9c79a/Amine-Oudrhiri,5,5,ma MAR,DM,28-096,90,49,44,5,0,0,1,6,0,5,5,0,0,41,0,0,https://fbref.com/en/players/49c9c79a/Amine-Oudrhiri-Amine Oudrhiri,
9,Fábio Alexandre da Silva Nunes,https://fbref.com/en/players/7cfc2860/Fabio-Alexandre-da-Silva-Nunes,92,92,pt POR,LB,28-199,90,52,38,14,0,0,0,5,14,0,0,0,0,36,0,3,https://fbref.com/en/players/7cfc2860/Fabio-Alexandre-da-Silva-Nunes-Fábio Alexandre da Silva Nunes,
10,Eduardo Mancha,https://fbref.com/en/players/56e74f66/Eduardo-Mancha,95,95,br BRA,CB,25-076,90,46,42,4,4,0,1,0,0,0,0,0,0,37,0,0,https://fbref.com/en/players/56e74f66/Eduardo-Mancha-Eduardo Mancha,
11,André Almeida Pinto,https://fbref.com/en/players/ba6e52b0/Andre-Almeida-Pinto,25,25,pt POR,CB,31-126,86,43,42,1,1,0,0,0,0,0,0,0,0,35,0,0,https://fbref.com/en/players/ba6e52b0/Andre-Almeida-Pinto-André Almeida Pinto,
12,Hugo Seco,https://fbref.com/en/players/68ee9021/Hugo-Seco,7,7,pt POR,CB,32-236,4,1,1,0,0,0,0,0,0,0,0,0,0,1,0,0,https://fbref.com/en/players/68ee9021/Hugo-Seco-Hugo Seco,
13,Tomás Tavares,https://fbref.com/en/players/0dce3356/Tomas-Tavares,84,84,pt POR,RB,19-338,90,62,43,19,1,0,0,4,18,0,0,0,0,48,0,2,https://fbref.com/en/players/0dce3356/Tomas-Tavares-Tomás Tavares,
14,Rafael Defendi,https://fbref.com/en/players/317d3e7b/Rafael-Defendi,12,12,br BRA,GK,37-048,90,34,26,8,2,0,0,0,0,0,0,0,0,25,0,0,https://fbref.com/en/players/317d3e7b/Rafael-Defendi-Rafael Defendi,
