,Player Name,Player Number,Player,#,Nation,Pos,Age,Min,Touches,Def Pen,Def 3rd,Mid 3rd,Att 3rd,Att Pen,Live,Att,Succ,Succ%,Tkld,Tkld%,Carries,TotDist,PrgDist,PrgC,1/3,CPA,Mis,Dis,Rec,PrgR,Player Key,Player Link
0,Walterson,https://fbref.com/en/players/8eebb330/Walterson,77,77,br BRA,FW,26-042,45,12,0,0,3,9,2,12,3,1,33.3,2,66.7,12,65,3,0,0,0,2,0,13,0,https://fbref.com/en/players/8eebb330/Walterson-Walterson,
1,Rafael Martins,https://fbref.com/en/players/b7e1c3b5/Rafael-Martins,99,99,br BRA,FW,31-328,45,12,1,4,5,3,1,11,1,0,0.0,1,100.0,4,14,0,0,1,0,1,0,8,0,https://fbref.com/en/players/b7e1c3b5/Rafael-Martins-Rafael Martins,
2,Lucas,https://fbref.com/en/players/7a3d0687/Lucas,11,11,br BRA,LW,21-165,66,24,0,3,9,12,1,24,2,0,0.0,2,100.0,17,128,78,2,1,0,4,1,20,4,https://fbref.com/en/players/7a3d0687/Lucas-Lucas,
3,Filipe Soares,https://fbref.com/en/players/c6a3b58d/Filipe-Soares,21,21,pt POR,"LW,RW",21-264,24,9,1,2,4,3,1,9,1,0,0.0,1,100.0,6,52,27,1,1,1,2,0,5,0,https://fbref.com/en/players/c6a3b58d/Filipe-Soares-Filipe Soares,
4,Yan Matheus,https://fbref.com/en/players/d44efa12/Yan-Matheus,17,17,br BRA,RW,22-157,87,36,1,8,9,19,6,36,4,2,50.0,2,50.0,16,93,66,3,1,2,2,2,19,3,https://fbref.com/en/players/d44efa12/Yan-Matheus-Yan Matheus,
5,Derik Lacerda,https://fbref.com/en/players/d028bfe9/Derik-Lacerda,72,72,br BRA,LW,21-134,3,6,0,2,4,0,0,6,0,0,,0,,2,6,0,0,0,0,2,0,3,0,https://fbref.com/en/players/d028bfe9/Derik-Lacerda-Derik Lacerda,
6,Abdu Conté,https://fbref.com/en/players/cfa49cc1/Abdu-Conte,5,5,pt POR,LM,22-321,90,55,3,19,19,17,1,55,1,0,0.0,1,100.0,24,158,68,2,3,1,1,0,25,2,https://fbref.com/en/players/cfa49cc1/Abdu-Conte-Abdu Conté,
7,Fábio Pacheco,https://fbref.com/en/players/b74fb61f/Fabio-Pacheco,6,6,pt POR,CM,32-258,90,27,2,9,13,5,0,27,0,0,,0,,11,39,6,0,0,0,1,0,12,0,https://fbref.com/en/players/b74fb61f/Fabio-Pacheco-Fábio Pacheco,
8,Alexandre Miguel Barros Soares,https://fbref.com/en/players/ba0aead1/Alexandre-Miguel-Barros-Soares,26,26,pt POR,CM,29-344,55,28,0,7,17,4,0,28,1,1,100.0,0,0.0,14,64,38,1,0,0,0,1,18,3,https://fbref.com/en/players/ba0aead1/Alexandre-Miguel-Barros-Soares-Alexandre Miguel Barros Soares,
9,Ibrahima Camará,https://fbref.com/en/players/922f894e/Ibrahima-Camara,8,8,gn GUI,CM,22-014,35,3,0,1,2,0,0,3,0,0,,0,,1,6,6,0,0,0,1,0,2,0,https://fbref.com/en/players/922f894e/Ibrahima-Camara-Ibrahima Camará,
10,Anthony D'Alberto,https://fbref.com/en/players/98684b0c/Anthony-DAlberto,2,2,be BEL,RM,26-118,90,47,1,21,17,10,1,47,2,2,100.0,0,0.0,19,124,88,3,3,0,2,0,20,3,https://fbref.com/en/players/98684b0c/Anthony-DAlberto-Anthony D'Alberto,
11,Abdoulaye Ba,https://fbref.com/en/players/1f54ed90/Abdoulaye-Ba,23,23,sn SEN,CB,30-038,90,31,7,24,5,2,2,31,1,0,0.0,1,100.0,11,45,6,0,1,1,2,0,12,0,https://fbref.com/en/players/1f54ed90/Abdoulaye-Ba-Abdoulaye Ba,
12,Lazar Rosić,https://fbref.com/en/players/3c285843/Lazar-Rosic,3,3,rs SRB,CB,27-224,90,28,8,19,9,0,0,28,0,0,,0,,10,27,17,0,0,0,1,0,13,0,https://fbref.com/en/players/3c285843/Lazar-Rosic-Lazar Rosić,
13,Steven Vitória,https://fbref.com/en/players/9bc450e6/Steven-Vitoria,19,19,ca CAN,CB,34-028,45,22,1,10,12,0,0,22,0,0,,0,,11,29,5,0,0,0,2,0,14,0,https://fbref.com/en/players/9bc450e6/Steven-Vitoria-Steven Vitória,
14,Nahuel Ferraresi,https://fbref.com/en/players/719aab45/Nahuel-Ferraresi,4,4,ve VEN,CB,22-081,45,10,1,10,0,0,0,10,0,0,,0,,3,13,12,0,0,0,0,0,1,0,https://fbref.com/en/players/719aab45/Nahuel-Ferraresi-Nahuel Ferraresi,
15,Mateus Pasinato,https://fbref.com/en/players/f16f9b47/Mateus-Pasinato,14,14,br BRA,GK,28-225,90,34,30,34,0,0,0,34,0,0,,0,,11,101,43,0,0,0,0,0,6,0,https://fbref.com/en/players/f16f9b47/Mateus-Pasinato-Mateus Pasinato,
