,Player Name,Player Number,Player,#,Nation,Pos,Age,Min,Gls,Ast,PK,PKatt,Sh,SoT,CrdY,CrdR,Touches,Tkl,Int,Blocks,xG,npxG,xAG,SCA,GCA,Cmp,Att,Cmp%,PrgP,Carries,PrgC,Att,Succ,Player Key,Player Link
0,Walterson,https://fbref.com/en/players/8eebb330/Walterson,77,77,br BRA,FW,26-042,45,0,0,0,0,1,0,0,0,12,1,0,0,0.3,0.3,0.0,0,0,3,4,75.0,1,12,0,3,1,https://fbref.com/en/players/8eebb330/Walterson-Walterson,
1,Rafael Martins,https://fbref.com/en/players/b7e1c3b5/Rafael-Martins,99,99,br BRA,FW,31-328,45,1,0,1,1,0,0,0,0,12,0,0,0,0.8,0.0,0.0,0,0,4,6,66.7,0,4,0,1,0,https://fbref.com/en/players/b7e1c3b5/Rafael-Martins-Rafael Martins,
2,Lucas,https://fbref.com/en/players/7a3d0687/Lucas,11,11,br BRA,LW,21-165,66,0,1,0,0,2,1,0,0,24,0,1,0,0.1,0.1,0.1,2,1,11,13,84.6,1,17,2,2,0,https://fbref.com/en/players/7a3d0687/Lucas-Lucas,
3,Filipe Soares,https://fbref.com/en/players/c6a3b58d/Filipe-Soares,21,21,pt POR,"LW,RW",21-264,24,0,0,0,0,0,0,0,0,9,0,0,0,0.0,0.0,0.0,0,0,2,4,50.0,0,6,1,1,0,https://fbref.com/en/players/c6a3b58d/Filipe-Soares-Filipe Soares,
4,Yan Matheus,https://fbref.com/en/players/d44efa12/Yan-Matheus,17,17,br BRA,RW,22-157,87,1,0,0,0,2,1,0,0,36,0,0,1,0.1,0.1,0.0,3,2,18,25,72.0,3,16,3,4,2,https://fbref.com/en/players/d44efa12/Yan-Matheus-Yan Matheus,
5,Derik Lacerda,https://fbref.com/en/players/d028bfe9/Derik-Lacerda,72,72,br BRA,LW,21-134,3,0,0,0,0,0,0,0,0,6,0,0,0,0.0,0.0,0.0,0,0,1,2,50.0,0,2,0,0,0,https://fbref.com/en/players/d028bfe9/Derik-Lacerda-Derik Lacerda,
6,Abdu Conté,https://fbref.com/en/players/cfa49cc1/Abdu-Conte,5,5,pt POR,LM,22-321,90,0,0,0,0,0,0,0,0,55,1,1,1,0.0,0.0,0.4,2,0,36,44,81.8,4,24,2,1,0,https://fbref.com/en/players/cfa49cc1/Abdu-Conte-Abdu Conté,
7,Fábio Pacheco,https://fbref.com/en/players/b74fb61f/Fabio-Pacheco,6,6,pt POR,CM,32-258,90,0,0,0,0,0,0,0,0,27,1,1,1,0.0,0.0,0.0,0,0,13,18,72.2,0,11,0,0,0,https://fbref.com/en/players/b74fb61f/Fabio-Pacheco-Fábio Pacheco,
8,Alexandre Miguel Barros Soares,https://fbref.com/en/players/ba0aead1/Alexandre-Miguel-Barros-Soares,26,26,pt POR,CM,29-344,55,0,0,0,0,0,0,1,0,28,0,0,1,0.0,0.0,0.0,1,0,20,26,76.9,2,14,1,1,1,https://fbref.com/en/players/ba0aead1/Alexandre-Miguel-Barros-Soares-Alexandre Miguel Barros Soares,
9,Ibrahima Camará,https://fbref.com/en/players/922f894e/Ibrahima-Camara,8,8,gn GUI,CM,22-014,35,0,0,0,0,0,0,1,0,3,0,0,0,0.0,0.0,0.0,0,0,2,2,100.0,0,1,0,0,0,https://fbref.com/en/players/922f894e/Ibrahima-Camara-Ibrahima Camará,
10,Anthony D'Alberto,https://fbref.com/en/players/98684b0c/Anthony-DAlberto,2,2,be BEL,RM,26-118,90,0,0,0,0,0,0,0,0,47,1,3,1,0.0,0.0,0.0,1,0,27,36,75.0,2,19,3,2,2,https://fbref.com/en/players/98684b0c/Anthony-DAlberto-Anthony D'Alberto,
11,Abdoulaye Ba,https://fbref.com/en/players/1f54ed90/Abdoulaye-Ba,23,23,sn SEN,CB,30-038,90,0,0,0,0,0,0,0,0,31,0,2,1,0.0,0.0,0.0,0,0,11,18,61.1,1,11,0,1,0,https://fbref.com/en/players/1f54ed90/Abdoulaye-Ba-Abdoulaye Ba,
12,Lazar Rosić,https://fbref.com/en/players/3c285843/Lazar-Rosic,3,3,rs SRB,CB,27-224,90,0,0,0,0,0,0,0,0,28,0,0,1,0.0,0.0,0.0,0,0,12,20,60.0,0,10,0,0,0,https://fbref.com/en/players/3c285843/Lazar-Rosic-Lazar Rosić,
13,Steven Vitória,https://fbref.com/en/players/9bc450e6/Steven-Vitoria,19,19,ca CAN,CB,34-028,45,0,0,0,0,0,0,1,0,22,1,0,0,0.0,0.0,0.0,0,0,11,14,78.6,1,11,0,0,0,https://fbref.com/en/players/9bc450e6/Steven-Vitoria-Steven Vitória,
14,Nahuel Ferraresi,https://fbref.com/en/players/719aab45/Nahuel-Ferraresi,4,4,ve VEN,CB,22-081,45,0,0,0,0,0,0,0,0,10,2,0,0,0.0,0.0,0.0,0,0,6,7,85.7,0,3,0,0,0,https://fbref.com/en/players/719aab45/Nahuel-Ferraresi-Nahuel Ferraresi,
15,Mateus Pasinato,https://fbref.com/en/players/f16f9b47/Mateus-Pasinato,14,14,br BRA,GK,28-225,90,0,0,0,0,0,0,0,0,34,0,0,0,0.0,0.0,0.0,0,0,16,31,51.6,0,11,0,0,0,https://fbref.com/en/players/f16f9b47/Mateus-Pasinato-Mateus Pasinato,
