,Minute,Player,Squad,xG,PSxG,Outcome,Distance,Body Part,Notes,SCA 1 Player,SCA 1 Event,SCA 2 Player,SCA 2 Event
0,11,Nikola Stojiljković,Farense,0.05,,Saved off Target,16,Right Foot,,Ryan Gauld,Pass (Live),Braian Mansilla,Pass (Live)
1,12,Walterson,Moreirense,0.34,,Off Target,11,Left Foot,Volley,Abdu Conté,Pass (Live),Yan Matheus,Pass (Live)
2,14,Ryan Gauld,Farense,0.03,0.06,Saved,26,Left Foot,,Tomás Tavares,Pass (Live),Licá,Pass (Live)
3,15,Nikola Stojiljković,Farense,0.07,,Off Target,5,Head,,Ryan Gauld,Pass (Dead),Ryan Gauld,Shot
4,19,Yan Matheus,Moreirense,0.04,,Off Target,18,Left Foot,,Alexandre Miguel Barros Soares,Pass (Live),Anthony D'Alberto,Pass (Live)
5,22,Lucas,Moreirense,0.04,,Off Target,25,Right Foot,,,,,
6,25,Eduardo Mancha,Farense,0.06,,Off Target,10,Head,,Amine Oudrhiri,Pass (Dead),Fábio Alexandre da Silva Nunes,Pass (Live)
7,28,Yan Matheus,Moreirense,0.11,0.33,Goal,18,Left Foot,,Lucas,Pass (Live),Yan Matheus,Pass (Live)
8,31,Ryan Gauld,Farense,0.05,,Off Target,14,Left Foot,,Eduardo Mancha,Pass (Live),Tomás Tavares,Pass (Dead)
9,33,Ryan Gauld,Farense,0.07,,Off Target,18,Left Foot,,Tomás Tavares,Pass (Live),André Almeida Pinto,Pass (Live)
10,37,Lucas,Moreirense,0.03,0.17,Saved,25,Right Foot,,Abdu Conté,Pass (Live),Lucas,Pass (Live)
11,39,Braian Mansilla,Farense,0.03,,Off Target,29,Left Foot,,Ryan Gauld,Pass (Live),Fábio Alexandre da Silva Nunes,Pass (Live)
12,40,Braian Mansilla,Farense,0.03,,Off Target,27,Right Foot,,Tomás Tavares,Pass (Dead),,
13,,,,,,,,,,,,,
14,57,Madi Queita,Farense,0.03,,Off Target,31,Right Foot,,Ryan Gauld,Pass (Live),,
15,79,Rafael Martins(pen),Moreirense,0.79,0.99,Goal,13,Right Foot,,,Fouled,Yan Matheus,Pass (Live)
16,85,Pedro,Farense,0.06,0.33,Saved,9,Head,,Amine Oudrhiri,Pass (Dead),Fábio Alexandre da Silva Nunes,Pass (Live)
17,85,Pedro,Farense,0.03,,Off Target,29,Left Foot,Volley,Amine Oudrhiri,Pass (Live),Eduardo Mancha,Pass (Live)
18,90,Licá,Farense,0.05,,Off Target,9,Head,,Amine Oudrhiri,Pass (Dead),Fábio Alexandre da Silva Nunes,Pass (Live)
19,90+2,Licá,Farense,0.27,0.26,Saved,15,Left Foot,,Tomás Tavares,Pass (Dead),Madi Queita,Pass (Live)
20,90+2,Pedro,Farense,0.65,,Off Target,4,Head,,Madi Queita,Pass (Live),Licá,Shot
21,90+3,Pedro,Farense,0.62,0.90,Goal,6,Right Foot,,Hugo Seco,Pass (Live),Madi Queita,Pass (Live)
