,Player Name,Player Number,Player,#,Nation,Pos,Age,Min,Att,Live,Dead,FK,TB,Sw,Crs,TI,CK,In,Out,Str,Cmp,Off,Blocks,Player Key,Player Link
0,Brian Brobbey,https://fbref.com/en/players/4c184730/Brian-Brobbey,30,30,nl NED,FW,18-312,45,14,13,1,0,0,0,1,0,0,0,0,0,12,0,1,https://fbref.com/en/players/4c184730/Brian-Brobbey-Brian Brobbey,
1,Quincy Promes,https://fbref.com/en/players/b182a240/Quincy-Promes,11,11,nl NED,"LB,LW",28-340,45,31,28,3,0,0,0,0,3,0,0,0,0,24,0,0,https://fbref.com/en/players/b182a240/Quincy-Promes-Quincy Promes,
2,Dušan Tadić,https://fbref.com/en/players/2475dcc6/Dusan-Tadic,10,10,rs SRB,"LW,FW",32-019,90,39,29,10,4,0,0,9,2,4,1,1,0,26,0,1,https://fbref.com/en/players/2475dcc6/Dusan-Tadic-Dušan Tadić,
3,Antony,https://fbref.com/en/players/99127249/Antony,39,39,br BRA,RW,20-289,90,51,47,2,0,0,2,3,1,1,1,0,0,36,2,0,https://fbref.com/en/players/99127249/Antony-Antony,
4,Zakaria Labyad,https://fbref.com/en/players/ebc56869/Zakaria-Labyad,19,19,ma MAR,AM,27-275,62,28,26,2,1,0,0,3,0,1,1,0,0,22,0,1,https://fbref.com/en/players/ebc56869/Zakaria-Labyad-Zakaria Labyad,
5,Jurgen Ekkelenkamp,https://fbref.com/en/players/73d6a176/Jurgen-Ekkelenkamp,18,18,nl NED,AM,20-248,28,9,8,1,0,0,0,1,1,0,0,0,0,6,0,1,https://fbref.com/en/players/73d6a176/Jurgen-Ekkelenkamp-Jurgen Ekkelenkamp,
6,Ryan Gravenberch,https://fbref.com/en/players/b8e740fb/Ryan-Gravenberch,8,8,nl NED,DM,18-207,78,60,60,0,0,0,0,1,0,0,0,0,0,53,0,0,https://fbref.com/en/players/b8e740fb/Ryan-Gravenberch-Ryan Gravenberch,
7,Davy Klaassen,https://fbref.com/en/players/15fd5593/Davy-Klaassen,6,6,nl NED,DM,27-292,90,40,40,0,0,0,0,1,0,0,0,0,0,33,0,1,https://fbref.com/en/players/15fd5593/Davy-Klaassen-Davy Klaassen,
8,Nicolás Tagliafico,https://fbref.com/en/players/f0661424/Nicolas-Tagliafico,31,31,ar ARG,LB,28-100,62,33,29,4,0,0,0,0,4,0,0,0,0,25,0,0,https://fbref.com/en/players/f0661424/Nicolas-Tagliafico-Nicolás Tagliafico,
9,Klaas-Jan Huntelaar,https://fbref.com/en/players/5042e5c2/Klaas-Jan-Huntelaar,9,9,nl NED,FW,37-119,28,7,6,1,0,0,0,0,0,0,0,0,0,6,0,0,https://fbref.com/en/players/5042e5c2/Klaas-Jan-Huntelaar-Klaas-Jan Huntelaar,
10,Lisandro Martínez,https://fbref.com/en/players/bac46a10/Lisandro-Martinez,21,21,ar ARG,CB,22-326,89,86,85,1,1,0,0,0,0,0,0,0,0,75,0,1,https://fbref.com/en/players/bac46a10/Lisandro-Martinez-Lisandro Martínez,
11,Jurriën Timber,https://fbref.com/en/players/41034650/Jurrien-Timber,2,2,nl NED,CB,19-175,,2,2,0,0,0,0,0,0,0,0,0,0,1,0,0,https://fbref.com/en/players/41034650/Jurrien-Timber-Jurriën Timber,
12,Edson Álvarez,https://fbref.com/en/players/8b3ab7ad/Edson-Alvarez,4,4,mx MEX,CB,23-046,1,0,0,0,0,0,0,0,0,0,0,0,0,0,0,0,https://fbref.com/en/players/8b3ab7ad/Edson-Alvarez-Edson Álvarez,
13,Perr Schuurs,https://fbref.com/en/players/e613313c/Perr-Schuurs,3,3,nl NED,CB,21-013,90,97,95,2,2,0,0,0,0,0,0,0,0,87,0,0,https://fbref.com/en/players/e613313c/Perr-Schuurs-Perr Schuurs,
14,Noussair Mazraoui,https://fbref.com/en/players/b74277a0/Noussair-Mazraoui,12,12,ma MAR,RB,23-025,90,91,79,12,2,0,0,1,10,0,0,0,0,71,0,2,https://fbref.com/en/players/b74277a0/Noussair-Mazraoui-Noussair Mazraoui,
15,André Onana,https://fbref.com/en/players/e9c0c1b2/Andre-Onana,24,24,cm CMR,GK,24-251,90,63,52,10,6,0,0,0,0,0,0,0,0,54,1,0,https://fbref.com/en/players/e9c0c1b2/Andre-Onana-André Onana,
