,Player Name,Player Number,Player,#,Nation,Pos,Age,Min,Gls,Ast,PK,PKatt,Sh,SoT,CrdY,CrdR,Touches,Tkl,Int,Blocks,xG,npxG,xAG,SCA,GCA,Cmp,Att,Cmp%,PrgP,Carries,PrgC,Att,Succ,Player Key,Player Link
0,Brian Brobbey,https://fbref.com/en/players/4c184730/Brian-Brobbey,30,30,nl NED,FW,18-312,45,0,0,0,0,1,1,0,0,18,1,0,0,0.1,0.1,0.1,2,0,12,14,85.7,0,9,0,1,1,https://fbref.com/en/players/4c184730/Brian-Brobbey-Brian Brobbey,
1,Quincy Promes,https://fbref.com/en/players/b182a240/Quincy-Promes,11,11,nl NED,"LB,LW",28-340,45,0,0,0,0,2,0,0,0,39,1,1,0,0.1,0.1,0.0,1,0,24,31,77.4,3,25,1,2,1,https://fbref.com/en/players/b182a240/Quincy-Promes-Quincy Promes,
2,Dušan Tadić,https://fbref.com/en/players/2475dcc6/Dusan-Tadic,10,10,rs SRB,"LW,FW",32-019,90,0,0,0,0,0,0,0,0,53,1,0,1,0.0,0.0,0.0,0,0,26,39,66.7,2,36,5,4,1,https://fbref.com/en/players/2475dcc6/Dusan-Tadic-Dušan Tadić,
3,Antony,https://fbref.com/en/players/99127249/Antony,39,39,br BRA,RW,20-289,90,0,0,0,0,1,0,0,0,65,2,1,1,0.0,0.0,0.1,6,0,36,51,70.6,3,51,6,4,1,https://fbref.com/en/players/99127249/Antony-Antony,
4,Zakaria Labyad,https://fbref.com/en/players/ebc56869/Zakaria-Labyad,19,19,ma MAR,AM,27-275,62,0,0,0,0,1,0,0,0,30,0,0,0,0.1,0.1,0.0,1,0,22,28,78.6,2,17,0,0,0,https://fbref.com/en/players/ebc56869/Zakaria-Labyad-Zakaria Labyad,
5,Jurgen Ekkelenkamp,https://fbref.com/en/players/73d6a176/Jurgen-Ekkelenkamp,18,18,nl NED,AM,20-248,28,0,0,0,0,1,0,0,0,11,1,1,0,0.0,0.0,0.3,2,0,6,9,66.7,1,5,0,0,0,https://fbref.com/en/players/73d6a176/Jurgen-Ekkelenkamp-Jurgen Ekkelenkamp,
6,Ryan Gravenberch,https://fbref.com/en/players/b8e740fb/Ryan-Gravenberch,8,8,nl NED,DM,18-207,78,0,0,0,0,1,0,2,1,76,3,4,2,0.0,0.0,0.0,0,0,53,60,88.3,8,58,2,3,2,https://fbref.com/en/players/b8e740fb/Ryan-Gravenberch-Ryan Gravenberch,
7,Davy Klaassen,https://fbref.com/en/players/15fd5593/Davy-Klaassen,6,6,nl NED,DM,27-292,90,0,0,0,0,1,1,0,0,49,2,1,1,0.3,0.3,0.0,4,0,33,40,82.5,4,32,1,4,3,https://fbref.com/en/players/15fd5593/Davy-Klaassen-Davy Klaassen,
8,Nicolás Tagliafico,https://fbref.com/en/players/f0661424/Nicolas-Tagliafico,31,31,ar ARG,LB,28-100,62,0,0,0,0,0,0,1,0,35,0,0,0,0.0,0.0,0.0,0,0,25,33,75.8,3,21,0,0,0,https://fbref.com/en/players/f0661424/Nicolas-Tagliafico-Nicolás Tagliafico,
9,Klaas-Jan Huntelaar,https://fbref.com/en/players/5042e5c2/Klaas-Jan-Huntelaar,9,9,nl NED,FW,37-119,28,0,0,0,0,0,0,0,0,9,0,0,0,0.0,0.0,0.0,2,0,6,7,85.7,0,4,0,0,0,https://fbref.com/en/players/5042e5c2/Klaas-Jan-Huntelaar-Klaas-Jan Huntelaar,
10,Lisandro Martínez,https://fbref.com/en/players/bac46a10/Lisandro-Martinez,21,21,ar ARG,CB,22-326,89,0,0,0,0,0,0,0,0,101,3,4,0,0.0,0.0,0.0,1,0,75,86,87.2,1,68,2,1,1,https://fbref.com/en/players/bac46a10/Lisandro-Martinez-Lisandro Martínez,
11,Jurriën Timber,https://fbref.com/en/players/41034650/Jurrien-Timber,2,2,nl NED,CB,19-175,,0,0,0,0,0,0,0,0,2,0,0,0,0.0,0.0,0.0,0,0,1,2,50.0,0,0,0,0,0,https://fbref.com/en/players/41034650/Jurrien-Timber-Jurriën Timber,
12,Edson Álvarez,https://fbref.com/en/players/8b3ab7ad/Edson-Alvarez,4,4,mx MEX,CB,23-046,1,0,0,0,0,0,0,0,0,0,0,0,0,0.0,0.0,0.0,0,0,0,0,,0,0,0,0,0,https://fbref.com/en/players/8b3ab7ad/Edson-Alvarez-Edson Álvarez,
13,Perr Schuurs,https://fbref.com/en/players/e613313c/Perr-Schuurs,3,3,nl NED,CB,21-013,90,0,0,0,0,1,0,0,0,102,1,1,1,0.0,0.0,0.0,0,0,87,97,89.7,4,78,1,2,2,https://fbref.com/en/players/e613313c/Perr-Schuurs-Perr Schuurs,
14,Noussair Mazraoui,https://fbref.com/en/players/b74277a0/Noussair-Mazraoui,12,12,ma MAR,RB,23-025,90,0,0,0,0,3,0,0,0,108,2,3,2,0.1,0.1,0.0,0,0,71,91,78.0,13,64,1,3,2,https://fbref.com/en/players/b74277a0/Noussair-Mazraoui-Noussair Mazraoui,
15,André Onana,https://fbref.com/en/players/e9c0c1b2/Andre-Onana,24,24,cm CMR,GK,24-251,90,0,0,0,0,0,0,0,0,63,0,0,0,0.0,0.0,0.0,0,0,54,63,85.7,0,43,0,0,0,https://fbref.com/en/players/e9c0c1b2/Andre-Onana-André Onana,
