,Player Name,Player Number,Player,#,Nation,Pos,Age,Min,Touches,Def Pen,Def 3rd,Mid 3rd,Att 3rd,Att Pen,Live,Att,Succ,Succ%,Tkld,Tkld%,Carries,TotDist,PrgDist,PrgC,1/3,CPA,Mis,Dis,Rec,PrgR,Player Key,Player Link
0,Brian Brobbey,https://fbref.com/en/players/4c184730/Brian-Brobbey,30,30,nl NED,FW,18-312,45,18,0,0,8,10,3,18,1,1,100.0,0,0.0,9,40,10,0,1,0,1,0,15,8,https://fbref.com/en/players/4c184730/Brian-Brobbey-Brian Brobbey,
1,Quincy Promes,https://fbref.com/en/players/b182a240/Quincy-Promes,11,11,nl NED,"LB,LW",28-340,45,39,2,5,18,16,0,39,2,1,50.0,1,50.0,25,121,68,1,2,0,1,0,26,5,https://fbref.com/en/players/b182a240/Quincy-Promes-Quincy Promes,
2,Dušan Tadić,https://fbref.com/en/players/2475dcc6/Dusan-Tadic,10,10,rs SRB,"LW,FW",32-019,90,53,0,2,18,33,3,53,4,1,25.0,3,75.0,36,187,84,5,2,2,4,2,37,12,https://fbref.com/en/players/2475dcc6/Dusan-Tadic-Dušan Tadić,
3,Antony,https://fbref.com/en/players/99127249/Antony,39,39,br BRA,RW,20-289,90,65,1,7,35,23,2,65,4,1,25.0,3,75.0,51,335,179,6,5,0,1,1,50,7,https://fbref.com/en/players/99127249/Antony-Antony,
4,Zakaria Labyad,https://fbref.com/en/players/ebc56869/Zakaria-Labyad,19,19,ma MAR,AM,27-275,62,30,0,2,19,10,0,30,0,0,,0,,17,50,18,0,1,0,1,1,16,2,https://fbref.com/en/players/ebc56869/Zakaria-Labyad-Zakaria Labyad,
5,Jurgen Ekkelenkamp,https://fbref.com/en/players/73d6a176/Jurgen-Ekkelenkamp,18,18,nl NED,AM,20-248,28,11,0,1,4,6,2,11,0,0,,0,,5,24,0,0,0,0,0,0,6,2,https://fbref.com/en/players/73d6a176/Jurgen-Ekkelenkamp-Jurgen Ekkelenkamp,
6,Ryan Gravenberch,https://fbref.com/en/players/b8e740fb/Ryan-Gravenberch,8,8,nl NED,DM,18-207,78,76,1,17,46,13,0,76,3,2,66.7,1,33.3,58,307,146,2,3,0,2,2,55,1,https://fbref.com/en/players/b8e740fb/Ryan-Gravenberch-Ryan Gravenberch,
7,Davy Klaassen,https://fbref.com/en/players/15fd5593/Davy-Klaassen,6,6,nl NED,DM,27-292,90,49,2,12,28,11,3,49,4,3,75.0,1,25.0,32,139,66,1,1,0,0,0,29,1,https://fbref.com/en/players/15fd5593/Davy-Klaassen-Davy Klaassen,
8,Nicolás Tagliafico,https://fbref.com/en/players/f0661424/Nicolas-Tagliafico,31,31,ar ARG,LB,28-100,62,35,0,9,21,5,1,35,0,0,,0,,21,110,68,0,0,0,2,0,21,2,https://fbref.com/en/players/f0661424/Nicolas-Tagliafico-Nicolás Tagliafico,
9,Klaas-Jan Huntelaar,https://fbref.com/en/players/5042e5c2/Klaas-Jan-Huntelaar,9,9,nl NED,FW,37-119,28,9,0,0,6,3,0,9,0,0,,0,,4,2,1,0,0,0,1,0,7,2,https://fbref.com/en/players/5042e5c2/Klaas-Jan-Huntelaar-Klaas-Jan Huntelaar,
10,Lisandro Martínez,https://fbref.com/en/players/bac46a10/Lisandro-Martinez,21,21,ar ARG,CB,22-326,89,101,7,58,42,1,0,101,1,1,100.0,0,0.0,68,283,148,2,0,0,0,0,71,0,https://fbref.com/en/players/bac46a10/Lisandro-Martinez-Lisandro Martínez,
11,Jurriën Timber,https://fbref.com/en/players/41034650/Jurrien-Timber,2,2,nl NED,CB,19-175,,2,0,1,1,0,0,2,0,0,,0,,0,0,0,0,0,0,0,0,0,0,https://fbref.com/en/players/41034650/Jurrien-Timber-Jurriën Timber,
12,Edson Álvarez,https://fbref.com/en/players/8b3ab7ad/Edson-Alvarez,4,4,mx MEX,CB,23-046,1,0,0,0,0,0,0,0,0,0,,0,,0,0,0,0,0,0,0,0,0,0,https://fbref.com/en/players/8b3ab7ad/Edson-Alvarez-Edson Álvarez,
13,Perr Schuurs,https://fbref.com/en/players/e613313c/Perr-Schuurs,3,3,nl NED,CB,21-013,90,102,2,51,50,1,0,102,2,2,100.0,0,0.0,78,352,126,1,0,0,0,0,79,0,https://fbref.com/en/players/e613313c/Perr-Schuurs-Perr Schuurs,
14,Noussair Mazraoui,https://fbref.com/en/players/b74277a0/Noussair-Mazraoui,12,12,ma MAR,RB,23-025,90,108,6,31,62,15,1,108,3,2,66.7,1,33.3,64,242,123,1,0,0,2,0,66,2,https://fbref.com/en/players/b74277a0/Noussair-Mazraoui-Noussair Mazraoui,
15,André Onana,https://fbref.com/en/players/e9c0c1b2/Andre-Onana,24,24,cm CMR,GK,24-251,90,63,31,58,5,0,0,63,0,0,,0,,43,209,136,0,0,0,0,0,45,0,https://fbref.com/en/players/e9c0c1b2/Andre-Onana-André Onana,
