,Player Name,Player Number,Player,#,Nation,Pos,Age,Min,Tkl,TklW,Def 3rd,Mid 3rd,Att 3rd,Tkl,Att,Tkl%,Lost,Blocks,Sh,Pass,Int,Tkl+Int,Clr,Err,Player Key,Player Link
0,Papu Gómez,https://fbref.com/en/players/6e4df551/Papu-Gomez,10,10,ar ARG,"FW,LW",32-298,90,0,0,0,0,0,0,1,0.0,1,3,2,1,0,0,0,0,https://fbref.com/en/players/6e4df551/Papu-Gomez-Papu Gómez,
1,Duván Zapata,https://fbref.com/en/players/d3de9af0/Duvan-Zapata,91,91,co COL,FW,29-252,78,2,1,2,0,0,1,1,100.0,0,0,0,0,0,2,1,0,https://fbref.com/en/players/d3de9af0/Duvan-Zapata-Duván Zapata,
2,Luis Muriel,https://fbref.com/en/players/eb2fe5b6/Luis-Muriel,9,9,co COL,FW,29-237,12,0,0,0,0,0,0,1,0.0,1,0,0,0,0,0,0,0,https://fbref.com/en/players/eb2fe5b6/Luis-Muriel-Luis Muriel,
3,Matteo Pessina,https://fbref.com/en/players/780e3631/Matteo-Pessina,32,32,it ITA,"AM,CM",23-232,90,2,1,0,2,0,1,4,25.0,3,0,0,0,1,3,1,0,https://fbref.com/en/players/780e3631/Matteo-Pessina-Matteo Pessina,
4,Remo Freuler,https://fbref.com/en/players/98d2c2c4/Remo-Freuler,11,11,ch SUI,CM,28-238,90,4,1,1,3,0,3,4,75.0,1,0,0,0,1,5,2,0,https://fbref.com/en/players/98d2c2c4/Remo-Freuler-Remo Freuler,
5,Marten de Roon,https://fbref.com/en/players/2a1beb34/Marten-de-Roon,15,15,nl NED,CM,29-255,90,0,0,0,0,0,0,2,0.0,2,0,0,0,1,1,3,0,https://fbref.com/en/players/2a1beb34/Marten-de-Roon-Marten de Roon,
6,Robin Gosens,https://fbref.com/en/players/2d970560/Robin-Gosens,8,8,de GER,WB,26-157,78,1,0,0,1,0,1,3,33.3,2,3,2,1,0,1,2,0,https://fbref.com/en/players/2d970560/Robin-Gosens-Robin Gosens,
7,José Luis Palomino,https://fbref.com/en/players/921f6058/Jose-Luis-Palomino,6,6,ar ARG,LB,30-339,12,0,0,0,0,0,0,0,,0,0,0,0,2,2,0,0,https://fbref.com/en/players/921f6058/Jose-Luis-Palomino-José Luis Palomino,
8,Hans Hateboer,https://fbref.com/en/players/3b333ac3/Hans-Hateboer,33,33,nl NED,"WB,RW",26-335,90,2,1,1,1,0,2,3,66.7,1,0,0,0,3,5,2,0,https://fbref.com/en/players/3b333ac3/Hans-Hateboer-Hans Hateboer,
9,Berat Djimsiti,https://fbref.com/en/players/6eee05f1/Berat-Djimsiti,19,19,al ALB,CB,27-294,90,1,0,1,0,0,0,0,,0,0,0,0,5,6,6,0,https://fbref.com/en/players/6eee05f1/Berat-Djimsiti-Berat Djimsiti,
10,Cristian Romero,https://fbref.com/en/players/a3d94a58/Cristian-Romero,17,17,ar ARG,CB,22-226,90,0,0,0,0,0,0,1,0.0,1,4,2,2,5,5,3,0,https://fbref.com/en/players/a3d94a58/Cristian-Romero-Cristian Romero,
11,Rafael Tolói,https://fbref.com/en/players/c56dc39e/Rafael-Toloi,2,2,it ITA,"CB,RB",30-060,90,4,2,1,3,0,2,4,50.0,2,1,1,0,2,6,3,0,https://fbref.com/en/players/c56dc39e/Rafael-Toloi-Rafael Tolói,
12,Pierluigi Gollini,https://fbref.com/en/players/f0f7f62f/Pierluigi-Gollini,95,95,it ITA,GK,25-266,90,0,0,0,0,0,0,0,,0,0,0,0,0,0,0,0,https://fbref.com/en/players/f0f7f62f/Pierluigi-Gollini-Pierluigi Gollini,
