,Player Name,Player Number,Player,#,Nation,Pos,Age,Min,Touches,Def Pen,Def 3rd,Mid 3rd,Att 3rd,Att Pen,Live,Att,Succ,Succ%,Tkld,Tkld%,Carries,TotDist,PrgDist,PrgC,1/3,CPA,Mis,Dis,Rec,PrgR,Player Key,Player Link
0,Papu Gómez,https://fbref.com/en/players/6e4df551/Papu-Gomez,10,10,ar ARG,"FW,LW",32-298,90,49,1,11,21,19,0,49,5,3,60.0,2,40.0,28,214,60,2,3,0,4,4,30,5,https://fbref.com/en/players/6e4df551/Papu-Gomez-Papu Gómez,
1,Duván Zapata,https://fbref.com/en/players/d3de9af0/Duvan-Zapata,91,91,co COL,FW,29-252,78,36,1,5,16,17,3,36,5,2,40.0,3,60.0,18,156,100,4,3,1,3,2,30,7,https://fbref.com/en/players/d3de9af0/Duvan-Zapata-Duván Zapata,
2,Luis Muriel,https://fbref.com/en/players/eb2fe5b6/Luis-Muriel,9,9,co COL,FW,29-237,12,9,0,0,4,5,2,9,1,1,100.0,0,0.0,6,33,18,1,0,1,1,0,8,1,https://fbref.com/en/players/eb2fe5b6/Luis-Muriel-Luis Muriel,
3,Matteo Pessina,https://fbref.com/en/players/780e3631/Matteo-Pessina,32,32,it ITA,"AM,CM",23-232,90,50,1,12,27,13,2,50,4,3,75.0,1,25.0,25,159,129,4,3,2,2,0,32,6,https://fbref.com/en/players/780e3631/Matteo-Pessina-Matteo Pessina,
4,Remo Freuler,https://fbref.com/en/players/98d2c2c4/Remo-Freuler,11,11,ch SUI,CM,28-238,90,55,2,12,33,10,1,55,2,1,50.0,1,50.0,25,126,33,0,1,0,1,0,33,1,https://fbref.com/en/players/98d2c2c4/Remo-Freuler-Remo Freuler,
5,Marten de Roon,https://fbref.com/en/players/2a1beb34/Marten-de-Roon,15,15,nl NED,CM,29-255,90,48,3,19,27,2,1,48,0,0,,0,,11,44,16,0,0,0,1,2,21,0,https://fbref.com/en/players/2a1beb34/Marten-de-Roon-Marten de Roon,
6,Robin Gosens,https://fbref.com/en/players/2d970560/Robin-Gosens,8,8,de GER,WB,26-157,78,37,3,15,15,7,1,37,0,0,,0,,12,59,25,0,0,0,2,0,21,1,https://fbref.com/en/players/2d970560/Robin-Gosens-Robin Gosens,
7,José Luis Palomino,https://fbref.com/en/players/921f6058/Jose-Luis-Palomino,6,6,ar ARG,LB,30-339,12,9,0,1,5,3,0,9,0,0,,0,,2,9,2,0,0,0,0,0,2,0,https://fbref.com/en/players/921f6058/Jose-Luis-Palomino-José Luis Palomino,
8,Hans Hateboer,https://fbref.com/en/players/3b333ac3/Hans-Hateboer,33,33,nl NED,"WB,RW",26-335,90,44,3,10,22,12,1,44,2,1,50.0,1,50.0,17,81,57,2,1,1,1,0,25,4,https://fbref.com/en/players/3b333ac3/Hans-Hateboer-Hans Hateboer,
9,Berat Djimsiti,https://fbref.com/en/players/6eee05f1/Berat-Djimsiti,19,19,al ALB,CB,27-294,90,52,7,31,18,4,2,52,0,0,,0,,21,108,55,0,1,0,0,0,22,2,https://fbref.com/en/players/6eee05f1/Berat-Djimsiti-Berat Djimsiti,
10,Cristian Romero,https://fbref.com/en/players/a3d94a58/Cristian-Romero,17,17,ar ARG,CB,22-226,90,38,5,15,21,3,2,38,0,0,,0,,14,69,41,0,0,0,0,1,10,0,https://fbref.com/en/players/a3d94a58/Cristian-Romero-Cristian Romero,
11,Rafael Tolói,https://fbref.com/en/players/c56dc39e/Rafael-Toloi,2,2,it ITA,"CB,RB",30-060,90,50,5,22,24,4,1,50,0,0,,0,,24,92,39,0,3,0,0,0,27,0,https://fbref.com/en/players/c56dc39e/Rafael-Toloi-Rafael Tolói,
12,Pierluigi Gollini,https://fbref.com/en/players/f0f7f62f/Pierluigi-Gollini,95,95,it ITA,GK,25-266,90,23,19,23,0,0,0,23,0,0,,0,,6,39,18,0,0,0,0,0,4,0,https://fbref.com/en/players/f0f7f62f/Pierluigi-Gollini-Pierluigi Gollini,
