,Player Name,Player Number,Player,#,Nation,Pos,Age,Min,Att,Live,Dead,FK,TB,Sw,Crs,TI,CK,In,Out,Str,Cmp,Off,Blocks,Player Key,Player Link
0,Papu Gómez,https://fbref.com/en/players/6e4df551/Papu-Gomez,10,10,ar ARG,"FW,LW",32-298,90,37,26,9,4,1,1,6,0,4,3,1,0,25,2,2,https://fbref.com/en/players/6e4df551/Papu-Gomez-Papu Gómez,
1,Duván Zapata,https://fbref.com/en/players/d3de9af0/Duvan-Zapata,91,91,co COL,FW,29-252,78,23,23,0,0,0,0,2,0,0,0,0,0,10,0,0,https://fbref.com/en/players/d3de9af0/Duvan-Zapata-Duván Zapata,
2,Luis Muriel,https://fbref.com/en/players/eb2fe5b6/Luis-Muriel,9,9,co COL,FW,29-237,12,6,5,1,1,0,0,1,0,0,0,0,0,3,0,0,https://fbref.com/en/players/eb2fe5b6/Luis-Muriel-Luis Muriel,
3,Matteo Pessina,https://fbref.com/en/players/780e3631/Matteo-Pessina,32,32,it ITA,"AM,CM",23-232,90,39,38,1,1,0,0,1,0,0,0,0,0,30,0,1,https://fbref.com/en/players/780e3631/Matteo-Pessina-Matteo Pessina,
4,Remo Freuler,https://fbref.com/en/players/98d2c2c4/Remo-Freuler,11,11,ch SUI,CM,28-238,90,45,44,1,1,1,0,0,0,0,0,0,0,38,0,0,https://fbref.com/en/players/98d2c2c4/Remo-Freuler-Remo Freuler,
5,Marten de Roon,https://fbref.com/en/players/2a1beb34/Marten-de-Roon,15,15,nl NED,CM,29-255,90,35,33,1,1,0,1,0,0,0,0,0,0,17,1,0,https://fbref.com/en/players/2a1beb34/Marten-de-Roon-Marten de Roon,
6,Robin Gosens,https://fbref.com/en/players/2d970560/Robin-Gosens,8,8,de GER,WB,26-157,78,28,25,3,1,0,0,0,2,0,0,0,0,19,0,0,https://fbref.com/en/players/2d970560/Robin-Gosens-Robin Gosens,
7,José Luis Palomino,https://fbref.com/en/players/921f6058/Jose-Luis-Palomino,6,6,ar ARG,LB,30-339,12,6,5,1,0,0,0,0,1,0,0,0,0,3,0,0,https://fbref.com/en/players/921f6058/Jose-Luis-Palomino-José Luis Palomino,
8,Hans Hateboer,https://fbref.com/en/players/3b333ac3/Hans-Hateboer,33,33,nl NED,"WB,RW",26-335,90,36,27,9,0,0,0,1,9,0,0,0,0,30,0,0,https://fbref.com/en/players/3b333ac3/Hans-Hateboer-Hans Hateboer,
9,Berat Djimsiti,https://fbref.com/en/players/6eee05f1/Berat-Djimsiti,19,19,al ALB,CB,27-294,90,40,36,4,2,0,0,0,2,0,0,0,0,30,0,1,https://fbref.com/en/players/6eee05f1/Berat-Djimsiti-Berat Djimsiti,
10,Cristian Romero,https://fbref.com/en/players/a3d94a58/Cristian-Romero,17,17,ar ARG,CB,22-226,90,29,24,5,5,0,0,0,0,0,0,0,0,25,0,0,https://fbref.com/en/players/a3d94a58/Cristian-Romero-Cristian Romero,
11,Rafael Tolói,https://fbref.com/en/players/c56dc39e/Rafael-Toloi,2,2,it ITA,"CB,RB",30-060,90,37,36,1,1,0,0,0,0,0,0,0,0,26,0,2,https://fbref.com/en/players/c56dc39e/Rafael-Toloi-Rafael Tolói,
12,Pierluigi Gollini,https://fbref.com/en/players/f0f7f62f/Pierluigi-Gollini,95,95,it ITA,GK,25-266,90,22,10,12,5,0,0,0,0,0,0,0,0,12,0,0,https://fbref.com/en/players/f0f7f62f/Pierluigi-Gollini-Pierluigi Gollini,
