,Minute,Player,Squad,xG,PSxG,Outcome,Distance,Body Part,Notes,SCA 1 Player,SCA 1 Event,SCA 2 Player,SCA 2 Event
0,15,Noussair Mazraoui,Ajax,0.06,,Blocked,17,Right Foot,,Brian Brobbey,Pass (Live),Davy Klaassen,Pass (Live)
1,16,Ryan Gravenberch,Ajax,0.02,,Off Target,28,Right Foot,,Antony,Pass (Live),Zakaria Labyad,Pass (Live)
2,19,Marten de Roon,Atalanta,0.07,,Off Target,18,Left Foot,,Duván Zapata,Pass (Live),Papu Gómez,Pass (Live)
3,31,Zakaria Labyad,Ajax,0.05,,Blocked,31,Right Foot,Free kick,Brian Brobbey,Fouled,Davy Klaassen,Pass (Live)
4,45+3,Brian Brobbey,Ajax,0.07,0.03,Saved,10,Head,,Antony,Pass (Live),Antony,Take-On
5,,,,,,,,,,,,,
6,59,Remo Freuler,Atalanta,0.09,,Off Target,16,Right Foot,,Hans Hateboer,Pass (Live),Duván Zapata,Pass (Live)
7,66,Cristian Romero,Atalanta,0.06,,Off Target,11,Head,,Papu Gómez,Pass (Dead),,
8,66,Matteo Pessina,Atalanta,0.03,,Blocked,22,Right Foot,Volley,Cristian Romero,Shot,,
9,67,Noussair Mazraoui,Ajax,0.03,,Blocked,22,Right Foot,,Antony,Pass (Live),Quincy Promes,Pass (Live)
10,75,Davy Klaassen,Ajax,0.29,0.33,Saved,15,Right Foot,,Jurgen Ekkelenkamp,Pass (Live),Antony,Pass (Live)
11,75,Perr Schuurs,Ajax,0.04,,Blocked,25,Right Foot,,Davy Klaassen,Shot,,
12,81,Luis Muriel,Atalanta,0.28,,Off Target,7,Head,,Papu Gómez,Pass (Live),Berat Djimsiti,Pass (Live)
13,84,Jurgen Ekkelenkamp,Ajax,0.05,,Blocked,14,Left Foot,,Davy Klaassen,Take-On,,
14,84,Noussair Mazraoui,Ajax,0.03,,Off Target,27,Right Foot,Volley,Jurgen Ekkelenkamp,Shot,,
15,85,Luis Muriel,Atalanta,0.56,0.85,Goal,14,Left Foot,,Luis Muriel,Take-On,Remo Freuler,Pass (Live)
16,86,Antony,Ajax,0.03,,Off Target,24,Left Foot,,Klaas-Jan Huntelaar,Pass (Live),Lisandro Martínez,Pass (Live)
17,88,Quincy Promes,Ajax,0.03,,Blocked,27,Right Foot,,,,,
18,90,Remo Freuler,Atalanta,0.03,,Off Target,28,Right Foot,,Matteo Pessina,Pass (Live),José Luis Palomino,Pass (Live)
19,90+3,Matteo Pessina,Atalanta,0.11,,Blocked,13,Left Foot,,Papu Gómez,Pass (Live),Remo Freuler,Pass (Live)
20,90+3,Quincy Promes,Ajax,0.03,,Blocked,27,Right Foot,,Antony,Pass (Live),Klaas-Jan Huntelaar,Pass (Live)
