season,injury,from,until,days,missed_games
22/23,Hamstring injury,"Jul 5, 2022","Feb 25, 2023",235 days,54
21/22,unknown injury,"Feb 4, 2022","May 30, 2022",115 days,18
21/22,Hamstring injury,"Dec 5, 2021","Dec 23, 2021",18 days,4
20/21,Groin strain,"Mar 1, 2021","Mar 8, 2021",7 days,2
20/21,Quarantine,"Oct 27, 2020","Nov 6, 2020",10 days,2
20/21,unknown injury,"Sep 26, 2020","Oct 12, 2020",16 days,3
18/19,Hamstring strain,"Jan 4, 2019","Feb 15, 2019",42 days,4
18/19,Hamstring strain,"Nov 5, 2018","Dec 21, 2018",46 days,10
17/18,Groin strain,"Nov 15, 2017","Aug 22, 2018",280 days,38
17/18,Knee injury,"Jul 11, 2017","Sep 17, 2017",68 days,10
15/16,Ankle injury,"Oct 12, 2015","May 7, 2016",208 days,47
