season,injury,from,until,days,missed_games
23/24,unknown injury,"May 12, 2024","May 27, 2024",15 days,3
23/24,unknown injury,"Apr 23, 2024","May 4, 2024",11 days,1
23/24,unknown injury,"Mar 25, 2024","Apr 6, 2024",12 days,1
23/24,unknown injury,"Feb 9, 2024","Feb 21, 2024",12 days,2
22/23,unknown injury,"May 30, 2023","Jun 8, 2023",9 days,4
22/23,unknown injury,"Apr 1, 2023","Apr 10, 2023",9 days,1
22/23,Fitness,"Mar 15, 2023","Mar 19, 2023",4 days,1
22/23,unknown injury,"Feb 4, 2023","Mar 15, 2023",39 days,4
22/23,unknown injury,"Jan 20, 2023","Jan 24, 2023",4 days,1
22/23,unknown injury,"Jan 14, 2023","Jan 19, 2023",5 days,2
22/23,Knee problems,"Jul 28, 2022","Sep 26, 2022",60 days,13
20/21,unknown injury,"Apr 20, 2021","May 19, 2021",29 days,7
20/21,unknown injury,"Mar 8, 2021","Mar 18, 2021",10 days,3
20/21,unknown injury,"Jan 20, 2021","Feb 1, 2021",12 days,2
20/21,Stress reaction of the bone,"Oct 18, 2020","Dec 15, 2020",58 days,12
