season,injury,from,until,days,missed_games
23/24,Hip injury,"Aug 25, 2023","Sep 17, 2023",23 days,3
22/23,Muscle fiber tear,"Aug 23, 2022","Aug 31, 2022",8 days,2
21/22,Leg injury,"Feb 8, 2022","Feb 16, 2022",8 days,2
21/22,Knee injury,"Nov 12, 2021","Nov 17, 2021",5 days,-
20/21,Corona virus,"Dec 22, 2020","Jan 2, 2021",11 days,1
17/18,Outer ligament tear,"May 18, 2018","Jun 28, 2018",41 days,4
16/17,Hamstring injury,"May 17, 2017","May 28, 2017",11 days,3
16/17,Calf injury,"Jan 22, 2017","Jan 30, 2017",8 days,3
16/17,Ankle injury,"Oct 9, 2016","Nov 14, 2016",36 days,7
