,Player Name,Player Number,Player,#,Nation,Pos,Age,Min,Touches,Def Pen,Def 3rd,Mid 3rd,Att 3rd,Att Pen,Live,Att,Succ,Succ%,Tkld,Tkld%,Carries,TotDist,PrgDist,PrgC,1/3,CPA,Mis,Dis,Rec,PrgR,Player Key,Player Link
0,Ched Evans,https://fbref.com/en/players/bb770c52/Ched-Evans,26,26,wls WAL,FW,32-058,86,50,1,1,28,21,4,50,3,2,66.7,1,33.3,21,118,37,1,0,0,5,0,30,7,https://fbref.com/en/players/bb770c52/Ched-Evans-Ched Evans,
1,Emil Riis Jakobsen,https://fbref.com/en/players/292cdb26/Emil-Riis-Jakobsen,19,19,dk DEN,FW,22-245,4,2,0,0,2,0,0,2,0,0,,0,,1,0,0,0,0,0,1,0,1,0,https://fbref.com/en/players/292cdb26/Emil-Riis-Jakobsen-Emil Riis Jakobsen,
2,Anthony Gordon,https://fbref.com/en/players/2bd83368/Anthony-Gordon,42,42,eng ENG,LW,20-000,79,39,0,0,11,28,4,39,5,2,40.0,3,60.0,17,132,56,2,0,2,1,0,21,10,https://fbref.com/en/players/2bd83368/Anthony-Gordon-Anthony Gordon,
3,Tom Barkhuizen,https://fbref.com/en/players/9cf7496b/Tom-Barkhuizen,29,29,eng ENG,LW,27-235,11,5,0,0,2,3,0,5,0,0,,0,,1,6,6,0,0,0,0,2,3,3,https://fbref.com/en/players/9cf7496b/Tom-Barkhuizen-Tom Barkhuizen,
4,Scott Sinclair,https://fbref.com/en/players/273c483b/Scott-Sinclair,31,31,eng ENG,RW,31-336,90,24,0,0,9,15,3,24,0,0,,0,,17,124,58,2,0,0,1,1,16,9,https://fbref.com/en/players/273c483b/Scott-Sinclair-Scott Sinclair,
5,Brad Potts,https://fbref.com/en/players/a81ba56b/Brad-Potts,44,44,eng ENG,AM,26-236,87,40,1,2,16,22,5,40,0,0,,0,,21,126,33,2,2,0,4,0,24,7,https://fbref.com/en/players/a81ba56b/Brad-Potts-Brad Potts,
6,Daniel Johnson,https://fbref.com/en/players/6d477b52/Daniel-Johnson,11,11,jm JAM,AM,28-139,3,1,0,0,1,0,0,1,0,0,,0,,1,1,0,0,0,0,1,0,1,0,https://fbref.com/en/players/6d477b52/Daniel-Johnson-Daniel Johnson,
7,Ben Whiteman,https://fbref.com/en/players/7b69e7cc/Ben-Whiteman,17,17,eng ENG,DM,24-252,90,43,3,14,26,3,0,43,0,0,,0,,21,74,41,0,0,0,0,0,26,0,https://fbref.com/en/players/7b69e7cc/Ben-Whiteman-Ben Whiteman,
8,Alan Browne,https://fbref.com/en/players/25dea15a/Alan-Browne,8,8,ie IRL,DM,25-315,90,58,2,10,41,8,1,58,2,2,100.0,0,0.0,22,126,51,0,2,0,2,1,29,0,https://fbref.com/en/players/25dea15a/Alan-Browne-Alan Browne,
9,Greg Cunningham,https://fbref.com/en/players/dc10b26c/Greg-Cunningham,37,37,ie IRL,LB,30-024,90,66,2,16,36,15,2,66,1,0,0.0,1,100.0,25,103,50,1,0,0,1,0,34,3,https://fbref.com/en/players/dc10b26c/Greg-Cunningham-Greg Cunningham,
10,Andrew Hughes,https://fbref.com/en/players/18a6749d/Andrew-Hughes,16,16,wls WAL,CB,28-264,90,50,8,30,18,2,2,50,0,0,,0,,22,94,22,0,0,0,2,0,25,0,https://fbref.com/en/players/18a6749d/Andrew-Hughes-Andrew Hughes,
11,Jordan Storey,https://fbref.com/en/players/fa47f160/Jordan-Storey,14,14,eng ENG,CB,23-175,90,45,4,22,23,0,0,45,0,0,,0,,25,94,66,0,0,0,0,0,27,0,https://fbref.com/en/players/fa47f160/Jordan-Storey-Jordan Storey,
12,Sepp van den Berg,https://fbref.com/en/players/7bf9400b/Sepp-van-den-Berg,2,2,nl NED,RB,19-066,90,68,2,21,39,8,2,68,0,0,,0,,27,97,38,2,1,0,1,0,31,1,https://fbref.com/en/players/7bf9400b/Sepp-van-den-Berg-Sepp van den Berg,
13,Daniel Iversen,https://fbref.com/en/players/10d221cd/Daniel-Iversen,22,22,dk DEN,GK,23-220,90,35,31,35,0,0,0,35,0,0,,0,,15,92,69,0,0,0,0,0,10,0,https://fbref.com/en/players/10d221cd/Daniel-Iversen-Daniel Iversen,
