,Player Name,Player Number,Player,#,Nation,Pos,Age,Min,Gls,Ast,PK,PKatt,Sh,SoT,CrdY,CrdR,Touches,Tkl,Int,Blocks,xG,npxG,xAG,SCA,GCA,Cmp,Att,Cmp%,PrgP,Carries,PrgC,Att,Succ,Player Key,Player Link
0,Ched Evans,https://fbref.com/en/players/bb770c52/Ched-Evans,26,26,wls WAL,FW,32-058,86,0,0,0,0,3,0,0,0,50,0,1,1,0.2,0.2,0.1,5,0,30,33,90.9,6,21,1,3,2,https://fbref.com/en/players/bb770c52/Ched-Evans-Ched Evans,
1,Emil Riis Jakobsen,https://fbref.com/en/players/292cdb26/Emil-Riis-Jakobsen,19,19,dk DEN,FW,22-245,4,0,0,0,0,0,0,0,0,2,0,0,0,0.0,0.0,0.0,0,0,0,1,0.0,0,1,0,0,0,https://fbref.com/en/players/292cdb26/Emil-Riis-Jakobsen-Emil Riis Jakobsen,
2,Anthony Gordon,https://fbref.com/en/players/2bd83368/Anthony-Gordon,42,42,eng ENG,LW,20-000,79,0,0,0,0,3,2,0,0,39,1,1,0,0.4,0.4,0.1,6,0,12,29,41.4,2,17,2,5,2,https://fbref.com/en/players/2bd83368/Anthony-Gordon-Anthony Gordon,
3,Tom Barkhuizen,https://fbref.com/en/players/9cf7496b/Tom-Barkhuizen,29,29,eng ENG,LW,27-235,11,0,0,0,0,0,0,0,0,5,1,0,1,0.0,0.0,0.0,1,0,1,3,33.3,0,1,0,0,0,https://fbref.com/en/players/9cf7496b/Tom-Barkhuizen-Tom Barkhuizen,
4,Scott Sinclair,https://fbref.com/en/players/273c483b/Scott-Sinclair,31,31,eng ENG,RW,31-336,90,0,0,0,0,2,0,0,0,24,0,1,0,0.1,0.1,0.0,3,0,12,18,66.7,3,17,2,0,0,https://fbref.com/en/players/273c483b/Scott-Sinclair-Scott Sinclair,
5,Brad Potts,https://fbref.com/en/players/a81ba56b/Brad-Potts,44,44,eng ENG,AM,26-236,87,0,0,0,0,3,0,0,0,40,0,1,2,0.1,0.1,0.1,2,0,19,28,67.9,3,21,2,0,0,https://fbref.com/en/players/a81ba56b/Brad-Potts-Brad Potts,
6,Daniel Johnson,https://fbref.com/en/players/6d477b52/Daniel-Johnson,11,11,jm JAM,AM,28-139,3,0,0,0,0,0,0,0,0,1,0,0,0,0.0,0.0,0.0,0,0,0,0,,0,1,0,0,0,https://fbref.com/en/players/6d477b52/Daniel-Johnson-Daniel Johnson,
7,Ben Whiteman,https://fbref.com/en/players/7b69e7cc/Ben-Whiteman,17,17,eng ENG,DM,24-252,90,0,0,0,0,0,0,0,0,43,1,1,0,0.0,0.0,0.1,2,0,29,39,74.4,6,21,0,0,0,https://fbref.com/en/players/7b69e7cc/Ben-Whiteman-Ben Whiteman,
8,Alan Browne,https://fbref.com/en/players/25dea15a/Alan-Browne,8,8,ie IRL,DM,25-315,90,0,0,0,0,0,0,0,0,58,2,1,1,0.0,0.0,0.0,3,0,27,46,58.7,3,22,0,2,2,https://fbref.com/en/players/25dea15a/Alan-Browne-Alan Browne,
9,Greg Cunningham,https://fbref.com/en/players/dc10b26c/Greg-Cunningham,37,37,ie IRL,LB,30-024,90,0,0,0,0,1,0,0,0,66,1,0,1,0.0,0.0,0.1,3,0,40,55,72.7,8,25,1,1,0,https://fbref.com/en/players/dc10b26c/Greg-Cunningham-Greg Cunningham,
10,Andrew Hughes,https://fbref.com/en/players/18a6749d/Andrew-Hughes,16,16,wls WAL,CB,28-264,90,0,0,0,0,2,0,0,0,50,0,1,0,0.1,0.1,0.0,1,0,31,38,81.6,2,22,0,0,0,https://fbref.com/en/players/18a6749d/Andrew-Hughes-Andrew Hughes,
11,Jordan Storey,https://fbref.com/en/players/fa47f160/Jordan-Storey,14,14,eng ENG,CB,23-175,90,0,0,0,0,0,0,0,0,45,0,0,1,0.0,0.0,0.0,0,0,20,40,50.0,2,25,0,0,0,https://fbref.com/en/players/fa47f160/Jordan-Storey-Jordan Storey,
12,Sepp van den Berg,https://fbref.com/en/players/7bf9400b/Sepp-van-den-Berg,2,2,nl NED,RB,19-066,90,0,0,0,0,1,1,0,0,68,2,2,1,0.1,0.1,0.3,4,0,43,57,75.4,5,27,2,0,0,https://fbref.com/en/players/7bf9400b/Sepp-van-den-Berg-Sepp van den Berg,
13,Daniel Iversen,https://fbref.com/en/players/10d221cd/Daniel-Iversen,22,22,dk DEN,GK,23-220,90,0,0,0,0,0,0,0,0,35,0,0,0,0.0,0.0,0.0,0,0,16,33,48.5,0,15,0,0,0,https://fbref.com/en/players/10d221cd/Daniel-Iversen-Daniel Iversen,
