,Player Name,Player Number,Player,#,Nation,Pos,Age,Min,Att,Live,Dead,FK,TB,Sw,Crs,TI,CK,In,Out,Str,Cmp,Off,Blocks,Player Key,Player Link
0,Ched Evans,https://fbref.com/en/players/bb770c52/Ched-Evans,26,26,wls WAL,FW,32-058,86,33,33,0,0,0,0,0,0,0,0,0,0,30,0,0,https://fbref.com/en/players/bb770c52/Ched-Evans-Ched Evans,
1,Emil Riis Jakobsen,https://fbref.com/en/players/292cdb26/Emil-Riis-Jakobsen,19,19,dk DEN,FW,22-245,4,1,1,0,0,0,0,0,0,0,0,0,0,0,0,0,https://fbref.com/en/players/292cdb26/Emil-Riis-Jakobsen-Emil Riis Jakobsen,
2,Anthony Gordon,https://fbref.com/en/players/2bd83368/Anthony-Gordon,42,42,eng ENG,LW,20-000,79,29,16,12,4,0,0,16,0,8,3,5,0,12,1,1,https://fbref.com/en/players/2bd83368/Anthony-Gordon-Anthony Gordon,
3,Tom Barkhuizen,https://fbref.com/en/players/9cf7496b/Tom-Barkhuizen,29,29,eng ENG,LW,27-235,11,3,3,0,0,0,0,0,0,0,0,0,0,1,0,0,https://fbref.com/en/players/9cf7496b/Tom-Barkhuizen-Tom Barkhuizen,
4,Scott Sinclair,https://fbref.com/en/players/273c483b/Scott-Sinclair,31,31,eng ENG,RW,31-336,90,18,17,0,0,0,0,2,0,0,0,0,0,12,1,1,https://fbref.com/en/players/273c483b/Scott-Sinclair-Scott Sinclair,
5,Brad Potts,https://fbref.com/en/players/a81ba56b/Brad-Potts,44,44,eng ENG,AM,26-236,87,28,27,1,0,0,0,4,0,0,0,0,0,19,0,3,https://fbref.com/en/players/a81ba56b/Brad-Potts-Brad Potts,
6,Daniel Johnson,https://fbref.com/en/players/6d477b52/Daniel-Johnson,11,11,jm JAM,AM,28-139,3,0,0,0,0,0,0,0,0,0,0,0,0,0,0,0,https://fbref.com/en/players/6d477b52/Daniel-Johnson-Daniel Johnson,
7,Ben Whiteman,https://fbref.com/en/players/7b69e7cc/Ben-Whiteman,17,17,eng ENG,DM,24-252,90,39,38,1,0,0,1,0,1,0,0,0,0,29,0,0,https://fbref.com/en/players/7b69e7cc/Ben-Whiteman-Ben Whiteman,
8,Alan Browne,https://fbref.com/en/players/25dea15a/Alan-Browne,8,8,ie IRL,DM,25-315,90,46,45,1,1,0,0,3,0,0,0,0,0,27,0,1,https://fbref.com/en/players/25dea15a/Alan-Browne-Alan Browne,
9,Greg Cunningham,https://fbref.com/en/players/dc10b26c/Greg-Cunningham,37,37,ie IRL,LB,30-024,90,55,47,8,0,0,1,4,8,0,0,0,0,40,0,1,https://fbref.com/en/players/dc10b26c/Greg-Cunningham-Greg Cunningham,
10,Andrew Hughes,https://fbref.com/en/players/18a6749d/Andrew-Hughes,16,16,wls WAL,CB,28-264,90,38,36,2,2,0,0,0,0,0,0,0,0,31,0,0,https://fbref.com/en/players/18a6749d/Andrew-Hughes-Andrew Hughes,
11,Jordan Storey,https://fbref.com/en/players/fa47f160/Jordan-Storey,14,14,eng ENG,CB,23-175,90,40,39,1,1,0,1,0,0,0,0,0,0,20,0,1,https://fbref.com/en/players/fa47f160/Jordan-Storey-Jordan Storey,
12,Sepp van den Berg,https://fbref.com/en/players/7bf9400b/Sepp-van-den-Berg,2,2,nl NED,RB,19-066,90,57,45,12,2,0,0,1,10,0,0,0,0,43,0,0,https://fbref.com/en/players/7bf9400b/Sepp-van-den-Berg-Sepp van den Berg,
13,Daniel Iversen,https://fbref.com/en/players/10d221cd/Daniel-Iversen,22,22,dk DEN,GK,23-220,90,33,19,13,3,0,0,0,0,0,0,0,0,16,1,0,https://fbref.com/en/players/10d221cd/Daniel-Iversen-Daniel Iversen,
