,Player Name,Player Number,Player,#,Nation,Pos,Age,Min,Gls,Ast,PK,PKatt,Sh,SoT,CrdY,CrdR,Touches,Tkl,Int,Blocks,xG,npxG,xAG,SCA,GCA,Cmp,Att,Cmp%,PrgP,Carries,PrgC,Att,Succ,Player Key,Player Link
0,Lyndon Dykes,https://fbref.com/en/players/cd92357a/Lyndon-Dykes,9,9,sct SCO,FW,25-140,66,0,0,0,0,2,1,0,0,23,0,1,1,0.4,0.4,0.0,0,0,11,17,64.7,4,12,1,0,0,https://fbref.com/en/players/cd92357a/Lyndon-Dykes-Lyndon Dykes,
1,Chris Willock,https://fbref.com/en/players/be0bd828/Chris-Willock,21,21,eng ENG,FW,23-024,24,0,0,0,0,0,0,0,0,16,0,0,0,0.0,0.0,0.0,1,0,12,12,100.0,3,14,3,1,0,https://fbref.com/en/players/be0bd828/Chris-Willock-Chris Willock,
2,Charlie Austin,https://fbref.com/en/players/8d228291/Charlie-Austin,45,45,eng ENG,FW,31-234,77,0,0,0,0,2,1,0,0,30,0,1,0,0.1,0.1,0.4,3,0,16,22,72.7,4,16,0,3,2,https://fbref.com/en/players/8d228291/Charlie-Austin-Charlie Austin,
3,Macauley Bonne,https://fbref.com/en/players/9ca8b21c/Macauley-Bonne,7,7,zw ZIM,FW,25-121,13,0,0,0,0,0,0,0,0,4,0,0,0,0.0,0.0,0.0,0,0,2,4,50.0,0,1,0,0,0,https://fbref.com/en/players/9ca8b21c/Macauley-Bonne-Macauley Bonne,
4,Ilias Chair,https://fbref.com/en/players/ad7873cb/Ilias-Chair,10,10,ma MAR,AM,23-117,90,0,0,0,0,1,0,0,0,54,2,2,1,0.0,0.0,0.1,2,0,35,44,79.5,7,29,2,0,0,https://fbref.com/en/players/ad7873cb/Ilias-Chair-Ilias Chair,
5,Stefan Johansen,https://fbref.com/en/players/a48da055/Stefan-Johansen,14,14,no NOR,CM,30-047,77,0,0,0,0,0,0,1,0,48,0,1,2,0.0,0.0,0.0,1,0,34,42,81.0,4,23,2,0,0,https://fbref.com/en/players/a48da055/Stefan-Johansen-Stefan Johansen,
6,Sam Field,https://fbref.com/en/players/bd8a7d05/Sam-Field,15,15,eng ENG,CM,22-292,13,0,0,0,0,0,0,0,0,14,0,1,0,0.0,0.0,0.0,0,0,8,12,66.7,0,8,0,0,0,https://fbref.com/en/players/bd8a7d05/Sam-Field-Sam Field,
7,Dominic Ball,https://fbref.com/en/players/79d61875/Dominic-Ball,12,12,eng ENG,CM,25-206,90,0,0,0,0,0,0,0,0,48,1,2,1,0.0,0.0,0.0,0,0,32,39,82.1,5,26,2,3,3,https://fbref.com/en/players/79d61875/Dominic-Ball-Dominic Ball,
8,Lee Wallace,https://fbref.com/en/players/c3a396e2/Lee-Wallace,3,3,sct SCO,WB,33-207,90,0,0,0,0,0,0,0,0,70,1,0,0,0.0,0.0,0.0,2,0,40,59,67.8,3,26,5,1,1,https://fbref.com/en/players/c3a396e2/Lee-Wallace-Lee Wallace,
9,Todd Kane,https://fbref.com/en/players/dd082c59/Todd-Kane,2,2,eng ENG,WB,27-160,90,0,0,0,0,1,0,0,0,63,1,0,0,0.0,0.0,0.0,2,0,31,56,55.4,1,30,4,0,0,https://fbref.com/en/players/dd082c59/Todd-Kane-Todd Kane,
10,Yoann Barbet,https://fbref.com/en/players/c52bbd2c/Yoann-Barbet,6,6,fr FRA,CB,27-290,90,0,0,0,0,0,0,0,0,56,0,2,0,0.0,0.0,0.0,0,0,31,48,64.6,0,21,0,0,0,https://fbref.com/en/players/c52bbd2c/Yoann-Barbet-Yoann Barbet,
11,Geoff Cameron,https://fbref.com/en/players/1a160ea3/Geoff-Cameron,20,20,us USA,CB,35-228,90,0,0,0,0,0,0,0,0,51,1,3,0,0.0,0.0,0.0,1,0,32,39,82.1,2,15,0,0,0,https://fbref.com/en/players/1a160ea3/Geoff-Cameron-Geoff Cameron,
12,Robert Dickie,https://fbref.com/en/players/c7dfc411/Robert-Dickie,4,4,eng ENG,CB,24-358,90,0,0,0,0,0,0,1,0,50,3,2,1,0.0,0.0,0.0,0,0,25,38,65.8,0,18,0,1,0,https://fbref.com/en/players/c7dfc411/Robert-Dickie-Robert Dickie,
13,Seny Dieng,https://fbref.com/en/players/c135cddd/Seny-Dieng,13,13,sn SEN,GK,26-093,90,0,0,0,0,0,0,0,0,44,0,0,0,0.0,0.0,0.0,0,0,21,41,51.2,0,20,0,0,0,https://fbref.com/en/players/c135cddd/Seny-Dieng-Seny Dieng,
