,Player Name,Player Number,Player,#,Nation,Pos,Age,Min,Touches,Def Pen,Def 3rd,Mid 3rd,Att 3rd,Att Pen,Live,Att,Succ,Succ%,Tkld,Tkld%,Carries,TotDist,PrgDist,PrgC,1/3,CPA,Mis,Dis,Rec,PrgR,Player Key,Player Link
0,Lyndon Dykes,https://fbref.com/en/players/cd92357a/Lyndon-Dykes,9,9,sct SCO,FW,25-140,66,23,0,0,15,8,3,23,0,0,,0,,12,72,34,1,0,1,1,1,18,3,https://fbref.com/en/players/cd92357a/Lyndon-Dykes-Lyndon Dykes,
1,Chris Willock,https://fbref.com/en/players/be0bd828/Chris-Willock,21,21,eng ENG,FW,23-024,24,16,0,0,6,10,1,16,1,0,0.0,1,100.0,14,97,57,3,0,1,2,1,16,2,https://fbref.com/en/players/be0bd828/Chris-Willock-Chris Willock,
2,Charlie Austin,https://fbref.com/en/players/8d228291/Charlie-Austin,45,45,eng ENG,FW,31-234,77,30,0,2,17,11,1,30,3,2,66.7,1,33.3,16,75,12,0,0,0,2,0,23,2,https://fbref.com/en/players/8d228291/Charlie-Austin-Charlie Austin,
3,Macauley Bonne,https://fbref.com/en/players/9ca8b21c/Macauley-Bonne,7,7,zw ZIM,FW,25-121,13,4,0,0,2,2,0,4,0,0,,0,,1,0,0,0,0,0,0,0,3,0,https://fbref.com/en/players/9ca8b21c/Macauley-Bonne-Macauley Bonne,
4,Ilias Chair,https://fbref.com/en/players/ad7873cb/Ilias-Chair,10,10,ma MAR,AM,23-117,90,54,0,9,25,21,3,54,0,0,,0,,29,198,81,2,3,0,3,0,36,6,https://fbref.com/en/players/ad7873cb/Ilias-Chair-Ilias Chair,
5,Stefan Johansen,https://fbref.com/en/players/a48da055/Stefan-Johansen,14,14,no NOR,CM,30-047,77,48,1,7,36,5,1,48,0,0,,0,,23,105,39,2,0,1,1,1,35,0,https://fbref.com/en/players/a48da055/Stefan-Johansen-Stefan Johansen,
6,Sam Field,https://fbref.com/en/players/bd8a7d05/Sam-Field,15,15,eng ENG,CM,22-292,13,14,1,3,9,2,0,14,0,0,,0,,8,36,2,0,0,0,0,0,10,0,https://fbref.com/en/players/bd8a7d05/Sam-Field-Sam Field,
7,Dominic Ball,https://fbref.com/en/players/79d61875/Dominic-Ball,12,12,eng ENG,CM,25-206,90,48,2,7,36,6,0,48,3,3,100.0,0,0.0,26,130,65,2,0,0,3,1,28,1,https://fbref.com/en/players/79d61875/Dominic-Ball-Dominic Ball,
8,Lee Wallace,https://fbref.com/en/players/c3a396e2/Lee-Wallace,3,3,sct SCO,WB,33-207,90,70,4,22,30,18,2,70,1,1,100.0,0,0.0,26,212,162,5,3,1,2,0,43,9,https://fbref.com/en/players/c3a396e2/Lee-Wallace-Lee Wallace,
9,Todd Kane,https://fbref.com/en/players/dd082c59/Todd-Kane,2,2,eng ENG,WB,27-160,90,63,3,18,25,22,2,63,0,0,,0,,30,160,108,4,1,1,3,0,40,8,https://fbref.com/en/players/dd082c59/Todd-Kane-Todd Kane,
10,Yoann Barbet,https://fbref.com/en/players/c52bbd2c/Yoann-Barbet,6,6,fr FRA,CB,27-290,90,56,9,32,20,4,0,56,0,0,,0,,21,44,13,0,0,0,1,0,25,0,https://fbref.com/en/players/c52bbd2c/Yoann-Barbet-Yoann Barbet,
11,Geoff Cameron,https://fbref.com/en/players/1a160ea3/Geoff-Cameron,20,20,us USA,CB,35-228,90,51,8,35,15,1,0,51,0,0,,0,,15,87,32,0,0,0,1,0,17,0,https://fbref.com/en/players/1a160ea3/Geoff-Cameron-Geoff Cameron,
12,Robert Dickie,https://fbref.com/en/players/c7dfc411/Robert-Dickie,4,4,eng ENG,CB,24-358,90,50,2,26,24,0,0,50,1,0,0.0,1,100.0,18,53,20,0,0,0,2,1,21,0,https://fbref.com/en/players/c7dfc411/Robert-Dickie-Robert Dickie,
13,Seny Dieng,https://fbref.com/en/players/c135cddd/Seny-Dieng,13,13,sn SEN,GK,26-093,90,44,37,44,0,0,0,44,0,0,,0,,20,67,58,0,0,0,0,0,12,0,https://fbref.com/en/players/c135cddd/Seny-Dieng-Seny Dieng,
