,Player Name,Player Number,Player,#,Nation,Pos,Age,Min,Att,Live,Dead,FK,TB,Sw,Crs,TI,CK,In,Out,Str,Cmp,Off,Blocks,Player Key,Player Link
0,Lyndon Dykes,https://fbref.com/en/players/cd92357a/Lyndon-Dykes,9,9,sct SCO,FW,25-140,66,17,17,0,0,0,0,0,0,0,0,0,0,11,0,1,https://fbref.com/en/players/cd92357a/Lyndon-Dykes-Lyndon Dykes,
1,Chris Willock,https://fbref.com/en/players/be0bd828/Chris-Willock,21,21,eng ENG,FW,23-024,24,12,12,0,0,0,0,0,0,0,0,0,0,12,0,0,https://fbref.com/en/players/be0bd828/Chris-Willock-Chris Willock,
2,Charlie Austin,https://fbref.com/en/players/8d228291/Charlie-Austin,45,45,eng ENG,FW,31-234,77,22,22,0,0,0,3,1,0,0,0,0,0,16,0,0,https://fbref.com/en/players/8d228291/Charlie-Austin-Charlie Austin,
3,Macauley Bonne,https://fbref.com/en/players/9ca8b21c/Macauley-Bonne,7,7,zw ZIM,FW,25-121,13,4,4,0,0,0,0,0,0,0,0,0,0,2,0,0,https://fbref.com/en/players/9ca8b21c/Macauley-Bonne-Macauley Bonne,
4,Ilias Chair,https://fbref.com/en/players/ad7873cb/Ilias-Chair,10,10,ma MAR,AM,23-117,90,44,41,3,0,0,2,5,1,1,0,1,0,35,0,1,https://fbref.com/en/players/ad7873cb/Ilias-Chair-Ilias Chair,
5,Stefan Johansen,https://fbref.com/en/players/a48da055/Stefan-Johansen,14,14,no NOR,CM,30-047,77,42,40,1,1,0,2,1,0,0,0,0,0,34,1,1,https://fbref.com/en/players/a48da055/Stefan-Johansen-Stefan Johansen,
6,Sam Field,https://fbref.com/en/players/bd8a7d05/Sam-Field,15,15,eng ENG,CM,22-292,13,12,12,0,0,0,0,0,0,0,0,0,0,8,0,0,https://fbref.com/en/players/bd8a7d05/Sam-Field-Sam Field,
7,Dominic Ball,https://fbref.com/en/players/79d61875/Dominic-Ball,12,12,eng ENG,CM,25-206,90,39,36,3,3,0,1,1,0,0,0,0,0,32,0,1,https://fbref.com/en/players/79d61875/Dominic-Ball-Dominic Ball,
8,Lee Wallace,https://fbref.com/en/players/c3a396e2/Lee-Wallace,3,3,sct SCO,WB,33-207,90,59,56,3,0,0,0,4,3,0,0,0,0,40,0,4,https://fbref.com/en/players/c3a396e2/Lee-Wallace-Lee Wallace,
9,Todd Kane,https://fbref.com/en/players/dd082c59/Todd-Kane,2,2,eng ENG,WB,27-160,90,56,48,8,0,1,0,12,8,0,0,0,0,31,0,2,https://fbref.com/en/players/dd082c59/Todd-Kane-Todd Kane,
10,Yoann Barbet,https://fbref.com/en/players/c52bbd2c/Yoann-Barbet,6,6,fr FRA,CB,27-290,90,48,38,9,6,0,0,2,2,1,1,0,0,31,1,0,https://fbref.com/en/players/c52bbd2c/Yoann-Barbet-Yoann Barbet,
11,Geoff Cameron,https://fbref.com/en/players/1a160ea3/Geoff-Cameron,20,20,us USA,CB,35-228,90,39,39,0,0,0,0,0,0,0,0,0,0,32,0,0,https://fbref.com/en/players/1a160ea3/Geoff-Cameron-Geoff Cameron,
12,Robert Dickie,https://fbref.com/en/players/c7dfc411/Robert-Dickie,4,4,eng ENG,CB,24-358,90,38,38,0,0,0,0,0,0,0,0,0,0,25,0,1,https://fbref.com/en/players/c7dfc411/Robert-Dickie-Robert Dickie,
13,Seny Dieng,https://fbref.com/en/players/c135cddd/Seny-Dieng,13,13,sn SEN,GK,26-093,90,41,24,16,2,0,0,0,0,0,0,0,0,21,1,0,https://fbref.com/en/players/c135cddd/Seny-Dieng-Seny Dieng,
