,Minute,Player,Squad,xG,PSxG,Outcome,Distance,Body Part,Notes,SCA 1 Player,SCA 1 Event,SCA 2 Player,SCA 2 Event
0,2,Scott Sinclair,Preston,0.05,,Off Target,16,Right Foot,,Ched Evans,Pass (Live),Anthony Gordon,Pass (Live)
1,4,Ched Evans,Preston,0.04,,Off Target,23,Right Foot,Volley,Greg Cunningham,Pass (Live),Brad Potts,Pass (Live)
2,6,Lyndon Dykes,QPR,0.36,0.69,Saved,10,Right Foot,,Charlie Austin,Pass (Live),Todd Kane,Pass (Live)
3,10,Anthony Gordon,Preston,0.05,0.16,Saved,32,Right Foot,Free kick,Ched Evans,Fouled,Sepp van den Berg,Pass (Live)
4,13,Lyndon Dykes,QPR,0.04,,Off Target,17,Right Foot,,Geoff Cameron,Pass (Live),Ilias Chair,Pass (Live)
5,13,Anthony Gordon,Preston,0.09,0.05,Saved,14,Left Foot,,Anthony Gordon,Take-On,Ben Whiteman,Pass (Live)
6,20,Sepp van den Berg,Preston,0.06,0.33,Saved,7,Head,,Ched Evans,Pass (Live),Anthony Gordon,Pass (Dead)
7,24,Brad Potts,Preston,0.07,,Off Target,11,Right Foot,,Scott Sinclair,Pass (Live),Alan Browne,Pass (Live)
8,36,Ilias Chair,QPR,0.04,,Off Target,17,Right Foot,,Lee Wallace,Pass (Live),Stefan Johansen,Pass (Live)
9,39,Andrew Hughes,Preston,0.05,,Off Target,13,Head,,Anthony Gordon,Pass (Dead),Alan Browne,Fouled
10,39,Andrew Hughes,Preston,0.04,,Off Target,17,Head,,Ched Evans,Pass (Live),Andrew Hughes,Shot
11,45,Anthony Gordon,Preston,0.21,,Off Target,11,Head,,Sepp van den Berg,Pass (Live),Ched Evans,Pass (Live)
12,45+1,Ched Evans,Preston,0.07,,Off Target,18,Right Foot,,Brad Potts,Pass (Live),Anthony Gordon,Pass (Live)
13,,,,,,,,,,,,,
14,49,Todd Kane,QPR,0.03,,Blocked,23,Right Foot,,Charlie Austin,Pass (Live),Lee Wallace,Pass (Live)
15,49,Charlie Austin,QPR,0.07,,Off Target,10,Left Foot,,Ilias Chair,Pass (Dead),Todd Kane,Shot
16,54,Greg Cunningham,Preston,0.03,,Off Target,30,Left Foot,,Ben Whiteman,Pass (Live),Scott Sinclair,Pass (Live)
17,55,Brad Potts,Preston,0.03,,Off Target,28,Left Foot,,Scott Sinclair,Pass (Live),Sepp van den Berg,Pass (Live)
18,60,Scott Sinclair,Preston,0.06,,Off Target,17,Left Foot,,Greg Cunningham,Pass (Live),Alan Browne,Pass (Live)
19,74,Charlie Austin,QPR,0.04,0.05,Saved,22,Right Foot,,Chris Willock,Pass (Live),Charlie Austin,Pass (Live)
20,76,Ched Evans,Preston,0.06,,Off Target,8,Head,,Anthony Gordon,Pass (Dead),Sepp van den Berg,Pass (Live)
21,82,Brad Potts,Preston,0.05,,Off Target,17,Right Foot,Volley,Tom Barkhuizen,Pass (Live),Greg Cunningham,Pass (Live)
