,Player Name,Player Number,Player,#,Nation,Pos,Age,Min,Tkl,TklW,Def 3rd,Mid 3rd,Att 3rd,Tkl,Att,Tkl%,Lost,Blocks,Sh,Pass,Int,Tkl+Int,Clr,Err,Player Key,Player Link
0,Charlie Austin,https://fbref.com/en/players/8d228291/Charlie-Austin,45,45,eng ENG,FW,31-300,63,0,0,0,0,0,0,0,,0,0,0,0,0,0,1,0,https://fbref.com/en/players/8d228291/Charlie-Austin-Charlie Austin,
1,Sam Field,https://fbref.com/en/players/bd8a7d05/Sam-Field,15,15,eng ENG,CM,22-358,27,0,0,0,0,0,0,1,0.0,1,0,0,0,1,1,1,0,https://fbref.com/en/players/bd8a7d05/Sam-Field-Sam Field,
2,Lyndon Dykes,https://fbref.com/en/players/cd92357a/Lyndon-Dykes,9,9,sct SCO,FW,25-206,90,1,1,0,0,1,0,2,0.0,2,1,0,1,0,1,3,0,https://fbref.com/en/players/cd92357a/Lyndon-Dykes-Lyndon Dykes,
3,Chris Willock,https://fbref.com/en/players/be0bd828/Chris-Willock,21,21,eng ENG,"AM,FW",23-090,81,2,2,2,0,0,0,0,,0,0,0,0,0,2,0,0,https://fbref.com/en/players/be0bd828/Chris-Willock-Chris Willock,
4,Macauley Bonne,https://fbref.com/en/players/9ca8b21c/Macauley-Bonne,7,7,zw ZIM,"AM,FW",25-187,9,0,0,0,0,0,0,0,,0,1,0,1,0,0,0,0,https://fbref.com/en/players/9ca8b21c/Macauley-Bonne-Macauley Bonne,
5,Stefan Johansen,https://fbref.com/en/players/a48da055/Stefan-Johansen,14,14,no NOR,CM,30-113,82,1,0,1,0,0,1,1,100.0,0,1,0,1,2,3,0,0,https://fbref.com/en/players/a48da055/Stefan-Johansen-Stefan Johansen,
6,Faysal Bettache,https://fbref.com/en/players/34747acf/Faysal-Bettache,26,26,eng ENG,"CM,AM",20-298,8,1,1,1,0,0,0,0,,0,0,0,0,0,1,0,0,https://fbref.com/en/players/34747acf/Faysal-Bettache-Faysal Bettache,
7,Ilias Chair,https://fbref.com/en/players/ad7873cb/Ilias-Chair,10,10,ma MAR,"CM,AM",23-183,74,0,0,0,0,0,0,1,0.0,1,2,0,2,0,0,2,0,https://fbref.com/en/players/ad7873cb/Ilias-Chair-Ilias Chair,
8,George Thomas,https://fbref.com/en/players/7ef24097/George-Thomas,19,19,wls WAL,CM,24-038,16,0,0,0,0,0,0,0,,0,0,0,0,0,0,1,0,https://fbref.com/en/players/7ef24097/George-Thomas-George Thomas,
9,Lee Wallace,https://fbref.com/en/players/c3a396e2/Lee-Wallace,3,3,sct SCO,WB,33-273,90,1,1,1,0,0,0,2,0.0,2,0,0,0,1,2,2,0,https://fbref.com/en/players/c3a396e2/Lee-Wallace-Lee Wallace,
10,Osman Kakay,https://fbref.com/en/players/0aed0751/Osman-Kakay,24,24,sl SLE,WB,23-249,90,2,0,1,1,0,2,4,50.0,2,4,2,2,1,3,6,0,https://fbref.com/en/players/0aed0751/Osman-Kakay-Osman Kakay,
11,Yoann Barbet,https://fbref.com/en/players/c52bbd2c/Yoann-Barbet,6,6,fr FRA,CB,27-356,90,4,1,1,3,0,2,4,50.0,2,1,0,1,0,4,6,0,https://fbref.com/en/players/c52bbd2c/Yoann-Barbet-Yoann Barbet,
12,Jordy de Wijs,https://fbref.com/en/players/3bb5b5d2/Jordy-de-Wijs,5,5,nl NED,CB,26-113,90,2,0,1,1,0,1,1,100.0,0,3,3,0,1,3,9,0,https://fbref.com/en/players/3bb5b5d2/Jordy-de-Wijs-Jordy de Wijs,
13,Robert Dickie,https://fbref.com/en/players/c7dfc411/Robert-Dickie,4,4,eng ENG,CB,25-059,90,2,1,2,0,0,0,0,,0,0,0,0,2,4,9,0,https://fbref.com/en/players/c7dfc411/Robert-Dickie-Robert Dickie,
14,Seny Dieng,https://fbref.com/en/players/c135cddd/Seny-Dieng,13,13,sn SEN,GK,26-159,90,0,0,0,0,0,0,0,,0,0,0,0,1,1,0,0,https://fbref.com/en/players/c135cddd/Seny-Dieng-Seny Dieng,
