,Player Name,Player Number,Player,#,Nation,Pos,Age,Min,Touches,Def Pen,Def 3rd,Mid 3rd,Att 3rd,Att Pen,Live,Att,Succ,Succ%,Tkld,Tkld%,Carries,TotDist,PrgDist,PrgC,1/3,CPA,Mis,Dis,Rec,PrgR,Player Key,Player Link
0,Charlie Austin,https://fbref.com/en/players/8d228291/Charlie-Austin,45,45,eng ENG,FW,31-300,63,16,1,1,12,3,1,16,0,0,,0,,11,25,6,0,0,0,2,0,12,2,https://fbref.com/en/players/8d228291/Charlie-Austin-Charlie Austin,
1,Sam Field,https://fbref.com/en/players/bd8a7d05/Sam-Field,15,15,eng ENG,CM,22-358,27,15,1,4,9,2,0,15,0,0,,0,,9,23,1,0,0,0,0,0,11,0,https://fbref.com/en/players/bd8a7d05/Sam-Field-Sam Field,
2,Lyndon Dykes,https://fbref.com/en/players/cd92357a/Lyndon-Dykes,9,9,sct SCO,FW,25-206,90,31,3,6,19,6,0,31,2,2,100.0,0,0.0,15,37,2,0,0,0,2,0,21,2,https://fbref.com/en/players/cd92357a/Lyndon-Dykes-Lyndon Dykes,
3,Chris Willock,https://fbref.com/en/players/be0bd828/Chris-Willock,21,21,eng ENG,"AM,FW",23-090,81,28,1,3,18,8,0,28,4,3,75.0,1,25.0,19,182,84,4,2,0,3,3,23,6,https://fbref.com/en/players/be0bd828/Chris-Willock-Chris Willock,
4,Macauley Bonne,https://fbref.com/en/players/9ca8b21c/Macauley-Bonne,7,7,zw ZIM,"AM,FW",25-187,9,1,0,0,1,0,0,1,0,0,,0,,0,0,0,0,0,0,0,0,0,0,https://fbref.com/en/players/9ca8b21c/Macauley-Bonne-Macauley Bonne,
5,Stefan Johansen,https://fbref.com/en/players/a48da055/Stefan-Johansen,14,14,no NOR,CM,30-113,82,64,2,20,41,5,1,64,2,1,50.0,1,50.0,38,208,61,2,1,1,0,0,41,0,https://fbref.com/en/players/a48da055/Stefan-Johansen-Stefan Johansen,
6,Faysal Bettache,https://fbref.com/en/players/34747acf/Faysal-Bettache,26,26,eng ENG,"CM,AM",20-298,8,4,0,2,1,1,0,4,0,0,,0,,2,8,0,0,0,0,1,0,2,1,https://fbref.com/en/players/34747acf/Faysal-Bettache-Faysal Bettache,
7,Ilias Chair,https://fbref.com/en/players/ad7873cb/Ilias-Chair,10,10,ma MAR,"CM,AM",23-183,74,39,0,7,17,15,5,39,1,1,100.0,0,0.0,25,173,107,5,1,1,2,1,31,5,https://fbref.com/en/players/ad7873cb/Ilias-Chair-Ilias Chair,
8,George Thomas,https://fbref.com/en/players/7ef24097/George-Thomas,19,19,wls WAL,CM,24-038,16,3,1,1,0,2,0,3,0,0,,0,,1,3,3,0,0,0,0,0,1,0,https://fbref.com/en/players/7ef24097/George-Thomas-George Thomas,
9,Lee Wallace,https://fbref.com/en/players/c3a396e2/Lee-Wallace,3,3,sct SCO,WB,33-273,90,45,3,12,21,13,0,45,0,0,,0,,20,77,43,2,1,0,2,0,23,6,https://fbref.com/en/players/c3a396e2/Lee-Wallace-Lee Wallace,
10,Osman Kakay,https://fbref.com/en/players/0aed0751/Osman-Kakay,24,24,sl SLE,WB,23-249,90,51,5,21,22,8,2,51,0,0,,0,,22,70,41,1,0,1,0,1,28,9,https://fbref.com/en/players/0aed0751/Osman-Kakay-Osman Kakay,
11,Yoann Barbet,https://fbref.com/en/players/c52bbd2c/Yoann-Barbet,6,6,fr FRA,CB,27-356,90,61,8,37,24,0,0,61,1,1,100.0,0,0.0,38,80,26,0,0,0,0,1,43,0,https://fbref.com/en/players/c52bbd2c/Yoann-Barbet-Yoann Barbet,
12,Jordy de Wijs,https://fbref.com/en/players/3bb5b5d2/Jordy-de-Wijs,5,5,nl NED,CB,26-113,90,87,25,68,20,0,0,87,0,0,,0,,59,259,153,0,0,0,0,0,60,0,https://fbref.com/en/players/3bb5b5d2/Jordy-de-Wijs-Jordy de Wijs,
13,Robert Dickie,https://fbref.com/en/players/c7dfc411/Robert-Dickie,4,4,eng ENG,CB,25-059,90,82,19,58,24,0,0,82,1,1,100.0,0,0.0,52,287,197,0,0,0,1,0,46,0,https://fbref.com/en/players/c7dfc411/Robert-Dickie-Robert Dickie,
14,Seny Dieng,https://fbref.com/en/players/c135cddd/Seny-Dieng,13,13,sn SEN,GK,26-159,90,62,53,62,0,0,0,62,0,0,,0,,32,155,110,0,0,0,0,0,32,0,https://fbref.com/en/players/c135cddd/Seny-Dieng-Seny Dieng,
