,Minute,Player,Squad,xG,PSxG,Outcome,Distance,Body Part,Notes,SCA 1 Player,SCA 1 Event,SCA 2 Player,SCA 2 Event
0,5,Harry Souttar,Stoke City,0.03,,Off Target,24,Left Foot,Volley,Rabbi Matondo,Take-On,Tommy Smith,Pass (Dead)
1,11,Ilias Chair,QPR,0.05,,Blocked,17,Right Foot,,Stefan Johansen,Pass (Live),Stefan Johansen,Take-On
2,17,Charlie Austin,QPR,0.05,0.49,Goal,21,Right Foot,,Lyndon Dykes,Pass (Live),Lyndon Dykes,Tackle
3,24,Jordan Thompson,Stoke City,0.03,,Blocked,35,Left Foot,,John Obi Mikel,Pass (Live),Sam Clucas,Pass (Live)
4,24,Rabbi Matondo,Stoke City,0.06,,Off Target,13,Right Foot,Volley,Jordan Thompson,Shot,,
5,34,Josh Tymon,Stoke City,0.06,,Off Target,18,Right Foot,,Steven Fletcher,Pass (Live),Adam Davies,Pass (Dead)
6,37,Chris Willock,QPR,0.04,0.16,Saved,21,Left Foot,,Osman Kakay,Pass (Live),Lyndon Dykes,Pass (Live)
7,,,,,,,,,,,,,
8,47,Jordan Thompson,Stoke City,0.14,,Blocked,10,Right Foot,,Josh Tymon,Pass (Live),Tommy Smith,Pass (Live)
9,50,Ilias Chair,QPR,0.40,,Off Target,10,Right Foot,Volley,Osman Kakay,Pass (Live),Robert Dickie,Pass (Live)
10,54,Osman Kakay,QPR,0.06,,Blocked,15,Right Foot,,Lee Wallace,Pass (Live),Lyndon Dykes,Pass (Live)
11,56,Rabbi Matondo,Stoke City,0.07,,Off Target,17,Right Foot,,Rabbi Matondo,Take-On,Tommy Smith,Pass (Live)
12,58,John Obi Mikel,Stoke City,0.05,,Off Target,12,Head,,Josh Tymon,Pass (Live),Jordan Thompson,Pass (Dead)
13,68,Rhys Norrington-Davies,Stoke City,0.05,,Blocked,21,Right Foot,,Sam Clucas,Pass (Live),John Obi Mikel,Pass (Live)
14,69,Jordan Thompson,Stoke City,0.09,,Off Target,24,Left Foot,Free kick,John Obi Mikel,Fouled,,
15,70,Osman Kakay,QPR,0.08,0.60,Goal,11,Right Foot,,Stefan Johansen,Pass (Live),Lee Wallace,Pass (Live)
16,73,Jacob Brown,Stoke City,0.16,,Blocked,8,Left Foot,,,,,
17,78,Jordan Thompson,Stoke City,0.03,0.07,Saved,30,Left Foot,,Sam Clucas,Pass (Live),John Obi Mikel,Pass (Live)
18,87,Sam Vokes,Stoke City,0.16,,Off Target,6,Left Foot,Volley,Josh Tymon,Pass (Live),Sam Clucas,Pass (Live)
19,90+1,Jacob Brown,Stoke City,0.07,,Blocked,14,Right Foot,Volley,Danny Batth,Pass (Live),Adam Davies,Pass (Dead)
20,90+2,Sam Vokes,Stoke City,0.09,0.21,Saved,8,Head,,Josh Tymon,Pass (Live),Rhys Norrington-Davies,Pass (Live)
