,Player Name,Player Number,Player,#,Nation,Pos,Age,Min,Att,Live,Dead,FK,TB,Sw,Crs,TI,CK,In,Out,Str,Cmp,Off,Blocks,Player Key,Player Link
0,Steven Fletcher,https://fbref.com/en/players/2c9c3502/Steven-Fletcher,21,21,sct SCO,FW,34-036,55,9,9,0,0,0,0,0,0,0,0,0,0,4,0,0,https://fbref.com/en/players/2c9c3502/Steven-Fletcher-Steven Fletcher,
1,Jacob Brown,https://fbref.com/en/players/ca18c8f1/Jacob-Brown,18,18,sct SCO,"FW,RM",23-021,35,9,9,0,0,0,0,1,0,0,0,0,0,5,0,0,https://fbref.com/en/players/ca18c8f1/Jacob-Brown-Jacob Brown,
2,Josh Tymon,https://fbref.com/en/players/efe6f6ac/Josh-Tymon,35,35,eng ENG,LM,21-344,90,42,39,3,0,0,0,12,3,0,0,0,0,30,0,2,https://fbref.com/en/players/efe6f6ac/Josh-Tymon-Josh Tymon,
3,Nick Powell,https://fbref.com/en/players/05ca4fcb/Nick-Powell,25,25,eng ENG,CM,27-039,13,6,4,2,0,0,1,0,0,1,0,0,0,4,0,1,https://fbref.com/en/players/05ca4fcb/Nick-Powell-Nick Powell,
4,Jordan Thompson,https://fbref.com/en/players/6bf53300/Jordan-Thompson,34,34,nir NIR,CM,24-118,77,38,33,4,1,0,0,9,0,3,1,0,1,23,1,3,https://fbref.com/en/players/6bf53300/Jordan-Thompson-Jordan Thompson,
5,Sam Clucas,https://fbref.com/en/players/987718f5/Sam-Clucas,22,22,eng ENG,CM,30-218,90,63,54,9,1,0,0,8,1,5,1,2,1,48,0,2,https://fbref.com/en/players/987718f5/Sam-Clucas-Sam Clucas,
6,Rabbi Matondo,https://fbref.com/en/players/33144cc5/Rabbi-Matondo,49,49,wls WAL,"RM,RB",20-234,90,27,26,1,0,0,0,5,1,0,0,0,0,18,0,0,https://fbref.com/en/players/33144cc5/Rabbi-Matondo-Rabbi Matondo,
7,John Obi Mikel,https://fbref.com/en/players/424d5f72/John-Obi-Mikel,13,13,ng NGA,DM,34-009,90,53,52,1,1,0,0,0,0,0,0,0,0,50,0,0,https://fbref.com/en/players/424d5f72/John-Obi-Mikel-John Obi Mikel,
8,Rhys Norrington-Davies,https://fbref.com/en/players/ca76b087/Rhys-Norrington-Davies,46,46,wls WAL,LB,22-009,90,78,65,13,0,0,0,7,13,0,0,0,0,58,0,3,https://fbref.com/en/players/ca76b087/Rhys-Norrington-Davies-Rhys Norrington-Davies,
9,Harry Souttar,https://fbref.com/en/players/0a6cb1b1/Harry-Souttar,36,36,au AUS,CB,22-191,90,48,45,3,2,0,1,0,1,0,0,0,0,37,0,0,https://fbref.com/en/players/0a6cb1b1/Harry-Souttar-Harry Souttar,
10,Danny Batth,https://fbref.com/en/players/f1d0fa63/Danny-Batth,6,6,eng ENG,CB,30-222,90,51,49,2,2,0,1,0,0,0,0,0,0,42,0,0,https://fbref.com/en/players/f1d0fa63/Danny-Batth-Danny Batth,
11,Tommy Smith,https://fbref.com/en/players/e9208654/Tommy-Smith,14,14,eng ENG,RB,29-017,75,50,39,11,2,0,0,6,9,0,0,0,0,42,0,1,https://fbref.com/en/players/e9208654/Tommy-Smith-Tommy Smith,
12,Sam Vokes,https://fbref.com/en/players/1d6ac165/Sam-Vokes,9,9,wls WAL,FW,31-192,15,1,1,0,0,0,0,0,0,0,0,0,0,1,0,0,https://fbref.com/en/players/1d6ac165/Sam-Vokes-Sam Vokes,
13,Adam Davies,https://fbref.com/en/players/71894777/Adam-Davies,16,16,wls WAL,GK,28-288,90,32,25,7,3,0,0,0,0,0,0,0,0,25,0,0,https://fbref.com/en/players/71894777/Adam-Davies-Adam Davies,
