,Player Name,Player Number,Player,#,Nation,Pos,Age,Min,Gls,Ast,PK,PKatt,Sh,SoT,CrdY,CrdR,Touches,Tkl,Int,Blocks,xG,npxG,xAG,SCA,GCA,Cmp,Att,Cmp%,PrgP,Carries,PrgC,Att,Succ,Player Key,Player Link
0,Steven Fletcher,https://fbref.com/en/players/2c9c3502/Steven-Fletcher,21,21,sct SCO,FW,34-036,55,0,0,0,0,0,0,0,0,11,0,0,0,0.0,0.0,0.1,1,0,4,9,44.4,1,5,0,0,0,https://fbref.com/en/players/2c9c3502/Steven-Fletcher-Steven Fletcher,
1,Jacob Brown,https://fbref.com/en/players/ca18c8f1/Jacob-Brown,18,18,sct SCO,"FW,RM",23-021,35,0,0,0,0,2,0,1,0,12,0,0,1,0.2,0.2,0.0,0,0,5,9,55.6,0,8,0,0,0,https://fbref.com/en/players/ca18c8f1/Jacob-Brown-Jacob Brown,
2,Josh Tymon,https://fbref.com/en/players/efe6f6ac/Josh-Tymon,35,35,eng ENG,LM,21-344,90,0,0,0,0,1,0,0,0,58,3,0,0,0.1,0.1,0.3,4,0,30,42,71.4,4,32,4,5,2,https://fbref.com/en/players/efe6f6ac/Josh-Tymon-Josh Tymon,
3,Nick Powell,https://fbref.com/en/players/05ca4fcb/Nick-Powell,25,25,eng ENG,CM,27-039,13,0,0,0,0,0,0,0,0,6,0,0,0,0.0,0.0,0.0,0,0,4,6,66.7,0,2,0,0,0,https://fbref.com/en/players/05ca4fcb/Nick-Powell-Nick Powell,
4,Jordan Thompson,https://fbref.com/en/players/6bf53300/Jordan-Thompson,34,34,nir NIR,CM,24-118,77,0,0,0,0,4,1,0,0,46,0,0,0,0.3,0.3,0.0,2,0,23,38,60.5,3,26,1,0,0,https://fbref.com/en/players/6bf53300/Jordan-Thompson-Jordan Thompson,
5,Sam Clucas,https://fbref.com/en/players/987718f5/Sam-Clucas,22,22,eng ENG,CM,30-218,90,0,0,0,0,0,0,0,0,67,0,1,1,0.0,0.0,0.1,4,0,48,63,76.2,4,35,0,0,0,https://fbref.com/en/players/987718f5/Sam-Clucas-Sam Clucas,
6,Rabbi Matondo,https://fbref.com/en/players/33144cc5/Rabbi-Matondo,49,49,wls WAL,"RM,RB",20-234,90,0,0,0,0,2,0,0,0,38,2,0,1,0.1,0.1,0.0,2,0,18,27,66.7,0,27,6,7,5,https://fbref.com/en/players/33144cc5/Rabbi-Matondo-Rabbi Matondo,
7,John Obi Mikel,https://fbref.com/en/players/424d5f72/John-Obi-Mikel,13,13,ng NGA,DM,34-009,90,0,0,0,0,1,0,0,0,57,2,0,0,0.0,0.0,0.0,4,0,50,53,94.3,9,33,1,0,0,https://fbref.com/en/players/424d5f72/John-Obi-Mikel-John Obi Mikel,
8,Rhys Norrington-Davies,https://fbref.com/en/players/ca76b087/Rhys-Norrington-Davies,46,46,wls WAL,LB,22-009,90,0,0,0,0,1,0,0,0,87,1,0,3,0.0,0.0,0.0,1,0,58,78,74.4,9,48,7,1,1,https://fbref.com/en/players/ca76b087/Rhys-Norrington-Davies-Rhys Norrington-Davies,
9,Harry Souttar,https://fbref.com/en/players/0a6cb1b1/Harry-Souttar,36,36,au AUS,CB,22-191,90,0,0,0,0,1,0,0,0,56,0,2,0,0.0,0.0,0.0,0,0,37,48,77.1,5,28,0,0,0,https://fbref.com/en/players/0a6cb1b1/Harry-Souttar-Harry Souttar,
10,Danny Batth,https://fbref.com/en/players/f1d0fa63/Danny-Batth,6,6,eng ENG,CB,30-222,90,0,0,0,0,0,0,0,0,54,0,2,0,0.0,0.0,0.1,1,0,42,51,82.4,5,24,0,1,1,https://fbref.com/en/players/f1d0fa63/Danny-Batth-Danny Batth,
11,Tommy Smith,https://fbref.com/en/players/e9208654/Tommy-Smith,14,14,eng ENG,RB,29-017,75,0,0,0,0,0,0,0,0,53,0,2,0,0.0,0.0,0.1,3,0,42,50,84.0,4,34,3,2,1,https://fbref.com/en/players/e9208654/Tommy-Smith-Tommy Smith,
12,Sam Vokes,https://fbref.com/en/players/1d6ac165/Sam-Vokes,9,9,wls WAL,FW,31-192,15,0,0,0,0,2,1,0,0,4,0,0,0,0.3,0.3,0.0,0,0,1,1,100.0,0,2,0,0,0,https://fbref.com/en/players/1d6ac165/Sam-Vokes-Sam Vokes,
13,Adam Davies,https://fbref.com/en/players/71894777/Adam-Davies,16,16,wls WAL,GK,28-288,90,0,0,0,0,0,0,0,0,31,0,0,0,0.0,0.0,0.0,2,0,25,32,78.1,1,20,0,0,0,https://fbref.com/en/players/71894777/Adam-Davies-Adam Davies,
