,Player Name,Player Number,Player,#,Nation,Pos,Age,Min,Touches,Def Pen,Def 3rd,Mid 3rd,Att 3rd,Att Pen,Live,Att,Succ,Succ%,Tkld,Tkld%,Carries,TotDist,PrgDist,PrgC,1/3,CPA,Mis,Dis,Rec,PrgR,Player Key,Player Link
0,Steven Fletcher,https://fbref.com/en/players/2c9c3502/Steven-Fletcher,21,21,sct SCO,FW,34-036,55,11,0,0,3,8,2,11,0,0,,0,,5,7,2,0,0,0,0,0,10,2,https://fbref.com/en/players/2c9c3502/Steven-Fletcher-Steven Fletcher,
1,Jacob Brown,https://fbref.com/en/players/ca18c8f1/Jacob-Brown,18,18,sct SCO,"FW,RM",23-021,35,12,0,0,3,9,3,12,0,0,,0,,8,50,19,0,1,0,0,1,9,4,https://fbref.com/en/players/ca18c8f1/Jacob-Brown-Jacob Brown,
2,Josh Tymon,https://fbref.com/en/players/efe6f6ac/Josh-Tymon,35,35,eng ENG,LM,21-344,90,58,2,5,13,40,6,58,5,2,40.0,3,60.0,32,177,84,4,0,2,4,3,37,15,https://fbref.com/en/players/efe6f6ac/Josh-Tymon-Josh Tymon,
3,Nick Powell,https://fbref.com/en/players/05ca4fcb/Nick-Powell,25,25,eng ENG,CM,27-039,13,6,0,0,4,2,0,6,0,0,,0,,2,11,2,0,0,0,0,0,3,1,https://fbref.com/en/players/05ca4fcb/Nick-Powell-Nick Powell,
4,Jordan Thompson,https://fbref.com/en/players/6bf53300/Jordan-Thompson,34,34,nir NIR,CM,24-118,77,46,0,2,12,32,2,46,0,0,,0,,26,86,48,1,1,0,2,0,32,2,https://fbref.com/en/players/6bf53300/Jordan-Thompson-Jordan Thompson,
5,Sam Clucas,https://fbref.com/en/players/987718f5/Sam-Clucas,22,22,eng ENG,CM,30-218,90,67,0,5,23,40,4,67,0,0,,0,,35,125,44,0,0,0,1,0,47,3,https://fbref.com/en/players/987718f5/Sam-Clucas-Sam Clucas,
6,Rabbi Matondo,https://fbref.com/en/players/33144cc5/Rabbi-Matondo,49,49,wls WAL,"RM,RB",20-234,90,38,0,3,13,25,4,38,7,5,71.4,2,28.6,27,290,124,6,7,2,4,3,30,5,https://fbref.com/en/players/33144cc5/Rabbi-Matondo-Rabbi Matondo,
7,John Obi Mikel,https://fbref.com/en/players/424d5f72/John-Obi-Mikel,13,13,ng NGA,DM,34-009,90,57,0,4,37,17,1,57,0,0,,0,,33,134,68,1,0,0,1,0,39,2,https://fbref.com/en/players/424d5f72/John-Obi-Mikel-John Obi Mikel,
8,Rhys Norrington-Davies,https://fbref.com/en/players/ca76b087/Rhys-Norrington-Davies,46,46,wls WAL,LB,22-009,90,87,3,11,30,46,0,87,1,1,100.0,0,0.0,48,372,243,7,5,0,2,0,58,5,https://fbref.com/en/players/ca76b087/Rhys-Norrington-Davies-Rhys Norrington-Davies,
9,Harry Souttar,https://fbref.com/en/players/0a6cb1b1/Harry-Souttar,36,36,au AUS,CB,22-191,90,56,4,23,30,3,2,56,0,0,,0,,28,142,82,0,0,0,0,1,32,0,https://fbref.com/en/players/0a6cb1b1/Harry-Souttar-Harry Souttar,
10,Danny Batth,https://fbref.com/en/players/f1d0fa63/Danny-Batth,6,6,eng ENG,CB,30-222,90,54,4,29,22,3,0,54,1,1,100.0,0,0.0,24,84,39,0,0,0,0,0,35,0,https://fbref.com/en/players/f1d0fa63/Danny-Batth-Danny Batth,
11,Tommy Smith,https://fbref.com/en/players/e9208654/Tommy-Smith,14,14,eng ENG,RB,29-017,75,53,1,8,21,24,2,53,2,1,50.0,1,50.0,34,181,75,3,0,1,0,2,34,6,https://fbref.com/en/players/e9208654/Tommy-Smith-Tommy Smith,
12,Sam Vokes,https://fbref.com/en/players/1d6ac165/Sam-Vokes,9,9,wls WAL,FW,31-192,15,4,0,0,0,4,3,4,0,0,,0,,2,6,0,0,0,0,0,0,3,0,https://fbref.com/en/players/1d6ac165/Sam-Vokes-Sam Vokes,
13,Adam Davies,https://fbref.com/en/players/71894777/Adam-Davies,16,16,wls WAL,GK,28-288,90,31,25,30,2,0,0,31,0,0,,0,,20,106,58,0,0,0,0,0,16,0,https://fbref.com/en/players/71894777/Adam-Davies-Adam Davies,
