,Player Name,Player Number,Player,#,Nation,Pos,Age,Min,Gls,Ast,PK,PKatt,Sh,SoT,CrdY,CrdR,Touches,Tkl,Int,Blocks,xG,npxG,xAG,SCA,GCA,Cmp,Att,Cmp%,PrgP,Carries,PrgC,Att,Succ,Player Key,Player Link
0,Vagner Gonçalves,https://fbref.com/en/players/743fd71f/Vagner-Goncalves,27,27,cv CPV,FW,25-069,67,0,0,0,0,0,0,0,0,20,0,0,0,0.0,0.0,0.1,2,0,8,12,66.7,2,13,0,0,0,https://fbref.com/en/players/743fd71f/Vagner-Goncalves-Vagner Gonçalves,
1,Aaron Leya Iseka,https://fbref.com/en/players/29ef0f49/Aaron-Leya-Iseka,24,24,be BEL,FW,23-125,23,0,0,0,0,2,0,0,0,10,0,0,0,0.2,0.2,0.0,1,0,4,4,100.0,1,7,0,1,0,https://fbref.com/en/players/29ef0f49/Aaron-Leya-Iseka-Aaron Leya Iseka,
2,Lamine Gueye,https://fbref.com/en/players/9d5dcc23/Lamine-Gueye,13,13,sn SEN,FW,23-007,72,0,0,0,0,2,0,0,0,39,0,1,1,0.1,0.1,0.0,1,0,17,29,58.6,0,24,1,3,2,https://fbref.com/en/players/9d5dcc23/Lamine-Gueye-Lamine Gueye,
3,Papa Ndiaga Yade,https://fbref.com/en/players/87e9c7cd/Papa-Ndiaga-Yade,26,26,mr MTN,FW,21-074,18,1,0,0,0,1,1,0,0,15,0,0,0,0.1,0.1,0.0,0,0,3,8,37.5,1,7,1,1,0,https://fbref.com/en/players/87e9c7cd/Papa-Ndiaga-Yade-Papa Ndiaga Yade,
4,Farid Boulaya,https://fbref.com/en/players/a0791826/Farid-Boulaya,10,10,dz ALG,AM,28-023,90,0,0,0,0,3,0,0,0,74,0,0,0,0.1,0.1,0.1,6,0,48,65,73.8,14,57,1,0,0,https://fbref.com/en/players/a0791826/Farid-Boulaya-Farid Boulaya,
5,Vincent Pajot,https://fbref.com/en/players/f86ca403/Vincent-Pajot,14,14,fr FRA,CM,30-213,90,0,0,0,0,0,0,0,0,75,3,6,0,0.0,0.0,0.0,1,0,57,62,91.9,5,49,0,1,0,https://fbref.com/en/players/f86ca403/Vincent-Pajot-Vincent Pajot,
6,Habib Maïga,https://fbref.com/en/players/e768de1f/Habib-Maiga,19,19,ci CIV,CM,25-078,90,0,0,0,0,1,0,0,0,74,3,4,1,0.0,0.0,0.1,5,1,54,67,80.6,8,47,2,0,0,https://fbref.com/en/players/e768de1f/Habib-Maiga-Habib Maïga,
7,Thomas Delaine,https://fbref.com/en/players/8332db56/Thomas-Delaine,17,17,fr FRA,WB,28-361,72,0,0,0,0,1,0,0,0,48,0,2,0,0.1,0.1,0.0,0,0,28,40,70.0,1,31,2,0,0,https://fbref.com/en/players/8332db56/Thomas-Delaine-Thomas Delaine,
8,Pape Matar Sarr,https://fbref.com/en/players/feb5d972/Pape-Matar-Sarr,15,15,sn SEN,WB,18-187,18,0,0,0,0,1,1,0,0,15,1,0,0,0.0,0.0,0.0,2,0,12,14,85.7,1,11,2,1,1,https://fbref.com/en/players/feb5d972/Pape-Matar-Sarr-Pape Matar Sarr,
9,Fabien Centonze,https://fbref.com/en/players/3c6bbbab/Fabien-Centonze,18,18,fr FRA,WB,25-063,90,0,0,0,0,2,0,0,0,79,2,1,1,0.1,0.1,0.1,3,1,49,61,80.3,8,46,9,3,1,https://fbref.com/en/players/3c6bbbab/Fabien-Centonze-Fabien Centonze,
10,John Boye,https://fbref.com/en/players/861227d2/John-Boye,21,21,gh GHA,CB,33-331,72,0,0,0,0,0,0,0,0,40,2,2,0,0.0,0.0,0.0,1,0,24,33,72.7,1,24,0,0,0,https://fbref.com/en/players/861227d2/John-Boye-John Boye,
11,Matthieu Udol,https://fbref.com/en/players/cc41f558/Matthieu-Udol,3,3,fr FRA,CB,25-000,18,0,1,0,0,1,0,0,0,31,0,0,0,0.0,0.0,0.2,3,0,25,27,92.6,2,20,1,2,1,https://fbref.com/en/players/cc41f558/Matthieu-Udol-Matthieu Udol,
12,Boubakar Kouyaté,https://fbref.com/en/players/562a4799/Boubakar-Kouyate,23,23,ml MLI,CB,23-339,90,0,0,0,0,0,0,0,0,69,0,1,0,0.0,0.0,0.0,0,0,44,54,81.5,4,31,0,0,0,https://fbref.com/en/players/562a4799/Boubakar-Kouyate-Boubakar Kouyaté,
13,Dylan Bronn,https://fbref.com/en/players/edd81e2a/Dylan-Bronn,2,2,tn TUN,CB,25-274,90,0,0,0,0,0,0,0,0,64,0,1,0,0.0,0.0,0.0,1,0,53,61,86.9,8,48,2,1,1,https://fbref.com/en/players/edd81e2a/Dylan-Bronn-Dylan Bronn,
14,Marc-Aurèle Caillard,https://fbref.com/en/players/5ee6e943/Marc-Aurele-Caillard,30,30,fr FRA,GK,26-312,90,0,0,0,0,0,0,0,0,21,0,0,0,0.0,0.0,0.0,0,0,10,17,58.8,0,9,0,0,0,https://fbref.com/en/players/5ee6e943/Marc-Aurele-Caillard-Marc-Aurèle Caillard,
