,Player Name,Player Number,Player,#,Nation,Pos,Age,Min,Touches,Def Pen,Def 3rd,Mid 3rd,Att 3rd,Att Pen,Live,Att,Succ,Succ%,Tkld,Tkld%,Carries,TotDist,PrgDist,PrgC,1/3,CPA,Mis,Dis,Rec,PrgR,Player Key,Player Link
0,Vagner Gonçalves,https://fbref.com/en/players/743fd71f/Vagner-Goncalves,27,27,cv CPV,FW,25-069,67,20,0,2,9,10,0,20,0,0,,0,,13,40,7,0,0,0,7,1,13,2,https://fbref.com/en/players/743fd71f/Vagner-Goncalves-Vagner Gonçalves,
1,Aaron Leya Iseka,https://fbref.com/en/players/29ef0f49/Aaron-Leya-Iseka,24,24,be BEL,FW,23-125,23,10,0,0,3,7,3,10,1,0,0.0,1,100.0,7,14,1,0,1,0,2,0,9,5,https://fbref.com/en/players/29ef0f49/Aaron-Leya-Iseka-Aaron Leya Iseka,
2,Lamine Gueye,https://fbref.com/en/players/9d5dcc23/Lamine-Gueye,13,13,sn SEN,FW,23-007,72,39,0,6,16,17,4,39,3,2,66.7,1,33.3,24,107,57,1,1,1,2,0,30,11,https://fbref.com/en/players/9d5dcc23/Lamine-Gueye-Lamine Gueye,
3,Papa Ndiaga Yade,https://fbref.com/en/players/87e9c7cd/Papa-Ndiaga-Yade,26,26,mr MTN,FW,21-074,18,15,0,0,7,9,1,15,1,0,0.0,1,100.0,7,37,14,1,1,0,2,0,5,2,https://fbref.com/en/players/87e9c7cd/Papa-Ndiaga-Yade-Papa Ndiaga Yade,
4,Farid Boulaya,https://fbref.com/en/players/a0791826/Farid-Boulaya,10,10,dz ALG,AM,28-023,90,74,0,5,40,29,2,74,0,0,,0,,57,291,116,1,4,0,6,4,60,8,https://fbref.com/en/players/a0791826/Farid-Boulaya-Farid Boulaya,
5,Vincent Pajot,https://fbref.com/en/players/f86ca403/Vincent-Pajot,14,14,fr FRA,CM,30-213,90,75,0,10,60,6,0,75,1,0,0.0,1,100.0,49,181,64,0,2,0,1,0,50,2,https://fbref.com/en/players/f86ca403/Vincent-Pajot-Vincent Pajot,
6,Habib Maïga,https://fbref.com/en/players/e768de1f/Habib-Maiga,19,19,ci CIV,CM,25-078,90,74,0,9,56,10,0,74,0,0,,0,,47,230,132,2,1,0,0,1,52,3,https://fbref.com/en/players/e768de1f/Habib-Maiga-Habib Maïga,
7,Thomas Delaine,https://fbref.com/en/players/8332db56/Thomas-Delaine,17,17,fr FRA,WB,28-361,72,48,2,11,21,17,3,48,0,0,,0,,31,142,73,2,4,0,2,0,29,7,https://fbref.com/en/players/8332db56/Thomas-Delaine-Thomas Delaine,
8,Pape Matar Sarr,https://fbref.com/en/players/feb5d972/Pape-Matar-Sarr,15,15,sn SEN,WB,18-187,18,15,0,0,8,8,1,15,1,1,100.0,0,0.0,11,111,45,2,1,1,0,0,9,1,https://fbref.com/en/players/feb5d972/Pape-Matar-Sarr-Pape Matar Sarr,
9,Fabien Centonze,https://fbref.com/en/players/3c6bbbab/Fabien-Centonze,18,18,fr FRA,WB,25-063,90,79,2,20,33,26,2,79,3,1,33.3,2,66.7,46,381,252,9,6,1,0,0,50,12,https://fbref.com/en/players/3c6bbbab/Fabien-Centonze-Fabien Centonze,
10,John Boye,https://fbref.com/en/players/861227d2/John-Boye,21,21,gh GHA,CB,33-331,72,40,2,12,28,0,0,40,0,0,,0,,24,75,27,0,0,0,0,0,22,0,https://fbref.com/en/players/861227d2/John-Boye-John Boye,
11,Matthieu Udol,https://fbref.com/en/players/cc41f558/Matthieu-Udol,3,3,fr FRA,CB,25-000,18,31,0,5,12,14,1,31,2,1,50.0,1,50.0,20,60,35,1,1,0,1,0,19,2,https://fbref.com/en/players/cc41f558/Matthieu-Udol-Matthieu Udol,
12,Boubakar Kouyaté,https://fbref.com/en/players/562a4799/Boubakar-Kouyate,23,23,ml MLI,CB,23-339,90,69,5,35,32,2,0,69,0,0,,0,,31,159,55,0,1,0,0,0,32,0,https://fbref.com/en/players/562a4799/Boubakar-Kouyate-Boubakar Kouyaté,
13,Dylan Bronn,https://fbref.com/en/players/edd81e2a/Dylan-Bronn,2,2,tn TUN,CB,25-274,90,64,2,20,41,5,1,64,1,1,100.0,0,0.0,48,334,206,2,4,0,1,1,49,1,https://fbref.com/en/players/edd81e2a/Dylan-Bronn-Dylan Bronn,
14,Marc-Aurèle Caillard,https://fbref.com/en/players/5ee6e943/Marc-Aurele-Caillard,30,30,fr FRA,GK,26-312,90,21,18,20,1,0,0,21,0,0,,0,,9,26,9,0,0,0,0,0,7,0,https://fbref.com/en/players/5ee6e943/Marc-Aurele-Caillard-Marc-Aurèle Caillard,
