,Player Name,Player Number,Player,#,Nation,Pos,Age,Min,CrdY,CrdR,2CrdY,Fls,Fld,Off,Crs,Int,TklW,PKwon,PKcon,OG,Recov,Won,Lost,Won%,Player Key,Player Link
0,Vagner Gonçalves,https://fbref.com/en/players/743fd71f/Vagner-Goncalves,27,27,cv CPV,FW,25-069,67,0,0,0,0,0,1,2,0,0,0,0,0,5,0,4,0.0,https://fbref.com/en/players/743fd71f/Vagner-Goncalves-Vagner Gonçalves,
1,Aaron Leya Iseka,https://fbref.com/en/players/29ef0f49/Aaron-Leya-Iseka,24,24,be BEL,FW,23-125,23,0,0,0,0,0,0,0,0,0,0,0,0,0,0,0,,https://fbref.com/en/players/29ef0f49/Aaron-Leya-Iseka-Aaron Leya Iseka,
2,Lamine Gueye,https://fbref.com/en/players/9d5dcc23/Lamine-Gueye,13,13,sn SEN,FW,23-007,72,0,0,0,1,4,2,7,1,0,0,0,0,4,0,3,0.0,https://fbref.com/en/players/9d5dcc23/Lamine-Gueye-Lamine Gueye,
3,Papa Ndiaga Yade,https://fbref.com/en/players/87e9c7cd/Papa-Ndiaga-Yade,26,26,mr MTN,FW,21-074,18,0,0,0,0,0,0,1,0,0,0,0,0,2,1,1,50.0,https://fbref.com/en/players/87e9c7cd/Papa-Ndiaga-Yade-Papa Ndiaga Yade,
4,Farid Boulaya,https://fbref.com/en/players/a0791826/Farid-Boulaya,10,10,dz ALG,AM,28-023,90,0,0,0,0,1,0,4,0,0,0,0,0,5,1,1,50.0,https://fbref.com/en/players/a0791826/Farid-Boulaya-Farid Boulaya,
5,Vincent Pajot,https://fbref.com/en/players/f86ca403/Vincent-Pajot,14,14,fr FRA,CM,30-213,90,0,0,0,3,2,0,0,6,3,0,1,0,8,0,1,0.0,https://fbref.com/en/players/f86ca403/Vincent-Pajot-Vincent Pajot,
6,Habib Maïga,https://fbref.com/en/players/e768de1f/Habib-Maiga,19,19,ci CIV,CM,25-078,90,0,0,0,1,0,0,3,4,1,0,0,0,10,2,1,66.7,https://fbref.com/en/players/e768de1f/Habib-Maiga-Habib Maïga,
7,Thomas Delaine,https://fbref.com/en/players/8332db56/Thomas-Delaine,17,17,fr FRA,WB,28-361,72,0,0,0,1,2,0,3,2,0,0,0,0,7,0,1,0.0,https://fbref.com/en/players/8332db56/Thomas-Delaine-Thomas Delaine,
8,Pape Matar Sarr,https://fbref.com/en/players/feb5d972/Pape-Matar-Sarr,15,15,sn SEN,WB,18-187,18,0,0,0,0,0,0,0,0,1,0,0,0,1,0,0,,https://fbref.com/en/players/feb5d972/Pape-Matar-Sarr-Pape Matar Sarr,
9,Fabien Centonze,https://fbref.com/en/players/3c6bbbab/Fabien-Centonze,18,18,fr FRA,WB,25-063,90,0,0,0,2,2,0,5,1,1,0,0,0,1,1,1,50.0,https://fbref.com/en/players/3c6bbbab/Fabien-Centonze-Fabien Centonze,
10,John Boye,https://fbref.com/en/players/861227d2/John-Boye,21,21,gh GHA,CB,33-331,72,0,0,0,1,1,0,0,2,2,0,0,0,5,1,0,100.0,https://fbref.com/en/players/861227d2/John-Boye-John Boye,
11,Matthieu Udol,https://fbref.com/en/players/cc41f558/Matthieu-Udol,3,3,fr FRA,CB,25-000,18,0,0,0,0,0,0,2,0,0,0,0,0,2,0,1,0.0,https://fbref.com/en/players/cc41f558/Matthieu-Udol-Matthieu Udol,
12,Boubakar Kouyaté,https://fbref.com/en/players/562a4799/Boubakar-Kouyate,23,23,ml MLI,CB,23-339,90,0,0,0,2,0,0,0,1,0,0,0,0,4,8,8,50.0,https://fbref.com/en/players/562a4799/Boubakar-Kouyate-Boubakar Kouyaté,
13,Dylan Bronn,https://fbref.com/en/players/edd81e2a/Dylan-Bronn,2,2,tn TUN,CB,25-274,90,0,0,0,0,0,0,0,1,0,0,0,0,10,0,0,,https://fbref.com/en/players/edd81e2a/Dylan-Bronn-Dylan Bronn,
14,Marc-Aurèle Caillard,https://fbref.com/en/players/5ee6e943/Marc-Aurele-Caillard,30,30,fr FRA,GK,26-312,90,0,0,0,0,0,0,0,0,0,0,0,0,0,0,0,,https://fbref.com/en/players/5ee6e943/Marc-Aurele-Caillard-Marc-Aurèle Caillard,
