,Player Name,Player Number,Player,#,Nation,Pos,Age,Min,Att,Live,Dead,FK,TB,Sw,Crs,TI,CK,In,Out,Str,Cmp,Off,Blocks,Player Key,Player Link
0,Vagner Gonçalves,https://fbref.com/en/players/743fd71f/Vagner-Goncalves,27,27,cv CPV,FW,25-069,67,12,10,2,2,0,0,2,0,0,0,0,0,8,0,0,https://fbref.com/en/players/743fd71f/Vagner-Goncalves-Vagner Gonçalves,
1,Aaron Leya Iseka,https://fbref.com/en/players/29ef0f49/Aaron-Leya-Iseka,24,24,be BEL,FW,23-125,23,4,3,1,0,0,0,0,0,0,0,0,0,4,0,0,https://fbref.com/en/players/29ef0f49/Aaron-Leya-Iseka-Aaron Leya Iseka,
2,Lamine Gueye,https://fbref.com/en/players/9d5dcc23/Lamine-Gueye,13,13,sn SEN,FW,23-007,72,29,29,0,0,0,0,7,0,0,0,0,0,17,0,1,https://fbref.com/en/players/9d5dcc23/Lamine-Gueye-Lamine Gueye,
3,Papa Ndiaga Yade,https://fbref.com/en/players/87e9c7cd/Papa-Ndiaga-Yade,26,26,mr MTN,FW,21-074,18,8,8,0,0,0,0,1,0,0,0,0,0,3,0,2,https://fbref.com/en/players/87e9c7cd/Papa-Ndiaga-Yade-Papa Ndiaga Yade,
4,Farid Boulaya,https://fbref.com/en/players/a0791826/Farid-Boulaya,10,10,dz ALG,AM,28-023,90,65,56,8,2,1,1,4,0,3,0,1,0,48,1,0,https://fbref.com/en/players/a0791826/Farid-Boulaya-Farid Boulaya,
5,Vincent Pajot,https://fbref.com/en/players/f86ca403/Vincent-Pajot,14,14,fr FRA,CM,30-213,90,62,62,0,0,1,1,0,0,0,0,0,0,57,0,1,https://fbref.com/en/players/f86ca403/Vincent-Pajot-Vincent Pajot,
6,Habib Maïga,https://fbref.com/en/players/e768de1f/Habib-Maiga,19,19,ci CIV,CM,25-078,90,67,65,2,2,0,1,3,0,0,0,0,0,54,0,0,https://fbref.com/en/players/e768de1f/Habib-Maiga-Habib Maïga,
7,Thomas Delaine,https://fbref.com/en/players/8332db56/Thomas-Delaine,17,17,fr FRA,WB,28-361,72,40,35,5,0,0,1,3,5,0,0,0,0,28,0,1,https://fbref.com/en/players/8332db56/Thomas-Delaine-Thomas Delaine,
8,Pape Matar Sarr,https://fbref.com/en/players/feb5d972/Pape-Matar-Sarr,15,15,sn SEN,WB,18-187,18,14,13,1,0,0,0,0,0,1,0,0,0,12,0,0,https://fbref.com/en/players/feb5d972/Pape-Matar-Sarr-Pape Matar Sarr,
9,Fabien Centonze,https://fbref.com/en/players/3c6bbbab/Fabien-Centonze,18,18,fr FRA,WB,25-063,90,61,52,9,1,1,0,5,8,0,0,0,0,49,0,0,https://fbref.com/en/players/3c6bbbab/Fabien-Centonze-Fabien Centonze,
10,John Boye,https://fbref.com/en/players/861227d2/John-Boye,21,21,gh GHA,CB,33-331,72,33,31,2,2,0,0,0,0,0,0,0,0,24,0,0,https://fbref.com/en/players/861227d2/John-Boye-John Boye,
11,Matthieu Udol,https://fbref.com/en/players/cc41f558/Matthieu-Udol,3,3,fr FRA,CB,25-000,18,27,21,6,0,0,0,2,6,0,0,0,0,25,0,1,https://fbref.com/en/players/cc41f558/Matthieu-Udol-Matthieu Udol,
12,Boubakar Kouyaté,https://fbref.com/en/players/562a4799/Boubakar-Kouyate,23,23,ml MLI,CB,23-339,90,54,52,2,2,0,0,0,0,0,0,0,0,44,0,1,https://fbref.com/en/players/562a4799/Boubakar-Kouyate-Boubakar Kouyaté,
13,Dylan Bronn,https://fbref.com/en/players/edd81e2a/Dylan-Bronn,2,2,tn TUN,CB,25-274,90,61,57,2,2,0,1,0,0,0,0,0,0,53,2,0,https://fbref.com/en/players/edd81e2a/Dylan-Bronn-Dylan Bronn,
14,Marc-Aurèle Caillard,https://fbref.com/en/players/5ee6e943/Marc-Aurele-Caillard,30,30,fr FRA,GK,26-312,90,17,9,8,1,0,0,0,0,0,0,0,0,10,0,0,https://fbref.com/en/players/5ee6e943/Marc-Aurele-Caillard-Marc-Aurèle Caillard,
