,Player Name,Player Number,Player,#,Nation,Pos,Age,Min,Att,Live,Dead,FK,TB,Sw,Crs,TI,CK,In,Out,Str,Cmp,Off,Blocks,Player Key,Player Link
0,Martin Terrier,https://fbref.com/en/players/5148dcc5/Martin-Terrier,7,7,fr FRA,FW,24-016,73,31,30,1,0,0,0,0,0,0,0,0,0,19,0,1,https://fbref.com/en/players/5148dcc5/Martin-Terrier-Martin Terrier,
1,Serhou Guirassy,https://fbref.com/en/players/923f4dda/Serhou-Guirassy,9,9,gn GUI,FW,25-008,17,6,5,1,0,0,0,0,0,0,0,0,0,3,0,0,https://fbref.com/en/players/923f4dda/Serhou-Guirassy-Serhou Guirassy,
2,Benjamin Bourigeaud,https://fbref.com/en/players/20e73fac/Benjamin-Bourigeaud,14,14,fr FRA,"LW,RM",27-065,79,32,29,3,0,1,1,4,0,3,1,2,0,20,0,1,https://fbref.com/en/players/20e73fac/Benjamin-Bourigeaud-Benjamin Bourigeaud,
3,Romain Del Castillo,https://fbref.com/en/players/0be95d34/Romain-Del-Castillo,22,22,fr FRA,RM,24-356,11,7,7,0,0,0,0,0,0,0,0,0,0,3,0,0,https://fbref.com/en/players/0be95d34/Romain-Del-Castillo-Romain Del Castillo,
4,Jeremy Doku,https://fbref.com/en/players/fffea3e5/Jeremy-Doku,18,18,be BEL,RW,18-297,50,17,17,0,0,1,0,0,0,0,0,0,0,13,0,0,https://fbref.com/en/players/fffea3e5/Jeremy-Doku-Jeremy Doku,
5,Flavien Tait,https://fbref.com/en/players/a0f9b535/Flavien-Tait,20,20,fr FRA,LM,28-046,73,48,47,1,1,0,0,1,0,0,0,0,0,39,0,0,https://fbref.com/en/players/a0f9b535/Flavien-Tait-Flavien Tait,
6,Dalbert Henrique,https://fbref.com/en/players/f45f9427/Dalbert-Henrique,5,5,br BRA,LM,27-193,17,5,5,0,0,0,0,0,0,0,0,0,0,3,0,0,https://fbref.com/en/players/f45f9427/Dalbert-Henrique-Dalbert Henrique,
7,Steven Nzonzi,https://fbref.com/en/players/c7526c18/Steven-Nzonzi,15,15,fr FRA,CM,32-095,90,88,88,0,0,0,0,0,0,0,0,0,0,75,0,0,https://fbref.com/en/players/c7526c18/Steven-Nzonzi-Steven Nzonzi,
8,Eduardo Camavinga,https://fbref.com/en/players/7b9c2d84/Eduardo-Camavinga,10,10,fr FRA,"RM,CM",18-130,90,46,44,2,2,1,0,0,0,0,0,0,0,35,0,0,https://fbref.com/en/players/7b9c2d84/Eduardo-Camavinga-Eduardo Camavinga,
9,Adrien Truffert,https://fbref.com/en/players/5d0e0a1f/Adrien-Truffert,31,31,fr FRA,LB,19-120,90,39,28,10,2,0,0,0,8,0,0,0,0,31,1,1,https://fbref.com/en/players/5d0e0a1f/Adrien-Truffert-Adrien Truffert,
10,Nayef Aguerd,https://fbref.com/en/players/288e1e13/Nayef-Aguerd,6,6,ma MAR,CB,24-355,90,58,55,3,3,0,0,0,0,0,0,0,0,45,0,0,https://fbref.com/en/players/288e1e13/Nayef-Aguerd-Nayef Aguerd,
11,Damien Da Silva,https://fbref.com/en/players/1ec7e1c5/Damien-Da-Silva,3,3,fr FRA,CB,32-307,90,38,36,2,2,0,0,0,0,0,0,0,0,31,0,0,https://fbref.com/en/players/1ec7e1c5/Damien-Da-Silva-Damien Da Silva,
12,Hamari Traoré,https://fbref.com/en/players/a4b1028a/Hamari-Traore,27,27,ml MLI,RB,29-052,90,48,36,11,0,0,0,2,11,0,0,0,0,35,1,1,https://fbref.com/en/players/a4b1028a/Hamari-Traore-Hamari Traoré,
13,Alfred Gomis,https://fbref.com/en/players/cecbce23/Alfred-Gomis,16,16,sn SEN,GK,27-196,90,50,37,13,3,0,0,0,0,0,0,0,0,34,0,0,https://fbref.com/en/players/cecbce23/Alfred-Gomis-Alfred Gomis,
