,Player Name,Player Number,Player,#,Nation,Pos,Age,Min,Touches,Def Pen,Def 3rd,Mid 3rd,Att 3rd,Att Pen,Live,Att,Succ,Succ%,Tkld,Tkld%,Carries,TotDist,PrgDist,PrgC,1/3,CPA,Mis,Dis,Rec,PrgR,Player Key,Player Link
0,Martin Terrier,https://fbref.com/en/players/5148dcc5/Martin-Terrier,7,7,fr FRA,FW,24-016,73,40,0,2,16,22,4,39,0,0,,0,,16,80,14,1,0,0,3,2,32,5,https://fbref.com/en/players/5148dcc5/Martin-Terrier-Martin Terrier,
1,Serhou Guirassy,https://fbref.com/en/players/923f4dda/Serhou-Guirassy,9,9,gn GUI,FW,25-008,17,8,0,0,5,3,1,8,0,0,,0,,3,5,0,0,0,0,1,1,7,2,https://fbref.com/en/players/923f4dda/Serhou-Guirassy-Serhou Guirassy,
2,Benjamin Bourigeaud,https://fbref.com/en/players/20e73fac/Benjamin-Bourigeaud,14,14,fr FRA,"LW,RM",27-065,79,38,3,7,15,17,0,38,1,1,100.0,0,0.0,19,77,36,0,1,0,0,0,21,6,https://fbref.com/en/players/20e73fac/Benjamin-Bourigeaud-Benjamin Bourigeaud,
3,Romain Del Castillo,https://fbref.com/en/players/0be95d34/Romain-Del-Castillo,22,22,fr FRA,RM,24-356,11,12,2,5,5,2,0,12,1,1,100.0,0,0.0,5,29,14,1,1,0,2,1,5,1,https://fbref.com/en/players/0be95d34/Romain-Del-Castillo-Romain Del Castillo,
4,Jeremy Doku,https://fbref.com/en/players/fffea3e5/Jeremy-Doku,18,18,be BEL,RW,18-297,50,24,0,1,12,11,2,24,4,3,75.0,1,25.0,18,147,60,1,2,1,2,0,20,2,https://fbref.com/en/players/fffea3e5/Jeremy-Doku-Jeremy Doku,
5,Flavien Tait,https://fbref.com/en/players/a0f9b535/Flavien-Tait,20,20,fr FRA,LM,28-046,73,53,1,8,33,12,0,53,0,0,,0,,29,139,76,1,0,0,1,1,39,2,https://fbref.com/en/players/a0f9b535/Flavien-Tait-Flavien Tait,
6,Dalbert Henrique,https://fbref.com/en/players/f45f9427/Dalbert-Henrique,5,5,br BRA,LM,27-193,17,10,1,3,6,1,0,10,0,0,,0,,2,16,14,1,1,0,0,0,4,1,https://fbref.com/en/players/f45f9427/Dalbert-Henrique-Dalbert Henrique,
7,Steven Nzonzi,https://fbref.com/en/players/c7526c18/Steven-Nzonzi,15,15,fr FRA,CM,32-095,90,93,4,36,54,3,0,93,2,1,50.0,1,50.0,55,169,73,0,1,0,0,1,69,1,https://fbref.com/en/players/c7526c18/Steven-Nzonzi-Steven Nzonzi,
8,Eduardo Camavinga,https://fbref.com/en/players/7b9c2d84/Eduardo-Camavinga,10,10,fr FRA,"RM,CM",18-130,90,56,2,13,34,10,1,56,0,0,,0,,24,150,93,2,1,0,2,1,35,2,https://fbref.com/en/players/7b9c2d84/Eduardo-Camavinga-Eduardo Camavinga,
9,Adrien Truffert,https://fbref.com/en/players/5d0e0a1f/Adrien-Truffert,31,31,fr FRA,LB,19-120,90,50,6,17,20,13,1,50,2,1,50.0,1,50.0,23,105,38,1,2,0,1,0,27,4,https://fbref.com/en/players/5d0e0a1f/Adrien-Truffert-Adrien Truffert,
10,Nayef Aguerd,https://fbref.com/en/players/288e1e13/Nayef-Aguerd,6,6,ma MAR,CB,24-355,90,63,9,38,25,0,0,63,0,0,,0,,42,205,118,0,0,0,0,0,46,0,https://fbref.com/en/players/288e1e13/Nayef-Aguerd-Nayef Aguerd,
11,Damien Da Silva,https://fbref.com/en/players/1ec7e1c5/Damien-Da-Silva,3,3,fr FRA,CB,32-307,90,51,6,26,25,1,0,51,0,0,,0,,30,191,125,2,0,0,0,0,30,0,https://fbref.com/en/players/1ec7e1c5/Damien-Da-Silva-Damien Da Silva,
12,Hamari Traoré,https://fbref.com/en/players/a4b1028a/Hamari-Traore,27,27,ml MLI,RB,29-052,90,58,2,14,33,13,2,58,4,3,75.0,1,25.0,29,173,94,3,1,3,1,0,29,2,https://fbref.com/en/players/a4b1028a/Hamari-Traore-Hamari Traoré,
13,Alfred Gomis,https://fbref.com/en/players/cecbce23/Alfred-Gomis,16,16,sn SEN,GK,27-196,90,50,45,50,0,0,0,50,0,0,,0,,36,148,93,0,0,0,0,0,21,0,https://fbref.com/en/players/cecbce23/Alfred-Gomis-Alfred Gomis,
