,Player Name,Player Number,Player,#,Nation,Pos,Age,Min,Gls,Ast,PK,PKatt,Sh,SoT,CrdY,CrdR,Touches,Tkl,Int,Blocks,xG,npxG,xAG,SCA,GCA,Cmp,Att,Cmp%,PrgP,Carries,PrgC,Att,Succ,Player Key,Player Link
0,Martin Terrier,https://fbref.com/en/players/5148dcc5/Martin-Terrier,7,7,fr FRA,FW,24-016,73,1,1,1,1,1,1,0,0,40,2,0,0,1.1,0.3,0.4,1,1,19,31,61.3,0,16,1,0,0,https://fbref.com/en/players/5148dcc5/Martin-Terrier-Martin Terrier,
1,Serhou Guirassy,https://fbref.com/en/players/923f4dda/Serhou-Guirassy,9,9,gn GUI,FW,25-008,17,1,0,0,0,1,1,1,0,8,0,0,0,0.4,0.4,0.0,0,0,3,6,50.0,1,3,0,0,0,https://fbref.com/en/players/923f4dda/Serhou-Guirassy-Serhou Guirassy,
2,Benjamin Bourigeaud,https://fbref.com/en/players/20e73fac/Benjamin-Bourigeaud,14,14,fr FRA,"LW,RM",27-065,79,0,0,0,0,2,1,0,0,38,1,1,0,0.1,0.1,0.0,0,0,20,32,62.5,2,19,0,1,1,https://fbref.com/en/players/20e73fac/Benjamin-Bourigeaud-Benjamin Bourigeaud,
3,Romain Del Castillo,https://fbref.com/en/players/0be95d34/Romain-Del-Castillo,22,22,fr FRA,RM,24-356,11,0,0,0,0,0,0,0,0,12,1,0,1,0.0,0.0,0.0,0,0,3,7,42.9,1,5,1,1,1,https://fbref.com/en/players/0be95d34/Romain-Del-Castillo-Romain Del Castillo,
4,Jeremy Doku,https://fbref.com/en/players/fffea3e5/Jeremy-Doku,18,18,be BEL,RW,18-297,50,1,0,0,0,1,1,0,1,24,0,0,0,0.4,0.4,0.1,2,0,13,17,76.5,2,18,1,4,3,https://fbref.com/en/players/fffea3e5/Jeremy-Doku-Jeremy Doku,
5,Flavien Tait,https://fbref.com/en/players/a0f9b535/Flavien-Tait,20,20,fr FRA,LM,28-046,73,0,0,0,0,0,0,0,0,53,2,0,1,0.0,0.0,0.0,1,0,39,48,81.3,5,29,1,0,0,https://fbref.com/en/players/a0f9b535/Flavien-Tait-Flavien Tait,
6,Dalbert Henrique,https://fbref.com/en/players/f45f9427/Dalbert-Henrique,5,5,br BRA,LM,27-193,17,0,0,0,0,1,0,0,0,10,1,1,2,0.0,0.0,0.0,0,0,3,5,60.0,0,2,1,0,0,https://fbref.com/en/players/f45f9427/Dalbert-Henrique-Dalbert Henrique,
7,Steven Nzonzi,https://fbref.com/en/players/c7526c18/Steven-Nzonzi,15,15,fr FRA,CM,32-095,90,0,0,0,0,0,0,0,0,93,1,1,1,0.0,0.0,0.0,0,0,75,88,85.2,6,55,0,2,1,https://fbref.com/en/players/c7526c18/Steven-Nzonzi-Steven Nzonzi,
8,Eduardo Camavinga,https://fbref.com/en/players/7b9c2d84/Eduardo-Camavinga,10,10,fr FRA,"RM,CM",18-130,90,0,0,0,0,0,0,0,0,56,2,1,1,0.0,0.0,0.0,1,0,35,46,76.1,2,24,2,0,0,https://fbref.com/en/players/7b9c2d84/Eduardo-Camavinga-Eduardo Camavinga,
9,Adrien Truffert,https://fbref.com/en/players/5d0e0a1f/Adrien-Truffert,31,31,fr FRA,LB,19-120,90,0,0,0,0,1,0,0,0,50,1,1,3,0.0,0.0,0.0,0,0,31,39,79.5,1,23,1,2,1,https://fbref.com/en/players/5d0e0a1f/Adrien-Truffert-Adrien Truffert,
10,Nayef Aguerd,https://fbref.com/en/players/288e1e13/Nayef-Aguerd,6,6,ma MAR,CB,24-355,90,0,0,0,0,0,0,0,0,63,1,0,0,0.0,0.0,0.0,0,0,45,58,77.6,4,42,0,0,0,https://fbref.com/en/players/288e1e13/Nayef-Aguerd-Nayef Aguerd,
11,Damien Da Silva,https://fbref.com/en/players/1ec7e1c5/Damien-Da-Silva,3,3,fr FRA,CB,32-307,90,0,0,0,0,0,0,0,0,51,2,4,2,0.0,0.0,0.0,1,0,31,38,81.6,3,30,2,0,0,https://fbref.com/en/players/1ec7e1c5/Damien-Da-Silva-Damien Da Silva,
12,Hamari Traoré,https://fbref.com/en/players/a4b1028a/Hamari-Traore,27,27,ml MLI,RB,29-052,90,0,0,0,0,1,0,0,0,58,0,1,0,0.0,0.0,0.0,3,3,35,48,72.9,1,29,3,4,3,https://fbref.com/en/players/a4b1028a/Hamari-Traore-Hamari Traoré,
13,Alfred Gomis,https://fbref.com/en/players/cecbce23/Alfred-Gomis,16,16,sn SEN,GK,27-196,90,0,0,0,0,0,0,1,0,50,0,0,0,0.0,0.0,0.0,0,0,34,50,68.0,0,36,0,0,0,https://fbref.com/en/players/cecbce23/Alfred-Gomis-Alfred Gomis,
