,Minute,Player,Squad,xG,PSxG,Outcome,Distance,Body Part,Notes,SCA 1 Player,SCA 1 Event,SCA 2 Player,SCA 2 Event
0,5,Hamari Traoré,Rennes,0.02,,Off Target,32,Right Foot,,Damien Da Silva,Pass (Live),Flavien Tait,Pass (Live)
1,15,Adrien Truffert,Rennes,0.02,,Off Target,29,Left Foot,,,,,
2,18,Jeremy Doku,Rennes,0.40,0.82,Goal,11,Right Foot,,Martin Terrier,Pass (Live),Hamari Traoré,Pass (Live)
3,38,Martin Terrier(pen),Rennes,0.79,0.99,Goal,13,Right Foot,,Hamari Traoré,Fouled,Hamari Traoré,Take-On
4,,,,,,,,,,,,,
5,47,Benjamin Bourigeaud,Rennes,0.08,0.42,Saved,23,Right Foot,,Jeremy Doku,Pass (Live),Jeremy Doku,Take-On
6,54,Farid Boulaya,Metz,0.06,,Off Target,14,Right Foot,Volley,Vagner Gonçalves,Pass (Live),Farid Boulaya,Pass (Live)
7,54,Thomas Delaine,Metz,0.08,,Off Target,7,Left Foot,,Farid Boulaya,Shot,,
8,56,Lamine Gueye,Metz,0.04,,Blocked,19,Left Foot,,Habib Maïga,Pass (Live),Farid Boulaya,Pass (Live)
9,56,Habib Maïga,Metz,0.03,,Blocked,32,Right Foot,Volley,Lamine Gueye,Shot,,
10,57,Lamine Gueye,Metz,0.08,,Blocked,21,Right Foot,,Vagner Gonçalves,Pass (Live),John Boye,Tackle
11,61,Farid Boulaya,Metz,0.02,,Off Target,36,Right Foot,,Farid Boulaya,Pass (Live),Habib Maïga,Pass (Live)
12,64,Martin Terrier,Rennes,0.29,0.24,Saved,14,Right Foot,,,,,
13,67,Benjamin Bourigeaud,Rennes,0.03,,Off Target,23,Left Foot,,,,,
14,72,Aaron Leya Iseka,Metz,0.08,,Off Target,9,Head,,Habib Maïga,Pass (Live),Fabien Centonze,Pass (Live)
15,77,Fabien Centonze,Metz,0.04,,Blocked,20,Left Foot,,Aaron Leya Iseka,Pass (Live),Habib Maïga,Pass (Live)
16,78,Matthieu Udol,Metz,0.02,,Off Target,25,Left Foot,,Farid Boulaya,Pass (Live),Pape Matar Sarr,Pass (Live)
17,81,Aaron Leya Iseka,Metz,0.12,,Blocked,12,Right Foot,,Fabien Centonze,Pass (Live),Vincent Pajot,Pass (Live)
18,83,Fabien Centonze,Metz,0.05,,Off Target,13,Head,,Matthieu Udol,Pass (Live),Farid Boulaya,Pass (Live)
19,85,Dalbert Henrique,Rennes,0.02,,Off Target,31,Left Foot,,Eduardo Camavinga,Pass (Live),,
20,87,Pape Matar Sarr,Metz,0.03,0.14,Saved,31,Right Foot,Deflected,Matthieu Udol,Pass (Live),Dylan Bronn,Pass (Live)
21,88,Farid Boulaya,Metz,0.02,,Blocked,27,Right Foot,,Matthieu Udol,Pass (Live),Pape Matar Sarr,Pass (Dead)
22,88,Serhou Guirassy,Rennes,0.37,0.59,Goal,16,Left Foot,,,,,
23,90,Papa Ndiaga Yade,Metz,0.07,0.36,Goal,15,Left Foot,Volley,Fabien Centonze,Pass (Live),Habib Maïga,Pass (Live)
