,Player Name,Player Number,Player,#,Nation,Pos,Age,Min,Touches,Def Pen,Def 3rd,Mid 3rd,Att 3rd,Att Pen,Live,Att,Succ,Succ%,Tkld,Tkld%,Carries,TotDist,PrgDist,PrgC,1/3,CPA,Mis,Dis,Rec,PrgR,Player Key,Player Link
0,Jonatan Lucca,https://fbref.com/en/players/b04f4533/Jonatan-Lucca,47,47,br BRA,"FW,RM",26-110,68,22,1,3,7,12,2,22,0,0,,0,,17,121,13,1,0,0,5,2,19,5,https://fbref.com/en/players/b04f4533/Jonatan-Lucca-Jonatan Lucca,
1,Álvarinho,https://fbref.com/en/players/a81bc44d/Alvarinho,77,77,pt POR,"RM,LM",30-017,22,10,0,0,3,7,1,10,0,0,,0,,5,34,19,0,0,0,1,1,6,2,https://fbref.com/en/players/a81bc44d/Alvarinho-Álvarinho,
2,Nikola Stojiljković,https://fbref.com/en/players/ca3e2783/Nikola-Stojiljkovic,9,9,rs SRB,FW,28-034,68,19,1,3,7,9,5,19,0,0,,0,,8,20,10,1,0,1,3,2,14,3,https://fbref.com/en/players/ca3e2783/Nikola-Stojiljkovic-Nikola Stojiljković,
3,Pedro,https://fbref.com/en/players/17758df6/Pedro,96,96,br BRA,FW,23-317,22,13,0,2,2,9,4,13,0,0,,0,,8,32,11,0,0,0,3,1,11,2,https://fbref.com/en/players/17758df6/Pedro-Pedro,
4,Braian Mansilla,https://fbref.com/en/players/e4c37819/Braian-Mansilla,11,11,ar ARG,LM,23-157,50,29,0,2,9,20,2,29,2,1,50.0,1,50.0,21,123,54,3,0,0,1,2,18,4,https://fbref.com/en/players/e4c37819/Braian-Mansilla-Braian Mansilla,
5,Hugo Marques,https://fbref.com/en/players/789ee29d/Hugo-Marques,1,1,ao ANG,GK,34-249,40,13,11,13,0,0,0,13,0,0,,0,,7,35,19,0,0,0,1,0,2,0,https://fbref.com/en/players/789ee29d/Hugo-Marques-Hugo Marques,
6,Amine Oudrhiri,https://fbref.com/en/players/49c9c79a/Amine-Oudrhiri,5,5,ma MAR,CM,27-321,90,47,1,10,29,8,1,47,1,1,100.0,0,0.0,28,137,62,1,0,0,0,0,26,2,https://fbref.com/en/players/49c9c79a/Amine-Oudrhiri-Amine Oudrhiri,
7,Fabrício Isidoro,https://fbref.com/en/players/b70ca4b5/Fabricio-Isidoro,14,14,br BRA,CM,28-236,90,59,0,8,38,13,1,59,1,1,100.0,0,0.0,37,129,67,0,0,0,5,0,39,2,https://fbref.com/en/players/b70ca4b5/Fabricio-Isidoro-Fabrício Isidoro,
8,Ryan Gauld,https://fbref.com/en/players/862e93c2/Ryan-Gauld,23,23,sct SCO,"RM,LM",24-279,90,42,1,5,14,24,6,42,3,1,33.3,2,66.7,20,83,33,0,0,0,2,1,18,4,https://fbref.com/en/players/862e93c2/Ryan-Gauld-Ryan Gauld,
9,Fábio Alexandre da Silva Nunes,https://fbref.com/en/players/7cfc2860/Fabio-Alexandre-da-Silva-Nunes,92,92,pt POR,LB,28-058,90,64,4,16,23,25,0,64,2,2,100.0,0,0.0,30,115,59,0,1,0,1,1,29,4,https://fbref.com/en/players/7cfc2860/Fabio-Alexandre-da-Silva-Nunes-Fábio Alexandre da Silva Nunes,
10,Cássio,https://fbref.com/en/players/36334180/Cassio,41,41,br BRA,CB,26-261,90,47,3,24,22,1,1,47,0,0,,0,,30,174,116,0,0,0,0,1,30,0,https://fbref.com/en/players/36334180/Cassio-Cássio,
11,Burá,https://fbref.com/en/players/8e72cba8/Bura,13,13,gw GNB,CB,24-273,52,37,2,17,18,2,0,37,0,0,,0,,24,124,33,0,0,0,0,0,27,1,https://fbref.com/en/players/8e72cba8/Bura-Burá,
12,Claudio Falcão,https://fbref.com/en/players/56077210/Claudio-Falcao,29,29,br BRA,CB,26-079,38,18,2,8,8,2,1,18,0,0,,0,,6,34,13,0,0,0,0,0,9,0,https://fbref.com/en/players/56077210/Claudio-Falcao-Claudio Falcão,
13,Alexandre Pinto,https://fbref.com/en/players/b05d8d93/Alexandre-Pinto,78,78,pt POR,RB,22-074,45,33,1,8,17,8,0,33,0,0,,0,,12,103,46,1,3,0,1,0,13,6,https://fbref.com/en/players/b05d8d93/Alexandre-Pinto-Alexandre Pinto,
14,Miguel Bandarra,https://fbref.com/en/players/1e4684e8/Miguel-Bandarra,17,17,pt POR,RB,24-247,45,42,2,7,18,17,1,42,0,0,,0,,21,140,77,2,1,0,0,1,21,4,https://fbref.com/en/players/1e4684e8/Miguel-Bandarra-Miguel Bandarra,
15,Rafael Defendi,https://fbref.com/en/players/317d3e7b/Rafael-Defendi,12,12,br BRA,GK,36-273,48,16,13,16,0,0,0,16,0,0,,0,,11,63,40,0,0,0,0,0,7,0,https://fbref.com/en/players/317d3e7b/Rafael-Defendi-Rafael Defendi,
