,Player Name,Player Number,Player,#,Nation,Pos,Age,Min,Att,Live,Dead,FK,TB,Sw,Crs,TI,CK,In,Out,Str,Cmp,Off,Blocks,Player Key,Player Link
0,Jonatan Lucca,https://fbref.com/en/players/b04f4533/Jonatan-Lucca,47,47,br BRA,"FW,RM",26-110,68,13,11,2,2,0,0,1,0,0,0,0,0,12,0,0,https://fbref.com/en/players/b04f4533/Jonatan-Lucca-Jonatan Lucca,
1,Álvarinho,https://fbref.com/en/players/a81bc44d/Alvarinho,77,77,pt POR,"RM,LM",30-017,22,6,6,0,0,0,0,1,0,0,0,0,0,5,0,1,https://fbref.com/en/players/a81bc44d/Alvarinho-Álvarinho,
2,Nikola Stojiljković,https://fbref.com/en/players/ca3e2783/Nikola-Stojiljkovic,9,9,rs SRB,FW,28-034,68,14,10,4,1,0,0,0,0,0,0,0,0,8,0,1,https://fbref.com/en/players/ca3e2783/Nikola-Stojiljkovic-Nikola Stojiljković,
3,Pedro,https://fbref.com/en/players/17758df6/Pedro,96,96,br BRA,FW,23-317,22,9,8,1,0,0,0,1,1,0,0,0,0,5,0,0,https://fbref.com/en/players/17758df6/Pedro-Pedro,
4,Braian Mansilla,https://fbref.com/en/players/e4c37819/Braian-Mansilla,11,11,ar ARG,LM,23-157,50,24,24,0,0,0,1,6,0,0,0,0,0,13,0,1,https://fbref.com/en/players/e4c37819/Braian-Mansilla-Braian Mansilla,
5,Hugo Marques,https://fbref.com/en/players/789ee29d/Hugo-Marques,1,1,ao ANG,GK,34-249,40,12,7,5,0,0,0,0,0,0,0,0,0,12,0,0,https://fbref.com/en/players/789ee29d/Hugo-Marques-Hugo Marques,
6,Amine Oudrhiri,https://fbref.com/en/players/49c9c79a/Amine-Oudrhiri,5,5,ma MAR,CM,27-321,90,40,38,2,1,0,0,1,1,0,0,0,0,36,0,1,https://fbref.com/en/players/49c9c79a/Amine-Oudrhiri-Amine Oudrhiri,
7,Fabrício Isidoro,https://fbref.com/en/players/b70ca4b5/Fabricio-Isidoro,14,14,br BRA,CM,28-236,90,48,48,0,0,0,0,1,0,0,0,0,0,39,0,3,https://fbref.com/en/players/b70ca4b5/Fabricio-Isidoro-Fabrício Isidoro,
8,Ryan Gauld,https://fbref.com/en/players/862e93c2/Ryan-Gauld,23,23,sct SCO,"RM,LM",24-279,90,24,20,4,1,0,0,6,0,3,3,0,0,13,0,1,https://fbref.com/en/players/862e93c2/Ryan-Gauld-Ryan Gauld,
9,Fábio Alexandre da Silva Nunes,https://fbref.com/en/players/7cfc2860/Fabio-Alexandre-da-Silva-Nunes,92,92,pt POR,LB,28-058,90,54,39,13,0,0,0,5,13,0,0,0,0,33,2,1,https://fbref.com/en/players/7cfc2860/Fabio-Alexandre-da-Silva-Nunes-Fábio Alexandre da Silva Nunes,
10,Cássio,https://fbref.com/en/players/36334180/Cassio,41,41,br BRA,CB,26-261,90,40,39,1,1,0,0,0,0,0,0,0,0,31,0,0,https://fbref.com/en/players/36334180/Cassio-Cássio,
11,Burá,https://fbref.com/en/players/8e72cba8/Bura,13,13,gw GNB,CB,24-273,52,33,28,5,5,0,0,0,0,0,0,0,0,28,0,0,https://fbref.com/en/players/8e72cba8/Bura-Burá,
12,Claudio Falcão,https://fbref.com/en/players/56077210/Claudio-Falcao,29,29,br BRA,CB,26-079,38,11,10,1,1,0,0,0,0,0,0,0,0,10,0,0,https://fbref.com/en/players/56077210/Claudio-Falcao-Claudio Falcão,
13,Alexandre Pinto,https://fbref.com/en/players/b05d8d93/Alexandre-Pinto,78,78,pt POR,RB,22-074,45,26,20,6,0,0,0,3,6,0,0,0,0,20,0,0,https://fbref.com/en/players/b05d8d93/Alexandre-Pinto-Alexandre Pinto,
14,Miguel Bandarra,https://fbref.com/en/players/1e4684e8/Miguel-Bandarra,17,17,pt POR,RB,24-247,45,40,25,14,5,0,1,8,6,3,3,0,0,18,1,1,https://fbref.com/en/players/1e4684e8/Miguel-Bandarra-Miguel Bandarra,
15,Rafael Defendi,https://fbref.com/en/players/317d3e7b/Rafael-Defendi,12,12,br BRA,GK,36-273,48,16,13,3,0,0,0,0,0,0,0,0,0,11,0,0,https://fbref.com/en/players/317d3e7b/Rafael-Defendi-Rafael Defendi,
