,Player Name,Player Number,Player,#,Nation,Pos,Age,Min,Gls,Ast,PK,PKatt,Sh,SoT,CrdY,CrdR,Touches,Tkl,Int,Blocks,xG,npxG,xAG,SCA,GCA,Cmp,Att,Cmp%,PrgP,Carries,PrgC,Att,Succ,Player Key,Player Link
0,Jonatan Lucca,https://fbref.com/en/players/b04f4533/Jonatan-Lucca,47,47,br BRA,"FW,RM",26-110,68,0,0,0,0,2,1,0,0,22,0,0,0,0.1,0.1,0.0,3,0,12,13,92.3,3,17,1,0,0,https://fbref.com/en/players/b04f4533/Jonatan-Lucca-Jonatan Lucca,
1,Álvarinho,https://fbref.com/en/players/a81bc44d/Alvarinho,77,77,pt POR,"RM,LM",30-017,22,0,0,0,0,2,0,0,0,10,0,0,1,0.1,0.1,0.1,1,0,5,6,83.3,0,5,0,0,0,https://fbref.com/en/players/a81bc44d/Alvarinho-Álvarinho,
2,Nikola Stojiljković,https://fbref.com/en/players/ca3e2783/Nikola-Stojiljkovic,9,9,rs SRB,FW,28-034,68,0,0,0,0,0,0,0,0,19,1,0,0,0.0,0.0,0.0,1,0,8,14,57.1,0,8,1,0,0,https://fbref.com/en/players/ca3e2783/Nikola-Stojiljkovic-Nikola Stojiljković,
3,Pedro,https://fbref.com/en/players/17758df6/Pedro,96,96,br BRA,FW,23-317,22,0,0,0,0,1,0,0,0,13,0,0,0,0.0,0.0,0.0,2,0,5,9,55.6,1,8,0,0,0,https://fbref.com/en/players/17758df6/Pedro-Pedro,
4,Braian Mansilla,https://fbref.com/en/players/e4c37819/Braian-Mansilla,11,11,ar ARG,LM,23-157,50,0,0,0,0,0,0,1,0,29,1,1,0,0.0,0.0,0.0,1,0,13,24,54.2,2,21,3,2,1,https://fbref.com/en/players/e4c37819/Braian-Mansilla-Braian Mansilla,
5,Hugo Marques,https://fbref.com/en/players/789ee29d/Hugo-Marques,1,1,ao ANG,GK,34-249,40,0,0,0,0,0,0,0,0,13,0,0,0,0.0,0.0,0.0,0,0,12,12,100.0,0,7,0,0,0,https://fbref.com/en/players/789ee29d/Hugo-Marques-Hugo Marques,
6,Amine Oudrhiri,https://fbref.com/en/players/49c9c79a/Amine-Oudrhiri,5,5,ma MAR,CM,27-321,90,0,0,0,0,2,0,1,0,47,0,1,0,0.1,0.1,0.0,1,0,36,40,90.0,5,28,1,1,1,https://fbref.com/en/players/49c9c79a/Amine-Oudrhiri-Amine Oudrhiri,
7,Fabrício Isidoro,https://fbref.com/en/players/b70ca4b5/Fabricio-Isidoro,14,14,br BRA,CM,28-236,90,0,0,0,0,0,0,1,0,59,2,4,0,0.0,0.0,0.0,2,0,39,48,81.3,12,37,0,1,1,https://fbref.com/en/players/b70ca4b5/Fabricio-Isidoro-Fabrício Isidoro,
8,Ryan Gauld,https://fbref.com/en/players/862e93c2/Ryan-Gauld,23,23,sct SCO,"RM,LM",24-279,90,0,0,0,0,4,1,0,0,42,4,0,2,0.2,0.2,0.1,3,0,13,24,54.2,3,20,0,3,1,https://fbref.com/en/players/862e93c2/Ryan-Gauld-Ryan Gauld,
9,Fábio Alexandre da Silva Nunes,https://fbref.com/en/players/7cfc2860/Fabio-Alexandre-da-Silva-Nunes,92,92,pt POR,LB,28-058,90,0,0,0,0,1,0,0,0,64,2,2,1,0.0,0.0,0.2,5,0,33,54,61.1,3,30,0,2,2,https://fbref.com/en/players/7cfc2860/Fabio-Alexandre-da-Silva-Nunes-Fábio Alexandre da Silva Nunes,
10,Cássio,https://fbref.com/en/players/36334180/Cassio,41,41,br BRA,CB,26-261,90,0,0,0,0,1,0,0,0,47,2,0,1,0.1,0.1,0.0,1,0,31,40,77.5,7,30,0,0,0,https://fbref.com/en/players/36334180/Cassio-Cássio,
11,Burá,https://fbref.com/en/players/8e72cba8/Bura,13,13,gw GNB,CB,24-273,52,0,0,0,0,0,0,0,0,37,2,0,1,0.0,0.0,0.0,2,0,28,33,84.8,2,24,0,0,0,https://fbref.com/en/players/8e72cba8/Bura-Burá,
12,Claudio Falcão,https://fbref.com/en/players/56077210/Claudio-Falcao,29,29,br BRA,CB,26-079,38,0,0,0,0,1,0,0,0,18,1,1,0,0.0,0.0,0.0,1,0,10,11,90.9,0,6,0,0,0,https://fbref.com/en/players/56077210/Claudio-Falcao-Claudio Falcão,
13,Alexandre Pinto,https://fbref.com/en/players/b05d8d93/Alexandre-Pinto,78,78,pt POR,RB,22-074,45,0,0,0,0,0,0,0,0,33,1,3,2,0.0,0.0,0.0,1,0,20,26,76.9,1,12,1,0,0,https://fbref.com/en/players/b05d8d93/Alexandre-Pinto-Alexandre Pinto,
14,Miguel Bandarra,https://fbref.com/en/players/1e4684e8/Miguel-Bandarra,17,17,pt POR,RB,24-247,45,0,0,0,0,0,0,1,0,42,1,0,1,0.0,0.0,0.1,3,0,18,40,45.0,1,21,2,0,0,https://fbref.com/en/players/1e4684e8/Miguel-Bandarra-Miguel Bandarra,
15,Rafael Defendi,https://fbref.com/en/players/317d3e7b/Rafael-Defendi,12,12,br BRA,GK,36-273,48,0,0,0,0,0,0,0,1,16,0,0,0,0.0,0.0,0.0,0,0,11,16,68.8,0,11,0,0,0,https://fbref.com/en/players/317d3e7b/Rafael-Defendi-Rafael Defendi,
