,Player Name,Player Number,Player,#,Nation,Pos,Age,Min,Tkl,TklW,Def 3rd,Mid 3rd,Att 3rd,Tkl,Att,Tkl%,Lost,Blocks,Sh,Pass,Int,Tkl+Int,Clr,Err,Player Key,Player Link
0,Fábio Abreu,https://fbref.com/en/players/1b138544/Fabio-Abreu,9,9,ao ANG,FW,27-235,90,0,0,0,0,0,0,0,,0,0,0,0,0,0,1,0,https://fbref.com/en/players/1b138544/Fabio-Abreu-Fábio Abreu,
1,Lucas,https://fbref.com/en/players/7a3d0687/Lucas,11,11,br BRA,LW,21-024,71,3,1,2,1,0,0,1,0.0,1,1,0,1,1,4,0,0,https://fbref.com/en/players/7a3d0687/Lucas-Lucas,
2,Felipe Pires,https://fbref.com/en/players/2cd3d3ce/Felipe-Pires,10,10,br BRA,LW,25-155,19,0,0,0,0,0,0,1,0.0,1,0,0,0,0,0,0,0,https://fbref.com/en/players/2cd3d3ce/Felipe-Pires-Felipe Pires,
3,Pedro Nuno,https://fbref.com/en/players/efb9975c/Pedro-Nuno,27,27,pt POR,RW,25-251,90,0,0,0,0,0,0,0,,0,0,0,0,0,0,1,0,https://fbref.com/en/players/efb9975c/Pedro-Nuno-Pedro Nuno,
4,Filipe Soares,https://fbref.com/en/players/c6a3b58d/Filipe-Soares,21,21,pt POR,LM,21-123,82,0,0,0,0,0,0,0,,0,0,0,0,1,1,1,0,https://fbref.com/en/players/c6a3b58d/Filipe-Soares-Filipe Soares,
5,Ibrahima Camará,https://fbref.com/en/players/922f894e/Ibrahima-Camara,8,8,gn GUI,LM,21-239,8,0,0,0,0,0,0,0,,0,0,0,0,1,1,0,0,https://fbref.com/en/players/922f894e/Ibrahima-Camara-Ibrahima Camará,
6,Fábio Pacheco,https://fbref.com/en/players/b74fb61f/Fabio-Pacheco,6,6,pt POR,CM,32-117,90,6,3,1,5,0,2,3,66.7,1,0,0,0,2,8,5,0,https://fbref.com/en/players/b74fb61f/Fabio-Pacheco-Fábio Pacheco,
7,Alexandre Miguel Barros Soares,https://fbref.com/en/players/ba0aead1/Alexandre-Miguel-Barros-Soares,26,26,pt POR,RM,29-203,88,2,2,1,1,0,0,1,0.0,1,0,0,0,2,4,3,0,https://fbref.com/en/players/ba0aead1/Alexandre-Miguel-Barros-Soares-Alexandre Miguel Barros Soares,
8,Gonçalo Franco,https://fbref.com/en/players/9029d5f2/Goncalo-Franco,88,88,pt POR,RM,19-308,2,0,0,0,0,0,0,0,,0,0,0,0,2,2,1,0,https://fbref.com/en/players/9029d5f2/Goncalo-Franco-Gonçalo Franco,
9,Pedro Amador,https://fbref.com/en/players/00dad262/Pedro-Amador,81,81,pt POR,LB,21-277,90,3,2,3,0,0,1,3,33.3,2,3,1,2,2,5,3,0,https://fbref.com/en/players/00dad262/Pedro-Amador-Pedro Amador,
10,Steven Vitória,https://fbref.com/en/players/9bc450e6/Steven-Vitoria,19,19,ca CAN,CB,33-253,90,0,0,0,0,0,0,0,,0,0,0,0,0,0,4,0,https://fbref.com/en/players/9bc450e6/Steven-Vitoria-Steven Vitória,
11,Lazar Rosić,https://fbref.com/en/players/3c285843/Lazar-Rosic,3,3,rs SRB,CB,27-083,90,0,0,0,0,0,0,0,,0,5,4,1,0,0,7,0,https://fbref.com/en/players/3c285843/Lazar-Rosic-Lazar Rosić,
12,Anthony D'Alberto,https://fbref.com/en/players/98684b0c/Anthony-DAlberto,2,2,be BEL,RB,25-343,82,1,0,1,0,0,0,0,,0,2,1,1,2,3,4,0,https://fbref.com/en/players/98684b0c/Anthony-DAlberto-Anthony D'Alberto,
13,Matheus Silva,https://fbref.com/en/players/79ccb6eb/Matheus-Silva,13,13,br BRA,RB,22-353,8,0,0,0,0,0,0,0,,0,0,0,0,0,0,0,0,https://fbref.com/en/players/79ccb6eb/Matheus-Silva-Matheus Silva,
14,Mateus Pasinato,https://fbref.com/en/players/f16f9b47/Mateus-Pasinato,14,14,br BRA,GK,28-084,90,0,0,0,0,0,0,0,,0,0,0,0,0,0,0,0,https://fbref.com/en/players/f16f9b47/Mateus-Pasinato-Mateus Pasinato,
