,Player Name,Player Number,Player,#,Nation,Pos,Age,Min,Touches,Def Pen,Def 3rd,Mid 3rd,Att 3rd,Att Pen,Live,Att,Succ,Succ%,Tkld,Tkld%,Carries,TotDist,PrgDist,PrgC,1/3,CPA,Mis,Dis,Rec,PrgR,Player Key,Player Link
0,Fábio Abreu,https://fbref.com/en/players/1b138544/Fabio-Abreu,9,9,ao ANG,FW,27-235,90,24,1,4,12,8,6,24,1,0,0.0,1,100.0,15,60,28,1,0,1,3,0,21,6,https://fbref.com/en/players/1b138544/Fabio-Abreu-Fábio Abreu,
1,Lucas,https://fbref.com/en/players/7a3d0687/Lucas,11,11,br BRA,LW,21-024,71,20,0,5,7,9,1,20,2,1,50.0,1,50.0,13,110,77,1,0,0,2,2,10,6,https://fbref.com/en/players/7a3d0687/Lucas-Lucas,
2,Felipe Pires,https://fbref.com/en/players/2cd3d3ce/Felipe-Pires,10,10,br BRA,LW,25-155,19,14,0,3,2,9,2,14,0,0,,0,,6,54,44,2,2,0,2,0,7,3,https://fbref.com/en/players/2cd3d3ce/Felipe-Pires-Felipe Pires,
3,Pedro Nuno,https://fbref.com/en/players/efb9975c/Pedro-Nuno,27,27,pt POR,RW,25-251,90,47,0,6,15,26,3,47,3,0,0.0,3,100.0,28,144,84,1,1,0,1,0,31,4,https://fbref.com/en/players/efb9975c/Pedro-Nuno-Pedro Nuno,
4,Filipe Soares,https://fbref.com/en/players/c6a3b58d/Filipe-Soares,21,21,pt POR,LM,21-123,82,38,1,4,22,14,1,38,4,3,75.0,1,25.0,29,168,99,2,3,0,2,4,32,7,https://fbref.com/en/players/c6a3b58d/Filipe-Soares-Filipe Soares,
5,Ibrahima Camará,https://fbref.com/en/players/922f894e/Ibrahima-Camara,8,8,gn GUI,LM,21-239,8,7,0,1,6,0,0,7,0,0,,0,,4,3,0,0,0,0,0,0,5,0,https://fbref.com/en/players/922f894e/Ibrahima-Camara-Ibrahima Camará,
6,Fábio Pacheco,https://fbref.com/en/players/b74fb61f/Fabio-Pacheco,6,6,pt POR,CM,32-117,90,51,5,22,22,7,0,51,0,0,,0,,29,82,10,0,0,0,2,1,31,0,https://fbref.com/en/players/b74fb61f/Fabio-Pacheco-Fábio Pacheco,
7,Alexandre Miguel Barros Soares,https://fbref.com/en/players/ba0aead1/Alexandre-Miguel-Barros-Soares,26,26,pt POR,RM,29-203,88,31,0,14,12,7,1,31,1,1,100.0,0,0.0,17,66,19,1,0,0,1,0,14,3,https://fbref.com/en/players/ba0aead1/Alexandre-Miguel-Barros-Soares-Alexandre Miguel Barros Soares,
8,Gonçalo Franco,https://fbref.com/en/players/9029d5f2/Goncalo-Franco,88,88,pt POR,RM,19-308,2,6,1,2,4,0,0,6,0,0,,0,,2,11,5,0,0,0,0,0,2,1,https://fbref.com/en/players/9029d5f2/Goncalo-Franco-Gonçalo Franco,
9,Pedro Amador,https://fbref.com/en/players/00dad262/Pedro-Amador,81,81,pt POR,LB,21-277,90,68,3,28,32,9,1,68,2,0,0.0,2,100.0,29,146,31,1,0,0,2,1,31,2,https://fbref.com/en/players/00dad262/Pedro-Amador-Pedro Amador,
10,Steven Vitória,https://fbref.com/en/players/9bc450e6/Steven-Vitoria,19,19,ca CAN,CB,33-253,90,60,8,31,27,2,1,60,0,0,,0,,39,159,104,0,0,0,0,0,44,0,https://fbref.com/en/players/9bc450e6/Steven-Vitoria-Steven Vitória,
11,Lazar Rosić,https://fbref.com/en/players/3c285843/Lazar-Rosic,3,3,rs SRB,CB,27-083,90,62,14,42,20,0,0,62,0,0,,0,,40,121,62,0,0,0,0,0,34,0,https://fbref.com/en/players/3c285843/Lazar-Rosic-Lazar Rosić,
12,Anthony D'Alberto,https://fbref.com/en/players/98684b0c/Anthony-DAlberto,2,2,be BEL,RB,25-343,82,56,4,20,28,8,0,56,1,0,0.0,1,100.0,24,166,72,1,3,0,1,0,24,4,https://fbref.com/en/players/98684b0c/Anthony-DAlberto-Anthony D'Alberto,
13,Matheus Silva,https://fbref.com/en/players/79ccb6eb/Matheus-Silva,13,13,br BRA,RB,22-353,8,7,0,2,3,2,1,7,0,0,,0,,5,11,2,0,0,0,0,0,5,1,https://fbref.com/en/players/79ccb6eb/Matheus-Silva-Matheus Silva,
14,Mateus Pasinato,https://fbref.com/en/players/f16f9b47/Mateus-Pasinato,14,14,br BRA,GK,28-084,90,45,37,45,0,0,0,45,0,0,,0,,25,104,60,0,0,0,0,0,18,0,https://fbref.com/en/players/f16f9b47/Mateus-Pasinato-Mateus Pasinato,
