,Player Name,Player Number,Player,#,Nation,Pos,Age,Min,Gls,Ast,PK,PKatt,Sh,SoT,CrdY,CrdR,Touches,Tkl,Int,Blocks,xG,npxG,xAG,SCA,GCA,Cmp,Att,Cmp%,PrgP,Carries,PrgC,Att,Succ,Player Key,Player Link
0,Fábio Abreu,https://fbref.com/en/players/1b138544/Fabio-Abreu,9,9,ao ANG,FW,27-235,90,1,0,0,0,3,1,1,0,24,0,0,0,1.0,1.0,0.0,1,1,8,11,72.7,2,15,1,1,0,https://fbref.com/en/players/1b138544/Fabio-Abreu-Fábio Abreu,
1,Lucas,https://fbref.com/en/players/7a3d0687/Lucas,11,11,br BRA,LW,21-024,71,0,0,0,0,0,0,0,0,20,3,1,1,0.0,0.0,0.5,3,0,6,9,66.7,1,13,1,2,1,https://fbref.com/en/players/7a3d0687/Lucas-Lucas,
2,Felipe Pires,https://fbref.com/en/players/2cd3d3ce/Felipe-Pires,10,10,br BRA,LW,25-155,19,0,0,0,0,1,0,0,0,14,0,0,0,0.0,0.0,0.0,2,0,6,9,66.7,3,6,2,0,0,https://fbref.com/en/players/2cd3d3ce/Felipe-Pires-Felipe Pires,
3,Pedro Nuno,https://fbref.com/en/players/efb9975c/Pedro-Nuno,27,27,pt POR,RW,25-251,90,1,0,0,0,5,4,0,0,47,0,0,0,0.9,0.9,0.1,4,0,23,33,69.7,6,28,1,3,0,https://fbref.com/en/players/efb9975c/Pedro-Nuno-Pedro Nuno,
4,Filipe Soares,https://fbref.com/en/players/c6a3b58d/Filipe-Soares,21,21,pt POR,LM,21-123,82,0,1,0,0,1,0,0,0,38,0,1,0,0.1,0.1,0.5,5,1,20,31,64.5,3,29,2,4,3,https://fbref.com/en/players/c6a3b58d/Filipe-Soares-Filipe Soares,
5,Ibrahima Camará,https://fbref.com/en/players/922f894e/Ibrahima-Camara,8,8,gn GUI,LM,21-239,8,0,0,0,0,0,0,0,0,7,0,1,0,0.0,0.0,0.0,0,0,5,6,83.3,0,4,0,0,0,https://fbref.com/en/players/922f894e/Ibrahima-Camara-Ibrahima Camará,
6,Fábio Pacheco,https://fbref.com/en/players/b74fb61f/Fabio-Pacheco,6,6,pt POR,CM,32-117,90,0,0,0,0,1,0,0,0,51,6,2,0,0.0,0.0,0.0,1,0,32,36,88.9,5,29,0,0,0,https://fbref.com/en/players/b74fb61f/Fabio-Pacheco-Fábio Pacheco,
7,Alexandre Miguel Barros Soares,https://fbref.com/en/players/ba0aead1/Alexandre-Miguel-Barros-Soares,26,26,pt POR,RM,29-203,88,0,1,0,0,0,0,0,0,31,2,2,0,0.0,0.0,0.7,3,1,18,24,75.0,2,17,1,1,1,https://fbref.com/en/players/ba0aead1/Alexandre-Miguel-Barros-Soares-Alexandre Miguel Barros Soares,
8,Gonçalo Franco,https://fbref.com/en/players/9029d5f2/Goncalo-Franco,88,88,pt POR,RM,19-308,2,0,0,0,0,0,0,0,0,6,0,2,0,0.0,0.0,0.0,0,0,2,3,66.7,1,2,0,0,0,https://fbref.com/en/players/9029d5f2/Goncalo-Franco-Gonçalo Franco,
9,Pedro Amador,https://fbref.com/en/players/00dad262/Pedro-Amador,81,81,pt POR,LB,21-277,90,0,0,0,0,2,0,0,0,68,3,2,3,0.1,0.1,0.1,2,1,39,49,79.6,3,29,1,2,0,https://fbref.com/en/players/00dad262/Pedro-Amador-Pedro Amador,
10,Steven Vitória,https://fbref.com/en/players/9bc450e6/Steven-Vitoria,19,19,ca CAN,CB,33-253,90,0,0,0,0,1,0,0,0,60,0,0,0,0.1,0.1,0.0,1,0,43,55,78.2,3,39,0,0,0,https://fbref.com/en/players/9bc450e6/Steven-Vitoria-Steven Vitória,
11,Lazar Rosić,https://fbref.com/en/players/3c285843/Lazar-Rosic,3,3,rs SRB,CB,27-083,90,0,0,0,0,0,0,0,0,62,0,0,5,0.0,0.0,0.0,0,0,44,50,88.0,3,40,0,0,0,https://fbref.com/en/players/3c285843/Lazar-Rosic-Lazar Rosić,
12,Anthony D'Alberto,https://fbref.com/en/players/98684b0c/Anthony-DAlberto,2,2,be BEL,RB,25-343,82,0,0,0,0,0,0,1,0,56,1,2,2,0.0,0.0,0.0,1,0,34,44,77.3,5,24,1,1,0,https://fbref.com/en/players/98684b0c/Anthony-DAlberto-Anthony D'Alberto,
13,Matheus Silva,https://fbref.com/en/players/79ccb6eb/Matheus-Silva,13,13,br BRA,RB,22-353,8,0,0,0,0,0,0,0,0,7,0,0,0,0.0,0.0,0.0,0,0,3,6,50.0,0,5,0,0,0,https://fbref.com/en/players/79ccb6eb/Matheus-Silva-Matheus Silva,
14,Mateus Pasinato,https://fbref.com/en/players/f16f9b47/Mateus-Pasinato,14,14,br BRA,GK,28-084,90,0,0,0,0,0,0,0,0,45,0,0,0,0.0,0.0,0.0,1,0,28,45,62.2,0,25,0,0,0,https://fbref.com/en/players/f16f9b47/Mateus-Pasinato-Mateus Pasinato,
