,Minute,Player,Squad,xG,PSxG,Outcome,Distance,Body Part,Notes,SCA 1 Player,SCA 1 Event,SCA 2 Player,SCA 2 Event
0,2,Fábio Abreu,Moreirense,0.42,0.65,Goal,11,Right Foot,,Filipe Soares,Pass (Live),Pedro Amador,Pass (Live)
1,4,Pedro Nuno,Moreirense,0.03,,Off Target,25,Right Foot,,,,,
2,7,Cássio,Farense,0.07,,Blocked,9,Head,,Ryan Gauld,Pass (Dead),Braian Mansilla,Pass (Live)
3,20,Amine Oudrhiri,Farense,0.03,,Blocked,30,Right Foot,Volley,Alexandre Pinto,Pass (Dead),Fábio Alexandre da Silva Nunes,Pass (Live)
4,23,Steven Vitória,Moreirense,0.05,,Blocked,13,Head,,Pedro Nuno,Pass (Dead),Lucas,Fouled
5,27,Ryan Gauld,Farense,0.04,,Woodwork,17,Left Foot,,Ryan Gauld,Take-On,Burá,Pass (Dead)
6,28,Ryan Gauld,Farense,0.03,,Blocked,29,Left Foot,,Ryan Gauld,Tackle,Amine Oudrhiri,Pass (Live)
7,28,Pedro Nuno,Moreirense,0.03,0.06,Saved,27,Right Foot,,Filipe Soares,Pass (Live),Alexandre Miguel Barros Soares,Pass (Live)
8,29,Fábio Alexandre da Silva Nunes,Farense,0.04,,Blocked,21,Right Foot,,Cássio,Pass (Live),Burá,Pass (Live)
9,30,Jonatan Lucca,Farense,0.03,0.02,Saved,26,Right Foot,,Fábio Alexandre da Silva Nunes,Pass (Live),Jonatan Lucca,Pass (Live)
10,31,Ryan Gauld,Farense,0.10,0.15,Saved,8,Right Foot,,Fábio Alexandre da Silva Nunes,Pass (Live),Jonatan Lucca,Pass (Live)
11,35,Pedro Nuno,Moreirense,0.03,0.19,Saved,26,Right Foot,,Filipe Soares,Pass (Live),Pedro Nuno,Pass (Live)
12,39,Jonatan Lucca,Farense,0.05,,Off Target,18,Left Foot,Volley,Fabrício Isidoro,Pass (Live),Nikola Stojiljković,Pass (Live)
13,,,,,,,,,,,,,
14,48,Ryan Gauld,Farense,0.03,,Off Target,29,Right Foot,Volley,Jonatan Lucca,Pass (Dead),Fabrício Isidoro,Fouled
15,52,Pedro Amador,Moreirense,0.10,,Blocked,21,Left Foot,Free kick,,Fouled,Mateus Pasinato,Pass (Dead)
16,55,Pedro Nuno,Moreirense,0.75,0.94,Goal,3,Right Foot,,Alexandre Miguel Barros Soares,Pass (Live),Fábio Abreu,Pass (Live)
17,61,Filipe Soares,Moreirense,0.07,,Blocked,16,Right Foot,,Lucas,Pass (Live),Fábio Pacheco,Pass (Live)
18,61,Fábio Pacheco,Moreirense,0.03,,Off Target,29,Right Foot,,Filipe Soares,Shot,,
19,71,Fábio Abreu,Moreirense,0.43,,Off Target,13,Right Foot,,Lucas,Pass (Live),Filipe Soares,Pass (Live)
20,72,Álvarinho,Farense,0.03,,Off Target,30,Left Foot,,Miguel Bandarra,Pass (Live),Claudio Falcão,Pass (Live)
21,76,Pedro,Farense,0.04,,Blocked,15,Left Foot,Volley,Fábio Alexandre da Silva Nunes,Pass (Live),Fábio Alexandre da Silva Nunes,Take-On
22,77,Álvarinho,Farense,0.04,,Off Target,18,Left Foot,,Miguel Bandarra,Pass (Dead),Pedro,Shot
23,78,Amine Oudrhiri,Farense,0.08,,Blocked,11,Left Foot,Volley,Álvarinho,Shot,,
24,81,Felipe Pires,Moreirense,0.04,,Blocked,18,Right Foot,,Pedro Nuno,Pass (Live),Steven Vitória,Pass (Live)
25,83,Pedro Amador,Moreirense,0.03,,Off Target,26,Left Foot,,Anthony D'Alberto,Pass (Live),Alexandre Miguel Barros Soares,Pass (Live)
26,84,Fábio Abreu,Moreirense,0.12,,Off Target,7,Head,,Pedro Amador,Pass (Live),Pedro Nuno,Pass (Live)
27,88,Pedro Nuno,Moreirense,0.03,0.03,Saved,26,Right Foot,Volley,Felipe Pires,Pass (Dead),Felipe Pires,Pass (Live)
28,90+3,Claudio Falcão,Farense,0.04,,Off Target,15,Head,,Miguel Bandarra,Pass (Dead),Pedro,Fouled
