,Player Name,Player Number,Player,#,Nation,Pos,Age,Min,Att,Live,Dead,FK,TB,Sw,Crs,TI,CK,In,Out,Str,Cmp,Off,Blocks,Player Key,Player Link
0,Heriberto Tavares,https://fbref.com/en/players/2d9f280e/Heriberto-Tavares,91,91,pt POR,FW,24-008,65,17,17,0,0,0,0,5,0,0,0,0,0,10,0,0,https://fbref.com/en/players/2d9f280e/Heriberto-Tavares-Heriberto Tavares,
1,Jhonata Robert,https://fbref.com/en/players/45a50a30/Jhonata-Robert,11,11,br BRA,FW,21-124,25,14,13,1,0,0,0,1,0,1,1,0,0,12,0,0,https://fbref.com/en/players/45a50a30/Jhonata-Robert-Jhonata Robert,
2,Alexandre Guedes,https://fbref.com/en/players/3c19867d/Alexandre-Guedes,7,7,pt POR,FW,27-016,79,17,16,1,0,0,0,0,0,0,0,0,0,11,0,0,https://fbref.com/en/players/3c19867d/Alexandre-Guedes-Alexandre Guedes,
3,Anderson,https://fbref.com/en/players/faf30cda/Anderson,33,33,br BRA,FW,23-098,11,1,1,0,0,0,0,0,0,0,0,0,0,1,0,0,https://fbref.com/en/players/faf30cda/Anderson-Anderson,
4,Pedro Rodrigues,https://fbref.com/en/players/20df3aaf/Pedro-Rodrigues,88,88,pt POR,"CM,LM",23-283,90,71,70,1,1,0,2,1,0,0,0,0,0,65,0,1,https://fbref.com/en/players/20df3aaf/Pedro-Rodrigues-Pedro Rodrigues,
5,Gustavo Assuncao,https://fbref.com/en/players/065c8786/Gustavo-Assuncao,12,12,pt POR,CM,20-334,67,38,36,2,2,0,0,0,0,0,0,0,0,36,0,0,https://fbref.com/en/players/065c8786/Gustavo-Assuncao-Gustavo Assuncao,
6,Carlos Valenzuela,https://fbref.com/en/players/d08df77c/Carlos-Valenzuela,22,22,ar ARG,CM,23-311,23,9,7,2,0,0,0,2,0,2,2,0,0,6,0,0,https://fbref.com/en/players/d08df77c/Carlos-Valenzuela-Carlos Valenzuela,
7,Manuel Ugarte Ribeiro,https://fbref.com/en/players/c9817014/Manuel-Ugarte-Ribeiro,8,8,uy URU,CM,19-322,79,33,32,1,1,0,1,1,0,0,0,0,0,27,0,0,https://fbref.com/en/players/c9817014/Manuel-Ugarte-Ribeiro-Manuel Ugarte Ribeiro,
8,Andrija Luković,https://fbref.com/en/players/7cce7822/Andrija-Lukovic,20,20,rs SRB,CM,26-126,11,12,11,1,1,0,0,1,0,0,0,0,0,8,0,0,https://fbref.com/en/players/7cce7822/Andrija-Lukovic-Andrija Luković,
9,Rúben Vinagre,https://fbref.com/en/players/b937e490/Ruben-Vinagre,19,19,pt POR,"WB,LB",21-324,90,45,30,15,1,0,0,4,12,2,0,1,0,38,0,1,https://fbref.com/en/players/b937e490/Ruben-Vinagre-Rúben Vinagre,
10,Diogo Figueiras,https://fbref.com/en/players/3e587547/Diogo-Figueiras,90,90,pt POR,"WB,RB",29-241,90,59,48,11,1,0,0,5,10,0,0,0,0,42,0,2,https://fbref.com/en/players/3e587547/Diogo-Figueiras-Diogo Figueiras,
11,Srđan Babić,https://fbref.com/en/players/075fe5a3/Srdjan-Babic,3,3,rs SRB,CB,24-311,58,35,35,0,0,1,1,0,0,0,0,0,0,30,0,0,https://fbref.com/en/players/075fe5a3/Srdjan-Babic-Srđan Babić,
12,Gil Bastião Dias,https://fbref.com/en/players/e61bdd69/Gil-Bastiao-Dias,28,28,pt POR,RM,24-152,32,18,18,0,0,0,0,0,0,0,0,0,0,16,0,1,https://fbref.com/en/players/e61bdd69/Gil-Bastiao-Dias-Gil Bastião Dias,
13,Diogo Queirós,https://fbref.com/en/players/27ea1df6/Diogo-Queiros,23,23,pt POR,CB,22-053,90,66,65,1,1,0,2,1,0,0,0,0,0,61,0,0,https://fbref.com/en/players/27ea1df6/Diogo-Queiros-Diogo Queirós,
14,Patrick,https://fbref.com/en/players/e857a755/Patrick,97,97,br BRA,CB,23-269,90,75,69,6,6,0,4,0,0,0,0,0,0,67,0,0,https://fbref.com/en/players/e857a755/Patrick-Patrick,
15,Luiz Lúcio Reis Júnior,https://fbref.com/en/players/d0530e29/Luiz-Lucio-Reis-Junior,31,31,br BRA,GK,20-044,90,21,13,8,1,0,0,0,0,0,0,0,0,16,0,1,https://fbref.com/en/players/d0530e29/Luiz-Lucio-Reis-Junior-Luiz Lúcio Reis Júnior,
