,Player Name,Player Number,Player,#,Nation,Pos,Age,Min,CrdY,CrdR,2CrdY,Fls,Fld,Off,Crs,Int,TklW,PKwon,PKcon,OG,Recov,Won,Lost,Won%,Player Key,Player Link
0,Heriberto Tavares,https://fbref.com/en/players/2d9f280e/Heriberto-Tavares,91,91,pt POR,FW,24-008,65,0,0,0,0,0,0,5,0,0,0,0,0,0,0,1,0.0,https://fbref.com/en/players/2d9f280e/Heriberto-Tavares-Heriberto Tavares,
1,Jhonata Robert,https://fbref.com/en/players/45a50a30/Jhonata-Robert,11,11,br BRA,FW,21-124,25,0,0,0,1,0,0,1,0,1,0,0,0,2,0,0,,https://fbref.com/en/players/45a50a30/Jhonata-Robert-Jhonata Robert,
2,Alexandre Guedes,https://fbref.com/en/players/3c19867d/Alexandre-Guedes,7,7,pt POR,FW,27-016,79,0,0,0,1,3,0,0,0,0,0,0,0,5,2,1,66.7,https://fbref.com/en/players/3c19867d/Alexandre-Guedes-Alexandre Guedes,
3,Anderson,https://fbref.com/en/players/faf30cda/Anderson,33,33,br BRA,FW,23-098,11,0,0,0,2,1,0,0,0,0,0,0,0,1,0,0,,https://fbref.com/en/players/faf30cda/Anderson-Anderson,
4,Pedro Rodrigues,https://fbref.com/en/players/20df3aaf/Pedro-Rodrigues,88,88,pt POR,"CM,LM",23-283,90,0,0,0,1,2,0,1,0,0,0,0,0,2,0,1,0.0,https://fbref.com/en/players/20df3aaf/Pedro-Rodrigues-Pedro Rodrigues,
5,Gustavo Assuncao,https://fbref.com/en/players/065c8786/Gustavo-Assuncao,12,12,pt POR,CM,20-334,67,0,0,0,0,0,0,0,3,0,0,0,0,1,0,3,0.0,https://fbref.com/en/players/065c8786/Gustavo-Assuncao-Gustavo Assuncao,
6,Carlos Valenzuela,https://fbref.com/en/players/d08df77c/Carlos-Valenzuela,22,22,ar ARG,CM,23-311,23,0,0,0,1,0,0,2,1,0,0,0,0,0,0,1,0.0,https://fbref.com/en/players/d08df77c/Carlos-Valenzuela-Carlos Valenzuela,
7,Manuel Ugarte Ribeiro,https://fbref.com/en/players/c9817014/Manuel-Ugarte-Ribeiro,8,8,uy URU,CM,19-322,79,1,0,0,4,3,0,1,1,0,0,0,0,2,1,0,100.0,https://fbref.com/en/players/c9817014/Manuel-Ugarte-Ribeiro-Manuel Ugarte Ribeiro,
8,Andrija Luković,https://fbref.com/en/players/7cce7822/Andrija-Lukovic,20,20,rs SRB,CM,26-126,11,0,0,0,1,0,0,1,0,0,0,0,0,0,3,0,100.0,https://fbref.com/en/players/7cce7822/Andrija-Lukovic-Andrija Luković,
9,Rúben Vinagre,https://fbref.com/en/players/b937e490/Ruben-Vinagre,19,19,pt POR,"WB,LB",21-324,90,0,0,0,2,3,0,4,1,0,0,0,0,4,0,1,0.0,https://fbref.com/en/players/b937e490/Ruben-Vinagre-Rúben Vinagre,
10,Diogo Figueiras,https://fbref.com/en/players/3e587547/Diogo-Figueiras,90,90,pt POR,"WB,RB",29-241,90,0,0,0,0,1,0,5,0,1,0,0,0,5,0,0,,https://fbref.com/en/players/3e587547/Diogo-Figueiras-Diogo Figueiras,
11,Srđan Babić,https://fbref.com/en/players/075fe5a3/Srdjan-Babic,3,3,rs SRB,CB,24-311,58,0,0,0,2,1,0,0,0,0,0,0,0,1,1,0,100.0,https://fbref.com/en/players/075fe5a3/Srdjan-Babic-Srđan Babić,
12,Gil Bastião Dias,https://fbref.com/en/players/e61bdd69/Gil-Bastiao-Dias,28,28,pt POR,RM,24-152,32,1,0,0,1,1,0,0,0,0,0,0,0,0,1,1,50.0,https://fbref.com/en/players/e61bdd69/Gil-Bastiao-Dias-Gil Bastião Dias,
13,Diogo Queirós,https://fbref.com/en/players/27ea1df6/Diogo-Queiros,23,23,pt POR,CB,22-053,90,0,0,0,1,0,0,1,0,0,0,0,0,4,2,1,66.7,https://fbref.com/en/players/27ea1df6/Diogo-Queiros-Diogo Queirós,
14,Patrick,https://fbref.com/en/players/e857a755/Patrick,97,97,br BRA,CB,23-269,90,0,0,0,1,1,0,0,1,0,0,0,0,4,1,2,33.3,https://fbref.com/en/players/e857a755/Patrick-Patrick,
15,Luiz Lúcio Reis Júnior,https://fbref.com/en/players/d0530e29/Luiz-Lucio-Reis-Junior,31,31,br BRA,GK,20-044,90,0,0,0,0,0,0,0,0,0,0,0,0,1,0,0,,https://fbref.com/en/players/d0530e29/Luiz-Lucio-Reis-Junior-Luiz Lúcio Reis Júnior,
