,Player Name,Player Number,Player,#,Nation,Pos,Age,Min,Touches,Def Pen,Def 3rd,Mid 3rd,Att 3rd,Att Pen,Live,Att,Succ,Succ%,Tkld,Tkld%,Carries,TotDist,PrgDist,PrgC,1/3,CPA,Mis,Dis,Rec,PrgR,Player Key,Player Link
0,Heriberto Tavares,https://fbref.com/en/players/2d9f280e/Heriberto-Tavares,91,91,pt POR,FW,24-008,65,20,0,0,4,16,1,20,2,1,50.0,1,50.0,11,64,17,0,0,0,0,0,16,4,https://fbref.com/en/players/2d9f280e/Heriberto-Tavares-Heriberto Tavares,
1,Jhonata Robert,https://fbref.com/en/players/45a50a30/Jhonata-Robert,11,11,br BRA,FW,21-124,25,17,0,0,3,14,0,17,1,0,0.0,1,100.0,10,42,22,0,1,0,0,0,12,5,https://fbref.com/en/players/45a50a30/Jhonata-Robert-Jhonata Robert,
2,Alexandre Guedes,https://fbref.com/en/players/3c19867d/Alexandre-Guedes,7,7,pt POR,FW,27-016,79,27,3,4,17,6,2,27,1,0,0.0,1,100.0,8,25,3,0,0,0,2,0,15,3,https://fbref.com/en/players/3c19867d/Alexandre-Guedes-Alexandre Guedes,
3,Anderson,https://fbref.com/en/players/faf30cda/Anderson,33,33,br BRA,FW,23-098,11,2,0,0,1,2,0,2,2,2,100.0,0,0.0,1,25,19,1,1,0,0,0,2,0,https://fbref.com/en/players/faf30cda/Anderson-Anderson,
4,Pedro Rodrigues,https://fbref.com/en/players/20df3aaf/Pedro-Rodrigues,88,88,pt POR,"CM,LM",23-283,90,77,3,13,44,21,1,77,1,1,100.0,0,0.0,48,207,129,1,1,0,0,0,67,3,https://fbref.com/en/players/20df3aaf/Pedro-Rodrigues-Pedro Rodrigues,
5,Gustavo Assuncao,https://fbref.com/en/players/065c8786/Gustavo-Assuncao,12,12,pt POR,CM,20-334,67,45,6,15,27,3,0,45,0,0,,0,,25,136,64,1,0,0,0,0,33,0,https://fbref.com/en/players/065c8786/Gustavo-Assuncao-Gustavo Assuncao,
6,Carlos Valenzuela,https://fbref.com/en/players/d08df77c/Carlos-Valenzuela,22,22,ar ARG,CM,23-311,23,15,0,1,5,9,1,15,1,0,0.0,1,100.0,9,33,5,0,0,0,0,1,9,3,https://fbref.com/en/players/d08df77c/Carlos-Valenzuela-Carlos Valenzuela,
7,Manuel Ugarte Ribeiro,https://fbref.com/en/players/c9817014/Manuel-Ugarte-Ribeiro,8,8,uy URU,CM,19-322,79,41,5,12,19,13,1,41,5,3,60.0,2,40.0,21,127,78,1,1,0,0,1,29,1,https://fbref.com/en/players/c9817014/Manuel-Ugarte-Ribeiro-Manuel Ugarte Ribeiro,
8,Andrija Luković,https://fbref.com/en/players/7cce7822/Andrija-Lukovic,20,20,rs SRB,CM,26-126,11,11,0,2,5,4,0,11,0,0,,0,,7,41,14,1,0,0,0,0,7,0,https://fbref.com/en/players/7cce7822/Andrija-Lukovic-Andrija Luković,
9,Rúben Vinagre,https://fbref.com/en/players/b937e490/Ruben-Vinagre,19,19,pt POR,"WB,LB",21-324,90,55,3,17,19,21,1,55,6,6,100.0,0,0.0,27,187,111,2,3,0,2,0,31,8,https://fbref.com/en/players/b937e490/Ruben-Vinagre-Rúben Vinagre,
10,Diogo Figueiras,https://fbref.com/en/players/3e587547/Diogo-Figueiras,90,90,pt POR,"WB,RB",29-241,90,65,2,20,14,32,2,65,0,0,,0,,38,204,120,3,4,0,1,0,43,13,https://fbref.com/en/players/3e587547/Diogo-Figueiras-Diogo Figueiras,
11,Srđan Babić,https://fbref.com/en/players/075fe5a3/Srdjan-Babic,3,3,rs SRB,CB,24-311,58,39,5,21,17,1,0,39,1,1,100.0,0,0.0,17,96,68,0,1,0,0,0,28,0,https://fbref.com/en/players/075fe5a3/Srdjan-Babic-Srđan Babić,
12,Gil Bastião Dias,https://fbref.com/en/players/e61bdd69/Gil-Bastiao-Dias,28,28,pt POR,RM,24-152,32,24,0,0,4,20,2,24,3,1,33.3,2,66.7,14,92,39,2,0,1,1,0,22,9,https://fbref.com/en/players/e61bdd69/Gil-Bastiao-Dias-Gil Bastião Dias,
13,Diogo Queirós,https://fbref.com/en/players/27ea1df6/Diogo-Queiros,23,23,pt POR,CB,22-053,90,74,15,33,32,9,0,74,0,0,,0,,41,333,219,2,2,0,0,0,59,0,https://fbref.com/en/players/27ea1df6/Diogo-Queiros-Diogo Queirós,
14,Patrick,https://fbref.com/en/players/e857a755/Patrick,97,97,br BRA,CB,23-269,90,83,8,37,46,0,0,83,2,1,50.0,1,50.0,53,330,225,0,0,0,0,0,61,1,https://fbref.com/en/players/e857a755/Patrick-Patrick,
15,Luiz Lúcio Reis Júnior,https://fbref.com/en/players/d0530e29/Luiz-Lucio-Reis-Junior,31,31,br BRA,GK,20-044,90,22,21,22,0,0,0,22,0,0,,0,,12,48,30,0,0,0,0,0,8,0,https://fbref.com/en/players/d0530e29/Luiz-Lucio-Reis-Junior-Luiz Lúcio Reis Júnior,
