,Player Name,Player Number,Player,#,Nation,Pos,Age,Min,Touches,Def Pen,Def 3rd,Mid 3rd,Att 3rd,Att Pen,Live,Att,Succ,Succ%,Tkld,Tkld%,Carries,TotDist,PrgDist,PrgC,1/3,CPA,Mis,Dis,Rec,PrgR,Player Key,Player Link
0,Pedro,https://fbref.com/en/players/17758df6/Pedro,96,96,br BRA,"FW,LW",24-111,74,20,0,3,5,13,4,20,0,0,,0,,9,50,27,1,0,0,1,0,12,4,https://fbref.com/en/players/17758df6/Pedro-Pedro,
1,Fabrício Isidoro,https://fbref.com/en/players/b70ca4b5/Fabricio-Isidoro,14,14,br BRA,LW,29-030,16,6,0,3,1,2,1,6,0,0,,0,,5,15,4,1,0,1,0,0,5,1,https://fbref.com/en/players/b70ca4b5/Fabricio-Isidoro-Fabrício Isidoro,
2,Braian Mansilla,https://fbref.com/en/players/e4c37819/Braian-Mansilla,11,11,ar ARG,LW,23-317,52,26,0,0,13,14,3,26,4,3,75.0,1,25.0,15,161,40,1,4,0,2,1,15,5,https://fbref.com/en/players/e4c37819/Braian-Mansilla-Braian Mansilla,
3,Cássio,https://fbref.com/en/players/36334180/Cassio,41,41,br BRA,CB,27-055,38,11,5,10,1,0,0,11,0,0,,0,,2,3,0,0,0,0,0,0,2,0,https://fbref.com/en/players/36334180/Cassio-Cássio,
4,Licá,https://fbref.com/en/players/41d84fed/Lica,88,88,pt POR,RW,32-172,90,20,2,3,3,14,6,20,0,0,,0,,14,103,37,3,0,1,1,0,14,2,https://fbref.com/en/players/41d84fed/Lica-Licá,
5,Ryan Gauld,https://fbref.com/en/players/862e93c2/Ryan-Gauld,23,23,sct SCO,AM,25-073,90,27,0,4,8,15,3,27,0,0,,0,,17,96,42,1,2,0,4,2,17,4,https://fbref.com/en/players/862e93c2/Ryan-Gauld-Ryan Gauld,
6,Jonatan Lucca,https://fbref.com/en/players/b04f4533/Jonatan-Lucca,47,47,br BRA,DM,26-270,89,36,1,5,21,10,1,36,0,0,,0,,13,78,52,2,0,0,1,1,20,0,https://fbref.com/en/players/b04f4533/Jonatan-Lucca-Jonatan Lucca,
7,Bilel Aouacheria,https://fbref.com/en/players/77bbc5b1/Bilel-Aouacheria,26,26,fr FRA,DM,26-331,1,3,0,1,0,2,0,3,0,0,,0,,0,0,0,0,0,0,0,0,0,0,https://fbref.com/en/players/77bbc5b1/Bilel-Aouacheria-Bilel Aouacheria,
8,Amine Oudrhiri,https://fbref.com/en/players/49c9c79a/Amine-Oudrhiri,5,5,ma MAR,DM,28-115,90,33,0,10,18,5,0,33,1,1,100.0,0,0.0,20,88,51,1,0,0,0,0,25,0,https://fbref.com/en/players/49c9c79a/Amine-Oudrhiri-Amine Oudrhiri,
9,Fábio Alexandre da Silva Nunes,https://fbref.com/en/players/7cfc2860/Fabio-Alexandre-da-Silva-Nunes,92,92,pt POR,LB,28-218,90,52,4,15,31,7,0,52,1,1,100.0,0,0.0,23,170,117,4,2,0,1,0,22,1,https://fbref.com/en/players/7cfc2860/Fabio-Alexandre-da-Silva-Nunes-Fábio Alexandre da Silva Nunes,
10,Eduardo Mancha,https://fbref.com/en/players/56e74f66/Eduardo-Mancha,95,95,br BRA,CB,25-095,90,40,3,22,15,4,3,40,0,0,,0,,20,106,53,1,0,0,1,0,21,0,https://fbref.com/en/players/56e74f66/Eduardo-Mancha-Eduardo Mancha,
11,André Almeida Pinto,https://fbref.com/en/players/ba6e52b0/Andre-Almeida-Pinto,25,25,pt POR,CB,31-145,49,32,1,23,8,1,1,32,0,0,,0,,21,83,49,0,0,0,0,0,26,0,https://fbref.com/en/players/ba6e52b0/Andre-Almeida-Pinto-André Almeida Pinto,
12,Tomás Tavares,https://fbref.com/en/players/0dce3356/Tomas-Tavares,84,84,pt POR,RB,19-357,90,46,2,11,22,15,0,46,1,1,100.0,0,0.0,27,136,90,0,0,0,0,0,26,3,https://fbref.com/en/players/0dce3356/Tomas-Tavares-Tomás Tavares,
13,Rafael Defendi,https://fbref.com/en/players/317d3e7b/Rafael-Defendi,12,12,br BRA,GK,37-067,90,34,26,34,0,0,0,34,0,0,,0,,16,118,89,0,0,0,0,0,7,0,https://fbref.com/en/players/317d3e7b/Rafael-Defendi-Rafael Defendi,
