,Player Name,Player Number,Player,#,Nation,Pos,Age,Min,Gls,Ast,PK,PKatt,Sh,SoT,CrdY,CrdR,Touches,Tkl,Int,Blocks,xG,npxG,xAG,SCA,GCA,Cmp,Att,Cmp%,PrgP,Carries,PrgC,Att,Succ,Player Key,Player Link
0,Pedro,https://fbref.com/en/players/17758df6/Pedro,96,96,br BRA,"FW,LW",24-111,74,0,0,0,0,1,0,0,0,20,1,1,1,0.1,0.1,0.0,4,0,7,14,50.0,1,9,1,0,0,https://fbref.com/en/players/17758df6/Pedro-Pedro,
1,Fabrício Isidoro,https://fbref.com/en/players/b70ca4b5/Fabricio-Isidoro,14,14,br BRA,LW,29-030,16,0,0,0,0,0,0,1,0,6,0,0,0,0.0,0.0,0.0,0,0,1,4,25.0,0,5,1,0,0,https://fbref.com/en/players/b70ca4b5/Fabricio-Isidoro-Fabrício Isidoro,
2,Braian Mansilla,https://fbref.com/en/players/e4c37819/Braian-Mansilla,11,11,ar ARG,LW,23-317,52,0,0,0,0,2,0,0,0,26,3,1,0,0.1,0.1,0.0,0,0,7,14,50.0,0,15,1,4,3,https://fbref.com/en/players/e4c37819/Braian-Mansilla-Braian Mansilla,
3,Cássio,https://fbref.com/en/players/36334180/Cassio,41,41,br BRA,CB,27-055,38,0,0,0,0,0,0,0,0,11,0,1,2,0.0,0.0,0.0,0,0,3,4,75.0,0,2,0,0,0,https://fbref.com/en/players/36334180/Cassio-Cássio,
4,Licá,https://fbref.com/en/players/41d84fed/Lica,88,88,pt POR,RW,32-172,90,0,0,0,0,2,0,0,0,20,0,0,0,0.1,0.1,0.1,2,0,9,14,64.3,1,14,3,0,0,https://fbref.com/en/players/41d84fed/Lica-Licá,
5,Ryan Gauld,https://fbref.com/en/players/862e93c2/Ryan-Gauld,23,23,sct SCO,AM,25-073,90,0,0,0,0,1,0,1,0,27,1,0,0,0.0,0.0,0.2,5,0,12,16,75.0,3,17,1,0,0,https://fbref.com/en/players/862e93c2/Ryan-Gauld-Ryan Gauld,
6,Jonatan Lucca,https://fbref.com/en/players/b04f4533/Jonatan-Lucca,47,47,br BRA,DM,26-270,89,0,0,0,0,2,1,1,0,36,2,2,0,0.1,0.1,0.1,2,0,21,28,75.0,6,13,2,0,0,https://fbref.com/en/players/b04f4533/Jonatan-Lucca-Jonatan Lucca,
7,Bilel Aouacheria,https://fbref.com/en/players/77bbc5b1/Bilel-Aouacheria,26,26,fr FRA,DM,26-331,1,0,0,0,0,0,0,0,0,3,1,0,1,0.0,0.0,0.0,0,0,1,1,100.0,0,0,0,0,0,https://fbref.com/en/players/77bbc5b1/Bilel-Aouacheria-Bilel Aouacheria,
8,Amine Oudrhiri,https://fbref.com/en/players/49c9c79a/Amine-Oudrhiri,5,5,ma MAR,DM,28-115,90,0,0,0,0,0,0,0,0,33,0,0,1,0.0,0.0,0.0,1,0,27,32,84.4,1,20,1,1,1,https://fbref.com/en/players/49c9c79a/Amine-Oudrhiri-Amine Oudrhiri,
9,Fábio Alexandre da Silva Nunes,https://fbref.com/en/players/7cfc2860/Fabio-Alexandre-da-Silva-Nunes,92,92,pt POR,LB,28-218,90,0,0,0,0,0,0,0,0,52,1,4,2,0.0,0.0,0.0,1,0,27,41,65.9,2,23,4,1,1,https://fbref.com/en/players/7cfc2860/Fabio-Alexandre-da-Silva-Nunes-Fábio Alexandre da Silva Nunes,
10,Eduardo Mancha,https://fbref.com/en/players/56e74f66/Eduardo-Mancha,95,95,br BRA,CB,25-095,90,0,0,0,0,1,0,0,0,40,1,2,0,0.0,0.0,0.0,1,0,21,32,65.6,0,20,1,0,0,https://fbref.com/en/players/56e74f66/Eduardo-Mancha-Eduardo Mancha,
11,André Almeida Pinto,https://fbref.com/en/players/ba6e52b0/Andre-Almeida-Pinto,25,25,pt POR,CB,31-145,49,0,0,0,0,0,0,2,1,32,0,0,0,0.0,0.0,0.0,0,0,22,30,73.3,0,21,0,0,0,https://fbref.com/en/players/ba6e52b0/Andre-Almeida-Pinto-André Almeida Pinto,
12,Tomás Tavares,https://fbref.com/en/players/0dce3356/Tomas-Tavares,84,84,pt POR,RB,19-357,90,0,0,0,0,1,0,1,0,46,1,2,1,0.0,0.0,0.0,1,0,35,41,85.4,6,27,0,1,1,https://fbref.com/en/players/0dce3356/Tomas-Tavares-Tomás Tavares,
13,Rafael Defendi,https://fbref.com/en/players/317d3e7b/Rafael-Defendi,12,12,br BRA,GK,37-067,90,0,0,0,0,0,0,0,0,34,0,0,0,0.0,0.0,0.0,1,0,24,33,72.7,0,16,0,0,0,https://fbref.com/en/players/317d3e7b/Rafael-Defendi-Rafael Defendi,
