,Player Name,Player Number,Player,#,Nation,Pos,Age,Min,CrdY,CrdR,2CrdY,Fls,Fld,Off,Crs,Int,TklW,PKwon,PKcon,OG,Recov,Won,Lost,Won%,Player Key,Player Link
0,Pedro,https://fbref.com/en/players/17758df6/Pedro,96,96,br BRA,"FW,LW",24-111,74,0,0,0,1,3,0,1,1,1,0,0,0,3,4,1,80.0,https://fbref.com/en/players/17758df6/Pedro-Pedro,
1,Fabrício Isidoro,https://fbref.com/en/players/b70ca4b5/Fabricio-Isidoro,14,14,br BRA,LW,29-030,16,1,0,0,1,2,0,0,0,0,0,0,0,0,1,0,100.0,https://fbref.com/en/players/b70ca4b5/Fabricio-Isidoro-Fabrício Isidoro,
2,Braian Mansilla,https://fbref.com/en/players/e4c37819/Braian-Mansilla,11,11,ar ARG,LW,23-317,52,0,0,0,2,0,0,4,1,2,0,0,0,2,0,0,,https://fbref.com/en/players/e4c37819/Braian-Mansilla-Braian Mansilla,
3,Cássio,https://fbref.com/en/players/36334180/Cassio,41,41,br BRA,CB,27-055,38,0,0,0,1,0,0,0,1,0,0,0,0,0,0,1,0.0,https://fbref.com/en/players/36334180/Cassio-Cássio,
4,Licá,https://fbref.com/en/players/41d84fed/Lica,88,88,pt POR,RW,32-172,90,0,0,0,2,2,1,1,0,0,0,0,0,2,0,1,0.0,https://fbref.com/en/players/41d84fed/Lica-Licá,
5,Ryan Gauld,https://fbref.com/en/players/862e93c2/Ryan-Gauld,23,23,sct SCO,AM,25-073,90,1,0,0,3,1,0,3,0,1,0,0,0,4,0,2,0.0,https://fbref.com/en/players/862e93c2/Ryan-Gauld-Ryan Gauld,
6,Jonatan Lucca,https://fbref.com/en/players/b04f4533/Jonatan-Lucca,47,47,br BRA,DM,26-270,89,1,0,0,1,0,0,4,2,2,0,0,0,2,4,2,66.7,https://fbref.com/en/players/b04f4533/Jonatan-Lucca-Jonatan Lucca,
7,Bilel Aouacheria,https://fbref.com/en/players/77bbc5b1/Bilel-Aouacheria,26,26,fr FRA,DM,26-331,1,0,0,0,0,1,0,0,0,1,0,0,0,0,0,0,,https://fbref.com/en/players/77bbc5b1/Bilel-Aouacheria-Bilel Aouacheria,
8,Amine Oudrhiri,https://fbref.com/en/players/49c9c79a/Amine-Oudrhiri,5,5,ma MAR,DM,28-115,90,0,0,0,1,1,0,0,0,0,0,0,0,2,0,0,,https://fbref.com/en/players/49c9c79a/Amine-Oudrhiri-Amine Oudrhiri,
9,Fábio Alexandre da Silva Nunes,https://fbref.com/en/players/7cfc2860/Fabio-Alexandre-da-Silva-Nunes,92,92,pt POR,LB,28-218,90,0,0,0,2,3,0,1,4,0,0,0,0,4,1,1,50.0,https://fbref.com/en/players/7cfc2860/Fabio-Alexandre-da-Silva-Nunes-Fábio Alexandre da Silva Nunes,
10,Eduardo Mancha,https://fbref.com/en/players/56e74f66/Eduardo-Mancha,95,95,br BRA,CB,25-095,90,0,0,0,0,2,0,0,2,1,0,0,0,6,0,1,0.0,https://fbref.com/en/players/56e74f66/Eduardo-Mancha-Eduardo Mancha,
11,André Almeida Pinto,https://fbref.com/en/players/ba6e52b0/Andre-Almeida-Pinto,25,25,pt POR,CB,31-145,49,2,1,1,2,0,0,0,0,0,0,0,0,0,2,2,50.0,https://fbref.com/en/players/ba6e52b0/Andre-Almeida-Pinto-André Almeida Pinto,
12,Tomás Tavares,https://fbref.com/en/players/0dce3356/Tomas-Tavares,84,84,pt POR,RB,19-357,90,1,0,0,0,2,0,3,2,1,0,0,0,5,0,0,,https://fbref.com/en/players/0dce3356/Tomas-Tavares-Tomás Tavares,
13,Rafael Defendi,https://fbref.com/en/players/317d3e7b/Rafael-Defendi,12,12,br BRA,GK,37-067,90,0,0,0,0,0,0,0,0,0,0,0,0,2,0,0,,https://fbref.com/en/players/317d3e7b/Rafael-Defendi-Rafael Defendi,
