,Minute,Player,Squad,xG,PSxG,Outcome,Distance,Body Part,Notes,SCA 1 Player,SCA 1 Event,SCA 2 Player,SCA 2 Event
0,5,Tomás Tavares,Farense,0.03,,Blocked,25,Right Foot,,Amine Oudrhiri,Pass (Live),Jonatan Lucca,Pass (Dead)
1,18,Jonatan Lucca,Farense,0.05,,Off Target,31,Right Foot,Free kick,Pedro,Fouled,,
2,27,Braian Mansilla,Farense,0.04,,Off Target,17,Right Foot,,Eduardo Mancha,Pass (Live),Tomás Tavares,Pass (Live)
3,33,Heriberto Tavares,Famalicão,0.03,0.08,Saved,26,Right Foot,,Heriberto Tavares,Take-On,Pedro Rodrigues,Pass (Live)
4,34,Pedro,Farense,0.06,,Blocked,17,Right Foot,,Licá,Pass (Live),Pedro,Pass (Live)
5,36,Heriberto Tavares,Famalicão,0.05,,Off Target,14,Right Foot,,Rúben Vinagre,Pass (Dead),Rúben Vinagre,Fouled
6,39,Eduardo Mancha,Farense,0.04,,Off Target,15,Head,,Ryan Gauld,Pass (Dead),Ryan Gauld,Fouled
7,,,,,,,,,,,,,
8,49,Braian Mansilla,Farense,0.05,,Off Target,15,Left Foot,,Ryan Gauld,Pass (Live),Pedro,Pass (Live)
9,52,Rúben Vinagre,Famalicão,0.07,,Off Target,26,Left Foot,Free kick,Alexandre Guedes,Fouled,Pedro Rodrigues,Pass (Live)
10,59,Ryan Gauld,Farense,0.04,,Blocked,22,Right Foot,,Pedro,Pass (Live),Fábio Alexandre da Silva Nunes,Pass (Live)
11,59,Licá,Farense,0.05,,Off Target,12,Right Foot,,Ryan Gauld,Shot,,
12,69,Gil Bastião Dias,Famalicão,0.04,,Blocked,26,Left Foot,,Gil Bastião Dias,Take-On,Alexandre Guedes,Pass (Live)
13,69,Carlos Valenzuela,Famalicão,0.07,,Blocked,17,Left Foot,,Pedro Rodrigues,Pass (Live),Manuel Ugarte Ribeiro,Pass (Live)
14,70,Diogo Queirós,Famalicão,0.03,,Blocked,33,Right Foot,,Pedro Rodrigues,Pass (Live),Rúben Vinagre,Pass (Live)
15,72,Jonatan Lucca,Farense,0.06,0.14,Saved,11,Head,,Ryan Gauld,Pass (Dead),Licá,Fouled
16,73,Jhonata Robert,Famalicão,0.04,0.10,Saved,24,Left Foot,Deflected,Jhonata Robert,Tackle,,
17,78,Alexandre Guedes,Famalicão,0.10,0.19,Saved,7,Head,,Carlos Valenzuela,Pass (Dead),Pedro Rodrigues,Pass (Live)
18,83,Licá,Farense,0.06,,Off Target,20,Right Foot,,Jonatan Lucca,Pass (Live),Rafael Defendi,Pass (Dead)
19,84,Diogo Figueiras,Famalicão,0.03,,Off Target,26,Left Foot,,,,,
20,89,Pedro Rodrigues,Famalicão,0.03,,Off Target,29,Right Foot,,Andrija Luković,Pass (Live),Diogo Figueiras,Pass (Live)
21,90,Anderson,Famalicão,0.03,,Blocked,28,Left Foot,,Anderson,Take-On,Anderson,Take-On
