,Player Name,Player Number,Player,#,Nation,Pos,Age,Min,Att,Live,Dead,FK,TB,Sw,Crs,TI,CK,In,Out,Str,Cmp,Off,Blocks,Player Key,Player Link
0,Pedro,https://fbref.com/en/players/17758df6/Pedro,96,96,br BRA,FW,24-097,63,11,10,1,0,0,0,0,0,0,0,0,0,6,0,0,https://fbref.com/en/players/17758df6/Pedro-Pedro,
1,Nikola Stojiljković,https://fbref.com/en/players/ca3e2783/Nikola-Stojiljkovic,9,9,rs SRB,FW,28-180,27,5,4,1,0,0,0,1,0,0,0,0,0,2,0,0,https://fbref.com/en/players/ca3e2783/Nikola-Stojiljkovic-Nikola Stojiljković,
2,Madi Queita,https://fbref.com/en/players/13ab460a/Madi-Queita,10,10,gw GNB,LW,22-115,87,22,21,0,0,1,0,2,0,0,0,0,0,16,1,1,https://fbref.com/en/players/13ab460a/Madi-Queita-Madi Queita,
3,Filipe Melo,https://fbref.com/en/players/3220a3ef/Filipe-Melo,6,6,pt POR,LW,31-102,3,1,1,0,0,0,0,0,0,0,0,0,0,0,0,0,https://fbref.com/en/players/3220a3ef/Filipe-Melo-Filipe Melo,
4,Licá,https://fbref.com/en/players/41d84fed/Lica,88,88,pt POR,RW,32-158,78,13,13,0,0,0,0,3,0,0,0,0,0,7,0,2,https://fbref.com/en/players/41d84fed/Lica-Licá,
5,Hugo Seco,https://fbref.com/en/players/68ee9021/Hugo-Seco,7,7,pt POR,RW,32-241,12,1,1,0,0,0,0,0,0,0,0,0,0,1,0,0,https://fbref.com/en/players/68ee9021/Hugo-Seco-Hugo Seco,
6,Ryan Gauld,https://fbref.com/en/players/862e93c2/Ryan-Gauld,23,23,sct SCO,AM,25-059,90,28,20,8,2,0,0,7,0,5,5,0,0,13,0,1,https://fbref.com/en/players/862e93c2/Ryan-Gauld-Ryan Gauld,
7,Jonatan Lucca,https://fbref.com/en/players/b04f4533/Jonatan-Lucca,47,47,br BRA,DM,26-256,90,34,26,8,3,0,0,7,0,5,5,0,0,25,0,0,https://fbref.com/en/players/b04f4533/Jonatan-Lucca-Jonatan Lucca,
8,Amine Oudrhiri,https://fbref.com/en/players/49c9c79a/Amine-Oudrhiri,5,5,ma MAR,DM,28-101,90,29,28,1,1,0,0,1,0,0,0,0,0,19,0,2,https://fbref.com/en/players/49c9c79a/Amine-Oudrhiri-Amine Oudrhiri,
9,Fábio Alexandre da Silva Nunes,https://fbref.com/en/players/7cfc2860/Fabio-Alexandre-da-Silva-Nunes,92,92,pt POR,LB,28-204,90,45,26,19,1,0,0,7,18,0,0,0,0,22,0,1,https://fbref.com/en/players/7cfc2860/Fabio-Alexandre-da-Silva-Nunes-Fábio Alexandre da Silva Nunes,
10,Eduardo Mancha,https://fbref.com/en/players/56e74f66/Eduardo-Mancha,95,95,br BRA,CB,25-081,90,23,23,0,0,0,0,0,0,0,0,0,0,16,0,0,https://fbref.com/en/players/56e74f66/Eduardo-Mancha-Eduardo Mancha,
11,André Almeida Pinto,https://fbref.com/en/players/ba6e52b0/Andre-Almeida-Pinto,25,25,pt POR,CB,31-131,90,27,26,1,1,0,0,1,0,0,0,0,0,17,0,0,https://fbref.com/en/players/ba6e52b0/Andre-Almeida-Pinto-André Almeida Pinto,
12,Tomás Tavares,https://fbref.com/en/players/0dce3356/Tomas-Tavares,84,84,pt POR,RB,19-343,90,29,24,5,1,0,0,1,4,0,0,0,0,21,0,1,https://fbref.com/en/players/0dce3356/Tomas-Tavares-Tomás Tavares,
13,Rafael Defendi,https://fbref.com/en/players/317d3e7b/Rafael-Defendi,12,12,br BRA,GK,37-053,90,32,19,13,6,0,0,0,0,0,0,0,0,20,0,0,https://fbref.com/en/players/317d3e7b/Rafael-Defendi-Rafael Defendi,
