,Player Name,Player Number,Player,#,Nation,Pos,Age,Min,Touches,Def Pen,Def 3rd,Mid 3rd,Att 3rd,Att Pen,Live,Att,Succ,Succ%,Tkld,Tkld%,Carries,TotDist,PrgDist,PrgC,1/3,CPA,Mis,Dis,Rec,PrgR,Player Key,Player Link
0,Pedro,https://fbref.com/en/players/17758df6/Pedro,96,96,br BRA,FW,24-097,63,17,1,1,8,8,0,17,0,0,,0,,8,31,12,1,1,0,1,0,10,1,https://fbref.com/en/players/17758df6/Pedro-Pedro,
1,Nikola Stojiljković,https://fbref.com/en/players/ca3e2783/Nikola-Stojiljkovic,9,9,rs SRB,FW,28-180,27,9,0,0,5,4,1,9,0,0,,0,,6,16,2,0,0,0,2,0,7,2,https://fbref.com/en/players/ca3e2783/Nikola-Stojiljkovic-Nikola Stojiljković,
2,Madi Queita,https://fbref.com/en/players/13ab460a/Madi-Queita,10,10,gw GNB,LW,22-115,87,31,0,5,14,14,3,31,0,0,,0,,16,134,94,2,3,0,3,1,17,4,https://fbref.com/en/players/13ab460a/Madi-Queita-Madi Queita,
3,Filipe Melo,https://fbref.com/en/players/3220a3ef/Filipe-Melo,6,6,pt POR,LW,31-102,3,1,0,1,0,0,0,1,0,0,,0,,0,0,0,0,0,0,0,0,0,0,https://fbref.com/en/players/3220a3ef/Filipe-Melo-Filipe Melo,
4,Licá,https://fbref.com/en/players/41d84fed/Lica,88,88,pt POR,RW,32-158,78,24,4,8,8,8,2,24,2,0,0.0,2,100.0,9,48,30,1,0,0,1,1,9,5,https://fbref.com/en/players/41d84fed/Lica-Licá,
5,Hugo Seco,https://fbref.com/en/players/68ee9021/Hugo-Seco,7,7,pt POR,RW,32-241,12,3,0,1,1,1,0,3,0,0,,0,,2,6,0,0,0,0,1,0,2,0,https://fbref.com/en/players/68ee9021/Hugo-Seco-Hugo Seco,
6,Ryan Gauld,https://fbref.com/en/players/862e93c2/Ryan-Gauld,23,23,sct SCO,AM,25-059,90,42,0,4,19,20,3,42,1,0,0.0,1,100.0,16,156,79,2,2,1,5,1,20,6,https://fbref.com/en/players/862e93c2/Ryan-Gauld-Ryan Gauld,
7,Jonatan Lucca,https://fbref.com/en/players/b04f4533/Jonatan-Lucca,47,47,br BRA,DM,26-256,90,48,1,12,29,7,0,48,1,1,100.0,0,0.0,16,122,55,1,1,0,3,0,21,1,https://fbref.com/en/players/b04f4533/Jonatan-Lucca-Jonatan Lucca,
8,Amine Oudrhiri,https://fbref.com/en/players/49c9c79a/Amine-Oudrhiri,5,5,ma MAR,DM,28-101,90,30,2,9,14,7,0,30,1,1,100.0,0,0.0,14,74,46,1,0,0,0,0,17,1,https://fbref.com/en/players/49c9c79a/Amine-Oudrhiri-Amine Oudrhiri,
9,Fábio Alexandre da Silva Nunes,https://fbref.com/en/players/7cfc2860/Fabio-Alexandre-da-Silva-Nunes,92,92,pt POR,LB,28-204,90,51,1,8,28,16,0,51,0,0,,0,,20,166,102,4,1,0,1,2,19,2,https://fbref.com/en/players/7cfc2860/Fabio-Alexandre-da-Silva-Nunes-Fábio Alexandre da Silva Nunes,
10,Eduardo Mancha,https://fbref.com/en/players/56e74f66/Eduardo-Mancha,95,95,br BRA,CB,25-081,90,28,2,18,10,0,0,28,0,0,,0,,13,73,24,0,0,0,0,0,15,0,https://fbref.com/en/players/56e74f66/Eduardo-Mancha-Eduardo Mancha,
11,André Almeida Pinto,https://fbref.com/en/players/ba6e52b0/Andre-Almeida-Pinto,25,25,pt POR,CB,31-131,90,39,10,19,17,3,2,39,0,0,,0,,12,73,41,0,0,0,1,0,18,0,https://fbref.com/en/players/ba6e52b0/Andre-Almeida-Pinto-André Almeida Pinto,
12,Tomás Tavares,https://fbref.com/en/players/0dce3356/Tomas-Tavares,84,84,pt POR,RB,19-343,90,36,2,10,18,9,0,36,1,1,100.0,0,0.0,13,58,25,0,0,0,1,1,16,2,https://fbref.com/en/players/0dce3356/Tomas-Tavares-Tomás Tavares,
13,Rafael Defendi,https://fbref.com/en/players/317d3e7b/Rafael-Defendi,12,12,br BRA,GK,37-053,90,35,26,35,0,0,0,35,0,0,,0,,14,78,56,0,0,0,0,0,12,0,https://fbref.com/en/players/317d3e7b/Rafael-Defendi-Rafael Defendi,
