,Player Name,Player Number,Player,#,Nation,Pos,Age,Min,Gls,Ast,PK,PKatt,Sh,SoT,CrdY,CrdR,Touches,Tkl,Int,Blocks,xG,npxG,xAG,SCA,GCA,Cmp,Att,Cmp%,PrgP,Carries,PrgC,Att,Succ,Player Key,Player Link
0,Pedro,https://fbref.com/en/players/17758df6/Pedro,96,96,br BRA,FW,24-097,63,0,0,0,0,0,0,0,0,17,0,0,2,0.0,0.0,0.0,0,0,6,11,54.5,1,8,1,0,0,https://fbref.com/en/players/17758df6/Pedro-Pedro,
1,Nikola Stojiljković,https://fbref.com/en/players/ca3e2783/Nikola-Stojiljkovic,9,9,rs SRB,FW,28-180,27,0,0,0,0,1,0,1,0,9,0,0,0,0.0,0.0,0.0,0,0,2,5,40.0,0,6,0,0,0,https://fbref.com/en/players/ca3e2783/Nikola-Stojiljkovic-Nikola Stojiljković,
2,Madi Queita,https://fbref.com/en/players/13ab460a/Madi-Queita,10,10,gw GNB,LW,22-115,87,0,1,0,0,3,1,0,0,31,1,2,0,0.5,0.5,0.6,2,1,16,22,72.7,3,16,2,0,0,https://fbref.com/en/players/13ab460a/Madi-Queita-Madi Queita,
3,Filipe Melo,https://fbref.com/en/players/3220a3ef/Filipe-Melo,6,6,pt POR,LW,31-102,3,0,0,0,0,0,0,0,0,1,0,0,0,0.0,0.0,0.0,0,0,0,1,0.0,0,0,0,0,0,https://fbref.com/en/players/3220a3ef/Filipe-Melo-Filipe Melo,
4,Licá,https://fbref.com/en/players/41d84fed/Lica,88,88,pt POR,RW,32-158,78,0,0,0,0,1,1,0,0,24,1,1,0,0.1,0.1,0.0,2,1,7,13,53.8,1,9,1,2,0,https://fbref.com/en/players/41d84fed/Lica-Licá,
5,Hugo Seco,https://fbref.com/en/players/68ee9021/Hugo-Seco,7,7,pt POR,RW,32-241,12,0,0,0,0,0,0,0,0,3,1,0,0,0.0,0.0,0.0,0,0,1,1,100.0,0,2,0,0,0,https://fbref.com/en/players/68ee9021/Hugo-Seco-Hugo Seco,
6,Ryan Gauld,https://fbref.com/en/players/862e93c2/Ryan-Gauld,23,23,sct SCO,AM,25-059,90,1,0,0,0,4,1,0,0,42,4,1,1,0.7,0.7,0.5,5,0,13,28,46.4,7,16,2,1,0,https://fbref.com/en/players/862e93c2/Ryan-Gauld-Ryan Gauld,
7,Jonatan Lucca,https://fbref.com/en/players/b04f4533/Jonatan-Lucca,47,47,br BRA,DM,26-256,90,0,1,0,0,0,0,0,0,48,1,3,0,0.0,0.0,0.2,4,1,25,34,73.5,3,16,1,1,1,https://fbref.com/en/players/b04f4533/Jonatan-Lucca-Jonatan Lucca,
8,Amine Oudrhiri,https://fbref.com/en/players/49c9c79a/Amine-Oudrhiri,5,5,ma MAR,DM,28-101,90,0,0,0,0,0,0,0,0,30,1,0,0,0.0,0.0,0.0,0,0,19,29,65.5,3,14,1,1,1,https://fbref.com/en/players/49c9c79a/Amine-Oudrhiri-Amine Oudrhiri,
9,Fábio Alexandre da Silva Nunes,https://fbref.com/en/players/7cfc2860/Fabio-Alexandre-da-Silva-Nunes,92,92,pt POR,LB,28-204,90,0,0,0,0,0,0,1,0,51,4,0,0,0.0,0.0,0.0,0,0,22,45,48.9,4,20,4,0,0,https://fbref.com/en/players/7cfc2860/Fabio-Alexandre-da-Silva-Nunes-Fábio Alexandre da Silva Nunes,
10,Eduardo Mancha,https://fbref.com/en/players/56e74f66/Eduardo-Mancha,95,95,br BRA,CB,25-081,90,0,0,0,0,0,0,0,0,28,1,0,0,0.0,0.0,0.0,1,0,16,23,69.6,1,13,0,0,0,https://fbref.com/en/players/56e74f66/Eduardo-Mancha-Eduardo Mancha,
11,André Almeida Pinto,https://fbref.com/en/players/ba6e52b0/Andre-Almeida-Pinto,25,25,pt POR,CB,31-131,90,1,0,0,0,1,1,0,0,39,2,1,1,0.1,0.1,0.0,1,0,17,27,63.0,0,12,0,0,0,https://fbref.com/en/players/ba6e52b0/Andre-Almeida-Pinto-André Almeida Pinto,
12,Tomás Tavares,https://fbref.com/en/players/0dce3356/Tomas-Tavares,84,84,pt POR,RB,19-343,90,0,0,0,0,0,0,0,0,36,1,1,2,0.0,0.0,0.0,0,0,21,29,72.4,2,13,0,1,1,https://fbref.com/en/players/0dce3356/Tomas-Tavares-Tomás Tavares,
13,Rafael Defendi,https://fbref.com/en/players/317d3e7b/Rafael-Defendi,12,12,br BRA,GK,37-053,90,0,0,0,0,0,0,0,0,35,0,0,0,0.0,0.0,0.0,0,0,20,32,62.5,0,14,0,0,0,https://fbref.com/en/players/317d3e7b/Rafael-Defendi-Rafael Defendi,
