,Player Name,Player Number,Player,#,Nation,Pos,Age,Min,Touches,Def Pen,Def 3rd,Mid 3rd,Att 3rd,Att Pen,Live,Att,Succ,Succ%,Tkld,Tkld%,Carries,TotDist,PrgDist,PrgC,1/3,CPA,Mis,Dis,Rec,PrgR,Player Key,Player Link
0,Bryan Róchez,https://fbref.com/en/players/fc497514/Bryan-Rochez,35,35,hn HON,FW,26-043,90,25,2,2,13,10,3,25,1,0,0.0,1,100.0,16,75,22,1,0,0,5,3,16,4,https://fbref.com/en/players/fc497514/Bryan-Rochez-Bryan Róchez,
1,João Pedro Gomes Camacho,https://fbref.com/en/players/31c3caea/Joao-Pedro-Gomes-Camacho,7,7,pt POR,LM,26-235,64,26,0,5,10,12,3,26,1,1,100.0,0,0.0,13,89,42,2,2,1,1,0,13,4,https://fbref.com/en/players/31c3caea/Joao-Pedro-Gomes-Camacho-João Pedro Gomes Camacho,
2,Pedro Mendes,https://fbref.com/en/players/85c25f57/Pedro-Mendes,19,19,pt POR,LM,21-196,26,8,1,1,3,4,2,8,0,0,,0,,3,22,17,1,1,0,0,0,5,2,https://fbref.com/en/players/85c25f57/Pedro-Mendes-Pedro Mendes,
3,Larry Azouni,https://fbref.com/en/players/fb8fa245/Larry-Azouni,5,5,tn TUN,CM,26-327,74,38,1,6,27,6,0,38,2,1,50.0,1,50.0,19,125,73,1,0,0,1,0,21,0,https://fbref.com/en/players/fb8fa245/Larry-Azouni-Larry Azouni,
4,Rúben Micael,https://fbref.com/en/players/107c6fbd/Ruben-Micael,14,14,pt POR,CM,34-178,16,16,0,3,11,2,0,16,0,0,,0,,8,23,14,0,0,0,0,0,12,0,https://fbref.com/en/players/107c6fbd/Ruben-Micael-Rúben Micael,
5,Francisco Ramos,https://fbref.com/en/players/3da610eb/Francisco-Ramos,88,88,pt POR,CM,25-309,64,29,1,9,15,7,1,29,0,0,,0,,15,63,20,1,1,0,4,0,18,0,https://fbref.com/en/players/3da610eb/Francisco-Ramos-Francisco Ramos,
6,Brayan Riascos,https://fbref.com/en/players/e60d17c2/Brayan-Riascos,94,94,co COL,CM,26-126,26,13,0,0,2,11,1,13,2,2,100.0,0,0.0,8,73,31,1,1,0,0,0,11,6,https://fbref.com/en/players/e60d17c2/Brayan-Riascos-Brayan Riascos,
7,Vincent Thill,https://fbref.com/en/players/7de29631/Vincent-Thill,45,45,lu LUX,RM,21-009,74,31,0,1,18,12,1,31,4,2,50.0,2,50.0,12,173,103,4,2,1,1,0,17,4,https://fbref.com/en/players/7de29631/Vincent-Thill-Vincent Thill,
8,Marco Matias,https://fbref.com/en/players/f1317091/Marco-Matias,9,9,pt POR,RM,31-279,16,8,0,1,3,5,0,8,1,0,0.0,1,100.0,2,20,17,1,1,0,0,1,5,0,https://fbref.com/en/players/f1317091/Marco-Matias-Marco Matias,
9,Nuno Borges,https://fbref.com/en/players/f2b77816/Nuno-Borges,55,55,cv CPV,DM,32-319,90,66,7,26,39,1,0,66,1,1,100.0,0,0.0,33,206,152,1,0,0,2,0,46,0,https://fbref.com/en/players/f2b77816/Nuno-Borges-Nuno Borges,
10,João Vigário,https://fbref.com/en/players/9731ab71/Joao-Vigario,17,17,pt POR,LB,25-085,86,46,0,9,21,17,0,46,1,0,0.0,1,100.0,19,130,56,2,2,0,2,1,22,5,https://fbref.com/en/players/9731ab71/Joao-Vigario-João Vigário,
11,Witi,https://fbref.com/en/players/4c99c0da/Witi,23,23,mz MOZ,LB,24-171,4,4,0,2,1,1,0,4,0,0,,0,,2,27,8,0,0,0,0,0,3,0,https://fbref.com/en/players/4c99c0da/Witi-Witi,
12,Rui Correia,https://fbref.com/en/players/bee212cc/Rui-Correia,33,33,pt POR,CB,30-174,90,62,9,26,32,4,0,62,0,0,,0,,39,197,160,1,0,0,1,1,46,0,https://fbref.com/en/players/bee212cc/Rui-Correia-Rui Correia,
13,Pedrão,https://fbref.com/en/players/5eca05bc/Pedrao,4,4,br BRA,CB,23-286,90,52,2,26,26,1,1,52,0,0,,0,,22,137,110,0,0,0,0,0,29,0,https://fbref.com/en/players/5eca05bc/Pedrao-Pedrão,
14,Kalindi Alves de Souza,https://fbref.com/en/players/242aad87/Kalindi-Alves-de-Souza,22,22,br BRA,RB,27-168,90,61,3,17,28,18,1,61,4,2,50.0,2,50.0,34,335,184,4,6,0,5,3,32,8,https://fbref.com/en/players/242aad87/Kalindi-Alves-de-Souza-Kalindi Alves de Souza,
15,Riccardo Piscitelli,https://fbref.com/en/players/845ca6cd/Riccardo-Piscitelli,1,1,it ITA,GK,27-126,90,36,32,36,0,0,0,36,0,0,,0,,9,56,40,0,0,0,0,0,11,0,https://fbref.com/en/players/845ca6cd/Riccardo-Piscitelli-Riccardo Piscitelli,
