,Player Name,Player Number,Player,#,Nation,Pos,Age,Min,CrdY,CrdR,2CrdY,Fls,Fld,Off,Crs,Int,TklW,PKwon,PKcon,OG,Recov,Won,Lost,Won%,Player Key,Player Link
0,Bryan Róchez,https://fbref.com/en/players/fc497514/Bryan-Rochez,35,35,hn HON,FW,26-043,90,0,0,0,5,2,1,1,0,0,0,0,0,1,1,2,33.3,https://fbref.com/en/players/fc497514/Bryan-Rochez-Bryan Róchez,
1,João Pedro Gomes Camacho,https://fbref.com/en/players/31c3caea/Joao-Pedro-Gomes-Camacho,7,7,pt POR,LM,26-235,64,0,0,0,1,2,0,2,0,1,0,0,0,4,0,0,,https://fbref.com/en/players/31c3caea/Joao-Pedro-Gomes-Camacho-João Pedro Gomes Camacho,
2,Pedro Mendes,https://fbref.com/en/players/85c25f57/Pedro-Mendes,19,19,pt POR,LM,21-196,26,0,0,0,0,0,0,0,0,0,0,0,1,0,3,2,60.0,https://fbref.com/en/players/85c25f57/Pedro-Mendes-Pedro Mendes,
3,Larry Azouni,https://fbref.com/en/players/fb8fa245/Larry-Azouni,5,5,tn TUN,CM,26-327,74,1,0,0,0,0,0,0,1,0,0,0,0,2,2,3,40.0,https://fbref.com/en/players/fb8fa245/Larry-Azouni-Larry Azouni,
4,Rúben Micael,https://fbref.com/en/players/107c6fbd/Ruben-Micael,14,14,pt POR,CM,34-178,16,0,0,0,0,0,0,1,0,0,0,0,0,1,0,0,,https://fbref.com/en/players/107c6fbd/Ruben-Micael-Rúben Micael,
5,Francisco Ramos,https://fbref.com/en/players/3da610eb/Francisco-Ramos,88,88,pt POR,CM,25-309,64,1,0,0,1,2,0,1,1,0,0,0,0,3,0,0,,https://fbref.com/en/players/3da610eb/Francisco-Ramos-Francisco Ramos,
6,Brayan Riascos,https://fbref.com/en/players/e60d17c2/Brayan-Riascos,94,94,co COL,CM,26-126,26,0,0,0,0,1,0,0,0,0,0,0,0,1,0,1,0.0,https://fbref.com/en/players/e60d17c2/Brayan-Riascos-Brayan Riascos,
7,Vincent Thill,https://fbref.com/en/players/7de29631/Vincent-Thill,45,45,lu LUX,RM,21-009,74,0,0,0,1,0,0,4,0,1,0,0,0,1,1,0,100.0,https://fbref.com/en/players/7de29631/Vincent-Thill-Vincent Thill,
8,Marco Matias,https://fbref.com/en/players/f1317091/Marco-Matias,9,9,pt POR,RM,31-279,16,0,0,0,1,0,0,0,0,0,0,0,0,1,1,1,50.0,https://fbref.com/en/players/f1317091/Marco-Matias-Marco Matias,
9,Nuno Borges,https://fbref.com/en/players/f2b77816/Nuno-Borges,55,55,cv CPV,DM,32-319,90,1,0,0,2,1,0,0,3,1,0,0,0,6,3,3,50.0,https://fbref.com/en/players/f2b77816/Nuno-Borges-Nuno Borges,
10,João Vigário,https://fbref.com/en/players/9731ab71/Joao-Vigario,17,17,pt POR,LB,25-085,86,0,0,0,1,0,0,8,1,0,0,0,0,2,2,1,66.7,https://fbref.com/en/players/9731ab71/Joao-Vigario-João Vigário,
11,Witi,https://fbref.com/en/players/4c99c0da/Witi,23,23,mz MOZ,LB,24-171,4,0,0,0,0,0,0,1,0,0,0,0,0,0,0,0,,https://fbref.com/en/players/4c99c0da/Witi-Witi,
12,Rui Correia,https://fbref.com/en/players/bee212cc/Rui-Correia,33,33,pt POR,CB,30-174,90,1,0,0,0,3,0,0,1,0,0,0,0,3,0,0,,https://fbref.com/en/players/bee212cc/Rui-Correia-Rui Correia,
13,Pedrão,https://fbref.com/en/players/5eca05bc/Pedrao,4,4,br BRA,CB,23-286,90,0,0,0,1,0,0,0,1,2,0,0,0,6,5,0,100.0,https://fbref.com/en/players/5eca05bc/Pedrao-Pedrão,
14,Kalindi Alves de Souza,https://fbref.com/en/players/242aad87/Kalindi-Alves-de-Souza,22,22,br BRA,RB,27-168,90,0,0,0,1,5,1,3,3,0,0,0,0,8,1,2,33.3,https://fbref.com/en/players/242aad87/Kalindi-Alves-de-Souza-Kalindi Alves de Souza,
15,Riccardo Piscitelli,https://fbref.com/en/players/845ca6cd/Riccardo-Piscitelli,1,1,it ITA,GK,27-126,90,0,0,0,0,0,0,0,0,0,0,0,0,0,0,0,,https://fbref.com/en/players/845ca6cd/Riccardo-Piscitelli-Riccardo Piscitelli,
