,Player Name,Player Number,Player,#,Nation,Pos,Age,Min,Att,Live,Dead,FK,TB,Sw,Crs,TI,CK,In,Out,Str,Cmp,Off,Blocks,Player Key,Player Link
0,Bryan Róchez,https://fbref.com/en/players/fc497514/Bryan-Rochez,35,35,hn HON,FW,26-043,90,16,12,4,0,0,0,1,0,0,0,0,0,14,0,0,https://fbref.com/en/players/fc497514/Bryan-Rochez-Bryan Róchez,
1,João Pedro Gomes Camacho,https://fbref.com/en/players/31c3caea/Joao-Pedro-Gomes-Camacho,7,7,pt POR,LM,26-235,64,19,14,5,2,0,0,2,0,3,1,0,0,14,0,0,https://fbref.com/en/players/31c3caea/Joao-Pedro-Gomes-Camacho-João Pedro Gomes Camacho,
2,Pedro Mendes,https://fbref.com/en/players/85c25f57/Pedro-Mendes,19,19,pt POR,LM,21-196,26,6,6,0,0,0,0,0,0,0,0,0,0,4,0,0,https://fbref.com/en/players/85c25f57/Pedro-Mendes-Pedro Mendes,
3,Larry Azouni,https://fbref.com/en/players/fb8fa245/Larry-Azouni,5,5,tn TUN,CM,26-327,74,30,30,0,0,0,0,0,0,0,0,0,0,20,0,1,https://fbref.com/en/players/fb8fa245/Larry-Azouni-Larry Azouni,
4,Rúben Micael,https://fbref.com/en/players/107c6fbd/Ruben-Micael,14,14,pt POR,CM,34-178,16,16,14,2,1,0,0,1,1,0,0,0,0,11,0,0,https://fbref.com/en/players/107c6fbd/Ruben-Micael-Rúben Micael,
5,Francisco Ramos,https://fbref.com/en/players/3da610eb/Francisco-Ramos,88,88,pt POR,CM,25-309,64,18,16,2,1,0,0,1,1,0,0,0,0,13,0,0,https://fbref.com/en/players/3da610eb/Francisco-Ramos-Francisco Ramos,
6,Brayan Riascos,https://fbref.com/en/players/e60d17c2/Brayan-Riascos,94,94,co COL,CM,26-126,26,12,12,0,0,0,2,0,0,0,0,0,0,6,0,1,https://fbref.com/en/players/e60d17c2/Brayan-Riascos-Brayan Riascos,
7,Vincent Thill,https://fbref.com/en/players/7de29631/Vincent-Thill,45,45,lu LUX,RM,21-009,74,24,19,4,1,0,0,4,1,2,2,0,0,19,1,0,https://fbref.com/en/players/7de29631/Vincent-Thill-Vincent Thill,
8,Marco Matias,https://fbref.com/en/players/f1317091/Marco-Matias,9,9,pt POR,RM,31-279,16,7,7,0,0,0,0,0,0,0,0,0,0,4,0,0,https://fbref.com/en/players/f1317091/Marco-Matias-Marco Matias,
9,Nuno Borges,https://fbref.com/en/players/f2b77816/Nuno-Borges,55,55,cv CPV,DM,32-319,90,52,50,1,1,0,0,0,0,0,0,0,0,44,1,0,https://fbref.com/en/players/f2b77816/Nuno-Borges-Nuno Borges,
10,João Vigário,https://fbref.com/en/players/9731ab71/Joao-Vigario,17,17,pt POR,LB,25-085,86,40,28,12,3,0,1,8,8,1,1,0,0,21,0,3,https://fbref.com/en/players/9731ab71/Joao-Vigario-João Vigário,
11,Witi,https://fbref.com/en/players/4c99c0da/Witi,23,23,mz MOZ,LB,24-171,4,4,4,0,0,0,0,1,0,0,0,0,0,3,0,0,https://fbref.com/en/players/4c99c0da/Witi-Witi,
12,Rui Correia,https://fbref.com/en/players/bee212cc/Rui-Correia,33,33,pt POR,CB,30-174,90,51,49,2,2,0,2,0,0,0,0,0,0,45,0,0,https://fbref.com/en/players/bee212cc/Rui-Correia-Rui Correia,
13,Pedrão,https://fbref.com/en/players/5eca05bc/Pedrao,4,4,br BRA,CB,23-286,90,47,45,2,2,0,0,0,0,0,0,0,0,34,0,1,https://fbref.com/en/players/5eca05bc/Pedrao-Pedrão,
14,Kalindi Alves de Souza,https://fbref.com/en/players/242aad87/Kalindi-Alves-de-Souza,22,22,br BRA,RB,27-168,90,44,35,9,1,0,1,3,8,0,0,0,0,28,0,1,https://fbref.com/en/players/242aad87/Kalindi-Alves-de-Souza-Kalindi Alves de Souza,
15,Riccardo Piscitelli,https://fbref.com/en/players/845ca6cd/Riccardo-Piscitelli,1,1,it ITA,GK,27-126,90,33,21,12,2,0,0,0,0,0,0,0,0,28,0,0,https://fbref.com/en/players/845ca6cd/Riccardo-Piscitelli-Riccardo Piscitelli,
