,Minute,Player,Squad,xG,PSxG,Outcome,Distance,Body Part,Notes,SCA 1 Player,SCA 1 Event,SCA 2 Player,SCA 2 Event
0,5,Rui Correia,Nacional,0.03,,Off Target,23,Right Foot,,Vincent Thill,Pass (Live),Vincent Thill,Pass (Live)
1,9,Pedrão,Nacional,0.05,,Off Target,11,Head,,João Vigário,Pass (Live),João Pedro Gomes Camacho,Pass (Dead)
2,12,Ryan Gauld,Farense,0.03,,Blocked,30,Left Foot,,,,,
3,14,Vincent Thill,Nacional,0.04,0.17,Saved,20,Left Foot,Deflected,João Pedro Gomes Camacho,Pass (Live),João Pedro Gomes Camacho,Take-On
4,23,Ryan Gauld,Farense,0.05,,Off Target,7,Head,,Jonatan Lucca,Pass (Dead),André Almeida Pinto,Tackle
5,30,Larry Azouni,Nacional,0.05,0.05,Saved,32,Right Foot,,Larry Azouni,Take-On,Vincent Thill,Pass (Live)
6,33,João Pedro Gomes Camacho,Nacional,0.03,,Off Target,30,Right Foot,,Kalindi Alves de Souza,Pass (Live),Kalindi Alves de Souza,Take-On
7,37,João Pedro Gomes Camacho,Nacional,0.05,,Blocked,15,Right Foot,,Vincent Thill,Pass (Live),Pedrão,Pass (Live)
8,42,Madi Queita,Farense,0.30,0.49,Saved,15,Right Foot,,Ryan Gauld,Pass (Live),Jonatan Lucca,Pass (Live)
9,44,Madi Queita,Farense,0.11,,Off Target,8,Left Foot,,Ryan Gauld,Pass (Live),Eduardo Mancha,Pass (Live)
10,,,,,,,,,,,,,
11,49,Licá,Farense,0.05,0.04,Saved,17,Right Foot,,Ryan Gauld,Pass (Live),Licá,Tackle
12,51,André Almeida Pinto,Farense,0.14,0.12,Goal,6,Head,,Jonatan Lucca,Pass (Dead),Licá,Shot
13,57,Vincent Thill,Nacional,0.06,0.25,Saved,28,Left Foot,Free kick,Kalindi Alves de Souza,Fouled,Bryan Róchez,Pass (Live)
14,60,Ryan Gauld,Farense,0.03,,Off Target,31,Right Foot,,Madi Queita,Pass (Live),,
15,62,Ryan Gauld,Farense,0.57,0.95,Goal,15,Left Foot,,Madi Queita,Pass (Live),,
16,66,Brayan Riascos,Nacional,0.03,,Off Target,22,Right Foot,Volley,Kalindi Alves de Souza,Fouled,,
17,68,João Vigário,Nacional,0.03,0.34,Goal,28,Right Foot,,Rui Correia,Pass (Live),Nuno Borges,Pass (Live)
18,76,Madi Queita,Farense,0.08,,Off Target,22,Right Foot,,Ryan Gauld,Tackle,,
19,83,Pedro Mendes,Nacional,0.36,0.66,Goal,7,Head,,Bryan Róchez,Pass (Live),Marco Matias,Pass (Live)
20,86,Nikola Stojiljković,Farense,0.05,,Off Target,14,Head,,Jonatan Lucca,Pass (Dead),Ryan Gauld,Fouled
