,Player Name,Player Number,Player,#,Nation,Pos,Age,Min,Touches,Def Pen,Def 3rd,Mid 3rd,Att 3rd,Att Pen,Live,Att,Succ,Succ%,Tkld,Tkld%,Carries,TotDist,PrgDist,PrgC,1/3,CPA,Mis,Dis,Rec,PrgR,Player Key,Player Link
0,Duván Zapata,https://fbref.com/en/players/d3de9af0/Duvan-Zapata,91,91,co COL,FW,29-341,69,40,1,2,11,28,7,40,5,1,20.0,4,80.0,24,136,84,6,4,4,3,0,32,10,https://fbref.com/en/players/d3de9af0/Duvan-Zapata-Duván Zapata,
1,Luis Muriel,https://fbref.com/en/players/eb2fe5b6/Luis-Muriel,9,9,co COL,FW,29-326,21,9,0,0,1,8,1,9,1,1,100.0,0,0.0,4,24,18,1,0,0,0,1,8,5,https://fbref.com/en/players/eb2fe5b6/Luis-Muriel-Luis Muriel,
2,Matteo Pessina,https://fbref.com/en/players/780e3631/Matteo-Pessina,32,32,it ITA,AM,23-321,72,41,1,6,20,16,4,41,1,1,100.0,0,0.0,27,197,123,5,1,2,2,0,28,5,https://fbref.com/en/players/780e3631/Matteo-Pessina-Matteo Pessina,
3,Aleksei Miranchuk,https://fbref.com/en/players/a9aa0d1d/Aleksei-Miranchuk,59,59,ru RUS,AM,25-142,18,14,0,3,9,2,0,14,1,0,0.0,1,100.0,7,28,6,0,0,0,0,0,8,0,https://fbref.com/en/players/a9aa0d1d/Aleksei-Miranchuk-Aleksei Miranchuk,
4,Ruslan Malinovskyi,https://fbref.com/en/players/48d5bd33/Ruslan-Malinovskyi,18,18,ua UKR,AM,27-308,45,28,0,1,14,13,0,28,1,1,100.0,0,0.0,17,145,84,3,3,0,2,1,19,1,https://fbref.com/en/players/48d5bd33/Ruslan-Malinovskyi-Ruslan Malinovskyi,
5,Josip Iličić,https://fbref.com/en/players/68252d6d/Josip-Ilicic,72,72,si SVN,AM,33-038,45,50,0,2,10,38,2,50,2,0,0.0,2,100.0,35,155,42,1,5,1,4,2,45,5,https://fbref.com/en/players/68252d6d/Josip-Ilicic-Josip Iličić,
6,Marten de Roon,https://fbref.com/en/players/2a1beb34/Marten-de-Roon,15,15,nl NED,CM,29-344,90,101,2,12,69,21,0,101,1,1,100.0,0,0.0,57,254,165,1,4,0,0,0,74,1,https://fbref.com/en/players/2a1beb34/Marten-de-Roon-Marten de Roon,
7,Remo Freuler,https://fbref.com/en/players/98d2c2c4/Remo-Freuler,11,11,ch SUI,CM,28-327,80,87,0,7,56,27,3,87,2,2,100.0,0,0.0,50,261,115,1,3,1,1,1,65,1,https://fbref.com/en/players/98d2c2c4/Remo-Freuler-Remo Freuler,
8,Mario Pašalić,https://fbref.com/en/players/e599253a/Mario-Pasalic,88,88,hr CRO,CM,26-027,10,2,0,0,1,1,1,2,0,0,,0,,1,2,2,0,0,0,0,1,2,0,https://fbref.com/en/players/e599253a/Mario-Pasalic-Mario Pašalić,
9,Robin Gosens,https://fbref.com/en/players/2d970560/Robin-Gosens,8,8,de GER,WB,26-246,90,74,2,13,32,29,2,74,0,0,,0,,36,123,70,1,2,0,1,0,50,6,https://fbref.com/en/players/2d970560/Robin-Gosens-Robin Gosens,
10,Joakim Mæhle,https://fbref.com/en/players/c459a650/Joakim-Maehle,3,3,dk DEN,WB,23-292,90,76,2,13,27,38,2,76,5,4,80.0,1,20.0,38,174,95,4,1,0,2,0,45,5,https://fbref.com/en/players/c459a650/Joakim-Maehle-Joakim Mæhle,
11,Berat Djimsiti,https://fbref.com/en/players/6eee05f1/Berat-Djimsiti,19,19,al ALB,CB,28-017,80,74,7,21,39,14,3,74,0,0,,0,,37,281,87,0,6,0,0,0,46,1,https://fbref.com/en/players/6eee05f1/Berat-Djimsiti-Berat Djimsiti,
12,José Luis Palomino,https://fbref.com/en/players/921f6058/Jose-Luis-Palomino,6,6,ar ARG,CB,31-062,10,15,0,11,4,0,0,15,0,0,,0,,8,55,31,0,0,0,0,0,10,0,https://fbref.com/en/players/921f6058/Jose-Luis-Palomino-José Luis Palomino,
13,Cristian Romero,https://fbref.com/en/players/a3d94a58/Cristian-Romero,17,17,ar ARG,CB,22-315,90,64,5,21,40,3,1,64,0,0,,0,,30,175,57,0,1,0,0,0,40,0,https://fbref.com/en/players/a3d94a58/Cristian-Romero-Cristian Romero,
14,Rafael Tolói,https://fbref.com/en/players/c56dc39e/Rafael-Toloi,2,2,it ITA,CB,30-149,90,78,3,13,37,28,1,78,1,0,0.0,1,100.0,40,199,122,2,3,0,2,0,60,3,https://fbref.com/en/players/c56dc39e/Rafael-Toloi-Rafael Tolói,
15,Marco Sportiello,https://fbref.com/en/players/ac4003af/Marco-Sportiello,57,57,it ITA,GK,28-302,90,16,12,16,0,0,0,16,0,0,,0,,11,48,32,0,0,0,0,0,7,0,https://fbref.com/en/players/ac4003af/Marco-Sportiello-Marco Sportiello,
