,Player Name,Player Number,Player,#,Nation,Pos,Age,Min,Gls,Ast,PK,PKatt,Sh,SoT,CrdY,CrdR,Touches,Tkl,Int,Blocks,xG,npxG,xAG,SCA,GCA,Cmp,Att,Cmp%,PrgP,Carries,PrgC,Att,Succ,Player Key,Player Link
0,Duván Zapata,https://fbref.com/en/players/d3de9af0/Duvan-Zapata,91,91,co COL,FW,29-341,69,0,0,0,0,5,1,0,0,40,0,1,0,0.3,0.3,0.0,2,0,17,23,73.9,1,24,6,5,1,https://fbref.com/en/players/d3de9af0/Duvan-Zapata-Duván Zapata,
1,Luis Muriel,https://fbref.com/en/players/eb2fe5b6/Luis-Muriel,9,9,co COL,FW,29-326,21,0,0,0,0,1,1,0,0,9,0,0,0,0.0,0.0,0.0,0,0,3,8,37.5,0,4,1,1,1,https://fbref.com/en/players/eb2fe5b6/Luis-Muriel-Luis Muriel,
2,Matteo Pessina,https://fbref.com/en/players/780e3631/Matteo-Pessina,32,32,it ITA,AM,23-321,72,0,0,0,0,0,0,0,0,41,1,0,1,0.0,0.0,0.1,2,0,28,36,77.8,3,27,5,1,1,https://fbref.com/en/players/780e3631/Matteo-Pessina-Matteo Pessina,
3,Aleksei Miranchuk,https://fbref.com/en/players/a9aa0d1d/Aleksei-Miranchuk,59,59,ru RUS,AM,25-142,18,0,0,0,0,0,0,0,0,14,5,0,0,0.0,0.0,0.0,1,0,6,7,85.7,0,7,0,1,0,https://fbref.com/en/players/a9aa0d1d/Aleksei-Miranchuk-Aleksei Miranchuk,
4,Ruslan Malinovskyi,https://fbref.com/en/players/48d5bd33/Ruslan-Malinovskyi,18,18,ua UKR,AM,27-308,45,0,0,0,0,0,0,0,0,28,0,0,0,0.0,0.0,0.2,3,0,21,26,80.8,4,17,3,1,1,https://fbref.com/en/players/48d5bd33/Ruslan-Malinovskyi-Ruslan Malinovskyi,
5,Josip Iličić,https://fbref.com/en/players/68252d6d/Josip-Ilicic,72,72,si SVN,AM,33-038,45,0,0,0,0,1,0,0,0,50,0,0,0,0.0,0.0,0.2,3,0,32,42,76.2,3,35,1,2,0,https://fbref.com/en/players/68252d6d/Josip-Ilicic-Josip Iličić,
6,Marten de Roon,https://fbref.com/en/players/2a1beb34/Marten-de-Roon,15,15,nl NED,CM,29-344,90,0,0,0,0,0,0,0,0,101,2,2,2,0.0,0.0,0.0,3,0,86,93,92.5,11,57,1,1,1,https://fbref.com/en/players/2a1beb34/Marten-de-Roon-Marten de Roon,
7,Remo Freuler,https://fbref.com/en/players/98d2c2c4/Remo-Freuler,11,11,ch SUI,CM,28-327,80,0,0,0,0,0,0,0,0,87,3,1,3,0.0,0.0,0.0,4,0,70,78,89.7,3,50,1,2,2,https://fbref.com/en/players/98d2c2c4/Remo-Freuler-Remo Freuler,
8,Mario Pašalić,https://fbref.com/en/players/e599253a/Mario-Pasalic,88,88,hr CRO,CM,26-027,10,0,0,0,0,1,0,0,0,2,0,0,0,0.1,0.1,0.0,0,0,1,1,100.0,1,1,0,0,0,https://fbref.com/en/players/e599253a/Mario-Pasalic-Mario Pašalić,
9,Robin Gosens,https://fbref.com/en/players/2d970560/Robin-Gosens,8,8,de GER,WB,26-246,90,0,0,0,0,1,0,0,0,74,3,1,3,0.0,0.0,0.0,0,0,52,63,82.5,3,36,1,0,0,https://fbref.com/en/players/2d970560/Robin-Gosens-Robin Gosens,
10,Joakim Mæhle,https://fbref.com/en/players/c459a650/Joakim-Maehle,3,3,dk DEN,WB,23-292,90,0,0,0,0,0,0,0,0,76,3,2,2,0.0,0.0,0.0,3,0,53,65,81.5,5,38,4,5,4,https://fbref.com/en/players/c459a650/Joakim-Maehle-Joakim Mæhle,
11,Berat Djimsiti,https://fbref.com/en/players/6eee05f1/Berat-Djimsiti,19,19,al ALB,CB,28-017,80,0,0,0,0,3,0,0,0,74,2,6,3,0.3,0.3,0.0,1,0,46,57,80.7,4,37,0,0,0,https://fbref.com/en/players/6eee05f1/Berat-Djimsiti-Berat Djimsiti,
12,José Luis Palomino,https://fbref.com/en/players/921f6058/Jose-Luis-Palomino,6,6,ar ARG,CB,31-062,10,0,0,0,0,0,0,0,0,15,1,1,0,0.0,0.0,0.0,0,0,13,13,100.0,0,8,0,0,0,https://fbref.com/en/players/921f6058/Jose-Luis-Palomino-José Luis Palomino,
13,Cristian Romero,https://fbref.com/en/players/a3d94a58/Cristian-Romero,17,17,ar ARG,CB,22-315,90,0,0,0,0,0,0,1,0,64,3,2,0,0.0,0.0,0.0,0,0,45,54,83.3,3,30,0,0,0,https://fbref.com/en/players/a3d94a58/Cristian-Romero-Cristian Romero,
14,Rafael Tolói,https://fbref.com/en/players/c56dc39e/Rafael-Toloi,2,2,it ITA,CB,30-149,90,0,0,0,0,1,0,0,0,78,3,2,2,0.1,0.1,0.1,1,0,58,68,85.3,3,40,2,1,0,https://fbref.com/en/players/c56dc39e/Rafael-Toloi-Rafael Tolói,
15,Marco Sportiello,https://fbref.com/en/players/ac4003af/Marco-Sportiello,57,57,it ITA,GK,28-302,90,0,0,0,0,0,0,0,0,16,0,0,0,0.0,0.0,0.0,0,0,12,15,80.0,0,11,0,0,0,https://fbref.com/en/players/ac4003af/Marco-Sportiello-Marco Sportiello,
