,Player Name,Player Number,Player,#,Nation,Pos,Age,Min,Gls,Ast,PK,PKatt,Sh,SoT,CrdY,CrdR,Touches,Tkl,Int,Blocks,xG,npxG,xAG,SCA,GCA,Cmp,Att,Cmp%,PrgP,Carries,PrgC,Att,Succ,Player Key,Player Link
0,Lautaro Martínez,https://fbref.com/en/players/f7036e1c/Lautaro-Martinez,10,10,ar ARG,FW,23-198,76,0,0,0,0,2,0,0,0,24,1,2,2,0.1,0.1,0.0,0,0,8,12,66.7,1,15,2,1,0,https://fbref.com/en/players/f7036e1c/Lautaro-Martinez-Lautaro Martínez,
1,Alexis Sánchez,https://fbref.com/en/players/2c0f8e9e/Alexis-Sanchez,7,7,cl CHI,FW,32-079,14,0,0,0,0,0,0,0,0,8,0,0,0,0.0,0.0,0.0,0,0,2,5,40.0,0,8,0,0,0,https://fbref.com/en/players/2c0f8e9e/Alexis-Sanchez-Alexis Sánchez,
2,Romelu Lukaku,https://fbref.com/en/players/5eae500a/Romelu-Lukaku,9,9,be BEL,FW,27-299,90,0,0,0,0,0,0,0,0,43,0,0,0,0.0,0.0,0.0,0,0,16,30,53.3,1,30,3,4,2,https://fbref.com/en/players/5eae500a/Romelu-Lukaku-Romelu Lukaku,
3,Arturo Vidal,https://fbref.com/en/players/67cdbc0e/Arturo-Vidal,22,22,cl CHI,CM,33-290,52,0,0,0,0,0,0,0,0,47,2,1,2,0.0,0.0,0.0,0,0,35,42,83.3,0,33,0,0,0,https://fbref.com/en/players/67cdbc0e/Arturo-Vidal-Arturo Vidal,
4,Christian Eriksen,https://fbref.com/en/players/980522ec/Christian-Eriksen,24,24,dk DEN,CM,29-022,38,0,0,0,0,0,0,0,0,21,2,0,0,0.0,0.0,0.0,0,0,14,19,73.7,1,9,0,1,1,https://fbref.com/en/players/980522ec/Christian-Eriksen-Christian Eriksen,
5,Marcelo Brozović,https://fbref.com/en/players/33b8d077/Marcelo-Brozovic,77,77,hr CRO,CM,28-112,76,0,0,0,0,0,0,0,0,76,0,2,2,0.0,0.0,0.1,2,0,58,69,84.1,2,48,2,1,1,https://fbref.com/en/players/33b8d077/Marcelo-Brozovic-Marcelo Brozović,
6,Roberto Gagliardini,https://fbref.com/en/players/ce30bfc8/Roberto-Gagliardini,5,5,it ITA,CM,26-335,14,0,0,0,0,0,0,0,0,6,1,2,0,0.0,0.0,0.0,0,0,2,3,66.7,1,4,0,0,0,https://fbref.com/en/players/ce30bfc8/Roberto-Gagliardini-Roberto Gagliardini,
7,Nicolò Barella,https://fbref.com/en/players/6928979a/Nicolo-Barella,23,23,it ITA,CM,24-029,90,0,0,0,0,0,0,0,0,64,0,4,1,0.0,0.0,0.0,0,0,41,49,83.7,2,46,4,2,0,https://fbref.com/en/players/6928979a/Nicolo-Barella-Nicolò Barella,
8,Ivan Perišić,https://fbref.com/en/players/6fe90922/Ivan-Perisic,14,14,hr CRO,WB,32-034,84,0,0,0,0,1,0,0,0,46,3,2,2,0.0,0.0,0.0,1,1,17,30,56.7,1,26,3,0,0,https://fbref.com/en/players/6fe90922/Ivan-Perisic-Ivan Perišić,
9,Matteo Darmian,https://fbref.com/en/players/96e0490d/Matteo-Darmian,36,36,it ITA,WB,31-096,6,0,0,0,0,0,0,0,0,8,0,1,0,0.0,0.0,0.0,0,0,5,6,83.3,0,1,0,1,0,https://fbref.com/en/players/96e0490d/Matteo-Darmian-Matteo Darmian,
10,Achraf Hakimi,https://fbref.com/en/players/e42d61c7/Achraf-Hakimi,2,2,ma MAR,WB,22-124,84,0,0,0,0,0,0,0,0,52,0,2,2,0.0,0.0,0.0,1,0,32,40,80.0,3,32,1,2,0,https://fbref.com/en/players/e42d61c7/Achraf-Hakimi-Achraf Hakimi,
11,Danilo D'Ambrosio,https://fbref.com/en/players/44eb9093/Danilo-DAmbrosio,33,33,it ITA,WB,32-180,6,0,0,0,0,0,0,0,0,2,0,0,0,0.0,0.0,0.0,0,0,1,1,100.0,0,2,0,0,0,https://fbref.com/en/players/44eb9093/Danilo-DAmbrosio-Danilo D'Ambrosio,
12,Alessandro Bastoni,https://fbref.com/en/players/75b86fb3/Alessandro-Bastoni,95,95,it ITA,CB,21-329,90,0,1,0,0,0,0,0,0,71,3,6,1,0.0,0.0,0.1,2,1,56,60,93.3,4,47,1,0,0,https://fbref.com/en/players/75b86fb3/Alessandro-Bastoni-Alessandro Bastoni,
13,Stefan de Vrij,https://fbref.com/en/players/d0d8dd44/Stefan-de-Vrij,6,6,nl NED,CB,29-031,90,0,0,0,0,0,0,0,0,67,0,1,1,0.0,0.0,0.0,1,0,58,62,93.5,1,52,1,0,0,https://fbref.com/en/players/d0d8dd44/Stefan-de-Vrij-Stefan de Vrij,
14,Milan Škriniar,https://fbref.com/en/players/30f5ffa9/Milan-Skriniar,37,37,sk SVK,CB,26-025,90,1,0,0,0,2,1,0,0,61,3,5,1,0.1,0.1,0.0,0,0,37,44,84.1,0,41,0,0,0,https://fbref.com/en/players/30f5ffa9/Milan-Skriniar-Milan Škriniar,
15,Samir Handanović,https://fbref.com/en/players/74419746/Samir-Handanovic,1,1,si SVN,GK,36-237,90,0,0,0,0,0,0,0,0,49,0,0,0,0.0,0.0,0.0,0,0,38,47,80.9,0,32,0,0,0,https://fbref.com/en/players/74419746/Samir-Handanovic-Samir Handanović,
