,Player Name,Player Number,Player,#,Nation,Pos,Age,Min,Touches,Def Pen,Def 3rd,Mid 3rd,Att 3rd,Att Pen,Live,Att,Succ,Succ%,Tkld,Tkld%,Carries,TotDist,PrgDist,PrgC,1/3,CPA,Mis,Dis,Rec,PrgR,Player Key,Player Link
0,Lautaro Martínez,https://fbref.com/en/players/f7036e1c/Lautaro-Martinez,10,10,ar ARG,FW,23-198,76,24,0,8,10,6,1,24,1,0,0.0,1,100.0,15,143,106,2,0,0,0,3,15,2,https://fbref.com/en/players/f7036e1c/Lautaro-Martinez-Lautaro Martínez,
1,Alexis Sánchez,https://fbref.com/en/players/2c0f8e9e/Alexis-Sanchez,7,7,cl CHI,FW,32-079,14,8,0,1,3,4,0,8,0,0,,0,,8,11,2,0,0,0,1,5,10,0,https://fbref.com/en/players/2c0f8e9e/Alexis-Sanchez-Alexis Sánchez,
2,Romelu Lukaku,https://fbref.com/en/players/5eae500a/Romelu-Lukaku,9,9,be BEL,FW,27-299,90,43,1,2,25,16,4,43,4,2,50.0,2,50.0,30,141,58,3,1,2,5,4,38,6,https://fbref.com/en/players/5eae500a/Romelu-Lukaku-Romelu Lukaku,
3,Arturo Vidal,https://fbref.com/en/players/67cdbc0e/Arturo-Vidal,22,22,cl CHI,CM,33-290,52,47,2,21,24,2,0,47,0,0,,0,,33,82,38,0,0,0,1,0,36,0,https://fbref.com/en/players/67cdbc0e/Arturo-Vidal-Arturo Vidal,
4,Christian Eriksen,https://fbref.com/en/players/980522ec/Christian-Eriksen,24,24,dk DEN,CM,29-022,38,21,1,12,6,4,0,21,1,1,100.0,0,0.0,9,29,7,0,0,0,0,0,8,0,https://fbref.com/en/players/980522ec/Christian-Eriksen-Christian Eriksen,
5,Marcelo Brozović,https://fbref.com/en/players/33b8d077/Marcelo-Brozovic,77,77,hr CRO,CM,28-112,76,76,9,33,33,11,0,76,1,1,100.0,0,0.0,48,237,94,2,2,0,0,1,49,0,https://fbref.com/en/players/33b8d077/Marcelo-Brozovic-Marcelo Brozović,
6,Roberto Gagliardini,https://fbref.com/en/players/ce30bfc8/Roberto-Gagliardini,5,5,it ITA,CM,26-335,14,6,0,1,5,0,0,6,0,0,,0,,4,22,0,0,0,0,0,1,2,0,https://fbref.com/en/players/ce30bfc8/Roberto-Gagliardini-Roberto Gagliardini,
7,Nicolò Barella,https://fbref.com/en/players/6928979a/Nicolo-Barella,23,23,it ITA,CM,24-029,90,64,5,21,29,14,0,64,2,0,0.0,2,100.0,46,226,118,4,2,0,2,1,43,3,https://fbref.com/en/players/6928979a/Nicolo-Barella-Nicolò Barella,
8,Ivan Perišić,https://fbref.com/en/players/6fe90922/Ivan-Perisic,14,14,hr CRO,WB,32-034,84,46,5,20,16,11,5,46,0,0,,0,,26,116,67,3,1,3,1,0,21,4,https://fbref.com/en/players/6fe90922/Ivan-Perisic-Ivan Perišić,
9,Matteo Darmian,https://fbref.com/en/players/96e0490d/Matteo-Darmian,36,36,it ITA,WB,31-096,6,8,1,1,0,7,0,8,1,0,0.0,1,100.0,1,1,0,0,0,0,0,1,1,0,https://fbref.com/en/players/96e0490d/Matteo-Darmian-Matteo Darmian,
10,Achraf Hakimi,https://fbref.com/en/players/e42d61c7/Achraf-Hakimi,2,2,ma MAR,WB,22-124,84,52,2,19,17,17,1,52,2,0,0.0,2,100.0,32,175,55,1,1,0,1,1,32,2,https://fbref.com/en/players/e42d61c7/Achraf-Hakimi-Achraf Hakimi,
11,Danilo D'Ambrosio,https://fbref.com/en/players/44eb9093/Danilo-DAmbrosio,33,33,it ITA,WB,32-180,6,2,0,2,0,0,0,2,0,0,,0,,2,7,7,0,0,0,0,0,1,0,https://fbref.com/en/players/44eb9093/Danilo-DAmbrosio-Danilo D'Ambrosio,
12,Alessandro Bastoni,https://fbref.com/en/players/75b86fb3/Alessandro-Bastoni,95,95,it ITA,CB,21-329,90,71,9,33,33,6,1,71,0,0,,0,,47,205,133,1,2,0,2,0,45,0,https://fbref.com/en/players/75b86fb3/Alessandro-Bastoni-Alessandro Bastoni,
13,Stefan de Vrij,https://fbref.com/en/players/d0d8dd44/Stefan-de-Vrij,6,6,nl NED,CB,29-031,90,67,13,43,24,0,0,67,0,0,,0,,52,229,117,1,0,0,0,0,51,0,https://fbref.com/en/players/d0d8dd44/Stefan-de-Vrij-Stefan de Vrij,
14,Milan Škriniar,https://fbref.com/en/players/30f5ffa9/Milan-Skriniar,37,37,sk SVK,CB,26-025,90,61,14,44,12,5,4,61,0,0,,0,,41,168,53,0,1,0,0,1,39,0,https://fbref.com/en/players/30f5ffa9/Milan-Skriniar-Milan Škriniar,
15,Samir Handanović,https://fbref.com/en/players/74419746/Samir-Handanovic,1,1,si SVN,GK,36-237,90,49,47,49,0,0,0,49,0,0,,0,,32,123,75,0,0,0,0,0,25,0,https://fbref.com/en/players/74419746/Samir-Handanovic-Samir Handanović,
