,Player Name,Player Number,Player,#,Nation,Pos,Age,Min,Att,Live,Dead,FK,TB,Sw,Crs,TI,CK,In,Out,Str,Cmp,Off,Blocks,Player Key,Player Link
0,Lautaro Martínez,https://fbref.com/en/players/f7036e1c/Lautaro-Martinez,10,10,ar ARG,FW,23-198,76,12,12,0,0,0,1,0,0,0,0,0,0,8,0,0,https://fbref.com/en/players/f7036e1c/Lautaro-Martinez-Lautaro Martínez,
1,Alexis Sánchez,https://fbref.com/en/players/2c0f8e9e/Alexis-Sanchez,7,7,cl CHI,FW,32-079,14,5,5,0,0,0,0,0,0,0,0,0,0,2,0,0,https://fbref.com/en/players/2c0f8e9e/Alexis-Sanchez-Alexis Sánchez,
2,Romelu Lukaku,https://fbref.com/en/players/5eae500a/Romelu-Lukaku,9,9,be BEL,FW,27-299,90,30,29,1,0,0,0,0,0,0,0,0,0,16,0,4,https://fbref.com/en/players/5eae500a/Romelu-Lukaku-Romelu Lukaku,
3,Arturo Vidal,https://fbref.com/en/players/67cdbc0e/Arturo-Vidal,22,22,cl CHI,CM,33-290,52,42,41,1,1,0,0,0,0,0,0,0,0,35,0,2,https://fbref.com/en/players/67cdbc0e/Arturo-Vidal-Arturo Vidal,
4,Christian Eriksen,https://fbref.com/en/players/980522ec/Christian-Eriksen,24,24,dk DEN,CM,29-022,38,19,15,4,1,0,0,3,0,3,0,3,0,14,0,0,https://fbref.com/en/players/980522ec/Christian-Eriksen-Christian Eriksen,
5,Marcelo Brozović,https://fbref.com/en/players/33b8d077/Marcelo-Brozovic,77,77,hr CRO,CM,28-112,76,69,59,10,6,0,0,3,0,4,1,1,0,58,0,1,https://fbref.com/en/players/33b8d077/Marcelo-Brozovic-Marcelo Brozović,
6,Roberto Gagliardini,https://fbref.com/en/players/ce30bfc8/Roberto-Gagliardini,5,5,it ITA,CM,26-335,14,3,3,0,0,0,0,0,0,0,0,0,0,2,0,0,https://fbref.com/en/players/ce30bfc8/Roberto-Gagliardini-Roberto Gagliardini,
7,Nicolò Barella,https://fbref.com/en/players/6928979a/Nicolo-Barella,23,23,it ITA,CM,24-029,90,49,47,1,0,0,0,1,1,0,0,0,0,41,1,1,https://fbref.com/en/players/6928979a/Nicolo-Barella-Nicolò Barella,
8,Ivan Perišić,https://fbref.com/en/players/6fe90922/Ivan-Perisic,14,14,hr CRO,WB,32-034,84,30,26,4,0,0,1,1,4,0,0,0,0,17,0,1,https://fbref.com/en/players/6fe90922/Ivan-Perisic-Ivan Perišić,
9,Matteo Darmian,https://fbref.com/en/players/96e0490d/Matteo-Darmian,36,36,it ITA,WB,31-096,6,6,1,4,0,0,0,0,4,0,0,0,0,5,1,0,https://fbref.com/en/players/96e0490d/Matteo-Darmian-Matteo Darmian,
10,Achraf Hakimi,https://fbref.com/en/players/e42d61c7/Achraf-Hakimi,2,2,ma MAR,WB,22-124,84,40,34,6,1,0,0,0,5,0,0,0,0,32,0,3,https://fbref.com/en/players/e42d61c7/Achraf-Hakimi-Achraf Hakimi,
11,Danilo D'Ambrosio,https://fbref.com/en/players/44eb9093/Danilo-DAmbrosio,33,33,it ITA,WB,32-180,6,1,1,0,0,0,0,0,0,0,0,0,0,1,0,0,https://fbref.com/en/players/44eb9093/Danilo-DAmbrosio-Danilo D'Ambrosio,
12,Alessandro Bastoni,https://fbref.com/en/players/75b86fb3/Alessandro-Bastoni,95,95,it ITA,CB,21-329,90,60,55,5,2,0,0,0,0,0,0,0,0,56,0,0,https://fbref.com/en/players/75b86fb3/Alessandro-Bastoni-Alessandro Bastoni,
13,Stefan de Vrij,https://fbref.com/en/players/d0d8dd44/Stefan-de-Vrij,6,6,nl NED,CB,29-031,90,62,61,1,1,0,0,0,0,0,0,0,0,58,0,0,https://fbref.com/en/players/d0d8dd44/Stefan-de-Vrij-Stefan de Vrij,
14,Milan Škriniar,https://fbref.com/en/players/30f5ffa9/Milan-Skriniar,37,37,sk SVK,CB,26-025,90,44,42,2,1,0,0,0,1,0,0,0,0,37,0,0,https://fbref.com/en/players/30f5ffa9/Milan-Skriniar-Milan Škriniar,
15,Samir Handanović,https://fbref.com/en/players/74419746/Samir-Handanovic,1,1,si SVN,GK,36-237,90,47,35,12,4,0,0,0,0,0,0,0,0,38,0,0,https://fbref.com/en/players/74419746/Samir-Handanovic-Samir Handanović,
