,Minute,Player,Squad,xG,PSxG,Outcome,Distance,Body Part,Notes,SCA 1 Player,SCA 1 Event,SCA 2 Player,SCA 2 Event
0,8,Milan Škriniar,Inter,0.03,,Blocked,12,Head,,Marcelo Brozović,Pass (Dead),,
1,12,Duván Zapata,Atalanta,0.05,,Blocked,12,Head,,Ruslan Malinovskyi,Pass (Dead),,
2,18,Duván Zapata,Atalanta,0.05,,Off Target,12,Left Foot,,Matteo Pessina,Pass (Live),Marten de Roon,Pass (Live)
3,25,Lautaro Martínez,Inter,0.04,,Blocked,22,Right Foot,,Alessandro Bastoni,Pass (Live),Stefan de Vrij,Pass (Live)
4,29,Duván Zapata,Atalanta,0.03,,Off Target,25,Right Foot,,Marten de Roon,Pass (Live),Remo Freuler,Pass (Live)
5,39,Duván Zapata,Atalanta,0.11,0.06,Saved,9,Head,,Ruslan Malinovskyi,Pass (Dead),Joakim Mæhle,Pass (Live)
6,40,Berat Djimsiti,Atalanta,0.09,,Blocked,9,Head,,Ruslan Malinovskyi,Pass (Dead),Duván Zapata,Shot
7,42,Lautaro Martínez,Inter,0.04,,Blocked,15,Right Foot,,Achraf Hakimi,Pass (Live),,
8,,,,,,,,,,,,,
9,48,Josip Iličić,Atalanta,0.02,,Blocked,32,Left Foot,,Duván Zapata,Pass (Live),Remo Freuler,Pass (Live)
10,53,Ivan Perišić,Inter,0.03,,Blocked,25,Right Foot,,Marcelo Brozović,Pass (Live),,
11,54,Milan Škriniar,Inter,0.10,0.48,Goal,12,Right Foot,,Alessandro Bastoni,Pass (Live),Ivan Perišić,Shot
12,62,Robin Gosens,Atalanta,0.03,,Off Target,9,Head,,Remo Freuler,Pass (Live),Joakim Mæhle,Pass (Live)
13,68,Duván Zapata,Atalanta,0.06,,Off Target,17,Right Foot,,Matteo Pessina,Pass (Live),Joakim Mæhle,Pass (Live)
14,71,Berat Djimsiti,Atalanta,0.08,,Off Target,11,Head,,Josip Iličić,Pass (Dead),Remo Freuler,Fouled
15,76,Luis Muriel,Atalanta,0.04,0.10,Saved,15,Left Foot,,Berat Djimsiti,Pass (Live),Marten de Roon,Pass (Live)
16,76,Berat Djimsiti,Atalanta,0.09,,Off Target,6,Head,,Josip Iličić,Pass (Dead),Aleksei Miranchuk,Pass (Live)
17,84,Mario Pašalić,Atalanta,0.08,,Off Target,10,Right Foot,Volley,Rafael Tolói,Pass (Live),Josip Iličić,Pass (Live)
18,89,Rafael Tolói,Atalanta,0.14,,Off Target,7,Right Foot,Volley,,,,
