season,injury,from,until,days,missed_games
23/24,Groin injury,"Jun 18, 2024","Jun 30, 2024",12 days,2
21/22,infection,"Apr 21, 2022","Apr 28, 2022",7 days,1
20/21,Achilles tendon rupture,"Jan 11, 2021","Jun 14, 2021",154 days,33
19/20,muscular problems,"May 11, 2020","May 25, 2020",14 days,2
19/20,Facial injury,"Dec 9, 2019","Jan 2, 2020",24 days,4
19/20,Torn muscle fiber in the adductor area,"Aug 29, 2019","Sep 12, 2019",14 days,3
18/19,Torn muscle fiber in the adductor area,"Mar 11, 2019","Mar 25, 2019",14 days,3
18/19,Rest,"Dec 10, 2018","Dec 13, 2018",3 days,1
12/13,Thigh problems,"Sep 17, 2012","Oct 1, 2012",14 days,4
