season,injury,from,until,days,missed_games
23/24,Meniscus tear,"Jan 19, 2024","Mar 10, 2024",51 days,13
22/23,Head injury,"Feb 18, 2023","Mar 10, 2023",20 days,4
21/22,Corona virus,"Apr 8, 2022","Apr 11, 2022",3 days,1
21/22,Ill,"Mar 10, 2022","Mar 15, 2022",5 days,2
21/22,Knock,"Feb 27, 2022","Mar 6, 2022",7 days,3
19/20,Hamstring injury,"Aug 1, 2020","Sep 13, 2020",43 days,4
19/20,Muscle strain,"Dec 23, 2019","Dec 25, 2019",2 days,-
10/11,Cruciate ligament tear,"Nov 27, 2010","May 15, 2011",169 days,42
