season,injury,from,until,days,missed_games
21/22,Knee injury,"Oct 5, 2021","Feb 20, 2022",138 days,23
20/21,Hamstring injury,"Sep 20, 2020","Oct 14, 2020",24 days,3
19/20,ankle sprain,"Feb 15, 2020","Feb 29, 2020",14 days,3
18/19,Muscle injury,"Feb 8, 2019","Feb 22, 2019",14 days,4
18/19,Muscle injury,"Dec 16, 2018","Dec 30, 2018",14 days,1
18/19,Muscle injury,"Dec 9, 2018","Dec 14, 2018",5 days,1
16/17,Knee injury,"May 21, 2017","Sep 6, 2017",108 days,4
16/17,Ankle injury,"Aug 8, 2016","Sep 19, 2016",42 days,6
14/15,Hamstring injury,"Mar 5, 2015","Mar 16, 2015",11 days,2
14/15,Ankle injury,"Aug 21, 2014","Aug 21, 2014",0 days,1
