season,injury,from,until,days,missed_games
23/24,Muscle injury,"Feb 21, 2024","Mar 29, 2024",37 days,7
23/24,Hamstring injury,"Jan 28, 2024","Feb 17, 2024",20 days,6
23/24,Muscle injury,"Oct 3, 2023","Oct 26, 2023",23 days,6
22/23,Knee injury,"May 31, 2023","Sep 14, 2023",106 days,8
22/23,unknown injury,"Jan 13, 2023","Jan 28, 2023",15 days,4
22/23,Back problems,"Sep 9, 2022","Sep 28, 2022",19 days,5
22/23,Tonsillitis,"Aug 7, 2022","Aug 19, 2022",12 days,1
21/22,Knock,"Jun 10, 2022","Jul 1, 2022",21 days,1
21/22,Muscle injury,"Apr 3, 2022","Apr 29, 2022",26 days,5
21/22,Corona virus,"Feb 10, 2022","Feb 15, 2022",5 days,1
21/22,Muscle injury,"Dec 6, 2021","Dec 31, 2021",25 days,4
21/22,Adductor pain,"Oct 9, 2021","Oct 18, 2021",9 days,2
20/21,muscular problems,"Feb 21, 2021","Mar 11, 2021",18 days,4
20/21,Muscle injury,"Feb 11, 2021","Feb 15, 2021",4 days,1
20/21,Thigh problems,"Dec 2, 2020","Dec 22, 2020",20 days,6
