season,injury,from,until,days,missed_games
23/24,Ankle injury,"Jan 30, 2024","Feb 19, 2024",20 days,4
21/22,Muscle injury,"Apr 18, 2022","Jul 1, 2022",74 days,10
21/22,Corona virus,"Dec 30, 2021","Jan 5, 2022",6 days,1
21/22,Muscle injury,"Nov 18, 2021","Dec 1, 2021",13 days,3
21/22,Broken ankle,"Jul 2, 2021","Sep 11, 2021",71 days,6
20/21,Muscle injury,"Jun 17, 2021","Jun 20, 2021",3 days,1
20/21,Ankle injury,"Apr 12, 2021","Apr 23, 2021",11 days,2
20/21,Ankle injury,"Mar 30, 2021","Apr 6, 2021",7 days,1
20/21,Corona virus,"Feb 2, 2021","Feb 16, 2021",14 days,2
20/21,Knock,"Dec 20, 2020","Dec 23, 2020",3 days,1
19/20,Ankle injury,"Jul 4, 2020","Jul 18, 2020",14 days,3
19/20,Leg injury,"Jan 27, 2020","Feb 21, 2020",25 days,4
19/20,ankle sprain,"Oct 20, 2019","Nov 20, 2019",31 days,8
18/19,Muscle injury,"Mar 23, 2019","Mar 28, 2019",5 days,1
18/19,Injury to the ankle,"Sep 24, 2018","Oct 14, 2018",20 days,6
