season,injury,from,until,days,missed_games
23/24,Muscle injury,"Aug 15, 2023","Sep 22, 2023",38 days,4
22/23,Muscle injury,"Oct 18, 2022","Nov 8, 2022",21 days,6
21/22,Muscle injury,"Feb 22, 2022","Mar 10, 2022",16 days,3
21/22,Corona virus,"Dec 30, 2021","Jan 5, 2022",6 days,1
21/22,Muscle injury,"Sep 17, 2021","Sep 23, 2021",6 days,2
19/20,Muscle injury,"Jan 10, 2020","Feb 7, 2020",28 days,5
19/20,Muscle injury,"Dec 18, 2019","Jan 6, 2020",19 days,2
18/19,Muscle injury,"Jan 20, 2019","Feb 18, 2019",29 days,4
18/19,Muscle injury,"Oct 28, 2018","Nov 22, 2018",25 days,6
17/18,Adductor pain,"Dec 30, 2017","Jan 5, 2018",6 days,1
17/18,Hamstring injury,"Oct 15, 2017","Nov 17, 2017",33 days,8
15/16,Knock,"May 30, 2016","Jun 3, 2016",4 days,1
15/16,Hamstring strain,"Sep 21, 2015","Oct 15, 2015",24 days,6
14/15,Muscle tear,"Feb 9, 2015","Mar 5, 2015",24 days,4
14/15,muscular problems,"Jan 26, 2015","Feb 2, 2015",7 days,2
