season,injury,from,until,days,missed_games
22/23,Muscle injury,"Apr 3, 2023","Jul 30, 2023",118 days,13
21/22,Muscle injury,"Jan 15, 2022","Feb 11, 2022",27 days,3
21/22,Strain in the thigh and gluteal muscles,"Dec 20, 2021","Jan 3, 2022",14 days,2
21/22,Muscle injury,"Oct 24, 2021","Nov 8, 2021",15 days,5
21/22,Muscle injury,"Oct 22, 2021","Feb 13, 2021",251 days,-
21/22,Hamstring injury,"Oct 3, 2021","Oct 18, 2021",15 days,2
18/19,Adductor injury,"Feb 7, 2019","Mar 18, 2019",39 days,9
18/19,Adductor injury,"Jan 1, 2019","Jan 21, 2019",20 days,6
17/18,Shoulder injury,"Jan 12, 2018","Jan 15, 2018",3 days,1
