season,injury,from,until,days,missed_games
23/24,Muscle injury,"Mar 16, 2024","Apr 11, 2024",26 days,3
21/22,Ill,"May 6, 2022","May 10, 2022",4 days,1
21/22,Muscle injury,"Mar 3, 2022","Mar 14, 2022",11 days,2
21/22,Corona virus,"Feb 16, 2022","Feb 18, 2022",2 days,1
20/21,Corona virus,"Jan 30, 2021","Feb 12, 2021",13 days,2
20/21,Ankle sprain,"Jan 15, 2021","Jan 23, 2021",8 days,1
19/20,minor knock,"Jul 2, 2020","Jul 9, 2020",7 days,2
19/20,Adductor pain,"Jun 27, 2020","Jun 30, 2020",3 days,2
19/20,Heel problems,"Mar 11, 2020","Mar 11, 2020",0 days,1
19/20,Knee problems,"Sep 28, 2019","Oct 6, 2019",8 days,3
19/20,Ill,"Sep 18, 2019","Sep 18, 2019",0 days,1
18/19,Ligament stretching,"Dec 7, 2018","Jan 18, 2019",42 days,7
17/18,minor knock,"Nov 27, 2017","Nov 30, 2017",3 days,2
