season,injury,from,until,days,missed_games
23/24,Muscle injury,"Apr 9, 2024","May 11, 2024",32 days,6
23/24,Muscle injury,"Apr 8, 2024","May 6, 2024",28 days,6
23/24,Muscle injury,"Sep 26, 2023","Nov 24, 2023",59 days,14
23/24,Muscle injury,"Sep 15, 2023","Sep 20, 2023",5 days,2
22/23,Calf injury,"May 2, 2023","Jul 30, 2023",89 days,8
22/23,Muscle injury,"Apr 1, 2023","Apr 25, 2023",24 days,4
22/23,Thigh problems,"Sep 22, 2022","Nov 20, 2022",59 days,13
21/22,Hamstring strain,"Apr 4, 2022","Apr 14, 2022",10 days,3
21/22,Achilles tendon problems,"Jan 17, 2022","Feb 28, 2022",42 days,8
21/22,Hamstring injury,"Dec 9, 2021","Jan 10, 2022",32 days,6
19/20,Cruciate ligament tear,"Dec 16, 2019","Jul 2, 2020",199 days,19
19/20,Thigh problems,"Nov 18, 2019","Dec 2, 2019",14 days,4
19/20,Thigh problems,"Oct 10, 2019","Oct 21, 2019",11 days,2
14/15,Groin injury,"Sep 15, 2014","Oct 23, 2014",38 days,18
13/14,Thigh problems,"Apr 3, 2014","Apr 14, 2014",11 days,2
