season,injury,from,until,days,missed_games
20/21,Muscle injury,"Oct 15, 2020","Nov 2, 2020",18 days,5
18/19,muscular problems,"Jan 28, 2019","Feb 8, 2019",11 days,1
18/19,Hamstring injury,"Jan 17, 2019","Jan 25, 2019",8 days,1
16/17,ankle sprain,"Oct 3, 2016","Oct 19, 2016",16 days,6
15/16,ankle sprain,"Mar 24, 2016","Apr 2, 2016",9 days,3
14/15,Ill,"Feb 26, 2015","Apr 1, 2015",34 days,9
14/15,Knee injury,"Feb 9, 2015","Feb 16, 2015",7 days,1
13/14,Abdominal muscle strain,"May 14, 2014","May 20, 2014",6 days,1
