season,injury,from,until,days,missed_games
22/23,Broken toe,"Apr 3, 2023","Jul 16, 2023",104 days,11
22/23,Muscle injury,"Aug 22, 2022","Sep 30, 2022",39 days,8
21/22,Muscle injury,"Dec 5, 2021","Jan 21, 2022",47 days,9
21/22,Muscle injury,"Oct 22, 2021","Oct 24, 2021",2 days,1
21/22,Muscle injury,"Oct 4, 2021","Oct 25, 2021",21 days,4
19/20,Muscle injury,"Nov 20, 2019","Jan 8, 2020",49 days,8
19/20,Muscle injury,"Oct 12, 2019","Nov 12, 2019",31 days,8
18/19,Muscle injury,"May 5, 2019","Jun 5, 2019",31 days,2
18/19,Muscle injury,"Apr 16, 2019","Apr 23, 2019",7 days,1
18/19,Muscle injury,"Mar 13, 2019","Mar 24, 2019",11 days,2
18/19,Achilles tendon problems,"Jan 14, 2019","Feb 14, 2019",31 days,5
18/19,Calf injury,"Nov 5, 2018","Nov 23, 2018",18 days,4
18/19,Calf stiffness,"Sep 17, 2018","Oct 23, 2018",36 days,9
17/18,Inguinal hernia,"May 23, 2018","Jul 7, 2018",45 days,2
17/18,Hamstring injury,"Feb 5, 2018","Mar 17, 2018",40 days,10
