season,injury,from,until,days,missed_games
23/24,Achilles tendon rupture,"Sep 17, 2023","May 17, 2024",243 days,48
22/23,Muscle injury,"Sep 2, 2022","Sep 5, 2022",3 days,1
21/22,Muscle injury,"Apr 18, 2022","May 20, 2022",32 days,5
21/22,Muscle injury,"Mar 9, 2022","Apr 1, 2022",23 days,3
21/22,Corona virus,"Feb 18, 2022","Feb 22, 2022",4 days,1
21/22,Muscle injury,"Oct 25, 2021","Nov 20, 2021",26 days,5
21/22,Muscle injury,"Sep 16, 2021","Sep 28, 2021",12 days,4
20/21,Muscle injury,"May 9, 2021","Jun 3, 2021",25 days,4
20/21,Muscle injury,"Apr 11, 2021","Apr 23, 2021",12 days,3
20/21,Corona virus,"Feb 8, 2021","Feb 19, 2021",11 days,3
19/20,Muscle injury,"Feb 19, 2020","Mar 9, 2020",19 days,3
19/20,Muscle injury,"Jan 1, 2020","Jan 31, 2020",30 days,6
19/20,Hamstring injury,"Sep 19, 2019","Sep 26, 2019",7 days,2
18/19,Muscle injury,"Mar 31, 2019","Apr 18, 2019",18 days,3
18/19,Ankle injury,"Dec 12, 2018","Jan 2, 2019",21 days,2
