season,injury,from,until,days,missed_games
22/23,Knee injury,"May 4, 2023",,430 days,?
22/23,Hamstring injury,"Dec 15, 2022","Apr 5, 2023",111 days,15
21/22,Muscle injury,"Sep 20, 2021","Nov 5, 2021",46 days,7
20/21,Hamstring injury,"Nov 3, 2020","Nov 20, 2020",17 days,2
19/20,Knock,"Jun 11, 2020","Jun 16, 2020",5 days,1
19/20,Groin injury,"Dec 7, 2019","Jan 4, 2020",28 days,4
19/20,Hamstring injury,"Sep 29, 2019","Oct 21, 2019",22 days,3
18/19,Groin injury,"Mar 14, 2019","Mar 28, 2019",14 days,1
18/19,muscular problems,"Jan 14, 2019","Feb 2, 2019",19 days,3
18/19,Knee problems,"Sep 30, 2018","Oct 14, 2018",14 days,2
18/19,Knee injury,"Aug 21, 2018","Sep 25, 2018",35 days,6
17/18,Muscle injury,"May 7, 2018","May 19, 2018",12 days,2
17/18,Muscle injury,"Nov 30, 2017","Dec 30, 2017",30 days,4
17/18,Hamstring injury,"Sep 21, 2017","Oct 12, 2017",21 days,4
17/18,Knee problems,"Aug 29, 2017","Sep 19, 2017",21 days,4
