season,injury,from,until,days,missed_games
23/24,Inner ligament stretch of the knee,"Feb 11, 2024","Feb 20, 2024",9 days,3
21/22,Torn muscle fiber,"Sep 26, 2021","Oct 16, 2021",20 days,5
21/22,Adductor pain,"Sep 19, 2021","Sep 22, 2021",3 days,2
20/21,Virus,"Feb 26, 2021","Mar 1, 2021",3 days,1
20/21,muscular problems,"Jan 3, 2021","Jan 9, 2021",6 days,2
19/20,Muscle injury,"Feb 2, 2020","Feb 12, 2020",10 days,1
19/20,Knee problems,"Jan 22, 2020","Jan 24, 2020",2 days,1
19/20,Knee injury,"Aug 28, 2019","Sep 18, 2019",21 days,5
18/19,Hamstring injury,"Jan 9, 2019","Jan 20, 2019",11 days,2
18/19,Knee injury,"Dec 14, 2018","Dec 29, 2018",15 days,4
17/18,Back injury,"Jan 19, 2018","Feb 9, 2018",21 days,5
17/18,Hamstring injury,"Sep 30, 2017","Oct 18, 2017",18 days,5
16/17,Achilles tendon problems,"Nov 17, 2016","Dec 5, 2016",18 days,5
16/17,minor knock,"Nov 14, 2016","Nov 14, 2016",0 days,-
15/16,minor knock,"May 2, 2016","May 12, 2016",10 days,1
