season,injury,from,until,days,missed_games
23/24,Torn thigh muscle,"May 26, 2024","Jul 7, 2024",42 days,1
23/24,Torn thigh muscle,"Mar 7, 2024","Apr 1, 2024",25 days,4
23/24,Groin problems,"Sep 12, 2023","Oct 20, 2023",38 days,7
22/23,Muscle injury,"May 8, 2023","Jun 20, 2023",43 days,6
22/23,Knee bruise,"Sep 22, 2022","Oct 28, 2022",36 days,6
21/22,Hamstring injury,"Dec 22, 2021","Jan 14, 2022",23 days,4
20/21,Corona virus,"Apr 2, 2021","Apr 15, 2021",13 days,2
20/21,Adductor injury,"Oct 6, 2020","Dec 27, 2020",82 days,23
19/20,Foot injury,"Oct 10, 2019","Jan 10, 2020",92 days,21
18/19,Torn muscle fiber,"Jul 25, 2018","Aug 26, 2018",32 days,5
17/18,muscular problems,"Dec 7, 2017","Dec 11, 2017",4 days,1
17/18,bruise,"Jul 24, 2017","Jul 27, 2017",3 days,1
16/17,Foot bruise,"May 1, 2017","May 8, 2017",7 days,1
16/17,concussion,"Nov 21, 2016","Nov 28, 2016",7 days,1
