season,injury,from,until,days,missed_games
23/24,unknown injury,"May 11, 2024","May 31, 2024",20 days,4
22/23,Hamstring injury,"Apr 6, 2023","May 5, 2023",29 days,5
22/23,Ill,"Jan 6, 2023","Jan 9, 2023",3 days,1
22/23,Muscle injury,"Oct 14, 2022","Oct 26, 2022",12 days,3
22/23,Hamstring injury,"Aug 29, 2022","Oct 5, 2022",37 days,4
21/22,Ill,"Mar 7, 2022","Mar 12, 2022",5 days,1
21/22,Knock,"Feb 14, 2022","Mar 4, 2022",18 days,2
21/22,Calf injury,"Dec 28, 2021","Jan 5, 2022",8 days,-
20/21,Groin injury,"Feb 28, 2021","Apr 4, 2021",35 days,4
20/21,Calf injury,"Nov 22, 2020","Jan 22, 2021",61 days,11
20/21,Ankle injury,"Sep 21, 2020","Oct 1, 2020",10 days,3
19/20,Hamstring injury,"Dec 9, 2019","Jan 17, 2020",39 days,8
19/20,Hamstring strain,"Sep 22, 2019","Sep 28, 2019",6 days,-
19/20,Hamstring injury,"Aug 26, 2019","Sep 20, 2019",25 days,3
19/20,Hamstring injury,"Aug 12, 2019","Aug 24, 2019",12 days,1
