season,injury,from,until,days,missed_games
23/24,unknown injury,"Nov 5, 2023","Dec 10, 2023",35 days,5
23/24,Shoulder injury,"Oct 25, 2023","Oct 31, 2023",6 days,1
20/21,stomach problems,"Oct 27, 2021","Nov 2, 2021",6 days,1
20/21,Muscle injury,"Aug 1, 2021","Oct 26, 2021",86 days,19
20/21,minor knock,"May 21, 2021","May 27, 2021",6 days,2
19/20,Torn thigh muscle,"Mar 14, 2020","Apr 6, 2020",23 days,1
19/20,unknown injury,"Jan 20, 2020","Jan 24, 2020",4 days,1
17/18,Knee problems,"Sep 10, 2017","Sep 29, 2017",19 days,4
