season,injury,from,until,days,missed_games
22/23,Calf injury,"Dec 20, 2022","Feb 9, 2023",51 days,10
21/22,Foot injury,"Apr 17, 2022","May 8, 2022",21 days,6
21/22,muscular problems,"Feb 17, 2022","Mar 10, 2022",21 days,6
21/22,Corona virus,"Jan 1, 2022","Jan 8, 2022",7 days,1
21/22,Hamstring injury,"Nov 3, 2021","Dec 12, 2021",39 days,11
21/22,Muscle injury,"Aug 29, 2021","Sep 22, 2021",24 days,6
20/21,Knee injury,"Mar 5, 2021","Apr 1, 2021",27 days,3
18/19,Muscle injury,"May 3, 2019","May 21, 2019",18 days,3
18/19,Groin strain,"Apr 25, 2019","Apr 30, 2019",5 days,1
18/19,Ankle problems,"Feb 24, 2019","Mar 2, 2019",6 days,2
18/19,Eye injury,"Sep 16, 2018","Sep 17, 2018",1 days,-
16/17,muscular problems,"May 12, 2017","May 18, 2017",6 days,1
16/17,Groin strain,"Sep 11, 2016","Sep 18, 2016",7 days,1
15/16,Hamstring injury,"Mar 17, 2016","Apr 4, 2016",18 days,5
15/16,Back injury,"Sep 24, 2015","Oct 19, 2015",25 days,6
