season,injury,from,until,days,missed_games
23/24,Leg injury,"Apr 26, 2024","May 11, 2024",15 days,2
23/24,Leg injury,"Feb 27, 2024","Mar 6, 2024",8 days,1
23/24,Calf injury,"Sep 22, 2023","Oct 3, 2023",11 days,2
23/24,Leg injury,"Jul 4, 2023","Jul 7, 2023",3 days,1
22/23,Hip injury,"Mar 11, 2023","Apr 5, 2023",25 days,4
22/23,Muscle fiber tear,"Jul 19, 2022","Aug 8, 2022",20 days,6
20/21,Corona virus,"Nov 16, 2020","Dec 3, 2020",17 days,4
20/21,Hamstring strain,"Aug 15, 2020","Sep 5, 2020",21 days,1
