season,injury,from,until,days,missed_games
23/24,Foot injury,"Feb 17, 2024","Mar 22, 2024",34 days,4
22/23,Knee surgery,"Aug 3, 2022","Jun 23, 2023",324 days,40
21/22,Knee surgery,"Feb 18, 2022","Jun 17, 2022",119 days,21
17/18,Torn muscle bundle,"Mar 25, 2018","Apr 13, 2018",19 days,3
16/17,Knee injury,"May 21, 2017","Jul 23, 2017",63 days,4
16/17,Knee injury,"Nov 17, 2016","Nov 29, 2016",12 days,2
16/17,Ankle sprain,"Sep 12, 2016","Oct 4, 2016",22 days,5
15/16,Torn muscle bundle,"Feb 16, 2016","Mar 9, 2016",22 days,4
