season,injury,from,until,days,missed_games
22/23,Knee surgery,"May 25, 2023","Aug 29, 2023",96 days,10
22/23,Fitness,"Jul 1, 2022","Jul 5, 2022",4 days,1
21/22,muscular problems,"Sep 13, 2021","Sep 22, 2021",9 days,2
20/21,muscular problems,"Feb 25, 2021","Mar 2, 2021",5 days,1
20/21,Muscle injury,"Dec 8, 2020","Dec 28, 2020",20 days,1
19/20,Corona virus,"Jun 20, 2020","Jun 26, 2020",6 days,-
19/20,Muscle injury,"Nov 12, 2019","Jan 6, 2020",55 days,3
18/19,Muscle injury,"Mar 26, 2019","Apr 2, 2019",7 days,1
15/16,stomach problems,"Nov 6, 2015","Nov 18, 2015",12 days,3
