season,injury,from,until,days,missed_games
23/24,Leg injury,"Mar 29, 2024","Apr 10, 2024",12 days,2
23/24,Leg injury,"Jul 3, 2023","Jul 10, 2023",7 days,1
21/22,Pubalgia,"Jan 21, 2022","Mar 4, 2022",42 days,1
20/21,Hamstring injury,"May 9, 2021","Jun 1, 2021",23 days,4
16/17,unknown injury,"Jan 9, 2017","Jan 18, 2017",9 days,2
16/17,unknown injury,"Nov 20, 2016","Nov 28, 2016",8 days,2
16/17,unknown injury,"Sep 5, 2016","Sep 11, 2016",6 days,1
15/16,unknown injury,"Feb 16, 2016","Feb 27, 2016",11 days,2
14/15,unknown injury,"Apr 20, 2015","Apr 28, 2015",8 days,1
13/14,unknown injury,"Feb 15, 2014","Mar 2, 2014",15 days,3
