season,injury,from,until,days,missed_games
23/24,unknown injury,"Mar 2, 2024","Mar 13, 2024",11 days,1
23/24,unknown injury,"Dec 4, 2023","Dec 10, 2023",6 days,1
23/24,Toe injury,"Sep 20, 2023","Oct 15, 2023",25 days,3
22/23,unknown injury,"Apr 5, 2023","Apr 19, 2023",14 days,2
22/23,Ankle injury,"Feb 14, 2023","Feb 21, 2023",7 days,1
22/23,unknown injury,"Jan 11, 2023","Jan 18, 2023",7 days,1
21/22,Ankle injury,"Apr 13, 2022","May 4, 2022",21 days,3
21/22,Corona virus,"Feb 10, 2022","Feb 15, 2022",5 days,1
21/22,Ill,"Oct 29, 2021","Nov 2, 2021",4 days,1
21/22,unknown injury,"Aug 21, 2021","Sep 8, 2021",18 days,1
20/21,Toe injury,"Mar 19, 2021","Apr 8, 2021",20 days,2
