season,injury,from,until,days,missed_games
23/24,unknown injury,"Feb 28, 2024","Mar 13, 2024",14 days,2
23/24,unknown injury,"Aug 1, 2023","Sep 27, 2023",57 days,5
22/23,unknown injury,"Apr 19, 2023","Jun 30, 2023",72 days,5
22/23,unknown injury,"Jan 18, 2023","Jan 24, 2023",6 days,1
22/23,unknown injury,"Oct 16, 2022","Nov 2, 2022",17 days,3
22/23,unknown injury,"Aug 1, 2022","Sep 15, 2022",45 days,6
20/21,unknown injury,"May 13, 2021","Oct 25, 2021",165 days,24
20/21,unknown injury,"Apr 7, 2021","Apr 22, 2021",15 days,4
20/21,unknown injury,"Mar 18, 2021","Apr 1, 2021",14 days,1
20/21,unknown injury,"Mar 4, 2021","Mar 11, 2021",7 days,1
20/21,unknown injury,"Feb 18, 2021","Feb 22, 2021",4 days,1
