season,injury,from,until,days,missed_games
23/24,unknown injury,"Apr 27, 2024",,72 days,4
23/24,unknown injury,"Dec 4, 2023","Dec 10, 2023",6 days,1
23/24,Fitness,"Sep 20, 2023","Nov 14, 2023",55 days,8
22/23,unknown injury,"Mar 26, 2023","Jun 30, 2023",96 days,14
22/23,unknown injury,"Jan 18, 2023","Feb 19, 2023",32 days,10
22/23,Muscle injury,"Oct 17, 2022","Dec 31, 2022",75 days,12
22/23,Thigh problems,"Aug 18, 2022","Oct 12, 2022",55 days,13
21/22,Ill,"Apr 8, 2022","Apr 12, 2022",4 days,3
21/22,unknown injury,"Nov 18, 2021","Nov 24, 2021",6 days,1
20/21,Ankle injury,"Mar 17, 2021","Apr 22, 2021",36 days,6
19/20,Ankle injury,"Aug 23, 2019","Sep 6, 2019",14 days,2
18/19,Ankle injury,"Aug 30, 2017","Sep 6, 2018",372 days,?
