season,injury,from,until,days,missed_games
23/24,flu,"Sep 30, 2023","Oct 2, 2023",2 days,1
22/23,Cruciate ligament tear,"Jan 3, 2023","Sep 29, 2023",269 days,32
22/23,Hamstring injury,"Nov 4, 2022","Nov 11, 2022",7 days,1
20/21,Corona virus,"Nov 23, 2020","Dec 6, 2020",13 days,4
19/20,Ill,"Jan 30, 2020","Feb 4, 2020",5 days,2
19/20,Knock,"Nov 1, 2019","Nov 9, 2019",8 days,2
17/18,Groin injury,"Apr 9, 2018","May 15, 2018",36 days,5
17/18,Hamstring strain,"Mar 12, 2018","Mar 30, 2018",18 days,3
17/18,Hamstring strain,"Dec 21, 2017","Jan 15, 2018",25 days,2
