season,injury,from,until,days,missed_games
22/23,Calf injury,"May 28, 2023","Jun 30, 2023",33 days,1
22/23,Muscle fatigue,"Jan 19, 2023","Jan 24, 2023",5 days,1
22/23,Knee injury,"Aug 15, 2022","Aug 26, 2022",11 days,1
21/22,Injury to the ankle,"Jan 6, 2022","Jan 15, 2022",9 days,1
20/21,Muscle injury,"Jan 14, 2021","Jan 18, 2021",4 days,1
20/21,Corona virus,"Sep 4, 2020","Sep 12, 2020",8 days,2
18/19,Muscle tear,"Aug 20, 2018","Sep 19, 2018",30 days,5
17/18,Muscle tear,"Apr 2, 2018","May 2, 2018",30 days,7
17/18,Muscle tear,"Feb 10, 2018","Feb 27, 2018",17 days,4
17/18,Muscle injury,"Sep 12, 2017","Sep 22, 2017",10 days,2
16/17,Knee surgery,"Nov 13, 2016","Apr 15, 2017",153 days,27
13/14,Cervical vertebra fracture,"May 19, 2014","Jul 31, 2014",73 days,8
