,Player Name,Player Number,Player,#,Nation,Pos,Age,Min,Tkl,TklW,Def 3rd,Mid 3rd,Att 3rd,Tkl,Att,Tkl%,Lost,Blocks,Sh,Pass,Int,Tkl+Int,Clr,Err,Player Key,Player Link
0,Lyndon Dykes,https://fbref.com/en/players/cd92357a/Lyndon-Dykes,9,9,sct SCO,FW,25-195,90,0,0,0,0,0,0,0,,0,0,0,0,0,0,1,0,https://fbref.com/en/players/cd92357a/Lyndon-Dykes-Lyndon Dykes,
1,Chris Willock,https://fbref.com/en/players/be0bd828/Chris-Willock,21,21,eng ENG,"FW,AM",23-079,90,2,0,0,1,1,1,1,100.0,0,0,0,0,0,2,0,0,https://fbref.com/en/players/be0bd828/Chris-Willock-Chris Willock,
2,Ilias Chair,https://fbref.com/en/players/ad7873cb/Ilias-Chair,10,10,ma MAR,"AM,CM",23-172,78,0,0,0,0,0,0,0,,0,0,0,0,0,0,0,0,https://fbref.com/en/players/ad7873cb/Ilias-Chair-Ilias Chair,
3,Sam Field,https://fbref.com/en/players/bd8a7d05/Sam-Field,15,15,eng ENG,CM,22-347,12,0,0,0,0,0,0,0,,0,1,1,0,0,0,0,0,https://fbref.com/en/players/bd8a7d05/Sam-Field-Sam Field,
4,Stefan Johansen,https://fbref.com/en/players/a48da055/Stefan-Johansen,14,14,no NOR,CM,30-102,90,1,1,0,1,0,1,2,50.0,1,0,0,0,1,2,0,0,https://fbref.com/en/players/a48da055/Stefan-Johansen-Stefan Johansen,
5,George Thomas,https://fbref.com/en/players/7ef24097/George-Thomas,19,19,wls WAL,CM,24-027,66,1,1,0,0,1,0,0,,0,1,0,1,0,1,0,0,https://fbref.com/en/players/7ef24097/George-Thomas-George Thomas,
6,Charlie Austin,https://fbref.com/en/players/8d228291/Charlie-Austin,45,45,eng ENG,FW,31-289,24,0,0,0,0,0,0,0,,0,0,0,0,0,0,0,0,https://fbref.com/en/players/8d228291/Charlie-Austin-Charlie Austin,
7,Niko Hämäläinen,https://fbref.com/en/players/4435db1e/Niko-Hamalainen,25,25,fi FIN,WB,24-046,90,0,0,0,0,0,0,0,,0,2,1,1,2,2,1,0,https://fbref.com/en/players/4435db1e/Niko-Hamalainen-Niko Hämäläinen,
8,Osman Kakay,https://fbref.com/en/players/0aed0751/Osman-Kakay,24,24,sl SLE,WB,23-238,73,1,0,0,0,1,0,1,0.0,1,1,0,1,1,2,4,0,https://fbref.com/en/players/0aed0751/Osman-Kakay-Osman Kakay,
9,Albert Adomah,https://fbref.com/en/players/c7174e81/Albert-Adomah,37,37,gh GHA,WB,33-128,17,1,1,0,1,0,1,1,100.0,0,0,0,0,0,1,0,0,https://fbref.com/en/players/c7174e81/Albert-Adomah-Albert Adomah,
10,Yoann Barbet,https://fbref.com/en/players/c52bbd2c/Yoann-Barbet,6,6,fr FRA,CB,27-345,90,2,2,0,2,0,1,2,50.0,1,1,1,0,1,3,6,0,https://fbref.com/en/players/c52bbd2c/Yoann-Barbet-Yoann Barbet,
11,Dominic Ball,https://fbref.com/en/players/79d61875/Dominic-Ball,12,12,eng ENG,CB,25-261,90,2,2,0,2,0,2,3,66.7,1,0,0,0,0,2,6,0,https://fbref.com/en/players/79d61875/Dominic-Ball-Dominic Ball,
12,Robert Dickie,https://fbref.com/en/players/c7dfc411/Robert-Dickie,4,4,eng ENG,CB,25-048,90,2,0,1,1,0,1,2,50.0,1,3,3,0,3,5,7,0,https://fbref.com/en/players/c7dfc411/Robert-Dickie-Robert Dickie,
13,Joe Lumley,https://fbref.com/en/players/bdf3a08e/Joe-Lumley,1,1,eng ENG,GK,26-064,90,0,0,0,0,0,0,0,,0,0,0,0,0,0,0,0,https://fbref.com/en/players/bdf3a08e/Joe-Lumley-Joe Lumley,
