,Player Name,Player Number,Player,#,Nation,Pos,Age,Min,Touches,Def Pen,Def 3rd,Mid 3rd,Att 3rd,Att Pen,Live,Att,Succ,Succ%,Tkld,Tkld%,Carries,TotDist,PrgDist,PrgC,1/3,CPA,Mis,Dis,Rec,PrgR,Player Key,Player Link
0,Lyndon Dykes,https://fbref.com/en/players/cd92357a/Lyndon-Dykes,9,9,sct SCO,FW,25-195,90,24,1,1,6,17,5,24,1,0,0.0,1,100.0,15,49,22,1,1,0,1,4,24,7,https://fbref.com/en/players/cd92357a/Lyndon-Dykes-Lyndon Dykes,
1,Chris Willock,https://fbref.com/en/players/be0bd828/Chris-Willock,21,21,eng ENG,"FW,AM",23-079,90,78,0,1,29,48,6,78,4,4,100.0,0,0.0,67,365,174,5,5,3,2,5,73,13,https://fbref.com/en/players/be0bd828/Chris-Willock-Chris Willock,
2,Ilias Chair,https://fbref.com/en/players/ad7873cb/Ilias-Chair,10,10,ma MAR,"AM,CM",23-172,78,72,0,7,35,30,9,72,1,1,100.0,0,0.0,55,292,122,4,4,2,5,2,59,7,https://fbref.com/en/players/ad7873cb/Ilias-Chair-Ilias Chair,
3,Sam Field,https://fbref.com/en/players/bd8a7d05/Sam-Field,15,15,eng ENG,CM,22-347,12,12,1,1,8,3,0,12,0,0,,0,,5,14,4,0,1,0,0,0,5,0,https://fbref.com/en/players/bd8a7d05/Sam-Field-Sam Field,
4,Stefan Johansen,https://fbref.com/en/players/a48da055/Stefan-Johansen,14,14,no NOR,CM,30-102,90,105,0,18,65,22,1,105,1,1,100.0,0,0.0,83,264,131,2,3,0,1,2,79,3,https://fbref.com/en/players/a48da055/Stefan-Johansen-Stefan Johansen,
5,George Thomas,https://fbref.com/en/players/7ef24097/George-Thomas,19,19,wls WAL,CM,24-027,66,29,0,3,7,19,4,29,0,0,,0,,25,70,45,1,2,0,3,1,24,7,https://fbref.com/en/players/7ef24097/George-Thomas-George Thomas,
6,Charlie Austin,https://fbref.com/en/players/8d228291/Charlie-Austin,45,45,eng ENG,FW,31-289,24,13,0,0,4,10,3,13,0,0,,0,,9,30,11,0,1,0,0,0,12,5,https://fbref.com/en/players/8d228291/Charlie-Austin-Charlie Austin,
7,Niko Hämäläinen,https://fbref.com/en/players/4435db1e/Niko-Hamalainen,25,25,fi FIN,WB,24-046,90,52,3,11,21,21,3,52,0,0,,0,,30,127,62,2,2,1,2,1,26,3,https://fbref.com/en/players/4435db1e/Niko-Hamalainen-Niko Hämäläinen,
8,Osman Kakay,https://fbref.com/en/players/0aed0751/Osman-Kakay,24,24,sl SLE,WB,23-238,73,47,3,18,14,15,1,47,1,1,100.0,0,0.0,34,143,41,2,1,0,3,2,29,3,https://fbref.com/en/players/0aed0751/Osman-Kakay-Osman Kakay,
9,Albert Adomah,https://fbref.com/en/players/c7174e81/Albert-Adomah,37,37,gh GHA,WB,33-128,17,20,0,0,7,14,3,20,1,0,0.0,1,100.0,14,84,47,2,4,1,1,1,15,0,https://fbref.com/en/players/c7174e81/Albert-Adomah-Albert Adomah,
10,Yoann Barbet,https://fbref.com/en/players/c52bbd2c/Yoann-Barbet,6,6,fr FRA,CB,27-345,90,73,10,28,41,4,1,73,0,0,,0,,40,221,126,3,0,0,0,0,41,0,https://fbref.com/en/players/c52bbd2c/Yoann-Barbet-Yoann Barbet,
11,Dominic Ball,https://fbref.com/en/players/79d61875/Dominic-Ball,12,12,eng ENG,CB,25-261,90,72,8,37,35,1,0,72,1,0,0.0,1,100.0,52,239,168,0,0,0,0,0,46,0,https://fbref.com/en/players/79d61875/Dominic-Ball-Dominic Ball,
12,Robert Dickie,https://fbref.com/en/players/c7dfc411/Robert-Dickie,4,4,eng ENG,CB,25-048,90,80,10,37,34,9,2,80,1,1,100.0,0,0.0,51,239,171,1,4,1,0,0,51,1,https://fbref.com/en/players/c7dfc411/Robert-Dickie-Robert Dickie,
13,Joe Lumley,https://fbref.com/en/players/bdf3a08e/Joe-Lumley,1,1,eng ENG,GK,26-064,90,43,34,42,1,0,0,43,0,0,,0,,29,133,96,0,0,0,0,0,23,0,https://fbref.com/en/players/bdf3a08e/Joe-Lumley-Joe Lumley,
