,Minute,Player,Squad,xG,PSxG,Outcome,Distance,Body Part,Notes,SCA 1 Player,SCA 1 Event,SCA 2 Player,SCA 2 Event
0,2,Matt Grimes,Swansea City,0.03,,Blocked,32,Left Foot,,,,,
1,5,Ilias Chair,QPR,0.04,,Blocked,26,Right Foot,,Chris Willock,Pass (Live),Dominic Ball,Pass (Live)
2,8,Kyle Naughton,Swansea City,0.03,,Off Target,31,Right Foot,,Korey Smith,Pass (Live),Matt Grimes,Pass (Live)
3,10,Wayne Routledge,Swansea City,0.07,,Blocked,17,Right Foot,,Jamal Lowe,Pass (Live),Korey Smith,Tackle
4,16,Jake Bidwell,Swansea City,0.07,,Off Target,8,Head,,Wayne Routledge,Pass (Live),Jay Fulton,Fouled
5,16,Jamal Lowe,Swansea City,0.04,,Blocked,21,Left Foot,,Jake Bidwell,Shot,,
6,20,Ilias Chair,QPR,0.32,0.40,Saved,4,Right Foot,,Osman Kakay,Pass (Live),Chris Willock,Pass (Live)
7,28,Ilias Chair,QPR,0.35,0.23,Saved,11,Left Foot,,Chris Willock,Pass (Live),Yoann Barbet,Pass (Live)
8,28,Ilias Chair,QPR,0.06,,Blocked,12,Right Foot,,Ilias Chair,Shot,,
9,34,George Thomas,QPR,0.06,,Off Target,20,Left Foot,,Ilias Chair,Pass (Live),George Thomas,Pass (Live)
10,37,Wayne Routledge,Swansea City,0.06,,Blocked,14,Right Foot,,Connor Roberts,Pass (Live),Jamal Lowe,Pass (Live)
11,38,Chris Willock,QPR,0.07,,Off Target,10,Right Foot,Volley,Niko Hämäläinen,Pass (Live),Dominic Ball,Pass (Live)
12,38,Ilias Chair,QPR,0.06,,Blocked,12,Right Foot,,Chris Willock,Pass (Live),George Thomas,Tackle
13,39,Niko Hämäläinen,QPR,0.02,,Off Target,31,Left Foot,,Osman Kakay,Pass (Live),Ilias Chair,Pass (Live)
14,41,Lyndon Dykes,QPR,0.05,,Off Target,17,Right Foot,Volley,Osman Kakay,Pass (Live),Osman Kakay,Take-On
15,45+1,Ilias Chair,QPR,0.11,,Blocked,13,Right Foot,,Chris Willock,Pass (Live),Chris Willock,Take-On
16,45+1,Osman Kakay,QPR,0.07,,Off Target,15,Right Foot,,George Thomas,Pass (Live),Ilias Chair,Shot
17,45+2,Korey Smith,Swansea City,0.33,0.50,Saved,14,Right Foot,,Jamal Lowe,Pass (Live),,
18,,,,,,,,,,,,,
19,59,Chris Willock,QPR,0.04,0.09,Saved,23,Right Foot,,Chris Willock,Take-On,Stefan Johansen,Pass (Live)
20,61,Niko Hämäläinen,QPR,0.05,,Blocked,14,Left Foot,,Ilias Chair,Pass (Live),Yoann Barbet,Pass (Live)
21,62,George Thomas,QPR,0.08,0.06,Saved,9,Right Foot,Volley,Stefan Johansen,Pass (Live),Chris Willock,Pass (Live)
22,70,Osman Kakay,QPR,0.04,,Blocked,21,Left Foot,,Ilias Chair,Pass (Live),Chris Willock,Pass (Live)
23,72,Jamal Lowe,Swansea City,0.07,,Blocked,14,Right Foot,,Connor Roberts,Pass (Live),Jay Fulton,Pass (Live)
24,72,Matt Grimes,Swansea City,0.03,0.02,Saved,27,Left Foot,,Jamal Lowe,Pass (Live),Jamal Lowe,Shot
25,73,Chris Willock,QPR,0.03,0.09,Saved,23,Left Foot,,Charlie Austin,Pass (Live),Ilias Chair,Pass (Live)
26,76,Stefan Johansen,QPR,0.05,,Blocked,24,Left Foot,,Robert Dickie,Pass (Live),Niko Hämäläinen,Pass (Live)
27,82,Charlie Austin,QPR,0.06,,Off Target,19,Right Foot,,Stefan Johansen,Pass (Live),Stefan Johansen,Pass (Live)
28,88,Charlie Austin,QPR,0.03,0.51,Saved,28,Right Foot,,Sam Field,Pass (Live),Chris Willock,Pass (Live)
29,90,Lyndon Dykes,QPR,0.32,0.29,Goal,14,Right Foot,,Albert Adomah,Pass (Live),Chris Willock,Pass (Live)
30,90+2,Charlie Austin,QPR,0.04,,Off Target,23,Right Foot,Volley,Lyndon Dykes,Pass (Live),Joe Lumley,Pass (Live)
31,90+3,Liam Cullen,Swansea City,0.08,,Blocked,6,Head,,Jake Bidwell,Pass (Live),Morgan Whittaker,Fouled
32,90+3,Liam Cullen,Swansea City,0.05,,Off Target,7,Head,,Matt Grimes,Pass (Dead),Liam Cullen,Shot
