,Player Name,Player Number,Player,#,Nation,Pos,Age,Min,CrdY,CrdR,2CrdY,Fls,Fld,Off,Crs,Int,TklW,PKwon,PKcon,OG,Recov,Won,Lost,Won%,Player Key,Player Link
0,Jamal Lowe,https://fbref.com/en/players/b2856bc0/Jamal-Lowe,9,9,jm JAM,FW,26-273,85,0,0,0,3,2,1,1,0,0,0,0,0,8,1,3,25.0,https://fbref.com/en/players/b2856bc0/Jamal-Lowe-Jamal Lowe,
1,Morgan Whittaker,https://fbref.com/en/players/d3d49142/Morgan-Whittaker,17,17,eng ENG,FW,20-103,5,0,0,0,0,1,0,0,0,0,0,0,0,0,0,2,0.0,https://fbref.com/en/players/d3d49142/Morgan-Whittaker-Morgan Whittaker,
2,Wayne Routledge,https://fbref.com/en/players/1d387eee/Wayne-Routledge,15,15,eng ENG,FW,36-103,70,0,0,0,0,2,3,2,0,0,0,0,0,2,0,4,0.0,https://fbref.com/en/players/1d387eee/Wayne-Routledge-Wayne Routledge,
3,Liam Cullen,https://fbref.com/en/players/20b8cd02/Liam-Cullen,20,20,wls WAL,FW,21-362,20,0,0,0,0,0,0,0,0,0,0,0,0,0,1,2,33.3,https://fbref.com/en/players/20b8cd02/Liam-Cullen-Liam Cullen,
4,Matt Grimes,https://fbref.com/en/players/81a487b9/Matt-Grimes,8,8,eng ENG,CM,25-279,90,0,0,0,2,1,0,5,1,0,0,0,0,8,1,1,50.0,https://fbref.com/en/players/81a487b9/Matt-Grimes-Matt Grimes,
5,Jay Fulton,https://fbref.com/en/players/434ad289/Jay-Fulton,6,6,sct SCO,CM,27-019,74,1,0,0,3,1,0,1,3,6,0,0,0,4,2,1,66.7,https://fbref.com/en/players/434ad289/Jay-Fulton-Jay Fulton,
6,Yan Dhanda,https://fbref.com/en/players/e2eb632a/Yan-Dhanda,21,21,eng ENG,CM,22-127,16,0,0,0,1,1,0,0,0,0,0,0,0,1,0,1,0.0,https://fbref.com/en/players/e2eb632a/Yan-Dhanda-Yan Dhanda,
7,Korey Smith,https://fbref.com/en/players/b80dbb09/Korey-Smith,7,7,eng ENG,CM,30-079,90,0,0,0,0,1,0,1,0,3,0,0,0,10,0,1,0.0,https://fbref.com/en/players/b80dbb09/Korey-Smith-Korey Smith,
8,Jake Bidwell,https://fbref.com/en/players/676b6c9b/Jake-Bidwell,24,24,eng ENG,WB,28-030,90,0,0,0,2,0,0,5,1,0,0,0,0,5,4,0,100.0,https://fbref.com/en/players/676b6c9b/Jake-Bidwell-Jake Bidwell,
9,Connor Roberts,https://fbref.com/en/players/24fae784/Connor-Roberts,23,23,wls WAL,WB,25-209,90,0,0,0,2,0,0,3,0,1,0,0,0,5,0,1,0.0,https://fbref.com/en/players/24fae784/Connor-Roberts-Connor Roberts,
10,Marc Guéhi,https://fbref.com/en/players/d0706b27/Marc-Guehi,5,5,eng ENG,CB,20-281,90,0,0,0,0,0,0,0,1,3,0,0,0,3,2,2,50.0,https://fbref.com/en/players/d0706b27/Marc-Guehi-Marc Guéhi,
11,Ryan Bennett,https://fbref.com/en/players/0bad4516/Ryan-Bennett,2,2,eng ENG,CB,31-045,90,0,0,0,0,0,1,0,2,1,0,0,0,3,1,3,25.0,https://fbref.com/en/players/0bad4516/Ryan-Bennett-Ryan Bennett,
12,Kyle Naughton,https://fbref.com/en/players/e860c42f/Kyle-Naughton,26,26,eng ENG,CB,32-154,90,0,0,0,0,1,0,0,0,2,0,0,0,9,1,3,25.0,https://fbref.com/en/players/e860c42f/Kyle-Naughton-Kyle Naughton,
13,Freddie Woodman,https://fbref.com/en/players/19e50035/Freddie-Woodman,1,1,eng ENG,GK,24-047,90,0,0,0,0,0,0,0,0,0,0,0,0,1,1,0,100.0,https://fbref.com/en/players/19e50035/Freddie-Woodman-Freddie Woodman,
