,Player Name,Player Number,Player,#,Nation,Pos,Age,Min,Touches,Def Pen,Def 3rd,Mid 3rd,Att 3rd,Att Pen,Live,Att,Succ,Succ%,Tkld,Tkld%,Carries,TotDist,PrgDist,PrgC,1/3,CPA,Mis,Dis,Rec,PrgR,Player Key,Player Link
0,Jamal Lowe,https://fbref.com/en/players/b2856bc0/Jamal-Lowe,9,9,jm JAM,FW,26-273,85,42,0,4,13,26,5,42,7,3,42.9,4,57.1,25,225,86,4,1,3,4,1,25,7,https://fbref.com/en/players/b2856bc0/Jamal-Lowe-Jamal Lowe,
1,Morgan Whittaker,https://fbref.com/en/players/d3d49142/Morgan-Whittaker,17,17,eng ENG,FW,20-103,5,0,0,0,0,0,0,0,0,0,,0,,1,2,2,0,0,0,0,0,1,0,https://fbref.com/en/players/d3d49142/Morgan-Whittaker-Morgan Whittaker,
2,Wayne Routledge,https://fbref.com/en/players/1d387eee/Wayne-Routledge,15,15,eng ENG,FW,36-103,70,23,0,4,9,10,3,23,3,2,66.7,1,33.3,9,54,15,0,1,0,1,1,14,4,https://fbref.com/en/players/1d387eee/Wayne-Routledge-Wayne Routledge,
3,Liam Cullen,https://fbref.com/en/players/20b8cd02/Liam-Cullen,20,20,wls WAL,FW,21-362,20,8,0,1,3,4,2,8,0,0,,0,,4,20,0,0,0,0,1,0,6,0,https://fbref.com/en/players/20b8cd02/Liam-Cullen-Liam Cullen,
4,Matt Grimes,https://fbref.com/en/players/81a487b9/Matt-Grimes,8,8,eng ENG,CM,25-279,90,70,4,13,39,19,0,70,0,0,,0,,29,229,103,2,1,0,0,1,43,0,https://fbref.com/en/players/81a487b9/Matt-Grimes-Matt Grimes,
5,Jay Fulton,https://fbref.com/en/players/434ad289/Jay-Fulton,6,6,sct SCO,CM,27-019,74,38,3,13,15,10,1,38,0,0,,0,,13,75,29,2,0,0,0,1,17,2,https://fbref.com/en/players/434ad289/Jay-Fulton-Jay Fulton,
6,Yan Dhanda,https://fbref.com/en/players/e2eb632a/Yan-Dhanda,21,21,eng ENG,CM,22-127,16,8,0,2,6,0,0,8,2,0,0.0,2,100.0,8,43,6,0,0,0,0,0,7,1,https://fbref.com/en/players/e2eb632a/Yan-Dhanda-Yan Dhanda,
7,Korey Smith,https://fbref.com/en/players/b80dbb09/Korey-Smith,7,7,eng ENG,CM,30-079,90,54,3,10,31,15,1,54,0,0,,0,,21,89,48,0,0,0,0,0,36,3,https://fbref.com/en/players/b80dbb09/Korey-Smith-Korey Smith,
8,Jake Bidwell,https://fbref.com/en/players/676b6c9b/Jake-Bidwell,24,24,eng ENG,WB,28-030,90,55,2,11,19,25,2,55,0,0,,0,,18,85,46,1,0,0,0,1,32,6,https://fbref.com/en/players/676b6c9b/Jake-Bidwell-Jake Bidwell,
9,Connor Roberts,https://fbref.com/en/players/24fae784/Connor-Roberts,23,23,wls WAL,WB,25-209,90,53,6,18,14,21,3,53,0,0,,0,,19,53,13,0,1,0,1,0,29,9,https://fbref.com/en/players/24fae784/Connor-Roberts-Connor Roberts,
10,Marc Guéhi,https://fbref.com/en/players/d0706b27/Marc-Guehi,5,5,eng ENG,CB,20-281,90,56,9,37,17,2,0,56,0,0,,0,,19,94,58,1,0,0,0,0,35,0,https://fbref.com/en/players/d0706b27/Marc-Guehi-Marc Guéhi,
11,Ryan Bennett,https://fbref.com/en/players/0bad4516/Ryan-Bennett,2,2,eng ENG,CB,31-045,90,43,11,31,11,1,1,43,0,0,,0,,10,71,41,0,0,0,0,0,23,0,https://fbref.com/en/players/0bad4516/Ryan-Bennett-Ryan Bennett,
12,Kyle Naughton,https://fbref.com/en/players/e860c42f/Kyle-Naughton,26,26,eng ENG,CB,32-154,90,63,7,37,22,4,0,63,0,0,,0,,27,167,129,1,0,0,2,0,39,0,https://fbref.com/en/players/e860c42f/Kyle-Naughton-Kyle Naughton,
13,Freddie Woodman,https://fbref.com/en/players/19e50035/Freddie-Woodman,1,1,eng ENG,GK,24-047,90,38,34,38,0,0,0,38,0,0,,0,,16,81,55,0,0,0,0,0,15,0,https://fbref.com/en/players/19e50035/Freddie-Woodman-Freddie Woodman,
