season,injury,from,until,days,missed_games
23/24,Injury to the ankle,"Apr 8, 2024","May 31, 2024",53 days,6
23/24,Groin injury,"Feb 24, 2024","Mar 11, 2024",16 days,3
23/24,Hamstring injury,"Aug 14, 2023","Aug 26, 2023",12 days,1
22/23,Knock,"May 10, 2023","Jun 30, 2023",51 days,4
22/23,Calf injury,"Feb 26, 2023","Mar 13, 2023",15 days,4
22/23,Calf injury,"Feb 16, 2023","Feb 24, 2023",8 days,3
21/22,unknown injury,"Apr 4, 2022","Apr 17, 2022",13 days,1
21/22,unknown injury,"Feb 7, 2022","Feb 26, 2022",19 days,2
20/21,Calf injury,"May 3, 2021","May 16, 2021",13 days,2
