season,injury,from,until,days,missed_games
22/23,Thigh problems,"Apr 24, 2023","Oct 2, 2023",161 days,14
22/23,Knee injury,"Feb 6, 2023","Mar 22, 2023",44 days,9
20/21,Knock,"Nov 30, 2020","Dec 5, 2020",5 days,1
20/21,Knock,"Nov 22, 2020","Nov 28, 2020",6 days,1
19/20,Groin strain,"Feb 23, 2020","Mar 6, 2020",12 days,2
19/20,Elbow injury,"Oct 6, 2019","Jan 18, 2020",104 days,25
18/19,Muscle injury,"Apr 18, 2019","Apr 23, 2019",5 days,2
18/19,Hamstring strain,"Aug 28, 2018","Oct 2, 2018",35 days,8
17/18,Hip flexor problems,"Nov 2, 2017","Nov 16, 2017",14 days,3
16/17,Hamstring injury,"Aug 15, 2016","Sep 15, 2016",31 days,6
15/16,Shoulder injury,"Feb 15, 2016","Feb 25, 2016",10 days,3
15/16,Broken hand,"Jul 13, 2015","Aug 3, 2015",21 days,-
14/15,Knee injury,"Mar 23, 2015","Apr 23, 2015",31 days,5
