season,injury,from,until,days,missed_games
23/24,Dead leg,"Feb 29, 2024","Mar 5, 2024",5 days,1
22/23,muscular problems,"Oct 24, 2022","Nov 19, 2022",26 days,2
21/22,Eye injury,"Mar 30, 2022","Apr 28, 2022",29 days,5
17/18,Inguinal hernia,"Jul 22, 2017","Nov 1, 2017",102 days,19
16/17,Herniated disc,"Sep 18, 2016","Oct 10, 2016",22 days,5
15/16,Heel injury,"Feb 7, 2016","Feb 26, 2016",19 days,2
14/15,Facial fracture,"Aug 9, 2014","Oct 1, 2014",53 days,9
13/14,Ankle surgery,"Apr 7, 2014","May 20, 2014",43 days,6
13/14,Knock,"Aug 28, 2013","Dec 25, 2013",119 days,23
