season,injury,from,until,days,missed_games
23/24,Ankle injury,"Apr 17, 2024","Jul 15, 2024",89 days,6
23/24,Adductor pain,"Oct 9, 2023","Oct 17, 2023",8 days,-
22/23,Fever,"Apr 22, 2023","Apr 24, 2023",2 days,1
22/23,Adductor pain,"Mar 18, 2023","Mar 31, 2023",13 days,1
21/22,Adductor pain,"Feb 24, 2022","Mar 3, 2022",7 days,2
21/22,Corona virus,"Feb 3, 2022","Feb 10, 2022",7 days,2
21/22,Abdominal muscle strain,"Dec 21, 2021","Jan 24, 2022",34 days,5
21/22,Hip injury,"Oct 3, 2021","Oct 23, 2021",20 days,3
21/22,Hip injury,"Sep 5, 2021","Sep 15, 2021",10 days,1
21/22,bruise,"Aug 13, 2021","Aug 16, 2021",3 days,1
20/21,Corona virus,"Apr 26, 2021","May 6, 2021",10 days,1
20/21,Thigh problems,"Feb 13, 2021","Feb 15, 2021",2 days,1
20/21,Fitness,"Dec 4, 2020","Dec 30, 2020",26 days,5
20/21,Hamstring injury,"Aug 30, 2020","Dec 3, 2020",95 days,11
18/19,Bone bruise,"Feb 10, 2019","Feb 14, 2019",4 days,1
