season,injury,from,until,days,missed_games
23/24,Hamstring injury,"May 2, 2024","Jun 20, 2024",49 days,7
22/23,Hamstring injury,"Jan 13, 2023","Feb 13, 2023",31 days,4
21/22,Thigh problems,"May 15, 2022","May 21, 2022",6 days,2
21/22,Adductor injury,"Feb 26, 2022","Mar 31, 2022",33 days,8
21/22,strain,"Jan 14, 2022","Jan 16, 2022",2 days,1
21/22,Corona virus,"Dec 29, 2021","Jan 10, 2022",12 days,1
21/22,Fitness,"Aug 10, 2021","Aug 15, 2021",5 days,1
21/22,Corona virus,"Jul 26, 2021","Aug 9, 2021",14 days,1
20/21,Knee problems,"Feb 7, 2021","Feb 16, 2021",9 days,1
19/20,Knee injury,"Mar 8, 2020","Nov 9, 2020",246 days,30
18/19,Inner ligament injury,"Nov 3, 2018","Nov 7, 2018",4 days,1
17/18,Torn muscle fiber,"Mar 15, 2018","Apr 4, 2018",20 days,7
16/17,Muscle injury,"Mar 9, 2017","Apr 6, 2017",28 days,4
16/17,Knock,"Nov 24, 2016","Dec 29, 2016",35 days,5
16/17,Fitness,"Jul 18, 2016","Aug 15, 2016",28 days,7
