season,injury,from,until,days,missed_games
23/24,Knee injury,"Apr 8, 2024","May 31, 2024",53 days,6
23/24,Knee injury,"Apr 8, 2024","May 31, 2024",53 days,6
23/24,Hamstring injury,"Feb 23, 2024","Mar 8, 2024",14 days,2
22/23,Hip injury,"Mar 15, 2023","Mar 31, 2023",16 days,3
20/21,Ligament injury,"Apr 13, 2021","May 4, 2021",21 days,3
20/21,muscular problems,"Dec 17, 2020","Jan 8, 2021",22 days,3
20/21,Hamstring injury,"Sep 12, 2020","Oct 6, 2020",24 days,4
19/20,muscular problems,"Jun 10, 2020","Jun 17, 2020",7 days,2
19/20,Corona virus,"May 3, 2020","May 17, 2020",14 days,1
19/20,Knock,"Dec 8, 2019","Dec 8, 2019",0 days,1
19/20,Torn muscle bundle,"Jul 24, 2019","Oct 24, 2019",92 days,14
