season,injury,from,until,days,missed_games
23/24,Hip injury,"Feb 7, 2024","Mar 13, 2024",35 days,6
21/22,Cruciate ligament tear,"Nov 19, 2021","Jul 1, 2022",224 days,45
21/22,Ankle injury,"Oct 9, 2021","Nov 1, 2021",23 days,5
21/22,concussion,"Sep 22, 2021","Sep 29, 2021",7 days,2
20/21,Fitness,"May 5, 2021","May 15, 2021",10 days,2
20/21,Corona virus,"Apr 17, 2021","May 4, 2021",17 days,4
19/20,minor knock,"Jan 12, 2020","Jan 27, 2020",15 days,3
18/19,Wrist fracture,"Jul 23, 2018","Aug 30, 2018",38 days,5
18/19,concussion,"Jul 23, 2018","Aug 30, 2018",38 days,5
