season,injury,from,until,days,missed_games
23/24,Hamstring injury,"Feb 29, 2024","Mar 25, 2024",25 days,4
23/24,Adductor injury,"Aug 1, 2023","Nov 30, 2023",121 days,19
22/23,Hip injury,"Mar 20, 2023","Jun 30, 2023",102 days,13
22/23,Knock,"Feb 14, 2023","Mar 2, 2023",16 days,3
21/22,Thigh problems,"Feb 26, 2022","Mar 6, 2022",8 days,2
20/21,Hamstring injury,"Dec 30, 2020","Feb 5, 2021",37 days,7
20/21,Knock,"Sep 11, 2020","Sep 25, 2020",14 days,3
20/21,Hamstring injury,"Jul 7, 2020","Jul 27, 2020",20 days,4
19/20,Muscle injury,"Jul 6, 2020","Dec 6, 2020",153 days,27
