season,injury,from,until,days,missed_games
23/24,Hamstring injury,"Apr 1, 2024","May 4, 2024",33 days,4
23/24,Muscle injury,"Nov 6, 2023","Dec 18, 2023",42 days,5
22/23,Tonsillitis,"Mar 22, 2023","Apr 4, 2023",13 days,1
22/23,Knee problems,"Nov 1, 2022","Nov 7, 2022",6 days,2
22/23,Foot injury,"Jul 20, 2022","Sep 12, 2022",54 days,10
21/22,Hamstring injury,"Jan 9, 2022","Feb 28, 2022",50 days,9
21/22,Ill,"Sep 13, 2021","Sep 18, 2021",5 days,1
20/21,Corona virus,"Oct 21, 2020","Oct 31, 2020",10 days,3
19/20,Thigh problems,"Sep 4, 2019","Sep 13, 2019",9 days,3
18/19,Ankle injury,"Sep 16, 2018","Apr 15, 2019",211 days,45
17/18,Knee injury,"Aug 11, 2017","Apr 20, 2018",252 days,54
