season,injury,from,until,days,missed_games
23/24,Muscle injury,"Sep 3, 2023","Oct 4, 2023",31 days,4
21/22,Muscle injury,"Dec 17, 2021","Jan 12, 2022",26 days,4
20/21,Muscle injury,"Oct 26, 2020","Nov 19, 2020",24 days,4
20/21,Muscle injury,"Jul 14, 2020","Aug 31, 2020",48 days,2
18/19,Muscle injury,"Apr 8, 2019","May 4, 2019",26 days,4
17/18,Hamstring injury,"Sep 7, 2017","Oct 13, 2017",36 days,4
16/17,Leg injury,"Apr 10, 2017","Apr 24, 2017",14 days,2
16/17,Hip injury,"Mar 2, 2017","Mar 9, 2017",7 days,1
16/17,Metatarsal bruise,"Dec 6, 2016","Jan 14, 2017",39 days,4
16/17,Metatarsal fracture,"Sep 22, 2016","Nov 23, 2016",62 days,7
