season,injury,from,until,days,missed_games
23/24,Muscle injury,"May 19, 2024","Sep 15, 2024",119 days,6
23/24,unknown injury,"Mar 17, 2024","May 7, 2024",51 days,7
23/24,Muscle injury,"Nov 26, 2023","Jan 4, 2024",39 days,6
23/24,muscular problems,"Sep 28, 2023","Oct 18, 2023",20 days,4
22/23,Ankle injury,"Nov 18, 2022","Nov 30, 2022",12 days,2
21/22,Muscle injury,"Mar 7, 2022","Mar 21, 2022",14 days,2
21/22,Muscle injury,"Sep 13, 2021","Oct 15, 2021",32 days,6
20/21,Muscle injury,"Nov 24, 2020","Dec 17, 2020",23 days,4
20/21,Muscle injury,"Nov 12, 2020","Nov 16, 2020",4 days,1
19/20,Hamstring injury,"Jun 29, 2020","Aug 10, 2020",42 days,6
19/20,Muscle injury,"Feb 21, 2020","Feb 28, 2020",7 days,1
19/20,Hamstring injury,"Sep 23, 2019","Oct 23, 2019",30 days,8
18/19,Knee problems,"Jan 31, 2019","Feb 6, 2019",6 days,1
18/19,muscular problems,"Oct 28, 2018","Nov 2, 2018",5 days,1
17/18,flu,"Jan 1, 2018","Jan 5, 2018",4 days,1
