season,injury,from,until,days,missed_games
23/24,Knee injury,"Mar 3, 2024","Mar 1, 2025",363 days,16
23/24,Muscle injury,"Dec 20, 2023","Feb 8, 2024",50 days,7
23/24,Lower leg fracture,"Oct 1, 2023","Nov 23, 2023",53 days,7
22/23,Hamstring injury,"Oct 22, 2022","Nov 12, 2022",21 days,4
20/21,Muscle injury,"Jan 25, 2021","Feb 22, 2021",28 days,9
20/21,Hamstring injury,"Oct 24, 2020","Dec 11, 2020",48 days,9
19/20,Ankle injury,"Aug 19, 2020","Sep 10, 2020",22 days,2
19/20,Calf injury,"Jun 23, 2020","Jun 30, 2020",7 days,2
19/20,Calf injury,"Nov 3, 2019","Dec 6, 2019",33 days,12
16/17,unknown injury,"Jan 16, 2017","Feb 9, 2017",24 days,5
