season,injury,from,until,days,missed_games
23/24,Knee injury,"Mar 30, 2024","May 1, 2024",32 days,5
23/24,Fever,"Jan 12, 2024","Jan 16, 2024",4 days,1
23/24,Knee injury,"Jul 26, 2023","Aug 4, 2023",9 days,3
22/23,unknown injury,"May 28, 2023","Jun 30, 2023",33 days,2
22/23,Ill,"Apr 20, 2023","May 9, 2023",19 days,3
22/23,Calf muscle tear,"Dec 15, 2022","Jan 2, 2023",18 days,2
22/23,Knee injury,"Nov 8, 2022","Dec 1, 2022",23 days,2
21/22,Ankle problems,"Jun 12, 2022","Jul 7, 2022",25 days,-
21/22,Eye injury,"Feb 1, 2022","Feb 9, 2022",8 days,2
21/22,Corona virus,"Jan 5, 2022","Jan 11, 2022",6 days,1
21/22,muscular problems,"Dec 9, 2021","Dec 13, 2021",4 days,1
21/22,Ill,"Aug 27, 2021","Aug 30, 2021",3 days,1
20/21,Hamstring strain,"May 22, 2021","May 29, 2021",7 days,2
20/21,Hamstring injury,"Jan 30, 2021","Feb 7, 2021",8 days,3
20/21,Corona virus,"Nov 22, 2020","Dec 1, 2020",9 days,3
