,Player Name,Player Number,Player,#,Nation,Pos,Age,Min,Touches,Def Pen,Def 3rd,Mid 3rd,Att 3rd,Att Pen,Live,Att,Succ,Succ%,Tkld,Tkld%,Carries,TotDist,PrgDist,PrgC,1/3,CPA,Mis,Dis,Rec,PrgR,Player Key,Player Link
0,James Collins,https://fbref.com/en/players/95471a13/James-Collins,19,19,ie IRL,FW,30-042,82,18,0,0,11,7,2,18,0,0,,0,,10,36,9,1,0,1,2,0,17,1,https://fbref.com/en/players/95471a13/James-Collins-James Collins,
1,Danny Hylton,https://fbref.com/en/players/9a008f51/Danny-Hylton,9,9,eng ENG,FW,31-322,8,2,0,0,0,2,0,2,0,0,,0,,1,1,0,0,0,0,0,0,2,2,https://fbref.com/en/players/9a008f51/Danny-Hylton-Danny Hylton,
2,Kazenga LuaLua,https://fbref.com/en/players/d732d28a/Kazenga-LuaLua,25,25,cd COD,"LW,LM",30-033,82,27,0,5,12,11,1,27,1,1,100.0,0,0.0,18,114,35,2,0,1,3,1,20,2,https://fbref.com/en/players/d732d28a/Kazenga-LuaLua-Kazenga LuaLua,
3,George Moncur,https://fbref.com/en/players/14a7d8e3/George-Moncur,14,14,eng ENG,LM,27-147,8,9,1,3,2,4,1,9,1,1,100.0,0,0.0,5,43,21,1,0,1,0,0,7,1,https://fbref.com/en/players/14a7d8e3/George-Moncur-George Moncur,
4,Harry Cornick,https://fbref.com/en/players/9169bc41/Harry-Cornick,7,7,eng ENG,RW,25-278,90,27,0,0,11,16,3,27,4,3,75.0,1,25.0,13,115,61,3,1,2,2,2,14,4,https://fbref.com/en/players/9169bc41/Harry-Cornick-Harry Cornick,
5,Kiernan Dewsbury-Hall,https://fbref.com/en/players/5c74c0f5/Kiernan-Dewsbury-Hall,22,22,eng ENG,"LM,CM",22-128,90,61,4,17,40,7,1,61,3,3,100.0,0,0.0,31,256,136,2,0,0,4,0,39,2,https://fbref.com/en/players/5c74c0f5/Kiernan-Dewsbury-Hall-Kiernan Dewsbury-Hall,
6,Glen Rea,https://fbref.com/en/players/5c3f2f39/Glen-Rea,16,16,ie IRL,"CM,CB",26-131,90,68,5,33,33,2,0,68,0,0,,0,,25,125,74,0,0,0,1,0,34,1,https://fbref.com/en/players/5c3f2f39/Glen-Rea-Glen Rea,
7,Pelly Ruddock Mpanzu,https://fbref.com/en/players/a9b1c319/Pelly-Ruddock-Mpanzu,17,17,cd COD,"RM,CM",27-179,82,45,3,9,24,12,1,45,1,1,100.0,0,0.0,14,83,29,0,1,0,1,3,28,4,https://fbref.com/en/players/a9b1c319/Pelly-Ruddock-Mpanzu-Pelly Ruddock Mpanzu,
8,Luke Berry,https://fbref.com/en/players/2aaadf33/Luke-Berry,8,8,eng ENG,CM,28-184,8,7,0,1,5,1,1,7,0,0,,0,,3,21,11,0,0,0,0,0,4,0,https://fbref.com/en/players/2aaadf33/Luke-Berry-Luke Berry,
9,Dan Potts,https://fbref.com/en/players/3595affe/Dan-Potts,3,3,eng ENG,LB,26-274,76,40,3,18,15,7,1,40,1,1,100.0,0,0.0,11,73,53,1,0,0,0,1,18,1,https://fbref.com/en/players/3595affe/Dan-Potts-Dan Potts,
10,Sam Nombe,https://fbref.com/en/players/7010570a/Sam-Nombe,27,27,eng ENG,"LW,LB",22-082,14,8,0,5,0,3,2,8,0,0,,0,,4,16,6,0,0,0,1,1,3,1,https://fbref.com/en/players/7010570a/Sam-Nombe-Sam Nombe,
11,Sonny Bradley,https://fbref.com/en/players/94ffccb3/Sonny-Bradley,5,5,eng ENG,CB,29-121,90,71,10,45,24,2,0,71,1,1,100.0,0,0.0,31,195,127,2,0,0,1,0,41,1,https://fbref.com/en/players/94ffccb3/Sonny-Bradley-Sonny Bradley,
12,Tom Lockyer,https://fbref.com/en/players/37118440/Tom-Lockyer,15,15,wls WAL,CB,26-040,90,67,8,46,21,1,0,67,0,0,,0,,28,211,135,1,1,0,0,0,31,0,https://fbref.com/en/players/37118440/Tom-Lockyer-Tom Lockyer,
13,James Bree,https://fbref.com/en/players/c07b7c5c/James-Bree,26,26,eng ENG,"RB,RM",23-093,90,50,4,16,20,15,1,50,3,2,66.7,1,33.3,13,68,43,1,1,0,0,1,21,5,https://fbref.com/en/players/c07b7c5c/James-Bree-James Bree,
14,Simon Sluga,https://fbref.com/en/players/5a5d394c/Simon-Sluga,12,12,hr CRO,GK,27-301,90,46,43,45,1,0,0,46,0,0,,0,,24,152,76,0,0,0,0,0,21,0,https://fbref.com/en/players/5a5d394c/Simon-Sluga-Simon Sluga,
