,Player Name,Player Number,Player,#,Nation,Pos,Age,Min,Gls,Ast,PK,PKatt,Sh,SoT,CrdY,CrdR,Touches,Tkl,Int,Blocks,xG,npxG,xAG,SCA,GCA,Cmp,Att,Cmp%,PrgP,Carries,PrgC,Att,Succ,Player Key,Player Link
0,James Collins,https://fbref.com/en/players/95471a13/James-Collins,19,19,ie IRL,FW,30-042,82,0,0,0,0,2,0,0,0,18,0,0,0,0.3,0.3,0.0,0,0,8,13,61.5,0,10,1,0,0,https://fbref.com/en/players/95471a13/James-Collins-James Collins,
1,Danny Hylton,https://fbref.com/en/players/9a008f51/Danny-Hylton,9,9,eng ENG,FW,31-322,8,0,0,0,0,0,0,0,0,2,0,0,0,0.0,0.0,0.0,0,0,1,2,50.0,0,1,0,0,0,https://fbref.com/en/players/9a008f51/Danny-Hylton-Danny Hylton,
2,Kazenga LuaLua,https://fbref.com/en/players/d732d28a/Kazenga-LuaLua,25,25,cd COD,"LW,LM",30-033,82,0,0,0,0,0,0,0,0,27,1,0,0,0.0,0.0,0.0,0,0,19,23,82.6,1,18,2,1,1,https://fbref.com/en/players/d732d28a/Kazenga-LuaLua-Kazenga LuaLua,
3,George Moncur,https://fbref.com/en/players/14a7d8e3/George-Moncur,14,14,eng ENG,LM,27-147,8,0,0,0,0,1,0,0,0,9,0,1,0,0.0,0.0,0.0,0,0,6,8,75.0,0,5,1,1,1,https://fbref.com/en/players/14a7d8e3/George-Moncur-George Moncur,
4,Harry Cornick,https://fbref.com/en/players/9169bc41/Harry-Cornick,7,7,eng ENG,RW,25-278,90,0,0,0,0,0,0,0,0,27,1,0,3,0.0,0.0,0.0,3,0,9,19,47.4,2,13,3,4,3,https://fbref.com/en/players/9169bc41/Harry-Cornick-Harry Cornick,
5,Kiernan Dewsbury-Hall,https://fbref.com/en/players/5c74c0f5/Kiernan-Dewsbury-Hall,22,22,eng ENG,"LM,CM",22-128,90,0,0,0,0,2,1,0,0,61,1,3,0,0.1,0.1,0.1,4,0,31,51,60.8,7,31,2,3,3,https://fbref.com/en/players/5c74c0f5/Kiernan-Dewsbury-Hall-Kiernan Dewsbury-Hall,
6,Glen Rea,https://fbref.com/en/players/5c3f2f39/Glen-Rea,16,16,ie IRL,"CM,CB",26-131,90,0,0,0,0,1,0,0,0,68,3,4,3,0.0,0.0,0.0,0,0,39,54,72.2,2,25,0,0,0,https://fbref.com/en/players/5c3f2f39/Glen-Rea-Glen Rea,
7,Pelly Ruddock Mpanzu,https://fbref.com/en/players/a9b1c319/Pelly-Ruddock-Mpanzu,17,17,cd COD,"RM,CM",27-179,82,0,0,0,0,1,0,0,0,45,2,0,2,0.0,0.0,0.1,2,0,23,37,62.2,3,14,0,1,1,https://fbref.com/en/players/a9b1c319/Pelly-Ruddock-Mpanzu-Pelly Ruddock Mpanzu,
8,Luke Berry,https://fbref.com/en/players/2aaadf33/Luke-Berry,8,8,eng ENG,CM,28-184,8,0,0,0,0,0,0,0,0,7,0,0,0,0.0,0.0,0.0,1,0,7,7,100.0,1,3,0,0,0,https://fbref.com/en/players/2aaadf33/Luke-Berry-Luke Berry,
9,Dan Potts,https://fbref.com/en/players/3595affe/Dan-Potts,3,3,eng ENG,LB,26-274,76,0,0,0,0,2,1,0,0,40,0,2,1,0.1,0.1,0.0,1,0,17,32,53.1,0,11,1,1,1,https://fbref.com/en/players/3595affe/Dan-Potts-Dan Potts,
10,Sam Nombe,https://fbref.com/en/players/7010570a/Sam-Nombe,27,27,eng ENG,"LW,LB",22-082,14,0,0,0,0,0,0,0,0,8,2,1,0,0.0,0.0,0.0,0,0,0,4,0.0,0,4,0,0,0,https://fbref.com/en/players/7010570a/Sam-Nombe-Sam Nombe,
11,Sonny Bradley,https://fbref.com/en/players/94ffccb3/Sonny-Bradley,5,5,eng ENG,CB,29-121,90,0,0,0,0,0,0,0,0,71,1,3,1,0.0,0.0,0.0,0,0,47,64,73.4,3,31,2,1,1,https://fbref.com/en/players/94ffccb3/Sonny-Bradley-Sonny Bradley,
12,Tom Lockyer,https://fbref.com/en/players/37118440/Tom-Lockyer,15,15,wls WAL,CB,26-040,90,0,0,0,0,0,0,0,0,67,2,3,2,0.0,0.0,0.0,0,0,37,56,66.1,4,28,1,0,0,https://fbref.com/en/players/37118440/Tom-Lockyer-Tom Lockyer,
13,James Bree,https://fbref.com/en/players/c07b7c5c/James-Bree,26,26,eng ENG,"RB,RM",23-093,90,0,0,0,0,0,0,0,0,50,0,0,0,0.0,0.0,0.1,3,0,30,44,68.2,2,13,1,3,2,https://fbref.com/en/players/c07b7c5c/James-Bree-James Bree,
14,Simon Sluga,https://fbref.com/en/players/5a5d394c/Simon-Sluga,12,12,hr CRO,GK,27-301,90,0,0,0,0,0,0,0,0,46,0,0,0,0.0,0.0,0.0,0,0,28,44,63.6,0,24,0,0,0,https://fbref.com/en/players/5a5d394c/Simon-Sluga-Simon Sluga,
