,Player Name,Player Number,Player,#,Nation,Pos,Age,Min,Att,Live,Dead,FK,TB,Sw,Crs,TI,CK,In,Out,Str,Cmp,Off,Blocks,Player Key,Player Link
0,James Collins,https://fbref.com/en/players/95471a13/James-Collins,19,19,ie IRL,FW,30-042,82,13,12,1,0,0,0,0,1,0,0,0,0,8,0,0,https://fbref.com/en/players/95471a13/James-Collins-James Collins,
1,Danny Hylton,https://fbref.com/en/players/9a008f51/Danny-Hylton,9,9,eng ENG,FW,31-322,8,2,2,0,0,0,0,0,0,0,0,0,0,1,0,0,https://fbref.com/en/players/9a008f51/Danny-Hylton-Danny Hylton,
2,Kazenga LuaLua,https://fbref.com/en/players/d732d28a/Kazenga-LuaLua,25,25,cd COD,"LW,LM",30-033,82,23,22,1,0,0,0,2,0,0,0,0,0,19,0,0,https://fbref.com/en/players/d732d28a/Kazenga-LuaLua-Kazenga LuaLua,
3,George Moncur,https://fbref.com/en/players/14a7d8e3/George-Moncur,14,14,eng ENG,LM,27-147,8,8,7,1,0,0,0,2,0,1,1,0,0,6,0,0,https://fbref.com/en/players/14a7d8e3/George-Moncur-George Moncur,
4,Harry Cornick,https://fbref.com/en/players/9169bc41/Harry-Cornick,7,7,eng ENG,RW,25-278,90,19,17,2,0,0,0,3,2,0,0,0,0,9,0,3,https://fbref.com/en/players/9169bc41/Harry-Cornick-Harry Cornick,
5,Kiernan Dewsbury-Hall,https://fbref.com/en/players/5c74c0f5/Kiernan-Dewsbury-Hall,22,22,eng ENG,"LM,CM",22-128,90,51,47,3,1,0,1,3,0,1,1,0,0,31,1,0,https://fbref.com/en/players/5c74c0f5/Kiernan-Dewsbury-Hall-Kiernan Dewsbury-Hall,
6,Glen Rea,https://fbref.com/en/players/5c3f2f39/Glen-Rea,16,16,ie IRL,"CM,CB",26-131,90,54,54,0,0,0,1,0,0,0,0,0,0,39,0,0,https://fbref.com/en/players/5c3f2f39/Glen-Rea-Glen Rea,
7,Pelly Ruddock Mpanzu,https://fbref.com/en/players/a9b1c319/Pelly-Ruddock-Mpanzu,17,17,cd COD,"RM,CM",27-179,82,37,31,5,2,0,1,1,3,0,0,0,0,23,1,0,https://fbref.com/en/players/a9b1c319/Pelly-Ruddock-Mpanzu-Pelly Ruddock Mpanzu,
8,Luke Berry,https://fbref.com/en/players/2aaadf33/Luke-Berry,8,8,eng ENG,CM,28-184,8,7,6,1,0,0,0,0,0,0,0,0,0,7,0,0,https://fbref.com/en/players/2aaadf33/Luke-Berry-Luke Berry,
9,Dan Potts,https://fbref.com/en/players/3595affe/Dan-Potts,3,3,eng ENG,LB,26-274,76,32,25,7,0,0,0,1,7,0,0,0,0,17,0,2,https://fbref.com/en/players/3595affe/Dan-Potts-Dan Potts,
10,Sam Nombe,https://fbref.com/en/players/7010570a/Sam-Nombe,27,27,eng ENG,"LW,LB",22-082,14,4,4,0,0,0,0,0,0,0,0,0,0,0,0,1,https://fbref.com/en/players/7010570a/Sam-Nombe-Sam Nombe,
11,Sonny Bradley,https://fbref.com/en/players/94ffccb3/Sonny-Bradley,5,5,eng ENG,CB,29-121,90,64,57,7,2,0,0,0,5,0,0,0,0,47,0,0,https://fbref.com/en/players/94ffccb3/Sonny-Bradley-Sonny Bradley,
12,Tom Lockyer,https://fbref.com/en/players/37118440/Tom-Lockyer,15,15,wls WAL,CB,26-040,90,56,52,4,4,0,0,0,0,0,0,0,0,37,0,1,https://fbref.com/en/players/37118440/Tom-Lockyer-Tom Lockyer,
13,James Bree,https://fbref.com/en/players/c07b7c5c/James-Bree,26,26,eng ENG,"RB,RM",23-093,90,44,33,10,0,0,0,1,10,0,0,0,0,30,1,0,https://fbref.com/en/players/c07b7c5c/James-Bree-James Bree,
14,Simon Sluga,https://fbref.com/en/players/5a5d394c/Simon-Sluga,12,12,hr CRO,GK,27-301,90,44,33,10,3,0,0,0,0,0,0,0,0,28,1,0,https://fbref.com/en/players/5a5d394c/Simon-Sluga-Simon Sluga,
