,Player Name,Player Number,Player,#,Nation,Pos,Age,Min,Touches,Def Pen,Def 3rd,Mid 3rd,Att 3rd,Att Pen,Live,Att,Succ,Succ%,Tkld,Tkld%,Carries,TotDist,PrgDist,PrgC,1/3,CPA,Mis,Dis,Rec,PrgR,Player Key,Player Link
0,Charlie Austin,https://fbref.com/en/players/8d228291/Charlie-Austin,45,45,eng ENG,FW,31-191,58,31,0,3,18,10,3,31,2,2,100.0,0,0.0,13,30,15,0,0,0,2,0,25,3,https://fbref.com/en/players/8d228291/Charlie-Austin-Charlie Austin,
1,Macauley Bonne,https://fbref.com/en/players/9ca8b21c/Macauley-Bonne,7,7,zw ZIM,FW,25-078,32,13,0,0,4,9,1,13,0,0,,0,,8,66,23,2,1,0,0,2,13,4,https://fbref.com/en/players/9ca8b21c/Macauley-Bonne-Macauley Bonne,
2,Lyndon Dykes,https://fbref.com/en/players/cd92357a/Lyndon-Dykes,9,9,sct SCO,FW,25-097,89,54,0,2,26,26,5,54,1,0,0.0,1,100.0,11,84,49,3,1,2,0,1,41,6,https://fbref.com/en/players/cd92357a/Lyndon-Dykes-Lyndon Dykes,
3,Charlie Kelman,https://fbref.com/en/players/d7cf39b1/Charlie-Kelman,29,29,us USA,FW,19-071,1,3,0,0,0,3,0,3,0,0,,0,,0,0,0,0,0,0,1,0,3,0,https://fbref.com/en/players/d7cf39b1/Charlie-Kelman-Charlie Kelman,
4,Tom Carroll,https://fbref.com/en/players/5a1900a4/Tom-Carroll,22,22,eng ENG,CM,28-229,90,66,0,9,40,18,1,66,1,0,0.0,1,100.0,29,108,44,0,0,0,0,0,42,4,https://fbref.com/en/players/5a1900a4/Tom-Carroll-Tom Carroll,
5,Ilias Chair,https://fbref.com/en/players/ad7873cb/Ilias-Chair,10,10,ma MAR,CM,23-074,74,31,0,2,11,20,1,31,3,3,100.0,0,0.0,19,179,96,5,4,1,0,0,21,6,https://fbref.com/en/players/ad7873cb/Ilias-Chair-Ilias Chair,
6,Albert Adomah,https://fbref.com/en/players/c7174e81/Albert-Adomah,37,37,gh GHA,CM,33-030,16,15,0,3,5,7,1,15,2,1,50.0,1,50.0,10,77,52,2,1,1,1,0,11,2,https://fbref.com/en/players/c7174e81/Albert-Adomah-Albert Adomah,
7,Dominic Ball,https://fbref.com/en/players/79d61875/Dominic-Ball,12,12,eng ENG,CM,25-163,90,54,3,15,30,10,0,54,1,1,100.0,0,0.0,21,185,58,1,0,0,0,0,30,1,https://fbref.com/en/players/79d61875/Dominic-Ball-Dominic Ball,
8,Bright Osayi-Samuel,https://fbref.com/en/players/03b6afa9/Bright-Osayi-Samuel,11,11,ng NGA,LB,23-012,90,51,0,5,25,24,4,51,5,2,40.0,3,60.0,24,238,133,4,2,2,5,1,28,8,https://fbref.com/en/players/03b6afa9/Bright-Osayi-Samuel-Bright Osayi-Samuel,
9,Yoann Barbet,https://fbref.com/en/players/c52bbd2c/Yoann-Barbet,6,6,fr FRA,CB,27-247,90,79,4,37,37,6,0,79,1,1,100.0,0,0.0,19,64,39,0,1,0,1,0,33,0,https://fbref.com/en/players/c52bbd2c/Yoann-Barbet-Yoann Barbet,
10,Geoff Cameron,https://fbref.com/en/players/1a160ea3/Geoff-Cameron,20,20,us USA,CB,35-185,90,48,7,28,17,3,3,48,0,0,,0,,21,118,54,0,0,1,0,1,24,0,https://fbref.com/en/players/1a160ea3/Geoff-Cameron-Geoff Cameron,
11,Robert Dickie,https://fbref.com/en/players/c7dfc411/Robert-Dickie,4,4,eng ENG,CB,24-315,90,57,3,24,32,2,1,57,0,0,,0,,24,174,132,3,2,0,0,0,30,0,https://fbref.com/en/players/c7dfc411/Robert-Dickie-Robert Dickie,
12,Todd Kane,https://fbref.com/en/players/dd082c59/Todd-Kane,2,2,eng ENG,RB,27-117,90,72,3,12,29,31,1,72,2,0,0.0,2,100.0,25,109,42,1,1,0,1,0,34,2,https://fbref.com/en/players/dd082c59/Todd-Kane-Todd Kane,
13,Seny Dieng,https://fbref.com/en/players/c135cddd/Seny-Dieng,13,13,sn SEN,GK,26-050,90,30,26,30,0,0,0,30,0,0,,0,,10,101,81,0,0,0,0,0,8,0,https://fbref.com/en/players/c135cddd/Seny-Dieng-Seny Dieng,
