,Player Name,Player Number,Player,#,Nation,Pos,Age,Min,Gls,Ast,PK,PKatt,Sh,SoT,CrdY,CrdR,Touches,Tkl,Int,Blocks,xG,npxG,xAG,SCA,GCA,Cmp,Att,Cmp%,PrgP,Carries,PrgC,Att,Succ,Player Key,Player Link
0,Charlie Austin,https://fbref.com/en/players/8d228291/Charlie-Austin,45,45,eng ENG,FW,31-191,58,1,0,0,0,4,3,0,0,31,0,0,0,1.0,1.0,0.3,5,0,15,22,68.2,2,13,0,2,2,https://fbref.com/en/players/8d228291/Charlie-Austin-Charlie Austin,
1,Macauley Bonne,https://fbref.com/en/players/9ca8b21c/Macauley-Bonne,7,7,zw ZIM,FW,25-078,32,1,0,0,0,1,1,1,0,13,0,1,1,0.3,0.3,0.0,0,0,5,10,50.0,0,8,2,0,0,https://fbref.com/en/players/9ca8b21c/Macauley-Bonne-Macauley Bonne,
2,Lyndon Dykes,https://fbref.com/en/players/cd92357a/Lyndon-Dykes,9,9,sct SCO,FW,25-097,89,0,0,0,0,2,1,0,0,54,3,1,0,0.3,0.3,0.1,5,1,28,45,62.2,4,11,3,1,0,https://fbref.com/en/players/cd92357a/Lyndon-Dykes-Lyndon Dykes,
3,Charlie Kelman,https://fbref.com/en/players/d7cf39b1/Charlie-Kelman,29,29,us USA,FW,19-071,1,0,0,0,0,0,0,0,0,3,0,0,0,0.0,0.0,0.0,0,0,2,2,100.0,0,0,0,0,0,https://fbref.com/en/players/d7cf39b1/Charlie-Kelman-Charlie Kelman,
4,Tom Carroll,https://fbref.com/en/players/5a1900a4/Tom-Carroll,22,22,eng ENG,CM,28-229,90,0,0,0,0,0,0,0,0,66,3,0,1,0.0,0.0,0.4,3,0,44,62,71.0,10,29,0,1,0,https://fbref.com/en/players/5a1900a4/Tom-Carroll-Tom Carroll,
5,Ilias Chair,https://fbref.com/en/players/ad7873cb/Ilias-Chair,10,10,ma MAR,CM,23-074,74,0,0,0,0,1,1,0,0,31,0,1,0,0.3,0.3,0.1,5,1,26,29,89.7,2,19,5,3,3,https://fbref.com/en/players/ad7873cb/Ilias-Chair-Ilias Chair,
6,Albert Adomah,https://fbref.com/en/players/c7174e81/Albert-Adomah,37,37,gh GHA,CM,33-030,16,0,1,0,0,0,0,0,0,15,0,2,1,0.0,0.0,0.3,1,1,7,13,53.8,1,10,2,2,1,https://fbref.com/en/players/c7174e81/Albert-Adomah-Albert Adomah,
7,Dominic Ball,https://fbref.com/en/players/79d61875/Dominic-Ball,12,12,eng ENG,CM,25-163,90,0,0,0,0,0,0,0,0,54,2,5,0,0.0,0.0,0.0,0,0,35,43,81.4,4,21,1,1,1,https://fbref.com/en/players/79d61875/Dominic-Ball-Dominic Ball,
8,Bright Osayi-Samuel,https://fbref.com/en/players/03b6afa9/Bright-Osayi-Samuel,11,11,ng NGA,LB,23-012,90,0,0,0,0,1,1,0,0,51,2,2,0,0.1,0.1,0.0,1,0,30,36,83.3,2,24,4,5,2,https://fbref.com/en/players/03b6afa9/Bright-Osayi-Samuel-Bright Osayi-Samuel,
9,Yoann Barbet,https://fbref.com/en/players/c52bbd2c/Yoann-Barbet,6,6,fr FRA,CB,27-247,90,0,0,0,0,0,0,0,0,79,0,7,1,0.0,0.0,0.0,0,0,46,64,71.9,2,19,0,1,1,https://fbref.com/en/players/c52bbd2c/Yoann-Barbet-Yoann Barbet,
10,Geoff Cameron,https://fbref.com/en/players/1a160ea3/Geoff-Cameron,20,20,us USA,CB,35-185,90,0,1,0,0,1,1,0,0,48,0,2,0,0.0,0.0,0.8,1,1,23,39,59.0,0,21,0,0,0,https://fbref.com/en/players/1a160ea3/Geoff-Cameron-Geoff Cameron,
11,Robert Dickie,https://fbref.com/en/players/c7dfc411/Robert-Dickie,4,4,eng ENG,CB,24-315,90,0,0,0,0,1,0,0,0,57,1,5,0,0.1,0.1,0.0,0,0,30,48,62.5,6,24,3,0,0,https://fbref.com/en/players/c7dfc411/Robert-Dickie-Robert Dickie,
12,Todd Kane,https://fbref.com/en/players/dd082c59/Todd-Kane,2,2,eng ENG,RB,27-117,90,0,0,0,0,2,0,0,0,72,0,1,2,0.1,0.1,0.1,1,0,41,62,66.1,4,25,1,2,0,https://fbref.com/en/players/dd082c59/Todd-Kane-Todd Kane,
13,Seny Dieng,https://fbref.com/en/players/c135cddd/Seny-Dieng,13,13,sn SEN,GK,26-050,90,0,0,0,0,0,0,0,0,30,0,0,0,0.0,0.0,0.0,0,0,18,28,64.3,0,10,0,0,0,https://fbref.com/en/players/c135cddd/Seny-Dieng-Seny Dieng,
