,Player Name,Player Number,Player,#,Nation,Pos,Age,Min,Att,Live,Dead,FK,TB,Sw,Crs,TI,CK,In,Out,Str,Cmp,Off,Blocks,Player Key,Player Link
0,Charlie Austin,https://fbref.com/en/players/8d228291/Charlie-Austin,45,45,eng ENG,FW,31-191,58,22,22,0,0,0,1,1,0,0,0,0,0,15,0,2,https://fbref.com/en/players/8d228291/Charlie-Austin-Charlie Austin,
1,Macauley Bonne,https://fbref.com/en/players/9ca8b21c/Macauley-Bonne,7,7,zw ZIM,FW,25-078,32,10,10,0,0,0,0,1,0,0,0,0,0,5,0,0,https://fbref.com/en/players/9ca8b21c/Macauley-Bonne-Macauley Bonne,
2,Lyndon Dykes,https://fbref.com/en/players/cd92357a/Lyndon-Dykes,9,9,sct SCO,FW,25-097,89,45,44,1,0,0,1,1,1,0,0,0,0,28,0,2,https://fbref.com/en/players/cd92357a/Lyndon-Dykes-Lyndon Dykes,
3,Charlie Kelman,https://fbref.com/en/players/d7cf39b1/Charlie-Kelman,29,29,us USA,FW,19-071,1,2,2,0,0,0,0,0,0,0,0,0,0,2,0,0,https://fbref.com/en/players/d7cf39b1/Charlie-Kelman-Charlie Kelman,
4,Tom Carroll,https://fbref.com/en/players/5a1900a4/Tom-Carroll,22,22,eng ENG,CM,28-229,90,62,57,5,2,0,0,2,0,3,0,2,0,44,0,2,https://fbref.com/en/players/5a1900a4/Tom-Carroll-Tom Carroll,
5,Ilias Chair,https://fbref.com/en/players/ad7873cb/Ilias-Chair,10,10,ma MAR,CM,23-074,74,29,25,4,0,0,0,3,0,3,1,1,0,26,0,0,https://fbref.com/en/players/ad7873cb/Ilias-Chair-Ilias Chair,
6,Albert Adomah,https://fbref.com/en/players/c7174e81/Albert-Adomah,37,37,gh GHA,CM,33-030,16,13,12,1,1,0,1,1,0,0,0,0,0,7,0,0,https://fbref.com/en/players/c7174e81/Albert-Adomah-Albert Adomah,
7,Dominic Ball,https://fbref.com/en/players/79d61875/Dominic-Ball,12,12,eng ENG,CM,25-163,90,43,43,0,0,0,0,0,0,0,0,0,0,35,0,2,https://fbref.com/en/players/79d61875/Dominic-Ball-Dominic Ball,
8,Bright Osayi-Samuel,https://fbref.com/en/players/03b6afa9/Bright-Osayi-Samuel,11,11,ng NGA,LB,23-012,90,36,30,6,0,0,0,1,6,0,0,0,0,30,0,0,https://fbref.com/en/players/03b6afa9/Bright-Osayi-Samuel-Bright Osayi-Samuel,
9,Yoann Barbet,https://fbref.com/en/players/c52bbd2c/Yoann-Barbet,6,6,fr FRA,CB,27-247,90,64,50,13,3,0,1,0,10,0,0,0,0,46,1,1,https://fbref.com/en/players/c52bbd2c/Yoann-Barbet-Yoann Barbet,
10,Geoff Cameron,https://fbref.com/en/players/1a160ea3/Geoff-Cameron,20,20,us USA,CB,35-185,90,39,39,0,0,0,0,0,0,0,0,0,0,23,0,0,https://fbref.com/en/players/1a160ea3/Geoff-Cameron-Geoff Cameron,
11,Robert Dickie,https://fbref.com/en/players/c7dfc411/Robert-Dickie,4,4,eng ENG,CB,24-315,90,48,47,0,0,0,1,1,0,0,0,0,0,30,1,0,https://fbref.com/en/players/c7dfc411/Robert-Dickie-Robert Dickie,
12,Todd Kane,https://fbref.com/en/players/dd082c59/Todd-Kane,2,2,eng ENG,RB,27-117,90,62,46,16,0,0,0,9,16,0,0,0,0,41,0,1,https://fbref.com/en/players/dd082c59/Todd-Kane-Todd Kane,
13,Seny Dieng,https://fbref.com/en/players/c135cddd/Seny-Dieng,13,13,sn SEN,GK,26-050,90,28,15,13,5,0,0,0,0,0,0,0,0,18,0,0,https://fbref.com/en/players/c135cddd/Seny-Dieng-Seny Dieng,
