,Minute,Player,Squad,xG,PSxG,Outcome,Distance,Body Part,Notes,SCA 1 Player,SCA 1 Event,SCA 2 Player,SCA 2 Event
0,3,Glen Rea,Luton Town,0.03,,Blocked,31,Right Foot,Volley,,,,
1,4,Bright Osayi-Samuel,QPR,0.05,0.10,Saved,12,Left Foot,,Tom Carroll,Pass (Live),,
2,9,James Collins,Luton Town,0.09,,Off Target,7,Right Foot,,James Bree,Pass (Live),Kiernan Dewsbury-Hall,Pass (Live)
3,10,Charlie Austin,QPR,0.03,0.05,Saved,24,Right Foot,,Lyndon Dykes,Pass (Live),Ilias Chair,Pass (Live)
4,16,Charlie Austin,QPR,0.08,0.15,Saved,7,Head,,Todd Kane,Pass (Live),Lyndon Dykes,Pass (Live)
5,17,Lyndon Dykes,QPR,0.08,,Blocked,14,Right Foot,,Charlie Austin,Pass (Live),Ilias Chair,Pass (Live)
6,21,Geoff Cameron,QPR,0.04,0.54,Saved,13,Head,,Tom Carroll,Pass (Dead),Bright Osayi-Samuel,Pass (Live)
7,30,Lyndon Dykes,QPR,0.27,0.30,Saved,13,Right Foot,,Charlie Austin,Pass (Live),Lyndon Dykes,Pass (Live)
8,33,Dan Potts,Luton Town,0.04,0.08,Saved,19,Right Foot,,Dan Potts,Take-On,Kiernan Dewsbury-Hall,Pass (Live)
9,34,Charlie Austin,QPR,0.06,,Blocked,23,Left Foot,,Charlie Austin,Take-On,Charlie Austin,Take-On
10,34,Todd Kane,QPR,0.04,,Off Target,17,Right Foot,Volley,Charlie Austin,Shot,,
11,39,Charlie Austin,QPR,0.78,0.96,Goal,2,Head,,Geoff Cameron,Pass (Live),Ilias Chair,Pass (Dead)
12,,,,,,,,,,,,,
13,46,James Collins,Luton Town,0.20,,Off Target,16,Left Foot,,,,,
14,56,Dan Potts,Luton Town,0.03,,Off Target,27,Left Foot,,Harry Cornick,Pass (Live),Pelly Ruddock Mpanzu,Pass (Live)
15,61,Kiernan Dewsbury-Hall,Luton Town,0.05,,Off Target,21,Left Foot,,Pelly Ruddock Mpanzu,Pass (Live),Harry Cornick,Pass (Live)
16,65,Todd Kane,QPR,0.03,,Off Target,24,Right Foot,,Ilias Chair,Pass (Live),Lyndon Dykes,Pass (Live)
17,68,Ilias Chair,QPR,0.34,0.42,Saved,16,Left Foot,,Tom Carroll,Pass (Live),,
18,70,Pelly Ruddock Mpanzu,Luton Town,0.03,,Woodwork,23,Right Foot,,Kiernan Dewsbury-Hall,Pass (Live),Harry Cornick,Pass (Live)
19,73,Robert Dickie,QPR,0.07,,Off Target,9,Head,,Ilias Chair,Pass (Dead),,
20,87,Kiernan Dewsbury-Hall,Luton Town,0.04,0.12,Saved,22,Left Foot,,James Bree,Pass (Dead),James Bree,Pass (Live)
21,88,George Moncur,Luton Town,0.04,,Off Target,11,Left Foot,,Luke Berry,Pass (Live),Kiernan Dewsbury-Hall,Shot
22,89,Macauley Bonne,QPR,0.30,0.83,Goal,16,Right Foot,,Albert Adomah,Pass (Live),Lyndon Dykes,Pass (Live)
