season,injury,from,until,days,missed_games
23/24,muscular problems,"Feb 1, 2024","Feb 14, 2024",13 days,2
23/24,Calf injury,"Nov 12, 2023","Nov 28, 2023",16 days,1
22/23,unknown injury,"Feb 22, 2023","Mar 1, 2023",7 days,1
21/22,minor knock,"May 12, 2022","May 16, 2022",4 days,1
21/22,Chest injury,"Feb 21, 2022","Mar 28, 2022",35 days,5
21/22,Bruised ribs,"Aug 23, 2021","Sep 9, 2021",17 days,1
20/21,Quarantine,"Dec 7, 2020","Dec 10, 2020",3 days,-
18/19,Cruciate ligament surgery,"Aug 13, 2018","Apr 1, 2019",231 days,36
