season,injury,from,until,days,missed_games
23/24,unknown injury,"Apr 18, 2024","May 18, 2024",30 days,5
22/23,Thigh problems,"Apr 27, 2023","May 3, 2023",6 days,1
22/23,heart problems,"Sep 2, 2022","Sep 25, 2022",23 days,3
21/22,Corona virus,"Jan 21, 2022","Jan 26, 2022",5 days,1
21/22,Corona virus,"Jan 1, 2022","Jan 8, 2022",7 days,2
21/22,muscular problems,"Sep 10, 2021","Sep 16, 2021",6 days,1
20/21,Hamstring injury,"May 21, 2021","Jun 11, 2021",21 days,4
20/21,Adductor pain,"Mar 14, 2021","Mar 25, 2021",11 days,1
20/21,Adductor injury,"Jan 2, 2021","Jan 12, 2021",10 days,3
20/21,unknown injury,"Oct 30, 2020","Nov 29, 2020",30 days,7
20/21,Knee injury,"Oct 5, 2020","Oct 22, 2020",17 days,3
19/20,Rest,"Jan 10, 2020","Jan 12, 2020",2 days,1
19/20,Pubic bone irritation,"Aug 16, 2019","Aug 27, 2019",11 days,2
18/19,Calf injury,"May 13, 2019","May 27, 2019",14 days,1
18/19,Calf stiffness,"May 3, 2019","May 8, 2019",5 days,1
