season,injury,from,until,days,missed_games
20/21,Syndesmotic ligament tear,"Mar 30, 2021","Jun 5, 2021",67 days,12
20/21,Knee injury,"Mar 3, 2021","Mar 15, 2021",12 days,4
20/21,Ill,"Dec 9, 2020","Dec 11, 2020",2 days,1
20/21,heart problems,"Aug 25, 2020","Sep 8, 2020",14 days,2
19/20,heart problems,"Dec 14, 2019","Feb 7, 2020",55 days,7
17/18,Ankle injury,"Jan 17, 2018","Apr 16, 2018",89 days,17
14/15,Ankle injury,"Apr 12, 2015","Apr 26, 2015",14 days,3
14/15,Knee injury,"Nov 19, 2014","Jan 9, 2015",51 days,10
13/14,Groin problems,"Aug 27, 2013","Sep 12, 2013",16 days,3
