season,injury,from,until,days,missed_games
23/24,Muscle injury,"Jan 7, 2024","Feb 2, 2024",26 days,5
23/24,muscular problems,"Oct 23, 2023","Nov 3, 2023",11 days,2
22/23,Hamstring injury,"Oct 30, 2022","Nov 4, 2022",5 days,1
21/22,Hand injury,"May 11, 2022","May 26, 2022",15 days,2
21/22,Hamstring injury,"Jan 9, 2022","Feb 12, 2022",34 days,4
21/22,Calf injury,"Nov 7, 2021","Nov 19, 2021",12 days,2
20/21,Corona virus,"Jan 3, 2021","Jan 19, 2021",16 days,5
20/21,Knock,"Dec 10, 2020","Jan 2, 2021",23 days,5
20/21,Head injury,"Sep 20, 2020","Sep 26, 2020",6 days,2
19/20,Head injury,"Jun 17, 2020","Jun 29, 2020",12 days,4
