season,injury,from,until,days,missed_games
23/24,unknown injury,"Jun 26, 2024","Jul 7, 2024",11 days,-
23/24,Calf problems,"Apr 12, 2024","Apr 24, 2024",12 days,2
23/24,Knee injury,"Mar 9, 2024","Mar 23, 2024",14 days,2
23/24,Leg injury,"Dec 10, 2023","Jan 8, 2024",29 days,5
23/24,Hamstring muscle injury,"Sep 30, 2023","Oct 23, 2023",23 days,3
22/23,Adductor pain,"Aug 3, 2022","Aug 8, 2022",5 days,1
21/22,Adductor injury,"Apr 25, 2022","May 14, 2022",19 days,3
20/21,Calf problems,"Jun 6, 2021","Jun 14, 2021",8 days,2
20/21,Adductor pain,"May 31, 2021","Jun 5, 2021",5 days,1
20/21,Calf injury,"Mar 18, 2021","Apr 8, 2021",21 days,6
20/21,Muscle injury,"Mar 3, 2021","Mar 9, 2021",6 days,2
20/21,Corona virus,"Nov 13, 2020","Nov 23, 2020",10 days,3
20/21,unknown injury,"Sep 14, 2020","Sep 18, 2020",4 days,1
19/20,Hamstring injury,"Jul 3, 2020","Jul 6, 2020",3 days,1
19/20,Hamstring injury,"May 21, 2020","Jun 10, 2020",20 days,2
