season,injury,from,until,days,missed_games
23/24,unknown injury,"Mar 1, 2024","Apr 13, 2024",43 days,7
23/24,Hamstring injury,"Dec 3, 2023","Jan 13, 2024",41 days,6
22/23,Peroneus tendon injury,"Feb 8, 2023","May 14, 2023",95 days,16
22/23,Muscle injury,"Aug 27, 2022","Oct 1, 2022",35 days,5
21/22,Broken tibia,"Jun 18, 2021","Oct 15, 2021",119 days,?
20/21,unknown injury,"May 11, 2021","Jun 15, 2021",35 days,6
20/21,Virus,"Feb 1, 2021","Feb 12, 2021",11 days,2
20/21,Corona virus,"Nov 6, 2020","Nov 15, 2020",9 days,2
19/20,Corona virus,"May 9, 2020","May 22, 2020",13 days,-
19/20,Muscle injury,"Dec 15, 2019","Jan 18, 2020",34 days,4
17/18,Ankle surgery,"May 27, 2018","Oct 4, 2018",130 days,22
17/18,Pubalgia,"Sep 7, 2017","Sep 26, 2017",19 days,4
