,Player Name,Player Number,Player,#,Nation,Pos,Age,Min,Tkl,TklW,Def 3rd,Mid 3rd,Att 3rd,Tkl,Att,Tkl%,Lost,Blocks,Sh,Pass,Int,Tkl+Int,Clr,Err,Player Key,Player Link
0,Memphis,https://fbref.com/en/players/8f696594/Memphis,10,10,nl NED,FW,26-297,78,0,0,0,0,0,0,0,,0,1,0,1,0,0,0,0,https://fbref.com/en/players/8f696594/Memphis-Memphis,
1,Rayan Cherki,https://fbref.com/en/players/b34c63a5/Rayan-Cherki,18,18,fr FRA,FW,17-111,11,0,0,0,0,0,0,0,,0,0,0,0,2,2,0,0,https://fbref.com/en/players/b34c63a5/Rayan-Cherki-Rayan Cherki,
2,Karl Toko Ekambi,https://fbref.com/en/players/5ceba7fc/Karl-Toko-Ekambi,7,7,cm CMR,LW,28-083,90,1,1,0,1,0,1,2,50.0,1,1,0,1,0,1,0,0,https://fbref.com/en/players/5ceba7fc/Karl-Toko-Ekambi-Karl Toko Ekambi,
3,Tino Kadewere,https://fbref.com/en/players/7d08063d/Tino-Kadewere,11,11,zw ZIM,RW,24-336,62,0,0,0,0,0,0,0,,0,1,0,1,0,0,0,0,https://fbref.com/en/players/7d08063d/Tino-Kadewere-Tino Kadewere,
4,Moussa Dembélé,https://fbref.com/en/players/e7986081/Moussa-Dembele,9,9,fr FRA,RW,24-147,28,0,0,0,0,0,0,0,,0,0,0,0,1,1,0,0,https://fbref.com/en/players/e7986081/Moussa-Dembele-Moussa Dembélé,
5,Houssem Aouar,https://fbref.com/en/players/a5db0bec/Houssem-Aouar,8,8,dz ALG,LM,22-159,63,0,0,0,0,0,0,0,,0,0,0,0,1,1,0,0,https://fbref.com/en/players/a5db0bec/Houssem-Aouar-Houssem Aouar,
6,Maxence Caqueret,https://fbref.com/en/players/f81ef10d/Maxence-Caqueret,25,25,fr FRA,LM,20-295,27,0,0,0,0,0,0,1,0.0,1,0,0,0,0,0,0,0,https://fbref.com/en/players/f81ef10d/Maxence-Caqueret-Maxence Caqueret,
7,Bruno Guimarães,https://fbref.com/en/players/82518f62/Bruno-Guimaraes,39,39,br BRA,CM,23-020,81,4,1,1,2,1,1,4,25.0,3,0,0,0,2,6,0,0,https://fbref.com/en/players/82518f62/Bruno-Guimaraes-Bruno Guimarães,
8,Sinaly Diomande,https://fbref.com/en/players/6de23ab0/Sinaly-Diomande,2,2,ci CIV,CM,19-241,9,0,0,0,0,0,0,0,,0,0,0,0,0,0,0,0,https://fbref.com/en/players/6de23ab0/Sinaly-Diomande-Sinaly Diomande,
9,Lucas Paquetá,https://fbref.com/en/players/9b6f7fd5/Lucas-Paqueta,12,12,br BRA,RM,23-101,90,3,1,0,2,1,0,2,0.0,2,0,0,0,3,6,1,0,https://fbref.com/en/players/9b6f7fd5/Lucas-Paqueta-Lucas Paquetá,
10,Maxwel Cornet,https://fbref.com/en/players/beb391dd/Maxwel-Cornet,27,27,ci CIV,LB,24-070,90,3,2,3,0,0,2,5,40.0,3,1,1,0,2,5,1,0,https://fbref.com/en/players/beb391dd/Maxwel-Cornet-Maxwel Cornet,
11,Jason Denayer,https://fbref.com/en/players/47af88b8/Jason-Denayer,5,5,be BEL,CB,25-161,90,0,0,0,0,0,0,0,,0,0,0,0,2,2,3,0,https://fbref.com/en/players/47af88b8/Jason-Denayer-Jason Denayer,
12,Marcelo,https://fbref.com/en/players/e3d0b0c4/Marcelo,6,6,br BRA,CB,33-200,90,0,0,0,0,0,0,2,0.0,2,2,2,0,3,3,6,0,https://fbref.com/en/players/e3d0b0c4/Marcelo-Marcelo,
13,Mattia De Sciglio,https://fbref.com/en/players/ae4e2852/Mattia-De-Sciglio,22,22,it ITA,RB,28-047,63,1,1,1,0,0,0,1,0.0,1,1,0,1,2,3,0,0,https://fbref.com/en/players/ae4e2852/Mattia-De-Sciglio-Mattia De Sciglio,
14,Leo Dubois,https://fbref.com/en/players/ff0ab48c/Leo-Dubois,14,14,fr FRA,RB,26-083,27,0,0,0,0,0,0,0,,0,0,0,0,1,1,1,0,https://fbref.com/en/players/ff0ab48c/Leo-Dubois-Leo Dubois,
15,Anthony Lopes,https://fbref.com/en/players/f00de885/Anthony-Lopes,1,1,pt POR,GK,30-066,90,0,0,0,0,0,0,0,,0,0,0,0,0,0,0,0,https://fbref.com/en/players/f00de885/Anthony-Lopes-Anthony Lopes,
