,Player Name,Player Number,Player,#,Nation,Pos,Age,Min,Touches,Def Pen,Def 3rd,Mid 3rd,Att 3rd,Att Pen,Live,Att,Succ,Succ%,Tkld,Tkld%,Carries,TotDist,PrgDist,PrgC,1/3,CPA,Mis,Dis,Rec,PrgR,Player Key,Player Link
0,Memphis,https://fbref.com/en/players/8f696594/Memphis,10,10,nl NED,FW,26-297,78,44,0,1,13,30,9,44,1,1,100.0,0,0.0,31,131,76,4,0,2,6,2,32,9,https://fbref.com/en/players/8f696594/Memphis-Memphis,
1,Rayan Cherki,https://fbref.com/en/players/b34c63a5/Rayan-Cherki,18,18,fr FRA,FW,17-111,11,5,0,4,1,0,0,5,0,0,,0,,6,26,20,0,0,0,0,0,4,2,https://fbref.com/en/players/b34c63a5/Rayan-Cherki-Rayan Cherki,
2,Karl Toko Ekambi,https://fbref.com/en/players/5ceba7fc/Karl-Toko-Ekambi,7,7,cm CMR,LW,28-083,90,56,0,6,33,19,8,56,3,2,66.7,1,33.3,48,251,174,4,3,1,2,0,49,10,https://fbref.com/en/players/5ceba7fc/Karl-Toko-Ekambi-Karl Toko Ekambi,
3,Tino Kadewere,https://fbref.com/en/players/7d08063d/Tino-Kadewere,11,11,zw ZIM,RW,24-336,62,28,0,4,12,13,3,28,0,0,,0,,24,109,56,2,2,0,1,1,26,8,https://fbref.com/en/players/7d08063d/Tino-Kadewere-Tino Kadewere,
4,Moussa Dembélé,https://fbref.com/en/players/e7986081/Moussa-Dembele,9,9,fr FRA,RW,24-147,28,7,0,0,3,4,0,7,1,0,0.0,1,100.0,7,31,1,0,1,1,0,3,7,4,https://fbref.com/en/players/e7986081/Moussa-Dembele-Moussa Dembélé,
5,Houssem Aouar,https://fbref.com/en/players/a5db0bec/Houssem-Aouar,8,8,dz ALG,LM,22-159,63,44,0,5,24,15,5,44,2,2,100.0,0,0.0,35,141,79,1,0,1,2,3,41,6,https://fbref.com/en/players/a5db0bec/Houssem-Aouar-Houssem Aouar,
6,Maxence Caqueret,https://fbref.com/en/players/f81ef10d/Maxence-Caqueret,25,25,fr FRA,LM,20-295,27,11,0,2,7,3,0,11,1,1,100.0,0,0.0,7,33,19,0,0,0,2,0,9,0,https://fbref.com/en/players/f81ef10d/Maxence-Caqueret-Maxence Caqueret,
7,Bruno Guimarães,https://fbref.com/en/players/82518f62/Bruno-Guimaraes,39,39,br BRA,CM,23-020,81,53,2,9,39,6,0,53,0,0,,0,,36,244,127,2,2,0,0,0,32,1,https://fbref.com/en/players/82518f62/Bruno-Guimaraes-Bruno Guimarães,
8,Sinaly Diomande,https://fbref.com/en/players/6de23ab0/Sinaly-Diomande,2,2,ci CIV,CM,19-241,9,2,0,2,0,0,0,2,0,0,,0,,2,4,4,0,0,0,0,0,2,0,https://fbref.com/en/players/6de23ab0/Sinaly-Diomande-Sinaly Diomande,
9,Lucas Paquetá,https://fbref.com/en/players/9b6f7fd5/Lucas-Paqueta,12,12,br BRA,RM,23-101,90,61,3,16,34,14,2,61,2,1,50.0,1,50.0,38,236,112,3,3,1,2,2,38,2,https://fbref.com/en/players/9b6f7fd5/Lucas-Paqueta-Lucas Paquetá,
10,Maxwel Cornet,https://fbref.com/en/players/beb391dd/Maxwel-Cornet,27,27,ci CIV,LB,24-070,90,81,4,36,40,6,0,81,0,0,,0,,59,184,98,1,1,0,1,0,58,4,https://fbref.com/en/players/beb391dd/Maxwel-Cornet-Maxwel Cornet,
11,Jason Denayer,https://fbref.com/en/players/47af88b8/Jason-Denayer,5,5,be BEL,CB,25-161,90,67,4,40,28,0,0,67,0,0,,0,,50,208,111,0,0,0,0,0,51,0,https://fbref.com/en/players/47af88b8/Jason-Denayer-Jason Denayer,
12,Marcelo,https://fbref.com/en/players/e3d0b0c4/Marcelo,6,6,br BRA,CB,33-200,90,78,14,39,35,4,4,78,0,0,,0,,57,331,265,0,0,0,1,0,60,0,https://fbref.com/en/players/e3d0b0c4/Marcelo-Marcelo,
13,Mattia De Sciglio,https://fbref.com/en/players/ae4e2852/Mattia-De-Sciglio,22,22,it ITA,RB,28-047,63,46,0,8,27,11,1,46,1,1,100.0,0,0.0,27,152,86,2,1,0,1,0,31,6,https://fbref.com/en/players/ae4e2852/Mattia-De-Sciglio-Mattia De Sciglio,
14,Leo Dubois,https://fbref.com/en/players/ff0ab48c/Leo-Dubois,14,14,fr FRA,RB,26-083,27,21,0,10,8,3,0,21,0,0,,0,,14,54,37,1,1,0,1,0,15,0,https://fbref.com/en/players/ff0ab48c/Leo-Dubois-Leo Dubois,
15,Anthony Lopes,https://fbref.com/en/players/f00de885/Anthony-Lopes,1,1,pt POR,GK,30-066,90,51,39,49,2,0,0,51,0,0,,0,,27,119,86,0,0,0,0,0,26,0,https://fbref.com/en/players/f00de885/Anthony-Lopes-Anthony Lopes,
