,Player Name,Player Number,Player,#,Nation,Pos,Age,Min,Gls,Ast,PK,PKatt,Sh,SoT,CrdY,CrdR,Touches,Tkl,Int,Blocks,xG,npxG,xAG,SCA,GCA,Cmp,Att,Cmp%,PrgP,Carries,PrgC,Att,Succ,Player Key,Player Link
0,Thierry Ambrose,https://fbref.com/en/players/2945f4b7/Thierry-Ambrose,9,9,gp GLP,FW,23-253,45,0,0,0,0,1,0,0,0,16,1,0,1,0.0,0.0,0.0,0,0,8,9,88.9,1,8,0,2,1,https://fbref.com/en/players/2945f4b7/Thierry-Ambrose-Thierry Ambrose,
1,Aaron Leya Iseka,https://fbref.com/en/players/29ef0f49/Aaron-Leya-Iseka,24,24,be BEL,FW,23-021,45,0,0,0,0,1,0,0,0,10,0,0,0,0.2,0.2,0.0,1,0,6,8,75.0,0,7,1,1,1,https://fbref.com/en/players/29ef0f49/Aaron-Leya-Iseka-Aaron Leya Iseka,
2,Opa Nguette,https://fbref.com/en/players/75a63397/Opa-Nguette,11,11,sn SEN,LW,26-151,90,0,1,0,0,2,0,0,0,45,0,0,1,0.2,0.2,0.2,6,2,30,33,90.9,5,32,6,6,4,https://fbref.com/en/players/75a63397/Opa-Nguette-Opa Nguette,
3,Farid Boulaya,https://fbref.com/en/players/a0791826/Farid-Boulaya,10,10,dz ALG,RW,27-285,90,1,0,0,1,2,1,0,0,71,0,0,1,0.9,0.2,0.3,8,0,47,64,73.4,10,40,2,2,2,https://fbref.com/en/players/a0791826/Farid-Boulaya-Farid Boulaya,
4,Victorien Angban,https://fbref.com/en/players/d8992b84/Victorien-Angban,5,5,ci CIV,LM,24-068,62,0,0,0,0,0,0,0,0,57,2,1,1,0.0,0.0,0.0,1,0,50,52,96.2,8,38,0,0,0,https://fbref.com/en/players/d8992b84/Victorien-Angban-Victorien Angban,
5,Boubakar Kouyaté,https://fbref.com/en/players/562a4799/Boubakar-Kouyate,23,23,ml MLI,LM,23-235,28,0,0,0,0,1,1,0,0,12,2,0,0,0.1,0.1,0.0,0,0,7,8,87.5,0,9,0,0,0,https://fbref.com/en/players/562a4799/Boubakar-Kouyate-Boubakar Kouyaté,
6,Pape Matar Sarr,https://fbref.com/en/players/feb5d972/Pape-Matar-Sarr,15,15,sn SEN,CM,18-083,45,0,0,0,0,0,0,1,0,33,0,0,0,0.0,0.0,0.0,0,0,28,30,93.3,3,19,0,0,0,https://fbref.com/en/players/feb5d972/Pape-Matar-Sarr-Pape Matar Sarr,
7,Warren Tchimbembé,https://fbref.com/en/players/93b8f9f4/Warren-Tchimbembe,12,12,cg CGO,RM,22-229,45,0,0,0,0,0,0,0,0,36,0,0,1,0.0,0.0,0.0,1,0,30,34,88.2,4,22,0,2,2,https://fbref.com/en/players/93b8f9f4/Warren-Tchimbembe-Warren Tchimbembé,
8,Habib Maïga,https://fbref.com/en/players/e768de1f/Habib-Maiga,19,19,ci CIV,"CM,RM",24-340,90,0,0,0,0,2,1,0,0,70,1,2,2,0.1,0.1,0.1,1,0,43,58,74.1,9,51,4,2,2,https://fbref.com/en/players/e768de1f/Habib-Maiga-Habib Maïga,
9,Thomas Delaine,https://fbref.com/en/players/8332db56/Thomas-Delaine,17,17,fr FRA,LB,28-257,90,0,0,0,0,0,0,0,0,53,1,1,1,0.0,0.0,0.0,3,0,36,46,78.3,1,36,4,1,1,https://fbref.com/en/players/8332db56/Thomas-Delaine-Thomas Delaine,
10,John Boye,https://fbref.com/en/players/861227d2/John-Boye,21,21,gh GHA,CB,33-227,86,0,0,0,0,0,0,0,1,51,1,1,4,0.0,0.0,0.0,0,0,32,41,78.0,1,21,0,0,0,https://fbref.com/en/players/861227d2/John-Boye-John Boye,
11,Dylan Bronn,https://fbref.com/en/players/edd81e2a/Dylan-Bronn,2,2,tn TUN,CB,25-170,90,0,0,0,0,1,0,0,0,44,4,1,0,0.0,0.0,0.0,0,0,30,34,88.2,3,25,0,0,0,https://fbref.com/en/players/edd81e2a/Dylan-Bronn-Dylan Bronn,
12,Fabien Centonze,https://fbref.com/en/players/3c6bbbab/Fabien-Centonze,18,18,fr FRA,RB,24-325,90,0,0,0,0,1,1,0,0,48,2,4,3,0.0,0.0,0.1,2,0,22,31,71.0,3,26,3,1,0,https://fbref.com/en/players/3c6bbbab/Fabien-Centonze-Fabien Centonze,
13,Alexandre Oukidja,https://fbref.com/en/players/ae7d0ecd/Alexandre-Oukidja,16,16,dz ALG,GK,32-140,89,0,0,0,0,0,0,0,0,30,0,0,0,0.0,0.0,0.0,0,0,23,29,79.3,0,12,0,0,0,https://fbref.com/en/players/ae7d0ecd/Alexandre-Oukidja-Alexandre Oukidja,
14,Marc-Aurèle Caillard,https://fbref.com/en/players/5ee6e943/Marc-Aurele-Caillard,30,30,fr FRA,GK,26-208,1,0,0,0,0,0,0,0,0,1,0,0,0,0.0,0.0,0.0,0,0,1,1,100.0,0,0,0,0,0,https://fbref.com/en/players/5ee6e943/Marc-Aurele-Caillard-Marc-Aurèle Caillard,
