,Player Name,Player Number,Player,#,Nation,Pos,Age,Min,Touches,Def Pen,Def 3rd,Mid 3rd,Att 3rd,Att Pen,Live,Att,Succ,Succ%,Tkld,Tkld%,Carries,TotDist,PrgDist,PrgC,1/3,CPA,Mis,Dis,Rec,PrgR,Player Key,Player Link
0,Thierry Ambrose,https://fbref.com/en/players/2945f4b7/Thierry-Ambrose,9,9,gp GLP,FW,23-253,45,16,1,1,9,6,2,16,2,1,50.0,1,50.0,8,26,10,0,0,0,2,0,7,1,https://fbref.com/en/players/2945f4b7/Thierry-Ambrose-Thierry Ambrose,
1,Aaron Leya Iseka,https://fbref.com/en/players/29ef0f49/Aaron-Leya-Iseka,24,24,be BEL,FW,23-021,45,10,0,0,5,5,2,10,1,1,100.0,0,0.0,7,66,24,1,2,1,0,0,8,3,https://fbref.com/en/players/29ef0f49/Aaron-Leya-Iseka-Aaron Leya Iseka,
2,Opa Nguette,https://fbref.com/en/players/75a63397/Opa-Nguette,11,11,sn SEN,LW,26-151,90,45,0,5,16,24,10,45,6,4,66.7,2,33.3,32,254,167,6,1,4,2,2,35,11,https://fbref.com/en/players/75a63397/Opa-Nguette-Opa Nguette,
3,Farid Boulaya,https://fbref.com/en/players/a0791826/Farid-Boulaya,10,10,dz ALG,RW,27-285,90,71,0,5,38,28,3,70,2,2,100.0,0,0.0,40,251,108,2,2,1,2,1,48,4,https://fbref.com/en/players/a0791826/Farid-Boulaya-Farid Boulaya,
4,Victorien Angban,https://fbref.com/en/players/d8992b84/Victorien-Angban,5,5,ci CIV,LM,24-068,62,57,1,9,39,9,0,57,0,0,,0,,38,111,72,0,1,0,2,0,48,0,https://fbref.com/en/players/d8992b84/Victorien-Angban-Victorien Angban,
5,Boubakar Kouyaté,https://fbref.com/en/players/562a4799/Boubakar-Kouyate,23,23,ml MLI,LM,23-235,28,12,1,7,4,1,1,12,0,0,,0,,9,29,13,0,0,0,0,0,9,0,https://fbref.com/en/players/562a4799/Boubakar-Kouyate-Boubakar Kouyaté,
6,Pape Matar Sarr,https://fbref.com/en/players/feb5d972/Pape-Matar-Sarr,15,15,sn SEN,CM,18-083,45,33,2,11,21,2,0,33,0,0,,0,,19,95,59,0,0,0,1,0,22,0,https://fbref.com/en/players/feb5d972/Pape-Matar-Sarr-Pape Matar Sarr,
7,Warren Tchimbembé,https://fbref.com/en/players/93b8f9f4/Warren-Tchimbembe,12,12,cg CGO,RM,22-229,45,36,0,5,25,7,0,36,2,2,100.0,0,0.0,22,135,59,0,0,0,1,1,28,3,https://fbref.com/en/players/93b8f9f4/Warren-Tchimbembe-Warren Tchimbembé,
8,Habib Maïga,https://fbref.com/en/players/e768de1f/Habib-Maiga,19,19,ci CIV,"CM,RM",24-340,90,70,3,13,45,12,1,70,2,2,100.0,0,0.0,51,218,122,4,1,0,0,2,54,2,https://fbref.com/en/players/e768de1f/Habib-Maiga-Habib Maïga,
9,Thomas Delaine,https://fbref.com/en/players/8332db56/Thomas-Delaine,17,17,fr FRA,LB,28-257,90,53,5,10,27,16,0,53,1,1,100.0,0,0.0,36,236,127,4,3,0,3,1,42,12,https://fbref.com/en/players/8332db56/Thomas-Delaine-Thomas Delaine,
10,John Boye,https://fbref.com/en/players/861227d2/John-Boye,21,21,gh GHA,CB,33-227,86,51,11,40,11,0,0,51,0,0,,0,,21,61,24,0,0,0,0,0,27,0,https://fbref.com/en/players/861227d2/John-Boye-John Boye,
11,Dylan Bronn,https://fbref.com/en/players/edd81e2a/Dylan-Bronn,2,2,tn TUN,CB,25-170,90,44,7,21,20,3,0,44,0,0,,0,,25,88,60,0,0,0,0,0,29,1,https://fbref.com/en/players/edd81e2a/Dylan-Bronn-Dylan Bronn,
12,Fabien Centonze,https://fbref.com/en/players/3c6bbbab/Fabien-Centonze,18,18,fr FRA,RB,24-325,90,48,7,17,18,14,4,48,1,0,0.0,1,100.0,26,206,124,3,1,1,1,1,23,11,https://fbref.com/en/players/3c6bbbab/Fabien-Centonze-Fabien Centonze,
13,Alexandre Oukidja,https://fbref.com/en/players/ae7d0ecd/Alexandre-Oukidja,16,16,dz ALG,GK,32-140,89,30,24,30,0,0,0,30,0,0,,0,,12,87,67,0,0,0,0,0,11,0,https://fbref.com/en/players/ae7d0ecd/Alexandre-Oukidja-Alexandre Oukidja,
14,Marc-Aurèle Caillard,https://fbref.com/en/players/5ee6e943/Marc-Aurele-Caillard,30,30,fr FRA,GK,26-208,1,1,1,1,0,0,0,1,0,0,,0,,0,0,0,0,0,0,0,0,0,0,https://fbref.com/en/players/5ee6e943/Marc-Aurele-Caillard-Marc-Aurèle Caillard,
