,Minute,Player,Squad,xG,PSxG,Outcome,Distance,Body Part,Notes,SCA 1 Player,SCA 1 Event,SCA 2 Player,SCA 2 Event
0,1,Memphis,Lyon,0.09,,Off Target,17,Left Foot,,Houssem Aouar,Pass (Live),Lucas Paquetá,Pass (Live)
1,2,Karl Toko Ekambi,Lyon,0.06,,Blocked,18,Right Foot,,Memphis,Pass (Live),Lucas Paquetá,Pass (Live)
2,4,Tino Kadewere,Lyon,0.10,,Blocked,11,Right Foot,,Mattia De Sciglio,Pass (Live),Bruno Guimarães,Pass (Live)
3,5,Houssem Aouar,Lyon,0.06,,Off Target,20,Left Foot,,Houssem Aouar,Take-On,Lucas Paquetá,Pass (Live)
4,7,Farid Boulaya(pen),Metz,0.79,0.99,Saved,13,Right Foot,,Opa Nguette,Fouled,Opa Nguette,Take-On
5,17,Memphis,Lyon,0.08,0.52,Goal,21,Right Foot,,Karl Toko Ekambi,Pass (Live),Bruno Guimarães,Pass (Live)
6,21,Houssem Aouar,Lyon,0.07,,Off Target,12,Right Foot,Volley,Memphis,Pass (Dead),Tino Kadewere,Fouled
7,33,Memphis,Lyon,0.05,,Off Target,14,Right Foot,,Lucas Paquetá,Pass (Live),,
8,37,Thierry Ambrose,Metz,0.05,,Off Target,20,Right Foot,Volley,Farid Boulaya,Pass (Live),Thomas Delaine,Pass (Live)
9,37,Houssem Aouar,Lyon,0.09,0.14,Saved,11,Right Foot,,Memphis,Pass (Live),Mattia De Sciglio,Pass (Live)
10,38,Memphis,Lyon,0.09,0.22,Saved,16,Right Foot,,Houssem Aouar,Pass (Live),Tino Kadewere,Pass (Live)
11,40,Tino Kadewere,Lyon,0.11,,Blocked,7,Right Foot,,Mattia De Sciglio,Pass (Live),Karl Toko Ekambi,Pass (Live)
12,40,Marcelo,Lyon,0.08,,Off Target,10,Head,,Memphis,Pass (Dead),Tino Kadewere,Shot
13,42,Karl Toko Ekambi,Lyon,0.07,,Blocked,12,Left Foot,,Karl Toko Ekambi,Take-On,Lucas Paquetá,Pass (Live)
14,43,Marcelo,Lyon,0.13,,Blocked,8,Head,,Memphis,Pass (Dead),Karl Toko Ekambi,Shot
15,,,,,,,,,,,,,
16,47,Karl Toko Ekambi,Lyon,0.06,0.20,Goal,13,Left Foot,,Houssem Aouar,Pass (Live),Tino Kadewere,Pass (Live)
17,53,Opa Nguette,Metz,0.07,,Blocked,17,Right Foot,,Habib Maïga,Pass (Live),Victorien Angban,Pass (Live)
18,59,Opa Nguette,Metz,0.09,,Blocked,8,Head,,Fabien Centonze,Pass (Live),Farid Boulaya,Pass (Live)
19,60,Karl Toko Ekambi,Lyon,0.42,0.66,Goal,13,Right Foot,,Lucas Paquetá,Interception,,
20,62,Lucas Paquetá,Lyon,0.05,,Off Target,20,Left Foot,,Karl Toko Ekambi,Pass (Live),Karl Toko Ekambi,Take-On
21,67,Aaron Leya Iseka,Metz,0.18,,Off Target,8,Head,,Farid Boulaya,Pass (Dead),Fabien Centonze,Fouled
22,68,Habib Maïga,Metz,0.02,,Off Target,36,Right Foot,,Farid Boulaya,Pass (Live),Thomas Delaine,Pass (Live)
23,71,Memphis,Lyon,0.04,,Off Target,13,Right Foot,,Leo Dubois,Pass (Live),Lucas Paquetá,Pass (Live)
24,74,Habib Maïga,Metz,0.06,0.09,Saved,21,Right Foot,,Opa Nguette,Pass (Live),Aaron Leya Iseka,Take-On
25,75,Farid Boulaya,Metz,0.11,0.51,Goal,13,Right Foot,,Opa Nguette,Pass (Live),Opa Nguette,Take-On
26,78,Boubakar Kouyaté,Metz,0.05,0.13,Saved,12,Head,,Farid Boulaya,Pass (Dead),Farid Boulaya,Pass (Live)
27,78,Fabien Centonze,Metz,0.02,0.03,Saved,29,Right Foot,,Warren Tchimbembé,Pass (Live),Farid Boulaya,Pass (Dead)
28,79,Dylan Bronn,Metz,0.02,,Off Target,32,Right Foot,,Opa Nguette,Pass (Live),Thomas Delaine,Pass (Live)
29,80,Karl Toko Ekambi,Lyon,0.03,,Woodwork,26,Right Foot,,Lucas Paquetá,Pass (Live),Moussa Dembélé,Pass (Live)
30,89,Farid Boulaya,Metz,0.04,,Blocked,36,Right Foot,Free kick,Farid Boulaya,Fouled,,
