season,injury,from,until,days,missed_games
23/24,Hip problems,"Apr 23, 2024","Jun 18, 2024",56 days,12
23/24,Hip injury,"Apr 1, 2024","Apr 21, 2024",20 days,3
22/23,Cruciate ligament injury,"Feb 4, 2023","Dec 31, 2023",330 days,38
21/22,Meniscus tear,"Feb 26, 2022","Apr 14, 2022",47 days,6
20/21,unknown injury,"Apr 9, 2021","Apr 16, 2021",7 days,1
19/20,Quarantine,"Jul 11, 2020","Jul 21, 2020",10 days,2
19/20,unknown injury,"Jul 31, 2019","Aug 6, 2019",6 days,1
18/19,Meniscus injury,"Apr 15, 2019","Jul 1, 2019",77 days,-
18/19,Meniscus injury,"Sep 5, 2018","Mar 5, 2019",181 days,18
17/18,Torn muscle fiber,"Apr 17, 2018","Apr 26, 2018",9 days,2
