season,injury,from,until,days,missed_games
23/24,Back injury,"Sep 18, 2023","Oct 10, 2023",22 days,4
23/24,Muscle injury,"Sep 18, 2023","Sep 25, 2023",7 days,1
22/23,Muscle injury,"Apr 20, 2023","May 23, 2023",33 days,8
22/23,Muscle injury,"Feb 20, 2023","Mar 3, 2023",11 days,1
22/23,Muscle injury,"Jul 9, 2022","Jul 23, 2022",14 days,3
21/22,Muscle injury,"Jun 16, 2022","Jul 4, 2022",18 days,4
21/22,Muscle strain,"Feb 26, 2022","Mar 31, 2022",33 days,8
20/21,Corona virus,"Oct 12, 2020","Oct 26, 2020",14 days,4
18/19,Heel injury,"Apr 1, 2019","Apr 30, 2019",29 days,5
