season,injury,from,until,days,missed_games
23/24,Bone marrow swelling,"Jun 1, 2024",,37 days,7
23/24,Meniscus tear,"Jul 28, 2023","Dec 31, 2023",156 days,13
21/22,Corona virus,"Dec 28, 2021","Jan 6, 2022",9 days,1
20/21,Adductor pain,"May 4, 2021","May 13, 2021",9 days,2
19/20,Calf muscle tear,"Jul 23, 2020","Aug 15, 2020",23 days,3
16/17,Inguinal hernia,"Jan 20, 2017","Jan 31, 2017",11 days,2
15/16,Muscle fatigue,"Jan 22, 2016","Feb 1, 2016",10 days,2
13/14,Cruciate ligament injury,"May 10, 2014","Nov 25, 2014",199 days,22
12/13,Muscle strain,"Oct 27, 2012","Nov 24, 2012",28 days,6
