,Player Name,Player Number,Player,#,Nation,Pos,Age,Min,Tkl,TklW,Def 3rd,Mid 3rd,Att 3rd,Tkl,Att,Tkl%,Lost,Blocks,Sh,Pass,Int,Tkl+Int,Clr,Err,Player Key,Player Link
0,Matthew Godden,https://fbref.com/en/players/4e43f8c0/Matthew-Godden,24,24,eng ENG,FW,29-051,90,1,0,1,0,0,1,1,100.0,0,1,1,0,0,1,0,0,https://fbref.com/en/players/4e43f8c0/Matthew-Godden-Matthew Godden,
1,Callum O'Hare,https://fbref.com/en/players/39072483/Callum-OHare,11,11,eng ENG,LW,22-140,90,3,3,1,2,0,0,0,,0,3,0,3,0,3,0,0,https://fbref.com/en/players/39072483/Callum-OHare-Callum O'Hare,
2,Jamie Allen,https://fbref.com/en/players/2c183a79/Jamie-Allen,8,8,eng ENG,RW,25-233,90,2,1,0,1,1,1,5,20.0,4,0,0,0,0,2,0,0,https://fbref.com/en/players/2c183a79/Jamie-Allen-Jamie Allen,
3,Ryan John Giles,https://fbref.com/en/players/73b1d65b/Ryan-John-Giles,18,18,eng ENG,LM,20-236,90,4,2,2,2,0,2,3,66.7,1,1,0,1,0,4,2,0,https://fbref.com/en/players/73b1d65b/Ryan-John-Giles-Ryan John Giles,
4,Jordan Shipley,https://fbref.com/en/players/3c13cd5d/Jordan-Shipley,26,26,ie IRL,CM,22-358,89,1,1,1,0,0,0,2,0.0,2,0,0,0,2,3,0,0,https://fbref.com/en/players/3c13cd5d/Jordan-Shipley-Jordan Shipley,
5,Ben Sheaf,https://fbref.com/en/players/7b4a62af/Ben-Sheaf,14,14,eng ENG,CM,22-226,1,0,0,0,0,0,0,0,,0,0,0,0,0,0,0,0,https://fbref.com/en/players/7b4a62af/Ben-Sheaf-Ben Sheaf,
6,Gustavo Hamer,https://fbref.com/en/players/eebacc07/Gustavo-Hamer,38,38,nl NED,CM,23-086,90,1,1,0,1,0,0,3,0.0,3,0,0,0,4,5,1,0,https://fbref.com/en/players/eebacc07/Gustavo-Hamer-Gustavo Hamer,
7,Fankaty Dabo,https://fbref.com/en/players/242dbdeb/Fankaty-Dabo,23,23,eng ENG,RM,24-343,90,1,0,0,1,0,0,1,0.0,1,0,0,0,1,2,1,0,https://fbref.com/en/players/242dbdeb/Fankaty-Dabo-Fankaty Dabo,
8,Dominic Hyam,https://fbref.com/en/players/ce95958a/Dominic-Hyam,15,15,sct SCO,CB,24-273,90,0,0,0,0,0,0,0,,0,2,1,1,1,1,3,0,https://fbref.com/en/players/ce95958a/Dominic-Hyam-Dominic Hyam,
9,Kyle McFadzean,https://fbref.com/en/players/d958cde6/Kyle-McFadzean,5,5,sct SCO,CB,33-211,90,0,0,0,0,0,0,0,,0,0,0,0,0,0,4,0,https://fbref.com/en/players/d958cde6/Kyle-McFadzean-Kyle McFadzean,
10,Leo Skiri Østigård,https://fbref.com/en/players/b35a7399/Leo-Skiri-Ostigard,2,2,no NOR,CB,20-295,90,2,1,0,1,1,0,1,0.0,1,0,0,0,0,2,6,0,https://fbref.com/en/players/b35a7399/Leo-Skiri-Ostigard-Leo Skiri Østigård,
11,Marko Maroši,https://fbref.com/en/players/1aa0308a/Marko-Marosi,1,1,sk SVK,GK,26-331,90,0,0,0,0,0,0,0,,0,0,0,0,0,0,0,0,https://fbref.com/en/players/1aa0308a/Marko-Marosi-Marko Maroši,
