,Player Name,Player Number,Player,#,Nation,Pos,Age,Min,Att,Live,Dead,FK,TB,Sw,Crs,TI,CK,In,Out,Str,Cmp,Off,Blocks,Player Key,Player Link
0,Matthew Godden,https://fbref.com/en/players/4e43f8c0/Matthew-Godden,24,24,eng ENG,FW,29-051,90,18,15,3,0,0,0,0,0,0,0,0,0,16,0,1,https://fbref.com/en/players/4e43f8c0/Matthew-Godden-Matthew Godden,
1,Callum O'Hare,https://fbref.com/en/players/39072483/Callum-OHare,11,11,eng ENG,LW,22-140,90,26,26,0,0,0,0,1,0,0,0,0,0,20,0,2,https://fbref.com/en/players/39072483/Callum-OHare-Callum O'Hare,
2,Jamie Allen,https://fbref.com/en/players/2c183a79/Jamie-Allen,8,8,eng ENG,RW,25-233,90,19,19,0,0,0,0,1,0,0,0,0,0,16,0,1,https://fbref.com/en/players/2c183a79/Jamie-Allen-Jamie Allen,
3,Ryan John Giles,https://fbref.com/en/players/73b1d65b/Ryan-John-Giles,18,18,eng ENG,LM,20-236,90,42,30,11,1,0,0,8,10,0,0,0,0,26,1,1,https://fbref.com/en/players/73b1d65b/Ryan-John-Giles-Ryan John Giles,
4,Jordan Shipley,https://fbref.com/en/players/3c13cd5d/Jordan-Shipley,26,26,ie IRL,CM,22-358,89,28,28,0,0,0,1,0,0,0,0,0,0,23,0,0,https://fbref.com/en/players/3c13cd5d/Jordan-Shipley-Jordan Shipley,
5,Ben Sheaf,https://fbref.com/en/players/7b4a62af/Ben-Sheaf,14,14,eng ENG,CM,22-226,1,1,1,0,0,0,0,0,0,0,0,0,0,1,0,0,https://fbref.com/en/players/7b4a62af/Ben-Sheaf-Ben Sheaf,
6,Gustavo Hamer,https://fbref.com/en/players/eebacc07/Gustavo-Hamer,38,38,nl NED,CM,23-086,90,49,40,9,1,0,1,7,1,7,0,5,1,35,0,0,https://fbref.com/en/players/eebacc07/Gustavo-Hamer-Gustavo Hamer,
7,Fankaty Dabo,https://fbref.com/en/players/242dbdeb/Fankaty-Dabo,23,23,eng ENG,RM,24-343,90,55,36,18,2,0,0,5,16,0,0,0,0,40,1,4,https://fbref.com/en/players/242dbdeb/Fankaty-Dabo-Fankaty Dabo,
8,Dominic Hyam,https://fbref.com/en/players/ce95958a/Dominic-Hyam,15,15,sct SCO,CB,24-273,90,40,38,2,2,0,1,0,0,0,0,0,0,28,0,0,https://fbref.com/en/players/ce95958a/Dominic-Hyam-Dominic Hyam,
9,Kyle McFadzean,https://fbref.com/en/players/d958cde6/Kyle-McFadzean,5,5,sct SCO,CB,33-211,90,25,23,2,2,0,0,0,0,0,0,0,0,15,0,1,https://fbref.com/en/players/d958cde6/Kyle-McFadzean-Kyle McFadzean,
10,Leo Skiri Østigård,https://fbref.com/en/players/b35a7399/Leo-Skiri-Ostigard,2,2,no NOR,CB,20-295,90,34,31,3,3,0,2,0,0,0,0,0,0,21,0,0,https://fbref.com/en/players/b35a7399/Leo-Skiri-Ostigard-Leo Skiri Østigård,
11,Marko Maroši,https://fbref.com/en/players/1aa0308a/Marko-Marosi,1,1,sk SVK,GK,26-331,90,33,21,12,5,0,0,0,0,0,0,0,0,22,0,0,https://fbref.com/en/players/1aa0308a/Marko-Marosi-Marko Maroši,
