,Player Name,Player Number,Player,#,Nation,Pos,Age,Min,Touches,Def Pen,Def 3rd,Mid 3rd,Att 3rd,Att Pen,Live,Att,Succ,Succ%,Tkld,Tkld%,Carries,TotDist,PrgDist,PrgC,1/3,CPA,Mis,Dis,Rec,PrgR,Player Key,Player Link
0,Matthew Godden,https://fbref.com/en/players/4e43f8c0/Matthew-Godden,24,24,eng ENG,FW,29-051,90,24,1,3,17,6,2,24,1,1,100.0,0,0.0,12,75,39,2,1,0,1,0,14,0,https://fbref.com/en/players/4e43f8c0/Matthew-Godden-Matthew Godden,
1,Callum O'Hare,https://fbref.com/en/players/39072483/Callum-OHare,11,11,eng ENG,LW,22-140,90,40,0,1,22,18,9,40,2,1,50.0,1,50.0,27,147,91,4,3,1,3,3,29,4,https://fbref.com/en/players/39072483/Callum-OHare-Callum O'Hare,
2,Jamie Allen,https://fbref.com/en/players/2c183a79/Jamie-Allen,8,8,eng ENG,RW,25-233,90,30,0,1,14,16,0,30,2,1,50.0,1,50.0,20,109,64,2,3,0,6,1,20,8,https://fbref.com/en/players/2c183a79/Jamie-Allen-Jamie Allen,
3,Ryan John Giles,https://fbref.com/en/players/73b1d65b/Ryan-John-Giles,18,18,eng ENG,LM,20-236,90,55,0,13,20,22,2,55,2,1,50.0,1,50.0,26,237,170,7,3,1,3,1,28,7,https://fbref.com/en/players/73b1d65b/Ryan-John-Giles-Ryan John Giles,
4,Jordan Shipley,https://fbref.com/en/players/3c13cd5d/Jordan-Shipley,26,26,ie IRL,CM,22-358,89,33,2,12,21,1,0,33,1,1,100.0,0,0.0,20,66,12,0,0,0,0,1,20,0,https://fbref.com/en/players/3c13cd5d/Jordan-Shipley-Jordan Shipley,
5,Ben Sheaf,https://fbref.com/en/players/7b4a62af/Ben-Sheaf,14,14,eng ENG,CM,22-226,1,1,0,0,0,1,0,1,0,0,,0,,1,1,1,0,0,0,0,0,1,0,https://fbref.com/en/players/7b4a62af/Ben-Sheaf-Ben Sheaf,
6,Gustavo Hamer,https://fbref.com/en/players/eebacc07/Gustavo-Hamer,38,38,nl NED,CM,23-086,90,54,1,14,27,13,0,54,1,1,100.0,0,0.0,20,134,64,1,2,0,0,0,30,0,https://fbref.com/en/players/eebacc07/Gustavo-Hamer-Gustavo Hamer,
7,Fankaty Dabo,https://fbref.com/en/players/242dbdeb/Fankaty-Dabo,23,23,eng ENG,RM,24-343,90,60,1,19,20,22,2,60,2,1,50.0,1,50.0,32,205,135,5,1,1,0,3,35,7,https://fbref.com/en/players/242dbdeb/Fankaty-Dabo-Fankaty Dabo,
8,Dominic Hyam,https://fbref.com/en/players/ce95958a/Dominic-Hyam,15,15,sct SCO,CB,24-273,90,51,6,26,23,3,2,51,0,0,,0,,27,141,71,0,0,0,2,0,29,0,https://fbref.com/en/players/ce95958a/Dominic-Hyam-Dominic Hyam,
9,Kyle McFadzean,https://fbref.com/en/players/d958cde6/Kyle-McFadzean,5,5,sct SCO,CB,33-211,90,33,11,24,6,3,3,33,0,0,,0,,14,46,21,0,0,0,1,0,18,0,https://fbref.com/en/players/d958cde6/Kyle-McFadzean-Kyle McFadzean,
10,Leo Skiri Østigård,https://fbref.com/en/players/b35a7399/Leo-Skiri-Ostigard,2,2,no NOR,CB,20-295,90,42,6,28,12,3,1,42,0,0,,0,,15,37,31,0,1,0,0,0,24,0,https://fbref.com/en/players/b35a7399/Leo-Skiri-Ostigard-Leo Skiri Østigård,
11,Marko Maroši,https://fbref.com/en/players/1aa0308a/Marko-Marosi,1,1,sk SVK,GK,26-331,90,34,31,34,0,0,0,34,0,0,,0,,18,85,78,0,0,0,0,0,14,0,https://fbref.com/en/players/1aa0308a/Marko-Marosi-Marko Maroši,
