,Player Name,Player Number,Player,#,Nation,Pos,Age,Min,Touches,Def Pen,Def 3rd,Mid 3rd,Att 3rd,Att Pen,Live,Att,Succ,Succ%,Tkld,Tkld%,Carries,TotDist,PrgDist,PrgC,1/3,CPA,Mis,Dis,Rec,PrgR,Player Key,Player Link
0,Lyndon Dykes,https://fbref.com/en/players/cd92357a/Lyndon-Dykes,9,9,sct SCO,FW,24-347,90,25,0,0,8,17,4,24,0,0,,0,,10,45,16,1,0,0,4,2,18,3,https://fbref.com/en/players/cd92357a/Lyndon-Dykes-Lyndon Dykes,
1,Ilias Chair,https://fbref.com/en/players/ad7873cb/Ilias-Chair,10,10,ma MAR,LW,22-324,81,53,1,5,32,17,1,53,3,3,100.0,0,0.0,32,197,72,2,0,0,3,2,36,4,https://fbref.com/en/players/ad7873cb/Ilias-Chair-Ilias Chair,
2,George Thomas,https://fbref.com/en/players/7ef24097/George-Thomas,19,19,wls WAL,AM,23-178,9,4,0,0,3,1,0,4,0,0,,0,,0,0,0,0,0,0,0,0,2,0,https://fbref.com/en/players/7ef24097/George-Thomas-George Thomas,
3,Bright Osayi-Samuel,https://fbref.com/en/players/03b6afa9/Bright-Osayi-Samuel,11,11,ng NGA,"RW,LW",22-262,90,49,0,3,19,29,5,49,3,3,100.0,0,0.0,32,313,170,7,4,2,2,1,40,13,https://fbref.com/en/players/03b6afa9/Bright-Osayi-Samuel-Bright Osayi-Samuel,
4,Luke Amos,https://fbref.com/en/players/77128f7e/Luke-Amos,8,8,eng ENG,AM,23-208,81,32,0,0,23,10,2,32,2,1,50.0,1,50.0,19,84,50,2,1,0,2,2,26,2,https://fbref.com/en/players/77128f7e/Luke-Amos-Luke Amos,
5,Dominic Ball,https://fbref.com/en/players/79d61875/Dominic-Ball,12,12,eng ENG,DM,25-047,9,10,0,1,4,5,1,10,0,0,,0,,3,4,3,0,0,0,0,0,7,0,https://fbref.com/en/players/79d61875/Dominic-Ball-Dominic Ball,
6,Geoff Cameron,https://fbref.com/en/players/1a160ea3/Geoff-Cameron,20,20,us USA,DM,35-069,90,48,2,8,34,6,1,48,1,1,100.0,0,0.0,10,58,24,1,0,0,0,1,24,0,https://fbref.com/en/players/1a160ea3/Geoff-Cameron-Geoff Cameron,
7,Tom Carroll,https://fbref.com/en/players/5a1900a4/Tom-Carroll,22,22,eng ENG,DM,28-113,70,50,0,4,31,15,1,50,1,1,100.0,0,0.0,28,103,24,0,0,0,1,0,41,2,https://fbref.com/en/players/5a1900a4/Tom-Carroll-Tom Carroll,
8,Paul Smyth,https://fbref.com/en/players/0747000e/Paul-Smyth,38,38,nir NIR,"RW,DM",23-008,20,9,0,2,3,4,2,9,0,0,,0,,3,18,13,0,0,0,0,0,5,3,https://fbref.com/en/players/0747000e/Paul-Smyth-Paul Smyth,
9,Lee Wallace,https://fbref.com/en/players/c3a396e2/Lee-Wallace,3,3,sct SCO,LB,33-048,90,83,1,9,59,15,1,83,0,0,,0,,43,189,100,0,1,0,3,1,59,2,https://fbref.com/en/players/c3a396e2/Lee-Wallace-Lee Wallace,
10,Yoann Barbet,https://fbref.com/en/players/c52bbd2c/Yoann-Barbet,6,6,fr FRA,CB,27-131,90,111,8,53,56,2,2,111,0,0,,0,,69,274,201,0,0,0,0,0,84,0,https://fbref.com/en/players/c52bbd2c/Yoann-Barbet-Yoann Barbet,
11,Robert Dickie,https://fbref.com/en/players/c7dfc411/Robert-Dickie,4,4,eng ENG,CB,24-199,90,94,9,44,51,0,0,94,0,0,,0,,59,260,127,0,0,0,2,0,77,0,https://fbref.com/en/players/c7dfc411/Robert-Dickie-Robert Dickie,
12,Osman Kakay,https://fbref.com/en/players/0aed0751/Osman-Kakay,24,24,sl SLE,RB,23-024,90,100,5,19,64,17,0,100,6,3,50.0,3,50.0,50,339,130,3,1,0,1,2,67,1,https://fbref.com/en/players/0aed0751/Osman-Kakay-Osman Kakay,
13,Joe Lumley,https://fbref.com/en/players/bdf3a08e/Joe-Lumley,1,1,eng ENG,GK,25-216,90,32,24,32,0,0,0,32,0,0,,0,,15,81,53,0,0,0,0,0,16,0,https://fbref.com/en/players/bdf3a08e/Joe-Lumley-Joe Lumley,
