,Player Name,Player Number,Player,#,Nation,Pos,Age,Min,Gls,Ast,PK,PKatt,Sh,SoT,CrdY,CrdR,Touches,Tkl,Int,Blocks,xG,npxG,xAG,SCA,GCA,Cmp,Att,Cmp%,PrgP,Carries,PrgC,Att,Succ,Player Key,Player Link
0,Lyndon Dykes,https://fbref.com/en/players/cd92357a/Lyndon-Dykes,9,9,sct SCO,FW,24-347,90,1,0,1,1,0,0,0,0,25,0,0,1,0.8,0.0,0.0,1,0,13,17,76.5,2,10,1,0,0,https://fbref.com/en/players/cd92357a/Lyndon-Dykes-Lyndon Dykes,
1,Ilias Chair,https://fbref.com/en/players/ad7873cb/Ilias-Chair,10,10,ma MAR,LW,22-324,81,0,0,0,0,1,0,1,0,53,2,0,1,0.1,0.1,0.0,1,0,39,45,86.7,1,32,2,3,3,https://fbref.com/en/players/ad7873cb/Ilias-Chair-Ilias Chair,
2,George Thomas,https://fbref.com/en/players/7ef24097/George-Thomas,19,19,wls WAL,AM,23-178,9,0,0,0,0,0,0,0,0,4,1,0,0,0.0,0.0,0.0,0,0,2,2,100.0,0,0,0,0,0,https://fbref.com/en/players/7ef24097/George-Thomas-George Thomas,
3,Bright Osayi-Samuel,https://fbref.com/en/players/03b6afa9/Bright-Osayi-Samuel,11,11,ng NGA,"RW,LW",22-262,90,0,0,0,0,1,1,0,0,49,1,1,1,0.0,0.0,0.0,3,1,36,45,80.0,2,32,7,3,3,https://fbref.com/en/players/03b6afa9/Bright-Osayi-Samuel-Bright Osayi-Samuel,
4,Luke Amos,https://fbref.com/en/players/77128f7e/Luke-Amos,8,8,eng ENG,AM,23-208,81,0,0,0,0,1,0,0,0,32,1,0,0,0.0,0.0,0.0,1,0,26,28,92.9,2,19,2,2,1,https://fbref.com/en/players/77128f7e/Luke-Amos-Luke Amos,
5,Dominic Ball,https://fbref.com/en/players/79d61875/Dominic-Ball,12,12,eng ENG,DM,25-047,9,0,0,0,0,1,0,0,0,10,0,0,0,0.1,0.1,0.0,0,0,7,9,77.8,1,3,0,0,0,https://fbref.com/en/players/79d61875/Dominic-Ball-Dominic Ball,
6,Geoff Cameron,https://fbref.com/en/players/1a160ea3/Geoff-Cameron,20,20,us USA,DM,35-069,90,0,0,0,0,0,0,0,0,48,1,2,1,0.0,0.0,0.0,0,0,28,41,68.3,5,10,1,1,1,https://fbref.com/en/players/1a160ea3/Geoff-Cameron-Geoff Cameron,
7,Tom Carroll,https://fbref.com/en/players/5a1900a4/Tom-Carroll,22,22,eng ENG,DM,28-113,70,0,0,0,0,1,1,0,0,50,0,1,0,0.0,0.0,0.0,0,0,35,47,74.5,1,28,0,1,1,https://fbref.com/en/players/5a1900a4/Tom-Carroll-Tom Carroll,
8,Paul Smyth,https://fbref.com/en/players/0747000e/Paul-Smyth,38,38,nir NIR,"RW,DM",23-008,20,0,0,0,0,0,0,0,0,9,2,0,0,0.0,0.0,0.0,1,0,4,7,57.1,0,3,0,0,0,https://fbref.com/en/players/0747000e/Paul-Smyth-Paul Smyth,
9,Lee Wallace,https://fbref.com/en/players/c3a396e2/Lee-Wallace,3,3,sct SCO,LB,33-048,90,0,0,0,0,0,0,1,0,83,1,0,1,0.0,0.0,0.1,3,1,60,69,87.0,3,43,0,0,0,https://fbref.com/en/players/c3a396e2/Lee-Wallace-Lee Wallace,
10,Yoann Barbet,https://fbref.com/en/players/c52bbd2c/Yoann-Barbet,6,6,fr FRA,CB,27-131,90,1,0,0,0,1,1,0,0,111,1,0,2,0.1,0.1,0.0,0,0,90,102,88.2,5,69,0,0,0,https://fbref.com/en/players/c52bbd2c/Yoann-Barbet-Yoann Barbet,
11,Robert Dickie,https://fbref.com/en/players/c7dfc411/Robert-Dickie,4,4,eng ENG,CB,24-199,90,0,0,0,0,0,0,0,0,94,1,0,0,0.0,0.0,0.0,1,0,72,84,85.7,0,59,0,0,0,https://fbref.com/en/players/c7dfc411/Robert-Dickie-Robert Dickie,
12,Osman Kakay,https://fbref.com/en/players/0aed0751/Osman-Kakay,24,24,sl SLE,RB,23-024,90,0,0,0,0,0,0,0,0,100,2,2,0,0.0,0.0,0.0,1,0,70,87,80.5,8,50,3,6,3,https://fbref.com/en/players/0aed0751/Osman-Kakay-Osman Kakay,
13,Joe Lumley,https://fbref.com/en/players/bdf3a08e/Joe-Lumley,1,1,eng ENG,GK,25-216,90,0,0,0,0,0,0,0,0,32,0,0,0,0.0,0.0,0.0,0,0,27,32,84.4,0,15,0,0,0,https://fbref.com/en/players/bdf3a08e/Joe-Lumley-Joe Lumley,
