,Player Name,Player Number,Player,#,Nation,Pos,Age,Min,Att,Live,Dead,FK,TB,Sw,Crs,TI,CK,In,Out,Str,Cmp,Off,Blocks,Player Key,Player Link
0,Lyndon Dykes,https://fbref.com/en/players/cd92357a/Lyndon-Dykes,9,9,sct SCO,FW,24-347,90,17,16,1,0,0,0,0,0,0,0,0,0,13,0,1,https://fbref.com/en/players/cd92357a/Lyndon-Dykes-Lyndon Dykes,
1,Ilias Chair,https://fbref.com/en/players/ad7873cb/Ilias-Chair,10,10,ma MAR,LW,22-324,81,45,39,6,0,0,0,4,0,4,1,2,0,39,0,0,https://fbref.com/en/players/ad7873cb/Ilias-Chair-Ilias Chair,
2,George Thomas,https://fbref.com/en/players/7ef24097/George-Thomas,19,19,wls WAL,AM,23-178,9,2,2,0,0,0,0,0,0,0,0,0,0,2,0,0,https://fbref.com/en/players/7ef24097/George-Thomas-George Thomas,
3,Bright Osayi-Samuel,https://fbref.com/en/players/03b6afa9/Bright-Osayi-Samuel,11,11,ng NGA,"RW,LW",22-262,90,45,44,1,0,0,0,3,0,0,0,0,0,36,0,1,https://fbref.com/en/players/03b6afa9/Bright-Osayi-Samuel-Bright Osayi-Samuel,
4,Luke Amos,https://fbref.com/en/players/77128f7e/Luke-Amos,8,8,eng ENG,AM,23-208,81,28,27,1,1,0,0,1,0,0,0,0,0,26,0,0,https://fbref.com/en/players/77128f7e/Luke-Amos-Luke Amos,
5,Dominic Ball,https://fbref.com/en/players/79d61875/Dominic-Ball,12,12,eng ENG,DM,25-047,9,9,8,0,0,0,2,0,0,0,0,0,0,7,1,0,https://fbref.com/en/players/79d61875/Dominic-Ball-Dominic Ball,
6,Geoff Cameron,https://fbref.com/en/players/1a160ea3/Geoff-Cameron,20,20,us USA,DM,35-069,90,41,40,0,0,0,0,0,0,0,0,0,0,28,1,0,https://fbref.com/en/players/1a160ea3/Geoff-Cameron-Geoff Cameron,
7,Tom Carroll,https://fbref.com/en/players/5a1900a4/Tom-Carroll,22,22,eng ENG,DM,28-113,70,47,45,1,1,0,2,0,0,0,0,0,0,35,1,0,https://fbref.com/en/players/5a1900a4/Tom-Carroll-Tom Carroll,
8,Paul Smyth,https://fbref.com/en/players/0747000e/Paul-Smyth,38,38,nir NIR,"RW,DM",23-008,20,7,6,1,0,0,0,3,1,0,0,0,0,4,0,0,https://fbref.com/en/players/0747000e/Paul-Smyth-Paul Smyth,
9,Lee Wallace,https://fbref.com/en/players/c3a396e2/Lee-Wallace,3,3,sct SCO,LB,33-048,90,69,58,9,2,0,1,0,7,0,0,0,0,60,2,0,https://fbref.com/en/players/c3a396e2/Lee-Wallace-Lee Wallace,
10,Yoann Barbet,https://fbref.com/en/players/c52bbd2c/Yoann-Barbet,6,6,fr FRA,CB,27-131,90,102,98,3,2,0,7,0,1,0,0,0,0,90,1,0,https://fbref.com/en/players/c52bbd2c/Yoann-Barbet-Yoann Barbet,
11,Robert Dickie,https://fbref.com/en/players/c7dfc411/Robert-Dickie,4,4,eng ENG,CB,24-199,90,84,81,3,2,0,4,0,1,0,0,0,0,72,0,0,https://fbref.com/en/players/c7dfc411/Robert-Dickie-Robert Dickie,
12,Osman Kakay,https://fbref.com/en/players/0aed0751/Osman-Kakay,24,24,sl SLE,RB,23-024,90,87,77,10,1,0,0,4,9,0,0,0,0,70,0,3,https://fbref.com/en/players/0aed0751/Osman-Kakay-Osman Kakay,
13,Joe Lumley,https://fbref.com/en/players/bdf3a08e/Joe-Lumley,1,1,eng ENG,GK,25-216,90,32,24,8,1,0,0,0,0,0,0,0,0,27,0,0,https://fbref.com/en/players/bdf3a08e/Joe-Lumley-Joe Lumley,
