,Minute,Player,Squad,xG,PSxG,Outcome,Distance,Body Part,Notes,SCA 1 Player,SCA 1 Event,SCA 2 Player,SCA 2 Event
0,5,Bright Osayi-Samuel,QPR,0.03,0.02,Saved,26,Right Foot,,Bright Osayi-Samuel,Take-On,Osman Kakay,Pass (Live)
1,22,Luke Amos,QPR,0.03,,Blocked,26,Right Foot,,Ilias Chair,Pass (Live),Lee Wallace,Pass (Live)
2,30,Ryan John Giles,Coventry City,0.03,,Blocked,27,Left Foot,,Callum O'Hare,Pass (Live),Matthew Godden,Pass (Live)
3,32,Leo Skiri Østigård,Coventry City,0.03,0.03,Saved,15,Head,,Gustavo Hamer,Pass (Dead),Fankaty Dabo,Pass (Live)
4,32,Callum O'Hare,Coventry City,0.04,,Off Target,15,Head,,Gustavo Hamer,Pass (Live),Matthew Godden,Pass (Live)
5,34,Tom Carroll,QPR,0.03,0.18,Saved,30,Right Foot,,Bright Osayi-Samuel,Pass (Live),Luke Amos,Pass (Live)
6,41,Lyndon Dykes(pen),QPR,0.79,0.96,Goal,13,Right Foot,,Bright Osayi-Samuel,Fouled,Lee Wallace,Pass (Dead)
7,44,Matthew Godden,Coventry City,0.40,0.56,Goal,3,Head,,Ryan John Giles,Pass (Live),Jamie Allen,Pass (Live)
8,,,,,,,,,,,,,
9,50,Callum O'Hare,Coventry City,0.55,0.69,Goal,5,Right Foot,,Leo Skiri Østigård,Pass (Live),,
10,57,Matthew Godden,Coventry City,0.02,,Off Target,49,Right Foot,,,,,
11,61,Fankaty Dabo,Coventry City,0.05,,Off Target,16,Right Foot,,Ryan John Giles,Take-On,Jordan Shipley,Pass (Live)
12,65,Ilias Chair,QPR,0.05,,Blocked,28,Right Foot,Free kick,Lyndon Dykes,Fouled,Robert Dickie,Pass (Live)
13,74,Gustavo Hamer,Coventry City,0.03,,Off Target,24,Left Foot,,Jamie Allen,Pass (Live),Leo Skiri Østigård,Pass (Live)
14,75,Yoann Barbet,QPR,0.05,0.20,Goal,10,Left Foot,,,,,
15,78,Kyle McFadzean,Coventry City,0.06,,Off Target,10,Head,,Gustavo Hamer,Pass (Dead),,
16,80,Dominic Hyam,Coventry City,0.06,0.07,Saved,10,Head,,Gustavo Hamer,Pass (Dead),,
17,84,Kyle McFadzean,Coventry City,0.07,0.14,Goal,9,Head,,Gustavo Hamer,Pass (Dead),Fankaty Dabo,Pass (Live)
18,90+1,Dominic Ball,QPR,0.05,,Blocked,19,Right Foot,,Lee Wallace,Pass (Live),Paul Smyth,Pass (Live)
19,90+3,Gustavo Hamer,Coventry City,0.03,,Off Target,33,Right Foot,,Ben Sheaf,Pass (Live),Fankaty Dabo,Pass (Dead)
