,Player Name,Player Number,Player,#,Nation,Pos,Age,Min,Att,Live,Dead,FK,TB,Sw,Crs,TI,CK,In,Out,Str,Cmp,Off,Blocks,Player Key,Player Link
0,Duván Zapata,https://fbref.com/en/players/d3de9af0/Duvan-Zapata,91,91,co COL,FW,29-259,71,15,14,1,0,0,0,0,0,0,0,0,0,11,0,0,https://fbref.com/en/players/d3de9af0/Duvan-Zapata-Duván Zapata,
1,Luis Muriel,https://fbref.com/en/players/eb2fe5b6/Luis-Muriel,9,9,co COL,FW,29-244,19,5,5,0,0,0,0,0,0,0,0,0,0,5,0,0,https://fbref.com/en/players/eb2fe5b6/Luis-Muriel-Luis Muriel,
2,Ruslan Malinovskyi,https://fbref.com/en/players/48d5bd33/Ruslan-Malinovskyi,18,18,ua UKR,"FW,AM",27-226,70,32,28,4,0,0,2,3,0,3,2,1,0,26,0,0,https://fbref.com/en/players/48d5bd33/Ruslan-Malinovskyi-Ruslan Malinovskyi,
3,Aleksei Miranchuk,https://fbref.com/en/players/a9aa0d1d/Aleksei-Miranchuk,59,59,ru RUS,AM,25-060,20,9,7,2,0,0,0,2,0,2,0,2,0,2,0,1,https://fbref.com/en/players/a9aa0d1d/Aleksei-Miranchuk-Aleksei Miranchuk,
4,Matteo Pessina,https://fbref.com/en/players/780e3631/Matteo-Pessina,32,32,it ITA,AM,23-239,52,25,24,1,0,1,0,1,1,0,0,0,0,20,0,2,https://fbref.com/en/players/780e3631/Matteo-Pessina-Matteo Pessina,
5,Papu Gómez,https://fbref.com/en/players/6e4df551/Papu-Gomez,10,10,ar ARG,AM,32-305,38,26,25,1,0,0,0,2,0,1,0,1,0,21,0,0,https://fbref.com/en/players/6e4df551/Papu-Gomez-Papu Gómez,
6,Remo Freuler,https://fbref.com/en/players/98d2c2c4/Remo-Freuler,11,11,ch SUI,CM,28-245,90,60,56,4,4,0,4,1,0,0,0,0,0,52,0,0,https://fbref.com/en/players/98d2c2c4/Remo-Freuler-Remo Freuler,
7,Marten de Roon,https://fbref.com/en/players/2a1beb34/Marten-de-Roon,15,15,nl NED,CM,29-262,90,55,54,1,0,0,0,0,1,0,0,0,0,48,0,0,https://fbref.com/en/players/2a1beb34/Marten-de-Roon-Marten de Roon,
8,Robin Gosens,https://fbref.com/en/players/2d970560/Robin-Gosens,8,8,de GER,WB,26-164,90,66,56,10,0,0,0,1,10,0,0,0,0,50,0,1,https://fbref.com/en/players/2d970560/Robin-Gosens-Robin Gosens,
9,Hans Hateboer,https://fbref.com/en/players/3b333ac3/Hans-Hateboer,33,33,nl NED,WB,26-342,90,43,34,9,0,0,1,1,9,0,0,0,0,36,0,2,https://fbref.com/en/players/3b333ac3/Hans-Hateboer-Hans Hateboer,
10,José Luis Palomino,https://fbref.com/en/players/921f6058/Jose-Luis-Palomino,6,6,ar ARG,CB,30-346,90,48,42,6,5,0,1,0,1,0,0,0,0,41,0,1,https://fbref.com/en/players/921f6058/Jose-Luis-Palomino-José Luis Palomino,
11,Cristian Romero,https://fbref.com/en/players/a3d94a58/Cristian-Romero,17,17,ar ARG,CB,22-233,90,30,28,2,2,0,0,0,0,0,0,0,0,28,0,0,https://fbref.com/en/players/a3d94a58/Cristian-Romero-Cristian Romero,
12,Berat Djimsiti,https://fbref.com/en/players/6eee05f1/Berat-Djimsiti,19,19,al ALB,CB,27-301,90,36,32,4,0,0,0,1,4,0,0,0,0,27,0,0,https://fbref.com/en/players/6eee05f1/Berat-Djimsiti-Berat Djimsiti,
13,Pierluigi Gollini,https://fbref.com/en/players/f0f7f62f/Pierluigi-Gollini,95,95,it ITA,GK,25-273,90,24,15,9,3,0,1,0,0,0,0,0,0,17,0,1,https://fbref.com/en/players/f0f7f62f/Pierluigi-Gollini-Pierluigi Gollini,
