,Player Name,Player Number,Player,#,Nation,Pos,Age,Min,Touches,Def Pen,Def 3rd,Mid 3rd,Att 3rd,Att Pen,Live,Att,Succ,Succ%,Tkld,Tkld%,Carries,TotDist,PrgDist,PrgC,1/3,CPA,Mis,Dis,Rec,PrgR,Player Key,Player Link
0,Duván Zapata,https://fbref.com/en/players/d3de9af0/Duvan-Zapata,91,91,co COL,FW,29-259,71,31,0,1,11,19,2,31,1,0,0.0,1,100.0,24,105,29,1,2,0,6,5,28,8,https://fbref.com/en/players/d3de9af0/Duvan-Zapata-Duván Zapata,
1,Luis Muriel,https://fbref.com/en/players/eb2fe5b6/Luis-Muriel,9,9,co COL,FW,29-244,19,8,0,0,4,4,0,8,1,0,0.0,1,100.0,6,50,27,2,1,0,1,1,7,1,https://fbref.com/en/players/eb2fe5b6/Luis-Muriel-Luis Muriel,
2,Ruslan Malinovskyi,https://fbref.com/en/players/48d5bd33/Ruslan-Malinovskyi,18,18,ua UKR,"FW,AM",27-226,70,41,0,1,15,25,2,41,2,0,0.0,2,100.0,29,135,44,1,1,0,0,3,33,5,https://fbref.com/en/players/48d5bd33/Ruslan-Malinovskyi-Ruslan Malinovskyi,
3,Aleksei Miranchuk,https://fbref.com/en/players/a9aa0d1d/Aleksei-Miranchuk,59,59,ru RUS,AM,25-060,20,13,0,2,3,8,3,13,1,1,100.0,0,0.0,7,53,19,2,0,2,0,0,7,1,https://fbref.com/en/players/a9aa0d1d/Aleksei-Miranchuk-Aleksei Miranchuk,
4,Matteo Pessina,https://fbref.com/en/players/780e3631/Matteo-Pessina,32,32,it ITA,AM,23-239,52,29,0,2,13,14,0,29,0,0,,0,,24,74,51,0,1,0,1,3,27,2,https://fbref.com/en/players/780e3631/Matteo-Pessina-Matteo Pessina,
5,Papu Gómez,https://fbref.com/en/players/6e4df551/Papu-Gomez,10,10,ar ARG,AM,32-305,38,31,0,0,14,18,0,31,2,2,100.0,0,0.0,23,196,118,2,2,0,1,3,24,1,https://fbref.com/en/players/6e4df551/Papu-Gomez-Papu Gómez,
6,Remo Freuler,https://fbref.com/en/players/98d2c2c4/Remo-Freuler,11,11,ch SUI,CM,28-245,90,69,1,13,43,14,0,69,0,0,,0,,40,170,72,1,1,0,1,3,46,2,https://fbref.com/en/players/98d2c2c4/Remo-Freuler-Remo Freuler,
7,Marten de Roon,https://fbref.com/en/players/2a1beb34/Marten-de-Roon,15,15,nl NED,CM,29-262,90,68,3,15,40,15,0,68,0,0,,0,,31,81,34,0,2,0,0,0,44,1,https://fbref.com/en/players/2a1beb34/Marten-de-Roon-Marten de Roon,
8,Robin Gosens,https://fbref.com/en/players/2d970560/Robin-Gosens,8,8,de GER,WB,26-164,90,75,1,17,32,27,2,75,2,1,50.0,1,50.0,35,164,102,5,1,1,1,1,52,6,https://fbref.com/en/players/2d970560/Robin-Gosens-Robin Gosens,
9,Hans Hateboer,https://fbref.com/en/players/3b333ac3/Hans-Hateboer,33,33,nl NED,WB,26-342,90,50,1,10,15,25,3,50,2,0,0.0,2,100.0,30,130,58,1,3,0,0,0,33,12,https://fbref.com/en/players/3b333ac3/Hans-Hateboer-Hans Hateboer,
10,José Luis Palomino,https://fbref.com/en/players/921f6058/Jose-Luis-Palomino,6,6,ar ARG,CB,30-346,90,54,4,24,31,0,0,54,0,0,,0,,26,113,30,0,0,0,0,1,26,1,https://fbref.com/en/players/921f6058/Jose-Luis-Palomino-José Luis Palomino,
11,Cristian Romero,https://fbref.com/en/players/a3d94a58/Cristian-Romero,17,17,ar ARG,CB,22-233,90,40,4,18,19,3,1,40,0,0,,0,,18,85,29,0,1,0,0,0,18,0,https://fbref.com/en/players/a3d94a58/Cristian-Romero-Cristian Romero,
12,Berat Djimsiti,https://fbref.com/en/players/6eee05f1/Berat-Djimsiti,19,19,al ALB,CB,27-301,90,44,3,17,17,11,3,44,2,1,50.0,1,50.0,22,113,79,1,4,2,1,0,27,1,https://fbref.com/en/players/6eee05f1/Berat-Djimsiti-Berat Djimsiti,
13,Pierluigi Gollini,https://fbref.com/en/players/f0f7f62f/Pierluigi-Gollini,95,95,it ITA,GK,25-273,90,29,27,29,0,0,0,29,0,0,,0,,15,80,41,0,0,0,0,0,10,0,https://fbref.com/en/players/f0f7f62f/Pierluigi-Gollini-Pierluigi Gollini,
