,Player Name,Player Number,Player,#,Nation,Pos,Age,Min,Touches,Def Pen,Def 3rd,Mid 3rd,Att 3rd,Att Pen,Live,Att,Succ,Succ%,Tkld,Tkld%,Carries,TotDist,PrgDist,PrgC,1/3,CPA,Mis,Dis,Rec,PrgR,Player Key,Player Link
0,Cristiano Ronaldo,https://fbref.com/en/players/dea698d9/Cristiano-Ronaldo,7,7,pt POR,"FW,LW",35-315,90,40,1,4,22,15,4,39,1,1,100.0,0,0.0,17,134,73,3,4,1,3,2,30,6,https://fbref.com/en/players/dea698d9/Cristiano-Ronaldo-Cristiano Ronaldo,
1,Álvaro Morata,https://fbref.com/en/players/129af0db/Alvaro-Morata,9,9,es ESP,FW,28-054,83,51,2,6,28,17,9,51,1,1,100.0,0,0.0,35,222,87,4,0,5,10,3,41,4,https://fbref.com/en/players/129af0db/Alvaro-Morata-Álvaro Morata,
2,Paulo Dybala,https://fbref.com/en/players/e0921a4f/Paulo-Dybala,10,10,ar ARG,FW,27-031,7,7,0,0,4,3,1,7,0,0,,0,,4,16,4,0,0,0,0,0,7,2,https://fbref.com/en/players/e0921a4f/Paulo-Dybala-Paulo Dybala,
3,Federico Chiesa,https://fbref.com/en/players/b0f7e36c/Federico-Chiesa,22,22,it ITA,LM,23-052,74,17,2,5,9,3,0,17,0,0,,0,,8,78,34,1,0,1,0,0,12,2,https://fbref.com/en/players/b0f7e36c/Federico-Chiesa-Federico Chiesa,
4,Alex Sandro,https://fbref.com/en/players/0d82903c/Alex-Sandro,12,12,br BRA,LB,29-325,16,17,0,3,11,3,0,17,0,0,,0,,7,52,32,1,1,0,0,0,11,3,https://fbref.com/en/players/0d82903c/Alex-Sandro-Alex Sandro,
5,Rodrigo Bentancur,https://fbref.com/en/players/3b8674e6/Rodrigo-Bentancur,30,30,uy URU,CM,23-174,90,73,2,18,50,7,0,73,1,0,0.0,1,100.0,30,111,34,0,3,0,0,3,48,1,https://fbref.com/en/players/3b8674e6/Rodrigo-Bentancur-Rodrigo Bentancur,
6,Arthur Melo,https://fbref.com/en/players/48b3dd60/Arthur-Melo,5,5,br BRA,CM,24-126,26,22,0,7,15,0,0,22,0,0,,0,,11,44,5,0,0,0,0,0,13,0,https://fbref.com/en/players/48b3dd60/Arthur-Melo-Arthur Melo,
7,Adrien Rabiot,https://fbref.com/en/players/8794e251/Adrien-Rabiot,25,25,fr FRA,"CM,LM",25-257,64,43,2,10,27,7,1,43,2,2,100.0,0,0.0,25,126,39,0,2,0,2,0,27,1,https://fbref.com/en/players/8794e251/Adrien-Rabiot-Adrien Rabiot,
8,Weston McKennie,https://fbref.com/en/players/01c3aff5/Weston-McKennie,14,14,us USA,RM,22-110,90,40,5,6,23,12,3,40,1,1,100.0,0,0.0,15,71,55,1,0,0,5,0,25,10,https://fbref.com/en/players/01c3aff5/Weston-McKennie-Weston McKennie,
9,Danilo,https://fbref.com/en/players/94b2001f/Danilo,13,13,br BRA,"LB,RB",29-154,90,83,2,33,42,8,1,83,1,1,100.0,0,0.0,50,239,156,2,2,1,0,1,62,1,https://fbref.com/en/players/94b2001f/Danilo-Danilo,
10,Matthijs de Ligt,https://fbref.com/en/players/d6e53a3a/Matthijs-de-Ligt,4,4,nl NED,CB,21-126,90,71,6,41,28,2,1,71,1,1,100.0,0,0.0,35,148,36,0,1,0,0,0,45,0,https://fbref.com/en/players/d6e53a3a/Matthijs-de-Ligt-Matthijs de Ligt,
11,Leonardo Bonucci,https://fbref.com/en/players/52ec54d0/Leonardo-Bonucci,19,19,it ITA,CB,33-229,90,93,16,50,42,1,0,93,0,0,,0,,51,229,129,1,0,0,1,0,63,0,https://fbref.com/en/players/52ec54d0/Leonardo-Bonucci-Leonardo Bonucci,
12,Juan Cuadrado,https://fbref.com/en/players/0ab1f153/Juan-Cuadrado,16,16,co COL,"RB,RW",32-204,90,84,3,16,53,16,0,84,2,1,50.0,1,50.0,52,304,169,2,5,0,2,2,60,3,https://fbref.com/en/players/0ab1f153/Juan-Cuadrado-Juan Cuadrado,
13,Wojciech Szczęsny,https://fbref.com/en/players/01b8a2b2/Wojciech-Szczesny,1,1,pl POL,GK,30-242,90,41,34,41,0,0,0,41,0,0,,0,,21,119,59,0,0,0,0,0,20,0,https://fbref.com/en/players/01b8a2b2/Wojciech-Szczesny-Wojciech Szczęsny,
