,Player Name,Player Number,Player,#,Nation,Pos,Age,Min,Tkl,TklW,Def 3rd,Mid 3rd,Att 3rd,Tkl,Att,Tkl%,Lost,Blocks,Sh,Pass,Int,Tkl+Int,Clr,Err,Player Key,Player Link
0,Cristiano Ronaldo,https://fbref.com/en/players/dea698d9/Cristiano-Ronaldo,7,7,pt POR,"FW,LW",35-315,90,0,0,0,0,0,0,0,,0,0,0,0,1,1,1,0,https://fbref.com/en/players/dea698d9/Cristiano-Ronaldo-Cristiano Ronaldo,
1,Álvaro Morata,https://fbref.com/en/players/129af0db/Alvaro-Morata,9,9,es ESP,FW,28-054,83,1,0,0,0,1,0,0,,0,3,0,3,0,1,2,0,https://fbref.com/en/players/129af0db/Alvaro-Morata-Álvaro Morata,
2,Paulo Dybala,https://fbref.com/en/players/e0921a4f/Paulo-Dybala,10,10,ar ARG,FW,27-031,7,0,0,0,0,0,0,2,0.0,2,0,0,0,0,0,0,0,https://fbref.com/en/players/e0921a4f/Paulo-Dybala-Paulo Dybala,
3,Federico Chiesa,https://fbref.com/en/players/b0f7e36c/Federico-Chiesa,22,22,it ITA,LM,23-052,74,1,1,0,1,0,1,2,50.0,1,0,0,0,1,2,1,0,https://fbref.com/en/players/b0f7e36c/Federico-Chiesa-Federico Chiesa,
4,Alex Sandro,https://fbref.com/en/players/0d82903c/Alex-Sandro,12,12,br BRA,LB,29-325,16,1,1,0,1,0,1,1,100.0,0,2,0,2,0,1,0,0,https://fbref.com/en/players/0d82903c/Alex-Sandro-Alex Sandro,
5,Rodrigo Bentancur,https://fbref.com/en/players/3b8674e6/Rodrigo-Bentancur,30,30,uy URU,CM,23-174,90,7,3,3,3,1,0,0,,0,0,0,0,1,8,2,0,https://fbref.com/en/players/3b8674e6/Rodrigo-Bentancur-Rodrigo Bentancur,
6,Arthur Melo,https://fbref.com/en/players/48b3dd60/Arthur-Melo,5,5,br BRA,CM,24-126,26,1,1,0,1,0,1,1,100.0,0,0,0,0,0,1,0,0,https://fbref.com/en/players/48b3dd60/Arthur-Melo-Arthur Melo,
7,Adrien Rabiot,https://fbref.com/en/players/8794e251/Adrien-Rabiot,25,25,fr FRA,"CM,LM",25-257,64,4,3,2,2,0,0,0,,0,0,0,0,3,7,1,0,https://fbref.com/en/players/8794e251/Adrien-Rabiot-Adrien Rabiot,
8,Weston McKennie,https://fbref.com/en/players/01c3aff5/Weston-McKennie,14,14,us USA,RM,22-110,90,2,1,0,2,0,0,0,,0,1,0,1,1,3,3,0,https://fbref.com/en/players/01c3aff5/Weston-McKennie-Weston McKennie,
9,Danilo,https://fbref.com/en/players/94b2001f/Danilo,13,13,br BRA,"LB,RB",29-154,90,4,2,4,0,0,2,2,100.0,0,1,0,1,4,8,1,1,https://fbref.com/en/players/94b2001f/Danilo-Danilo,
10,Matthijs de Ligt,https://fbref.com/en/players/d6e53a3a/Matthijs-de-Ligt,4,4,nl NED,CB,21-126,90,4,2,2,2,0,1,1,100.0,0,2,2,0,3,7,0,0,https://fbref.com/en/players/d6e53a3a/Matthijs-de-Ligt-Matthijs de Ligt,
11,Leonardo Bonucci,https://fbref.com/en/players/52ec54d0/Leonardo-Bonucci,19,19,it ITA,CB,33-229,90,2,2,2,0,0,1,1,100.0,0,3,2,1,4,6,4,0,https://fbref.com/en/players/52ec54d0/Leonardo-Bonucci-Leonardo Bonucci,
12,Juan Cuadrado,https://fbref.com/en/players/0ab1f153/Juan-Cuadrado,16,16,co COL,"RB,RW",32-204,90,1,1,0,0,1,1,3,33.3,2,0,0,0,5,6,0,0,https://fbref.com/en/players/0ab1f153/Juan-Cuadrado-Juan Cuadrado,
13,Wojciech Szczęsny,https://fbref.com/en/players/01b8a2b2/Wojciech-Szczesny,1,1,pl POL,GK,30-242,90,0,0,0,0,0,0,0,,0,0,0,0,0,0,0,0,https://fbref.com/en/players/01b8a2b2/Wojciech-Szczesny-Wojciech Szczęsny,
