,Player Name,Player Number,Player,#,Nation,Pos,Age,Min,CrdY,CrdR,2CrdY,Fls,Fld,Off,Crs,Int,TklW,PKwon,PKcon,OG,Recov,Won,Lost,Won%,Player Key,Player Link
0,Cristiano Ronaldo,https://fbref.com/en/players/dea698d9/Cristiano-Ronaldo,7,7,pt POR,"FW,LW",35-315,90,0,0,0,1,1,0,1,1,0,0,0,0,3,2,0,100.0,https://fbref.com/en/players/dea698d9/Cristiano-Ronaldo-Cristiano Ronaldo,
1,Álvaro Morata,https://fbref.com/en/players/129af0db/Alvaro-Morata,9,9,es ESP,FW,28-054,83,1,0,0,3,6,0,1,0,0,0,0,0,1,1,3,25.0,https://fbref.com/en/players/129af0db/Alvaro-Morata-Álvaro Morata,
2,Paulo Dybala,https://fbref.com/en/players/e0921a4f/Paulo-Dybala,10,10,ar ARG,FW,27-031,7,0,0,0,0,1,0,0,0,0,0,0,0,0,0,0,,https://fbref.com/en/players/e0921a4f/Paulo-Dybala-Paulo Dybala,
3,Federico Chiesa,https://fbref.com/en/players/b0f7e36c/Federico-Chiesa,22,22,it ITA,LM,23-052,74,0,0,0,2,1,0,1,1,1,1,0,0,0,0,2,0.0,https://fbref.com/en/players/b0f7e36c/Federico-Chiesa-Federico Chiesa,
4,Alex Sandro,https://fbref.com/en/players/0d82903c/Alex-Sandro,12,12,br BRA,LB,29-325,16,0,0,0,0,0,0,2,0,1,0,0,0,0,0,0,,https://fbref.com/en/players/0d82903c/Alex-Sandro-Alex Sandro,
5,Rodrigo Bentancur,https://fbref.com/en/players/3b8674e6/Rodrigo-Bentancur,30,30,uy URU,CM,23-174,90,0,0,0,0,1,1,1,1,3,0,0,0,8,1,1,50.0,https://fbref.com/en/players/3b8674e6/Rodrigo-Bentancur-Rodrigo Bentancur,
6,Arthur Melo,https://fbref.com/en/players/48b3dd60/Arthur-Melo,5,5,br BRA,CM,24-126,26,0,0,0,1,1,0,0,0,1,0,0,0,7,0,1,0.0,https://fbref.com/en/players/48b3dd60/Arthur-Melo-Arthur Melo,
7,Adrien Rabiot,https://fbref.com/en/players/8794e251/Adrien-Rabiot,25,25,fr FRA,"CM,LM",25-257,64,1,0,0,1,2,0,0,3,3,0,0,0,2,1,1,50.0,https://fbref.com/en/players/8794e251/Adrien-Rabiot-Adrien Rabiot,
8,Weston McKennie,https://fbref.com/en/players/01c3aff5/Weston-McKennie,14,14,us USA,RM,22-110,90,1,0,0,2,0,1,0,1,1,0,0,0,6,2,1,66.7,https://fbref.com/en/players/01c3aff5/Weston-McKennie-Weston McKennie,
9,Danilo,https://fbref.com/en/players/94b2001f/Danilo,13,13,br BRA,"LB,RB",29-154,90,0,0,0,0,0,0,0,4,2,0,0,0,8,0,0,,https://fbref.com/en/players/94b2001f/Danilo-Danilo,
10,Matthijs de Ligt,https://fbref.com/en/players/d6e53a3a/Matthijs-de-Ligt,4,4,nl NED,CB,21-126,90,0,0,0,3,1,0,0,3,2,0,0,0,8,1,2,33.3,https://fbref.com/en/players/d6e53a3a/Matthijs-de-Ligt-Matthijs de Ligt,
11,Leonardo Bonucci,https://fbref.com/en/players/52ec54d0/Leonardo-Bonucci,19,19,it ITA,CB,33-229,90,0,0,0,1,0,0,0,4,2,0,0,0,6,3,0,100.0,https://fbref.com/en/players/52ec54d0/Leonardo-Bonucci-Leonardo Bonucci,
12,Juan Cuadrado,https://fbref.com/en/players/0ab1f153/Juan-Cuadrado,16,16,co COL,"RB,RW",32-204,90,0,0,0,0,4,0,7,5,1,0,0,0,6,1,2,33.3,https://fbref.com/en/players/0ab1f153/Juan-Cuadrado-Juan Cuadrado,
13,Wojciech Szczęsny,https://fbref.com/en/players/01b8a2b2/Wojciech-Szczesny,1,1,pl POL,GK,30-242,90,0,0,0,0,0,0,0,0,0,0,0,0,3,0,0,,https://fbref.com/en/players/01b8a2b2/Wojciech-Szczesny-Wojciech Szczęsny,
