,Player Name,Player Number,Player,#,Nation,Pos,Age,Min,Gls,Ast,PK,PKatt,Sh,SoT,CrdY,CrdR,Touches,Tkl,Int,Blocks,xG,npxG,xAG,SCA,GCA,Cmp,Att,Cmp%,PrgP,Carries,PrgC,Att,Succ,Player Key,Player Link
0,Cristiano Ronaldo,https://fbref.com/en/players/dea698d9/Cristiano-Ronaldo,7,7,pt POR,"FW,LW",35-315,90,0,0,0,1,2,0,0,0,40,0,1,0,1.2,0.5,0.5,3,0,23,31,74.2,2,17,3,1,1,https://fbref.com/en/players/dea698d9/Cristiano-Ronaldo-Cristiano Ronaldo,
1,Álvaro Morata,https://fbref.com/en/players/129af0db/Alvaro-Morata,9,9,es ESP,FW,28-054,83,0,0,0,0,3,2,1,0,51,1,0,3,1.0,1.0,0.5,3,0,20,28,71.4,3,35,4,1,1,https://fbref.com/en/players/129af0db/Alvaro-Morata-Álvaro Morata,
2,Paulo Dybala,https://fbref.com/en/players/e0921a4f/Paulo-Dybala,10,10,ar ARG,FW,27-031,7,0,0,0,0,1,0,0,0,7,0,0,0,0.1,0.1,0.0,1,0,5,6,83.3,0,4,0,0,0,https://fbref.com/en/players/e0921a4f/Paulo-Dybala-Paulo Dybala,
3,Federico Chiesa,https://fbref.com/en/players/b0f7e36c/Federico-Chiesa,22,22,it ITA,LM,23-052,74,1,0,0,0,1,1,0,0,17,1,1,0,0.0,0.0,0.0,2,0,7,12,58.3,0,8,1,0,0,https://fbref.com/en/players/b0f7e36c/Federico-Chiesa-Federico Chiesa,
4,Alex Sandro,https://fbref.com/en/players/0d82903c/Alex-Sandro,12,12,br BRA,LB,29-325,16,0,0,0,0,0,0,0,0,17,1,0,2,0.0,0.0,0.1,1,0,12,14,85.7,3,7,1,0,0,https://fbref.com/en/players/0d82903c/Alex-Sandro-Alex Sandro,
5,Rodrigo Bentancur,https://fbref.com/en/players/3b8674e6/Rodrigo-Bentancur,30,30,uy URU,CM,23-174,90,0,1,0,0,0,0,0,0,73,7,1,0,0.0,0.0,0.0,3,1,58,60,96.7,5,30,0,1,0,https://fbref.com/en/players/3b8674e6/Rodrigo-Bentancur-Rodrigo Bentancur,
6,Arthur Melo,https://fbref.com/en/players/48b3dd60/Arthur-Melo,5,5,br BRA,CM,24-126,26,0,0,0,0,0,0,0,0,22,1,0,0,0.0,0.0,0.0,0,0,18,18,100.0,1,11,0,0,0,https://fbref.com/en/players/48b3dd60/Arthur-Melo-Arthur Melo,
7,Adrien Rabiot,https://fbref.com/en/players/8794e251/Adrien-Rabiot,25,25,fr FRA,"CM,LM",25-257,64,0,0,0,0,1,0,1,0,43,4,3,0,0.0,0.0,0.0,0,0,29,33,87.9,1,25,0,2,2,https://fbref.com/en/players/8794e251/Adrien-Rabiot-Adrien Rabiot,
8,Weston McKennie,https://fbref.com/en/players/01c3aff5/Weston-McKennie,14,14,us USA,RM,22-110,90,0,0,0,0,1,1,1,0,40,2,1,1,0.1,0.1,0.5,3,0,17,24,70.8,2,15,1,1,1,https://fbref.com/en/players/01c3aff5/Weston-McKennie-Weston McKennie,
9,Danilo,https://fbref.com/en/players/94b2001f/Danilo,13,13,br BRA,"LB,RB",29-154,90,0,0,0,0,1,1,0,0,83,4,4,1,0.0,0.0,0.0,2,0,62,73,84.9,7,50,2,1,1,https://fbref.com/en/players/94b2001f/Danilo-Danilo,
10,Matthijs de Ligt,https://fbref.com/en/players/d6e53a3a/Matthijs-de-Ligt,4,4,nl NED,CB,21-126,90,0,0,0,0,1,1,0,0,71,4,3,2,0.1,0.1,0.0,0,0,54,58,93.1,1,35,0,1,1,https://fbref.com/en/players/d6e53a3a/Matthijs-de-Ligt-Matthijs de Ligt,
11,Leonardo Bonucci,https://fbref.com/en/players/52ec54d0/Leonardo-Bonucci,19,19,it ITA,CB,33-229,90,0,0,0,0,0,0,0,0,93,2,4,3,0.0,0.0,0.0,0,0,67,79,84.8,5,51,1,0,0,https://fbref.com/en/players/52ec54d0/Leonardo-Bonucci-Leonardo Bonucci,
12,Juan Cuadrado,https://fbref.com/en/players/0ab1f153/Juan-Cuadrado,16,16,co COL,"RB,RW",32-204,90,0,0,0,0,0,0,0,0,84,1,5,0,0.0,0.0,0.1,1,0,61,75,81.3,3,52,2,2,1,https://fbref.com/en/players/0ab1f153/Juan-Cuadrado-Juan Cuadrado,
13,Wojciech Szczęsny,https://fbref.com/en/players/01b8a2b2/Wojciech-Szczesny,1,1,pl POL,GK,30-242,90,0,0,0,0,0,0,0,0,41,0,0,0,0.0,0.0,0.0,0,0,33,37,89.2,0,21,0,0,0,https://fbref.com/en/players/01b8a2b2/Wojciech-Szczesny-Wojciech Szczęsny,
