,Minute,Player,Squad,xG,PSxG,Outcome,Distance,Body Part,Notes,SCA 1 Player,SCA 1 Event,SCA 2 Player,SCA 2 Event
0,3,Ruslan Malinovskyi,Atalanta,0.05,,Off Target,31,Left Foot,Free kick,Ruslan Malinovskyi,Fouled,Matteo Pessina,Pass (Live)
1,4,Matteo Pessina,Atalanta,0.03,0.02,Saved,27,Left Foot,,Duván Zapata,Pass (Live),Marten de Roon,Pass (Live)
2,5,Cristiano Ronaldo,Juventus,0.41,,Off Target,11,Left Foot,,Álvaro Morata,Pass (Live),,
3,12,Álvaro Morata,Juventus,0.45,,Off Target,10,Right Foot,,,,,
4,17,Duván Zapata,Atalanta,0.06,,Blocked,18,Right Foot,,Matteo Pessina,Pass (Live),Ruslan Malinovskyi,Pass (Live)
5,29,Federico Chiesa,Juventus,0.03,0.36,Goal,25,Right Foot,,Rodrigo Bentancur,Pass (Live),,
6,32,Duván Zapata,Atalanta,0.33,0.23,Saved,9,Left Foot,,Matteo Pessina,Pass (Live),Robin Gosens,Pass (Live)
7,38,Ruslan Malinovskyi,Atalanta,0.04,,Off Target,18,Left Foot,,,,,
8,41,Ruslan Malinovskyi,Atalanta,0.06,0.34,Saved,28,Left Foot,Free kick,Duván Zapata,Fouled,Robin Gosens,Pass (Live)
9,42,Ruslan Malinovskyi,Atalanta,0.02,,Off Target,28,Left Foot,,,,,
10,44,Matteo Pessina,Atalanta,0.03,,Off Target,25,Left Foot,,Robin Gosens,Pass (Live),,
11,,,,,,,,,,,,,
12,48,Álvaro Morata,Juventus,0.25,0.24,Saved,10,Right Foot,,Weston McKennie,Pass (Live),,
13,55,Adrien Rabiot,Juventus,0.05,,Off Target,16,Head,,Federico Chiesa,Pass (Live),Weston McKennie,Pass (Live)
14,57,Remo Freuler,Atalanta,0.03,0.08,Goal,24,Right Foot,,,,,
15,61,Cristiano Ronaldo(pen),Juventus,0.79,0.99,Saved,13,Right Foot,,Federico Chiesa,Fouled,Rodrigo Bentancur,Pass (Live)
16,62,Duván Zapata,Atalanta,0.03,,Blocked,21,Right Foot,,Hans Hateboer,Pass (Live),Pierluigi Gollini,Pass (Live)
17,62,Álvaro Morata,Juventus,0.29,0.58,Saved,17,Right Foot,,Weston McKennie,Pass (Live),Danilo,Pass (Live)
18,63,Matthijs de Ligt,Juventus,0.07,0.14,Saved,11,Head,,Juan Cuadrado,Pass (Dead),Álvaro Morata,Shot
19,65,Robin Gosens,Atalanta,0.08,,Off Target,6,Left Foot,Volley,Hans Hateboer,Pass (Live),Papu Gómez,Pass (Live)
20,73,Cristian Romero,Atalanta,0.04,0.08,Saved,14,Head,,Robin Gosens,Pass (Live),Luis Muriel,Pass (Live)
21,73,Hans Hateboer,Atalanta,0.06,,Blocked,16,Right Foot,,Papu Gómez,Pass (Live),Papu Gómez,Take-On
22,73,Hans Hateboer,Atalanta,0.06,,Blocked,16,Right Foot,,Hans Hateboer,Shot,,
23,79,Danilo,Juventus,0.04,0.06,Saved,18,Right Foot,,Cristiano Ronaldo,Pass (Live),Danilo,Pass (Live)
24,79,Weston McKennie,Juventus,0.09,0.36,Saved,11,Left Foot,Volley,Álvaro Morata,Pass (Live),Rodrigo Bentancur,Pass (Live)
25,82,Papu Gómez,Atalanta,0.03,0.18,Saved,24,Left Foot,,Luis Muriel,Pass (Live),Robin Gosens,Pass (Live)
26,85,Paulo Dybala,Juventus,0.07,,Blocked,14,Left Foot,,Alex Sandro,Pass (Live),Cristiano Ronaldo,Pass (Live)
27,85,Cristiano Ronaldo,Juventus,0.04,,Off Target,25,Right Foot,,Cristiano Ronaldo,Take-On,Paulo Dybala,Shot
