,Player Name,Player Number,Player,#,Nation,Pos,Age,Min,Touches,Def Pen,Def 3rd,Mid 3rd,Att 3rd,Att Pen,Live,Att,Succ,Succ%,Tkld,Tkld%,Carries,TotDist,PrgDist,PrgC,1/3,CPA,Mis,Dis,Rec,PrgR,Player Key,Player Link
0,Lyndon Dykes,https://fbref.com/en/players/cd92357a/Lyndon-Dykes,9,9,sct SCO,FW,25-069,76,24,1,1,13,10,2,24,1,1,100.0,0,0.0,12,25,10,0,0,0,1,1,22,4,https://fbref.com/en/players/cd92357a/Lyndon-Dykes-Lyndon Dykes,
1,Macauley Bonne,https://fbref.com/en/players/9ca8b21c/Macauley-Bonne,7,7,zw ZIM,FW,25-050,14,10,0,0,2,8,2,10,0,0,,0,,2,3,1,0,0,0,0,0,8,3,https://fbref.com/en/players/9ca8b21c/Macauley-Bonne-Macauley Bonne,
2,Bright Osayi-Samuel,https://fbref.com/en/players/03b6afa9/Bright-Osayi-Samuel,11,11,ng NGA,"LW,RW",22-350,90,35,0,3,14,19,5,35,4,2,50.0,2,50.0,20,169,90,2,3,2,3,2,18,7,https://fbref.com/en/players/03b6afa9/Bright-Osayi-Samuel-Bright Osayi-Samuel,
3,Albert Adomah,https://fbref.com/en/players/c7174e81/Albert-Adomah,37,37,gh GHA,RW,33-002,56,28,1,6,19,4,0,28,1,0,0.0,1,100.0,18,145,46,3,0,0,5,0,15,2,https://fbref.com/en/players/c7174e81/Albert-Adomah-Albert Adomah,
4,Chris Willock,https://fbref.com/en/players/be0bd828/Chris-Willock,21,21,eng ENG,AM,22-319,34,16,0,1,4,11,2,16,0,0,,0,,8,87,53,3,1,1,1,0,13,5,https://fbref.com/en/players/be0bd828/Chris-Willock-Chris Willock,
5,Ilias Chair,https://fbref.com/en/players/ad7873cb/Ilias-Chair,10,10,ma MAR,"AM,LW",23-046,90,50,1,3,24,26,3,50,3,2,66.7,1,33.3,31,274,74,2,2,0,3,4,31,7,https://fbref.com/en/players/ad7873cb/Ilias-Chair-Ilias Chair,
6,Tom Carroll,https://fbref.com/en/players/5a1900a4/Tom-Carroll,22,22,eng ENG,DM,28-201,56,18,2,5,12,1,0,18,0,0,,0,,8,34,1,0,0,0,0,1,12,0,https://fbref.com/en/players/5a1900a4/Tom-Carroll-Tom Carroll,
7,Dominic Ball,https://fbref.com/en/players/79d61875/Dominic-Ball,12,12,eng ENG,DM,25-135,34,32,1,10,18,4,0,32,1,0,0.0,1,100.0,13,58,24,0,2,0,0,1,14,0,https://fbref.com/en/players/79d61875/Dominic-Ball-Dominic Ball,
8,Geoff Cameron,https://fbref.com/en/players/1a160ea3/Geoff-Cameron,20,20,us USA,DM,35-157,90,59,2,18,36,6,0,59,1,1,100.0,0,0.0,24,128,76,2,0,0,1,0,26,2,https://fbref.com/en/players/1a160ea3/Geoff-Cameron-Geoff Cameron,
9,Niko Hämäläinen,https://fbref.com/en/players/4435db1e/Niko-Hamalainen,25,25,fi FIN,LB,23-285,90,45,3,17,20,8,0,45,0,0,,0,,18,44,16,0,0,0,0,0,16,0,https://fbref.com/en/players/4435db1e/Niko-Hamalainen-Niko Hämäläinen,
10,Yoann Barbet,https://fbref.com/en/players/c52bbd2c/Yoann-Barbet,6,6,fr FRA,CB,27-219,90,53,14,36,15,2,2,53,0,0,,0,,15,81,53,0,0,0,0,0,15,0,https://fbref.com/en/players/c52bbd2c/Yoann-Barbet-Yoann Barbet,
11,Robert Dickie,https://fbref.com/en/players/c7dfc411/Robert-Dickie,4,4,eng ENG,CB,24-287,90,71,15,58,11,3,1,71,1,1,100.0,0,0.0,39,198,134,1,3,0,1,0,32,0,https://fbref.com/en/players/c7dfc411/Robert-Dickie-Robert Dickie,
12,Todd Kane,https://fbref.com/en/players/dd082c59/Todd-Kane,2,2,eng ENG,RB,27-089,90,61,3,29,20,12,0,61,0,0,,0,,26,67,28,0,1,0,1,0,28,4,https://fbref.com/en/players/dd082c59/Todd-Kane-Todd Kane,
13,Seny Dieng,https://fbref.com/en/players/c135cddd/Seny-Dieng,13,13,sn SEN,GK,26-022,90,38,35,37,1,0,0,38,0,0,,0,,26,109,72,0,0,0,0,0,17,0,https://fbref.com/en/players/c135cddd/Seny-Dieng-Seny Dieng,
