,Player Name,Player Number,Player,#,Nation,Pos,Age,Min,CrdY,CrdR,2CrdY,Fls,Fld,Off,Crs,Int,TklW,PKwon,PKcon,OG,Recov,Won,Lost,Won%,Player Key,Player Link
0,Lyndon Dykes,https://fbref.com/en/players/cd92357a/Lyndon-Dykes,9,9,sct SCO,FW,25-069,76,0,0,0,2,0,0,1,0,0,0,0,0,1,8,9,47.1,https://fbref.com/en/players/cd92357a/Lyndon-Dykes-Lyndon Dykes,
1,Macauley Bonne,https://fbref.com/en/players/9ca8b21c/Macauley-Bonne,7,7,zw ZIM,FW,25-050,14,0,0,0,0,0,1,0,0,0,0,0,0,0,5,2,71.4,https://fbref.com/en/players/9ca8b21c/Macauley-Bonne-Macauley Bonne,
2,Bright Osayi-Samuel,https://fbref.com/en/players/03b6afa9/Bright-Osayi-Samuel,11,11,ng NGA,"LW,RW",22-350,90,0,0,0,2,0,0,2,0,0,0,0,0,7,0,3,0.0,https://fbref.com/en/players/03b6afa9/Bright-Osayi-Samuel-Bright Osayi-Samuel,
3,Albert Adomah,https://fbref.com/en/players/c7174e81/Albert-Adomah,37,37,gh GHA,RW,33-002,56,0,0,0,0,1,0,3,1,3,0,0,0,3,0,3,0.0,https://fbref.com/en/players/c7174e81/Albert-Adomah-Albert Adomah,
4,Chris Willock,https://fbref.com/en/players/be0bd828/Chris-Willock,21,21,eng ENG,AM,22-319,34,0,0,0,0,1,0,3,0,0,0,0,0,1,0,1,0.0,https://fbref.com/en/players/be0bd828/Chris-Willock-Chris Willock,
5,Ilias Chair,https://fbref.com/en/players/ad7873cb/Ilias-Chair,10,10,ma MAR,"AM,LW",23-046,90,0,0,0,3,1,0,7,0,1,0,0,0,7,0,0,,https://fbref.com/en/players/ad7873cb/Ilias-Chair-Ilias Chair,
6,Tom Carroll,https://fbref.com/en/players/5a1900a4/Tom-Carroll,22,22,eng ENG,DM,28-201,56,0,0,0,0,0,1,0,0,0,0,0,0,2,0,2,0.0,https://fbref.com/en/players/5a1900a4/Tom-Carroll-Tom Carroll,
7,Dominic Ball,https://fbref.com/en/players/79d61875/Dominic-Ball,12,12,eng ENG,DM,25-135,34,0,0,0,0,0,0,0,1,0,0,0,0,7,3,1,75.0,https://fbref.com/en/players/79d61875/Dominic-Ball-Dominic Ball,
8,Geoff Cameron,https://fbref.com/en/players/1a160ea3/Geoff-Cameron,20,20,us USA,DM,35-157,90,0,0,0,2,2,0,0,4,1,0,0,0,11,2,3,40.0,https://fbref.com/en/players/1a160ea3/Geoff-Cameron-Geoff Cameron,
9,Niko Hämäläinen,https://fbref.com/en/players/4435db1e/Niko-Hamalainen,25,25,fi FIN,LB,23-285,90,1,0,0,2,0,0,1,0,0,0,0,0,6,1,0,100.0,https://fbref.com/en/players/4435db1e/Niko-Hamalainen-Niko Hämäläinen,
10,Yoann Barbet,https://fbref.com/en/players/c52bbd2c/Yoann-Barbet,6,6,fr FRA,CB,27-219,90,1,0,0,1,0,0,0,3,1,0,0,0,5,7,7,50.0,https://fbref.com/en/players/c52bbd2c/Yoann-Barbet-Yoann Barbet,
11,Robert Dickie,https://fbref.com/en/players/c7dfc411/Robert-Dickie,4,4,eng ENG,CB,24-287,90,0,0,0,0,1,0,0,8,0,0,0,0,4,7,3,70.0,https://fbref.com/en/players/c7dfc411/Robert-Dickie-Robert Dickie,
12,Todd Kane,https://fbref.com/en/players/dd082c59/Todd-Kane,2,2,eng ENG,RB,27-089,90,0,0,0,0,1,0,5,1,1,0,0,0,5,0,0,,https://fbref.com/en/players/dd082c59/Todd-Kane-Todd Kane,
13,Seny Dieng,https://fbref.com/en/players/c135cddd/Seny-Dieng,13,13,sn SEN,GK,26-022,90,0,0,0,0,0,0,0,0,0,0,0,0,0,0,0,,https://fbref.com/en/players/c135cddd/Seny-Dieng-Seny Dieng,
