,Minute,Player,Squad,xG,PSxG,Outcome,Distance,Body Part,Notes,SCA 1 Player,SCA 1 Event,SCA 2 Player,SCA 2 Event
0,3,Tom Ince,Stoke City,0.04,,Off Target,18,Left Foot,,Jordan Cousins,Pass (Live),Morgan Fox,Pass (Live)
1,8,Robert Dickie,QPR,0.03,,Off Target,15,Head,,Ilias Chair,Pass (Dead),Geoff Cameron,Pass (Live)
2,8,Yoann Barbet,QPR,0.03,,Blocked,18,Right Foot,,Robert Dickie,Shot,,
3,12,Lyndon Dykes,QPR,0.65,,Off Target,5,Left Foot,,,,,
4,20,Tom Ince,Stoke City,0.05,,Off Target,30,Left Foot,Free kick,Nick Powell,Fouled,Tom Ince,Pass (Live)
5,21,Yoann Barbet,QPR,0.04,,Off Target,16,Head,,Ilias Chair,Pass (Dead),Albert Adomah,Fouled
6,37,Ilias Chair,QPR,0.03,,Off Target,28,Right Foot,,Robert Dickie,Pass (Live),,
7,42,Ilias Chair,QPR,0.04,,Off Target,17,Left Foot,,Lyndon Dykes,Pass (Live),Todd Kane,Pass (Dead)
8,,,,,,,,,,,,,
9,48,Josh Tymon,Stoke City,0.26,,Blocked,12,Right Foot,Deflected,Harry Souttar,Pass (Live),Nathan Collins,Pass (Live)
10,55,Nick Powell,Stoke City,0.04,,Blocked,18,Left Foot,Volley,Jacob Brown,Pass (Live),James Chester,Pass (Live)
11,69,Bright Osayi-Samuel,QPR,0.04,0.17,Saved,14,Right Foot,,Chris Willock,Pass (Live),,
12,71,Nick Powell,Stoke City,0.08,,Off Target,9,Head,,Morgan Fox,Pass (Live),Morgan Fox,Pass (Live)
13,74,Lyndon Dykes,QPR,0.04,,Off Target,22,Right Foot,,Seny Dieng,Pass (Dead),Geoff Cameron,Fouled
14,79,Macauley Bonne,QPR,0.03,0.03,Saved,16,Head,,Dominic Ball,Pass (Live),Ilias Chair,Pass (Live)
15,79,Ilias Chair,QPR,0.04,,Blocked,21,Right Foot,,Niko Hämäläinen,Pass (Live),Macauley Bonne,Pass (Live)
16,82,Jordan Thompson,Stoke City,0.03,0.20,Saved,27,Left Foot,,,,,
17,89,Chris Willock,QPR,0.04,,Off Target,23,Right Foot,,Macauley Bonne,Pass (Live),Ilias Chair,Pass (Live)
18,90+4,Ilias Chair,QPR,0.03,,Off Target,29,Right Foot,,Chris Willock,Pass (Live),Geoff Cameron,Pass (Live)
