,Player Name,Player Number,Player,#,Nation,Pos,Age,Min,CrdY,CrdR,2CrdY,Fls,Fld,Off,Crs,Int,TklW,PKwon,PKcon,OG,Recov,Won,Lost,Won%,Player Key,Player Link
0,Jacob Brown,https://fbref.com/en/players/ca18c8f1/Jacob-Brown,18,18,sct SCO,FW,22-249,65,0,0,0,0,0,1,1,0,0,0,0,0,2,4,6,40.0,https://fbref.com/en/players/ca18c8f1/Jacob-Brown-Jacob Brown,
1,Steven Fletcher,https://fbref.com/en/players/2c9c3502/Steven-Fletcher,21,21,sct SCO,FW,33-264,25,0,0,0,1,0,1,0,0,0,0,0,0,1,7,4,63.6,https://fbref.com/en/players/2c9c3502/Steven-Fletcher-Steven Fletcher,
2,James McClean,https://fbref.com/en/players/53538b39/James-McClean,11,11,ie IRL,LW,31-237,81,0,0,0,2,0,1,2,0,0,0,0,0,3,1,1,50.0,https://fbref.com/en/players/53538b39/James-McClean-James McClean,
3,Thibaud Verlinden,https://fbref.com/en/players/e5c026d6/Thibaud-Verlinden,23,23,be BEL,LW,21-159,9,0,0,0,0,0,0,3,0,0,0,0,0,1,0,0,,https://fbref.com/en/players/e5c026d6/Thibaud-Verlinden-Thibaud Verlinden,
4,Tom Ince,https://fbref.com/en/players/67d23ab0/Tom-Ince,7,7,eng ENG,RW,28-320,90,0,0,0,0,2,0,7,0,0,0,0,0,3,0,3,0.0,https://fbref.com/en/players/67d23ab0/Tom-Ince-Tom Ince,
5,Josh Tymon,https://fbref.com/en/players/efe6f6ac/Josh-Tymon,35,35,eng ENG,AM,21-207,77,0,0,0,0,0,0,5,0,0,0,0,0,2,1,2,33.3,https://fbref.com/en/players/efe6f6ac/Josh-Tymon-Josh Tymon,
6,Jordan Thompson,https://fbref.com/en/players/6bf53300/Jordan-Thompson,34,34,nir NIR,AM,23-347,13,0,0,0,0,0,0,1,0,0,0,0,0,0,1,0,100.0,https://fbref.com/en/players/6bf53300/Jordan-Thompson-Jordan Thompson,
7,Jordan Cousins,https://fbref.com/en/players/d4b0eb12/Jordan-Cousins,24,24,eng ENG,DM,26-284,90,0,0,0,0,1,0,0,1,2,0,0,0,6,3,3,50.0,https://fbref.com/en/players/d4b0eb12/Jordan-Cousins-Jordan Cousins,
8,Nick Powell,https://fbref.com/en/players/05ca4fcb/Nick-Powell,25,25,eng ENG,DM,26-267,81,0,0,0,1,5,0,2,0,1,0,0,0,6,3,1,75.0,https://fbref.com/en/players/05ca4fcb/Nick-Powell-Nick Powell,
9,Tashan Oakley-Boothe,https://fbref.com/en/players/d73892ac/Tashan-Oakley-Boothe,20,20,eng ENG,DM,20-305,9,0,0,0,0,0,0,0,0,0,0,0,0,1,0,2,0.0,https://fbref.com/en/players/d73892ac/Tashan-Oakley-Boothe-Tashan Oakley-Boothe,
10,Morgan Fox,https://fbref.com/en/players/008f854b/Morgan-Fox,3,3,wls WAL,LB,27-085,90,0,0,0,1,0,0,6,2,2,0,0,0,5,2,1,66.7,https://fbref.com/en/players/008f854b/Morgan-Fox-Morgan Fox,
11,James Chester,https://fbref.com/en/players/a772eba6/James-Chester,12,12,wls WAL,CB,31-327,90,0,0,0,0,1,0,0,0,0,0,0,0,4,2,6,25.0,https://fbref.com/en/players/a772eba6/James-Chester-James Chester,
12,Harry Souttar,https://fbref.com/en/players/0a6cb1b1/Harry-Souttar,36,36,au AUS,CB,22-054,90,1,0,0,2,1,0,0,0,3,0,0,0,5,7,2,77.8,https://fbref.com/en/players/0a6cb1b1/Harry-Souttar-Harry Souttar,
13,Nathan Collins,https://fbref.com/en/players/a8c19eb8/Nathan-Collins,37,37,ie IRL,RB,19-229,90,0,0,0,0,1,0,4,2,1,0,0,0,5,2,1,66.7,https://fbref.com/en/players/a8c19eb8/Nathan-Collins-Nathan Collins,
14,Josef Bursik,https://fbref.com/en/players/16b6648e/Josef-Bursik,32,32,eng ENG,GK,20-156,90,0,0,0,0,0,0,0,0,0,0,0,0,3,1,1,50.0,https://fbref.com/en/players/16b6648e/Josef-Bursik-Josef Bursik,
