,Player Name,Player Number,Player,#,Nation,Pos,Age,Min,Touches,Def Pen,Def 3rd,Mid 3rd,Att 3rd,Att Pen,Live,Att,Succ,Succ%,Tkld,Tkld%,Carries,TotDist,PrgDist,PrgC,1/3,CPA,Mis,Dis,Rec,PrgR,Player Key,Player Link
0,Jacob Brown,https://fbref.com/en/players/ca18c8f1/Jacob-Brown,18,18,sct SCO,FW,22-249,65,21,0,1,10,10,0,21,1,1,100.0,0,0.0,8,41,15,1,0,0,2,0,14,5,https://fbref.com/en/players/ca18c8f1/Jacob-Brown-Jacob Brown,
1,Steven Fletcher,https://fbref.com/en/players/2c9c3502/Steven-Fletcher,21,21,sct SCO,FW,33-264,25,15,0,0,5,10,0,15,1,1,100.0,0,0.0,4,7,0,0,0,0,2,2,13,2,https://fbref.com/en/players/2c9c3502/Steven-Fletcher-Steven Fletcher,
2,James McClean,https://fbref.com/en/players/53538b39/James-McClean,11,11,ie IRL,LW,31-237,81,43,1,3,19,21,1,43,2,2,100.0,0,0.0,17,88,31,2,0,1,2,2,32,9,https://fbref.com/en/players/53538b39/James-McClean-James McClean,
3,Thibaud Verlinden,https://fbref.com/en/players/e5c026d6/Thibaud-Verlinden,23,23,be BEL,LW,21-159,9,8,0,1,1,6,0,8,1,0,0.0,1,100.0,6,36,15,1,0,0,0,1,7,3,https://fbref.com/en/players/e5c026d6/Thibaud-Verlinden-Thibaud Verlinden,
4,Tom Ince,https://fbref.com/en/players/67d23ab0/Tom-Ince,7,7,eng ENG,RW,28-320,90,41,1,3,10,29,5,41,2,0,0.0,2,100.0,20,198,113,6,0,2,0,1,27,6,https://fbref.com/en/players/67d23ab0/Tom-Ince-Tom Ince,
5,Josh Tymon,https://fbref.com/en/players/efe6f6ac/Josh-Tymon,35,35,eng ENG,AM,21-207,77,33,2,7,16,10,1,33,1,1,100.0,0,0.0,11,29,3,0,0,0,1,0,22,4,https://fbref.com/en/players/efe6f6ac/Josh-Tymon-Josh Tymon,
6,Jordan Thompson,https://fbref.com/en/players/6bf53300/Jordan-Thompson,34,34,nir NIR,AM,23-347,13,6,0,1,2,3,0,6,0,0,,0,,2,4,3,0,0,0,0,0,2,0,https://fbref.com/en/players/6bf53300/Jordan-Thompson-Jordan Thompson,
7,Jordan Cousins,https://fbref.com/en/players/d4b0eb12/Jordan-Cousins,24,24,eng ENG,DM,26-284,90,52,1,10,36,6,0,52,1,0,0.0,1,100.0,16,70,30,0,0,0,1,1,21,0,https://fbref.com/en/players/d4b0eb12/Jordan-Cousins-Jordan Cousins,
8,Nick Powell,https://fbref.com/en/players/05ca4fcb/Nick-Powell,25,25,eng ENG,DM,26-267,81,51,3,9,25,19,4,51,0,0,,0,,20,151,101,3,1,0,0,0,33,0,https://fbref.com/en/players/05ca4fcb/Nick-Powell-Nick Powell,
9,Tashan Oakley-Boothe,https://fbref.com/en/players/d73892ac/Tashan-Oakley-Boothe,20,20,eng ENG,DM,20-305,9,5,0,0,4,2,0,5,0,0,,0,,1,15,5,0,1,0,0,0,2,0,https://fbref.com/en/players/d73892ac/Tashan-Oakley-Boothe-Tashan Oakley-Boothe,
10,Morgan Fox,https://fbref.com/en/players/008f854b/Morgan-Fox,3,3,wls WAL,LB,27-085,90,96,5,26,52,19,0,96,1,1,100.0,0,0.0,34,143,79,2,0,0,1,1,50,2,https://fbref.com/en/players/008f854b/Morgan-Fox-Morgan Fox,
11,James Chester,https://fbref.com/en/players/a772eba6/James-Chester,12,12,wls WAL,CB,31-327,90,64,5,40,24,0,0,64,0,0,,0,,24,89,46,0,0,0,0,0,45,0,https://fbref.com/en/players/a772eba6/James-Chester-James Chester,
12,Harry Souttar,https://fbref.com/en/players/0a6cb1b1/Harry-Souttar,36,36,au AUS,CB,22-054,90,67,5,33,35,0,0,67,0,0,,0,,37,204,139,0,0,0,1,0,37,0,https://fbref.com/en/players/0a6cb1b1/Harry-Souttar-Harry Souttar,
13,Nathan Collins,https://fbref.com/en/players/a8c19eb8/Nathan-Collins,37,37,ie IRL,RB,19-229,90,68,3,18,33,18,2,68,1,1,100.0,0,0.0,29,93,18,1,0,1,1,0,37,5,https://fbref.com/en/players/a8c19eb8/Nathan-Collins-Nathan Collins,
14,Josef Bursik,https://fbref.com/en/players/16b6648e/Josef-Bursik,32,32,eng ENG,GK,20-156,90,63,48,63,0,0,0,63,0,0,,0,,33,202,95,0,0,0,0,0,30,0,https://fbref.com/en/players/16b6648e/Josef-Bursik-Josef Bursik,
