,Player Name,Player Number,Player,#,Nation,Pos,Age,Min,Touches,Def Pen,Def 3rd,Mid 3rd,Att 3rd,Att Pen,Live,Att,Succ,Succ%,Tkld,Tkld%,Carries,TotDist,PrgDist,PrgC,1/3,CPA,Mis,Dis,Rec,PrgR,Player Key,Player Link
0,Aaron Leya Iseka,https://fbref.com/en/players/29ef0f49/Aaron-Leya-Iseka,24,24,be BEL,FW,23-031,62,22,2,3,10,9,2,21,1,0,0.0,1,100.0,12,36,19,0,1,0,4,1,18,5,https://fbref.com/en/players/29ef0f49/Aaron-Leya-Iseka-Aaron Leya Iseka,
1,Opa Nguette,https://fbref.com/en/players/75a63397/Opa-Nguette,11,11,sn SEN,FW,26-161,28,19,0,1,7,11,1,19,5,2,40.0,3,60.0,10,46,9,0,0,0,3,1,14,3,https://fbref.com/en/players/75a63397/Opa-Nguette-Opa Nguette,
2,Farid Boulaya,https://fbref.com/en/players/a0791826/Farid-Boulaya,10,10,dz ALG,FW,27-295,89,59,0,6,40,16,2,59,2,1,50.0,1,50.0,35,240,118,2,2,0,2,1,40,2,https://fbref.com/en/players/a0791826/Farid-Boulaya-Farid Boulaya,
3,Victorien Angban,https://fbref.com/en/players/d8992b84/Victorien-Angban,5,5,ci CIV,CM,24-078,1,0,0,0,0,0,0,0,0,0,,0,,0,0,0,0,0,0,0,0,0,0,https://fbref.com/en/players/d8992b84/Victorien-Angban-Victorien Angban,
4,Mamadou Fofana,https://fbref.com/en/players/4c4ffacc/Mamadou-Fofana,6,6,ml MLI,CM,22-330,90,55,2,17,38,1,0,55,0,0,,0,,29,92,47,0,0,0,2,2,34,0,https://fbref.com/en/players/4c4ffacc/Mamadou-Fofana-Mamadou Fofana,
5,Habib Maïga,https://fbref.com/en/players/e768de1f/Habib-Maiga,19,19,ci CIV,CM,24-350,89,68,5,14,49,6,1,68,2,2,100.0,0,0.0,36,142,94,1,0,0,3,0,41,2,https://fbref.com/en/players/e768de1f/Habib-Maiga-Habib Maïga,
6,Vagner Gonçalves,https://fbref.com/en/players/743fd71f/Vagner-Goncalves,27,27,cv CPV,FW,24-341,1,1,0,1,0,0,0,1,0,0,,0,,1,11,3,0,0,0,0,0,0,0,https://fbref.com/en/players/743fd71f/Vagner-Goncalves-Vagner Gonçalves,
7,Lamine Gueye,https://fbref.com/en/players/9d5dcc23/Lamine-Gueye,13,13,sn SEN,CM,22-278,69,24,1,5,13,8,1,24,0,0,,0,,12,68,29,0,0,0,2,0,15,5,https://fbref.com/en/players/9d5dcc23/Lamine-Gueye-Lamine Gueye,
8,Papa Ndiaga Yade,https://fbref.com/en/players/87e9c7cd/Papa-Ndiaga-Yade,26,26,mr MTN,CM,20-346,21,10,0,2,6,4,0,10,0,0,,0,,7,70,64,2,2,0,1,0,6,2,https://fbref.com/en/players/87e9c7cd/Papa-Ndiaga-Yade-Papa Ndiaga Yade,
9,Thomas Delaine,https://fbref.com/en/players/8332db56/Thomas-Delaine,17,17,fr FRA,LB,28-267,90,37,1,10,19,9,1,37,1,0,0.0,1,100.0,13,95,41,1,3,1,3,1,23,3,https://fbref.com/en/players/8332db56/Thomas-Delaine-Thomas Delaine,
10,John Boye,https://fbref.com/en/players/861227d2/John-Boye,21,21,gh GHA,CB,33-237,90,51,6,26,25,0,0,51,1,1,100.0,0,0.0,26,104,61,0,0,0,0,0,30,0,https://fbref.com/en/players/861227d2/John-Boye-John Boye,
11,Boubakar Kouyaté,https://fbref.com/en/players/562a4799/Boubakar-Kouyate,23,23,ml MLI,CB,23-245,90,54,12,43,10,1,1,54,0,0,,0,,30,124,38,0,0,0,0,0,31,0,https://fbref.com/en/players/562a4799/Boubakar-Kouyate-Boubakar Kouyaté,
12,Dylan Bronn,https://fbref.com/en/players/edd81e2a/Dylan-Bronn,2,2,tn TUN,CB,25-180,90,64,6,28,34,2,0,64,0,0,,0,,45,291,235,3,2,0,0,0,45,0,https://fbref.com/en/players/edd81e2a/Dylan-Bronn-Dylan Bronn,
13,Fabien Centonze,https://fbref.com/en/players/3c6bbbab/Fabien-Centonze,18,18,fr FRA,RB,24-335,90,45,9,20,17,8,0,45,2,1,50.0,1,50.0,18,143,60,2,0,0,4,0,19,3,https://fbref.com/en/players/3c6bbbab/Fabien-Centonze-Fabien Centonze,
14,Alexandre Oukidja,https://fbref.com/en/players/ae7d0ecd/Alexandre-Oukidja,16,16,dz ALG,GK,32-150,90,38,35,38,0,0,0,38,0,0,,0,,12,110,80,0,0,0,0,0,6,0,https://fbref.com/en/players/ae7d0ecd/Alexandre-Oukidja-Alexandre Oukidja,
