,Player Name,Player Number,Player,#,Nation,Pos,Age,Min,CrdY,CrdR,2CrdY,Fls,Fld,Off,Crs,Int,TklW,PKwon,PKcon,OG,Recov,Won,Lost,Won%,Player Key,Player Link
0,Aaron Leya Iseka,https://fbref.com/en/players/29ef0f49/Aaron-Leya-Iseka,24,24,be BEL,FW,23-031,62,1,0,0,2,0,1,0,0,0,0,0,0,2,0,2,0.0,https://fbref.com/en/players/29ef0f49/Aaron-Leya-Iseka-Aaron Leya Iseka,
1,Opa Nguette,https://fbref.com/en/players/75a63397/Opa-Nguette,11,11,sn SEN,FW,26-161,28,0,0,0,1,0,0,0,0,0,0,0,0,3,2,1,66.7,https://fbref.com/en/players/75a63397/Opa-Nguette-Opa Nguette,
2,Farid Boulaya,https://fbref.com/en/players/a0791826/Farid-Boulaya,10,10,dz ALG,FW,27-295,89,0,0,0,0,3,0,3,1,0,1,0,0,11,2,5,28.6,https://fbref.com/en/players/a0791826/Farid-Boulaya-Farid Boulaya,
3,Victorien Angban,https://fbref.com/en/players/d8992b84/Victorien-Angban,5,5,ci CIV,CM,24-078,1,0,0,0,0,0,0,0,0,0,0,0,0,0,0,0,,https://fbref.com/en/players/d8992b84/Victorien-Angban-Victorien Angban,
4,Mamadou Fofana,https://fbref.com/en/players/4c4ffacc/Mamadou-Fofana,6,6,ml MLI,CM,22-330,90,0,0,0,0,0,0,0,2,0,0,0,0,7,1,1,50.0,https://fbref.com/en/players/4c4ffacc/Mamadou-Fofana-Mamadou Fofana,
5,Habib Maïga,https://fbref.com/en/players/e768de1f/Habib-Maiga,19,19,ci CIV,CM,24-350,89,1,0,0,2,0,0,1,3,2,0,0,0,5,1,0,100.0,https://fbref.com/en/players/e768de1f/Habib-Maiga-Habib Maïga,
6,Vagner Gonçalves,https://fbref.com/en/players/743fd71f/Vagner-Goncalves,27,27,cv CPV,FW,24-341,1,0,0,0,0,0,0,0,0,0,0,0,0,1,0,0,,https://fbref.com/en/players/743fd71f/Vagner-Goncalves-Vagner Gonçalves,
7,Lamine Gueye,https://fbref.com/en/players/9d5dcc23/Lamine-Gueye,13,13,sn SEN,CM,22-278,69,0,0,0,0,1,0,0,0,0,0,0,0,3,0,0,,https://fbref.com/en/players/9d5dcc23/Lamine-Gueye-Lamine Gueye,
8,Papa Ndiaga Yade,https://fbref.com/en/players/87e9c7cd/Papa-Ndiaga-Yade,26,26,mr MTN,CM,20-346,21,0,0,0,0,0,0,0,0,0,0,0,0,3,0,0,,https://fbref.com/en/players/87e9c7cd/Papa-Ndiaga-Yade-Papa Ndiaga Yade,
9,Thomas Delaine,https://fbref.com/en/players/8332db56/Thomas-Delaine,17,17,fr FRA,LB,28-267,90,1,0,0,2,0,0,2,0,2,0,0,0,2,1,3,25.0,https://fbref.com/en/players/8332db56/Thomas-Delaine-Thomas Delaine,
10,John Boye,https://fbref.com/en/players/861227d2/John-Boye,21,21,gh GHA,CB,33-237,90,0,0,0,1,0,0,0,4,0,0,0,0,2,2,1,66.7,https://fbref.com/en/players/861227d2/John-Boye-John Boye,
11,Boubakar Kouyaté,https://fbref.com/en/players/562a4799/Boubakar-Kouyate,23,23,ml MLI,CB,23-245,90,0,0,0,1,3,0,0,2,3,0,0,0,1,5,2,71.4,https://fbref.com/en/players/562a4799/Boubakar-Kouyate-Boubakar Kouyaté,
12,Dylan Bronn,https://fbref.com/en/players/edd81e2a/Dylan-Bronn,2,2,tn TUN,CB,25-180,90,0,0,0,0,1,0,0,2,1,0,0,0,4,1,1,50.0,https://fbref.com/en/players/edd81e2a/Dylan-Bronn-Dylan Bronn,
13,Fabien Centonze,https://fbref.com/en/players/3c6bbbab/Fabien-Centonze,18,18,fr FRA,RB,24-335,90,0,0,0,0,2,0,4,2,1,0,0,0,4,0,1,0.0,https://fbref.com/en/players/3c6bbbab/Fabien-Centonze-Fabien Centonze,
14,Alexandre Oukidja,https://fbref.com/en/players/ae7d0ecd/Alexandre-Oukidja,16,16,dz ALG,GK,32-150,90,0,0,0,0,0,0,0,0,0,0,0,0,1,1,1,50.0,https://fbref.com/en/players/ae7d0ecd/Alexandre-Oukidja-Alexandre Oukidja,
