,Player Name,Player Number,Player,#,Nation,Pos,Age,Min,Gls,Ast,PK,PKatt,Sh,SoT,CrdY,CrdR,Touches,Tkl,Int,Blocks,xG,npxG,xAG,SCA,GCA,Cmp,Att,Cmp%,PrgP,Carries,PrgC,Att,Succ,Player Key,Player Link
0,Andy Delort,https://fbref.com/en/players/d33c706e/Andy-Delort,9,9,dz ALG,FW,29-068,90,0,0,0,0,1,0,0,0,44,0,0,0,0.0,0.0,0.0,3,0,17,35,48.6,5,25,0,4,1,https://fbref.com/en/players/d33c706e/Andy-Delort-Andy Delort,
1,Stephy Mavididi,https://fbref.com/en/players/30144daa/Stephy-Mavididi,19,19,eng ENG,LW,22-199,79,0,0,0,0,0,0,1,0,36,1,0,0,0.0,0.0,0.0,0,0,19,27,70.4,1,20,6,1,0,https://fbref.com/en/players/30144daa/Stephy-Mavididi-Stephy Mavididi,
2,Petar Škuletić,https://fbref.com/en/players/d9a66c60/Petar-Skuletic,32,32,rs SRB,LW,30-170,11,0,0,0,0,0,0,0,0,8,0,0,0,0.0,0.0,0.6,2,0,4,6,66.7,0,4,0,0,0,https://fbref.com/en/players/d9a66c60/Petar-Skuletic-Petar Škuletić,
3,Gaëtan Laborde,https://fbref.com/en/players/7cdda3bf/Gaetan-Laborde,10,10,fr FRA,RW,26-227,85,0,0,0,0,2,1,1,0,33,0,0,0,0.2,0.2,0.0,1,0,15,24,62.5,0,16,2,2,1,https://fbref.com/en/players/7cdda3bf/Gaetan-Laborde-Gaëtan Laborde,
4,Elye Wahi,https://fbref.com/en/players/0d7b6576/Elye-Wahi,33,33,fr FRA,RW,17-349,5,0,0,0,0,1,0,0,0,5,0,0,1,0.5,0.5,0.0,0,0,2,2,100.0,0,2,0,1,0,https://fbref.com/en/players/0d7b6576/Elye-Wahi-Elye Wahi,
5,Florent Mollet,https://fbref.com/en/players/7e82a78f/Florent-Mollet,25,25,fr FRA,LM,29-027,78,0,0,0,0,0,0,1,0,54,0,1,0,0.0,0.0,0.2,3,0,46,51,90.2,11,35,1,1,1,https://fbref.com/en/players/7e82a78f/Florent-Mollet-Florent Mollet,
6,Yun Il-lok,https://fbref.com/en/players/23bf644d/Yun-Il-lok,24,24,kr KOR,LM,28-284,12,0,0,0,0,1,0,0,0,10,0,0,0,0.0,0.0,0.0,0,0,5,8,62.5,0,5,0,1,0,https://fbref.com/en/players/23bf644d/Yun-Il-lok-Yun Il-lok,
7,Jordan Ferri,https://fbref.com/en/players/375622c5/Jordan-Ferri,12,12,fr FRA,CM,28-279,90,0,0,0,0,0,0,0,0,88,0,0,1,0.0,0.0,0.1,5,0,74,85,87.1,11,56,1,1,1,https://fbref.com/en/players/375622c5/Jordan-Ferri-Jordan Ferri,
8,Téji Savanier,https://fbref.com/en/players/6bde367b/Teji-Savanier,11,11,fr FRA,RM,28-360,89,0,0,0,0,2,1,0,0,78,3,2,0,0.1,0.1,0.1,5,0,39,65,60.0,9,34,1,1,0,https://fbref.com/en/players/6bde367b/Teji-Savanier-Téji Savanier,
9,Keagan Dolly,https://fbref.com/en/players/ccb1c3af/Keagan-Dolly,20,20,za RSA,RM,27-329,1,0,0,0,0,1,0,0,0,3,1,0,0,0.0,0.0,0.0,0,0,0,0,,0,0,0,0,0,https://fbref.com/en/players/ccb1c3af/Keagan-Dolly-Keagan Dolly,
10,Mihailo Ristić,https://fbref.com/en/players/ea0aa7e0/Mihailo-Ristic,7,7,rs SRB,LB,25-046,90,0,0,0,0,3,1,0,0,65,0,0,0,0.1,0.1,0.0,2,0,39,55,70.9,3,38,6,3,1,https://fbref.com/en/players/ea0aa7e0/Mihailo-Ristic-Mihailo Ristić,
11,Daniel Congré,https://fbref.com/en/players/3f5b4635/Daniel-Congre,3,3,fr FRA,CB,35-255,90,0,0,0,0,2,0,0,0,63,4,1,1,0.1,0.1,0.0,1,0,49,54,90.7,3,34,0,0,0,https://fbref.com/en/players/3f5b4635/Daniel-Congre-Daniel Congré,
12,Pedro Mendes,https://fbref.com/en/players/6690ef25/Pedro-Mendes,5,5,pt POR,CB,30-076,90,0,0,0,0,0,0,0,0,67,2,1,0,0.0,0.0,0.0,0,0,55,60,91.7,3,40,1,0,0,https://fbref.com/en/players/6690ef25/Pedro-Mendes-Pedro Mendes,
13,Junior Sambia,https://fbref.com/en/players/24eb7ed6/Junior-Sambia,6,6,fr FRA,RB,24-100,79,0,0,0,0,1,0,0,0,71,2,0,0,0.0,0.0,0.0,3,0,56,67,83.6,8,31,3,1,0,https://fbref.com/en/players/24eb7ed6/Junior-Sambia-Junior Sambia,
14,Arnaud Souquet,https://fbref.com/en/players/4e0afc5d/Arnaud-Souquet,2,2,fr FRA,RB,28-308,11,0,0,0,0,0,0,0,0,15,0,0,0,0.0,0.0,0.0,0,0,13,15,86.7,1,11,1,0,0,https://fbref.com/en/players/4e0afc5d/Arnaud-Souquet-Arnaud Souquet,
15,Jonas Omlin,https://fbref.com/en/players/c631f952/Jonas-Omlin,1,1,ch SUI,GK,26-341,90,0,0,0,0,0,0,0,0,31,0,0,0,0.0,0.0,0.0,0,0,27,28,96.4,0,13,0,0,0,https://fbref.com/en/players/c631f952/Jonas-Omlin-Jonas Omlin,
