,Player Name,Player Number,Player,#,Nation,Pos,Age,Min,Touches,Def Pen,Def 3rd,Mid 3rd,Att 3rd,Att Pen,Live,Att,Succ,Succ%,Tkld,Tkld%,Carries,TotDist,PrgDist,PrgC,1/3,CPA,Mis,Dis,Rec,PrgR,Player Key,Player Link
0,Andy Delort,https://fbref.com/en/players/d33c706e/Andy-Delort,9,9,dz ALG,FW,29-068,90,44,1,1,16,27,3,44,4,1,25.0,3,75.0,25,59,6,0,0,0,1,1,36,10,https://fbref.com/en/players/d33c706e/Andy-Delort-Andy Delort,
1,Stephy Mavididi,https://fbref.com/en/players/30144daa/Stephy-Mavididi,19,19,eng ENG,LW,22-199,79,36,0,4,6,26,3,36,1,0,0.0,1,100.0,20,129,75,6,0,1,3,0,25,5,https://fbref.com/en/players/30144daa/Stephy-Mavididi-Stephy Mavididi,
2,Petar Škuletić,https://fbref.com/en/players/d9a66c60/Petar-Skuletic,32,32,rs SRB,LW,30-170,11,8,0,0,1,7,3,8,0,0,,0,,4,2,0,0,0,0,1,0,7,4,https://fbref.com/en/players/d9a66c60/Petar-Skuletic-Petar Škuletić,
3,Gaëtan Laborde,https://fbref.com/en/players/7cdda3bf/Gaetan-Laborde,10,10,fr FRA,RW,26-227,85,33,0,1,13,19,7,33,2,1,50.0,1,50.0,16,104,51,2,1,3,3,0,25,10,https://fbref.com/en/players/7cdda3bf/Gaetan-Laborde-Gaëtan Laborde,
4,Elye Wahi,https://fbref.com/en/players/0d7b6576/Elye-Wahi,33,33,fr FRA,RW,17-349,5,5,0,1,0,4,1,5,1,0,0.0,1,100.0,2,16,5,0,0,0,0,0,3,1,https://fbref.com/en/players/0d7b6576/Elye-Wahi-Elye Wahi,
5,Florent Mollet,https://fbref.com/en/players/7e82a78f/Florent-Mollet,25,25,fr FRA,LM,29-027,78,54,0,3,38,15,1,54,1,1,100.0,0,0.0,35,208,56,1,0,0,0,0,40,5,https://fbref.com/en/players/7e82a78f/Florent-Mollet-Florent Mollet,
6,Yun Il-lok,https://fbref.com/en/players/23bf644d/Yun-Il-lok,24,24,kr KOR,LM,28-284,12,10,0,0,5,6,0,10,1,0,0.0,1,100.0,5,18,8,0,1,0,0,0,5,0,https://fbref.com/en/players/23bf644d/Yun-Il-lok-Yun Il-lok,
7,Jordan Ferri,https://fbref.com/en/players/375622c5/Jordan-Ferri,12,12,fr FRA,CM,28-279,90,88,0,22,59,8,0,88,1,1,100.0,0,0.0,56,199,81,1,2,0,1,1,64,1,https://fbref.com/en/players/375622c5/Jordan-Ferri-Jordan Ferri,
8,Téji Savanier,https://fbref.com/en/players/6bde367b/Teji-Savanier,11,11,fr FRA,RM,28-360,89,78,0,6,44,29,3,78,1,0,0.0,1,100.0,34,191,56,1,0,0,4,1,49,7,https://fbref.com/en/players/6bde367b/Teji-Savanier-Téji Savanier,
9,Keagan Dolly,https://fbref.com/en/players/ccb1c3af/Keagan-Dolly,20,20,za RSA,RM,27-329,1,3,0,1,0,2,0,3,0,0,,0,,0,0,0,0,0,0,1,0,0,0,https://fbref.com/en/players/ccb1c3af/Keagan-Dolly-Keagan Dolly,
10,Mihailo Ristić,https://fbref.com/en/players/ea0aa7e0/Mihailo-Ristic,7,7,rs SRB,LB,25-046,90,65,1,11,30,24,2,65,3,1,33.3,2,66.7,38,277,151,6,2,1,2,0,38,7,https://fbref.com/en/players/ea0aa7e0/Mihailo-Ristic-Mihailo Ristić,
11,Daniel Congré,https://fbref.com/en/players/3f5b4635/Daniel-Congre,3,3,fr FRA,CB,35-255,90,63,4,22,37,4,3,63,0,0,,0,,34,141,108,0,0,0,0,0,39,0,https://fbref.com/en/players/3f5b4635/Daniel-Congre-Daniel Congré,
12,Pedro Mendes,https://fbref.com/en/players/6690ef25/Pedro-Mendes,5,5,pt POR,CB,30-076,90,67,4,36,31,1,0,67,0,0,,0,,40,203,165,1,1,0,2,0,47,0,https://fbref.com/en/players/6690ef25/Pedro-Mendes-Pedro Mendes,
13,Junior Sambia,https://fbref.com/en/players/24eb7ed6/Junior-Sambia,6,6,fr FRA,RB,24-100,79,71,2,16,44,12,0,71,1,0,0.0,1,100.0,31,148,91,3,6,0,0,1,53,4,https://fbref.com/en/players/24eb7ed6/Junior-Sambia-Junior Sambia,
14,Arnaud Souquet,https://fbref.com/en/players/4e0afc5d/Arnaud-Souquet,2,2,fr FRA,RB,28-308,11,15,0,3,12,0,0,15,0,0,,0,,11,46,25,1,0,0,0,0,11,0,https://fbref.com/en/players/4e0afc5d/Arnaud-Souquet-Arnaud Souquet,
15,Jonas Omlin,https://fbref.com/en/players/c631f952/Jonas-Omlin,1,1,ch SUI,GK,26-341,90,31,26,31,0,0,0,31,0,0,,0,,13,52,44,0,0,0,0,0,12,0,https://fbref.com/en/players/c631f952/Jonas-Omlin-Jonas Omlin,
