,Player Name,Player Number,Player,#,Nation,Pos,Age,Min,Att,Live,Dead,FK,TB,Sw,Crs,TI,CK,In,Out,Str,Cmp,Off,Blocks,Player Key,Player Link
0,Andy Delort,https://fbref.com/en/players/d33c706e/Andy-Delort,9,9,dz ALG,FW,29-068,90,35,33,2,0,0,0,6,0,0,0,0,0,17,0,0,https://fbref.com/en/players/d33c706e/Andy-Delort-Andy Delort,
1,Stephy Mavididi,https://fbref.com/en/players/30144daa/Stephy-Mavididi,19,19,eng ENG,LW,22-199,79,27,26,1,0,0,1,2,1,0,0,0,0,19,0,1,https://fbref.com/en/players/30144daa/Stephy-Mavididi-Stephy Mavididi,
2,Petar Škuletić,https://fbref.com/en/players/d9a66c60/Petar-Skuletic,32,32,rs SRB,LW,30-170,11,6,5,1,0,0,0,0,0,0,0,0,0,4,0,0,https://fbref.com/en/players/d9a66c60/Petar-Skuletic-Petar Škuletić,
3,Gaëtan Laborde,https://fbref.com/en/players/7cdda3bf/Gaetan-Laborde,10,10,fr FRA,RW,26-227,85,24,23,1,0,0,0,4,1,0,0,0,0,15,0,1,https://fbref.com/en/players/7cdda3bf/Gaetan-Laborde-Gaëtan Laborde,
4,Elye Wahi,https://fbref.com/en/players/0d7b6576/Elye-Wahi,33,33,fr FRA,RW,17-349,5,2,2,0,0,0,0,0,0,0,0,0,0,2,0,0,https://fbref.com/en/players/0d7b6576/Elye-Wahi-Elye Wahi,
5,Florent Mollet,https://fbref.com/en/players/7e82a78f/Florent-Mollet,25,25,fr FRA,LM,29-027,78,51,47,4,3,0,0,5,0,1,0,1,0,46,0,0,https://fbref.com/en/players/7e82a78f/Florent-Mollet-Florent Mollet,
6,Yun Il-lok,https://fbref.com/en/players/23bf644d/Yun-Il-lok,24,24,kr KOR,LM,28-284,12,8,8,0,0,0,0,1,0,0,0,0,0,5,0,1,https://fbref.com/en/players/23bf644d/Yun-Il-lok-Yun Il-lok,
7,Jordan Ferri,https://fbref.com/en/players/375622c5/Jordan-Ferri,12,12,fr FRA,CM,28-279,90,85,84,1,1,0,0,2,0,0,0,0,0,74,0,1,https://fbref.com/en/players/375622c5/Jordan-Ferri-Jordan Ferri,
8,Téji Savanier,https://fbref.com/en/players/6bde367b/Teji-Savanier,11,11,fr FRA,RM,28-360,89,65,55,10,1,0,0,12,0,9,3,5,0,39,0,3,https://fbref.com/en/players/6bde367b/Teji-Savanier-Téji Savanier,
9,Keagan Dolly,https://fbref.com/en/players/ccb1c3af/Keagan-Dolly,20,20,za RSA,RM,27-329,1,0,0,0,0,0,0,0,0,0,0,0,0,0,0,0,https://fbref.com/en/players/ccb1c3af/Keagan-Dolly-Keagan Dolly,
10,Mihailo Ristić,https://fbref.com/en/players/ea0aa7e0/Mihailo-Ristic,7,7,rs SRB,LB,25-046,90,55,48,7,0,0,2,7,7,0,0,0,0,39,0,1,https://fbref.com/en/players/ea0aa7e0/Mihailo-Ristic-Mihailo Ristić,
11,Daniel Congré,https://fbref.com/en/players/3f5b4635/Daniel-Congre,3,3,fr FRA,CB,35-255,90,54,52,2,1,0,2,0,1,0,0,0,0,49,0,1,https://fbref.com/en/players/3f5b4635/Daniel-Congre-Daniel Congré,
12,Pedro Mendes,https://fbref.com/en/players/6690ef25/Pedro-Mendes,5,5,pt POR,CB,30-076,90,60,58,2,2,0,1,0,0,0,0,0,0,55,0,0,https://fbref.com/en/players/6690ef25/Pedro-Mendes-Pedro Mendes,
13,Junior Sambia,https://fbref.com/en/players/24eb7ed6/Junior-Sambia,6,6,fr FRA,RB,24-100,79,67,60,7,0,0,0,2,7,0,0,0,0,56,0,1,https://fbref.com/en/players/24eb7ed6/Junior-Sambia-Junior Sambia,
14,Arnaud Souquet,https://fbref.com/en/players/4e0afc5d/Arnaud-Souquet,2,2,fr FRA,RB,28-308,11,15,13,2,0,0,0,0,2,0,0,0,0,13,0,0,https://fbref.com/en/players/4e0afc5d/Arnaud-Souquet-Arnaud Souquet,
15,Jonas Omlin,https://fbref.com/en/players/c631f952/Jonas-Omlin,1,1,ch SUI,GK,26-341,90,28,22,6,1,0,0,0,0,0,0,0,0,27,0,0,https://fbref.com/en/players/c631f952/Jonas-Omlin-Jonas Omlin,
