,Minute,Player,Squad,xG,PSxG,Outcome,Distance,Body Part,Notes,SCA 1 Player,SCA 1 Event,SCA 2 Player,SCA 2 Event
0,13,Mihailo Ristić,Montpellier,0.02,,Off Target,34,Left Foot,,Téji Savanier,Pass (Dead),Junior Sambia,Pass (Live)
1,19,Boubakar Kouyaté,Metz,0.16,,Off Target,7,Head,,Farid Boulaya,Pass (Dead),Habib Maïga,Pass (Live)
2,22,Daniel Congré,Montpellier,0.03,,Blocked,12,Head,,Florent Mollet,Pass (Dead),Andy Delort,Fouled
3,24,Téji Savanier,Montpellier,0.06,0.03,Saved,12,Right Foot,,Florent Mollet,Pass (Live),Junior Sambia,Pass (Live)
4,28,Thomas Delaine,Metz,0.03,0.35,Saved,30,Left Foot,,John Boye,Interception,,
5,31,Daniel Congré,Montpellier,0.10,,Off Target,7,Head,,Florent Mollet,Pass (Dead),Téji Savanier,Fouled
6,41,Farid Boulaya,Metz,0.06,,Off Target,10,Head,,Fabien Centonze,Pass (Live),Dylan Bronn,Pass (Live)
7,45,Thomas Delaine,Metz,0.06,,Off Target,15,Left Foot,,Aaron Leya Iseka,Pass (Live),Lamine Gueye,Pass (Live)
8,,,,,,,,,,,,,
9,50,Aaron Leya Iseka(pen),Metz,0.79,1.00,Goal,13,Right Foot,,Farid Boulaya,Fouled,Farid Boulaya,Pass (Live)
10,53,Téji Savanier,Montpellier,0.07,,Off Target,27,Right Foot,Free kick,Gaëtan Laborde,Fouled,Junior Sambia,Pass (Live)
11,59,Gaëtan Laborde,Montpellier,0.06,0.17,Saved,16,Left Foot,,Jordan Ferri,Pass (Live),Daniel Congré,Pass (Live)
12,61,Andy Delort,Montpellier,0.02,,Saved off Target,30,Right Foot,,Jordan Ferri,Pass (Live),,
13,66,Junior Sambia,Montpellier,0.03,,Off Target,26,Right Foot,,Jordan Ferri,Pass (Live),Téji Savanier,Tackle
14,67,Mihailo Ristić,Montpellier,0.05,0.06,Saved,16,Left Foot,Volley,Jordan Ferri,Pass (Live),Téji Savanier,Pass (Live)
15,77,Farid Boulaya,Metz,0.03,,Blocked,28,Left Foot,,Papa Ndiaga Yade,Pass (Live),Opa Nguette,Pass (Live)
16,78,Farid Boulaya,Metz,0.04,0.20,Saved,19,Left Foot,,,,,
17,81,Yun Il-lok,Montpellier,0.04,,Blocked,20,Right Foot,Volley,Andy Delort,Pass (Live),Mihailo Ristić,Pass (Dead)
18,82,Gaëtan Laborde,Montpellier,0.09,,Off Target,10,Left Foot,Volley,Petar Škuletić,Pass (Live),Téji Savanier,Pass (Dead)
19,84,Mihailo Ristić,Montpellier,0.08,,Off Target,15,Right Foot,,Mihailo Ristić,Take-On,Jordan Ferri,Pass (Live)
20,87,Elye Wahi,Montpellier,0.45,,Off Target,5,Right Foot,,Petar Škuletić,Pass (Live),Andy Delort,Pass (Live)
21,89,Papa Ndiaga Yade,Metz,0.02,0.39,Saved,34,Left Foot,,,,,
22,90,Habib Maïga,Metz,0.56,0.88,Goal,15,Right Foot,,Habib Maïga,Take-On,Papa Ndiaga Yade,Pass (Live)
23,90+2,Keagan Dolly,Montpellier,0.03,,Off Target,31,Left Foot,Volley,,,,
