season,injury,from,until,days,missed_games
20/21,Cruciate ligament tear,"Nov 2, 2020","May 31, 2021",210 days,35
20/21,Torn knee ligaments,"Nov 1, 2020","Jun 1, 2020",153 days,-
19/20,Knee problems,"Sep 1, 2019","Sep 28, 2019",27 days,5
15/16,Muscle injury,"Jul 1, 2015","Aug 7, 2015",37 days,1
13/14,flesh wound,"Oct 19, 2013","Oct 31, 2013",12 days,3
10/11,muscle stiffness,"Apr 22, 2011","May 3, 2011",11 days,2
10/11,Inner knee ligament tear,"Nov 13, 2010","Jan 17, 2011",65 days,9
10/11,Broken foot,"Sep 18, 2010","Nov 10, 2010",53 days,11
08/09,Torn muscle fiber,"Jan 13, 2009","Mar 16, 2009",62 days,8
