season,injury,from,until,days,missed_games
23/24,Thigh problems,"Nov 25, 2023","Nov 28, 2023",3 days,1
23/24,Knock,"Aug 18, 2023","Aug 22, 2023",4 days,1
20/21,Achilles tendon problems,"Oct 21, 2020","Nov 10, 2020",20 days,6
20/21,Fitness,"Sep 10, 2020","Oct 5, 2020",25 days,-
20/21,Corona virus,"Aug 14, 2020","Sep 9, 2020",26 days,5
19/20,Groin injury,"Jun 7, 2020","Sep 7, 2020",92 days,11
19/20,Ankle problems,"May 17, 2020","May 26, 2020",9 days,1
19/20,pinched nerve,"Dec 14, 2019","Jan 9, 2020",26 days,5
19/20,ankle sprain,"Nov 9, 2019","Dec 1, 2019",22 days,8
19/20,Leg injury,"Aug 16, 2019","Aug 31, 2019",15 days,3
18/19,Muscle injury,"May 5, 2019","May 11, 2019",6 days,1
