season,injury,from,until,days,missed_games
22/23,Ankle sprain,"May 7, 2023","Jun 30, 2023",54 days,7
21/22,Knee problems,"Mar 18, 2022","Mar 31, 2022",13 days,3
21/22,unknown injury,"Nov 12, 2021","Dec 5, 2021",23 days,6
21/22,Fever,"Oct 16, 2021","Oct 30, 2021",14 days,3
20/21,unknown injury,"May 7, 2021","May 11, 2021",4 days,1
20/21,Thigh problems,"Feb 6, 2021","Mar 13, 2021",35 days,6
20/21,muscular problems,"Jan 14, 2021","Jan 23, 2021",9 days,2
20/21,Corona virus,"Aug 20, 2020","Oct 4, 2020",45 days,3
19/20,muscular problems,"Jul 24, 2020","Aug 5, 2020",12 days,3
18/19,unknown injury,"Oct 11, 2018","Jan 10, 2019",91 days,15
16/17,Muscle injury,"Nov 23, 2016","Dec 2, 2016",9 days,2
