season,injury,from,until,days,missed_games
22/23,Head injury,"Feb 9, 2023","Feb 24, 2023",15 days,2
20/21,Fitness,"Feb 3, 2021","Feb 6, 2021",3 days,1
20/21,Corona virus,"Jan 20, 2021","Jan 27, 2021",7 days,-
20/21,Adductor pain,"Aug 8, 2020","Aug 29, 2020",21 days,4
19/20,Head injury,"Sep 22, 2019","Oct 14, 2019",22 days,7
19/20,Thigh problems,"Aug 18, 2019","Sep 15, 2019",28 days,7
18/19,Broken nose bone,"Apr 19, 2019","Apr 27, 2019",8 days,2
18/19,Adductor injury,"Oct 8, 2018","Nov 9, 2018",32 days,8
20/21,Muscle injury,"Aug 3, 2018","Aug 19, 2018",16 days,5
