season,injury,from,until,days,missed_games
21/22,Virus,"Dec 11, 2021","Dec 16, 2021",5 days,2
21/22,Foot injury,"Oct 21, 2021","Nov 12, 2021",22 days,4
20/21,Meniscus damage,"May 4, 2021","Sep 10, 2021",129 days,2
19/20,Adductor injury,"Nov 6, 2019","Nov 15, 2019",9 days,1
19/20,Rib fracture,"Jul 18, 2019","Sep 18, 2019",62 days,3
17/18,Hamstring injury,"Oct 31, 2017","Nov 14, 2017",14 days,3
16/17,Muscle injury,"Apr 15, 2017","May 6, 2017",21 days,4
16/17,Muscle injury,"Sep 6, 2016","Sep 21, 2016",15 days,3
13/14,Hamstring strain,"Apr 9, 2014","May 20, 2014",41 days,6
13/14,Muscle injury,"Feb 7, 2014","Feb 12, 2014",5 days,1
