season,injury,from,until,days,missed_games
22/23,Ankle surgery,"May 24, 2023","Aug 24, 2023",92 days,4
20/21,Quarantine,"Apr 25, 2021","May 9, 2021",14 days,2
17/18,Muscle injury,"Nov 20, 2017","Dec 1, 2017",11 days,2
16/17,Heel injury,"Dec 12, 2016","Apr 7, 2017",116 days,16
16/17,muscular problems,"Nov 17, 2016","Nov 25, 2016",8 days,1
16/17,muscular problems,"Sep 28, 2016","Oct 12, 2016",14 days,1
15/16,Adductor pain,"Apr 21, 2016","May 8, 2016",17 days,5
15/16,Hamstring injury,"Oct 22, 2015","Dec 24, 2015",63 days,14
14/15,Groin problems,"Mar 23, 2015","May 14, 2015",52 days,8
14/15,Hamstring injury,"Jan 15, 2015","Jan 29, 2015",14 days,2
12/13,Broken collarbone,"Apr 18, 2013","Jun 27, 2013",70 days,7
12/13,Muscle injury,"Jan 14, 2013","Jan 31, 2013",17 days,2
