season,injury,from,until,days,missed_games
22/23,unknown injury,"Apr 26, 2023","Apr 29, 2023",3 days,1
22/23,muscular problems,"Mar 4, 2023","Mar 17, 2023",13 days,2
22/23,Fever,"Jul 23, 2022","Aug 1, 2022",9 days,3
21/22,Corona virus,"Apr 9, 2022","Apr 16, 2022",7 days,1
21/22,Adductor pain,"Mar 23, 2022","Apr 2, 2022",10 days,2
20/21,unknown injury,"Jun 3, 2021","Jun 21, 2021",18 days,2
20/21,unknown injury,"Nov 7, 2020","Nov 20, 2020",13 days,3
20/21,Ankle injury,"Oct 23, 2020","Oct 31, 2020",8 days,1
19/20,Foot injury,"Aug 15, 2019","Sep 23, 2019",39 days,7
