,Player Name,Player Number,Player,#,Nation,Pos,Age,Min,Gls,Ast,PK,PKatt,Sh,SoT,CrdY,CrdR,Touches,Tkl,Int,Blocks,xG,npxG,xAG,SCA,GCA,Cmp,Att,Cmp%,PrgP,Carries,PrgC,Att,Succ,Player Key,Player Link
0,Luis Muriel,https://fbref.com/en/players/eb2fe5b6/Luis-Muriel,9,9,co COL,FW,29-314,55,0,0,0,0,1,0,0,0,32,1,0,1,0.0,0.0,0.0,1,0,11,22,50.0,1,13,0,3,0,https://fbref.com/en/players/eb2fe5b6/Luis-Muriel-Luis Muriel,
1,Josip Iličić,https://fbref.com/en/players/68252d6d/Josip-Ilicic,72,72,si SVN,FW,33-026,30,0,0,0,0,0,0,0,0,27,1,0,0,0.0,0.0,0.0,0,0,12,17,70.6,0,14,0,4,2,https://fbref.com/en/players/68252d6d/Josip-Ilicic-Josip Iličić,
2,Ruslan Malinovskyi,https://fbref.com/en/players/48d5bd33/Ruslan-Malinovskyi,18,18,ua UKR,FW,27-296,5,0,0,0,0,0,0,0,0,8,0,1,0,0.0,0.0,0.0,0,0,5,7,71.4,0,5,0,1,1,https://fbref.com/en/players/48d5bd33/Ruslan-Malinovskyi-Ruslan Malinovskyi,
3,Duván Zapata,https://fbref.com/en/players/d3de9af0/Duvan-Zapata,91,91,co COL,FW,29-329,29,0,0,0,0,0,0,0,0,18,0,0,0,0.0,0.0,0.0,0,0,7,11,63.6,3,8,3,3,1,https://fbref.com/en/players/d3de9af0/Duvan-Zapata-Duván Zapata,
4,Mario Pašalić,https://fbref.com/en/players/e599253a/Mario-Pasalic,88,88,hr CRO,AM,26-015,61,0,0,0,0,0,0,0,0,27,1,2,0,0.0,0.0,0.0,0,0,13,20,65.0,1,13,0,1,0,https://fbref.com/en/players/e599253a/Mario-Pasalic-Mario Pašalić,
5,Matteo Pessina,https://fbref.com/en/players/780e3631/Matteo-Pessina,32,32,it ITA,"CM,AM",23-309,90,0,0,0,0,0,0,0,0,52,1,4,2,0.0,0.0,0.0,1,0,32,40,80.0,2,22,0,1,1,https://fbref.com/en/players/780e3631/Matteo-Pessina-Matteo Pessina,
6,Remo Freuler,https://fbref.com/en/players/98d2c2c4/Remo-Freuler,11,11,ch SUI,CM,28-315,16,0,0,0,0,0,0,0,1,10,0,0,2,0.0,0.0,0.0,0,0,8,8,100.0,0,4,0,0,0,https://fbref.com/en/players/98d2c2c4/Remo-Freuler-Remo Freuler,
7,Marten de Roon,https://fbref.com/en/players/2a1beb34/Marten-de-Roon,15,15,nl NED,CM,29-332,90,0,0,0,0,0,0,0,0,43,2,2,1,0.0,0.0,0.0,0,0,29,38,76.3,1,16,0,1,1,https://fbref.com/en/players/2a1beb34/Marten-de-Roon-Marten de Roon,
8,Robin Gosens,https://fbref.com/en/players/2d970560/Robin-Gosens,8,8,de GER,WB,26-234,90,0,0,0,0,0,0,1,0,69,1,1,4,0.0,0.0,0.1,1,0,39,56,69.6,0,20,3,1,0,https://fbref.com/en/players/2d970560/Robin-Gosens-Robin Gosens,
9,Joakim Mæhle,https://fbref.com/en/players/c459a650/Joakim-Maehle,3,3,dk DEN,WB,23-280,84,0,0,0,0,1,0,0,0,49,4,1,3,0.1,0.1,0.0,0,0,27,37,73.0,5,22,2,3,1,https://fbref.com/en/players/c459a650/Joakim-Maehle-Joakim Mæhle,
10,José Luis Palomino,https://fbref.com/en/players/921f6058/Jose-Luis-Palomino,6,6,ar ARG,WB,31-050,6,0,0,0,0,0,0,0,0,7,0,0,2,0.0,0.0,0.0,0,0,4,4,100.0,0,3,0,0,0,https://fbref.com/en/players/921f6058/Jose-Luis-Palomino-José Luis Palomino,
11,Berat Djimsiti,https://fbref.com/en/players/6eee05f1/Berat-Djimsiti,19,19,al ALB,CB,28-005,90,0,0,0,0,0,0,0,0,48,1,2,1,0.0,0.0,0.0,1,0,26,38,68.4,0,19,0,0,0,https://fbref.com/en/players/6eee05f1/Berat-Djimsiti-Berat Djimsiti,
12,Cristian Romero,https://fbref.com/en/players/a3d94a58/Cristian-Romero,17,17,ar ARG,CB,22-303,90,0,0,0,0,0,0,0,0,39,3,5,5,0.0,0.0,0.0,0,0,24,25,96.0,0,13,0,0,0,https://fbref.com/en/players/a3d94a58/Cristian-Romero-Cristian Romero,
13,Rafael Tolói,https://fbref.com/en/players/c56dc39e/Rafael-Toloi,2,2,it ITA,CB,30-137,90,0,0,0,0,0,0,0,0,50,3,2,3,0.0,0.0,0.0,0,0,27,35,77.1,4,18,0,1,1,https://fbref.com/en/players/c56dc39e/Rafael-Toloi-Rafael Tolói,
14,Pierluigi Gollini,https://fbref.com/en/players/f0f7f62f/Pierluigi-Gollini,95,95,it ITA,GK,25-343,90,0,0,0,0,0,0,0,0,38,0,0,0,0.0,0.0,0.0,0,0,28,36,77.8,0,16,0,0,0,https://fbref.com/en/players/f0f7f62f/Pierluigi-Gollini-Pierluigi Gollini,
