,Player Name,Player Number,Player,#,Nation,Pos,Age,Min,Att,Live,Dead,FK,TB,Sw,Crs,TI,CK,In,Out,Str,Cmp,Off,Blocks,Player Key,Player Link
0,Luis Muriel,https://fbref.com/en/players/eb2fe5b6/Luis-Muriel,9,9,co COL,FW,29-314,55,22,19,3,1,0,0,3,0,1,0,1,0,11,0,3,https://fbref.com/en/players/eb2fe5b6/Luis-Muriel-Luis Muriel,
1,Josip Iličić,https://fbref.com/en/players/68252d6d/Josip-Ilicic,72,72,si SVN,FW,33-026,30,17,15,1,1,0,0,1,0,0,0,0,0,12,1,1,https://fbref.com/en/players/68252d6d/Josip-Ilicic-Josip Iličić,
2,Ruslan Malinovskyi,https://fbref.com/en/players/48d5bd33/Ruslan-Malinovskyi,18,18,ua UKR,FW,27-296,5,7,5,2,1,0,0,0,0,0,0,0,0,5,0,1,https://fbref.com/en/players/48d5bd33/Ruslan-Malinovskyi-Ruslan Malinovskyi,
3,Duván Zapata,https://fbref.com/en/players/d3de9af0/Duvan-Zapata,91,91,co COL,FW,29-329,29,11,11,0,0,0,0,1,0,0,0,0,0,7,0,1,https://fbref.com/en/players/d3de9af0/Duvan-Zapata-Duván Zapata,
4,Mario Pašalić,https://fbref.com/en/players/e599253a/Mario-Pasalic,88,88,hr CRO,AM,26-015,61,20,20,0,0,0,0,0,0,0,0,0,0,13,0,2,https://fbref.com/en/players/e599253a/Mario-Pasalic-Mario Pašalić,
5,Matteo Pessina,https://fbref.com/en/players/780e3631/Matteo-Pessina,32,32,it ITA,"CM,AM",23-309,90,40,39,1,1,0,0,0,0,0,0,0,0,32,0,2,https://fbref.com/en/players/780e3631/Matteo-Pessina-Matteo Pessina,
6,Remo Freuler,https://fbref.com/en/players/98d2c2c4/Remo-Freuler,11,11,ch SUI,CM,28-315,16,8,8,0,0,0,0,0,0,0,0,0,0,8,0,0,https://fbref.com/en/players/98d2c2c4/Remo-Freuler-Remo Freuler,
7,Marten de Roon,https://fbref.com/en/players/2a1beb34/Marten-de-Roon,15,15,nl NED,CM,29-332,90,38,35,3,2,0,0,1,1,0,0,0,0,29,0,0,https://fbref.com/en/players/2a1beb34/Marten-de-Roon-Marten de Roon,
8,Robin Gosens,https://fbref.com/en/players/2d970560/Robin-Gosens,8,8,de GER,WB,26-234,90,56,45,10,0,0,0,3,10,0,0,0,0,39,1,0,https://fbref.com/en/players/2d970560/Robin-Gosens-Robin Gosens,
9,Joakim Mæhle,https://fbref.com/en/players/c459a650/Joakim-Maehle,3,3,dk DEN,WB,23-280,84,37,29,8,1,0,0,0,7,0,0,0,0,27,0,3,https://fbref.com/en/players/c459a650/Joakim-Maehle-Joakim Mæhle,
10,José Luis Palomino,https://fbref.com/en/players/921f6058/Jose-Luis-Palomino,6,6,ar ARG,WB,31-050,6,4,4,0,0,0,0,0,0,0,0,0,0,4,0,0,https://fbref.com/en/players/921f6058/Jose-Luis-Palomino-José Luis Palomino,
11,Berat Djimsiti,https://fbref.com/en/players/6eee05f1/Berat-Djimsiti,19,19,al ALB,CB,28-005,90,38,38,0,0,0,0,1,0,0,0,0,0,26,0,3,https://fbref.com/en/players/6eee05f1/Berat-Djimsiti-Berat Djimsiti,
12,Cristian Romero,https://fbref.com/en/players/a3d94a58/Cristian-Romero,17,17,ar ARG,CB,22-303,90,25,25,0,0,0,0,0,0,0,0,0,0,24,0,0,https://fbref.com/en/players/a3d94a58/Cristian-Romero-Cristian Romero,
13,Rafael Tolói,https://fbref.com/en/players/c56dc39e/Rafael-Toloi,2,2,it ITA,CB,30-137,90,35,34,1,1,1,0,0,0,0,0,0,0,27,0,1,https://fbref.com/en/players/c56dc39e/Rafael-Toloi-Rafael Tolói,
14,Pierluigi Gollini,https://fbref.com/en/players/f0f7f62f/Pierluigi-Gollini,95,95,it ITA,GK,25-343,90,36,22,14,6,0,1,0,0,0,0,0,0,28,0,0,https://fbref.com/en/players/f0f7f62f/Pierluigi-Gollini-Pierluigi Gollini,
