,Player Name,Player Number,Player,#,Nation,Pos,Age,Min,Touches,Def Pen,Def 3rd,Mid 3rd,Att 3rd,Att Pen,Live,Att,Succ,Succ%,Tkld,Tkld%,Carries,TotDist,PrgDist,PrgC,1/3,CPA,Mis,Dis,Rec,PrgR,Player Key,Player Link
0,Luis Muriel,https://fbref.com/en/players/eb2fe5b6/Luis-Muriel,9,9,co COL,FW,29-314,55,32,0,3,17,12,1,32,3,0,0.0,3,100.0,13,70,26,0,2,0,1,1,17,2,https://fbref.com/en/players/eb2fe5b6/Luis-Muriel-Luis Muriel,
1,Josip Iličić,https://fbref.com/en/players/68252d6d/Josip-Ilicic,72,72,si SVN,FW,33-026,30,27,0,8,11,8,0,27,4,2,50.0,2,50.0,14,41,3,0,1,0,4,1,19,1,https://fbref.com/en/players/68252d6d/Josip-Ilicic-Josip Iličić,
2,Ruslan Malinovskyi,https://fbref.com/en/players/48d5bd33/Ruslan-Malinovskyi,18,18,ua UKR,FW,27-296,5,8,0,1,6,1,0,8,1,1,100.0,0,0.0,5,20,2,0,0,0,1,0,5,1,https://fbref.com/en/players/48d5bd33/Ruslan-Malinovskyi-Ruslan Malinovskyi,
3,Duván Zapata,https://fbref.com/en/players/d3de9af0/Duvan-Zapata,91,91,co COL,FW,29-329,29,18,0,1,10,7,1,18,3,1,33.3,2,66.7,8,116,41,3,0,1,1,1,14,2,https://fbref.com/en/players/d3de9af0/Duvan-Zapata-Duván Zapata,
4,Mario Pašalić,https://fbref.com/en/players/e599253a/Mario-Pasalic,88,88,hr CRO,AM,26-015,61,27,4,9,16,2,0,27,1,0,0.0,1,100.0,13,58,21,0,0,0,1,0,15,1,https://fbref.com/en/players/e599253a/Mario-Pasalic-Mario Pašalić,
5,Matteo Pessina,https://fbref.com/en/players/780e3631/Matteo-Pessina,32,32,it ITA,"CM,AM",23-309,90,52,3,23,17,12,0,52,1,1,100.0,0,0.0,22,94,24,0,0,0,1,0,31,0,https://fbref.com/en/players/780e3631/Matteo-Pessina-Matteo Pessina,
6,Remo Freuler,https://fbref.com/en/players/98d2c2c4/Remo-Freuler,11,11,ch SUI,CM,28-315,16,10,0,3,5,2,0,10,0,0,,0,,4,18,11,0,0,0,0,0,7,0,https://fbref.com/en/players/98d2c2c4/Remo-Freuler-Remo Freuler,
7,Marten de Roon,https://fbref.com/en/players/2a1beb34/Marten-de-Roon,15,15,nl NED,CM,29-332,90,43,0,11,28,4,0,43,1,1,100.0,0,0.0,16,67,36,0,0,0,1,0,26,1,https://fbref.com/en/players/2a1beb34/Marten-de-Roon-Marten de Roon,
8,Robin Gosens,https://fbref.com/en/players/2d970560/Robin-Gosens,8,8,de GER,WB,26-234,90,69,5,28,26,15,2,69,1,0,0.0,1,100.0,20,129,78,3,0,0,1,0,39,4,https://fbref.com/en/players/2d970560/Robin-Gosens-Robin Gosens,
9,Joakim Mæhle,https://fbref.com/en/players/c459a650/Joakim-Maehle,3,3,dk DEN,WB,23-280,84,49,2,14,21,14,2,49,3,1,33.3,2,66.7,22,142,79,2,1,1,0,1,26,2,https://fbref.com/en/players/c459a650/Joakim-Maehle-Joakim Mæhle,
10,José Luis Palomino,https://fbref.com/en/players/921f6058/Jose-Luis-Palomino,6,6,ar ARG,WB,31-050,6,7,3,4,3,0,0,7,0,0,,0,,3,29,3,0,0,0,0,0,4,0,https://fbref.com/en/players/921f6058/Jose-Luis-Palomino-José Luis Palomino,
11,Berat Djimsiti,https://fbref.com/en/players/6eee05f1/Berat-Djimsiti,19,19,al ALB,CB,28-005,90,48,6,29,14,5,1,48,0,0,,0,,19,123,39,0,1,0,0,1,26,1,https://fbref.com/en/players/6eee05f1/Berat-Djimsiti-Berat Djimsiti,
12,Cristian Romero,https://fbref.com/en/players/a3d94a58/Cristian-Romero,17,17,ar ARG,CB,22-303,90,39,4,27,11,1,0,39,0,0,,0,,13,44,9,0,0,0,0,0,18,0,https://fbref.com/en/players/a3d94a58/Cristian-Romero-Cristian Romero,
13,Rafael Tolói,https://fbref.com/en/players/c56dc39e/Rafael-Toloi,2,2,it ITA,CB,30-137,90,50,7,28,18,5,1,50,1,1,100.0,0,0.0,18,103,53,0,1,0,0,0,28,2,https://fbref.com/en/players/c56dc39e/Rafael-Toloi-Rafael Tolói,
14,Pierluigi Gollini,https://fbref.com/en/players/f0f7f62f/Pierluigi-Gollini,95,95,it ITA,GK,25-343,90,38,29,38,0,0,0,38,0,0,,0,,16,88,55,0,0,0,0,0,17,0,https://fbref.com/en/players/f0f7f62f/Pierluigi-Gollini-Pierluigi Gollini,
