,Player Name,Player Number,Player,#,Nation,Pos,Age,Min,CrdY,CrdR,2CrdY,Fls,Fld,Off,Crs,Int,TklW,PKwon,PKcon,OG,Recov,Won,Lost,Won%,Player Key,Player Link
0,Isco,https://fbref.com/en/players/a0b4bb3e/Isco,22,22,es ESP,"FW,LW",28-309,75,0,0,0,0,0,1,1,3,0,0,0,0,4,1,0,100.0,https://fbref.com/en/players/a0b4bb3e/Isco-Isco,
1,Hugo Duro,https://fbref.com/en/players/37e103f8/Hugo-Duro,34,34,es ESP,LW,21-106,15,0,0,0,1,0,0,0,0,1,0,0,0,2,0,0,,https://fbref.com/en/players/37e103f8/Hugo-Duro-Hugo Duro,
2,Vinicius Júnior,https://fbref.com/en/players/7111d552/Vinicius-Junior,20,20,br BRA,LW,20-227,56,0,0,0,1,3,0,0,0,0,0,0,0,1,0,1,0.0,https://fbref.com/en/players/7111d552/Vinicius-Junior-Vinicius Júnior,
3,Mariano,https://fbref.com/en/players/5c4dc0ff/Mariano,24,24,do DOM,FW,27-207,34,0,0,0,2,0,0,0,0,0,0,0,0,0,1,0,100.0,https://fbref.com/en/players/5c4dc0ff/Mariano-Mariano,
4,Marco Asensio,https://fbref.com/en/players/45af8a54/Marco-Asensio,11,11,es ESP,RW,25-034,75,0,0,0,0,0,0,2,0,0,0,0,0,5,0,0,,https://fbref.com/en/players/45af8a54/Marco-Asensio-Marco Asensio,
5,Sergio Arribas,https://fbref.com/en/players/1e465e70/Sergio-Arribas,30,30,es ESP,RW,19-147,15,0,0,0,1,0,0,0,0,0,0,0,0,0,0,1,0.0,https://fbref.com/en/players/1e465e70/Sergio-Arribas-Sergio Arribas,
6,Toni Kroos,https://fbref.com/en/players/6ce1f46f/Toni-Kroos,8,8,de GER,LM,31-051,90,0,0,0,1,1,0,6,0,2,0,0,0,7,0,1,0.0,https://fbref.com/en/players/6ce1f46f/Toni-Kroos-Toni Kroos,
7,Casemiro,https://fbref.com/en/players/4d224fe8/Casemiro,14,14,br BRA,CM,29-001,90,1,0,0,2,0,0,0,3,0,0,0,0,9,6,5,54.5,https://fbref.com/en/players/4d224fe8/Casemiro-Casemiro,
8,Luka Modrić,https://fbref.com/en/players/6025fab1/Luka-Modric,10,10,hr CRO,RM,35-168,90,0,0,0,0,0,0,3,0,1,0,0,0,7,1,0,100.0,https://fbref.com/en/players/6025fab1/Luka-Modric-Luka Modrić,
9,Ferland Mendy,https://fbref.com/en/players/3cefcaef/Ferland-Mendy,23,23,fr FRA,LB,25-261,90,1,0,0,2,1,0,0,1,1,0,0,0,7,0,2,0.0,https://fbref.com/en/players/3cefcaef/Ferland-Mendy-Ferland Mendy,
10,Nacho,https://fbref.com/en/players/2946f9a1/Nacho,6,6,es ESP,CB,31-037,90,0,0,0,1,0,0,0,2,3,0,0,0,4,1,2,33.3,https://fbref.com/en/players/2946f9a1/Nacho-Nacho,
11,Raphaël Varane,https://fbref.com/en/players/9f8e9423/Raphael-Varane,5,5,fr FRA,CB,27-305,90,0,0,0,0,0,0,0,0,0,0,0,0,12,4,4,50.0,https://fbref.com/en/players/9f8e9423/Raphael-Varane-Raphaël Varane,
12,Lucas Vázquez,https://fbref.com/en/players/fd51b456/Lucas-Vazquez,17,17,es ESP,RB,29-238,90,0,0,0,1,3,1,3,2,1,0,0,0,7,0,2,0.0,https://fbref.com/en/players/fd51b456/Lucas-Vazquez-Lucas Vázquez,
13,Thibaut Courtois,https://fbref.com/en/players/1840e36d/Thibaut-Courtois,1,1,be BEL,GK,28-289,90,0,0,0,0,0,0,0,0,0,0,0,0,3,0,0,,https://fbref.com/en/players/1840e36d/Thibaut-Courtois-Thibaut Courtois,
