,Player Name,Player Number,Player,#,Nation,Pos,Age,Min,Touches,Def Pen,Def 3rd,Mid 3rd,Att 3rd,Att Pen,Live,Att,Succ,Succ%,Tkld,Tkld%,Carries,TotDist,PrgDist,PrgC,1/3,CPA,Mis,Dis,Rec,PrgR,Player Key,Player Link
0,Isco,https://fbref.com/en/players/a0b4bb3e/Isco,22,22,es ESP,"FW,LW",28-309,75,81,0,5,41,35,4,81,4,4,100.0,0,0.0,60,359,176,5,6,2,5,4,66,8,https://fbref.com/en/players/a0b4bb3e/Isco-Isco,
1,Hugo Duro,https://fbref.com/en/players/37e103f8/Hugo-Duro,34,34,es ESP,LW,21-106,15,11,0,1,4,6,0,11,1,0,0.0,1,100.0,6,12,3,0,0,0,0,0,7,2,https://fbref.com/en/players/37e103f8/Hugo-Duro-Hugo Duro,
2,Vinicius Júnior,https://fbref.com/en/players/7111d552/Vinicius-Junior,20,20,br BRA,LW,20-227,56,30,0,1,6,24,1,30,5,2,40.0,3,60.0,26,206,119,5,3,0,0,2,27,9,https://fbref.com/en/players/7111d552/Vinicius-Junior-Vinicius Júnior,
3,Mariano,https://fbref.com/en/players/5c4dc0ff/Mariano,24,24,do DOM,FW,27-207,34,13,0,0,4,9,3,13,0,0,,0,,6,5,1,0,0,0,2,1,9,5,https://fbref.com/en/players/5c4dc0ff/Mariano-Mariano,
4,Marco Asensio,https://fbref.com/en/players/45af8a54/Marco-Asensio,11,11,es ESP,RW,25-034,75,54,1,6,18,31,2,54,4,2,50.0,2,50.0,42,318,177,2,4,0,0,1,44,5,https://fbref.com/en/players/45af8a54/Marco-Asensio-Marco Asensio,
5,Sergio Arribas,https://fbref.com/en/players/1e465e70/Sergio-Arribas,30,30,es ESP,RW,19-147,15,10,0,2,2,6,0,10,0,0,,0,,9,36,15,0,0,0,0,2,9,1,https://fbref.com/en/players/1e465e70/Sergio-Arribas-Sergio Arribas,
6,Toni Kroos,https://fbref.com/en/players/6ce1f46f/Toni-Kroos,8,8,de GER,LM,31-051,90,151,2,13,103,37,1,151,1,1,100.0,0,0.0,118,469,216,2,3,1,0,0,128,2,https://fbref.com/en/players/6ce1f46f/Toni-Kroos-Toni Kroos,
7,Casemiro,https://fbref.com/en/players/4d224fe8/Casemiro,14,14,br BRA,CM,29-001,90,88,0,19,52,17,6,88,0,0,,0,,47,135,39,0,1,0,1,0,57,4,https://fbref.com/en/players/4d224fe8/Casemiro-Casemiro,
8,Luka Modrić,https://fbref.com/en/players/6025fab1/Luka-Modric,10,10,hr CRO,RM,35-168,90,113,1,13,53,47,4,113,1,1,100.0,0,0.0,82,381,163,5,3,2,2,0,89,4,https://fbref.com/en/players/6025fab1/Luka-Modric-Luka Modrić,
9,Ferland Mendy,https://fbref.com/en/players/3cefcaef/Ferland-Mendy,23,23,fr FRA,LB,25-261,90,80,0,11,39,31,1,80,1,0,0.0,1,100.0,60,296,174,2,0,1,1,1,63,6,https://fbref.com/en/players/3cefcaef/Ferland-Mendy-Ferland Mendy,
10,Nacho,https://fbref.com/en/players/2946f9a1/Nacho,6,6,es ESP,CB,31-037,90,95,3,23,55,17,1,95,2,2,100.0,0,0.0,67,418,271,6,7,1,0,0,74,0,https://fbref.com/en/players/2946f9a1/Nacho-Nacho,
11,Raphaël Varane,https://fbref.com/en/players/9f8e9423/Raphael-Varane,5,5,fr FRA,CB,27-305,90,89,8,27,54,8,0,89,1,1,100.0,0,0.0,60,373,167,1,3,0,1,0,64,0,https://fbref.com/en/players/9f8e9423/Raphael-Varane-Raphaël Varane,
12,Lucas Vázquez,https://fbref.com/en/players/fd51b456/Lucas-Vazquez,17,17,es ESP,RB,29-238,90,119,3,20,55,46,1,119,0,0,,0,,77,442,309,6,5,0,2,0,87,16,https://fbref.com/en/players/fd51b456/Lucas-Vazquez-Lucas Vázquez,
13,Thibaut Courtois,https://fbref.com/en/players/1840e36d/Thibaut-Courtois,1,1,be BEL,GK,28-289,90,20,15,20,0,0,0,20,0,0,,0,,15,82,53,0,0,0,0,0,12,0,https://fbref.com/en/players/1840e36d/Thibaut-Courtois-Thibaut Courtois,
