,Player Name,Player Number,Player,#,Nation,Pos,Age,Min,CrdY,CrdR,2CrdY,Fls,Fld,Off,Crs,Int,TklW,PKwon,PKcon,OG,Recov,Won,Lost,Won%,Player Key,Player Link
0,Kieffer Moore,https://fbref.com/en/players/01ce9e70/Kieffer-Moore,10,10,wls WAL,FW,28-165,90,0,0,0,1,4,3,0,0,1,0,0,0,2,12,7,63.2,https://fbref.com/en/players/01ce9e70/Kieffer-Moore-Kieffer Moore,
1,Max Watters,https://fbref.com/en/players/a10387a2/Max-Watters,19,19,eng ENG,LW,21-303,54,0,0,0,2,0,1,0,0,1,0,0,0,2,0,1,0.0,https://fbref.com/en/players/a10387a2/Max-Watters-Max Watters,
2,Mark Harris,https://fbref.com/en/players/fcc02804/Mark-Harris,29,29,wls WAL,LW,22-022,36,0,0,0,0,0,1,0,0,1,0,0,0,3,0,1,0.0,https://fbref.com/en/players/fcc02804/Mark-Harris-Mark Harris,
3,Harry Wilson,https://fbref.com/en/players/c6dc9ecd/Harry-Wilson,23,23,wls WAL,RW,23-304,84,0,0,0,0,4,0,4,0,0,0,0,0,3,0,0,,https://fbref.com/en/players/c6dc9ecd/Harry-Wilson-Harry Wilson,
4,Josh Murphy,https://fbref.com/en/players/b30c7426/Josh-Murphy,11,11,eng ENG,RW,25-331,6,0,0,0,0,0,0,1,0,0,0,0,0,0,0,0,,https://fbref.com/en/players/b30c7426/Josh-Murphy-Josh Murphy,
5,Joe Ralls,https://fbref.com/en/players/3730fcbc/Joe-Ralls,8,8,eng ENG,LM,27-100,90,0,0,0,3,0,0,3,0,2,0,0,0,8,1,1,50.0,https://fbref.com/en/players/3730fcbc/Joe-Ralls-Joe Ralls,
6,Will Vaulks,https://fbref.com/en/players/7760b885/Will-Vaulks,6,6,wls WAL,CM,27-129,75,0,0,0,3,0,0,0,2,1,0,0,0,11,2,1,66.7,https://fbref.com/en/players/7760b885/Will-Vaulks-Will Vaulks,
7,Sheyi Ojo,https://fbref.com/en/players/7b9a86e6/Sheyi-Ojo,27,27,eng ENG,CM,23-215,15,0,0,0,0,0,0,2,0,1,0,0,0,1,0,0,,https://fbref.com/en/players/7b9a86e6/Sheyi-Ojo-Sheyi Ojo,
8,Leandro Bacuna,https://fbref.com/en/players/9dc69d38/Leandro-Bacuna,7,7,cw CUW,RM,29-152,90,0,0,0,1,0,0,0,0,1,0,0,0,7,0,0,,https://fbref.com/en/players/9dc69d38/Leandro-Bacuna-Leandro Bacuna,
9,Joe Bennett,https://fbref.com/en/players/dc936144/Joe-Bennett,3,3,eng ENG,LB,30-298,90,0,0,0,0,2,0,2,1,0,0,0,0,10,0,0,,https://fbref.com/en/players/dc936144/Joe-Bennett-Joe Bennett,
10,Curtis Nelson,https://fbref.com/en/players/943a8857/Curtis-Nelson,16,16,eng ENG,CB,27-244,90,0,0,0,0,0,0,1,0,1,0,0,0,5,10,2,83.3,https://fbref.com/en/players/943a8857/Curtis-Nelson-Curtis Nelson,
11,Sean Morrison,https://fbref.com/en/players/09fec029/Sean-Morrison,4,4,eng ENG,CB,30-012,90,0,0,0,0,1,0,0,1,0,0,0,0,7,5,1,83.3,https://fbref.com/en/players/09fec029/Sean-Morrison-Sean Morrison,
12,Perry Ng,https://fbref.com/en/players/920afe91/Perry-Ng,38,38,eng ENG,RB,24-268,75,0,0,0,0,4,0,0,3,2,0,0,0,3,2,0,100.0,https://fbref.com/en/players/920afe91/Perry-Ng-Perry Ng,
13,Robert Glatzel,https://fbref.com/en/players/18a9efe4/Robert-Glatzel,9,9,de GER,RB,27-012,15,0,0,0,2,1,0,0,0,0,0,0,0,1,0,0,,https://fbref.com/en/players/18a9efe4/Robert-Glatzel-Robert Glatzel,
14,Alex Smithies,https://fbref.com/en/players/bb91617c/Alex-Smithies,12,12,eng ENG,GK,30-321,90,0,0,0,0,0,0,0,0,0,0,0,0,1,0,0,,https://fbref.com/en/players/bb91617c/Alex-Smithies-Alex Smithies,
