,Player Name,Player Number,Player,#,Nation,Pos,Age,Min,Gls,Ast,PK,PKatt,Sh,SoT,CrdY,CrdR,Touches,Tkl,Int,Blocks,xG,npxG,xAG,SCA,GCA,Cmp,Att,Cmp%,PrgP,Carries,PrgC,Att,Succ,Player Key,Player Link
0,Charlie Austin,https://fbref.com/en/players/8d228291/Charlie-Austin,45,45,eng ENG,FW,31-199,69,0,0,0,0,2,0,0,0,22,0,0,2,0.1,0.1,0.0,1,0,6,14,42.9,2,16,0,1,0,https://fbref.com/en/players/8d228291/Charlie-Austin-Charlie Austin,
1,Macauley Bonne,https://fbref.com/en/players/9ca8b21c/Macauley-Bonne,7,7,zw ZIM,FW,25-086,21,0,1,0,0,1,1,0,0,13,1,1,0,0.0,0.0,0.1,2,1,5,9,55.6,0,9,2,0,0,https://fbref.com/en/players/9ca8b21c/Macauley-Bonne-Macauley Bonne,
2,Lyndon Dykes,https://fbref.com/en/players/cd92357a/Lyndon-Dykes,9,9,sct SCO,FW,25-105,90,0,0,0,0,1,0,0,0,38,1,0,0,0.1,0.1,0.3,1,0,15,27,55.6,3,27,3,1,0,https://fbref.com/en/players/cd92357a/Lyndon-Dykes-Lyndon Dykes,
3,Chris Willock,https://fbref.com/en/players/be0bd828/Chris-Willock,21,21,eng ENG,CM,22-355,82,1,0,0,0,1,1,0,0,35,0,0,0,0.1,0.1,0.1,2,0,24,29,82.8,3,30,3,4,2,https://fbref.com/en/players/be0bd828/Chris-Willock-Chris Willock,
4,Osman Kakay,https://fbref.com/en/players/0aed0751/Osman-Kakay,24,24,sl SLE,CM,23-148,8,0,0,0,0,0,0,0,0,10,1,0,0,0.0,0.0,0.0,2,0,7,9,77.8,0,7,1,0,0,https://fbref.com/en/players/0aed0751/Osman-Kakay-Osman Kakay,
5,Ilias Chair,https://fbref.com/en/players/ad7873cb/Ilias-Chair,10,10,ma MAR,CM,23-082,90,0,0,0,0,4,3,1,0,50,0,0,0,0.5,0.5,0.1,8,1,33,42,78.6,1,37,3,1,1,https://fbref.com/en/players/ad7873cb/Ilias-Chair-Ilias Chair,
6,Dominic Ball,https://fbref.com/en/players/79d61875/Dominic-Ball,12,12,eng ENG,CM,25-171,90,0,0,0,0,1,0,0,0,53,3,0,1,0.0,0.0,0.0,1,0,34,46,73.9,1,33,0,1,0,https://fbref.com/en/players/79d61875/Dominic-Ball-Dominic Ball,
7,Niko Hämäläinen,https://fbref.com/en/players/4435db1e/Niko-Hamalainen,25,25,fi FIN,LB,23-321,90,0,0,0,0,0,0,0,0,62,0,0,1,0.0,0.0,0.0,2,0,44,54,81.5,5,41,5,4,2,https://fbref.com/en/players/4435db1e/Niko-Hamalainen-Niko Hämäläinen,
8,Yoann Barbet,https://fbref.com/en/players/c52bbd2c/Yoann-Barbet,6,6,fr FRA,CB,27-255,90,0,0,0,0,0,0,1,0,54,0,3,3,0.0,0.0,0.0,1,0,37,47,78.7,7,28,0,0,0,https://fbref.com/en/players/c52bbd2c/Yoann-Barbet-Yoann Barbet,
9,Geoff Cameron,https://fbref.com/en/players/1a160ea3/Geoff-Cameron,20,20,us USA,CB,35-193,90,0,0,0,0,0,0,1,0,36,3,1,1,0.0,0.0,0.0,0,0,13,27,48.1,1,15,0,1,1,https://fbref.com/en/players/1a160ea3/Geoff-Cameron-Geoff Cameron,
10,Robert Dickie,https://fbref.com/en/players/c7dfc411/Robert-Dickie,4,4,eng ENG,CB,24-323,90,0,0,0,0,0,0,0,0,56,2,0,2,0.0,0.0,0.0,0,0,35,47,74.5,2,32,1,0,0,https://fbref.com/en/players/c7dfc411/Robert-Dickie-Robert Dickie,
11,Todd Kane,https://fbref.com/en/players/dd082c59/Todd-Kane,2,2,eng ENG,RB,27-125,90,0,0,0,0,1,0,0,0,70,1,1,2,0.0,0.0,0.1,2,0,45,62,72.6,3,48,2,1,0,https://fbref.com/en/players/dd082c59/Todd-Kane-Todd Kane,
12,Seny Dieng,https://fbref.com/en/players/c135cddd/Seny-Dieng,13,13,sn SEN,GK,26-058,90,0,0,0,0,0,0,0,0,36,0,0,0,0.0,0.0,0.0,0,0,18,33,54.5,0,23,0,0,0,https://fbref.com/en/players/c135cddd/Seny-Dieng-Seny Dieng,
