,Player Name,Player Number,Player,#,Nation,Pos,Age,Min,Touches,Def Pen,Def 3rd,Mid 3rd,Att 3rd,Att Pen,Live,Att,Succ,Succ%,Tkld,Tkld%,Carries,TotDist,PrgDist,PrgC,1/3,CPA,Mis,Dis,Rec,PrgR,Player Key,Player Link
0,Charlie Austin,https://fbref.com/en/players/8d228291/Charlie-Austin,45,45,eng ENG,FW,31-199,69,22,2,2,9,11,2,22,1,0,0.0,1,100.0,16,46,6,0,0,0,3,0,15,2,https://fbref.com/en/players/8d228291/Charlie-Austin-Charlie Austin,
1,Macauley Bonne,https://fbref.com/en/players/9ca8b21c/Macauley-Bonne,7,7,zw ZIM,FW,25-086,21,13,0,2,4,7,2,13,0,0,,0,,9,65,41,2,0,0,0,0,8,2,https://fbref.com/en/players/9ca8b21c/Macauley-Bonne-Macauley Bonne,
2,Lyndon Dykes,https://fbref.com/en/players/cd92357a/Lyndon-Dykes,9,9,sct SCO,FW,25-105,90,38,1,2,18,18,2,38,1,0,0.0,1,100.0,27,117,51,3,1,0,3,2,26,5,https://fbref.com/en/players/cd92357a/Lyndon-Dykes-Lyndon Dykes,
3,Chris Willock,https://fbref.com/en/players/be0bd828/Chris-Willock,21,21,eng ENG,CM,22-355,82,35,0,0,19,16,2,35,4,2,50.0,2,50.0,30,206,97,3,1,1,2,0,32,3,https://fbref.com/en/players/be0bd828/Chris-Willock-Chris Willock,
4,Osman Kakay,https://fbref.com/en/players/0aed0751/Osman-Kakay,24,24,sl SLE,CM,23-148,8,10,1,4,2,4,1,10,0,0,,0,,7,53,29,1,0,1,0,0,5,0,https://fbref.com/en/players/0aed0751/Osman-Kakay-Osman Kakay,
5,Ilias Chair,https://fbref.com/en/players/ad7873cb/Ilias-Chair,10,10,ma MAR,CM,23-082,90,50,0,3,18,29,6,50,1,1,100.0,0,0.0,37,192,99,3,2,1,2,1,35,5,https://fbref.com/en/players/ad7873cb/Ilias-Chair-Ilias Chair,
6,Dominic Ball,https://fbref.com/en/players/79d61875/Dominic-Ball,12,12,eng ENG,CM,25-171,90,53,0,8,37,9,2,53,1,0,0.0,1,100.0,33,175,53,0,1,0,2,0,31,1,https://fbref.com/en/players/79d61875/Dominic-Ball-Dominic Ball,
7,Niko Hämäläinen,https://fbref.com/en/players/4435db1e/Niko-Hamalainen,25,25,fi FIN,LB,23-321,90,62,5,16,29,18,0,62,4,2,50.0,2,50.0,41,210,117,5,5,0,0,1,39,7,https://fbref.com/en/players/4435db1e/Niko-Hamalainen-Niko Hämäläinen,
8,Yoann Barbet,https://fbref.com/en/players/c52bbd2c/Yoann-Barbet,6,6,fr FRA,CB,27-255,90,54,5,30,24,0,0,54,0,0,,0,,28,135,93,0,0,0,1,0,26,0,https://fbref.com/en/players/c52bbd2c/Yoann-Barbet-Yoann Barbet,
9,Geoff Cameron,https://fbref.com/en/players/1a160ea3/Geoff-Cameron,20,20,us USA,CB,35-193,90,36,3,18,17,1,0,36,1,1,100.0,0,0.0,15,72,19,0,0,0,0,4,11,0,https://fbref.com/en/players/1a160ea3/Geoff-Cameron-Geoff Cameron,
10,Robert Dickie,https://fbref.com/en/players/c7dfc411/Robert-Dickie,4,4,eng ENG,CB,24-323,90,56,4,29,25,4,0,56,0,0,,0,,32,213,135,1,1,0,0,0,29,0,https://fbref.com/en/players/c7dfc411/Robert-Dickie-Robert Dickie,
11,Todd Kane,https://fbref.com/en/players/dd082c59/Todd-Kane,2,2,eng ENG,RB,27-125,90,70,0,10,38,22,2,70,1,0,0.0,1,100.0,48,220,106,2,1,0,0,0,44,3,https://fbref.com/en/players/dd082c59/Todd-Kane-Todd Kane,
12,Seny Dieng,https://fbref.com/en/players/c135cddd/Seny-Dieng,13,13,sn SEN,GK,26-058,90,36,29,36,0,0,0,36,0,0,,0,,23,103,45,0,0,0,0,0,14,0,https://fbref.com/en/players/c135cddd/Seny-Dieng-Seny Dieng,
