,Player Name,Player Number,Player,#,Nation,Pos,Age,Min,Att,Live,Dead,FK,TB,Sw,Crs,TI,CK,In,Out,Str,Cmp,Off,Blocks,Player Key,Player Link
0,Charlie Austin,https://fbref.com/en/players/8d228291/Charlie-Austin,45,45,eng ENG,FW,31-199,69,14,14,0,0,0,1,0,0,0,0,0,0,6,0,0,https://fbref.com/en/players/8d228291/Charlie-Austin-Charlie Austin,
1,Macauley Bonne,https://fbref.com/en/players/9ca8b21c/Macauley-Bonne,7,7,zw ZIM,FW,25-086,21,9,9,0,0,0,0,2,0,0,0,0,0,5,0,2,https://fbref.com/en/players/9ca8b21c/Macauley-Bonne-Macauley Bonne,
2,Lyndon Dykes,https://fbref.com/en/players/cd92357a/Lyndon-Dykes,9,9,sct SCO,FW,25-105,90,27,27,0,0,0,0,1,0,0,0,0,0,15,0,0,https://fbref.com/en/players/cd92357a/Lyndon-Dykes-Lyndon Dykes,
3,Chris Willock,https://fbref.com/en/players/be0bd828/Chris-Willock,21,21,eng ENG,CM,22-355,82,29,29,0,0,0,0,4,0,0,0,0,0,24,0,0,https://fbref.com/en/players/be0bd828/Chris-Willock-Chris Willock,
4,Osman Kakay,https://fbref.com/en/players/0aed0751/Osman-Kakay,24,24,sl SLE,CM,23-148,8,9,8,1,0,0,0,0,1,0,0,0,0,7,0,0,https://fbref.com/en/players/0aed0751/Osman-Kakay-Osman Kakay,
5,Ilias Chair,https://fbref.com/en/players/ad7873cb/Ilias-Chair,10,10,ma MAR,CM,23-082,90,42,34,8,1,1,0,8,0,6,0,3,0,33,0,2,https://fbref.com/en/players/ad7873cb/Ilias-Chair-Ilias Chair,
6,Dominic Ball,https://fbref.com/en/players/79d61875/Dominic-Ball,12,12,eng ENG,CM,25-171,90,46,42,4,4,0,0,0,0,0,0,0,0,34,0,1,https://fbref.com/en/players/79d61875/Dominic-Ball-Dominic Ball,
7,Niko Hämäläinen,https://fbref.com/en/players/4435db1e/Niko-Hamalainen,25,25,fi FIN,LB,23-321,90,54,49,5,0,0,2,2,5,0,0,0,0,44,0,1,https://fbref.com/en/players/4435db1e/Niko-Hamalainen-Niko Hämäläinen,
8,Yoann Barbet,https://fbref.com/en/players/c52bbd2c/Yoann-Barbet,6,6,fr FRA,CB,27-255,90,47,37,10,4,0,1,0,6,0,0,0,0,37,0,1,https://fbref.com/en/players/c52bbd2c/Yoann-Barbet-Yoann Barbet,
9,Geoff Cameron,https://fbref.com/en/players/1a160ea3/Geoff-Cameron,20,20,us USA,CB,35-193,90,27,27,0,0,0,1,0,0,0,0,0,0,13,0,1,https://fbref.com/en/players/1a160ea3/Geoff-Cameron-Geoff Cameron,
10,Robert Dickie,https://fbref.com/en/players/c7dfc411/Robert-Dickie,4,4,eng ENG,CB,24-323,90,47,42,5,4,0,1,0,1,0,0,0,0,35,0,0,https://fbref.com/en/players/c7dfc411/Robert-Dickie-Robert Dickie,
11,Todd Kane,https://fbref.com/en/players/dd082c59/Todd-Kane,2,2,eng ENG,RB,27-125,90,62,52,10,0,0,1,8,10,0,0,0,0,45,0,4,https://fbref.com/en/players/dd082c59/Todd-Kane-Todd Kane,
12,Seny Dieng,https://fbref.com/en/players/c135cddd/Seny-Dieng,13,13,sn SEN,GK,26-058,90,33,23,10,3,0,0,0,0,0,0,0,0,18,0,0,https://fbref.com/en/players/c135cddd/Seny-Dieng-Seny Dieng,
