,Player Name,Player Number,Player,#,Nation,Pos,Age,Min,CrdY,CrdR,2CrdY,Fls,Fld,Off,Crs,Int,TklW,PKwon,PKcon,OG,Recov,Won,Lost,Won%,Player Key,Player Link
0,Charlie Austin,https://fbref.com/en/players/8d228291/Charlie-Austin,45,45,eng ENG,FW,31-199,69,0,0,0,2,1,0,0,0,0,0,0,0,2,1,3,25.0,https://fbref.com/en/players/8d228291/Charlie-Austin-Charlie Austin,
1,Macauley Bonne,https://fbref.com/en/players/9ca8b21c/Macauley-Bonne,7,7,zw ZIM,FW,25-086,21,0,0,0,0,0,0,2,1,0,0,0,0,4,0,2,0.0,https://fbref.com/en/players/9ca8b21c/Macauley-Bonne-Macauley Bonne,
2,Lyndon Dykes,https://fbref.com/en/players/cd92357a/Lyndon-Dykes,9,9,sct SCO,FW,25-105,90,0,0,0,1,1,0,1,0,1,0,0,0,7,1,11,8.3,https://fbref.com/en/players/cd92357a/Lyndon-Dykes-Lyndon Dykes,
3,Chris Willock,https://fbref.com/en/players/be0bd828/Chris-Willock,21,21,eng ENG,CM,22-355,82,0,0,0,1,2,0,4,0,0,0,0,0,5,1,0,100.0,https://fbref.com/en/players/be0bd828/Chris-Willock-Chris Willock,
4,Osman Kakay,https://fbref.com/en/players/0aed0751/Osman-Kakay,24,24,sl SLE,CM,23-148,8,0,0,0,0,0,0,0,0,1,0,0,0,3,0,1,0.0,https://fbref.com/en/players/0aed0751/Osman-Kakay-Osman Kakay,
5,Ilias Chair,https://fbref.com/en/players/ad7873cb/Ilias-Chair,10,10,ma MAR,CM,23-082,90,1,0,0,2,1,0,8,0,0,0,0,0,4,0,1,0.0,https://fbref.com/en/players/ad7873cb/Ilias-Chair-Ilias Chair,
6,Dominic Ball,https://fbref.com/en/players/79d61875/Dominic-Ball,12,12,eng ENG,CM,25-171,90,0,0,0,2,2,0,0,0,2,0,0,0,6,1,2,33.3,https://fbref.com/en/players/79d61875/Dominic-Ball-Dominic Ball,
7,Niko Hämäläinen,https://fbref.com/en/players/4435db1e/Niko-Hamalainen,25,25,fi FIN,LB,23-321,90,0,0,0,2,0,0,2,0,0,0,0,0,8,1,2,33.3,https://fbref.com/en/players/4435db1e/Niko-Hamalainen-Niko Hämäläinen,
8,Yoann Barbet,https://fbref.com/en/players/c52bbd2c/Yoann-Barbet,6,6,fr FRA,CB,27-255,90,1,0,0,2,0,0,0,3,0,0,0,0,4,2,3,40.0,https://fbref.com/en/players/c52bbd2c/Yoann-Barbet-Yoann Barbet,
9,Geoff Cameron,https://fbref.com/en/players/1a160ea3/Geoff-Cameron,20,20,us USA,CB,35-193,90,1,0,0,2,0,0,0,1,2,0,0,0,6,3,3,50.0,https://fbref.com/en/players/1a160ea3/Geoff-Cameron-Geoff Cameron,
10,Robert Dickie,https://fbref.com/en/players/c7dfc411/Robert-Dickie,4,4,eng ENG,CB,24-323,90,0,0,0,1,3,0,0,0,0,0,0,0,6,4,3,57.1,https://fbref.com/en/players/c7dfc411/Robert-Dickie-Robert Dickie,
11,Todd Kane,https://fbref.com/en/players/dd082c59/Todd-Kane,2,2,eng ENG,RB,27-125,90,0,0,0,1,2,0,8,1,1,0,0,0,5,0,1,0.0,https://fbref.com/en/players/dd082c59/Todd-Kane-Todd Kane,
12,Seny Dieng,https://fbref.com/en/players/c135cddd/Seny-Dieng,13,13,sn SEN,GK,26-058,90,0,0,0,0,0,0,0,0,0,0,0,0,1,0,0,,https://fbref.com/en/players/c135cddd/Seny-Dieng-Seny Dieng,
