,Minute,Player,Squad,xG,PSxG,Outcome,Distance,Body Part,Notes,SCA 1 Player,SCA 1 Event,SCA 2 Player,SCA 2 Event
0,11,Charlie Austin,QPR,0.04,,Off Target,11,Left Foot,Volley,Todd Kane,Pass (Live),Charlie Austin,Pass (Live)
1,17,Lyndon Dykes,QPR,0.06,,Off Target,11,Head,,Ilias Chair,Pass (Live),Niko Hämäläinen,Pass (Live)
2,21,Kieffer Moore,Cardiff City,0.08,,Off Target,8,Head,,Will Vaulks,Pass (Dead),Will Vaulks,Pass (Live)
3,25,Joe Ralls,Cardiff City,0.04,0.11,Saved,19,Left Foot,,Will Vaulks,Pass (Live),Joe Bennett,Pass (Live)
4,37,Joe Ralls,Cardiff City,0.03,,Blocked,21,Left Foot,,Harry Wilson,Pass (Dead),Harry Wilson,Fouled
5,37,Perry Ng,Cardiff City,0.02,0.14,Saved,30,Right Foot,,Joe Ralls,Shot,,
6,37,Sean Morrison,Cardiff City,0.39,0.80,Saved,10,Left Foot,,Perry Ng,Shot,,
7,38,Max Watters,Cardiff City,0.03,,Off Target,11,Head,,Joe Bennett,Pass (Live),Joe Ralls,Pass (Live)
8,39,Harry Wilson,Cardiff City,0.04,,Blocked,25,Left Foot,,Joe Ralls,Pass (Live),,
9,,,,,,,,,,,,,
10,56,Charlie Austin,QPR,0.10,,Off Target,13,Right Foot,,Todd Kane,Pass (Live),Ilias Chair,Pass (Live)
11,59,Kieffer Moore,Cardiff City,0.17,,Blocked,6,Right Foot,,Leandro Bacuna,Pass (Live),Mark Harris,Pass (Live)
12,61,Harry Wilson,Cardiff City,0.02,0.03,Saved,25,Left Foot,Deflected,Joe Ralls,Pass (Dead),Mark Harris,Tackle
13,65,Ilias Chair,QPR,0.34,0.46,Saved,9,Right Foot,,Lyndon Dykes,Pass (Live),Dominic Ball,Pass (Live)
14,71,Chris Willock,QPR,0.06,0.20,Goal,14,Right Foot,,Macauley Bonne,Pass (Live),Ilias Chair,Pass (Live)
15,72,Ilias Chair,QPR,0.07,,Blocked,10,Right Foot,,Chris Willock,Pass (Live),Ilias Chair,Pass (Live)
16,74,Ilias Chair,QPR,0.02,0.02,Saved,32,Right Foot,,Chris Willock,Pass (Live),Ilias Chair,Pass (Dead)
17,77,Ilias Chair,QPR,0.05,0.36,Saved,31,Right Foot,Free kick,Ilias Chair,Fouled,Macauley Bonne,Pass (Live)
18,78,Macauley Bonne,QPR,0.04,0.27,Saved,9,Head,,Ilias Chair,Pass (Dead),Ilias Chair,Shot
19,83,Leandro Bacuna,Cardiff City,0.08,0.60,Saved,22,Right Foot,Free kick,Kieffer Moore,Fouled,Kieffer Moore,Take-On
20,86,Kieffer Moore,Cardiff City,0.07,0.16,Saved,6,Head,,Curtis Nelson,Pass (Live),Sheyi Ojo,Pass (Live)
21,88,Dominic Ball,QPR,0.03,,Off Target,33,Right Foot,,Niko Hämäläinen,Pass (Live),Yoann Barbet,Pass (Live)
22,90,Todd Kane,QPR,0.05,,Off Target,21,Left Foot,,Osman Kakay,Pass (Live),Osman Kakay,Tackle
