season,injury,from,until,days,missed_games
23/24,Dead leg,"Feb 28, 2024","Mar 10, 2024",11 days,2
21/22,Corona virus,"Apr 14, 2022","Apr 19, 2022",5 days,1
21/22,Ill,"Aug 1, 2021","Aug 24, 2021",23 days,2
20/21,Head injury,"Dec 31, 2020","Jan 1, 2021",1 days,-
19/20,Ankle injury,"Sep 2, 2019","Oct 20, 2019",48 days,7
18/19,Groin injury,"Nov 12, 2018","Dec 1, 2018",19 days,2
17/18,Knee injury,"Feb 12, 2018","Mar 28, 2018",44 days,8
16/17,Thigh problems,"Apr 20, 2017","May 1, 2017",11 days,3
16/17,Muscle injury,"Sep 12, 2016","Oct 10, 2016",28 days,8
15/16,Muscle injury,"Dec 10, 2015","Dec 31, 2015",21 days,3
14/15,Muscle injury,"Jan 26, 2015","Feb 16, 2015",21 days,3
