season,injury,from,until,days,missed_games
23/24,Dead leg,"Aug 13, 2023","Sep 4, 2023",22 days,4
22/23,Ankle injury,"May 21, 2023","Jun 30, 2023",40 days,3
22/23,Bruised ribs,"Mar 12, 2023","Mar 30, 2023",18 days,2
22/23,Ankle injury,"Oct 27, 2022","Nov 30, 2022",34 days,5
22/23,Ankle injury,"Oct 17, 2022","Oct 25, 2022",8 days,2
22/23,Ankle injury,"Sep 2, 2022","Oct 3, 2022",31 days,6
18/19,Hamstring injury,"Feb 18, 2019","Mar 29, 2019",39 days,5
17/18,surgery,"Jun 19, 2018","Sep 28, 2018",101 days,?
