season,injury,from,until,days,missed_games
23/24,Ankle injury,"Aug 18, 2023","Aug 25, 2023",7 days,1
22/23,Strain in the thigh and gluteal muscles,"Dec 29, 2022","Nov 20, 2022",39 days,-
22/23,Strain in the thigh and gluteal muscles,"Oct 17, 2022","Nov 15, 2022",29 days,4
22/23,unknown injury,"Oct 1, 2022","Oct 3, 2022",2 days,1
21/22,Torn muscle fiber,"Apr 4, 2022","Apr 28, 2022",24 days,5
21/22,Torn muscle fiber,"Feb 21, 2022","Mar 14, 2022",21 days,4
21/22,Corona virus,"Dec 30, 2021","Jan 13, 2022",14 days,1
21/22,minor knock,"Dec 13, 2021","Dec 16, 2021",3 days,1
21/22,Calf problems,"Sep 1, 2021","Oct 10, 2021",39 days,10
21/22,Corona virus,"Jul 26, 2021","Aug 6, 2021",11 days,-
20/21,Tendon rupture,"Feb 18, 2021","May 11, 2021",82 days,18
20/21,muscular problems,"Jan 22, 2021","Feb 3, 2021",12 days,2
20/21,Muscle injury,"Nov 28, 2020","Dec 10, 2020",12 days,4
20/21,muscular problems,"Nov 17, 2020","Nov 25, 2020",8 days,2
19/20,Ankle surgery,"Apr 20, 2020","Jun 30, 2020",71 days,10
