season,injury,from,until,days,missed_games
22/23,Muscle injury,"Aug 21, 2022","Oct 1, 2022",41 days,7
22/23,Corona virus,"Jul 20, 2022","Jul 26, 2022",6 days,-
21/22,Thigh problems,"Feb 26, 2022","Mar 4, 2022",6 days,-
21/22,Corona virus,"Oct 15, 2021","Oct 19, 2021",4 days,1
21/22,Torn muscle bundle,"Jul 14, 2021","Sep 7, 2021",55 days,6
20/21,Torn muscle fiber,"Mar 15, 2021","Jul 1, 2021",108 days,18
19/20,Inner ligament stretch of the knee,"Aug 13, 2019","Aug 26, 2019",13 days,2
18/19,Torn muscle fiber,"May 6, 2019","May 31, 2019",25 days,2
17/18,muscle stiffness,"Oct 26, 2017","Nov 3, 2017",8 days,1
16/17,inflamed wound,"Mar 9, 2017","Mar 16, 2017",7 days,1
