,Player Name,Player Number,Player,#,Nation,Pos,Age,Min,CrdY,CrdR,2CrdY,Fls,Fld,Off,Crs,Int,TklW,PKwon,PKcon,OG,Recov,Won,Lost,Won%,Player Key,Player Link
0,Duván Zapata,https://fbref.com/en/players/d3de9af0/Duvan-Zapata,91,91,co COL,FW,29-199,45,0,0,0,0,1,0,1,0,0,0,0,0,1,1,1,50.0,https://fbref.com/en/players/d3de9af0/Duvan-Zapata-Duván Zapata,
1,Johan Mojica,https://fbref.com/en/players/608f2092/Johan-Mojica,26,26,co COL,"FW,CB",28-057,45,0,0,0,1,1,0,3,1,0,0,0,0,3,0,1,0.0,https://fbref.com/en/players/608f2092/Johan-Mojica-Johan Mojica,
2,Papu Gómez,https://fbref.com/en/players/6e4df551/Papu-Gomez,10,10,ar ARG,AM,32-245,54,0,0,0,2,1,0,1,0,0,0,0,0,4,0,0,,https://fbref.com/en/players/6e4df551/Papu-Gomez-Papu Gómez,
3,Sam Lammers,https://fbref.com/en/players/c283ddef/Sam-Lammers,7,7,nl NED,AM,23-170,36,0,0,0,1,0,0,0,0,0,0,0,0,2,0,0,,https://fbref.com/en/players/c283ddef/Sam-Lammers-Sam Lammers,
4,Josip Iličić,https://fbref.com/en/players/68252d6d/Josip-Ilicic,72,72,si SVN,AM,32-262,62,0,0,0,2,0,1,1,0,0,0,0,0,1,0,1,0.0,https://fbref.com/en/players/68252d6d/Josip-Ilicic-Josip Iličić,
5,Ruslan Malinovskyi,https://fbref.com/en/players/48d5bd33/Ruslan-Malinovskyi,18,18,ua UKR,AM,27-166,28,0,0,0,0,0,0,0,0,0,0,0,0,1,0,0,,https://fbref.com/en/players/48d5bd33/Ruslan-Malinovskyi-Ruslan Malinovskyi,
6,Mario Pašalić,https://fbref.com/en/players/e599253a/Mario-Pasalic,88,88,hr CRO,CM,25-251,90,0,0,0,1,0,0,0,0,1,0,0,0,8,1,1,50.0,https://fbref.com/en/players/e599253a/Mario-Pasalic-Mario Pašalić,
7,Marten de Roon,https://fbref.com/en/players/2a1beb34/Marten-de-Roon,15,15,nl NED,CM,29-202,90,0,0,0,1,2,0,1,1,2,0,0,0,7,1,2,33.3,https://fbref.com/en/players/2a1beb34/Marten-de-Roon-Marten de Roon,
8,Robin Gosens,https://fbref.com/en/players/2d970560/Robin-Gosens,8,8,de GER,WB,26-104,80,1,0,0,2,1,0,0,3,1,0,0,0,4,3,0,100.0,https://fbref.com/en/players/2d970560/Robin-Gosens-Robin Gosens,
9,Luis Muriel,https://fbref.com/en/players/eb2fe5b6/Luis-Muriel,9,9,co COL,WB,29-184,10,0,0,0,1,1,0,1,0,0,0,0,0,1,0,0,,https://fbref.com/en/players/eb2fe5b6/Luis-Muriel-Luis Muriel,
10,Fabio Depaoli,https://fbref.com/en/players/d97f2e8d/Fabio-Depaoli,27,27,it ITA,WB,23-176,90,0,0,0,1,1,0,0,1,0,0,0,0,3,1,2,33.3,https://fbref.com/en/players/d97f2e8d/Fabio-Depaoli-Fabio Depaoli,
11,José Luis Palomino,https://fbref.com/en/players/921f6058/Jose-Luis-Palomino,6,6,ar ARG,CB,30-286,45,0,0,0,0,0,0,0,0,1,0,0,0,2,0,2,0.0,https://fbref.com/en/players/921f6058/Jose-Luis-Palomino-José Luis Palomino,
12,Berat Djimsiti,https://fbref.com/en/players/6eee05f1/Berat-Djimsiti,19,19,al ALB,"CB,FW",27-241,45,1,0,0,1,0,0,0,3,2,0,0,0,2,2,0,100.0,https://fbref.com/en/players/6eee05f1/Berat-Djimsiti-Berat Djimsiti,
13,Cristian Romero,https://fbref.com/en/players/a3d94a58/Cristian-Romero,17,17,ar ARG,CB,22-173,90,0,0,0,5,2,0,0,3,1,0,0,0,5,0,0,,https://fbref.com/en/players/a3d94a58/Cristian-Romero-Cristian Romero,
14,Rafael Tolói,https://fbref.com/en/players/c56dc39e/Rafael-Toloi,2,2,it ITA,CB,30-007,90,1,0,0,5,0,0,2,4,0,0,0,0,5,1,1,50.0,https://fbref.com/en/players/c56dc39e/Rafael-Toloi-Rafael Tolói,
15,Marco Sportiello,https://fbref.com/en/players/ac4003af/Marco-Sportiello,57,57,it ITA,GK,28-160,90,0,0,0,0,0,0,0,1,0,0,0,0,0,0,0,,https://fbref.com/en/players/ac4003af/Marco-Sportiello-Marco Sportiello,
