,Player Name,Player Number,Player,#,Nation,Pos,Age,Min,Gls,Ast,PK,PKatt,Sh,SoT,CrdY,CrdR,Touches,Tkl,Int,Blocks,xG,npxG,xAG,SCA,GCA,Cmp,Att,Cmp%,PrgP,Carries,PrgC,Att,Succ,Player Key,Player Link
0,Duván Zapata,https://fbref.com/en/players/d3de9af0/Duvan-Zapata,91,91,co COL,FW,29-199,45,0,0,0,0,1,0,0,0,16,0,0,0,0.0,0.0,0.0,0,0,10,12,83.3,0,10,2,0,0,https://fbref.com/en/players/d3de9af0/Duvan-Zapata-Duván Zapata,
1,Johan Mojica,https://fbref.com/en/players/608f2092/Johan-Mojica,26,26,co COL,"FW,CB",28-057,45,0,0,0,0,0,0,0,0,38,0,1,1,0.0,0.0,0.1,1,0,24,31,77.4,2,31,1,2,0,https://fbref.com/en/players/608f2092/Johan-Mojica-Johan Mojica,
2,Papu Gómez,https://fbref.com/en/players/6e4df551/Papu-Gomez,10,10,ar ARG,AM,32-245,54,0,0,0,0,4,2,0,0,44,0,0,0,0.2,0.2,0.0,3,0,30,38,78.9,4,37,7,3,3,https://fbref.com/en/players/6e4df551/Papu-Gomez-Papu Gómez,
3,Sam Lammers,https://fbref.com/en/players/c283ddef/Sam-Lammers,7,7,nl NED,AM,23-170,36,1,0,0,0,1,1,0,0,7,0,0,0,0.2,0.2,0.0,2,0,3,3,100.0,0,6,1,2,1,https://fbref.com/en/players/c283ddef/Sam-Lammers-Sam Lammers,
4,Josip Iličić,https://fbref.com/en/players/68252d6d/Josip-Ilicic,72,72,si SVN,AM,32-262,62,0,0,0,0,0,0,0,0,35,0,0,0,0.0,0.0,0.1,3,0,18,26,69.2,3,27,2,3,1,https://fbref.com/en/players/68252d6d/Josip-Ilicic-Josip Iličić,
5,Ruslan Malinovskyi,https://fbref.com/en/players/48d5bd33/Ruslan-Malinovskyi,18,18,ua UKR,AM,27-166,28,0,0,0,0,1,0,0,0,10,0,0,0,0.0,0.0,0.0,2,0,7,8,87.5,2,11,0,1,1,https://fbref.com/en/players/48d5bd33/Ruslan-Malinovskyi-Ruslan Malinovskyi,
6,Mario Pašalić,https://fbref.com/en/players/e599253a/Mario-Pasalic,88,88,hr CRO,CM,25-251,90,0,0,0,0,1,0,0,0,67,1,0,1,0.0,0.0,0.0,3,0,63,67,94.0,8,57,4,1,1,https://fbref.com/en/players/e599253a/Mario-Pasalic-Mario Pašalić,
7,Marten de Roon,https://fbref.com/en/players/2a1beb34/Marten-de-Roon,15,15,nl NED,CM,29-202,90,0,0,0,0,1,0,0,0,88,4,1,2,0.0,0.0,0.0,5,0,63,77,81.8,6,65,1,0,0,https://fbref.com/en/players/2a1beb34/Marten-de-Roon-Marten de Roon,
8,Robin Gosens,https://fbref.com/en/players/2d970560/Robin-Gosens,8,8,de GER,WB,26-104,80,0,0,0,0,3,0,1,0,57,1,3,1,0.2,0.2,0.0,2,0,38,42,90.5,5,40,1,2,0,https://fbref.com/en/players/2d970560/Robin-Gosens-Robin Gosens,
9,Luis Muriel,https://fbref.com/en/players/eb2fe5b6/Luis-Muriel,9,9,co COL,WB,29-184,10,0,0,0,0,0,0,0,0,6,1,0,0,0.0,0.0,0.0,0,0,3,4,75.0,0,4,0,0,0,https://fbref.com/en/players/eb2fe5b6/Luis-Muriel-Luis Muriel,
10,Fabio Depaoli,https://fbref.com/en/players/d97f2e8d/Fabio-Depaoli,27,27,it ITA,WB,23-176,90,0,0,0,0,0,0,0,0,46,0,1,0,0.0,0.0,0.0,0,0,33,39,84.6,4,25,0,1,0,https://fbref.com/en/players/d97f2e8d/Fabio-Depaoli-Fabio Depaoli,
11,José Luis Palomino,https://fbref.com/en/players/921f6058/Jose-Luis-Palomino,6,6,ar ARG,CB,30-286,45,0,0,0,0,0,0,0,0,28,1,0,0,0.0,0.0,0.0,1,0,19,23,82.6,2,22,0,0,0,https://fbref.com/en/players/921f6058/Jose-Luis-Palomino-José Luis Palomino,
12,Berat Djimsiti,https://fbref.com/en/players/6eee05f1/Berat-Djimsiti,19,19,al ALB,"CB,FW",27-241,45,0,0,0,0,0,0,1,0,34,2,3,0,0.0,0.0,0.0,0,0,26,26,100.0,4,21,1,0,0,https://fbref.com/en/players/6eee05f1/Berat-Djimsiti-Berat Djimsiti,
13,Cristian Romero,https://fbref.com/en/players/a3d94a58/Cristian-Romero,17,17,ar ARG,CB,22-173,90,0,1,0,0,0,0,0,0,55,2,3,1,0.0,0.0,0.2,2,2,41,43,95.3,2,35,0,2,1,https://fbref.com/en/players/a3d94a58/Cristian-Romero-Cristian Romero,
14,Rafael Tolói,https://fbref.com/en/players/c56dc39e/Rafael-Toloi,2,2,it ITA,CB,30-007,90,0,0,0,0,1,1,1,0,75,1,4,2,0.0,0.0,0.0,1,0,55,64,85.9,11,56,0,0,0,https://fbref.com/en/players/c56dc39e/Rafael-Toloi-Rafael Tolói,
15,Marco Sportiello,https://fbref.com/en/players/ac4003af/Marco-Sportiello,57,57,it ITA,GK,28-160,90,0,0,0,0,0,0,0,0,32,0,1,0,0.0,0.0,0.0,0,0,23,28,82.1,0,25,0,0,0,https://fbref.com/en/players/ac4003af/Marco-Sportiello-Marco Sportiello,
