,Player Name,Player Number,Player,#,Nation,Pos,Age,Min,Touches,Def Pen,Def 3rd,Mid 3rd,Att 3rd,Att Pen,Live,Att,Succ,Succ%,Tkld,Tkld%,Carries,TotDist,PrgDist,PrgC,1/3,CPA,Mis,Dis,Rec,PrgR,Player Key,Player Link
0,Duván Zapata,https://fbref.com/en/players/d3de9af0/Duvan-Zapata,91,91,co COL,FW,29-199,45,16,1,1,9,6,1,16,0,0,,0,,10,56,34,2,0,1,2,1,11,6,https://fbref.com/en/players/d3de9af0/Duvan-Zapata-Duván Zapata,
1,Johan Mojica,https://fbref.com/en/players/608f2092/Johan-Mojica,26,26,co COL,"FW,CB",28-057,45,38,0,6,12,20,0,38,2,0,0.0,2,100.0,31,126,39,1,2,0,0,2,30,8,https://fbref.com/en/players/608f2092/Johan-Mojica-Johan Mojica,
2,Papu Gómez,https://fbref.com/en/players/6e4df551/Papu-Gomez,10,10,ar ARG,AM,32-245,54,44,0,7,27,11,2,44,3,3,100.0,0,0.0,37,320,182,7,2,2,1,0,38,3,https://fbref.com/en/players/6e4df551/Papu-Gomez-Papu Gómez,
3,Sam Lammers,https://fbref.com/en/players/c283ddef/Sam-Lammers,7,7,nl NED,AM,23-170,36,7,0,0,1,6,2,7,2,1,50.0,1,50.0,6,37,17,1,0,2,0,2,4,3,https://fbref.com/en/players/c283ddef/Sam-Lammers-Sam Lammers,
4,Josip Iličić,https://fbref.com/en/players/68252d6d/Josip-Ilicic,72,72,si SVN,AM,32-262,62,35,0,1,16,18,2,35,3,1,33.3,2,66.7,27,113,35,2,1,1,2,2,29,5,https://fbref.com/en/players/68252d6d/Josip-Ilicic-Josip Iličić,
5,Ruslan Malinovskyi,https://fbref.com/en/players/48d5bd33/Ruslan-Malinovskyi,18,18,ua UKR,AM,27-166,28,10,0,0,7,3,0,10,1,1,100.0,0,0.0,11,78,17,0,0,0,1,1,10,2,https://fbref.com/en/players/48d5bd33/Ruslan-Malinovskyi-Ruslan Malinovskyi,
6,Mario Pašalić,https://fbref.com/en/players/e599253a/Mario-Pasalic,88,88,hr CRO,CM,25-251,90,67,0,7,53,9,0,67,1,1,100.0,0,0.0,57,302,200,4,4,0,1,0,54,4,https://fbref.com/en/players/e599253a/Mario-Pasalic-Mario Pašalić,
7,Marten de Roon,https://fbref.com/en/players/2a1beb34/Marten-de-Roon,15,15,nl NED,CM,29-202,90,88,3,19,58,11,1,88,0,0,,0,,65,231,142,1,1,0,0,0,65,2,https://fbref.com/en/players/2a1beb34/Marten-de-Roon-Marten de Roon,
8,Robin Gosens,https://fbref.com/en/players/2d970560/Robin-Gosens,8,8,de GER,WB,26-104,80,57,1,13,29,15,3,57,2,0,0.0,2,100.0,40,109,54,1,1,0,1,1,43,8,https://fbref.com/en/players/2d970560/Robin-Gosens-Robin Gosens,
9,Luis Muriel,https://fbref.com/en/players/eb2fe5b6/Luis-Muriel,9,9,co COL,WB,29-184,10,6,0,0,3,3,0,6,0,0,,0,,4,4,0,0,0,0,1,1,3,2,https://fbref.com/en/players/eb2fe5b6/Luis-Muriel-Luis Muriel,
10,Fabio Depaoli,https://fbref.com/en/players/d97f2e8d/Fabio-Depaoli,27,27,it ITA,WB,23-176,90,46,0,3,27,16,1,46,1,0,0.0,1,100.0,25,55,38,0,0,0,1,1,33,9,https://fbref.com/en/players/d97f2e8d/Fabio-Depaoli-Fabio Depaoli,
11,José Luis Palomino,https://fbref.com/en/players/921f6058/Jose-Luis-Palomino,6,6,ar ARG,CB,30-286,45,28,3,12,16,1,1,28,0,0,,0,,22,110,72,0,0,0,0,0,20,0,https://fbref.com/en/players/921f6058/Jose-Luis-Palomino-José Luis Palomino,
12,Berat Djimsiti,https://fbref.com/en/players/6eee05f1/Berat-Djimsiti,19,19,al ALB,"CB,FW",27-241,45,34,2,8,25,1,0,34,0,0,,0,,21,92,48,1,0,0,0,0,20,0,https://fbref.com/en/players/6eee05f1/Berat-Djimsiti-Berat Djimsiti,
13,Cristian Romero,https://fbref.com/en/players/a3d94a58/Cristian-Romero,17,17,ar ARG,CB,22-173,90,55,5,27,28,0,0,55,2,1,50.0,1,50.0,35,122,38,0,0,0,1,0,30,0,https://fbref.com/en/players/a3d94a58/Cristian-Romero-Cristian Romero,
14,Rafael Tolói,https://fbref.com/en/players/c56dc39e/Rafael-Toloi,2,2,it ITA,CB,30-007,90,75,3,22,46,7,2,75,0,0,,0,,56,181,97,0,0,0,0,1,53,1,https://fbref.com/en/players/c56dc39e/Rafael-Toloi-Rafael Tolói,
15,Marco Sportiello,https://fbref.com/en/players/ac4003af/Marco-Sportiello,57,57,it ITA,GK,28-160,90,32,30,31,1,0,0,32,0,0,,0,,25,105,69,0,0,0,0,0,10,0,https://fbref.com/en/players/ac4003af/Marco-Sportiello-Marco Sportiello,
