,Player Name,Player Number,Player,#,Nation,Pos,Age,Min,Touches,Def Pen,Def 3rd,Mid 3rd,Att 3rd,Att Pen,Live,Att,Succ,Succ%,Tkld,Tkld%,Carries,TotDist,PrgDist,PrgC,1/3,CPA,Mis,Dis,Rec,PrgR,Player Key,Player Link
0,Victor Osimhen,https://fbref.com/en/players/8c90fd7a/Victor-Osimhen,9,9,ng NGA,FW,21-293,82,33,0,0,14,19,5,33,2,1,50.0,1,50.0,27,161,73,4,2,1,0,1,30,10,https://fbref.com/en/players/8c90fd7a/Victor-Osimhen-Victor Osimhen,
1,Andrea Petagna,https://fbref.com/en/players/03f946ed/Andrea-Petagna,37,37,it ITA,FW,25-109,8,8,0,0,3,5,0,8,0,0,,0,,9,69,9,0,0,0,0,1,10,1,https://fbref.com/en/players/03f946ed/Andrea-Petagna-Andrea Petagna,
2,Hirving Lozano,https://fbref.com/en/players/a69e4806/Hirving-Lozano,11,11,mx MEX,"LW,RW,FW",25-079,90,38,0,3,22,14,6,38,3,2,66.7,1,33.3,22,155,103,5,1,1,0,2,26,12,https://fbref.com/en/players/a69e4806/Hirving-Lozano-Hirving Lozano,
3,Matteo Politano,https://fbref.com/en/players/5e861944/Matteo-Politano,21,21,it ITA,RW,27-075,60,39,1,3,11,25,2,39,1,1,100.0,0,0.0,28,214,102,4,2,1,3,1,30,5,https://fbref.com/en/players/5e861944/Matteo-Politano-Matteo Politano,
4,Faouzi Ghoulam,https://fbref.com/en/players/c5adc293/Faouzi-Ghoulam,31,31,dz ALG,"LW,LM",29-259,30,11,0,0,7,4,0,11,0,0,,0,,5,19,0,0,0,0,0,0,5,2,https://fbref.com/en/players/c5adc293/Faouzi-Ghoulam-Faouzi Ghoulam,
5,Dries Mertens,https://fbref.com/en/players/89b2c8a9/Dries-Mertens,14,14,be BEL,AM,33-164,74,51,1,3,27,21,4,51,2,0,0.0,2,100.0,24,103,53,2,1,1,0,0,34,4,https://fbref.com/en/players/89b2c8a9/Dries-Mertens-Dries Mertens,
6,Stanislav Lobotka,https://fbref.com/en/players/e1cbb531/Stanislav-Lobotka,68,68,sk SVK,"CM,AM",25-327,16,9,0,4,5,1,0,9,1,1,100.0,0,0.0,7,27,3,0,0,0,0,0,7,0,https://fbref.com/en/players/e1cbb531/Stanislav-Lobotka-Stanislav Lobotka,
7,Tiemoué Bakayoko,https://fbref.com/en/players/59bf127b/Tiemoue-Bakayoko,5,5,fr FRA,DM,26-061,74,45,0,9,28,8,2,45,2,1,50.0,1,50.0,25,110,55,2,0,1,2,0,29,1,https://fbref.com/en/players/59bf127b/Tiemoue-Bakayoko-Tiemoué Bakayoko,
8,Kévin Malcuit,https://fbref.com/en/players/d6a889ea/Kevin-Malcuit,2,2,ma MAR,"RM,DM",29-078,16,10,0,4,5,1,0,10,0,0,,0,,3,5,2,0,0,0,1,0,5,1,https://fbref.com/en/players/d6a889ea/Kevin-Malcuit-Kévin Malcuit,
9,Fabián Ruiz Peña,https://fbref.com/en/players/c0c7ff58/Fabian-Ruiz-Pena,8,8,es ESP,DM,24-197,82,70,4,24,40,7,0,70,1,1,100.0,0,0.0,46,154,87,1,0,0,0,0,51,2,https://fbref.com/en/players/c0c7ff58/Fabian-Ruiz-Pena-Fabián Ruiz Peña,
10,Diego Demme,https://fbref.com/en/players/dc3fa3b5/Diego-Demme,4,4,de GER,CM,28-331,8,8,1,2,6,0,0,8,0,0,,0,,5,26,9,1,0,0,0,1,5,1,https://fbref.com/en/players/dc3fa3b5/Diego-Demme-Diego Demme,
11,Elseid Hysaj,https://fbref.com/en/players/2f3452eb/Elseid-Hysaj,23,23,al ALB,LB,26-240,90,84,0,33,46,5,1,84,1,1,100.0,0,0.0,50,234,139,3,0,1,1,0,55,1,https://fbref.com/en/players/2f3452eb/Elseid-Hysaj-Elseid Hysaj,
12,Kalidou Koulibaly,https://fbref.com/en/players/da974c7b/Kalidou-Koulibaly,26,26,sn SEN,CB,29-119,90,62,6,31,28,3,1,62,1,1,100.0,0,0.0,45,186,64,1,0,0,0,0,47,2,https://fbref.com/en/players/da974c7b/Kalidou-Koulibaly-Kalidou Koulibaly,
13,Kostas Manolas,https://fbref.com/en/players/c707411f/Kostas-Manolas,44,44,gr GRE,CB,29-125,90,33,7,20,13,0,0,33,0,0,,0,,16,72,4,0,0,0,0,0,18,0,https://fbref.com/en/players/c707411f/Kostas-Manolas-Kostas Manolas,
14,Giovanni Di Lorenzo,https://fbref.com/en/players/230a2fac/Giovanni-Di-Lorenzo,22,22,it ITA,RB,27-074,90,65,3,18,33,16,2,65,2,0,0.0,2,100.0,40,155,83,1,0,0,0,0,40,2,https://fbref.com/en/players/230a2fac/Giovanni-Di-Lorenzo-Giovanni Di Lorenzo,
15,David Ospina,https://fbref.com/en/players/82b1198a/David-Ospina,25,25,co COL,GK,32-047,90,43,37,43,0,0,0,43,0,0,,0,,32,151,92,0,0,0,0,0,27,0,https://fbref.com/en/players/82b1198a/David-Ospina-David Ospina,
