,Player Name,Player Number,Player,#,Nation,Pos,Age,Min,CrdY,CrdR,2CrdY,Fls,Fld,Off,Crs,Int,TklW,PKwon,PKcon,OG,Recov,Won,Lost,Won%,Player Key,Player Link
0,Victor Osimhen,https://fbref.com/en/players/8c90fd7a/Victor-Osimhen,9,9,ng NGA,FW,21-293,82,0,0,0,1,5,0,3,0,0,0,0,0,1,2,4,33.3,https://fbref.com/en/players/8c90fd7a/Victor-Osimhen-Victor Osimhen,
1,Andrea Petagna,https://fbref.com/en/players/03f946ed/Andrea-Petagna,37,37,it ITA,FW,25-109,8,0,0,0,0,3,0,0,0,0,0,0,0,0,0,0,,https://fbref.com/en/players/03f946ed/Andrea-Petagna-Andrea Petagna,
2,Hirving Lozano,https://fbref.com/en/players/a69e4806/Hirving-Lozano,11,11,mx MEX,"LW,RW,FW",25-079,90,1,0,0,2,2,1,2,1,0,0,0,0,3,1,0,100.0,https://fbref.com/en/players/a69e4806/Hirving-Lozano-Hirving Lozano,
3,Matteo Politano,https://fbref.com/en/players/5e861944/Matteo-Politano,21,21,it ITA,RW,27-075,60,0,0,0,0,1,0,3,1,1,0,0,0,4,0,0,,https://fbref.com/en/players/5e861944/Matteo-Politano-Matteo Politano,
4,Faouzi Ghoulam,https://fbref.com/en/players/c5adc293/Faouzi-Ghoulam,31,31,dz ALG,"LW,LM",29-259,30,0,0,0,1,0,0,2,0,0,0,0,0,1,0,0,,https://fbref.com/en/players/c5adc293/Faouzi-Ghoulam-Faouzi Ghoulam,
5,Dries Mertens,https://fbref.com/en/players/89b2c8a9/Dries-Mertens,14,14,be BEL,AM,33-164,74,0,0,0,2,0,0,6,1,1,0,0,0,1,0,1,0.0,https://fbref.com/en/players/89b2c8a9/Dries-Mertens-Dries Mertens,
6,Stanislav Lobotka,https://fbref.com/en/players/e1cbb531/Stanislav-Lobotka,68,68,sk SVK,"CM,AM",25-327,16,0,0,0,0,0,0,0,0,0,0,0,0,2,0,0,,https://fbref.com/en/players/e1cbb531/Stanislav-Lobotka-Stanislav Lobotka,
7,Tiemoué Bakayoko,https://fbref.com/en/players/59bf127b/Tiemoue-Bakayoko,5,5,fr FRA,DM,26-061,74,0,0,0,1,3,0,0,0,2,0,0,0,5,2,0,100.0,https://fbref.com/en/players/59bf127b/Tiemoue-Bakayoko-Tiemoué Bakayoko,
8,Kévin Malcuit,https://fbref.com/en/players/d6a889ea/Kevin-Malcuit,2,2,ma MAR,"RM,DM",29-078,16,0,0,0,0,0,0,0,1,1,0,0,0,1,1,1,50.0,https://fbref.com/en/players/d6a889ea/Kevin-Malcuit-Kévin Malcuit,
9,Fabián Ruiz Peña,https://fbref.com/en/players/c0c7ff58/Fabian-Ruiz-Pena,8,8,es ESP,DM,24-197,82,0,0,0,1,4,0,0,1,1,0,0,0,10,1,0,100.0,https://fbref.com/en/players/c0c7ff58/Fabian-Ruiz-Pena-Fabián Ruiz Peña,
10,Diego Demme,https://fbref.com/en/players/dc3fa3b5/Diego-Demme,4,4,de GER,CM,28-331,8,0,0,0,2,1,0,0,0,0,0,0,0,2,0,0,,https://fbref.com/en/players/dc3fa3b5/Diego-Demme-Diego Demme,
11,Elseid Hysaj,https://fbref.com/en/players/2f3452eb/Elseid-Hysaj,23,23,al ALB,LB,26-240,90,0,0,0,0,1,0,0,0,0,0,0,0,8,1,0,100.0,https://fbref.com/en/players/2f3452eb/Elseid-Hysaj-Elseid Hysaj,
12,Kalidou Koulibaly,https://fbref.com/en/players/da974c7b/Kalidou-Koulibaly,26,26,sn SEN,CB,29-119,90,0,0,0,0,1,0,1,1,1,0,0,0,6,1,1,50.0,https://fbref.com/en/players/da974c7b/Kalidou-Koulibaly-Kalidou Koulibaly,
13,Kostas Manolas,https://fbref.com/en/players/c707411f/Kostas-Manolas,44,44,gr GRE,CB,29-125,90,0,0,0,1,0,0,0,1,0,0,0,0,2,1,1,50.0,https://fbref.com/en/players/c707411f/Kostas-Manolas-Kostas Manolas,
14,Giovanni Di Lorenzo,https://fbref.com/en/players/230a2fac/Giovanni-Di-Lorenzo,22,22,it ITA,RB,27-074,90,0,0,0,1,1,0,1,1,5,0,0,0,7,1,2,33.3,https://fbref.com/en/players/230a2fac/Giovanni-Di-Lorenzo-Giovanni Di Lorenzo,
15,David Ospina,https://fbref.com/en/players/82b1198a/David-Ospina,25,25,co COL,GK,32-047,90,0,0,0,0,0,0,0,0,0,0,0,0,1,0,0,,https://fbref.com/en/players/82b1198a/David-Ospina-David Ospina,
