,Minute,Player,Squad,xG,PSxG,Outcome,Distance,Body Part,Notes,SCA 1 Player,SCA 1 Event,SCA 2 Player,SCA 2 Event
0,4,Papu Gómez,Atalanta,0.02,0.03,Saved,27,Right Foot,,Marten de Roon,Pass (Live),,
1,4,Hirving Lozano,Napoli,0.07,,Off Target,16,Right Foot,Volley,Matteo Politano,Pass (Live),David Ospina,Pass (Live)
2,10,Dries Mertens,Napoli,0.02,,Off Target,28,Right Foot,,Dries Mertens,Pass (Live),Victor Osimhen,Pass (Live)
3,11,Victor Osimhen,Napoli,0.05,0.03,Saved,16,Right Foot,,Hirving Lozano,Pass (Live),Dries Mertens,Pass (Live)
4,11,Elseid Hysaj,Napoli,0.05,,Blocked,16,Right Foot,,Victor Osimhen,Pass (Live),Elseid Hysaj,Pass (Live)
5,13,Victor Osimhen,Napoli,0.05,,Blocked,19,Right Foot,,Dries Mertens,Pass (Live),,
6,16,Duván Zapata,Atalanta,0.04,,Off Target,18,Left Foot,,Papu Gómez,Pass (Live),Marten de Roon,Pass (Live)
7,17,Matteo Politano,Napoli,0.03,,Blocked,27,Left Foot,,Giovanni Di Lorenzo,Pass (Live),Matteo Politano,Pass (Live)
8,20,Dries Mertens,Napoli,0.04,,Blocked,16,Right Foot,,Matteo Politano,Take-On,Giovanni Di Lorenzo,Pass (Live)
9,22,Papu Gómez,Atalanta,0.03,,Off Target,25,Left Foot,,Josip Iličić,Pass (Live),Mario Pašalić,Pass (Live)
10,23,Hirving Lozano,Napoli,0.73,0.87,Goal,4,Left Foot,,,,,
11,25,Hirving Lozano,Napoli,0.07,,Off Target,6,Head,,Matteo Politano,Pass (Live),Giovanni Di Lorenzo,Pass (Live)
12,27,Hirving Lozano,Napoli,0.04,0.36,Goal,18,Right Foot,,Dries Mertens,Pass (Live),Fabián Ruiz Peña,Pass (Live)
13,30,Matteo Politano,Napoli,0.03,0.21,Goal,26,Left Foot,,Fabián Ruiz Peña,Pass (Live),Giovanni Di Lorenzo,Pass (Live)
14,33,Victor Osimhen,Napoli,0.06,0.12,Saved,17,Right Foot,,Giovanni Di Lorenzo,Pass (Live),Kostas Manolas,Interception
15,35,Giovanni Di Lorenzo,Napoli,0.04,0.06,Saved,10,Head,,Kalidou Koulibaly,Pass (Live),Hirving Lozano,Pass (Live)
16,37,Robin Gosens,Atalanta,0.03,,Blocked,19,Left Foot,,José Luis Palomino,Pass (Live),Papu Gómez,Pass (Dead)
17,38,Matteo Politano,Napoli,0.03,0.19,Saved,22,Left Foot,,Victor Osimhen,Pass (Live),Kalidou Koulibaly,Pass (Live)
18,40,Victor Osimhen,Napoli,0.05,0.09,Saved,18,Right Foot,,Giovanni Di Lorenzo,Pass (Live),Fabián Ruiz Peña,Pass (Live)
19,41,Rafael Tolói,Atalanta,0.04,0.03,Saved,19,Right Foot,,Robin Gosens,Pass (Live),Marten de Roon,Pass (Live)
20,43,Victor Osimhen,Napoli,0.03,0.23,Goal,27,Right Foot,,David Ospina,Pass (Dead),Fabián Ruiz Peña,Fouled
21,,,,,,,,,,,,,
22,46,Papu Gómez,Atalanta,0.02,,Off Target,32,Right Foot,,Marten de Roon,Pass (Live),Josip Iličić,Pass (Live)
23,47,Papu Gómez,Atalanta,0.10,0.21,Saved,7,Right Foot,,Papu Gómez,Take-On,Mario Pašalić,Pass (Live)
24,51,Marten de Roon,Atalanta,0.05,,Off Target,26,Right Foot,,Josip Iličić,Pass (Live),Mario Pašalić,Pass (Live)
25,62,Dries Mertens,Napoli,0.05,0.23,Saved,14,Right Foot,,Faouzi Ghoulam,Pass (Dead),,
26,62,Kalidou Koulibaly,Napoli,0.06,,Off Target,11,Left Foot,,Dries Mertens,Shot,,
27,67,Mario Pašalić,Atalanta,0.03,,Off Target,25,Left Foot,,Ruslan Malinovskyi,Pass (Live),Marten de Roon,Pass (Live)
28,69,Sam Lammers,Atalanta,0.22,0.56,Goal,15,Left Foot,,Cristian Romero,Pass (Live),Cristian Romero,Take-On
29,70,Ruslan Malinovskyi,Atalanta,0.05,,Off Target,28,Left Foot,,Sam Lammers,Pass (Live),Robin Gosens,Pass (Live)
30,78,Robin Gosens,Atalanta,0.03,,Off Target,17,Head,,Rafael Tolói,Pass (Live),Ruslan Malinovskyi,Pass (Live)
31,80,Robin Gosens,Atalanta,0.09,,Off Target,8,Head,,Johan Mojica,Pass (Live),Sam Lammers,Pass (Live)
32,89,Hirving Lozano,Napoli,0.15,0.15,Saved,13,Right Foot,,Hirving Lozano,Take-On,Andrea Petagna,Pass (Live)
