season,injury,from,until,days,missed_games
23/24,unknown injury,"Mar 22, 2024","May 13, 2024",52 days,9
21/22,unknown injury,"May 1, 2022","May 17, 2022",16 days,7
21/22,flu,"Apr 10, 2022","Apr 17, 2022",7 days,2
21/22,unknown injury,"Feb 11, 2022","Mar 3, 2022",20 days,3
21/22,sprain,"Nov 29, 2021","Dec 9, 2021",10 days,2
21/22,muscular problems,"Sep 16, 2021","Oct 15, 2021",29 days,6
20/21,Knee injury,"May 16, 2021","Aug 1, 2021",77 days,1
20/21,ankle sprain,"Oct 6, 2020","Oct 25, 2020",19 days,5
19/20,Ankle injury,"Aug 11, 2019","Sep 20, 2019",40 days,8
18/19,Bruise on ankle,"Nov 15, 2018","Nov 26, 2018",11 days,2
