season,injury,from,until,days,missed_games
23/24,muscular problems,"Mar 15, 2024","May 17, 2024",63 days,9
22/23,Hamstring injury,"Jun 15, 2023","Jul 12, 2023",27 days,5
21/22,Fitness,"Feb 10, 2022","Feb 14, 2022",4 days,1
21/22,Corona virus,"Feb 3, 2022","Feb 9, 2022",6 days,1
21/22,Corona virus,"Dec 8, 2021","Dec 29, 2021",21 days,3
21/22,muscular problems,"Aug 5, 2021","Aug 22, 2021",17 days,3
20/21,muscular problems,"Mar 12, 2021","May 7, 2021",56 days,6
20/21,muscular problems,"Jan 10, 2021","Jan 25, 2021",15 days,4
20/21,Thigh problems,"Dec 10, 2020","Dec 28, 2020",18 days,3
20/21,bruise,"Sep 7, 2020","Sep 30, 2020",23 days,3
19/20,Knee injury,"Oct 4, 2019","Oct 28, 2019",24 days,3
18/19,Knock,"Mar 18, 2019","Mar 21, 2019",3 days,1
18/19,Muscle injury,"Oct 26, 2018","Jan 1, 2019",67 days,12
17/18,strain,"Aug 15, 2017","Aug 21, 2017",6 days,1
16/17,Torn muscle fiber,"Aug 3, 2016","Aug 23, 2016",20 days,9
