,Player Name,Player Number,Player,#,Nation,Pos,Age,Min,Gls,Ast,PK,PKatt,Sh,SoT,CrdY,CrdR,Touches,Tkl,Int,Blocks,xG,npxG,xAG,SCA,GCA,Cmp,Att,Cmp%,PrgP,Carries,PrgC,Att,Succ,Player Key,Player Link
0,Duván Zapata,https://fbref.com/en/players/d3de9af0/Duvan-Zapata,91,91,co COL,FW,29-182,81,0,0,0,0,1,1,0,0,30,0,0,0,0.1,0.1,0.0,1,0,13,17,76.5,1,18,1,2,1,https://fbref.com/en/players/d3de9af0/Duvan-Zapata-Duván Zapata,
1,Sam Lammers,https://fbref.com/en/players/c283ddef/Sam-Lammers,7,7,nl NED,FW,23-153,9,0,0,0,0,0,0,0,0,3,0,0,0,0.0,0.0,0.0,0,0,2,2,100.0,0,2,0,0,0,https://fbref.com/en/players/c283ddef/Sam-Lammers-Sam Lammers,
2,Papu Gómez,https://fbref.com/en/players/6e4df551/Papu-Gomez,10,10,ar ARG,AM,32-228,81,2,0,0,0,4,2,0,0,47,0,0,2,0.6,0.6,0.1,5,2,27,35,77.1,7,32,5,2,2,https://fbref.com/en/players/6e4df551/Papu-Gomez-Papu Gómez,
3,Luis Muriel,https://fbref.com/en/players/eb2fe5b6/Luis-Muriel,9,9,co COL,AM,29-167,9,0,0,0,0,1,0,0,0,9,0,0,0,0.2,0.2,0.0,1,0,4,5,80.0,1,5,1,0,0,https://fbref.com/en/players/eb2fe5b6/Luis-Muriel-Luis Muriel,
4,Ruslan Malinovskyi,https://fbref.com/en/players/48d5bd33/Ruslan-Malinovskyi,18,18,ua UKR,AM,27-149,90,0,1,0,0,1,0,0,0,58,3,0,1,0.0,0.0,0.3,6,2,32,47,68.1,8,32,3,5,4,https://fbref.com/en/players/48d5bd33/Ruslan-Malinovskyi-Ruslan Malinovskyi,
5,Mario Pašalić,https://fbref.com/en/players/e599253a/Mario-Pasalic,88,88,hr CRO,CM,25-234,55,0,0,0,0,0,0,0,0,29,1,0,1,0.0,0.0,0.0,2,1,18,23,78.3,1,17,2,0,0,https://fbref.com/en/players/e599253a/Mario-Pasalic-Mario Pašalić,
6,Marten de Roon,https://fbref.com/en/players/2a1beb34/Marten-de-Roon,15,15,nl NED,CM,29-185,35,0,0,0,0,0,0,0,0,20,1,1,0,0.0,0.0,0.0,2,1,14,17,82.4,2,6,1,0,0,https://fbref.com/en/players/2a1beb34/Marten-de-Roon-Marten de Roon,
7,Remo Freuler,https://fbref.com/en/players/98d2c2c4/Remo-Freuler,11,11,ch SUI,CM,28-168,90,0,0,0,0,0,0,1,0,71,5,1,2,0.0,0.0,0.0,1,1,52,59,88.1,5,25,0,1,1,https://fbref.com/en/players/98d2c2c4/Remo-Freuler-Remo Freuler,
8,Robin Gosens,https://fbref.com/en/players/2d970560/Robin-Gosens,8,8,de GER,WB,26-087,89,1,1,0,0,1,1,0,0,57,2,1,0,0.5,0.5,0.4,1,1,30,46,65.2,6,23,3,1,1,https://fbref.com/en/players/2d970560/Robin-Gosens-Robin Gosens,
9,Johan Mojica,https://fbref.com/en/players/608f2092/Johan-Mojica,26,26,co COL,WB,28-040,1,0,0,0,0,0,0,0,0,5,1,0,0,0.0,0.0,0.0,0,0,4,4,100.0,0,4,0,0,0,https://fbref.com/en/players/608f2092/Johan-Mojica-Johan Mojica,
10,Hans Hateboer,https://fbref.com/en/players/3b333ac3/Hans-Hateboer,33,33,nl NED,WB,26-265,90,1,0,0,0,1,1,0,0,41,1,3,0,0.4,0.4,0.1,1,0,21,32,65.6,2,13,0,0,0,https://fbref.com/en/players/3b333ac3/Hans-Hateboer-Hans Hateboer,
11,Rafael Tolói,https://fbref.com/en/players/c56dc39e/Rafael-Toloi,2,2,it ITA,CB,29-356,90,0,0,0,0,1,1,0,0,61,5,2,1,0.0,0.0,0.0,0,0,30,44,68.2,1,22,0,0,0,https://fbref.com/en/players/c56dc39e/Rafael-Toloi-Rafael Tolói,
12,José Luis Palomino,https://fbref.com/en/players/921f6058/Jose-Luis-Palomino,6,6,ar ARG,CB,30-269,90,0,0,0,0,0,0,0,0,52,2,1,2,0.0,0.0,0.0,0,0,33,43,76.7,1,15,0,0,0,https://fbref.com/en/players/921f6058/Jose-Luis-Palomino-José Luis Palomino,
13,Berat Djimsiti,https://fbref.com/en/players/6eee05f1/Berat-Djimsiti,19,19,al ALB,CB,27-224,45,0,0,0,0,0,0,1,0,32,1,2,3,0.0,0.0,0.0,0,0,19,25,76.0,2,8,0,0,0,https://fbref.com/en/players/6eee05f1/Berat-Djimsiti-Berat Djimsiti,
14,Cristian Romero,https://fbref.com/en/players/a3d94a58/Cristian-Romero,17,17,ar ARG,CB,22-156,45,0,0,0,0,0,0,0,0,23,0,2,1,0.0,0.0,0.0,0,0,8,14,57.1,0,6,0,0,0,https://fbref.com/en/players/a3d94a58/Cristian-Romero-Cristian Romero,
15,Marco Sportiello,https://fbref.com/en/players/ac4003af/Marco-Sportiello,57,57,it ITA,GK,28-143,90,0,0,0,0,0,0,0,0,32,0,0,0,0.0,0.0,0.0,0,0,20,28,71.4,0,17,0,0,0,https://fbref.com/en/players/ac4003af/Marco-Sportiello-Marco Sportiello,
