,Player Name,Player Number,Player,#,Nation,Pos,Age,Min,Touches,Def Pen,Def 3rd,Mid 3rd,Att 3rd,Att Pen,Live,Att,Succ,Succ%,Tkld,Tkld%,Carries,TotDist,PrgDist,PrgC,1/3,CPA,Mis,Dis,Rec,PrgR,Player Key,Player Link
0,Duván Zapata,https://fbref.com/en/players/d3de9af0/Duvan-Zapata,91,91,co COL,FW,29-182,81,30,3,5,10,15,3,30,2,1,50.0,1,50.0,18,107,49,1,1,0,5,2,21,10,https://fbref.com/en/players/d3de9af0/Duvan-Zapata-Duván Zapata,
1,Sam Lammers,https://fbref.com/en/players/c283ddef/Sam-Lammers,7,7,nl NED,FW,23-153,9,3,0,0,1,2,0,3,0,0,,0,,2,10,0,0,0,0,1,0,3,2,https://fbref.com/en/players/c283ddef/Sam-Lammers-Sam Lammers,
2,Papu Gómez,https://fbref.com/en/players/6e4df551/Papu-Gomez,10,10,ar ARG,AM,32-228,81,47,1,5,25,18,4,47,2,2,100.0,0,0.0,32,218,116,5,2,1,1,1,34,7,https://fbref.com/en/players/6e4df551/Papu-Gomez-Papu Gómez,
3,Luis Muriel,https://fbref.com/en/players/eb2fe5b6/Luis-Muriel,9,9,co COL,AM,29-167,9,9,0,0,6,3,1,9,0,0,,0,,5,19,9,1,0,0,2,1,6,3,https://fbref.com/en/players/eb2fe5b6/Luis-Muriel-Luis Muriel,
4,Ruslan Malinovskyi,https://fbref.com/en/players/48d5bd33/Ruslan-Malinovskyi,18,18,ua UKR,AM,27-149,90,58,0,5,34,21,1,58,5,4,80.0,1,20.0,32,197,104,3,3,0,4,2,42,7,https://fbref.com/en/players/48d5bd33/Ruslan-Malinovskyi-Ruslan Malinovskyi,
5,Mario Pašalić,https://fbref.com/en/players/e599253a/Mario-Pasalic,88,88,hr CRO,CM,25-234,55,29,0,3,22,4,2,29,0,0,,0,,17,74,48,2,0,1,2,0,16,2,https://fbref.com/en/players/e599253a/Mario-Pasalic-Mario Pašalić,
6,Marten de Roon,https://fbref.com/en/players/2a1beb34/Marten-de-Roon,15,15,nl NED,CM,29-185,35,20,2,4,16,0,0,20,0,0,,0,,6,37,17,1,0,0,0,0,11,0,https://fbref.com/en/players/2a1beb34/Marten-de-Roon-Marten de Roon,
7,Remo Freuler,https://fbref.com/en/players/98d2c2c4/Remo-Freuler,11,11,ch SUI,CM,28-168,90,71,4,15,47,9,0,71,1,1,100.0,0,0.0,25,154,75,0,1,0,1,1,42,0,https://fbref.com/en/players/98d2c2c4/Remo-Freuler-Remo Freuler,
8,Robin Gosens,https://fbref.com/en/players/2d970560/Robin-Gosens,8,8,de GER,WB,26-087,89,57,5,19,25,13,3,57,1,1,100.0,0,0.0,23,127,87,3,2,2,0,0,35,2,https://fbref.com/en/players/2d970560/Robin-Gosens-Robin Gosens,
9,Johan Mojica,https://fbref.com/en/players/608f2092/Johan-Mojica,26,26,co COL,WB,28-040,1,5,0,2,3,0,0,5,0,0,,0,,4,10,0,0,0,0,1,0,4,0,https://fbref.com/en/players/608f2092/Johan-Mojica-Johan Mojica,
10,Hans Hateboer,https://fbref.com/en/players/3b333ac3/Hans-Hateboer,33,33,nl NED,WB,26-265,90,41,1,15,22,5,3,41,0,0,,0,,13,41,7,0,1,0,2,0,24,3,https://fbref.com/en/players/3b333ac3/Hans-Hateboer-Hans Hateboer,
11,Rafael Tolói,https://fbref.com/en/players/c56dc39e/Rafael-Toloi,2,2,it ITA,CB,29-356,90,61,3,25,35,1,1,61,0,0,,0,,22,102,39,0,0,0,1,0,35,1,https://fbref.com/en/players/c56dc39e/Rafael-Toloi-Rafael Tolói,
12,José Luis Palomino,https://fbref.com/en/players/921f6058/Jose-Luis-Palomino,6,6,ar ARG,CB,30-269,90,52,5,22,29,1,0,52,0,0,,0,,15,68,25,0,0,0,1,0,26,0,https://fbref.com/en/players/921f6058/Jose-Luis-Palomino-José Luis Palomino,
13,Berat Djimsiti,https://fbref.com/en/players/6eee05f1/Berat-Djimsiti,19,19,al ALB,CB,27-224,45,32,3,18,14,0,0,32,0,0,,0,,8,53,24,0,0,0,0,0,14,0,https://fbref.com/en/players/6eee05f1/Berat-Djimsiti-Berat Djimsiti,
14,Cristian Romero,https://fbref.com/en/players/a3d94a58/Cristian-Romero,17,17,ar ARG,CB,22-156,45,23,4,15,9,0,0,23,0,0,,0,,6,16,7,0,0,0,0,0,4,0,https://fbref.com/en/players/a3d94a58/Cristian-Romero-Cristian Romero,
15,Marco Sportiello,https://fbref.com/en/players/ac4003af/Marco-Sportiello,57,57,it ITA,GK,28-143,90,32,21,32,0,0,0,32,0,0,,0,,17,60,37,0,0,0,0,0,10,0,https://fbref.com/en/players/ac4003af/Marco-Sportiello-Marco Sportiello,
