,Player Name,Player Number,Player,#,Nation,Pos,Age,Min,Att,Live,Dead,FK,TB,Sw,Crs,TI,CK,In,Out,Str,Cmp,Off,Blocks,Player Key,Player Link
0,Duván Zapata,https://fbref.com/en/players/d3de9af0/Duvan-Zapata,91,91,co COL,FW,29-182,81,17,15,2,0,0,0,2,0,0,0,0,0,13,0,2,https://fbref.com/en/players/d3de9af0/Duvan-Zapata-Duván Zapata,
1,Sam Lammers,https://fbref.com/en/players/c283ddef/Sam-Lammers,7,7,nl NED,FW,23-153,9,2,2,0,0,0,0,0,0,0,0,0,0,2,0,0,https://fbref.com/en/players/c283ddef/Sam-Lammers-Sam Lammers,
2,Papu Gómez,https://fbref.com/en/players/6e4df551/Papu-Gomez,10,10,ar ARG,AM,32-228,81,35,32,3,2,0,0,1,1,0,0,0,0,27,0,0,https://fbref.com/en/players/6e4df551/Papu-Gomez-Papu Gómez,
3,Luis Muriel,https://fbref.com/en/players/eb2fe5b6/Luis-Muriel,9,9,co COL,AM,29-167,9,5,4,1,0,0,1,1,0,1,1,0,0,4,0,0,https://fbref.com/en/players/eb2fe5b6/Luis-Muriel-Luis Muriel,
4,Ruslan Malinovskyi,https://fbref.com/en/players/48d5bd33/Ruslan-Malinovskyi,18,18,ua UKR,AM,27-149,90,47,44,3,1,0,2,4,0,2,1,1,0,32,0,2,https://fbref.com/en/players/48d5bd33/Ruslan-Malinovskyi-Ruslan Malinovskyi,
5,Mario Pašalić,https://fbref.com/en/players/e599253a/Mario-Pasalic,88,88,hr CRO,CM,25-234,55,23,22,1,1,0,0,0,0,0,0,0,0,18,0,1,https://fbref.com/en/players/e599253a/Mario-Pasalic-Mario Pašalić,
6,Marten de Roon,https://fbref.com/en/players/2a1beb34/Marten-de-Roon,15,15,nl NED,CM,29-185,35,17,17,0,0,0,0,0,0,0,0,0,0,14,0,0,https://fbref.com/en/players/2a1beb34/Marten-de-Roon-Marten de Roon,
7,Remo Freuler,https://fbref.com/en/players/98d2c2c4/Remo-Freuler,11,11,ch SUI,CM,28-168,90,59,58,1,1,0,0,0,0,0,0,0,0,52,0,1,https://fbref.com/en/players/98d2c2c4/Remo-Freuler-Remo Freuler,
8,Robin Gosens,https://fbref.com/en/players/2d970560/Robin-Gosens,8,8,de GER,WB,26-087,89,46,42,4,0,0,1,2,4,0,0,0,0,30,0,2,https://fbref.com/en/players/2d970560/Robin-Gosens-Robin Gosens,
9,Johan Mojica,https://fbref.com/en/players/608f2092/Johan-Mojica,26,26,co COL,WB,28-040,1,4,4,0,0,0,0,0,0,0,0,0,0,4,0,0,https://fbref.com/en/players/608f2092/Johan-Mojica-Johan Mojica,
10,Hans Hateboer,https://fbref.com/en/players/3b333ac3/Hans-Hateboer,33,33,nl NED,WB,26-265,90,32,31,1,0,0,0,0,1,0,0,0,0,21,0,1,https://fbref.com/en/players/3b333ac3/Hans-Hateboer-Hans Hateboer,
11,Rafael Tolói,https://fbref.com/en/players/c56dc39e/Rafael-Toloi,2,2,it ITA,CB,29-356,90,44,42,2,2,0,1,0,0,0,0,0,0,30,0,3,https://fbref.com/en/players/c56dc39e/Rafael-Toloi-Rafael Tolói,
12,José Luis Palomino,https://fbref.com/en/players/921f6058/Jose-Luis-Palomino,6,6,ar ARG,CB,30-269,90,43,40,3,3,0,0,1,0,0,0,0,0,33,0,0,https://fbref.com/en/players/921f6058/Jose-Luis-Palomino-José Luis Palomino,
13,Berat Djimsiti,https://fbref.com/en/players/6eee05f1/Berat-Djimsiti,19,19,al ALB,CB,27-224,45,25,24,1,1,0,0,0,0,0,0,0,0,19,0,0,https://fbref.com/en/players/6eee05f1/Berat-Djimsiti-Berat Djimsiti,
14,Cristian Romero,https://fbref.com/en/players/a3d94a58/Cristian-Romero,17,17,ar ARG,CB,22-156,45,14,14,0,0,0,0,0,0,0,0,0,0,8,0,2,https://fbref.com/en/players/a3d94a58/Cristian-Romero-Cristian Romero,
15,Marco Sportiello,https://fbref.com/en/players/ac4003af/Marco-Sportiello,57,57,it ITA,GK,28-143,90,28,20,8,4,0,0,0,0,0,0,0,0,20,0,0,https://fbref.com/en/players/ac4003af/Marco-Sportiello-Marco Sportiello,
