,Player Name,Player Number,Player,#,Nation,Pos,Age,Min,Att,Live,Dead,FK,TB,Sw,Crs,TI,CK,In,Out,Str,Cmp,Off,Blocks,Player Key,Player Link
0,Ciro Immobile,https://fbref.com/en/players/4431aed2/Ciro-Immobile,17,17,it ITA,FW,30-223,90,30,30,0,0,0,0,1,0,0,0,0,0,23,0,2,https://fbref.com/en/players/4431aed2/Ciro-Immobile-Ciro Immobile,
1,Felipe Caicedo,https://fbref.com/en/players/93b891d1/Felipe-Caicedo,20,20,ec ECU,FW,32-025,90,47,46,1,0,0,0,0,1,0,0,0,0,29,0,3,https://fbref.com/en/players/93b891d1/Felipe-Caicedo-Felipe Caicedo,
2,Luis Alberto,https://fbref.com/en/players/5294a83f/Luis-Alberto,10,10,es ESP,CM,28-002,69,68,55,13,3,0,0,4,2,3,2,1,0,48,0,1,https://fbref.com/en/players/5294a83f/Luis-Alberto-Luis Alberto,
3,Gonzalo Escalante,https://fbref.com/en/players/3f79a1c8/Gonzalo-Escalante,18,18,ar ARG,CM,27-187,21,30,30,0,0,0,0,0,0,0,0,0,0,26,0,0,https://fbref.com/en/players/3f79a1c8/Gonzalo-Escalante-Gonzalo Escalante,
4,Lucas Leiva,https://fbref.com/en/players/4c78b5ed/Lucas-Leiva,6,6,br BRA,CM,33-265,48,35,34,1,1,0,0,0,0,0,0,0,0,31,0,2,https://fbref.com/en/players/4c78b5ed/Lucas-Leiva-Lucas Leiva,
5,Danilo Cataldi,https://fbref.com/en/players/ba3d3bea/Danilo-Cataldi,32,32,it ITA,CM,26-055,42,60,52,8,3,0,1,5,1,4,2,1,0,48,0,1,https://fbref.com/en/players/ba3d3bea/Danilo-Cataldi-Danilo Cataldi,
6,Sergej Milinković-Savić,https://fbref.com/en/players/4e6dbac4/Sergej-Milinkovic-Savic,21,21,rs SRB,CM,25-216,69,41,40,1,0,0,0,1,1,0,0,0,0,31,0,0,https://fbref.com/en/players/4e6dbac4/Sergej-Milinkovic-Savic-Sergej Milinković-Savić,
7,Jean-Daniel Akpa-Akpro,https://fbref.com/en/players/fdf4b948/Jean-Daniel-Akpa-Akpro,92,92,ci CIV,CM,27-355,21,12,12,0,0,0,0,1,0,0,0,0,0,8,0,0,https://fbref.com/en/players/fdf4b948/Jean-Daniel-Akpa-Akpro-Jean-Daniel Akpa-Akpro,
8,Adam Marušić,https://fbref.com/en/players/d4535821/Adam-Marusic,77,77,me MNE,WB,27-349,90,42,39,3,0,0,1,3,3,0,0,0,0,30,0,0,https://fbref.com/en/players/d4535821/Adam-Marusic-Adam Marušić,
9,Manuel Lazzari,https://fbref.com/en/players/02caf6e0/Manuel-Lazzari,29,29,it ITA,WB,26-306,70,31,25,6,0,0,0,2,6,0,0,0,0,26,0,0,https://fbref.com/en/players/02caf6e0/Manuel-Lazzari-Manuel Lazzari,
10,Djavan Anderson,https://fbref.com/en/players/ca241ad3/Djavan-Anderson,8,8,nl NED,WB,25-162,20,9,8,1,0,0,0,0,1,0,0,0,0,6,0,0,https://fbref.com/en/players/ca241ad3/Djavan-Anderson-Djavan Anderson,
11,Ștefan Radu,https://fbref.com/en/players/53de807a/Stefan-Radu,26,26,ro ROU,CB,33-344,57,42,37,5,1,0,0,3,4,0,0,0,0,37,0,1,https://fbref.com/en/players/53de807a/Stefan-Radu-Ștefan Radu,
12,Bastos,https://fbref.com/en/players/c01c66d9/Bastos,15,15,ao ANG,CB,29-187,33,31,30,1,1,0,0,0,0,0,0,0,0,30,0,0,https://fbref.com/en/players/c01c66d9/Bastos-Bastos,
13,Francesco Acerbi,https://fbref.com/en/players/b96b595c/Francesco-Acerbi,33,33,it ITA,CB,32-233,90,65,62,3,1,0,0,0,2,0,0,0,0,56,0,0,https://fbref.com/en/players/b96b595c/Francesco-Acerbi-Francesco Acerbi,
14,Patric,https://fbref.com/en/players/f7223718/Patric,4,4,es ESP,CB,27-166,90,92,89,3,1,0,0,0,1,0,0,0,0,83,0,0,https://fbref.com/en/players/f7223718/Patric-Patric,
15,Thomas Strakosha,https://fbref.com/en/players/339fe0e8/Thomas-Strakosha,1,1,al ALB,GK,25-195,90,56,53,3,0,0,0,0,0,0,0,0,0,48,0,0,https://fbref.com/en/players/339fe0e8/Thomas-Strakosha-Thomas Strakosha,
