,Player Name,Player Number,Player,#,Nation,Pos,Age,Min,Gls,Ast,PK,PKatt,Sh,SoT,CrdY,CrdR,Touches,Tkl,Int,Blocks,xG,npxG,xAG,SCA,GCA,Cmp,Att,Cmp%,PrgP,Carries,PrgC,Att,Succ,Player Key,Player Link
0,Ciro Immobile,https://fbref.com/en/players/4431aed2/Ciro-Immobile,17,17,it ITA,FW,30-223,90,0,0,0,0,4,0,1,0,42,0,0,0,0.7,0.7,0.1,3,0,23,30,76.7,1,25,5,1,0,https://fbref.com/en/players/4431aed2/Ciro-Immobile-Ciro Immobile,
1,Felipe Caicedo,https://fbref.com/en/players/93b891d1/Felipe-Caicedo,20,20,ec ECU,FW,32-025,90,1,0,0,0,4,1,1,0,59,1,0,1,1.1,1.1,0.0,4,1,29,47,61.7,3,34,1,4,3,https://fbref.com/en/players/93b891d1/Felipe-Caicedo-Felipe Caicedo,
2,Luis Alberto,https://fbref.com/en/players/5294a83f/Luis-Alberto,10,10,es ESP,CM,28-002,69,0,0,0,0,1,0,1,0,75,2,0,1,0.0,0.0,0.1,4,0,48,68,70.6,7,45,3,1,0,https://fbref.com/en/players/5294a83f/Luis-Alberto-Luis Alberto,
3,Gonzalo Escalante,https://fbref.com/en/players/3f79a1c8/Gonzalo-Escalante,18,18,ar ARG,CM,27-187,21,0,0,0,0,0,0,0,0,34,1,0,2,0.0,0.0,0.0,0,0,26,30,86.7,3,24,0,1,1,https://fbref.com/en/players/3f79a1c8/Gonzalo-Escalante-Gonzalo Escalante,
4,Lucas Leiva,https://fbref.com/en/players/4c78b5ed/Lucas-Leiva,6,6,br BRA,CM,33-265,48,0,0,0,0,1,1,1,0,40,0,0,1,0.0,0.0,0.0,0,0,31,35,88.6,3,24,0,1,0,https://fbref.com/en/players/4c78b5ed/Lucas-Leiva-Lucas Leiva,
5,Danilo Cataldi,https://fbref.com/en/players/ba3d3bea/Danilo-Cataldi,32,32,it ITA,CM,26-055,42,0,0,0,0,0,0,1,0,62,0,0,1,0.0,0.0,0.0,1,0,48,60,80.0,7,40,1,0,0,https://fbref.com/en/players/ba3d3bea/Danilo-Cataldi-Danilo Cataldi,
6,Sergej Milinković-Savić,https://fbref.com/en/players/4e6dbac4/Sergej-Milinkovic-Savic,21,21,rs SRB,CM,25-216,69,0,1,0,0,1,0,0,0,51,0,0,5,0.1,0.1,0.7,5,1,31,41,75.6,5,32,0,0,0,https://fbref.com/en/players/4e6dbac4/Sergej-Milinkovic-Savic-Sergej Milinković-Savić,
7,Jean-Daniel Akpa-Akpro,https://fbref.com/en/players/fdf4b948/Jean-Daniel-Akpa-Akpro,92,92,ci CIV,CM,27-355,21,0,0,0,0,0,0,0,0,12,1,0,0,0.0,0.0,0.0,0,0,8,12,66.7,0,10,0,0,0,https://fbref.com/en/players/fdf4b948/Jean-Daniel-Akpa-Akpro-Jean-Daniel Akpa-Akpro,
8,Adam Marušić,https://fbref.com/en/players/d4535821/Adam-Marusic,77,77,me MNE,WB,27-349,90,0,0,0,0,3,3,1,0,51,0,1,0,0.4,0.4,0.0,2,0,30,42,71.4,1,30,1,0,0,https://fbref.com/en/players/d4535821/Adam-Marusic-Adam Marušić,
9,Manuel Lazzari,https://fbref.com/en/players/02caf6e0/Manuel-Lazzari,29,29,it ITA,WB,26-306,70,0,0,0,0,0,0,0,0,35,0,0,1,0.0,0.0,0.3,1,0,26,31,83.9,0,21,2,0,0,https://fbref.com/en/players/02caf6e0/Manuel-Lazzari-Manuel Lazzari,
10,Djavan Anderson,https://fbref.com/en/players/ca241ad3/Djavan-Anderson,8,8,nl NED,WB,25-162,20,0,0,0,0,0,0,0,0,11,0,0,0,0.0,0.0,0.0,0,0,6,9,66.7,0,7,0,1,0,https://fbref.com/en/players/ca241ad3/Djavan-Anderson-Djavan Anderson,
11,Ștefan Radu,https://fbref.com/en/players/53de807a/Stefan-Radu,26,26,ro ROU,CB,33-344,57,0,0,0,0,0,0,0,0,51,1,4,0,0.0,0.0,0.0,2,0,37,42,88.1,3,28,0,2,2,https://fbref.com/en/players/53de807a/Stefan-Radu-Ștefan Radu,
12,Bastos,https://fbref.com/en/players/c01c66d9/Bastos,15,15,ao ANG,CB,29-187,33,0,0,0,0,0,0,0,0,36,1,0,1,0.0,0.0,0.0,2,0,30,31,96.8,3,30,1,3,2,https://fbref.com/en/players/c01c66d9/Bastos-Bastos,
13,Francesco Acerbi,https://fbref.com/en/players/b96b595c/Francesco-Acerbi,33,33,it ITA,CB,32-233,90,0,0,0,0,0,0,1,0,82,2,8,1,0.0,0.0,0.0,1,0,56,65,86.2,4,44,0,0,0,https://fbref.com/en/players/b96b595c/Francesco-Acerbi-Francesco Acerbi,
14,Patric,https://fbref.com/en/players/f7223718/Patric,4,4,es ESP,CB,27-166,90,0,0,0,0,0,0,0,0,98,0,1,1,0.0,0.0,0.0,0,0,83,92,90.2,5,74,2,1,0,https://fbref.com/en/players/f7223718/Patric-Patric,
15,Thomas Strakosha,https://fbref.com/en/players/339fe0e8/Thomas-Strakosha,1,1,al ALB,GK,25-195,90,0,0,0,0,0,0,0,0,57,0,0,0,0.0,0.0,0.0,0,0,48,56,85.7,0,41,0,0,0,https://fbref.com/en/players/339fe0e8/Thomas-Strakosha-Thomas Strakosha,
