,Player Name,Player Number,Player,#,Nation,Pos,Age,Min,Touches,Def Pen,Def 3rd,Mid 3rd,Att 3rd,Att Pen,Live,Att,Succ,Succ%,Tkld,Tkld%,Carries,TotDist,PrgDist,PrgC,1/3,CPA,Mis,Dis,Rec,PrgR,Player Key,Player Link
0,Ciro Immobile,https://fbref.com/en/players/4431aed2/Ciro-Immobile,17,17,it ITA,FW,30-223,90,42,1,1,18,23,10,42,1,0,0.0,1,100.0,25,163,65,5,2,2,1,5,33,10,https://fbref.com/en/players/4431aed2/Ciro-Immobile-Ciro Immobile,
1,Felipe Caicedo,https://fbref.com/en/players/93b891d1/Felipe-Caicedo,20,20,ec ECU,FW,32-025,90,59,2,3,38,18,4,59,4,3,75.0,1,25.0,34,105,40,1,1,1,2,1,47,8,https://fbref.com/en/players/93b891d1/Felipe-Caicedo-Felipe Caicedo,
2,Luis Alberto,https://fbref.com/en/players/5294a83f/Luis-Alberto,10,10,es ESP,CM,28-002,69,75,0,4,48,24,2,75,1,0,0.0,1,100.0,45,232,115,3,1,1,3,2,49,7,https://fbref.com/en/players/5294a83f/Luis-Alberto-Luis Alberto,
3,Gonzalo Escalante,https://fbref.com/en/players/3f79a1c8/Gonzalo-Escalante,18,18,ar ARG,CM,27-187,21,34,0,5,27,2,1,34,1,1,100.0,0,0.0,24,100,33,0,0,0,2,0,26,0,https://fbref.com/en/players/3f79a1c8/Gonzalo-Escalante-Gonzalo Escalante,
4,Lucas Leiva,https://fbref.com/en/players/4c78b5ed/Lucas-Leiva,6,6,br BRA,CM,33-265,48,40,1,8,31,2,0,40,1,0,0.0,1,100.0,24,144,57,0,0,0,0,0,28,2,https://fbref.com/en/players/4c78b5ed/Lucas-Leiva-Lucas Leiva,
5,Danilo Cataldi,https://fbref.com/en/players/ba3d3bea/Danilo-Cataldi,32,32,it ITA,CM,26-055,42,62,3,8,41,13,0,62,0,0,,0,,40,186,82,1,0,0,0,0,46,4,https://fbref.com/en/players/ba3d3bea/Danilo-Cataldi-Danilo Cataldi,
6,Sergej Milinković-Savić,https://fbref.com/en/players/4e6dbac4/Sergej-Milinkovic-Savic,21,21,rs SRB,CM,25-216,69,51,2,7,35,9,3,51,0,0,,0,,32,118,34,0,0,0,3,2,43,1,https://fbref.com/en/players/4e6dbac4/Sergej-Milinkovic-Savic-Sergej Milinković-Savić,
7,Jean-Daniel Akpa-Akpro,https://fbref.com/en/players/fdf4b948/Jean-Daniel-Akpa-Akpro,92,92,ci CIV,CM,27-355,21,12,0,0,9,3,0,12,0,0,,0,,10,53,12,0,1,0,0,1,11,2,https://fbref.com/en/players/fdf4b948/Jean-Daniel-Akpa-Akpro-Jean-Daniel Akpa-Akpro,
8,Adam Marušić,https://fbref.com/en/players/d4535821/Adam-Marusic,77,77,me MNE,WB,27-349,90,51,2,14,24,15,5,51,0,0,,0,,30,143,61,1,0,1,0,1,37,6,https://fbref.com/en/players/d4535821/Adam-Marusic-Adam Marušić,
9,Manuel Lazzari,https://fbref.com/en/players/02caf6e0/Manuel-Lazzari,29,29,it ITA,WB,26-306,70,35,1,7,18,10,2,35,0,0,,0,,21,98,61,2,0,1,0,0,22,2,https://fbref.com/en/players/02caf6e0/Manuel-Lazzari-Manuel Lazzari,
10,Djavan Anderson,https://fbref.com/en/players/ca241ad3/Djavan-Anderson,8,8,nl NED,WB,25-162,20,11,0,3,4,4,0,11,1,0,0.0,1,100.0,7,43,0,0,0,0,1,1,7,1,https://fbref.com/en/players/ca241ad3/Djavan-Anderson-Djavan Anderson,
11,Ștefan Radu,https://fbref.com/en/players/53de807a/Stefan-Radu,26,26,ro ROU,CB,33-344,57,51,4,19,28,5,0,51,2,2,100.0,0,0.0,28,141,50,0,4,0,1,0,30,0,https://fbref.com/en/players/53de807a/Stefan-Radu-Ștefan Radu,
12,Bastos,https://fbref.com/en/players/c01c66d9/Bastos,15,15,ao ANG,CB,29-187,33,36,2,15,12,9,1,36,3,2,66.7,1,33.3,30,151,67,1,1,0,0,2,26,1,https://fbref.com/en/players/c01c66d9/Bastos-Bastos,
13,Francesco Acerbi,https://fbref.com/en/players/b96b595c/Francesco-Acerbi,33,33,it ITA,CB,32-233,90,82,5,39,41,3,1,82,0,0,,0,,44,194,89,0,0,0,2,0,38,0,https://fbref.com/en/players/b96b595c/Francesco-Acerbi-Francesco Acerbi,
14,Patric,https://fbref.com/en/players/f7223718/Patric,4,4,es ESP,CB,27-166,90,98,7,45,50,4,0,98,1,0,0.0,1,100.0,74,395,172,2,0,0,0,0,70,0,https://fbref.com/en/players/f7223718/Patric-Patric,
15,Thomas Strakosha,https://fbref.com/en/players/339fe0e8/Thomas-Strakosha,1,1,al ALB,GK,25-195,90,57,36,56,1,0,0,57,0,0,,0,,41,264,177,0,0,0,0,0,41,0,https://fbref.com/en/players/339fe0e8/Thomas-Strakosha-Thomas Strakosha,
