,Minute,Player,Squad,xG,PSxG,Outcome,Distance,Body Part,Notes,SCA 1 Player,SCA 1 Event,SCA 2 Player,SCA 2 Event
0,6,Adam Marušić,Lazio,0.04,0.24,Saved,16,Left Foot,,Luis Alberto,Pass (Live),Sergej Milinković-Savić,Pass (Live)
1,6,Ciro Immobile,Lazio,0.04,,Blocked,16,Right Foot,,Adam Marušić,Shot,,
2,7,Ciro Immobile,Lazio,0.03,,Off Target,28,Right Foot,,Felipe Caicedo,Pass (Live),Ștefan Radu,Pass (Live)
3,10,Papu Gómez,Atalanta,0.04,,Blocked,18,Right Foot,,Ruslan Malinovskyi,Pass (Live),Ruslan Malinovskyi,Take-On
4,10,Robin Gosens,Atalanta,0.54,0.82,Goal,8,Left Foot,,Papu Gómez,Pass (Live),Ruslan Malinovskyi,Pass (Live)
5,16,Papu Gómez,Atalanta,0.10,,Blocked,15,Right Foot,,Hans Hateboer,Pass (Live),Papu Gómez,Pass (Live)
6,20,Sergej Milinković-Savić,Lazio,0.06,,Off Target,16,Left Foot,,Ciro Immobile,Pass (Live),Felipe Caicedo,Pass (Live)
7,20,Luis Alberto,Lazio,0.04,,Off Target,11,Head,,Ștefan Radu,Pass (Live),Sergej Milinković-Savić,Pass (Live)
8,32,Hans Hateboer,Atalanta,0.35,0.79,Goal,9,Right Foot,Volley,Robin Gosens,Pass (Live),Mario Pašalić,Pass (Live)
9,33,Ciro Immobile,Lazio,0.26,,Woodwork,3,Right Foot,Volley,Luis Alberto,Pass (Live),Ciro Immobile,Pass (Live)
10,33,Felipe Caicedo,Lazio,0.24,,Blocked,6,Right Foot,,Ciro Immobile,Shot,,
11,41,Duván Zapata,Atalanta,0.07,0.12,Saved,16,Right Foot,,Papu Gómez,Pass (Live),Mario Pašalić,Pass (Live)
12,41,Papu Gómez,Atalanta,0.37,0.77,Goal,10,Right Foot,,Papu Gómez,Take-On,Remo Freuler,Pass (Live)
13,43,Adam Marušić,Lazio,0.06,0.03,Saved,21,Right Foot,,Sergej Milinković-Savić,Pass (Live),Luis Alberto,Pass (Live)
14,45,Lucas Leiva,Lazio,0.02,0.37,Saved,32,Right Foot,,Luis Alberto,Pass (Live),Sergej Milinković-Savić,Pass (Live)
15,,,,,,,,,,,,,
16,55,Adam Marušić,Lazio,0.32,0.17,Saved,5,Right Foot,Volley,Manuel Lazzari,Pass (Live),Felipe Caicedo,Pass (Live)
17,57,Felipe Caicedo,Lazio,0.65,0.95,Goal,1,Left Foot,,Felipe Caicedo,Take-On,Sergej Milinković-Savić,Pass (Live)
18,59,Ciro Immobile,Lazio,0.37,,Off Target,11,Left Foot,,Francesco Acerbi,Pass (Live),,
19,61,Papu Gómez,Atalanta,0.05,0.38,Goal,16,Left Foot,,Ruslan Malinovskyi,Pass (Live),Marten de Roon,Pass (Live)
20,64,Rafael Tolói,Atalanta,0.04,0.25,Saved,14,Head,,Papu Gómez,Pass (Live),Marten de Roon,Pass (Live)
21,68,Felipe Caicedo,Lazio,0.05,,Blocked,18,Left Foot,,Bastos,Pass (Live),Danilo Cataldi,Pass (Live)
22,69,Ruslan Malinovskyi,Atalanta,0.03,,Blocked,38,Left Foot,Free kick,Duván Zapata,Fouled,Ruslan Malinovskyi,Pass (Live)
23,77,Felipe Caicedo,Lazio,0.16,,Blocked,20,Left Foot,,Bastos,Pass (Live),Adam Marušić,Pass (Live)
24,87,Luis Muriel,Atalanta,0.23,,Off Target,18,Right Foot,,Ruslan Malinovskyi,Pass (Live),Luis Muriel,Pass (Live)
