,Player Name,Player Number,Player,#,Nation,Pos,Age,Min,Gls,Ast,PK,PKatt,Sh,SoT,CrdY,CrdR,Touches,Tkl,Int,Blocks,xG,npxG,xAG,SCA,GCA,Cmp,Att,Cmp%,PrgP,Carries,PrgC,Att,Succ,Player Key,Player Link
0,Duván Zapata,https://fbref.com/en/players/d3de9af0/Duvan-Zapata,91,91,co COL,FW,29-305,53,0,0,0,0,1,1,0,0,22,0,1,1,0.1,0.1,0.0,0,0,9,13,69.2,0,14,2,2,1,https://fbref.com/en/players/d3de9af0/Duvan-Zapata-Duván Zapata,
1,Luis Muriel,https://fbref.com/en/players/eb2fe5b6/Luis-Muriel,9,9,co COL,"FW,LW",29-290,37,0,0,0,0,1,0,0,0,23,0,0,0,0.3,0.3,0.3,5,1,12,15,80.0,1,9,2,1,1,https://fbref.com/en/players/eb2fe5b6/Luis-Muriel-Luis Muriel,
2,Aleksei Miranchuk,https://fbref.com/en/players/a9aa0d1d/Aleksei-Miranchuk,59,59,ru RUS,AM,25-106,53,0,0,0,0,0,0,0,0,28,4,0,0,0.0,0.0,0.0,1,0,19,23,82.6,0,15,2,0,0,https://fbref.com/en/players/a9aa0d1d/Aleksei-Miranchuk-Aleksei Miranchuk,
3,Mario Pašalić,https://fbref.com/en/players/e599253a/Mario-Pasalic,88,88,hr CRO,"AM,CM",25-357,37,1,0,0,0,1,1,0,0,20,0,0,0,0.7,0.7,0.0,0,0,14,18,77.8,1,10,0,0,0,https://fbref.com/en/players/e599253a/Mario-Pasalic-Mario Pašalić,
4,Josip Iličić,https://fbref.com/en/players/68252d6d/Josip-Ilicic,72,72,si SVN,"AM,RW",33-002,66,0,0,0,0,0,0,0,0,41,1,0,0,0.0,0.0,0.1,1,0,17,30,56.7,3,24,3,5,2,https://fbref.com/en/players/68252d6d/Josip-Ilicic-Josip Iličić,
5,Sam Lammers,https://fbref.com/en/players/c283ddef/Sam-Lammers,7,7,nl NED,FW,23-276,24,0,0,0,0,1,0,0,0,18,1,0,0,0.1,0.1,0.3,1,0,8,13,61.5,2,9,0,0,0,https://fbref.com/en/players/c283ddef/Sam-Lammers-Sam Lammers,
6,Remo Freuler,https://fbref.com/en/players/98d2c2c4/Remo-Freuler,11,11,ch SUI,"CM,DM",28-291,77,0,0,0,0,0,0,0,0,66,0,1,2,0.0,0.0,0.0,1,0,55,60,91.7,14,35,3,1,1,https://fbref.com/en/players/98d2c2c4/Remo-Freuler-Remo Freuler,
7,Mattia Caldara,https://fbref.com/en/players/ac7e640b/Mattia-Caldara,13,13,it ITA,"CB,DM",26-271,13,0,0,0,0,1,0,0,0,12,0,2,0,0.1,0.1,0.0,0,0,8,8,100.0,2,3,0,0,0,https://fbref.com/en/players/ac7e640b/Mattia-Caldara-Mattia Caldara,
8,Marten de Roon,https://fbref.com/en/players/2a1beb34/Marten-de-Roon,15,15,nl NED,"CM,DM",29-308,90,0,0,0,0,0,0,0,0,88,2,6,2,0.0,0.0,0.0,1,0,64,81,79.0,6,38,0,1,1,https://fbref.com/en/players/2a1beb34/Marten-de-Roon-Marten de Roon,
9,Matteo Ruggeri,https://fbref.com/en/players/ae9898c5/Matteo-Ruggeri,40,40,it ITA,WB,18-204,45,0,0,0,0,1,0,0,0,34,1,2,1,0.0,0.0,0.0,0,0,20,27,74.1,0,15,0,0,0,https://fbref.com/en/players/ae9898c5/Matteo-Ruggeri-Matteo Ruggeri,
10,Ruslan Malinovskyi,https://fbref.com/en/players/48d5bd33/Ruslan-Malinovskyi,18,18,ua UKR,"LW,CM,RW",27-272,45,0,0,0,0,1,1,0,0,27,0,0,2,0.1,0.1,0.0,1,0,13,18,72.2,3,11,0,1,0,https://fbref.com/en/players/48d5bd33/Ruslan-Malinovskyi-Ruslan Malinovskyi,
11,Joakim Mæhle,https://fbref.com/en/players/c459a650/Joakim-Maehle,3,3,dk DEN,"WB,LB",23-256,90,0,0,0,0,1,0,0,0,65,2,1,2,0.0,0.0,0.0,2,0,36,47,76.6,5,30,5,1,0,https://fbref.com/en/players/c459a650/Joakim-Maehle-Joakim Mæhle,
12,Rafael Tolói,https://fbref.com/en/players/c56dc39e/Rafael-Toloi,2,2,it ITA,"CB,RB,WB",30-113,90,0,0,0,0,0,0,0,0,77,2,0,3,0.0,0.0,0.0,2,0,50,70,71.4,5,43,2,3,3,https://fbref.com/en/players/c56dc39e/Rafael-Toloi-Rafael Tolói,
13,José Luis Palomino,https://fbref.com/en/players/921f6058/Jose-Luis-Palomino,6,6,ar ARG,CB,31-026,90,0,0,0,0,0,0,0,0,87,2,3,0,0.0,0.0,0.0,0,0,60,79,75.9,6,40,0,0,0,https://fbref.com/en/players/921f6058/Jose-Luis-Palomino-José Luis Palomino,
14,Berat Djimsiti,https://fbref.com/en/players/6eee05f1/Berat-Djimsiti,19,19,al ALB,CB,27-347,90,0,0,0,0,0,0,0,0,78,4,7,1,0.0,0.0,0.0,0,0,54,61,88.5,4,30,1,0,0,https://fbref.com/en/players/6eee05f1/Berat-Djimsiti-Berat Djimsiti,
15,Pierluigi Gollini,https://fbref.com/en/players/f0f7f62f/Pierluigi-Gollini,95,95,it ITA,GK,25-319,90,0,0,0,0,0,0,0,0,32,0,0,0,0.0,0.0,0.0,0,0,25,29,86.2,0,20,0,0,0,https://fbref.com/en/players/f0f7f62f/Pierluigi-Gollini-Pierluigi Gollini,
