,Player Name,Player Number,Player,#,Nation,Pos,Age,Min,Att,Live,Dead,FK,TB,Sw,Crs,TI,CK,In,Out,Str,Cmp,Off,Blocks,Player Key,Player Link
0,Duván Zapata,https://fbref.com/en/players/d3de9af0/Duvan-Zapata,91,91,co COL,FW,29-305,53,13,10,3,0,0,1,1,0,0,0,0,0,9,0,1,https://fbref.com/en/players/d3de9af0/Duvan-Zapata-Duván Zapata,
1,Luis Muriel,https://fbref.com/en/players/eb2fe5b6/Luis-Muriel,9,9,co COL,"FW,LW",29-290,37,15,12,3,1,0,0,2,1,0,0,0,0,12,0,1,https://fbref.com/en/players/eb2fe5b6/Luis-Muriel-Luis Muriel,
2,Aleksei Miranchuk,https://fbref.com/en/players/a9aa0d1d/Aleksei-Miranchuk,59,59,ru RUS,AM,25-106,53,23,22,1,0,0,0,1,1,0,0,0,0,19,0,1,https://fbref.com/en/players/a9aa0d1d/Aleksei-Miranchuk-Aleksei Miranchuk,
3,Mario Pašalić,https://fbref.com/en/players/e599253a/Mario-Pasalic,88,88,hr CRO,"AM,CM",25-357,37,18,18,0,0,0,0,0,0,0,0,0,0,14,0,0,https://fbref.com/en/players/e599253a/Mario-Pasalic-Mario Pašalić,
4,Josip Iličić,https://fbref.com/en/players/68252d6d/Josip-Ilicic,72,72,si SVN,"AM,RW",33-002,66,30,25,5,2,0,0,3,1,2,1,1,0,17,0,2,https://fbref.com/en/players/68252d6d/Josip-Ilicic-Josip Iličić,
5,Sam Lammers,https://fbref.com/en/players/c283ddef/Sam-Lammers,7,7,nl NED,FW,23-276,24,13,13,0,0,0,0,0,0,0,0,0,0,8,0,0,https://fbref.com/en/players/c283ddef/Sam-Lammers-Sam Lammers,
6,Remo Freuler,https://fbref.com/en/players/98d2c2c4/Remo-Freuler,11,11,ch SUI,"CM,DM",28-291,77,60,58,2,1,0,0,0,1,0,0,0,0,55,0,2,https://fbref.com/en/players/98d2c2c4/Remo-Freuler-Remo Freuler,
7,Mattia Caldara,https://fbref.com/en/players/ac7e640b/Mattia-Caldara,13,13,it ITA,"CB,DM",26-271,13,8,7,1,0,0,0,0,1,0,0,0,0,8,0,0,https://fbref.com/en/players/ac7e640b/Mattia-Caldara-Mattia Caldara,
8,Marten de Roon,https://fbref.com/en/players/2a1beb34/Marten-de-Roon,15,15,nl NED,"CM,DM",29-308,90,81,72,9,8,0,2,1,1,0,0,0,0,64,0,0,https://fbref.com/en/players/2a1beb34/Marten-de-Roon-Marten de Roon,
9,Matteo Ruggeri,https://fbref.com/en/players/ae9898c5/Matteo-Ruggeri,40,40,it ITA,WB,18-204,45,27,25,2,1,0,0,1,1,0,0,0,0,20,0,0,https://fbref.com/en/players/ae9898c5/Matteo-Ruggeri-Matteo Ruggeri,
10,Ruslan Malinovskyi,https://fbref.com/en/players/48d5bd33/Ruslan-Malinovskyi,18,18,ua UKR,"LW,CM,RW",27-272,45,18,18,0,0,0,0,1,0,0,0,0,0,13,0,1,https://fbref.com/en/players/48d5bd33/Ruslan-Malinovskyi-Ruslan Malinovskyi,
11,Joakim Mæhle,https://fbref.com/en/players/c459a650/Joakim-Maehle,3,3,dk DEN,"WB,LB",23-256,90,47,36,11,0,0,0,4,11,0,0,0,0,36,0,3,https://fbref.com/en/players/c459a650/Joakim-Maehle-Joakim Mæhle,
12,Rafael Tolói,https://fbref.com/en/players/c56dc39e/Rafael-Toloi,2,2,it ITA,"CB,RB,WB",30-113,90,70,67,2,1,0,0,2,1,0,0,0,0,50,1,2,https://fbref.com/en/players/c56dc39e/Rafael-Toloi-Rafael Tolói,
13,José Luis Palomino,https://fbref.com/en/players/921f6058/Jose-Luis-Palomino,6,6,ar ARG,CB,31-026,90,79,73,6,3,0,0,0,3,0,0,0,0,60,0,0,https://fbref.com/en/players/921f6058/Jose-Luis-Palomino-José Luis Palomino,
14,Berat Djimsiti,https://fbref.com/en/players/6eee05f1/Berat-Djimsiti,19,19,al ALB,CB,27-347,90,61,55,6,5,0,0,0,1,0,0,0,0,54,0,1,https://fbref.com/en/players/6eee05f1/Berat-Djimsiti-Berat Djimsiti,
15,Pierluigi Gollini,https://fbref.com/en/players/f0f7f62f/Pierluigi-Gollini,95,95,it ITA,GK,25-319,90,29,25,4,1,0,0,0,0,0,0,0,0,25,0,0,https://fbref.com/en/players/f0f7f62f/Pierluigi-Gollini-Pierluigi Gollini,
