,Player Name,Player Number,Player,#,Nation,Pos,Age,Min,Touches,Def Pen,Def 3rd,Mid 3rd,Att 3rd,Att Pen,Live,Att,Succ,Succ%,Tkld,Tkld%,Carries,TotDist,PrgDist,PrgC,1/3,CPA,Mis,Dis,Rec,PrgR,Player Key,Player Link
0,Duván Zapata,https://fbref.com/en/players/d3de9af0/Duvan-Zapata,91,91,co COL,FW,29-305,53,22,0,0,8,15,4,22,2,1,50.0,1,50.0,14,53,28,2,1,1,4,3,19,5,https://fbref.com/en/players/d3de9af0/Duvan-Zapata-Duván Zapata,
1,Luis Muriel,https://fbref.com/en/players/eb2fe5b6/Luis-Muriel,9,9,co COL,"FW,LW",29-290,37,23,0,1,8,14,4,23,1,1,100.0,0,0.0,9,57,24,2,0,1,4,1,16,3,https://fbref.com/en/players/eb2fe5b6/Luis-Muriel-Luis Muriel,
2,Aleksei Miranchuk,https://fbref.com/en/players/a9aa0d1d/Aleksei-Miranchuk,59,59,ru RUS,AM,25-106,53,28,0,2,17,9,2,28,0,0,,0,,15,68,23,2,0,1,1,1,19,5,https://fbref.com/en/players/a9aa0d1d/Aleksei-Miranchuk-Aleksei Miranchuk,
3,Mario Pašalić,https://fbref.com/en/players/e599253a/Mario-Pasalic,88,88,hr CRO,"AM,CM",25-357,37,20,0,3,12,5,1,20,0,0,,0,,10,52,17,0,0,0,1,2,19,1,https://fbref.com/en/players/e599253a/Mario-Pasalic-Mario Pašalić,
4,Josip Iličić,https://fbref.com/en/players/68252d6d/Josip-Ilicic,72,72,si SVN,"AM,RW",33-002,66,41,1,2,15,25,0,41,5,2,40.0,3,60.0,24,138,54,3,2,0,4,2,32,6,https://fbref.com/en/players/68252d6d/Josip-Ilicic-Josip Iličić,
5,Sam Lammers,https://fbref.com/en/players/c283ddef/Sam-Lammers,7,7,nl NED,FW,23-276,24,18,0,0,10,8,1,18,0,0,,0,,9,16,5,0,0,0,2,0,17,7,https://fbref.com/en/players/c283ddef/Sam-Lammers-Sam Lammers,
6,Remo Freuler,https://fbref.com/en/players/98d2c2c4/Remo-Freuler,11,11,ch SUI,"CM,DM",28-291,77,66,1,8,47,11,0,66,1,1,100.0,0,0.0,35,214,137,3,2,0,2,2,45,1,https://fbref.com/en/players/98d2c2c4/Remo-Freuler-Remo Freuler,
7,Mattia Caldara,https://fbref.com/en/players/ac7e640b/Mattia-Caldara,13,13,it ITA,"CB,DM",26-271,13,12,0,6,5,1,1,12,0,0,,0,,3,28,4,0,0,0,1,0,4,0,https://fbref.com/en/players/ac7e640b/Mattia-Caldara-Mattia Caldara,
8,Marten de Roon,https://fbref.com/en/players/2a1beb34/Marten-de-Roon,15,15,nl NED,"CM,DM",29-308,90,88,1,22,58,9,0,88,1,1,100.0,0,0.0,38,145,86,0,2,0,0,0,52,1,https://fbref.com/en/players/2a1beb34/Marten-de-Roon-Marten de Roon,
9,Matteo Ruggeri,https://fbref.com/en/players/ae9898c5/Matteo-Ruggeri,40,40,it ITA,WB,18-204,45,34,1,14,16,5,1,34,0,0,,0,,15,45,19,0,0,0,0,0,21,3,https://fbref.com/en/players/ae9898c5/Matteo-Ruggeri-Matteo Ruggeri,
10,Ruslan Malinovskyi,https://fbref.com/en/players/48d5bd33/Ruslan-Malinovskyi,18,18,ua UKR,"LW,CM,RW",27-272,45,27,0,1,11,15,2,27,1,0,0.0,1,100.0,11,41,16,0,0,0,3,2,20,5,https://fbref.com/en/players/48d5bd33/Ruslan-Malinovskyi-Ruslan Malinovskyi,
11,Joakim Mæhle,https://fbref.com/en/players/c459a650/Joakim-Maehle,3,3,dk DEN,"WB,LB",23-256,90,65,3,17,24,24,3,65,1,0,0.0,1,100.0,30,203,151,5,2,0,5,2,37,9,https://fbref.com/en/players/c459a650/Joakim-Maehle-Joakim Mæhle,
12,Rafael Tolói,https://fbref.com/en/players/c56dc39e/Rafael-Toloi,2,2,it ITA,"CB,RB,WB",30-113,90,77,2,19,49,13,1,77,3,3,100.0,0,0.0,43,198,117,2,3,0,1,0,57,4,https://fbref.com/en/players/c56dc39e/Rafael-Toloi-Rafael Tolói,
13,José Luis Palomino,https://fbref.com/en/players/921f6058/Jose-Luis-Palomino,6,6,ar ARG,CB,31-026,90,87,7,34,51,2,0,87,0,0,,0,,40,222,106,0,0,0,1,0,46,0,https://fbref.com/en/players/921f6058/Jose-Luis-Palomino-José Luis Palomino,
14,Berat Djimsiti,https://fbref.com/en/players/6eee05f1/Berat-Djimsiti,19,19,al ALB,CB,27-347,90,78,8,29,41,8,0,78,0,0,,0,,30,149,70,1,1,0,1,1,42,2,https://fbref.com/en/players/6eee05f1/Berat-Djimsiti-Berat Djimsiti,
15,Pierluigi Gollini,https://fbref.com/en/players/f0f7f62f/Pierluigi-Gollini,95,95,it ITA,GK,25-319,90,32,23,32,0,0,0,32,0,0,,0,,20,77,32,0,0,0,0,0,17,0,https://fbref.com/en/players/f0f7f62f/Pierluigi-Gollini-Pierluigi Gollini,
