,Player Name,Player Number,Player,#,Nation,Pos,Age,Min,Att,Live,Dead,FK,TB,Sw,Crs,TI,CK,In,Out,Str,Cmp,Off,Blocks,Player Key,Player Link
0,Joaquín Correa,https://fbref.com/en/players/45b9b619/Joaquin-Correa,11,11,ar ARG,FW,26-171,80,25,20,3,0,0,0,1,0,1,0,1,0,17,2,1,https://fbref.com/en/players/45b9b619/Joaquin-Correa-Joaquín Correa,
1,Andreas Pereira,https://fbref.com/en/players/6639e500/Andreas-Pereira,7,7,br BRA,FW,25-030,10,4,3,1,1,0,0,0,0,0,0,0,0,2,0,0,https://fbref.com/en/players/6639e500/Andreas-Pereira-Andreas Pereira,
2,Ciro Immobile,https://fbref.com/en/players/4431aed2/Ciro-Immobile,17,17,it ITA,FW,30-346,79,27,27,0,0,0,0,0,0,0,0,0,0,17,0,0,https://fbref.com/en/players/4431aed2/Ciro-Immobile-Ciro Immobile,
3,Vedat Muriqi,https://fbref.com/en/players/0cadc46d/Vedat-Muriqi,94,94,xk KVX,FW,26-282,11,5,5,0,0,0,0,0,0,0,0,0,0,3,0,1,https://fbref.com/en/players/0cadc46d/Vedat-Muriqi-Vedat Muriqi,
4,Luis Alberto,https://fbref.com/en/players/5294a83f/Luis-Alberto,10,10,es ESP,CM,28-125,58,19,18,1,0,0,0,1,0,1,0,1,0,12,0,0,https://fbref.com/en/players/5294a83f/Luis-Alberto-Luis Alberto,
5,Jean-Daniel Akpa-Akpro,https://fbref.com/en/players/fdf4b948/Jean-Daniel-Akpa-Akpro,92,92,ci CIV,CM,28-112,32,6,6,0,0,0,0,0,0,0,0,0,0,4,0,0,https://fbref.com/en/players/fdf4b948/Jean-Daniel-Akpa-Akpro-Jean-Daniel Akpa-Akpro,
6,Lucas Leiva,https://fbref.com/en/players/4c78b5ed/Lucas-Leiva,6,6,br BRA,CM,34-022,79,44,44,0,0,0,0,0,0,0,0,0,0,33,0,4,https://fbref.com/en/players/4c78b5ed/Lucas-Leiva-Lucas Leiva,
7,Gonzalo Escalante,https://fbref.com/en/players/3f79a1c8/Gonzalo-Escalante,18,18,ar ARG,CM,27-310,11,6,6,0,0,0,0,0,0,0,0,0,0,3,0,0,https://fbref.com/en/players/3f79a1c8/Gonzalo-Escalante-Gonzalo Escalante,
8,Sergej Milinković-Savić,https://fbref.com/en/players/4e6dbac4/Sergej-Milinkovic-Savic,21,21,rs SRB,CM,25-339,90,58,56,1,0,0,0,0,1,0,0,0,0,39,1,1,https://fbref.com/en/players/4e6dbac4/Sergej-Milinkovic-Savic-Sergej Milinković-Savić,
9,Adam Marušić,https://fbref.com/en/players/d4535821/Adam-Marusic,77,77,me MNE,WB,28-106,90,35,28,7,0,0,0,1,7,0,0,0,0,23,0,1,https://fbref.com/en/players/d4535821/Adam-Marusic-Adam Marušić,
10,Manuel Lazzari,https://fbref.com/en/players/02caf6e0/Manuel-Lazzari,29,29,it ITA,WB,27-063,90,52,39,13,0,0,0,0,13,0,0,0,0,40,0,1,https://fbref.com/en/players/02caf6e0/Manuel-Lazzari-Manuel Lazzari,
11,Ștefan Radu,https://fbref.com/en/players/53de807a/Stefan-Radu,26,26,ro ROU,CB,34-101,90,28,27,1,0,0,0,0,1,0,0,0,0,21,0,0,https://fbref.com/en/players/53de807a/Stefan-Radu-Ștefan Radu,
12,Francesco Acerbi,https://fbref.com/en/players/b96b595c/Francesco-Acerbi,33,33,it ITA,CB,32-356,90,48,38,10,8,0,2,0,0,0,0,0,0,37,0,0,https://fbref.com/en/players/b96b595c/Francesco-Acerbi-Francesco Acerbi,
13,Patric,https://fbref.com/en/players/f7223718/Patric,4,4,es ESP,CB,27-289,37,17,16,1,1,0,0,0,0,0,0,0,0,15,0,0,https://fbref.com/en/players/f7223718/Patric-Patric,
14,Mateo Musacchio,https://fbref.com/en/players/91899ca8/Mateo-Musacchio,37,37,ar ARG,CB,30-158,53,24,24,0,0,0,0,0,0,0,0,0,0,20,0,1,https://fbref.com/en/players/91899ca8/Mateo-Musacchio-Mateo Musacchio,
15,Pepe Reina,https://fbref.com/en/players/e358587b/Pepe-Reina,25,25,es ESP,GK,38-153,90,56,49,7,2,0,1,0,0,0,0,0,0,37,0,0,https://fbref.com/en/players/e358587b/Pepe-Reina-Pepe Reina,
