,Player Name,Player Number,Player,#,Nation,Pos,Age,Min,Gls,Ast,PK,PKatt,Sh,SoT,CrdY,CrdR,Touches,Tkl,Int,Blocks,xG,npxG,xAG,SCA,GCA,Cmp,Att,Cmp%,PrgP,Carries,PrgC,Att,Succ,Player Key,Player Link
0,Joaquín Correa,https://fbref.com/en/players/45b9b619/Joaquin-Correa,11,11,ar ARG,FW,26-171,80,1,0,0,0,2,1,0,0,35,0,0,0,0.6,0.6,0.0,4,1,17,25,68.0,1,15,4,3,2,https://fbref.com/en/players/45b9b619/Joaquin-Correa-Joaquín Correa,
1,Andreas Pereira,https://fbref.com/en/players/6639e500/Andreas-Pereira,7,7,br BRA,FW,25-030,10,0,1,0,0,1,1,0,0,7,0,0,0,0.1,0.1,0.4,1,1,2,4,50.0,0,2,0,0,0,https://fbref.com/en/players/6639e500/Andreas-Pereira-Andreas Pereira,
2,Ciro Immobile,https://fbref.com/en/players/4431aed2/Ciro-Immobile,17,17,it ITA,FW,30-346,79,0,1,0,0,1,0,0,0,37,0,1,1,0.2,0.2,0.8,6,1,17,27,63.0,2,14,2,6,3,https://fbref.com/en/players/4431aed2/Ciro-Immobile-Ciro Immobile,
3,Vedat Muriqi,https://fbref.com/en/players/0cadc46d/Vedat-Muriqi,94,94,xk KVX,FW,26-282,11,1,0,0,0,1,1,0,0,7,0,0,0,0.4,0.4,0.0,0,0,3,5,60.0,0,0,0,0,0,https://fbref.com/en/players/0cadc46d/Vedat-Muriqi-Vedat Muriqi,
4,Luis Alberto,https://fbref.com/en/players/5294a83f/Luis-Alberto,10,10,es ESP,CM,28-125,58,0,0,0,0,3,1,0,0,26,2,0,0,0.1,0.1,0.0,2,0,12,19,63.2,0,12,2,2,2,https://fbref.com/en/players/5294a83f/Luis-Alberto-Luis Alberto,
5,Jean-Daniel Akpa-Akpro,https://fbref.com/en/players/fdf4b948/Jean-Daniel-Akpa-Akpro,92,92,ci CIV,CM,28-112,32,0,0,0,0,1,0,0,0,9,0,0,0,0.0,0.0,0.1,1,0,4,6,66.7,1,1,0,0,0,https://fbref.com/en/players/fdf4b948/Jean-Daniel-Akpa-Akpro-Jean-Daniel Akpa-Akpro,
6,Lucas Leiva,https://fbref.com/en/players/4c78b5ed/Lucas-Leiva,6,6,br BRA,CM,34-022,79,0,0,0,0,1,0,0,0,52,2,3,2,0.0,0.0,0.0,2,0,33,44,75.0,3,11,0,0,0,https://fbref.com/en/players/4c78b5ed/Lucas-Leiva-Lucas Leiva,
7,Gonzalo Escalante,https://fbref.com/en/players/3f79a1c8/Gonzalo-Escalante,18,18,ar ARG,CM,27-310,11,0,0,0,0,0,0,0,0,8,0,1,1,0.0,0.0,0.0,0,0,3,6,50.0,0,2,0,0,0,https://fbref.com/en/players/3f79a1c8/Gonzalo-Escalante-Gonzalo Escalante,
8,Sergej Milinković-Savić,https://fbref.com/en/players/4e6dbac4/Sergej-Milinkovic-Savic,21,21,rs SRB,CM,25-339,90,0,0,0,0,2,1,0,0,73,5,1,2,0.3,0.3,0.2,2,1,39,58,67.2,6,19,1,2,2,https://fbref.com/en/players/4e6dbac4/Sergej-Milinkovic-Savic-Sergej Milinković-Savić,
9,Adam Marušić,https://fbref.com/en/players/d4535821/Adam-Marusic,77,77,me MNE,WB,28-106,90,1,0,0,0,1,1,0,0,43,3,0,2,0.0,0.0,0.1,3,0,23,35,65.7,2,9,1,3,1,https://fbref.com/en/players/d4535821/Adam-Marusic-Adam Marušić,
10,Manuel Lazzari,https://fbref.com/en/players/02caf6e0/Manuel-Lazzari,29,29,it ITA,WB,27-063,90,0,0,0,0,1,1,0,0,69,3,0,1,0.1,0.1,0.0,2,0,40,52,76.9,2,28,3,2,1,https://fbref.com/en/players/02caf6e0/Manuel-Lazzari-Manuel Lazzari,
11,Ștefan Radu,https://fbref.com/en/players/53de807a/Stefan-Radu,26,26,ro ROU,CB,34-101,90,0,1,0,0,0,0,0,0,41,3,1,1,0.0,0.0,0.0,1,1,21,28,75.0,4,10,1,0,0,https://fbref.com/en/players/53de807a/Stefan-Radu-Ștefan Radu,
12,Francesco Acerbi,https://fbref.com/en/players/b96b595c/Francesco-Acerbi,33,33,it ITA,CB,32-356,90,0,0,0,0,0,0,0,0,62,2,2,0,0.0,0.0,0.0,0,0,37,48,77.1,0,13,0,0,0,https://fbref.com/en/players/b96b595c/Francesco-Acerbi-Francesco Acerbi,
13,Patric,https://fbref.com/en/players/f7223718/Patric,4,4,es ESP,CB,27-289,37,0,0,0,0,0,0,1,0,19,1,0,0,0.0,0.0,0.0,0,0,15,17,88.2,0,5,0,0,0,https://fbref.com/en/players/f7223718/Patric-Patric,
14,Mateo Musacchio,https://fbref.com/en/players/91899ca8/Mateo-Musacchio,37,37,ar ARG,CB,30-158,53,0,0,0,0,0,0,1,0,30,1,0,2,0.0,0.0,0.0,0,0,20,24,83.3,0,12,0,0,0,https://fbref.com/en/players/91899ca8/Mateo-Musacchio-Mateo Musacchio,
15,Pepe Reina,https://fbref.com/en/players/e358587b/Pepe-Reina,25,25,es ESP,GK,38-153,90,0,0,0,0,0,0,0,0,57,0,0,0,0.0,0.0,0.0,0,0,37,56,66.1,0,36,0,0,0,https://fbref.com/en/players/e358587b/Pepe-Reina-Pepe Reina,
