,Player Name,Player Number,Player,#,Nation,Pos,Age,Min,Touches,Def Pen,Def 3rd,Mid 3rd,Att 3rd,Att Pen,Live,Att,Succ,Succ%,Tkld,Tkld%,Carries,TotDist,PrgDist,PrgC,1/3,CPA,Mis,Dis,Rec,PrgR,Player Key,Player Link
0,Joaquín Correa,https://fbref.com/en/players/45b9b619/Joaquin-Correa,11,11,ar ARG,FW,26-171,80,35,1,5,17,16,5,35,3,2,66.7,1,33.3,15,163,114,4,2,2,5,3,28,6,https://fbref.com/en/players/45b9b619/Joaquin-Correa-Joaquín Correa,
1,Andreas Pereira,https://fbref.com/en/players/6639e500/Andreas-Pereira,7,7,br BRA,FW,25-030,10,7,0,1,1,6,2,7,0,0,,0,,2,19,15,0,0,0,1,0,4,3,https://fbref.com/en/players/6639e500/Andreas-Pereira-Andreas Pereira,
2,Ciro Immobile,https://fbref.com/en/players/4431aed2/Ciro-Immobile,17,17,it ITA,FW,30-346,79,37,0,5,19,13,1,37,6,3,50.0,3,50.0,14,112,45,2,1,1,1,1,29,3,https://fbref.com/en/players/4431aed2/Ciro-Immobile-Ciro Immobile,
3,Vedat Muriqi,https://fbref.com/en/players/0cadc46d/Vedat-Muriqi,94,94,xk KVX,FW,26-282,11,7,1,1,2,4,1,7,0,0,,0,,0,0,0,0,0,0,0,0,5,0,https://fbref.com/en/players/0cadc46d/Vedat-Muriqi-Vedat Muriqi,
4,Luis Alberto,https://fbref.com/en/players/5294a83f/Luis-Alberto,10,10,es ESP,CM,28-125,58,26,0,9,10,9,0,26,2,2,100.0,0,0.0,12,112,96,2,2,0,0,3,17,2,https://fbref.com/en/players/5294a83f/Luis-Alberto-Luis Alberto,
5,Jean-Daniel Akpa-Akpro,https://fbref.com/en/players/fdf4b948/Jean-Daniel-Akpa-Akpro,92,92,ci CIV,CM,28-112,32,9,0,1,5,3,1,9,0,0,,0,,1,4,0,0,0,0,2,1,4,1,https://fbref.com/en/players/fdf4b948/Jean-Daniel-Akpa-Akpro-Jean-Daniel Akpa-Akpro,
6,Lucas Leiva,https://fbref.com/en/players/4c78b5ed/Lucas-Leiva,6,6,br BRA,CM,34-022,79,52,0,23,26,3,0,52,0,0,,0,,11,32,4,0,1,0,0,0,19,0,https://fbref.com/en/players/4c78b5ed/Lucas-Leiva-Lucas Leiva,
7,Gonzalo Escalante,https://fbref.com/en/players/3f79a1c8/Gonzalo-Escalante,18,18,ar ARG,CM,27-310,11,8,0,3,5,0,0,8,0,0,,0,,2,14,9,0,0,0,0,0,1,0,https://fbref.com/en/players/3f79a1c8/Gonzalo-Escalante-Gonzalo Escalante,
8,Sergej Milinković-Savić,https://fbref.com/en/players/4e6dbac4/Sergej-Milinkovic-Savic,21,21,rs SRB,CM,25-339,90,73,3,22,41,10,1,73,2,2,100.0,0,0.0,19,121,23,1,1,0,4,1,54,3,https://fbref.com/en/players/4e6dbac4/Sergej-Milinkovic-Savic-Sergej Milinković-Savić,
9,Adam Marušić,https://fbref.com/en/players/d4535821/Adam-Marusic,77,77,me MNE,WB,28-106,90,43,3,18,20,6,0,43,3,1,33.3,2,66.7,9,68,48,1,1,0,0,0,22,0,https://fbref.com/en/players/d4535821/Adam-Marusic-Adam Marušić,
10,Manuel Lazzari,https://fbref.com/en/players/02caf6e0/Manuel-Lazzari,29,29,it ITA,WB,27-063,90,69,2,23,29,17,3,69,2,1,50.0,1,50.0,28,281,136,3,4,2,3,3,36,3,https://fbref.com/en/players/02caf6e0/Manuel-Lazzari-Manuel Lazzari,
11,Ștefan Radu,https://fbref.com/en/players/53de807a/Stefan-Radu,26,26,ro ROU,CB,34-101,90,41,5,25,15,2,1,41,0,0,,0,,10,131,71,1,0,0,2,0,16,0,https://fbref.com/en/players/53de807a/Stefan-Radu-Ștefan Radu,
12,Francesco Acerbi,https://fbref.com/en/players/b96b595c/Francesco-Acerbi,33,33,it ITA,CB,32-356,90,62,18,49,14,0,0,62,0,0,,0,,13,52,19,0,0,0,0,0,16,0,https://fbref.com/en/players/b96b595c/Francesco-Acerbi-Francesco Acerbi,
13,Patric,https://fbref.com/en/players/f7223718/Patric,4,4,es ESP,CB,27-289,37,19,2,11,7,1,1,19,0,0,,0,,5,19,1,0,0,0,0,0,13,0,https://fbref.com/en/players/f7223718/Patric-Patric,
14,Mateo Musacchio,https://fbref.com/en/players/91899ca8/Mateo-Musacchio,37,37,ar ARG,CB,30-158,53,30,2,25,7,0,0,30,0,0,,0,,12,85,41,0,0,0,1,0,15,0,https://fbref.com/en/players/91899ca8/Mateo-Musacchio-Mateo Musacchio,
15,Pepe Reina,https://fbref.com/en/players/e358587b/Pepe-Reina,25,25,es ESP,GK,38-153,90,57,49,57,0,0,0,57,0,0,,0,,36,246,106,0,0,0,0,0,39,0,https://fbref.com/en/players/e358587b/Pepe-Reina-Pepe Reina,
