,Minute,Player,Squad,xG,PSxG,Outcome,Distance,Body Part,Notes,SCA 1 Player,SCA 1 Event,SCA 2 Player,SCA 2 Event
0,3,Adam Marušić,Lazio,0.03,0.36,Goal,26,Right Foot,,Ștefan Radu,Pass (Live),,
1,20,Sergej Milinković-Savić,Lazio,0.06,,Off Target,30,Right Foot,Free kick,Joaquín Correa,Fouled,Adam Marušić,Pass (Live)
2,25,Joaquín Correa,Lazio,0.06,,Blocked,16,Left Foot,,Lucas Leiva,Pass (Live),Manuel Lazzari,Pass (Live)
3,25,Luis Alberto,Lazio,0.03,,Off Target,26,Right Foot,Volley,Joaquín Correa,Shot,,
4,28,Lucas Leiva,Lazio,0.02,,Blocked,32,Right Foot,,Ciro Immobile,Pass (Live),Manuel Lazzari,Pass (Live)
5,32,Sergej Milinković-Savić,Lazio,0.25,0.51,Saved,12,Head,,Ciro Immobile,Pass (Live),Luis Alberto,Take-On
6,41,Luis Alberto,Lazio,0.02,0.18,Saved,27,Right Foot,,Luis Alberto,Take-On,Adam Marušić,Pass (Live)
7,44,Duván Zapata,Atalanta,0.06,0.14,Saved,13,Head,,Josip Iličić,Pass (Live),Marten de Roon,Pass (Dead)
8,45,Matteo Ruggeri,Atalanta,0.05,,Off Target,12,Left Foot,,Joakim Mæhle,Pass (Live),Rafael Tolói,Pass (Live)
9,,,,,,,,,,,,,
10,47,Joakim Mæhle,Atalanta,0.05,,Off Target,16,Right Foot,Volley,Aleksei Miranchuk,Pass (Live),Remo Freuler,Pass (Live)
11,50,Luis Alberto,Lazio,0.05,,Blocked,25,Right Foot,,Lucas Leiva,Pass (Live),,
12,51,Joaquín Correa,Lazio,0.58,0.91,Goal,5,Left Foot,,Joaquín Correa,Take-On,Ciro Immobile,Pass (Live)
13,66,Manuel Lazzari,Lazio,0.07,0.05,Saved,9,Right Foot,,Sergej Milinković-Savić,Pass (Live),Joaquín Correa,Pass (Live)
14,72,Sam Lammers,Atalanta,0.05,,Off Target,12,Head,,Luis Muriel,Pass (Live),Ruslan Malinovskyi,Pass (Live)
15,75,Ciro Immobile,Lazio,0.17,,Blocked,14,Left Foot,,Ciro Immobile,Take-On,Ciro Immobile,Take-On
16,75,Jean-Daniel Akpa-Akpro,Lazio,0.05,,Off Target,26,Right Foot,,Adam Marušić,Pass (Live),Ciro Immobile,Shot
17,79,Luis Muriel,Atalanta,0.28,,Woodwork,15,Left Foot,,Luis Muriel,Take-On,Sam Lammers,Pass (Live)
18,79,Mario Pašalić,Atalanta,0.69,0.98,Goal,5,Right Foot,,Luis Muriel,Shot,,
19,82,Vedat Muriqi,Lazio,0.42,0.56,Goal,9,Left Foot,,Andreas Pereira,Pass (Live),Sergej Milinković-Savić,Pass (Live)
20,87,Ruslan Malinovskyi,Atalanta,0.09,0.04,Saved,15,Left Foot,Volley,Luis Muriel,Pass (Live),Joakim Mæhle,Pass (Live)
21,89,Andreas Pereira,Lazio,0.08,0.11,Saved,13,Right Foot,,Jean-Daniel Akpa-Akpro,Pass (Live),,
22,90+3,Mattia Caldara,Atalanta,0.11,,Off Target,10,Head,,Luis Muriel,Pass (Dead),Rafael Tolói,Fouled
