season,injury,from,until,days,missed_games
21/22,Fitness,"Aug 4, 2021","Aug 10, 2021",6 days,1
21/22,Corona virus,"Jul 2, 2021","Aug 4, 2021",33 days,-
20/21,Inflammation of pubic bone,"Dec 18, 2020","Dec 25, 2020",7 days,2
20/21,Quarantine,"Nov 11, 2020","Nov 16, 2020",5 days,1
19/20,muscular problems,"May 15, 2020","May 21, 2020",6 days,1
19/20,Torn muscle fiber,"Sep 6, 2019","Oct 28, 2019",52 days,7
17/18,bruise,"Nov 24, 2017","Dec 2, 2017",8 days,2
17/18,influenza,"Nov 17, 2017","Nov 24, 2017",7 days,2
16/17,Groin injury,"Mar 19, 2017","Apr 21, 2017",33 days,5
16/17,Shoulder injury,"Oct 8, 2016","Oct 22, 2016",14 days,2
