season,injury,from,until,days,missed_games
22/23,Muscle injury,"Mar 21, 2023","Apr 27, 2023",37 days,5
21/22,Stomach flu,"Nov 4, 2021","Nov 11, 2021",7 days,2
20/21,muscular problems,"Apr 18, 2021","May 11, 2021",23 days,5
20/21,muscular problems,"Oct 24, 2020","Nov 25, 2020",32 days,7
20/21,muscular problems,"Oct 10, 2020","Oct 19, 2020",9 days,1
19/20,Muscle injury,"Jan 1, 2020","Feb 5, 2020",35 days,6
18/19,Inguinal hernia,"Sep 27, 2018","Nov 3, 2018",37 days,5
17/18,ankle sprain,"Oct 30, 2017","Nov 16, 2017",17 days,1
12/13,Torn muscle bundle,"May 16, 2013","Jun 19, 2013",34 days,9
