season,injury,from,until,days,missed_games
23/24,Cruciate ligament tear,"Apr 24, 2024","Jan 1, 2025",252 days,9
20/21,Thigh problems,"Nov 25, 2020","Dec 8, 2020",13 days,2
20/21,Fitness,"Sep 26, 2020","Oct 3, 2020",7 days,2
19/20,Knee bruise,"Jun 13, 2020","Jun 17, 2020",4 days,2
19/20,ankle sprain,"Feb 2, 2020","Feb 16, 2020",14 days,2
19/20,Muscle injury,"Nov 15, 2019","Dec 3, 2019",18 days,2
17/18,strain,"Dec 4, 2017","Dec 12, 2017",8 days,2
17/18,Hip problems,"Oct 12, 2017","Oct 23, 2017",11 days,3
16/17,Achilles tendon problems,"Jan 16, 2017","Feb 2, 2017",17 days,2
