season,injury,from,until,days,missed_games
22/23,Cruciate ligament tear,"Oct 19, 2022","Jun 30, 2023",254 days,30
20/21,Pubic bone irritation,"Sep 8, 2020","Sep 29, 2020",21 days,4
19/20,Foot injury,"Jul 3, 2020","Jul 13, 2020",10 days,3
19/20,Calf injury,"Sep 23, 2019","Sep 28, 2019",5 days,1
18/19,Muscle injury,"May 13, 2019","May 27, 2019",14 days,1
18/19,muscular problems,"Dec 10, 2018","Dec 31, 2018",21 days,2
18/19,Ankle injury,"Sep 30, 2018","Nov 25, 2018",56 days,6
16/17,Ankle injury,"Jan 23, 2017","Jan 28, 2017",5 days,1
16/17,Hamstring injury,"Jan 12, 2017","Jan 22, 2017",10 days,3
16/17,Foot injury,"Oct 4, 2016","Nov 30, 2016",57 days,6
15/16,Groin problems,"Nov 5, 2015","Nov 30, 2015",25 days,3
15/16,Leg injury,"Aug 29, 2015","Oct 4, 2015",36 days,6
14/15,stomach problems,"Feb 16, 2015","Feb 21, 2015",5 days,-
14/15,ankle sprain,"Dec 4, 2014","Jan 30, 2015",57 days,11
