season,injury,from,until,days,missed_games
23/24,Calf injury,"Mar 16, 2024","Apr 11, 2024",26 days,1
22/23,bruise,"May 28, 2023","Jun 7, 2023",10 days,3
22/23,Muscle strain,"Oct 10, 2022","Oct 14, 2022",4 days,2
21/22,Toe injury,"Apr 9, 2022","Apr 29, 2022",20 days,4
21/22,Corona virus,"Jan 12, 2022","Jan 20, 2022",8 days,2
21/22,muscular problems,"Oct 24, 2021","Nov 18, 2021",25 days,5
20/21,Corona virus,"May 27, 2021","Jun 10, 2021",14 days,2
20/21,Knee problems,"Apr 2, 2021","Apr 8, 2021",6 days,1
20/21,Knee problems,"Nov 9, 2020","Nov 23, 2020",14 days,3
20/21,Knee problems,"Oct 19, 2020","Oct 26, 2020",7 days,1
19/20,Metatarsal fracture,"Mar 1, 2020","Apr 30, 2020",60 days,2
19/20,Calf injury,"Dec 8, 2019","Jan 1, 2020",24 days,3
18/19,Ankle injury,"Oct 17, 2018","Oct 31, 2018",14 days,2
18/19,Knee injury,"Jul 7, 2018","Aug 7, 2018",31 days,-
16/17,stomach problems,"Nov 11, 2016","Nov 15, 2016",4 days,1
