season,injury,from,until,days,missed_games
20/21,Leg injury,"Nov 19, 2020","Dec 2, 2020",13 days,2
17/18,unknown injury,"Apr 29, 2018","May 20, 2018",21 days,5
17/18,Eyebow fracture,"Mar 18, 2018","Mar 28, 2018",10 days,1
14/15,Knee injury,"Mar 14, 2015","Mar 20, 2015",6 days,1
14/15,Metatarsal fracture,"Jul 18, 2014","Oct 18, 2014",92 days,21
12/13,Muscle injury,"Nov 20, 2012","Dec 7, 2012",17 days,4
11/12,Adductor injury,"Feb 26, 2012","Mar 22, 2012",25 days,6
11/12,Sciatica problems,"Oct 3, 2011","Oct 22, 2011",19 days,5
09/10,Fever,"Oct 18, 2009","Oct 22, 2009",4 days,1
