season,injury,from,until,days,missed_games
23/24,Back injury,"Mar 7, 2024","May 18, 2024",72 days,9
23/24,Ill,"Feb 28, 2024","Mar 4, 2024",5 days,1
23/24,Hamstring injury,"Jan 24, 2024","Jan 31, 2024",7 days,1
23/24,unknown injury,"Dec 8, 2023","Dec 12, 2023",4 days,1
23/24,unknown injury,"Sep 29, 2023","Oct 3, 2023",4 days,1
22/23,Thigh problems,"Sep 27, 2022","Sep 18, 2023",356 days,52
22/23,Groin injury,"Aug 31, 2022","Sep 14, 2022",14 days,4
21/22,unknown injury,"Apr 7, 2022","Apr 13, 2022",6 days,1
21/22,Toe injury,"Jan 12, 2022","Feb 1, 2022",20 days,3
20/21,Cheekbone surgery,"Dec 10, 2020","Jan 8, 2021",29 days,5
20/21,Knock,"Nov 4, 2020","Nov 7, 2020",3 days,1
17/18,Groin strain,"Dec 2, 2017","Jan 15, 2018",44 days,10
17/18,Groin injury,"Sep 28, 2017","Oct 14, 2017",16 days,4
13/14,concussion,"Jun 19, 2014","Jun 22, 2014",3 days,-
13/14,Muscle strain,"Nov 15, 2013","Nov 29, 2013",14 days,6
