season,injury,from,until,days,missed_games
23/24,Broken cheekbone,"Dec 11, 2023","Jan 1, 2024",21 days,3
22/23,Knee problems,"Aug 10, 2022","Aug 15, 2022",5 days,1
21/22,Knee injury,"Jul 22, 2021","Sep 11, 2021",51 days,5
20/21,Groin injury,"Jan 28, 2021","Feb 5, 2021",8 days,2
18/19,Ankle injury,"Nov 25, 2018","Nov 30, 2018",5 days,-
18/19,Knock,"Oct 7, 2018","Oct 19, 2018",12 days,1
16/17,Hip problems,"Dec 13, 2016","Jan 23, 2017",41 days,6
16/17,Cyst in the knee,"Dec 12, 2016","Jan 2, 2017",21 days,1
16/17,ankle sprain,"Sep 13, 2016","Oct 6, 2016",23 days,5
15/16,Meniscus injury,"Aug 31, 2015","Nov 14, 2015",75 days,17
