season,injury,from,until,days,missed_games
21/22,Corona virus,"Mar 10, 2022","Mar 15, 2022",5 days,-
20/21,Knee injury,"Oct 5, 2020","Jun 25, 2021",263 days,41
20/21,Patellar tendinopathy syndrome,"Sep 16, 2020","Oct 5, 2020",19 days,5
20/21,Achilles tendon problems,"Sep 16, 2020","Oct 3, 2020",17 days,4
20/21,Knee injury,"Aug 16, 2020","Aug 28, 2020",12 days,1
19/20,Knee injury,"Apr 22, 2019","Nov 30, 2019",222 days,45
18/19,Knee injury,"Feb 23, 2019","Mar 16, 2019",21 days,2
17/18,Ankle injury,"May 11, 2018","May 18, 2018",7 days,1
