,Player Name,Player Number,Player,#,Nation,Pos,Age,Min,Touches,Def Pen,Def 3rd,Mid 3rd,Att 3rd,Att Pen,Live,Att,Succ,Succ%,Tkld,Tkld%,Carries,TotDist,PrgDist,PrgC,1/3,CPA,Mis,Dis,Rec,PrgR,Player Key,Player Link
0,Luis Muriel,https://fbref.com/en/players/eb2fe5b6/Luis-Muriel,9,9,co COL,FW,29-265,45,38,0,0,9,29,5,38,4,1,25.0,3,75.0,21,112,60,2,0,2,3,1,23,8,https://fbref.com/en/players/eb2fe5b6/Luis-Muriel-Luis Muriel,
1,Duván Zapata,https://fbref.com/en/players/d3de9af0/Duvan-Zapata,91,91,co COL,FW,29-280,45,20,0,0,4,16,3,20,3,2,66.7,1,33.3,19,97,43,2,0,1,0,2,19,8,https://fbref.com/en/players/d3de9af0/Duvan-Zapata-Duván Zapata,
2,Josip Iličić,https://fbref.com/en/players/68252d6d/Josip-Ilicic,72,72,si SVN,FW,32-343,57,37,0,0,11,27,6,37,3,2,66.7,1,33.3,28,235,139,6,3,4,3,2,28,7,https://fbref.com/en/players/68252d6d/Josip-Ilicic-Josip Iličić,
3,Ruslan Malinovskyi,https://fbref.com/en/players/48d5bd33/Ruslan-Malinovskyi,18,18,ua UKR,"FW,AM",27-247,33,27,0,1,8,19,0,27,1,1,100.0,0,0.0,21,121,53,1,3,0,0,2,22,0,https://fbref.com/en/players/48d5bd33/Ruslan-Malinovskyi-Ruslan Malinovskyi,
4,Matteo Pessina,https://fbref.com/en/players/780e3631/Matteo-Pessina,32,32,it ITA,"AM,CM",23-260,90,59,0,7,30,22,2,59,2,0,0.0,2,100.0,49,271,135,4,1,0,2,1,51,3,https://fbref.com/en/players/780e3631/Matteo-Pessina-Matteo Pessina,
5,Remo Freuler,https://fbref.com/en/players/98d2c2c4/Remo-Freuler,11,11,ch SUI,CM,28-266,64,63,2,12,37,15,1,63,2,2,100.0,0,0.0,46,222,97,0,2,0,0,1,47,3,https://fbref.com/en/players/98d2c2c4/Remo-Freuler-Remo Freuler,
6,Aleksei Miranchuk,https://fbref.com/en/players/a9aa0d1d/Aleksei-Miranchuk,59,59,ru RUS,"CM,FW",25-081,26,13,0,1,4,9,1,13,0,0,,0,,13,76,44,1,0,0,0,0,12,3,https://fbref.com/en/players/a9aa0d1d/Aleksei-Miranchuk-Aleksei Miranchuk,
7,Marten de Roon,https://fbref.com/en/players/2a1beb34/Marten-de-Roon,15,15,nl NED,CM,29-283,90,91,1,15,55,22,1,91,2,1,50.0,1,50.0,62,253,142,2,1,0,0,0,59,1,https://fbref.com/en/players/2a1beb34/Marten-de-Roon-Marten de Roon,
8,Robin Gosens,https://fbref.com/en/players/2d970560/Robin-Gosens,8,8,de GER,WB,26-185,64,51,0,6,22,24,5,51,0,0,,0,,32,194,131,4,3,0,0,0,34,10,https://fbref.com/en/players/2d970560/Robin-Gosens-Robin Gosens,
9,Joakim Mæhle,https://fbref.com/en/players/c459a650/Joakim-Maehle,3,3,dk DEN,WB,23-231,26,18,1,5,5,9,1,18,1,1,100.0,0,0.0,10,95,76,1,1,0,0,1,12,0,https://fbref.com/en/players/c459a650/Joakim-Maehle-Joakim Mæhle,
10,Hans Hateboer,https://fbref.com/en/players/3b333ac3/Hans-Hateboer,33,33,nl NED,WB,26-363,80,41,1,3,19,19,1,41,2,2,100.0,0,0.0,25,98,41,1,0,0,0,1,30,13,https://fbref.com/en/players/3b333ac3/Hans-Hateboer-Hans Hateboer,
11,Mattia Caldara,https://fbref.com/en/players/ac7e640b/Mattia-Caldara,13,13,it ITA,CB,26-246,10,5,1,3,1,1,1,5,0,0,,0,,1,4,2,0,0,0,0,0,2,0,https://fbref.com/en/players/ac7e640b/Mattia-Caldara-Mattia Caldara,
12,Berat Djimsiti,https://fbref.com/en/players/6eee05f1/Berat-Djimsiti,19,19,al ALB,CB,27-322,90,72,6,21,34,18,3,72,0,0,,0,,46,190,113,3,5,1,0,0,46,2,https://fbref.com/en/players/6eee05f1/Berat-Djimsiti-Berat Djimsiti,
13,José Luis Palomino,https://fbref.com/en/players/921f6058/Jose-Luis-Palomino,6,6,ar ARG,CB,31-001,90,63,2,25,35,3,1,63,0,0,,0,,44,181,100,2,0,0,0,0,38,0,https://fbref.com/en/players/921f6058/Jose-Luis-Palomino-José Luis Palomino,
14,Rafael Tolói,https://fbref.com/en/players/c56dc39e/Rafael-Toloi,2,2,it ITA,"CB,WB",30-088,90,64,0,15,31,18,1,64,0,0,,0,,42,222,143,3,3,0,0,0,48,5,https://fbref.com/en/players/c56dc39e/Rafael-Toloi-Rafael Tolói,
15,Pierluigi Gollini,https://fbref.com/en/players/f0f7f62f/Pierluigi-Gollini,95,95,it ITA,GK,25-294,90,18,17,18,0,0,0,18,0,0,,0,,11,34,13,0,0,0,0,0,8,0,https://fbref.com/en/players/f0f7f62f/Pierluigi-Gollini-Pierluigi Gollini,
