,Player Name,Player Number,Player,#,Nation,Pos,Age,Min,CrdY,CrdR,2CrdY,Fls,Fld,Off,Crs,Int,TklW,PKwon,PKcon,OG,Recov,Won,Lost,Won%,Player Key,Player Link
0,Luis Muriel,https://fbref.com/en/players/eb2fe5b6/Luis-Muriel,9,9,co COL,FW,29-265,45,0,0,0,0,0,0,5,0,1,0,0,0,3,1,4,20.0,https://fbref.com/en/players/eb2fe5b6/Luis-Muriel-Luis Muriel,
1,Duván Zapata,https://fbref.com/en/players/d3de9af0/Duvan-Zapata,91,91,co COL,FW,29-280,45,0,0,0,0,0,1,2,0,0,0,0,0,2,0,1,0.0,https://fbref.com/en/players/d3de9af0/Duvan-Zapata-Duván Zapata,
2,Josip Iličić,https://fbref.com/en/players/68252d6d/Josip-Ilicic,72,72,si SVN,FW,32-343,57,0,0,0,1,2,1,8,0,0,0,0,0,1,0,0,,https://fbref.com/en/players/68252d6d/Josip-Ilicic-Josip Iličić,
3,Ruslan Malinovskyi,https://fbref.com/en/players/48d5bd33/Ruslan-Malinovskyi,18,18,ua UKR,"FW,AM",27-247,33,0,0,0,0,0,0,6,0,0,0,0,0,1,0,0,,https://fbref.com/en/players/48d5bd33/Ruslan-Malinovskyi-Ruslan Malinovskyi,
4,Matteo Pessina,https://fbref.com/en/players/780e3631/Matteo-Pessina,32,32,it ITA,"AM,CM",23-260,90,1,0,0,3,2,0,2,0,0,0,0,0,4,1,3,25.0,https://fbref.com/en/players/780e3631/Matteo-Pessina-Matteo Pessina,
5,Remo Freuler,https://fbref.com/en/players/98d2c2c4/Remo-Freuler,11,11,ch SUI,CM,28-266,64,0,0,0,0,0,1,0,1,1,0,0,0,4,0,0,,https://fbref.com/en/players/98d2c2c4/Remo-Freuler-Remo Freuler,
6,Aleksei Miranchuk,https://fbref.com/en/players/a9aa0d1d/Aleksei-Miranchuk,59,59,ru RUS,"CM,FW",25-081,26,0,0,0,0,0,0,1,0,1,0,0,0,1,0,0,,https://fbref.com/en/players/a9aa0d1d/Aleksei-Miranchuk-Aleksei Miranchuk,
7,Marten de Roon,https://fbref.com/en/players/2a1beb34/Marten-de-Roon,15,15,nl NED,CM,29-283,90,0,0,0,1,0,0,4,1,3,0,0,0,7,0,2,0.0,https://fbref.com/en/players/2a1beb34/Marten-de-Roon-Marten de Roon,
8,Robin Gosens,https://fbref.com/en/players/2d970560/Robin-Gosens,8,8,de GER,WB,26-185,64,0,0,0,1,0,0,0,1,1,0,0,0,4,1,0,100.0,https://fbref.com/en/players/2d970560/Robin-Gosens-Robin Gosens,
9,Joakim Mæhle,https://fbref.com/en/players/c459a650/Joakim-Maehle,3,3,dk DEN,WB,23-231,26,0,0,0,0,0,0,1,0,0,0,0,0,2,0,0,,https://fbref.com/en/players/c459a650/Joakim-Maehle-Joakim Mæhle,
10,Hans Hateboer,https://fbref.com/en/players/3b333ac3/Hans-Hateboer,33,33,nl NED,WB,26-363,80,0,0,0,0,0,0,1,0,0,0,0,0,1,0,0,,https://fbref.com/en/players/3b333ac3/Hans-Hateboer-Hans Hateboer,
11,Mattia Caldara,https://fbref.com/en/players/ac7e640b/Mattia-Caldara,13,13,it ITA,CB,26-246,10,0,0,0,0,0,0,0,0,0,0,0,0,1,0,1,0.0,https://fbref.com/en/players/ac7e640b/Mattia-Caldara-Mattia Caldara,
12,Berat Djimsiti,https://fbref.com/en/players/6eee05f1/Berat-Djimsiti,19,19,al ALB,CB,27-322,90,0,0,0,2,0,0,0,1,1,0,0,0,7,2,2,50.0,https://fbref.com/en/players/6eee05f1/Berat-Djimsiti-Berat Djimsiti,
13,José Luis Palomino,https://fbref.com/en/players/921f6058/Jose-Luis-Palomino,6,6,ar ARG,CB,31-001,90,0,0,0,1,1,0,0,3,3,0,0,0,12,1,3,25.0,https://fbref.com/en/players/921f6058/Jose-Luis-Palomino-José Luis Palomino,
14,Rafael Tolói,https://fbref.com/en/players/c56dc39e/Rafael-Toloi,2,2,it ITA,"CB,WB",30-088,90,0,0,0,1,0,0,2,1,0,0,0,0,2,2,1,66.7,https://fbref.com/en/players/c56dc39e/Rafael-Toloi-Rafael Tolói,
15,Pierluigi Gollini,https://fbref.com/en/players/f0f7f62f/Pierluigi-Gollini,95,95,it ITA,GK,25-294,90,0,0,0,0,0,0,0,0,0,0,0,0,4,0,0,,https://fbref.com/en/players/f0f7f62f/Pierluigi-Gollini-Pierluigi Gollini,
