,Player Name,Player Number,Player,#,Nation,Pos,Age,Min,Gls,Ast,PK,PKatt,Sh,SoT,CrdY,CrdR,Touches,Tkl,Int,Blocks,xG,npxG,xAG,SCA,GCA,Cmp,Att,Cmp%,PrgP,Carries,PrgC,Att,Succ,Player Key,Player Link
0,Luis Muriel,https://fbref.com/en/players/eb2fe5b6/Luis-Muriel,9,9,co COL,FW,29-265,45,1,0,0,0,3,2,0,0,38,2,0,0,0.5,0.5,0.0,1,0,14,24,58.3,1,21,2,4,1,https://fbref.com/en/players/eb2fe5b6/Luis-Muriel-Luis Muriel,
1,Duván Zapata,https://fbref.com/en/players/d3de9af0/Duvan-Zapata,91,91,co COL,FW,29-280,45,1,0,0,0,1,1,0,0,20,0,0,0,0.1,0.1,0.3,3,0,13,17,76.5,1,19,2,3,2,https://fbref.com/en/players/d3de9af0/Duvan-Zapata-Duván Zapata,
2,Josip Iličić,https://fbref.com/en/players/68252d6d/Josip-Ilicic,72,72,si SVN,FW,32-343,57,0,1,0,0,3,0,0,0,37,0,0,0,0.2,0.2,0.4,3,1,18,29,62.1,3,28,6,3,2,https://fbref.com/en/players/68252d6d/Josip-Ilicic-Josip Iličić,
3,Ruslan Malinovskyi,https://fbref.com/en/players/48d5bd33/Ruslan-Malinovskyi,18,18,ua UKR,"FW,AM",27-247,33,0,0,0,0,1,0,0,0,27,0,0,0,0.0,0.0,0.2,3,1,17,25,68.0,1,21,1,1,1,https://fbref.com/en/players/48d5bd33/Ruslan-Malinovskyi-Ruslan Malinovskyi,
4,Matteo Pessina,https://fbref.com/en/players/780e3631/Matteo-Pessina,32,32,it ITA,"AM,CM",23-260,90,0,0,0,0,0,0,1,0,59,0,0,0,0.0,0.0,0.0,3,1,47,55,85.5,9,49,4,2,0,https://fbref.com/en/players/780e3631/Matteo-Pessina-Matteo Pessina,
5,Remo Freuler,https://fbref.com/en/players/98d2c2c4/Remo-Freuler,11,11,ch SUI,CM,28-266,64,0,0,0,0,1,0,0,0,63,2,1,0,0.0,0.0,0.0,2,0,51,53,96.2,10,46,0,2,2,https://fbref.com/en/players/98d2c2c4/Remo-Freuler-Remo Freuler,
6,Aleksei Miranchuk,https://fbref.com/en/players/a9aa0d1d/Aleksei-Miranchuk,59,59,ru RUS,"CM,FW",25-081,26,0,0,0,0,1,0,0,0,13,1,0,0,0.0,0.0,0.0,1,0,10,12,83.3,1,13,1,0,0,https://fbref.com/en/players/a9aa0d1d/Aleksei-Miranchuk-Aleksei Miranchuk,
7,Marten de Roon,https://fbref.com/en/players/2a1beb34/Marten-de-Roon,15,15,nl NED,CM,29-283,90,0,0,0,0,1,0,0,0,91,3,1,1,0.0,0.0,0.0,5,0,72,81,88.9,13,62,2,2,1,https://fbref.com/en/players/2a1beb34/Marten-de-Roon-Marten de Roon,
8,Robin Gosens,https://fbref.com/en/players/2d970560/Robin-Gosens,8,8,de GER,WB,26-185,64,1,1,0,0,2,1,0,0,51,2,1,0,0.5,0.5,0.1,4,1,40,46,87.0,4,32,4,0,0,https://fbref.com/en/players/2d970560/Robin-Gosens-Robin Gosens,
9,Joakim Mæhle,https://fbref.com/en/players/c459a650/Joakim-Maehle,3,3,dk DEN,WB,23-231,26,0,0,0,0,1,1,0,0,18,0,0,0,0.2,0.2,0.0,0,0,14,16,87.5,0,10,1,1,1,https://fbref.com/en/players/c459a650/Joakim-Maehle-Joakim Mæhle,
10,Hans Hateboer,https://fbref.com/en/players/3b333ac3/Hans-Hateboer,33,33,nl NED,WB,26-363,80,0,0,0,0,1,1,0,0,41,0,0,2,0.1,0.1,0.0,2,1,28,32,87.5,3,25,1,2,2,https://fbref.com/en/players/3b333ac3/Hans-Hateboer-Hans Hateboer,
11,Mattia Caldara,https://fbref.com/en/players/ac7e640b/Mattia-Caldara,13,13,it ITA,CB,26-246,10,0,0,0,0,1,0,0,0,5,0,0,0,0.2,0.2,0.0,0,0,4,4,100.0,0,1,0,0,0,https://fbref.com/en/players/ac7e640b/Mattia-Caldara-Mattia Caldara,
12,Berat Djimsiti,https://fbref.com/en/players/6eee05f1/Berat-Djimsiti,19,19,al ALB,CB,27-322,90,0,0,0,0,1,0,0,0,72,2,1,1,0.0,0.0,0.0,2,0,52,63,82.5,10,46,3,0,0,https://fbref.com/en/players/6eee05f1/Berat-Djimsiti-Berat Djimsiti,
13,José Luis Palomino,https://fbref.com/en/players/921f6058/Jose-Luis-Palomino,6,6,ar ARG,CB,31-001,90,0,0,0,0,0,0,0,0,63,4,3,0,0.0,0.0,0.1,2,0,44,51,86.3,2,44,2,0,0,https://fbref.com/en/players/921f6058/Jose-Luis-Palomino-José Luis Palomino,
14,Rafael Tolói,https://fbref.com/en/players/c56dc39e/Rafael-Toloi,2,2,it ITA,"CB,WB",30-088,90,0,0,0,0,0,0,0,0,64,1,1,0,0.0,0.0,0.1,2,1,47,61,77.0,5,42,3,0,0,https://fbref.com/en/players/c56dc39e/Rafael-Toloi-Rafael Tolói,
15,Pierluigi Gollini,https://fbref.com/en/players/f0f7f62f/Pierluigi-Gollini,95,95,it ITA,GK,25-294,90,0,0,0,0,0,0,0,0,18,0,0,0,0.0,0.0,0.0,0,0,15,16,93.8,0,11,0,0,0,https://fbref.com/en/players/f0f7f62f/Pierluigi-Gollini-Pierluigi Gollini,
