,Player Name,Player Number,Player,#,Nation,Pos,Age,Min,Att,Live,Dead,FK,TB,Sw,Crs,TI,CK,In,Out,Str,Cmp,Off,Blocks,Player Key,Player Link
0,Roberto Inglese,https://fbref.com/en/players/6c1f7328/Roberto-Inglese,45,45,it ITA,FW,29-055,45,14,12,2,0,0,1,0,0,0,0,0,0,8,0,1,https://fbref.com/en/players/6c1f7328/Roberto-Inglese-Roberto Inglese,
1,Andreas Cornelius,https://fbref.com/en/players/c693347d/Andreas-Cornelius,11,11,dk DEN,FW,27-296,45,17,15,2,0,0,0,0,0,0,0,0,0,13,0,0,https://fbref.com/en/players/c693347d/Andreas-Cornelius-Andreas Cornelius,
2,Jasmin Kurtić,https://fbref.com/en/players/144607cc/Jasmin-Kurtic,14,14,si SVN,LM,31-362,90,49,42,7,2,0,0,4,3,2,0,2,0,39,0,1,https://fbref.com/en/players/144607cc/Jasmin-Kurtic-Jasmin Kurtić,
3,Simon Sohm,https://fbref.com/en/players/a5f458d9/Simon-Sohm,19,19,ch SUI,CM,19-270,90,33,32,1,1,0,0,0,0,0,0,0,0,31,0,0,https://fbref.com/en/players/a5f458d9/Simon-Sohm-Simon Sohm,
4,Hernani,https://fbref.com/en/players/6f5ead86/Hernani,23,23,br BRA,CM,26-285,90,34,32,2,1,0,1,0,1,0,0,0,0,33,0,0,https://fbref.com/en/players/6f5ead86/Hernani-Hernani,
5,Yann Karamoh,https://fbref.com/en/players/8b66d9cc/Yann-Karamoh,10,10,fr FRA,RM,22-182,9,1,1,0,0,0,0,0,0,0,0,0,0,0,0,0,https://fbref.com/en/players/8b66d9cc/Yann-Karamoh-Yann Karamoh,
6,Valentin Mihaila,https://fbref.com/en/players/81a4c239/Valentin-Mihaila,28,28,ro ROU,RM,20-339,81,22,22,0,0,0,0,2,0,0,0,0,0,15,0,1,https://fbref.com/en/players/81a4c239/Valentin-Mihaila-Valentin Mihaila,
7,Wylan Cyprien,https://fbref.com/en/players/3e092724/Wylan-Cyprien,18,18,fr FRA,DM,25-344,90,49,46,3,2,0,0,1,0,1,0,1,0,41,0,0,https://fbref.com/en/players/3e092724/Wylan-Cyprien-Wylan Cyprien,
8,Riccardo Gagliolo,https://fbref.com/en/players/173061c0/Riccardo-Gagliolo,7,7,se SWE,LB,30-253,32,19,16,3,1,0,0,1,2,0,0,0,0,15,0,0,https://fbref.com/en/players/173061c0/Riccardo-Gagliolo-Riccardo Gagliolo,
9,Giuseppe Pezzella,https://fbref.com/en/players/149c5f5d/Giuseppe-Pezzella,3,3,it ITA,LB,23-038,58,39,38,1,0,0,0,2,1,0,0,0,0,32,0,1,https://fbref.com/en/players/149c5f5d/Giuseppe-Pezzella-Giuseppe Pezzella,
10,Lautaro Valenti,https://fbref.com/en/players/55db5c36/Lautaro-Valenti,30,30,ar ARG,CB,21-358,90,56,54,2,2,0,0,0,0,0,0,0,0,49,0,0,https://fbref.com/en/players/55db5c36/Lautaro-Valenti-Lautaro Valenti,
11,Bruno Alves,https://fbref.com/en/players/585a73a8/Bruno-Alves,22,22,pt POR,CB,39-040,90,71,67,4,3,0,0,0,0,0,0,0,0,64,0,0,https://fbref.com/en/players/585a73a8/Bruno-Alves-Bruno Alves,
12,Maxime Busi,https://fbref.com/en/players/7b082ec2/Maxime-Busi,42,42,be BEL,RB,21-084,90,75,66,8,0,0,0,1,8,0,0,0,0,67,1,0,https://fbref.com/en/players/7b082ec2/Maxime-Busi-Maxime Busi,
13,Luigi Sepe,https://fbref.com/en/players/343f753a/Luigi-Sepe,1,1,it ITA,GK,29-243,90,68,59,9,1,0,0,0,0,0,0,0,0,57,0,0,https://fbref.com/en/players/343f753a/Luigi-Sepe-Luigi Sepe,
