,Player Name,Player Number,Player,#,Nation,Pos,Age,Min,Touches,Def Pen,Def 3rd,Mid 3rd,Att 3rd,Att Pen,Live,Att,Succ,Succ%,Tkld,Tkld%,Carries,TotDist,PrgDist,PrgC,1/3,CPA,Mis,Dis,Rec,PrgR,Player Key,Player Link
0,Roberto Inglese,https://fbref.com/en/players/6c1f7328/Roberto-Inglese,45,45,it ITA,FW,29-055,45,28,1,2,21,5,1,28,1,1,100.0,0,0.0,13,58,4,0,0,0,11,3,24,7,https://fbref.com/en/players/6c1f7328/Roberto-Inglese-Roberto Inglese,
1,Andreas Cornelius,https://fbref.com/en/players/c693347d/Andreas-Cornelius,11,11,dk DEN,FW,27-296,45,25,3,4,16,6,1,25,1,0,0.0,1,100.0,11,45,5,0,1,0,2,2,21,3,https://fbref.com/en/players/c693347d/Andreas-Cornelius-Andreas Cornelius,
2,Jasmin Kurtić,https://fbref.com/en/players/144607cc/Jasmin-Kurtic,14,14,si SVN,LM,31-362,90,63,3,20,30,14,0,63,1,1,100.0,0,0.0,26,147,86,5,2,0,1,1,35,1,https://fbref.com/en/players/144607cc/Jasmin-Kurtic-Jasmin Kurtić,
3,Simon Sohm,https://fbref.com/en/players/a5f458d9/Simon-Sohm,19,19,ch SUI,CM,19-270,90,36,2,15,19,2,0,36,0,0,,0,,11,55,34,0,0,0,0,0,25,2,https://fbref.com/en/players/a5f458d9/Simon-Sohm-Simon Sohm,
4,Hernani,https://fbref.com/en/players/6f5ead86/Hernani,23,23,br BRA,CM,26-285,90,45,3,14,26,6,0,45,2,1,50.0,1,50.0,16,141,87,3,2,0,1,1,30,2,https://fbref.com/en/players/6f5ead86/Hernani-Hernani,
5,Yann Karamoh,https://fbref.com/en/players/8b66d9cc/Yann-Karamoh,10,10,fr FRA,RM,22-182,9,4,0,1,2,1,0,4,1,0,0.0,1,100.0,2,29,0,0,0,0,1,0,1,0,https://fbref.com/en/players/8b66d9cc/Yann-Karamoh-Yann Karamoh,
6,Valentin Mihaila,https://fbref.com/en/players/81a4c239/Valentin-Mihaila,28,28,ro ROU,RM,20-339,81,32,4,11,12,9,2,32,1,0,0.0,1,100.0,21,241,75,3,2,1,5,3,27,8,https://fbref.com/en/players/81a4c239/Valentin-Mihaila-Valentin Mihaila,
7,Wylan Cyprien,https://fbref.com/en/players/3e092724/Wylan-Cyprien,18,18,fr FRA,DM,25-344,90,54,4,22,29,4,0,54,0,0,,0,,21,105,34,0,0,0,0,1,36,0,https://fbref.com/en/players/3e092724/Wylan-Cyprien-Wylan Cyprien,
8,Riccardo Gagliolo,https://fbref.com/en/players/173061c0/Riccardo-Gagliolo,7,7,se SWE,LB,30-253,32,27,2,11,13,3,0,27,0,0,,0,,10,60,33,1,2,0,1,0,13,0,https://fbref.com/en/players/173061c0/Riccardo-Gagliolo-Riccardo Gagliolo,
9,Giuseppe Pezzella,https://fbref.com/en/players/149c5f5d/Giuseppe-Pezzella,3,3,it ITA,LB,23-038,58,46,3,25,15,6,1,46,1,1,100.0,0,0.0,22,210,183,5,2,1,0,0,33,1,https://fbref.com/en/players/149c5f5d/Giuseppe-Pezzella-Giuseppe Pezzella,
10,Lautaro Valenti,https://fbref.com/en/players/55db5c36/Lautaro-Valenti,30,30,ar ARG,CB,21-358,90,72,18,50,22,1,0,72,1,1,100.0,0,0.0,29,191,99,0,0,0,0,0,49,0,https://fbref.com/en/players/55db5c36/Lautaro-Valenti-Lautaro Valenti,
11,Bruno Alves,https://fbref.com/en/players/585a73a8/Bruno-Alves,22,22,pt POR,CB,39-040,90,86,19,64,22,0,0,86,0,0,,0,,45,245,116,0,0,0,0,0,61,0,https://fbref.com/en/players/585a73a8/Bruno-Alves-Bruno Alves,
12,Maxime Busi,https://fbref.com/en/players/7b082ec2/Maxime-Busi,42,42,be BEL,RB,21-084,90,86,5,34,48,4,0,86,1,0,0.0,1,100.0,50,230,165,2,1,0,2,1,59,1,https://fbref.com/en/players/7b082ec2/Maxime-Busi-Maxime Busi,
13,Luigi Sepe,https://fbref.com/en/players/343f753a/Luigi-Sepe,1,1,it ITA,GK,29-243,90,70,55,70,0,0,0,70,0,0,,0,,43,275,181,0,0,0,0,0,38,0,https://fbref.com/en/players/343f753a/Luigi-Sepe-Luigi Sepe,
