,Minute,Player,Squad,xG,PSxG,Outcome,Distance,Body Part,Notes,SCA 1 Player,SCA 1 Event,SCA 2 Player,SCA 2 Event
0,5,Josip Iličić,Atalanta,0.05,,Blocked,13,Left Foot,,Rafael Tolói,Pass (Live),Marten de Roon,Pass (Live)
1,15,Luis Muriel,Atalanta,0.39,0.92,Goal,10,Left Foot,,Josip Iličić,Pass (Live),Rafael Tolói,Pass (Live)
2,20,Berat Djimsiti,Atalanta,0.03,,Off Target,14,Head,,Luis Muriel,Pass (Dead),,
3,22,Luis Muriel,Atalanta,0.03,0.02,Saved,24,Right Foot,,Berat Djimsiti,Pass (Live),Remo Freuler,Pass (Live)
4,37,Josip Iličić,Atalanta,0.04,,Blocked,16,Right Foot,,Matteo Pessina,Pass (Live),Robin Gosens,Pass (Dead)
5,38,Luis Muriel,Atalanta,0.06,,Off Target,22,Right Foot,,Robin Gosens,Pass (Live),Matteo Pessina,Pass (Live)
6,42,Robin Gosens,Atalanta,0.05,,Off Target,13,Head,,Josip Iličić,Pass (Live),Marten de Roon,Pass (Live)
7,,,,,,,,,,,,,
8,49,Duván Zapata,Atalanta,0.07,0.14,Goal,10,Left Foot,,Robin Gosens,Pass (Live),Matteo Pessina,Pass (Live)
9,52,Remo Freuler,Atalanta,0.03,,Off Target,23,Right Foot,Volley,Marten de Roon,Pass (Live),Robin Gosens,Pass (Live)
10,52,Hans Hateboer,Atalanta,0.06,0.14,Saved,12,Head,,José Luis Palomino,Pass (Live),Remo Freuler,Shot
11,55,Josip Iličić,Atalanta,0.09,,Off Target,14,Right Foot,,Josip Iličić,Take-On,José Luis Palomino,Pass (Live)
12,56,Lautaro Valenti,Parma,0.04,,Blocked,21,Right Foot,Volley,,,,
13,57,Marten de Roon,Atalanta,0.03,,Off Target,26,Right Foot,Volley,Hans Hateboer,Pass (Live),Marten de Roon,Pass (Live)
14,61,Robin Gosens,Atalanta,0.42,0.84,Goal,10,Left Foot,Volley,Ruslan Malinovskyi,Pass (Live),Hans Hateboer,Pass (Live)
15,68,Ruslan Malinovskyi,Atalanta,0.03,,Off Target,27,Left Foot,,Duván Zapata,Pass (Live),Ruslan Malinovskyi,Pass (Live)
16,77,Joakim Mæhle,Atalanta,0.23,0.44,Saved,9,Right Foot,,Duván Zapata,Pass (Live),Berat Djimsiti,Pass (Live)
17,84,Wylan Cyprien,Parma,0.02,,Off Target,33,Right Foot,,Andreas Cornelius,Fouled,Bruno Alves,Pass (Live)
18,86,Aleksei Miranchuk,Atalanta,0.04,,Off Target,15,Head,,Marten de Roon,Pass (Live),Aleksei Miranchuk,Pass (Live)
19,90+1,Mattia Caldara,Atalanta,0.16,,Off Target,9,Right Foot,Volley,Ruslan Malinovskyi,Pass (Dead),Duván Zapata,Take-On
