,Player Name,Player Number,Player,#,Nation,Pos,Age,Min,Touches,Def Pen,Def 3rd,Mid 3rd,Att 3rd,Att Pen,Live,Att,Succ,Succ%,Tkld,Tkld%,Carries,TotDist,PrgDist,PrgC,1/3,CPA,Mis,Dis,Rec,PrgR,Player Key,Player Link
0,Aaron Leya Iseka,https://fbref.com/en/players/29ef0f49/Aaron-Leya-Iseka,24,24,be BEL,FW,23-007,54,12,0,0,5,7,3,11,0,0,,0,,10,35,12,0,1,0,0,0,11,0,https://fbref.com/en/players/29ef0f49/Aaron-Leya-Iseka-Aaron Leya Iseka,
1,Opa Nguette,https://fbref.com/en/players/75a63397/Opa-Nguette,11,11,sn SEN,FW,26-137,36,16,1,4,3,9,3,16,3,0,0.0,3,100.0,13,93,23,2,0,3,3,3,13,3,https://fbref.com/en/players/75a63397/Opa-Nguette-Opa Nguette,
2,Farid Boulaya,https://fbref.com/en/players/a0791826/Farid-Boulaya,10,10,dz ALG,LW,27-271,90,51,1,4,32,15,0,51,4,2,50.0,2,50.0,26,189,72,3,0,0,2,0,29,7,https://fbref.com/en/players/a0791826/Farid-Boulaya-Farid Boulaya,
3,Lamine Gueye,https://fbref.com/en/players/9d5dcc23/Lamine-Gueye,13,13,sn SEN,RW,22-254,90,45,0,7,20,19,5,45,3,2,66.7,1,33.3,31,265,110,3,5,0,4,3,26,6,https://fbref.com/en/players/9d5dcc23/Lamine-Gueye-Lamine Gueye,
4,Warren Tchimbembé,https://fbref.com/en/players/93b8f9f4/Warren-Tchimbembe,12,12,cg CGO,LM,22-215,66,32,2,9,16,7,1,32,0,0,,0,,18,108,34,0,0,0,1,1,17,2,https://fbref.com/en/players/93b8f9f4/Warren-Tchimbembe-Warren Tchimbembé,
5,Vagner Gonçalves,https://fbref.com/en/players/743fd71f/Vagner-Goncalves,27,27,cv CPV,LM,24-317,24,14,0,4,5,5,1,14,0,0,,0,,9,42,22,1,0,0,0,0,6,0,https://fbref.com/en/players/743fd71f/Vagner-Goncalves-Vagner Gonçalves,
6,Vincent Pajot,https://fbref.com/en/players/f86ca403/Vincent-Pajot,14,14,fr FRA,CM,30-095,24,12,0,7,5,0,0,12,0,0,,0,,8,28,7,0,0,0,0,1,6,0,https://fbref.com/en/players/f86ca403/Vincent-Pajot-Vincent Pajot,
7,Thomas Delaine,https://fbref.com/en/players/8332db56/Thomas-Delaine,17,17,fr FRA,RB,28-243,66,35,0,9,16,10,0,35,1,0,0.0,1,100.0,17,79,47,2,1,0,2,0,16,2,https://fbref.com/en/players/8332db56/Thomas-Delaine-Thomas Delaine,
8,Victorien Angban,https://fbref.com/en/players/d8992b84/Victorien-Angban,5,5,ci CIV,RM,24-054,90,31,1,6,21,4,0,31,0,0,,0,,21,84,30,0,0,0,2,0,22,0,https://fbref.com/en/players/d8992b84/Victorien-Angban-Victorien Angban,
9,Matthieu Udol,https://fbref.com/en/players/cc41f558/Matthieu-Udol,3,3,fr FRA,LB,24-247,90,55,3,18,23,15,0,55,2,0,0.0,2,100.0,26,127,59,1,0,0,1,0,23,3,https://fbref.com/en/players/cc41f558/Matthieu-Udol-Matthieu Udol,
10,John Boye,https://fbref.com/en/players/861227d2/John-Boye,21,21,gh GHA,CB,33-213,90,50,18,43,7,0,0,50,0,0,,0,,21,107,14,0,0,0,2,0,15,0,https://fbref.com/en/players/861227d2/John-Boye-John Boye,
11,Dylan Bronn,https://fbref.com/en/players/edd81e2a/Dylan-Bronn,2,2,tn TUN,CB,25-156,90,31,5,15,17,0,0,31,0,0,,0,,18,59,27,1,0,0,0,1,14,0,https://fbref.com/en/players/edd81e2a/Dylan-Bronn-Dylan Bronn,
12,Habib Maïga,https://fbref.com/en/players/e768de1f/Habib-Maiga,19,19,ci CIV,RB,24-326,25,15,3,7,6,2,0,15,2,0,0.0,2,100.0,4,30,8,1,0,0,0,0,4,2,https://fbref.com/en/players/e768de1f/Habib-Maiga-Habib Maïga,
13,Mamadou Fofana,https://fbref.com/en/players/4c4ffacc/Mamadou-Fofana,6,6,ml MLI,CM,22-306,65,32,2,13,17,2,0,32,0,0,,0,,18,65,30,0,0,0,1,0,14,0,https://fbref.com/en/players/4c4ffacc/Mamadou-Fofana-Mamadou Fofana,
14,Alexandre Oukidja,https://fbref.com/en/players/ae7d0ecd/Alexandre-Oukidja,16,16,dz ALG,GK,32-126,90,33,25,33,0,0,0,33,0,0,,0,,15,88,55,0,0,0,0,0,5,0,https://fbref.com/en/players/ae7d0ecd/Alexandre-Oukidja-Alexandre Oukidja,
