,Player Name,Player Number,Player,#,Nation,Pos,Age,Min,Att,Live,Dead,FK,TB,Sw,Crs,TI,CK,In,Out,Str,Cmp,Off,Blocks,Player Key,Player Link
0,Aaron Leya Iseka,https://fbref.com/en/players/29ef0f49/Aaron-Leya-Iseka,24,24,be BEL,FW,23-007,54,10,10,0,0,0,0,0,0,0,0,0,0,10,0,0,https://fbref.com/en/players/29ef0f49/Aaron-Leya-Iseka-Aaron Leya Iseka,
1,Opa Nguette,https://fbref.com/en/players/75a63397/Opa-Nguette,11,11,sn SEN,FW,26-137,36,7,7,0,0,0,0,0,0,0,0,0,0,4,0,0,https://fbref.com/en/players/75a63397/Opa-Nguette-Opa Nguette,
2,Farid Boulaya,https://fbref.com/en/players/a0791826/Farid-Boulaya,10,10,dz ALG,LW,27-271,90,40,31,8,4,1,0,7,0,2,1,1,0,25,1,1,https://fbref.com/en/players/a0791826/Farid-Boulaya-Farid Boulaya,
3,Lamine Gueye,https://fbref.com/en/players/9d5dcc23/Lamine-Gueye,13,13,sn SEN,RW,22-254,90,22,22,0,0,0,0,2,0,0,0,0,0,13,0,2,https://fbref.com/en/players/9d5dcc23/Lamine-Gueye-Lamine Gueye,
4,Warren Tchimbembé,https://fbref.com/en/players/93b8f9f4/Warren-Tchimbembe,12,12,cg CGO,LM,22-215,66,23,23,0,0,0,0,1,0,0,0,0,0,17,0,0,https://fbref.com/en/players/93b8f9f4/Warren-Tchimbembe-Warren Tchimbembé,
5,Vagner Gonçalves,https://fbref.com/en/players/743fd71f/Vagner-Goncalves,27,27,cv CPV,LM,24-317,24,7,6,0,0,0,0,1,0,0,0,0,0,5,1,0,https://fbref.com/en/players/743fd71f/Vagner-Goncalves-Vagner Gonçalves,
6,Vincent Pajot,https://fbref.com/en/players/f86ca403/Vincent-Pajot,14,14,fr FRA,CM,30-095,24,8,8,0,0,0,0,0,0,0,0,0,0,5,0,0,https://fbref.com/en/players/f86ca403/Vincent-Pajot-Vincent Pajot,
7,Thomas Delaine,https://fbref.com/en/players/8332db56/Thomas-Delaine,17,17,fr FRA,RB,28-243,66,30,19,11,1,0,0,2,10,0,0,0,0,20,0,0,https://fbref.com/en/players/8332db56/Thomas-Delaine-Thomas Delaine,
8,Victorien Angban,https://fbref.com/en/players/d8992b84/Victorien-Angban,5,5,ci CIV,RM,24-054,90,25,25,0,0,0,0,0,0,0,0,0,0,21,0,1,https://fbref.com/en/players/d8992b84/Victorien-Angban-Victorien Angban,
9,Matthieu Udol,https://fbref.com/en/players/cc41f558/Matthieu-Udol,3,3,fr FRA,LB,24-247,90,44,30,14,3,0,0,4,11,0,0,0,0,32,0,1,https://fbref.com/en/players/cc41f558/Matthieu-Udol-Matthieu Udol,
10,John Boye,https://fbref.com/en/players/861227d2/John-Boye,21,21,gh GHA,CB,33-213,90,26,24,2,2,0,0,0,0,0,0,0,0,18,0,0,https://fbref.com/en/players/861227d2/John-Boye-John Boye,
11,Dylan Bronn,https://fbref.com/en/players/edd81e2a/Dylan-Bronn,2,2,tn TUN,CB,25-156,90,22,19,3,3,0,1,0,0,0,0,0,0,15,0,0,https://fbref.com/en/players/edd81e2a/Dylan-Bronn-Dylan Bronn,
12,Habib Maïga,https://fbref.com/en/players/e768de1f/Habib-Maiga,19,19,ci CIV,RB,24-326,25,7,4,3,0,0,0,1,3,0,0,0,0,5,0,0,https://fbref.com/en/players/e768de1f/Habib-Maiga-Habib Maïga,
13,Mamadou Fofana,https://fbref.com/en/players/4c4ffacc/Mamadou-Fofana,6,6,ml MLI,CM,22-306,65,24,24,0,0,0,0,0,0,0,0,0,0,20,0,0,https://fbref.com/en/players/4c4ffacc/Mamadou-Fofana-Mamadou Fofana,
14,Alexandre Oukidja,https://fbref.com/en/players/ae7d0ecd/Alexandre-Oukidja,16,16,dz ALG,GK,32-126,90,30,18,12,5,0,0,0,0,0,0,0,0,15,0,0,https://fbref.com/en/players/ae7d0ecd/Alexandre-Oukidja-Alexandre Oukidja,
