,Player Name,Player Number,Player,#,Nation,Pos,Age,Min,CrdY,CrdR,2CrdY,Fls,Fld,Off,Crs,Int,TklW,PKwon,PKcon,OG,Recov,Won,Lost,Won%,Player Key,Player Link
0,Aaron Leya Iseka,https://fbref.com/en/players/29ef0f49/Aaron-Leya-Iseka,24,24,be BEL,FW,23-007,54,0,0,0,2,0,0,0,0,0,0,0,0,0,0,6,0.0,https://fbref.com/en/players/29ef0f49/Aaron-Leya-Iseka-Aaron Leya Iseka,
1,Opa Nguette,https://fbref.com/en/players/75a63397/Opa-Nguette,11,11,sn SEN,FW,26-137,36,0,0,0,2,3,1,0,0,1,0,0,0,2,1,4,20.0,https://fbref.com/en/players/75a63397/Opa-Nguette-Opa Nguette,
2,Farid Boulaya,https://fbref.com/en/players/a0791826/Farid-Boulaya,10,10,dz ALG,LW,27-271,90,0,0,0,0,3,1,7,0,0,0,0,0,5,3,1,75.0,https://fbref.com/en/players/a0791826/Farid-Boulaya-Farid Boulaya,
3,Lamine Gueye,https://fbref.com/en/players/9d5dcc23/Lamine-Gueye,13,13,sn SEN,RW,22-254,90,0,0,0,0,2,0,2,6,1,0,0,0,7,4,4,50.0,https://fbref.com/en/players/9d5dcc23/Lamine-Gueye-Lamine Gueye,
4,Warren Tchimbembé,https://fbref.com/en/players/93b8f9f4/Warren-Tchimbembe,12,12,cg CGO,LM,22-215,66,0,0,0,1,2,0,1,0,1,0,0,0,4,0,0,,https://fbref.com/en/players/93b8f9f4/Warren-Tchimbembe-Warren Tchimbembé,
5,Vagner Gonçalves,https://fbref.com/en/players/743fd71f/Vagner-Goncalves,27,27,cv CPV,LM,24-317,24,0,0,0,0,2,0,1,1,1,0,0,0,2,0,0,,https://fbref.com/en/players/743fd71f/Vagner-Goncalves-Vagner Gonçalves,
6,Vincent Pajot,https://fbref.com/en/players/f86ca403/Vincent-Pajot,14,14,fr FRA,CM,30-095,24,0,0,0,0,0,0,0,2,1,0,0,0,1,1,0,100.0,https://fbref.com/en/players/f86ca403/Vincent-Pajot-Vincent Pajot,
7,Thomas Delaine,https://fbref.com/en/players/8332db56/Thomas-Delaine,17,17,fr FRA,RB,28-243,66,0,0,0,2,0,0,2,0,3,0,0,0,2,0,2,0.0,https://fbref.com/en/players/8332db56/Thomas-Delaine-Thomas Delaine,
8,Victorien Angban,https://fbref.com/en/players/d8992b84/Victorien-Angban,5,5,ci CIV,RM,24-054,90,0,0,0,3,1,0,0,0,0,0,0,0,2,0,1,0.0,https://fbref.com/en/players/d8992b84/Victorien-Angban-Victorien Angban,
9,Matthieu Udol,https://fbref.com/en/players/cc41f558/Matthieu-Udol,3,3,fr FRA,LB,24-247,90,0,0,0,0,1,0,4,0,1,0,0,0,6,0,4,0.0,https://fbref.com/en/players/cc41f558/Matthieu-Udol-Matthieu Udol,
10,John Boye,https://fbref.com/en/players/861227d2/John-Boye,21,21,gh GHA,CB,33-213,90,1,0,0,1,2,0,0,3,3,0,0,0,6,2,0,100.0,https://fbref.com/en/players/861227d2/John-Boye-John Boye,
11,Dylan Bronn,https://fbref.com/en/players/edd81e2a/Dylan-Bronn,2,2,tn TUN,CB,25-156,90,0,0,0,1,0,0,0,2,1,0,0,0,5,1,1,50.0,https://fbref.com/en/players/edd81e2a/Dylan-Bronn-Dylan Bronn,
12,Habib Maïga,https://fbref.com/en/players/e768de1f/Habib-Maiga,19,19,ci CIV,RB,24-326,25,0,0,0,1,0,0,1,1,2,0,0,0,1,0,0,,https://fbref.com/en/players/e768de1f/Habib-Maiga-Habib Maïga,
13,Mamadou Fofana,https://fbref.com/en/players/4c4ffacc/Mamadou-Fofana,6,6,ml MLI,CM,22-306,65,1,0,0,2,1,0,0,1,2,0,0,0,7,1,0,100.0,https://fbref.com/en/players/4c4ffacc/Mamadou-Fofana-Mamadou Fofana,
14,Alexandre Oukidja,https://fbref.com/en/players/ae7d0ecd/Alexandre-Oukidja,16,16,dz ALG,GK,32-126,90,1,0,0,0,0,0,0,0,0,0,0,0,3,1,0,100.0,https://fbref.com/en/players/ae7d0ecd/Alexandre-Oukidja-Alexandre Oukidja,
