,Player Name,Player Number,Player,#,Nation,Pos,Age,Min,Gls,Ast,PK,PKatt,Sh,SoT,CrdY,CrdR,Touches,Tkl,Int,Blocks,xG,npxG,xAG,SCA,GCA,Cmp,Att,Cmp%,PrgP,Carries,PrgC,Att,Succ,Player Key,Player Link
0,Aaron Leya Iseka,https://fbref.com/en/players/29ef0f49/Aaron-Leya-Iseka,24,24,be BEL,FW,23-007,54,1,0,1,1,1,0,0,0,12,0,0,0,0.9,0.1,0.1,2,0,10,10,100.0,1,10,0,0,0,https://fbref.com/en/players/29ef0f49/Aaron-Leya-Iseka-Aaron Leya Iseka,
1,Opa Nguette,https://fbref.com/en/players/75a63397/Opa-Nguette,11,11,sn SEN,FW,26-137,36,0,0,0,0,0,0,0,0,16,1,0,0,0.0,0.0,0.0,1,0,4,7,57.1,0,13,2,3,0,https://fbref.com/en/players/75a63397/Opa-Nguette-Opa Nguette,
2,Farid Boulaya,https://fbref.com/en/players/a0791826/Farid-Boulaya,10,10,dz ALG,LW,27-271,90,0,0,0,0,2,1,0,0,51,0,0,0,0.0,0.0,0.1,3,0,25,40,62.5,5,26,3,4,2,https://fbref.com/en/players/a0791826/Farid-Boulaya-Farid Boulaya,
3,Lamine Gueye,https://fbref.com/en/players/9d5dcc23/Lamine-Gueye,13,13,sn SEN,RW,22-254,90,0,0,0,0,5,1,0,0,45,1,6,1,0.3,0.3,0.0,4,1,13,22,59.1,2,31,3,3,2,https://fbref.com/en/players/9d5dcc23/Lamine-Gueye-Lamine Gueye,
4,Warren Tchimbembé,https://fbref.com/en/players/93b8f9f4/Warren-Tchimbembe,12,12,cg CGO,LM,22-215,66,0,0,0,0,1,0,0,0,32,3,0,0,0.1,0.1,0.1,1,0,17,23,73.9,3,18,0,0,0,https://fbref.com/en/players/93b8f9f4/Warren-Tchimbembe-Warren Tchimbembé,
5,Vagner Gonçalves,https://fbref.com/en/players/743fd71f/Vagner-Goncalves,27,27,cv CPV,LM,24-317,24,0,0,0,0,1,1,0,0,14,2,1,0,0.1,0.1,0.0,0,0,5,7,71.4,0,9,1,0,0,https://fbref.com/en/players/743fd71f/Vagner-Goncalves-Vagner Gonçalves,
6,Vincent Pajot,https://fbref.com/en/players/f86ca403/Vincent-Pajot,14,14,fr FRA,CM,30-095,24,0,0,0,0,0,0,0,0,12,1,2,0,0.0,0.0,0.0,0,0,5,8,62.5,0,8,0,0,0,https://fbref.com/en/players/f86ca403/Vincent-Pajot-Vincent Pajot,
7,Thomas Delaine,https://fbref.com/en/players/8332db56/Thomas-Delaine,17,17,fr FRA,RB,28-243,66,0,0,0,0,0,0,0,0,35,3,0,0,0.0,0.0,0.1,1,0,20,30,66.7,3,17,2,1,0,https://fbref.com/en/players/8332db56/Thomas-Delaine-Thomas Delaine,
8,Victorien Angban,https://fbref.com/en/players/d8992b84/Victorien-Angban,5,5,ci CIV,RM,24-054,90,0,0,0,0,0,0,0,0,31,1,0,1,0.0,0.0,0.0,0,0,21,25,84.0,6,21,0,0,0,https://fbref.com/en/players/d8992b84/Victorien-Angban-Victorien Angban,
9,Matthieu Udol,https://fbref.com/en/players/cc41f558/Matthieu-Udol,3,3,fr FRA,LB,24-247,90,0,0,0,0,0,0,0,0,55,1,0,3,0.0,0.0,0.1,4,0,32,44,72.7,2,26,1,2,0,https://fbref.com/en/players/cc41f558/Matthieu-Udol-Matthieu Udol,
10,John Boye,https://fbref.com/en/players/861227d2/John-Boye,21,21,gh GHA,CB,33-213,90,0,0,0,0,0,0,1,0,50,5,3,4,0.0,0.0,0.0,0,0,18,26,69.2,0,21,0,0,0,https://fbref.com/en/players/861227d2/John-Boye-John Boye,
11,Dylan Bronn,https://fbref.com/en/players/edd81e2a/Dylan-Bronn,2,2,tn TUN,CB,25-156,90,0,0,0,0,0,0,0,0,31,3,2,0,0.0,0.0,0.0,0,0,15,22,68.2,0,18,1,0,0,https://fbref.com/en/players/edd81e2a/Dylan-Bronn-Dylan Bronn,
12,Habib Maïga,https://fbref.com/en/players/e768de1f/Habib-Maiga,19,19,ci CIV,RB,24-326,25,0,0,0,0,0,0,0,0,15,2,1,0,0.0,0.0,0.0,0,0,5,7,71.4,0,4,1,2,0,https://fbref.com/en/players/e768de1f/Habib-Maiga-Habib Maïga,
13,Mamadou Fofana,https://fbref.com/en/players/4c4ffacc/Mamadou-Fofana,6,6,ml MLI,CM,22-306,65,0,0,0,0,0,0,1,0,32,3,1,2,0.0,0.0,0.0,2,0,20,24,83.3,3,18,0,0,0,https://fbref.com/en/players/4c4ffacc/Mamadou-Fofana-Mamadou Fofana,
14,Alexandre Oukidja,https://fbref.com/en/players/ae7d0ecd/Alexandre-Oukidja,16,16,dz ALG,GK,32-126,90,0,0,0,0,0,0,1,0,33,0,0,0,0.0,0.0,0.0,0,0,15,30,50.0,0,15,0,0,0,https://fbref.com/en/players/ae7d0ecd/Alexandre-Oukidja-Alexandre Oukidja,
