,Player Name,Player Number,Player,#,Nation,Pos,Age,Min,Gls,Ast,PK,PKatt,Sh,SoT,CrdY,CrdR,Touches,Tkl,Int,Blocks,xG,npxG,xAG,SCA,GCA,Cmp,Att,Cmp%,PrgP,Carries,PrgC,Att,Succ,Player Key,Player Link
0,Randal Kolo Muani,https://fbref.com/en/players/c0b3669f/Randal-Kolo-Muani,23,23,fr FRA,FW,21-353,90,1,0,0,0,4,2,0,0,36,1,0,0,0.5,0.5,0.2,5,0,15,21,71.4,2,18,2,4,2,https://fbref.com/en/players/c0b3669f/Randal-Kolo-Muani-Randal Kolo Muani,
1,Abdoul Kader Bamba,https://fbref.com/en/players/32f3d97e/Abdoul-Kader-Bamba,32,32,fr FRA,LW,26-181,89,0,0,0,0,3,2,0,0,68,1,0,0,0.1,0.1,0.3,7,0,46,58,79.3,9,37,6,3,1,https://fbref.com/en/players/32f3d97e/Abdoul-Kader-Bamba-Abdoul Kader Bamba,
2,Jean-Kévin Augustin,https://fbref.com/en/players/97bfa797/Jean-Kevin-Augustin,20,20,fr FRA,LW,23-159,1,0,0,0,0,0,0,0,0,1,0,0,0,0.0,0.0,0.0,0,0,1,1,100.0,0,1,0,0,0,https://fbref.com/en/players/97bfa797/Jean-Kevin-Augustin-Jean-Kévin Augustin,
3,Marcus Coco,https://fbref.com/en/players/3010aefb/Marcus-Coco,11,11,fr FRA,RW,24-151,76,0,0,0,0,2,0,0,0,57,1,1,2,0.1,0.1,0.0,2,0,31,46,67.4,3,28,2,2,1,https://fbref.com/en/players/3010aefb/Marcus-Coco-Marcus Coco,
4,Renaud Emond,https://fbref.com/en/players/5c9ac7f0/Renaud-Emond,28,28,be BEL,RW,28-353,14,0,0,0,0,0,0,0,0,4,0,0,0,0.0,0.0,0.0,0,0,3,4,75.0,0,3,0,0,0,https://fbref.com/en/players/5c9ac7f0/Renaud-Emond-Renaud Emond,
5,Ludovic Blas,https://fbref.com/en/players/6191093d/Ludovic-Blas,10,10,fr FRA,AM,22-327,90,0,0,0,0,3,1,0,0,67,1,0,0,0.2,0.2,0.1,7,0,45,51,88.2,8,46,4,12,8,https://fbref.com/en/players/6191093d/Ludovic-Blas-Ludovic Blas,
6,Abdoulaye Touré,https://fbref.com/en/players/ef7cd87a/Abdoulaye-Toure,19,19,gn GUI,DM,26-264,90,0,0,0,0,1,0,0,0,80,0,0,0,0.0,0.0,0.1,2,0,62,74,83.8,7,42,2,2,2,https://fbref.com/en/players/ef7cd87a/Abdoulaye-Toure-Abdoulaye Touré,
7,Mehdi Abeid,https://fbref.com/en/players/a4c3f7af/Mehdi-Abeid,8,8,dz ALG,DM,28-108,90,0,0,0,0,3,0,1,0,69,4,0,0,0.2,0.2,0.0,2,0,56,61,91.8,2,46,1,2,1,https://fbref.com/en/players/a4c3f7af/Mehdi-Abeid-Mehdi Abeid,
8,Fábio,https://fbref.com/en/players/bc7b4580/Fabio,2,2,br BRA,LB,30-136,90,0,0,0,0,0,0,1,0,65,4,2,4,0.0,0.0,0.0,3,0,44,51,86.3,4,21,0,2,0,https://fbref.com/en/players/bc7b4580/Fabio-Fábio,
9,Jean-Charles Castelletto,https://fbref.com/en/players/e0f3a1f6/Jean-Charles-Castelletto,21,21,cm CMR,CB,25-301,90,0,0,0,0,0,0,0,0,76,4,4,2,0.0,0.0,0.0,0,0,58,63,92.1,5,42,0,0,0,https://fbref.com/en/players/e0f3a1f6/Jean-Charles-Castelletto-Jean-Charles Castelletto,
10,Andrei Girotto,https://fbref.com/en/players/3befc2b6/Andrei-Girotto,3,3,br BRA,CB,28-279,90,0,0,0,0,1,0,0,0,93,2,0,0,0.1,0.1,0.0,1,0,73,83,88.0,11,56,4,0,0,https://fbref.com/en/players/3befc2b6/Andrei-Girotto-Andrei Girotto,
11,Sébastien Corchia,https://fbref.com/en/players/0e7ccfc4/Sebastien-Corchia,24,24,fr FRA,RB,30-021,90,0,1,0,0,1,0,0,0,89,2,2,0,0.0,0.0,0.5,5,2,55,73,75.3,8,46,4,2,1,https://fbref.com/en/players/0e7ccfc4/Sebastien-Corchia-Sébastien Corchia,
12,Alban Lafont,https://fbref.com/en/players/4e7db402/Alban-Lafont,1,1,fr FRA,GK,21-304,90,0,0,0,0,0,0,0,0,38,0,0,0,0.0,0.0,0.0,0,0,31,35,88.6,0,18,0,0,0,https://fbref.com/en/players/4e7db402/Alban-Lafont-Alban Lafont,
