,Player Name,Player Number,Player,#,Nation,Pos,Age,Min,Touches,Def Pen,Def 3rd,Mid 3rd,Att 3rd,Att Pen,Live,Att,Succ,Succ%,Tkld,Tkld%,Carries,TotDist,PrgDist,PrgC,1/3,CPA,Mis,Dis,Rec,PrgR,Player Key,Player Link
0,Randal Kolo Muani,https://fbref.com/en/players/c0b3669f/Randal-Kolo-Muani,23,23,fr FRA,FW,21-353,90,36,2,4,12,20,6,36,4,2,50.0,2,50.0,18,126,71,2,1,0,3,3,25,9,https://fbref.com/en/players/c0b3669f/Randal-Kolo-Muani-Randal Kolo Muani,
1,Abdoul Kader Bamba,https://fbref.com/en/players/32f3d97e/Abdoul-Kader-Bamba,32,32,fr FRA,LW,26-181,89,68,1,4,25,39,7,68,3,1,33.3,2,66.7,37,258,160,6,2,4,0,2,58,12,https://fbref.com/en/players/32f3d97e/Abdoul-Kader-Bamba-Abdoul Kader Bamba,
2,Jean-Kévin Augustin,https://fbref.com/en/players/97bfa797/Jean-Kevin-Augustin,20,20,fr FRA,LW,23-159,1,1,0,0,0,1,0,1,0,0,,0,,1,1,0,0,0,0,0,0,1,0,https://fbref.com/en/players/97bfa797/Jean-Kevin-Augustin-Jean-Kévin Augustin,
3,Marcus Coco,https://fbref.com/en/players/3010aefb/Marcus-Coco,11,11,fr FRA,RW,24-151,76,57,0,2,29,26,4,57,2,1,50.0,1,50.0,28,129,50,2,1,1,2,3,44,14,https://fbref.com/en/players/3010aefb/Marcus-Coco-Marcus Coco,
4,Renaud Emond,https://fbref.com/en/players/5c9ac7f0/Renaud-Emond,28,28,be BEL,RW,28-353,14,4,0,0,2,2,1,4,0,0,,0,,3,11,4,0,0,0,0,0,4,0,https://fbref.com/en/players/5c9ac7f0/Renaud-Emond-Renaud Emond,
5,Ludovic Blas,https://fbref.com/en/players/6191093d/Ludovic-Blas,10,10,fr FRA,AM,22-327,90,67,0,2,30,35,6,67,12,8,66.7,4,33.3,46,323,157,4,5,2,3,0,55,8,https://fbref.com/en/players/6191093d/Ludovic-Blas-Ludovic Blas,
6,Abdoulaye Touré,https://fbref.com/en/players/ef7cd87a/Abdoulaye-Toure,19,19,gn GUI,DM,26-264,90,80,5,13,58,11,1,80,2,2,100.0,0,0.0,42,209,79,2,0,0,0,3,67,5,https://fbref.com/en/players/ef7cd87a/Abdoulaye-Toure-Abdoulaye Touré,
7,Mehdi Abeid,https://fbref.com/en/players/a4c3f7af/Mehdi-Abeid,8,8,dz ALG,DM,28-108,90,69,2,15,44,12,2,69,2,1,50.0,1,50.0,46,226,95,1,0,1,1,0,52,1,https://fbref.com/en/players/a4c3f7af/Mehdi-Abeid-Mehdi Abeid,
8,Fábio,https://fbref.com/en/players/bc7b4580/Fabio,2,2,br BRA,LB,30-136,90,65,3,19,34,12,1,65,2,0,0.0,2,100.0,21,133,56,0,0,0,0,0,31,2,https://fbref.com/en/players/bc7b4580/Fabio-Fábio,
9,Jean-Charles Castelletto,https://fbref.com/en/players/e0f3a1f6/Jean-Charles-Castelletto,21,21,cm CMR,CB,25-301,90,76,8,38,38,1,1,76,0,0,,0,,42,280,100,0,0,0,0,0,44,0,https://fbref.com/en/players/e0f3a1f6/Jean-Charles-Castelletto-Jean-Charles Castelletto,
10,Andrei Girotto,https://fbref.com/en/players/3befc2b6/Andrei-Girotto,3,3,br BRA,CB,28-279,90,93,7,43,43,7,2,93,0,0,,0,,56,445,280,4,2,0,0,1,66,0,https://fbref.com/en/players/3befc2b6/Andrei-Girotto-Andrei Girotto,
11,Sébastien Corchia,https://fbref.com/en/players/0e7ccfc4/Sebastien-Corchia,24,24,fr FRA,RB,30-021,90,89,2,16,41,32,5,89,2,1,50.0,1,50.0,46,251,125,4,0,2,5,1,54,8,https://fbref.com/en/players/0e7ccfc4/Sebastien-Corchia-Sébastien Corchia,
12,Alban Lafont,https://fbref.com/en/players/4e7db402/Alban-Lafont,1,1,fr FRA,GK,21-304,90,38,31,38,0,0,0,38,0,0,,0,,18,102,46,0,0,0,0,0,16,0,https://fbref.com/en/players/4e7db402/Alban-Lafont-Alban Lafont,
