,Player Name,Player Number,Player,#,Nation,Pos,Age,Min,Tkl,TklW,Def 3rd,Mid 3rd,Att 3rd,Tkl,Att,Tkl%,Lost,Blocks,Sh,Pass,Int,Tkl+Int,Clr,Err,Player Key,Player Link
0,Randal Kolo Muani,https://fbref.com/en/players/c0b3669f/Randal-Kolo-Muani,23,23,fr FRA,FW,21-353,90,1,1,0,0,1,0,1,0.0,1,0,0,0,0,1,1,0,https://fbref.com/en/players/c0b3669f/Randal-Kolo-Muani-Randal Kolo Muani,
1,Abdoul Kader Bamba,https://fbref.com/en/players/32f3d97e/Abdoul-Kader-Bamba,32,32,fr FRA,LW,26-181,89,1,0,0,1,0,1,1,100.0,0,0,0,0,0,1,1,0,https://fbref.com/en/players/32f3d97e/Abdoul-Kader-Bamba-Abdoul Kader Bamba,
2,Jean-Kévin Augustin,https://fbref.com/en/players/97bfa797/Jean-Kevin-Augustin,20,20,fr FRA,LW,23-159,1,0,0,0,0,0,0,0,,0,0,0,0,0,0,0,0,https://fbref.com/en/players/97bfa797/Jean-Kevin-Augustin-Jean-Kévin Augustin,
3,Marcus Coco,https://fbref.com/en/players/3010aefb/Marcus-Coco,11,11,fr FRA,RW,24-151,76,1,1,0,1,0,0,1,0.0,1,2,0,2,1,2,0,0,https://fbref.com/en/players/3010aefb/Marcus-Coco-Marcus Coco,
4,Renaud Emond,https://fbref.com/en/players/5c9ac7f0/Renaud-Emond,28,28,be BEL,RW,28-353,14,0,0,0,0,0,0,0,,0,0,0,0,0,0,0,0,https://fbref.com/en/players/5c9ac7f0/Renaud-Emond-Renaud Emond,
5,Ludovic Blas,https://fbref.com/en/players/6191093d/Ludovic-Blas,10,10,fr FRA,AM,22-327,90,1,1,0,0,1,0,0,,0,0,0,0,0,1,0,0,https://fbref.com/en/players/6191093d/Ludovic-Blas-Ludovic Blas,
6,Abdoulaye Touré,https://fbref.com/en/players/ef7cd87a/Abdoulaye-Toure,19,19,gn GUI,DM,26-264,90,0,0,0,0,0,0,0,,0,0,0,0,0,0,4,0,https://fbref.com/en/players/ef7cd87a/Abdoulaye-Toure-Abdoulaye Touré,
7,Mehdi Abeid,https://fbref.com/en/players/a4c3f7af/Mehdi-Abeid,8,8,dz ALG,DM,28-108,90,4,1,1,1,2,2,3,66.7,1,0,0,0,0,4,1,0,https://fbref.com/en/players/a4c3f7af/Mehdi-Abeid-Mehdi Abeid,
8,Fábio,https://fbref.com/en/players/bc7b4580/Fabio,2,2,br BRA,LB,30-136,90,4,1,2,2,0,2,3,66.7,1,4,2,2,2,6,2,0,https://fbref.com/en/players/bc7b4580/Fabio-Fábio,
9,Jean-Charles Castelletto,https://fbref.com/en/players/e0f3a1f6/Jean-Charles-Castelletto,21,21,cm CMR,CB,25-301,90,4,2,2,2,0,2,2,100.0,0,2,2,0,4,8,3,0,https://fbref.com/en/players/e0f3a1f6/Jean-Charles-Castelletto-Jean-Charles Castelletto,
10,Andrei Girotto,https://fbref.com/en/players/3befc2b6/Andrei-Girotto,3,3,br BRA,CB,28-279,90,2,1,2,0,0,2,2,100.0,0,0,0,0,0,2,4,0,https://fbref.com/en/players/3befc2b6/Andrei-Girotto-Andrei Girotto,
11,Sébastien Corchia,https://fbref.com/en/players/0e7ccfc4/Sebastien-Corchia,24,24,fr FRA,RB,30-021,90,2,1,2,0,0,2,2,100.0,0,0,0,0,2,4,4,0,https://fbref.com/en/players/0e7ccfc4/Sebastien-Corchia-Sébastien Corchia,
12,Alban Lafont,https://fbref.com/en/players/4e7db402/Alban-Lafont,1,1,fr FRA,GK,21-304,90,0,0,0,0,0,0,0,,0,0,0,0,0,0,0,0,https://fbref.com/en/players/4e7db402/Alban-Lafont-Alban Lafont,
