,Minute,Player,Squad,xG,PSxG,Outcome,Distance,Body Part,Notes,SCA 1 Player,SCA 1 Event,SCA 2 Player,SCA 2 Event
0,8,Aaron Leya Iseka,Metz,0.08,,Blocked,12,Right Foot,,Warren Tchimbembé,Pass (Live),,
1,10,Ludovic Blas,Nantes,0.03,,Off Target,24,Left Foot,,Abdoul Kader Bamba,Pass (Live),Randal Kolo Muani,Pass (Live)
2,13,Randal Kolo Muani,Nantes,0.06,,Off Target,16,Right Foot,,Abdoulaye Touré,Pass (Live),Abdoulaye Touré,Take-On
3,17,Sébastien Corchia,Nantes,0.04,,Blocked,18,Left Foot,,Marcus Coco,Pass (Live),Sébastien Corchia,Pass (Live)
4,21,Abdoulaye Touré,Nantes,0.03,,Off Target,29,Right Foot,,Abdoul Kader Bamba,Pass (Live),Fábio,Pass (Dead)
5,23,Lamine Gueye,Metz,0.07,,Blocked,16,Right Foot,,Aaron Leya Iseka,Pass (Live),Farid Boulaya,Pass (Live)
6,23,Abdoul Kader Bamba,Nantes,0.06,,Blocked,18,Left Foot,,Randal Kolo Muani,Pass (Live),Marcus Coco,Pass (Live)
7,27,Warren Tchimbembé,Metz,0.07,,Off Target,10,Left Foot,,Thomas Delaine,Pass (Live),Lamine Gueye,Pass (Live)
8,29,Randal Kolo Muani,Nantes,0.33,0.71,Goal,16,Left Foot,,Sébastien Corchia,Pass (Live),Sébastien Corchia,Take-On
9,34,Ludovic Blas,Nantes,0.11,0.14,Saved,6,Right Foot,Volley,Ludovic Blas,Take-On,Ludovic Blas,Take-On
10,34,Andrei Girotto,Nantes,0.06,,Off Target,7,Head,,Sébastien Corchia,Pass (Dead),Ludovic Blas,Shot
11,40,Randal Kolo Muani,Nantes,0.06,0.03,Saved,12,Right Foot,Volley,,,,
12,45,Lamine Gueye,Metz,0.05,,Blocked,11,Head,,Matthieu Udol,Pass (Live),Farid Boulaya,Pass (Live)
13,45+1,Lamine Gueye,Metz,0.07,,Blocked,15,Left Foot,Volley,Matthieu Udol,Pass (Live),Aaron Leya Iseka,Pass (Live)
14,45+4,Aaron Leya Iseka(pen),Metz,0.79,0.99,Goal,13,Right Foot,,,Fouled,Lamine Gueye,Shot
15,,,,,,,,,,,,,
16,47,Farid Boulaya,Metz,0.01,,Off Target,45,Right Foot,,Matthieu Udol,Pass (Live),,
17,50,Marcus Coco,Nantes,0.05,,Off Target,23,Right Foot,,Abdoul Kader Bamba,Pass (Live),Ludovic Blas,Pass (Live)
18,54,Ludovic Blas,Nantes,0.07,,Blocked,15,Right Foot,,Randal Kolo Muani,Pass (Live),Andrei Girotto,Pass (Live)
19,59,Lamine Gueye,Metz,0.04,0.08,Saved,19,Right Foot,,Mamadou Fofana,Pass (Live),Mamadou Fofana,Pass (Live)
20,60,Abdoul Kader Bamba,Nantes,0.06,0.03,Saved,12,Left Foot,,Sébastien Corchia,Pass (Live),Randal Kolo Muani,Pass (Live)
21,61,Randal Kolo Muani,Nantes,0.06,,Off Target,13,Right Foot,,Fábio,Pass (Live),Mehdi Abeid,Pass (Live)
22,62,Mehdi Abeid,Nantes,0.03,,Blocked,25,Right Foot,,Abdoul Kader Bamba,Pass (Live),Ludovic Blas,Pass (Live)
23,70,Lamine Gueye,Metz,0.07,,Blocked,16,Right Foot,,Farid Boulaya,Pass (Live),Matthieu Udol,Pass (Live)
24,71,Vagner Gonçalves,Metz,0.08,0.05,Saved,13,Right Foot,Deflected,Lamine Gueye,Shot,,
25,74,Marcus Coco,Nantes,0.06,,Blocked,13,Right Foot,,Abdoul Kader Bamba,Pass (Live),Randal Kolo Muani,Pass (Live)
26,74,Mehdi Abeid,Nantes,0.10,,Off Target,12,Left Foot,Volley,Ludovic Blas,Pass (Live),Abdoul Kader Bamba,Pass (Live)
27,75,Farid Boulaya,Metz,0.03,0.12,Saved,28,Right Foot,,Lamine Gueye,Pass (Live),Opa Nguette,Pass (Live)
28,76,Abdoul Kader Bamba,Nantes,0.03,0.04,Saved,29,Right Foot,,Fábio,Pass (Live),Ludovic Blas,Pass (Live)
29,79,Mehdi Abeid,Nantes,0.12,,Off Target,13,Right Foot,,Mehdi Abeid,Take-On,Abdoul Kader Bamba,Pass (Live)
