,Player Name,Player Number,Player,#,Nation,Pos,Age,Min,Touches,Def Pen,Def 3rd,Mid 3rd,Att 3rd,Att Pen,Live,Att,Succ,Succ%,Tkld,Tkld%,Carries,TotDist,PrgDist,PrgC,1/3,CPA,Mis,Dis,Rec,PrgR,Player Key,Player Link
0,Josh Maja,https://fbref.com/en/players/bc0bfc64/Josh-Maja,9,9,ng NGA,FW,22-010,70,23,0,1,17,7,1,23,0,0,,0,,11,44,20,0,0,0,3,0,18,5,https://fbref.com/en/players/bc0bfc64/Josh-Maja-Josh Maja,
1,Jimmy Briand,https://fbref.com/en/players/f83c8d6c/Jimmy-Briand,7,7,fr FRA,FW,35-157,20,16,1,2,11,3,0,16,0,0,,0,,8,11,3,0,0,0,0,1,14,2,https://fbref.com/en/players/f83c8d6c/Jimmy-Briand-Jimmy Briand,
2,Hwang Ui-jo,https://fbref.com/en/players/a2d873dd/Hwang-Ui-jo,18,18,kr KOR,LW,28-131,70,31,0,3,15,13,1,31,0,0,,0,,24,132,49,2,2,1,1,0,27,10,https://fbref.com/en/players/a2d873dd/Hwang-Ui-jo-Hwang Ui-jo,
3,Nicolas de Préville,https://fbref.com/en/players/b0547a87/Nicolas-de-Preville,12,12,fr FRA,LW,29-364,20,16,0,0,10,6,1,16,2,1,50.0,1,50.0,7,50,30,1,0,0,0,0,9,0,https://fbref.com/en/players/b0547a87/Nicolas-de-Preville-Nicolas de Préville,
4,Remi Oudin,https://fbref.com/en/players/ea02beaf/Remi-Oudin,28,28,fr FRA,RW,24-049,70,43,2,4,20,20,3,43,0,0,,0,,26,78,23,1,1,0,2,0,33,7,https://fbref.com/en/players/ea02beaf/Remi-Oudin-Remi Oudin,
5,Samuel Kalu,https://fbref.com/en/players/b8d22478/Samuel-Kalu,10,10,ng NGA,RW,23-133,20,10,0,3,4,3,0,10,2,1,50.0,1,50.0,8,69,24,0,0,0,2,2,10,1,https://fbref.com/en/players/b8d22478/Samuel-Kalu-Samuel Kalu,
6,Yacine Adli,https://fbref.com/en/players/26777636/Yacine-Adli,19,19,fr FRA,AM,20-161,55,45,1,3,21,22,1,45,3,1,33.3,2,66.7,29,129,62,0,2,0,3,1,34,2,https://fbref.com/en/players/26777636/Yacine-Adli-Yacine Adli,
7,Mehdi Zerkane,https://fbref.com/en/players/53f6306f/Mehdi-Zerkane,17,17,dz ALG,AM,21-175,35,20,0,4,8,8,0,20,2,0,0.0,2,100.0,14,156,35,1,0,0,0,1,14,2,https://fbref.com/en/players/53f6306f/Mehdi-Zerkane-Mehdi Zerkane,
8,Toma Bašić,https://fbref.com/en/players/80556f08/Toma-Basic,26,26,hr CRO,DM,24-042,90,64,0,9,43,12,1,64,1,0,0.0,1,100.0,34,116,45,0,1,0,0,0,51,5,https://fbref.com/en/players/80556f08/Toma-Basic-Toma Bašić,
9,Otávio,https://fbref.com/en/players/243f4a0b/Otavio,5,5,br BRA,DM,26-247,90,74,3,24,45,5,0,74,0,0,,0,,46,199,96,1,0,0,1,0,59,0,https://fbref.com/en/players/243f4a0b/Otavio-Otávio,
10,Loris Benito,https://fbref.com/en/players/f5b6fb78/Loris-Benito,23,23,ch SUI,LB,28-365,90,55,2,21,23,11,0,55,0,0,,0,,24,97,34,0,1,0,1,0,30,5,https://fbref.com/en/players/f5b6fb78/Loris-Benito-Loris Benito,
11,Pablo,https://fbref.com/en/players/29d8ad3f/Pablo,3,3,br BRA,CB,29-199,55,48,3,27,19,2,1,48,0,0,,0,,28,131,83,0,0,0,0,1,31,0,https://fbref.com/en/players/29d8ad3f/Pablo-Pablo,
12,Laurent Koscielny,https://fbref.com/en/players/f5efb153/Laurent-Koscielny,6,6,fr FRA,CB,35-118,35,44,4,26,16,2,2,44,0,0,,0,,28,179,109,1,0,0,0,0,33,0,https://fbref.com/en/players/f5efb153/Laurent-Koscielny-Laurent Koscielny,
13,Paul Baysse,https://fbref.com/en/players/2515040a/Paul-Baysse,24,24,fr FRA,CB,32-233,90,99,7,40,60,0,0,99,0,0,,0,,67,324,256,2,0,0,0,0,86,0,https://fbref.com/en/players/2515040a/Paul-Baysse-Paul Baysse,
14,Youssouf Sabaly,https://fbref.com/en/players/fbbb9269/Youssouf-Sabaly,20,20,sn SEN,RB,27-307,90,89,1,20,53,17,0,89,5,4,80.0,1,20.0,48,193,115,1,1,0,2,1,65,6,https://fbref.com/en/players/fbbb9269/Youssouf-Sabaly-Youssouf Sabaly,
15,Benoît Costil,https://fbref.com/en/players/2434f24a/Benoit-Costil,1,1,fr FRA,GK,33-187,90,38,30,38,0,0,0,38,0,0,,0,,25,149,125,0,0,0,0,0,20,0,https://fbref.com/en/players/2434f24a/Benoit-Costil-Benoît Costil,
