,Player Name,Player Number,Player,#,Nation,Pos,Age,Min,Tkl,TklW,Def 3rd,Mid 3rd,Att 3rd,Tkl,Att,Tkl%,Lost,Blocks,Sh,Pass,Int,Tkl+Int,Clr,Err,Player Key,Player Link
0,Josh Maja,https://fbref.com/en/players/bc0bfc64/Josh-Maja,9,9,ng NGA,FW,22-010,70,1,0,0,0,1,1,1,100.0,0,0,0,0,1,2,0,0,https://fbref.com/en/players/bc0bfc64/Josh-Maja-Josh Maja,
1,Jimmy Briand,https://fbref.com/en/players/f83c8d6c/Jimmy-Briand,7,7,fr FRA,FW,35-157,20,0,0,0,0,0,0,0,,0,0,0,0,0,0,1,0,https://fbref.com/en/players/f83c8d6c/Jimmy-Briand-Jimmy Briand,
2,Hwang Ui-jo,https://fbref.com/en/players/a2d873dd/Hwang-Ui-jo,18,18,kr KOR,LW,28-131,70,0,0,0,0,0,0,2,0.0,2,1,0,1,0,0,0,0,https://fbref.com/en/players/a2d873dd/Hwang-Ui-jo-Hwang Ui-jo,
3,Nicolas de Préville,https://fbref.com/en/players/b0547a87/Nicolas-de-Preville,12,12,fr FRA,LW,29-364,20,0,0,0,0,0,0,0,,0,0,0,0,0,0,0,0,https://fbref.com/en/players/b0547a87/Nicolas-de-Preville-Nicolas de Préville,
4,Remi Oudin,https://fbref.com/en/players/ea02beaf/Remi-Oudin,28,28,fr FRA,RW,24-049,70,3,1,2,0,1,2,2,100.0,0,0,0,0,0,3,0,0,https://fbref.com/en/players/ea02beaf/Remi-Oudin-Remi Oudin,
5,Samuel Kalu,https://fbref.com/en/players/b8d22478/Samuel-Kalu,10,10,ng NGA,RW,23-133,20,1,0,1,0,0,0,0,,0,0,0,0,0,1,1,0,https://fbref.com/en/players/b8d22478/Samuel-Kalu-Samuel Kalu,
6,Yacine Adli,https://fbref.com/en/players/26777636/Yacine-Adli,19,19,fr FRA,AM,20-161,55,1,0,0,0,1,0,2,0.0,2,1,0,1,0,1,0,0,https://fbref.com/en/players/26777636/Yacine-Adli-Yacine Adli,
7,Mehdi Zerkane,https://fbref.com/en/players/53f6306f/Mehdi-Zerkane,17,17,dz ALG,AM,21-175,35,0,0,0,0,0,0,0,,0,1,0,1,0,0,0,0,https://fbref.com/en/players/53f6306f/Mehdi-Zerkane-Mehdi Zerkane,
8,Toma Bašić,https://fbref.com/en/players/80556f08/Toma-Basic,26,26,hr CRO,DM,24-042,90,1,0,0,1,0,0,1,0.0,1,0,0,0,1,2,0,0,https://fbref.com/en/players/80556f08/Toma-Basic-Toma Bašić,
9,Otávio,https://fbref.com/en/players/243f4a0b/Otavio,5,5,br BRA,DM,26-247,90,3,2,1,2,0,3,5,60.0,2,0,0,0,0,3,0,0,https://fbref.com/en/players/243f4a0b/Otavio-Otávio,
10,Loris Benito,https://fbref.com/en/players/f5b6fb78/Loris-Benito,23,23,ch SUI,LB,28-365,90,0,0,0,0,0,0,1,0.0,1,2,1,1,0,0,1,0,https://fbref.com/en/players/f5b6fb78/Loris-Benito-Loris Benito,
11,Pablo,https://fbref.com/en/players/29d8ad3f/Pablo,3,3,br BRA,CB,29-199,55,1,1,1,0,0,1,1,100.0,0,1,1,0,3,4,0,0,https://fbref.com/en/players/29d8ad3f/Pablo-Pablo,
12,Laurent Koscielny,https://fbref.com/en/players/f5efb153/Laurent-Koscielny,6,6,fr FRA,CB,35-118,35,2,1,1,1,0,1,1,100.0,0,0,0,0,1,3,2,0,https://fbref.com/en/players/f5efb153/Laurent-Koscielny-Laurent Koscielny,
13,Paul Baysse,https://fbref.com/en/players/2515040a/Paul-Baysse,24,24,fr FRA,CB,32-233,90,2,1,1,1,0,0,1,0.0,1,2,2,0,0,2,4,0,https://fbref.com/en/players/2515040a/Paul-Baysse-Paul Baysse,
14,Youssouf Sabaly,https://fbref.com/en/players/fbbb9269/Youssouf-Sabaly,20,20,sn SEN,RB,27-307,90,3,3,1,0,2,0,2,0.0,2,1,0,1,0,3,1,0,https://fbref.com/en/players/fbbb9269/Youssouf-Sabaly-Youssouf Sabaly,
15,Benoît Costil,https://fbref.com/en/players/2434f24a/Benoit-Costil,1,1,fr FRA,GK,33-187,90,0,0,0,0,0,0,0,,0,0,0,0,0,0,0,0,https://fbref.com/en/players/2434f24a/Benoit-Costil-Benoît Costil,
