,Player Name,Player Number,Player,#,Nation,Pos,Age,Min,Touches,Def Pen,Def 3rd,Mid 3rd,Att 3rd,Att Pen,Live,Att,Succ,Succ%,Tkld,Tkld%,Carries,TotDist,PrgDist,PrgC,1/3,CPA,Mis,Dis,Rec,PrgR,Player Key,Player Link
0,Aaron Leya Iseka,https://fbref.com/en/players/29ef0f49/Aaron-Leya-Iseka,24,24,be BEL,FW,23-052,60,17,0,2,7,8,1,17,1,1,100.0,0,0.0,8,66,9,0,2,0,2,3,15,3,https://fbref.com/en/players/29ef0f49/Aaron-Leya-Iseka-Aaron Leya Iseka,
1,Thierry Ambrose,https://fbref.com/en/players/2945f4b7/Thierry-Ambrose,9,9,gp GLP,FW,23-284,30,15,0,0,8,7,0,15,1,0,0.0,1,100.0,7,32,6,0,0,0,0,2,13,1,https://fbref.com/en/players/2945f4b7/Thierry-Ambrose-Thierry Ambrose,
2,Youssef Maziz,https://fbref.com/en/players/514270e8/Youssef-Maziz,22,22,fr FRA,LM,22-196,60,34,0,5,20,10,0,34,3,2,66.7,1,33.3,22,98,33,1,2,0,0,0,22,0,https://fbref.com/en/players/514270e8/Youssef-Maziz-Youssef Maziz,
3,Warren Tchimbembé,https://fbref.com/en/players/93b8f9f4/Warren-Tchimbembe,12,12,cg CGO,CM,22-260,30,17,0,1,13,3,0,17,0,0,,0,,14,77,46,1,2,0,1,0,13,1,https://fbref.com/en/players/93b8f9f4/Warren-Tchimbembe-Warren Tchimbembé,
4,Habib Maïga,https://fbref.com/en/players/e768de1f/Habib-Maiga,19,19,ci CIV,"CM,LM",25-005,90,61,0,9,46,7,1,61,0,0,,0,,38,196,116,2,1,0,1,0,43,0,https://fbref.com/en/players/e768de1f/Habib-Maiga-Habib Maïga,
5,Victorien Angban,https://fbref.com/en/players/d8992b84/Victorien-Angban,5,5,ci CIV,CM,24-099,90,58,0,11,37,11,0,58,3,2,66.7,1,33.3,34,158,61,2,1,0,1,2,37,0,https://fbref.com/en/players/d8992b84/Victorien-Angban-Victorien Angban,
6,Lamine Gueye,https://fbref.com/en/players/9d5dcc23/Lamine-Gueye,13,13,sn SEN,RM,22-299,59,23,0,5,8,11,3,23,1,0,0.0,1,100.0,12,45,13,0,1,0,1,0,19,5,https://fbref.com/en/players/9d5dcc23/Lamine-Gueye-Lamine Gueye,
7,Vagner Gonçalves,https://fbref.com/en/players/743fd71f/Vagner-Goncalves,27,27,cv CPV,RM,24-362,31,14,0,4,6,5,0,14,0,0,,0,,7,35,26,0,0,0,1,0,10,2,https://fbref.com/en/players/743fd71f/Vagner-Goncalves-Vagner Gonçalves,
8,Thomas Delaine,https://fbref.com/en/players/8332db56/Thomas-Delaine,17,17,fr FRA,LB,28-288,90,41,1,11,16,15,2,41,6,3,50.0,3,50.0,27,320,220,7,5,2,0,1,28,4,https://fbref.com/en/players/8332db56/Thomas-Delaine-Thomas Delaine,
9,John Boye,https://fbref.com/en/players/861227d2/John-Boye,21,21,gh GHA,CB,33-258,90,60,5,29,31,0,0,60,0,0,,0,,39,143,56,0,0,0,0,0,41,0,https://fbref.com/en/players/861227d2/John-Boye-John Boye,
10,Boubakar Kouyaté,https://fbref.com/en/players/562a4799/Boubakar-Kouyate,23,23,ml MLI,CB,23-266,90,64,8,35,27,2,2,64,0,0,,0,,37,217,115,0,0,0,1,2,36,0,https://fbref.com/en/players/562a4799/Boubakar-Kouyate-Boubakar Kouyaté,
11,Dylan Bronn,https://fbref.com/en/players/edd81e2a/Dylan-Bronn,2,2,tn TUN,CB,25-201,90,62,3,23,37,2,0,62,2,2,100.0,0,0.0,41,229,163,1,1,0,0,0,45,0,https://fbref.com/en/players/edd81e2a/Dylan-Bronn-Dylan Bronn,
12,Fabien Centonze,https://fbref.com/en/players/3c6bbbab/Fabien-Centonze,18,18,fr FRA,RB,24-356,90,59,4,17,22,22,1,59,2,1,50.0,1,50.0,31,274,106,3,4,0,2,0,33,8,https://fbref.com/en/players/3c6bbbab/Fabien-Centonze-Fabien Centonze,
13,Alexandre Oukidja,https://fbref.com/en/players/ae7d0ecd/Alexandre-Oukidja,16,16,dz ALG,GK,32-171,90,35,31,34,1,0,0,35,0,0,,0,,20,104,65,0,0,0,0,0,14,0,https://fbref.com/en/players/ae7d0ecd/Alexandre-Oukidja-Alexandre Oukidja,
