,Player Name,Player Number,Player,#,Nation,Pos,Age,Min,Gls,Ast,PK,PKatt,Sh,SoT,CrdY,CrdR,Touches,Tkl,Int,Blocks,xG,npxG,xAG,SCA,GCA,Cmp,Att,Cmp%,PrgP,Carries,PrgC,Att,Succ,Player Key,Player Link
0,Aaron Leya Iseka,https://fbref.com/en/players/29ef0f49/Aaron-Leya-Iseka,24,24,be BEL,FW,23-052,60,0,0,0,0,1,1,1,0,17,1,0,0,0.1,0.1,0.0,0,0,9,11,81.8,1,8,0,1,1,https://fbref.com/en/players/29ef0f49/Aaron-Leya-Iseka-Aaron Leya Iseka,
1,Thierry Ambrose,https://fbref.com/en/players/2945f4b7/Thierry-Ambrose,9,9,gp GLP,FW,23-284,30,0,0,0,0,0,0,0,0,15,0,0,0,0.0,0.0,0.0,2,0,8,13,61.5,1,7,0,1,0,https://fbref.com/en/players/2945f4b7/Thierry-Ambrose-Thierry Ambrose,
2,Youssef Maziz,https://fbref.com/en/players/514270e8/Youssef-Maziz,22,22,fr FRA,LM,22-196,60,0,0,0,0,1,0,0,0,34,1,0,0,0.0,0.0,0.3,7,0,22,30,73.3,4,22,1,3,2,https://fbref.com/en/players/514270e8/Youssef-Maziz-Youssef Maziz,
3,Warren Tchimbembé,https://fbref.com/en/players/93b8f9f4/Warren-Tchimbembe,12,12,cg CGO,CM,22-260,30,0,0,0,0,0,0,0,0,17,0,1,0,0.0,0.0,0.0,0,0,12,15,80.0,0,14,1,0,0,https://fbref.com/en/players/93b8f9f4/Warren-Tchimbembe-Warren Tchimbembé,
4,Habib Maïga,https://fbref.com/en/players/e768de1f/Habib-Maiga,19,19,ci CIV,"CM,LM",25-005,90,0,0,0,0,0,0,0,0,61,2,1,1,0.0,0.0,0.0,2,0,44,50,88.0,2,38,2,0,0,https://fbref.com/en/players/e768de1f/Habib-Maiga-Habib Maïga,
5,Victorien Angban,https://fbref.com/en/players/d8992b84/Victorien-Angban,5,5,ci CIV,CM,24-099,90,0,0,0,0,0,0,0,0,58,2,1,1,0.0,0.0,0.0,1,0,43,52,82.7,3,34,2,3,2,https://fbref.com/en/players/d8992b84/Victorien-Angban-Victorien Angban,
6,Lamine Gueye,https://fbref.com/en/players/9d5dcc23/Lamine-Gueye,13,13,sn SEN,RM,22-299,59,0,0,0,0,2,1,0,0,23,0,1,1,0.5,0.5,0.0,1,0,12,17,70.6,3,12,0,1,0,https://fbref.com/en/players/9d5dcc23/Lamine-Gueye-Lamine Gueye,
7,Vagner Gonçalves,https://fbref.com/en/players/743fd71f/Vagner-Goncalves,27,27,cv CPV,RM,24-362,31,0,0,0,0,0,0,0,0,14,0,0,1,0.0,0.0,0.1,1,0,10,12,83.3,0,7,0,0,0,https://fbref.com/en/players/743fd71f/Vagner-Goncalves-Vagner Gonçalves,
8,Thomas Delaine,https://fbref.com/en/players/8332db56/Thomas-Delaine,17,17,fr FRA,LB,28-288,90,0,0,0,0,1,1,0,0,41,1,1,0,0.0,0.0,0.4,3,0,26,34,76.5,1,27,7,6,3,https://fbref.com/en/players/8332db56/Thomas-Delaine-Thomas Delaine,
9,John Boye,https://fbref.com/en/players/861227d2/John-Boye,21,21,gh GHA,CB,33-258,90,0,0,0,0,0,0,0,0,60,1,3,0,0.0,0.0,0.0,0,0,44,52,84.6,2,39,0,0,0,https://fbref.com/en/players/861227d2/John-Boye-John Boye,
10,Boubakar Kouyaté,https://fbref.com/en/players/562a4799/Boubakar-Kouyate,23,23,ml MLI,CB,23-266,90,0,0,0,0,1,0,0,0,64,5,2,3,0.1,0.1,0.0,0,0,39,48,81.3,0,37,0,0,0,https://fbref.com/en/players/562a4799/Boubakar-Kouyate-Boubakar Kouyaté,
11,Dylan Bronn,https://fbref.com/en/players/edd81e2a/Dylan-Bronn,2,2,tn TUN,CB,25-201,90,0,0,0,0,0,0,0,0,62,0,0,1,0.0,0.0,0.0,1,0,43,59,72.9,6,41,1,2,2,https://fbref.com/en/players/edd81e2a/Dylan-Bronn-Dylan Bronn,
12,Fabien Centonze,https://fbref.com/en/players/3c6bbbab/Fabien-Centonze,18,18,fr FRA,RB,24-356,90,0,0,0,0,3,0,0,0,59,2,2,3,0.2,0.2,0.0,0,0,35,45,77.8,1,31,3,2,1,https://fbref.com/en/players/3c6bbbab/Fabien-Centonze-Fabien Centonze,
13,Alexandre Oukidja,https://fbref.com/en/players/ae7d0ecd/Alexandre-Oukidja,16,16,dz ALG,GK,32-171,90,0,0,0,0,0,0,0,0,35,0,0,0,0.0,0.0,0.0,0,0,26,35,74.3,0,20,0,0,0,https://fbref.com/en/players/ae7d0ecd/Alexandre-Oukidja-Alexandre Oukidja,
