,Minute,Player,Squad,xG,PSxG,Outcome,Distance,Body Part,Notes,SCA 1 Player,SCA 1 Event,SCA 2 Player,SCA 2 Event
0,2,Aaron Leya Iseka,Metz,0.07,0.03,Saved,10,Head,,Youssef Maziz,Pass (Dead),Dylan Bronn,Pass (Live)
1,6,Yacine Adli,Bordeaux,0.06,,Blocked,14,Right Foot,,Remi Oudin,Pass (Live),Yacine Adli,Pass (Live)
2,13,Remi Oudin,Bordeaux,0.02,,Off Target,30,Left Foot,,Josh Maja,Pass (Live),Youssouf Sabaly,Pass (Dead)
3,15,Yacine Adli,Bordeaux,0.03,,Off Target,21,Left Foot,,Loris Benito,Pass (Live),Toma Bašić,Pass (Live)
4,19,Lamine Gueye,Metz,0.41,0.29,Saved,9,Right Foot,,Thomas Delaine,Pass (Live),Thomas Delaine,Take-On
5,28,Lamine Gueye,Metz,0.04,,Blocked,16,Left Foot,,Youssef Maziz,Pass (Live),Habib Maïga,Pass (Live)
6,28,Youssef Maziz,Metz,0.03,,Off Target,27,Right Foot,,Victorien Angban,Pass (Live),Lamine Gueye,Shot
7,30,Pablo,Bordeaux,0.10,,Off Target,11,Head,,Remi Oudin,Pass (Dead),Youssouf Sabaly,Fouled
8,35,Boubakar Kouyaté,Metz,0.11,,Off Target,5,Head,,Youssef Maziz,Pass (Dead),Youssef Maziz,Fouled
9,36,Fabien Centonze,Metz,0.03,,Blocked,27,Left Foot,,Youssef Maziz,Pass (Live),Youssef Maziz,Take-On
10,37,Youssouf Sabaly,Bordeaux,0.03,,Off Target,25,Right Foot,Volley,Yacine Adli,Pass (Live),Toma Bašić,Pass (Live)
11,40,Toma Bašić,Bordeaux,0.04,,Blocked,32,Left Foot,Free kick,Remi Oudin,Fouled,,
12,,,,,,,,,,,,,
13,47,Fabien Centonze,Metz,0.05,,Blocked,20,Left Foot,,Youssef Maziz,Pass (Live),Thomas Delaine,Pass (Live)
14,54,Remi Oudin,Bordeaux,0.05,0.05,Saved,15,Left Foot,Deflected,Yacine Adli,Pass (Live),Yacine Adli,Take-On
15,62,Toma Bašić,Bordeaux,0.05,,Blocked,18,Left Foot,,Hwang Ui-jo,Pass (Live),Toma Bašić,Pass (Live)
16,66,Laurent Koscielny,Bordeaux,0.21,,Blocked,10,Other,,Toma Bašić,Pass (Dead),Josh Maja,Fouled
17,66,Laurent Koscielny,Bordeaux,0.70,0.98,Saved,3,Right Foot,,Laurent Koscielny,Shot,,
18,73,Samuel Kalu,Bordeaux,0.03,,Blocked,24,Right Foot,,Mehdi Zerkane,Pass (Live),,
19,76,Thomas Delaine,Metz,0.05,0.03,Saved,17,Right Foot,,Thierry Ambrose,Pass (Live),Habib Maïga,Pass (Live)
20,90+1,Fabien Centonze,Metz,0.09,,Blocked,12,Right Foot,,Vagner Gonçalves,Pass (Live),Thierry Ambrose,Pass (Live)
21,90+1,Nicolas de Préville,Bordeaux,0.07,0.21,Saved,16,Right Foot,,Laurent Koscielny,Pass (Live),Jimmy Briand,Pass (Live)
