,Player Name,Player Number,Player,#,Nation,Pos,Age,Min,Touches,Def Pen,Def 3rd,Mid 3rd,Att 3rd,Att Pen,Live,Att,Succ,Succ%,Tkld,Tkld%,Carries,TotDist,PrgDist,PrgC,1/3,CPA,Mis,Dis,Rec,PrgR,Player Key,Player Link
0,Fransérgio,https://fbref.com/en/players/deba6b05/Fransergio,27,27,br BRA,FW,30-208,45,25,1,2,9,15,1,25,0,0,,0,,12,18,11,0,0,0,3,1,18,3,https://fbref.com/en/players/deba6b05/Fransergio-Fransérgio,
1,Lucas Piazon,https://fbref.com/en/players/f201798c/Lucas-Piazon,11,11,br BRA,FW,27-114,45,17,0,2,5,10,1,17,0,0,,0,,8,26,7,0,0,0,1,0,13,2,https://fbref.com/en/players/f201798c/Lucas-Piazon-Lucas Piazon,
2,Abel Ruiz,https://fbref.com/en/players/6cbf8d0d/Abel-Ruiz,9,9,es ESP,FW,21-106,75,26,0,3,8,15,5,26,0,0,,0,,14,57,17,1,0,1,2,1,22,8,https://fbref.com/en/players/6cbf8d0d/Abel-Ruiz-Abel Ruiz,
3,Andraž Šporar,https://fbref.com/en/players/878f0921/Andraz-Sporar,19,19,si SVN,FW,27-076,15,5,0,0,3,2,1,5,0,0,,0,,1,13,10,1,0,1,0,0,3,1,https://fbref.com/en/players/878f0921/Andraz-Sporar-Andraž Šporar,
4,Galeno,https://fbref.com/en/players/5b3d1a7a/Galeno,90,90,br BRA,LM,23-204,88,45,1,7,14,26,9,45,2,1,50.0,1,50.0,29,146,84,6,2,4,2,2,27,9,https://fbref.com/en/players/5b3d1a7a/Galeno-Galeno,
5,Rui Fonte,https://fbref.com/en/players/6ff8ef56/Rui-Fonte,17,17,pt POR,LM,31-021,2,1,0,0,0,1,1,1,0,0,,0,,2,4,1,0,0,0,0,0,2,0,https://fbref.com/en/players/6ff8ef56/Rui-Fonte-Rui Fonte,
6,André Castro,https://fbref.com/en/players/37d0048f/Andre-Castro,88,88,pt POR,CM,33-042,90,58,1,6,40,12,2,58,0,0,,0,,36,146,48,2,2,1,1,2,40,0,https://fbref.com/en/players/37d0048f/Andre-Castro-André Castro,
7,Almoatasem Al Musrati,https://fbref.com/en/players/cd6a1a59/Almoatasem-Al-Musrati,8,8,ly LBY,CM,25-038,59,49,0,8,34,8,1,49,0,0,,0,,32,174,102,1,2,0,0,1,43,0,https://fbref.com/en/players/cd6a1a59/Almoatasem-Al-Musrati-Almoatasem Al Musrati,
8,João Novais,https://fbref.com/en/players/282faa70/Joao-Novais,7,7,pt POR,CM,27-308,31,22,0,0,14,10,1,21,2,2,100.0,0,0.0,9,37,15,1,1,0,1,0,9,0,https://fbref.com/en/players/282faa70/Joao-Novais-João Novais,
9,Ricardo Horta,https://fbref.com/en/players/6603fed7/Ricardo-Horta,21,21,pt POR,RM,26-241,75,42,0,4,19,20,4,42,1,0,0.0,1,100.0,25,116,58,1,3,2,2,0,30,10,https://fbref.com/en/players/6603fed7/Ricardo-Horta-Ricardo Horta,
10,Nicolás Gaitán,https://fbref.com/en/players/7ebfac0f/Nicolas-Gaitan,10,10,ar ARG,RM,33-080,15,9,0,1,2,6,0,9,0,0,,0,,2,10,2,0,0,0,0,0,1,0,https://fbref.com/en/players/7ebfac0f/Nicolas-Gaitan-Nicolás Gaitán,
11,Nuno Sequeira,https://fbref.com/en/players/7a2cf111/Nuno-Sequeira,5,5,pt POR,LB,30-268,90,99,3,26,52,23,1,99,5,3,60.0,2,40.0,35,138,86,2,1,0,0,1,50,4,https://fbref.com/en/players/7a2cf111/Nuno-Sequeira-Nuno Sequeira,
12,Raul Silva,https://fbref.com/en/players/b3aed40d/Raul-Silva,34,34,br BRA,CB,31-191,90,93,4,43,50,1,1,93,0,0,,0,,67,253,149,1,0,0,0,0,81,0,https://fbref.com/en/players/b3aed40d/Raul-Silva-Raul Silva,
13,Vítor Tormena,https://fbref.com/en/players/ed1cc44a/Vitor-Tormena,3,3,br BRA,CB,25-130,90,94,6,40,50,4,2,94,1,1,100.0,0,0.0,52,214,125,1,0,0,0,0,75,0,https://fbref.com/en/players/ed1cc44a/Vitor-Tormena-Vítor Tormena,
14,Ricardo Esgaio,https://fbref.com/en/players/12dcbdcc/Ricardo-Esgaio,47,47,pt POR,RB,27-363,90,86,2,17,41,28,1,86,1,0,0.0,1,100.0,41,169,95,1,1,0,2,0,58,15,https://fbref.com/en/players/12dcbdcc/Ricardo-Esgaio-Ricardo Esgaio,
15,Matheus,https://fbref.com/en/players/ef3909cd/Matheus,1,1,br BRA,GK,28-299,90,46,27,46,0,0,0,46,0,0,,0,,25,77,50,0,0,0,0,0,33,0,https://fbref.com/en/players/ef3909cd/Matheus-Matheus,
