,Player Name,Player Number,Player,#,Nation,Pos,Age,Min,Gls,Ast,PK,PKatt,Sh,SoT,CrdY,CrdR,Touches,Tkl,Int,Blocks,xG,npxG,xAG,SCA,GCA,Cmp,Att,Cmp%,PrgP,Carries,PrgC,Att,Succ,Player Key,Player Link
0,Fransérgio,https://fbref.com/en/players/deba6b05/Fransergio,27,27,br BRA,FW,30-208,45,0,0,0,0,1,0,1,0,25,1,1,0,0.0,0.0,0.1,1,0,11,17,64.7,3,12,0,0,0,https://fbref.com/en/players/deba6b05/Fransergio-Fransérgio,
1,Lucas Piazon,https://fbref.com/en/players/f201798c/Lucas-Piazon,11,11,br BRA,FW,27-114,45,0,0,0,0,0,0,0,0,17,1,0,0,0.0,0.0,0.0,0,0,12,15,80.0,3,8,0,0,0,https://fbref.com/en/players/f201798c/Lucas-Piazon-Lucas Piazon,
2,Abel Ruiz,https://fbref.com/en/players/6cbf8d0d/Abel-Ruiz,9,9,es ESP,FW,21-106,75,1,0,0,0,1,1,0,0,26,1,0,0,0.1,0.1,0.0,0,0,16,19,84.2,4,14,1,0,0,https://fbref.com/en/players/6cbf8d0d/Abel-Ruiz-Abel Ruiz,
3,Andraž Šporar,https://fbref.com/en/players/878f0921/Andraz-Sporar,19,19,si SVN,FW,27-076,15,0,0,0,0,0,0,0,0,5,0,0,1,0.0,0.0,0.4,1,0,2,4,50.0,0,1,1,0,0,https://fbref.com/en/players/878f0921/Andraz-Sporar-Andraž Šporar,
4,Galeno,https://fbref.com/en/players/5b3d1a7a/Galeno,90,90,br BRA,LM,23-204,88,0,0,0,0,3,1,0,0,45,0,3,1,0.4,0.4,0.0,4,1,20,28,71.4,3,29,6,2,1,https://fbref.com/en/players/5b3d1a7a/Galeno-Galeno,
5,Rui Fonte,https://fbref.com/en/players/6ff8ef56/Rui-Fonte,17,17,pt POR,LM,31-021,2,0,0,0,0,1,0,0,0,1,0,0,0,0.0,0.0,0.0,2,0,0,0,,0,2,0,0,0,https://fbref.com/en/players/6ff8ef56/Rui-Fonte-Rui Fonte,
6,André Castro,https://fbref.com/en/players/37d0048f/Andre-Castro,88,88,pt POR,CM,33-042,90,0,1,0,0,2,0,0,0,58,2,2,2,0.1,0.1,0.1,1,0,41,47,87.2,8,36,2,0,0,https://fbref.com/en/players/37d0048f/Andre-Castro-André Castro,
7,Almoatasem Al Musrati,https://fbref.com/en/players/cd6a1a59/Almoatasem-Al-Musrati,8,8,ly LBY,CM,25-038,59,0,0,0,0,0,0,1,0,49,0,1,0,0.0,0.0,0.0,2,0,40,46,87.0,6,32,1,0,0,https://fbref.com/en/players/cd6a1a59/Almoatasem-Al-Musrati-Almoatasem Al Musrati,
8,João Novais,https://fbref.com/en/players/282faa70/Joao-Novais,7,7,pt POR,CM,27-308,31,1,0,1,1,3,0,0,0,22,0,0,0,0.8,0.1,0.1,4,1,12,16,75.0,2,9,1,2,2,https://fbref.com/en/players/282faa70/Joao-Novais-João Novais,
9,Ricardo Horta,https://fbref.com/en/players/6603fed7/Ricardo-Horta,21,21,pt POR,RM,26-241,75,0,0,0,0,2,0,0,0,42,1,1,0,0.1,0.1,0.0,1,0,24,33,72.7,6,25,1,1,0,https://fbref.com/en/players/6603fed7/Ricardo-Horta-Ricardo Horta,
10,Nicolás Gaitán,https://fbref.com/en/players/7ebfac0f/Nicolas-Gaitan,10,10,ar ARG,RM,33-080,15,0,0,0,0,0,0,0,0,9,1,1,1,0.0,0.0,0.1,2,0,4,7,57.1,0,2,0,0,0,https://fbref.com/en/players/7ebfac0f/Nicolas-Gaitan-Nicolás Gaitán,
11,Nuno Sequeira,https://fbref.com/en/players/7a2cf111/Nuno-Sequeira,5,5,pt POR,LB,30-268,90,0,0,0,0,1,1,0,0,99,2,0,1,0.0,0.0,0.0,1,1,73,92,79.3,6,35,2,5,3,https://fbref.com/en/players/7a2cf111/Nuno-Sequeira-Nuno Sequeira,
12,Raul Silva,https://fbref.com/en/players/b3aed40d/Raul-Silva,34,34,br BRA,CB,31-191,90,0,0,0,0,0,0,0,0,93,1,0,0,0.0,0.0,0.0,0,0,80,88,90.9,1,67,1,0,0,https://fbref.com/en/players/b3aed40d/Raul-Silva-Raul Silva,
13,Vítor Tormena,https://fbref.com/en/players/ed1cc44a/Vitor-Tormena,3,3,br BRA,CB,25-130,90,0,0,0,0,1,1,0,0,94,3,1,3,0.1,0.1,0.0,2,0,77,83,92.8,8,52,1,1,1,https://fbref.com/en/players/ed1cc44a/Vitor-Tormena-Vítor Tormena,
14,Ricardo Esgaio,https://fbref.com/en/players/12dcbdcc/Ricardo-Esgaio,47,47,pt POR,RB,27-363,90,0,0,0,0,0,0,0,0,86,3,0,2,0.0,0.0,0.0,3,0,62,76,81.6,2,41,1,1,0,https://fbref.com/en/players/12dcbdcc/Ricardo-Esgaio-Ricardo Esgaio,
15,Matheus,https://fbref.com/en/players/ef3909cd/Matheus,1,1,br BRA,GK,28-299,90,0,0,0,0,0,0,0,0,46,1,0,0,0.0,0.0,0.0,0,0,35,42,83.3,0,25,0,0,0,https://fbref.com/en/players/ef3909cd/Matheus-Matheus,
