,Player Name,Player Number,Player,#,Nation,Pos,Age,Min,Att,Live,Dead,FK,TB,Sw,Crs,TI,CK,In,Out,Str,Cmp,Off,Blocks,Player Key,Player Link
0,Fransérgio,https://fbref.com/en/players/deba6b05/Fransergio,27,27,br BRA,FW,30-208,45,17,17,0,0,0,0,1,0,0,0,0,0,11,0,1,https://fbref.com/en/players/deba6b05/Fransergio-Fransérgio,
1,Lucas Piazon,https://fbref.com/en/players/f201798c/Lucas-Piazon,11,11,br BRA,FW,27-114,45,15,14,1,0,0,0,0,1,0,0,0,0,12,0,0,https://fbref.com/en/players/f201798c/Lucas-Piazon-Lucas Piazon,
2,Abel Ruiz,https://fbref.com/en/players/6cbf8d0d/Abel-Ruiz,9,9,es ESP,FW,21-106,75,19,17,2,0,0,0,0,1,0,0,0,0,16,0,0,https://fbref.com/en/players/6cbf8d0d/Abel-Ruiz-Abel Ruiz,
3,Andraž Šporar,https://fbref.com/en/players/878f0921/Andraz-Sporar,19,19,si SVN,FW,27-076,15,4,3,1,0,0,0,0,0,0,0,0,0,2,0,0,https://fbref.com/en/players/878f0921/Andraz-Sporar-Andraž Šporar,
4,Galeno,https://fbref.com/en/players/5b3d1a7a/Galeno,90,90,br BRA,LM,23-204,88,28,27,1,1,0,0,2,0,0,0,0,0,20,0,0,https://fbref.com/en/players/5b3d1a7a/Galeno-Galeno,
5,Rui Fonte,https://fbref.com/en/players/6ff8ef56/Rui-Fonte,17,17,pt POR,LM,31-021,2,0,0,0,0,0,0,0,0,0,0,0,0,0,0,0,https://fbref.com/en/players/6ff8ef56/Rui-Fonte-Rui Fonte,
6,André Castro,https://fbref.com/en/players/37d0048f/Andre-Castro,88,88,pt POR,CM,33-042,90,47,46,1,1,0,2,0,0,0,0,0,0,41,0,1,https://fbref.com/en/players/37d0048f/Andre-Castro-André Castro,
7,Almoatasem Al Musrati,https://fbref.com/en/players/cd6a1a59/Almoatasem-Al-Musrati,8,8,ly LBY,CM,25-038,59,46,46,0,0,0,0,0,0,0,0,0,0,40,0,0,https://fbref.com/en/players/cd6a1a59/Almoatasem-Al-Musrati-Almoatasem Al Musrati,
8,João Novais,https://fbref.com/en/players/282faa70/Joao-Novais,7,7,pt POR,CM,27-308,31,16,11,5,1,0,0,4,0,4,3,1,0,12,0,0,https://fbref.com/en/players/282faa70/Joao-Novais-João Novais,
9,Ricardo Horta,https://fbref.com/en/players/6603fed7/Ricardo-Horta,21,21,pt POR,RM,26-241,75,33,27,5,1,0,1,4,1,3,1,2,0,24,1,2,https://fbref.com/en/players/6603fed7/Ricardo-Horta-Ricardo Horta,
10,Nicolás Gaitán,https://fbref.com/en/players/7ebfac0f/Nicolas-Gaitan,10,10,ar ARG,RM,33-080,15,7,2,5,2,0,1,4,1,2,0,1,0,4,0,0,https://fbref.com/en/players/7ebfac0f/Nicolas-Gaitan-Nicolás Gaitán,
11,Nuno Sequeira,https://fbref.com/en/players/7a2cf111/Nuno-Sequeira,5,5,pt POR,LB,30-268,90,92,69,22,5,0,1,4,16,1,1,0,0,73,1,2,https://fbref.com/en/players/7a2cf111/Nuno-Sequeira-Nuno Sequeira,
12,Raul Silva,https://fbref.com/en/players/b3aed40d/Raul-Silva,34,34,br BRA,CB,31-191,90,88,88,0,0,0,0,0,0,0,0,0,0,80,0,1,https://fbref.com/en/players/b3aed40d/Raul-Silva-Raul Silva,
13,Vítor Tormena,https://fbref.com/en/players/ed1cc44a/Vitor-Tormena,3,3,br BRA,CB,25-130,90,83,78,5,5,0,1,0,0,0,0,0,0,77,0,1,https://fbref.com/en/players/ed1cc44a/Vitor-Tormena-Vítor Tormena,
14,Ricardo Esgaio,https://fbref.com/en/players/12dcbdcc/Ricardo-Esgaio,47,47,pt POR,RB,27-363,90,76,62,14,1,1,0,4,13,0,0,0,0,62,0,3,https://fbref.com/en/players/12dcbdcc/Ricardo-Esgaio-Ricardo Esgaio,
15,Matheus,https://fbref.com/en/players/ef3909cd/Matheus,1,1,br BRA,GK,28-299,90,42,35,7,1,0,0,0,0,0,0,0,0,35,0,0,https://fbref.com/en/players/ef3909cd/Matheus-Matheus,
