,Player Name,Player Number,Player,#,Nation,Pos,Age,Min,Gls,Ast,PK,PKatt,Sh,SoT,CrdY,CrdR,Touches,Tkl,Int,Blocks,xG,npxG,xAG,SCA,GCA,Cmp,Att,Cmp%,PrgP,Carries,PrgC,Att,Succ,Player Key,Player Link
0,André Luis,https://fbref.com/en/players/2962bf2e/Andre-Luis,12,12,br BRA,FW,27-066,90,0,0,0,0,1,0,0,0,29,0,0,0,0.0,0.0,0.1,2,0,14,22,63.6,2,10,1,1,0,https://fbref.com/en/players/2962bf2e/Andre-Luis-André Luis,
1,Gonçalo Franco,https://fbref.com/en/players/9029d5f2/Goncalo-Franco,88,88,pt POR,FW,20-178,84,0,0,0,0,2,0,1,0,34,1,1,5,0.1,0.1,0.0,2,0,16,18,88.9,1,20,2,1,0,https://fbref.com/en/players/9029d5f2/Goncalo-Franco-Gonçalo Franco,
2,Rafael Martins,https://fbref.com/en/players/b7e1c3b5/Rafael-Martins,99,99,br BRA,FW,32-058,6,1,0,0,0,1,1,0,0,2,0,0,1,0.4,0.4,0.0,0,0,0,0,,0,0,0,0,0,https://fbref.com/en/players/b7e1c3b5/Rafael-Martins-Rafael Martins,
3,Felipe Pires,https://fbref.com/en/players/2cd3d3ce/Felipe-Pires,10,10,br BRA,LM,26-026,80,0,0,0,0,5,1,1,0,24,1,0,0,0.7,0.7,0.3,4,0,13,17,76.5,3,13,4,0,0,https://fbref.com/en/players/2cd3d3ce/Felipe-Pires-Felipe Pires,
4,Jefferson Galego,https://fbref.com/en/players/a14b8d2d/Jefferson-Galego,33,33,br BRA,LM,24-040,10,0,0,0,0,0,0,0,0,4,1,0,1,0.0,0.0,0.0,0,0,0,2,0.0,0,1,0,1,0,https://fbref.com/en/players/a14b8d2d/Jefferson-Galego-Jefferson Galego,
5,David Simão,https://fbref.com/en/players/fcef3903/David-Simao,22,22,pt POR,CM,30-364,90,0,0,0,0,1,0,1,0,53,1,5,1,0.3,0.3,0.1,3,0,29,38,76.3,2,19,0,3,2,https://fbref.com/en/players/fcef3903/David-Simao-David Simão,
6,Fábio Pacheco,https://fbref.com/en/players/b74fb61f/Fabio-Pacheco,6,6,pt POR,CM,32-353,69,0,0,0,0,0,0,0,0,31,4,2,0,0.0,0.0,0.0,1,0,17,23,73.9,0,2,0,0,0,https://fbref.com/en/players/b74fb61f/Fabio-Pacheco-Fábio Pacheco,
7,Filipe Soares,https://fbref.com/en/players/c6a3b58d/Filipe-Soares,21,21,pt POR,CM,21-359,21,0,0,0,0,0,0,0,0,18,0,1,0,0.0,0.0,0.0,0,0,12,14,85.7,1,13,1,1,1,https://fbref.com/en/players/c6a3b58d/Filipe-Soares-Filipe Soares,
8,Walterson,https://fbref.com/en/players/8eebb330/Walterson,77,77,br BRA,RM,26-137,80,0,0,0,0,0,0,0,0,31,0,3,0,0.0,0.0,0.0,1,0,9,13,69.2,1,19,3,1,0,https://fbref.com/en/players/8eebb330/Walterson-Walterson,
9,Yan Matheus,https://fbref.com/en/players/d44efa12/Yan-Matheus,17,17,br BRA,RM,22-252,10,0,0,0,0,0,0,0,0,5,0,0,0,0.0,0.0,0.0,0,0,4,4,100.0,1,4,0,1,1,https://fbref.com/en/players/d44efa12/Yan-Matheus-Yan Matheus,
10,Abdu Conté,https://fbref.com/en/players/cfa49cc1/Abdu-Conte,5,5,pt POR,LB,23-051,90,0,1,0,0,0,0,0,0,48,0,1,4,0.0,0.0,0.4,1,1,27,35,77.1,2,18,1,1,0,https://fbref.com/en/players/cfa49cc1/Abdu-Conte-Abdu Conté,
11,Abdoulaye Ba,https://fbref.com/en/players/1f54ed90/Abdoulaye-Ba,23,23,sn SEN,CB,30-133,90,0,0,0,0,0,0,0,0,43,2,1,0,0.0,0.0,0.0,0,0,29,38,76.3,1,19,0,0,0,https://fbref.com/en/players/1f54ed90/Abdoulaye-Ba-Abdoulaye Ba,
12,Lazar Rosić,https://fbref.com/en/players/3c285843/Lazar-Rosic,3,3,rs SRB,CB,27-319,90,0,0,0,0,0,0,0,0,56,1,3,3,0.0,0.0,0.0,2,1,35,41,85.4,3,22,0,0,0,https://fbref.com/en/players/3c285843/Lazar-Rosic-Lazar Rosić,
13,Nahuel Ferraresi,https://fbref.com/en/players/719aab45/Nahuel-Ferraresi,4,4,ve VEN,RB,22-176,90,0,0,0,0,0,0,1,0,65,2,2,0,0.0,0.0,0.0,1,0,41,56,73.2,3,17,2,2,1,https://fbref.com/en/players/719aab45/Nahuel-Ferraresi-Nahuel Ferraresi,
14,Miguel Oliveira,https://fbref.com/en/players/72fd57f5/Miguel-Oliveira,36,36,pt POR,GK,26-354,90,0,0,0,0,0,0,0,0,27,0,0,0,0.0,0.0,0.0,0,0,15,23,65.2,0,11,0,0,0,https://fbref.com/en/players/72fd57f5/Miguel-Oliveira-Miguel Oliveira,
