,Player Name,Player Number,Player,#,Nation,Pos,Age,Min,Touches,Def Pen,Def 3rd,Mid 3rd,Att 3rd,Att Pen,Live,Att,Succ,Succ%,Tkld,Tkld%,Carries,TotDist,PrgDist,PrgC,1/3,CPA,Mis,Dis,Rec,PrgR,Player Key,Player Link
0,André Luis,https://fbref.com/en/players/2962bf2e/Andre-Luis,12,12,br BRA,FW,27-066,90,29,1,1,21,7,3,29,1,0,0.0,1,100.0,10,33,14,1,0,0,2,1,20,1,https://fbref.com/en/players/2962bf2e/Andre-Luis-André Luis,
1,Gonçalo Franco,https://fbref.com/en/players/9029d5f2/Goncalo-Franco,88,88,pt POR,FW,20-178,84,34,0,4,20,10,2,34,1,0,0.0,1,100.0,20,72,32,2,1,1,4,3,21,1,https://fbref.com/en/players/9029d5f2/Goncalo-Franco-Gonçalo Franco,
2,Rafael Martins,https://fbref.com/en/players/b7e1c3b5/Rafael-Martins,99,99,br BRA,FW,32-058,6,2,1,1,0,1,1,2,0,0,,0,,0,0,0,0,0,0,0,0,1,0,https://fbref.com/en/players/b7e1c3b5/Rafael-Martins-Rafael Martins,
3,Felipe Pires,https://fbref.com/en/players/2cd3d3ce/Felipe-Pires,10,10,br BRA,LM,26-026,80,24,1,4,7,14,7,24,0,0,,0,,13,116,65,4,2,2,0,1,17,4,https://fbref.com/en/players/2cd3d3ce/Felipe-Pires-Felipe Pires,
4,Jefferson Galego,https://fbref.com/en/players/a14b8d2d/Jefferson-Galego,33,33,br BRA,LM,24-040,10,4,0,2,2,0,0,4,1,0,0.0,1,100.0,1,2,0,0,0,0,0,0,1,0,https://fbref.com/en/players/a14b8d2d/Jefferson-Galego-Jefferson Galego,
5,David Simão,https://fbref.com/en/players/fcef3903/David-Simao,22,22,pt POR,CM,30-364,90,53,0,11,28,14,1,53,3,2,66.7,1,33.3,19,106,26,0,0,0,2,0,33,1,https://fbref.com/en/players/fcef3903/David-Simao-David Simão,
6,Fábio Pacheco,https://fbref.com/en/players/b74fb61f/Fabio-Pacheco,6,6,pt POR,CM,32-353,69,31,1,13,16,2,0,31,0,0,,0,,2,4,0,0,0,0,0,1,11,0,https://fbref.com/en/players/b74fb61f/Fabio-Pacheco-Fábio Pacheco,
7,Filipe Soares,https://fbref.com/en/players/c6a3b58d/Filipe-Soares,21,21,pt POR,CM,21-359,21,18,1,2,13,4,0,18,1,1,100.0,0,0.0,13,114,52,1,1,1,1,0,15,2,https://fbref.com/en/players/c6a3b58d/Filipe-Soares-Filipe Soares,
8,Walterson,https://fbref.com/en/players/8eebb330/Walterson,77,77,br BRA,RM,26-137,80,31,1,4,19,8,1,31,1,0,0.0,1,100.0,19,130,41,3,2,1,4,2,18,4,https://fbref.com/en/players/8eebb330/Walterson-Walterson,
9,Yan Matheus,https://fbref.com/en/players/d44efa12/Yan-Matheus,17,17,br BRA,RM,22-252,10,5,0,0,4,1,0,5,1,1,100.0,0,0.0,4,20,5,0,0,0,0,1,4,0,https://fbref.com/en/players/d44efa12/Yan-Matheus-Yan Matheus,
10,Abdu Conté,https://fbref.com/en/players/cfa49cc1/Abdu-Conte,5,5,pt POR,LB,23-051,90,48,5,17,19,12,1,48,1,0,0.0,1,100.0,18,61,21,1,0,0,3,1,27,6,https://fbref.com/en/players/cfa49cc1/Abdu-Conte-Abdu Conté,
11,Abdoulaye Ba,https://fbref.com/en/players/1f54ed90/Abdoulaye-Ba,23,23,sn SEN,CB,30-133,90,43,4,27,17,0,0,43,0,0,,0,,19,110,36,0,0,0,1,0,23,0,https://fbref.com/en/players/1f54ed90/Abdoulaye-Ba-Abdoulaye Ba,
12,Lazar Rosić,https://fbref.com/en/players/3c285843/Lazar-Rosic,3,3,rs SRB,CB,27-319,90,56,16,41,14,1,0,56,0,0,,0,,22,108,44,0,0,0,0,0,30,0,https://fbref.com/en/players/3c285843/Lazar-Rosic-Lazar Rosić,
13,Nahuel Ferraresi,https://fbref.com/en/players/719aab45/Nahuel-Ferraresi,4,4,ve VEN,RB,22-176,90,65,7,31,21,13,1,65,2,1,50.0,1,50.0,17,145,112,2,5,0,2,0,28,1,https://fbref.com/en/players/719aab45/Nahuel-Ferraresi-Nahuel Ferraresi,
14,Miguel Oliveira,https://fbref.com/en/players/72fd57f5/Miguel-Oliveira,36,36,pt POR,GK,26-354,90,27,24,27,0,0,0,27,0,0,,0,,11,60,27,0,0,0,0,0,11,0,https://fbref.com/en/players/72fd57f5/Miguel-Oliveira-Miguel Oliveira,
