,Minute,Player,Squad,xG,PSxG,Outcome,Distance,Body Part,Notes,SCA 1 Player,SCA 1 Event,SCA 2 Player,SCA 2 Event
0,7,Felipe Pires,Moreirense,0.06,,Off Target,16,Left Foot,,André Luis,Pass (Live),Gonçalo Franco,Pass (Live)
1,8,Ricardo Horta,Braga,0.02,,Off Target,31,Right Foot,,Vítor Tormena,Pass (Live),Vítor Tormena,Take-On
2,10,Ricardo Horta,Braga,0.08,,Off Target,12,Right Foot,,Fransérgio,Pass (Live),Almoatasem Al Musrati,Pass (Live)
3,12,André Castro,Braga,0.04,,Blocked,24,Right Foot,Deflected,Ricardo Esgaio,Pass (Live),Almoatasem Al Musrati,Pass (Live)
4,12,Galeno,Braga,0.05,,Off Target,16,Left Foot,,Galeno,Interception,,
5,22,Felipe Pires,Moreirense,0.06,,Off Target,17,Right Foot,,David Simão,Pass (Live),Felipe Pires,Pass (Live)
6,34,Gonçalo Franco,Moreirense,0.07,,Blocked,18,Right Foot,,André Luis,Pass (Live),Fábio Pacheco,Tackle
7,39,Fransérgio,Braga,0.03,,Off Target,34,Right Foot,,Galeno,Pass (Live),,
8,41,Abel Ruiz,Braga,0.11,0.22,Goal,10,Right Foot,,Nuno Sequeira,Pass (Live),Galeno,Pass (Live)
9,44,Felipe Pires,Moreirense,0.45,0.36,Saved,14,Left Foot,,,,,
10,44,David Simão,Moreirense,0.35,,Off Target,24,Left Foot,,Felipe Pires,Pass (Live),Felipe Pires,Shot
11,45+2,Felipe Pires,Moreirense,0.04,,Blocked,14,Right Foot,,David Simão,Pass (Live),Gonçalo Franco,Pass (Live)
12,45+2,Felipe Pires,Moreirense,0.05,,Off Target,15,Right Foot,,Felipe Pires,Shot,,
13,,,,,,,,,,,,,
14,50,André Castro,Braga,0.02,,Off Target,30,Right Foot,,Ricardo Horta,Pass (Live),Ricardo Esgaio,Pass (Live)
15,59,André Luis,Moreirense,0.04,,Off Target,17,Head,,David Simão,Pass (Dead),Nahuel Ferraresi,Fouled
16,62,Galeno,Braga,0.04,,Blocked,20,Right Foot,,João Novais,Pass (Live),João Novais,Take-On
17,63,Vítor Tormena,Braga,0.07,0.11,Saved,10,Head,,João Novais,Pass (Dead),Galeno,Shot
18,67,João Novais,Braga,0.03,,Blocked,31,Right Foot,,,,,
19,77,Gonçalo Franco,Moreirense,0.04,,Off Target,22,Right Foot,,Walterson,Fouled,Lazar Rosić,Pass (Live)
20,80,João Novais,Braga,0.01,,Off Target,63,Right Foot,,Ricardo Esgaio,Tackle,,
21,80,Galeno,Braga,0.36,0.50,Saved,11,Right Foot,,Andraž Šporar,Pass (Live),André Castro,Pass (Live)
22,87,Rafael Martins,Moreirense,0.44,0.81,Goal,6,Head,,Abdu Conté,Pass (Live),Lazar Rosić,Pass (Live)
23,90,Nuno Sequeira,Braga,0.02,0.10,Saved,29,Right Foot,Volley,,,,
24,90+1,Rui Fonte,Braga,0.05,,Blocked,12,Head,,Nicolás Gaitán,Pass (Dead),Rui Fonte,Fouled
25,90+2,João Novais,Braga,0.02,,Blocked,28,Right Foot,Volley,Nicolás Gaitán,Pass (Dead),Rui Fonte,Shot
26,90+5,João Novais(pen),Braga,0.79,0.99,Goal,13,Right Foot,,,Fouled,João Novais,Shot
