,Player Name,Player Number,Player,#,Nation,Pos,Age,Min,Tkl,TklW,Def 3rd,Mid 3rd,Att 3rd,Tkl,Att,Tkl%,Lost,Blocks,Sh,Pass,Int,Tkl+Int,Clr,Err,Player Key,Player Link
0,Bilel Aouacheria,https://fbref.com/en/players/77bbc5b1/Bilel-Aouacheria,26,26,fr FRA,FW,26-269,51,0,0,0,0,0,0,0,,0,1,0,1,0,0,1,0,https://fbref.com/en/players/77bbc5b1/Bilel-Aouacheria-Bilel Aouacheria,
1,Licá,https://fbref.com/en/players/41d84fed/Lica,88,88,pt POR,LM,32-110,39,1,1,0,0,1,0,1,0.0,1,1,0,1,0,1,0,0,https://fbref.com/en/players/41d84fed/Lica-Licá,
2,Patrick,https://fbref.com/en/players/867b60b4/Patrick,19,19,cv CPV,FW,27-014,50,1,0,0,1,0,0,0,,0,0,0,0,1,2,0,0,https://fbref.com/en/players/867b60b4/Patrick-Patrick,
3,Nikola Stojiljković,https://fbref.com/en/players/ca3e2783/Nikola-Stojiljkovic,9,9,rs SRB,FW,28-132,40,0,0,0,0,0,0,4,0.0,4,1,0,1,0,0,0,0,https://fbref.com/en/players/ca3e2783/Nikola-Stojiljkovic-Nikola Stojiljković,
4,Ryan Gauld,https://fbref.com/en/players/862e93c2/Ryan-Gauld,23,23,sct SCO,"LM,FW",25-011,90,3,2,0,1,2,1,2,50.0,1,2,1,1,0,3,1,0,https://fbref.com/en/players/862e93c2/Ryan-Gauld-Ryan Gauld,
5,Fabrício Isidoro,https://fbref.com/en/players/b70ca4b5/Fabricio-Isidoro,14,14,br BRA,CM,28-334,90,0,0,0,0,0,0,2,0.0,2,1,0,1,1,1,0,0,https://fbref.com/en/players/b70ca4b5/Fabricio-Isidoro-Fabrício Isidoro,
6,Amine Oudrhiri,https://fbref.com/en/players/49c9c79a/Amine-Oudrhiri,5,5,ma MAR,CM,28-053,90,2,1,2,0,0,1,2,50.0,1,0,0,0,2,4,0,0,https://fbref.com/en/players/49c9c79a/Amine-Oudrhiri-Amine Oudrhiri,
7,Braian Mansilla,https://fbref.com/en/players/e4c37819/Braian-Mansilla,11,11,ar ARG,RM,23-255,73,2,0,0,2,0,1,1,100.0,0,0,0,0,1,3,0,0,https://fbref.com/en/players/e4c37819/Braian-Mansilla-Braian Mansilla,
8,Madi Queita,https://fbref.com/en/players/13ab460a/Madi-Queita,10,10,gw GNB,RM,22-067,17,0,0,0,0,0,0,1,0.0,1,1,0,1,1,1,1,0,https://fbref.com/en/players/13ab460a/Madi-Queita-Madi Queita,
9,Fábio Alexandre da Silva Nunes,https://fbref.com/en/players/7cfc2860/Fabio-Alexandre-da-Silva-Nunes,92,92,pt POR,LB,28-156,90,4,2,4,0,0,1,2,50.0,1,1,0,1,2,6,2,0,https://fbref.com/en/players/7cfc2860/Fabio-Alexandre-da-Silva-Nunes-Fábio Alexandre da Silva Nunes,
10,Eduardo Mancha,https://fbref.com/en/players/56e74f66/Eduardo-Mancha,95,95,br BRA,CB,25-033,23,0,0,0,0,0,0,0,,0,0,0,0,0,0,1,0,https://fbref.com/en/players/56e74f66/Eduardo-Mancha-Eduardo Mancha,
11,Burá,https://fbref.com/en/players/8e72cba8/Bura,13,13,gw GNB,CB,25-005,67,1,0,0,1,0,0,0,,0,0,0,0,0,1,4,0,https://fbref.com/en/players/8e72cba8/Bura-Burá,
12,Claudio Falcão,https://fbref.com/en/players/56077210/Claudio-Falcao,29,29,br BRA,CB,26-177,90,3,2,1,2,0,0,1,0.0,1,3,3,0,0,3,3,0,https://fbref.com/en/players/56077210/Claudio-Falcao-Claudio Falcão,
13,Alexandre Pinto,https://fbref.com/en/players/b05d8d93/Alexandre-Pinto,78,78,pt POR,RB,22-172,90,2,2,0,2,0,1,1,100.0,0,0,0,0,1,3,1,0,https://fbref.com/en/players/b05d8d93/Alexandre-Pinto-Alexandre Pinto,
14,Hugo Marques,https://fbref.com/en/players/789ee29d/Hugo-Marques,1,1,ao ANG,GK,34-347,90,0,0,0,0,0,0,0,,0,0,0,0,0,0,0,0,https://fbref.com/en/players/789ee29d/Hugo-Marques-Hugo Marques,
