,Player Name,Player Number,Player,#,Nation,Pos,Age,Min,Touches,Def Pen,Def 3rd,Mid 3rd,Att 3rd,Att Pen,Live,Att,Succ,Succ%,Tkld,Tkld%,Carries,TotDist,PrgDist,PrgC,1/3,CPA,Mis,Dis,Rec,PrgR,Player Key,Player Link
0,Bilel Aouacheria,https://fbref.com/en/players/77bbc5b1/Bilel-Aouacheria,26,26,fr FRA,FW,26-269,51,14,1,1,8,5,0,14,0,0,,0,,9,39,6,0,0,0,2,1,12,4,https://fbref.com/en/players/77bbc5b1/Bilel-Aouacheria-Bilel Aouacheria,
1,Licá,https://fbref.com/en/players/41d84fed/Lica,88,88,pt POR,LM,32-110,39,9,0,2,3,4,0,9,0,0,,0,,2,8,6,0,0,0,1,0,6,2,https://fbref.com/en/players/41d84fed/Lica-Licá,
2,Patrick,https://fbref.com/en/players/867b60b4/Patrick,19,19,cv CPV,FW,27-014,50,15,0,1,6,8,1,15,0,0,,0,,9,63,10,0,0,0,2,2,12,2,https://fbref.com/en/players/867b60b4/Patrick-Patrick,
3,Nikola Stojiljković,https://fbref.com/en/players/ca3e2783/Nikola-Stojiljkovic,9,9,rs SRB,FW,28-132,40,20,0,0,7,13,4,20,0,0,,0,,3,8,1,0,0,0,0,0,12,2,https://fbref.com/en/players/ca3e2783/Nikola-Stojiljkovic-Nikola Stojiljković,
4,Ryan Gauld,https://fbref.com/en/players/862e93c2/Ryan-Gauld,23,23,sct SCO,"LM,FW",25-011,90,35,1,7,10,18,2,35,1,1,100.0,0,0.0,11,123,23,0,0,0,1,0,16,2,https://fbref.com/en/players/862e93c2/Ryan-Gauld-Ryan Gauld,
5,Fabrício Isidoro,https://fbref.com/en/players/b70ca4b5/Fabricio-Isidoro,14,14,br BRA,CM,28-334,90,30,0,7,20,5,2,30,3,3,100.0,0,0.0,14,113,37,0,1,1,3,1,17,1,https://fbref.com/en/players/b70ca4b5/Fabricio-Isidoro-Fabrício Isidoro,
6,Amine Oudrhiri,https://fbref.com/en/players/49c9c79a/Amine-Oudrhiri,5,5,ma MAR,CM,28-053,90,56,2,16,31,9,0,56,0,0,,0,,19,79,7,0,0,0,2,0,34,0,https://fbref.com/en/players/49c9c79a/Amine-Oudrhiri-Amine Oudrhiri,
7,Braian Mansilla,https://fbref.com/en/players/e4c37819/Braian-Mansilla,11,11,ar ARG,RM,23-255,73,29,0,6,10,13,0,29,2,0,0.0,2,100.0,13,36,21,0,0,0,2,0,22,6,https://fbref.com/en/players/e4c37819/Braian-Mansilla-Braian Mansilla,
8,Madi Queita,https://fbref.com/en/players/13ab460a/Madi-Queita,10,10,gw GNB,RM,22-067,17,11,0,1,1,9,1,11,0,0,,0,,3,27,0,1,0,0,1,0,6,2,https://fbref.com/en/players/13ab460a/Madi-Queita-Madi Queita,
9,Fábio Alexandre da Silva Nunes,https://fbref.com/en/players/7cfc2860/Fabio-Alexandre-da-Silva-Nunes,92,92,pt POR,LB,28-156,90,69,5,30,22,18,0,69,2,2,100.0,0,0.0,28,198,54,1,0,0,2,0,26,4,https://fbref.com/en/players/7cfc2860/Fabio-Alexandre-da-Silva-Nunes-Fábio Alexandre da Silva Nunes,
10,Eduardo Mancha,https://fbref.com/en/players/56e74f66/Eduardo-Mancha,95,95,br BRA,CB,25-033,23,21,0,11,10,0,0,21,0,0,,0,,12,47,26,0,0,0,1,0,14,0,https://fbref.com/en/players/56e74f66/Eduardo-Mancha-Eduardo Mancha,
11,Burá,https://fbref.com/en/players/8e72cba8/Bura,13,13,gw GNB,CB,25-005,67,28,2,21,7,0,0,28,0,0,,0,,15,83,43,1,0,0,1,0,11,0,https://fbref.com/en/players/8e72cba8/Bura-Burá,
12,Claudio Falcão,https://fbref.com/en/players/56077210/Claudio-Falcao,29,29,br BRA,CB,26-177,90,67,10,49,15,3,3,67,1,1,100.0,0,0.0,22,89,46,0,0,0,3,1,33,0,https://fbref.com/en/players/56077210/Claudio-Falcao-Claudio Falcão,
13,Alexandre Pinto,https://fbref.com/en/players/b05d8d93/Alexandre-Pinto,78,78,pt POR,RB,22-172,90,42,1,9,22,12,0,42,0,0,,0,,11,81,59,2,1,0,1,1,19,3,https://fbref.com/en/players/b05d8d93/Alexandre-Pinto-Alexandre Pinto,
14,Hugo Marques,https://fbref.com/en/players/789ee29d/Hugo-Marques,1,1,ao ANG,GK,34-347,90,32,26,32,0,0,0,32,0,0,,0,,14,67,39,0,0,0,0,0,8,0,https://fbref.com/en/players/789ee29d/Hugo-Marques-Hugo Marques,
