,Player Name,Player Number,Player,#,Nation,Pos,Age,Min,Touches,Def Pen,Def 3rd,Mid 3rd,Att 3rd,Att Pen,Live,Att,Succ,Succ%,Tkld,Tkld%,Carries,TotDist,PrgDist,PrgC,1/3,CPA,Mis,Dis,Rec,PrgR,Player Key,Player Link
0,Douglas Tanque,https://fbref.com/en/players/dbec03ba/Douglas-Tanque,99,99,br BRA,FW,27-061,90,36,0,0,16,20,4,35,0,0,,0,,20,106,70,3,2,1,3,4,27,2,https://fbref.com/en/players/dbec03ba/Douglas-Tanque-Douglas Tanque,
1,Luther Singh,https://fbref.com/en/players/e4377b65/Luther-Singh,11,11,za RSA,LW,23-144,75,33,1,4,17,12,2,33,1,0,0.0,1,100.0,22,86,25,0,0,0,3,0,25,4,https://fbref.com/en/players/e4377b65/Luther-Singh-Luther Singh,
2,Zé Uilton,https://fbref.com/en/players/31737d6f/Ze-Uilton,9,9,br BRA,"LW,RM",28-155,15,8,1,2,4,2,0,8,1,1,100.0,0,0.0,6,47,5,0,0,0,0,1,4,1,https://fbref.com/en/players/31737d6f/Ze-Uilton-Zé Uilton,
3,Hélder Ferreira,https://fbref.com/en/players/6407ce4d/Helder-Ferreira,7,7,pt POR,RW,23-266,75,33,1,4,14,15,0,33,4,2,50.0,2,50.0,20,106,49,2,2,0,1,3,22,8,https://fbref.com/en/players/6407ce4d/Helder-Ferreira-Hélder Ferreira,
4,Adriano Castanheira,https://fbref.com/en/players/e84057ed/Adriano-Castanheira,17,17,pt POR,"RW,LM",27-264,15,16,0,5,3,8,1,16,2,1,50.0,1,50.0,9,35,15,2,1,1,2,1,11,2,https://fbref.com/en/players/e84057ed/Adriano-Castanheira-Adriano Castanheira,
5,Bruno Xavier Almeida Costa,https://fbref.com/en/players/7b4c1f6e/Bruno-Xavier-Almeida-Costa,10,10,pt POR,LM,23-252,85,58,0,12,32,15,0,58,4,4,100.0,0,0.0,35,136,70,2,2,0,2,0,35,0,https://fbref.com/en/players/7b4c1f6e/Bruno-Xavier-Almeida-Costa-Bruno Xavier Almeida Costa,
6,João Pedro Sousa Silva,https://fbref.com/en/players/0629941f/Joao-Pedro-Sousa-Silva,45,45,gw GNB,FW,24-044,5,4,1,1,1,2,0,4,0,0,,0,,1,0,0,0,0,0,0,0,2,0,https://fbref.com/en/players/0629941f/Joao-Pedro-Sousa-Silva-João Pedro Sousa Silva,
7,Stephen Eustáquio,https://fbref.com/en/players/577efaec/Stephen-Eustaquio,46,46,ca CAN,CM,24-006,90,60,2,16,24,22,1,60,1,1,100.0,0,0.0,36,119,72,0,0,0,0,0,40,0,https://fbref.com/en/players/577efaec/Stephen-Eustaquio-Stephen Eustáquio,
8,Luíz Carlos,https://fbref.com/en/players/296f0b3f/Luiz-Carlos,22,22,br BRA,RM,35-175,68,38,1,6,23,10,0,38,1,0,0.0,1,100.0,25,86,44,1,2,0,1,0,26,2,https://fbref.com/en/players/296f0b3f/Luiz-Carlos-Luíz Carlos,
9,Lamine Diaby,https://fbref.com/en/players/8c410668/Lamine-Diaby,24,24,fr FRA,"RM,CM",24-115,22,19,3,6,8,5,0,19,0,0,,0,,10,30,4,0,0,0,1,0,10,0,https://fbref.com/en/players/8c410668/Lamine-Diaby-Lamine Diaby,
10,Oleg Reabciuk,https://fbref.com/en/players/6c249ea7/Oleg-Reabciuk,5,5,md MDA,LB,22-346,90,55,3,22,18,15,0,55,0,0,,0,,22,112,33,2,0,0,1,1,25,2,https://fbref.com/en/players/6c249ea7/Oleg-Reabciuk-Oleg Reabciuk,
11,Maracás,https://fbref.com/en/players/276127e4/Maracas,26,26,br BRA,CB,26-244,90,49,7,32,18,0,0,49,2,2,100.0,0,0.0,33,123,36,0,0,0,0,0,33,0,https://fbref.com/en/players/276127e4/Maracas-Maracás,
12,Marcelo dos Santos Ferreira,https://fbref.com/en/players/15a5e48c/Marcelo-dos-Santos-Ferreira,44,44,br BRA,CB,31-153,90,54,8,29,23,2,2,54,0,0,,0,,29,92,34,0,0,0,1,2,28,0,https://fbref.com/en/players/15a5e48c/Marcelo-dos-Santos-Ferreira-Marcelo dos Santos Ferreira,
13,Fernando Ferreira Fonseca,https://fbref.com/en/players/ed4fef1c/Fernando-Ferreira-Fonseca,29,29,pt POR,RB,23-288,90,63,5,24,23,16,0,63,1,1,100.0,0,0.0,26,147,64,0,1,0,3,2,27,4,https://fbref.com/en/players/ed4fef1c/Fernando-Ferreira-Fonseca-Fernando Ferreira Fonseca,
14,Jordi Almeida,https://fbref.com/en/players/774af19d/Jordi-Almeida,1,1,br BRA,GK,27-115,90,28,25,28,0,0,0,28,0,0,,0,,13,45,27,0,0,0,0,0,9,0,https://fbref.com/en/players/774af19d/Jordi-Almeida-Jordi Almeida,
