,Player Name,Player Number,Player,#,Nation,Pos,Age,Min,Gls,Ast,PK,PKatt,Sh,SoT,CrdY,CrdR,Touches,Tkl,Int,Blocks,xG,npxG,xAG,SCA,GCA,Cmp,Att,Cmp%,PrgP,Carries,PrgC,Att,Succ,Player Key,Player Link
0,Douglas Tanque,https://fbref.com/en/players/dbec03ba/Douglas-Tanque,99,99,br BRA,FW,27-061,90,1,0,1,1,1,0,1,0,36,1,1,0,0.8,0.0,0.1,3,0,19,26,73.1,2,20,3,0,0,https://fbref.com/en/players/dbec03ba/Douglas-Tanque-Douglas Tanque,
1,Luther Singh,https://fbref.com/en/players/e4377b65/Luther-Singh,11,11,za RSA,LW,23-144,75,0,0,0,0,4,0,0,0,33,0,0,2,0.1,0.1,0.0,0,0,17,21,81.0,1,22,0,1,0,https://fbref.com/en/players/e4377b65/Luther-Singh-Luther Singh,
2,Zé Uilton,https://fbref.com/en/players/31737d6f/Ze-Uilton,9,9,br BRA,"LW,RM",28-155,15,0,0,0,0,0,0,0,0,8,0,0,0,0.0,0.0,0.0,0,0,4,6,66.7,0,6,0,1,1,https://fbref.com/en/players/31737d6f/Ze-Uilton-Zé Uilton,
3,Hélder Ferreira,https://fbref.com/en/players/6407ce4d/Helder-Ferreira,7,7,pt POR,RW,23-266,75,0,0,0,0,0,0,0,0,33,0,0,1,0.0,0.0,0.0,3,1,15,26,57.7,2,20,2,4,2,https://fbref.com/en/players/6407ce4d/Helder-Ferreira-Hélder Ferreira,
4,Adriano Castanheira,https://fbref.com/en/players/e84057ed/Adriano-Castanheira,17,17,pt POR,"RW,LM",27-264,15,0,0,0,0,0,0,0,0,16,0,1,0,0.0,0.0,0.0,1,0,10,12,83.3,0,9,2,2,1,https://fbref.com/en/players/e84057ed/Adriano-Castanheira-Adriano Castanheira,
5,Bruno Xavier Almeida Costa,https://fbref.com/en/players/7b4c1f6e/Bruno-Xavier-Almeida-Costa,10,10,pt POR,LM,23-252,85,0,0,0,0,1,0,0,0,58,1,0,0,0.1,0.1,0.0,2,0,43,54,79.6,6,35,2,4,4,https://fbref.com/en/players/7b4c1f6e/Bruno-Xavier-Almeida-Costa-Bruno Xavier Almeida Costa,
6,João Pedro Sousa Silva,https://fbref.com/en/players/0629941f/Joao-Pedro-Sousa-Silva,45,45,gw GNB,FW,24-044,5,0,0,0,0,0,0,0,0,4,0,0,0,0.0,0.0,0.0,0,0,1,3,33.3,0,1,0,0,0,https://fbref.com/en/players/0629941f/Joao-Pedro-Sousa-Silva-João Pedro Sousa Silva,
7,Stephen Eustáquio,https://fbref.com/en/players/577efaec/Stephen-Eustaquio,46,46,ca CAN,CM,24-006,90,0,0,0,0,2,1,1,0,60,0,1,2,0.1,0.1,0.0,3,0,40,54,74.1,6,36,0,1,1,https://fbref.com/en/players/577efaec/Stephen-Eustaquio-Stephen Eustáquio,
8,Luíz Carlos,https://fbref.com/en/players/296f0b3f/Luiz-Carlos,22,22,br BRA,RM,35-175,68,0,0,0,0,1,1,0,0,38,0,0,1,0.0,0.0,0.0,1,0,26,31,83.9,4,25,1,1,0,https://fbref.com/en/players/296f0b3f/Luiz-Carlos-Luíz Carlos,
9,Lamine Diaby,https://fbref.com/en/players/8c410668/Lamine-Diaby,24,24,fr FRA,"RM,CM",24-115,22,0,0,0,0,1,0,1,0,19,0,1,1,0.0,0.0,0.0,0,0,10,14,71.4,2,10,0,0,0,https://fbref.com/en/players/8c410668/Lamine-Diaby-Lamine Diaby,
10,Oleg Reabciuk,https://fbref.com/en/players/6c249ea7/Oleg-Reabciuk,5,5,md MDA,LB,22-346,90,0,0,0,0,0,0,0,0,55,1,0,0,0.0,0.0,0.0,1,0,35,48,72.9,0,22,2,0,0,https://fbref.com/en/players/6c249ea7/Oleg-Reabciuk-Oleg Reabciuk,
11,Maracás,https://fbref.com/en/players/276127e4/Maracas,26,26,br BRA,CB,26-244,90,0,0,0,0,0,0,1,0,49,2,2,0,0.0,0.0,0.0,0,0,33,40,82.5,0,33,0,2,2,https://fbref.com/en/players/276127e4/Maracas-Maracás,
12,Marcelo dos Santos Ferreira,https://fbref.com/en/players/15a5e48c/Marcelo-dos-Santos-Ferreira,44,44,br BRA,CB,31-153,90,0,0,0,0,1,0,1,0,54,1,2,0,0.1,0.1,0.0,0,0,31,44,70.5,1,29,0,0,0,https://fbref.com/en/players/15a5e48c/Marcelo-dos-Santos-Ferreira-Marcelo dos Santos Ferreira,
13,Fernando Ferreira Fonseca,https://fbref.com/en/players/ed4fef1c/Fernando-Ferreira-Fonseca,29,29,pt POR,RB,23-288,90,0,0,0,0,1,0,1,0,63,2,2,2,0.0,0.0,0.0,4,0,31,48,64.6,1,26,0,1,1,https://fbref.com/en/players/ed4fef1c/Fernando-Ferreira-Fonseca-Fernando Ferreira Fonseca,
14,Jordi Almeida,https://fbref.com/en/players/774af19d/Jordi-Almeida,1,1,br BRA,GK,27-115,90,0,0,0,0,0,0,0,0,28,0,1,0,0.0,0.0,0.0,0,0,16,27,59.3,0,13,0,0,0,https://fbref.com/en/players/774af19d/Jordi-Almeida-Jordi Almeida,
