,Player Name,Player Number,Player,#,Nation,Pos,Age,Min,Tkl,TklW,Def 3rd,Mid 3rd,Att 3rd,Tkl,Att,Tkl%,Lost,Blocks,Sh,Pass,Int,Tkl+Int,Clr,Err,Player Key,Player Link
0,Douglas Tanque,https://fbref.com/en/players/dbec03ba/Douglas-Tanque,99,99,br BRA,FW,27-061,90,1,1,0,0,1,0,0,,0,0,0,0,1,2,0,0,https://fbref.com/en/players/dbec03ba/Douglas-Tanque-Douglas Tanque,
1,Luther Singh,https://fbref.com/en/players/e4377b65/Luther-Singh,11,11,za RSA,LW,23-144,75,0,0,0,0,0,0,1,0.0,1,2,0,2,0,0,0,0,https://fbref.com/en/players/e4377b65/Luther-Singh-Luther Singh,
2,Zé Uilton,https://fbref.com/en/players/31737d6f/Ze-Uilton,9,9,br BRA,"LW,RM",28-155,15,0,0,0,0,0,0,0,,0,0,0,0,0,0,0,0,https://fbref.com/en/players/31737d6f/Ze-Uilton-Zé Uilton,
3,Hélder Ferreira,https://fbref.com/en/players/6407ce4d/Helder-Ferreira,7,7,pt POR,RW,23-266,75,0,0,0,0,0,0,0,,0,1,0,1,0,0,1,0,https://fbref.com/en/players/6407ce4d/Helder-Ferreira-Hélder Ferreira,
4,Adriano Castanheira,https://fbref.com/en/players/e84057ed/Adriano-Castanheira,17,17,pt POR,"RW,LM",27-264,15,0,0,0,0,0,0,0,,0,0,0,0,1,1,0,0,https://fbref.com/en/players/e84057ed/Adriano-Castanheira-Adriano Castanheira,
5,Bruno Xavier Almeida Costa,https://fbref.com/en/players/7b4c1f6e/Bruno-Xavier-Almeida-Costa,10,10,pt POR,LM,23-252,85,1,1,0,1,0,0,0,,0,0,0,0,0,1,0,0,https://fbref.com/en/players/7b4c1f6e/Bruno-Xavier-Almeida-Costa-Bruno Xavier Almeida Costa,
6,João Pedro Sousa Silva,https://fbref.com/en/players/0629941f/Joao-Pedro-Sousa-Silva,45,45,gw GNB,FW,24-044,5,0,0,0,0,0,0,0,,0,0,0,0,0,0,1,0,https://fbref.com/en/players/0629941f/Joao-Pedro-Sousa-Silva-João Pedro Sousa Silva,
7,Stephen Eustáquio,https://fbref.com/en/players/577efaec/Stephen-Eustaquio,46,46,ca CAN,CM,24-006,90,0,0,0,0,0,0,1,0.0,1,2,1,1,1,1,0,0,https://fbref.com/en/players/577efaec/Stephen-Eustaquio-Stephen Eustáquio,
8,Luíz Carlos,https://fbref.com/en/players/296f0b3f/Luiz-Carlos,22,22,br BRA,RM,35-175,68,0,0,0,0,0,0,3,0.0,3,1,0,1,0,0,1,0,https://fbref.com/en/players/296f0b3f/Luiz-Carlos-Luíz Carlos,
9,Lamine Diaby,https://fbref.com/en/players/8c410668/Lamine-Diaby,24,24,fr FRA,"RM,CM",24-115,22,0,0,0,0,0,0,0,,0,1,1,0,1,1,3,0,https://fbref.com/en/players/8c410668/Lamine-Diaby-Lamine Diaby,
10,Oleg Reabciuk,https://fbref.com/en/players/6c249ea7/Oleg-Reabciuk,5,5,md MDA,LB,22-346,90,1,1,1,0,0,0,0,,0,0,0,0,0,1,3,0,https://fbref.com/en/players/6c249ea7/Oleg-Reabciuk-Oleg Reabciuk,
11,Maracás,https://fbref.com/en/players/276127e4/Maracas,26,26,br BRA,CB,26-244,90,2,0,1,1,0,1,1,100.0,0,0,0,0,2,4,5,0,https://fbref.com/en/players/276127e4/Maracas-Maracás,
12,Marcelo dos Santos Ferreira,https://fbref.com/en/players/15a5e48c/Marcelo-dos-Santos-Ferreira,44,44,br BRA,CB,31-153,90,1,1,0,1,0,0,0,,0,0,0,0,2,3,4,0,https://fbref.com/en/players/15a5e48c/Marcelo-dos-Santos-Ferreira-Marcelo dos Santos Ferreira,
13,Fernando Ferreira Fonseca,https://fbref.com/en/players/ed4fef1c/Fernando-Ferreira-Fonseca,29,29,pt POR,RB,23-288,90,2,2,0,2,0,1,3,33.3,2,2,0,2,2,4,3,1,https://fbref.com/en/players/ed4fef1c/Fernando-Ferreira-Fonseca-Fernando Ferreira Fonseca,
14,Jordi Almeida,https://fbref.com/en/players/774af19d/Jordi-Almeida,1,1,br BRA,GK,27-115,90,0,0,0,0,0,0,0,,0,0,0,0,1,1,0,0,https://fbref.com/en/players/774af19d/Jordi-Almeida-Jordi Almeida,
