,Player Name,Player Number,Player,#,Nation,Pos,Age,Min,Att,Live,Dead,FK,TB,Sw,Crs,TI,CK,In,Out,Str,Cmp,Off,Blocks,Player Key,Player Link
0,Douglas Tanque,https://fbref.com/en/players/dbec03ba/Douglas-Tanque,99,99,br BRA,FW,27-061,90,26,23,2,0,0,0,0,0,0,0,0,0,19,1,0,https://fbref.com/en/players/dbec03ba/Douglas-Tanque-Douglas Tanque,
1,Luther Singh,https://fbref.com/en/players/e4377b65/Luther-Singh,11,11,za RSA,LW,23-144,75,21,21,0,0,0,0,0,0,0,0,0,0,17,0,0,https://fbref.com/en/players/e4377b65/Luther-Singh-Luther Singh,
2,Zé Uilton,https://fbref.com/en/players/31737d6f/Ze-Uilton,9,9,br BRA,"LW,RM",28-155,15,6,6,0,0,0,0,0,0,0,0,0,0,4,0,0,https://fbref.com/en/players/31737d6f/Ze-Uilton-Zé Uilton,
3,Hélder Ferreira,https://fbref.com/en/players/6407ce4d/Helder-Ferreira,7,7,pt POR,RW,23-266,75,26,25,1,0,0,0,2,1,0,0,0,0,15,0,3,https://fbref.com/en/players/6407ce4d/Helder-Ferreira-Hélder Ferreira,
4,Adriano Castanheira,https://fbref.com/en/players/e84057ed/Adriano-Castanheira,17,17,pt POR,"RW,LM",27-264,15,12,11,1,1,0,0,0,0,0,0,0,0,10,0,1,https://fbref.com/en/players/e84057ed/Adriano-Castanheira-Adriano Castanheira,
5,Bruno Xavier Almeida Costa,https://fbref.com/en/players/7b4c1f6e/Bruno-Xavier-Almeida-Costa,10,10,pt POR,LM,23-252,85,54,44,10,7,0,2,5,0,3,0,2,0,43,0,1,https://fbref.com/en/players/7b4c1f6e/Bruno-Xavier-Almeida-Costa-Bruno Xavier Almeida Costa,
6,João Pedro Sousa Silva,https://fbref.com/en/players/0629941f/Joao-Pedro-Sousa-Silva,45,45,gw GNB,FW,24-044,5,3,3,0,0,0,0,0,0,0,0,0,0,1,0,0,https://fbref.com/en/players/0629941f/Joao-Pedro-Sousa-Silva-João Pedro Sousa Silva,
7,Stephen Eustáquio,https://fbref.com/en/players/577efaec/Stephen-Eustaquio,46,46,ca CAN,CM,24-006,90,54,52,1,1,0,2,2,0,0,0,0,0,40,1,1,https://fbref.com/en/players/577efaec/Stephen-Eustaquio-Stephen Eustáquio,
8,Luíz Carlos,https://fbref.com/en/players/296f0b3f/Luiz-Carlos,22,22,br BRA,RM,35-175,68,31,30,1,1,0,0,0,0,0,0,0,0,26,0,0,https://fbref.com/en/players/296f0b3f/Luiz-Carlos-Luíz Carlos,
9,Lamine Diaby,https://fbref.com/en/players/8c410668/Lamine-Diaby,24,24,fr FRA,"RM,CM",24-115,22,14,14,0,0,0,0,0,0,0,0,0,0,10,0,0,https://fbref.com/en/players/8c410668/Lamine-Diaby-Lamine Diaby,
10,Oleg Reabciuk,https://fbref.com/en/players/6c249ea7/Oleg-Reabciuk,5,5,md MDA,LB,22-346,90,48,31,17,5,0,0,5,12,0,0,0,0,35,0,1,https://fbref.com/en/players/6c249ea7/Oleg-Reabciuk-Oleg Reabciuk,
11,Maracás,https://fbref.com/en/players/276127e4/Maracas,26,26,br BRA,CB,26-244,90,40,40,0,0,0,0,0,0,0,0,0,0,33,0,0,https://fbref.com/en/players/276127e4/Maracas-Maracás,
12,Marcelo dos Santos Ferreira,https://fbref.com/en/players/15a5e48c/Marcelo-dos-Santos-Ferreira,44,44,br BRA,CB,31-153,90,44,42,2,2,0,0,1,0,0,0,0,0,31,0,0,https://fbref.com/en/players/15a5e48c/Marcelo-dos-Santos-Ferreira-Marcelo dos Santos Ferreira,
13,Fernando Ferreira Fonseca,https://fbref.com/en/players/ed4fef1c/Fernando-Ferreira-Fonseca,29,29,pt POR,RB,23-288,90,48,40,8,0,0,0,3,8,0,0,0,0,31,0,1,https://fbref.com/en/players/ed4fef1c/Fernando-Ferreira-Fonseca-Fernando Ferreira Fonseca,
14,Jordi Almeida,https://fbref.com/en/players/774af19d/Jordi-Almeida,1,1,br BRA,GK,27-115,90,27,13,13,6,0,0,0,0,0,0,0,0,16,1,0,https://fbref.com/en/players/774af19d/Jordi-Almeida-Jordi Almeida,
