,Minute,Player,Squad,xG,PSxG,Outcome,Distance,Body Part,Notes,SCA 1 Player,SCA 1 Event,SCA 2 Player,SCA 2 Event
0,6,Luíz Carlos,Paços,0.04,0.02,Saved,21,Right Foot,,Douglas Tanque,Pass (Live),Hélder Ferreira,Pass (Live)
1,10,Douglas Tanque,Paços,0.04,,Blocked,18,Left Foot,,Luíz Carlos,Pass (Live),Fernando Ferreira Fonseca,Pass (Live)
2,25,Marcelo dos Santos Ferreira,Paços,0.09,,Blocked,12,Right Foot,Volley,Fernando Ferreira Fonseca,Pass (Live),Stephen Eustáquio,Pass (Live)
3,31,Stephen Eustáquio,Paços,0.04,0.05,Saved,18,Right Foot,,Bruno Xavier Almeida Costa,Pass (Dead),Oleg Reabciuk,Pass (Dead)
4,33,Patrick,Farense,0.07,,Off Target,10,Head,,Braian Mansilla,Pass (Live),Alexandre Pinto,Pass (Dead)
5,35,Stephen Eustáquio,Paços,0.03,,Off Target,28,Right Foot,Volley,,,,
6,37,Luther Singh,Paços,0.05,,Off Target,15,Right Foot,,Hélder Ferreira,Pass (Live),Fernando Ferreira Fonseca,Pass (Live)
7,45,Luther Singh,Paços,0.03,,Blocked,25,Right Foot,,Stephen Eustáquio,Pass (Live),,
8,45+2,Claudio Falcão,Farense,0.56,,Off Target,5,Head,,Amine Oudrhiri,Pass (Dead),Ryan Gauld,Fouled
9,,,,,,,,,,,,,
10,56,Bruno Xavier Almeida Costa,Paços,0.06,,Off Target,25,Right Foot,Free kick,Douglas Tanque,Fouled,Bruno Xavier Almeida Costa,Take-On
11,60,Douglas Tanque(pen),Paços,0.79,0.89,Goal,13,Left Foot,,Hélder Ferreira,Fouled,,
12,63,Luther Singh,Paços,0.03,,Off Target,26,Right Foot,Volley,,,,
13,64,Luther Singh,Paços,0.04,,Blocked,25,Left Foot,,Douglas Tanque,Pass (Live),,
14,74,Ryan Gauld,Farense,0.49,0.58,Goal,8,Left Foot,,Madi Queita,Pass (Live),Nikola Stojiljković,Pass (Live)
15,78,Nikola Stojiljković,Farense,0.07,,Blocked,7,Head,,Ryan Gauld,Pass (Dead),Licá,Fouled
16,82,Nikola Stojiljković,Farense,0.04,,Blocked,24,Left Foot,,Amine Oudrhiri,Pass (Live),Fabrício Isidoro,Pass (Live)
17,83,Fernando Ferreira Fonseca,Paços,0.03,,Blocked,26,Right Foot,,Adriano Castanheira,Pass (Live),Stephen Eustáquio,Pass (Live)
18,83,Lamine Diaby,Paços,0.03,,Off Target,31,Left Foot,,Fernando Ferreira Fonseca,Shot,,
19,85,Claudio Falcão,Farense,0.42,,Off Target,4,Head,,Ryan Gauld,Pass (Dead),Licá,Pass (Live)
