season,injury,from,until,days,missed_games
23/24,Injury to the ankle,"Dec 18, 2023","Jan 13, 2024",26 days,3
23/24,Calf injury,"Oct 30, 2023","Nov 6, 2023",7 days,1
22/23,Injury to the ankle,"Apr 25, 2023","May 22, 2023",27 days,4
22/23,Achilles tendon contusion,"Jan 11, 2023","Feb 28, 2023",48 days,8
22/23,Dead leg,"Dec 23, 2022","Jan 7, 2023",15 days,3
22/23,Hip injury,"Sep 1, 2022","Sep 20, 2022",19 days,3
21/22,Hamstring injury,"May 20, 2022","May 30, 2022",10 days,1
21/22,Knock,"Mar 7, 2022","Mar 21, 2022",14 days,2
21/22,Hairline crack in foot,"Sep 21, 2021","Oct 18, 2021",27 days,4
21/22,Back injury,"Aug 28, 2021","Sep 4, 2021",7 days,1
