,Player Name,Player Number,Player,#,Nation,Pos,Age,Min,Touches,Def Pen,Def 3rd,Mid 3rd,Att 3rd,Att Pen,Live,Att,Succ,Succ%,Tkld,Tkld%,Carries,TotDist,PrgDist,PrgC,1/3,CPA,Mis,Dis,Rec,PrgR,Player Key,Player Link
0,Lassina Franck Traoré,https://fbref.com/en/players/f620b04f/Lassina-Franck-Traore,23,23,bf BFA,FW,19-289,90,49,3,5,20,24,6,49,1,0,0.0,1,100.0,24,88,32,1,0,1,3,3,38,12,https://fbref.com/en/players/f620b04f/Lassina-Franck-Traore-Lassina Franck Traoré,
1,Antony,https://fbref.com/en/players/99127249/Antony,39,39,br BRA,LW,20-246,89,57,1,12,21,26,1,57,2,2,100.0,0,0.0,35,271,148,4,3,0,4,0,36,11,https://fbref.com/en/players/99127249/Antony-Antony,
2,Zakaria Labyad,https://fbref.com/en/players/ebc56869/Zakaria-Labyad,19,19,ma MAR,LW,27-232,1,2,0,0,0,2,0,2,0,0,,0,,0,0,0,0,0,0,0,0,0,0,https://fbref.com/en/players/ebc56869/Zakaria-Labyad-Zakaria Labyad,
3,David Neres,https://fbref.com/en/players/4f1e6a0b/David-Neres,7,7,br BRA,RW,23-238,68,36,0,2,11,23,3,36,3,2,66.7,1,33.3,28,137,55,2,1,1,1,1,31,11,https://fbref.com/en/players/4f1e6a0b/David-Neres-David Neres,
4,Quincy Promes,https://fbref.com/en/players/b182a240/Quincy-Promes,11,11,nl NED,RW,28-297,22,11,0,0,2,9,0,11,0,0,,0,,7,19,1,0,0,0,0,1,10,2,https://fbref.com/en/players/b182a240/Quincy-Promes-Quincy Promes,
5,Ryan Gravenberch,https://fbref.com/en/players/b8e740fb/Ryan-Gravenberch,8,8,nl NED,LM,18-164,90,56,1,8,30,18,1,56,6,3,50.0,3,50.0,30,186,83,4,0,0,0,2,33,6,https://fbref.com/en/players/b8e740fb/Ryan-Gravenberch-Ryan Gravenberch,
6,Dušan Tadić,https://fbref.com/en/players/2475dcc6/Dusan-Tadic,10,10,rs SRB,CM,31-342,90,53,1,3,23,27,2,52,4,2,50.0,2,50.0,37,169,69,1,1,0,1,5,44,5,https://fbref.com/en/players/2475dcc6/Dusan-Tadic-Dušan Tadić,
7,Davy Klaassen,https://fbref.com/en/players/15fd5593/Davy-Klaassen,6,6,nl NED,RM,27-249,90,51,3,9,33,10,0,51,1,1,100.0,0,0.0,24,136,13,0,0,0,1,0,23,3,https://fbref.com/en/players/15fd5593/Davy-Klaassen-Davy Klaassen,
8,Nicolás Tagliafico,https://fbref.com/en/players/f0661424/Nicolas-Tagliafico,31,31,ar ARG,LB,28-057,90,66,6,23,29,14,1,66,0,0,,0,,38,174,101,2,1,1,2,1,40,4,https://fbref.com/en/players/f0661424/Nicolas-Tagliafico-Nicolás Tagliafico,
9,Daley Blind,https://fbref.com/en/players/691bef82/Daley-Blind,17,17,nl NED,CB,30-232,90,67,11,41,29,1,0,67,1,1,100.0,0,0.0,40,209,113,1,1,0,0,0,37,0,https://fbref.com/en/players/691bef82/Daley-Blind-Daley Blind,
10,Perr Schuurs,https://fbref.com/en/players/e613313c/Perr-Schuurs,3,3,nl NED,CB,20-336,90,40,2,18,18,4,1,40,2,2,100.0,0,0.0,18,128,108,2,2,0,1,1,19,0,https://fbref.com/en/players/e613313c/Perr-Schuurs-Perr Schuurs,
11,Noussair Mazraoui,https://fbref.com/en/players/b74277a0/Noussair-Mazraoui,12,12,ma MAR,RB,22-348,55,52,2,20,29,6,0,52,3,2,66.7,1,33.3,34,170,89,0,1,0,0,1,29,0,https://fbref.com/en/players/b74277a0/Noussair-Mazraoui-Noussair Mazraoui,
12,Sean Klaiber,https://fbref.com/en/players/f4ceb85b/Sean-Klaiber,5,5,sr SUR,RB,26-088,35,33,1,16,10,8,0,33,0,0,,0,,19,62,20,0,2,0,0,1,16,1,https://fbref.com/en/players/f4ceb85b/Sean-Klaiber-Sean Klaiber,
13,André Onana,https://fbref.com/en/players/e9c0c1b2/Andre-Onana,24,24,cm CMR,GK,24-208,90,56,46,56,0,0,0,56,0,0,,0,,39,192,139,0,0,0,0,0,31,0,https://fbref.com/en/players/e9c0c1b2/Andre-Onana-André Onana,
