,Player Name,Player Number,Player,#,Nation,Pos,Age,Min,Tkl,TklW,Def 3rd,Mid 3rd,Att 3rd,Tkl,Att,Tkl%,Lost,Blocks,Sh,Pass,Int,Tkl+Int,Clr,Err,Player Key,Player Link
0,Lassina Franck Traoré,https://fbref.com/en/players/f620b04f/Lassina-Franck-Traore,23,23,bf BFA,FW,19-289,90,0,0,0,0,0,0,0,,0,1,0,1,1,1,3,0,https://fbref.com/en/players/f620b04f/Lassina-Franck-Traore-Lassina Franck Traoré,
1,Antony,https://fbref.com/en/players/99127249/Antony,39,39,br BRA,LW,20-246,89,3,3,2,1,0,0,1,0.0,1,3,0,3,1,4,0,0,https://fbref.com/en/players/99127249/Antony-Antony,
2,Zakaria Labyad,https://fbref.com/en/players/ebc56869/Zakaria-Labyad,19,19,ma MAR,LW,27-232,1,0,0,0,0,0,0,0,,0,0,0,0,0,0,0,0,https://fbref.com/en/players/ebc56869/Zakaria-Labyad-Zakaria Labyad,
3,David Neres,https://fbref.com/en/players/4f1e6a0b/David-Neres,7,7,br BRA,RW,23-238,68,0,0,0,0,0,0,2,0.0,2,1,0,1,0,0,0,0,https://fbref.com/en/players/4f1e6a0b/David-Neres-David Neres,
4,Quincy Promes,https://fbref.com/en/players/b182a240/Quincy-Promes,11,11,nl NED,RW,28-297,22,0,0,0,0,0,0,0,,0,0,0,0,0,0,0,0,https://fbref.com/en/players/b182a240/Quincy-Promes-Quincy Promes,
5,Ryan Gravenberch,https://fbref.com/en/players/b8e740fb/Ryan-Gravenberch,8,8,nl NED,LM,18-164,90,4,1,0,3,1,1,2,50.0,1,1,0,1,1,5,1,0,https://fbref.com/en/players/b8e740fb/Ryan-Gravenberch-Ryan Gravenberch,
6,Dušan Tadić,https://fbref.com/en/players/2475dcc6/Dusan-Tadic,10,10,rs SRB,CM,31-342,90,2,2,1,1,0,1,1,100.0,0,1,0,1,0,2,0,0,https://fbref.com/en/players/2475dcc6/Dusan-Tadic-Dušan Tadić,
7,Davy Klaassen,https://fbref.com/en/players/15fd5593/Davy-Klaassen,6,6,nl NED,RM,27-249,90,3,1,0,2,1,1,2,50.0,1,0,0,0,2,5,3,0,https://fbref.com/en/players/15fd5593/Davy-Klaassen-Davy Klaassen,
8,Nicolás Tagliafico,https://fbref.com/en/players/f0661424/Nicolas-Tagliafico,31,31,ar ARG,LB,28-057,90,3,2,1,2,0,1,2,50.0,1,0,0,0,1,4,4,0,https://fbref.com/en/players/f0661424/Nicolas-Tagliafico-Nicolás Tagliafico,
9,Daley Blind,https://fbref.com/en/players/691bef82/Daley-Blind,17,17,nl NED,CB,30-232,90,3,2,0,3,0,1,2,50.0,1,1,1,0,2,5,2,0,https://fbref.com/en/players/691bef82/Daley-Blind-Daley Blind,
10,Perr Schuurs,https://fbref.com/en/players/e613313c/Perr-Schuurs,3,3,nl NED,CB,20-336,90,0,0,0,0,0,0,0,,0,3,1,2,1,1,2,0,https://fbref.com/en/players/e613313c/Perr-Schuurs-Perr Schuurs,
11,Noussair Mazraoui,https://fbref.com/en/players/b74277a0/Noussair-Mazraoui,12,12,ma MAR,RB,22-348,55,1,1,0,1,0,0,3,0.0,3,3,1,2,3,4,1,0,https://fbref.com/en/players/b74277a0/Noussair-Mazraoui-Noussair Mazraoui,
12,Sean Klaiber,https://fbref.com/en/players/f4ceb85b/Sean-Klaiber,5,5,sr SUR,RB,26-088,35,2,1,0,0,2,1,1,100.0,0,1,0,1,2,4,0,0,https://fbref.com/en/players/f4ceb85b/Sean-Klaiber-Sean Klaiber,
13,André Onana,https://fbref.com/en/players/e9c0c1b2/Andre-Onana,24,24,cm CMR,GK,24-208,90,0,0,0,0,0,0,0,,0,0,0,0,0,0,0,0,https://fbref.com/en/players/e9c0c1b2/Andre-Onana-André Onana,
