,Player Name,Player Number,Player,#,Nation,Pos,Age,Min,CrdY,CrdR,2CrdY,Fls,Fld,Off,Crs,Int,TklW,PKwon,PKcon,OG,Recov,Won,Lost,Won%,Player Key,Player Link
0,Duván Zapata,https://fbref.com/en/players/d3de9af0/Duvan-Zapata,91,91,co COL,FW,29-209,90,0,0,0,1,1,2,3,0,1,0,0,0,1,3,1,75.0,https://fbref.com/en/players/d3de9af0/Duvan-Zapata-Duván Zapata,
1,Papu Gómez,https://fbref.com/en/players/6e4df551/Papu-Gomez,10,10,ar ARG,AM,32-255,77,0,0,0,0,1,0,9,0,0,0,0,0,5,0,0,,https://fbref.com/en/players/6e4df551/Papu-Gomez-Papu Gómez,
2,Luis Muriel,https://fbref.com/en/players/eb2fe5b6/Luis-Muriel,9,9,co COL,FW,29-194,13,0,0,0,1,0,0,0,0,1,0,0,0,1,0,0,,https://fbref.com/en/players/eb2fe5b6/Luis-Muriel-Luis Muriel,
3,Josip Iličić,https://fbref.com/en/players/68252d6d/Josip-Ilicic,72,72,si SVN,AM,32-272,77,1,0,0,1,4,2,1,0,0,0,0,0,4,0,1,0.0,https://fbref.com/en/players/68252d6d/Josip-Ilicic-Josip Iličić,
4,Ruslan Malinovskyi,https://fbref.com/en/players/48d5bd33/Ruslan-Malinovskyi,18,18,ua UKR,AM,27-176,13,1,0,0,1,1,0,0,1,1,0,0,0,1,0,0,,https://fbref.com/en/players/48d5bd33/Ruslan-Malinovskyi-Ruslan Malinovskyi,
5,Remo Freuler,https://fbref.com/en/players/98d2c2c4/Remo-Freuler,11,11,ch SUI,CM,28-195,90,0,0,0,0,2,0,0,6,2,0,0,0,17,1,1,50.0,https://fbref.com/en/players/98d2c2c4/Remo-Freuler-Remo Freuler,
6,Mario Pašalić,https://fbref.com/en/players/e599253a/Mario-Pasalic,88,88,hr CRO,CM,25-261,90,0,0,0,0,0,1,1,2,1,0,0,0,9,0,3,0.0,https://fbref.com/en/players/e599253a/Mario-Pasalic-Mario Pašalić,
7,Robin Gosens,https://fbref.com/en/players/2d970560/Robin-Gosens,8,8,de GER,WB,26-114,90,0,0,0,1,1,0,2,3,1,0,1,0,5,1,2,33.3,https://fbref.com/en/players/2d970560/Robin-Gosens-Robin Gosens,
8,Hans Hateboer,https://fbref.com/en/players/3b333ac3/Hans-Hateboer,33,33,nl NED,WB,26-292,90,0,0,0,2,0,0,1,1,1,0,0,0,2,2,1,66.7,https://fbref.com/en/players/3b333ac3/Hans-Hateboer-Hans Hateboer,
9,Berat Djimsiti,https://fbref.com/en/players/6eee05f1/Berat-Djimsiti,19,19,al ALB,CB,27-251,90,1,0,0,1,1,0,0,2,0,0,0,0,2,8,3,72.7,https://fbref.com/en/players/6eee05f1/Berat-Djimsiti-Berat Djimsiti,
10,Cristian Romero,https://fbref.com/en/players/a3d94a58/Cristian-Romero,17,17,ar ARG,CB,22-183,90,0,0,0,4,2,0,0,5,3,0,0,0,10,5,5,50.0,https://fbref.com/en/players/a3d94a58/Cristian-Romero-Cristian Romero,
11,Rafael Tolói,https://fbref.com/en/players/c56dc39e/Rafael-Toloi,2,2,it ITA,CB,30-017,90,0,0,0,0,0,0,1,2,2,0,0,0,9,2,2,50.0,https://fbref.com/en/players/c56dc39e/Rafael-Toloi-Rafael Tolói,
12,Marco Sportiello,https://fbref.com/en/players/ac4003af/Marco-Sportiello,57,57,it ITA,GK,28-170,90,0,0,0,0,1,0,0,0,0,0,0,0,1,0,0,,https://fbref.com/en/players/ac4003af/Marco-Sportiello-Marco Sportiello,
