,Player Name,Player Number,Player,#,Nation,Pos,Age,Min,Touches,Def Pen,Def 3rd,Mid 3rd,Att 3rd,Att Pen,Live,Att,Succ,Succ%,Tkld,Tkld%,Carries,TotDist,PrgDist,PrgC,1/3,CPA,Mis,Dis,Rec,PrgR,Player Key,Player Link
0,Duván Zapata,https://fbref.com/en/players/d3de9af0/Duvan-Zapata,91,91,co COL,FW,29-209,90,48,3,5,19,25,9,48,0,0,,0,,27,234,137,8,4,4,3,2,38,8,https://fbref.com/en/players/d3de9af0/Duvan-Zapata-Duván Zapata,
1,Papu Gómez,https://fbref.com/en/players/6e4df551/Papu-Gomez,10,10,ar ARG,AM,32-255,77,46,0,5,25,17,4,46,3,2,66.7,1,33.3,25,201,133,6,2,2,0,0,31,3,https://fbref.com/en/players/6e4df551/Papu-Gomez-Papu Gómez,
2,Luis Muriel,https://fbref.com/en/players/eb2fe5b6/Luis-Muriel,9,9,co COL,FW,29-194,13,7,0,2,3,2,0,7,0,0,,0,,4,64,22,1,2,0,1,0,5,1,https://fbref.com/en/players/eb2fe5b6/Luis-Muriel-Luis Muriel,
3,Josip Iličić,https://fbref.com/en/players/68252d6d/Josip-Ilicic,72,72,si SVN,AM,32-272,77,53,0,4,27,22,5,53,5,3,60.0,2,40.0,44,341,145,5,2,3,0,6,48,3,https://fbref.com/en/players/68252d6d/Josip-Ilicic-Josip Iličić,
4,Ruslan Malinovskyi,https://fbref.com/en/players/48d5bd33/Ruslan-Malinovskyi,18,18,ua UKR,AM,27-176,13,12,0,5,3,4,0,12,0,0,,0,,7,18,14,0,2,0,1,0,9,1,https://fbref.com/en/players/48d5bd33/Ruslan-Malinovskyi-Ruslan Malinovskyi,
5,Remo Freuler,https://fbref.com/en/players/98d2c2c4/Remo-Freuler,11,11,ch SUI,CM,28-195,90,62,8,27,33,4,0,62,4,2,50.0,2,50.0,28,143,66,0,1,0,0,2,28,2,https://fbref.com/en/players/98d2c2c4/Remo-Freuler-Remo Freuler,
6,Mario Pašalić,https://fbref.com/en/players/e599253a/Mario-Pasalic,88,88,hr CRO,CM,25-261,90,55,1,16,30,9,4,55,1,1,100.0,0,0.0,26,112,46,3,1,1,4,5,32,3,https://fbref.com/en/players/e599253a/Mario-Pasalic-Mario Pašalić,
7,Robin Gosens,https://fbref.com/en/players/2d970560/Robin-Gosens,8,8,de GER,WB,26-114,90,53,2,19,23,12,3,53,2,2,100.0,0,0.0,16,66,47,1,2,1,0,0,26,3,https://fbref.com/en/players/2d970560/Robin-Gosens-Robin Gosens,
8,Hans Hateboer,https://fbref.com/en/players/3b333ac3/Hans-Hateboer,33,33,nl NED,WB,26-292,90,45,1,10,21,14,1,45,1,0,0.0,1,100.0,17,155,88,3,0,1,1,0,26,2,https://fbref.com/en/players/3b333ac3/Hans-Hateboer-Hans Hateboer,
9,Berat Djimsiti,https://fbref.com/en/players/6eee05f1/Berat-Djimsiti,19,19,al ALB,CB,27-251,90,53,8,27,22,4,3,53,0,0,,0,,10,62,44,1,1,0,3,0,17,1,https://fbref.com/en/players/6eee05f1/Berat-Djimsiti-Berat Djimsiti,
10,Cristian Romero,https://fbref.com/en/players/a3d94a58/Cristian-Romero,17,17,ar ARG,CB,22-183,90,59,6,31,28,1,0,59,0,0,,0,,17,93,25,1,1,0,0,0,15,1,https://fbref.com/en/players/a3d94a58/Cristian-Romero-Cristian Romero,
11,Rafael Tolói,https://fbref.com/en/players/c56dc39e/Rafael-Toloi,2,2,it ITA,CB,30-017,90,52,4,26,25,1,1,52,0,0,,0,,17,48,16,0,0,0,1,0,26,1,https://fbref.com/en/players/c56dc39e/Rafael-Toloi-Rafael Tolói,
12,Marco Sportiello,https://fbref.com/en/players/ac4003af/Marco-Sportiello,57,57,it ITA,GK,28-170,90,32,28,32,0,0,0,32,0,0,,0,,13,40,28,0,0,0,1,0,13,0,https://fbref.com/en/players/ac4003af/Marco-Sportiello-Marco Sportiello,
