,Minute,Player,Squad,xG,PSxG,Outcome,Distance,Body Part,Notes,SCA 1 Player,SCA 1 Event,SCA 2 Player,SCA 2 Event
0,3,Antony,Ajax,0.03,0.21,Saved,28,Right Foot,,David Neres,Pass (Live),,
1,4,Dušan Tadić,Ajax,0.04,,Off Target,22,Left Foot,,Antony,Pass (Live),Lassina Franck Traoré,Pass (Live)
2,9,Lassina Franck Traoré,Ajax,0.05,,Blocked,16,Right Foot,,Ryan Gravenberch,Pass (Live),Lassina Franck Traoré,Pass (Live)
3,10,Noussair Mazraoui,Ajax,0.02,,Off Target,28,Right Foot,Volley,Lassina Franck Traoré,Shot,,
4,14,Papu Gómez,Atalanta,0.03,0.09,Saved,30,Right Foot,,Remo Freuler,Pass (Live),Josip Iličić,Pass (Live)
5,15,Josip Iličić,Atalanta,0.09,,Off Target,16,Left Foot,,Berat Djimsiti,Pass (Live),Josip Iličić,Pass (Live)
6,16,Duván Zapata,Atalanta,0.06,,Off Target,17,Left Foot,,Mario Pašalić,Pass (Live),,
7,27,Antony,Ajax,0.03,0.16,Saved,22,Left Foot,,Antony,Take-On,Nicolás Tagliafico,Pass (Live)
8,30,Dušan Tadić(pen),Ajax,0.79,0.95,Goal,13,Left Foot,,Lassina Franck Traoré,Fouled,Antony,Pass (Live)
9,38,Lassina Franck Traoré,Ajax,0.13,0.23,Goal,4,Right Foot,,Nicolás Tagliafico,Pass (Live),Ryan Gravenberch,Pass (Live)
10,39,Berat Djimsiti,Atalanta,0.05,0.57,Saved,10,Head,,Papu Gómez,Pass (Dead),Hans Hateboer,Pass (Dead)
11,40,Robin Gosens,Atalanta,0.06,,Blocked,13,Left Foot,,Duván Zapata,Pass (Live),Papu Gómez,Pass (Live)
12,44,Duván Zapata,Atalanta,0.05,,Blocked,12,Left Foot,,Mario Pašalić,Pass (Live),Hans Hateboer,Pass (Live)
13,,,,,,,,,,,,,
14,50,Josip Iličić,Atalanta,0.09,0.03,Saved,23,Left Foot,Free kick,Josip Iličić,Fouled,Duván Zapata,Pass (Live)
15,51,Perr Schuurs,Ajax,0.05,0.03,Saved,16,Right Foot,,Perr Schuurs,Take-On,David Neres,Pass (Live)
16,52,Noussair Mazraoui,Ajax,0.03,,Blocked,26,Left Foot,,Antony,Pass (Live),David Neres,Pass (Live)
17,54,Josip Iličić,Atalanta,0.08,,Blocked,18,Left Foot,,Hans Hateboer,Pass (Live),Mario Pašalić,Pass (Live)
18,54,Duván Zapata,Atalanta,0.47,0.94,Goal,6,Head,,Papu Gómez,Pass (Live),Josip Iličić,Shot
19,60,Duván Zapata,Atalanta,0.62,0.99,Goal,8,Right Foot,,Mario Pašalić,Pass (Live),Josip Iličić,Pass (Live)
20,64,Remo Freuler,Atalanta,0.02,,Off Target,33,Right Foot,,Mario Pašalić,Pass (Live),Hans Hateboer,Pass (Live)
21,68,Mario Pašalić,Atalanta,0.07,0.02,Saved,12,Right Foot,,Robin Gosens,Pass (Live),Papu Gómez,Pass (Live)
22,76,Perr Schuurs,Ajax,0.04,,Blocked,23,Right Foot,,Antony,Pass (Live),André Onana,Pass (Live)
23,76,Ryan Gravenberch,Ajax,0.06,,Blocked,16,Right Foot,,,,,
24,77,Antony,Ajax,0.05,0.43,Saved,21,Left Foot,,Lassina Franck Traoré,Pass (Live),Daley Blind,Pass (Live)
25,84,Antony,Ajax,0.04,0.12,Saved,17,Right Foot,,Davy Klaassen,Pass (Live),,
26,88,Ruslan Malinovskyi,Atalanta,0.03,0.18,Saved,29,Left Foot,,Luis Muriel,Pass (Live),Duván Zapata,Pass (Live)
27,90,Ruslan Malinovskyi,Atalanta,0.05,,Off Target,20,Left Foot,,Robin Gosens,Pass (Live),,
