,Player Name,Player Number,Player,#,Nation,Pos,Age,Min,Touches,Def Pen,Def 3rd,Mid 3rd,Att 3rd,Att Pen,Live,Att,Succ,Succ%,Tkld,Tkld%,Carries,TotDist,PrgDist,PrgC,1/3,CPA,Mis,Dis,Rec,PrgR,Player Key,Player Link
0,Pedro,https://fbref.com/en/players/17758df6/Pedro,96,96,br BRA,FW,24-170,90,34,1,4,17,13,4,34,4,2,50.0,2,50.0,15,45,16,1,0,0,4,0,25,4,https://fbref.com/en/players/17758df6/Pedro-Pedro,
1,Braian Mansilla,https://fbref.com/en/players/e4c37819/Braian-Mansilla,11,11,ar ARG,LM,24-011,62,37,0,4,16,18,4,37,4,0,0.0,4,100.0,21,77,28,3,1,0,3,0,25,9,https://fbref.com/en/players/e4c37819/Braian-Mansilla-Braian Mansilla,
2,Licá,https://fbref.com/en/players/41d84fed/Lica,88,88,pt POR,LM,32-231,28,12,0,1,5,6,4,12,1,1,100.0,0,0.0,7,19,2,0,0,0,1,0,10,4,https://fbref.com/en/players/41d84fed/Lica-Licá,
3,Ryan Gauld,https://fbref.com/en/players/862e93c2/Ryan-Gauld,23,23,sct SCO,CM,25-132,90,39,0,2,10,27,2,39,2,0,0.0,2,100.0,17,52,22,1,2,1,2,0,22,8,https://fbref.com/en/players/862e93c2/Ryan-Gauld-Ryan Gauld,
4,Jonatan Lucca,https://fbref.com/en/players/b04f4533/Jonatan-Lucca,47,47,br BRA,CM,26-329,90,55,1,9,29,18,2,55,1,0,0.0,1,100.0,21,113,35,1,2,0,1,1,23,1,https://fbref.com/en/players/b04f4533/Jonatan-Lucca-Jonatan Lucca,
5,Fabrício Isidoro,https://fbref.com/en/players/b70ca4b5/Fabricio-Isidoro,14,14,br BRA,RM,29-089,75,32,0,6,15,13,2,32,1,0,0.0,1,100.0,19,112,58,1,2,1,2,0,17,7,https://fbref.com/en/players/b70ca4b5/Fabricio-Isidoro-Fabrício Isidoro,
6,Madi Queita,https://fbref.com/en/players/13ab460a/Madi-Queita,10,10,gw GNB,RM,22-188,15,5,0,0,4,1,0,5,0,0,,0,,4,12,0,0,0,0,1,0,4,2,https://fbref.com/en/players/13ab460a/Madi-Queita-Madi Queita,
7,Amine Oudrhiri,https://fbref.com/en/players/49c9c79a/Amine-Oudrhiri,5,5,ma MAR,DM,28-174,90,52,0,12,38,2,0,52,1,1,100.0,0,0.0,14,56,23,1,0,0,2,0,17,0,https://fbref.com/en/players/49c9c79a/Amine-Oudrhiri-Amine Oudrhiri,
8,Abner,https://fbref.com/en/players/8e562fe7/Abner,30,30,br BRA,LB,24-332,90,54,2,23,21,10,0,54,0,0,,0,,20,79,30,1,2,0,2,0,17,0,https://fbref.com/en/players/8e562fe7/Abner-Abner,
9,Eduardo Mancha,https://fbref.com/en/players/56e74f66/Eduardo-Mancha,95,95,br BRA,CB,25-154,90,43,6,25,19,0,0,43,0,0,,0,,23,143,89,1,0,0,1,0,21,0,https://fbref.com/en/players/56e74f66/Eduardo-Mancha-Eduardo Mancha,
10,César,https://fbref.com/en/players/4dcde17a/Cesar,4,4,br BRA,CB,28-120,90,57,4,24,32,1,1,57,0,0,,0,,27,124,82,1,0,0,0,0,30,0,https://fbref.com/en/players/4dcde17a/Cesar-César,
11,Tomás Tavares,https://fbref.com/en/players/0dce3356/Tomas-Tavares,84,84,pt POR,RB,20-051,90,53,3,11,24,18,1,53,2,0,0.0,2,100.0,20,109,66,2,0,0,2,0,15,5,https://fbref.com/en/players/0dce3356/Tomas-Tavares-Tomás Tavares,
12,Beto,https://fbref.com/en/players/3b4941e4/Beto,3,3,pt POR,GK,38-361,90,41,26,41,0,0,0,41,0,0,,0,,24,160,128,0,0,0,0,0,19,0,https://fbref.com/en/players/3b4941e4/Beto-Beto,
