,Player Name,Player Number,Player,#,Nation,Pos,Age,Min,CrdY,CrdR,2CrdY,Fls,Fld,Off,Crs,Int,TklW,PKwon,PKcon,OG,Recov,Won,Lost,Won%,Player Key,Player Link
0,Pedro,https://fbref.com/en/players/17758df6/Pedro,96,96,br BRA,FW,24-170,90,0,0,0,2,3,1,0,1,0,0,0,0,2,11,7,61.1,https://fbref.com/en/players/17758df6/Pedro-Pedro,
1,Braian Mansilla,https://fbref.com/en/players/e4c37819/Braian-Mansilla,11,11,ar ARG,LM,24-011,62,0,0,0,2,1,0,3,2,1,0,0,0,6,0,1,0.0,https://fbref.com/en/players/e4c37819/Braian-Mansilla-Braian Mansilla,
2,Licá,https://fbref.com/en/players/41d84fed/Lica,88,88,pt POR,LM,32-231,28,0,0,0,0,0,1,1,0,0,0,0,0,2,0,1,0.0,https://fbref.com/en/players/41d84fed/Lica-Licá,
3,Ryan Gauld,https://fbref.com/en/players/862e93c2/Ryan-Gauld,23,23,sct SCO,CM,25-132,90,0,0,0,1,2,0,9,1,0,0,0,0,2,0,4,0.0,https://fbref.com/en/players/862e93c2/Ryan-Gauld-Ryan Gauld,
4,Jonatan Lucca,https://fbref.com/en/players/b04f4533/Jonatan-Lucca,47,47,br BRA,CM,26-329,90,1,0,0,1,1,0,6,1,0,0,0,0,9,2,2,50.0,https://fbref.com/en/players/b04f4533/Jonatan-Lucca-Jonatan Lucca,
5,Fabrício Isidoro,https://fbref.com/en/players/b70ca4b5/Fabricio-Isidoro,14,14,br BRA,RM,29-089,75,0,0,0,1,3,0,0,1,1,0,0,0,7,1,2,33.3,https://fbref.com/en/players/b70ca4b5/Fabricio-Isidoro-Fabrício Isidoro,
6,Madi Queita,https://fbref.com/en/players/13ab460a/Madi-Queita,10,10,gw GNB,RM,22-188,15,0,0,0,0,0,0,1,0,0,0,0,0,1,0,0,,https://fbref.com/en/players/13ab460a/Madi-Queita-Madi Queita,
7,Amine Oudrhiri,https://fbref.com/en/players/49c9c79a/Amine-Oudrhiri,5,5,ma MAR,DM,28-174,90,0,0,0,1,2,0,1,4,2,0,0,0,6,3,1,75.0,https://fbref.com/en/players/49c9c79a/Amine-Oudrhiri-Amine Oudrhiri,
8,Abner,https://fbref.com/en/players/8e562fe7/Abner,30,30,br BRA,LB,24-332,90,0,0,0,1,2,0,2,1,2,0,0,0,7,0,0,,https://fbref.com/en/players/8e562fe7/Abner-Abner,
9,Eduardo Mancha,https://fbref.com/en/players/56e74f66/Eduardo-Mancha,95,95,br BRA,CB,25-154,90,1,0,0,1,0,0,0,2,1,0,0,0,6,3,2,60.0,https://fbref.com/en/players/56e74f66/Eduardo-Mancha-Eduardo Mancha,
10,César,https://fbref.com/en/players/4dcde17a/Cesar,4,4,br BRA,CB,28-120,90,0,0,0,0,1,0,0,6,1,0,0,0,4,4,2,66.7,https://fbref.com/en/players/4dcde17a/Cesar-César,
11,Tomás Tavares,https://fbref.com/en/players/0dce3356/Tomas-Tavares,84,84,pt POR,RB,20-051,90,0,0,0,2,0,0,1,2,0,0,0,0,10,0,3,0.0,https://fbref.com/en/players/0dce3356/Tomas-Tavares-Tomás Tavares,
12,Beto,https://fbref.com/en/players/3b4941e4/Beto,3,3,pt POR,GK,38-361,90,0,0,0,0,0,0,0,0,0,0,0,0,1,1,0,100.0,https://fbref.com/en/players/3b4941e4/Beto-Beto,
