,Player Name,Player Number,Player,#,Nation,Pos,Age,Min,Att,Live,Dead,FK,TB,Sw,Crs,TI,CK,In,Out,Str,Cmp,Off,Blocks,Player Key,Player Link
0,Pedro,https://fbref.com/en/players/17758df6/Pedro,96,96,br BRA,FW,24-170,90,18,16,2,0,0,0,0,0,0,0,0,0,10,0,0,https://fbref.com/en/players/17758df6/Pedro-Pedro,
1,Braian Mansilla,https://fbref.com/en/players/e4c37819/Braian-Mansilla,11,11,ar ARG,LM,24-011,62,21,21,0,0,0,0,3,0,0,0,0,0,14,0,0,https://fbref.com/en/players/e4c37819/Braian-Mansilla-Braian Mansilla,
2,Licá,https://fbref.com/en/players/41d84fed/Lica,88,88,pt POR,LM,32-231,28,10,10,0,0,0,0,1,0,0,0,0,0,4,0,0,https://fbref.com/en/players/41d84fed/Lica-Licá,
3,Ryan Gauld,https://fbref.com/en/players/862e93c2/Ryan-Gauld,23,23,sct SCO,CM,25-132,90,29,20,9,5,0,0,9,0,4,3,0,0,18,0,0,https://fbref.com/en/players/862e93c2/Ryan-Gauld-Ryan Gauld,
4,Jonatan Lucca,https://fbref.com/en/players/b04f4533/Jonatan-Lucca,47,47,br BRA,CM,26-329,90,44,38,6,2,0,0,6,0,4,4,0,0,27,0,6,https://fbref.com/en/players/b04f4533/Jonatan-Lucca-Jonatan Lucca,
5,Fabrício Isidoro,https://fbref.com/en/players/b70ca4b5/Fabricio-Isidoro,14,14,br BRA,RM,29-089,75,20,19,0,0,0,0,0,0,0,0,0,0,10,1,1,https://fbref.com/en/players/b70ca4b5/Fabricio-Isidoro-Fabrício Isidoro,
6,Madi Queita,https://fbref.com/en/players/13ab460a/Madi-Queita,10,10,gw GNB,RM,22-188,15,4,4,0,0,0,0,1,0,0,0,0,0,2,0,0,https://fbref.com/en/players/13ab460a/Madi-Queita-Madi Queita,
7,Amine Oudrhiri,https://fbref.com/en/players/49c9c79a/Amine-Oudrhiri,5,5,ma MAR,DM,28-174,90,39,39,0,0,0,0,1,0,0,0,0,0,30,0,0,https://fbref.com/en/players/49c9c79a/Amine-Oudrhiri-Amine Oudrhiri,
8,Abner,https://fbref.com/en/players/8e562fe7/Abner,30,30,br BRA,LB,24-332,90,42,27,14,0,0,0,2,14,0,0,0,0,27,1,0,https://fbref.com/en/players/8e562fe7/Abner-Abner,
9,Eduardo Mancha,https://fbref.com/en/players/56e74f66/Eduardo-Mancha,95,95,br BRA,CB,25-154,90,34,34,0,0,0,1,0,0,0,0,0,0,17,0,0,https://fbref.com/en/players/56e74f66/Eduardo-Mancha-Eduardo Mancha,
10,César,https://fbref.com/en/players/4dcde17a/Cesar,4,4,br BRA,CB,28-120,90,44,39,5,5,0,1,0,0,0,0,0,0,33,0,0,https://fbref.com/en/players/4dcde17a/Cesar-César,
11,Tomás Tavares,https://fbref.com/en/players/0dce3356/Tomas-Tavares,84,84,pt POR,RB,20-051,90,44,26,18,1,0,0,1,17,0,0,0,0,30,0,2,https://fbref.com/en/players/0dce3356/Tomas-Tavares-Tomás Tavares,
12,Beto,https://fbref.com/en/players/3b4941e4/Beto,3,3,pt POR,GK,38-361,90,38,27,11,2,0,0,0,0,0,0,0,0,23,0,0,https://fbref.com/en/players/3b4941e4/Beto-Beto,
