,Player Name,Player Number,Player,#,Nation,Pos,Age,Min,Gls,Ast,PK,PKatt,Sh,SoT,CrdY,CrdR,Touches,Tkl,Int,Blocks,xG,npxG,xAG,SCA,GCA,Cmp,Att,Cmp%,PrgP,Carries,PrgC,Att,Succ,Player Key,Player Link
0,Pedro,https://fbref.com/en/players/17758df6/Pedro,96,96,br BRA,FW,24-170,90,1,0,0,0,3,1,0,0,34,0,1,0,0.2,0.2,0.0,1,0,10,18,55.6,3,15,1,4,2,https://fbref.com/en/players/17758df6/Pedro-Pedro,
1,Braian Mansilla,https://fbref.com/en/players/e4c37819/Braian-Mansilla,11,11,ar ARG,LM,24-011,62,0,0,0,0,1,1,0,0,37,2,2,2,0.1,0.1,0.1,4,0,14,21,66.7,4,21,3,4,0,https://fbref.com/en/players/e4c37819/Braian-Mansilla-Braian Mansilla,
2,Licá,https://fbref.com/en/players/41d84fed/Lica,88,88,pt POR,LM,32-231,28,0,0,0,0,0,0,0,0,12,0,0,0,0.0,0.0,0.1,0,0,4,10,40.0,1,7,0,1,1,https://fbref.com/en/players/41d84fed/Lica-Licá,
3,Ryan Gauld,https://fbref.com/en/players/862e93c2/Ryan-Gauld,23,23,sct SCO,CM,25-132,90,0,1,0,0,1,0,0,0,39,0,1,2,0.1,0.1,0.3,5,1,18,29,62.1,6,17,1,2,0,https://fbref.com/en/players/862e93c2/Ryan-Gauld-Ryan Gauld,
4,Jonatan Lucca,https://fbref.com/en/players/b04f4533/Jonatan-Lucca,47,47,br BRA,CM,26-329,90,0,0,0,0,2,0,1,0,55,1,1,1,0.1,0.1,0.0,1,0,27,44,61.4,5,21,1,1,0,https://fbref.com/en/players/b04f4533/Jonatan-Lucca-Jonatan Lucca,
5,Fabrício Isidoro,https://fbref.com/en/players/b70ca4b5/Fabricio-Isidoro,14,14,br BRA,RM,29-089,75,0,0,0,0,1,1,0,0,32,2,1,1,0.0,0.0,0.0,0,0,10,20,50.0,1,19,1,1,0,https://fbref.com/en/players/b70ca4b5/Fabricio-Isidoro-Fabrício Isidoro,
6,Madi Queita,https://fbref.com/en/players/13ab460a/Madi-Queita,10,10,gw GNB,RM,22-188,15,0,0,0,0,0,0,0,0,5,0,0,0,0.0,0.0,0.0,0,0,2,4,50.0,0,4,0,0,0,https://fbref.com/en/players/13ab460a/Madi-Queita-Madi Queita,
7,Amine Oudrhiri,https://fbref.com/en/players/49c9c79a/Amine-Oudrhiri,5,5,ma MAR,DM,28-174,90,0,0,0,0,0,0,0,0,52,2,4,1,0.0,0.0,0.0,1,1,30,39,76.9,10,14,1,1,1,https://fbref.com/en/players/49c9c79a/Amine-Oudrhiri-Amine Oudrhiri,
8,Abner,https://fbref.com/en/players/8e562fe7/Abner,30,30,br BRA,LB,24-332,90,0,0,0,0,0,0,0,0,54,5,1,1,0.0,0.0,0.0,3,0,27,42,64.3,1,20,1,0,0,https://fbref.com/en/players/8e562fe7/Abner-Abner,
9,Eduardo Mancha,https://fbref.com/en/players/56e74f66/Eduardo-Mancha,95,95,br BRA,CB,25-154,90,0,0,0,0,0,0,1,0,43,2,2,1,0.0,0.0,0.0,0,0,17,34,50.0,2,23,1,0,0,https://fbref.com/en/players/56e74f66/Eduardo-Mancha-Eduardo Mancha,
10,César,https://fbref.com/en/players/4dcde17a/Cesar,4,4,br BRA,CB,28-120,90,0,0,0,0,1,0,0,0,57,1,6,0,0.1,0.1,0.0,1,0,33,44,75.0,3,27,1,0,0,https://fbref.com/en/players/4dcde17a/Cesar-César,
11,Tomás Tavares,https://fbref.com/en/players/0dce3356/Tomas-Tavares,84,84,pt POR,RB,20-051,90,0,0,0,0,1,0,0,0,53,0,2,1,0.0,0.0,0.1,1,0,30,44,68.2,4,20,2,2,0,https://fbref.com/en/players/0dce3356/Tomas-Tavares-Tomás Tavares,
12,Beto,https://fbref.com/en/players/3b4941e4/Beto,3,3,pt POR,GK,38-361,90,0,0,0,0,0,0,0,0,41,0,0,0,0.0,0.0,0.0,0,0,23,38,60.5,0,24,0,0,0,https://fbref.com/en/players/3b4941e4/Beto-Beto,
