,Player Name,Player Number,Player,#,Nation,Pos,Age,Min,CrdY,CrdR,2CrdY,Fls,Fld,Off,Crs,Int,TklW,PKwon,PKcon,OG,Recov,Won,Lost,Won%,Player Key,Player Link
0,Beto,https://fbref.com/en/players/ed5c0319/Beto,14,14,gw GNB,FW,23-086,89,0,0,0,2,1,0,1,0,0,0,0,0,1,0,4,0.0,https://fbref.com/en/players/ed5c0319/Beto-Beto,
1,Bruno Moreira,https://fbref.com/en/players/3a3391e1/Bruno-Moreira,23,23,pt POR,FW,33-233,1,0,0,0,0,0,0,0,0,0,0,0,0,0,0,0,,https://fbref.com/en/players/3a3391e1/Bruno-Moreira-Bruno Moreira,
2,Dener,https://fbref.com/en/players/3b570c74/Dener,7,7,br BRA,FW,29-045,90,0,0,0,2,0,0,0,0,0,0,0,0,3,4,3,57.1,https://fbref.com/en/players/3b570c74/Dener-Dener,
3,Fabrício dos Santos Messias,https://fbref.com/en/players/9e9f2dac/Fabricio-dos-Santos-Messias,9,9,br BRA,LM,31-030,86,0,0,0,1,3,0,1,1,1,0,0,0,4,4,4,50.0,https://fbref.com/en/players/9e9f2dac/Fabricio-dos-Santos-Messias-Fabrício dos Santos Messias,
4,Pedro Sá,https://fbref.com/en/players/7dfb980a/Pedro-Sa,21,21,pt POR,LM,27-147,4,0,0,0,0,0,0,0,0,0,0,0,0,0,0,0,,https://fbref.com/en/players/7dfb980a/Pedro-Sa-Pedro Sá,
5,Willyan,https://fbref.com/en/players/577d7bf9/Willyan,28,28,br BRA,CM,26-090,45,1,0,0,2,3,0,0,4,0,0,0,0,2,2,1,66.7,https://fbref.com/en/players/577d7bf9/Willyan-Willyan,
6,Anderson,https://fbref.com/en/players/4242a0a1/Anderson,11,11,br BRA,CM,22-285,45,0,0,0,2,1,0,0,0,0,0,0,0,6,0,0,,https://fbref.com/en/players/4242a0a1/Anderson-Anderson,
7,Ewerton,https://fbref.com/en/players/46e98743/Ewerton,10,10,br BRA,CM,28-147,70,0,0,0,1,0,0,1,0,0,0,0,0,5,2,0,100.0,https://fbref.com/en/players/46e98743/Ewerton-Ewerton,
8,Denis-Will Poha,https://fbref.com/en/players/854a2041/Denis-Will-Poha,88,88,fr FRA,CM,23-334,20,0,0,0,0,0,0,2,0,1,0,0,0,2,1,0,100.0,https://fbref.com/en/players/854a2041/Denis-Will-Poha-Denis-Will Poha,
9,Aylton Boa Morte,https://fbref.com/en/players/b0332f23/Aylton-Boa-Morte,77,77,pt POR,RM,27-216,89,0,0,0,1,0,0,0,1,1,0,0,0,8,0,0,,https://fbref.com/en/players/b0332f23/Aylton-Boa-Morte-Aylton Boa Morte,
10,Jafar Salmani,https://fbref.com/en/players/4d5324c9/Jafar-Salmani,29,29,ir IRN,RM,24-105,1,0,0,0,0,0,0,0,0,0,0,0,0,0,0,0,,https://fbref.com/en/players/4d5324c9/Jafar-Salmani-Jafar Salmani,
11,Fali Candé,https://fbref.com/en/players/3cc4bb19/Fali-Cande,36,36,gw GNB,LB,23-093,90,1,0,0,2,2,0,6,3,0,0,0,0,7,4,5,44.4,https://fbref.com/en/players/3cc4bb19/Fali-Cande-Fali Candé,
12,Maurício Antônio,https://fbref.com/en/players/0bd71531/Mauricio-Antonio,2,2,br BRA,CB,29-080,90,0,0,0,1,0,0,0,1,1,0,0,0,6,2,3,40.0,https://fbref.com/en/players/0bd71531/Mauricio-Antonio-Maurício Antônio,
13,Lucas Possignolo,https://fbref.com/en/players/2118c8c0/Lucas-Possignolo,3,3,pt POR,CB,26-351,90,0,0,0,1,0,0,0,5,2,0,0,0,6,5,2,71.4,https://fbref.com/en/players/2118c8c0/Lucas-Possignolo-Lucas Possignolo,
14,Koki Anzai,https://fbref.com/en/players/d3c53a16/Koki-Anzai,22,22,jp JPN,RB,25-331,90,0,0,0,1,2,0,3,0,3,0,0,0,5,1,3,25.0,https://fbref.com/en/players/d3c53a16/Koki-Anzai-Koki Anzai,
15,Samuel Portugal,https://fbref.com/en/players/554067e3/Samuel-Portugal,94,94,br BRA,GK,27-029,90,0,0,0,0,0,0,0,0,0,0,0,0,2,0,0,,https://fbref.com/en/players/554067e3/Samuel-Portugal-Samuel Portugal,
