,Player Name,Player Number,Player,#,Nation,Pos,Age,Min,Gls,Ast,PK,PKatt,Sh,SoT,CrdY,CrdR,Touches,Tkl,Int,Blocks,xG,npxG,xAG,SCA,GCA,Cmp,Att,Cmp%,PrgP,Carries,PrgC,Att,Succ,Player Key,Player Link
0,Beto,https://fbref.com/en/players/ed5c0319/Beto,14,14,gw GNB,FW,23-086,89,0,0,0,0,2,1,0,0,32,0,0,2,0.4,0.4,0.0,4,1,9,17,52.9,0,14,0,1,0,https://fbref.com/en/players/ed5c0319/Beto-Beto,
1,Bruno Moreira,https://fbref.com/en/players/3a3391e1/Bruno-Moreira,23,23,pt POR,FW,33-233,1,0,0,0,0,0,0,0,0,2,0,0,0,0.0,0.0,0.0,0,0,1,2,50.0,0,1,0,0,0,https://fbref.com/en/players/3a3391e1/Bruno-Moreira-Bruno Moreira,
2,Dener,https://fbref.com/en/players/3b570c74/Dener,7,7,br BRA,FW,29-045,90,0,0,0,0,0,0,0,0,42,1,0,2,0.0,0.0,0.0,0,0,29,31,93.5,4,18,0,0,0,https://fbref.com/en/players/3b570c74/Dener-Dener,
3,Fabrício dos Santos Messias,https://fbref.com/en/players/9e9f2dac/Fabricio-dos-Santos-Messias,9,9,br BRA,LM,31-030,86,0,0,0,0,5,2,0,0,25,1,1,0,0.2,0.2,0.0,3,0,11,16,68.8,1,13,0,1,1,https://fbref.com/en/players/9e9f2dac/Fabricio-dos-Santos-Messias-Fabrício dos Santos Messias,
4,Pedro Sá,https://fbref.com/en/players/7dfb980a/Pedro-Sa,21,21,pt POR,LM,27-147,4,0,0,0,0,0,0,0,0,5,0,0,0,0.0,0.0,0.0,0,0,2,5,40.0,0,1,0,0,0,https://fbref.com/en/players/7dfb980a/Pedro-Sa-Pedro Sá,
5,Willyan,https://fbref.com/en/players/577d7bf9/Willyan,28,28,br BRA,CM,26-090,45,0,0,0,0,1,0,1,0,24,0,4,2,0.1,0.1,0.0,1,0,6,10,60.0,0,9,0,0,0,https://fbref.com/en/players/577d7bf9/Willyan-Willyan,
6,Anderson,https://fbref.com/en/players/4242a0a1/Anderson,11,11,br BRA,CM,22-285,45,0,0,0,0,2,0,0,0,27,1,0,0,0.1,0.1,0.1,4,0,13,15,86.7,2,18,1,2,2,https://fbref.com/en/players/4242a0a1/Anderson-Anderson,
7,Ewerton,https://fbref.com/en/players/46e98743/Ewerton,10,10,br BRA,CM,28-147,70,0,0,0,0,0,0,0,0,40,0,0,1,0.0,0.0,0.1,4,0,29,37,78.4,2,11,1,0,0,https://fbref.com/en/players/46e98743/Ewerton-Ewerton,
8,Denis-Will Poha,https://fbref.com/en/players/854a2041/Denis-Will-Poha,88,88,fr FRA,CM,23-334,20,0,0,0,0,1,0,0,0,9,1,0,0,0.1,0.1,0.0,2,0,6,8,75.0,3,2,2,0,0,https://fbref.com/en/players/854a2041/Denis-Will-Poha-Denis-Will Poha,
9,Aylton Boa Morte,https://fbref.com/en/players/b0332f23/Aylton-Boa-Morte,77,77,pt POR,RM,27-216,89,1,0,0,0,3,2,0,0,38,2,1,0,0.5,0.5,0.0,2,0,14,21,66.7,3,22,5,2,0,https://fbref.com/en/players/b0332f23/Aylton-Boa-Morte-Aylton Boa Morte,
10,Jafar Salmani,https://fbref.com/en/players/4d5324c9/Jafar-Salmani,29,29,ir IRN,RM,24-105,1,0,0,0,0,0,0,0,0,0,0,0,0,0.0,0.0,0.0,0,0,0,0,,0,0,0,0,0,https://fbref.com/en/players/4d5324c9/Jafar-Salmani-Jafar Salmani,
11,Fali Candé,https://fbref.com/en/players/3cc4bb19/Fali-Cande,36,36,gw GNB,LB,23-093,90,0,0,0,0,2,1,1,0,56,0,3,2,0.1,0.1,0.1,3,0,20,42,47.6,2,16,1,2,1,https://fbref.com/en/players/3cc4bb19/Fali-Cande-Fali Candé,
12,Maurício Antônio,https://fbref.com/en/players/0bd71531/Mauricio-Antonio,2,2,br BRA,CB,29-080,90,0,0,0,0,1,0,0,0,60,1,1,0,0.0,0.0,0.0,1,0,34,48,70.8,0,23,0,0,0,https://fbref.com/en/players/0bd71531/Mauricio-Antonio-Maurício Antônio,
13,Lucas Possignolo,https://fbref.com/en/players/2118c8c0/Lucas-Possignolo,3,3,pt POR,CB,26-351,90,0,0,0,0,0,0,0,0,51,3,5,2,0.0,0.0,0.0,2,0,24,39,61.5,4,14,1,0,0,https://fbref.com/en/players/2118c8c0/Lucas-Possignolo-Lucas Possignolo,
14,Koki Anzai,https://fbref.com/en/players/d3c53a16/Koki-Anzai,22,22,jp JPN,RB,25-331,90,0,0,0,0,0,0,0,0,63,3,0,0,0.0,0.0,0.0,2,0,37,52,71.2,5,21,0,1,1,https://fbref.com/en/players/d3c53a16/Koki-Anzai-Koki Anzai,
15,Samuel Portugal,https://fbref.com/en/players/554067e3/Samuel-Portugal,94,94,br BRA,GK,27-029,90,0,0,0,0,0,0,0,0,33,0,0,0,0.0,0.0,0.0,1,0,16,31,51.6,0,17,0,0,0,https://fbref.com/en/players/554067e3/Samuel-Portugal-Samuel Portugal,
