,Minute,Player,Squad,xG,PSxG,Outcome,Distance,Body Part,Notes,SCA 1 Player,SCA 1 Event,SCA 2 Player,SCA 2 Event
0,2,Pedro,Farense,0.11,,Off Target,6,Right Foot,,Ryan Gauld,Pass (Live),Braian Mansilla,Pass (Live)
1,8,Jonatan Lucca,Farense,0.04,,Off Target,32,Right Foot,Free kick,Abner,Fouled,César,Pass (Live)
2,13,Maurício Antônio,Portimonense,0.02,,Blocked,30,Left Foot,Volley,,,,
3,20,Fabrício dos Santos Messias,Portimonense,0.03,,Woodwork,32,Right Foot,Volley,Ewerton,Pass (Live),Beto,Pass (Live)
4,24,Pedro,Farense,0.07,0.10,Goal,4,Head,,Ryan Gauld,Pass (Live),Amine Oudrhiri,Pass (Live)
5,29,Braian Mansilla,Farense,0.08,0.12,Saved,16,Right Foot,,Tomás Tavares,Pass (Live),Ryan Gauld,Pass (Live)
6,30,Tomás Tavares,Farense,0.03,,Off Target,19,Right Foot,,Braian Mansilla,Shot,,
7,36,Fali Candé,Portimonense,0.04,,Off Target,37,Left Foot,Free kick,Beto,Fouled,Samuel Portugal,Pass (Dead)
8,40,Pedro,Farense,0.03,,Off Target,13,Head,,Braian Mansilla,Pass (Live),Abner,Pass (Live)
9,42,Fabrício dos Santos Messias,Portimonense,0.05,,Blocked,33,Right Foot,Free kick,Lucas Possignolo,Pass (Dead),Willyan,Fouled
10,43,Willyan,Portimonense,0.05,,Off Target,12,Head,,Fali Candé,Pass (Dead),Fabrício dos Santos Messias,Shot
11,,,,,,,,,,,,,
12,48,Fabrício Isidoro,Farense,0.05,0.05,Saved,17,Right Foot,Deflected,Ryan Gauld,Pass (Live),Braian Mansilla,Pass (Live)
13,52,Aylton Boa Morte,Portimonense,0.04,,Blocked,18,Right Foot,,Anderson,Pass (Live),Ewerton,Pass (Live)
14,52,Fabrício dos Santos Messias,Portimonense,0.04,0.12,Saved,11,Right Foot,Volley,Fali Candé,Pass (Dead),Aylton Boa Morte,Shot
15,53,Fabrício dos Santos Messias,Portimonense,0.03,0.16,Saved,13,Head,,Ewerton,Pass (Dead),Fabrício dos Santos Messias,Shot
16,60,Fabrício dos Santos Messias,Portimonense,0.04,,Off Target,13,Head,,Koki Anzai,Pass (Live),Beto,Pass (Live)
17,62,Anderson,Portimonense,0.05,,Blocked,16,Right Foot,,Ewerton,Pass (Live),Lucas Possignolo,Pass (Live)
18,63,Fali Candé,Portimonense,0.04,0.48,Saved,34,Left Foot,Free kick,Koki Anzai,Fouled,Anderson,Pass (Live)
19,67,Jonatan Lucca,Farense,0.03,,Blocked,34,Right Foot,,,,,
20,72,Aylton Boa Morte,Portimonense,0.03,0.16,Saved,21,Left Foot,Deflected,Denis-Will Poha,Pass (Live),Denis-Will Poha,Tackle
21,77,Beto,Portimonense,0.05,,Off Target,21,Right Foot,,Anderson,Pass (Live),Anderson,Take-On
22,79,Beto,Portimonense,0.40,0.19,Saved,10,Right Foot,Volley,,,,
23,79,Aylton Boa Morte,Portimonense,0.43,0.38,Goal,7,Right Foot,,Beto,Shot,,
24,83,César,Farense,0.06,,Off Target,11,Head,,Ryan Gauld,Pass (Dead),Pedro,Fouled
25,85,Ryan Gauld,Farense,0.07,,Blocked,13,Right Foot,,Jonatan Lucca,Pass (Live),Abner,Pass (Dead)
26,87,Denis-Will Poha,Portimonense,0.06,,Off Target,30,Right Foot,Free kick,Fabrício dos Santos Messias,Fouled,Aylton Boa Morte,Pass (Live)
27,90+5,Anderson,Portimonense,0.03,,Blocked,22,Right Foot,,Fali Candé,Take-On,Maurício Antônio,Pass (Live)
