season,injury,from,until,days,missed_games
23/24,Muscle injury,"Aug 18, 2023","Sep 4, 2023",17 days,3
21/22,Torn muscle fiber in the adductor area,"Jan 13, 2022","Feb 10, 2022",28 days,3
20/21,Internal ligament strain,"May 9, 2021","Jul 7, 2021",59 days,2
20/21,Torn muscle fiber,"Mar 3, 2021","Mar 24, 2021",21 days,3
20/21,Corona virus,"Dec 30, 2020","Jan 5, 2021",6 days,1
19/20,Hamstring injury,"Oct 6, 2019","Nov 28, 2019",53 days,9
19/20,minor knock,"Aug 17, 2019","Aug 22, 2019",5 days,1
17/18,Knee injury,"Nov 25, 2017","Dec 1, 2018",371 days,49
17/18,Knee injury,"Jul 24, 2017","Sep 25, 2017",63 days,11
16/17,Knee injury,"Apr 13, 2017","Sep 25, 2017",165 days,20
16/17,Ankle injury,"Feb 17, 2017","Mar 1, 2017",12 days,3
16/17,Ankle injury,"Dec 5, 2016","Dec 16, 2016",11 days,3
16/17,Foot injury,"Oct 24, 2016","Oct 31, 2016",7 days,2
15/16,Foot injury,"Feb 16, 2016","Mar 8, 2016",21 days,3
15/16,Knee injury,"Nov 11, 2015","Dec 31, 2015",50 days,9
