season,injury,from,until,days,missed_games
22/23,Cruciate ligament tear,"Apr 25, 2023","Oct 4, 2023",162 days,9
22/23,Muscle injury,"Feb 13, 2023","Mar 13, 2023",28 days,4
22/23,Muscle injury,"Dec 18, 2022","Jan 9, 2023",22 days,4
22/23,Injury to the ankle,"Sep 5, 2022","Oct 19, 2022",44 days,10
21/22,Muscle injury,"Jan 22, 2022","Mar 11, 2022",48 days,9
21/22,Muscle injury,"Sep 12, 2021","Oct 29, 2021",47 days,9
20/21,Muscle injury,"Dec 2, 2020","Jun 30, 2021",210 days,35
16/17,Achilles tendon irritation,"Apr 30, 2017","May 15, 2017",15 days,2
14/15,Tendonitis,"Mar 23, 2015","Mar 25, 2015",2 days,-
12/13,Metatarsal fracture,"Mar 2, 2013","Jun 1, 2013",91 days,24
12/13,Groin problems,"Aug 8, 2012","Aug 25, 2012",17 days,2
