season,injury,from,until,days,missed_games
21/22,unknown injury,"May 13, 2022","May 25, 2022",12 days,1
21/22,Groin injury,"Nov 17, 2021","Feb 1, 2022",76 days,10
20/21,unknown injury,"Jan 16, 2021","Jan 25, 2021",9 days,1
20/21,unknown injury,"Nov 18, 2020","Jan 25, 2021",68 days,12
19/20,Dead leg,"Jul 6, 2020","Aug 6, 2020",31 days,4
19/20,concussion,"Dec 9, 2019","Dec 30, 2019",21 days,3
18/19,Hamstring injury,"May 1, 2019","May 18, 2019",17 days,2
18/19,Shoulder injury,"Oct 1, 2018","Oct 18, 2018",17 days,1
18/19,Torn muscle fiber,"Jun 28, 2018","Aug 28, 2018",61 days,?
17/18,Rib fracture,"Apr 29, 2018","May 11, 2018",12 days,1
17/18,Hamstring injury,"Mar 3, 2018","Mar 31, 2018",28 days,3
17/18,Muscle injury,"Jan 4, 2018","Jan 27, 2018",23 days,4
17/18,Foot bruise,"Dec 6, 2017","Dec 14, 2017",8 days,1
16/17,muscular problems,"Dec 11, 2016","Feb 3, 2017",54 days,5
16/17,Knee injury,"Sep 4, 2016","Oct 29, 2016",55 days,8
