season,injury,from,until,days,missed_games
23/24,Dead leg,"Sep 22, 2023","Nov 5, 2023",44 days,8
21/22,muscular problems,"Sep 17, 2021","Sep 23, 2021",6 days,2
20/21,Muscle injury,"Jan 18, 2021","Feb 18, 2021",31 days,5
20/21,Muscle injury,"Dec 7, 2020","Jan 9, 2021",33 days,7
19/20,Leg injury,"Jun 14, 2020","Jul 6, 2020",22 days,6
19/20,Muscle injury,"Oct 7, 2019","Nov 1, 2019",25 days,3
19/20,Muscle injury,"Aug 19, 2019","Sep 11, 2019",23 days,2
18/19,Hamstring injury,"Jan 4, 2019","Jan 12, 2019",8 days,2
18/19,Hamstring injury,"Dec 27, 2018","Jan 17, 2019",21 days,4
18/19,Ligament stretching,"Sep 11, 2018","Sep 28, 2018",17 days,3
18/19,muscular problems,"Aug 30, 2018","Sep 6, 2018",7 days,1
17/18,Heel injury,"Aug 13, 2017","Aug 24, 2017",11 days,3
16/17,Achilles tendon problems,"Mar 21, 2017","Mar 31, 2017",10 days,2
16/17,Achilles tendon contusion,"Jan 18, 2017","Mar 1, 2017",42 days,7
16/17,Thigh problems,"Nov 27, 2016","Dec 8, 2016",11 days,2
