,Player Name,Player Number,Player,#,Nation,Pos,Age,Min,Att,Live,Dead,FK,TB,Sw,Crs,TI,CK,In,Out,Str,Cmp,Off,Blocks,Player Key,Player Link
0,Pedro,https://fbref.com/en/players/17758df6/Pedro,96,96,br BRA,FW,24-192,90,18,14,4,0,0,0,0,0,0,0,0,0,10,0,0,https://fbref.com/en/players/17758df6/Pedro-Pedro,
1,Madi Queita,https://fbref.com/en/players/13ab460a/Madi-Queita,10,10,gw GNB,LW,22-210,67,14,13,1,0,0,0,1,0,1,0,0,0,9,0,1,https://fbref.com/en/players/13ab460a/Madi-Queita-Madi Queita,
2,Burá,https://fbref.com/en/players/8e72cba8/Bura,13,13,gw GNB,DM,25-148,23,11,10,1,1,0,0,0,0,0,0,0,0,7,0,1,https://fbref.com/en/players/8e72cba8/Bura-Burá,
3,Licá,https://fbref.com/en/players/41d84fed/Lica,88,88,pt POR,RW,32-253,86,13,13,0,0,0,0,1,0,0,0,0,0,9,0,2,https://fbref.com/en/players/41d84fed/Lica-Licá,
4,Álvarinho,https://fbref.com/en/players/a81bc44d/Alvarinho,77,77,pt POR,RW,30-258,4,0,0,0,0,0,0,0,0,0,0,0,0,0,0,0,https://fbref.com/en/players/a81bc44d/Alvarinho-Álvarinho,
5,Ryan Gauld,https://fbref.com/en/players/862e93c2/Ryan-Gauld,23,23,sct SCO,AM,25-154,74,41,33,7,2,0,1,4,1,3,2,0,0,19,1,2,https://fbref.com/en/players/862e93c2/Ryan-Gauld-Ryan Gauld,
6,Hugo Seco,https://fbref.com/en/players/68ee9021/Hugo-Seco,7,7,pt POR,AM,32-336,16,3,3,0,0,0,0,0,0,0,0,0,0,0,0,0,https://fbref.com/en/players/68ee9021/Hugo-Seco-Hugo Seco,
7,Jonatan Lucca,https://fbref.com/en/players/b04f4533/Jonatan-Lucca,47,47,br BRA,DM,26-351,90,36,31,4,4,0,0,0,0,0,0,0,0,29,1,1,https://fbref.com/en/players/b04f4533/Jonatan-Lucca-Jonatan Lucca,
8,Fabrício Isidoro,https://fbref.com/en/players/b70ca4b5/Fabricio-Isidoro,14,14,br BRA,DM,29-111,66,29,27,2,2,0,0,0,0,0,0,0,0,24,0,0,https://fbref.com/en/players/b70ca4b5/Fabricio-Isidoro-Fabrício Isidoro,
9,Bilel Aouacheria,https://fbref.com/en/players/77bbc5b1/Bilel-Aouacheria,26,26,fr FRA,LW,27-047,24,4,4,0,0,0,0,0,0,0,0,0,0,3,0,1,https://fbref.com/en/players/77bbc5b1/Bilel-Aouacheria-Bilel Aouacheria,
10,Abner,https://fbref.com/en/players/8e562fe7/Abner,30,30,br BRA,LB,24-354,90,48,24,24,3,0,0,2,21,0,0,0,0,30,0,2,https://fbref.com/en/players/8e562fe7/Abner-Abner,
11,Eduardo Mancha,https://fbref.com/en/players/56e74f66/Eduardo-Mancha,95,95,br BRA,CB,25-176,90,42,39,3,3,0,0,1,0,0,0,0,0,34,0,1,https://fbref.com/en/players/56e74f66/Eduardo-Mancha-Eduardo Mancha,
12,Claudio Falcão,https://fbref.com/en/players/56077210/Claudio-Falcao,29,29,br BRA,CB,26-320,90,51,49,2,2,0,0,0,0,0,0,0,0,30,0,1,https://fbref.com/en/players/56077210/Claudio-Falcao-Claudio Falcão,
13,Tomás Tavares,https://fbref.com/en/players/0dce3356/Tomas-Tavares,84,84,pt POR,RB,20-073,90,57,43,14,1,0,0,1,13,0,0,0,0,39,0,0,https://fbref.com/en/players/0dce3356/Tomas-Tavares-Tomás Tavares,
14,Beto,https://fbref.com/en/players/3b4941e4/Beto,3,3,pt POR,GK,39-018,90,37,28,9,7,0,0,0,0,0,0,0,0,18,0,0,https://fbref.com/en/players/3b4941e4/Beto-Beto,
