,Player Name,Player Number,Player,#,Nation,Pos,Age,Min,Touches,Def Pen,Def 3rd,Mid 3rd,Att 3rd,Att Pen,Live,Att,Succ,Succ%,Tkld,Tkld%,Carries,TotDist,PrgDist,PrgC,1/3,CPA,Mis,Dis,Rec,PrgR,Player Key,Player Link
0,Pedro,https://fbref.com/en/players/17758df6/Pedro,96,96,br BRA,FW,24-192,90,22,0,2,9,11,3,22,0,0,,0,,12,134,8,0,2,0,2,2,19,0,https://fbref.com/en/players/17758df6/Pedro-Pedro,
1,Madi Queita,https://fbref.com/en/players/13ab460a/Madi-Queita,10,10,gw GNB,LW,22-210,67,19,0,1,6,13,1,19,2,1,50.0,1,50.0,9,47,25,1,0,0,0,1,17,6,https://fbref.com/en/players/13ab460a/Madi-Queita-Madi Queita,
2,Burá,https://fbref.com/en/players/8e72cba8/Bura,13,13,gw GNB,DM,25-148,23,15,2,4,9,2,0,15,0,0,,0,,7,46,7,0,0,0,0,1,2,0,https://fbref.com/en/players/8e72cba8/Bura-Burá,
3,Licá,https://fbref.com/en/players/41d84fed/Lica,88,88,pt POR,RW,32-253,86,23,0,1,11,11,1,23,1,0,0.0,1,100.0,13,98,59,1,0,0,2,1,16,3,https://fbref.com/en/players/41d84fed/Lica-Licá,
4,Álvarinho,https://fbref.com/en/players/a81bc44d/Alvarinho,77,77,pt POR,RW,30-258,4,3,0,0,1,2,0,3,0,0,,0,,2,13,3,1,0,0,1,0,1,0,https://fbref.com/en/players/a81bc44d/Alvarinho-Álvarinho,
5,Ryan Gauld,https://fbref.com/en/players/862e93c2/Ryan-Gauld,23,23,sct SCO,AM,25-154,74,42,1,5,24,14,1,42,3,3,100.0,0,0.0,15,91,42,1,0,1,1,0,19,4,https://fbref.com/en/players/862e93c2/Ryan-Gauld-Ryan Gauld,
6,Hugo Seco,https://fbref.com/en/players/68ee9021/Hugo-Seco,7,7,pt POR,AM,32-336,16,4,0,1,0,3,1,4,0,0,,0,,3,25,17,0,0,0,0,0,2,1,https://fbref.com/en/players/68ee9021/Hugo-Seco-Hugo Seco,
7,Jonatan Lucca,https://fbref.com/en/players/b04f4533/Jonatan-Lucca,47,47,br BRA,DM,26-351,90,44,0,8,31,5,0,44,0,0,,0,,24,127,81,1,0,0,0,1,27,0,https://fbref.com/en/players/b04f4533/Jonatan-Lucca-Jonatan Lucca,
8,Fabrício Isidoro,https://fbref.com/en/players/b70ca4b5/Fabricio-Isidoro,14,14,br BRA,DM,29-111,66,37,1,6,18,13,2,37,1,1,100.0,0,0.0,13,51,24,1,0,0,1,1,19,3,https://fbref.com/en/players/b70ca4b5/Fabricio-Isidoro-Fabrício Isidoro,
9,Bilel Aouacheria,https://fbref.com/en/players/77bbc5b1/Bilel-Aouacheria,26,26,fr FRA,LW,27-047,24,6,0,1,4,3,0,6,0,0,,0,,4,28,23,0,1,0,1,0,2,1,https://fbref.com/en/players/77bbc5b1/Bilel-Aouacheria-Bilel Aouacheria,
10,Abner,https://fbref.com/en/players/8e562fe7/Abner,30,30,br BRA,LB,24-354,90,57,4,22,21,15,0,57,0,0,,0,,18,60,18,0,1,0,1,0,17,3,https://fbref.com/en/players/8e562fe7/Abner-Abner,
11,Eduardo Mancha,https://fbref.com/en/players/56e74f66/Eduardo-Mancha,95,95,br BRA,CB,25-176,90,50,6,25,20,5,3,50,0,0,,0,,29,121,64,0,0,0,1,1,28,0,https://fbref.com/en/players/56e74f66/Eduardo-Mancha-Eduardo Mancha,
12,Claudio Falcão,https://fbref.com/en/players/56077210/Claudio-Falcao,29,29,br BRA,CB,26-320,90,56,7,29,27,0,0,56,0,0,,0,,37,128,37,0,0,0,1,0,34,1,https://fbref.com/en/players/56077210/Claudio-Falcao-Claudio Falcão,
13,Tomás Tavares,https://fbref.com/en/players/0dce3356/Tomas-Tavares,84,84,pt POR,RB,20-073,90,64,3,16,36,12,1,64,0,0,,0,,28,95,42,1,0,0,0,1,32,3,https://fbref.com/en/players/0dce3356/Tomas-Tavares-Tomás Tavares,
14,Beto,https://fbref.com/en/players/3b4941e4/Beto,3,3,pt POR,GK,39-018,90,39,26,39,0,0,0,39,0,0,,0,,29,173,111,0,0,0,0,0,21,0,https://fbref.com/en/players/3b4941e4/Beto-Beto,
