,Player Name,Player Number,Player,#,Nation,Pos,Age,Min,Gls,Ast,PK,PKatt,Sh,SoT,CrdY,CrdR,Touches,Tkl,Int,Blocks,xG,npxG,xAG,SCA,GCA,Cmp,Att,Cmp%,PrgP,Carries,PrgC,Att,Succ,Player Key,Player Link
0,Pedro,https://fbref.com/en/players/17758df6/Pedro,96,96,br BRA,FW,24-192,90,0,0,0,0,0,0,1,0,22,0,1,0,0.0,0.0,0.0,0,0,10,18,55.6,1,12,0,0,0,https://fbref.com/en/players/17758df6/Pedro-Pedro,
1,Madi Queita,https://fbref.com/en/players/13ab460a/Madi-Queita,10,10,gw GNB,LW,22-210,67,0,0,0,0,1,0,0,0,19,0,1,0,0.0,0.0,0.1,3,0,9,14,64.3,0,9,1,2,1,https://fbref.com/en/players/13ab460a/Madi-Queita-Madi Queita,
2,Burá,https://fbref.com/en/players/8e72cba8/Bura,13,13,gw GNB,DM,25-148,23,0,0,0,0,0,0,0,0,15,0,0,1,0.0,0.0,0.0,0,0,7,11,63.6,1,7,0,0,0,https://fbref.com/en/players/8e72cba8/Bura-Burá,
3,Licá,https://fbref.com/en/players/41d84fed/Lica,88,88,pt POR,RW,32-253,86,0,0,0,0,1,0,1,0,23,1,0,2,0.1,0.1,0.0,2,0,9,13,69.2,4,13,1,1,0,https://fbref.com/en/players/41d84fed/Lica-Licá,
4,Álvarinho,https://fbref.com/en/players/a81bc44d/Alvarinho,77,77,pt POR,RW,30-258,4,0,0,0,0,0,0,0,0,3,0,0,0,0.0,0.0,0.0,0,0,0,0,,0,2,1,0,0,https://fbref.com/en/players/a81bc44d/Alvarinho-Álvarinho,
5,Ryan Gauld,https://fbref.com/en/players/862e93c2/Ryan-Gauld,23,23,sct SCO,AM,25-154,74,0,0,0,0,1,0,0,0,42,1,0,1,0.0,0.0,0.0,2,0,19,41,46.3,2,15,1,3,3,https://fbref.com/en/players/862e93c2/Ryan-Gauld-Ryan Gauld,
6,Hugo Seco,https://fbref.com/en/players/68ee9021/Hugo-Seco,7,7,pt POR,AM,32-336,16,0,0,0,0,0,0,0,0,4,0,0,0,0.0,0.0,0.0,0,0,0,3,0.0,0,3,0,0,0,https://fbref.com/en/players/68ee9021/Hugo-Seco-Hugo Seco,
7,Jonatan Lucca,https://fbref.com/en/players/b04f4533/Jonatan-Lucca,47,47,br BRA,DM,26-351,90,0,0,0,0,1,1,0,0,44,2,1,1,0.0,0.0,0.0,0,0,29,36,80.6,4,24,1,0,0,https://fbref.com/en/players/b04f4533/Jonatan-Lucca-Jonatan Lucca,
8,Fabrício Isidoro,https://fbref.com/en/players/b70ca4b5/Fabricio-Isidoro,14,14,br BRA,DM,29-111,66,0,0,0,0,2,0,0,0,37,2,1,1,0.1,0.1,0.0,1,0,24,29,82.8,4,13,1,1,1,https://fbref.com/en/players/b70ca4b5/Fabricio-Isidoro-Fabrício Isidoro,
9,Bilel Aouacheria,https://fbref.com/en/players/77bbc5b1/Bilel-Aouacheria,26,26,fr FRA,LW,27-047,24,0,0,0,0,0,0,0,0,6,1,0,1,0.0,0.0,0.0,0,0,3,4,75.0,0,4,0,0,0,https://fbref.com/en/players/77bbc5b1/Bilel-Aouacheria-Bilel Aouacheria,
10,Abner,https://fbref.com/en/players/8e562fe7/Abner,30,30,br BRA,LB,24-354,90,0,0,0,0,0,0,0,0,57,2,4,1,0.0,0.0,0.0,0,0,30,48,62.5,2,18,0,0,0,https://fbref.com/en/players/8e562fe7/Abner-Abner,
11,Eduardo Mancha,https://fbref.com/en/players/56e74f66/Eduardo-Mancha,95,95,br BRA,CB,25-176,90,0,0,0,0,0,0,0,0,50,1,1,2,0.0,0.0,0.0,1,0,34,42,81.0,4,29,0,0,0,https://fbref.com/en/players/56e74f66/Eduardo-Mancha-Eduardo Mancha,
12,Claudio Falcão,https://fbref.com/en/players/56077210/Claudio-Falcao,29,29,br BRA,CB,26-320,90,0,0,0,0,0,0,1,0,56,1,1,2,0.0,0.0,0.0,0,0,30,51,58.8,2,37,0,0,0,https://fbref.com/en/players/56077210/Claudio-Falcao-Claudio Falcão,
13,Tomás Tavares,https://fbref.com/en/players/0dce3356/Tomas-Tavares,84,84,pt POR,RB,20-073,90,0,0,0,0,0,0,0,0,64,3,1,1,0.0,0.0,0.0,0,0,39,57,68.4,1,28,1,0,0,https://fbref.com/en/players/0dce3356/Tomas-Tavares-Tomás Tavares,
14,Beto,https://fbref.com/en/players/3b4941e4/Beto,3,3,pt POR,GK,39-018,90,0,0,0,0,0,0,0,0,39,0,0,0,0.0,0.0,0.0,0,0,18,37,48.6,0,29,0,0,0,https://fbref.com/en/players/3b4941e4/Beto-Beto,
