,Player Name,Player Number,Player,#,Nation,Pos,Age,Min,Touches,Def Pen,Def 3rd,Mid 3rd,Att 3rd,Att Pen,Live,Att,Succ,Succ%,Tkld,Tkld%,Carries,TotDist,PrgDist,PrgC,1/3,CPA,Mis,Dis,Rec,PrgR,Player Key,Player Link
0,Crysan,https://fbref.com/en/players/70acbadc/Crysan,23,23,br BRA,FW,24-316,70,25,1,1,13,13,3,25,2,1,50.0,1,50.0,12,103,78,2,3,0,2,1,20,7,https://fbref.com/en/players/70acbadc/Crysan-Crysan,
1,Rui Costa,https://fbref.com/en/players/ee43adcd/Rui-Costa,77,77,pt POR,FW,25-088,20,9,0,0,4,5,0,9,0,0,,0,,6,33,10,0,1,0,2,0,9,2,https://fbref.com/en/players/ee43adcd/Rui-Costa-Rui Costa,
2,Allano,https://fbref.com/en/players/9c1245f8/Allano,7,7,br BRA,LW,26-025,71,37,1,12,15,10,3,37,1,0,0.0,1,100.0,15,106,64,2,1,1,3,1,23,4,https://fbref.com/en/players/9c1245f8/Allano-Allano,
3,Ukra,https://fbref.com/en/players/eb45e1d8/Ukra,17,17,pt POR,LW,33-064,19,14,0,0,10,4,1,14,1,1,100.0,0,0.0,8,57,33,2,1,0,0,0,11,3,https://fbref.com/en/players/eb45e1d8/Ukra-Ukra,
4,Carlos,https://fbref.com/en/players/901e930c/Carlos,13,13,br BRA,RW,25-277,83,31,3,9,8,15,2,31,2,1,50.0,1,50.0,18,115,45,1,1,1,2,3,17,6,https://fbref.com/en/players/901e930c/Carlos-Carlos,
5,Diogo Salomão,https://fbref.com/en/players/45e4d136/Diogo-Salomao,35,35,pt POR,RW,32-247,7,5,0,1,2,2,1,5,1,0,0.0,1,100.0,4,26,12,1,0,1,1,0,4,1,https://fbref.com/en/players/45e4d136/Diogo-Salomao-Diogo Salomão,
6,Lincoln,https://fbref.com/en/players/27504df8/Lincoln,10,10,br BRA,AM,22-193,80,31,0,4,10,17,0,31,1,0,0.0,1,100.0,20,143,89,2,2,0,0,0,28,3,https://fbref.com/en/players/27504df8/Lincoln-Lincoln,
7,Rúben Alexandre Gomes Oliveira,https://fbref.com/en/players/0677feec/Ruben-Alexandre-Gomes-Oliveira,18,18,pt POR,AM,26-156,10,11,0,1,5,5,2,11,0,0,,0,,4,15,7,0,2,0,1,0,8,1,https://fbref.com/en/players/0677feec/Ruben-Alexandre-Gomes-Oliveira-Rúben Alexandre Gomes Oliveira,
8,Hidemasa Morita,https://fbref.com/en/players/a650c75b/Hidemasa-Morita,25,25,jp JPN,DM,26-009,90,75,3,22,47,6,1,75,4,3,75.0,1,25.0,30,161,91,1,1,1,1,1,43,2,https://fbref.com/en/players/a650c75b/Hidemasa-Morita-Hidemasa Morita,
9,Rui Filipe Cunha Correia,https://fbref.com/en/players/34270aeb/Rui-Filipe-Cunha-Correia,21,21,pt POR,DM,25-343,83,33,1,7,19,7,1,33,1,0,0.0,1,100.0,14,36,18,0,0,0,0,1,25,0,https://fbref.com/en/players/34270aeb/Rui-Filipe-Cunha-Correia-Rui Filipe Cunha Correia,
10,Lucas Marques,https://fbref.com/en/players/30c255c7/Lucas-Marques,33,33,br BRA,DM,25-360,7,7,0,1,6,0,0,7,0,0,,0,,4,23,8,0,0,0,0,0,7,0,https://fbref.com/en/players/30c255c7/Lucas-Marques-Lucas Marques,
11,Mansur,https://fbref.com/en/players/924081a5/Mansur,6,6,br BRA,LB,28-032,90,63,3,34,23,6,0,63,0,0,,0,,13,46,18,0,0,0,1,0,25,1,https://fbref.com/en/players/924081a5/Mansur-Mansur,
12,Mikel Villanueva,https://fbref.com/en/players/65f90a76/Mikel-Villanueva,3,3,ve VEN,CB,28-035,90,47,9,29,19,0,0,47,0,0,,0,,17,98,66,0,0,0,0,0,23,0,https://fbref.com/en/players/65f90a76/Mikel-Villanueva-Mikel Villanueva,
13,Fábio Cardoso,https://fbref.com/en/players/4a5839fa/Fabio-Cardoso,4,4,pt POR,CB,27-030,90,49,7,24,25,2,1,49,0,0,,0,,20,166,126,0,1,0,0,0,24,0,https://fbref.com/en/players/4a5839fa/Fabio-Cardoso-Fábio Cardoso,
14,Rafael Ramos,https://fbref.com/en/players/f8ddf51c/Rafael-Ramos,2,2,pt POR,RB,26-130,90,61,3,28,14,19,2,61,2,2,100.0,0,0.0,18,215,138,4,3,0,3,0,28,6,https://fbref.com/en/players/f8ddf51c/Rafael-Ramos-Rafael Ramos,
15,Marco André Rocha Pereira,https://fbref.com/en/players/5cd73451/Marco-Andre-Rocha-Pereira,99,99,pt POR,GK,34-127,90,30,24,30,0,0,0,30,1,1,100.0,0,0.0,13,101,66,0,0,0,0,0,12,0,https://fbref.com/en/players/5cd73451/Marco-Andre-Rocha-Pereira-Marco André Rocha Pereira,
