,Player Name,Player Number,Player,#,Nation,Pos,Age,Min,Tkl,TklW,Def 3rd,Mid 3rd,Att 3rd,Tkl,Att,Tkl%,Lost,Blocks,Sh,Pass,Int,Tkl+Int,Clr,Err,Player Key,Player Link
0,Crysan,https://fbref.com/en/players/70acbadc/Crysan,23,23,br BRA,FW,24-316,70,0,0,0,0,0,0,1,0.0,1,1,0,1,0,0,1,0,https://fbref.com/en/players/70acbadc/Crysan-Crysan,
1,Rui Costa,https://fbref.com/en/players/ee43adcd/Rui-Costa,77,77,pt POR,FW,25-088,20,0,0,0,0,0,0,0,,0,1,0,1,0,0,0,0,https://fbref.com/en/players/ee43adcd/Rui-Costa-Rui Costa,
2,Allano,https://fbref.com/en/players/9c1245f8/Allano,7,7,br BRA,LW,26-025,71,1,1,0,1,0,0,1,0.0,1,0,0,0,0,1,1,0,https://fbref.com/en/players/9c1245f8/Allano-Allano,
3,Ukra,https://fbref.com/en/players/eb45e1d8/Ukra,17,17,pt POR,LW,33-064,19,0,0,0,0,0,0,0,,0,0,0,0,0,0,0,0,https://fbref.com/en/players/eb45e1d8/Ukra-Ukra,
4,Carlos,https://fbref.com/en/players/901e930c/Carlos,13,13,br BRA,RW,25-277,83,2,1,2,0,0,1,1,100.0,0,4,1,3,1,3,1,0,https://fbref.com/en/players/901e930c/Carlos-Carlos,
5,Diogo Salomão,https://fbref.com/en/players/45e4d136/Diogo-Salomao,35,35,pt POR,RW,32-247,7,1,1,0,1,0,0,0,,0,0,0,0,0,1,0,0,https://fbref.com/en/players/45e4d136/Diogo-Salomao-Diogo Salomão,
6,Lincoln,https://fbref.com/en/players/27504df8/Lincoln,10,10,br BRA,AM,22-193,80,0,0,0,0,0,0,0,,0,0,0,0,0,0,0,0,https://fbref.com/en/players/27504df8/Lincoln-Lincoln,
7,Rúben Alexandre Gomes Oliveira,https://fbref.com/en/players/0677feec/Ruben-Alexandre-Gomes-Oliveira,18,18,pt POR,AM,26-156,10,1,1,0,1,0,0,0,,0,0,0,0,0,1,0,0,https://fbref.com/en/players/0677feec/Ruben-Alexandre-Gomes-Oliveira-Rúben Alexandre Gomes Oliveira,
8,Hidemasa Morita,https://fbref.com/en/players/a650c75b/Hidemasa-Morita,25,25,jp JPN,DM,26-009,90,1,0,0,1,0,1,1,100.0,0,2,0,2,1,2,4,0,https://fbref.com/en/players/a650c75b/Hidemasa-Morita-Hidemasa Morita,
9,Rui Filipe Cunha Correia,https://fbref.com/en/players/34270aeb/Rui-Filipe-Cunha-Correia,21,21,pt POR,DM,25-343,83,1,0,1,0,0,0,1,0.0,1,1,0,1,0,1,0,0,https://fbref.com/en/players/34270aeb/Rui-Filipe-Cunha-Correia-Rui Filipe Cunha Correia,
10,Lucas Marques,https://fbref.com/en/players/30c255c7/Lucas-Marques,33,33,br BRA,DM,25-360,7,0,0,0,0,0,0,0,,0,0,0,0,0,0,0,0,https://fbref.com/en/players/30c255c7/Lucas-Marques-Lucas Marques,
11,Mansur,https://fbref.com/en/players/924081a5/Mansur,6,6,br BRA,LB,28-032,90,2,2,2,0,0,0,1,0.0,1,2,0,2,3,5,1,0,https://fbref.com/en/players/924081a5/Mansur-Mansur,
12,Mikel Villanueva,https://fbref.com/en/players/65f90a76/Mikel-Villanueva,3,3,ve VEN,CB,28-035,90,1,1,1,0,0,0,0,,0,0,0,0,0,1,3,0,https://fbref.com/en/players/65f90a76/Mikel-Villanueva-Mikel Villanueva,
13,Fábio Cardoso,https://fbref.com/en/players/4a5839fa/Fabio-Cardoso,4,4,pt POR,CB,27-030,90,0,0,0,0,0,0,0,,0,0,0,0,1,1,5,0,https://fbref.com/en/players/4a5839fa/Fabio-Cardoso-Fábio Cardoso,
14,Rafael Ramos,https://fbref.com/en/players/f8ddf51c/Rafael-Ramos,2,2,pt POR,RB,26-130,90,1,1,1,0,0,0,1,0.0,1,1,0,1,1,2,3,0,https://fbref.com/en/players/f8ddf51c/Rafael-Ramos-Rafael Ramos,
15,Marco André Rocha Pereira,https://fbref.com/en/players/5cd73451/Marco-Andre-Rocha-Pereira,99,99,pt POR,GK,34-127,90,0,0,0,0,0,0,0,,0,0,0,0,0,0,0,0,https://fbref.com/en/players/5cd73451/Marco-Andre-Rocha-Pereira-Marco André Rocha Pereira,
