,Minute,Player,Squad,xG,PSxG,Outcome,Distance,Body Part,Notes,SCA 1 Player,SCA 1 Event,SCA 2 Player,SCA 2 Event
0,1,Madi Queita,Farense,0.04,,Blocked,16,Head,,Ryan Gauld,Pass (Dead),,Fouled
1,18,Rui Filipe Cunha Correia,Santa Clara,0.03,,Blocked,27,Left Foot,Volley,,,,
2,18,Allano,Santa Clara,0.08,,Blocked,13,Left Foot,,Rui Filipe Cunha Correia,Shot,,
3,22,Fabrício Isidoro,Farense,0.05,,Woodwork,14,Right Foot,,Madi Queita,Pass (Live),Licá,Pass (Live)
4,24,Crysan,Santa Clara,0.03,,Blocked,26,Right Foot,,Rafael Ramos,Pass (Live),Crysan,Pass (Live)
5,33,Crysan,Santa Clara,0.64,0.96,Goal,6,Left Foot,,Rafael Ramos,Pass (Live),Carlos,Pass (Live)
6,41,Jonatan Lucca,Farense,0.05,0.38,Saved,33,Right Foot,Free kick,Madi Queita,Fouled,Licá,Pass (Live)
7,42,Crysan,Santa Clara,0.78,0.95,Saved,3,Right Foot,,,,,
8,45,Hidemasa Morita,Santa Clara,0.53,0.93,Goal,9,Right Foot,,Hidemasa Morita,Take-On,Lincoln,Pass (Live)
9,45+1,Ryan Gauld,Farense,0.04,,Off Target,36,Left Foot,,Ryan Gauld,Take-On,,
10,,,,,,,,,,,,,
11,54,Fabrício Isidoro,Farense,0.03,,Off Target,24,Right Foot,,Fabrício Isidoro,Tackle,,
12,59,Allano,Santa Clara,0.32,0.37,Goal,10,Left Foot,,Lincoln,Pass (Live),Rafael Ramos,Pass (Dead)
13,62,Licá,Farense,0.09,,Off Target,8,Right Foot,Volley,Eduardo Mancha,Pass (Live),Madi Queita,Pass (Dead)
14,63,Carlos,Santa Clara,0.10,0.35,Goal,11,Right Foot,,Crysan,Pass (Live),Carlos,Pass (Live)
15,82,Rúben Alexandre Gomes Oliveira,Santa Clara,0.04,,Blocked,19,Left Foot,,Ukra,Pass (Live),Rui Costa,Pass (Live)
