season,injury,from,until,days,missed_games
23/24,Rib fracture,"Apr 16, 2024","May 13, 2024",27 days,4
21/22,Corona virus,"Dec 18, 2021","Dec 29, 2021",11 days,1
21/22,muscular problems,"Sep 21, 2021","Oct 29, 2021",38 days,8
21/22,Adductor pain,"Aug 26, 2021","Sep 11, 2021",16 days,4
20/21,Muscle injury,"Jan 25, 2021","Feb 7, 2021",13 days,3
20/21,Corona virus,"Oct 15, 2020","Oct 29, 2020",14 days,2
17/18,Metatarsal fracture,"Mar 6, 2018","Jun 1, 2018",87 days,14
17/18,Knee bruise,"Sep 23, 2017","Sep 28, 2017",5 days,1
14/15,Heel injury,"Apr 15, 2015","May 5, 2015",20 days,3
