season,injury,from,until,days,missed_games
23/24,Calf injury,"Jan 5, 2024","Feb 3, 2024",29 days,-
22/23,muscular problems,"Apr 24, 2023","Apr 30, 2023",6 days,2
22/23,Muscle injury,"Apr 7, 2023","Apr 21, 2023",14 days,2
22/23,Muscle injury,"Mar 21, 2023","Apr 3, 2023",13 days,1
21/22,Corona virus,"Dec 28, 2021","Jan 2, 2022",5 days,-
20/21,Cruciate ligament tear,"Sep 9, 2020","Mar 9, 2021",181 days,30
19/20,Cruciate ligament tear,"Jan 25, 2020","Aug 25, 2020",213 days,18
18/19,Knee injury,"Oct 29, 2018","Nov 22, 2018",24 days,2
18/19,Muscle injury,"Aug 3, 2018","Aug 17, 2018",14 days,-
