season,injury,from,until,days,missed_games
23/24,Calf injury,"Nov 8, 2023","Dec 8, 2023",30 days,3
22/23,Cruciate ligament tear,"Apr 9, 2023","Sep 30, 2023",174 days,20
21/22,Corona virus,"Jan 1, 2022","Jan 8, 2022",7 days,2
20/21,Broken fibula,"Jan 2, 2021","Feb 20, 2021",49 days,11
20/21,Shoulder injury,"Sep 10, 2020","Nov 9, 2020",60 days,12
19/20,Knee injury,"Sep 10, 2019","Sep 28, 2019",18 days,3
18/19,Calf injury,"Dec 13, 2018","Dec 27, 2018",14 days,2
17/18,Muscle injury,"Mar 12, 2018","Apr 5, 2018",24 days,5
17/18,Shoulder injury,"Feb 14, 2018","Feb 28, 2018",14 days,6
17/18,Torn muscle fiber,"Nov 26, 2017","Jan 14, 2018",49 days,9
16/17,Shoulder injury,"Jan 22, 2017","Feb 9, 2017",18 days,2
15/16,Hamstring strain,"Oct 19, 2015","Nov 22, 2015",34 days,12
14/15,Rib fracture,"Sep 6, 2014","Oct 31, 2014",55 days,24
