season,injury,from,until,days,missed_games
23/24,Hamstring injury,"Apr 21, 2024","Jun 23, 2024",63 days,6
23/24,Hamstring injury,"Mar 5, 2024","Mar 29, 2024",24 days,2
22/23,Broken nose bone,"Apr 26, 2023","May 5, 2023",9 days,2
22/23,Stomach flu,"Feb 12, 2023","Feb 14, 2023",2 days,1
21/22,Corona virus,"Jan 16, 2022","Jan 22, 2022",6 days,1
19/20,Toe injury,"Oct 1, 2019","Oct 25, 2019",24 days,4
16/17,Knee injury,"May 8, 2017","Jul 8, 2017",61 days,4
16/17,Knee problems,"Apr 16, 2017","May 7, 2017",21 days,4
16/17,Knee injury,"Dec 19, 2016","Jan 12, 2017",24 days,4
