season,injury,from,until,days,missed_games
23/24,Inner ligament injury,"Dec 3, 2023","Jan 5, 2024",33 days,4
23/24,Hamstring injury,"Oct 2, 2023","Oct 19, 2023",17 days,1
20/21,muscular problems,"Dec 5, 2020","Dec 8, 2020",3 days,-
18/19,muscular problems,"May 14, 2019","May 21, 2019",7 days,1
18/19,Cruciate ligament tear,"Oct 17, 2018","May 10, 2019",205 days,36
18/19,Hamstring injury,"Aug 10, 2018","Oct 16, 2018",67 days,11
16/17,Achilles tendon rupture,"Sep 26, 2016","Oct 29, 2016",33 days,8
14/15,Collateral ligament injury,"Feb 15, 2015","Mar 9, 2015",22 days,4
