season,injury,from,until,days,missed_games
22/23,Adductor injury,"Apr 7, 2023","Apr 24, 2023",17 days,3
20/21,Hamstring injury,"Jan 28, 2021","Feb 7, 2021",10 days,2
20/21,Muscle injury,"Oct 12, 2020","Oct 29, 2020",17 days,2
19/20,Quarantine,"Mar 19, 2020","Apr 2, 2020",14 days,-
19/20,Fitness,"Mar 2, 2020","Apr 1, 2020",30 days,3
19/20,Inner knee ligament tear,"Dec 16, 2019","Mar 1, 2020",76 days,11
19/20,Knock,"Oct 9, 2019","Oct 25, 2019",16 days,2
18/19,Fitness,"Feb 20, 2019","Mar 28, 2019",36 days,7
18/19,Adductor injury,"Nov 21, 2018","Feb 20, 2019",91 days,14
18/19,Inflammation of pubic bone,"Oct 20, 2018","Nov 19, 2018",30 days,5
18/19,muscular problems,"Sep 22, 2018","Sep 28, 2018",6 days,2
17/18,Knock,"Oct 17, 2017","Oct 27, 2017",10 days,1
17/18,Knee injury,"Aug 9, 2017","Aug 23, 2017",14 days,1
