season,injury,from,until,days,missed_games
23/24,muscular problems,"May 3, 2024","May 13, 2024",10 days,2
23/24,Calf injury,"Sep 27, 2023","Oct 19, 2023",22 days,3
22/23,muscular problems,"May 18, 2023","Jun 1, 2023",14 days,3
20/21,Hamstring injury,"Nov 22, 2020","Dec 15, 2020",23 days,6
16/17,Ankle injury,"Mar 8, 2017","Apr 8, 2017",31 days,4
16/17,muscular problems,"Sep 12, 2016","Sep 23, 2016",11 days,2
14/15,Hamstring strain,"Aug 1, 2014","Aug 14, 2014",13 days,-
13/14,Calf injury,"Apr 11, 2014","Apr 20, 2014",9 days,2
