season,injury,from,until,days,missed_games
23/24,Adductor injury,"May 20, 2024","May 31, 2024",11 days,1
23/24,Hamstring injury,"Dec 16, 2023","Jan 4, 2024",19 days,2
22/23,Hip injury,"Apr 7, 2023","Apr 21, 2023",14 days,2
22/23,Hip injury,"Feb 19, 2023","Feb 28, 2023",9 days,1
19/20,muscular problems,"Jul 6, 2020","Aug 6, 2020",31 days,4
19/20,Hip problems,"Feb 12, 2020","Feb 19, 2020",7 days,1
19/20,Muscle injury,"Oct 16, 2019","Oct 23, 2019",7 days,1
19/20,Hip injury,"Aug 8, 2019","Aug 22, 2019",14 days,1
16/17,Ankle injury,"Sep 7, 2016","Oct 13, 2016",36 days,7
16/17,Muscle injury,"Aug 4, 2016","Aug 22, 2016",18 days,1
15/16,Achilles tendon problems,"Mar 22, 2016","Apr 23, 2016",32 days,4
15/16,Hamstring strain,"Jan 16, 2016","Mar 1, 2016",45 days,7
15/16,Meniscus injury,"Sep 23, 2015","Oct 22, 2015",29 days,4
14/15,Ankle injury,"Mar 23, 2015","Apr 1, 2015",9 days,-
13/14,Ankle injury,"May 15, 2014","May 20, 2014",5 days,1
