season,injury,from,until,days,missed_games
23/24,Hamstring injury,"Feb 20, 2024","Mar 29, 2024",38 days,4
23/24,Hamstring injury,"Dec 1, 2023","Dec 14, 2023",13 days,2
22/23,Torn muscle fiber,"Jan 6, 2023","Apr 1, 2023",85 days,15
22/23,Ankle injury,"Aug 27, 2022","Sep 16, 2022",20 days,2
21/22,Shoulder injury,"Dec 16, 2021","Mar 14, 2022",88 days,14
20/21,Hamstring injury,"Feb 4, 2021","Feb 17, 2021",13 days,2
20/21,Muscle injury,"Sep 14, 2020","Oct 14, 2020",30 days,4
18/19,Meniscus tear,"Apr 29, 2019","Jul 29, 2019",91 days,-
18/19,Muscle injury,"Apr 10, 2019","Apr 27, 2019",17 days,3
16/17,ankle sprain,"Apr 10, 2017","Apr 24, 2017",14 days,2
