season,injury,from,until,days,missed_games
23/24,muscular problems,"May 6, 2024","May 13, 2024",7 days,1
23/24,Hamstring injury,"Mar 22, 2024","Apr 23, 2024",32 days,3
23/24,Hamstring injury,"Jan 6, 2024","Jan 12, 2024",6 days,2
23/24,Knee problems,"Sep 12, 2023","Oct 27, 2023",45 days,6
21/22,Corona virus,"Jan 16, 2022","Jan 22, 2022",6 days,1
20/21,Quarantine,"Mar 12, 2021","Mar 19, 2021",7 days,1
18/19,Cruciate ligament tear,"May 5, 2019","Dec 5, 2019",214 days,20
17/18,Knee injury,"Sep 3, 2017","Sep 15, 2017",12 days,2
16/17,Knee injury,"Apr 2, 2017","May 12, 2017",40 days,7
