season,injury,from,until,days,missed_games
23/24,Adductor pain,"May 4, 2024","May 14, 2024",10 days,1
23/24,Injury to the ankle,"Nov 24, 2023","Nov 27, 2023",3 days,1
23/24,Adductor pain,"Oct 13, 2023","Oct 19, 2023",6 days,1
22/23,Adductor pain,"Jun 4, 2023","Jun 19, 2023",15 days,1
22/23,muscular problems,"Nov 19, 2022","Dec 5, 2022",16 days,1
21/22,Ankle injury,"Mar 21, 2022","Mar 28, 2022",7 days,1
21/22,Ill,"Jul 19, 2021","Aug 7, 2021",19 days,1
20/21,muscular problems,"Sep 1, 2020","Sep 15, 2020",14 days,5
17/18,Syndesmosis ligament tear,"Mar 5, 2018","Apr 16, 2018",42 days,9
17/18,Torn ankle ligaments,"Dec 14, 2017","Jan 15, 2018",32 days,2
