season,injury,from,until,days,missed_games
23/24,Dead leg,"Feb 23, 2024","Mar 11, 2024",17 days,3
23/24,Dead leg,"Jan 5, 2024","Jan 22, 2024",17 days,4
23/24,Dead leg,"Sep 21, 2023","Oct 19, 2023",28 days,6
23/24,Hamstring injury,"Sep 3, 2023","Sep 18, 2023",15 days,2
22/23,Calf injury,"Feb 2, 2023","Feb 10, 2023",8 days,2
21/22,Muscle injury,"Oct 5, 2021","Oct 25, 2021",20 days,4
21/22,Calf injury,"Aug 22, 2021","Sep 13, 2021",22 days,4
21/22,Calf injury,"Aug 2, 2021","Aug 16, 2021",14 days,2
20/21,Calf injury,"May 4, 2021","May 17, 2021",13 days,2
19/20,Fitness,"Jul 25, 2019","Aug 12, 2019",18 days,3
17/18,Knee injury,"Sep 9, 2017","Oct 30, 2017",51 days,10
15/16,Knee injury,"Nov 2, 2015","Jan 20, 2017",445 days,114
15/16,Knee injury,"Sep 19, 2015","Oct 18, 2015",29 days,11
14/15,Knee injury,"Feb 28, 2015","Jun 1, 2015",93 days,20
13/14,Hamstring injury,"Oct 31, 2013","Nov 10, 2013",10 days,2
