season,injury,from,until,days,missed_games
23/24,Knock,"Jan 11, 2024","Jan 15, 2024",4 days,1
23/24,Broken nose bone,"Nov 7, 2023","Nov 10, 2023",3 days,1
22/23,Torn thigh muscle,"Feb 16, 2023","Mar 1, 2023",13 days,4
22/23,Heel injury,"Sep 19, 2022","Nov 1, 2022",43 days,8
22/23,Adductor injury,"Aug 11, 2022","Aug 17, 2022",6 days,1
21/22,Corona virus,"Apr 22, 2022","Apr 29, 2022",7 days,1
21/22,Broken nose bone,"Dec 16, 2021","Dec 31, 2021",15 days,2
20/21,Corona virus,"Mar 26, 2021","Apr 5, 2021",10 days,1
18/19,Hamstring injury,"Apr 30, 2019","May 18, 2019",18 days,4
18/19,Muscle injury,"Mar 5, 2019","Mar 10, 2019",5 days,2
18/19,Ankle injury,"Feb 17, 2019","Feb 17, 2019",0 days,1
17/18,Hamstring injury,"Apr 22, 2018","May 6, 2018",14 days,3
