season,injury,from,until,days,missed_games
23/24,Contracture,"Oct 25, 2023","Nov 5, 2023",11 days,2
23/24,Muscle injury,"Jul 28, 2023","Aug 28, 2023",31 days,3
22/23,Dead leg,"Apr 13, 2023","May 15, 2023",32 days,5
22/23,Inner ligament injury,"Feb 2, 2023","Mar 20, 2023",46 days,9
22/23,Hamstring injury,"Jan 4, 2023","Jan 12, 2023",8 days,2
22/23,Muscle injury,"Sep 1, 2022","Sep 26, 2022",25 days,3
21/22,Hamstring injury,"Feb 7, 2022","Mar 14, 2022",35 days,5
21/22,Muscle injury,"Nov 6, 2021","Dec 29, 2021",53 days,7
21/22,Adductor pain,"Jul 21, 2021","Aug 27, 2021",37 days,3
20/21,Cruciate ligament tear,"Aug 4, 2020","Apr 15, 2021",254 days,36
16/17,Ankle injury,"Nov 11, 2016","Dec 8, 2016",27 days,5
16/17,Knock,"Sep 19, 2016","Sep 23, 2016",4 days,1
15/16,Knee problems,"Aug 20, 2015","Sep 12, 2015",23 days,4
15/16,Back problems,"Aug 6, 2015","Aug 13, 2015",7 days,1
13/14,Ankle injury,"Oct 31, 2013","Nov 29, 2013",29 days,8
