,Player Name,Player Number,Player,#,Nation,Pos,Age,Min,Touches,Def Pen,Def 3rd,Mid 3rd,Att 3rd,Att Pen,Live,Att,Succ,Succ%,Tkld,Tkld%,Carries,TotDist,PrgDist,PrgC,1/3,CPA,Mis,Dis,Rec,PrgR,Player Key,Player Link
0,Miguel Filipe Nunes Cardoso,https://fbref.com/en/players/f9c7bf18/Miguel-Filipe-Nunes-Cardoso,11,11,pt POR,FW,26-267,89,35,1,2,7,26,3,35,1,0,0.0,1,100.0,22,112,45,0,3,0,2,1,30,11,https://fbref.com/en/players/f9c7bf18/Miguel-Filipe-Nunes-Cardoso-Miguel Filipe Nunes Cardoso,
1,Bruno Ramires,https://fbref.com/en/players/6ca3ad8f/Bruno-Ramires,6,6,br BRA,"AM,FW",26-360,1,1,1,1,0,0,0,1,0,0,,0,,0,0,0,0,0,0,0,0,0,0,https://fbref.com/en/players/6ca3ad8f/Bruno-Ramires-Bruno Ramires,
2,Afonso Sousa,https://fbref.com/en/players/f3f47ebd/Afonso-Sousa,28,28,pt POR,LW,20-314,67,26,1,3,10,15,2,26,0,0,,0,,15,99,30,1,2,0,3,1,14,4,https://fbref.com/en/players/f3f47ebd/Afonso-Sousa-Afonso Sousa,
3,Sphephelo Sithole,https://fbref.com/en/players/33bcd4b3/Sphephelo-Sithole,15,15,za RSA,CM,22-010,23,9,0,2,5,2,0,9,0,0,,0,,5,17,0,0,0,0,0,0,4,1,https://fbref.com/en/players/33bcd4b3/Sphephelo-Sithole-Sphephelo Sithole,
4,Silvestre Varela,https://fbref.com/en/players/9dffef9e/Silvestre-Varela,10,10,pt POR,RW,36-039,51,14,1,2,5,7,0,14,0,0,,0,,12,55,25,1,0,0,1,2,14,2,https://fbref.com/en/players/9dffef9e/Silvestre-Varela-Silvestre Varela,
5,Francisco Chico,https://fbref.com/en/players/647bf324/Francisco-Chico,19,19,pt POR,"RW,AM",22-321,39,17,0,6,10,3,0,17,0,0,,0,,13,82,34,1,0,0,2,0,10,0,https://fbref.com/en/players/647bf324/Francisco-Chico-Francisco Chico,
6,Rúben Lima,https://fbref.com/en/players/bd9be778/Ruben-Lima,5,5,pt POR,"LM,WB",31-161,90,45,5,14,19,13,0,45,2,1,50.0,1,50.0,20,165,90,1,1,0,0,0,18,3,https://fbref.com/en/players/bd9be778/Ruben-Lima-Rúben Lima,
7,Thibang Phete,https://fbref.com/en/players/a1ba943c/Thibang-Phete,21,21,za RSA,CM,26-343,67,24,3,8,12,4,2,24,1,1,100.0,0,0.0,9,43,17,0,0,0,0,0,13,2,https://fbref.com/en/players/a1ba943c/Thibang-Phete-Thibang Phete,
8,Mateo Cassierra,https://fbref.com/en/players/0f714df2/Mateo-Cassierra,9,9,co COL,"LW,FW",23-334,23,8,0,1,0,7,1,8,0,0,,0,,4,35,23,1,1,1,1,0,6,1,https://fbref.com/en/players/0f714df2/Mateo-Cassierra-Mateo Cassierra,
9,Afonso Taira,https://fbref.com/en/players/d5696a58/Afonso-Taira,20,20,pt POR,CM,28-269,90,52,1,8,38,6,2,52,1,1,100.0,0,0.0,20,90,53,1,0,0,0,0,26,3,https://fbref.com/en/players/d5696a58/Afonso-Taira-Afonso Taira,
10,Tiago Esgaio,https://fbref.com/en/players/9c14a96b/Tiago-Esgaio,13,13,pt POR,"RM,WB",25-224,90,66,6,22,22,22,3,66,0,0,,0,,25,94,40,1,1,0,1,0,35,8,https://fbref.com/en/players/9c14a96b/Tiago-Esgaio-Tiago Esgaio,
11,Tomás Ribeiro,https://fbref.com/en/players/6603fa16/Tomas-Ribeiro,4,4,pt POR,CB,21-317,90,38,11,27,11,0,0,38,0,0,,0,,8,34,26,0,0,0,0,0,9,0,https://fbref.com/en/players/6603fa16/Tomas-Ribeiro-Tomás Ribeiro,
12,Henrique,https://fbref.com/en/players/429163de/Henrique,26,26,br BRA,CB,34-150,90,41,7,22,16,3,1,41,0,0,,0,,19,89,48,0,0,0,0,0,18,0,https://fbref.com/en/players/429163de/Henrique-Henrique,
13,Gonçalo Silva,https://fbref.com/en/players/599e6b6f/Goncalo-Silva,37,37,pt POR,CB,29-282,90,61,12,33,27,2,0,61,0,0,,0,,29,127,94,1,1,0,0,0,28,0,https://fbref.com/en/players/599e6b6f/Goncalo-Silva-Gonçalo Silva,
14,Stanislav Kritsyuk,https://fbref.com/en/players/b8798a46/Stanislav-Kritsyuk,23,23,ru RUS,GK,30-102,90,35,29,35,0,0,0,35,0,0,,0,,14,88,73,0,0,0,0,0,6,0,https://fbref.com/en/players/b8798a46/Stanislav-Kritsyuk-Stanislav Kritsyuk,
