,Player Name,Player Number,Player,#,Nation,Pos,Age,Min,Tkl,TklW,Def 3rd,Mid 3rd,Att 3rd,Tkl,Att,Tkl%,Lost,Blocks,Sh,Pass,Int,Tkl+Int,Clr,Err,Player Key,Player Link
0,Miguel Filipe Nunes Cardoso,https://fbref.com/en/players/f9c7bf18/Miguel-Filipe-Nunes-Cardoso,11,11,pt POR,FW,26-267,89,0,0,0,0,0,0,2,0.0,2,0,0,0,0,0,1,0,https://fbref.com/en/players/f9c7bf18/Miguel-Filipe-Nunes-Cardoso-Miguel Filipe Nunes Cardoso,
1,Bruno Ramires,https://fbref.com/en/players/6ca3ad8f/Bruno-Ramires,6,6,br BRA,"AM,FW",26-360,1,0,0,0,0,0,0,0,,0,0,0,0,0,0,0,0,https://fbref.com/en/players/6ca3ad8f/Bruno-Ramires-Bruno Ramires,
2,Afonso Sousa,https://fbref.com/en/players/f3f47ebd/Afonso-Sousa,28,28,pt POR,LW,20-314,67,1,0,1,0,0,1,1,100.0,0,0,0,0,1,2,1,0,https://fbref.com/en/players/f3f47ebd/Afonso-Sousa-Afonso Sousa,
3,Sphephelo Sithole,https://fbref.com/en/players/33bcd4b3/Sphephelo-Sithole,15,15,za RSA,CM,22-010,23,0,0,0,0,0,0,0,,0,0,0,0,0,0,0,0,https://fbref.com/en/players/33bcd4b3/Sphephelo-Sithole-Sphephelo Sithole,
4,Silvestre Varela,https://fbref.com/en/players/9dffef9e/Silvestre-Varela,10,10,pt POR,RW,36-039,51,0,0,0,0,0,0,0,,0,1,0,1,0,0,1,0,https://fbref.com/en/players/9dffef9e/Silvestre-Varela-Silvestre Varela,
5,Francisco Chico,https://fbref.com/en/players/647bf324/Francisco-Chico,19,19,pt POR,"RW,AM",22-321,39,3,2,1,2,0,0,0,,0,0,0,0,1,4,0,0,https://fbref.com/en/players/647bf324/Francisco-Chico-Francisco Chico,
6,Rúben Lima,https://fbref.com/en/players/bd9be778/Ruben-Lima,5,5,pt POR,"LM,WB",31-161,90,0,0,0,0,0,0,0,,0,2,1,1,2,2,3,0,https://fbref.com/en/players/bd9be778/Ruben-Lima-Rúben Lima,
7,Thibang Phete,https://fbref.com/en/players/a1ba943c/Thibang-Phete,21,21,za RSA,CM,26-343,67,1,0,1,0,0,1,2,50.0,1,2,1,1,0,1,1,0,https://fbref.com/en/players/a1ba943c/Thibang-Phete-Thibang Phete,
8,Mateo Cassierra,https://fbref.com/en/players/0f714df2/Mateo-Cassierra,9,9,co COL,"LW,FW",23-334,23,1,1,0,0,1,0,0,,0,0,0,0,0,1,1,0,https://fbref.com/en/players/0f714df2/Mateo-Cassierra-Mateo Cassierra,
9,Afonso Taira,https://fbref.com/en/players/d5696a58/Afonso-Taira,20,20,pt POR,CM,28-269,90,6,3,2,4,0,1,2,50.0,1,0,0,0,1,7,0,0,https://fbref.com/en/players/d5696a58/Afonso-Taira-Afonso Taira,
10,Tiago Esgaio,https://fbref.com/en/players/9c14a96b/Tiago-Esgaio,13,13,pt POR,"RM,WB",25-224,90,3,2,3,0,0,3,4,75.0,1,0,0,0,2,5,3,0,https://fbref.com/en/players/9c14a96b/Tiago-Esgaio-Tiago Esgaio,
11,Tomás Ribeiro,https://fbref.com/en/players/6603fa16/Tomas-Ribeiro,4,4,pt POR,CB,21-317,90,0,0,0,0,0,0,0,,0,0,0,0,0,0,6,0,https://fbref.com/en/players/6603fa16/Tomas-Ribeiro-Tomás Ribeiro,
12,Henrique,https://fbref.com/en/players/429163de/Henrique,26,26,br BRA,CB,34-150,90,2,1,2,0,0,2,3,66.7,1,0,0,0,1,3,4,0,https://fbref.com/en/players/429163de/Henrique-Henrique,
13,Gonçalo Silva,https://fbref.com/en/players/599e6b6f/Goncalo-Silva,37,37,pt POR,CB,29-282,90,2,1,2,0,0,1,1,100.0,0,2,1,1,2,4,11,0,https://fbref.com/en/players/599e6b6f/Goncalo-Silva-Gonçalo Silva,
14,Stanislav Kritsyuk,https://fbref.com/en/players/b8798a46/Stanislav-Kritsyuk,23,23,ru RUS,GK,30-102,90,0,0,0,0,0,0,0,,0,0,0,0,0,0,2,0,https://fbref.com/en/players/b8798a46/Stanislav-Kritsyuk-Stanislav Kritsyuk,
