,Player Name,Player Number,Player,#,Nation,Pos,Age,Min,Touches,Def Pen,Def 3rd,Mid 3rd,Att 3rd,Att Pen,Live,Att,Succ,Succ%,Tkld,Tkld%,Carries,TotDist,PrgDist,PrgC,1/3,CPA,Mis,Dis,Rec,PrgR,Player Key,Player Link
0,Pedro,https://fbref.com/en/players/17758df6/Pedro,96,96,br BRA,FW,24-125,90,27,0,1,15,11,3,27,0,0,,0,,8,23,1,0,0,0,2,2,22,9,https://fbref.com/en/players/17758df6/Pedro-Pedro,
1,Fabrício Isidoro,https://fbref.com/en/players/b70ca4b5/Fabricio-Isidoro,14,14,br BRA,"LM,LW",29-044,90,49,0,11,29,9,0,49,3,1,33.3,2,66.7,29,150,59,2,2,0,0,1,33,1,https://fbref.com/en/players/b70ca4b5/Fabricio-Isidoro-Fabrício Isidoro,
2,Licá,https://fbref.com/en/players/41d84fed/Lica,88,88,pt POR,RW,32-186,79,19,1,1,5,13,6,19,1,1,100.0,0,0.0,12,31,11,0,0,0,2,2,14,5,https://fbref.com/en/players/41d84fed/Lica-Licá,
3,Nikola Stojiljković,https://fbref.com/en/players/ca3e2783/Nikola-Stojiljkovic,9,9,rs SRB,RW,28-208,11,1,0,0,0,1,0,1,0,0,,0,,0,0,0,0,0,0,0,0,0,0,https://fbref.com/en/players/ca3e2783/Nikola-Stojiljkovic-Nikola Stojiljković,
4,Ryan Gauld,https://fbref.com/en/players/862e93c2/Ryan-Gauld,23,23,sct SCO,"LW,AM",25-087,90,59,0,5,29,27,2,59,5,1,20.0,4,80.0,36,244,97,3,0,0,2,1,36,12,https://fbref.com/en/players/862e93c2/Ryan-Gauld-Ryan Gauld,
5,Jonatan Lucca,https://fbref.com/en/players/b04f4533/Jonatan-Lucca,47,47,br BRA,"RM,DM",26-284,71,36,0,1,23,13,1,36,0,0,,0,,19,90,38,1,0,0,3,0,24,6,https://fbref.com/en/players/b04f4533/Jonatan-Lucca-Jonatan Lucca,
6,Djalma Campos,https://fbref.com/en/players/bd9813b9/Djalma-Campos,20,20,ao ANG,RM,33-287,19,10,0,1,1,8,2,10,2,0,0.0,2,100.0,4,15,0,0,0,0,2,0,6,5,https://fbref.com/en/players/bd9813b9/Djalma-Campos-Djalma Campos,
7,Amine Oudrhiri,https://fbref.com/en/players/49c9c79a/Amine-Oudrhiri,5,5,ma MAR,"CM,DM",28-129,90,78,2,9,53,17,0,78,1,1,100.0,0,0.0,42,214,104,0,1,0,0,1,54,1,https://fbref.com/en/players/49c9c79a/Amine-Oudrhiri-Amine Oudrhiri,
8,Fábio Alexandre da Silva Nunes,https://fbref.com/en/players/7cfc2860/Fabio-Alexandre-da-Silva-Nunes,92,92,pt POR,LB,28-232,90,76,3,15,44,17,2,76,3,2,66.7,1,33.3,38,236,126,3,1,1,1,2,41,3,https://fbref.com/en/players/7cfc2860/Fabio-Alexandre-da-Silva-Nunes-Fábio Alexandre da Silva Nunes,
9,Eduardo Mancha,https://fbref.com/en/players/56e74f66/Eduardo-Mancha,95,95,br BRA,CB,25-109,87,57,5,29,27,1,1,57,0,0,,0,,29,99,50,0,0,0,0,0,33,0,https://fbref.com/en/players/56e74f66/Eduardo-Mancha-Eduardo Mancha,
10,Bilel Aouacheria,https://fbref.com/en/players/77bbc5b1/Bilel-Aouacheria,26,26,fr FRA,CB,26-345,3,3,0,0,0,3,1,3,0,0,,0,,2,9,8,0,0,0,0,0,2,1,https://fbref.com/en/players/77bbc5b1/Bilel-Aouacheria-Bilel Aouacheria,
11,André Almeida Pinto,https://fbref.com/en/players/ba6e52b0/Andre-Almeida-Pinto,25,25,pt POR,CB,31-159,79,42,5,24,17,2,2,42,0,0,,0,,21,161,110,0,1,0,0,0,26,0,https://fbref.com/en/players/ba6e52b0/Andre-Almeida-Pinto-André Almeida Pinto,
12,Cássio,https://fbref.com/en/players/36334180/Cassio,41,41,br BRA,CB,27-069,11,10,2,5,4,1,0,10,0,0,,0,,0,0,0,0,0,0,0,0,2,0,https://fbref.com/en/players/36334180/Cassio-Cássio,
13,Tomás Tavares,https://fbref.com/en/players/0dce3356/Tomas-Tavares,84,84,pt POR,RB,20-006,90,65,3,14,37,14,3,65,0,0,,0,,30,238,171,3,3,1,2,1,34,4,https://fbref.com/en/players/0dce3356/Tomas-Tavares-Tomás Tavares,
14,Hugo Marques,https://fbref.com/en/players/789ee29d/Hugo-Marques,1,1,ao ANG,GK,35-057,90,39,28,39,0,0,0,39,0,0,,0,,20,159,128,0,0,0,0,0,13,0,https://fbref.com/en/players/789ee29d/Hugo-Marques-Hugo Marques,
