,Player Name,Player Number,Player,#,Nation,Pos,Age,Min,Att,Live,Dead,FK,TB,Sw,Crs,TI,CK,In,Out,Str,Cmp,Off,Blocks,Player Key,Player Link
0,Pedro,https://fbref.com/en/players/17758df6/Pedro,96,96,br BRA,FW,24-125,90,20,18,2,0,0,0,1,0,0,0,0,0,12,0,0,https://fbref.com/en/players/17758df6/Pedro-Pedro,
1,Fabrício Isidoro,https://fbref.com/en/players/b70ca4b5/Fabricio-Isidoro,14,14,br BRA,"LM,LW",29-044,90,42,41,1,0,0,0,1,1,0,0,0,0,35,0,0,https://fbref.com/en/players/b70ca4b5/Fabricio-Isidoro-Fabrício Isidoro,
2,Licá,https://fbref.com/en/players/41d84fed/Lica,88,88,pt POR,RW,32-186,79,12,12,0,0,0,0,1,0,0,0,0,0,6,0,0,https://fbref.com/en/players/41d84fed/Lica-Licá,
3,Nikola Stojiljković,https://fbref.com/en/players/ca3e2783/Nikola-Stojiljkovic,9,9,rs SRB,RW,28-208,11,0,0,0,0,0,0,0,0,0,0,0,0,0,0,0,https://fbref.com/en/players/ca3e2783/Nikola-Stojiljkovic-Nikola Stojiljković,
4,Ryan Gauld,https://fbref.com/en/players/862e93c2/Ryan-Gauld,23,23,sct SCO,"LW,AM",25-087,90,47,41,6,3,0,0,8,1,2,1,0,0,32,0,1,https://fbref.com/en/players/862e93c2/Ryan-Gauld-Ryan Gauld,
5,Jonatan Lucca,https://fbref.com/en/players/b04f4533/Jonatan-Lucca,47,47,br BRA,"RM,DM",26-284,71,28,24,4,2,0,0,4,0,2,2,0,0,21,0,0,https://fbref.com/en/players/b04f4533/Jonatan-Lucca-Jonatan Lucca,
6,Djalma Campos,https://fbref.com/en/players/bd9813b9/Djalma-Campos,20,20,ao ANG,RM,33-287,19,5,3,2,0,0,0,3,0,2,2,0,0,1,0,0,https://fbref.com/en/players/bd9813b9/Djalma-Campos-Djalma Campos,
7,Amine Oudrhiri,https://fbref.com/en/players/49c9c79a/Amine-Oudrhiri,5,5,ma MAR,"CM,DM",28-129,90,71,65,6,1,0,1,5,5,0,0,0,0,57,0,0,https://fbref.com/en/players/49c9c79a/Amine-Oudrhiri-Amine Oudrhiri,
8,Fábio Alexandre da Silva Nunes,https://fbref.com/en/players/7cfc2860/Fabio-Alexandre-da-Silva-Nunes,92,92,pt POR,LB,28-232,90,67,50,16,2,0,0,7,14,0,0,0,0,45,1,2,https://fbref.com/en/players/7cfc2860/Fabio-Alexandre-da-Silva-Nunes-Fábio Alexandre da Silva Nunes,
9,Eduardo Mancha,https://fbref.com/en/players/56e74f66/Eduardo-Mancha,95,95,br BRA,CB,25-109,87,46,45,1,1,0,0,0,0,0,0,0,0,36,0,1,https://fbref.com/en/players/56e74f66/Eduardo-Mancha-Eduardo Mancha,
10,Bilel Aouacheria,https://fbref.com/en/players/77bbc5b1/Bilel-Aouacheria,26,26,fr FRA,CB,26-345,3,2,2,0,0,0,0,0,0,0,0,0,0,0,0,0,https://fbref.com/en/players/77bbc5b1/Bilel-Aouacheria-Bilel Aouacheria,
11,André Almeida Pinto,https://fbref.com/en/players/ba6e52b0/Andre-Almeida-Pinto,25,25,pt POR,CB,31-159,79,35,33,2,2,0,0,0,0,0,0,0,0,26,0,0,https://fbref.com/en/players/ba6e52b0/Andre-Almeida-Pinto-André Almeida Pinto,
12,Cássio,https://fbref.com/en/players/36334180/Cassio,41,41,br BRA,CB,27-069,11,9,8,1,1,0,0,0,0,0,0,0,0,7,0,0,https://fbref.com/en/players/36334180/Cassio-Cássio,
13,Tomás Tavares,https://fbref.com/en/players/0dce3356/Tomas-Tavares,84,84,pt POR,RB,20-006,90,57,49,8,0,0,0,5,8,0,0,0,0,39,0,1,https://fbref.com/en/players/0dce3356/Tomas-Tavares-Tomás Tavares,
14,Hugo Marques,https://fbref.com/en/players/789ee29d/Hugo-Marques,1,1,ao ANG,GK,35-057,90,39,27,12,4,0,0,0,0,0,0,0,0,27,0,0,https://fbref.com/en/players/789ee29d/Hugo-Marques-Hugo Marques,
