,Minute,Player,Squad,xG,PSxG,Outcome,Distance,Body Part,Notes,SCA 1 Player,SCA 1 Event,SCA 2 Player,SCA 2 Event
0,4,André Almeida Pinto,Farense,0.49,0.66,Saved,4,Head,,Jonatan Lucca,Pass (Dead),,
1,15,Pedro,Farense,0.10,,Off Target,4,Head,,Ryan Gauld,Pass (Dead),Pedro,Fouled
2,23,Miguel Filipe Nunes Cardoso,B-SAD,0.25,0.13,Saved,14,Right Foot,,Afonso Sousa,Pass (Live),Thibang Phete,Pass (Live)
3,24,Fabrício Isidoro,Farense,0.03,,Blocked,30,Right Foot,,Amine Oudrhiri,Pass (Live),Ryan Gauld,Pass (Live)
4,28,Licá,Farense,0.06,,Off Target,11,Right Foot,Volley,Ryan Gauld,Pass (Live),Fábio Alexandre da Silva Nunes,Pass (Dead)
5,29,Pedro,Farense,0.03,0.02,Saved,26,Left Foot,Volley,,,,
6,30,Miguel Filipe Nunes Cardoso,B-SAD,0.04,0.04,Saved,22,Right Foot,,Afonso Sousa,Pass (Live),Afonso Taira,Pass (Live)
7,35,Miguel Filipe Nunes Cardoso,B-SAD,0.08,,Blocked,21,Right Foot,,Afonso Sousa,Pass (Live),Afonso Taira,Tackle
8,38,Miguel Filipe Nunes Cardoso,B-SAD,0.06,,Blocked,11,Right Foot,,Afonso Taira,Pass (Live),Henrique,Interception
9,,,,,,,,,,,,,
10,48,Thibang Phete,B-SAD,0.45,,Off Target,5,Head,,Afonso Sousa,Pass (Live),Tiago Esgaio,Pass (Live)
11,49,Licá,Farense,0.08,,Blocked,6,Right Foot,Volley,Ryan Gauld,Pass (Dead),Jonatan Lucca,Pass (Live)
12,50,Licá,Farense,0.48,0.57,Saved,5,Left Foot,,Tomás Tavares,Pass (Live),Amine Oudrhiri,Pass (Live)
13,61,Jonatan Lucca,Farense,0.05,,Blocked,28,Right Foot,Free kick,Ryan Gauld,Pass (Live),Jonatan Lucca,Pass (Dead)
14,62,Amine Oudrhiri,Farense,0.04,,Off Target,21,Right Foot,,Jonatan Lucca,Shot,,
15,65,Henrique,B-SAD,0.06,0.03,Saved,14,Right Foot,Volley,Rúben Lima,Pass (Live),Stanislav Kritsyuk,Pass (Live)
16,78,Miguel Filipe Nunes Cardoso,B-SAD,0.63,0.97,Goal,6,Right Foot,,Mateo Cassierra,Pass (Live),Tiago Esgaio,Pass (Dead)
17,87,Ryan Gauld,Farense,0.05,,Off Target,18,Left Foot,,Tomás Tavares,Pass (Live),Ryan Gauld,Pass (Live)
18,90,Sphephelo Sithole,B-SAD,0.04,,Off Target,21,Right Foot,,,,,
19,90+3,Fábio Alexandre da Silva Nunes,Farense,0.05,,Off Target,15,Left Foot,,Amine Oudrhiri,Pass (Live),Tomás Tavares,Pass (Live)
20,90+4,Amine Oudrhiri,Farense,0.03,0.02,Saved,29,Right Foot,,,,,
