season,injury,from,until,days,missed_games
23/24,Leg injury,"May 13, 2024","May 21, 2024",8 days,1
23/24,Groin injury,"Mar 4, 2024","Apr 10, 2024",37 days,4
21/22,Muscle injury,"Aug 18, 2021","Nov 27, 2021",101 days,18
19/20,Adductor injury,"Jun 15, 2020","Jan 1, 2021",200 days,33
19/20,Ankle injury,"Aug 31, 2019","Mar 8, 2020",190 days,30
18/19,Muscle injury,"Feb 11, 2019","May 11, 2019",89 days,13
16/17,Hamstring injury,"Mar 27, 2017","Apr 10, 2017",14 days,4
16/17,muscular problems,"Dec 18, 2016","Jan 3, 2017",16 days,1
11/12,Meniscus tear,"Nov 21, 2011","Jan 21, 2012",61 days,11
11/12,Torn muscle fiber,"Oct 6, 2011","Oct 25, 2011",19 days,7
