season,injury,from,until,days,missed_games
23/24,Knee surgery,"Mar 26, 2024",,104 days,20
23/24,Knee injury,"Mar 5, 2024","Mar 25, 2024",20 days,2
23/24,Hamstring injury,"Jul 6, 2023","Jul 20, 2023",14 days,4
22/23,Hamstring injury,"May 23, 2023","Jun 30, 2023",38 days,11
21/22,Knee injury,"Aug 16, 2021","Aug 31, 2021",15 days,3
20/21,Groin surgery,"Sep 25, 2020","Dec 31, 2020",97 days,15
19/20,Muscle injury,"Jul 15, 2019","Jul 25, 2019",10 days,1
18/19,Muscle injury,"Apr 28, 2019","May 13, 2019",15 days,2
17/18,Knee surgery,"Apr 3, 2018","Jun 6, 2018",64 days,12
16/17,Knee surgery,"May 19, 2017","Jun 12, 2017",24 days,8
16/17,ankle sprain,"May 5, 2017","May 18, 2017",13 days,2
