season,injury,from,until,days,missed_games
23/24,Muscle injury,"Apr 22, 2024","May 15, 2024",23 days,4
23/24,Muscle injury,"Sep 10, 2023","Oct 25, 2023",45 days,8
22/23,Calf injury,"May 15, 2023","Jun 20, 2023",36 days,7
19/20,Pelvic injury,"Jul 1, 2019","Jul 25, 2019",24 days,6
18/19,unknown injury,"Mar 1, 2019","Mar 6, 2019",5 days,1
18/19,Abdominal muscle strain,"Sep 6, 2018","Sep 20, 2018",14 days,3
17/18,Ankle injury,"Jun 11, 2018","Jul 25, 2018",44 days,6
16/17,Foot surgery,"Mar 26, 2017","Dec 31, 2017",280 days,50
