,Player Name,Player Number,Player,#,Nation,Pos,Age,Min,CrdY,CrdR,2CrdY,Fls,Fld,Off,Crs,Int,TklW,PKwon,PKcon,OG,Recov,Won,Lost,Won%,Player Key,Player Link
0,Aaron Leya Iseka,https://fbref.com/en/players/29ef0f49/Aaron-Leya-Iseka,24,24,be BEL,FW,23-160,67,0,0,0,2,2,0,0,0,0,0,0,0,3,3,4,42.9,https://fbref.com/en/players/29ef0f49/Aaron-Leya-Iseka-Aaron Leya Iseka,
1,Ibrahima Niane,https://fbref.com/en/players/46faabfa/Ibrahima-Niane,7,7,sn SEN,FW,22-044,23,0,0,0,0,0,0,0,0,0,0,0,0,1,0,0,,https://fbref.com/en/players/46faabfa/Ibrahima-Niane-Ibrahima Niane,
2,Farid Boulaya,https://fbref.com/en/players/a0791826/Farid-Boulaya,10,10,dz ALG,FW,28-058,86,0,0,0,0,1,0,3,1,0,0,0,0,5,0,0,,https://fbref.com/en/players/a0791826/Farid-Boulaya-Farid Boulaya,
3,Papa Ndiaga Yade,https://fbref.com/en/players/87e9c7cd/Papa-Ndiaga-Yade,26,26,mr MTN,FW,21-109,4,0,0,0,0,0,0,0,0,0,0,0,0,0,0,0,,https://fbref.com/en/players/87e9c7cd/Papa-Ndiaga-Yade-Papa Ndiaga Yade,
4,Victorien Angban,https://fbref.com/en/players/d8992b84/Victorien-Angban,5,5,ci CIV,DM,24-207,67,1,0,0,3,1,0,0,3,1,0,0,0,3,0,0,,https://fbref.com/en/players/d8992b84/Victorien-Angban-Victorien Angban,
5,Kévin N'Doram,https://fbref.com/en/players/e50623a0/Kevin-NDoram,4,4,fr FRA,DM,25-092,23,0,0,0,0,0,0,0,0,0,0,0,0,0,0,0,,https://fbref.com/en/players/e50623a0/Kevin-NDoram-Kévin N'Doram,
6,Habib Maïga,https://fbref.com/en/players/e768de1f/Habib-Maiga,19,19,ci CIV,DM,25-113,86,0,0,0,1,0,0,0,2,2,0,0,0,12,1,0,100.0,https://fbref.com/en/players/e768de1f/Habib-Maiga-Habib Maïga,
7,Vagner Gonçalves,https://fbref.com/en/players/743fd71f/Vagner-Goncalves,27,27,cv CPV,DM,25-104,4,0,0,0,0,1,0,0,0,0,0,0,0,1,0,0,,https://fbref.com/en/players/743fd71f/Vagner-Goncalves-Vagner Gonçalves,
8,Pape Matar Sarr,https://fbref.com/en/players/feb5d972/Pape-Matar-Sarr,15,15,sn SEN,DM,18-222,90,0,0,0,1,2,0,0,2,0,0,0,0,9,2,0,100.0,https://fbref.com/en/players/feb5d972/Pape-Matar-Sarr-Pape Matar Sarr,
9,Thomas Delaine,https://fbref.com/en/players/8332db56/Thomas-Delaine,17,17,fr FRA,WB,29-031,86,0,0,0,1,1,0,4,2,1,0,0,0,3,0,1,0.0,https://fbref.com/en/players/8332db56/Thomas-Delaine-Thomas Delaine,
10,Matthieu Udol,https://fbref.com/en/players/cc41f558/Matthieu-Udol,3,3,fr FRA,WB,25-035,4,0,0,0,0,0,0,0,0,1,0,0,0,0,0,0,,https://fbref.com/en/players/cc41f558/Matthieu-Udol-Matthieu Udol,
11,Fabien Centonze,https://fbref.com/en/players/3c6bbbab/Fabien-Centonze,18,18,fr FRA,WB,25-098,90,0,0,0,2,2,0,4,3,1,0,0,0,2,1,1,50.0,https://fbref.com/en/players/3c6bbbab/Fabien-Centonze-Fabien Centonze,
12,John Boye,https://fbref.com/en/players/861227d2/John-Boye,21,21,gh GHA,CB,34-001,90,0,0,0,0,0,1,0,2,0,0,0,0,2,0,0,,https://fbref.com/en/players/861227d2/John-Boye-John Boye,
13,Boubakar Kouyaté,https://fbref.com/en/players/562a4799/Boubakar-Kouyate,23,23,ml MLI,CB,24-009,90,0,0,0,0,0,0,0,4,1,0,0,0,6,0,0,,https://fbref.com/en/players/562a4799/Boubakar-Kouyate-Boubakar Kouyaté,
14,Dylan Bronn,https://fbref.com/en/players/edd81e2a/Dylan-Bronn,2,2,tn TUN,CB,25-309,90,0,0,0,2,1,0,0,0,4,0,1,0,10,0,0,,https://fbref.com/en/players/edd81e2a/Dylan-Bronn-Dylan Bronn,
15,Alexandre Oukidja,https://fbref.com/en/players/ae7d0ecd/Alexandre-Oukidja,16,16,dz ALG,GK,32-279,90,0,0,0,0,1,0,0,0,0,0,0,0,1,0,0,,https://fbref.com/en/players/ae7d0ecd/Alexandre-Oukidja-Alexandre Oukidja,
