,Player Name,Player Number,Player,#,Nation,Pos,Age,Min,Touches,Def Pen,Def 3rd,Mid 3rd,Att 3rd,Att Pen,Live,Att,Succ,Succ%,Tkld,Tkld%,Carries,TotDist,PrgDist,PrgC,1/3,CPA,Mis,Dis,Rec,PrgR,Player Key,Player Link
0,Aaron Leya Iseka,https://fbref.com/en/players/29ef0f49/Aaron-Leya-Iseka,24,24,be BEL,FW,23-160,67,17,1,2,9,7,1,17,2,2,100.0,0,0.0,14,81,41,2,1,1,2,3,17,1,https://fbref.com/en/players/29ef0f49/Aaron-Leya-Iseka-Aaron Leya Iseka,
1,Ibrahima Niane,https://fbref.com/en/players/46faabfa/Ibrahima-Niane,7,7,sn SEN,FW,22-044,23,10,2,2,7,1,0,10,0,0,,0,,6,44,27,1,1,0,2,1,6,2,https://fbref.com/en/players/46faabfa/Ibrahima-Niane-Ibrahima Niane,
2,Farid Boulaya,https://fbref.com/en/players/a0791826/Farid-Boulaya,10,10,dz ALG,FW,28-058,86,41,1,4,26,14,2,41,8,3,37.5,5,62.5,23,182,67,3,2,2,1,2,26,2,https://fbref.com/en/players/a0791826/Farid-Boulaya-Farid Boulaya,
3,Papa Ndiaga Yade,https://fbref.com/en/players/87e9c7cd/Papa-Ndiaga-Yade,26,26,mr MTN,FW,21-109,4,3,0,0,2,1,0,3,0,0,,0,,3,23,9,1,0,0,0,0,3,0,https://fbref.com/en/players/87e9c7cd/Papa-Ndiaga-Yade-Papa Ndiaga Yade,
4,Victorien Angban,https://fbref.com/en/players/d8992b84/Victorien-Angban,5,5,ci CIV,DM,24-207,67,33,1,8,21,4,0,33,2,0,0.0,2,100.0,17,94,51,1,2,0,1,0,20,0,https://fbref.com/en/players/d8992b84/Victorien-Angban-Victorien Angban,
5,Kévin N'Doram,https://fbref.com/en/players/e50623a0/Kevin-NDoram,4,4,fr FRA,DM,25-092,23,14,1,5,9,0,0,14,0,0,,0,,11,43,12,0,0,0,1,0,12,0,https://fbref.com/en/players/e50623a0/Kevin-NDoram-Kévin N'Doram,
6,Habib Maïga,https://fbref.com/en/players/e768de1f/Habib-Maiga,19,19,ci CIV,DM,25-113,86,48,2,13,29,7,0,48,3,2,66.7,1,33.3,30,105,53,1,0,0,1,2,29,1,https://fbref.com/en/players/e768de1f/Habib-Maiga-Habib Maïga,
7,Vagner Gonçalves,https://fbref.com/en/players/743fd71f/Vagner-Goncalves,27,27,cv CPV,DM,25-104,4,3,0,0,3,0,0,3,0,0,,0,,3,14,0,0,0,0,2,0,2,0,https://fbref.com/en/players/743fd71f/Vagner-Goncalves-Vagner Gonçalves,
8,Pape Matar Sarr,https://fbref.com/en/players/feb5d972/Pape-Matar-Sarr,15,15,sn SEN,DM,18-222,90,53,0,5,36,13,1,53,4,1,25.0,3,75.0,42,301,152,3,2,0,3,0,37,4,https://fbref.com/en/players/feb5d972/Pape-Matar-Sarr-Pape Matar Sarr,
9,Thomas Delaine,https://fbref.com/en/players/8332db56/Thomas-Delaine,17,17,fr FRA,WB,29-031,86,36,0,10,14,13,0,36,2,2,100.0,0,0.0,26,436,288,8,7,0,2,1,26,2,https://fbref.com/en/players/8332db56/Thomas-Delaine-Thomas Delaine,
10,Matthieu Udol,https://fbref.com/en/players/cc41f558/Matthieu-Udol,3,3,fr FRA,WB,25-035,4,3,0,0,1,2,0,3,0,0,,0,,2,9,7,0,0,0,0,0,2,1,https://fbref.com/en/players/cc41f558/Matthieu-Udol-Matthieu Udol,
11,Fabien Centonze,https://fbref.com/en/players/3c6bbbab/Fabien-Centonze,18,18,fr FRA,WB,25-098,90,62,5,13,30,19,3,62,6,1,16.7,5,83.3,36,240,166,5,3,1,2,1,41,6,https://fbref.com/en/players/3c6bbbab/Fabien-Centonze-Fabien Centonze,
12,John Boye,https://fbref.com/en/players/861227d2/John-Boye,21,21,gh GHA,CB,34-001,90,34,8,24,8,2,1,34,0,0,,0,,13,29,10,0,0,0,1,0,14,0,https://fbref.com/en/players/861227d2/John-Boye-John Boye,
13,Boubakar Kouyaté,https://fbref.com/en/players/562a4799/Boubakar-Kouyate,23,23,ml MLI,CB,24-009,90,38,6,25,13,0,0,38,0,0,,0,,23,98,47,0,0,0,1,0,23,0,https://fbref.com/en/players/562a4799/Boubakar-Kouyate-Boubakar Kouyaté,
14,Dylan Bronn,https://fbref.com/en/players/edd81e2a/Dylan-Bronn,2,2,tn TUN,CB,25-309,90,47,3,29,18,0,0,47,1,0,0.0,1,100.0,27,81,49,0,0,0,0,1,24,0,https://fbref.com/en/players/edd81e2a/Dylan-Bronn-Dylan Bronn,
15,Alexandre Oukidja,https://fbref.com/en/players/ae7d0ecd/Alexandre-Oukidja,16,16,dz ALG,GK,32-279,90,35,33,35,0,0,0,35,0,0,,0,,14,83,67,0,0,0,0,0,6,0,https://fbref.com/en/players/ae7d0ecd/Alexandre-Oukidja-Alexandre Oukidja,
