,Player Name,Player Number,Player,#,Nation,Pos,Age,Min,Gls,Ast,PK,PKatt,Sh,SoT,CrdY,CrdR,Touches,Tkl,Int,Blocks,xG,npxG,xAG,SCA,GCA,Cmp,Att,Cmp%,PrgP,Carries,PrgC,Att,Succ,Player Key,Player Link
0,Kylian Mbappé,https://fbref.com/en/players/42fd9c7f/Kylian-Mbappe,7,7,fr FRA,FW,22-125,86,2,0,0,0,3,2,1,0,54,0,1,0,0.6,0.6,0.1,3,0,33,39,84.6,4,43,3,6,2,https://fbref.com/en/players/42fd9c7f/Kylian-Mbappe-Kylian Mbappé,
1,Julian Draxler,https://fbref.com/en/players/1a992676/Julian-Draxler,23,23,de GER,FW,27-216,4,0,0,0,0,0,0,0,0,5,0,1,0,0.0,0.0,0.0,0,0,4,5,80.0,1,3,0,0,0,https://fbref.com/en/players/1a992676/Julian-Draxler-Julian Draxler,
2,Neymar,https://fbref.com/en/players/69384e5d/Neymar,10,10,br BRA,LW,29-078,80,0,0,0,0,4,0,0,0,80,1,0,0,0.2,0.2,0.7,11,0,49,66,74.2,10,52,2,7,3,https://fbref.com/en/players/69384e5d/Neymar-Neymar,
3,Mauro Icardi,https://fbref.com/en/players/43b78598/Mauro-Icardi,9,9,ar ARG,LW,28-064,10,1,0,1,1,0,0,0,0,5,0,0,0,0.8,0.0,0.1,2,1,4,4,100.0,1,5,0,0,0,https://fbref.com/en/players/43b78598/Mauro-Icardi-Mauro Icardi,
4,Pablo Sarabia,https://fbref.com/en/players/9744ff80/Pablo-Sarabia,19,19,es ESP,RW,28-348,64,0,0,0,0,2,1,0,0,34,3,0,0,0.3,0.3,0.0,0,0,20,28,71.4,3,25,2,1,0,https://fbref.com/en/players/9744ff80/Pablo-Sarabia-Pablo Sarabia,
5,Ángel Di María,https://fbref.com/en/players/19cda00b/Angel-Di-Maria,11,11,ar ARG,RW,33-069,26,0,0,0,0,2,1,0,0,19,1,0,0,0.1,0.1,0.1,3,0,9,16,56.3,3,16,1,1,1,https://fbref.com/en/players/19cda00b/Angel-Di-Maria-Ángel Di María,
6,Marco Verratti,https://fbref.com/en/players/1467af0d/Marco-Verratti,6,6,it ITA,LM,28-170,90,0,0,0,0,0,0,1,0,114,14,4,3,0.0,0.0,0.4,5,0,87,98,88.8,8,73,2,4,4,https://fbref.com/en/players/1467af0d/Marco-Verratti-Marco Verratti,
7,Leandro Paredes,https://fbref.com/en/players/dff153a4/Leandro-Paredes,8,8,ar ARG,CM,26-299,90,0,0,0,0,3,1,0,0,93,3,0,1,0.4,0.4,0.0,1,0,73,82,89.0,6,63,0,0,0,https://fbref.com/en/players/dff153a4/Leandro-Paredes-Leandro Paredes,
8,Ander Herrera,https://fbref.com/en/players/436a9dd0/Ander-Herrera,21,21,es ESP,RM,31-253,90,0,1,0,0,2,0,1,0,88,2,2,1,0.1,0.1,0.3,1,1,74,79,93.7,4,66,1,1,0,https://fbref.com/en/players/436a9dd0/Ander-Herrera-Ander Herrera,
9,Layvin Kurzawa,https://fbref.com/en/players/41e7ef1c/Layvin-Kurzawa,20,20,fr FRA,LB,28-232,63,0,0,0,0,0,0,1,0,57,0,0,4,0.0,0.0,0.1,2,0,40,47,85.1,3,33,3,1,1,https://fbref.com/en/players/41e7ef1c/Layvin-Kurzawa-Layvin Kurzawa,
10,Mitchel Bakker,https://fbref.com/en/players/a8567629/Mitchel-Bakker,25,25,nl NED,LB,20-308,27,0,0,0,0,1,1,0,0,34,1,1,0,0.2,0.2,0.0,2,1,29,31,93.5,1,24,2,1,1,https://fbref.com/en/players/a8567629/Mitchel-Bakker-Mitchel Bakker,
11,Presnel Kimpembe,https://fbref.com/en/players/aef6e670/Presnel-Kimpembe,3,3,fr FRA,CB,25-254,90,0,0,0,0,0,0,0,0,74,1,0,0,0.0,0.0,0.0,1,0,65,69,94.2,2,52,0,0,0,https://fbref.com/en/players/aef6e670/Presnel-Kimpembe-Presnel Kimpembe,
12,Thilo Kehrer,https://fbref.com/en/players/51dbeea9/Thilo-Kehrer,4,4,de GER,CB,24-215,90,0,0,0,0,0,0,0,0,60,1,0,0,0.0,0.0,0.0,0,0,56,58,96.6,1,49,0,0,0,https://fbref.com/en/players/51dbeea9/Thilo-Kehrer-Thilo Kehrer,
13,Alessandro Florenzi,https://fbref.com/en/players/e288d4b3/Alessandro-Florenzi,24,24,it ITA,RB,30-044,90,0,0,0,0,1,0,0,0,67,1,0,0,0.1,0.1,0.0,2,1,62,66,93.9,4,54,1,0,0,https://fbref.com/en/players/e288d4b3/Alessandro-Florenzi-Alessandro Florenzi,
14,Keylor Navas,https://fbref.com/en/players/ecada4fc/Keylor-Navas,1,1,cr CRC,GK,34-130,90,0,0,0,0,0,0,0,0,25,0,0,0,0.0,0.0,0.0,0,0,22,23,95.7,0,15,0,0,0,https://fbref.com/en/players/ecada4fc/Keylor-Navas-Keylor Navas,
