,Player Name,Player Number,Player,#,Nation,Pos,Age,Min,Touches,Def Pen,Def 3rd,Mid 3rd,Att 3rd,Att Pen,Live,Att,Succ,Succ%,Tkld,Tkld%,Carries,TotDist,PrgDist,PrgC,1/3,CPA,Mis,Dis,Rec,PrgR,Player Key,Player Link
0,Kylian Mbappé,https://fbref.com/en/players/42fd9c7f/Kylian-Mbappe,7,7,fr FRA,FW,22-125,86,54,0,1,26,29,7,54,6,2,33.3,4,66.7,43,242,107,3,4,3,5,2,49,15,https://fbref.com/en/players/42fd9c7f/Kylian-Mbappe-Kylian Mbappé,
1,Julian Draxler,https://fbref.com/en/players/1a992676/Julian-Draxler,23,23,de GER,FW,27-216,4,5,0,2,3,0,0,5,0,0,,0,,3,6,5,0,0,0,0,0,3,1,https://fbref.com/en/players/1a992676/Julian-Draxler-Julian Draxler,
2,Neymar,https://fbref.com/en/players/69384e5d/Neymar,10,10,br BRA,LW,29-078,80,80,0,6,43,32,5,80,7,3,42.9,4,57.1,52,242,122,2,3,1,1,2,64,9,https://fbref.com/en/players/69384e5d/Neymar-Neymar,
3,Mauro Icardi,https://fbref.com/en/players/43b78598/Mauro-Icardi,9,9,ar ARG,LW,28-064,10,5,0,0,3,2,2,4,0,0,,0,,5,19,8,0,0,0,0,0,5,2,https://fbref.com/en/players/43b78598/Mauro-Icardi-Mauro Icardi,
4,Pablo Sarabia,https://fbref.com/en/players/9744ff80/Pablo-Sarabia,19,19,es ESP,RW,28-348,64,34,2,5,18,11,3,34,1,0,0.0,1,100.0,25,102,53,2,0,1,1,0,28,4,https://fbref.com/en/players/9744ff80/Pablo-Sarabia-Pablo Sarabia,
5,Ángel Di María,https://fbref.com/en/players/19cda00b/Angel-Di-Maria,11,11,ar ARG,RW,33-069,26,19,0,0,11,8,2,19,1,1,100.0,0,0.0,16,66,42,1,2,1,0,1,16,4,https://fbref.com/en/players/19cda00b/Angel-Di-Maria-Ángel Di María,
6,Marco Verratti,https://fbref.com/en/players/1467af0d/Marco-Verratti,6,6,it ITA,LM,28-170,90,114,0,12,83,21,2,114,4,4,100.0,0,0.0,73,228,136,2,1,1,1,0,82,5,https://fbref.com/en/players/1467af0d/Marco-Verratti-Marco Verratti,
7,Leandro Paredes,https://fbref.com/en/players/dff153a4/Leandro-Paredes,8,8,ar ARG,CM,26-299,90,93,2,16,74,4,2,93,0,0,,0,,63,216,87,0,0,0,0,0,72,1,https://fbref.com/en/players/dff153a4/Leandro-Paredes-Leandro Paredes,
8,Ander Herrera,https://fbref.com/en/players/436a9dd0/Ander-Herrera,21,21,es ESP,RM,31-253,90,88,2,17,62,9,1,88,1,0,0.0,1,100.0,66,246,133,1,1,0,0,0,73,0,https://fbref.com/en/players/436a9dd0/Ander-Herrera-Ander Herrera,
9,Layvin Kurzawa,https://fbref.com/en/players/41e7ef1c/Layvin-Kurzawa,20,20,fr FRA,LB,28-232,63,57,3,18,31,9,1,57,1,1,100.0,0,0.0,33,129,72,3,2,1,1,0,36,4,https://fbref.com/en/players/41e7ef1c/Layvin-Kurzawa-Layvin Kurzawa,
10,Mitchel Bakker,https://fbref.com/en/players/a8567629/Mitchel-Bakker,25,25,nl NED,LB,20-308,27,34,0,10,19,5,3,34,1,1,100.0,0,0.0,24,70,46,2,1,2,0,0,24,3,https://fbref.com/en/players/a8567629/Mitchel-Bakker-Mitchel Bakker,
11,Presnel Kimpembe,https://fbref.com/en/players/aef6e670/Presnel-Kimpembe,3,3,fr FRA,CB,25-254,90,74,2,29,45,0,0,74,0,0,,0,,52,139,81,0,0,0,1,0,56,0,https://fbref.com/en/players/aef6e670/Presnel-Kimpembe-Presnel Kimpembe,
12,Thilo Kehrer,https://fbref.com/en/players/51dbeea9/Thilo-Kehrer,4,4,de GER,CB,24-215,90,60,2,22,38,0,0,60,0,0,,0,,49,122,53,0,0,0,0,0,49,0,https://fbref.com/en/players/51dbeea9/Thilo-Kehrer-Thilo Kehrer,
13,Alessandro Florenzi,https://fbref.com/en/players/e288d4b3/Alessandro-Florenzi,24,24,it ITA,RB,30-044,90,67,2,14,45,8,2,67,0,0,,0,,54,232,129,1,1,1,0,0,57,3,https://fbref.com/en/players/e288d4b3/Alessandro-Florenzi-Alessandro Florenzi,
14,Keylor Navas,https://fbref.com/en/players/ecada4fc/Keylor-Navas,1,1,cr CRC,GK,34-130,90,25,21,25,1,0,0,25,0,0,,0,,15,51,35,0,0,0,0,0,11,0,https://fbref.com/en/players/ecada4fc/Keylor-Navas-Keylor Navas,
