,Player Name,Player Number,Player,#,Nation,Pos,Age,Min,CrdY,CrdR,2CrdY,Fls,Fld,Off,Crs,Int,TklW,PKwon,PKcon,OG,Recov,Won,Lost,Won%,Player Key,Player Link
0,Kylian Mbappé,https://fbref.com/en/players/42fd9c7f/Kylian-Mbappe,7,7,fr FRA,FW,22-125,86,1,0,0,0,1,0,0,1,0,0,0,0,5,0,0,,https://fbref.com/en/players/42fd9c7f/Kylian-Mbappe-Kylian Mbappé,
1,Julian Draxler,https://fbref.com/en/players/1a992676/Julian-Draxler,23,23,de GER,FW,27-216,4,0,0,0,0,0,0,0,1,0,0,0,0,2,0,0,,https://fbref.com/en/players/1a992676/Julian-Draxler-Julian Draxler,
2,Neymar,https://fbref.com/en/players/69384e5d/Neymar,10,10,br BRA,LW,29-078,80,0,0,0,0,2,0,6,0,1,0,0,0,2,0,0,,https://fbref.com/en/players/69384e5d/Neymar-Neymar,
3,Mauro Icardi,https://fbref.com/en/players/43b78598/Mauro-Icardi,9,9,ar ARG,LW,28-064,10,0,0,0,0,1,0,0,0,0,1,0,0,0,0,0,,https://fbref.com/en/players/43b78598/Mauro-Icardi-Mauro Icardi,
4,Pablo Sarabia,https://fbref.com/en/players/9744ff80/Pablo-Sarabia,19,19,es ESP,RW,28-348,64,0,0,0,1,1,0,1,0,3,0,0,0,2,0,1,0.0,https://fbref.com/en/players/9744ff80/Pablo-Sarabia-Pablo Sarabia,
5,Ángel Di María,https://fbref.com/en/players/19cda00b/Angel-Di-Maria,11,11,ar ARG,RW,33-069,26,0,0,0,0,0,0,3,0,0,0,0,0,1,0,0,,https://fbref.com/en/players/19cda00b/Angel-Di-Maria-Ángel Di María,
6,Marco Verratti,https://fbref.com/en/players/1467af0d/Marco-Verratti,6,6,it ITA,LM,28-170,90,1,0,0,2,3,0,2,4,8,0,0,0,11,0,1,0.0,https://fbref.com/en/players/1467af0d/Marco-Verratti-Marco Verratti,
7,Leandro Paredes,https://fbref.com/en/players/dff153a4/Leandro-Paredes,8,8,ar ARG,CM,26-299,90,0,0,0,1,1,0,0,0,1,0,0,0,8,1,0,100.0,https://fbref.com/en/players/dff153a4/Leandro-Paredes-Leandro Paredes,
8,Ander Herrera,https://fbref.com/en/players/436a9dd0/Ander-Herrera,21,21,es ESP,RM,31-253,90,1,0,0,1,0,0,0,2,1,0,0,0,8,0,0,,https://fbref.com/en/players/436a9dd0/Ander-Herrera-Ander Herrera,
9,Layvin Kurzawa,https://fbref.com/en/players/41e7ef1c/Layvin-Kurzawa,20,20,fr FRA,LB,28-232,63,1,0,0,3,0,0,2,0,0,0,0,0,3,0,1,0.0,https://fbref.com/en/players/41e7ef1c/Layvin-Kurzawa-Layvin Kurzawa,
10,Mitchel Bakker,https://fbref.com/en/players/a8567629/Mitchel-Bakker,25,25,nl NED,LB,20-308,27,0,0,0,1,0,0,0,1,0,0,0,0,4,0,0,,https://fbref.com/en/players/a8567629/Mitchel-Bakker-Mitchel Bakker,
11,Presnel Kimpembe,https://fbref.com/en/players/aef6e670/Presnel-Kimpembe,3,3,fr FRA,CB,25-254,90,0,0,0,0,2,0,0,0,1,0,0,0,8,3,3,50.0,https://fbref.com/en/players/aef6e670/Presnel-Kimpembe-Presnel Kimpembe,
12,Thilo Kehrer,https://fbref.com/en/players/51dbeea9/Thilo-Kehrer,4,4,de GER,CB,24-215,90,0,0,0,3,0,0,0,0,1,0,0,0,7,1,1,50.0,https://fbref.com/en/players/51dbeea9/Thilo-Kehrer-Thilo Kehrer,
13,Alessandro Florenzi,https://fbref.com/en/players/e288d4b3/Alessandro-Florenzi,24,24,it ITA,RB,30-044,90,0,0,0,0,0,0,1,0,1,0,0,0,4,1,0,100.0,https://fbref.com/en/players/e288d4b3/Alessandro-Florenzi-Alessandro Florenzi,
14,Keylor Navas,https://fbref.com/en/players/ecada4fc/Keylor-Navas,1,1,cr CRC,GK,34-130,90,0,0,0,0,0,0,0,0,0,0,0,0,2,0,0,,https://fbref.com/en/players/ecada4fc/Keylor-Navas-Keylor Navas,
