,Minute,Player,Squad,xG,PSxG,Outcome,Distance,Body Part,Notes,SCA 1 Player,SCA 1 Event,SCA 2 Player,SCA 2 Event
0,4,Kylian Mbappé,Paris S-G,0.31,0.73,Goal,17,Right Foot,Volley,Ander Herrera,Pass (Live),Alessandro Florenzi,Pass (Dead)
1,10,Leandro Paredes,Paris S-G,0.10,,Off Target,6,Head,,Neymar,Pass (Dead),,
2,16,Neymar,Paris S-G,0.05,,Off Target,31,Right Foot,Free kick,Neymar,Fouled,Neymar,Take-On
3,16,Neymar,Paris S-G,0.05,,Off Target,13,Left Foot,,Marco Verratti,Pass (Live),Kylian Mbappé,Pass (Live)
4,29,Fabien Centonze,Metz,0.05,0.03,Saved,17,Right Foot,,Pape Matar Sarr,Pass (Live),Thomas Delaine,Pass (Live)
5,31,Ander Herrera,Paris S-G,0.02,,Blocked,32,Right Foot,,Neymar,Pass (Live),Neymar,Take-On
6,41,Aaron Leya Iseka,Metz,0.06,,Blocked,17,Right Foot,,Farid Boulaya,Pass (Dead),Thomas Delaine,Fouled
7,41,Pablo Sarabia,Paris S-G,0.07,0.07,Saved,11,Head,,Layvin Kurzawa,Pass (Live),Neymar,Pass (Live)
8,,,,,,,,,,,,,
9,46,Fabien Centonze,Metz,0.36,0.18,Goal,5,Head,,Farid Boulaya,Pass (Live),Pape Matar Sarr,Pass (Live)
10,50,Pablo Sarabia,Paris S-G,0.28,,Off Target,7,Head,,Marco Verratti,Pass (Live),Neymar,Pass (Live)
11,53,Pape Matar Sarr,Metz,0.05,0.03,Saved,15,Right Foot,Volley,Farid Boulaya,Pass (Live),Thomas Delaine,Pass (Live)
12,53,John Boye,Metz,0.06,,Off Target,11,Head,,Farid Boulaya,Pass (Dead),Pape Matar Sarr,Shot
13,56,Leandro Paredes,Paris S-G,0.30,0.80,Saved,4,Right Foot,"Deflected, Volley",Layvin Kurzawa,Take-On,Leandro Paredes,Pass (Live)
14,59,Kylian Mbappé,Paris S-G,0.03,0.06,Goal,23,Right Foot,Deflected,,,,
15,61,Pape Matar Sarr,Metz,0.03,,Off Target,27,Right Foot,,Fabien Centonze,Fouled,Pape Matar Sarr,Pass (Live)
16,64,Leandro Paredes,Paris S-G,0.03,,Off Target,33,Right Foot,,Marco Verratti,Pass (Live),Marco Verratti,Pass (Live)
17,67,Pape Matar Sarr,Metz,0.03,,Off Target,29,Left Foot,,Habib Maïga,Pass (Live),Habib Maïga,Pass (Live)
18,69,Neymar,Paris S-G,0.04,,Off Target,29,Right Foot,Free kick,Neymar,Fouled,Presnel Kimpembe,Pass (Live)
19,72,Ángel Di María,Paris S-G,0.05,,Off Target,15,Left Foot,Volley,Neymar,Pass (Live),Alessandro Florenzi,Pass (Live)
20,75,Ángel Di María,Paris S-G,0.02,0.05,Saved,34,Left Foot,,Mitchel Bakker,Pass (Live),Marco Verratti,Take-On
21,76,Neymar,Paris S-G,0.06,,Off Target,13,Right Foot,,Kylian Mbappé,Pass (Live),,
22,77,Mitchel Bakker,Paris S-G,0.22,0.32,Saved,15,Left Foot,,Neymar,Pass (Live),,
23,79,Alessandro Florenzi,Paris S-G,0.08,,Off Target,15,Right Foot,,Ángel Di María,Pass (Live),Ángel Di María,Take-On
24,81,Kylian Mbappé,Paris S-G,0.30,,Blocked,12,Right Foot,,Neymar,Pass (Live),Kylian Mbappé,Pass (Live)
25,81,Ander Herrera,Paris S-G,0.11,,Woodwork,11,Right Foot,Volley,Mauro Icardi,Pass (Live),Ángel Di María,Pass (Dead)
26,86,Pape Matar Sarr,Metz,0.03,,Off Target,29,Right Foot,,Ibrahima Niane,Pass (Live),Kévin N'Doram,Pass (Live)
27,89,Mauro Icardi(pen),Paris S-G,0.79,0.90,Goal,13,Right Foot,,Mauro Icardi,Fouled,Mitchel Bakker,Pass (Live)
