,Player Name,Player Number,Player,#,Nation,Pos,Age,Min,Gls,Ast,PK,PKatt,Sh,SoT,CrdY,CrdR,Touches,Tkl,Int,Blocks,xG,npxG,xAG,SCA,GCA,Cmp,Att,Cmp%,PrgP,Carries,PrgC,Att,Succ,Player Key,Player Link
0,Farid Boulaya,https://fbref.com/en/players/a0791826/Farid-Boulaya,10,10,dz ALG,FW,27-362,90,0,1,0,0,3,0,0,0,55,0,0,3,0.1,0.1,0.7,8,2,31,44,70.5,3,32,3,4,3,https://fbref.com/en/players/a0791826/Farid-Boulaya-Farid Boulaya,
1,Vagner Gonçalves,https://fbref.com/en/players/743fd71f/Vagner-Goncalves,27,27,cv CPV,LW,25-042,65,0,0,0,0,1,0,0,0,29,2,0,0,0.0,0.0,0.1,3,0,10,13,76.9,0,22,1,6,1,https://fbref.com/en/players/743fd71f/Vagner-Goncalves-Vagner Gonçalves,
2,Aaron Leya Iseka,https://fbref.com/en/players/29ef0f49/Aaron-Leya-Iseka,24,24,be BEL,LW,23-098,25,0,0,0,0,0,0,0,0,7,0,0,0,0.0,0.0,0.0,0,0,1,5,20.0,0,6,2,2,1,https://fbref.com/en/players/29ef0f49/Aaron-Leya-Iseka-Aaron Leya Iseka,
3,Lamine Gueye,https://fbref.com/en/players/9d5dcc23/Lamine-Gueye,13,13,sn SEN,RW,22-345,66,1,0,0,0,1,1,0,0,32,0,0,1,0.4,0.4,0.0,0,0,17,24,70.8,0,27,2,0,0,https://fbref.com/en/players/9d5dcc23/Lamine-Gueye-Lamine Gueye,
4,Papa Ndiaga Yade,https://fbref.com/en/players/87e9c7cd/Papa-Ndiaga-Yade,26,26,mr MTN,RW,21-047,24,0,0,0,0,1,0,0,0,15,0,0,0,0.0,0.0,0.0,1,0,4,7,57.1,0,9,2,3,1,https://fbref.com/en/players/87e9c7cd/Papa-Ndiaga-Yade-Papa Ndiaga Yade,
5,Matthieu Udol,https://fbref.com/en/players/cc41f558/Matthieu-Udol,3,3,fr FRA,LM,24-338,90,0,1,0,0,2,1,0,0,42,5,2,1,0.1,0.1,0.4,2,1,19,27,70.4,1,20,2,1,1,https://fbref.com/en/players/cc41f558/Matthieu-Udol-Matthieu Udol,
6,Habib Maïga,https://fbref.com/en/players/e768de1f/Habib-Maiga,19,19,ci CIV,CM,25-051,90,0,0,0,0,0,0,0,0,54,6,3,2,0.0,0.0,0.0,4,0,34,41,82.9,7,30,0,2,2,https://fbref.com/en/players/e768de1f/Habib-Maiga-Habib Maïga,
7,Pape Matar Sarr,https://fbref.com/en/players/feb5d972/Pape-Matar-Sarr,15,15,sn SEN,CM,18-160,90,0,0,0,0,0,0,0,0,57,7,7,3,0.0,0.0,0.0,0,0,30,36,83.3,2,33,0,1,0,https://fbref.com/en/players/feb5d972/Pape-Matar-Sarr-Pape Matar Sarr,
8,Fabien Centonze,https://fbref.com/en/players/3c6bbbab/Fabien-Centonze,18,18,fr FRA,RM,25-036,90,0,0,0,0,0,0,0,0,59,5,1,2,0.0,0.0,0.0,0,0,32,43,74.4,3,28,0,2,0,https://fbref.com/en/players/3c6bbbab/Fabien-Centonze-Fabien Centonze,
9,John Boye,https://fbref.com/en/players/861227d2/John-Boye,21,21,gh GHA,CB,33-304,90,0,0,0,0,0,0,0,0,30,1,1,1,0.0,0.0,0.0,0,0,20,23,87.0,2,14,0,0,0,https://fbref.com/en/players/861227d2/John-Boye-John Boye,
10,Boubakar Kouyaté,https://fbref.com/en/players/562a4799/Boubakar-Kouyate,23,23,ml MLI,CB,23-312,90,1,0,0,0,3,2,1,0,39,1,3,1,0.7,0.7,0.0,1,0,16,20,80.0,0,16,0,0,0,https://fbref.com/en/players/562a4799/Boubakar-Kouyate-Boubakar Kouyaté,
11,Dylan Bronn,https://fbref.com/en/players/edd81e2a/Dylan-Bronn,2,2,tn TUN,CB,25-247,90,0,0,0,0,0,0,0,0,35,1,2,1,0.0,0.0,0.0,0,0,26,30,86.7,1,20,0,1,1,https://fbref.com/en/players/edd81e2a/Dylan-Bronn-Dylan Bronn,
12,Alexandre Oukidja,https://fbref.com/en/players/ae7d0ecd/Alexandre-Oukidja,16,16,dz ALG,GK,32-217,90,0,0,0,0,0,0,0,0,34,0,0,0,0.0,0.0,0.0,0,0,16,32,50.0,0,15,0,0,0,https://fbref.com/en/players/ae7d0ecd/Alexandre-Oukidja-Alexandre Oukidja,
