,Player Name,Player Number,Player,#,Nation,Pos,Age,Min,Att,Live,Dead,FK,TB,Sw,Crs,TI,CK,In,Out,Str,Cmp,Off,Blocks,Player Key,Player Link
0,Farid Boulaya,https://fbref.com/en/players/a0791826/Farid-Boulaya,10,10,dz ALG,FW,27-362,90,44,34,9,3,1,0,4,1,3,0,2,0,31,1,0,https://fbref.com/en/players/a0791826/Farid-Boulaya-Farid Boulaya,
1,Vagner Gonçalves,https://fbref.com/en/players/743fd71f/Vagner-Goncalves,27,27,cv CPV,LW,25-042,65,13,13,0,0,0,0,0,0,0,0,0,0,10,0,1,https://fbref.com/en/players/743fd71f/Vagner-Goncalves-Vagner Gonçalves,
2,Aaron Leya Iseka,https://fbref.com/en/players/29ef0f49/Aaron-Leya-Iseka,24,24,be BEL,LW,23-098,25,5,5,0,0,0,0,0,0,0,0,0,0,1,0,0,https://fbref.com/en/players/29ef0f49/Aaron-Leya-Iseka-Aaron Leya Iseka,
3,Lamine Gueye,https://fbref.com/en/players/9d5dcc23/Lamine-Gueye,13,13,sn SEN,RW,22-345,66,24,23,1,0,0,0,2,1,0,0,0,0,17,0,1,https://fbref.com/en/players/9d5dcc23/Lamine-Gueye-Lamine Gueye,
4,Papa Ndiaga Yade,https://fbref.com/en/players/87e9c7cd/Papa-Ndiaga-Yade,26,26,mr MTN,RW,21-047,24,7,7,0,0,0,0,0,0,0,0,0,0,4,0,0,https://fbref.com/en/players/87e9c7cd/Papa-Ndiaga-Yade-Papa Ndiaga Yade,
5,Matthieu Udol,https://fbref.com/en/players/cc41f558/Matthieu-Udol,3,3,fr FRA,LM,24-338,90,27,20,7,0,0,0,1,7,0,0,0,0,19,0,1,https://fbref.com/en/players/cc41f558/Matthieu-Udol-Matthieu Udol,
6,Habib Maïga,https://fbref.com/en/players/e768de1f/Habib-Maiga,19,19,ci CIV,CM,25-051,90,41,41,0,0,0,2,0,0,0,0,0,0,34,0,0,https://fbref.com/en/players/e768de1f/Habib-Maiga-Habib Maïga,
7,Pape Matar Sarr,https://fbref.com/en/players/feb5d972/Pape-Matar-Sarr,15,15,sn SEN,CM,18-160,90,36,35,1,1,0,0,0,0,0,0,0,0,30,0,0,https://fbref.com/en/players/feb5d972/Pape-Matar-Sarr-Pape Matar Sarr,
8,Fabien Centonze,https://fbref.com/en/players/3c6bbbab/Fabien-Centonze,18,18,fr FRA,RM,25-036,90,43,33,10,0,0,0,0,10,0,0,0,0,32,0,2,https://fbref.com/en/players/3c6bbbab/Fabien-Centonze-Fabien Centonze,
9,John Boye,https://fbref.com/en/players/861227d2/John-Boye,21,21,gh GHA,CB,33-304,90,23,22,1,1,0,0,0,0,0,0,0,0,20,0,0,https://fbref.com/en/players/861227d2/John-Boye-John Boye,
10,Boubakar Kouyaté,https://fbref.com/en/players/562a4799/Boubakar-Kouyate,23,23,ml MLI,CB,23-312,90,20,18,2,2,0,0,0,0,0,0,0,0,16,0,1,https://fbref.com/en/players/562a4799/Boubakar-Kouyate-Boubakar Kouyaté,
11,Dylan Bronn,https://fbref.com/en/players/edd81e2a/Dylan-Bronn,2,2,tn TUN,CB,25-247,90,30,26,4,4,0,0,0,0,0,0,0,0,26,0,0,https://fbref.com/en/players/edd81e2a/Dylan-Bronn-Dylan Bronn,
12,Alexandre Oukidja,https://fbref.com/en/players/ae7d0ecd/Alexandre-Oukidja,16,16,dz ALG,GK,32-217,90,32,19,13,4,0,0,0,0,0,0,0,0,16,0,0,https://fbref.com/en/players/ae7d0ecd/Alexandre-Oukidja-Alexandre Oukidja,
