,Player Name,Player Number,Player,#,Nation,Pos,Age,Min,Touches,Def Pen,Def 3rd,Mid 3rd,Att 3rd,Att Pen,Live,Att,Succ,Succ%,Tkld,Tkld%,Carries,TotDist,PrgDist,PrgC,1/3,CPA,Mis,Dis,Rec,PrgR,Player Key,Player Link
0,Farid Boulaya,https://fbref.com/en/players/a0791826/Farid-Boulaya,10,10,dz ALG,FW,27-362,90,55,0,8,31,16,1,55,4,3,75.0,1,25.0,32,190,74,3,2,0,4,1,35,2,https://fbref.com/en/players/a0791826/Farid-Boulaya-Farid Boulaya,
1,Vagner Gonçalves,https://fbref.com/en/players/743fd71f/Vagner-Goncalves,27,27,cv CPV,LW,25-042,65,29,0,2,13,15,3,29,6,1,16.7,5,83.3,22,123,32,1,2,1,4,4,21,7,https://fbref.com/en/players/743fd71f/Vagner-Goncalves-Vagner Gonçalves,
2,Aaron Leya Iseka,https://fbref.com/en/players/29ef0f49/Aaron-Leya-Iseka,24,24,be BEL,LW,23-098,25,7,0,0,4,3,1,7,2,1,50.0,1,50.0,6,56,37,2,0,1,0,1,7,2,https://fbref.com/en/players/29ef0f49/Aaron-Leya-Iseka-Aaron Leya Iseka,
3,Lamine Gueye,https://fbref.com/en/players/9d5dcc23/Lamine-Gueye,13,13,sn SEN,RW,22-345,66,32,0,3,21,10,1,32,0,0,,0,,27,127,46,2,3,0,4,2,27,3,https://fbref.com/en/players/9d5dcc23/Lamine-Gueye-Lamine Gueye,
4,Papa Ndiaga Yade,https://fbref.com/en/players/87e9c7cd/Papa-Ndiaga-Yade,26,26,mr MTN,RW,21-047,24,15,0,3,6,6,0,15,3,1,33.3,2,66.7,9,67,25,2,2,0,0,1,11,2,https://fbref.com/en/players/87e9c7cd/Papa-Ndiaga-Yade-Papa Ndiaga Yade,
5,Matthieu Udol,https://fbref.com/en/players/cc41f558/Matthieu-Udol,3,3,fr FRA,LM,24-338,90,42,2,22,9,12,2,42,1,1,100.0,0,0.0,20,99,61,2,0,0,1,0,15,2,https://fbref.com/en/players/cc41f558/Matthieu-Udol-Matthieu Udol,
6,Habib Maïga,https://fbref.com/en/players/e768de1f/Habib-Maiga,19,19,ci CIV,CM,25-051,90,54,2,13,36,5,0,54,2,2,100.0,0,0.0,30,130,52,0,1,0,2,1,30,1,https://fbref.com/en/players/e768de1f/Habib-Maiga-Habib Maïga,
7,Pape Matar Sarr,https://fbref.com/en/players/feb5d972/Pape-Matar-Sarr,15,15,sn SEN,CM,18-160,90,57,5,21,34,2,0,57,1,0,0.0,1,100.0,33,321,41,0,1,0,0,0,26,0,https://fbref.com/en/players/feb5d972/Pape-Matar-Sarr-Pape Matar Sarr,
8,Fabien Centonze,https://fbref.com/en/players/3c6bbbab/Fabien-Centonze,18,18,fr FRA,RM,25-036,90,59,6,22,29,9,0,59,2,0,0.0,2,100.0,28,95,32,0,1,0,2,6,27,0,https://fbref.com/en/players/3c6bbbab/Fabien-Centonze-Fabien Centonze,
9,John Boye,https://fbref.com/en/players/861227d2/John-Boye,21,21,gh GHA,CB,33-304,90,30,4,18,12,0,0,30,0,0,,0,,14,24,4,0,0,0,0,1,15,0,https://fbref.com/en/players/861227d2/John-Boye-John Boye,
10,Boubakar Kouyaté,https://fbref.com/en/players/562a4799/Boubakar-Kouyate,23,23,ml MLI,CB,23-312,90,39,10,24,12,3,3,39,0,0,,0,,16,53,27,0,0,0,0,0,13,0,https://fbref.com/en/players/562a4799/Boubakar-Kouyate-Boubakar Kouyaté,
11,Dylan Bronn,https://fbref.com/en/players/edd81e2a/Dylan-Bronn,2,2,tn TUN,CB,25-247,90,35,5,18,15,2,0,35,1,1,100.0,0,0.0,20,44,20,0,1,0,0,0,21,0,https://fbref.com/en/players/edd81e2a/Dylan-Bronn-Dylan Bronn,
12,Alexandre Oukidja,https://fbref.com/en/players/ae7d0ecd/Alexandre-Oukidja,16,16,dz ALG,GK,32-217,90,34,30,34,0,0,0,34,0,0,,0,,15,153,113,0,0,0,0,0,8,0,https://fbref.com/en/players/ae7d0ecd/Alexandre-Oukidja-Alexandre Oukidja,
