,Player Name,Player Number,Player,#,Nation,Pos,Age,Min,Touches,Def Pen,Def 3rd,Mid 3rd,Att 3rd,Att Pen,Live,Att,Succ,Succ%,Tkld,Tkld%,Carries,TotDist,PrgDist,PrgC,1/3,CPA,Mis,Dis,Rec,PrgR,Player Key,Player Link
0,Myziane Maolida,https://fbref.com/en/players/706a60e1/Myziane-Maolida,7,7,km COM,FW,22-007,90,26,0,1,15,10,0,26,2,1,50.0,1,50.0,17,60,13,1,0,0,2,0,20,5,https://fbref.com/en/players/706a60e1/Myziane-Maolida-Myziane Maolida,
1,Amine Gouiri,https://fbref.com/en/players/aad56ca3/Amine-Gouiri,11,11,dz ALG,LW,21-005,90,60,1,5,33,23,3,59,6,4,66.7,2,33.3,49,301,134,5,0,1,1,8,52,14,https://fbref.com/en/players/aad56ca3/Amine-Gouiri-Amine Gouiri,
2,Dan Ndoye,https://fbref.com/en/players/8e697a8f/Dan-Ndoye,14,14,ch SUI,RW,20-119,61,42,1,4,22,16,1,42,1,0,0.0,1,100.0,27,108,28,0,0,0,3,2,27,7,https://fbref.com/en/players/8e697a8f/Dan-Ndoye-Dan Ndoye,
3,Malik Sellouki,https://fbref.com/en/players/c0f706f3/Malik-Sellouki,33,33,fr FRA,RW,20-337,29,25,0,2,12,11,1,25,2,0,0.0,2,100.0,18,63,27,0,0,0,3,0,18,5,https://fbref.com/en/players/c0f706f3/Malik-Sellouki-Malik Sellouki,
4,Pierre Lees-Melou,https://fbref.com/en/players/f5044e54/Pierre-Lees-Melou,8,8,fr FRA,LM,27-272,66,44,1,7,24,14,0,44,1,0,0.0,1,100.0,22,103,54,2,1,0,1,0,32,1,https://fbref.com/en/players/f5044e54/Pierre-Lees-Melou-Pierre Lees-Melou,
5,Morgan Schneiderlin,https://fbref.com/en/players/51b41c5c/Morgan-Schneiderlin,6,6,fr FRA,LM,31-105,24,32,0,3,24,5,1,32,1,0,0.0,1,100.0,22,85,38,0,0,0,0,0,22,2,https://fbref.com/en/players/51b41c5c/Morgan-Schneiderlin-Morgan Schneiderlin,
6,Hicham Boudaoui,https://fbref.com/en/players/f9d5908e/Hicham-Boudaoui,28,28,dz ALG,CM,21-151,90,80,1,11,58,11,2,80,2,2,100.0,0,0.0,58,378,169,3,1,0,1,2,62,4,https://fbref.com/en/players/f9d5908e/Hicham-Boudaoui-Hicham Boudaoui,
7,Alexis Claude-Maurice,https://fbref.com/en/players/741418c3/Alexis-Claude-Maurice,10,10,fr FRA,RM,22-260,90,65,0,1,37,28,1,65,4,3,75.0,1,25.0,46,283,111,2,2,2,4,4,48,3,https://fbref.com/en/players/741418c3/Alexis-Claude-Maurice-Alexis Claude-Maurice,
8,Hassane Kamara,https://fbref.com/en/players/19a12bed/Hassane-Kamara,13,13,ci CIV,LB,26-353,61,48,0,10,25,14,1,48,1,1,100.0,0,0.0,28,124,55,3,1,1,1,1,30,4,https://fbref.com/en/players/19a12bed/Hassane-Kamara-Hassane Kamara,
9,Stanley N'Soki,https://fbref.com/en/players/61590953/Stanley-NSoki,2,2,fr FRA,LB,21-318,29,35,0,1,24,10,0,35,0,0,,0,,23,130,61,2,3,0,1,0,22,4,https://fbref.com/en/players/61590953/Stanley-NSoki-Stanley N'Soki,
10,William Saliba,https://fbref.com/en/players/972aeb2a/William-Saliba,18,18,fr FRA,CB,19-334,90,81,9,36,44,2,2,81,1,1,100.0,0,0.0,61,483,293,4,0,0,1,0,54,0,https://fbref.com/en/players/972aeb2a/William-Saliba-William Saliba,
11,Jean-Clair Todibo,https://fbref.com/en/players/88f130ed/Jean-Clair-Todibo,25,25,fr FRA,CB,21-053,90,97,5,31,63,3,1,97,1,1,100.0,0,0.0,75,563,381,4,1,0,0,1,70,0,https://fbref.com/en/players/88f130ed/Jean-Clair-Todibo-Jean-Clair Todibo,
12,Andy Pelmard,https://fbref.com/en/players/f18d7ab2/Andy-Pelmard,24,24,fr FRA,RB,20-346,90,83,1,21,54,8,1,83,0,0,,0,,54,304,203,2,1,0,1,1,51,1,https://fbref.com/en/players/f18d7ab2/Andy-Pelmard-Andy Pelmard,
13,Walter Benítez,https://fbref.com/en/players/8a2248b4/Walter-Benitez,40,40,ar ARG,GK,28-033,90,28,21,28,0,0,0,28,0,0,,0,,17,71,47,0,0,0,0,0,12,0,https://fbref.com/en/players/8a2248b4/Walter-Benitez-Walter Benítez,
