,Player Name,Player Number,Player,#,Nation,Pos,Age,Min,Gls,Ast,PK,PKatt,Sh,SoT,CrdY,CrdR,Touches,Tkl,Int,Blocks,xG,npxG,xAG,SCA,GCA,Cmp,Att,Cmp%,PrgP,Carries,PrgC,Att,Succ,Player Key,Player Link
0,Myziane Maolida,https://fbref.com/en/players/706a60e1/Myziane-Maolida,7,7,km COM,FW,22-007,90,0,0,0,0,0,0,0,0,26,2,0,0,0.0,0.0,0.0,4,0,19,21,90.5,1,17,1,2,1,https://fbref.com/en/players/706a60e1/Myziane-Maolida-Myziane Maolida,
1,Amine Gouiri,https://fbref.com/en/players/aad56ca3/Amine-Gouiri,11,11,dz ALG,LW,21-005,90,1,0,1,1,1,1,0,0,60,2,0,2,0.8,0.0,0.0,4,1,34,50,68.0,3,49,5,6,4,https://fbref.com/en/players/aad56ca3/Amine-Gouiri-Amine Gouiri,
2,Dan Ndoye,https://fbref.com/en/players/8e697a8f/Dan-Ndoye,14,14,ch SUI,RW,20-119,61,0,0,0,0,0,0,0,0,42,0,2,1,0.0,0.0,0.0,0,0,22,31,71.0,0,27,0,1,0,https://fbref.com/en/players/8e697a8f/Dan-Ndoye-Dan Ndoye,
3,Malik Sellouki,https://fbref.com/en/players/c0f706f3/Malik-Sellouki,33,33,fr FRA,RW,20-337,29,0,0,0,0,2,0,1,0,25,0,0,1,0.1,0.1,0.0,2,0,12,16,75.0,2,18,0,2,0,https://fbref.com/en/players/c0f706f3/Malik-Sellouki-Malik Sellouki,
4,Pierre Lees-Melou,https://fbref.com/en/players/f5044e54/Pierre-Lees-Melou,8,8,fr FRA,LM,27-272,66,0,0,0,0,1,1,0,0,44,1,1,1,0.0,0.0,0.0,1,0,30,38,78.9,2,22,2,1,0,https://fbref.com/en/players/f5044e54/Pierre-Lees-Melou-Pierre Lees-Melou,
5,Morgan Schneiderlin,https://fbref.com/en/players/51b41c5c/Morgan-Schneiderlin,6,6,fr FRA,LM,31-105,24,0,0,0,0,1,0,0,0,32,2,0,0,0.0,0.0,0.0,1,0,26,28,92.9,6,22,0,1,0,https://fbref.com/en/players/51b41c5c/Morgan-Schneiderlin-Morgan Schneiderlin,
6,Hicham Boudaoui,https://fbref.com/en/players/f9d5908e/Hicham-Boudaoui,28,28,dz ALG,CM,21-151,90,0,0,0,0,1,0,0,0,80,4,3,2,0.1,0.1,0.0,1,0,57,66,86.4,4,58,3,2,2,https://fbref.com/en/players/f9d5908e/Hicham-Boudaoui-Hicham Boudaoui,
7,Alexis Claude-Maurice,https://fbref.com/en/players/741418c3/Alexis-Claude-Maurice,10,10,fr FRA,RM,22-260,90,0,0,0,0,2,0,0,0,65,1,1,0,0.1,0.1,0.2,5,1,38,50,76.0,5,46,2,4,3,https://fbref.com/en/players/741418c3/Alexis-Claude-Maurice-Alexis Claude-Maurice,
8,Hassane Kamara,https://fbref.com/en/players/19a12bed/Hassane-Kamara,13,13,ci CIV,LB,26-353,61,0,0,0,0,1,0,0,0,48,6,0,0,0.0,0.0,0.0,0,0,31,40,77.5,3,28,3,1,1,https://fbref.com/en/players/19a12bed/Hassane-Kamara-Hassane Kamara,
9,Stanley N'Soki,https://fbref.com/en/players/61590953/Stanley-NSoki,2,2,fr FRA,LB,21-318,29,0,0,0,0,0,0,0,0,35,2,0,0,0.0,0.0,0.1,1,0,22,30,73.3,1,23,2,0,0,https://fbref.com/en/players/61590953/Stanley-NSoki-Stanley N'Soki,
10,William Saliba,https://fbref.com/en/players/972aeb2a/William-Saliba,18,18,fr FRA,CB,19-334,90,0,0,0,0,1,0,0,0,81,0,1,0,0.1,0.1,0.0,0,0,64,74,86.5,10,61,4,1,1,https://fbref.com/en/players/972aeb2a/William-Saliba-William Saliba,
11,Jean-Clair Todibo,https://fbref.com/en/players/88f130ed/Jean-Clair-Todibo,25,25,fr FRA,CB,21-053,90,0,0,0,0,0,0,0,0,97,4,1,0,0.0,0.0,0.0,2,0,78,91,85.7,9,75,4,1,1,https://fbref.com/en/players/88f130ed/Jean-Clair-Todibo-Jean-Clair Todibo,
12,Andy Pelmard,https://fbref.com/en/players/f18d7ab2/Andy-Pelmard,24,24,fr FRA,RB,20-346,90,0,0,0,0,1,0,0,0,83,5,3,0,0.0,0.0,0.0,1,0,67,72,93.1,4,54,2,0,0,https://fbref.com/en/players/f18d7ab2/Andy-Pelmard-Andy Pelmard,
13,Walter Benítez,https://fbref.com/en/players/8a2248b4/Walter-Benitez,40,40,ar ARG,GK,28-033,90,0,0,0,0,0,0,0,0,28,0,0,0,0.0,0.0,0.0,0,0,24,27,88.9,0,17,0,0,0,https://fbref.com/en/players/8a2248b4/Walter-Benitez-Walter Benítez,
