,Minute,Player,Squad,xG,PSxG,Outcome,Distance,Body Part,Notes,SCA 1 Player,SCA 1 Event,SCA 2 Player,SCA 2 Event
0,6,Farid Boulaya,Metz,0.03,,Off Target,28,Right Foot,,Vagner Gonçalves,Pass (Live),Habib Maïga,Pass (Live)
1,11,Boubakar Kouyaté,Metz,0.15,,Off Target,10,Right Foot,Volley,Farid Boulaya,Pass (Dead),Habib Maïga,Fouled
2,12,Vagner Gonçalves,Metz,0.04,,Off Target,15,Right Foot,,Boubakar Kouyaté,Shot,,
3,15,Matthieu Udol,Metz,0.02,,Blocked,27,Left Foot,,Vagner Gonçalves,Pass (Live),Farid Boulaya,Pass (Dead)
4,15,Farid Boulaya,Metz,0.05,,Off Target,13,Right Foot,,Matthieu Udol,Shot,,
5,15,Boubakar Kouyaté,Metz,0.45,0.43,Goal,4,Left Foot,,Farid Boulaya,Shot,,
6,17,Matthieu Udol,Metz,0.06,0.13,Saved,17,Left Foot,,Vagner Gonçalves,Pass (Live),Farid Boulaya,Pass (Live)
7,25,Pierre Lees-Melou,Nice,0.02,0.03,Saved,29,Right Foot,,Amine Gouiri,Pass (Live),Hicham Boudaoui,Pass (Live)
8,38,Lamine Gueye,Metz,0.35,0.87,Goal,4,Head,,Matthieu Udol,Pass (Live),Farid Boulaya,Pass (Live)
9,,,,,,,,,,,,,
10,48,Hassane Kamara,Nice,0.03,,Blocked,20,Left Foot,,Pierre Lees-Melou,Pass (Live),,
11,51,Amine Gouiri,Nice,0.05,0.13,Saved,31,Right Foot,Free kick,Alexis Claude-Maurice,Fouled,Myziane Maolida,Pass (Live)
12,55,Boubakar Kouyaté,Metz,0.06,0.15,Saved,13,Head,,Farid Boulaya,Pass (Dead),Habib Maïga,Fouled
13,61,Amine Gouiri(pen),Nice,0.79,0.91,Goal,13,Right Foot,,Amine Gouiri,Fouled,Alexis Claude-Maurice,Pass (Live)
14,64,Malik Sellouki,Nice,0.07,,Off Target,11,Left Foot,Volley,Alexis Claude-Maurice,Pass (Dead),Alexis Claude-Maurice,Pass (Live)
15,66,William Saliba,Nice,0.06,,Off Target,13,Head,,Alexis Claude-Maurice,Pass (Dead),Myziane Maolida,Fouled
16,74,Malik Sellouki,Nice,0.04,,Blocked,22,Left Foot,,Myziane Maolida,Pass (Live),Malik Sellouki,Pass (Live)
17,74,Andy Pelmard,Nice,0.04,,Off Target,20,Right Foot,,Malik Sellouki,Shot,,
18,77,Hicham Boudaoui,Nice,0.05,,Blocked,12,Head,,Stanley N'Soki,Pass (Live),Jean-Clair Todibo,Pass (Live)
19,81,Morgan Schneiderlin,Nice,0.04,,Off Target,15,Head,,Jean-Clair Todibo,Pass (Live),Andy Pelmard,Pass (Live)
20,85,Papa Ndiaga Yade,Metz,0.02,,Off Target,41,Left Foot,,Farid Boulaya,Pass (Live),Habib Maïga,Pass (Live)
21,86,Alexis Claude-Maurice,Nice,0.03,,Blocked,29,Right Foot,,Myziane Maolida,Pass (Live),Amine Gouiri,Pass (Live)
22,88,Alexis Claude-Maurice,Nice,0.03,,Blocked,32,Right Foot,,Morgan Schneiderlin,Pass (Live),Amine Gouiri,Pass (Live)
23,89,Farid Boulaya,Metz,0.06,,Off Target,24,Right Foot,Free kick,Papa Ndiaga Yade,Fouled,Farid Boulaya,Pass (Live)
