season,injury,from,until,days,missed_games
23/24,Ill,"Jan 19, 2024","Jan 22, 2024",3 days,1
23/24,unknown injury,"Sep 27, 2023","Oct 25, 2023",28 days,3
23/24,unknown injury,"Aug 1, 2023","Aug 16, 2023",15 days,2
22/23,unknown injury,"Apr 12, 2023","Apr 19, 2023",7 days,1
21/22,Knee injury,"Apr 28, 2022","Feb 19, 2023",297 days,31
21/22,Corona virus,"Dec 16, 2021","Dec 20, 2021",4 days,1
20/21,Leg injury,"May 6, 2021","May 18, 2021",12 days,3
20/21,concussion,"Apr 4, 2021","Apr 23, 2021",19 days,3
19/20,Knock,"Dec 16, 2019","Feb 1, 2020",47 days,5
16/17,Ill,"May 1, 2017","May 11, 2017",10 days,1
16/17,Leg injury,"Sep 26, 2016","Oct 13, 2016",17 days,4
15/16,Muscle tear,"May 21, 2016","May 31, 2016",10 days,2
