season,injury,from,until,days,missed_games
23/24,Ill,"Sep 20, 2023","Oct 4, 2023",14 days,2
22/23,unknown injury,"Jan 16, 2023","Jan 23, 2023",7 days,1
22/23,unknown injury,"Oct 3, 2022","Oct 12, 2022",9 days,1
21/22,Ankle injury,"Apr 14, 2022","May 4, 2022",20 days,4
21/22,Ill,"Apr 1, 2022","Apr 6, 2022",5 days,1
21/22,Rest,"Dec 8, 2021","Dec 10, 2021",2 days,1
20/21,Knock,"Nov 28, 2020","Nov 30, 2020",2 days,1
19/20,Ankle injury,"Jul 24, 2019","Sep 9, 2019",47 days,8
14/15,Thigh problems,"Dec 15, 2014","Jan 3, 2015",19 days,2
12/13,Calf injury,"Feb 28, 2013","Mar 7, 2013",7 days,1
