season,injury,from,until,days,missed_games
21/22,unknown injury,"Apr 20, 2022","May 13, 2022",23 days,4
21/22,unknown injury,"Mar 10, 2022","Mar 15, 2022",5 days,1
21/22,unknown injury,"Dec 13, 2021","Dec 20, 2021",7 days,2
19/20,minor knock,"Nov 25, 2019","Dec 3, 2019",8 days,1
16/17,Knee injury,"Aug 1, 2016","Sep 24, 2016",54 days,7
14/15,Ankle injury,"Jan 9, 2015","Mar 6, 2015",56 days,8
14/15,Achilles tendon problems,"Dec 19, 2014","Jan 1, 2015",13 days,1
13/14,Ill,"Feb 23, 2014","Feb 28, 2014",5 days,1
11/12,Broken nose bone,"Oct 17, 2011","Oct 31, 2011",14 days,2
