season,injury,from,until,days,missed_games
23/24,Muscle injury,"Mar 29, 2024","May 11, 2024",43 days,6
23/24,Head injury,"Dec 17, 2023","Feb 7, 2024",52 days,5
23/24,unknown injury,"Sep 10, 2023","Sep 20, 2023",10 days,1
22/23,Groin injury,"Apr 19, 2023","Apr 30, 2023",11 days,1
22/23,unknown injury,"Mar 29, 2023","Apr 12, 2023",14 days,2
22/23,unknown injury,"Mar 6, 2023","Mar 15, 2023",9 days,1
22/23,Knee injury,"Sep 5, 2022","Sep 25, 2022",20 days,2
22/23,Knee injury,"Aug 29, 2022","Sep 2, 2022",4 days,1
21/22,Head injury,"May 18, 2022","May 23, 2022",5 days,2
21/22,Ill,"Mar 17, 2022","Mar 25, 2022",8 days,1
21/22,Knock,"Jan 20, 2022","Jan 28, 2022",8 days,2
21/22,Knock,"Dec 17, 2021","Jan 13, 2022",27 days,1
21/22,Thigh problems,"Jul 3, 2021","Jul 27, 2021",24 days,1
20/21,Knock,"Aug 29, 2020","Oct 9, 2020",41 days,5
