season,injury,from,until,days,missed_games
23/24,Achilles tendon problems,"Apr 28, 2024","May 18, 2024",20 days,3
23/24,Ill,"Apr 13, 2024","Apr 16, 2024",3 days,1
23/24,Rib fracture,"Nov 13, 2023","Jan 14, 2024",62 days,6
23/24,unknown injury,"Sep 10, 2023","Oct 15, 2023",35 days,4
22/23,Ill,"Mar 16, 2023","Mar 20, 2023",4 days,1
22/23,Knee injury,"Aug 6, 2022","Sep 25, 2022",50 days,7
21/22,concussion,"Oct 31, 2021","Nov 24, 2021",24 days,3
15/16,Leg injury,"Apr 9, 2016","Apr 13, 2016",4 days,1
13/14,Knee injury,"Dec 13, 2013","Dec 23, 2013",10 days,3
