season,injury,from,until,days,missed_games
23/24,unknown injury,"Sep 10, 2023","Sep 20, 2023",10 days,1
23/24,unknown injury,"Sep 10, 2023","Sep 20, 2023",10 days,1
22/23,Broken toe,"Feb 8, 2023","Mar 15, 2023",35 days,6
22/23,Knee injury,"Oct 12, 2022","Dec 31, 2022",80 days,6
22/23,unknown injury,"Sep 8, 2022","Oct 5, 2022",27 days,3
21/22,Torn lateral ankle ligament,"Nov 1, 2021","Dec 26, 2021",55 days,7
20/21,Knock,"Jan 8, 2021","Feb 19, 2021",42 days,11
20/21,Corona virus,"Oct 28, 2020","Nov 12, 2020",15 days,4
17/18,Ankle injury,"Mar 13, 2018","Jun 30, 2018",109 days,7
17/18,Ankle injury,"Dec 1, 2017","Mar 8, 2018",97 days,14
16/17,Ankle injury,"Feb 27, 2017","Mar 6, 2017",7 days,1
16/17,muscular problems,"Oct 31, 2016","Nov 3, 2016",3 days,1
