season,injury,from,until,days,missed_games
23/24,Knee problems,"May 13, 2024","May 23, 2024",10 days,2
23/24,unknown injury,"Aug 1, 2023","Aug 16, 2023",15 days,2
22/23,unknown injury,"Jan 19, 2023","Jan 23, 2023",4 days,1
21/22,Cruciate ligament tear,"Jul 29, 2021","Jun 28, 2022",334 days,48
20/21,Groin injury,"Jan 19, 2021","Jan 27, 2021",8 days,2
16/17,Ankle injury,"Nov 3, 2016","Dec 10, 2016",37 days,5
16/17,Groin injury,"Sep 9, 2016","Oct 13, 2016",34 days,6
15/16,Groin injury,"Jan 14, 2016","Jun 30, 2016",168 days,30
15/16,Groin injury,"Nov 8, 2015","Nov 19, 2015",11 days,2
