season,injury,from,until,days,missed_games
23/24,Knee injury,"Feb 19, 2024","Apr 27, 2024",68 days,8
23/24,unknown injury,"Aug 13, 2023","Oct 3, 2023",51 days,6
22/23,unknown injury,"Apr 12, 2023","Apr 19, 2023",7 days,1
22/23,Shoulder injury,"Feb 25, 2023","Mar 9, 2023",12 days,2
21/22,unknown injury,"May 2, 2022","Jun 23, 2022",52 days,8
21/22,Knock,"Apr 5, 2022","Apr 14, 2022",9 days,2
21/22,Ill,"Oct 14, 2021","Oct 20, 2021",6 days,2
21/22,Groin injury,"Jul 30, 2021","Aug 16, 2021",17 days,5
20/21,Adductor pain,"Mar 13, 2021","Mar 15, 2021",2 days,1
20/21,Torn ankle ligaments,"Sep 12, 2020","Oct 25, 2020",43 days,7
19/20,Muscle injury,"Jul 5, 2019","Oct 1, 2019",88 days,11
18/19,Achilles tendon problems,"Feb 4, 2019","Mar 8, 2019",32 days,3
