season,injury,from,until,days,missed_games
23/24,Ill,"Jan 3, 2024","Jan 17, 2024",14 days,1
23/24,unknown injury,"Dec 14, 2023","Dec 18, 2023",4 days,1
23/24,Ill,"Nov 24, 2023","Nov 28, 2023",4 days,1
22/23,Ill,"Apr 5, 2023","Apr 10, 2023",5 days,1
21/22,Knee injury,"Apr 8, 2022","Jun 30, 2022",83 days,12
21/22,unknown injury,"Dec 10, 2021","Mar 5, 2022",85 days,14
21/22,Ill,"Oct 29, 2021","Nov 2, 2021",4 days,1
21/22,Ill,"Sep 13, 2021","Sep 20, 2021",7 days,2
21/22,Back injury,"Jul 28, 2021","Aug 13, 2021",16 days,1
20/21,Knock,"Apr 3, 2021","Apr 17, 2021",14 days,4
20/21,Ankle injury,"Feb 25, 2021","Mar 6, 2021",9 days,3
20/21,Knock,"Dec 11, 2020","Dec 15, 2020",4 days,1
19/20,Fitness,"Mar 1, 2020","Mar 15, 2020",14 days,3
19/20,Knee injury,"Nov 27, 2019","Feb 29, 2020",94 days,19
19/20,Ill,"Sep 27, 2019","Oct 3, 2019",6 days,2
