,Player Name,Player Number,Player,#,Nation,Pos,Age,Min,CrdY,CrdR,2CrdY,Fls,Fld,Off,Crs,Int,TklW,PKwon,PKcon,OG,Recov,Won,Lost,Won%,Player Key,Player Link
0,Dyego Sousa,https://fbref.com/en/players/e4738e91/Dyego-Sousa,99,99,pt POR,FW,31-034,45,0,0,0,0,0,0,0,0,0,0,0,0,1,0,0,,https://fbref.com/en/players/e4738e91/Dyego-Sousa-Dyego Sousa,
1,Marcello Trotta,https://fbref.com/en/players/acdad0aa/Marcello-Trotta,29,29,it ITA,FW,28-019,45,0,0,0,2,2,0,0,0,0,0,0,0,1,1,2,33.3,https://fbref.com/en/players/acdad0aa/Marcello-Trotta-Marcello Trotta,
2,Carlos Valenzuela,https://fbref.com/en/players/d08df77c/Carlos-Valenzuela,22,22,ar ARG,LW,23-179,71,0,0,0,0,8,0,8,1,3,1,0,0,6,0,2,0.0,https://fbref.com/en/players/d08df77c/Carlos-Valenzuela-Carlos Valenzuela,
3,Jhonata Robert,https://fbref.com/en/players/45a50a30/Jhonata-Robert,11,11,br BRA,RM,20-358,19,0,0,0,0,0,0,0,0,0,0,0,0,0,0,0,,https://fbref.com/en/players/45a50a30/Jhonata-Robert-Jhonata Robert,
4,Rúben Lameiras,https://fbref.com/en/players/656a96c6/Ruben-Lameiras,10,10,pt POR,RW,25-301,90,0,0,0,1,3,0,2,0,1,0,0,0,0,2,0,100.0,https://fbref.com/en/players/656a96c6/Ruben-Lameiras-Rúben Lameiras,
5,Bruno Jordão,https://fbref.com/en/players/41ff002d/Bruno-Jordao,66,66,pt POR,LM,22-006,82,0,0,0,3,2,0,3,0,1,0,0,0,6,0,0,,https://fbref.com/en/players/41ff002d/Bruno-Jordao-Bruno Jordão,
6,Andrija Luković,https://fbref.com/en/players/7cce7822/Andrija-Lukovic,20,20,rs SRB,CM,25-360,8,0,0,0,0,0,0,0,0,0,0,0,0,0,0,0,,https://fbref.com/en/players/7cce7822/Andrija-Lukovic-Andrija Luković,
7,Gustavo Assuncao,https://fbref.com/en/players/065c8786/Gustavo-Assuncao,12,12,pt POR,CM,20-202,90,0,0,0,1,0,0,0,1,1,0,0,0,3,1,3,25.0,https://fbref.com/en/players/065c8786/Gustavo-Assuncao-Gustavo Assuncao,
8,Joaquín Pereyra,https://fbref.com/en/players/98af660d/Joaquin-Pereyra,18,18,ar ARG,RM,21-322,45,0,0,0,1,2,0,4,1,0,0,0,0,2,0,0,,https://fbref.com/en/players/98af660d/Joaquin-Pereyra-Joaquín Pereyra,
9,Gil Bastião Dias,https://fbref.com/en/players/e61bdd69/Gil-Bastiao-Dias,28,28,pt POR,LW,24-020,45,0,0,0,1,0,0,1,1,3,0,0,0,6,1,0,100.0,https://fbref.com/en/players/e61bdd69/Gil-Bastiao-Dias-Gil Bastião Dias,
10,Calvin Verdonk,https://fbref.com/en/players/bf2b4026/Calvin-Verdonk,5,5,id IDN,LB,23-175,45,0,0,0,1,0,0,1,2,0,0,0,0,2,0,2,0.0,https://fbref.com/en/players/bf2b4026/Calvin-Verdonk-Calvin Verdonk,
11,Ivan Jaime Pajuelo,https://fbref.com/en/players/90ba7fa6/Ivan-Jaime-Pajuelo,17,17,es ESP,LB,20-022,45,0,0,0,1,0,0,0,1,1,0,0,0,2,0,1,0.0,https://fbref.com/en/players/90ba7fa6/Ivan-Jaime-Pajuelo-Ivan Jaime Pajuelo,
12,Srđan Babić,https://fbref.com/en/players/075fe5a3/Srdjan-Babic,3,3,rs SRB,CB,24-179,90,0,0,0,1,0,0,0,1,1,0,0,0,4,2,1,66.7,https://fbref.com/en/players/075fe5a3/Srdjan-Babic-Srđan Babić,
13,Riccieli,https://fbref.com/en/players/9c026a2f/Riccieli,15,15,br BRA,CB,22-031,90,0,0,0,0,1,0,0,1,1,0,0,0,5,2,3,40.0,https://fbref.com/en/players/9c026a2f/Riccieli-Riccieli,
14,Edwin Herrera,https://fbref.com/en/players/3c00b4c7/Edwin-Herrera,24,24,co COL,RB,22-046,87,2,1,1,2,0,0,1,2,0,0,0,0,5,2,1,66.7,https://fbref.com/en/players/3c00b4c7/Edwin-Herrera-Edwin Herrera,
15,Ivan Zlobin,https://fbref.com/en/players/d8fe652c/Ivan-Zlobin,1,1,ru RUS,GK,23-225,90,0,0,0,0,1,0,0,0,0,0,0,0,3,0,0,,https://fbref.com/en/players/d8fe652c/Ivan-Zlobin-Ivan Zlobin,
