,Player Name,Player Number,Player,#,Nation,Pos,Age,Min,Gls,Ast,PK,PKatt,Sh,SoT,CrdY,CrdR,Touches,Tkl,Int,Blocks,xG,npxG,xAG,SCA,GCA,Cmp,Att,Cmp%,PrgP,Carries,PrgC,Att,Succ,Player Key,Player Link
0,Dyego Sousa,https://fbref.com/en/players/e4738e91/Dyego-Sousa,99,99,pt POR,FW,31-034,45,0,0,0,0,1,0,0,0,13,0,0,0,0.0,0.0,0.0,2,0,10,10,100.0,0,8,0,2,1,https://fbref.com/en/players/e4738e91/Dyego-Sousa-Dyego Sousa,
1,Marcello Trotta,https://fbref.com/en/players/acdad0aa/Marcello-Trotta,29,29,it ITA,FW,28-019,45,0,0,0,0,0,0,0,0,9,0,0,0,0.0,0.0,0.1,2,1,5,8,62.5,0,4,1,0,0,https://fbref.com/en/players/acdad0aa/Marcello-Trotta-Marcello Trotta,
2,Carlos Valenzuela,https://fbref.com/en/players/d08df77c/Carlos-Valenzuela,22,22,ar ARG,LW,23-179,71,0,0,0,0,2,1,0,0,35,4,1,1,0.1,0.1,0.1,3,1,6,20,30.0,2,24,4,7,4,https://fbref.com/en/players/d08df77c/Carlos-Valenzuela-Carlos Valenzuela,
3,Jhonata Robert,https://fbref.com/en/players/45a50a30/Jhonata-Robert,11,11,br BRA,RM,20-358,19,0,0,0,0,1,0,0,0,11,0,0,0,0.0,0.0,0.0,1,0,4,7,57.1,1,8,1,1,0,https://fbref.com/en/players/45a50a30/Jhonata-Robert-Jhonata Robert,
4,Rúben Lameiras,https://fbref.com/en/players/656a96c6/Ruben-Lameiras,10,10,pt POR,RW,25-301,90,2,0,1,1,4,2,0,0,48,1,0,0,1.0,0.2,0.1,6,0,18,30,60.0,3,27,3,10,6,https://fbref.com/en/players/656a96c6/Ruben-Lameiras-Rúben Lameiras,
5,Bruno Jordão,https://fbref.com/en/players/41ff002d/Bruno-Jordao,66,66,pt POR,LM,22-006,82,1,0,0,0,3,1,0,0,32,1,0,0,0.4,0.4,0.0,3,2,14,22,63.6,1,16,3,3,3,https://fbref.com/en/players/41ff002d/Bruno-Jordao-Bruno Jordão,
6,Andrija Luković,https://fbref.com/en/players/7cce7822/Andrija-Lukovic,20,20,rs SRB,CM,25-360,8,0,0,0,0,0,0,0,0,3,0,0,0,0.0,0.0,0.0,0,0,2,3,66.7,0,0,0,0,0,https://fbref.com/en/players/7cce7822/Andrija-Lukovic-Andrija Luković,
7,Gustavo Assuncao,https://fbref.com/en/players/065c8786/Gustavo-Assuncao,12,12,pt POR,CM,20-202,90,0,0,0,0,0,0,0,0,71,2,1,0,0.0,0.0,0.0,0,0,62,67,92.5,7,35,0,2,2,https://fbref.com/en/players/065c8786/Gustavo-Assuncao-Gustavo Assuncao,
8,Joaquín Pereyra,https://fbref.com/en/players/98af660d/Joaquin-Pereyra,18,18,ar ARG,RM,21-322,45,0,0,0,0,1,0,0,0,40,0,1,1,0.0,0.0,0.0,1,0,19,36,52.8,2,21,1,1,1,https://fbref.com/en/players/98af660d/Joaquin-Pereyra-Joaquín Pereyra,
9,Gil Bastião Dias,https://fbref.com/en/players/e61bdd69/Gil-Bastiao-Dias,28,28,pt POR,LW,24-020,45,0,0,0,0,0,0,0,0,34,6,1,0,0.0,0.0,0.0,2,0,20,27,74.1,5,21,2,2,2,https://fbref.com/en/players/e61bdd69/Gil-Bastiao-Dias-Gil Bastião Dias,
10,Calvin Verdonk,https://fbref.com/en/players/bf2b4026/Calvin-Verdonk,5,5,id IDN,LB,23-175,45,0,0,0,0,0,0,0,0,33,0,2,2,0.0,0.0,0.0,0,0,24,30,80.0,2,19,2,0,0,https://fbref.com/en/players/bf2b4026/Calvin-Verdonk-Calvin Verdonk,
11,Ivan Jaime Pajuelo,https://fbref.com/en/players/90ba7fa6/Ivan-Jaime-Pajuelo,17,17,es ESP,LB,20-022,45,0,0,0,0,0,0,0,0,25,1,1,1,0.0,0.0,0.1,2,0,20,21,95.2,4,18,1,2,2,https://fbref.com/en/players/90ba7fa6/Ivan-Jaime-Pajuelo-Ivan Jaime Pajuelo,
12,Srđan Babić,https://fbref.com/en/players/075fe5a3/Srdjan-Babic,3,3,rs SRB,CB,24-179,90,0,1,0,0,0,0,0,0,91,1,1,1,0.0,0.0,0.2,0,0,70,78,89.7,5,55,0,0,0,https://fbref.com/en/players/075fe5a3/Srdjan-Babic-Srđan Babić,
13,Riccieli,https://fbref.com/en/players/9c026a2f/Riccieli,15,15,br BRA,CB,22-031,90,0,0,0,0,0,0,0,0,82,1,1,0,0.0,0.0,0.0,0,0,60,73,82.2,2,47,0,0,0,https://fbref.com/en/players/9c026a2f/Riccieli-Riccieli,
14,Edwin Herrera,https://fbref.com/en/players/3c00b4c7/Edwin-Herrera,24,24,co COL,RB,22-046,87,0,0,0,0,0,0,2,1,80,0,2,1,0.0,0.0,0.0,1,0,61,68,89.7,12,34,2,2,1,https://fbref.com/en/players/3c00b4c7/Edwin-Herrera-Edwin Herrera,
15,Ivan Zlobin,https://fbref.com/en/players/d8fe652c/Ivan-Zlobin,1,1,ru RUS,GK,23-225,90,0,0,0,0,0,0,0,0,45,0,0,0,0.0,0.0,0.0,0,0,33,43,76.7,0,28,0,0,0,https://fbref.com/en/players/d8fe652c/Ivan-Zlobin-Ivan Zlobin,
