,Player Name,Player Number,Player,#,Nation,Pos,Age,Min,Touches,Def Pen,Def 3rd,Mid 3rd,Att 3rd,Att Pen,Live,Att,Succ,Succ%,Tkld,Tkld%,Carries,TotDist,PrgDist,PrgC,1/3,CPA,Mis,Dis,Rec,PrgR,Player Key,Player Link
0,Dyego Sousa,https://fbref.com/en/players/e4738e91/Dyego-Sousa,99,99,pt POR,FW,31-034,45,13,0,1,8,6,2,13,2,1,50.0,1,50.0,8,28,9,0,1,0,1,0,8,2,https://fbref.com/en/players/e4738e91/Dyego-Sousa-Dyego Sousa,
1,Marcello Trotta,https://fbref.com/en/players/acdad0aa/Marcello-Trotta,29,29,it ITA,FW,28-019,45,9,0,1,2,6,2,9,0,0,,0,,4,26,8,1,0,1,1,1,8,2,https://fbref.com/en/players/acdad0aa/Marcello-Trotta-Marcello Trotta,
2,Carlos Valenzuela,https://fbref.com/en/players/d08df77c/Carlos-Valenzuela,22,22,ar ARG,LW,23-179,71,35,0,5,10,24,2,35,7,4,57.1,3,42.9,24,219,112,4,3,2,1,3,19,10,https://fbref.com/en/players/d08df77c/Carlos-Valenzuela-Carlos Valenzuela,
3,Jhonata Robert,https://fbref.com/en/players/45a50a30/Jhonata-Robert,11,11,br BRA,RM,20-358,19,11,0,1,3,7,0,11,1,0,0.0,1,100.0,8,78,50,1,1,0,0,1,9,2,https://fbref.com/en/players/45a50a30/Jhonata-Robert-Jhonata Robert,
4,Rúben Lameiras,https://fbref.com/en/players/656a96c6/Ruben-Lameiras,10,10,pt POR,RW,25-301,90,48,0,3,15,30,7,47,10,6,60.0,4,40.0,27,215,89,3,3,2,4,2,34,16,https://fbref.com/en/players/656a96c6/Ruben-Lameiras-Rúben Lameiras,
5,Bruno Jordão,https://fbref.com/en/players/41ff002d/Bruno-Jordao,66,66,pt POR,LM,22-006,82,32,2,2,16,15,3,32,3,3,100.0,0,0.0,16,113,61,3,2,1,2,1,19,1,https://fbref.com/en/players/41ff002d/Bruno-Jordao-Bruno Jordão,
6,Andrija Luković,https://fbref.com/en/players/7cce7822/Andrija-Lukovic,20,20,rs SRB,CM,25-360,8,3,0,0,3,0,0,3,0,0,,0,,0,0,0,0,0,0,0,0,2,0,https://fbref.com/en/players/7cce7822/Andrija-Lukovic-Andrija Luković,
7,Gustavo Assuncao,https://fbref.com/en/players/065c8786/Gustavo-Assuncao,12,12,pt POR,CM,20-202,90,71,1,16,52,4,0,71,2,2,100.0,0,0.0,35,130,54,0,0,0,1,0,57,0,https://fbref.com/en/players/065c8786/Gustavo-Assuncao-Gustavo Assuncao,
8,Joaquín Pereyra,https://fbref.com/en/players/98af660d/Joaquin-Pereyra,18,18,ar ARG,RM,21-322,45,40,1,4,17,19,1,40,1,1,100.0,0,0.0,21,109,14,1,0,0,0,1,30,5,https://fbref.com/en/players/98af660d/Joaquin-Pereyra-Joaquín Pereyra,
9,Gil Bastião Dias,https://fbref.com/en/players/e61bdd69/Gil-Bastiao-Dias,28,28,pt POR,LW,24-020,45,34,2,12,19,6,0,34,2,2,100.0,0,0.0,21,216,132,2,3,0,0,0,17,2,https://fbref.com/en/players/e61bdd69/Gil-Bastiao-Dias-Gil Bastião Dias,
10,Calvin Verdonk,https://fbref.com/en/players/bf2b4026/Calvin-Verdonk,5,5,id IDN,LB,23-175,45,33,2,12,16,5,0,33,0,0,,0,,19,92,52,2,0,0,0,0,20,1,https://fbref.com/en/players/bf2b4026/Calvin-Verdonk-Calvin Verdonk,
11,Ivan Jaime Pajuelo,https://fbref.com/en/players/90ba7fa6/Ivan-Jaime-Pajuelo,17,17,es ESP,LB,20-022,45,25,0,1,19,5,0,25,2,2,100.0,0,0.0,18,100,35,1,0,0,1,0,16,4,https://fbref.com/en/players/90ba7fa6/Ivan-Jaime-Pajuelo-Ivan Jaime Pajuelo,
12,Srđan Babić,https://fbref.com/en/players/075fe5a3/Srdjan-Babic,3,3,rs SRB,CB,24-179,90,91,8,40,51,0,0,91,0,0,,0,,55,213,152,0,1,0,0,0,66,0,https://fbref.com/en/players/075fe5a3/Srdjan-Babic-Srđan Babić,
13,Riccieli,https://fbref.com/en/players/9c026a2f/Riccieli,15,15,br BRA,CB,22-031,90,82,7,45,36,1,0,82,0,0,,0,,47,152,111,0,0,0,0,0,56,0,https://fbref.com/en/players/9c026a2f/Riccieli-Riccieli,
14,Edwin Herrera,https://fbref.com/en/players/3c00b4c7/Edwin-Herrera,24,24,co COL,RB,22-046,87,80,3,17,48,16,0,80,2,1,50.0,1,50.0,34,155,97,2,1,0,1,0,44,1,https://fbref.com/en/players/3c00b4c7/Edwin-Herrera-Edwin Herrera,
15,Ivan Zlobin,https://fbref.com/en/players/d8fe652c/Ivan-Zlobin,1,1,ru RUS,GK,23-225,90,45,33,45,0,0,0,45,0,0,,0,,28,92,42,0,0,0,0,0,20,0,https://fbref.com/en/players/d8fe652c/Ivan-Zlobin-Ivan Zlobin,
