,Player Name,Player Number,Player,#,Nation,Pos,Age,Min,Touches,Def Pen,Def 3rd,Mid 3rd,Att 3rd,Att Pen,Live,Att,Succ,Succ%,Tkld,Tkld%,Carries,TotDist,PrgDist,PrgC,1/3,CPA,Mis,Dis,Rec,PrgR,Player Key,Player Link
0,Nikola Stojiljković,https://fbref.com/en/players/ca3e2783/Nikola-Stojiljkovic,9,9,rs SRB,FW,28-062,60,13,4,5,4,4,1,13,1,0,0.0,1,100.0,4,12,4,0,0,0,0,0,4,0,https://fbref.com/en/players/ca3e2783/Nikola-Stojiljkovic-Nikola Stojiljković,
1,Patrick,https://fbref.com/en/players/867b60b4/Patrick,19,19,cv CPV,FW,26-310,30,11,0,0,8,3,0,11,1,0,0.0,1,100.0,7,9,3,0,0,0,1,0,6,0,https://fbref.com/en/players/867b60b4/Patrick-Patrick,
2,Ryan Gauld,https://fbref.com/en/players/862e93c2/Ryan-Gauld,23,23,sct SCO,"LW,RW",24-307,90,44,0,6,23,17,5,44,4,3,75.0,1,25.0,33,178,101,2,1,0,5,1,27,4,https://fbref.com/en/players/862e93c2/Ryan-Gauld-Ryan Gauld,
3,Hugo Seco,https://fbref.com/en/players/68ee9021/Hugo-Seco,7,7,pt POR,RW,32-123,54,18,0,2,6,11,3,18,4,2,50.0,2,50.0,12,114,43,3,1,1,1,1,13,8,https://fbref.com/en/players/68ee9021/Hugo-Seco-Hugo Seco,
4,Braian Mansilla,https://fbref.com/en/players/e4c37819/Braian-Mansilla,11,11,ar ARG,"LW,RW",23-185,36,19,0,3,8,9,2,19,1,0,0.0,1,100.0,9,62,7,1,0,1,4,0,11,3,https://fbref.com/en/players/e4c37819/Braian-Mansilla-Braian Mansilla,
5,Fabrício Isidoro,https://fbref.com/en/players/b70ca4b5/Fabricio-Isidoro,14,14,br BRA,LM,28-264,85,38,3,14,22,3,0,38,0,0,,0,,24,135,52,1,0,0,1,0,20,0,https://fbref.com/en/players/b70ca4b5/Fabricio-Isidoro-Fabrício Isidoro,
6,Madi Queita,https://fbref.com/en/players/13ab460a/Madi-Queita,10,10,gw GNB,LM,21-363,5,1,0,0,0,1,0,1,0,0,,0,,2,20,9,1,0,0,0,1,2,0,https://fbref.com/en/players/13ab460a/Madi-Queita-Madi Queita,
7,Amine Oudrhiri,https://fbref.com/en/players/49c9c79a/Amine-Oudrhiri,5,5,ma MAR,CM,27-349,90,36,4,13,17,6,2,36,0,0,,0,,24,114,53,2,0,0,1,1,16,0,https://fbref.com/en/players/49c9c79a/Amine-Oudrhiri-Amine Oudrhiri,
8,Jonatan Lucca,https://fbref.com/en/players/b04f4533/Jonatan-Lucca,47,47,br BRA,RM,26-138,85,35,0,8,12,16,0,35,2,1,50.0,1,50.0,16,59,7,0,0,0,1,2,16,4,https://fbref.com/en/players/b04f4533/Jonatan-Lucca-Jonatan Lucca,
9,Claudio Falcão,https://fbref.com/en/players/56077210/Claudio-Falcao,29,29,br BRA,RM,26-107,5,5,0,2,2,1,0,5,0,0,,0,,3,17,6,0,0,0,0,0,1,0,https://fbref.com/en/players/56077210/Claudio-Falcao-Claudio Falcão,
10,Fábio Alexandre da Silva Nunes,https://fbref.com/en/players/7cfc2860/Fabio-Alexandre-da-Silva-Nunes,92,92,pt POR,LB,28-086,90,61,4,32,20,10,0,61,5,4,80.0,1,20.0,37,178,83,1,0,0,3,0,30,2,https://fbref.com/en/players/7cfc2860/Fabio-Alexandre-da-Silva-Nunes-Fábio Alexandre da Silva Nunes,
11,Eduardo Mancha,https://fbref.com/en/players/56e74f66/Eduardo-Mancha,95,95,br BRA,CB,24-329,90,38,10,29,6,3,3,38,0,0,,0,,17,71,26,0,0,0,1,0,18,1,https://fbref.com/en/players/56e74f66/Eduardo-Mancha-Eduardo Mancha,
12,César,https://fbref.com/en/players/4dcde17a/Cesar,4,4,br BRA,CB,27-295,90,46,9,27,18,1,1,46,0,0,,0,,25,171,117,1,0,0,0,0,24,0,https://fbref.com/en/players/4dcde17a/Cesar-César,
13,Alexandre Pinto,https://fbref.com/en/players/b05d8d93/Alexandre-Pinto,78,78,pt POR,RB,22-102,54,31,1,11,13,8,0,31,2,0,0.0,2,100.0,12,114,68,3,1,0,1,1,12,0,https://fbref.com/en/players/b05d8d93/Alexandre-Pinto-Alexandre Pinto,
14,Miguel Bandarra,https://fbref.com/en/players/1e4684e8/Miguel-Bandarra,17,17,pt POR,RB,24-275,36,26,0,6,14,6,0,26,0,0,,0,,11,58,32,1,1,0,1,0,14,3,https://fbref.com/en/players/1e4684e8/Miguel-Bandarra-Miguel Bandarra,
15,Rafael Defendi,https://fbref.com/en/players/317d3e7b/Rafael-Defendi,12,12,br BRA,GK,36-301,90,31,29,31,0,0,0,31,0,0,,0,,16,53,29,0,0,0,0,0,7,0,https://fbref.com/en/players/317d3e7b/Rafael-Defendi-Rafael Defendi,
