,Player Name,Player Number,Player,#,Nation,Pos,Age,Min,Att,Live,Dead,FK,TB,Sw,Crs,TI,CK,In,Out,Str,Cmp,Off,Blocks,Player Key,Player Link
0,Nikola Stojiljković,https://fbref.com/en/players/ca3e2783/Nikola-Stojiljkovic,9,9,rs SRB,FW,28-062,60,1,0,1,0,0,0,0,0,0,0,0,0,1,0,0,https://fbref.com/en/players/ca3e2783/Nikola-Stojiljkovic-Nikola Stojiljković,
1,Patrick,https://fbref.com/en/players/867b60b4/Patrick,19,19,cv CPV,FW,26-310,30,7,4,3,0,0,0,0,0,0,0,0,0,6,0,0,https://fbref.com/en/players/867b60b4/Patrick-Patrick,
2,Ryan Gauld,https://fbref.com/en/players/862e93c2/Ryan-Gauld,23,23,sct SCO,"LW,RW",24-307,90,33,29,4,2,1,0,7,0,2,2,0,0,23,0,0,https://fbref.com/en/players/862e93c2/Ryan-Gauld-Ryan Gauld,
3,Hugo Seco,https://fbref.com/en/players/68ee9021/Hugo-Seco,7,7,pt POR,RW,32-123,54,10,10,0,0,0,0,2,0,0,0,0,0,7,0,1,https://fbref.com/en/players/68ee9021/Hugo-Seco-Hugo Seco,
4,Braian Mansilla,https://fbref.com/en/players/e4c37819/Braian-Mansilla,11,11,ar ARG,"LW,RW",23-185,36,9,8,1,0,0,0,0,1,0,0,0,0,8,0,0,https://fbref.com/en/players/e4c37819/Braian-Mansilla-Braian Mansilla,
5,Fabrício Isidoro,https://fbref.com/en/players/b70ca4b5/Fabricio-Isidoro,14,14,br BRA,LM,28-264,85,29,28,1,1,0,0,0,0,0,0,0,0,22,0,1,https://fbref.com/en/players/b70ca4b5/Fabricio-Isidoro-Fabrício Isidoro,
6,Madi Queita,https://fbref.com/en/players/13ab460a/Madi-Queita,10,10,gw GNB,LM,21-363,5,0,0,0,0,0,0,0,0,0,0,0,0,0,0,0,https://fbref.com/en/players/13ab460a/Madi-Queita-Madi Queita,
7,Amine Oudrhiri,https://fbref.com/en/players/49c9c79a/Amine-Oudrhiri,5,5,ma MAR,CM,27-349,90,30,30,0,0,0,0,0,0,0,0,0,0,26,0,0,https://fbref.com/en/players/49c9c79a/Amine-Oudrhiri-Amine Oudrhiri,
8,Jonatan Lucca,https://fbref.com/en/players/b04f4533/Jonatan-Lucca,47,47,br BRA,RM,26-138,85,27,23,4,0,0,0,5,0,4,4,0,0,16,0,2,https://fbref.com/en/players/b04f4533/Jonatan-Lucca-Jonatan Lucca,
9,Claudio Falcão,https://fbref.com/en/players/56077210/Claudio-Falcao,29,29,br BRA,RM,26-107,5,5,4,0,0,1,0,0,0,0,0,0,0,4,1,0,https://fbref.com/en/players/56077210/Claudio-Falcao-Claudio Falcão,
10,Fábio Alexandre da Silva Nunes,https://fbref.com/en/players/7cfc2860/Fabio-Alexandre-da-Silva-Nunes,92,92,pt POR,LB,28-086,90,45,37,8,1,0,0,2,7,0,0,0,0,26,0,0,https://fbref.com/en/players/7cfc2860/Fabio-Alexandre-da-Silva-Nunes-Fábio Alexandre da Silva Nunes,
11,Eduardo Mancha,https://fbref.com/en/players/56e74f66/Eduardo-Mancha,95,95,br BRA,CB,24-329,90,22,20,2,2,0,2,0,0,0,0,0,0,17,0,0,https://fbref.com/en/players/56e74f66/Eduardo-Mancha-Eduardo Mancha,
12,César,https://fbref.com/en/players/4dcde17a/Cesar,4,4,br BRA,CB,27-295,90,33,30,3,3,0,4,0,0,0,0,0,0,24,0,0,https://fbref.com/en/players/4dcde17a/Cesar-César,
13,Alexandre Pinto,https://fbref.com/en/players/b05d8d93/Alexandre-Pinto,78,78,pt POR,RB,22-102,54,21,15,6,0,0,0,1,6,0,0,0,0,12,0,2,https://fbref.com/en/players/b05d8d93/Alexandre-Pinto-Alexandre Pinto,
14,Miguel Bandarra,https://fbref.com/en/players/1e4684e8/Miguel-Bandarra,17,17,pt POR,RB,24-275,36,21,18,3,2,0,0,5,1,0,0,0,0,10,0,0,https://fbref.com/en/players/1e4684e8/Miguel-Bandarra-Miguel Bandarra,
15,Rafael Defendi,https://fbref.com/en/players/317d3e7b/Rafael-Defendi,12,12,br BRA,GK,36-301,90,29,19,10,2,0,0,0,0,0,0,0,0,20,0,0,https://fbref.com/en/players/317d3e7b/Rafael-Defendi-Rafael Defendi,
