,Minute,Player,Squad,xG,PSxG,Outcome,Distance,Body Part,Notes,SCA 1 Player,SCA 1 Event,SCA 2 Player,SCA 2 Event
0,4,Eduardo Mancha,Farense,0.44,0.75,Goal,7,Left Foot,Volley,Jonatan Lucca,Pass (Dead),César,Pass (Live)
1,5,Joaquín Pereyra,Famalicão,0.02,,Off Target,34,Left Foot,,Rúben Lameiras,Pass (Live),Dyego Sousa,Pass (Dead)
2,16,Nikola Stojiljković,Farense,0.09,,Off Target,21,Right Foot,,Hugo Seco,Pass (Live),Fabrício Isidoro,Pass (Live)
3,23,Dyego Sousa,Famalicão,0.03,,Blocked,25,Right Foot,,Joaquín Pereyra,Pass (Live),Bruno Jordão,Pass (Live)
4,24,Carlos Valenzuela,Famalicão,0.04,0.02,Saved,16,Left Foot,,Rúben Lameiras,Pass (Live),Dyego Sousa,Pass (Live)
5,25,Nikola Stojiljković,Farense,0.07,,Off Target,8,Head,,Jonatan Lucca,Pass (Dead),,
6,25,Amine Oudrhiri,Farense,0.05,,Blocked,8,Right Foot,,Nikola Stojiljković,Shot,,
7,25,César,Farense,0.61,0.98,Goal,4,Head,,Ryan Gauld,Pass (Live),Jonatan Lucca,Pass (Dead)
8,28,Rúben Lameiras,Famalicão,0.11,,Blocked,11,Left Foot,,Rúben Lameiras,Take-On,Carlos Valenzuela,Pass (Live)
9,33,Jonatan Lucca,Farense,0.04,,Off Target,24,Right Foot,,Hugo Seco,Pass (Live),Fabrício Isidoro,Pass (Live)
10,37,Eduardo Mancha,Farense,0.06,,Off Target,10,Head,,Ryan Gauld,Pass (Dead),Amine Oudrhiri,Fouled
11,42,Rúben Lameiras,Famalicão,0.03,0.25,Saved,28,Left Foot,Deflected,Rúben Lameiras,Take-On,Edwin Herrera,Pass (Live)
12,,,,,,,,,,,,,
13,51,Bruno Jordão,Famalicão,0.06,,Off Target,30,Right Foot,Free kick,Rúben Lameiras,Fouled,Gil Bastião Dias,Pass (Live)
14,56,Braian Mansilla,Farense,0.03,0.34,Saved,30,Left Foot,Deflected,Fábio Alexandre da Silva Nunes,Pass (Live),Braian Mansilla,Pass (Live)
15,57,Carlos Valenzuela,Famalicão,0.07,,Off Target,17,Left Foot,,Carlos Valenzuela,Take-On,Ivan Jaime Pajuelo,Pass (Live)
16,60,Rúben Lameiras,Famalicão,0.02,,Blocked,28,Left Foot,,Ivan Jaime Pajuelo,Pass (Live),,
17,62,Jonatan Lucca,Farense,0.03,0.34,Saved,29,Right Foot,,Eduardo Mancha,Pass (Live),Amine Oudrhiri,Pass (Live)
18,65,Rúben Lameiras(pen),Famalicão,0.79,0.99,Goal,13,Left Foot,,Carlos Valenzuela,Fouled,Marcello Trotta,Pass (Live)
19,68,Braian Mansilla,Farense,0.45,,Woodwork,11,Left Foot,,Patrick,Pass (Live),Jonatan Lucca,Pass (Live)
20,73,Rúben Lameiras,Famalicão,0.07,0.28,Goal,15,Left Foot,,,,,
21,77,Jhonata Robert,Famalicão,0.04,,Off Target,24,Right Foot,,Rúben Lameiras,Pass (Live),Jhonata Robert,Pass (Live)
22,78,Bruno Jordão,Famalicão,0.15,,Off Target,8,Right Foot,,Marcello Trotta,Pass (Live),Gil Bastião Dias,Pass (Live)
23,81,Bruno Jordão,Famalicão,0.24,0.48,Goal,14,Right Foot,,Bruno Jordão,Take-On,Bruno Jordão,Take-On
24,86,Ryan Gauld,Farense,0.05,,Off Target,30,Left Foot,Free kick,Jonatan Lucca,Fouled,Ryan Gauld,Pass (Live)
25,90+2,Patrick,Farense,0.03,0.09,Saved,27,Right Foot,,Braian Mansilla,Pass (Live),César,Pass (Live)
26,90+4,Braian Mansilla,Farense,0.33,0.30,Goal,15,Left Foot,,Claudio Falcão,Pass (Live),Ryan Gauld,Pass (Live)
