,Player Name,Player Number,Player,#,Nation,Pos,Age,Min,Touches,Def Pen,Def 3rd,Mid 3rd,Att 3rd,Att Pen,Live,Att,Succ,Succ%,Tkld,Tkld%,Carries,TotDist,PrgDist,PrgC,1/3,CPA,Mis,Dis,Rec,PrgR,Player Key,Player Link
0,Luis Muriel,https://fbref.com/en/players/eb2fe5b6/Luis-Muriel,9,9,co COL,FW,29-296,57,30,0,1,11,18,6,30,3,1,33.3,2,66.7,15,126,59,3,0,2,3,1,21,5,https://fbref.com/en/players/eb2fe5b6/Luis-Muriel-Luis Muriel,
1,Duván Zapata,https://fbref.com/en/players/d3de9af0/Duvan-Zapata,91,91,co COL,FW,29-311,33,19,0,0,6,13,5,19,1,0,0.0,1,100.0,12,107,27,2,1,3,2,2,16,5,https://fbref.com/en/players/d3de9af0/Duvan-Zapata-Duván Zapata,
2,Ruslan Malinovskyi,https://fbref.com/en/players/48d5bd33/Ruslan-Malinovskyi,18,18,ua UKR,AM,27-278,77,52,0,4,19,30,3,52,4,3,75.0,1,25.0,30,211,89,3,2,1,3,1,32,7,https://fbref.com/en/players/48d5bd33/Ruslan-Malinovskyi-Ruslan Malinovskyi,
3,Sam Lammers,https://fbref.com/en/players/c283ddef/Sam-Lammers,7,7,nl NED,FW,23-282,13,6,1,1,4,1,0,6,1,1,100.0,0,0.0,3,23,1,0,0,0,0,1,5,1,https://fbref.com/en/players/c283ddef/Sam-Lammers-Sam Lammers,
4,Josip Iličić,https://fbref.com/en/players/68252d6d/Josip-Ilicic,72,72,si SVN,AM,33-008,58,48,0,1,19,29,5,48,4,0,0.0,4,100.0,34,186,112,5,2,4,4,2,43,9,https://fbref.com/en/players/68252d6d/Josip-Ilicic-Josip Iličić,
5,Aleksei Miranchuk,https://fbref.com/en/players/a9aa0d1d/Aleksei-Miranchuk,59,59,ru RUS,AM,25-112,32,26,0,2,11,15,3,26,3,1,33.3,2,66.7,15,131,73,4,3,2,1,0,16,3,https://fbref.com/en/players/a9aa0d1d/Aleksei-Miranchuk-Aleksei Miranchuk,
6,Matteo Pessina,https://fbref.com/en/players/780e3631/Matteo-Pessina,32,32,it ITA,CM,23-291,84,66,0,9,42,15,1,66,1,1,100.0,0,0.0,34,147,33,1,1,0,5,0,51,3,https://fbref.com/en/players/780e3631/Matteo-Pessina-Matteo Pessina,
7,Mario Pašalić,https://fbref.com/en/players/e599253a/Mario-Pasalic,88,88,hr CRO,CM,25-363,6,8,0,1,8,0,0,8,0,0,,0,,4,14,12,0,0,0,0,0,6,1,https://fbref.com/en/players/e599253a/Mario-Pasalic-Mario Pašalić,
8,Marten de Roon,https://fbref.com/en/players/2a1beb34/Marten-de-Roon,15,15,nl NED,CM,29-314,90,61,1,14,37,11,0,61,0,0,,0,,33,159,81,2,3,0,2,0,40,0,https://fbref.com/en/players/2a1beb34/Marten-de-Roon-Marten de Roon,
9,Matteo Ruggeri,https://fbref.com/en/players/ae9898c5/Matteo-Ruggeri,40,40,it ITA,WB,18-210,45,18,1,5,6,7,0,18,0,0,,0,,8,37,16,0,0,0,1,0,11,1,https://fbref.com/en/players/ae9898c5/Matteo-Ruggeri-Matteo Ruggeri,
10,Berat Djimsiti,https://fbref.com/en/players/6eee05f1/Berat-Djimsiti,19,19,al ALB,CB,27-353,45,30,5,13,14,3,0,30,0,0,,0,,14,108,84,1,1,0,1,0,17,1,https://fbref.com/en/players/6eee05f1/Berat-Djimsiti-Berat Djimsiti,
11,Robin Gosens,https://fbref.com/en/players/2d970560/Robin-Gosens,8,8,de GER,WB,26-216,90,67,1,11,31,25,3,67,1,1,100.0,0,0.0,31,101,38,0,3,0,0,1,42,7,https://fbref.com/en/players/2d970560/Robin-Gosens-Robin Gosens,
12,José Luis Palomino,https://fbref.com/en/players/921f6058/Jose-Luis-Palomino,6,6,ar ARG,CB,31-032,90,64,7,25,36,4,0,64,0,0,,0,,27,197,110,1,0,0,1,0,27,0,https://fbref.com/en/players/921f6058/Jose-Luis-Palomino-José Luis Palomino,
13,Cristian Romero,https://fbref.com/en/players/a3d94a58/Cristian-Romero,17,17,ar ARG,CB,22-285,90,65,6,34,29,2,0,65,0,0,,0,,30,163,77,0,0,0,0,1,35,0,https://fbref.com/en/players/a3d94a58/Cristian-Romero-Cristian Romero,
14,Rafael Tolói,https://fbref.com/en/players/c56dc39e/Rafael-Toloi,2,2,it ITA,"WB,CB",30-119,90,77,3,22,39,16,2,77,0,0,,0,,39,166,111,2,1,0,1,0,51,2,https://fbref.com/en/players/c56dc39e/Rafael-Toloi-Rafael Tolói,
15,Pierluigi Gollini,https://fbref.com/en/players/f0f7f62f/Pierluigi-Gollini,95,95,it ITA,GK,25-325,90,31,27,30,1,0,0,31,0,0,,0,,15,65,48,0,0,0,0,0,13,0,https://fbref.com/en/players/f0f7f62f/Pierluigi-Gollini-Pierluigi Gollini,
