,Player Name,Player Number,Player,#,Nation,Pos,Age,Min,Att,Live,Dead,FK,TB,Sw,Crs,TI,CK,In,Out,Str,Cmp,Off,Blocks,Player Key,Player Link
0,Luis Muriel,https://fbref.com/en/players/eb2fe5b6/Luis-Muriel,9,9,co COL,FW,29-296,57,22,18,4,0,0,1,1,0,1,1,0,0,16,0,2,https://fbref.com/en/players/eb2fe5b6/Luis-Muriel-Luis Muriel,
1,Duván Zapata,https://fbref.com/en/players/d3de9af0/Duvan-Zapata,91,91,co COL,FW,29-311,33,14,12,1,0,0,0,2,0,0,0,0,0,8,1,2,https://fbref.com/en/players/d3de9af0/Duvan-Zapata-Duván Zapata,
2,Ruslan Malinovskyi,https://fbref.com/en/players/48d5bd33/Ruslan-Malinovskyi,18,18,ua UKR,AM,27-278,77,41,38,3,0,0,0,3,1,2,1,1,0,29,0,2,https://fbref.com/en/players/48d5bd33/Ruslan-Malinovskyi-Ruslan Malinovskyi,
3,Sam Lammers,https://fbref.com/en/players/c283ddef/Sam-Lammers,7,7,nl NED,FW,23-282,13,5,5,0,0,0,0,0,0,0,0,0,0,4,0,0,https://fbref.com/en/players/c283ddef/Sam-Lammers-Sam Lammers,
4,Josip Iličić,https://fbref.com/en/players/68252d6d/Josip-Ilicic,72,72,si SVN,AM,33-008,58,34,29,3,1,0,1,3,1,1,0,0,0,21,2,3,https://fbref.com/en/players/68252d6d/Josip-Ilicic-Josip Iličić,
5,Aleksei Miranchuk,https://fbref.com/en/players/a9aa0d1d/Aleksei-Miranchuk,59,59,ru RUS,AM,25-112,32,19,19,0,0,0,0,0,0,0,0,0,0,14,0,0,https://fbref.com/en/players/a9aa0d1d/Aleksei-Miranchuk-Aleksei Miranchuk,
6,Matteo Pessina,https://fbref.com/en/players/780e3631/Matteo-Pessina,32,32,it ITA,CM,23-291,84,58,57,1,1,0,1,0,0,0,0,0,0,51,0,0,https://fbref.com/en/players/780e3631/Matteo-Pessina-Matteo Pessina,
7,Mario Pašalić,https://fbref.com/en/players/e599253a/Mario-Pasalic,88,88,hr CRO,CM,25-363,6,8,8,0,0,0,0,0,0,0,0,0,0,7,0,1,https://fbref.com/en/players/e599253a/Mario-Pasalic-Mario Pašalić,
8,Marten de Roon,https://fbref.com/en/players/2a1beb34/Marten-de-Roon,15,15,nl NED,CM,29-314,90,56,53,3,3,0,1,0,0,0,0,0,0,46,0,2,https://fbref.com/en/players/2a1beb34/Marten-de-Roon-Marten de Roon,
9,Matteo Ruggeri,https://fbref.com/en/players/ae9898c5/Matteo-Ruggeri,40,40,it ITA,WB,18-210,45,15,15,0,0,0,0,1,0,0,0,0,0,11,0,0,https://fbref.com/en/players/ae9898c5/Matteo-Ruggeri-Matteo Ruggeri,
10,Berat Djimsiti,https://fbref.com/en/players/6eee05f1/Berat-Djimsiti,19,19,al ALB,CB,27-353,45,22,22,0,0,0,0,0,0,0,0,0,0,20,0,0,https://fbref.com/en/players/6eee05f1/Berat-Djimsiti-Berat Djimsiti,
11,Robin Gosens,https://fbref.com/en/players/2d970560/Robin-Gosens,8,8,de GER,WB,26-216,90,57,48,9,1,0,1,1,8,0,0,0,0,46,0,2,https://fbref.com/en/players/2d970560/Robin-Gosens-Robin Gosens,
12,José Luis Palomino,https://fbref.com/en/players/921f6058/Jose-Luis-Palomino,6,6,ar ARG,CB,31-032,90,53,45,8,7,0,0,0,1,0,0,0,0,41,0,0,https://fbref.com/en/players/921f6058/Jose-Luis-Palomino-José Luis Palomino,
13,Cristian Romero,https://fbref.com/en/players/a3d94a58/Cristian-Romero,17,17,ar ARG,CB,22-285,90,53,49,4,4,0,0,0,0,0,0,0,0,44,0,0,https://fbref.com/en/players/a3d94a58/Cristian-Romero-Cristian Romero,
14,Rafael Tolói,https://fbref.com/en/players/c56dc39e/Rafael-Toloi,2,2,it ITA,"WB,CB",30-119,90,69,62,7,1,0,1,0,6,0,0,0,0,49,0,5,https://fbref.com/en/players/c56dc39e/Rafael-Toloi-Rafael Tolói,
15,Pierluigi Gollini,https://fbref.com/en/players/f0f7f62f/Pierluigi-Gollini,95,95,it ITA,GK,25-325,90,28,20,8,0,0,0,0,0,0,0,0,0,23,0,0,https://fbref.com/en/players/f0f7f62f/Pierluigi-Gollini-Pierluigi Gollini,
