,Player Name,Player Number,Player,#,Nation,Pos,Age,Min,Gls,Ast,PK,PKatt,Sh,SoT,CrdY,CrdR,Touches,Tkl,Int,Blocks,xG,npxG,xAG,SCA,GCA,Cmp,Att,Cmp%,PrgP,Carries,PrgC,Att,Succ,Player Key,Player Link
0,Luis Muriel,https://fbref.com/en/players/eb2fe5b6/Luis-Muriel,9,9,co COL,FW,29-296,57,1,0,0,0,2,2,0,0,30,1,0,0,0.9,0.9,0.2,4,2,16,22,72.7,4,15,3,3,1,https://fbref.com/en/players/eb2fe5b6/Luis-Muriel-Luis Muriel,
1,Duván Zapata,https://fbref.com/en/players/d3de9af0/Duvan-Zapata,91,91,co COL,FW,29-311,33,0,0,0,0,1,0,0,0,19,0,0,0,0.2,0.2,0.1,1,0,8,14,57.1,1,12,2,1,0,https://fbref.com/en/players/d3de9af0/Duvan-Zapata-Duván Zapata,
2,Ruslan Malinovskyi,https://fbref.com/en/players/48d5bd33/Ruslan-Malinovskyi,18,18,ua UKR,AM,27-278,77,0,0,0,0,0,0,0,0,52,1,0,0,0.0,0.0,0.1,4,1,29,41,70.7,3,30,3,4,3,https://fbref.com/en/players/48d5bd33/Ruslan-Malinovskyi-Ruslan Malinovskyi,
3,Sam Lammers,https://fbref.com/en/players/c283ddef/Sam-Lammers,7,7,nl NED,FW,23-282,13,0,0,0,0,0,0,0,0,6,0,0,0,0.0,0.0,0.0,0,0,4,5,80.0,0,3,0,1,1,https://fbref.com/en/players/c283ddef/Sam-Lammers-Sam Lammers,
4,Josip Iličić,https://fbref.com/en/players/68252d6d/Josip-Ilicic,72,72,si SVN,AM,33-008,58,1,0,0,0,3,1,0,0,48,0,0,0,0.3,0.3,0.4,2,0,21,34,61.8,3,34,5,4,0,https://fbref.com/en/players/68252d6d/Josip-Ilicic-Josip Iličić,
5,Aleksei Miranchuk,https://fbref.com/en/players/a9aa0d1d/Aleksei-Miranchuk,59,59,ru RUS,AM,25-112,32,0,0,0,0,2,0,0,0,26,2,0,0,0.1,0.1,0.2,1,0,14,19,73.7,5,15,4,3,1,https://fbref.com/en/players/a9aa0d1d/Aleksei-Miranchuk-Aleksei Miranchuk,
6,Matteo Pessina,https://fbref.com/en/players/780e3631/Matteo-Pessina,32,32,it ITA,CM,23-291,84,0,0,0,0,0,0,0,0,66,1,1,1,0.0,0.0,0.1,3,0,51,58,87.9,5,34,1,1,1,https://fbref.com/en/players/780e3631/Matteo-Pessina-Matteo Pessina,
7,Mario Pašalić,https://fbref.com/en/players/e599253a/Mario-Pasalic,88,88,hr CRO,CM,25-363,6,0,0,0,0,0,0,1,0,8,1,0,0,0.0,0.0,0.0,0,0,7,8,87.5,1,4,0,0,0,https://fbref.com/en/players/e599253a/Mario-Pasalic-Mario Pašalić,
8,Marten de Roon,https://fbref.com/en/players/2a1beb34/Marten-de-Roon,15,15,nl NED,CM,29-314,90,0,1,0,0,0,0,0,0,61,1,1,2,0.0,0.0,0.2,1,1,46,56,82.1,3,33,2,0,0,https://fbref.com/en/players/2a1beb34/Marten-de-Roon-Marten de Roon,
9,Matteo Ruggeri,https://fbref.com/en/players/ae9898c5/Matteo-Ruggeri,40,40,it ITA,WB,18-210,45,0,0,0,0,0,0,0,0,18,2,1,0,0.0,0.0,0.0,1,1,11,15,73.3,0,8,0,0,0,https://fbref.com/en/players/ae9898c5/Matteo-Ruggeri-Matteo Ruggeri,
10,Berat Djimsiti,https://fbref.com/en/players/6eee05f1/Berat-Djimsiti,19,19,al ALB,CB,27-353,45,0,0,0,0,0,0,0,0,30,1,2,2,0.0,0.0,0.0,0,0,20,22,90.9,2,14,1,0,0,https://fbref.com/en/players/6eee05f1/Berat-Djimsiti-Berat Djimsiti,
11,Robin Gosens,https://fbref.com/en/players/2d970560/Robin-Gosens,8,8,de GER,WB,26-216,90,1,0,0,0,2,1,0,0,67,3,3,2,0.2,0.2,0.0,1,0,46,57,80.7,4,31,0,1,1,https://fbref.com/en/players/2d970560/Robin-Gosens-Robin Gosens,
12,José Luis Palomino,https://fbref.com/en/players/921f6058/Jose-Luis-Palomino,6,6,ar ARG,CB,31-032,90,0,0,0,0,0,0,1,0,64,1,5,1,0.0,0.0,0.0,1,0,41,53,77.4,4,27,1,0,0,https://fbref.com/en/players/921f6058/Jose-Luis-Palomino-José Luis Palomino,
13,Cristian Romero,https://fbref.com/en/players/a3d94a58/Cristian-Romero,17,17,ar ARG,CB,22-285,90,0,0,0,0,0,0,0,0,65,1,1,2,0.0,0.0,0.0,0,0,44,53,83.0,2,30,0,0,0,https://fbref.com/en/players/a3d94a58/Cristian-Romero-Cristian Romero,
14,Rafael Tolói,https://fbref.com/en/players/c56dc39e/Rafael-Toloi,2,2,it ITA,"WB,CB",30-119,90,0,0,0,0,1,0,1,0,77,2,0,4,0.1,0.1,0.0,2,0,49,69,71.0,10,39,2,0,0,https://fbref.com/en/players/c56dc39e/Rafael-Toloi-Rafael Tolói,
15,Pierluigi Gollini,https://fbref.com/en/players/f0f7f62f/Pierluigi-Gollini,95,95,it ITA,GK,25-325,90,0,0,0,0,0,0,0,0,31,0,0,0,0.0,0.0,0.0,0,0,23,28,82.1,0,15,0,0,0,https://fbref.com/en/players/f0f7f62f/Pierluigi-Gollini-Pierluigi Gollini,
