,Minute,Player,Squad,xG,PSxG,Outcome,Distance,Body Part,Notes,SCA 1 Player,SCA 1 Event,SCA 2 Player,SCA 2 Event
0,8,Simone Zaza,Torino,0.06,,Off Target,16,Left Foot,,Nicola Murru,Pass (Live),Rolando Mandragora,Pass (Live)
1,14,Josip Iličić,Atalanta,0.24,0.55,Goal,10,Right Foot,Volley,Marten de Roon,Pass (Live),Matteo Ruggeri,Pass (Live)
2,16,Simone Zaza,Torino,0.06,,Off Target,16,Left Foot,Volley,Nicola Murru,Pass (Live),Nicola Murru,Take-On
3,19,Robin Gosens,Atalanta,0.06,0.20,Goal,7,Right Foot,,Luis Muriel,Pass (Live),Ruslan Malinovskyi,Pass (Live)
4,21,Luis Muriel,Atalanta,0.35,0.21,Saved,12,Right Foot,,Josip Iličić,Pass (Live),Matteo Pessina,Pass (Live)
5,21,Luis Muriel,Atalanta,0.82,0.94,Goal,4,Right Foot,,Luis Muriel,Shot,,
6,36,Robin Gosens,Atalanta,0.09,,Blocked,16,Left Foot,,Luis Muriel,Pass (Live),Luis Muriel,Take-On
7,38,Nicola Murru,Torino,0.31,,Blocked,9,Left Foot,,Nicola Murru,Take-On,Rolando Mandragora,Pass (Live)
8,39,Andrea Belotti,Torino,0.05,,Off Target,13,Head,,Rolando Mandragora,Pass (Dead),Nicola Murru,Shot
9,42,Andrea Belotti(pen),Torino,0.79,0.98,Saved,13,Right Foot,,Andrea Belotti,Fouled,Armando Izzo,Pass (Live)
10,42,Andrea Belotti,Torino,0.17,0.19,Goal,11,Left Foot,Volley,Andrea Belotti,Shot,,
11,45+1,Rolando Mandragora,Torino,0.09,,Woodwork,11,Left Foot,Volley,Armando Izzo,Pass (Live),Armando Izzo,Take-On
12,45+1,Gleison Bremer,Torino,0.43,0.36,Goal,5,Left Foot,,Rolando Mandragora,Shot,,
13,45+2,Simone Zaza,Torino,0.09,,Blocked,10,Left Foot,,Andrea Belotti,Pass (Live),Rolando Mandragora,Pass (Live)
14,,,,,,,,,,,,,
15,48,Rafael Tolói,Atalanta,0.07,,Blocked,9,Right Foot,,Josip Iličić,Pass (Live),Rafael Tolói,Pass (Live)
16,51,Andrea Belotti,Torino,0.03,,Blocked,25,Right Foot,,Tomás Rincón,Pass (Live),,
17,51,Josip Iličić,Atalanta,0.08,,Blocked,15,Right Foot,,Matteo Pessina,Pass (Live),Robin Gosens,Pass (Live)
18,52,Simone Zaza,Torino,0.09,,Off Target,12,Right Foot,,Nicola Murru,Pass (Live),Saša Lukić,Pass (Live)
19,53,Josip Iličić,Atalanta,0.03,,Off Target,23,Left Foot,,Matteo Pessina,Pass (Live),Ruslan Malinovskyi,Pass (Live)
20,59,Daniele Baselli,Torino,0.04,,Off Target,15,Head,,Simone Zaza,Pass (Live),Wilfried Singo,Pass (Dead)
21,59,Cristian Ansaldi,Torino,0.03,,Blocked,28,Left Foot,,Andrea Belotti,Pass (Live),Daniele Baselli,Shot
22,62,Simone Zaza,Torino,0.38,,Blocked,6,Left Foot,Volley,Andrea Belotti,Pass (Live),Tomás Rincón,Pass (Live)
23,68,Duván Zapata,Atalanta,0.21,,Off Target,15,Right Foot,,Aleksei Miranchuk,Pass (Live),José Luis Palomino,Interception
24,70,Wilfried Singo,Torino,0.03,,Woodwork,21,Right Foot,,Cristian Ansaldi,Pass (Live),Simone Zaza,Pass (Live)
25,75,Simone Zaza,Torino,0.05,,Off Target,16,Left Foot,Volley,Nicolas Nkoulou,Pass (Live),Gleison Bremer,Pass (Live)
26,77,Aleksei Miranchuk,Atalanta,0.05,,Woodwork,14,Left Foot,,Duván Zapata,Pass (Live),Ruslan Malinovskyi,Pass (Live)
27,77,Aleksei Miranchuk,Atalanta,0.06,,Off Target,10,Head,,Ruslan Malinovskyi,Pass (Live),Rafael Tolói,Pass (Live)
28,84,Federico Bonazzoli,Torino,0.08,0.60,Goal,10,Head,,Simone Verdi,Pass (Dead),Andrea Belotti,Fouled
29,90+2,Cristian Ansaldi,Torino,0.02,,Off Target,30,Left Foot,Volley,Federico Bonazzoli,Fouled,Andrea Belotti,Pass (Live)
30,90+2,Federico Bonazzoli,Torino,0.05,,Off Target,17,Left Foot,,Armando Izzo,Pass (Live),Cristian Ansaldi,Shot
31,90+5,Simone Verdi,Torino,0.07,,Blocked,28,Right Foot,Free kick,Andrea Belotti,Fouled,Daniele Baselli,Pass (Live)
32,90+5,Simone Verdi,Torino,0.04,0.22,Saved,23,Right Foot,Volley,Simone Verdi,Shot,,
