,Player Name,Player Number,Player,#,Nation,Pos,Age,Min,Att,Live,Dead,FK,TB,Sw,Crs,TI,CK,In,Out,Str,Cmp,Off,Blocks,Player Key,Player Link
0,Andrea Belotti,https://fbref.com/en/players/d705ba44/Andrea-Belotti,9,9,it ITA,FW,27-048,90,28,25,3,0,1,1,0,0,0,0,0,0,19,0,0,https://fbref.com/en/players/d705ba44/Andrea-Belotti-Andrea Belotti,
1,Simone Zaza,https://fbref.com/en/players/9592289a/Simone-Zaza,11,11,it ITA,FW,29-226,80,13,13,0,0,0,0,1,0,0,0,0,0,10,0,1,https://fbref.com/en/players/9592289a/Simone-Zaza-Simone Zaza,
2,Federico Bonazzoli,https://fbref.com/en/players/bf57eaab/Federico-Bonazzoli,26,26,it ITA,FW,23-261,10,1,1,0,0,0,0,0,0,0,0,0,0,1,0,0,https://fbref.com/en/players/bf57eaab/Federico-Bonazzoli-Federico Bonazzoli,
3,Saša Lukić,https://fbref.com/en/players/c6e8cf1f/Sasa-Lukic,7,7,rs SRB,CM,24-177,54,27,27,0,0,0,0,0,0,0,0,0,0,15,0,2,https://fbref.com/en/players/c6e8cf1f/Sasa-Lukic-Saša Lukić,
4,Daniele Baselli,https://fbref.com/en/players/ea06dd97/Daniele-Baselli,8,8,it ITA,CM,28-331,36,12,12,0,0,0,0,0,0,0,0,0,0,10,0,1,https://fbref.com/en/players/ea06dd97/Daniele-Baselli-Daniele Baselli,
5,Rolando Mandragora,https://fbref.com/en/players/c7259b83/Rolando-Mandragora,38,38,it ITA,"CM,WB",23-222,90,47,38,8,4,0,0,4,0,3,1,1,0,36,1,0,https://fbref.com/en/players/c7259b83/Rolando-Mandragora-Rolando Mandragora,
6,Tomás Rincón,https://fbref.com/en/players/f1cfc209/Tomas-Rincon,88,88,ve VEN,CM,33-024,80,34,34,0,0,0,0,0,0,0,0,0,0,28,0,0,https://fbref.com/en/players/f1cfc209/Tomas-Rincon-Tomás Rincón,
7,Amer Gojak,https://fbref.com/en/players/51ffa295/Amer-Gojak,10,10,ba BIH,CM,23-359,10,3,3,0,0,0,0,0,0,0,0,0,0,2,0,1,https://fbref.com/en/players/51ffa295/Amer-Gojak-Amer Gojak,
8,Nicola Murru,https://fbref.com/en/players/d183e9d6/Nicola-Murru,29,29,it ITA,WB,26-052,54,22,17,5,0,0,1,1,5,0,0,0,0,16,0,1,https://fbref.com/en/players/d183e9d6/Nicola-Murru-Nicola Murru,
9,Cristian Ansaldi,https://fbref.com/en/players/bbafc0c4/Cristian-Ansaldi,15,15,ar ARG,WB,34-139,36,14,11,3,0,0,0,0,3,0,0,0,0,8,0,0,https://fbref.com/en/players/bbafc0c4/Cristian-Ansaldi-Cristian Ansaldi,
10,Wilfried Singo,https://fbref.com/en/players/8b609c34/Wilfried-Singo,17,17,ci CIV,WB,20-043,71,31,26,5,0,0,0,4,5,0,0,0,0,20,0,1,https://fbref.com/en/players/8b609c34/Wilfried-Singo-Wilfried Singo,
11,Simone Verdi,https://fbref.com/en/players/0375723e/Simone-Verdi,24,24,it ITA,AM,28-209,19,14,10,4,4,0,0,4,0,0,0,0,0,9,0,0,https://fbref.com/en/players/0375723e/Simone-Verdi-Simone Verdi,
12,Gleison Bremer,https://fbref.com/en/players/5fd5ed86/Gleison-Bremer,3,3,br BRA,CB,23-325,90,37,33,4,4,0,0,0,0,0,0,0,0,26,0,0,https://fbref.com/en/players/5fd5ed86/Gleison-Bremer-Gleison Bremer,
13,Nicolas Nkoulou,https://fbref.com/en/players/93cf32a8/Nicolas-Nkoulou,33,33,cm CMR,CB,30-316,90,36,33,3,3,0,0,0,0,0,0,0,0,30,0,1,https://fbref.com/en/players/93cf32a8/Nicolas-Nkoulou-Nicolas Nkoulou,
14,Armando Izzo,https://fbref.com/en/players/89976232/Armando-Izzo,5,5,it ITA,CB,28-341,90,66,64,2,2,0,0,4,0,0,0,0,0,50,0,0,https://fbref.com/en/players/89976232/Armando-Izzo-Armando Izzo,
15,Salvatore Sirigu,https://fbref.com/en/players/10dc46f0/Salvatore-Sirigu,39,39,it ITA,GK,34-025,90,26,13,13,7,0,0,0,0,0,0,0,0,13,0,0,https://fbref.com/en/players/10dc46f0/Salvatore-Sirigu-Salvatore Sirigu,
