,Player Name,Player Number,Player,#,Nation,Pos,Age,Min,Touches,Def Pen,Def 3rd,Mid 3rd,Att 3rd,Att Pen,Live,Att,Succ,Succ%,Tkld,Tkld%,Carries,TotDist,PrgDist,PrgC,1/3,CPA,Mis,Dis,Rec,PrgR,Player Key,Player Link
0,Andrea Belotti,https://fbref.com/en/players/d705ba44/Andrea-Belotti,9,9,it ITA,FW,27-048,90,44,0,0,26,19,4,43,4,1,25.0,3,75.0,21,92,39,1,2,0,3,0,31,9,https://fbref.com/en/players/d705ba44/Andrea-Belotti-Andrea Belotti,
1,Simone Zaza,https://fbref.com/en/players/9592289a/Simone-Zaza,11,11,it ITA,FW,29-226,80,24,0,0,10,14,7,24,0,0,,0,,10,27,6,0,0,0,3,1,21,3,https://fbref.com/en/players/9592289a/Simone-Zaza-Simone Zaza,
2,Federico Bonazzoli,https://fbref.com/en/players/bf57eaab/Federico-Bonazzoli,26,26,it ITA,FW,23-261,10,5,0,0,2,3,2,5,3,2,66.7,1,33.3,2,38,10,1,1,0,0,0,3,0,https://fbref.com/en/players/bf57eaab/Federico-Bonazzoli-Federico Bonazzoli,
3,Saša Lukić,https://fbref.com/en/players/c6e8cf1f/Sasa-Lukic,7,7,rs SRB,CM,24-177,54,30,1,4,20,7,1,30,0,0,,0,,16,109,65,3,2,0,0,1,22,2,https://fbref.com/en/players/c6e8cf1f/Sasa-Lukic-Saša Lukić,
4,Daniele Baselli,https://fbref.com/en/players/ea06dd97/Daniele-Baselli,8,8,it ITA,CM,28-331,36,17,0,6,10,1,1,17,1,0,0.0,1,100.0,12,51,35,1,0,0,0,0,9,1,https://fbref.com/en/players/ea06dd97/Daniele-Baselli-Daniele Baselli,
5,Rolando Mandragora,https://fbref.com/en/players/c7259b83/Rolando-Mandragora,38,38,it ITA,"CM,WB",23-222,90,57,4,17,33,9,2,57,0,0,,0,,18,58,14,0,1,0,0,0,25,2,https://fbref.com/en/players/c7259b83/Rolando-Mandragora-Rolando Mandragora,
6,Tomás Rincón,https://fbref.com/en/players/f1cfc209/Tomas-Rincon,88,88,ve VEN,CM,33-024,80,42,2,9,29,6,1,42,5,5,100.0,0,0.0,29,183,114,3,1,0,3,2,28,3,https://fbref.com/en/players/f1cfc209/Tomas-Rincon-Tomás Rincón,
7,Amer Gojak,https://fbref.com/en/players/51ffa295/Amer-Gojak,10,10,ba BIH,CM,23-359,10,6,0,2,1,3,0,6,2,0,0.0,2,100.0,2,22,2,0,0,0,0,0,4,0,https://fbref.com/en/players/51ffa295/Amer-Gojak-Amer Gojak,
8,Nicola Murru,https://fbref.com/en/players/d183e9d6/Nicola-Murru,29,29,it ITA,WB,26-052,54,33,2,12,13,8,2,33,2,2,100.0,0,0.0,13,74,53,2,2,1,2,0,13,4,https://fbref.com/en/players/d183e9d6/Nicola-Murru-Nicola Murru,
9,Cristian Ansaldi,https://fbref.com/en/players/bbafc0c4/Cristian-Ansaldi,15,15,ar ARG,WB,34-139,36,20,1,8,6,6,0,20,1,0,0.0,1,100.0,10,69,22,0,0,0,0,0,9,0,https://fbref.com/en/players/bbafc0c4/Cristian-Ansaldi-Cristian Ansaldi,
10,Wilfried Singo,https://fbref.com/en/players/8b609c34/Wilfried-Singo,17,17,ci CIV,WB,20-043,71,36,0,8,20,9,1,36,4,2,50.0,2,50.0,23,146,94,3,0,0,0,1,23,5,https://fbref.com/en/players/8b609c34/Wilfried-Singo-Wilfried Singo,
11,Simone Verdi,https://fbref.com/en/players/0375723e/Simone-Verdi,24,24,it ITA,AM,28-209,19,17,0,3,5,10,0,17,1,0,0.0,1,100.0,7,48,15,0,1,0,0,0,10,2,https://fbref.com/en/players/0375723e/Simone-Verdi-Simone Verdi,
12,Gleison Bremer,https://fbref.com/en/players/5fd5ed86/Gleison-Bremer,3,3,br BRA,CB,23-325,90,58,9,34,23,4,2,58,0,0,,0,,18,95,53,1,1,0,1,0,13,0,https://fbref.com/en/players/5fd5ed86/Gleison-Bremer-Gleison Bremer,
13,Nicolas Nkoulou,https://fbref.com/en/players/93cf32a8/Nicolas-Nkoulou,33,33,cm CMR,CB,30-316,90,52,7,31,21,1,0,52,3,2,66.7,1,33.3,27,65,18,0,0,0,0,0,22,0,https://fbref.com/en/players/93cf32a8/Nicolas-Nkoulou-Nicolas Nkoulou,
14,Armando Izzo,https://fbref.com/en/players/89976232/Armando-Izzo,5,5,it ITA,CB,28-341,90,76,4,36,35,5,1,76,2,2,100.0,0,0.0,34,217,89,2,1,0,0,0,45,0,https://fbref.com/en/players/89976232/Armando-Izzo-Armando Izzo,
15,Salvatore Sirigu,https://fbref.com/en/players/10dc46f0/Salvatore-Sirigu,39,39,it ITA,GK,34-025,90,27,20,27,0,0,0,27,0,0,,0,,11,36,24,0,0,0,0,0,9,0,https://fbref.com/en/players/10dc46f0/Salvatore-Sirigu-Salvatore Sirigu,
