season,injury,from,until,days,missed_games
23/24,Broken jaw,"May 2, 2024","Jun 19, 2024",48 days,9
23/24,unknown injury,"Aug 30, 2023","Sep 1, 2023",2 days,1
20/21,Quarantine,"Apr 3, 2021","Apr 4, 2021",1 days,1
20/21,Corona virus,"Mar 26, 2021","Apr 3, 2021",8 days,2
20/21,Wrist fracture,"Feb 25, 2021","Mar 3, 2021",6 days,2
20/21,Fitness,"Sep 9, 2020","Sep 17, 2020",8 days,1
20/21,Inner knee ligament tear,"Aug 22, 2020","Sep 8, 2020",17 days,-
20/21,Inner knee ligament tear,"Aug 9, 2020","Aug 21, 2020",12 days,-
