season,injury,from,until,days,missed_games
21/22,Quarantine,"Dec 4, 2021","Jan 26, 2022",53 days,1
21/22,Hamstring injury,"Oct 11, 2021","Nov 3, 2021",23 days,6
20/21,Rib fracture,"Sep 27, 2020","Nov 1, 2020",35 days,8
20/21,Hamstring injury,"Aug 15, 2020","Sep 22, 2020",38 days,7
19/20,Muscle injury,"Sep 14, 2019","Oct 11, 2019",27 days,5
19/20,Muscle injury,"Jul 23, 2019","Sep 6, 2019",45 days,6
18/19,concussion,"Oct 1, 2018","Oct 12, 2018",11 days,1
17/18,Hamstring injury,"Mar 25, 2018","Apr 6, 2018",12 days,2
17/18,Foot injury,"Mar 6, 2018","Mar 18, 2018",12 days,1
15/16,Wrist injury,"Apr 15, 2016","Jun 10, 2016",56 days,12
