season,injury,from,until,days,missed_games
21/22,Corona virus,"Jul 16, 2021","Jul 26, 2021",10 days,3
20/21,Torn lateral ankle ligament,"Apr 10, 2021","Apr 29, 2021",19 days,5
20/21,Knock,"Sep 29, 2020","Oct 24, 2020",25 days,3
19/20,Hand injury,"Jan 5, 2020","Jan 23, 2020",18 days,4
19/20,Hip injury,"Nov 27, 2019","Dec 10, 2019",13 days,3
19/20,Groin problems,"Apr 28, 2019","Sep 28, 2019",153 days,19
18/19,Ankle injury,"Sep 23, 2018","Sep 28, 2018",5 days,-
18/19,Knee injury,"Aug 12, 2018","Aug 25, 2018",13 days,1
17/18,Hamstring injury,"Jul 29, 2017","Sep 10, 2017",43 days,7
16/17,Hamstring injury,"Mar 6, 2017","Apr 13, 2017",38 days,8
