season,injury,from,until,days,missed_games
23/24,unknown injury,"May 20, 2024","Jun 12, 2024",23 days,2
23/24,Muscle injury,"Jul 10, 2023","Jul 18, 2023",8 days,2
23/24,Ill,"Jun 23, 2023","Jun 26, 2023",3 days,1
22/23,Knee injury,"Mar 15, 2023","Apr 28, 2023",44 days,7
16/17,Knee injury,"Nov 17, 2016","Jan 1, 2017",45 days,6
15/16,unknown injury,"May 11, 2016","May 26, 2016",15 days,4
14/15,Ill,"Mar 13, 2015","Mar 16, 2015",3 days,1
14/15,Ill,"Aug 3, 2014","Aug 9, 2014",6 days,2
14/15,Foot bruise,"Jul 31, 2014","Aug 4, 2014",4 days,2
