season,injury,from,until,days,missed_games
23/24,Hamstring injury,"Aug 28, 2023","Sep 30, 2023",33 days,3
22/23,Ankle injury,"Jan 12, 2023","Mar 20, 2023",67 days,11
21/22,Knock,"Apr 11, 2022","Apr 27, 2022",16 days,3
21/22,Ankle injury,"Mar 1, 2022","Mar 10, 2022",9 days,1
21/22,Knock,"Dec 2, 2021","Dec 15, 2021",13 days,2
20/21,Corona virus,"Apr 2, 2021","Apr 20, 2021",18 days,4
20/21,Shoulder injury,"Aug 24, 2020","Oct 22, 2020",59 days,6
19/20,Dead leg,"Dec 15, 2019","Jan 16, 2020",32 days,3
