season,injury,from,until,days,missed_games
23/24,Ankle injury,"Mar 30, 2024","May 11, 2024",42 days,6
23/24,unknown injury,"Nov 19, 2023","Dec 19, 2023",30 days,4
23/24,unknown injury,"Aug 16, 2023","Sep 20, 2023",35 days,4
22/23,Calf injury,"Sep 19, 2022","Oct 21, 2022",32 days,5
22/23,Hamstring injury,"Aug 5, 2022","Sep 19, 2022",45 days,8
21/22,Knock,"Dec 2, 2021","Feb 3, 2022",63 days,2
21/22,Hamstring injury,"Sep 5, 2021","Sep 30, 2021",25 days,4
21/22,Hand injury,"Aug 1, 2021","Aug 20, 2021",19 days,2
20/21,unknown injury,"Mar 21, 2021","Apr 9, 2021",19 days,2
19/20,minor knock,"Jan 17, 2020","Jan 22, 2020",5 days,1
19/20,Hamstring injury,"Aug 1, 2019","Aug 19, 2019",18 days,3
18/19,unknown injury,"Dec 20, 2018","Dec 24, 2018",4 days,1
18/19,Hamstring injury,"Nov 26, 2018","Dec 10, 2018",14 days,3
17/18,Inner ligament injury,"Apr 20, 2018","Jun 30, 2018",71 days,2
17/18,Foot injury,"Nov 3, 2017","Jan 1, 2018",59 days,9
