season,injury,from,until,days,missed_games
22/23,Meniscus injury,"Jan 30, 2023","Mar 31, 2023",60 days,8
20/21,muscular problems,"Dec 10, 2020","Dec 21, 2020",11 days,2
20/21,muscular problems,"Dec 10, 2020","Dec 15, 2020",5 days,1
20/21,Corona virus,"Oct 21, 2020","Nov 4, 2020",14 days,2
19/20,Meniscus injury,"Feb 5, 2020","Mar 10, 2020",34 days,7
19/20,Knee injury,"Aug 30, 2019","Oct 28, 2019",59 days,9
17/18,Knee injury,"Sep 21, 2018","Dec 31, 2018",101 days,-
16/17,influenza,"Oct 12, 2016","Oct 15, 2016",3 days,-
14/15,Knee surgery,"Jul 15, 2014","Aug 31, 2014",47 days,2
13/14,Meniscus injury,"Feb 1, 2014","Mar 1, 2014",28 days,3
12/13,Meniscus injury,"Jan 23, 2013","Mar 7, 2013",43 days,10
11/12,strain,"Oct 14, 2011","Oct 21, 2011",7 days,2
