,Player Name,Player Number,Player,#,Nation,Pos,Age,Min,Tkl,TklW,Def 3rd,Mid 3rd,Att 3rd,Tkl,Att,Tkl%,Lost,Blocks,Sh,Pass,Int,Tkl+Int,Clr,Err,Player Key,Player Link
0,Mama Samba Baldé,https://fbref.com/en/players/fb14aa28/Mama-Samba-Balde,17,17,gw GNB,FW,25-002,81,1,1,0,0,1,1,1,100.0,0,0,0,0,0,1,2,0,https://fbref.com/en/players/fb14aa28/Mama-Samba-Balde-Mama Samba Baldé,
1,Pape Cheikh Diop,https://fbref.com/en/players/873ce3a2/Pape-Cheikh-Diop,6,6,sn SEN,FW,23-092,9,0,0,0,0,0,0,0,,0,0,0,0,0,0,0,0,https://fbref.com/en/players/873ce3a2/Pape-Cheikh-Diop-Pape Cheikh Diop,
2,Mounir Chouiar,https://fbref.com/en/players/45c1c326/Mounir-Chouiar,21,21,fr FRA,LW,21-290,90,2,2,2,0,0,2,4,50.0,2,0,0,0,0,2,0,0,https://fbref.com/en/players/45c1c326/Mounir-Chouiar-Mounir Chouiar,
3,Roger Assalé,https://fbref.com/en/players/5d5219b1/Roger-Assale,15,15,ci CIV,RW,26-361,62,0,0,0,0,0,0,0,,0,1,1,0,0,0,0,0,https://fbref.com/en/players/5d5219b1/Roger-Assale-Roger Assalé,
4,Moussa Konaté,https://fbref.com/en/players/fcbcbd94/Moussa-Konate,11,11,sn SEN,RW,27-219,28,0,0,0,0,0,0,1,0.0,1,0,0,0,1,1,0,0,https://fbref.com/en/players/fcbcbd94/Moussa-Konate-Moussa Konaté,
5,Bersant Celina,https://fbref.com/en/players/3043d33f/Bersant-Celina,9,9,xk KVX,AM,24-060,90,0,0,0,0,0,0,0,,0,0,0,0,0,0,0,0,https://fbref.com/en/players/3043d33f/Bersant-Celina-Bersant Celina,
6,Wesley Lautoa,https://fbref.com/en/players/6e5b5a45/Wesley-Lautoa,24,24,nc NCL,DM,33-075,90,1,1,0,1,0,0,1,0.0,1,1,0,1,0,1,1,0,https://fbref.com/en/players/6e5b5a45/Wesley-Lautoa-Wesley Lautoa,
7,Didier Ibrahim Ndong,https://fbref.com/en/players/885b7aa7/Didier-Ibrahim-Ndong,22,22,ga GAB,DM,26-144,90,2,2,1,1,0,0,1,0.0,1,1,0,1,0,2,2,0,https://fbref.com/en/players/885b7aa7/Didier-Ibrahim-Ndong-Didier Ibrahim Ndong,
8,Sacha Boey,https://fbref.com/en/players/6c8ddd52/Sacha-Boey,2,2,fr FRA,"LB,RB",20-056,90,3,3,1,2,0,2,3,66.7,1,2,0,2,1,4,2,0,https://fbref.com/en/players/6c8ddd52/Sacha-Boey-Sacha Boey,
9,Senou Coulibaly,https://fbref.com/en/players/67b7357e/Senou-Coulibaly,5,5,ml MLI,CB,26-065,90,3,2,1,2,0,1,1,100.0,0,2,1,1,1,4,4,0,https://fbref.com/en/players/67b7357e/Senou-Coulibaly-Senou Coulibaly,
10,Bruno Ecuele Manga,https://fbref.com/en/players/72a0fb65/Bruno-Ecuele-Manga,25,25,ga GAB,CB,32-115,90,0,0,0,0,0,0,0,,0,3,2,1,0,0,4,0,https://fbref.com/en/players/72a0fb65/Bruno-Ecuele-Manga-Bruno Ecuele Manga,
11,Fouad Chafik,https://fbref.com/en/players/edd1466a/Fouad-Chafik,26,26,ma MAR,RB,34-023,67,2,1,2,0,0,1,2,50.0,1,0,0,0,2,4,3,0,https://fbref.com/en/players/edd1466a/Fouad-Chafik-Fouad Chafik,
12,Muzinga Ngonda,https://fbref.com/en/players/b748968d/Muzinga-Ngonda,3,3,cd COD,LB,25-313,23,0,0,0,0,0,0,0,,0,0,0,0,0,0,0,0,https://fbref.com/en/players/b748968d/Muzinga-Ngonda-Muzinga Ngonda,
13,Anthony Racioppi,https://fbref.com/en/players/abc06eb3/Anthony-Racioppi,1,1,ch SUI,GK,21-313,90,0,0,0,0,0,0,0,,0,0,0,0,0,0,0,0,https://fbref.com/en/players/abc06eb3/Anthony-Racioppi-Anthony Racioppi,
