,Player Name,Player Number,Player,#,Nation,Pos,Age,Min,Touches,Def Pen,Def 3rd,Mid 3rd,Att 3rd,Att Pen,Live,Att,Succ,Succ%,Tkld,Tkld%,Carries,TotDist,PrgDist,PrgC,1/3,CPA,Mis,Dis,Rec,PrgR,Player Key,Player Link
0,Mama Samba Baldé,https://fbref.com/en/players/fb14aa28/Mama-Samba-Balde,17,17,gw GNB,FW,25-002,81,42,2,5,16,21,8,42,2,0,0.0,2,100.0,30,123,38,1,0,1,3,1,33,7,https://fbref.com/en/players/fb14aa28/Mama-Samba-Balde-Mama Samba Baldé,
1,Pape Cheikh Diop,https://fbref.com/en/players/873ce3a2/Pape-Cheikh-Diop,6,6,sn SEN,FW,23-092,9,3,0,1,1,1,0,3,0,0,,0,,3,10,9,0,0,0,0,0,3,0,https://fbref.com/en/players/873ce3a2/Pape-Cheikh-Diop-Pape Cheikh Diop,
2,Mounir Chouiar,https://fbref.com/en/players/45c1c326/Mounir-Chouiar,21,21,fr FRA,LW,21-290,90,54,0,8,26,21,8,53,7,3,42.9,4,57.1,34,185,78,3,2,2,0,3,38,3,https://fbref.com/en/players/45c1c326/Mounir-Chouiar-Mounir Chouiar,
3,Roger Assalé,https://fbref.com/en/players/5d5219b1/Roger-Assale,15,15,ci CIV,RW,26-361,62,24,0,6,11,7,2,24,1,1,100.0,0,0.0,17,106,56,3,2,2,1,1,18,4,https://fbref.com/en/players/5d5219b1/Roger-Assale-Roger Assalé,
4,Moussa Konaté,https://fbref.com/en/players/fcbcbd94/Moussa-Konate,11,11,sn SEN,RW,27-219,28,14,1,1,7,6,3,14,0,0,,0,,8,32,5,0,0,0,0,0,10,0,https://fbref.com/en/players/fcbcbd94/Moussa-Konate-Moussa Konaté,
5,Bersant Celina,https://fbref.com/en/players/3043d33f/Bersant-Celina,9,9,xk KVX,AM,24-060,90,34,0,2,16,16,3,34,1,1,100.0,0,0.0,25,136,97,5,3,1,1,0,25,4,https://fbref.com/en/players/3043d33f/Bersant-Celina-Bersant Celina,
6,Wesley Lautoa,https://fbref.com/en/players/6e5b5a45/Wesley-Lautoa,24,24,nc NCL,DM,33-075,90,60,2,25,33,2,0,60,0,0,,0,,44,161,91,0,0,0,1,0,45,0,https://fbref.com/en/players/6e5b5a45/Wesley-Lautoa-Wesley Lautoa,
7,Didier Ibrahim Ndong,https://fbref.com/en/players/885b7aa7/Didier-Ibrahim-Ndong,22,22,ga GAB,DM,26-144,90,74,2,24,48,2,0,74,2,0,0.0,2,100.0,65,278,93,0,0,0,1,0,65,0,https://fbref.com/en/players/885b7aa7/Didier-Ibrahim-Ndong-Didier Ibrahim Ndong,
8,Sacha Boey,https://fbref.com/en/players/6c8ddd52/Sacha-Boey,2,2,fr FRA,"LB,RB",20-056,90,54,4,16,26,12,0,54,3,3,100.0,0,0.0,22,102,36,1,1,0,2,0,24,4,https://fbref.com/en/players/6c8ddd52/Sacha-Boey-Sacha Boey,
9,Senou Coulibaly,https://fbref.com/en/players/67b7357e/Senou-Coulibaly,5,5,ml MLI,CB,26-065,90,74,10,51,24,0,0,74,1,1,100.0,0,0.0,53,245,133,0,0,0,1,0,49,0,https://fbref.com/en/players/67b7357e/Senou-Coulibaly-Senou Coulibaly,
10,Bruno Ecuele Manga,https://fbref.com/en/players/72a0fb65/Bruno-Ecuele-Manga,25,25,ga GAB,CB,32-115,90,78,13,51,26,1,1,78,0,0,,0,,63,317,237,1,0,0,0,0,61,0,https://fbref.com/en/players/72a0fb65/Bruno-Ecuele-Manga-Bruno Ecuele Manga,
11,Fouad Chafik,https://fbref.com/en/players/edd1466a/Fouad-Chafik,26,26,ma MAR,RB,34-023,67,42,4,23,19,1,0,42,1,1,100.0,0,0.0,30,199,130,0,0,0,1,0,24,0,https://fbref.com/en/players/edd1466a/Fouad-Chafik-Fouad Chafik,
12,Muzinga Ngonda,https://fbref.com/en/players/b748968d/Muzinga-Ngonda,3,3,cd COD,LB,25-313,23,18,0,2,11,5,1,18,0,0,,0,,13,28,11,0,0,0,1,0,12,2,https://fbref.com/en/players/b748968d/Muzinga-Ngonda-Muzinga Ngonda,
13,Anthony Racioppi,https://fbref.com/en/players/abc06eb3/Anthony-Racioppi,1,1,ch SUI,GK,21-313,90,50,42,50,0,0,0,50,0,0,,0,,32,107,41,0,0,0,0,0,23,0,https://fbref.com/en/players/abc06eb3/Anthony-Racioppi-Anthony Racioppi,
