,Player Name,Player Number,Player,#,Nation,Pos,Age,Min,Touches,Def Pen,Def 3rd,Mid 3rd,Att 3rd,Att Pen,Live,Att,Succ,Succ%,Tkld,Tkld%,Carries,TotDist,PrgDist,PrgC,1/3,CPA,Mis,Dis,Rec,PrgR,Player Key,Player Link
0,Opa Nguette,https://fbref.com/en/players/75a63397/Opa-Nguette,11,11,sn SEN,FW,26-123,59,24,0,0,8,16,2,23,3,1,33.3,2,66.7,12,63,20,1,2,0,4,2,21,8,https://fbref.com/en/players/75a63397/Opa-Nguette-Opa Nguette,
1,Aaron Leya Iseka,https://fbref.com/en/players/29ef0f49/Aaron-Leya-Iseka,24,24,be BEL,FW,22-359,31,4,0,0,2,2,1,4,1,1,100.0,0,0.0,4,13,1,0,0,0,0,0,5,1,https://fbref.com/en/players/29ef0f49/Aaron-Leya-Iseka-Aaron Leya Iseka,
2,Papa Ndiaga Yade,https://fbref.com/en/players/87e9c7cd/Papa-Ndiaga-Yade,26,26,mr MTN,LW,20-308,59,17,0,1,5,11,3,17,1,0,0.0,1,100.0,15,93,44,2,2,2,2,1,14,5,https://fbref.com/en/players/87e9c7cd/Papa-Ndiaga-Yade-Papa Ndiaga Yade,
3,Vagner Gonçalves,https://fbref.com/en/players/743fd71f/Vagner-Goncalves,27,27,cv CPV,LW,24-303,31,8,0,0,2,6,2,8,0,0,,0,,9,34,10,0,0,0,3,1,9,5,https://fbref.com/en/players/743fd71f/Vagner-Goncalves-Vagner Gonçalves,
4,Lamine Gueye,https://fbref.com/en/players/9d5dcc23/Lamine-Gueye,13,13,sn SEN,RW,22-240,76,46,0,5,19,22,5,46,1,0,0.0,1,100.0,36,180,111,5,1,2,3,2,37,10,https://fbref.com/en/players/9d5dcc23/Lamine-Gueye-Lamine Gueye,
5,Thierry Ambrose,https://fbref.com/en/players/2945f4b7/Thierry-Ambrose,9,9,gp GLP,RW,23-225,14,9,0,0,3,6,1,9,1,0,0.0,1,100.0,6,40,19,1,0,0,0,0,7,2,https://fbref.com/en/players/2945f4b7/Thierry-Ambrose-Thierry Ambrose,
6,Farid Boulaya,https://fbref.com/en/players/a0791826/Farid-Boulaya,10,10,dz ALG,AM,27-257,90,53,0,2,27,24,1,53,4,4,100.0,0,0.0,39,287,140,6,2,2,0,0,39,4,https://fbref.com/en/players/a0791826/Farid-Boulaya-Farid Boulaya,
7,Mamadou Fofana,https://fbref.com/en/players/4c4ffacc/Mamadou-Fofana,6,6,ml MLI,DM,22-292,90,45,2,6,37,3,1,45,0,0,,0,,33,109,60,1,0,0,1,0,24,1,https://fbref.com/en/players/4c4ffacc/Mamadou-Fofana-Mamadou Fofana,
8,Habib Maïga,https://fbref.com/en/players/e768de1f/Habib-Maiga,19,19,ci CIV,DM,24-312,90,40,0,7,29,4,1,40,1,1,100.0,0,0.0,29,114,44,2,1,1,1,1,24,0,https://fbref.com/en/players/e768de1f/Habib-Maiga-Habib Maïga,
9,Thomas Delaine,https://fbref.com/en/players/8332db56/Thomas-Delaine,17,17,fr FRA,LB,28-229,90,53,5,15,19,19,1,53,0,0,,0,,35,319,233,8,5,1,1,0,35,8,https://fbref.com/en/players/8332db56/Thomas-Delaine-Thomas Delaine,
10,John Boye,https://fbref.com/en/players/861227d2/John-Boye,21,21,gh GHA,CB,33-199,90,57,5,36,18,3,2,57,0,0,,0,,42,138,42,0,0,0,1,0,39,0,https://fbref.com/en/players/861227d2/John-Boye-John Boye,
11,Dylan Bronn,https://fbref.com/en/players/edd81e2a/Dylan-Bronn,2,2,tn TUN,CB,25-142,90,65,5,40,23,2,1,65,0,0,,0,,54,296,171,1,0,0,0,0,50,0,https://fbref.com/en/players/edd81e2a/Dylan-Bronn-Dylan Bronn,
12,Fabien Centonze,https://fbref.com/en/players/3c6bbbab/Fabien-Centonze,18,18,fr FRA,RB,24-297,90,73,4,28,30,15,0,73,2,0,0.0,2,100.0,41,257,156,3,2,0,1,0,35,4,https://fbref.com/en/players/3c6bbbab/Fabien-Centonze-Fabien Centonze,
13,Alexandre Oukidja,https://fbref.com/en/players/ae7d0ecd/Alexandre-Oukidja,16,16,dz ALG,GK,32-112,90,35,29,35,0,0,0,35,0,0,,0,,24,127,81,0,0,0,0,0,9,0,https://fbref.com/en/players/ae7d0ecd/Alexandre-Oukidja-Alexandre Oukidja,
