,Player Name,Player Number,Player,#,Nation,Pos,Age,Min,Att,Live,Dead,FK,TB,Sw,Crs,TI,CK,In,Out,Str,Cmp,Off,Blocks,Player Key,Player Link
0,Opa Nguette,https://fbref.com/en/players/75a63397/Opa-Nguette,11,11,sn SEN,FW,26-123,59,16,15,1,0,0,0,1,0,0,0,0,0,12,0,0,https://fbref.com/en/players/75a63397/Opa-Nguette-Opa Nguette,
1,Aaron Leya Iseka,https://fbref.com/en/players/29ef0f49/Aaron-Leya-Iseka,24,24,be BEL,FW,22-359,31,2,2,0,0,0,0,0,0,0,0,0,0,1,0,0,https://fbref.com/en/players/29ef0f49/Aaron-Leya-Iseka-Aaron Leya Iseka,
2,Papa Ndiaga Yade,https://fbref.com/en/players/87e9c7cd/Papa-Ndiaga-Yade,26,26,mr MTN,LW,20-308,59,11,11,0,0,0,0,2,0,0,0,0,0,7,0,0,https://fbref.com/en/players/87e9c7cd/Papa-Ndiaga-Yade-Papa Ndiaga Yade,
3,Vagner Gonçalves,https://fbref.com/en/players/743fd71f/Vagner-Goncalves,27,27,cv CPV,LW,24-303,31,4,4,0,0,0,0,0,0,0,0,0,0,4,0,0,https://fbref.com/en/players/743fd71f/Vagner-Goncalves-Vagner Gonçalves,
4,Lamine Gueye,https://fbref.com/en/players/9d5dcc23/Lamine-Gueye,13,13,sn SEN,RW,22-240,76,33,33,0,0,0,1,6,0,0,0,0,0,21,0,4,https://fbref.com/en/players/9d5dcc23/Lamine-Gueye-Lamine Gueye,
5,Thierry Ambrose,https://fbref.com/en/players/2945f4b7/Thierry-Ambrose,9,9,gp GLP,RW,23-225,14,6,6,0,0,0,0,2,0,0,0,0,0,4,0,0,https://fbref.com/en/players/2945f4b7/Thierry-Ambrose-Thierry Ambrose,
6,Farid Boulaya,https://fbref.com/en/players/a0791826/Farid-Boulaya,10,10,dz ALG,AM,27-257,90,47,35,11,4,0,2,6,1,5,1,1,0,37,1,1,https://fbref.com/en/players/a0791826/Farid-Boulaya-Farid Boulaya,
7,Mamadou Fofana,https://fbref.com/en/players/4c4ffacc/Mamadou-Fofana,6,6,ml MLI,DM,22-292,90,41,40,1,1,0,0,0,0,0,0,0,0,37,0,0,https://fbref.com/en/players/4c4ffacc/Mamadou-Fofana-Mamadou Fofana,
8,Habib Maïga,https://fbref.com/en/players/e768de1f/Habib-Maiga,19,19,ci CIV,DM,24-312,90,35,35,0,0,0,0,1,0,0,0,0,0,24,0,1,https://fbref.com/en/players/e768de1f/Habib-Maiga-Habib Maïga,
9,Thomas Delaine,https://fbref.com/en/players/8332db56/Thomas-Delaine,17,17,fr FRA,LB,28-229,90,42,35,7,0,0,0,5,7,0,0,0,0,30,0,0,https://fbref.com/en/players/8332db56/Thomas-Delaine-Thomas Delaine,
10,John Boye,https://fbref.com/en/players/861227d2/John-Boye,21,21,gh GHA,CB,33-199,90,47,46,1,0,0,0,0,1,0,0,0,0,46,0,0,https://fbref.com/en/players/861227d2/John-Boye-John Boye,
11,Dylan Bronn,https://fbref.com/en/players/edd81e2a/Dylan-Bronn,2,2,tn TUN,CB,25-142,90,59,57,2,1,0,0,0,1,0,0,0,0,54,0,0,https://fbref.com/en/players/edd81e2a/Dylan-Bronn-Dylan Bronn,
12,Fabien Centonze,https://fbref.com/en/players/3c6bbbab/Fabien-Centonze,18,18,fr FRA,RB,24-297,90,58,44,14,1,0,0,2,13,0,0,0,0,44,0,0,https://fbref.com/en/players/3c6bbbab/Fabien-Centonze-Fabien Centonze,
13,Alexandre Oukidja,https://fbref.com/en/players/ae7d0ecd/Alexandre-Oukidja,16,16,dz ALG,GK,32-112,90,31,23,8,2,0,0,0,0,0,0,0,0,27,0,0,https://fbref.com/en/players/ae7d0ecd/Alexandre-Oukidja-Alexandre Oukidja,
