,Minute,Player,Squad,xG,PSxG,Outcome,Distance,Body Part,Notes,SCA 1 Player,SCA 1 Event,SCA 2 Player,SCA 2 Event
0,6,Farid Boulaya,Metz,0.03,,Blocked,27,Right Foot,,Mamadou Fofana,Pass (Live),,
1,7,Opa Nguette(pen),Metz,0.79,0.96,Saved,13,Right Foot,,Farid Boulaya,Fouled,Farid Boulaya,Take-On
2,10,Roger Assalé,Dijon,0.03,0.02,Saved,27,Right Foot,,,,,
3,13,Mama Samba Baldé,Dijon,0.42,0.86,Goal,8,Right Foot,,Mounir Chouiar,Pass (Live),Roger Assalé,Pass (Live)
4,21,Papa Ndiaga Yade,Metz,0.08,0.43,Goal,16,Left Foot,,Lamine Gueye,Pass (Live),Fabien Centonze,Pass (Live)
5,22,Mama Samba Baldé,Dijon,0.12,,Off Target,13,Left Foot,,Bersant Celina,Pass (Live),Mounir Chouiar,Pass (Live)
6,31,Mounir Chouiar(pen),Dijon,0.79,0.95,Saved,13,Right Foot,,Mama Samba Baldé,Fouled,Didier Ibrahim Ndong,Pass (Live)
7,32,Lamine Gueye,Metz,0.06,,Blocked,15,Right Foot,,Fabien Centonze,Pass (Live),Alexandre Oukidja,Pass (Live)
8,36,Dylan Bronn,Metz,0.10,,Off Target,10,Right Foot,,Mamadou Fofana,Pass (Live),Fabien Centonze,Pass (Live)
9,37,John Boye,Metz,0.35,,Off Target,5,Head,,Farid Boulaya,Pass (Dead),Farid Boulaya,Take-On
10,39,Mounir Chouiar,Dijon,0.03,0.11,Saved,25,Right Foot,,Mounir Chouiar,Pass (Live),Mounir Chouiar,Take-On
11,40,Mounir Chouiar,Dijon,0.11,,Off Target,14,Right Foot,,Bersant Celina,Pass (Live),Didier Ibrahim Ndong,Pass (Live)
12,45,Farid Boulaya,Metz,0.04,,Blocked,35,Right Foot,Free kick,Farid Boulaya,Fouled,Papa Ndiaga Yade,Pass (Live)
13,45+1,Thomas Delaine,Metz,0.02,,Off Target,39,Left Foot,,John Boye,Pass (Live),Dylan Bronn,Pass (Live)
14,,,,,,,,,,,,,
15,50,Mamadou Fofana,Metz,0.28,,Off Target,6,Head,,Farid Boulaya,Pass (Dead),Fabien Centonze,Fouled
16,57,Bersant Celina,Dijon,0.04,0.11,Saved,23,Right Foot,,Mounir Chouiar,Pass (Live),Mama Samba Baldé,Pass (Live)
17,59,Mounir Chouiar,Dijon,0.08,0.13,Saved,16,Left Foot,,Mounir Chouiar,Take-On,Mama Samba Baldé,Pass (Live)
18,59,Mama Samba Baldé,Dijon,0.04,,Off Target,14,Head,,Mounir Chouiar,Pass (Dead),Mounir Chouiar,Shot
19,62,Farid Boulaya,Metz,0.05,,Off Target,27,Right Foot,Free kick,Vagner Gonçalves,Fouled,Dylan Bronn,Pass (Live)
20,64,John Boye,Metz,0.07,,Blocked,11,Head,,Farid Boulaya,Pass (Dead),Aaron Leya Iseka,Fouled
21,67,Aaron Leya Iseka,Metz,0.30,0.34,Saved,11,Left Foot,,Lamine Gueye,Pass (Live),Dylan Bronn,Pass (Live)
22,70,Sacha Boey,Dijon,0.02,,Off Target,23,Right Foot,Volley,Mounir Chouiar,Pass (Live),Mounir Chouiar,Pass (Live)
23,70,Moussa Konaté,Dijon,0.12,,Off Target,11,Right Foot,,Sacha Boey,Shot,,
24,76,Vagner Gonçalves,Metz,0.05,,Off Target,14,Left Foot,Volley,Habib Maïga,Pass (Live),Farid Boulaya,Pass (Live)
25,81,Fabien Centonze,Metz,0.02,,Off Target,33,Left Foot,,Farid Boulaya,Pass (Live),Thomas Delaine,Pass (Live)
26,83,Moussa Konaté,Dijon,0.05,,Woodwork,14,Head,,Muzinga Ngonda,Pass (Live),Wesley Lautoa,Pass (Live)
27,83,Mounir Chouiar,Dijon,0.05,,Off Target,18,Left Foot,,Moussa Konaté,Shot,,
28,87,Thierry Ambrose,Metz,0.04,0.08,Saved,16,Right Foot,Volley,,,,
29,90,Moussa Konaté,Dijon,0.06,,Blocked,9,Head,,Pape Cheikh Diop,Pass (Live),Didier Ibrahim Ndong,Pass (Live)
30,90+2,Bruno Ecuele Manga,Dijon,0.10,0.11,Saved,11,Head,,Mounir Chouiar,Pass (Dead),,Fouled
