season,injury,from,until,days,missed_games
18/19,Knock,"Apr 21, 2019","Apr 25, 2019",4 days,-
18/19,Chest injury,"Mar 3, 2019","Mar 26, 2019",23 days,2
18/19,Back injury,"Jan 31, 2019","Feb 8, 2019",8 days,1
18/19,Knee injury,"Dec 20, 2018","Dec 25, 2018",5 days,1
18/19,Groin strain,"Dec 9, 2018","Dec 14, 2018",5 days,-
18/19,Hip injury,"Aug 12, 2018","Aug 24, 2018",12 days,1
17/18,Ankle injury,"Jul 27, 2017","Sep 11, 2017",46 days,5
16/17,Neck injury,"Mar 16, 2017","Apr 3, 2017",18 days,2
15/16,Knee injury,"Feb 29, 2016","Apr 25, 2016",56 days,10
