season,injury,from,until,days,missed_games
22/23,unknown injury,"Jan 28, 2023","Feb 1, 2023",4 days,1
22/23,Knee injury,"Nov 1, 2022","Nov 10, 2022",9 days,1
21/22,Cruciate ligament injury,"Jul 2, 2021","Jun 23, 2022",356 days,37
20/21,Groin injury,"Apr 17, 2021","May 11, 2021",24 days,4
20/21,Knock,"Jan 14, 2021","Mar 18, 2021",63 days,9
20/21,Knock,"Oct 30, 2020","Dec 1, 2020",32 days,5
20/21,Knock,"Jul 1, 2020","Sep 26, 2020",87 days,5
19/20,Thigh problems,"Oct 13, 2019","Nov 23, 2019",41 days,8
