,Player Name,Player Number,Player,#,Nation,Pos,Age,Min,Touches,Def Pen,Def 3rd,Mid 3rd,Att 3rd,Att Pen,Live,Att,Succ,Succ%,Tkld,Tkld%,Carries,TotDist,PrgDist,PrgC,1/3,CPA,Mis,Dis,Rec,PrgR,Player Key,Player Link
0,Duván Zapata,https://fbref.com/en/players/d3de9af0/Duvan-Zapata,91,91,co COL,FW,29-283,72,38,2,3,6,30,8,38,2,2,100.0,0,0.0,26,162,102,3,3,3,7,1,30,10,https://fbref.com/en/players/d3de9af0/Duvan-Zapata-Duván Zapata,
1,Luis Muriel,https://fbref.com/en/players/eb2fe5b6/Luis-Muriel,9,9,co COL,FW,29-268,18,13,0,0,3,10,2,13,5,5,100.0,0,0.0,7,59,37,1,1,1,0,1,8,2,https://fbref.com/en/players/eb2fe5b6/Luis-Muriel-Luis Muriel,
2,Josip Iličić,https://fbref.com/en/players/68252d6d/Josip-Ilicic,72,72,si SVN,FW,32-346,86,77,0,3,22,53,11,77,10,10,100.0,0,0.0,52,301,211,8,6,3,2,0,65,13,https://fbref.com/en/players/68252d6d/Josip-Ilicic-Josip Iličić,
3,Aleksei Miranchuk,https://fbref.com/en/players/a9aa0d1d/Aleksei-Miranchuk,59,59,ru RUS,FW,25-084,4,9,0,1,5,3,0,9,0,0,,0,,7,27,14,1,1,0,0,0,9,0,https://fbref.com/en/players/a9aa0d1d/Aleksei-Miranchuk-Aleksei Miranchuk,
4,Matteo Pessina,https://fbref.com/en/players/780e3631/Matteo-Pessina,32,32,it ITA,AM,23-263,63,42,0,0,23,19,3,42,1,0,0.0,1,100.0,28,154,70,2,0,0,2,0,31,3,https://fbref.com/en/players/780e3631/Matteo-Pessina-Matteo Pessina,
5,Ruslan Malinovskyi,https://fbref.com/en/players/48d5bd33/Ruslan-Malinovskyi,18,18,ua UKR,AM,27-250,27,27,0,2,9,17,0,27,2,2,100.0,0,0.0,12,53,33,0,1,0,0,1,20,5,https://fbref.com/en/players/48d5bd33/Ruslan-Malinovskyi-Ruslan Malinovskyi,
6,Remo Freuler,https://fbref.com/en/players/98d2c2c4/Remo-Freuler,11,11,ch SUI,CM,28-269,86,73,0,7,46,20,2,73,1,0,0.0,1,100.0,42,218,110,0,3,0,2,0,53,0,https://fbref.com/en/players/98d2c2c4/Remo-Freuler-Remo Freuler,
7,Fabio Depaoli,https://fbref.com/en/players/d97f2e8d/Fabio-Depaoli,27,27,it ITA,CM,23-260,4,6,0,0,5,1,0,6,0,0,,0,,5,30,6,0,0,0,0,0,5,1,https://fbref.com/en/players/d97f2e8d/Fabio-Depaoli-Fabio Depaoli,
8,Marten de Roon,https://fbref.com/en/players/2a1beb34/Marten-de-Roon,15,15,nl NED,CM,29-286,90,62,0,7,46,9,0,62,0,0,,0,,29,175,106,1,0,0,1,0,36,1,https://fbref.com/en/players/2a1beb34/Marten-de-Roon-Marten de Roon,
9,Robin Gosens,https://fbref.com/en/players/2d970560/Robin-Gosens,8,8,de GER,WB,26-188,72,49,1,11,22,17,3,49,2,1,50.0,1,50.0,15,107,46,3,3,0,1,0,28,4,https://fbref.com/en/players/2d970560/Robin-Gosens-Robin Gosens,
10,Joakim Mæhle,https://fbref.com/en/players/c459a650/Joakim-Maehle,3,3,dk DEN,WB,23-234,18,13,0,1,7,6,2,13,1,0,0.0,1,100.0,6,74,23,2,1,1,0,0,5,2,https://fbref.com/en/players/c459a650/Joakim-Maehle-Joakim Mæhle,
11,Hans Hateboer,https://fbref.com/en/players/3b333ac3/Hans-Hateboer,33,33,nl NED,WB,27-000,90,57,1,10,21,27,7,57,1,0,0.0,1,100.0,32,230,173,3,1,0,3,0,42,9,https://fbref.com/en/players/3b333ac3/Hans-Hateboer-Hans Hateboer,
12,José Luis Palomino,https://fbref.com/en/players/921f6058/Jose-Luis-Palomino,6,6,ar ARG,CB,31-004,90,68,1,19,43,6,1,68,1,1,100.0,0,0.0,33,167,92,0,0,0,1,0,44,1,https://fbref.com/en/players/921f6058/Jose-Luis-Palomino-José Luis Palomino,
13,Cristian Romero,https://fbref.com/en/players/a3d94a58/Cristian-Romero,17,17,ar ARG,CB,22-257,90,55,4,26,26,4,2,55,0,0,,0,,33,257,76,0,0,0,0,0,34,1,https://fbref.com/en/players/a3d94a58/Cristian-Romero-Cristian Romero,
14,Rafael Tolói,https://fbref.com/en/players/c56dc39e/Rafael-Toloi,2,2,it ITA,CB,30-091,90,61,2,12,38,11,3,61,0,0,,0,,32,152,103,1,4,0,1,0,41,5,https://fbref.com/en/players/c56dc39e/Rafael-Toloi-Rafael Tolói,
15,Pierluigi Gollini,https://fbref.com/en/players/f0f7f62f/Pierluigi-Gollini,95,95,it ITA,GK,25-297,90,22,14,22,0,0,0,22,1,1,100.0,0,0.0,12,87,21,0,0,0,0,0,12,0,https://fbref.com/en/players/f0f7f62f/Pierluigi-Gollini-Pierluigi Gollini,
