,Player Name,Player Number,Player,#,Nation,Pos,Age,Min,CrdY,CrdR,2CrdY,Fls,Fld,Off,Crs,Int,TklW,PKwon,PKcon,OG,Recov,Won,Lost,Won%,Player Key,Player Link
0,Duván Zapata,https://fbref.com/en/players/d3de9af0/Duvan-Zapata,91,91,co COL,FW,29-283,72,0,0,0,0,0,3,0,0,0,0,0,0,2,0,0,,https://fbref.com/en/players/d3de9af0/Duvan-Zapata-Duván Zapata,
1,Luis Muriel,https://fbref.com/en/players/eb2fe5b6/Luis-Muriel,9,9,co COL,FW,29-268,18,0,0,0,0,0,0,0,1,0,0,0,0,2,1,1,50.0,https://fbref.com/en/players/eb2fe5b6/Luis-Muriel-Luis Muriel,
2,Josip Iličić,https://fbref.com/en/players/68252d6d/Josip-Ilicic,72,72,si SVN,FW,32-346,86,0,0,0,1,4,0,8,1,0,0,0,0,3,0,0,,https://fbref.com/en/players/68252d6d/Josip-Ilicic-Josip Iličić,
3,Aleksei Miranchuk,https://fbref.com/en/players/a9aa0d1d/Aleksei-Miranchuk,59,59,ru RUS,FW,25-084,4,0,0,0,1,1,0,0,0,0,0,0,0,0,0,0,,https://fbref.com/en/players/a9aa0d1d/Aleksei-Miranchuk-Aleksei Miranchuk,
4,Matteo Pessina,https://fbref.com/en/players/780e3631/Matteo-Pessina,32,32,it ITA,AM,23-263,63,0,0,0,2,1,0,0,0,0,0,0,0,7,0,0,,https://fbref.com/en/players/780e3631/Matteo-Pessina-Matteo Pessina,
5,Ruslan Malinovskyi,https://fbref.com/en/players/48d5bd33/Ruslan-Malinovskyi,18,18,ua UKR,AM,27-250,27,0,0,0,1,1,0,6,0,0,0,0,0,5,0,1,0.0,https://fbref.com/en/players/48d5bd33/Ruslan-Malinovskyi-Ruslan Malinovskyi,
6,Remo Freuler,https://fbref.com/en/players/98d2c2c4/Remo-Freuler,11,11,ch SUI,CM,28-269,86,0,0,0,1,0,0,1,3,1,0,0,0,7,0,2,0.0,https://fbref.com/en/players/98d2c2c4/Remo-Freuler-Remo Freuler,
7,Fabio Depaoli,https://fbref.com/en/players/d97f2e8d/Fabio-Depaoli,27,27,it ITA,CM,23-260,4,0,0,0,2,0,0,0,1,0,0,0,0,0,0,0,,https://fbref.com/en/players/d97f2e8d/Fabio-Depaoli-Fabio Depaoli,
8,Marten de Roon,https://fbref.com/en/players/2a1beb34/Marten-de-Roon,15,15,nl NED,CM,29-286,90,1,0,0,2,1,0,1,1,0,0,0,0,10,2,2,50.0,https://fbref.com/en/players/2a1beb34/Marten-de-Roon-Marten de Roon,
9,Robin Gosens,https://fbref.com/en/players/2d970560/Robin-Gosens,8,8,de GER,WB,26-188,72,0,0,0,3,1,0,3,1,1,0,0,0,3,2,0,100.0,https://fbref.com/en/players/2d970560/Robin-Gosens-Robin Gosens,
10,Joakim Mæhle,https://fbref.com/en/players/c459a650/Joakim-Maehle,3,3,dk DEN,WB,23-234,18,0,0,0,1,0,0,0,2,0,0,0,0,1,1,0,100.0,https://fbref.com/en/players/c459a650/Joakim-Maehle-Joakim Mæhle,
11,Hans Hateboer,https://fbref.com/en/players/3b333ac3/Hans-Hateboer,33,33,nl NED,WB,27-000,90,0,0,0,0,0,0,1,0,1,0,0,0,2,3,0,100.0,https://fbref.com/en/players/3b333ac3/Hans-Hateboer-Hans Hateboer,
12,José Luis Palomino,https://fbref.com/en/players/921f6058/Jose-Luis-Palomino,6,6,ar ARG,CB,31-004,90,1,0,0,3,1,1,0,0,2,0,0,0,5,5,1,83.3,https://fbref.com/en/players/921f6058/Jose-Luis-Palomino-José Luis Palomino,
13,Cristian Romero,https://fbref.com/en/players/a3d94a58/Cristian-Romero,17,17,ar ARG,CB,22-257,90,0,0,0,2,2,0,0,2,4,0,0,0,12,4,3,57.1,https://fbref.com/en/players/a3d94a58/Cristian-Romero-Cristian Romero,
14,Rafael Tolói,https://fbref.com/en/players/c56dc39e/Rafael-Toloi,2,2,it ITA,CB,30-091,90,0,0,0,2,0,0,1,1,1,0,0,0,6,1,0,100.0,https://fbref.com/en/players/c56dc39e/Rafael-Toloi-Rafael Tolói,
15,Pierluigi Gollini,https://fbref.com/en/players/f0f7f62f/Pierluigi-Gollini,95,95,it ITA,GK,25-297,90,0,0,0,0,0,0,0,0,0,0,0,0,3,0,0,,https://fbref.com/en/players/f0f7f62f/Pierluigi-Gollini-Pierluigi Gollini,
