,Player Name,Player Number,Player,#,Nation,Pos,Age,Min,Att,Live,Dead,FK,TB,Sw,Crs,TI,CK,In,Out,Str,Cmp,Off,Blocks,Player Key,Player Link
0,Gianluca Lapadula,https://fbref.com/en/players/2ead2809/Gianluca-Lapadula,9,9,pe PER,FW,30-337,57,9,8,1,0,0,0,0,0,0,0,0,0,6,0,0,https://fbref.com/en/players/2ead2809/Gianluca-Lapadula-Gianluca Lapadula,
1,Roberto Insigne,https://fbref.com/en/players/8faf7b3c/Roberto-Insigne,19,19,it ITA,FW,26-243,33,18,15,3,2,0,0,1,0,1,0,1,0,12,0,3,https://fbref.com/en/players/8faf7b3c/Roberto-Insigne-Roberto Insigne,
2,Marco Sau,https://fbref.com/en/players/1ad1f50d/Marco-Sau,25,25,it ITA,"LW,FW",33-067,57,18,15,3,2,0,0,1,0,0,0,0,0,12,0,0,https://fbref.com/en/players/1ad1f50d/Marco-Sau-Marco Sau,
3,Giuseppe Di Serio,https://fbref.com/en/players/5048486b/Giuseppe-Di-Serio,20,20,it ITA,FW,19-173,33,10,7,3,0,0,0,0,0,0,0,0,0,9,0,0,https://fbref.com/en/players/5048486b/Giuseppe-Di-Serio-Giuseppe Di Serio,
4,Riccardo Improta,https://fbref.com/en/players/f6dfa5b8/Riccardo-Improta,16,16,it ITA,"LB,RW",27-021,90,28,26,2,0,0,0,0,2,0,0,0,0,20,0,2,https://fbref.com/en/players/f6dfa5b8/Riccardo-Improta-Riccardo Improta,
5,Artur Ioniță,https://fbref.com/en/players/cedb3e36/Artur-Ionita,29,29,md MDA,CM,30-145,79,12,12,0,0,0,0,0,0,0,0,0,0,10,0,0,https://fbref.com/en/players/cedb3e36/Artur-Ionita-Artur Ioniță,
6,Lorenzo Del Pinto,https://fbref.com/en/players/081b6080/Lorenzo-Del-Pinto,4,4,it ITA,CM,30-206,11,8,8,0,0,0,0,0,0,0,0,0,0,5,0,0,https://fbref.com/en/players/081b6080/Lorenzo-Del-Pinto-Lorenzo Del Pinto,
7,Pasquale Schiattarella,https://fbref.com/en/players/bd84fc61/Pasquale-Schiattarella,28,28,it ITA,CM,33-224,90,47,46,1,1,0,0,1,0,0,0,0,0,37,0,1,https://fbref.com/en/players/bd84fc61/Pasquale-Schiattarella-Pasquale Schiattarella,
8,Bryan Dabo,https://fbref.com/en/players/c53083ad/Bryan-Dabo,14,14,bf BFA,CM,28-326,57,17,16,1,0,0,0,0,1,0,0,0,0,12,0,1,https://fbref.com/en/players/c53083ad/Bryan-Dabo-Bryan Dabo,
9,Përparim Hetemaj,https://fbref.com/en/players/90b70194/Perparim-Hetemaj,56,56,fi FIN,CM,34-028,33,11,11,0,0,0,0,0,0,0,0,0,0,6,0,0,https://fbref.com/en/players/90b70194/Perparim-Hetemaj-Përparim Hetemaj,
10,Daam Foulon,https://fbref.com/en/players/658d44be/Daam-Foulon,18,18,be BEL,LB,21-292,45,15,14,1,0,0,0,1,1,0,0,0,0,10,0,2,https://fbref.com/en/players/658d44be/Daam-Foulon-Daam Foulon,
11,Christian Pastina,https://fbref.com/en/players/38bf62b5/Christian-Pastina,58,58,it ITA,CB,19-329,45,16,14,2,0,0,1,1,2,0,0,0,0,13,0,0,https://fbref.com/en/players/38bf62b5/Christian-Pastina-Christian Pastina,
12,Federico Barba,https://fbref.com/en/players/c010b898/Federico-Barba,93,93,it ITA,CB,27-130,90,40,34,6,6,0,0,0,0,0,0,0,0,31,0,2,https://fbref.com/en/players/c010b898/Federico-Barba-Federico Barba,
13,Kamil Glik,https://fbref.com/en/players/c6056d58/Kamil-Glik,15,15,pl POL,CB,32-341,90,47,40,7,7,0,1,0,0,0,0,0,0,42,0,0,https://fbref.com/en/players/c6056d58/Kamil-Glik-Kamil Glik,
14,Christian Maggio,https://fbref.com/en/players/31d7f557/Christian-Maggio,11,11,it ITA,RB,38-333,90,60,48,12,2,0,0,1,10,0,0,0,0,42,0,3,https://fbref.com/en/players/31d7f557/Christian-Maggio-Christian Maggio,
15,Lorenzo Montipò,https://fbref.com/en/players/c1d95617/Lorenzo-Montipo,1,1,it ITA,GK,24-324,90,41,25,16,5,0,0,0,0,0,0,0,0,25,0,0,https://fbref.com/en/players/c1d95617/Lorenzo-Montipo-Lorenzo Montipò,
