,Player Name,Player Number,Player,#,Nation,Pos,Age,Min,Touches,Def Pen,Def 3rd,Mid 3rd,Att 3rd,Att Pen,Live,Att,Succ,Succ%,Tkld,Tkld%,Carries,TotDist,PrgDist,PrgC,1/3,CPA,Mis,Dis,Rec,PrgR,Player Key,Player Link
0,Gianluca Lapadula,https://fbref.com/en/players/2ead2809/Gianluca-Lapadula,9,9,pe PER,FW,30-337,57,12,0,0,8,4,1,12,1,1,100.0,0,0.0,9,39,14,0,0,0,1,3,16,5,https://fbref.com/en/players/2ead2809/Gianluca-Lapadula-Gianluca Lapadula,
1,Roberto Insigne,https://fbref.com/en/players/8faf7b3c/Roberto-Insigne,19,19,it ITA,FW,26-243,33,20,1,4,9,8,1,20,1,1,100.0,0,0.0,9,72,17,1,1,0,2,0,13,3,https://fbref.com/en/players/8faf7b3c/Roberto-Insigne-Roberto Insigne,
2,Marco Sau,https://fbref.com/en/players/1ad1f50d/Marco-Sau,25,25,it ITA,"LW,FW",33-067,57,24,0,6,14,4,1,24,1,1,100.0,0,0.0,14,67,5,0,0,0,1,0,15,2,https://fbref.com/en/players/1ad1f50d/Marco-Sau-Marco Sau,
3,Giuseppe Di Serio,https://fbref.com/en/players/5048486b/Giuseppe-Di-Serio,20,20,it ITA,FW,19-173,33,13,1,3,8,2,0,13,0,0,,0,,7,22,10,0,0,0,0,4,9,1,https://fbref.com/en/players/5048486b/Giuseppe-Di-Serio-Giuseppe Di Serio,
4,Riccardo Improta,https://fbref.com/en/players/f6dfa5b8/Riccardo-Improta,16,16,it ITA,"LB,RW",27-021,90,41,5,12,18,11,1,41,1,1,100.0,0,0.0,26,130,63,1,0,0,3,5,25,7,https://fbref.com/en/players/f6dfa5b8/Riccardo-Improta-Riccardo Improta,
5,Artur Ioniță,https://fbref.com/en/players/cedb3e36/Artur-Ionita,29,29,md MDA,CM,30-145,79,18,3,8,8,2,0,18,1,1,100.0,0,0.0,6,18,4,0,0,0,0,1,8,1,https://fbref.com/en/players/cedb3e36/Artur-Ionita-Artur Ioniță,
6,Lorenzo Del Pinto,https://fbref.com/en/players/081b6080/Lorenzo-Del-Pinto,4,4,it ITA,CM,30-206,11,8,0,3,5,0,0,8,0,0,,0,,3,16,0,0,0,0,0,1,8,0,https://fbref.com/en/players/081b6080/Lorenzo-Del-Pinto-Lorenzo Del Pinto,
7,Pasquale Schiattarella,https://fbref.com/en/players/bd84fc61/Pasquale-Schiattarella,28,28,it ITA,CM,33-224,90,56,3,18,35,3,0,56,2,1,50.0,1,50.0,24,104,41,0,0,0,0,1,36,0,https://fbref.com/en/players/bd84fc61/Pasquale-Schiattarella-Pasquale Schiattarella,
8,Bryan Dabo,https://fbref.com/en/players/c53083ad/Bryan-Dabo,14,14,bf BFA,CM,28-326,57,24,1,4,16,4,0,24,0,0,,0,,7,29,11,0,0,0,3,1,17,2,https://fbref.com/en/players/c53083ad/Bryan-Dabo-Bryan Dabo,
9,Përparim Hetemaj,https://fbref.com/en/players/90b70194/Perparim-Hetemaj,56,56,fi FIN,CM,34-028,33,14,0,3,8,4,0,14,0,0,,0,,5,22,13,0,1,0,0,0,10,0,https://fbref.com/en/players/90b70194/Perparim-Hetemaj-Përparim Hetemaj,
10,Daam Foulon,https://fbref.com/en/players/658d44be/Daam-Foulon,18,18,be BEL,LB,21-292,45,18,4,9,8,1,0,18,0,0,,0,,5,11,5,0,0,0,0,0,8,0,https://fbref.com/en/players/658d44be/Daam-Foulon-Daam Foulon,
11,Christian Pastina,https://fbref.com/en/players/38bf62b5/Christian-Pastina,58,58,it ITA,CB,19-329,45,22,3,7,13,2,0,22,0,0,,0,,7,47,35,2,0,0,0,0,12,0,https://fbref.com/en/players/38bf62b5/Christian-Pastina-Christian Pastina,
12,Federico Barba,https://fbref.com/en/players/c010b898/Federico-Barba,93,93,it ITA,CB,27-130,90,46,7,36,11,0,0,46,0,0,,0,,15,69,14,0,0,0,0,0,22,0,https://fbref.com/en/players/c010b898/Federico-Barba-Federico Barba,
13,Kamil Glik,https://fbref.com/en/players/c6056d58/Kamil-Glik,15,15,pl POL,CB,32-341,90,63,10,48,14,2,1,63,0,0,,0,,12,39,6,0,0,0,1,0,29,0,https://fbref.com/en/players/c6056d58/Kamil-Glik-Kamil Glik,
14,Christian Maggio,https://fbref.com/en/players/31d7f557/Christian-Maggio,11,11,it ITA,RB,38-333,90,68,2,29,32,8,1,68,2,2,100.0,0,0.0,32,140,81,2,0,0,0,1,45,1,https://fbref.com/en/players/31d7f557/Christian-Maggio-Christian Maggio,
15,Lorenzo Montipò,https://fbref.com/en/players/c1d95617/Lorenzo-Montipo,1,1,it ITA,GK,24-324,90,49,43,49,0,0,0,49,0,0,,0,,18,98,37,0,0,0,0,0,16,0,https://fbref.com/en/players/c1d95617/Lorenzo-Montipo-Lorenzo Montipò,
