,Minute,Player,Squad,xG,PSxG,Outcome,Distance,Body Part,Notes,SCA 1 Player,SCA 1 Event,SCA 2 Player,SCA 2 Event
0,2,Robin Gosens,Atalanta,0.57,,Off Target,6,Left Foot,Volley,Josip Iličić,Pass (Live),Hans Hateboer,Pass (Live)
1,5,Cristian Romero,Atalanta,0.10,,Blocked,11,Head,,Josip Iličić,Pass (Live),Remo Freuler,Pass (Live)
2,6,Rafael Tolói,Atalanta,0.10,,Blocked,11,Right Foot,,Cristian Romero,Shot,,
3,12,Robin Gosens,Atalanta,0.04,0.18,Saved,16,Left Foot,,Duván Zapata,Pass (Live),Remo Freuler,Pass (Live)
4,19,Duván Zapata,Atalanta,0.36,,Off Target,8,Head,,Josip Iličić,Pass (Live),Matteo Pessina,Pass (Live)
5,24,Bryan Dabo,Benevento,0.03,,Blocked,26,Right Foot,,Riccardo Improta,Pass (Live),Gianluca Lapadula,Pass (Live)
6,29,Josip Iličić,Atalanta,0.04,,Blocked,18,Left Foot,,Josip Iličić,Pass (Live),Marten de Roon,Pass (Live)
7,30,Gianluca Lapadula,Benevento,0.03,0.26,Saved,39,Left Foot,,Gianluca Lapadula,Take-On,Bryan Dabo,Pass (Live)
8,30,Josip Iličić,Atalanta,0.06,0.14,Goal,13,Left Foot,Deflected,Josip Iličić,Take-On,,
9,37,Matteo Pessina,Atalanta,0.03,,Off Target,21,Left Foot,Volley,Robin Gosens,Tackle,,
10,42,Josip Iličić,Atalanta,0.03,,Woodwork,24,Left Foot,,Remo Freuler,Pass (Dead),Josip Iličić,Fouled
11,44,Duván Zapata,Atalanta,0.05,0.03,Saved,18,Right Foot,,Josip Iličić,Pass (Live),Matteo Pessina,Pass (Live)
12,,,,,,,,,,,,,
13,47,Rafael Tolói,Atalanta,0.33,,Off Target,8,Right Foot,,Duván Zapata,Pass (Live),Matteo Pessina,Pass (Live)
14,48,Remo Freuler,Atalanta,0.09,,Blocked,12,Right Foot,,Duván Zapata,Pass (Live),Duván Zapata,Take-On
15,50,Marco Sau,Benevento,0.42,0.73,Goal,5,Right Foot,Volley,Christian Pastina,Pass (Live),Pasquale Schiattarella,Pass (Live)
16,62,Christian Maggio,Benevento,0.03,,Off Target,11,Head,,Roberto Insigne,Pass (Dead),Roberto Insigne,Take-On
17,66,Robin Gosens,Atalanta,0.04,0.09,Saved,23,Right Foot,,Robin Gosens,Take-On,Ruslan Malinovskyi,Pass (Live)
18,68,Josip Iličić,Atalanta,0.04,,Blocked,17,Left Foot,,Robin Gosens,Pass (Live),Robin Gosens,Interception
19,69,Josip Iličić,Atalanta,0.04,0.08,Saved,17,Left Foot,,Cristian Romero,Pass (Live),Josip Iličić,Pass (Live)
20,69,Rafael Tolói,Atalanta,0.54,0.93,Goal,7,Right Foot,,Josip Iličić,Shot,,
21,71,Kamil Glik,Benevento,0.40,,Off Target,5,Left Foot,Volley,Roberto Insigne,Pass (Live),Christian Pastina,Pass (Live)
22,71,Duván Zapata,Atalanta,0.82,0.99,Goal,3,Left Foot,Volley,Josip Iličić,Pass (Live),Hans Hateboer,Pass (Live)
23,75,Hans Hateboer,Atalanta,0.06,0.07,Saved,11,Right Foot,,Josip Iličić,Pass (Live),Remo Freuler,Pass (Live)
24,75,Hans Hateboer,Atalanta,0.08,,Off Target,10,Left Foot,,Hans Hateboer,Shot,,
25,79,Luis Muriel,Atalanta,0.08,0.12,Saved,15,Left Foot,,Ruslan Malinovskyi,Pass (Live),Ruslan Malinovskyi,Take-On
26,80,Josip Iličić,Atalanta,0.06,,Blocked,11,Left Foot,,Hans Hateboer,Pass (Live),Ruslan Malinovskyi,Pass (Dead)
27,83,Luis Muriel,Atalanta,0.05,0.09,Saved,17,Left Foot,Deflected,Josip Iličić,Pass (Live),,
28,84,Cristian Romero,Atalanta,0.05,,Off Target,11,Head,,Ruslan Malinovskyi,Pass (Dead),Luis Muriel,Shot
29,86,Luis Muriel,Atalanta,0.05,0.62,Goal,22,Right Foot,,Luis Muriel,Take-On,Ruslan Malinovskyi,Pass (Live)
30,89,Hans Hateboer,Atalanta,0.04,0.11,Saved,14,Right Foot,Volley,Luis Muriel,Pass (Live),Hans Hateboer,Pass (Live)
31,90,Joakim Mæhle,Atalanta,0.04,,Blocked,16,Right Foot,,Ruslan Malinovskyi,Pass (Live),Marten de Roon,Pass (Live)
32,90+1,Joakim Mæhle,Atalanta,0.05,,Blocked,18,Right Foot,,Ruslan Malinovskyi,Pass (Live),Aleksei Miranchuk,Pass (Live)
