season,injury,from,until,days,missed_games
23/24,Shoulder injury,"May 26, 2024","Jun 10, 2024",15 days,-
22/23,Fitness,"Dec 19, 2022","Mar 8, 2023",79 days,12
22/23,Hamstring injury,"Aug 20, 2022","Dec 18, 2022",120 days,20
21/22,Lymphatic cancer,"Oct 6, 2021","May 10, 2022",216 days,43
21/22,unknown injury,"Aug 31, 2021","Sep 8, 2021",8 days,3
20/21,Ankle injury,"Feb 17, 2021","Apr 3, 2021",45 days,13
20/21,Knock,"Oct 12, 2020","Oct 29, 2020",17 days,5
20/21,Ankle injury,"Sep 20, 2020","Sep 28, 2020",8 days,2
19/20,Calf injury,"Jul 10, 2020","Jul 11, 2020",1 days,-
19/20,Ankle surgery,"Jul 31, 2019","Jun 19, 2020",324 days,39
18/19,Ankle injury,"May 1, 2019","May 30, 2019",29 days,2
18/19,Calf strain,"Mar 10, 2019","Mar 15, 2019",5 days,-
18/19,Ankle injury,"Jan 31, 2019","Feb 26, 2019",26 days,3
18/19,Ankle injury,"Jan 30, 2019","Feb 27, 2019",28 days,5
