season,injury,from,until,days,missed_games
23/24,unknown injury,"Oct 31, 2023","Jan 31, 2024",92 days,6
21/22,Hamstring injury,"Feb 5, 2022","Apr 2, 2022",56 days,11
21/22,Corona virus,"Dec 18, 2021","Jan 3, 2022",16 days,2
20/21,Lumbago,"Mar 29, 2021","Apr 18, 2021",20 days,3
19/20,Inner ligament injury,"Nov 18, 2019","Jan 15, 2020",58 days,8
19/20,muscular problems,"Aug 1, 2019","Sep 4, 2019",34 days,7
18/19,unknown injury,"Feb 3, 2019","Feb 20, 2019",17 days,3
17/18,Foot surgery,"May 10, 2018","Sep 29, 2018",142 days,9
17/18,Foot injury,"Dec 23, 2017","May 9, 2018",137 days,20
17/18,Ankle sprain,"Oct 14, 2017","Nov 3, 2017",20 days,4
17/18,Tonsillitis,"Aug 6, 2017","Aug 22, 2017",16 days,2
