season,injury,from,until,days,missed_games
23/24,Hamstring injury,"May 25, 2024","May 27, 2024",2 days,1
23/24,Fitness,"Apr 7, 2024","Apr 13, 2024",6 days,1
23/24,Forearm fracture,"Feb 28, 2024","Apr 7, 2024",39 days,7
22/23,Adductor pain,"Jul 21, 2022","Aug 3, 2022",13 days,2
21/22,Hamstring injury,"Dec 19, 2021","Jan 17, 2022",29 days,5
19/20,Knock,"Feb 29, 2020","Mar 2, 2020",2 days,1
17/18,Herniated disc,"Feb 10, 2018","Apr 14, 2018",63 days,11
17/18,Appendectomy,"Aug 17, 2017","Sep 4, 2017",18 days,6
