season,injury,from,until,days,missed_games
23/24,Hamstring injury,"Apr 20, 2024","Jun 13, 2024",54 days,9
22/23,Groin problems,"Jan 5, 2023","Feb 5, 2023",31 days,8
21/22,Calf injury,"Nov 19, 2021","Dec 22, 2021",33 days,6
20/21,Knock,"Feb 4, 2021","Feb 13, 2021",9 days,2
20/21,Hand injury,"Dec 20, 2020","Dec 25, 2020",5 days,-
20/21,Corona virus,"Oct 6, 2020","Oct 24, 2020",18 days,4
20/21,Hamstring strain,"Sep 9, 2020","Sep 20, 2020",11 days,3
19/20,concussion,"Mar 1, 2020","Mar 31, 2020",30 days,1
19/20,Groin injury,"Jan 26, 2020","Feb 4, 2020",9 days,1
19/20,Hamstring injury,"Nov 24, 2019","Dec 13, 2019",19 days,3
18/19,Calf strain,"Feb 3, 2019","Feb 23, 2019",20 days,1
18/19,unknown injury,"Jan 3, 2019","Jan 11, 2019",8 days,1
18/19,Calf injury,"Oct 15, 2018","Oct 19, 2018",4 days,-
18/19,Knock,"Aug 13, 2018","Aug 17, 2018",4 days,-
17/18,Knock,"Apr 20, 2018","May 2, 2018",12 days,2
