,Player Name,Player Number,Player,#,Nation,Pos,Age,Min,CrdY,CrdR,2CrdY,Fls,Fld,Off,Crs,Int,TklW,PKwon,PKcon,OG,Recov,Won,Lost,Won%,Player Key,Player Link
0,Fraizer Campbell,https://fbref.com/en/players/81d63375/Fraizer-Campbell,22,22,eng ENG,FW,33-083,72,0,0,0,3,0,0,0,0,0,0,0,0,3,1,1,50.0,https://fbref.com/en/players/81d63375/Fraizer-Campbell-Fraizer Campbell,
1,Danny Ward,https://fbref.com/en/players/cfb29823/Danny-Ward,25,25,eng ENG,FW,28-360,18,0,0,0,1,0,0,0,0,0,0,0,0,0,4,3,57.1,https://fbref.com/en/players/cfb29823/Danny-Ward-Danny Ward,
2,Josh Koroma,https://fbref.com/en/players/68ea7714/Josh-Koroma,19,19,sl SLE,LW,22-027,90,0,0,0,4,1,2,2,0,1,0,0,0,4,1,0,100.0,https://fbref.com/en/players/68ea7714/Josh-Koroma-Josh Koroma,
3,Isaac Mbenza,https://fbref.com/en/players/aa1a8c7e/Isaac-Mbenza,18,18,be BEL,"RW,RB",24-272,86,0,0,0,0,1,0,6,0,0,0,0,0,4,0,0,,https://fbref.com/en/players/aa1a8c7e/Isaac-Mbenza-Isaac Mbenza,
4,Demeaco Duhaney,https://fbref.com/en/players/5ef608f7/Demeaco-Duhaney,17,17,eng ENG,RW,22-053,4,0,0,0,0,0,1,0,0,0,0,0,0,0,0,0,,https://fbref.com/en/players/5ef608f7/Demeaco-Duhaney-Demeaco Duhaney,
5,Lewis O'Brien,https://fbref.com/en/players/089667a5/Lewis-OBrien,8,8,eng ENG,"LM,CM",22-052,90,0,0,0,2,1,0,3,1,0,0,0,0,6,0,1,0.0,https://fbref.com/en/players/089667a5/Lewis-OBrien-Lewis O'Brien,
6,Jonathan Hogg,https://fbref.com/en/players/9306d5ea/Jonathan-Hogg,6,6,eng ENG,"CM,CB",31-365,90,0,0,0,0,0,0,0,1,2,0,0,0,4,4,1,80.0,https://fbref.com/en/players/9306d5ea/Jonathan-Hogg-Jonathan Hogg,
7,Carel Eiting,https://fbref.com/en/players/a1c5b23e/Carel-Eiting,14,14,nl NED,"RM,LM",22-298,90,0,0,0,2,0,0,0,1,1,0,0,0,2,0,1,0.0,https://fbref.com/en/players/a1c5b23e/Carel-Eiting-Carel Eiting,
8,Harry Toffolo,https://fbref.com/en/players/a105d46a/Harry-Toffolo,3,3,eng ENG,LB,25-108,90,0,0,0,0,1,2,2,1,1,0,0,0,5,1,3,25.0,https://fbref.com/en/players/a105d46a/Harry-Toffolo-Harry Toffolo,
9,Mouhamadou-Naby Sarr,https://fbref.com/en/players/93d62727/Mouhamadou-Naby-Sarr,23,23,fr FRA,CB,27-114,90,0,0,0,0,0,1,0,1,0,0,0,0,9,2,0,100.0,https://fbref.com/en/players/93d62727/Mouhamadou-Naby-Sarr-Mouhamadou-Naby Sarr,
10,Christopher Schindler,https://fbref.com/en/players/8ae9869d/Christopher-Schindler,26,26,de GER,CB,30-220,78,0,0,0,1,0,0,0,3,2,0,0,0,6,4,1,80.0,https://fbref.com/en/players/8ae9869d/Christopher-Schindler-Christopher Schindler,
11,Rarmani Edmonds-Green,https://fbref.com/en/players/dc43f033/Rarmani-Edmonds-Green,35,35,eng ENG,"RB,CB",21-326,12,0,0,0,0,0,0,0,1,0,0,0,0,0,0,0,,https://fbref.com/en/players/dc43f033/Rarmani-Edmonds-Green-Rarmani Edmonds-Green,
12,Pipa,https://fbref.com/en/players/10f1cd17/Pipa,2,2,es ESP,RB,22-314,72,0,0,0,2,1,0,1,2,0,0,0,0,4,0,1,0.0,https://fbref.com/en/players/10f1cd17/Pipa-Pipa,
13,Juninho Bacuna,https://fbref.com/en/players/aaf1bf05/Juninho-Bacuna,7,7,cw CUW,"RW,RM",23-120,18,0,0,0,0,1,0,0,0,1,0,0,0,3,1,0,100.0,https://fbref.com/en/players/aaf1bf05/Juninho-Bacuna-Juninho Bacuna,
14,Ben Hamer,https://fbref.com/en/players/d822a850/Ben-Hamer,1,1,eng ENG,GK,33-015,90,0,0,0,0,0,0,0,0,0,0,0,0,4,0,0,,https://fbref.com/en/players/d822a850/Ben-Hamer-Ben Hamer,
