,Player Name,Player Number,Player,#,Nation,Pos,Age,Min,Gls,Ast,PK,PKatt,Sh,SoT,CrdY,CrdR,Touches,Tkl,Int,Blocks,xG,npxG,xAG,SCA,GCA,Cmp,Att,Cmp%,PrgP,Carries,PrgC,Att,Succ,Player Key,Player Link
0,Fraizer Campbell,https://fbref.com/en/players/81d63375/Fraizer-Campbell,22,22,eng ENG,FW,33-083,72,0,0,0,0,2,1,0,0,17,0,0,1,0.2,0.2,0.0,0,0,5,12,41.7,1,6,1,0,0,https://fbref.com/en/players/81d63375/Fraizer-Campbell-Fraizer Campbell,
1,Danny Ward,https://fbref.com/en/players/cfb29823/Danny-Ward,25,25,eng ENG,FW,28-360,18,0,0,0,0,0,0,0,0,8,0,0,0,0.0,0.0,0.0,0,0,2,7,28.6,0,2,0,0,0,https://fbref.com/en/players/cfb29823/Danny-Ward-Danny Ward,
2,Josh Koroma,https://fbref.com/en/players/68ea7714/Josh-Koroma,19,19,sl SLE,LW,22-027,90,1,1,0,0,4,1,0,0,58,2,0,1,0.3,0.3,0.5,5,1,38,47,80.9,5,38,3,3,2,https://fbref.com/en/players/68ea7714/Josh-Koroma-Josh Koroma,
3,Isaac Mbenza,https://fbref.com/en/players/aa1a8c7e/Isaac-Mbenza,18,18,be BEL,"RW,RB",24-272,86,0,0,0,0,1,0,0,0,45,0,0,0,0.0,0.0,0.0,3,0,33,41,80.5,5,29,4,0,0,https://fbref.com/en/players/aa1a8c7e/Isaac-Mbenza-Isaac Mbenza,
4,Demeaco Duhaney,https://fbref.com/en/players/5ef608f7/Demeaco-Duhaney,17,17,eng ENG,RW,22-053,4,0,0,0,0,0,0,0,0,3,0,0,0,0.0,0.0,0.0,0,0,3,3,100.0,0,0,0,0,0,https://fbref.com/en/players/5ef608f7/Demeaco-Duhaney-Demeaco Duhaney,
5,Lewis O'Brien,https://fbref.com/en/players/089667a5/Lewis-OBrien,8,8,eng ENG,"LM,CM",22-052,90,0,0,0,0,1,1,0,0,66,3,1,1,0.1,0.1,0.1,2,1,45,55,81.8,6,34,5,2,0,https://fbref.com/en/players/089667a5/Lewis-OBrien-Lewis O'Brien,
6,Jonathan Hogg,https://fbref.com/en/players/9306d5ea/Jonathan-Hogg,6,6,eng ENG,"CM,CB",31-365,90,0,0,0,0,0,0,0,0,85,3,1,0,0.0,0.0,0.0,1,0,72,78,92.3,7,38,1,0,0,https://fbref.com/en/players/9306d5ea/Jonathan-Hogg-Jonathan Hogg,
7,Carel Eiting,https://fbref.com/en/players/a1c5b23e/Carel-Eiting,14,14,nl NED,"RM,LM",22-298,90,0,1,0,0,0,0,0,0,51,1,1,1,0.0,0.0,0.1,3,1,32,43,74.4,3,35,4,0,0,https://fbref.com/en/players/a1c5b23e/Carel-Eiting-Carel Eiting,
8,Harry Toffolo,https://fbref.com/en/players/a105d46a/Harry-Toffolo,3,3,eng ENG,LB,25-108,90,1,0,0,0,2,2,0,0,89,1,1,1,0.4,0.4,0.0,0,0,66,82,80.5,6,50,3,2,2,https://fbref.com/en/players/a105d46a/Harry-Toffolo-Harry Toffolo,
9,Mouhamadou-Naby Sarr,https://fbref.com/en/players/93d62727/Mouhamadou-Naby-Sarr,23,23,fr FRA,CB,27-114,90,0,0,0,0,0,0,0,0,80,0,1,1,0.0,0.0,0.0,0,0,59,73,80.8,4,46,1,0,0,https://fbref.com/en/players/93d62727/Mouhamadou-Naby-Sarr-Mouhamadou-Naby Sarr,
10,Christopher Schindler,https://fbref.com/en/players/8ae9869d/Christopher-Schindler,26,26,de GER,CB,30-220,78,0,0,0,0,0,0,0,0,53,2,3,0,0.0,0.0,0.0,0,0,42,48,87.5,4,26,1,0,0,https://fbref.com/en/players/8ae9869d/Christopher-Schindler-Christopher Schindler,
11,Rarmani Edmonds-Green,https://fbref.com/en/players/dc43f033/Rarmani-Edmonds-Green,35,35,eng ENG,"RB,CB",21-326,12,0,0,0,0,0,0,0,0,14,0,1,0,0.0,0.0,0.0,0,0,11,13,84.6,0,5,0,0,0,https://fbref.com/en/players/dc43f033/Rarmani-Edmonds-Green-Rarmani Edmonds-Green,
12,Pipa,https://fbref.com/en/players/10f1cd17/Pipa,2,2,es ESP,RB,22-314,72,0,0,0,0,1,1,0,0,53,0,2,0,0.0,0.0,0.2,4,1,45,49,91.8,4,20,3,0,0,https://fbref.com/en/players/10f1cd17/Pipa-Pipa,
13,Juninho Bacuna,https://fbref.com/en/players/aaf1bf05/Juninho-Bacuna,7,7,cw CUW,"RW,RM",23-120,18,0,0,0,0,0,0,0,0,14,1,0,1,0.0,0.0,0.0,0,0,8,12,66.7,0,3,0,0,0,https://fbref.com/en/players/aaf1bf05/Juninho-Bacuna-Juninho Bacuna,
14,Ben Hamer,https://fbref.com/en/players/d822a850/Ben-Hamer,1,1,eng ENG,GK,33-015,90,0,0,0,0,0,0,0,0,57,0,0,0,0.0,0.0,0.0,0,0,46,57,80.7,0,31,0,0,0,https://fbref.com/en/players/d822a850/Ben-Hamer-Ben Hamer,
