,Player Name,Player Number,Player,#,Nation,Pos,Age,Min,Touches,Def Pen,Def 3rd,Mid 3rd,Att 3rd,Att Pen,Live,Att,Succ,Succ%,Tkld,Tkld%,Carries,TotDist,PrgDist,PrgC,1/3,CPA,Mis,Dis,Rec,PrgR,Player Key,Player Link
0,Fraizer Campbell,https://fbref.com/en/players/81d63375/Fraizer-Campbell,22,22,eng ENG,FW,33-083,72,17,0,2,6,9,5,17,0,0,,0,,6,33,15,1,0,1,1,0,8,0,https://fbref.com/en/players/81d63375/Fraizer-Campbell-Fraizer Campbell,
1,Danny Ward,https://fbref.com/en/players/cfb29823/Danny-Ward,25,25,eng ENG,FW,28-360,18,8,0,0,8,0,0,8,0,0,,0,,2,11,1,0,0,0,1,0,8,1,https://fbref.com/en/players/cfb29823/Danny-Ward-Danny Ward,
2,Josh Koroma,https://fbref.com/en/players/68ea7714/Josh-Koroma,19,19,sl SLE,LW,22-027,90,58,3,9,21,28,5,58,3,2,66.7,1,33.3,38,300,151,3,1,1,3,0,47,7,https://fbref.com/en/players/68ea7714/Josh-Koroma-Josh Koroma,
3,Isaac Mbenza,https://fbref.com/en/players/aa1a8c7e/Isaac-Mbenza,18,18,be BEL,"RW,RB",24-272,86,45,0,11,12,24,2,45,0,0,,0,,29,274,173,4,5,2,2,0,38,6,https://fbref.com/en/players/aa1a8c7e/Isaac-Mbenza-Isaac Mbenza,
4,Demeaco Duhaney,https://fbref.com/en/players/5ef608f7/Demeaco-Duhaney,17,17,eng ENG,RW,22-053,4,3,0,0,2,1,0,3,0,0,,0,,0,0,0,0,0,0,0,0,2,0,https://fbref.com/en/players/5ef608f7/Demeaco-Duhaney-Demeaco Duhaney,
5,Lewis O'Brien,https://fbref.com/en/players/089667a5/Lewis-OBrien,8,8,eng ENG,"LM,CM",22-052,90,66,0,13,37,16,2,66,2,0,0.0,2,100.0,34,236,155,5,2,1,2,2,54,8,https://fbref.com/en/players/089667a5/Lewis-OBrien-Lewis O'Brien,
6,Jonathan Hogg,https://fbref.com/en/players/9306d5ea/Jonathan-Hogg,6,6,eng ENG,"CM,CB",31-365,90,85,2,29,50,7,0,85,0,0,,0,,38,246,125,1,0,0,1,0,58,0,https://fbref.com/en/players/9306d5ea/Jonathan-Hogg-Jonathan Hogg,
7,Carel Eiting,https://fbref.com/en/players/a1c5b23e/Carel-Eiting,14,14,nl NED,"RM,LM",22-298,90,51,1,5,26,20,4,51,0,0,,0,,35,195,86,4,3,1,4,2,44,6,https://fbref.com/en/players/a1c5b23e/Carel-Eiting-Carel Eiting,
8,Harry Toffolo,https://fbref.com/en/players/a105d46a/Harry-Toffolo,3,3,eng ENG,LB,25-108,90,89,1,22,43,24,4,89,2,2,100.0,0,0.0,50,329,129,3,0,0,2,1,68,12,https://fbref.com/en/players/a105d46a/Harry-Toffolo-Harry Toffolo,
9,Mouhamadou-Naby Sarr,https://fbref.com/en/players/93d62727/Mouhamadou-Naby-Sarr,23,23,fr FRA,CB,27-114,90,80,5,46,32,4,0,80,0,0,,0,,46,293,210,1,1,0,0,0,53,0,https://fbref.com/en/players/93d62727/Mouhamadou-Naby-Sarr-Mouhamadou-Naby Sarr,
10,Christopher Schindler,https://fbref.com/en/players/8ae9869d/Christopher-Schindler,26,26,de GER,CB,30-220,78,53,5,34,19,0,0,53,0,0,,0,,26,159,90,1,0,0,0,0,33,0,https://fbref.com/en/players/8ae9869d/Christopher-Schindler-Christopher Schindler,
11,Rarmani Edmonds-Green,https://fbref.com/en/players/dc43f033/Rarmani-Edmonds-Green,35,35,eng ENG,"RB,CB",21-326,12,14,0,8,6,0,0,14,0,0,,0,,5,42,16,0,0,0,0,0,8,0,https://fbref.com/en/players/dc43f033/Rarmani-Edmonds-Green-Rarmani Edmonds-Green,
12,Pipa,https://fbref.com/en/players/10f1cd17/Pipa,2,2,es ESP,RB,22-314,72,53,1,15,24,15,0,53,0,0,,0,,20,167,96,3,2,0,2,1,36,5,https://fbref.com/en/players/10f1cd17/Pipa-Pipa,
13,Juninho Bacuna,https://fbref.com/en/players/aaf1bf05/Juninho-Bacuna,7,7,cw CUW,"RW,RM",23-120,18,14,0,3,8,3,0,14,0,0,,0,,3,10,1,0,0,0,0,0,6,0,https://fbref.com/en/players/aaf1bf05/Juninho-Bacuna-Juninho Bacuna,
14,Ben Hamer,https://fbref.com/en/players/d822a850/Ben-Hamer,1,1,eng ENG,GK,33-015,90,57,50,57,0,0,0,57,0,0,,0,,31,178,94,0,0,0,0,0,35,0,https://fbref.com/en/players/d822a850/Ben-Hamer-Ben Hamer,
