,Player Name,Player Number,Player,#,Nation,Pos,Age,Min,CrdY,CrdR,2CrdY,Fls,Fld,Off,Crs,Int,TklW,PKwon,PKcon,OG,Recov,Won,Lost,Won%,Player Key,Player Link
0,Lyndon Dykes,https://fbref.com/en/players/cd92357a/Lyndon-Dykes,9,9,sct SCO,FW,25-059,45,0,0,0,2,1,2,0,0,0,0,0,0,1,2,4,33.3,https://fbref.com/en/players/cd92357a/Lyndon-Dykes-Lyndon Dykes,
1,Macauley Bonne,https://fbref.com/en/players/9ca8b21c/Macauley-Bonne,7,7,zw ZIM,FW,25-040,45,0,0,0,0,0,0,0,0,0,0,0,0,0,1,1,50.0,https://fbref.com/en/players/9ca8b21c/Macauley-Bonne-Macauley Bonne,
2,Chris Willock,https://fbref.com/en/players/be0bd828/Chris-Willock,21,21,eng ENG,LW,22-309,55,0,0,0,0,3,0,2,0,0,0,0,0,1,0,1,0.0,https://fbref.com/en/players/be0bd828/Chris-Willock-Chris Willock,
3,George Thomas,https://fbref.com/en/players/7ef24097/George-Thomas,19,19,wls WAL,"RW,LW",23-256,35,0,0,0,0,1,0,0,1,0,0,0,0,2,0,0,,https://fbref.com/en/players/7ef24097/George-Thomas-George Thomas,
4,Bright Osayi-Samuel,https://fbref.com/en/players/03b6afa9/Bright-Osayi-Samuel,11,11,ng NGA,"RW,LW",22-340,81,1,0,0,2,1,0,0,2,1,0,0,0,1,1,2,33.3,https://fbref.com/en/players/03b6afa9/Bright-Osayi-Samuel-Bright Osayi-Samuel,
5,Charlie Kelman,https://fbref.com/en/players/d7cf39b1/Charlie-Kelman,29,29,us USA,LW,19-033,9,0,0,0,0,0,0,0,0,0,0,0,0,0,1,1,50.0,https://fbref.com/en/players/d7cf39b1/Charlie-Kelman-Charlie Kelman,
6,Ilias Chair,https://fbref.com/en/players/ad7873cb/Ilias-Chair,10,10,ma MAR,AM,23-036,81,0,0,0,0,0,1,5,0,0,0,0,0,2,0,1,0.0,https://fbref.com/en/players/ad7873cb/Ilias-Chair-Ilias Chair,
7,Albert Adomah,https://fbref.com/en/players/c7174e81/Albert-Adomah,37,37,gh GHA,AM,32-358,9,0,0,0,0,0,0,0,0,0,0,0,0,0,0,0,,https://fbref.com/en/players/c7174e81/Albert-Adomah-Albert Adomah,
8,Tom Carroll,https://fbref.com/en/players/5a1900a4/Tom-Carroll,22,22,eng ENG,DM,28-191,90,0,0,0,2,1,0,1,3,0,0,0,0,7,0,0,,https://fbref.com/en/players/5a1900a4/Tom-Carroll-Tom Carroll,
9,Geoff Cameron,https://fbref.com/en/players/1a160ea3/Geoff-Cameron,20,20,us USA,DM,35-147,55,0,0,0,0,0,0,0,0,1,0,0,0,6,1,0,100.0,https://fbref.com/en/players/1a160ea3/Geoff-Cameron-Geoff Cameron,
10,Dominic Ball,https://fbref.com/en/players/79d61875/Dominic-Ball,12,12,eng ENG,DM,25-125,35,1,0,0,1,1,0,0,1,1,0,0,0,1,0,1,0.0,https://fbref.com/en/players/79d61875/Dominic-Ball-Dominic Ball,
11,Niko Hämäläinen,https://fbref.com/en/players/4435db1e/Niko-Hamalainen,25,25,fi FIN,LB,23-275,90,0,0,0,0,0,0,0,1,1,0,0,0,5,0,0,,https://fbref.com/en/players/4435db1e/Niko-Hamalainen-Niko Hämäläinen,
12,Yoann Barbet,https://fbref.com/en/players/c52bbd2c/Yoann-Barbet,6,6,fr FRA,CB,27-209,90,0,0,0,0,1,0,0,3,0,0,0,0,9,2,4,33.3,https://fbref.com/en/players/c52bbd2c/Yoann-Barbet-Yoann Barbet,
13,Robert Dickie,https://fbref.com/en/players/c7dfc411/Robert-Dickie,4,4,eng ENG,CB,24-277,90,0,0,0,0,2,0,0,2,1,0,0,0,9,3,2,60.0,https://fbref.com/en/players/c7dfc411/Robert-Dickie-Robert Dickie,
14,Todd Kane,https://fbref.com/en/players/dd082c59/Todd-Kane,2,2,eng ENG,RB,27-079,90,0,0,0,0,3,0,3,1,0,0,0,0,1,1,1,50.0,https://fbref.com/en/players/dd082c59/Todd-Kane-Todd Kane,
15,Seny Dieng,https://fbref.com/en/players/c135cddd/Seny-Dieng,13,13,sn SEN,GK,26-012,90,0,0,0,0,0,0,0,0,0,0,0,0,1,0,0,,https://fbref.com/en/players/c135cddd/Seny-Dieng-Seny Dieng,
