,Player Name,Player Number,Player,#,Nation,Pos,Age,Min,Touches,Def Pen,Def 3rd,Mid 3rd,Att 3rd,Att Pen,Live,Att,Succ,Succ%,Tkld,Tkld%,Carries,TotDist,PrgDist,PrgC,1/3,CPA,Mis,Dis,Rec,PrgR,Player Key,Player Link
0,Lyndon Dykes,https://fbref.com/en/players/cd92357a/Lyndon-Dykes,9,9,sct SCO,FW,25-059,45,7,0,0,4,3,0,7,0,0,,0,,3,9,5,0,0,0,0,0,7,3,https://fbref.com/en/players/cd92357a/Lyndon-Dykes-Lyndon Dykes,
1,Macauley Bonne,https://fbref.com/en/players/9ca8b21c/Macauley-Bonne,7,7,zw ZIM,FW,25-040,45,8,0,0,4,4,0,8,0,0,,0,,3,17,7,1,0,0,1,0,5,1,https://fbref.com/en/players/9ca8b21c/Macauley-Bonne-Macauley Bonne,
2,Chris Willock,https://fbref.com/en/players/be0bd828/Chris-Willock,21,21,eng ENG,LW,22-309,55,23,0,3,9,11,1,23,2,1,50.0,1,50.0,17,138,55,2,1,1,1,2,23,3,https://fbref.com/en/players/be0bd828/Chris-Willock-Chris Willock,
3,George Thomas,https://fbref.com/en/players/7ef24097/George-Thomas,19,19,wls WAL,"RW,LW",23-256,35,11,0,2,6,3,1,11,0,0,,0,,8,44,0,0,0,0,0,2,8,2,https://fbref.com/en/players/7ef24097/George-Thomas-George Thomas,
4,Bright Osayi-Samuel,https://fbref.com/en/players/03b6afa9/Bright-Osayi-Samuel,11,11,ng NGA,"RW,LW",22-340,81,18,0,5,8,5,2,18,0,0,,0,,7,56,9,0,0,0,1,2,12,2,https://fbref.com/en/players/03b6afa9/Bright-Osayi-Samuel-Bright Osayi-Samuel,
5,Charlie Kelman,https://fbref.com/en/players/d7cf39b1/Charlie-Kelman,29,29,us USA,LW,19-033,9,3,0,0,0,3,0,3,0,0,,0,,2,8,0,0,0,0,0,0,3,2,https://fbref.com/en/players/d7cf39b1/Charlie-Kelman-Charlie Kelman,
6,Ilias Chair,https://fbref.com/en/players/ad7873cb/Ilias-Chair,10,10,ma MAR,AM,23-036,81,45,0,0,28,17,2,45,1,1,100.0,0,0.0,23,162,68,2,1,2,2,0,36,1,https://fbref.com/en/players/ad7873cb/Ilias-Chair-Ilias Chair,
7,Albert Adomah,https://fbref.com/en/players/c7174e81/Albert-Adomah,37,37,gh GHA,AM,32-358,9,6,0,0,4,2,1,6,0,0,,0,,6,59,34,2,2,0,1,1,7,1,https://fbref.com/en/players/c7174e81/Albert-Adomah-Albert Adomah,
8,Tom Carroll,https://fbref.com/en/players/5a1900a4/Tom-Carroll,22,22,eng ENG,DM,28-191,90,63,2,13,40,10,0,63,0,0,,0,,25,141,69,2,1,0,2,0,48,1,https://fbref.com/en/players/5a1900a4/Tom-Carroll-Tom Carroll,
9,Geoff Cameron,https://fbref.com/en/players/1a160ea3/Geoff-Cameron,20,20,us USA,DM,35-147,55,34,2,9,21,4,0,34,0,0,,0,,14,53,8,0,0,0,0,1,22,0,https://fbref.com/en/players/1a160ea3/Geoff-Cameron-Geoff Cameron,
10,Dominic Ball,https://fbref.com/en/players/79d61875/Dominic-Ball,12,12,eng ENG,DM,25-125,35,22,0,0,16,6,0,22,3,1,33.3,2,66.7,13,97,22,1,1,0,2,1,15,0,https://fbref.com/en/players/79d61875/Dominic-Ball-Dominic Ball,
11,Niko Hämäläinen,https://fbref.com/en/players/4435db1e/Niko-Hamalainen,25,25,fi FIN,LB,23-275,90,38,1,8,26,5,0,38,0,0,,0,,18,174,67,1,0,0,1,0,20,2,https://fbref.com/en/players/4435db1e/Niko-Hamalainen-Niko Hämäläinen,
12,Yoann Barbet,https://fbref.com/en/players/c52bbd2c/Yoann-Barbet,6,6,fr FRA,CB,27-209,90,76,5,31,44,2,1,76,0,0,,0,,40,184,127,0,0,0,0,0,44,1,https://fbref.com/en/players/c52bbd2c/Yoann-Barbet-Yoann Barbet,
13,Robert Dickie,https://fbref.com/en/players/c7dfc411/Robert-Dickie,4,4,eng ENG,CB,24-277,90,79,8,43,34,3,0,79,1,1,100.0,0,0.0,35,226,198,2,2,0,0,0,45,0,https://fbref.com/en/players/c7dfc411/Robert-Dickie-Robert Dickie,
14,Todd Kane,https://fbref.com/en/players/dd082c59/Todd-Kane,2,2,eng ENG,RB,27-079,90,40,3,13,13,14,0,40,0,0,,0,,13,96,58,0,1,0,1,1,21,3,https://fbref.com/en/players/dd082c59/Todd-Kane-Todd Kane,
15,Seny Dieng,https://fbref.com/en/players/c135cddd/Seny-Dieng,13,13,sn SEN,GK,26-012,90,47,40,47,0,0,0,47,0,0,,0,,24,113,82,0,0,0,0,0,23,0,https://fbref.com/en/players/c135cddd/Seny-Dieng-Seny Dieng,
