,Minute,Player,Squad,xG,PSxG,Outcome,Distance,Body Part,Notes,SCA 1 Player,SCA 1 Event,SCA 2 Player,SCA 2 Event
0,3,Josh Koroma,Huddersfield,0.06,0.67,Goal,24,Right Foot,,Carel Eiting,Pass (Live),Pipa,Pass (Live)
1,5,Harry Toffolo,Huddersfield,0.10,0.23,Saved,10,Left Foot,,Josh Koroma,Pass (Live),Josh Koroma,Take-On
2,22,Josh Koroma,Huddersfield,0.03,,Off Target,26,Right Foot,,,,,
3,24,Chris Willock,QPR,0.03,0.02,Saved,27,Right Foot,,Chris Willock,Take-On,Tom Carroll,Pass (Live)
4,25,Fraizer Campbell,Huddersfield,0.06,,Blocked,18,Right Foot,,,,,
5,35,Fraizer Campbell,Huddersfield,0.10,0.05,Saved,13,Left Foot,,Josh Koroma,Pass (Live),Lewis O'Brien,Pass (Live)
6,39,Harry Toffolo,Huddersfield,0.32,0.94,Goal,10,Left Foot,,Josh Koroma,Pass (Live),Lewis O'Brien,Pass (Live)
7,45,Josh Koroma,Huddersfield,0.08,,Blocked,13,Right Foot,,Carel Eiting,Pass (Live),Isaac Mbenza,Pass (Live)
8,,,,,,,,,,,,,
9,53,Isaac Mbenza,Huddersfield,0.02,,Off Target,29,Right Foot,,Pipa,Pass (Live),Isaac Mbenza,Pass (Live)
10,54,Josh Koroma,Huddersfield,0.13,,Off Target,8,Right Foot,Volley,Pipa,Pass (Live),Carel Eiting,Pass (Live)
11,56,Pipa,Huddersfield,0.03,0.05,Saved,24,Left Foot,,Isaac Mbenza,Pass (Live),Jonathan Hogg,Pass (Live)
12,65,Lewis O'Brien,Huddersfield,0.08,0.19,Saved,16,Right Foot,,Pipa,Pass (Live),Josh Koroma,Pass (Live)
13,80,Yoann Barbet,QPR,0.04,,Blocked,17,Left Foot,,Ilias Chair,Pass (Live),George Thomas,Pass (Live)
14,82,Niko Hämäläinen,QPR,0.03,,Off Target,28,Left Foot,,,,,
15,90+2,Dominic Ball,QPR,0.07,0.09,Saved,25,Right Foot,Free kick,George Thomas,Fouled,Tom Carroll,Pass (Live)
