,Player Name,Player Number,Player,#,Nation,Pos,Age,Min,Touches,Def Pen,Def 3rd,Mid 3rd,Att 3rd,Att Pen,Live,Att,Succ,Succ%,Tkld,Tkld%,Carries,TotDist,PrgDist,PrgC,1/3,CPA,Mis,Dis,Rec,PrgR,Player Key,Player Link
0,Florian Sotoca,https://fbref.com/en/players/7a42d0df/Florian-Sotoca,7,7,fr FRA,"FW,WB",30-055,90,53,0,4,26,24,11,53,1,1,100.0,0,0.0,30,175,39,0,2,0,3,0,40,14,https://fbref.com/en/players/7a42d0df/Florian-Sotoca-Florian Sotoca,
1,Ignatius Ganago,https://fbref.com/en/players/23c63b7f/Ignatius-Ganago,9,9,cm CMR,FW,21-307,90,29,0,1,9,19,2,29,2,0,0.0,2,100.0,20,101,23,0,2,0,2,1,21,8,https://fbref.com/en/players/23c63b7f/Ignatius-Ganago-Ignatius Ganago,
2,Gaël Kakuta,https://fbref.com/en/players/5b1bf5e3/Gael-Kakuta,10,10,cd COD,AM,29-181,73,37,0,0,21,16,0,37,3,1,33.3,2,66.7,24,143,55,1,3,0,0,2,32,2,https://fbref.com/en/players/5b1bf5e3/Gael-Kakuta-Gaël Kakuta,
3,Corentin Jean,https://fbref.com/en/players/7d9b37bf/Corentin-Jean,25,25,fr FRA,"WB,AM",25-157,17,14,1,1,3,10,1,14,1,1,100.0,0,0.0,9,37,23,0,3,0,1,0,11,1,https://fbref.com/en/players/7d9b37bf/Corentin-Jean-Corentin Jean,
4,Cheick Doucouré,https://fbref.com/en/players/ce4f40c7/Cheick-Doucoure,28,28,ml MLI,"CM,CB",20-346,73,52,1,8,37,8,1,52,1,1,100.0,0,0.0,28,152,73,1,2,0,1,0,29,2,https://fbref.com/en/players/ce4f40c7/Cheick-Doucoure-Cheick Doucouré,
5,Arnaud Kalimuendo,https://fbref.com/en/players/bf4c41f9/Arnaud-Kalimuendo,29,29,fr FRA,"AM,CB",18-334,17,7,0,0,1,7,0,7,1,1,100.0,0,0.0,6,50,40,2,2,0,1,0,6,2,https://fbref.com/en/players/bf4c41f9/Arnaud-Kalimuendo-Arnaud Kalimuendo,
6,Yannick Cahuzac,https://fbref.com/en/players/677ee102/Yannick-Cahuzac,18,18,fr FRA,CM,35-336,83,41,4,9,27,5,1,41,1,1,100.0,0,0.0,25,154,97,2,0,0,1,0,26,4,https://fbref.com/en/players/677ee102/Yannick-Cahuzac-Yannick Cahuzac,
7,Tony Mauricio,https://fbref.com/en/players/96e5168e/Tony-Mauricio,22,22,fr FRA,CM,26-272,7,14,0,4,8,2,0,14,1,1,100.0,0,0.0,10,50,17,0,0,0,0,0,10,0,https://fbref.com/en/players/96e5168e/Tony-Mauricio-Tony Mauricio,
8,Issiaga Sylla,https://fbref.com/en/players/b99bec05/Issiaga-Sylla,3,3,gn GUI,WB,26-353,55,43,1,12,21,10,1,43,2,1,50.0,1,50.0,22,84,21,1,0,0,0,1,24,1,https://fbref.com/en/players/b99bec05/Issiaga-Sylla-Issiaga Sylla,
9,Seko Fofana,https://fbref.com/en/players/5313ed43/Seko-Fofana,8,8,ci CIV,CM,25-226,35,32,0,3,19,12,3,32,2,2,100.0,0,0.0,25,112,48,1,1,2,1,2,25,1,https://fbref.com/en/players/5313ed43/Seko-Fofana-Seko Fofana,
10,Jonathan Clauss,https://fbref.com/en/players/5219ab4a/Jonathan-Clauss,11,11,fr FRA,WB,28-085,83,55,3,5,32,18,1,55,2,0,0.0,2,100.0,32,163,79,1,3,0,1,0,30,7,https://fbref.com/en/players/5219ab4a/Jonathan-Clauss-Jonathan Clauss,
11,Simon Banza,https://fbref.com/en/players/be47b750/Simon-Banza,23,23,cd COD,FW,24-128,7,3,0,0,2,1,0,3,0,0,,0,,3,12,0,0,0,0,0,0,3,1,https://fbref.com/en/players/be47b750/Simon-Banza-Simon Banza,
12,Massadio Haïdara,https://fbref.com/en/players/5167c97e/Massadio-Haidara,21,21,ml MLI,"CB,WB",28-017,90,63,0,16,42,5,0,63,0,0,,0,,43,196,114,3,0,0,1,0,38,3,https://fbref.com/en/players/5167c97e/Massadio-Haidara-Massadio Haïdara,
13,Loïc Bade,https://fbref.com/en/players/114bbdee/Loic-Bade,4,4,fr FRA,CB,20-252,90,111,7,45,63,5,0,111,2,2,100.0,0,0.0,77,742,562,5,5,0,0,0,76,0,https://fbref.com/en/players/114bbdee/Loic-Bade-Loïc Bade,
14,Jonathan Gradit,https://fbref.com/en/players/06c48679/Jonathan-Gradit,24,24,fr FRA,CB,28-025,90,77,4,17,58,4,0,77,3,1,33.3,2,66.7,54,481,276,6,1,0,0,0,53,5,https://fbref.com/en/players/06c48679/Jonathan-Gradit-Jonathan Gradit,
15,Jean-Louis Leca,https://fbref.com/en/players/edbe46dc/Jean-Louis-Leca,16,16,fr FRA,GK,35-089,90,28,27,28,0,0,0,28,0,0,,0,,18,76,42,0,0,0,0,0,11,0,https://fbref.com/en/players/edbe46dc/Jean-Louis-Leca-Jean-Louis Leca,
