,Player Name,Player Number,Player,#,Nation,Pos,Age,Min,Gls,Ast,PK,PKatt,Sh,SoT,CrdY,CrdR,Touches,Tkl,Int,Blocks,xG,npxG,xAG,SCA,GCA,Cmp,Att,Cmp%,PrgP,Carries,PrgC,Att,Succ,Player Key,Player Link
0,Florian Sotoca,https://fbref.com/en/players/7a42d0df/Florian-Sotoca,7,7,fr FRA,"FW,WB",30-055,90,0,0,0,0,5,0,1,0,53,0,0,0,0.8,0.8,0.0,4,0,31,43,72.1,1,30,0,1,1,https://fbref.com/en/players/7a42d0df/Florian-Sotoca-Florian Sotoca,
1,Ignatius Ganago,https://fbref.com/en/players/23c63b7f/Ignatius-Ganago,9,9,cm CMR,FW,21-307,90,0,0,0,0,1,0,0,0,29,0,0,0,0.0,0.0,0.2,2,0,15,20,75.0,1,20,0,2,0,https://fbref.com/en/players/23c63b7f/Ignatius-Ganago-Ignatius Ganago,
2,Gaël Kakuta,https://fbref.com/en/players/5b1bf5e3/Gael-Kakuta,10,10,cd COD,AM,29-181,73,0,0,0,0,1,0,0,0,37,1,1,0,0.0,0.0,0.0,3,0,21,31,67.7,5,24,1,3,1,https://fbref.com/en/players/5b1bf5e3/Gael-Kakuta-Gaël Kakuta,
3,Corentin Jean,https://fbref.com/en/players/7d9b37bf/Corentin-Jean,25,25,fr FRA,"WB,AM",25-157,17,0,0,0,0,1,1,0,0,14,0,0,0,0.0,0.0,0.0,2,0,8,12,66.7,1,9,0,1,1,https://fbref.com/en/players/7d9b37bf/Corentin-Jean-Corentin Jean,
4,Cheick Doucouré,https://fbref.com/en/players/ce4f40c7/Cheick-Doucoure,28,28,ml MLI,"CM,CB",20-346,73,0,0,0,0,3,1,0,0,52,3,3,0,0.1,0.1,0.0,3,0,33,40,82.5,3,28,1,1,1,https://fbref.com/en/players/ce4f40c7/Cheick-Doucoure-Cheick Doucouré,
5,Arnaud Kalimuendo,https://fbref.com/en/players/bf4c41f9/Arnaud-Kalimuendo,29,29,fr FRA,"AM,CB",18-334,17,0,0,0,0,0,0,0,0,7,0,0,1,0.0,0.0,0.0,1,0,2,5,40.0,0,6,2,1,1,https://fbref.com/en/players/bf4c41f9/Arnaud-Kalimuendo-Arnaud Kalimuendo,
6,Yannick Cahuzac,https://fbref.com/en/players/677ee102/Yannick-Cahuzac,18,18,fr FRA,CM,35-336,83,0,0,0,0,0,0,0,0,41,0,1,2,0.0,0.0,0.1,1,0,28,34,82.4,4,25,2,1,1,https://fbref.com/en/players/677ee102/Yannick-Cahuzac-Yannick Cahuzac,
7,Tony Mauricio,https://fbref.com/en/players/96e5168e/Tony-Mauricio,22,22,fr FRA,CM,26-272,7,0,0,0,0,0,0,0,0,14,1,0,0,0.0,0.0,0.0,0,0,11,13,84.6,2,10,0,1,1,https://fbref.com/en/players/96e5168e/Tony-Mauricio-Tony Mauricio,
8,Issiaga Sylla,https://fbref.com/en/players/b99bec05/Issiaga-Sylla,3,3,gn GUI,WB,26-353,55,0,0,0,0,1,0,0,0,43,3,1,1,0.1,0.1,0.0,0,0,17,32,53.1,2,22,1,2,1,https://fbref.com/en/players/b99bec05/Issiaga-Sylla-Issiaga Sylla,
9,Seko Fofana,https://fbref.com/en/players/5313ed43/Seko-Fofana,8,8,ci CIV,CM,25-226,35,0,0,0,0,4,1,0,0,32,0,0,0,0.2,0.2,0.5,5,0,19,25,76.0,4,25,1,2,2,https://fbref.com/en/players/5313ed43/Seko-Fofana-Seko Fofana,
10,Jonathan Clauss,https://fbref.com/en/players/5219ab4a/Jonathan-Clauss,11,11,fr FRA,WB,28-085,83,0,0,0,0,1,0,0,0,55,1,0,0,0.0,0.0,0.0,2,0,29,45,64.4,3,32,1,2,0,https://fbref.com/en/players/5219ab4a/Jonathan-Clauss-Jonathan Clauss,
11,Simon Banza,https://fbref.com/en/players/be47b750/Simon-Banza,23,23,cd COD,FW,24-128,7,0,0,0,0,0,0,0,0,3,0,0,0,0.0,0.0,0.0,0,0,2,3,66.7,0,3,0,0,0,https://fbref.com/en/players/be47b750/Simon-Banza-Simon Banza,
12,Massadio Haïdara,https://fbref.com/en/players/5167c97e/Massadio-Haidara,21,21,ml MLI,"CB,WB",28-017,90,0,0,0,0,0,0,0,0,63,3,4,0,0.0,0.0,0.3,2,0,48,54,88.9,4,43,3,0,0,https://fbref.com/en/players/5167c97e/Massadio-Haidara-Massadio Haïdara,
13,Loïc Bade,https://fbref.com/en/players/114bbdee/Loic-Bade,4,4,fr FRA,CB,20-252,90,0,0,0,0,0,0,0,0,111,2,4,1,0.0,0.0,0.0,2,0,85,102,83.3,10,77,5,2,2,https://fbref.com/en/players/114bbdee/Loic-Bade-Loïc Bade,
14,Jonathan Gradit,https://fbref.com/en/players/06c48679/Jonathan-Gradit,24,24,fr FRA,CB,28-025,90,0,0,0,0,0,0,0,0,77,4,2,1,0.0,0.0,0.0,1,0,60,66,90.9,11,54,6,3,1,https://fbref.com/en/players/06c48679/Jonathan-Gradit-Jonathan Gradit,
15,Jean-Louis Leca,https://fbref.com/en/players/edbe46dc/Jean-Louis-Leca,16,16,fr FRA,GK,35-089,90,0,0,0,0,0,0,0,0,28,0,0,0,0.0,0.0,0.0,1,0,26,27,96.3,0,18,0,0,0,https://fbref.com/en/players/edbe46dc/Jean-Louis-Leca-Jean-Louis Leca,
