,Player Name,Player Number,Player,#,Nation,Pos,Age,Min,Att,Live,Dead,FK,TB,Sw,Crs,TI,CK,In,Out,Str,Cmp,Off,Blocks,Player Key,Player Link
0,Florian Sotoca,https://fbref.com/en/players/7a42d0df/Florian-Sotoca,7,7,fr FRA,"FW,WB",30-055,90,43,40,2,0,0,0,1,1,0,0,0,0,31,1,2,https://fbref.com/en/players/7a42d0df/Florian-Sotoca-Florian Sotoca,
1,Ignatius Ganago,https://fbref.com/en/players/23c63b7f/Ignatius-Ganago,9,9,cm CMR,FW,21-307,90,20,18,2,0,0,0,0,1,0,0,0,0,15,0,1,https://fbref.com/en/players/23c63b7f/Ignatius-Ganago-Ignatius Ganago,
2,Gaël Kakuta,https://fbref.com/en/players/5b1bf5e3/Gael-Kakuta,10,10,cd COD,AM,29-181,73,31,27,4,3,0,0,5,0,1,1,0,0,21,0,0,https://fbref.com/en/players/5b1bf5e3/Gael-Kakuta-Gaël Kakuta,
3,Corentin Jean,https://fbref.com/en/players/7d9b37bf/Corentin-Jean,25,25,fr FRA,"WB,AM",25-157,17,12,11,1,0,0,0,2,0,1,0,1,0,8,0,0,https://fbref.com/en/players/7d9b37bf/Corentin-Jean-Corentin Jean,
4,Cheick Doucouré,https://fbref.com/en/players/ce4f40c7/Cheick-Doucoure,28,28,ml MLI,"CM,CB",20-346,73,40,39,1,1,0,0,0,0,0,0,0,0,33,0,1,https://fbref.com/en/players/ce4f40c7/Cheick-Doucoure-Cheick Doucouré,
5,Arnaud Kalimuendo,https://fbref.com/en/players/bf4c41f9/Arnaud-Kalimuendo,29,29,fr FRA,"AM,CB",18-334,17,5,5,0,0,0,0,1,0,0,0,0,0,2,0,0,https://fbref.com/en/players/bf4c41f9/Arnaud-Kalimuendo-Arnaud Kalimuendo,
6,Yannick Cahuzac,https://fbref.com/en/players/677ee102/Yannick-Cahuzac,18,18,fr FRA,CM,35-336,83,34,30,4,3,0,0,0,0,1,0,0,0,28,0,0,https://fbref.com/en/players/677ee102/Yannick-Cahuzac-Yannick Cahuzac,
7,Tony Mauricio,https://fbref.com/en/players/96e5168e/Tony-Mauricio,22,22,fr FRA,CM,26-272,7,13,11,2,1,0,0,1,0,1,1,0,0,11,0,0,https://fbref.com/en/players/96e5168e/Tony-Mauricio-Tony Mauricio,
8,Issiaga Sylla,https://fbref.com/en/players/b99bec05/Issiaga-Sylla,3,3,gn GUI,WB,26-353,55,32,24,8,1,0,0,1,7,0,0,0,0,17,0,6,https://fbref.com/en/players/b99bec05/Issiaga-Sylla-Issiaga Sylla,
9,Seko Fofana,https://fbref.com/en/players/5313ed43/Seko-Fofana,8,8,ci CIV,CM,25-226,35,25,24,1,0,0,1,1,1,0,0,0,0,19,0,1,https://fbref.com/en/players/5313ed43/Seko-Fofana-Seko Fofana,
10,Jonathan Clauss,https://fbref.com/en/players/5219ab4a/Jonathan-Clauss,11,11,fr FRA,WB,28-085,83,45,34,11,0,0,0,2,11,0,0,0,0,29,0,0,https://fbref.com/en/players/5219ab4a/Jonathan-Clauss-Jonathan Clauss,
11,Simon Banza,https://fbref.com/en/players/be47b750/Simon-Banza,23,23,cd COD,FW,24-128,7,3,3,0,0,0,0,1,0,0,0,0,0,2,0,0,https://fbref.com/en/players/be47b750/Simon-Banza-Simon Banza,
12,Massadio Haïdara,https://fbref.com/en/players/5167c97e/Massadio-Haidara,21,21,ml MLI,"CB,WB",28-017,90,54,49,5,1,0,0,1,4,0,0,0,0,48,0,2,https://fbref.com/en/players/5167c97e/Massadio-Haidara-Massadio Haïdara,
13,Loïc Bade,https://fbref.com/en/players/114bbdee/Loic-Bade,4,4,fr FRA,CB,20-252,90,102,101,1,1,0,0,0,0,0,0,0,0,85,0,0,https://fbref.com/en/players/114bbdee/Loic-Bade-Loïc Bade,
14,Jonathan Gradit,https://fbref.com/en/players/06c48679/Jonathan-Gradit,24,24,fr FRA,CB,28-025,90,66,61,5,4,0,0,0,1,0,0,0,0,60,0,0,https://fbref.com/en/players/06c48679/Jonathan-Gradit-Jonathan Gradit,
15,Jean-Louis Leca,https://fbref.com/en/players/edbe46dc/Jean-Louis-Leca,16,16,fr FRA,GK,35-089,90,27,18,9,2,0,0,0,0,0,0,0,0,26,0,0,https://fbref.com/en/players/edbe46dc/Jean-Louis-Leca-Jean-Louis Leca,
