,Player Name,Player Number,Player,#,Nation,Pos,Age,Min,Tkl,TklW,Def 3rd,Mid 3rd,Att 3rd,Tkl,Att,Tkl%,Lost,Blocks,Sh,Pass,Int,Tkl+Int,Clr,Err,Player Key,Player Link
0,Florian Sotoca,https://fbref.com/en/players/7a42d0df/Florian-Sotoca,7,7,fr FRA,"FW,WB",30-055,90,0,0,0,0,0,0,0,,0,0,0,0,0,0,0,0,https://fbref.com/en/players/7a42d0df/Florian-Sotoca-Florian Sotoca,
1,Ignatius Ganago,https://fbref.com/en/players/23c63b7f/Ignatius-Ganago,9,9,cm CMR,FW,21-307,90,0,0,0,0,0,0,1,0.0,1,0,0,0,0,0,0,0,https://fbref.com/en/players/23c63b7f/Ignatius-Ganago-Ignatius Ganago,
2,Gaël Kakuta,https://fbref.com/en/players/5b1bf5e3/Gael-Kakuta,10,10,cd COD,AM,29-181,73,1,0,0,1,0,0,0,,0,0,0,0,1,2,0,0,https://fbref.com/en/players/5b1bf5e3/Gael-Kakuta-Gaël Kakuta,
3,Corentin Jean,https://fbref.com/en/players/7d9b37bf/Corentin-Jean,25,25,fr FRA,"WB,AM",25-157,17,0,0,0,0,0,0,0,,0,0,0,0,0,0,0,0,https://fbref.com/en/players/7d9b37bf/Corentin-Jean-Corentin Jean,
4,Cheick Doucouré,https://fbref.com/en/players/ce4f40c7/Cheick-Doucoure,28,28,ml MLI,"CM,CB",20-346,73,3,1,1,2,0,1,2,50.0,1,0,0,0,3,6,1,0,https://fbref.com/en/players/ce4f40c7/Cheick-Doucoure-Cheick Doucouré,
5,Arnaud Kalimuendo,https://fbref.com/en/players/bf4c41f9/Arnaud-Kalimuendo,29,29,fr FRA,"AM,CB",18-334,17,0,0,0,0,0,0,0,,0,1,0,1,0,0,0,0,https://fbref.com/en/players/bf4c41f9/Arnaud-Kalimuendo-Arnaud Kalimuendo,
6,Yannick Cahuzac,https://fbref.com/en/players/677ee102/Yannick-Cahuzac,18,18,fr FRA,CM,35-336,83,0,0,0,0,0,0,1,0.0,1,2,1,1,1,1,4,0,https://fbref.com/en/players/677ee102/Yannick-Cahuzac-Yannick Cahuzac,
7,Tony Mauricio,https://fbref.com/en/players/96e5168e/Tony-Mauricio,22,22,fr FRA,CM,26-272,7,1,1,1,0,0,0,0,,0,0,0,0,0,1,0,0,https://fbref.com/en/players/96e5168e/Tony-Mauricio-Tony Mauricio,
8,Issiaga Sylla,https://fbref.com/en/players/b99bec05/Issiaga-Sylla,3,3,gn GUI,WB,26-353,55,3,1,3,0,0,0,2,0.0,2,1,0,1,1,4,2,0,https://fbref.com/en/players/b99bec05/Issiaga-Sylla-Issiaga Sylla,
9,Seko Fofana,https://fbref.com/en/players/5313ed43/Seko-Fofana,8,8,ci CIV,CM,25-226,35,0,0,0,0,0,0,0,,0,0,0,0,0,0,0,0,https://fbref.com/en/players/5313ed43/Seko-Fofana-Seko Fofana,
10,Jonathan Clauss,https://fbref.com/en/players/5219ab4a/Jonathan-Clauss,11,11,fr FRA,WB,28-085,83,1,0,0,1,0,1,2,50.0,1,0,0,0,0,1,2,0,https://fbref.com/en/players/5219ab4a/Jonathan-Clauss-Jonathan Clauss,
11,Simon Banza,https://fbref.com/en/players/be47b750/Simon-Banza,23,23,cd COD,FW,24-128,7,0,0,0,0,0,0,0,,0,0,0,0,0,0,0,0,https://fbref.com/en/players/be47b750/Simon-Banza-Simon Banza,
12,Massadio Haïdara,https://fbref.com/en/players/5167c97e/Massadio-Haidara,21,21,ml MLI,"CB,WB",28-017,90,3,1,1,2,0,3,3,100.0,0,0,0,0,4,7,1,0,https://fbref.com/en/players/5167c97e/Massadio-Haidara-Massadio Haïdara,
13,Loïc Bade,https://fbref.com/en/players/114bbdee/Loic-Bade,4,4,fr FRA,CB,20-252,90,2,1,2,0,0,1,2,50.0,1,1,0,1,4,6,3,0,https://fbref.com/en/players/114bbdee/Loic-Bade-Loïc Bade,
14,Jonathan Gradit,https://fbref.com/en/players/06c48679/Jonathan-Gradit,24,24,fr FRA,CB,28-025,90,4,2,2,1,1,2,2,100.0,0,1,1,0,2,6,1,0,https://fbref.com/en/players/06c48679/Jonathan-Gradit-Jonathan Gradit,
15,Jean-Louis Leca,https://fbref.com/en/players/edbe46dc/Jean-Louis-Leca,16,16,fr FRA,GK,35-089,90,0,0,0,0,0,0,0,,0,0,0,0,0,0,0,0,https://fbref.com/en/players/edbe46dc/Jean-Louis-Leca-Jean-Louis Leca,
