,Player Name,Player Number,Player,#,Nation,Pos,Age,Min,CrdY,CrdR,2CrdY,Fls,Fld,Off,Crs,Int,TklW,PKwon,PKcon,OG,Recov,Won,Lost,Won%,Player Key,Player Link
0,Papa Ndiaga Yade,https://fbref.com/en/players/87e9c7cd/Papa-Ndiaga-Yade,26,26,mr MTN,FW,20-349,73,0,0,0,4,1,0,0,0,0,0,0,0,2,1,5,16.7,https://fbref.com/en/players/87e9c7cd/Papa-Ndiaga-Yade-Papa Ndiaga Yade,
1,Vagner Gonçalves,https://fbref.com/en/players/743fd71f/Vagner-Goncalves,27,27,cv CPV,FW,24-344,17,0,0,0,1,2,0,0,0,0,0,0,0,5,1,0,100.0,https://fbref.com/en/players/743fd71f/Vagner-Goncalves-Vagner Gonçalves,
2,Opa Nguette,https://fbref.com/en/players/75a63397/Opa-Nguette,11,11,sn SEN,FW,26-164,82,0,0,0,3,2,0,1,0,0,0,0,0,2,0,5,0.0,https://fbref.com/en/players/75a63397/Opa-Nguette-Opa Nguette,
3,Thierry Ambrose,https://fbref.com/en/players/2945f4b7/Thierry-Ambrose,9,9,gp GLP,FW,23-266,8,0,0,0,2,0,0,0,0,0,0,0,0,0,1,1,50.0,https://fbref.com/en/players/2945f4b7/Thierry-Ambrose-Thierry Ambrose,
4,Farid Boulaya,https://fbref.com/en/players/a0791826/Farid-Boulaya,10,10,dz ALG,AM,27-298,90,1,0,0,2,1,0,9,2,1,0,0,0,6,0,1,0.0,https://fbref.com/en/players/a0791826/Farid-Boulaya-Farid Boulaya,
5,Habib Maïga,https://fbref.com/en/players/e768de1f/Habib-Maiga,19,19,ci CIV,CM,24-353,90,0,0,0,1,1,0,0,7,2,0,0,0,9,0,1,0.0,https://fbref.com/en/players/e768de1f/Habib-Maiga-Habib Maïga,
6,Victorien Angban,https://fbref.com/en/players/d8992b84/Victorien-Angban,5,5,ci CIV,CM,24-081,90,0,0,0,1,1,0,1,2,0,0,0,0,5,1,0,100.0,https://fbref.com/en/players/d8992b84/Victorien-Angban-Victorien Angban,
7,Thomas Delaine,https://fbref.com/en/players/8332db56/Thomas-Delaine,17,17,fr FRA,WB,28-270,90,0,0,0,0,0,0,3,2,0,0,0,0,2,2,1,66.7,https://fbref.com/en/players/8332db56/Thomas-Delaine-Thomas Delaine,
8,Fabien Centonze,https://fbref.com/en/players/3c6bbbab/Fabien-Centonze,18,18,fr FRA,WB,24-338,90,0,0,0,1,0,0,3,2,3,0,0,0,2,1,0,100.0,https://fbref.com/en/players/3c6bbbab/Fabien-Centonze-Fabien Centonze,
9,John Boye,https://fbref.com/en/players/861227d2/John-Boye,21,21,gh GHA,CB,33-240,90,0,0,0,0,0,0,0,1,0,0,0,0,5,4,0,100.0,https://fbref.com/en/players/861227d2/John-Boye-John Boye,
10,Boubakar Kouyaté,https://fbref.com/en/players/562a4799/Boubakar-Kouyate,23,23,ml MLI,CB,23-248,90,0,0,0,1,0,0,0,3,0,0,0,0,5,2,2,50.0,https://fbref.com/en/players/562a4799/Boubakar-Kouyate-Boubakar Kouyaté,
11,Dylan Bronn,https://fbref.com/en/players/edd81e2a/Dylan-Bronn,2,2,tn TUN,CB,25-183,90,0,0,0,1,0,0,0,0,1,0,0,0,3,1,1,50.0,https://fbref.com/en/players/edd81e2a/Dylan-Bronn-Dylan Bronn,
12,Alexandre Oukidja,https://fbref.com/en/players/ae7d0ecd/Alexandre-Oukidja,16,16,dz ALG,GK,32-153,90,0,0,0,0,0,0,0,0,0,0,0,0,2,0,0,,https://fbref.com/en/players/ae7d0ecd/Alexandre-Oukidja-Alexandre Oukidja,
