,Player Name,Player Number,Player,#,Nation,Pos,Age,Min,Touches,Def Pen,Def 3rd,Mid 3rd,Att 3rd,Att Pen,Live,Att,Succ,Succ%,Tkld,Tkld%,Carries,TotDist,PrgDist,PrgC,1/3,CPA,Mis,Dis,Rec,PrgR,Player Key,Player Link
0,Papa Ndiaga Yade,https://fbref.com/en/players/87e9c7cd/Papa-Ndiaga-Yade,26,26,mr MTN,FW,20-349,73,19,1,1,12,7,2,19,3,1,33.3,2,66.7,13,73,24,1,0,0,3,3,14,1,https://fbref.com/en/players/87e9c7cd/Papa-Ndiaga-Yade-Papa Ndiaga Yade,
1,Vagner Gonçalves,https://fbref.com/en/players/743fd71f/Vagner-Goncalves,27,27,cv CPV,FW,24-344,17,10,0,4,5,3,0,10,0,0,,0,,7,87,46,1,1,0,3,0,6,1,https://fbref.com/en/players/743fd71f/Vagner-Goncalves-Vagner Gonçalves,
2,Opa Nguette,https://fbref.com/en/players/75a63397/Opa-Nguette,11,11,sn SEN,FW,26-164,82,30,0,0,14,17,3,30,3,2,66.7,1,33.3,21,155,67,3,1,2,6,3,27,7,https://fbref.com/en/players/75a63397/Opa-Nguette-Opa Nguette,
3,Thierry Ambrose,https://fbref.com/en/players/2945f4b7/Thierry-Ambrose,9,9,gp GLP,FW,23-266,8,3,0,0,3,0,0,3,0,0,,0,,3,32,3,0,0,1,0,1,5,1,https://fbref.com/en/players/2945f4b7/Thierry-Ambrose-Thierry Ambrose,
4,Farid Boulaya,https://fbref.com/en/players/a0791826/Farid-Boulaya,10,10,dz ALG,AM,27-298,90,59,1,12,28,20,1,59,2,0,0.0,2,100.0,37,302,113,3,3,1,1,0,35,2,https://fbref.com/en/players/a0791826/Farid-Boulaya-Farid Boulaya,
5,Habib Maïga,https://fbref.com/en/players/e768de1f/Habib-Maiga,19,19,ci CIV,CM,24-353,90,53,2,20,33,2,1,53,0,0,,0,,24,90,58,1,0,0,1,0,22,0,https://fbref.com/en/players/e768de1f/Habib-Maiga-Habib Maïga,
6,Victorien Angban,https://fbref.com/en/players/d8992b84/Victorien-Angban,5,5,ci CIV,CM,24-081,90,43,0,11,21,12,0,43,1,0,0.0,1,100.0,21,124,51,0,1,0,0,1,25,0,https://fbref.com/en/players/d8992b84/Victorien-Angban-Victorien Angban,
7,Thomas Delaine,https://fbref.com/en/players/8332db56/Thomas-Delaine,17,17,fr FRA,WB,28-270,90,28,0,12,7,10,2,28,1,1,100.0,0,0.0,14,162,133,5,2,2,0,0,17,2,https://fbref.com/en/players/8332db56/Thomas-Delaine-Thomas Delaine,
8,Fabien Centonze,https://fbref.com/en/players/3c6bbbab/Fabien-Centonze,18,18,fr FRA,WB,24-338,90,65,6,17,26,23,2,65,4,2,50.0,2,50.0,19,150,83,2,1,1,2,2,22,2,https://fbref.com/en/players/3c6bbbab/Fabien-Centonze-Fabien Centonze,
9,John Boye,https://fbref.com/en/players/861227d2/John-Boye,21,21,gh GHA,CB,33-240,90,44,8,36,5,3,2,44,0,0,,0,,18,79,20,0,1,0,1,0,21,0,https://fbref.com/en/players/861227d2/John-Boye-John Boye,
10,Boubakar Kouyaté,https://fbref.com/en/players/562a4799/Boubakar-Kouyate,23,23,ml MLI,CB,23-248,90,47,12,40,6,2,1,47,0,0,,0,,19,79,28,0,1,0,0,0,23,1,https://fbref.com/en/players/562a4799/Boubakar-Kouyate-Boubakar Kouyaté,
11,Dylan Bronn,https://fbref.com/en/players/edd81e2a/Dylan-Bronn,2,2,tn TUN,CB,25-183,90,40,3,23,14,3,1,40,0,0,,0,,17,90,50,0,1,0,1,0,24,0,https://fbref.com/en/players/edd81e2a/Dylan-Bronn-Dylan Bronn,
12,Alexandre Oukidja,https://fbref.com/en/players/ae7d0ecd/Alexandre-Oukidja,16,16,dz ALG,GK,32-153,90,41,35,40,1,0,0,41,1,1,100.0,0,0.0,20,184,127,0,0,0,0,0,12,0,https://fbref.com/en/players/ae7d0ecd/Alexandre-Oukidja-Alexandre Oukidja,
