,Minute,Player,Squad,xG,PSxG,Outcome,Distance,Body Part,Notes,SCA 1 Player,SCA 1 Event,SCA 2 Player,SCA 2 Event
0,6,Issiaga Sylla,Lens,0.06,,Blocked,15,Left Foot,,Ignatius Ganago,Pass (Live),Gaël Kakuta,Pass (Live)
1,9,Boubakar Kouyaté,Metz,0.08,,Woodwork,9,Head,,Farid Boulaya,Pass (Dead),,
2,9,Thomas Delaine,Metz,0.02,,Blocked,26,Right Foot,,Habib Maïga,Pass (Live),Boubakar Kouyaté,Shot
3,9,Opa Nguette,Metz,0.11,,Off Target,11,Right Foot,,Farid Boulaya,Pass (Live),Thomas Delaine,Pass (Live)
4,16,Florian Sotoca,Lens,0.04,,Blocked,23,Right Foot,,Jean-Louis Leca,Pass (Live),,
5,30,Opa Nguette,Metz,0.10,0.28,Goal,11,Left Foot,Deflected,Farid Boulaya,Pass (Live),Fabien Centonze,Tackle
6,33,Dylan Bronn,Metz,0.07,,Blocked,11,Right Foot,Volley,Farid Boulaya,Pass (Dead),Opa Nguette,Pass (Live)
7,34,John Boye,Metz,0.31,,Off Target,5,Head,,Farid Boulaya,Pass (Dead),Dylan Bronn,Shot
8,35,Papa Ndiaga Yade,Metz,0.08,,Off Target,15,Right Foot,,,,,
9,,,,,,,,,,,,,
10,49,Habib Maïga,Metz,0.02,0.22,Saved,34,Right Foot,,Farid Boulaya,Pass (Live),Victorien Angban,Pass (Live)
11,60,Cheick Doucouré,Lens,0.03,,Blocked,29,Right Foot,,Florian Sotoca,Pass (Live),Cheick Doucouré,Pass (Live)
12,62,Gaël Kakuta,Lens,0.02,,Blocked,29,Left Foot,,Florian Sotoca,Pass (Live),Jonathan Clauss,Pass (Dead)
13,62,Seko Fofana,Lens,0.03,,Off Target,29,Left Foot,,Gaël Kakuta,Shot,,
14,64,Florian Sotoca,Lens,0.06,,Blocked,13,Right Foot,,Yannick Cahuzac,Pass (Live),Jonathan Clauss,Pass (Live)
15,64,Florian Sotoca,Lens,0.31,,Off Target,4,Right Foot,,Massadio Haïdara,Pass (Live),Cheick Doucouré,Pass (Live)
16,64,Papa Ndiaga Yade,Metz,0.05,,Off Target,15,Left Foot,,Opa Nguette,Pass (Live),Opa Nguette,Take-On
17,66,Seko Fofana,Lens,0.03,0.03,Saved,32,Right Foot,,Seko Fofana,Take-On,Loïc Bade,Pass (Live)
18,69,Thomas Delaine,Metz,0.04,0.04,Saved,19,Left Foot,,Thomas Delaine,Take-On,Farid Boulaya,Pass (Live)
19,70,Cheick Doucouré,Lens,0.03,,Blocked,30,Right Foot,,Gaël Kakuta,Pass (Live),Florian Sotoca,Pass (Live)
20,70,Cheick Doucouré,Lens,0.05,0.10,Saved,16,Right Foot,Deflected,Cheick Doucouré,Shot,,
21,77,Jonathan Clauss,Lens,0.02,,Off Target,38,Right Foot,,Seko Fofana,Pass (Live),Massadio Haïdara,Pass (Live)
22,80,Corentin Jean,Lens,0.04,0.21,Saved,32,Left Foot,,Corentin Jean,Take-On,Seko Fofana,Pass (Live)
23,81,Florian Sotoca,Lens,0.05,,Blocked,15,Right Foot,,Jonathan Gradit,Pass (Live),Corentin Jean,Pass (Live)
24,83,Seko Fofana,Lens,0.06,,Off Target,12,Right Foot,Volley,Florian Sotoca,Shot,,
25,83,Florian Sotoca,Lens,0.39,,Off Target,6,Right Foot,Volley,Seko Fofana,Shot,,
26,87,Farid Boulaya,Metz,0.03,,Off Target,28,Right Foot,,Victorien Angban,Pass (Live),Farid Boulaya,Pass (Live)
27,88,Ignatius Ganago,Lens,0.05,,Blocked,21,Right Foot,,Seko Fofana,Pass (Live),Loïc Bade,Pass (Live)
28,90+1,Seko Fofana,Lens,0.04,,Off Target,20,Right Foot,,Ignatius Ganago,Pass (Live),Arnaud Kalimuendo,Pass (Live)
29,90+4,Farid Boulaya,Metz,0.07,0.61,Goal,17,Right Foot,,Thomas Delaine,Pass (Live),Habib Maïga,Pass (Live)
