season,injury,from,until,days,missed_games
21/22,unknown injury,"May 9, 2022","Jun 30, 2022",52 days,2
21/22,unknown injury,"Sep 23, 2021","Sep 29, 2021",6 days,1
20/21,unknown injury,"Apr 21, 2021","Apr 29, 2021",8 days,1
17/18,Toe injury,"Jan 20, 2018","Feb 23, 2018",34 days,6
17/18,Muscle injury,"Dec 8, 2017","Dec 21, 2017",13 days,4
16/17,unknown injury,"Dec 5, 2016","Dec 15, 2016",10 days,2
15/16,Knee injury,"Jan 28, 2016","Mar 3, 2016",35 days,5
15/16,Knee injury,"Dec 30, 2015","Jan 13, 2016",14 days,-
12/13,Groin problems,"Oct 7, 2012","Jan 1, 2013",86 days,12
