season,injury,from,until,days,missed_games
23/24,unknown injury,"Oct 2, 2023","Oct 15, 2023",13 days,1
21/22,Hamstring injury,"Nov 19, 2021","Dec 13, 2021",24 days,4
20/21,unknown injury,"Apr 28, 2021","May 14, 2021",16 days,3
19/20,Knock,"Nov 24, 2019","Jan 2, 2020",39 days,5
19/20,Broken shoulder,"Jul 18, 2019","Nov 4, 2019",109 days,13
18/19,Knee injury,"Oct 20, 2018","Dec 7, 2018",48 days,7
15/16,Ankle injury,"Apr 11, 2016","Apr 19, 2016",8 days,1
15/16,Torn muscle bundle,"Feb 8, 2016","Mar 4, 2016",25 days,3
14/15,Back injury,"Feb 16, 2015","Feb 26, 2015",10 days,1
13/14,Heel injury,"May 1, 2014","Jun 30, 2014",60 days,1
13/14,Abdominal muscle strain,"Oct 31, 2013","Nov 21, 2013",21 days,2
11/12,Cruciate ligament surgery,"Dec 12, 2011","Mar 8, 2012",87 days,9
