season,injury,from,until,days,missed_games
23/24,Knee injury,"Jan 17, 2024","Jun 30, 2024",165 days,-
23/24,Hamstring injury,"Oct 23, 2023","Nov 4, 2023",12 days,2
23/24,Ill,"Oct 6, 2023","Oct 10, 2023",4 days,1
22/23,Hamstring injury,"Mar 2, 2023","Apr 4, 2023",33 days,4
22/23,Thigh problems,"Feb 2, 2023","Feb 18, 2023",16 days,2
21/22,Bone bruise,"Apr 27, 2022","Aug 10, 2022",105 days,13
21/22,Corona virus,"Apr 9, 2022","Apr 16, 2022",7 days,1
21/22,unknown injury,"Nov 10, 2021","Dec 26, 2021",46 days,8
20/21,Corona virus,"Oct 16, 2020","Oct 28, 2020",12 days,3
