season,injury,from,until,days,missed_games
23/24,unknown injury,"Mar 27, 2024","May 18, 2024",52 days,7
23/24,unknown injury,"Feb 18, 2024","Mar 6, 2024",17 days,2
22/23,Knee injury,"Mar 1, 2023","Dec 31, 2023",305 days,21
22/23,Knock,"Jan 9, 2023","Feb 20, 2023",42 days,8
21/22,unknown injury,"Aug 6, 2021","Sep 23, 2021",48 days,7
20/21,Knock,"Oct 23, 2020","Dec 1, 2020",39 days,8
19/20,unknown injury,"Sep 6, 2019","Sep 12, 2019",6 days,1
18/19,unknown injury,"Mar 28, 2019","Apr 11, 2019",14 days,-
