season,injury,from,until,days,missed_games
23/24,unknown injury,"Aug 1, 2023","Sep 20, 2023",50 days,5
22/23,Muscle tear,"Jul 15, 2022","Jun 30, 2023",350 days,21
19/20,Hamstring injury,"Nov 27, 2019","Dec 13, 2019",16 days,4
18/19,Knee injury,"Mar 3, 2019","Mar 15, 2019",12 days,2
17/18,Tendon rupture,"Apr 11, 2018","Jun 30, 2018",80 days,-
17/18,Hand injury,"Aug 2, 2017","Oct 18, 2017",77 days,17
16/17,Achilles tendon surgery,"Jul 4, 2016","Jan 30, 2017",210 days,37
13/14,Knee injury,"Oct 28, 2013","Oct 31, 2013",3 days,1
12/13,Ill,"Nov 15, 2012","Nov 19, 2012",4 days,1
