season,injury,from,until,days,missed_games
22/23,unknown injury,"Mar 13, 2023","May 10, 2023",58 days,6
22/23,unknown injury,"Feb 22, 2023","Feb 28, 2023",6 days,1
22/23,Ill,"Jan 10, 2023","Jan 16, 2023",6 days,2
22/23,Ankle injury,"Jul 1, 2022","Aug 25, 2022",55 days,3
21/22,Leg injury,"May 5, 2022","Jun 30, 2022",56 days,10
20/21,Muscle injury,"Feb 3, 2021","Feb 12, 2021",9 days,1
20/21,Hamstring injury,"Nov 22, 2020","Dec 10, 2020",18 days,3
19/20,Muscle strain,"Oct 19, 2019","Oct 24, 2019",5 days,1
18/19,Groin injury,"Sep 22, 2018","Dec 20, 2018",89 days,12
