season,injury,from,until,days,missed_games
23/24,unknown injury,"Mar 1, 2024","Mar 24, 2024",23 days,3
22/23,unknown injury,"Feb 17, 2023","Feb 22, 2023",5 days,1
22/23,Knee injury,"Oct 13, 2022","Jan 12, 2023",91 days,8
22/23,Ill,"Oct 11, 2022","Oct 13, 2022",2 days,-
21/22,Knee injury,"Feb 6, 2022","Feb 9, 2022",3 days,1
20/21,Ankle surgery,"May 10, 2021","Sep 17, 2021",130 days,22
15/16,Abdominal problems,"Apr 11, 2016","Jun 30, 2016",80 days,4
15/16,Groin injury,"Mar 14, 2016","Apr 10, 2016",27 days,5
15/16,Injury to abdominal muscles,"Aug 13, 2015","Jan 14, 2016",154 days,25
