,Player Name,Player Number,Player,#,Nation,Pos,Age,Min,Tkl,TklW,Def 3rd,Mid 3rd,Att 3rd,Tkl,Att,Tkl%,Lost,Blocks,Sh,Pass,Int,Tkl+Int,Clr,Err,Player Key,Player Link
0,Pedro,https://fbref.com/en/players/17758df6/Pedro,96,96,br BRA,FW,24-101,65,0,0,0,0,0,0,0,,0,1,0,1,0,0,0,0,https://fbref.com/en/players/17758df6/Pedro-Pedro,
1,Nikola Stojiljković,https://fbref.com/en/players/ca3e2783/Nikola-Stojiljkovic,9,9,rs SRB,FW,28-184,25,0,0,0,0,0,0,0,,0,0,0,0,0,0,0,0,https://fbref.com/en/players/ca3e2783/Nikola-Stojiljkovic-Nikola Stojiljković,
2,Madi Queita,https://fbref.com/en/players/13ab460a/Madi-Queita,10,10,gw GNB,"LW,LM",22-119,87,2,1,1,1,0,0,1,0.0,1,1,0,1,1,3,1,0,https://fbref.com/en/players/13ab460a/Madi-Queita-Madi Queita,
3,Claudio Falcão,https://fbref.com/en/players/56077210/Claudio-Falcao,29,29,br BRA,LM,26-229,3,0,0,0,0,0,0,0,,0,0,0,0,0,0,1,0,https://fbref.com/en/players/56077210/Claudio-Falcao-Claudio Falcão,
4,Braian Mansilla,https://fbref.com/en/players/e4c37819/Braian-Mansilla,11,11,ar ARG,RW,23-307,57,2,1,0,2,0,0,2,0.0,2,2,0,2,2,4,0,0,https://fbref.com/en/players/e4c37819/Braian-Mansilla-Braian Mansilla,
5,Hugo Seco,https://fbref.com/en/players/68ee9021/Hugo-Seco,7,7,pt POR,"RM,RW",32-245,33,1,0,1,0,0,1,2,50.0,1,0,0,0,0,1,2,0,https://fbref.com/en/players/68ee9021/Hugo-Seco-Hugo Seco,
6,Ryan Gauld,https://fbref.com/en/players/862e93c2/Ryan-Gauld,23,23,sct SCO,AM,25-063,64,0,0,0,0,0,0,1,0.0,1,0,0,0,0,0,0,0,https://fbref.com/en/players/862e93c2/Ryan-Gauld-Ryan Gauld,
7,Burá,https://fbref.com/en/players/8e72cba8/Bura,13,13,gw GNB,RB,25-057,26,2,2,2,0,0,2,3,66.7,1,0,0,0,2,4,4,0,https://fbref.com/en/players/8e72cba8/Bura-Burá,
8,Jonatan Lucca,https://fbref.com/en/players/b04f4533/Jonatan-Lucca,47,47,br BRA,"DM,CM",26-260,90,1,1,0,1,0,0,2,0.0,2,1,0,1,0,1,0,0,https://fbref.com/en/players/b04f4533/Jonatan-Lucca-Jonatan Lucca,
9,Amine Oudrhiri,https://fbref.com/en/players/49c9c79a/Amine-Oudrhiri,5,5,ma MAR,"DM,CM",28-105,90,1,1,0,1,0,1,2,50.0,1,0,0,0,1,2,1,0,https://fbref.com/en/players/49c9c79a/Amine-Oudrhiri-Amine Oudrhiri,
10,Abner,https://fbref.com/en/players/8e562fe7/Abner,30,30,br BRA,LB,24-263,90,0,0,0,0,0,0,1,0.0,1,1,0,1,0,0,4,0,https://fbref.com/en/players/8e562fe7/Abner-Abner,
11,Eduardo Mancha,https://fbref.com/en/players/56e74f66/Eduardo-Mancha,95,95,br BRA,CB,25-085,90,0,0,0,0,0,0,0,,0,3,3,0,0,0,10,0,https://fbref.com/en/players/56e74f66/Eduardo-Mancha-Eduardo Mancha,
12,André Almeida Pinto,https://fbref.com/en/players/ba6e52b0/Andre-Almeida-Pinto,25,25,pt POR,CB,31-135,90,0,0,0,0,0,0,0,,0,0,0,0,1,1,3,0,https://fbref.com/en/players/ba6e52b0/Andre-Almeida-Pinto-André Almeida Pinto,
13,Alexandre Pinto,https://fbref.com/en/players/b05d8d93/Alexandre-Pinto,78,78,pt POR,RB,22-224,58,1,1,0,1,0,0,1,0.0,1,1,0,1,4,5,0,0,https://fbref.com/en/players/b05d8d93/Alexandre-Pinto-Alexandre Pinto,
14,Rafael Defendi,https://fbref.com/en/players/317d3e7b/Rafael-Defendi,12,12,br BRA,GK,37-057,90,0,0,0,0,0,0,0,,0,0,0,0,0,0,1,0,https://fbref.com/en/players/317d3e7b/Rafael-Defendi-Rafael Defendi,
