,Player Name,Player Number,Player,#,Nation,Pos,Age,Min,Touches,Def Pen,Def 3rd,Mid 3rd,Att 3rd,Att Pen,Live,Att,Succ,Succ%,Tkld,Tkld%,Carries,TotDist,PrgDist,PrgC,1/3,CPA,Mis,Dis,Rec,PrgR,Player Key,Player Link
0,Pedro,https://fbref.com/en/players/17758df6/Pedro,96,96,br BRA,FW,24-101,65,21,0,1,12,8,1,21,0,0,,0,,7,18,8,0,0,0,3,1,15,2,https://fbref.com/en/players/17758df6/Pedro-Pedro,
1,Nikola Stojiljković,https://fbref.com/en/players/ca3e2783/Nikola-Stojiljkovic,9,9,rs SRB,FW,28-184,25,8,0,2,4,2,1,8,0,0,,0,,2,1,1,0,0,0,1,0,7,1,https://fbref.com/en/players/ca3e2783/Nikola-Stojiljkovic-Nikola Stojiljković,
2,Madi Queita,https://fbref.com/en/players/13ab460a/Madi-Queita,10,10,gw GNB,"LW,LM",22-119,87,32,1,5,17,11,1,32,1,1,100.0,0,0.0,14,78,35,3,2,1,4,1,19,4,https://fbref.com/en/players/13ab460a/Madi-Queita-Madi Queita,
3,Claudio Falcão,https://fbref.com/en/players/56077210/Claudio-Falcao,29,29,br BRA,LM,26-229,3,2,1,1,1,0,0,2,0,0,,0,,0,0,0,0,0,0,0,0,0,0,https://fbref.com/en/players/56077210/Claudio-Falcao-Claudio Falcão,
4,Braian Mansilla,https://fbref.com/en/players/e4c37819/Braian-Mansilla,11,11,ar ARG,RW,23-307,57,26,0,1,14,11,0,26,0,0,,0,,13,64,27,2,1,0,2,1,14,3,https://fbref.com/en/players/e4c37819/Braian-Mansilla-Braian Mansilla,
5,Hugo Seco,https://fbref.com/en/players/68ee9021/Hugo-Seco,7,7,pt POR,"RM,RW",32-245,33,10,1,3,5,2,0,10,0,0,,0,,5,24,7,0,0,0,2,1,6,1,https://fbref.com/en/players/68ee9021/Hugo-Seco-Hugo Seco,
6,Ryan Gauld,https://fbref.com/en/players/862e93c2/Ryan-Gauld,23,23,sct SCO,AM,25-063,64,17,0,0,7,10,2,16,1,0,0.0,1,100.0,8,56,31,1,2,0,1,1,8,3,https://fbref.com/en/players/862e93c2/Ryan-Gauld-Ryan Gauld,
7,Burá,https://fbref.com/en/players/8e72cba8/Bura,13,13,gw GNB,RB,25-057,26,16,5,14,2,0,0,16,1,0,0.0,1,100.0,4,9,1,0,0,0,1,0,6,0,https://fbref.com/en/players/8e72cba8/Bura-Burá,
8,Jonatan Lucca,https://fbref.com/en/players/b04f4533/Jonatan-Lucca,47,47,br BRA,"DM,CM",26-260,90,33,2,4,24,5,0,33,1,1,100.0,0,0.0,14,85,24,0,0,1,0,1,17,2,https://fbref.com/en/players/b04f4533/Jonatan-Lucca-Jonatan Lucca,
9,Amine Oudrhiri,https://fbref.com/en/players/49c9c79a/Amine-Oudrhiri,5,5,ma MAR,"DM,CM",28-105,90,37,1,7,30,1,0,37,0,0,,0,,20,88,15,0,0,0,0,0,23,0,https://fbref.com/en/players/49c9c79a/Amine-Oudrhiri-Amine Oudrhiri,
10,Abner,https://fbref.com/en/players/8e562fe7/Abner,30,30,br BRA,LB,24-263,90,42,4,14,18,10,1,42,0,0,,0,,18,70,30,1,1,0,1,0,20,4,https://fbref.com/en/players/8e562fe7/Abner-Abner,
11,Eduardo Mancha,https://fbref.com/en/players/56e74f66/Eduardo-Mancha,95,95,br BRA,CB,25-085,90,45,13,28,17,0,0,45,0,0,,0,,18,128,80,0,0,0,0,0,20,0,https://fbref.com/en/players/56e74f66/Eduardo-Mancha-Eduardo Mancha,
12,André Almeida Pinto,https://fbref.com/en/players/ba6e52b0/Andre-Almeida-Pinto,25,25,pt POR,CB,31-135,90,40,7,21,16,3,3,40,0,0,,0,,19,123,75,0,0,0,0,0,24,0,https://fbref.com/en/players/ba6e52b0/Andre-Almeida-Pinto-André Almeida Pinto,
13,Alexandre Pinto,https://fbref.com/en/players/b05d8d93/Alexandre-Pinto,78,78,pt POR,RB,22-224,58,32,1,9,18,5,0,32,0,0,,0,,13,110,29,2,0,0,0,0,17,2,https://fbref.com/en/players/b05d8d93/Alexandre-Pinto-Alexandre Pinto,
14,Rafael Defendi,https://fbref.com/en/players/317d3e7b/Rafael-Defendi,12,12,br BRA,GK,37-057,90,35,31,35,0,0,0,35,0,0,,0,,15,69,47,0,0,0,0,0,11,0,https://fbref.com/en/players/317d3e7b/Rafael-Defendi-Rafael Defendi,
