,Player Name,Player Number,Player,#,Nation,Pos,Age,Min,Gls,Ast,PK,PKatt,Sh,SoT,CrdY,CrdR,Touches,Tkl,Int,Blocks,xG,npxG,xAG,SCA,GCA,Cmp,Att,Cmp%,PrgP,Carries,PrgC,Att,Succ,Player Key,Player Link
0,Pedro,https://fbref.com/en/players/17758df6/Pedro,96,96,br BRA,FW,24-101,65,0,0,0,0,1,0,0,0,21,0,0,1,0.0,0.0,0.0,0,0,13,15,86.7,0,7,0,0,0,https://fbref.com/en/players/17758df6/Pedro-Pedro,
1,Nikola Stojiljković,https://fbref.com/en/players/ca3e2783/Nikola-Stojiljkovic,9,9,rs SRB,FW,28-184,25,1,0,0,0,1,1,0,0,8,0,0,0,0.3,0.3,0.0,0,0,3,5,60.0,0,2,0,0,0,https://fbref.com/en/players/ca3e2783/Nikola-Stojiljkovic-Nikola Stojiljković,
2,Madi Queita,https://fbref.com/en/players/13ab460a/Madi-Queita,10,10,gw GNB,"LW,LM",22-119,87,0,0,0,0,1,0,0,0,32,2,1,1,0.1,0.1,0.0,3,2,11,23,47.8,2,14,3,1,1,https://fbref.com/en/players/13ab460a/Madi-Queita-Madi Queita,
3,Claudio Falcão,https://fbref.com/en/players/56077210/Claudio-Falcao,29,29,br BRA,LM,26-229,3,0,0,0,0,0,0,0,0,2,0,0,0,0.0,0.0,0.0,0,0,1,1,100.0,1,0,0,0,0,https://fbref.com/en/players/56077210/Claudio-Falcao-Claudio Falcão,
4,Braian Mansilla,https://fbref.com/en/players/e4c37819/Braian-Mansilla,11,11,ar ARG,RW,23-307,57,0,0,0,0,0,0,0,0,26,2,2,2,0.0,0.0,0.1,1,0,7,17,41.2,3,13,2,0,0,https://fbref.com/en/players/e4c37819/Braian-Mansilla-Braian Mansilla,
5,Hugo Seco,https://fbref.com/en/players/68ee9021/Hugo-Seco,7,7,pt POR,"RM,RW",32-245,33,0,0,0,0,0,0,0,0,10,1,0,0,0.0,0.0,0.0,0,0,3,5,60.0,1,5,0,0,0,https://fbref.com/en/players/68ee9021/Hugo-Seco-Hugo Seco,
6,Ryan Gauld,https://fbref.com/en/players/862e93c2/Ryan-Gauld,23,23,sct SCO,AM,25-063,64,1,0,1,1,2,0,0,0,17,0,0,0,0.9,0.1,0.0,6,0,6,11,54.5,1,8,1,1,0,https://fbref.com/en/players/862e93c2/Ryan-Gauld-Ryan Gauld,
7,Burá,https://fbref.com/en/players/8e72cba8/Bura,13,13,gw GNB,RB,25-057,26,0,0,0,0,0,0,0,0,16,2,2,0,0.0,0.0,0.0,0,0,5,9,55.6,0,4,0,1,0,https://fbref.com/en/players/8e72cba8/Bura-Burá,
8,Jonatan Lucca,https://fbref.com/en/players/b04f4533/Jonatan-Lucca,47,47,br BRA,"DM,CM",26-260,90,0,0,0,0,0,0,0,0,33,1,0,1,0.0,0.0,0.1,2,0,25,30,83.3,1,14,0,1,1,https://fbref.com/en/players/b04f4533/Jonatan-Lucca-Jonatan Lucca,
9,Amine Oudrhiri,https://fbref.com/en/players/49c9c79a/Amine-Oudrhiri,5,5,ma MAR,"DM,CM",28-105,90,0,0,0,0,0,0,0,0,37,1,1,0,0.0,0.0,0.0,0,0,26,32,81.3,5,20,0,0,0,https://fbref.com/en/players/49c9c79a/Amine-Oudrhiri-Amine Oudrhiri,
10,Abner,https://fbref.com/en/players/8e562fe7/Abner,30,30,br BRA,LB,24-263,90,0,1,0,0,0,0,1,0,42,0,0,1,0.0,0.0,0.3,1,1,21,36,58.3,2,18,1,0,0,https://fbref.com/en/players/8e562fe7/Abner-Abner,
11,Eduardo Mancha,https://fbref.com/en/players/56e74f66/Eduardo-Mancha,95,95,br BRA,CB,25-085,90,0,0,0,0,0,0,0,0,45,0,0,3,0.0,0.0,0.0,0,0,23,32,71.9,3,18,0,0,0,https://fbref.com/en/players/56e74f66/Eduardo-Mancha-Eduardo Mancha,
12,André Almeida Pinto,https://fbref.com/en/players/ba6e52b0/Andre-Almeida-Pinto,25,25,pt POR,CB,31-135,90,0,0,0,0,1,0,0,0,40,0,1,0,0.0,0.0,0.0,1,0,25,31,80.6,2,19,0,0,0,https://fbref.com/en/players/ba6e52b0/Andre-Almeida-Pinto-André Almeida Pinto,
13,Alexandre Pinto,https://fbref.com/en/players/b05d8d93/Alexandre-Pinto,78,78,pt POR,RB,22-224,58,0,0,0,0,1,0,2,1,32,1,4,1,0.0,0.0,0.0,0,0,20,25,80.0,1,13,2,0,0,https://fbref.com/en/players/b05d8d93/Alexandre-Pinto-Alexandre Pinto,
14,Rafael Defendi,https://fbref.com/en/players/317d3e7b/Rafael-Defendi,12,12,br BRA,GK,37-057,90,0,0,0,0,0,0,0,0,35,0,0,0,0.0,0.0,0.0,0,0,21,33,63.6,0,15,0,0,0,https://fbref.com/en/players/317d3e7b/Rafael-Defendi-Rafael Defendi,
