,Minute,Player,Squad,xG,PSxG,Outcome,Distance,Body Part,Notes,SCA 1 Player,SCA 1 Event,SCA 2 Player,SCA 2 Event
0,2,Alexandre Pinto,Farense,0.03,,Blocked,24,Right Foot,Volley,Madi Queita,Pass (Live),Ryan Gauld,Pass (Live)
1,4,André Almeida Pinto,Farense,0.05,,Blocked,14,Head,,Jonatan Lucca,Pass (Dead),Ryan Gauld,Fouled
2,5,Ryan Gauld,Farense,0.04,,Blocked,8,Head,,Jonatan Lucca,Pass (Dead),André Almeida Pinto,Shot
3,9,Madi Queita,Farense,0.06,,Off Target,14,Left Foot,,Braian Mansilla,Pass (Live),Ryan Gauld,Pass (Live)
4,14,José Luis García Vayá,Vitória,0.38,0.27,Goal,5,Head,,Rochinha,Pass (Dead),Rochinha,Take-On
5,21,Ryan Gauld(pen),Farense,0.79,0.99,Goal,13,Left Foot,,Madi Queita,Fouled,Madi Queita,Pass (Live)
6,24,Marcus Edwards,Vitória,0.32,0.66,Saved,12,Left Foot,,Miguel Luís,Pass (Live),Oscar Estupiñan,Pass (Live)
7,30,José Luis García Vayá,Vitória,0.07,,Off Target,9,Head,,Marcus Edwards,Pass (Dead),Marcus Edwards,Pass (Dead)
8,36,Marcus Edwards,Vitória,0.04,0.09,Goal,25,Left Foot,,André André,Pass (Live),André André,Take-On
9,40,Miguel Luís,Vitória,0.04,,Off Target,17,Right Foot,,,,,
10,41,Rochinha,Vitória,0.03,,Blocked,26,Right Foot,,Gideon Mensah,Pass (Dead),,
11,43,Ryan Gauld,Farense,0.04,,Off Target,36,Left Foot,Free kick,Ryan Gauld,Fouled,,
12,45,Marcus Edwards,Vitória,0.06,,Off Target,13,Left Foot,,Marcus Edwards,Take-On,Miguel Luís,Pass (Live)
13,45+1,Pedro,Farense,0.04,,Off Target,15,Head,,Ryan Gauld,Pass (Dead),Ryan Gauld,Fouled
14,,,,,,,,,,,,,
15,47,Marcus Edwards,Vitória,0.05,,Blocked,20,Left Foot,,Miguel Luís,Pass (Live),Oscar Estupiñan,Pass (Live)
16,49,Oscar Estupiñan,Vitória,0.05,,Off Target,12,Head,,Falaye Sacko,Pass (Live),Falaye Sacko,Take-On
17,54,Miguel Luís,Vitória,0.18,,Off Target,20,Right Foot,Volley,André André,Fouled,Gideon Mensah,Pass (Live)
18,78,Abdul Mumin,Vitória,0.05,,Off Target,13,Head,,Nicolas Janvier,Pass (Dead),André André,Fouled
19,79,Nikola Stojiljković,Farense,0.31,0.70,Goal,8,Head,,Abner,Pass (Dead),,
20,81,Marcus Edwards,Vitória,0.10,,Blocked,9,Left Foot,,Bruno Duarte,Pass (Live),Gideon Mensah,Pass (Dead)
21,86,Nicolas Janvier,Vitória,0.06,,Off Target,21,Right Foot,,Domingos André Ribeiro Almeida,Pass (Live),Domingos André Ribeiro Almeida,Tackle
22,90+1,Bruno Duarte,Vitória,0.10,,Off Target,11,Left Foot,,Rúben Lameiras,Pass (Live),Marcus Edwards,Pass (Live)
23,90+2,Marcus Edwards,Vitória,0.03,,Off Target,24,Left Foot,,José Luis García Vayá,Pass (Live),José Luis García Vayá,Pass (Live)
