,Player Name,Player Number,Player,#,Nation,Pos,Age,Min,Touches,Def Pen,Def 3rd,Mid 3rd,Att 3rd,Att Pen,Live,Att,Succ,Succ%,Tkld,Tkld%,Carries,TotDist,PrgDist,PrgC,1/3,CPA,Mis,Dis,Rec,PrgR,Player Key,Player Link
0,Oscar Estupiñan,https://fbref.com/en/players/213ab9bb/Oscar-Estupinan,31,31,co COL,FW,24-050,77,23,2,2,11,10,3,23,0,0,,0,,4,9,3,0,0,0,3,1,17,0,https://fbref.com/en/players/213ab9bb/Oscar-Estupinan-Oscar Estupiñan,
1,Bruno Duarte,https://fbref.com/en/players/d9b89391/Bruno-Duarte,9,9,br BRA,FW,24-330,13,6,0,0,2,4,2,6,1,1,100.0,0,0.0,5,22,13,1,0,1,0,0,5,3,https://fbref.com/en/players/d9b89391/Bruno-Duarte-Bruno Duarte,
2,Rochinha,https://fbref.com/en/players/c738a5ec/Rochinha,16,16,pt POR,LW,25-290,77,29,0,1,11,17,3,29,3,3,100.0,0,0.0,18,147,83,3,0,3,1,2,20,7,https://fbref.com/en/players/c738a5ec/Rochinha-Rochinha,
3,Ricardo Quaresma,https://fbref.com/en/players/6b6d252d/Ricardo-Quaresma,10,10,pt POR,LW,37-144,13,13,0,0,2,11,1,13,0,0,,0,,8,56,23,2,0,0,1,0,9,4,https://fbref.com/en/players/6b6d252d/Ricardo-Quaresma-Ricardo Quaresma,
4,Marcus Edwards,https://fbref.com/en/players/57760e66/Marcus-Edwards,7,7,eng ENG,RW,22-076,90,45,0,1,14,30,6,45,2,1,50.0,1,50.0,29,152,96,3,1,1,3,1,37,11,https://fbref.com/en/players/57760e66/Marcus-Edwards-Marcus Edwards,
5,André André,https://fbref.com/en/players/9f31b1d3/Andre-Andre,11,11,pt POR,LM,31-175,83,44,1,4,32,11,2,44,4,3,75.0,1,25.0,21,118,68,2,3,1,1,0,35,2,https://fbref.com/en/players/9f31b1d3/Andre-Andre-André André,
6,Domingos André Ribeiro Almeida,https://fbref.com/en/players/e6697917/Domingos-Andre-Ribeiro-Almeida,70,70,pt POR,LM,20-263,7,10,0,0,6,4,2,10,0,0,,0,,4,40,34,2,1,0,0,0,5,0,https://fbref.com/en/players/e6697917/Domingos-Andre-Ribeiro-Almeida-Domingos André Ribeiro Almeida,
7,José Luis García Vayá,https://fbref.com/en/players/27dc1378/Jose-Luis-Garcia-Vaya,19,19,es ESP,CM,22-190,90,53,2,9,36,8,3,53,0,0,,0,,19,37,16,0,0,0,1,0,34,0,https://fbref.com/en/players/27dc1378/Jose-Luis-Garcia-Vaya-José Luis García Vayá,
8,Miguel Luís,https://fbref.com/en/players/b0edd538/Miguel-Luis,88,88,pt POR,RM,21-356,67,23,0,2,12,9,3,23,0,0,,0,,12,28,7,0,0,0,0,1,15,3,https://fbref.com/en/players/b0edd538/Miguel-Luis-Miguel Luís,
9,Nicolas Janvier,https://fbref.com/en/players/22a62523/Nicolas-Janvier,98,98,fr FRA,RM,22-190,23,27,0,0,19,8,0,27,0,0,,0,,15,59,41,0,0,0,0,0,21,1,https://fbref.com/en/players/22a62523/Nicolas-Janvier-Nicolas Janvier,
10,Gideon Mensah,https://fbref.com/en/players/9bdd8118/Gideon-Mensah,14,14,gh GHA,LB,22-214,83,64,1,15,36,13,2,64,3,2,66.7,1,33.3,30,204,113,4,1,1,2,0,35,3,https://fbref.com/en/players/9bdd8118/Gideon-Mensah-Gideon Mensah,
11,Rúben Lameiras,https://fbref.com/en/players/656a96c6/Ruben-Lameiras,23,23,pt POR,LB,26-057,7,6,0,0,3,3,0,6,1,0,0.0,1,100.0,4,16,2,0,0,0,0,0,5,3,https://fbref.com/en/players/656a96c6/Ruben-Lameiras-Rúben Lameiras,
12,Abdul Mumin,https://fbref.com/en/players/5487adcd/Abdul-Mumin,6,6,gh GHA,CB,22-256,90,72,6,37,34,2,2,72,0,0,,0,,43,122,61,0,0,0,2,0,52,0,https://fbref.com/en/players/5487adcd/Abdul-Mumin-Abdul Mumin,
13,Jorge Filipe Oliveira Fernandes,https://fbref.com/en/players/a17ef4d1/Jorge-Filipe-Oliveira-Fernandes,44,44,pt POR,CB,23-321,90,59,5,27,32,0,0,59,0,0,,0,,32,159,99,0,0,0,0,0,44,0,https://fbref.com/en/players/a17ef4d1/Jorge-Filipe-Oliveira-Fernandes-Jorge Filipe Oliveira Fernandes,
14,Falaye Sacko,https://fbref.com/en/players/6388e356/Falaye-Sacko,17,17,ml MLI,RB,25-292,90,82,2,16,47,20,2,82,1,1,100.0,0,0.0,37,240,165,5,2,1,1,1,50,5,https://fbref.com/en/players/6388e356/Falaye-Sacko-Falaye Sacko,
15,Bruno Varela,https://fbref.com/en/players/2bea06e0/Bruno-Varela,1,1,cv CPV,GK,26-105,90,41,33,41,0,0,0,41,0,0,,0,,21,78,30,0,0,0,0,0,25,0,https://fbref.com/en/players/2bea06e0/Bruno-Varela-Bruno Varela,
