,Player Name,Player Number,Player,#,Nation,Pos,Age,Min,Touches,Def Pen,Def 3rd,Mid 3rd,Att 3rd,Att Pen,Live,Att,Succ,Succ%,Tkld,Tkld%,Carries,TotDist,PrgDist,PrgC,1/3,CPA,Mis,Dis,Rec,PrgR,Player Key,Player Link
0,Conor Chaplin,https://fbref.com/en/players/4ec55b87/Conor-Chaplin,11,11,eng ENG,FW,23-254,90,47,0,5,25,17,4,47,0,0,,0,,26,202,87,3,1,1,3,2,35,11,https://fbref.com/en/players/4ec55b87/Conor-Chaplin-Conor Chaplin,
1,Cauley Woodrow,https://fbref.com/en/players/d3085b49/Cauley-Woodrow,9,9,eng ENG,FW,25-330,67,37,2,4,14,20,3,36,1,0,0.0,1,100.0,15,154,56,1,2,0,4,1,26,6,https://fbref.com/en/players/d3085b49/Cauley-Woodrow-Cauley Woodrow,
2,Patrick Schmidt,https://fbref.com/en/players/a115c4d6/Patrick-Schmidt,19,19,at AUT,FW,22-097,23,11,0,0,2,9,4,11,0,0,,0,,7,76,64,3,0,2,0,0,11,4,https://fbref.com/en/players/a115c4d6/Patrick-Schmidt-Patrick Schmidt,
3,Dominik Frieser,https://fbref.com/en/players/59a7d912/Dominik-Frieser,28,28,at AUT,AM,27-048,74,18,0,3,9,6,2,18,0,0,,0,,9,83,27,2,0,1,0,0,13,3,https://fbref.com/en/players/59a7d912/Dominik-Frieser-Dominik Frieser,
4,Elliot Simoes,https://fbref.com/en/players/92bdd62b/Elliot-Simoes,23,23,ao ANG,AM,20-312,16,11,0,0,4,7,3,11,0,0,,0,,7,83,56,2,1,2,1,0,10,3,https://fbref.com/en/players/92bdd62b/Elliot-Simoes-Elliot Simoes,
5,Alex Mowatt,https://fbref.com/en/players/361b8b6c/Alex-Mowatt,27,27,eng ENG,CM,25-257,90,69,1,16,42,12,2,69,1,1,100.0,0,0.0,28,186,98,2,0,0,0,0,46,2,https://fbref.com/en/players/361b8b6c/Alex-Mowatt-Alex Mowatt,
6,Callum Styles,https://fbref.com/en/players/e96d5560/Callum-Styles,4,4,hu HUN,"WB,CM",20-213,90,75,2,15,44,18,2,75,1,1,100.0,0,0.0,31,214,136,3,2,0,5,0,47,4,https://fbref.com/en/players/e96d5560/Callum-Styles-Callum Styles,
7,Clarke Oduor,https://fbref.com/en/players/badf2acb/Clarke-Oduor,22,22,ke KEN,WB,21-124,45,39,2,9,19,11,2,39,4,1,25.0,3,75.0,16,92,48,1,1,0,1,0,18,3,https://fbref.com/en/players/badf2acb/Clarke-Oduor-Clarke Oduor,
8,Matty James,https://fbref.com/en/players/ebd0a048/Matty-James,32,32,eng ENG,CM,29-097,45,40,1,4,30,8,1,40,1,1,100.0,0,0.0,20,117,18,1,0,1,0,1,31,3,https://fbref.com/en/players/ebd0a048/Matty-James-Matty James,
9,Callum Brittain,https://fbref.com/en/players/95869fab/Callum-Brittain,7,7,eng ENG,WB,22-229,90,71,7,27,25,21,2,71,4,2,50.0,2,50.0,24,196,115,4,2,1,2,0,33,12,https://fbref.com/en/players/95869fab/Callum-Brittain-Callum Brittain,
10,Mads Juel Andersen,https://fbref.com/en/players/f098c03e/Mads-Juel-Andersen,6,6,dk DEN,CB,22-305,90,88,9,42,45,1,0,88,0,0,,0,,44,280,155,0,0,0,0,1,45,0,https://fbref.com/en/players/f098c03e/Mads-Juel-Andersen-Mads Juel Andersen,
11,Michał Helik,https://fbref.com/en/players/1d031d1f/Michal-Helik,30,30,pl POL,CB,25-048,90,86,6,56,30,0,0,86,0,0,,0,,44,236,88,0,0,0,0,0,47,1,https://fbref.com/en/players/1d031d1f/Michal-Helik-Michał Helik,
12,Michael Sollbauer,https://fbref.com/en/players/97810d55/Michael-Sollbauer,26,26,at AUT,CB,30-165,90,82,2,29,51,2,0,82,1,1,100.0,0,0.0,51,286,221,3,2,0,0,0,54,0,https://fbref.com/en/players/97810d55/Michael-Sollbauer-Michael Sollbauer,
13,Jack Walton,https://fbref.com/en/players/3df50652/Jack-Walton,1,1,eng ENG,GK,22-187,90,42,31,42,0,0,0,42,0,0,,0,,24,153,82,0,0,0,0,0,13,0,https://fbref.com/en/players/3df50652/Jack-Walton-Jack Walton,
