,Player Name,Player Number,Player,#,Nation,Pos,Age,Min,Gls,Ast,PK,PKatt,Sh,SoT,CrdY,CrdR,Touches,Tkl,Int,Blocks,xG,npxG,xAG,SCA,GCA,Cmp,Att,Cmp%,PrgP,Carries,PrgC,Att,Succ,Player Key,Player Link
0,Conor Chaplin,https://fbref.com/en/players/4ec55b87/Conor-Chaplin,11,11,eng ENG,FW,23-254,90,1,0,0,0,4,3,0,0,47,1,1,1,0.9,0.9,0.4,6,0,23,33,69.7,5,26,3,0,0,https://fbref.com/en/players/4ec55b87/Conor-Chaplin-Conor Chaplin,
1,Cauley Woodrow,https://fbref.com/en/players/d3085b49/Cauley-Woodrow,9,9,eng ENG,FW,25-330,67,1,0,1,1,1,1,0,0,37,1,0,0,0.8,0.0,0.0,2,2,16,22,72.7,2,15,1,1,0,https://fbref.com/en/players/d3085b49/Cauley-Woodrow-Cauley Woodrow,
2,Patrick Schmidt,https://fbref.com/en/players/a115c4d6/Patrick-Schmidt,19,19,at AUT,FW,22-097,23,0,0,0,0,3,3,0,0,11,0,0,0,0.6,0.6,0.3,3,0,6,8,75.0,2,7,3,0,0,https://fbref.com/en/players/a115c4d6/Patrick-Schmidt-Patrick Schmidt,
3,Dominik Frieser,https://fbref.com/en/players/59a7d912/Dominik-Frieser,28,28,at AUT,AM,27-048,74,0,1,0,0,0,0,0,0,18,1,1,1,0.0,0.0,0.1,3,1,9,12,75.0,2,9,2,0,0,https://fbref.com/en/players/59a7d912/Dominik-Frieser-Dominik Frieser,
4,Elliot Simoes,https://fbref.com/en/players/92bdd62b/Elliot-Simoes,23,23,ao ANG,AM,20-312,16,0,0,0,0,2,1,0,0,11,1,0,0,0.3,0.3,0.3,2,0,6,7,85.7,0,7,2,0,0,https://fbref.com/en/players/92bdd62b/Elliot-Simoes-Elliot Simoes,
5,Alex Mowatt,https://fbref.com/en/players/361b8b6c/Alex-Mowatt,27,27,eng ENG,CM,25-257,90,0,0,0,0,1,1,0,0,69,3,2,1,0.1,0.1,0.5,2,0,45,66,68.2,8,28,2,1,1,https://fbref.com/en/players/361b8b6c/Alex-Mowatt-Alex Mowatt,
6,Callum Styles,https://fbref.com/en/players/e96d5560/Callum-Styles,4,4,hu HUN,"WB,CM",20-213,90,0,0,0,0,1,0,0,0,75,5,0,2,0.0,0.0,0.3,2,0,35,58,60.3,6,31,3,1,1,https://fbref.com/en/players/e96d5560/Callum-Styles-Callum Styles,
7,Clarke Oduor,https://fbref.com/en/players/badf2acb/Clarke-Oduor,22,22,ke KEN,WB,21-124,45,0,0,0,0,1,1,0,0,39,1,0,1,0.0,0.0,0.0,2,0,24,27,88.9,1,16,1,4,1,https://fbref.com/en/players/badf2acb/Clarke-Oduor-Clarke Oduor,
8,Matty James,https://fbref.com/en/players/ebd0a048/Matty-James,32,32,eng ENG,CM,29-097,45,0,0,0,0,1,0,0,0,40,0,0,0,0.0,0.0,0.0,3,0,34,39,87.2,5,20,1,1,1,https://fbref.com/en/players/ebd0a048/Matty-James-Matty James,
9,Callum Brittain,https://fbref.com/en/players/95869fab/Callum-Brittain,7,7,eng ENG,WB,22-229,90,0,0,0,0,0,0,0,0,71,3,0,1,0.0,0.0,0.0,3,0,35,54,64.8,3,24,4,4,2,https://fbref.com/en/players/95869fab/Callum-Brittain-Callum Brittain,
10,Mads Juel Andersen,https://fbref.com/en/players/f098c03e/Mads-Juel-Andersen,6,6,dk DEN,CB,22-305,90,0,0,0,0,0,0,0,0,88,0,2,0,0.0,0.0,0.0,0,0,56,78,71.8,9,44,0,0,0,https://fbref.com/en/players/f098c03e/Mads-Juel-Andersen-Mads Juel Andersen,
11,Michał Helik,https://fbref.com/en/players/1d031d1f/Michal-Helik,30,30,pl POL,CB,25-048,90,0,0,0,0,0,0,0,0,86,0,1,1,0.0,0.0,0.0,0,0,63,73,86.3,4,44,0,0,0,https://fbref.com/en/players/1d031d1f/Michal-Helik-Michał Helik,
12,Michael Sollbauer,https://fbref.com/en/players/97810d55/Michael-Sollbauer,26,26,at AUT,CB,30-165,90,0,0,0,0,0,0,0,0,82,1,4,2,0.0,0.0,0.0,0,0,57,74,77.0,5,51,3,1,1,https://fbref.com/en/players/97810d55/Michael-Sollbauer-Michael Sollbauer,
13,Jack Walton,https://fbref.com/en/players/3df50652/Jack-Walton,1,1,eng ENG,GK,22-187,90,0,0,0,0,0,0,0,0,42,0,0,0,0.0,0.0,0.0,0,0,28,41,68.3,0,24,0,0,0,https://fbref.com/en/players/3df50652/Jack-Walton-Jack Walton,
