,Player Name,Player Number,Player,#,Nation,Pos,Age,Min,Tkl,TklW,Def 3rd,Mid 3rd,Att 3rd,Tkl,Att,Tkl%,Lost,Blocks,Sh,Pass,Int,Tkl+Int,Clr,Err,Player Key,Player Link
0,Conor Chaplin,https://fbref.com/en/players/4ec55b87/Conor-Chaplin,11,11,eng ENG,FW,23-254,90,1,1,1,0,0,0,0,,0,1,0,1,1,2,0,0,https://fbref.com/en/players/4ec55b87/Conor-Chaplin-Conor Chaplin,
1,Cauley Woodrow,https://fbref.com/en/players/d3085b49/Cauley-Woodrow,9,9,eng ENG,FW,25-330,67,1,1,1,0,0,1,2,50.0,1,0,0,0,0,1,2,0,https://fbref.com/en/players/d3085b49/Cauley-Woodrow-Cauley Woodrow,
2,Patrick Schmidt,https://fbref.com/en/players/a115c4d6/Patrick-Schmidt,19,19,at AUT,FW,22-097,23,0,0,0,0,0,0,0,,0,0,0,0,0,0,0,0,https://fbref.com/en/players/a115c4d6/Patrick-Schmidt-Patrick Schmidt,
3,Dominik Frieser,https://fbref.com/en/players/59a7d912/Dominik-Frieser,28,28,at AUT,AM,27-048,74,1,1,1,0,0,1,1,100.0,0,1,0,1,1,2,0,0,https://fbref.com/en/players/59a7d912/Dominik-Frieser-Dominik Frieser,
4,Elliot Simoes,https://fbref.com/en/players/92bdd62b/Elliot-Simoes,23,23,ao ANG,AM,20-312,16,1,0,0,1,0,0,0,,0,0,0,0,0,1,0,0,https://fbref.com/en/players/92bdd62b/Elliot-Simoes-Elliot Simoes,
5,Alex Mowatt,https://fbref.com/en/players/361b8b6c/Alex-Mowatt,27,27,eng ENG,CM,25-257,90,3,0,1,2,0,1,1,100.0,0,1,0,1,2,5,0,0,https://fbref.com/en/players/361b8b6c/Alex-Mowatt-Alex Mowatt,
6,Callum Styles,https://fbref.com/en/players/e96d5560/Callum-Styles,4,4,hu HUN,"WB,CM",20-213,90,5,4,1,2,2,2,4,50.0,2,2,1,1,0,5,3,0,https://fbref.com/en/players/e96d5560/Callum-Styles-Callum Styles,
7,Clarke Oduor,https://fbref.com/en/players/badf2acb/Clarke-Oduor,22,22,ke KEN,WB,21-124,45,1,1,1,0,0,1,2,50.0,1,1,0,1,0,1,2,0,https://fbref.com/en/players/badf2acb/Clarke-Oduor-Clarke Oduor,
8,Matty James,https://fbref.com/en/players/ebd0a048/Matty-James,32,32,eng ENG,CM,29-097,45,0,0,0,0,0,0,2,0.0,2,0,0,0,0,0,1,0,https://fbref.com/en/players/ebd0a048/Matty-James-Matty James,
9,Callum Brittain,https://fbref.com/en/players/95869fab/Callum-Brittain,7,7,eng ENG,WB,22-229,90,3,2,0,1,2,1,1,100.0,0,1,1,0,0,3,5,0,https://fbref.com/en/players/95869fab/Callum-Brittain-Callum Brittain,
10,Mads Juel Andersen,https://fbref.com/en/players/f098c03e/Mads-Juel-Andersen,6,6,dk DEN,CB,22-305,90,0,0,0,0,0,0,0,,0,0,0,0,2,2,8,0,https://fbref.com/en/players/f098c03e/Mads-Juel-Andersen-Mads Juel Andersen,
11,Michał Helik,https://fbref.com/en/players/1d031d1f/Michal-Helik,30,30,pl POL,CB,25-048,90,0,0,0,0,0,0,0,,0,1,1,0,1,1,6,0,https://fbref.com/en/players/1d031d1f/Michal-Helik-Michał Helik,
12,Michael Sollbauer,https://fbref.com/en/players/97810d55/Michael-Sollbauer,26,26,at AUT,CB,30-165,90,1,1,1,0,0,0,0,,0,2,1,1,4,5,1,0,https://fbref.com/en/players/97810d55/Michael-Sollbauer-Michael Sollbauer,
13,Jack Walton,https://fbref.com/en/players/3df50652/Jack-Walton,1,1,eng ENG,GK,22-187,90,0,0,0,0,0,0,0,,0,0,0,0,0,0,1,0,https://fbref.com/en/players/3df50652/Jack-Walton-Jack Walton,
