,Player Name,Player Number,Player,#,Nation,Pos,Age,Min,CrdY,CrdR,2CrdY,Fls,Fld,Off,Crs,Int,TklW,PKwon,PKcon,OG,Recov,Won,Lost,Won%,Player Key,Player Link
0,Lyndon Dykes,https://fbref.com/en/players/cd92357a/Lyndon-Dykes,9,9,sct SCO,FW,25-020,90,0,0,0,4,1,1,0,0,0,0,0,0,0,14,10,58.3,https://fbref.com/en/players/cd92357a/Lyndon-Dykes-Lyndon Dykes,
1,Ilias Chair,https://fbref.com/en/players/ad7873cb/Ilias-Chair,10,10,ma MAR,LW,22-363,30,0,0,0,0,0,0,6,0,0,0,0,0,2,0,1,0.0,https://fbref.com/en/players/ad7873cb/Ilias-Chair-Ilias Chair,
2,Conor Masterson,https://fbref.com/en/players/db975607/Conor-Masterson,23,23,ie IRL,LW,22-049,60,0,0,0,0,0,0,0,3,0,0,0,0,5,2,1,66.7,https://fbref.com/en/players/db975607/Conor-Masterson-Conor Masterson,
3,Albert Adomah,https://fbref.com/en/players/c7174e81/Albert-Adomah,37,37,gh GHA,RW,32-319,53,0,0,0,1,0,0,6,1,0,0,0,0,5,0,0,,https://fbref.com/en/players/c7174e81/Albert-Adomah-Albert Adomah,
4,Todd Kane,https://fbref.com/en/players/dd082c59/Todd-Kane,2,2,eng ENG,RW,27-040,37,0,0,0,0,1,0,0,0,0,0,0,0,2,0,0,,https://fbref.com/en/players/dd082c59/Todd-Kane-Todd Kane,
5,Macauley Bonne,https://fbref.com/en/players/9ca8b21c/Macauley-Bonne,7,7,zw ZIM,AM,25-001,62,0,0,0,1,0,1,0,2,0,0,0,0,2,1,11,8.3,https://fbref.com/en/players/9ca8b21c/Macauley-Bonne-Macauley Bonne,
6,Chris Willock,https://fbref.com/en/players/be0bd828/Chris-Willock,21,21,eng ENG,AM,22-270,28,0,0,0,1,2,1,1,0,0,0,0,0,3,0,0,,https://fbref.com/en/players/be0bd828/Chris-Willock-Chris Willock,
7,Tom Carroll,https://fbref.com/en/players/5a1900a4/Tom-Carroll,22,22,eng ENG,DM,28-152,90,0,0,0,0,1,0,5,1,1,0,0,0,3,0,2,0.0,https://fbref.com/en/players/5a1900a4/Tom-Carroll-Tom Carroll,
8,Dominic Ball,https://fbref.com/en/players/79d61875/Dominic-Ball,12,12,eng ENG,DM,25-086,90,0,0,0,0,1,0,0,2,1,0,0,0,8,3,1,75.0,https://fbref.com/en/players/79d61875/Dominic-Ball-Dominic Ball,
9,Niko Hämäläinen,https://fbref.com/en/players/4435db1e/Niko-Hamalainen,25,25,fi FIN,LB,23-236,90,0,0,0,0,0,0,0,2,1,0,0,0,4,3,2,60.0,https://fbref.com/en/players/4435db1e/Niko-Hamalainen-Niko Hämäläinen,
10,Yoann Barbet,https://fbref.com/en/players/c52bbd2c/Yoann-Barbet,6,6,fr FRA,CB,27-170,90,0,0,0,2,2,0,0,4,0,0,0,1,7,1,1,50.0,https://fbref.com/en/players/c52bbd2c/Yoann-Barbet-Yoann Barbet,
11,Robert Dickie,https://fbref.com/en/players/c7dfc411/Robert-Dickie,4,4,eng ENG,CB,24-238,25,0,1,0,1,0,0,0,1,0,0,1,0,3,1,0,100.0,https://fbref.com/en/players/c7dfc411/Robert-Dickie-Robert Dickie,
12,Osman Kakay,https://fbref.com/en/players/0aed0751/Osman-Kakay,24,24,sl SLE,RB,23-063,90,0,0,0,1,0,0,3,0,0,0,0,0,10,1,0,100.0,https://fbref.com/en/players/0aed0751/Osman-Kakay-Osman Kakay,
13,Seny Dieng,https://fbref.com/en/players/c135cddd/Seny-Dieng,13,13,sn SEN,GK,25-339,90,0,0,0,0,0,0,0,0,0,0,0,0,1,0,0,,https://fbref.com/en/players/c135cddd/Seny-Dieng-Seny Dieng,
