,Player Name,Player Number,Player,#,Nation,Pos,Age,Min,Tkl,TklW,Def 3rd,Mid 3rd,Att 3rd,Tkl,Att,Tkl%,Lost,Blocks,Sh,Pass,Int,Tkl+Int,Clr,Err,Player Key,Player Link
0,Lyndon Dykes,https://fbref.com/en/players/cd92357a/Lyndon-Dykes,9,9,sct SCO,FW,25-020,90,0,0,0,0,0,0,1,0.0,1,1,0,1,0,0,1,0,https://fbref.com/en/players/cd92357a/Lyndon-Dykes-Lyndon Dykes,
1,Ilias Chair,https://fbref.com/en/players/ad7873cb/Ilias-Chair,10,10,ma MAR,LW,22-363,30,0,0,0,0,0,0,0,,0,0,0,0,0,0,0,0,https://fbref.com/en/players/ad7873cb/Ilias-Chair-Ilias Chair,
2,Conor Masterson,https://fbref.com/en/players/db975607/Conor-Masterson,23,23,ie IRL,LW,22-049,60,0,0,0,0,0,0,0,,0,0,0,0,3,3,0,0,https://fbref.com/en/players/db975607/Conor-Masterson-Conor Masterson,
3,Albert Adomah,https://fbref.com/en/players/c7174e81/Albert-Adomah,37,37,gh GHA,RW,32-319,53,2,0,1,1,0,2,3,66.7,1,1,0,1,1,3,1,0,https://fbref.com/en/players/c7174e81/Albert-Adomah-Albert Adomah,
4,Todd Kane,https://fbref.com/en/players/dd082c59/Todd-Kane,2,2,eng ENG,RW,27-040,37,0,0,0,0,0,0,0,,0,2,0,2,0,0,1,0,https://fbref.com/en/players/dd082c59/Todd-Kane-Todd Kane,
5,Macauley Bonne,https://fbref.com/en/players/9ca8b21c/Macauley-Bonne,7,7,zw ZIM,AM,25-001,62,2,0,1,0,1,1,1,100.0,0,0,0,0,2,4,1,0,https://fbref.com/en/players/9ca8b21c/Macauley-Bonne-Macauley Bonne,
6,Chris Willock,https://fbref.com/en/players/be0bd828/Chris-Willock,21,21,eng ENG,AM,22-270,28,0,0,0,0,0,0,1,0.0,1,1,0,1,0,0,0,0,https://fbref.com/en/players/be0bd828/Chris-Willock-Chris Willock,
7,Tom Carroll,https://fbref.com/en/players/5a1900a4/Tom-Carroll,22,22,eng ENG,DM,28-152,90,3,1,2,1,0,1,2,50.0,1,0,0,0,1,4,0,0,https://fbref.com/en/players/5a1900a4/Tom-Carroll-Tom Carroll,
8,Dominic Ball,https://fbref.com/en/players/79d61875/Dominic-Ball,12,12,eng ENG,DM,25-086,90,1,1,0,0,1,0,2,0.0,2,0,0,0,2,3,0,0,https://fbref.com/en/players/79d61875/Dominic-Ball-Dominic Ball,
9,Niko Hämäläinen,https://fbref.com/en/players/4435db1e/Niko-Hamalainen,25,25,fi FIN,LB,23-236,90,2,1,0,1,1,1,2,50.0,1,3,0,3,2,4,3,0,https://fbref.com/en/players/4435db1e/Niko-Hamalainen-Niko Hämäläinen,
10,Yoann Barbet,https://fbref.com/en/players/c52bbd2c/Yoann-Barbet,6,6,fr FRA,CB,27-170,90,1,0,1,0,0,1,1,100.0,0,1,0,1,4,5,2,0,https://fbref.com/en/players/c52bbd2c/Yoann-Barbet-Yoann Barbet,
11,Robert Dickie,https://fbref.com/en/players/c7dfc411/Robert-Dickie,4,4,eng ENG,CB,24-238,25,0,0,0,0,0,0,0,,0,0,0,0,1,1,0,0,https://fbref.com/en/players/c7dfc411/Robert-Dickie-Robert Dickie,
12,Osman Kakay,https://fbref.com/en/players/0aed0751/Osman-Kakay,24,24,sl SLE,RB,23-063,90,0,0,0,0,0,0,0,,0,2,2,0,0,0,5,0,https://fbref.com/en/players/0aed0751/Osman-Kakay-Osman Kakay,
13,Seny Dieng,https://fbref.com/en/players/c135cddd/Seny-Dieng,13,13,sn SEN,GK,25-339,90,0,0,0,0,0,0,0,,0,0,0,0,0,0,0,0,https://fbref.com/en/players/c135cddd/Seny-Dieng-Seny Dieng,
