,Player Name,Player Number,Player,#,Nation,Pos,Age,Min,Touches,Def Pen,Def 3rd,Mid 3rd,Att 3rd,Att Pen,Live,Att,Succ,Succ%,Tkld,Tkld%,Carries,TotDist,PrgDist,PrgC,1/3,CPA,Mis,Dis,Rec,PrgR,Player Key,Player Link
0,Lyndon Dykes,https://fbref.com/en/players/cd92357a/Lyndon-Dykes,9,9,sct SCO,FW,25-020,90,44,1,3,16,25,4,44,1,1,100.0,0,0.0,15,50,8,0,0,0,6,1,35,7,https://fbref.com/en/players/cd92357a/Lyndon-Dykes-Lyndon Dykes,
1,Ilias Chair,https://fbref.com/en/players/ad7873cb/Ilias-Chair,10,10,ma MAR,LW,22-363,30,18,0,1,8,10,1,18,1,1,100.0,0,0.0,8,78,51,2,1,0,0,2,10,1,https://fbref.com/en/players/ad7873cb/Ilias-Chair-Ilias Chair,
2,Conor Masterson,https://fbref.com/en/players/db975607/Conor-Masterson,23,23,ie IRL,LW,22-049,60,36,3,13,23,0,0,36,0,0,,0,,9,72,3,0,0,0,0,0,12,0,https://fbref.com/en/players/db975607/Conor-Masterson-Conor Masterson,
3,Albert Adomah,https://fbref.com/en/players/c7174e81/Albert-Adomah,37,37,gh GHA,RW,32-319,53,34,2,7,7,21,1,34,1,1,100.0,0,0.0,17,95,31,1,0,0,4,1,19,4,https://fbref.com/en/players/c7174e81/Albert-Adomah-Albert Adomah,
4,Todd Kane,https://fbref.com/en/players/dd082c59/Todd-Kane,2,2,eng ENG,RW,27-040,37,18,1,1,11,6,1,18,0,0,,0,,8,97,16,1,0,0,1,0,10,2,https://fbref.com/en/players/dd082c59/Todd-Kane-Todd Kane,
5,Macauley Bonne,https://fbref.com/en/players/9ca8b21c/Macauley-Bonne,7,7,zw ZIM,AM,25-001,62,37,0,3,16,18,3,37,1,1,100.0,0,0.0,10,99,9,0,0,0,5,1,23,2,https://fbref.com/en/players/9ca8b21c/Macauley-Bonne-Macauley Bonne,
6,Chris Willock,https://fbref.com/en/players/be0bd828/Chris-Willock,21,21,eng ENG,AM,22-270,28,14,0,0,5,9,3,14,1,1,100.0,0,0.0,9,99,57,2,0,1,2,2,11,5,https://fbref.com/en/players/be0bd828/Chris-Willock-Chris Willock,
7,Tom Carroll,https://fbref.com/en/players/5a1900a4/Tom-Carroll,22,22,eng ENG,DM,28-152,90,51,1,15,23,13,0,51,3,0,0.0,3,100.0,14,50,15,0,0,0,3,0,26,0,https://fbref.com/en/players/5a1900a4/Tom-Carroll-Tom Carroll,
8,Dominic Ball,https://fbref.com/en/players/79d61875/Dominic-Ball,12,12,eng ENG,DM,25-086,90,40,0,6,25,10,3,40,2,1,50.0,1,50.0,17,97,37,0,0,0,0,1,18,0,https://fbref.com/en/players/79d61875/Dominic-Ball-Dominic Ball,
9,Niko Hämäläinen,https://fbref.com/en/players/4435db1e/Niko-Hamalainen,25,25,fi FIN,LB,23-236,90,64,4,23,24,17,0,64,1,0,0.0,1,100.0,18,159,59,1,2,0,1,1,24,1,https://fbref.com/en/players/4435db1e/Niko-Hamalainen-Niko Hämäläinen,
10,Yoann Barbet,https://fbref.com/en/players/c52bbd2c/Yoann-Barbet,6,6,fr FRA,CB,27-170,90,61,6,38,22,1,0,61,0,0,,0,,19,72,30,0,0,0,0,0,21,0,https://fbref.com/en/players/c52bbd2c/Yoann-Barbet-Yoann Barbet,
11,Robert Dickie,https://fbref.com/en/players/c7dfc411/Robert-Dickie,4,4,eng ENG,CB,24-238,25,12,2,8,4,0,0,12,0,0,,0,,4,12,4,0,0,0,0,0,3,0,https://fbref.com/en/players/c7dfc411/Robert-Dickie-Robert Dickie,
12,Osman Kakay,https://fbref.com/en/players/0aed0751/Osman-Kakay,24,24,sl SLE,RB,23-063,90,59,8,25,16,18,0,59,2,0,0.0,2,100.0,21,153,15,0,0,0,1,1,23,3,https://fbref.com/en/players/0aed0751/Osman-Kakay-Osman Kakay,
13,Seny Dieng,https://fbref.com/en/players/c135cddd/Seny-Dieng,13,13,sn SEN,GK,25-339,90,41,35,41,0,0,0,41,0,0,,0,,23,158,91,0,0,0,0,0,11,0,https://fbref.com/en/players/c135cddd/Seny-Dieng-Seny Dieng,
