,Minute,Player,Squad,xG,PSxG,Outcome,Distance,Body Part,Notes,SCA 1 Player,SCA 1 Event,SCA 2 Player,SCA 2 Event
0,1,Ilias Chair,QPR,0.10,,Blocked,9,Right Foot,Volley,Dominic Ball,Pass (Live),Lyndon Dykes,Pass (Live)
1,1,Macauley Bonne,QPR,0.03,,Off Target,24,Left Foot,,Osman Kakay,Pass (Dead),,
2,16,Lyndon Dykes,QPR,0.06,,Blocked,10,Head,,Ilias Chair,Pass (Dead),,
3,21,Clarke Oduor,Barnsley,0.05,0.06,Saved,21,Left Foot,,Clarke Oduor,Pass (Live),Clarke Oduor,Take-On
4,27,Cauley Woodrow(pen),Barnsley,0.79,0.99,Goal,13,Right Foot,,Cauley Woodrow,Fouled,,
5,37,Cauley Woodrow,Barnsley,0.04,0.08,Saved,26,Right Foot,,Callum Brittain,Pass (Live),Dominik Frieser,Pass (Live)
6,37,Conor Chaplin,Barnsley,0.10,0.32,Goal,13,Left Foot,,Dominik Frieser,Pass (Live),Cauley Woodrow,Pass (Live)
7,39,Lyndon Dykes,QPR,0.04,0.03,Saved,15,Head,,Tom Carroll,Pass (Dead),Lyndon Dykes,Fouled
8,43,Niko Hämäläinen,QPR,0.03,,Blocked,26,Left Foot,,Albert Adomah,Pass (Live),Conor Masterson,Pass (Live)
9,,,,,,,,,,,,,
10,51,Conor Chaplin,Barnsley,0.47,0.40,Saved,8,Other,,Alex Mowatt,Pass (Live),Matty James,Pass (Live)
11,54,Dominic Ball,QPR,0.04,,Off Target,11,Head,,Tom Carroll,Pass (Dead),Dominic Ball,Pass (Live)
12,56,Tom Carroll,QPR,0.03,,Off Target,27,Left Foot,,Macauley Bonne,Pass (Live),Macauley Bonne,Take-On
13,57,Dominic Ball,QPR,0.04,,Off Target,15,Head,,Tom Carroll,Pass (Live),Macauley Bonne,Pass (Live)
14,61,Matty James,Barnsley,0.03,,Off Target,27,Right Foot,,Conor Chaplin,Pass (Live),Dominik Frieser,Pass (Live)
15,70,Conor Chaplin,Barnsley,0.04,0.11,Saved,19,Left Foot,Deflected,Matty James,Pass (Live),Patrick Schmidt,Pass (Live)
16,73,Alex Mowatt,Barnsley,0.07,0.06,Saved,14,Right Foot,,Patrick Schmidt,Pass (Live),Callum Styles,Pass (Live)
17,79,Patrick Schmidt,Barnsley,0.28,0.31,Saved,13,Right Foot,,Conor Chaplin,Pass (Live),Matty James,Pass (Live)
18,84,Patrick Schmidt,Barnsley,0.26,0.18,Saved,10,Head,,Elliot Simoes,Pass (Live),Conor Chaplin,Pass (Live)
19,84,Chris Willock,QPR,0.05,,Blocked,13,Right Foot,,,,,
20,85,Elliot Simoes,Barnsley,0.07,0.05,Saved,14,Left Foot,,Alex Mowatt,Pass (Live),Conor Chaplin,Pass (Live)
21,88,Callum Styles,Barnsley,0.04,,Blocked,19,Right Foot,,Conor Chaplin,Pass (Live),Elliot Simoes,Pass (Live)
22,89,Patrick Schmidt,Barnsley,0.09,0.07,Saved,14,Right Foot,,Conor Chaplin,Pass (Live),Callum Brittain,Pass (Live)
23,90,Conor Chaplin,Barnsley,0.33,,Off Target,12,Left Foot,,Callum Styles,Pass (Live),,
24,90+1,Elliot Simoes,Barnsley,0.20,,Blocked,10,Right Foot,,Patrick Schmidt,Pass (Live),Callum Brittain,Pass (Live)
25,90+2,Dominic Ball,QPR,0.02,0.03,Saved,35,Right Foot,,,,,
