,Player Name,Player Number,Player,#,Nation,Pos,Age,Min,CrdY,CrdR,2CrdY,Fls,Fld,Off,Crs,Int,TklW,PKwon,PKcon,OG,Recov,Won,Lost,Won%,Player Key,Player Link
0,Duván Zapata,https://fbref.com/en/players/d3de9af0/Duvan-Zapata,91,91,co COL,FW,29-203,79,0,0,0,0,2,2,2,0,1,0,0,0,4,2,0,100.0,https://fbref.com/en/players/d3de9af0/Duvan-Zapata-Duván Zapata,
1,Aleksei Miranchuk,https://fbref.com/en/players/a9aa0d1d/Aleksei-Miranchuk,59,59,ru RUS,FW,25-004,11,0,0,0,0,0,0,0,0,0,0,0,0,2,0,0,,https://fbref.com/en/players/a9aa0d1d/Aleksei-Miranchuk-Aleksei Miranchuk,
2,Luis Muriel,https://fbref.com/en/players/eb2fe5b6/Luis-Muriel,9,9,co COL,FW,29-188,67,0,0,0,2,0,0,3,0,0,0,0,0,4,1,1,50.0,https://fbref.com/en/players/eb2fe5b6/Luis-Muriel-Luis Muriel,
3,Josip Iličić,https://fbref.com/en/players/68252d6d/Josip-Ilicic,72,72,si SVN,FW,32-266,23,0,0,0,0,0,0,2,0,1,0,0,0,3,0,0,,https://fbref.com/en/players/68252d6d/Josip-Ilicic-Josip Iličić,
4,Papu Gómez,https://fbref.com/en/players/6e4df551/Papu-Gomez,10,10,ar ARG,AM,32-249,67,0,0,0,2,3,0,6,0,0,0,0,0,4,0,0,,https://fbref.com/en/players/6e4df551/Papu-Gomez-Papu Gómez,
5,Mario Pašalić,https://fbref.com/en/players/e599253a/Mario-Pasalic,88,88,hr CRO,AM,25-255,23,0,0,0,0,0,0,0,0,1,0,0,0,0,1,0,100.0,https://fbref.com/en/players/e599253a/Mario-Pasalic-Mario Pašalić,
6,Remo Freuler,https://fbref.com/en/players/98d2c2c4/Remo-Freuler,11,11,ch SUI,CM,28-189,79,0,0,0,1,1,0,0,2,1,0,0,0,13,0,1,0.0,https://fbref.com/en/players/98d2c2c4/Remo-Freuler-Remo Freuler,
7,Matteo Pessina,https://fbref.com/en/players/780e3631/Matteo-Pessina,32,32,it ITA,CM,23-183,11,0,0,0,0,0,0,0,0,0,0,0,0,1,0,0,,https://fbref.com/en/players/780e3631/Matteo-Pessina-Matteo Pessina,
8,Marten de Roon,https://fbref.com/en/players/2a1beb34/Marten-de-Roon,15,15,nl NED,CM,29-206,90,0,0,0,3,0,0,0,3,2,0,0,0,5,1,0,100.0,https://fbref.com/en/players/2a1beb34/Marten-de-Roon-Marten de Roon,
9,Robin Gosens,https://fbref.com/en/players/2d970560/Robin-Gosens,8,8,de GER,WB,26-108,90,0,0,0,0,2,0,1,1,0,0,0,0,5,2,0,100.0,https://fbref.com/en/players/2d970560/Robin-Gosens-Robin Gosens,
10,Hans Hateboer,https://fbref.com/en/players/3b333ac3/Hans-Hateboer,33,33,nl NED,WB,26-286,90,0,0,0,0,1,0,0,0,1,0,0,0,6,2,2,50.0,https://fbref.com/en/players/3b333ac3/Hans-Hateboer-Hans Hateboer,
11,Berat Djimsiti,https://fbref.com/en/players/6eee05f1/Berat-Djimsiti,19,19,al ALB,CB,27-245,90,0,0,0,1,0,0,0,1,2,0,0,0,3,0,0,,https://fbref.com/en/players/6eee05f1/Berat-Djimsiti-Berat Djimsiti,
12,Cristian Romero,https://fbref.com/en/players/a3d94a58/Cristian-Romero,17,17,ar ARG,CB,22-177,85,1,0,0,3,0,1,0,2,1,0,0,0,7,5,4,55.6,https://fbref.com/en/players/a3d94a58/Cristian-Romero-Cristian Romero,
13,José Luis Palomino,https://fbref.com/en/players/921f6058/Jose-Luis-Palomino,6,6,ar ARG,CB,30-290,5,0,0,0,0,0,0,0,0,1,0,0,0,0,0,0,,https://fbref.com/en/players/921f6058/Jose-Luis-Palomino-José Luis Palomino,
14,Rafael Tolói,https://fbref.com/en/players/c56dc39e/Rafael-Toloi,2,2,it ITA,CB,30-011,90,0,0,0,0,0,0,1,2,1,0,0,0,3,1,2,33.3,https://fbref.com/en/players/c56dc39e/Rafael-Toloi-Rafael Tolói,
15,Marco Sportiello,https://fbref.com/en/players/ac4003af/Marco-Sportiello,57,57,it ITA,GK,28-164,90,0,0,0,0,0,0,0,0,0,0,0,0,2,0,0,,https://fbref.com/en/players/ac4003af/Marco-Sportiello-Marco Sportiello,
