,Player Name,Player Number,Player,#,Nation,Pos,Age,Min,Gls,Ast,PK,PKatt,Sh,SoT,CrdY,CrdR,Touches,Tkl,Int,Blocks,xG,npxG,xAG,SCA,GCA,Cmp,Att,Cmp%,PrgP,Carries,PrgC,Att,Succ,Player Key,Player Link
0,Duván Zapata,https://fbref.com/en/players/d3de9af0/Duvan-Zapata,91,91,co COL,FW,29-203,79,1,2,0,0,5,3,0,0,38,1,0,0,0.8,0.8,0.1,3,2,17,24,70.8,3,29,2,1,0,https://fbref.com/en/players/d3de9af0/Duvan-Zapata-Duván Zapata,
1,Aleksei Miranchuk,https://fbref.com/en/players/a9aa0d1d/Aleksei-Miranchuk,59,59,ru RUS,FW,25-004,11,1,0,0,0,1,1,0,0,9,0,0,0,0.1,0.1,0.0,0,0,4,6,66.7,1,5,2,0,0,https://fbref.com/en/players/a9aa0d1d/Aleksei-Miranchuk-Aleksei Miranchuk,
2,Luis Muriel,https://fbref.com/en/players/eb2fe5b6/Luis-Muriel,9,9,co COL,FW,29-188,67,1,0,0,0,2,1,0,0,36,0,0,0,0.5,0.5,0.0,1,0,21,27,77.8,0,24,3,0,0,https://fbref.com/en/players/eb2fe5b6/Luis-Muriel-Luis Muriel,
3,Josip Iličić,https://fbref.com/en/players/68252d6d/Josip-Ilicic,72,72,si SVN,FW,32-266,23,0,1,0,0,1,1,0,0,23,1,0,1,0.3,0.3,0.1,3,1,12,20,60.0,4,19,1,0,0,https://fbref.com/en/players/68252d6d/Josip-Ilicic-Josip Iličić,
4,Papu Gómez,https://fbref.com/en/players/6e4df551/Papu-Gomez,10,10,ar ARG,AM,32-249,67,1,0,0,0,2,1,0,0,52,0,0,0,0.1,0.1,0.0,1,0,33,45,73.3,5,38,2,4,2,https://fbref.com/en/players/6e4df551/Papu-Gomez-Papu Gómez,
5,Mario Pašalić,https://fbref.com/en/players/e599253a/Mario-Pasalic,88,88,hr CRO,AM,25-255,23,0,0,0,0,3,2,0,0,14,1,0,0,0.4,0.4,0.3,1,0,6,9,66.7,2,8,1,0,0,https://fbref.com/en/players/e599253a/Mario-Pasalic-Mario Pašalić,
6,Remo Freuler,https://fbref.com/en/players/98d2c2c4/Remo-Freuler,11,11,ch SUI,CM,28-189,79,0,0,0,0,1,1,0,0,70,4,2,1,0.3,0.3,0.4,4,0,52,59,88.1,6,52,2,0,0,https://fbref.com/en/players/98d2c2c4/Remo-Freuler-Remo Freuler,
7,Matteo Pessina,https://fbref.com/en/players/780e3631/Matteo-Pessina,32,32,it ITA,CM,23-183,11,0,0,0,0,0,0,0,0,11,0,0,0,0.0,0.0,0.0,0,0,7,9,77.8,0,7,0,2,1,https://fbref.com/en/players/780e3631/Matteo-Pessina-Matteo Pessina,
8,Marten de Roon,https://fbref.com/en/players/2a1beb34/Marten-de-Roon,15,15,nl NED,CM,29-206,90,0,0,0,0,0,0,0,0,63,2,3,1,0.0,0.0,0.1,3,0,47,56,83.9,7,39,1,0,0,https://fbref.com/en/players/2a1beb34/Marten-de-Roon-Marten de Roon,
9,Robin Gosens,https://fbref.com/en/players/2d970560/Robin-Gosens,8,8,de GER,WB,26-108,90,0,0,0,0,2,0,0,0,52,0,1,1,0.1,0.1,0.0,2,1,39,44,88.6,5,32,2,1,0,https://fbref.com/en/players/2d970560/Robin-Gosens-Robin Gosens,
10,Hans Hateboer,https://fbref.com/en/players/3b333ac3/Hans-Hateboer,33,33,nl NED,WB,26-286,90,0,0,0,0,1,0,0,0,60,1,0,3,0.1,0.1,0.0,3,1,43,48,89.6,1,39,1,1,0,https://fbref.com/en/players/3b333ac3/Hans-Hateboer-Hans Hateboer,
11,Berat Djimsiti,https://fbref.com/en/players/6eee05f1/Berat-Djimsiti,19,19,al ALB,CB,27-245,90,0,0,0,0,0,0,0,0,59,2,1,0,0.0,0.0,0.0,1,0,37,49,75.5,4,35,1,0,0,https://fbref.com/en/players/6eee05f1/Berat-Djimsiti-Berat Djimsiti,
12,Cristian Romero,https://fbref.com/en/players/a3d94a58/Cristian-Romero,17,17,ar ARG,CB,22-177,85,0,1,0,0,0,0,1,0,55,3,2,2,0.0,0.0,0.8,3,1,35,40,87.5,1,27,1,3,1,https://fbref.com/en/players/a3d94a58/Cristian-Romero-Cristian Romero,
13,José Luis Palomino,https://fbref.com/en/players/921f6058/Jose-Luis-Palomino,6,6,ar ARG,CB,30-290,5,0,0,0,0,0,0,0,0,6,1,0,0,0.0,0.0,0.0,0,0,4,5,80.0,0,3,0,0,0,https://fbref.com/en/players/921f6058/Jose-Luis-Palomino-José Luis Palomino,
14,Rafael Tolói,https://fbref.com/en/players/c56dc39e/Rafael-Toloi,2,2,it ITA,CB,30-011,90,0,0,0,0,0,0,0,0,60,1,2,1,0.0,0.0,0.0,3,1,39,50,78.0,3,36,0,0,0,https://fbref.com/en/players/c56dc39e/Rafael-Toloi-Rafael Tolói,
15,Marco Sportiello,https://fbref.com/en/players/ac4003af/Marco-Sportiello,57,57,it ITA,GK,28-164,90,0,0,0,0,0,0,0,0,26,0,0,0,0.0,0.0,0.0,0,0,18,24,75.0,0,14,0,0,0,https://fbref.com/en/players/ac4003af/Marco-Sportiello-Marco Sportiello,
