,Player Name,Player Number,Player,#,Nation,Pos,Age,Min,Touches,Def Pen,Def 3rd,Mid 3rd,Att 3rd,Att Pen,Live,Att,Succ,Succ%,Tkld,Tkld%,Carries,TotDist,PrgDist,PrgC,1/3,CPA,Mis,Dis,Rec,PrgR,Player Key,Player Link
0,Duván Zapata,https://fbref.com/en/players/d3de9af0/Duvan-Zapata,91,91,co COL,FW,29-203,79,38,2,5,13,20,4,38,1,0,0.0,1,100.0,29,79,44,2,1,1,3,2,32,8,https://fbref.com/en/players/d3de9af0/Duvan-Zapata-Duván Zapata,
1,Aleksei Miranchuk,https://fbref.com/en/players/a9aa0d1d/Aleksei-Miranchuk,59,59,ru RUS,FW,25-004,11,9,0,1,5,4,2,9,0,0,,0,,5,39,23,2,1,1,1,0,6,2,https://fbref.com/en/players/a9aa0d1d/Aleksei-Miranchuk-Aleksei Miranchuk,
2,Luis Muriel,https://fbref.com/en/players/eb2fe5b6/Luis-Muriel,9,9,co COL,FW,29-188,67,36,0,3,17,17,2,36,0,0,,0,,24,119,71,3,1,0,4,3,28,10,https://fbref.com/en/players/eb2fe5b6/Luis-Muriel-Luis Muriel,
3,Josip Iličić,https://fbref.com/en/players/68252d6d/Josip-Ilicic,72,72,si SVN,FW,32-266,23,23,0,2,11,10,1,23,0,0,,0,,19,70,33,1,0,0,0,0,18,3,https://fbref.com/en/players/68252d6d/Josip-Ilicic-Josip Iličić,
4,Papu Gómez,https://fbref.com/en/players/6e4df551/Papu-Gomez,10,10,ar ARG,AM,32-249,67,52,1,4,22,26,1,52,4,2,50.0,2,50.0,38,181,76,2,5,1,0,1,38,1,https://fbref.com/en/players/6e4df551/Papu-Gomez-Papu Gómez,
5,Mario Pašalić,https://fbref.com/en/players/e599253a/Mario-Pasalic,88,88,hr CRO,AM,25-255,23,14,0,3,4,7,3,14,0,0,,0,,8,20,13,1,0,1,1,0,9,1,https://fbref.com/en/players/e599253a/Mario-Pasalic-Mario Pašalić,
6,Remo Freuler,https://fbref.com/en/players/98d2c2c4/Remo-Freuler,11,11,ch SUI,CM,28-189,79,70,2,15,42,14,2,70,0,0,,0,,52,247,139,2,3,1,2,0,48,1,https://fbref.com/en/players/98d2c2c4/Remo-Freuler-Remo Freuler,
7,Matteo Pessina,https://fbref.com/en/players/780e3631/Matteo-Pessina,32,32,it ITA,CM,23-183,11,11,0,2,9,0,0,11,2,1,50.0,1,50.0,7,21,3,0,0,0,0,0,7,0,https://fbref.com/en/players/780e3631/Matteo-Pessina-Matteo Pessina,
8,Marten de Roon,https://fbref.com/en/players/2a1beb34/Marten-de-Roon,15,15,nl NED,CM,29-206,90,63,1,10,45,9,0,63,0,0,,0,,39,133,49,1,2,0,0,0,38,0,https://fbref.com/en/players/2a1beb34/Marten-de-Roon-Marten de Roon,
9,Robin Gosens,https://fbref.com/en/players/2d970560/Robin-Gosens,8,8,de GER,WB,26-108,90,52,1,11,21,20,4,52,1,0,0.0,1,100.0,32,129,58,2,2,0,3,0,35,7,https://fbref.com/en/players/2d970560/Robin-Gosens-Robin Gosens,
10,Hans Hateboer,https://fbref.com/en/players/3b333ac3/Hans-Hateboer,33,33,nl NED,WB,26-286,90,60,5,17,26,17,1,60,1,0,0.0,1,100.0,39,211,108,1,2,0,1,1,38,5,https://fbref.com/en/players/3b333ac3/Hans-Hateboer-Hans Hateboer,
11,Berat Djimsiti,https://fbref.com/en/players/6eee05f1/Berat-Djimsiti,19,19,al ALB,CB,27-245,90,59,4,23,22,15,2,59,0,0,,0,,35,102,57,1,1,0,1,0,37,3,https://fbref.com/en/players/6eee05f1/Berat-Djimsiti-Berat Djimsiti,
12,Cristian Romero,https://fbref.com/en/players/a3d94a58/Cristian-Romero,17,17,ar ARG,CB,22-177,85,55,9,32,19,6,3,55,3,1,33.3,2,66.7,27,133,34,1,0,0,1,0,22,0,https://fbref.com/en/players/a3d94a58/Cristian-Romero-Cristian Romero,
13,José Luis Palomino,https://fbref.com/en/players/921f6058/Jose-Luis-Palomino,6,6,ar ARG,CB,30-290,5,6,0,4,2,0,0,6,0,0,,0,,3,12,1,0,0,0,0,0,3,0,https://fbref.com/en/players/921f6058/Jose-Luis-Palomino-José Luis Palomino,
14,Rafael Tolói,https://fbref.com/en/players/c56dc39e/Rafael-Toloi,2,2,it ITA,CB,30-011,90,60,4,25,28,7,0,60,0,0,,0,,36,98,29,0,0,0,2,0,38,0,https://fbref.com/en/players/c56dc39e/Rafael-Toloi-Rafael Tolói,
15,Marco Sportiello,https://fbref.com/en/players/ac4003af/Marco-Sportiello,57,57,it ITA,GK,28-164,90,26,23,26,0,0,0,26,0,0,,0,,14,47,12,0,0,0,0,0,10,0,https://fbref.com/en/players/ac4003af/Marco-Sportiello-Marco Sportiello,
