,Player Name,Player Number,Player,#,Nation,Pos,Age,Min,Att,Live,Dead,FK,TB,Sw,Crs,TI,CK,In,Out,Str,Cmp,Off,Blocks,Player Key,Player Link
0,Sory Kaba,https://fbref.com/en/players/d29202c2/Sory-Kaba,9,9,gn GUI,FW,25-085,59,15,13,2,0,0,0,0,0,0,0,0,0,12,0,0,https://fbref.com/en/players/d29202c2/Sory-Kaba-Sory Kaba,
1,Evander,https://fbref.com/en/players/4352d221/Evander,10,10,br BRA,FW,22-134,31,28,23,5,3,0,0,2,1,1,1,0,0,23,0,0,https://fbref.com/en/players/4352d221/Evander-Evander,
2,Awer Mabil,https://fbref.com/en/players/922da988/Awer-Mabil,11,11,au AUS,LW,25-036,75,31,30,1,0,0,0,2,0,0,0,0,0,20,0,3,https://fbref.com/en/players/922da988/Awer-Mabil-Awer Mabil,
3,Lasse Vibe,https://fbref.com/en/players/f5f2ec59/Lasse-Vibe,26,26,dk DEN,LW,33-242,15,5,4,1,0,0,0,0,0,0,0,0,0,4,0,0,https://fbref.com/en/players/f5f2ec59/Lasse-Vibe-Lasse Vibe,
4,Anders Dreyer,https://fbref.com/en/players/c6486b01/Anders-Dreyer,36,36,dk DEN,RW,22-172,90,27,22,5,3,0,0,6,0,2,2,0,0,17,0,0,https://fbref.com/en/players/c6486b01/Anders-Dreyer-Anders Dreyer,
5,Pione Sisto,https://fbref.com/en/players/fd9c4805/Pione-Sisto,7,7,dk DEN,AM,25-260,86,46,44,2,1,0,0,1,0,1,0,0,0,41,0,0,https://fbref.com/en/players/fd9c4805/Pione-Sisto-Pione Sisto,
6,Mikael Anderson,https://fbref.com/en/players/0a721e85/Mikael-Anderson,34,34,is ISL,AM,22-112,4,0,0,0,0,0,0,0,0,0,0,0,0,0,0,0,https://fbref.com/en/players/0a721e85/Mikael-Anderson-Mikael Anderson,
7,Jens Cajuste,https://fbref.com/en/players/928a4a61/Jens-Cajuste,40,40,se SWE,DM,21-072,75,31,28,3,2,0,0,0,0,0,0,0,0,22,0,3,https://fbref.com/en/players/928a4a61/Jens-Cajuste-Jens Cajuste,
8,Nicolas Madsen,https://fbref.com/en/players/6d7e4b06/Nicolas-Madsen,43,43,dk DEN,DM,20-218,15,8,8,0,0,0,0,0,0,0,0,0,0,8,0,0,https://fbref.com/en/players/6d7e4b06/Nicolas-Madsen-Nicolas Madsen,
9,Frank Onyeka,https://fbref.com/en/players/2944f86f/Frank-Onyeka,38,38,ng NGA,DM,22-294,86,35,35,0,0,0,0,0,0,0,0,0,0,33,0,1,https://fbref.com/en/players/2944f86f/Frank-Onyeka-Frank Onyeka,
10,Bozhidar Kraev,https://fbref.com/en/players/8690eef7/Bozhidar-Kraev,15,15,bg BUL,DM,23-120,4,2,2,0,0,0,0,0,0,0,0,0,0,1,0,0,https://fbref.com/en/players/8690eef7/Bozhidar-Kraev-Bozhidar Kraev,
11,Paulinho,https://fbref.com/en/players/f3fa599d/Paulinho,29,29,br BRA,LB,25-292,90,51,41,10,1,0,0,3,9,0,0,0,0,39,0,4,https://fbref.com/en/players/f3fa599d/Paulinho-Paulinho,
12,Alexander Scholz,https://fbref.com/en/players/b0c7a51d/Alexander-Scholz,14,14,dk DEN,CB,27-363,90,53,51,2,1,0,0,0,1,0,0,0,0,48,0,0,https://fbref.com/en/players/b0c7a51d/Alexander-Scholz-Alexander Scholz,
13,Erik Sviatchenko,https://fbref.com/en/players/9614b550/Erik-Sviatchenko,28,28,dk DEN,CB,29-017,90,38,36,2,1,0,1,0,1,0,0,0,0,33,0,1,https://fbref.com/en/players/9614b550/Erik-Sviatchenko-Erik Sviatchenko,
14,Joel Andersson,https://fbref.com/en/players/b5f66351/Joel-Andersson,6,6,se SWE,RB,23-345,90,55,42,13,1,0,0,4,12,0,0,0,0,38,0,1,https://fbref.com/en/players/b5f66351/Joel-Andersson-Joel Andersson,
15,Jesper Hansen,https://fbref.com/en/players/a3b952f8/Jesper-Hansen,1,1,dk DEN,GK,35-204,90,57,44,13,2,0,0,0,0,0,0,0,0,39,0,0,https://fbref.com/en/players/a3b952f8/Jesper-Hansen-Jesper Hansen,
