,Player Name,Player Number,Player,#,Nation,Pos,Age,Min,Touches,Def Pen,Def 3rd,Mid 3rd,Att 3rd,Att Pen,Live,Att,Succ,Succ%,Tkld,Tkld%,Carries,TotDist,PrgDist,PrgC,1/3,CPA,Mis,Dis,Rec,PrgR,Player Key,Player Link
0,Sory Kaba,https://fbref.com/en/players/d29202c2/Sory-Kaba,9,9,gn GUI,FW,25-085,59,24,0,0,11,13,2,24,2,0,0.0,2,100.0,11,62,47,0,0,0,2,2,17,4,https://fbref.com/en/players/d29202c2/Sory-Kaba-Sory Kaba,
1,Evander,https://fbref.com/en/players/4352d221/Evander,10,10,br BRA,FW,22-134,31,30,0,5,19,7,0,30,2,2,100.0,0,0.0,21,133,58,0,1,0,2,1,23,0,https://fbref.com/en/players/4352d221/Evander-Evander,
2,Awer Mabil,https://fbref.com/en/players/922da988/Awer-Mabil,11,11,au AUS,LW,25-036,75,38,2,5,15,18,0,38,1,0,0.0,1,100.0,18,129,45,2,1,0,2,0,28,12,https://fbref.com/en/players/922da988/Awer-Mabil-Awer Mabil,
3,Lasse Vibe,https://fbref.com/en/players/f5f2ec59/Lasse-Vibe,26,26,dk DEN,LW,33-242,15,7,0,0,5,2,0,7,0,0,,0,,2,9,0,0,0,0,1,0,5,2,https://fbref.com/en/players/f5f2ec59/Lasse-Vibe-Lasse Vibe,
4,Anders Dreyer,https://fbref.com/en/players/c6486b01/Anders-Dreyer,36,36,dk DEN,RW,22-172,90,34,0,2,10,23,3,34,0,0,,0,,20,88,18,1,0,1,1,1,23,4,https://fbref.com/en/players/c6486b01/Anders-Dreyer-Anders Dreyer,
5,Pione Sisto,https://fbref.com/en/players/fd9c4805/Pione-Sisto,7,7,dk DEN,AM,25-260,86,51,1,6,23,22,1,51,1,1,100.0,0,0.0,32,181,71,1,2,0,3,2,42,5,https://fbref.com/en/players/fd9c4805/Pione-Sisto-Pione Sisto,
6,Mikael Anderson,https://fbref.com/en/players/0a721e85/Mikael-Anderson,34,34,is ISL,AM,22-112,4,0,0,0,0,0,0,0,0,0,,0,,0,0,0,0,0,0,0,0,0,0,https://fbref.com/en/players/0a721e85/Mikael-Anderson-Mikael Anderson,
7,Jens Cajuste,https://fbref.com/en/players/928a4a61/Jens-Cajuste,40,40,se SWE,DM,21-072,75,37,0,9,21,8,3,37,6,6,100.0,0,0.0,22,197,125,4,2,2,1,2,26,0,https://fbref.com/en/players/928a4a61/Jens-Cajuste-Jens Cajuste,
8,Nicolas Madsen,https://fbref.com/en/players/6d7e4b06/Nicolas-Madsen,43,43,dk DEN,DM,20-218,15,10,1,4,6,1,0,10,0,0,,0,,7,11,3,0,0,0,0,0,7,0,https://fbref.com/en/players/6d7e4b06/Nicolas-Madsen-Nicolas Madsen,
9,Frank Onyeka,https://fbref.com/en/players/2944f86f/Frank-Onyeka,38,38,ng NGA,DM,22-294,86,52,1,20,22,11,1,52,2,2,100.0,0,0.0,28,156,76,1,1,0,5,2,24,1,https://fbref.com/en/players/2944f86f/Frank-Onyeka-Frank Onyeka,
10,Bozhidar Kraev,https://fbref.com/en/players/8690eef7/Bozhidar-Kraev,15,15,bg BUL,DM,23-120,4,4,0,0,3,1,0,4,0,0,,0,,0,0,0,0,0,0,1,0,3,2,https://fbref.com/en/players/8690eef7/Bozhidar-Kraev-Bozhidar Kraev,
11,Paulinho,https://fbref.com/en/players/f3fa599d/Paulinho,29,29,br BRA,LB,25-292,90,62,4,17,27,21,1,62,2,2,100.0,0,0.0,32,162,98,3,3,0,0,3,34,6,https://fbref.com/en/players/f3fa599d/Paulinho-Paulinho,
12,Alexander Scholz,https://fbref.com/en/players/b0c7a51d/Alexander-Scholz,14,14,dk DEN,CB,27-363,90,61,5,34,27,1,0,61,0,0,,0,,37,200,98,0,0,0,0,0,38,0,https://fbref.com/en/players/b0c7a51d/Alexander-Scholz-Alexander Scholz,
13,Erik Sviatchenko,https://fbref.com/en/players/9614b550/Erik-Sviatchenko,28,28,dk DEN,CB,29-017,90,52,9,27,20,5,3,52,0,0,,0,,27,90,39,1,0,0,1,1,29,0,https://fbref.com/en/players/9614b550/Erik-Sviatchenko-Erik Sviatchenko,
14,Joel Andersson,https://fbref.com/en/players/b5f66351/Joel-Andersson,6,6,se SWE,RB,23-345,90,59,2,15,23,21,0,59,0,0,,0,,33,86,38,0,1,0,1,0,36,1,https://fbref.com/en/players/b5f66351/Joel-Andersson-Joel Andersson,
15,Jesper Hansen,https://fbref.com/en/players/a3b952f8/Jesper-Hansen,1,1,dk DEN,GK,35-204,90,63,40,63,0,0,0,63,0,0,,0,,31,109,58,0,0,0,0,0,30,0,https://fbref.com/en/players/a3b952f8/Jesper-Hansen-Jesper Hansen,
