,Player Name,Player Number,Player,#,Nation,Pos,Age,Min,Gls,Ast,PK,PKatt,Sh,SoT,CrdY,CrdR,Touches,Tkl,Int,Blocks,xG,npxG,xAG,SCA,GCA,Cmp,Att,Cmp%,PrgP,Carries,PrgC,Att,Succ,Player Key,Player Link
0,Sory Kaba,https://fbref.com/en/players/d29202c2/Sory-Kaba,9,9,gn GUI,FW,25-085,59,0,0,0,0,0,0,0,0,24,1,1,1,0.0,0.0,0.0,0,0,12,15,80.0,2,11,0,2,0,https://fbref.com/en/players/d29202c2/Sory-Kaba-Sory Kaba,
1,Evander,https://fbref.com/en/players/4352d221/Evander,10,10,br BRA,FW,22-134,31,0,0,0,0,1,1,0,0,30,0,0,0,0.0,0.0,0.0,2,0,23,28,82.1,4,21,0,2,2,https://fbref.com/en/players/4352d221/Evander-Evander,
2,Awer Mabil,https://fbref.com/en/players/922da988/Awer-Mabil,11,11,au AUS,LW,25-036,75,0,0,0,0,0,0,0,0,38,2,0,0,0.0,0.0,0.0,0,0,20,31,64.5,2,18,2,1,0,https://fbref.com/en/players/922da988/Awer-Mabil-Awer Mabil,
3,Lasse Vibe,https://fbref.com/en/players/f5f2ec59/Lasse-Vibe,26,26,dk DEN,LW,33-242,15,0,0,0,0,0,0,0,0,7,0,0,0,0.0,0.0,0.0,1,0,4,5,80.0,0,2,0,0,0,https://fbref.com/en/players/f5f2ec59/Lasse-Vibe-Lasse Vibe,
4,Anders Dreyer,https://fbref.com/en/players/c6486b01/Anders-Dreyer,36,36,dk DEN,RW,22-172,90,0,0,0,0,2,1,0,0,34,0,1,2,0.1,0.1,0.0,3,0,17,27,63.0,4,20,1,0,0,https://fbref.com/en/players/c6486b01/Anders-Dreyer-Anders Dreyer,
5,Pione Sisto,https://fbref.com/en/players/fd9c4805/Pione-Sisto,7,7,dk DEN,AM,25-260,86,0,0,0,0,1,0,1,0,51,0,1,1,0.0,0.0,0.0,4,0,41,46,89.1,4,32,1,1,1,https://fbref.com/en/players/fd9c4805/Pione-Sisto-Pione Sisto,
6,Mikael Anderson,https://fbref.com/en/players/0a721e85/Mikael-Anderson,34,34,is ISL,AM,22-112,4,0,0,0,0,0,0,0,0,0,0,0,0,0.0,0.0,0.0,0,0,0,0,,0,0,0,0,0,https://fbref.com/en/players/0a721e85/Mikael-Anderson-Mikael Anderson,
7,Jens Cajuste,https://fbref.com/en/players/928a4a61/Jens-Cajuste,40,40,se SWE,DM,21-072,75,0,0,0,0,0,0,0,0,37,1,1,1,0.0,0.0,0.1,2,0,22,31,71.0,2,22,4,6,6,https://fbref.com/en/players/928a4a61/Jens-Cajuste-Jens Cajuste,
8,Nicolas Madsen,https://fbref.com/en/players/6d7e4b06/Nicolas-Madsen,43,43,dk DEN,DM,20-218,15,0,0,0,0,0,0,0,0,10,0,0,1,0.0,0.0,0.0,0,0,8,8,100.0,0,7,0,0,0,https://fbref.com/en/players/6d7e4b06/Nicolas-Madsen-Nicolas Madsen,
9,Frank Onyeka,https://fbref.com/en/players/2944f86f/Frank-Onyeka,38,38,ng NGA,DM,22-294,86,0,0,0,0,4,0,0,0,52,2,2,3,0.6,0.6,0.0,1,0,33,35,94.3,6,28,1,2,2,https://fbref.com/en/players/2944f86f/Frank-Onyeka-Frank Onyeka,
10,Bozhidar Kraev,https://fbref.com/en/players/8690eef7/Bozhidar-Kraev,15,15,bg BUL,DM,23-120,4,0,0,0,0,0,0,0,0,4,1,0,0,0.0,0.0,0.0,0,0,1,2,50.0,0,0,0,0,0,https://fbref.com/en/players/8690eef7/Bozhidar-Kraev-Bozhidar Kraev,
11,Paulinho,https://fbref.com/en/players/f3fa599d/Paulinho,29,29,br BRA,LB,25-292,90,0,0,0,0,0,0,0,0,62,2,3,3,0.0,0.0,0.0,0,0,39,51,76.5,4,32,3,2,2,https://fbref.com/en/players/f3fa599d/Paulinho-Paulinho,
12,Alexander Scholz,https://fbref.com/en/players/b0c7a51d/Alexander-Scholz,14,14,dk DEN,CB,27-363,90,0,0,0,0,0,0,0,0,61,3,1,1,0.0,0.0,0.0,1,0,48,53,90.6,4,37,0,0,0,https://fbref.com/en/players/b0c7a51d/Alexander-Scholz-Alexander Scholz,
13,Erik Sviatchenko,https://fbref.com/en/players/9614b550/Erik-Sviatchenko,28,28,dk DEN,CB,29-017,90,0,0,0,0,1,1,0,0,52,1,2,0,0.0,0.0,0.5,1,0,33,38,86.8,1,27,1,0,0,https://fbref.com/en/players/9614b550/Erik-Sviatchenko-Erik Sviatchenko,
14,Joel Andersson,https://fbref.com/en/players/b5f66351/Joel-Andersson,6,6,se SWE,RB,23-345,90,0,0,0,0,0,0,0,0,59,2,1,0,0.0,0.0,0.0,0,0,38,55,69.1,5,33,0,0,0,https://fbref.com/en/players/b5f66351/Joel-Andersson-Joel Andersson,
15,Jesper Hansen,https://fbref.com/en/players/a3b952f8/Jesper-Hansen,1,1,dk DEN,GK,35-204,90,0,0,0,0,0,0,0,0,63,0,0,0,0.0,0.0,0.0,0,0,39,57,68.4,0,31,0,0,0,https://fbref.com/en/players/a3b952f8/Jesper-Hansen-Jesper Hansen,
