,Minute,Player,Squad,xG,PSxG,Outcome,Distance,Body Part,Notes,SCA 1 Player,SCA 1 Event,SCA 2 Player,SCA 2 Event
0,8,Robin Gosens,Atalanta,0.06,,Off Target,15,Left Foot,,Duván Zapata,Pass (Live),Rafael Tolói,Pass (Live)
1,12,Frank Onyeka,Midtjylland,0.04,,Off Target,25,Right Foot,,Anders Dreyer,Pass (Live),Pione Sisto,Pass (Live)
2,13,Pione Sisto,Midtjylland,0.03,,Off Target,28,Right Foot,,Pione Sisto,Take-On,Alexander Scholz,Pass (Live)
3,16,Papu Gómez,Atalanta,0.03,,Blocked,30,Left Foot,,Marten de Roon,Pass (Live),Hans Hateboer,Pass (Live)
4,16,Duván Zapata,Atalanta,0.29,,Woodwork,11,Right Foot,,Remo Freuler,Pass (Live),,
5,20,Luis Muriel,Atalanta,0.03,,Off Target,29,Right Foot,,,,,
6,24,Duván Zapata,Atalanta,0.05,0.45,Saved,16,Left Foot,,,,,
7,26,Duván Zapata,Atalanta,0.44,0.96,Goal,6,Right Foot,,Cristian Romero,Pass (Live),Rafael Tolói,Pass (Live)
8,33,Anders Dreyer,Midtjylland,0.07,0.31,Saved,14,Left Foot,,Jens Cajuste,Pass (Live),Jens Cajuste,Take-On
9,34,Frank Onyeka,Midtjylland,0.55,,Off Target,5,Head,,Erik Sviatchenko,Pass (Live),Anders Dreyer,Pass (Dead)
10,36,Papu Gómez,Atalanta,0.03,0.19,Goal,26,Right Foot,,Duván Zapata,Pass (Live),Robin Gosens,Pass (Live)
11,42,Duván Zapata,Atalanta,0.04,0.07,Saved,25,Right Foot,,Robin Gosens,Pass (Live),Berat Djimsiti,Pass (Live)
12,42,Luis Muriel,Atalanta,0.42,0.48,Goal,10,Right Foot,,Duván Zapata,Shot,,
13,43,Remo Freuler,Atalanta,0.26,0.47,Saved,17,Right Foot,,Remo Freuler,Tackle,,
14,44,Robin Gosens,Atalanta,0.03,,Off Target,21,Left Foot,,Papu Gómez,Pass (Dead),Remo Freuler,Shot
15,,,,,,,,,,,,,
16,49,Anders Dreyer,Midtjylland,0.04,,Off Target,23,Left Foot,,,,,
17,51,Hans Hateboer,Atalanta,0.07,,Blocked,15,Left Foot,,Remo Freuler,Pass (Live),Luis Muriel,Pass (Live)
18,63,Frank Onyeka,Midtjylland,0.02,,Off Target,27,Right Foot,,Pione Sisto,Pass (Live),,
19,70,Erik Sviatchenko,Midtjylland,0.04,0.06,Saved,15,Head,,Evander,Pass (Dead),Pione Sisto,Fouled
20,71,Duván Zapata,Atalanta,0.03,,Off Target,30,Right Foot,,Marten de Roon,Pass (Live),,
21,71,Mario Pašalić,Atalanta,0.27,0.22,Saved,12,Right Foot,,Cristian Romero,Pass (Live),Josip Iličić,Pass (Live)
22,75,Josip Iličić,Atalanta,0.34,0.66,Saved,15,Left Foot,,Mario Pašalić,Pass (Live),Josip Iličić,Pass (Live)
23,76,Mario Pašalić,Atalanta,0.06,0.02,Saved,18,Right Foot,,Cristian Romero,Pass (Live),Marten de Roon,Pass (Live)
24,79,Frank Onyeka,Midtjylland,0.04,,Off Target,23,Left Foot,,Lasse Vibe,Pass (Live),Frank Onyeka,Pass (Live)
25,81,Evander,Midtjylland,0.02,0.07,Saved,35,Right Foot,,Anders Dreyer,Pass (Dead),Evander,Fouled
26,82,Mario Pašalić,Atalanta,0.06,,Off Target,18,Right Foot,Volley,Rafael Tolói,Pass (Live),Hans Hateboer,Pass (Live)
27,88,Aleksei Miranchuk,Atalanta,0.06,0.69,Goal,18,Left Foot,,Josip Iličić,Pass (Live),Hans Hateboer,Pass (Live)
