,Player Name,Player Number,Player,#,Nation,Pos,Age,Min,Touches,Def Pen,Def 3rd,Mid 3rd,Att 3rd,Att Pen,Live,Att,Succ,Succ%,Tkld,Tkld%,Carries,TotDist,PrgDist,PrgC,1/3,CPA,Mis,Dis,Rec,PrgR,Player Key,Player Link
0,Aaron Leya Iseka,https://fbref.com/en/players/29ef0f49/Aaron-Leya-Iseka,24,24,be BEL,FW,23-055,69,15,0,1,11,3,1,15,0,0,,0,,8,26,7,0,0,0,3,0,11,1,https://fbref.com/en/players/29ef0f49/Aaron-Leya-Iseka-Aaron Leya Iseka,
1,Thierry Ambrose,https://fbref.com/en/players/2945f4b7/Thierry-Ambrose,9,9,gp GLP,FW,23-287,21,9,0,1,5,3,0,9,0,0,,0,,3,26,5,0,0,0,1,0,6,2,https://fbref.com/en/players/2945f4b7/Thierry-Ambrose-Thierry Ambrose,
2,Youssef Maziz,https://fbref.com/en/players/514270e8/Youssef-Maziz,22,22,fr FRA,LM,22-199,68,35,0,2,23,10,0,35,1,1,100.0,0,0.0,17,84,55,2,0,0,1,0,22,0,https://fbref.com/en/players/514270e8/Youssef-Maziz-Youssef Maziz,
3,Pape Matar Sarr,https://fbref.com/en/players/feb5d972/Pape-Matar-Sarr,15,15,sn SEN,LM,18-117,22,19,0,1,13,6,0,19,0,0,,0,,8,82,33,1,1,0,0,0,8,0,https://fbref.com/en/players/feb5d972/Pape-Matar-Sarr-Pape Matar Sarr,
4,Victorien Angban,https://fbref.com/en/players/d8992b84/Victorien-Angban,5,5,ci CIV,CM,24-102,90,60,1,8,44,9,0,60,0,0,,0,,29,131,66,1,1,0,1,1,37,2,https://fbref.com/en/players/d8992b84/Victorien-Angban-Victorien Angban,
5,Habib Maïga,https://fbref.com/en/players/e768de1f/Habib-Maiga,19,19,ci CIV,CM,25-008,90,62,1,11,38,13,4,62,1,0,0.0,1,100.0,27,119,64,3,3,1,2,3,43,3,https://fbref.com/en/players/e768de1f/Habib-Maiga-Habib Maïga,
6,Lamine Gueye,https://fbref.com/en/players/9d5dcc23/Lamine-Gueye,13,13,sn SEN,RM,22-302,69,28,0,1,17,11,4,28,1,0,0.0,1,100.0,18,92,55,3,0,2,1,0,25,5,https://fbref.com/en/players/9d5dcc23/Lamine-Gueye-Lamine Gueye,
7,Papa Ndiaga Yade,https://fbref.com/en/players/87e9c7cd/Papa-Ndiaga-Yade,26,26,mr MTN,RM,21-004,21,14,1,1,4,9,0,14,1,1,100.0,0,0.0,8,39,5,0,0,0,2,0,9,1,https://fbref.com/en/players/87e9c7cd/Papa-Ndiaga-Yade-Papa Ndiaga Yade,
8,Thomas Delaine,https://fbref.com/en/players/8332db56/Thomas-Delaine,17,17,fr FRA,LB,28-291,90,60,0,11,29,21,1,60,9,4,44.4,5,55.6,26,179,119,6,4,1,1,1,30,7,https://fbref.com/en/players/8332db56/Thomas-Delaine-Thomas Delaine,
9,John Boye,https://fbref.com/en/players/861227d2/John-Boye,21,21,gh GHA,CB,33-261,90,47,3,24,21,2,1,47,0,0,,0,,17,70,24,1,0,0,1,1,23,0,https://fbref.com/en/players/861227d2/John-Boye-John Boye,
10,Boubakar Kouyaté,https://fbref.com/en/players/562a4799/Boubakar-Kouyate,23,23,ml MLI,CB,23-269,90,52,6,27,23,3,1,52,0,0,,0,,20,68,13,0,1,0,3,0,23,1,https://fbref.com/en/players/562a4799/Boubakar-Kouyate-Boubakar Kouyaté,
11,Dylan Bronn,https://fbref.com/en/players/edd81e2a/Dylan-Bronn,2,2,tn TUN,CB,25-204,90,43,4,18,20,5,1,43,0,0,,0,,24,90,43,0,1,0,0,0,32,1,https://fbref.com/en/players/edd81e2a/Dylan-Bronn-Dylan Bronn,
12,Fabien Centonze,https://fbref.com/en/players/3c6bbbab/Fabien-Centonze,18,18,fr FRA,RB,24-359,90,74,6,24,30,20,0,74,5,1,20.0,4,80.0,36,160,72,4,2,0,2,0,41,6,https://fbref.com/en/players/3c6bbbab/Fabien-Centonze-Fabien Centonze,
13,Alexandre Oukidja,https://fbref.com/en/players/ae7d0ecd/Alexandre-Oukidja,16,16,dz ALG,GK,32-174,90,31,24,29,2,0,0,31,1,1,100.0,0,0.0,13,56,27,0,0,0,0,0,11,0,https://fbref.com/en/players/ae7d0ecd/Alexandre-Oukidja-Alexandre Oukidja,
