,Player Name,Player Number,Player,#,Nation,Pos,Age,Min,CrdY,CrdR,2CrdY,Fls,Fld,Off,Crs,Int,TklW,PKwon,PKcon,OG,Recov,Won,Lost,Won%,Player Key,Player Link
0,Aaron Leya Iseka,https://fbref.com/en/players/29ef0f49/Aaron-Leya-Iseka,24,24,be BEL,FW,23-055,69,0,0,0,3,1,0,0,0,1,0,0,0,0,2,2,50.0,https://fbref.com/en/players/29ef0f49/Aaron-Leya-Iseka-Aaron Leya Iseka,
1,Thierry Ambrose,https://fbref.com/en/players/2945f4b7/Thierry-Ambrose,9,9,gp GLP,FW,23-287,21,0,0,0,1,0,0,0,0,0,0,0,0,1,2,1,66.7,https://fbref.com/en/players/2945f4b7/Thierry-Ambrose-Thierry Ambrose,
2,Youssef Maziz,https://fbref.com/en/players/514270e8/Youssef-Maziz,22,22,fr FRA,LM,22-199,68,1,0,0,2,1,0,3,1,0,0,0,0,2,0,0,,https://fbref.com/en/players/514270e8/Youssef-Maziz-Youssef Maziz,
3,Pape Matar Sarr,https://fbref.com/en/players/feb5d972/Pape-Matar-Sarr,15,15,sn SEN,LM,18-117,22,0,0,0,0,0,1,1,0,0,0,0,0,3,0,0,,https://fbref.com/en/players/feb5d972/Pape-Matar-Sarr-Pape Matar Sarr,
4,Victorien Angban,https://fbref.com/en/players/d8992b84/Victorien-Angban,5,5,ci CIV,CM,24-102,90,0,0,0,1,0,0,0,1,3,0,0,0,16,2,0,100.0,https://fbref.com/en/players/d8992b84/Victorien-Angban-Victorien Angban,
5,Habib Maïga,https://fbref.com/en/players/e768de1f/Habib-Maiga,19,19,ci CIV,CM,25-008,90,0,0,0,2,0,0,2,2,1,0,0,0,10,1,1,50.0,https://fbref.com/en/players/e768de1f/Habib-Maiga-Habib Maïga,
6,Lamine Gueye,https://fbref.com/en/players/9d5dcc23/Lamine-Gueye,13,13,sn SEN,RM,22-302,69,0,0,0,0,0,2,2,0,0,0,0,0,1,0,0,,https://fbref.com/en/players/9d5dcc23/Lamine-Gueye-Lamine Gueye,
7,Papa Ndiaga Yade,https://fbref.com/en/players/87e9c7cd/Papa-Ndiaga-Yade,26,26,mr MTN,RM,21-004,21,0,0,0,0,0,0,0,0,0,0,0,0,0,0,1,0.0,https://fbref.com/en/players/87e9c7cd/Papa-Ndiaga-Yade-Papa Ndiaga Yade,
8,Thomas Delaine,https://fbref.com/en/players/8332db56/Thomas-Delaine,17,17,fr FRA,LB,28-291,90,0,0,0,3,1,0,8,1,1,0,0,0,3,2,0,100.0,https://fbref.com/en/players/8332db56/Thomas-Delaine-Thomas Delaine,
9,John Boye,https://fbref.com/en/players/861227d2/John-Boye,21,21,gh GHA,CB,33-261,90,0,0,0,3,1,0,0,3,1,0,0,0,7,1,3,25.0,https://fbref.com/en/players/861227d2/John-Boye-John Boye,
10,Boubakar Kouyaté,https://fbref.com/en/players/562a4799/Boubakar-Kouyate,23,23,ml MLI,CB,23-269,90,1,0,0,2,1,1,0,3,3,0,1,0,5,2,0,100.0,https://fbref.com/en/players/562a4799/Boubakar-Kouyate-Boubakar Kouyaté,
11,Dylan Bronn,https://fbref.com/en/players/edd81e2a/Dylan-Bronn,2,2,tn TUN,CB,25-204,90,0,0,0,1,1,0,1,2,0,0,0,0,8,0,0,,https://fbref.com/en/players/edd81e2a/Dylan-Bronn-Dylan Bronn,
12,Fabien Centonze,https://fbref.com/en/players/3c6bbbab/Fabien-Centonze,18,18,fr FRA,RB,24-359,90,0,0,0,1,1,0,4,1,2,0,0,0,9,0,0,,https://fbref.com/en/players/3c6bbbab/Fabien-Centonze-Fabien Centonze,
13,Alexandre Oukidja,https://fbref.com/en/players/ae7d0ecd/Alexandre-Oukidja,16,16,dz ALG,GK,32-174,90,0,0,0,0,0,0,0,0,0,0,0,0,0,0,0,,https://fbref.com/en/players/ae7d0ecd/Alexandre-Oukidja-Alexandre Oukidja,
