,Player Name,Player Number,Player,#,Nation,Pos,Age,Min,CrdY,CrdR,2CrdY,Fls,Fld,Off,Crs,Int,TklW,PKwon,PKcon,OG,Recov,Won,Lost,Won%,Player Key,Player Link
0,Amine Gouiri,https://fbref.com/en/players/aad56ca3/Amine-Gouiri,11,11,dz ALG,FW,20-328,87,0,0,0,1,1,0,0,0,0,0,0,0,1,1,0,100.0,https://fbref.com/en/players/aad56ca3/Amine-Gouiri-Amine Gouiri,
1,Dan Ndoye,https://fbref.com/en/players/8e697a8f/Dan-Ndoye,14,14,ch SUI,FW,20-076,3,0,0,0,0,0,0,0,0,0,0,0,0,0,0,0,,https://fbref.com/en/players/8e697a8f/Dan-Ndoye-Dan Ndoye,
2,Rony Lopes,https://fbref.com/en/players/7c2965bb/Rony-Lopes,22,22,pt POR,FW,25-012,65,0,0,0,1,0,0,4,0,0,0,0,0,2,0,1,0.0,https://fbref.com/en/players/7c2965bb/Rony-Lopes-Rony Lopes,
3,Kasper Dolberg,https://fbref.com/en/players/cc83b74d/Kasper-Dolberg,9,9,dk DEN,FW,23-095,25,0,0,0,0,0,0,0,0,0,0,0,0,1,1,0,100.0,https://fbref.com/en/players/cc83b74d/Kasper-Dolberg-Kasper Dolberg,
4,Hassane Kamara,https://fbref.com/en/players/19a12bed/Hassane-Kamara,13,13,ci CIV,LW,26-310,90,0,0,0,0,2,0,2,2,1,0,0,0,3,0,0,,https://fbref.com/en/players/19a12bed/Hassane-Kamara-Hassane Kamara,
5,Youcef Atal,https://fbref.com/en/players/6a827d8e/Youcef-Atal,20,20,dz ALG,RW,24-237,65,0,0,0,1,5,0,3,2,3,0,0,0,4,0,1,0.0,https://fbref.com/en/players/6a827d8e/Youcef-Atal-Youcef Atal,
6,Jordan Lotomba,https://fbref.com/en/players/fc4cf6a7/Jordan-Lotomba,23,23,ch SUI,RW,22-102,25,0,0,0,0,0,0,1,0,1,0,0,0,3,0,0,,https://fbref.com/en/players/fc4cf6a7/Jordan-Lotomba-Jordan Lotomba,
7,Jeff Reine-Adélaïde,https://fbref.com/en/players/d504b3e1/Jeff-Reine-Adelaide,29,29,fr FRA,CM,22-358,90,0,0,0,1,2,0,1,3,1,0,0,0,14,1,2,33.3,https://fbref.com/en/players/d504b3e1/Jeff-Reine-Adelaide-Jeff Reine-Adélaïde,
8,Hicham Boudaoui,https://fbref.com/en/players/f9d5908e/Hicham-Boudaoui,28,28,dz ALG,CM,21-108,88,1,0,0,2,2,1,2,1,2,0,0,0,4,0,3,0.0,https://fbref.com/en/players/f9d5908e/Hicham-Boudaoui-Hicham Boudaoui,
9,Alexis Claude-Maurice,https://fbref.com/en/players/741418c3/Alexis-Claude-Maurice,10,10,fr FRA,CM,22-217,2,0,0,0,0,0,0,0,1,0,0,0,0,1,0,0,,https://fbref.com/en/players/741418c3/Alexis-Claude-Maurice-Alexis Claude-Maurice,
10,Khéphren Thuram,https://fbref.com/en/players/7d9397f8/Khephren-Thuram,19,19,fr FRA,DM,19-289,90,0,0,0,0,0,0,0,0,2,0,0,0,4,0,1,0.0,https://fbref.com/en/players/7d9397f8/Khephren-Thuram-Khéphren Thuram,
11,Stanley N'Soki,https://fbref.com/en/players/61590953/Stanley-NSoki,2,2,fr FRA,CB,21-275,90,1,0,0,2,1,0,0,3,2,0,0,0,8,1,1,50.0,https://fbref.com/en/players/61590953/Stanley-NSoki-Stanley N'Soki,
12,William Saliba,https://fbref.com/en/players/972aeb2a/William-Saliba,18,18,fr FRA,CB,19-291,90,0,0,0,0,1,0,0,2,0,0,0,0,6,3,1,75.0,https://fbref.com/en/players/972aeb2a/William-Saliba-William Saliba,
13,Flavius Daniliuc,https://fbref.com/en/players/7ef972c3/Flavius-Daniliuc,5,5,at AUT,CB,19-257,90,0,0,0,0,2,0,0,0,1,0,0,0,14,0,2,0.0,https://fbref.com/en/players/7ef972c3/Flavius-Daniliuc-Flavius Daniliuc,
14,Walter Benítez,https://fbref.com/en/players/8a2248b4/Walter-Benitez,40,40,ar ARG,GK,27-356,90,0,0,0,0,0,0,0,0,0,0,0,0,2,1,0,100.0,https://fbref.com/en/players/8a2248b4/Walter-Benitez-Walter Benítez,
