,Player Name,Player Number,Player,#,Nation,Pos,Age,Min,Gls,Ast,PK,PKatt,Sh,SoT,CrdY,CrdR,Touches,Tkl,Int,Blocks,xG,npxG,xAG,SCA,GCA,Cmp,Att,Cmp%,PrgP,Carries,PrgC,Att,Succ,Player Key,Player Link
0,Amine Gouiri,https://fbref.com/en/players/aad56ca3/Amine-Gouiri,11,11,dz ALG,FW,20-328,87,1,0,1,1,1,0,0,0,38,0,0,0,0.9,0.3,0.1,5,1,17,30,56.7,1,13,0,2,2,https://fbref.com/en/players/aad56ca3/Amine-Gouiri-Amine Gouiri,
1,Dan Ndoye,https://fbref.com/en/players/8e697a8f/Dan-Ndoye,14,14,ch SUI,FW,20-076,3,0,0,0,0,0,0,0,0,2,0,0,0,0.0,0.0,0.0,0,0,2,2,100.0,2,2,0,0,0,https://fbref.com/en/players/8e697a8f/Dan-Ndoye-Dan Ndoye,
2,Rony Lopes,https://fbref.com/en/players/7c2965bb/Rony-Lopes,22,22,pt POR,FW,25-012,65,0,0,0,0,3,1,0,0,43,0,0,0,0.1,0.1,0.1,4,0,19,31,61.3,1,19,1,3,2,https://fbref.com/en/players/7c2965bb/Rony-Lopes-Rony Lopes,
3,Kasper Dolberg,https://fbref.com/en/players/cc83b74d/Kasper-Dolberg,9,9,dk DEN,FW,23-095,25,0,0,0,0,0,0,0,0,6,0,0,0,0.0,0.0,0.0,0,0,3,4,75.0,0,3,0,1,0,https://fbref.com/en/players/cc83b74d/Kasper-Dolberg-Kasper Dolberg,
4,Hassane Kamara,https://fbref.com/en/players/19a12bed/Hassane-Kamara,13,13,ci CIV,LW,26-310,90,0,0,0,0,0,0,0,0,63,1,2,2,0.0,0.0,0.0,3,0,49,53,92.5,5,31,3,1,1,https://fbref.com/en/players/19a12bed/Hassane-Kamara-Hassane Kamara,
5,Youcef Atal,https://fbref.com/en/players/6a827d8e/Youcef-Atal,20,20,dz ALG,RW,24-237,65,0,0,0,0,0,0,0,0,62,5,2,0,0.0,0.0,0.0,4,0,35,49,71.4,3,27,1,4,3,https://fbref.com/en/players/6a827d8e/Youcef-Atal-Youcef Atal,
6,Jordan Lotomba,https://fbref.com/en/players/fc4cf6a7/Jordan-Lotomba,23,23,ch SUI,RW,22-102,25,0,0,0,0,1,0,0,0,14,1,0,1,0.0,0.0,0.0,0,0,5,9,55.6,2,4,0,0,0,https://fbref.com/en/players/fc4cf6a7/Jordan-Lotomba-Jordan Lotomba,
7,Jeff Reine-Adélaïde,https://fbref.com/en/players/d504b3e1/Jeff-Reine-Adelaide,29,29,fr FRA,CM,22-358,90,0,0,0,0,4,1,0,0,74,2,3,2,0.1,0.1,0.3,1,0,49,57,86.0,5,42,3,2,0,https://fbref.com/en/players/d504b3e1/Jeff-Reine-Adelaide-Jeff Reine-Adélaïde,
8,Hicham Boudaoui,https://fbref.com/en/players/f9d5908e/Hicham-Boudaoui,28,28,dz ALG,CM,21-108,88,0,0,0,0,1,1,1,0,50,3,1,1,0.1,0.1,0.0,1,0,32,37,86.5,2,22,1,1,0,https://fbref.com/en/players/f9d5908e/Hicham-Boudaoui-Hicham Boudaoui,
9,Alexis Claude-Maurice,https://fbref.com/en/players/741418c3/Alexis-Claude-Maurice,10,10,fr FRA,CM,22-217,2,0,0,0,0,0,0,0,0,3,0,1,0,0.0,0.0,0.0,0,0,2,2,100.0,0,2,0,0,0,https://fbref.com/en/players/741418c3/Alexis-Claude-Maurice-Alexis Claude-Maurice,
10,Khéphren Thuram,https://fbref.com/en/players/7d9397f8/Khephren-Thuram,19,19,fr FRA,DM,19-289,90,0,0,0,0,0,0,0,0,66,2,0,1,0.0,0.0,0.0,2,0,51,58,87.9,7,28,0,0,0,https://fbref.com/en/players/7d9397f8/Khephren-Thuram-Khéphren Thuram,
11,Stanley N'Soki,https://fbref.com/en/players/61590953/Stanley-NSoki,2,2,fr FRA,CB,21-275,90,0,0,0,0,0,0,1,0,63,2,3,2,0.0,0.0,0.0,0,0,47,54,87.0,1,28,1,0,0,https://fbref.com/en/players/61590953/Stanley-NSoki-Stanley N'Soki,
12,William Saliba,https://fbref.com/en/players/972aeb2a/William-Saliba,18,18,fr FRA,CB,19-291,90,0,0,0,0,0,0,0,0,68,0,2,1,0.0,0.0,0.0,1,0,53,60,88.3,4,40,0,0,0,https://fbref.com/en/players/972aeb2a/William-Saliba-William Saliba,
13,Flavius Daniliuc,https://fbref.com/en/players/7ef972c3/Flavius-Daniliuc,5,5,at AUT,CB,19-257,90,0,0,0,0,0,0,0,0,83,1,0,3,0.0,0.0,0.0,0,0,63,75,84.0,6,54,5,0,0,https://fbref.com/en/players/7ef972c3/Flavius-Daniliuc-Flavius Daniliuc,
14,Walter Benítez,https://fbref.com/en/players/8a2248b4/Walter-Benitez,40,40,ar ARG,GK,27-356,90,0,0,0,0,0,0,0,0,32,0,0,0,0.0,0.0,0.0,0,0,18,29,62.1,0,17,0,0,0,https://fbref.com/en/players/8a2248b4/Walter-Benitez-Walter Benítez,
