,Minute,Player,Squad,xG,PSxG,Outcome,Distance,Body Part,Notes,SCA 1 Player,SCA 1 Event,SCA 2 Player,SCA 2 Event
0,5,Jeff Reine-Adélaïde,Nice,0.03,,Blocked,28,Left Foot,,Rony Lopes,Pass (Live),Hicham Boudaoui,Tackle
1,5,Rony Lopes,Nice,0.07,,Blocked,15,Right Foot,,Amine Gouiri,Pass (Live),Khéphren Thuram,Pass (Live)
2,14,Amine Gouiri,Nice,0.34,,Blocked,12,Right Foot,,Jeff Reine-Adélaïde,Pass (Live),Khéphren Thuram,Tackle
3,18,Amine Gouiri(pen),Nice,0.79,0.96,Goal,13,Right Foot,,,Fouled,Amine Gouiri,Shot
4,20,Lamine Gueye,Metz,0.05,0.20,Saved,21,Right Foot,,Victorien Angban,Pass (Live),,
5,22,Lamine Gueye,Metz,0.05,,Blocked,19,Right Foot,,Youssef Maziz,Pass (Live),John Boye,Pass (Live)
6,29,Lamine Gueye,Metz,0.09,0.11,Saved,19,Left Foot,,Aaron Leya Iseka,Pass (Live),Habib Maïga,Pass (Live)
7,31,Habib Maïga,Metz,0.01,,Off Target,36,Right Foot,,Youssef Maziz,Pass (Live),Habib Maïga,Pass (Live)
8,33,Rony Lopes,Nice,0.05,,Blocked,26,Left Foot,Free kick,Youcef Atal,Fouled,Youcef Atal,Take-On
9,41,Jeff Reine-Adélaïde,Nice,0.03,,Blocked,29,Right Foot,,Hassane Kamara,Pass (Live),Amine Gouiri,Pass (Live)
10,43,Lamine Gueye,Metz,0.04,0.16,Saved,15,Head,,Thomas Delaine,Pass (Live),John Boye,Pass (Live)
11,,,,,,,,,,,,,
12,46,Jeff Reine-Adélaïde,Nice,0.02,,Blocked,36,Right Foot,,Rony Lopes,Pass (Live),Rony Lopes,Take-On
13,55,Rony Lopes,Nice,0.03,0.05,Saved,27,Left Foot,,Rony Lopes,Take-On,Youcef Atal,Pass (Live)
14,55,Lamine Gueye,Metz,0.03,0.02,Saved,26,Left Foot,,Alexandre Oukidja,Pass (Live),,
15,56,Youssef Maziz,Metz,0.07,,Blocked,20,Right Foot,,Aaron Leya Iseka,Pass (Live),Youssef Maziz,Pass (Live)
16,56,Fabien Centonze,Metz,0.03,,Off Target,26,Right Foot,Volley,,,,
17,58,Youssef Maziz,Metz,0.03,,Blocked,28,Left Foot,,Lamine Gueye,Pass (Live),Fabien Centonze,Pass (Live)
18,60,Jeff Reine-Adélaïde,Nice,0.06,0.04,Saved,17,Right Foot,,Youcef Atal,Pass (Live),William Saliba,Pass (Live)
19,65,Hicham Boudaoui,Nice,0.10,0.57,Saved,11,Left Foot,,Amine Gouiri,Pass (Live),Hassane Kamara,Pass (Live)
20,72,Habib Maïga,Metz,0.04,,Off Target,21,Right Foot,,Pape Matar Sarr,Pass (Live),Papa Ndiaga Yade,Pass (Live)
21,74,Papa Ndiaga Yade,Metz,0.02,,Blocked,34,Left Foot,,Dylan Bronn,Pass (Live),Fabien Centonze,Pass (Live)
22,78,Papa Ndiaga Yade,Metz,0.04,,Blocked,24,Left Foot,,Papa Ndiaga Yade,Take-On,Victorien Angban,Pass (Live)
23,79,Habib Maïga,Metz,0.08,,Blocked,13,Right Foot,Volley,Victorien Angban,Pass (Live),Thomas Delaine,Pass (Live)
24,79,John Boye,Metz,0.58,0.79,Goal,3,Left Foot,,Habib Maïga,Shot,,
25,84,Jordan Lotomba,Nice,0.02,,Off Target,35,Right Foot,,Amine Gouiri,Fouled,Hassane Kamara,Pass (Live)
26,88,Papa Ndiaga Yade,Metz,0.02,,Off Target,30,Left Foot,,Fabien Centonze,Pass (Live),Pape Matar Sarr,Pass (Live)
27,90+2,Dylan Bronn,Metz,0.05,,Off Target,23,Left Foot,,Thierry Ambrose,Pass (Live),Pape Matar Sarr,Pass (Live)
