season,injury,from,until,days,missed_games
22/23,Muscle injury,"Jun 5, 2023","Jun 20, 2023",15 days,2
19/20,Achilles tendon surgery,"Oct 8, 2019","Sep 8, 2020",336 days,12
18/19,Calf injury,"May 1, 2019","May 28, 2019",27 days,4
18/19,Calf injury,"Apr 19, 2019","Apr 24, 2019",5 days,1
18/19,Hip injury,"Mar 5, 2019","Mar 28, 2019",23 days,4
17/18,Achilles tendon irritation,"Feb 21, 2018","Mar 14, 2018",21 days,4
15/16,Achilles heel problems,"Nov 22, 2015","Sep 15, 2016",298 days,38
15/16,Achilles tendon problems,"Sep 23, 2015","Oct 28, 2015",35 days,5
14/15,Groin problems,"Mar 8, 2015","Mar 14, 2015",6 days,2
11/12,Cruciate ligament tear,"Jan 12, 2012","Jun 1, 2012",141 days,39
09/10,Broken foot,"May 4, 2010","Aug 4, 2010",92 days,12
