season,injury,from,until,days,missed_games
21/22,Pelvic obliquity,"Oct 21, 2021","Jan 19, 2022",90 days,12
21/22,Corona virus,"Oct 6, 2021","Oct 20, 2021",14 days,1
20/21,Hip flexor problems,"Feb 22, 2021","Mar 9, 2021",15 days,2
20/21,Fitness,"Jan 4, 2021","Jan 13, 2021",9 days,1
20/21,Elbow injury,"Aug 22, 2020","Jan 3, 2021",134 days,16
18/19,Ankle problems,"May 9, 2019","May 21, 2019",12 days,2
17/18,Syndesmotic ligament tear,"Dec 3, 2017","Jan 21, 2018",49 days,2
16/17,Wrist fracture,"Aug 11, 2016","Aug 20, 2016",9 days,1
16/17,Groin problems,"Aug 1, 2016","Aug 7, 2016",6 days,2
15/16,Pubic bone bruise,"Jul 13, 2015","Jul 17, 2015",4 days,-
14/15,Shoulder injury,"Mar 3, 2015","Apr 13, 2015",41 days,6
