season,injury,from,until,days,missed_games
23/24,Ankle surgery,"Feb 5, 2024","Apr 18, 2024",73 days,8
22/23,Groin injury,"May 12, 2023","May 24, 2023",12 days,3
18/19,Internal ligament tear,"Jan 13, 2019","Feb 24, 2019",42 days,6
18/19,Knee injury,"Sep 20, 2018","Oct 15, 2018",25 days,3
18/19,Knee surgery,"Jul 11, 2018","Sep 5, 2018",56 days,8
17/18,Leg injury,"Mar 1, 2018","Mar 8, 2018",7 days,1
16/17,Muscle injury,"Apr 16, 2017","Jul 31, 2017",106 days,17
16/17,Muscle injury,"Jul 15, 2016","Jul 27, 2016",12 days,2
15/16,Hamstring injury,"Jul 10, 2015","Sep 14, 2015",66 days,10
14/15,Internal ligament strain,"Jun 1, 2015","Jul 3, 2015",32 days,5
