season,injury,from,until,days,missed_games
22/23,Hamstring injury,"Apr 3, 2023","May 9, 2023",36 days,6
22/23,Thigh problems,"Mar 20, 2023","Mar 30, 2023",10 days,1
22/23,unknown injury,"Feb 20, 2023","Mar 9, 2023",17 days,2
20/21,Muscle injury,"Feb 17, 2021","Apr 1, 2021",43 days,7
19/20,Muscle injury,"Jan 22, 2020","Mar 4, 2020",42 days,6
17/18,Muscle injury,"Apr 18, 2018","May 11, 2018",23 days,3
17/18,Knee problems,"Sep 6, 2017","Oct 11, 2017",35 days,5
16/17,Achilles tendon problems,"May 12, 2017","Jul 31, 2017",80 days,4
14/15,Groin injury,"Apr 23, 2015","May 31, 2015",38 days,6
14/15,Groin problems,"Feb 4, 2015","Feb 14, 2015",10 days,1
