season,injury,from,until,days,missed_games
22/23,Muscle injury,"Mar 13, 2023","May 16, 2023",64 days,11
22/23,Torn muscle fiber,"Oct 6, 2022","Jan 1, 2023",87 days,8
21/22,Cruciate ligament tear,"Oct 25, 2021","Jun 2, 2022",220 days,29
20/21,Adductor pain,"Dec 21, 2020","Dec 28, 2020",7 days,1
20/21,Adductor pain,"Oct 1, 2020","Oct 22, 2020",21 days,2
16/17,Inflammation of pubic bone,"Nov 21, 2016","Jul 10, 2017",231 days,21
16/17,Adductor injury,"Sep 22, 2016","Oct 31, 2016",39 days,6
14/15,Torn muscle fiber,"Apr 30, 2015","Jun 25, 2015",56 days,4
14/15,Shin bruise,"Mar 12, 2015","Apr 13, 2015",32 days,4
