,Player Name,Player Number,Player,#,Nation,Pos,Age,Min,Att,Live,Dead,FK,TB,Sw,Crs,TI,CK,In,Out,Str,Cmp,Off,Blocks,Player Key,Player Link
0,Pedro,https://fbref.com/en/players/17758df6/Pedro,96,96,br BRA,FW,24-188,90,21,21,0,0,0,0,0,0,0,0,0,0,12,0,0,https://fbref.com/en/players/17758df6/Pedro-Pedro,
1,Madi Queita,https://fbref.com/en/players/13ab460a/Madi-Queita,10,10,gw GNB,LW,22-206,86,11,10,1,0,0,0,0,1,0,0,0,0,8,0,1,https://fbref.com/en/players/13ab460a/Madi-Queita-Madi Queita,
2,Álvarinho,https://fbref.com/en/players/a81bc44d/Alvarinho,77,77,pt POR,LW,30-254,4,3,3,0,0,0,0,0,0,0,0,0,0,3,0,0,https://fbref.com/en/players/a81bc44d/Alvarinho-Álvarinho,
3,Licá,https://fbref.com/en/players/41d84fed/Lica,88,88,pt POR,RW,32-249,90,12,10,2,0,0,0,0,1,0,0,0,0,9,0,0,https://fbref.com/en/players/41d84fed/Lica-Licá,
4,Ryan Gauld,https://fbref.com/en/players/862e93c2/Ryan-Gauld,23,23,sct SCO,AM,25-150,86,15,15,0,0,0,0,1,0,0,0,0,0,10,0,1,https://fbref.com/en/players/862e93c2/Ryan-Gauld-Ryan Gauld,
5,Burá,https://fbref.com/en/players/8e72cba8/Bura,13,13,gw GNB,CM,25-144,4,4,4,0,0,0,0,0,0,0,0,0,0,2,0,0,https://fbref.com/en/players/8e72cba8/Bura-Burá,
6,Jonatan Lucca,https://fbref.com/en/players/b04f4533/Jonatan-Lucca,47,47,br BRA,"DM,LM",26-347,90,32,25,7,3,0,0,6,0,4,3,0,0,23,0,1,https://fbref.com/en/players/b04f4533/Jonatan-Lucca-Jonatan Lucca,
7,Amine Oudrhiri,https://fbref.com/en/players/49c9c79a/Amine-Oudrhiri,5,5,ma MAR,DM,28-192,51,18,18,0,0,1,0,0,0,0,0,0,0,14,0,0,https://fbref.com/en/players/49c9c79a/Amine-Oudrhiri-Amine Oudrhiri,
8,Fabrício Isidoro,https://fbref.com/en/players/b70ca4b5/Fabricio-Isidoro,14,14,br BRA,"DM,RM",29-107,39,16,15,1,0,0,0,1,0,1,0,0,0,8,0,2,https://fbref.com/en/players/b70ca4b5/Fabricio-Isidoro-Fabrício Isidoro,
9,Abner,https://fbref.com/en/players/8e562fe7/Abner,30,30,br BRA,LB,24-350,90,29,15,14,0,0,0,1,14,0,0,0,0,18,0,1,https://fbref.com/en/players/8e562fe7/Abner-Abner,
10,Eduardo Mancha,https://fbref.com/en/players/56e74f66/Eduardo-Mancha,95,95,br BRA,CB,25-172,90,37,36,1,1,0,0,0,0,0,0,0,0,31,0,0,https://fbref.com/en/players/56e74f66/Eduardo-Mancha-Eduardo Mancha,
11,César,https://fbref.com/en/players/4dcde17a/Cesar,4,4,br BRA,CB,28-138,27,19,18,1,1,0,3,0,0,0,0,0,0,17,0,0,https://fbref.com/en/players/4dcde17a/Cesar-César,
12,Claudio Falcão,https://fbref.com/en/players/56077210/Claudio-Falcao,29,29,br BRA,CB,26-316,63,22,21,1,1,0,0,0,0,0,0,0,0,19,0,0,https://fbref.com/en/players/56077210/Claudio-Falcao-Claudio Falcão,
13,Tomás Tavares,https://fbref.com/en/players/0dce3356/Tomas-Tavares,84,84,pt POR,RB,20-069,90,32,20,12,1,0,1,1,11,0,0,0,0,21,0,1,https://fbref.com/en/players/0dce3356/Tomas-Tavares-Tomás Tavares,
14,Beto,https://fbref.com/en/players/3b4941e4/Beto,3,3,pt POR,GK,39-014,90,44,29,15,5,0,1,0,0,0,0,0,0,32,0,0,https://fbref.com/en/players/3b4941e4/Beto-Beto,
