,Player Name,Player Number,Player,#,Nation,Pos,Age,Min,Touches,Def Pen,Def 3rd,Mid 3rd,Att 3rd,Att Pen,Live,Att,Succ,Succ%,Tkld,Tkld%,Carries,TotDist,PrgDist,PrgC,1/3,CPA,Mis,Dis,Rec,PrgR,Player Key,Player Link
0,Pedro,https://fbref.com/en/players/17758df6/Pedro,96,96,br BRA,FW,24-188,90,26,0,0,11,15,4,26,0,0,,0,,13,35,7,0,0,0,3,1,27,0,https://fbref.com/en/players/17758df6/Pedro-Pedro,
1,Madi Queita,https://fbref.com/en/players/13ab460a/Madi-Queita,10,10,gw GNB,LW,22-206,86,22,0,5,11,7,1,22,2,1,50.0,1,50.0,15,75,19,1,1,1,6,0,12,3,https://fbref.com/en/players/13ab460a/Madi-Queita-Madi Queita,
2,Álvarinho,https://fbref.com/en/players/a81bc44d/Alvarinho,77,77,pt POR,LW,30-254,4,5,0,1,0,4,0,5,0,0,,0,,3,19,0,0,0,0,0,0,3,1,https://fbref.com/en/players/a81bc44d/Alvarinho-Álvarinho,
3,Licá,https://fbref.com/en/players/41d84fed/Lica,88,88,pt POR,RW,32-249,90,24,1,2,8,14,5,24,2,0,0.0,2,100.0,13,26,9,1,0,1,3,1,16,5,https://fbref.com/en/players/41d84fed/Lica-Licá,
4,Ryan Gauld,https://fbref.com/en/players/862e93c2/Ryan-Gauld,23,23,sct SCO,AM,25-150,86,29,0,0,13,17,6,28,1,0,0.0,1,100.0,13,110,47,2,3,0,2,1,18,5,https://fbref.com/en/players/862e93c2/Ryan-Gauld-Ryan Gauld,
5,Burá,https://fbref.com/en/players/8e72cba8/Bura,13,13,gw GNB,CM,25-144,4,5,0,1,3,1,0,5,0,0,,0,,1,0,0,0,0,0,1,0,1,0,https://fbref.com/en/players/8e72cba8/Bura-Burá,
6,Jonatan Lucca,https://fbref.com/en/players/b04f4533/Jonatan-Lucca,47,47,br BRA,"DM,LM",26-347,90,44,2,9,18,18,0,44,0,0,,0,,13,95,19,2,1,0,4,1,15,1,https://fbref.com/en/players/b04f4533/Jonatan-Lucca-Jonatan Lucca,
7,Amine Oudrhiri,https://fbref.com/en/players/49c9c79a/Amine-Oudrhiri,5,5,ma MAR,DM,28-192,51,22,1,5,15,2,0,22,0,0,,0,,9,36,24,1,0,0,2,0,12,0,https://fbref.com/en/players/49c9c79a/Amine-Oudrhiri-Amine Oudrhiri,
8,Fabrício Isidoro,https://fbref.com/en/players/b70ca4b5/Fabricio-Isidoro,14,14,br BRA,"DM,RM",29-107,39,18,0,1,6,12,1,18,0,0,,0,,9,44,20,0,1,0,0,0,12,3,https://fbref.com/en/players/b70ca4b5/Fabricio-Isidoro-Fabrício Isidoro,
9,Abner,https://fbref.com/en/players/8e562fe7/Abner,30,30,br BRA,LB,24-350,90,35,3,10,17,8,0,35,0,0,,0,,12,35,9,0,1,0,2,0,13,0,https://fbref.com/en/players/8e562fe7/Abner-Abner,
10,Eduardo Mancha,https://fbref.com/en/players/56e74f66/Eduardo-Mancha,95,95,br BRA,CB,25-172,90,50,9,38,10,2,2,50,0,0,,0,,29,113,54,0,0,0,0,0,32,0,https://fbref.com/en/players/56e74f66/Eduardo-Mancha-Eduardo Mancha,
11,César,https://fbref.com/en/players/4dcde17a/Cesar,4,4,br BRA,CB,28-138,27,22,2,15,7,0,0,22,0,0,,0,,12,37,28,0,0,0,0,0,14,0,https://fbref.com/en/players/4dcde17a/Cesar-César,
12,Claudio Falcão,https://fbref.com/en/players/56077210/Claudio-Falcao,29,29,br BRA,CB,26-316,63,30,2,18,9,3,3,30,0,0,,0,,14,34,10,0,0,0,0,0,18,0,https://fbref.com/en/players/56077210/Claudio-Falcao-Claudio Falcão,
13,Tomás Tavares,https://fbref.com/en/players/0dce3356/Tomas-Tavares,84,84,pt POR,RB,20-069,90,39,3,9,18,12,0,39,0,0,,0,,15,37,4,0,0,0,1,3,13,3,https://fbref.com/en/players/0dce3356/Tomas-Tavares-Tomás Tavares,
14,Beto,https://fbref.com/en/players/3b4941e4/Beto,3,3,pt POR,GK,39-014,90,46,31,46,0,0,0,46,0,0,,0,,26,171,99,0,0,0,0,0,19,0,https://fbref.com/en/players/3b4941e4/Beto-Beto,
