,Minute,Player,Squad,xG,PSxG,Outcome,Distance,Body Part,Notes,SCA 1 Player,SCA 1 Event,SCA 2 Player,SCA 2 Event
0,4,Ryan Gauld,Farense,0.12,,Blocked,8,Left Foot,,Madi Queita,Pass (Live),Jonatan Lucca,Pass (Live)
1,7,Licá,Farense,0.05,0.60,Saved,13,Right Foot,,Ryan Gauld,Pass (Live),Pedro,Pass (Live)
2,11,Pedro Borges,Tondela,0.04,0.18,Saved,10,Head,,Salvador Agra,Pass (Dead),João Pedro,Fouled
3,14,Jonatan Lucca,Farense,0.06,0.41,Saved,31,Right Foot,Free kick,Licá,Fouled,Pedro,Pass (Live)
4,14,Pedro,Farense,0.10,,Blocked,6,Head,,Jonatan Lucca,Pass (Live),Amine Oudrhiri,Pass (Live)
5,15,Eduardo Mancha,Farense,0.12,,Off Target,6,Head,,Jonatan Lucca,Pass (Dead),Pedro,Shot
6,16,João Pedro,Tondela,0.08,,Blocked,12,Right Foot,,Salvador Agra,Pass (Live),João Pedro,Pass (Live)
7,21,Tomislav Štrkalj,Tondela,0.08,,Off Target,9,Right Foot,,Salvador Agra,Pass (Live),Bebeto,Pass (Live)
8,27,Salvador Agra,Tondela,0.06,0.09,Saved,29,Right Foot,Deflected,Pedro Borges,Pass (Live),Pedro Borges,Interception
9,34,Salvador Agra,Tondela,0.04,,Off Target,8,Head,,Filipe Ferreira,Pass (Live),João Pedro,Pass (Live)
10,35,Jonatan Lucca,Farense,0.05,0.49,Saved,34,Right Foot,Free kick,Ryan Gauld,Fouled,Beto,Pass (Dead)
11,36,Pedro,Farense,0.09,,Blocked,5,Head,,Jonatan Lucca,Pass (Dead),Jonatan Lucca,Shot
12,36,Claudio Falcão,Farense,0.08,,Off Target,9,Head,,Pedro,Shot,,
13,40,João Jaquité,Tondela,0.03,,Blocked,28,Right Foot,,João Pedro,Pass (Live),Bebeto,Pass (Live)
14,41,Pedro Borges,Tondela,0.06,,Off Target,11,Head,,João Pedro,Pass (Live),Filipe Ferreira,Pass (Live)
15,43,Roberto Olabe del Arco,Tondela,0.04,0.27,Saved,23,Left Foot,,Pedro Borges,Pass (Live),João Jaquité,Pass (Live)
16,,,,,,,,,,,,,
17,46,Ryan Gauld,Farense,0.05,,Blocked,18,Left Foot,Volley,Abner,Pass (Dead),Eduardo Mancha,Pass (Live)
18,54,Ryan Gauld,Farense,0.05,,Off Target,28,Left Foot,Free kick,Pedro,Fouled,Beto,Pass (Dead)
19,57,Jonatan Lucca,Farense,0.06,,Off Target,26,Right Foot,Free kick,Licá,Fouled,,
20,58,Ryan Gauld,Farense,0.03,,Off Target,27,Left Foot,,Licá,Pass (Live),Beto,Pass (Live)
21,59,Pedro Borges,Tondela,0.05,,Blocked,9,Head,,Bebeto,Pass (Live),Yohan Tavares,Pass (Live)
22,70,Mario González,Tondela,0.03,0.21,Saved,29,Right Foot,,Pedro Borges,Pass (Live),Filipe Ferreira,Pass (Dead)
23,79,Ryan Gauld(pen),Farense,0.79,0.99,Goal,13,Left Foot,,Ryan Gauld,Fouled,Ryan Gauld,Pass (Live)
24,84,Fabrício Isidoro,Farense,0.02,,Off Target,31,Right Foot,,Madi Queita,Pass (Live),Abner,Pass (Dead)
25,90+6,Álvarinho,Farense,0.05,,Off Target,21,Left Foot,,Licá,Pass (Live),Jonatan Lucca,Pass (Live)
26,90+9,Rafael Barbosa,Tondela,0.03,,Off Target,9,Head,,Bebeto,Pass (Live),Souleymane Anne,Pass (Live)
27,90+10,Yohan Tavares,Tondela,0.07,,Off Target,9,Head,,Bebeto,Pass (Dead),Souleymane Anne,Fouled
