,Player Name,Player Number,Player,#,Nation,Pos,Age,Min,Gls,Ast,PK,PKatt,Sh,SoT,CrdY,CrdR,Touches,Tkl,Int,Blocks,xG,npxG,xAG,SCA,GCA,Cmp,Att,Cmp%,PrgP,Carries,PrgC,Att,Succ,Player Key,Player Link
0,Tomislav Štrkalj,https://fbref.com/en/players/2e0b5346/Tomislav-Strkalj,11,11,hr CRO,FW,24-286,57,0,0,0,0,1,0,0,0,22,0,0,0,0.1,0.1,0.0,0,0,13,18,72.2,1,11,0,0,0,https://fbref.com/en/players/2e0b5346/Tomislav-Strkalj-Tomislav Štrkalj,
1,Mario González,https://fbref.com/en/players/d189e48f/Mario-Gonzalez,17,17,es ESP,FW,25-079,33,0,0,0,0,1,1,0,0,13,1,0,0,0.0,0.0,0.0,0,0,7,10,70.0,1,8,1,0,0,https://fbref.com/en/players/d189e48f/Mario-Gonzalez-Mario González,
2,Pedro Borges,https://fbref.com/en/players/5bb699c4/Pedro-Borges,6,6,br BRA,LW,24-073,80,0,0,0,0,3,1,0,0,38,1,1,1,0.2,0.2,0.1,4,0,21,28,75.0,0,18,4,2,1,https://fbref.com/en/players/5bb699c4/Pedro-Borges-Pedro Borges,
3,Souleymane Anne,https://fbref.com/en/players/52e653f0/Souleymane-Anne,45,45,mr MTN,RW,23-161,10,0,0,0,0,0,0,0,0,9,1,1,0,0.0,0.0,0.0,2,0,6,6,100.0,0,4,0,0,0,https://fbref.com/en/players/52e653f0/Souleymane-Anne-Souleymane Anne,
4,Salvador Agra,https://fbref.com/en/players/a130741a/Salvador-Agra,7,7,pt POR,RW,29-185,79,0,0,0,0,2,1,1,1,35,0,1,0,0.1,0.1,0.2,3,0,23,31,74.2,4,25,3,0,0,https://fbref.com/en/players/a130741a/Salvador-Agra-Salvador Agra,
5,João Pedro,https://fbref.com/en/players/c51a704e/Joao-Pedro,8,8,pt POR,"AM,DM",28-042,90,0,0,0,0,1,0,0,0,50,0,0,0,0.1,0.1,0.1,5,0,28,45,62.2,7,26,1,0,0,https://fbref.com/en/players/c51a704e/Joao-Pedro-João Pedro,
6,Roberto Olabe del Arco,https://fbref.com/en/players/b91883b7/Roberto-Olabe-del-Arco,18,18,es ESP,DM,25-010,89,0,0,0,0,1,1,1,0,65,1,1,1,0.0,0.0,0.0,0,0,51,58,87.9,5,38,0,2,2,https://fbref.com/en/players/b91883b7/Roberto-Olabe-del-Arco-Roberto Olabe del Arco,
7,Jaume Grau,https://fbref.com/en/players/fc3d2006/Jaume-Grau,14,14,es ESP,DM,24-010,1,0,0,0,0,0,0,0,0,4,0,0,0,0.0,0.0,0.0,0,0,4,4,100.0,0,3,0,1,1,https://fbref.com/en/players/fc3d2006/Jaume-Grau-Jaume Grau,
8,João Jaquité,https://fbref.com/en/players/83f3f179/Joao-Jaquite,5,5,gw GNB,DM,25-082,81,0,0,0,0,1,0,0,0,37,1,0,0,0.0,0.0,0.0,1,0,25,30,83.3,4,20,1,0,0,https://fbref.com/en/players/83f3f179/Joao-Jaquite-João Jaquité,
9,Rafael Barbosa,https://fbref.com/en/players/2a34574e/Rafael-Barbosa,70,70,pt POR,LW,25-047,9,0,0,0,0,1,0,0,0,10,0,0,0,0.0,0.0,0.0,0,0,5,7,71.4,1,8,0,0,0,https://fbref.com/en/players/2a34574e/Rafael-Barbosa-Rafael Barbosa,
10,Filipe Ferreira,https://fbref.com/en/players/12f1293b/Filipe-Ferreira,20,20,pt POR,LB,30-230,90,0,0,0,0,0,0,0,0,60,3,0,3,0.0,0.0,0.0,3,0,41,53,77.4,3,29,1,2,2,https://fbref.com/en/players/12f1293b/Filipe-Ferreira-Filipe Ferreira,
11,Ricardo Miguel Martins Alves,https://fbref.com/en/players/cc5eeb16/Ricardo-Miguel-Martins-Alves,34,34,pt POR,CB,30-006,90,0,0,0,0,0,0,0,0,45,0,1,1,0.0,0.0,0.0,0,0,32,36,88.9,1,19,0,0,0,https://fbref.com/en/players/cc5eeb16/Ricardo-Miguel-Martins-Alves-Ricardo Miguel Martins Alves,
12,Yohan Tavares,https://fbref.com/en/players/a885714c/Yohan-Tavares,23,23,pt POR,CB,33-074,90,0,0,0,0,1,0,0,0,75,2,2,0,0.1,0.1,0.0,1,0,54,66,81.8,3,48,0,0,0,https://fbref.com/en/players/a885714c/Yohan-Tavares-Yohan Tavares,
13,Bebeto,https://fbref.com/en/players/835e8327/Bebeto,2,2,br BRA,RB,31-134,90,0,0,0,0,0,0,0,0,75,1,0,3,0.0,0.0,0.1,5,0,58,67,86.6,4,35,4,3,2,https://fbref.com/en/players/835e8327/Bebeto-Bebeto,
14,Babacar Niasse,https://fbref.com/en/players/5c8beb50/Babacar-Niasse,99,99,mr MTN,GK,24-146,90,0,0,0,0,0,0,0,0,51,0,0,0,0.0,0.0,0.0,0,0,40,47,85.1,0,27,0,0,0,https://fbref.com/en/players/5c8beb50/Babacar-Niasse-Babacar Niasse,
