,Player Name,Player Number,Player,#,Nation,Pos,Age,Min,Touches,Def Pen,Def 3rd,Mid 3rd,Att 3rd,Att Pen,Live,Att,Succ,Succ%,Tkld,Tkld%,Carries,TotDist,PrgDist,PrgC,1/3,CPA,Mis,Dis,Rec,PrgR,Player Key,Player Link
0,Tomislav Štrkalj,https://fbref.com/en/players/2e0b5346/Tomislav-Strkalj,11,11,hr CRO,FW,24-286,57,22,0,0,15,7,1,22,0,0,,0,,11,36,4,0,1,0,3,0,20,2,https://fbref.com/en/players/2e0b5346/Tomislav-Strkalj-Tomislav Štrkalj,
1,Mario González,https://fbref.com/en/players/d189e48f/Mario-Gonzalez,17,17,es ESP,FW,25-079,33,13,1,1,8,4,1,13,0,0,,0,,8,58,21,1,0,0,1,0,10,1,https://fbref.com/en/players/d189e48f/Mario-Gonzalez-Mario González,
2,Pedro Borges,https://fbref.com/en/players/5bb699c4/Pedro-Borges,6,6,br BRA,LW,24-073,80,38,2,5,16,17,5,38,2,1,50.0,1,50.0,18,129,95,4,3,1,2,0,29,4,https://fbref.com/en/players/5bb699c4/Pedro-Borges-Pedro Borges,
3,Souleymane Anne,https://fbref.com/en/players/52e653f0/Souleymane-Anne,45,45,mr MTN,RW,23-161,10,9,0,4,4,1,0,9,0,0,,0,,4,16,7,0,0,0,1,0,4,2,https://fbref.com/en/players/52e653f0/Souleymane-Anne-Souleymane Anne,
4,Salvador Agra,https://fbref.com/en/players/a130741a/Salvador-Agra,7,7,pt POR,RW,29-185,79,35,0,3,18,15,2,35,0,0,,0,,25,193,84,3,2,1,0,0,31,8,https://fbref.com/en/players/a130741a/Salvador-Agra-Salvador Agra,
5,João Pedro,https://fbref.com/en/players/c51a704e/Joao-Pedro,8,8,pt POR,"AM,DM",28-042,90,50,0,4,25,21,3,50,0,0,,0,,26,114,45,1,1,0,2,2,37,9,https://fbref.com/en/players/c51a704e/Joao-Pedro-João Pedro,
6,Roberto Olabe del Arco,https://fbref.com/en/players/b91883b7/Roberto-Olabe-del-Arco,18,18,es ESP,DM,25-010,89,65,3,19,35,11,0,65,2,2,100.0,0,0.0,38,181,70,0,2,0,0,0,50,0,https://fbref.com/en/players/b91883b7/Roberto-Olabe-del-Arco-Roberto Olabe del Arco,
7,Jaume Grau,https://fbref.com/en/players/fc3d2006/Jaume-Grau,14,14,es ESP,DM,24-010,1,4,0,1,3,0,0,4,1,1,100.0,0,0.0,3,34,10,0,0,0,0,0,3,0,https://fbref.com/en/players/fc3d2006/Jaume-Grau-Jaume Grau,
8,João Jaquité,https://fbref.com/en/players/83f3f179/Joao-Jaquite,5,5,gw GNB,DM,25-082,81,37,2,6,24,8,0,37,0,0,,0,,20,76,30,1,1,0,1,2,25,3,https://fbref.com/en/players/83f3f179/Joao-Jaquite-João Jaquité,
9,Rafael Barbosa,https://fbref.com/en/players/2a34574e/Rafael-Barbosa,70,70,pt POR,LW,25-047,9,10,0,2,5,3,1,10,0,0,,0,,8,44,27,0,1,0,1,0,10,0,https://fbref.com/en/players/2a34574e/Rafael-Barbosa-Rafael Barbosa,
10,Filipe Ferreira,https://fbref.com/en/players/12f1293b/Filipe-Ferreira,20,20,pt POR,LB,30-230,90,60,3,27,24,11,0,60,2,2,100.0,0,0.0,29,201,143,1,2,0,2,0,35,3,https://fbref.com/en/players/12f1293b/Filipe-Ferreira-Filipe Ferreira,
11,Ricardo Miguel Martins Alves,https://fbref.com/en/players/cc5eeb16/Ricardo-Miguel-Martins-Alves,34,34,pt POR,CB,30-006,90,45,9,30,15,0,0,45,0,0,,0,,19,96,65,0,0,0,0,0,27,0,https://fbref.com/en/players/cc5eeb16/Ricardo-Miguel-Martins-Alves-Ricardo Miguel Martins Alves,
12,Yohan Tavares,https://fbref.com/en/players/a885714c/Yohan-Tavares,23,23,pt POR,CB,33-074,90,75,11,48,25,2,1,75,0,0,,0,,48,272,218,0,1,0,0,0,57,0,https://fbref.com/en/players/a885714c/Yohan-Tavares-Yohan Tavares,
13,Bebeto,https://fbref.com/en/players/835e8327/Bebeto,2,2,br BRA,RB,31-134,90,75,0,19,40,19,0,75,3,2,66.7,1,33.3,35,242,116,4,2,0,0,0,45,2,https://fbref.com/en/players/835e8327/Bebeto-Bebeto,
14,Babacar Niasse,https://fbref.com/en/players/5c8beb50/Babacar-Niasse,99,99,mr MTN,GK,24-146,90,51,44,51,0,0,0,51,0,0,,0,,27,107,55,0,0,0,0,0,21,0,https://fbref.com/en/players/5c8beb50/Babacar-Niasse-Babacar Niasse,
