,Player Name,Player Number,Player,#,Nation,Pos,Age,Min,Tkl,TklW,Def 3rd,Mid 3rd,Att 3rd,Tkl,Att,Tkl%,Lost,Blocks,Sh,Pass,Int,Tkl+Int,Clr,Err,Player Key,Player Link
0,Tomislav Štrkalj,https://fbref.com/en/players/2e0b5346/Tomislav-Strkalj,11,11,hr CRO,FW,24-286,57,0,0,0,0,0,0,0,,0,0,0,0,0,0,0,0,https://fbref.com/en/players/2e0b5346/Tomislav-Strkalj-Tomislav Štrkalj,
1,Mario González,https://fbref.com/en/players/d189e48f/Mario-Gonzalez,17,17,es ESP,FW,25-079,33,1,0,1,0,0,1,1,100.0,0,0,0,0,0,1,0,0,https://fbref.com/en/players/d189e48f/Mario-Gonzalez-Mario González,
2,Pedro Borges,https://fbref.com/en/players/5bb699c4/Pedro-Borges,6,6,br BRA,LW,24-073,80,1,1,0,1,0,0,0,,0,1,0,1,1,2,2,0,https://fbref.com/en/players/5bb699c4/Pedro-Borges-Pedro Borges,
3,Souleymane Anne,https://fbref.com/en/players/52e653f0/Souleymane-Anne,45,45,mr MTN,RW,23-161,10,1,1,1,0,0,0,0,,0,0,0,0,1,2,0,0,https://fbref.com/en/players/52e653f0/Souleymane-Anne-Souleymane Anne,
4,Salvador Agra,https://fbref.com/en/players/a130741a/Salvador-Agra,7,7,pt POR,RW,29-185,79,0,0,0,0,0,0,0,,0,0,0,0,1,1,0,0,https://fbref.com/en/players/a130741a/Salvador-Agra-Salvador Agra,
5,João Pedro,https://fbref.com/en/players/c51a704e/Joao-Pedro,8,8,pt POR,"AM,DM",28-042,90,0,0,0,0,0,0,0,,0,0,0,0,0,0,0,0,https://fbref.com/en/players/c51a704e/Joao-Pedro-João Pedro,
6,Roberto Olabe del Arco,https://fbref.com/en/players/b91883b7/Roberto-Olabe-del-Arco,18,18,es ESP,DM,25-010,89,1,0,1,0,0,0,0,,0,1,0,1,1,2,1,0,https://fbref.com/en/players/b91883b7/Roberto-Olabe-del-Arco-Roberto Olabe del Arco,
7,Jaume Grau,https://fbref.com/en/players/fc3d2006/Jaume-Grau,14,14,es ESP,DM,24-010,1,0,0,0,0,0,0,0,,0,0,0,0,0,0,0,0,https://fbref.com/en/players/fc3d2006/Jaume-Grau-Jaume Grau,
8,João Jaquité,https://fbref.com/en/players/83f3f179/Joao-Jaquite,5,5,gw GNB,DM,25-082,81,1,1,0,1,0,0,0,,0,0,0,0,0,1,1,0,https://fbref.com/en/players/83f3f179/Joao-Jaquite-João Jaquité,
9,Rafael Barbosa,https://fbref.com/en/players/2a34574e/Rafael-Barbosa,70,70,pt POR,LW,25-047,9,0,0,0,0,0,0,0,,0,0,0,0,0,0,0,0,https://fbref.com/en/players/2a34574e/Rafael-Barbosa-Rafael Barbosa,
10,Filipe Ferreira,https://fbref.com/en/players/12f1293b/Filipe-Ferreira,20,20,pt POR,LB,30-230,90,3,2,2,1,0,1,1,100.0,0,3,3,0,0,3,0,0,https://fbref.com/en/players/12f1293b/Filipe-Ferreira-Filipe Ferreira,
11,Ricardo Miguel Martins Alves,https://fbref.com/en/players/cc5eeb16/Ricardo-Miguel-Martins-Alves,34,34,pt POR,CB,30-006,90,0,0,0,0,0,0,0,,0,1,1,0,1,1,5,0,https://fbref.com/en/players/cc5eeb16/Ricardo-Miguel-Martins-Alves-Ricardo Miguel Martins Alves,
12,Yohan Tavares,https://fbref.com/en/players/a885714c/Yohan-Tavares,23,23,pt POR,CB,33-074,90,2,1,2,0,0,1,1,100.0,0,0,0,0,2,4,4,0,https://fbref.com/en/players/a885714c/Yohan-Tavares-Yohan Tavares,
13,Bebeto,https://fbref.com/en/players/835e8327/Bebeto,2,2,br BRA,RB,31-134,90,1,1,0,1,0,1,2,50.0,1,3,0,3,0,1,2,0,https://fbref.com/en/players/835e8327/Bebeto-Bebeto,
14,Babacar Niasse,https://fbref.com/en/players/5c8beb50/Babacar-Niasse,99,99,mr MTN,GK,24-146,90,0,0,0,0,0,0,0,,0,0,0,0,0,0,0,0,https://fbref.com/en/players/5c8beb50/Babacar-Niasse-Babacar Niasse,
