,Player Name,Player Number,Player,#,Nation,Pos,Age,Min,Gls,Ast,PK,PKatt,Sh,SoT,CrdY,CrdR,Touches,Tkl,Int,Blocks,xG,npxG,xAG,SCA,GCA,Cmp,Att,Cmp%,PrgP,Carries,PrgC,Att,Succ,Player Key,Player Link
0,Arnaud Kalimuendo,https://fbref.com/en/players/bf4c41f9/Arnaud-Kalimuendo,29,29,fr FRA,FW,19-053,69,0,1,0,0,1,1,0,0,25,1,1,0,0.0,0.0,0.6,2,1,9,13,69.2,1,17,3,3,2,https://fbref.com/en/players/bf4c41f9/Arnaud-Kalimuendo-Arnaud Kalimuendo,
1,Simon Banza,https://fbref.com/en/players/be47b750/Simon-Banza,23,23,cd COD,FW,24-213,21,0,0,0,0,1,0,0,0,14,0,0,0,0.1,0.1,0.7,0,0,8,9,88.9,1,7,0,2,0,https://fbref.com/en/players/be47b750/Simon-Banza-Simon Banza,
2,Florian Sotoca,https://fbref.com/en/players/7a42d0df/Florian-Sotoca,7,7,fr FRA,FW,30-140,69,0,0,0,0,2,0,0,0,32,0,0,0,0.1,0.1,0.0,1,1,18,27,66.7,0,18,0,0,0,https://fbref.com/en/players/7a42d0df/Florian-Sotoca-Florian Sotoca,
3,Gaël Kakuta,https://fbref.com/en/players/5b1bf5e3/Gael-Kakuta,10,10,cd COD,FW,29-266,21,0,0,0,0,3,1,0,0,18,0,0,0,0.8,0.8,0.0,0,0,7,11,63.6,2,11,0,2,0,https://fbref.com/en/players/5b1bf5e3/Gael-Kakuta-Gaël Kakuta,
4,Massadio Haïdara,https://fbref.com/en/players/5167c97e/Massadio-Haidara,21,21,ml MLI,LW,28-102,90,0,0,0,0,0,0,1,0,57,1,1,0,0.0,0.0,0.0,2,0,40,50,80.0,4,16,1,1,0,https://fbref.com/en/players/5167c97e/Massadio-Haidara-Massadio Haïdara,
5,Jonathan Clauss,https://fbref.com/en/players/5219ab4a/Jonathan-Clauss,11,11,fr FRA,RW,28-170,83,1,0,0,0,2,1,0,0,55,0,3,0,0.1,0.1,0.0,4,0,29,45,64.4,5,17,2,2,1,https://fbref.com/en/players/5219ab4a/Jonathan-Clauss-Jonathan Clauss,
6,Clément Michelin,https://fbref.com/en/players/cb9ec45d/Clement-Michelin,13,13,fr FRA,RW,23-307,7,0,0,0,0,0,0,0,0,9,0,0,0,0.0,0.0,0.5,2,0,7,9,77.8,0,2,1,0,0,https://fbref.com/en/players/cb9ec45d/Clement-Michelin-Clément Michelin,
7,Seko Fofana,https://fbref.com/en/players/5313ed43/Seko-Fofana,8,8,ci CIV,CM,25-311,90,0,0,0,0,1,0,1,0,44,0,1,0,0.0,0.0,0.0,1,1,27,38,71.1,4,29,3,6,3,https://fbref.com/en/players/5313ed43/Seko-Fofana-Seko Fofana,
8,Yannick Cahuzac,https://fbref.com/en/players/677ee102/Yannick-Cahuzac,18,18,fr FRA,CM,36-055,90,1,0,0,0,2,1,0,0,44,1,2,2,1.0,1.0,0.1,2,0,28,36,77.8,4,16,0,0,0,https://fbref.com/en/players/677ee102/Yannick-Cahuzac-Yannick Cahuzac,
9,Cheick Doucouré,https://fbref.com/en/players/ce4f40c7/Cheick-Doucoure,28,28,ml MLI,DM,21-065,90,0,0,0,0,3,2,0,0,42,4,1,0,0.1,0.1,0.1,5,0,29,30,96.7,6,19,0,2,1,https://fbref.com/en/players/ce4f40c7/Cheick-Doucoure-Cheick Doucouré,
10,Facundo Medina,https://fbref.com/en/players/6f5ec8bb/Facundo-Medina,14,14,ar ARG,CB,21-290,90,0,0,0,0,0,0,1,0,78,0,1,1,0.0,0.0,0.0,2,0,58,73,79.5,8,48,5,1,0,https://fbref.com/en/players/6f5ec8bb/Facundo-Medina-Facundo Medina,
11,Loïc Bade,https://fbref.com/en/players/114bbdee/Loic-Bade,4,4,fr FRA,CB,20-337,90,0,0,0,0,1,0,0,0,99,0,3,0,0.0,0.0,0.0,1,0,73,87,83.9,7,59,0,2,2,https://fbref.com/en/players/114bbdee/Loic-Bade-Loïc Bade,
12,Jonathan Gradit,https://fbref.com/en/players/06c48679/Jonathan-Gradit,24,24,fr FRA,CB,28-110,90,0,0,0,0,0,0,1,0,71,3,0,1,0.0,0.0,0.1,8,1,51,62,82.3,6,41,3,2,2,https://fbref.com/en/players/06c48679/Jonathan-Gradit-Jonathan Gradit,
13,Jean-Louis Leca,https://fbref.com/en/players/edbe46dc/Jean-Louis-Leca,16,16,fr FRA,GK,35-174,90,0,0,0,0,0,0,0,0,17,1,0,0,0.0,0.0,0.0,0,0,14,15,93.3,0,10,0,0,0,https://fbref.com/en/players/edbe46dc/Jean-Louis-Leca-Jean-Louis Leca,
