,Player Name,Player Number,Player,#,Nation,Pos,Age,Min,Touches,Def Pen,Def 3rd,Mid 3rd,Att 3rd,Att Pen,Live,Att,Succ,Succ%,Tkld,Tkld%,Carries,TotDist,PrgDist,PrgC,1/3,CPA,Mis,Dis,Rec,PrgR,Player Key,Player Link
0,Arnaud Kalimuendo,https://fbref.com/en/players/bf4c41f9/Arnaud-Kalimuendo,29,29,fr FRA,FW,19-053,69,25,1,2,5,20,3,25,3,2,66.7,1,33.3,17,85,60,3,1,2,5,3,23,9,https://fbref.com/en/players/bf4c41f9/Arnaud-Kalimuendo-Arnaud Kalimuendo,
1,Simon Banza,https://fbref.com/en/players/be47b750/Simon-Banza,23,23,cd COD,FW,24-213,21,14,0,1,5,9,3,14,2,0,0.0,2,100.0,7,18,2,0,0,0,1,1,12,3,https://fbref.com/en/players/be47b750/Simon-Banza-Simon Banza,
2,Florian Sotoca,https://fbref.com/en/players/7a42d0df/Florian-Sotoca,7,7,fr FRA,FW,30-140,69,32,0,1,18,13,3,32,0,0,,0,,18,89,11,0,0,0,1,3,26,4,https://fbref.com/en/players/7a42d0df/Florian-Sotoca-Florian Sotoca,
3,Gaël Kakuta,https://fbref.com/en/players/5b1bf5e3/Gael-Kakuta,10,10,cd COD,FW,29-266,21,18,0,0,6,12,1,18,2,0,0.0,2,100.0,11,29,9,0,2,0,2,0,15,2,https://fbref.com/en/players/5b1bf5e3/Gael-Kakuta-Gaël Kakuta,
4,Massadio Haïdara,https://fbref.com/en/players/5167c97e/Massadio-Haidara,21,21,ml MLI,LW,28-102,90,57,2,12,20,25,2,57,1,0,0.0,1,100.0,16,71,32,1,1,0,2,0,20,5,https://fbref.com/en/players/5167c97e/Massadio-Haidara-Massadio Haïdara,
5,Jonathan Clauss,https://fbref.com/en/players/5219ab4a/Jonathan-Clauss,11,11,fr FRA,RW,28-170,83,55,0,7,21,30,3,55,2,1,50.0,1,50.0,17,89,34,2,1,0,3,0,26,7,https://fbref.com/en/players/5219ab4a/Jonathan-Clauss-Jonathan Clauss,
6,Clément Michelin,https://fbref.com/en/players/cb9ec45d/Clement-Michelin,13,13,fr FRA,RW,23-307,7,9,0,1,1,7,0,9,0,0,,0,,2,53,53,1,1,0,0,0,4,1,https://fbref.com/en/players/cb9ec45d/Clement-Michelin-Clément Michelin,
7,Seko Fofana,https://fbref.com/en/players/5313ed43/Seko-Fofana,8,8,ci CIV,CM,25-311,90,44,1,2,21,24,4,44,6,3,50.0,3,50.0,29,243,128,3,4,1,0,1,32,7,https://fbref.com/en/players/5313ed43/Seko-Fofana-Seko Fofana,
8,Yannick Cahuzac,https://fbref.com/en/players/677ee102/Yannick-Cahuzac,18,18,fr FRA,CM,36-055,90,44,0,3,23,18,4,44,0,0,,0,,16,49,35,0,0,0,1,0,32,5,https://fbref.com/en/players/677ee102/Yannick-Cahuzac-Yannick Cahuzac,
9,Cheick Doucouré,https://fbref.com/en/players/ce4f40c7/Cheick-Doucoure,28,28,ml MLI,DM,21-065,90,42,0,6,27,9,0,42,2,1,50.0,1,50.0,19,72,44,0,1,0,1,0,22,1,https://fbref.com/en/players/ce4f40c7/Cheick-Doucoure-Cheick Doucouré,
10,Facundo Medina,https://fbref.com/en/players/6f5ec8bb/Facundo-Medina,14,14,ar ARG,CB,21-290,90,78,2,21,51,6,0,78,1,0,0.0,1,100.0,48,380,285,5,3,0,1,1,57,2,https://fbref.com/en/players/6f5ec8bb/Facundo-Medina-Facundo Medina,
11,Loïc Bade,https://fbref.com/en/players/114bbdee/Loic-Bade,4,4,fr FRA,CB,20-337,90,99,5,46,52,2,0,99,2,2,100.0,0,0.0,59,545,356,0,1,0,1,2,66,0,https://fbref.com/en/players/114bbdee/Loic-Bade-Loïc Bade,
12,Jonathan Gradit,https://fbref.com/en/players/06c48679/Jonathan-Gradit,24,24,fr FRA,CB,28-110,90,71,4,18,47,7,0,71,2,2,100.0,0,0.0,41,342,234,3,1,1,1,0,50,1,https://fbref.com/en/players/06c48679/Jonathan-Gradit-Jonathan Gradit,
13,Jean-Louis Leca,https://fbref.com/en/players/edbe46dc/Jean-Louis-Leca,16,16,fr FRA,GK,35-174,90,17,12,17,0,0,0,17,0,0,,0,,10,64,43,0,0,0,0,0,9,0,https://fbref.com/en/players/edbe46dc/Jean-Louis-Leca-Jean-Louis Leca,
