,Player Name,Player Number,Player,#,Nation,Pos,Age,Min,CrdY,CrdR,2CrdY,Fls,Fld,Off,Crs,Int,TklW,PKwon,PKcon,OG,Recov,Won,Lost,Won%,Player Key,Player Link
0,Arnaud Kalimuendo,https://fbref.com/en/players/bf4c41f9/Arnaud-Kalimuendo,29,29,fr FRA,FW,19-053,69,0,0,0,1,2,0,1,1,0,0,0,0,2,0,2,0.0,https://fbref.com/en/players/bf4c41f9/Arnaud-Kalimuendo-Arnaud Kalimuendo,
1,Simon Banza,https://fbref.com/en/players/be47b750/Simon-Banza,23,23,cd COD,FW,24-213,21,0,0,0,0,1,0,0,0,0,0,0,0,3,2,0,100.0,https://fbref.com/en/players/be47b750/Simon-Banza-Simon Banza,
2,Florian Sotoca,https://fbref.com/en/players/7a42d0df/Florian-Sotoca,7,7,fr FRA,FW,30-140,69,0,0,0,2,1,0,0,0,0,0,0,0,1,4,2,66.7,https://fbref.com/en/players/7a42d0df/Florian-Sotoca-Florian Sotoca,
3,Gaël Kakuta,https://fbref.com/en/players/5b1bf5e3/Gael-Kakuta,10,10,cd COD,FW,29-266,21,0,0,0,1,0,0,0,0,0,0,0,0,0,0,0,,https://fbref.com/en/players/5b1bf5e3/Gael-Kakuta-Gaël Kakuta,
4,Massadio Haïdara,https://fbref.com/en/players/5167c97e/Massadio-Haidara,21,21,ml MLI,LW,28-102,90,1,0,0,1,0,0,3,1,1,0,0,0,4,0,0,,https://fbref.com/en/players/5167c97e/Massadio-Haidara-Massadio Haïdara,
5,Jonathan Clauss,https://fbref.com/en/players/5219ab4a/Jonathan-Clauss,11,11,fr FRA,RW,28-170,83,0,0,0,2,0,0,9,3,0,0,0,0,4,0,2,0.0,https://fbref.com/en/players/5219ab4a/Jonathan-Clauss-Jonathan Clauss,
6,Clément Michelin,https://fbref.com/en/players/cb9ec45d/Clement-Michelin,13,13,fr FRA,RW,23-307,7,0,0,0,0,0,0,2,0,0,0,0,0,1,0,0,,https://fbref.com/en/players/cb9ec45d/Clement-Michelin-Clément Michelin,
7,Seko Fofana,https://fbref.com/en/players/5313ed43/Seko-Fofana,8,8,ci CIV,CM,25-311,90,1,0,0,1,0,0,4,1,0,0,0,0,7,0,0,,https://fbref.com/en/players/5313ed43/Seko-Fofana-Seko Fofana,
8,Yannick Cahuzac,https://fbref.com/en/players/677ee102/Yannick-Cahuzac,18,18,fr FRA,CM,36-055,90,0,0,0,1,1,0,4,2,1,0,0,0,3,0,1,0.0,https://fbref.com/en/players/677ee102/Yannick-Cahuzac-Yannick Cahuzac,
9,Cheick Doucouré,https://fbref.com/en/players/ce4f40c7/Cheick-Doucoure,28,28,ml MLI,DM,21-065,90,0,0,0,3,1,0,0,1,0,0,0,0,7,0,1,0.0,https://fbref.com/en/players/ce4f40c7/Cheick-Doucoure-Cheick Doucouré,
10,Facundo Medina,https://fbref.com/en/players/6f5ec8bb/Facundo-Medina,14,14,ar ARG,CB,21-290,90,1,0,0,2,0,0,1,1,0,0,1,0,7,3,1,75.0,https://fbref.com/en/players/6f5ec8bb/Facundo-Medina-Facundo Medina,
11,Loïc Bade,https://fbref.com/en/players/114bbdee/Loic-Bade,4,4,fr FRA,CB,20-337,90,0,0,0,1,1,0,0,3,0,0,0,0,7,3,1,75.0,https://fbref.com/en/players/114bbdee/Loic-Bade-Loïc Bade,
12,Jonathan Gradit,https://fbref.com/en/players/06c48679/Jonathan-Gradit,24,24,fr FRA,CB,28-110,90,1,0,0,2,1,0,2,0,2,0,0,0,6,3,0,100.0,https://fbref.com/en/players/06c48679/Jonathan-Gradit-Jonathan Gradit,
13,Jean-Louis Leca,https://fbref.com/en/players/edbe46dc/Jean-Louis-Leca,16,16,fr FRA,GK,35-174,90,0,0,0,0,0,0,0,0,1,0,0,0,0,0,0,,https://fbref.com/en/players/edbe46dc/Jean-Louis-Leca-Jean-Louis Leca,
