,Player Name,Player Number,Player,#,Nation,Pos,Age,Min,Tkl,TklW,Def 3rd,Mid 3rd,Att 3rd,Tkl,Att,Tkl%,Lost,Blocks,Sh,Pass,Int,Tkl+Int,Clr,Err,Player Key,Player Link
0,Farid Boulaya,https://fbref.com/en/players/a0791826/Farid-Boulaya,10,10,dz ALG,FW,28-017,90,2,1,0,2,0,1,3,33.3,2,1,0,1,0,2,1,0,https://fbref.com/en/players/a0791826/Farid-Boulaya-Farid Boulaya,
1,Vagner Gonçalves,https://fbref.com/en/players/743fd71f/Vagner-Goncalves,27,27,cv CPV,FW,25-063,75,0,0,0,0,0,0,1,0.0,1,0,0,0,0,0,0,1,https://fbref.com/en/players/743fd71f/Vagner-Goncalves-Vagner Gonçalves,
2,Thierry Ambrose,https://fbref.com/en/players/2945f4b7/Thierry-Ambrose,9,9,gp GLP,FW,23-351,15,0,0,0,0,0,0,2,0.0,2,0,0,0,0,0,0,0,https://fbref.com/en/players/2945f4b7/Thierry-Ambrose-Thierry Ambrose,
3,Matthieu Udol,https://fbref.com/en/players/cc41f558/Matthieu-Udol,3,3,fr FRA,LW,24-359,90,0,0,0,0,0,0,2,0.0,2,1,0,1,1,1,3,0,https://fbref.com/en/players/cc41f558/Matthieu-Udol-Matthieu Udol,
4,Thomas Delaine,https://fbref.com/en/players/8332db56/Thomas-Delaine,17,17,fr FRA,RW,28-355,90,3,1,2,0,1,2,2,100.0,0,1,0,1,2,5,1,0,https://fbref.com/en/players/8332db56/Thomas-Delaine-Thomas Delaine,
5,Pape Matar Sarr,https://fbref.com/en/players/feb5d972/Pape-Matar-Sarr,15,15,sn SEN,CM,18-181,90,2,0,1,1,0,1,2,50.0,1,2,1,1,0,2,1,0,https://fbref.com/en/players/feb5d972/Pape-Matar-Sarr-Pape Matar Sarr,
6,Habib Maïga,https://fbref.com/en/players/e768de1f/Habib-Maiga,19,19,ci CIV,CM,25-072,90,4,2,2,2,0,2,4,50.0,2,4,1,3,1,5,3,0,https://fbref.com/en/players/e768de1f/Habib-Maiga-Habib Maïga,
7,Vincent Pajot,https://fbref.com/en/players/f86ca403/Vincent-Pajot,14,14,fr FRA,DM,30-207,90,2,1,1,1,0,0,0,,0,1,0,1,4,6,1,0,https://fbref.com/en/players/f86ca403/Vincent-Pajot-Vincent Pajot,
8,John Boye,https://fbref.com/en/players/861227d2/John-Boye,21,21,gh GHA,CB,33-325,90,3,3,2,1,0,3,3,100.0,0,0,0,0,1,4,9,0,https://fbref.com/en/players/861227d2/John-Boye-John Boye,
9,Dylan Bronn,https://fbref.com/en/players/edd81e2a/Dylan-Bronn,2,2,tn TUN,CB,25-268,90,1,0,1,0,0,0,1,0.0,1,2,0,2,0,1,3,0,https://fbref.com/en/players/edd81e2a/Dylan-Bronn-Dylan Bronn,
10,Mamadou Fofana,https://fbref.com/en/players/4c4ffacc/Mamadou-Fofana,6,6,ml MLI,CB,23-052,90,6,5,5,1,0,3,3,100.0,0,1,0,1,2,8,10,0,https://fbref.com/en/players/4c4ffacc/Mamadou-Fofana-Mamadou Fofana,
11,Marc-Aurèle Caillard,https://fbref.com/en/players/5ee6e943/Marc-Aurele-Caillard,30,30,fr FRA,GK,26-306,90,0,0,0,0,0,0,0,,0,0,0,0,0,0,1,0,https://fbref.com/en/players/5ee6e943/Marc-Aurele-Caillard-Marc-Aurèle Caillard,
