,Player Name,Player Number,Player,#,Nation,Pos,Age,Min,Gls,Ast,PK,PKatt,Sh,SoT,CrdY,CrdR,Touches,Tkl,Int,Blocks,xG,npxG,xAG,SCA,GCA,Cmp,Att,Cmp%,PrgP,Carries,PrgC,Att,Succ,Player Key,Player Link
0,Farid Boulaya,https://fbref.com/en/players/a0791826/Farid-Boulaya,10,10,dz ALG,FW,28-017,90,0,0,0,0,1,0,0,0,57,2,0,1,0.0,0.0,0.0,1,0,35,48,72.9,3,34,2,2,2,https://fbref.com/en/players/a0791826/Farid-Boulaya-Farid Boulaya,
1,Vagner Gonçalves,https://fbref.com/en/players/743fd71f/Vagner-Goncalves,27,27,cv CPV,FW,25-063,75,1,0,1,1,2,0,1,0,19,0,0,0,1.4,0.6,0.0,1,1,8,11,72.7,0,13,0,0,0,https://fbref.com/en/players/743fd71f/Vagner-Goncalves-Vagner Gonçalves,
2,Thierry Ambrose,https://fbref.com/en/players/2945f4b7/Thierry-Ambrose,9,9,gp GLP,FW,23-351,15,0,0,0,0,0,0,0,0,6,0,0,0,0.0,0.0,0.0,0,0,4,4,100.0,1,5,0,2,1,https://fbref.com/en/players/2945f4b7/Thierry-Ambrose-Thierry Ambrose,
3,Matthieu Udol,https://fbref.com/en/players/cc41f558/Matthieu-Udol,3,3,fr FRA,LW,24-359,90,0,0,0,0,0,0,0,0,48,0,1,1,0.0,0.0,0.0,1,0,29,38,76.3,2,23,0,1,0,https://fbref.com/en/players/cc41f558/Matthieu-Udol-Matthieu Udol,
4,Thomas Delaine,https://fbref.com/en/players/8332db56/Thomas-Delaine,17,17,fr FRA,RW,28-355,90,1,0,0,0,2,2,0,0,59,3,2,1,0.1,0.1,0.0,1,0,31,47,66.0,0,31,5,4,3,https://fbref.com/en/players/8332db56/Thomas-Delaine-Thomas Delaine,
5,Pape Matar Sarr,https://fbref.com/en/players/feb5d972/Pape-Matar-Sarr,15,15,sn SEN,CM,18-181,90,0,0,0,0,0,0,1,0,48,2,0,2,0.0,0.0,0.0,1,0,32,37,86.5,2,33,2,2,1,https://fbref.com/en/players/feb5d972/Pape-Matar-Sarr-Pape Matar Sarr,
6,Habib Maïga,https://fbref.com/en/players/e768de1f/Habib-Maiga,19,19,ci CIV,CM,25-072,90,0,0,0,0,0,0,0,0,53,4,1,4,0.0,0.0,0.0,4,1,30,39,76.9,4,29,1,1,1,https://fbref.com/en/players/e768de1f/Habib-Maiga-Habib Maïga,
7,Vincent Pajot,https://fbref.com/en/players/f86ca403/Vincent-Pajot,14,14,fr FRA,DM,30-207,90,0,0,0,0,1,1,0,0,51,2,4,1,0.1,0.1,0.0,0,0,33,42,78.6,4,29,2,0,0,https://fbref.com/en/players/f86ca403/Vincent-Pajot-Vincent Pajot,
8,John Boye,https://fbref.com/en/players/861227d2/John-Boye,21,21,gh GHA,CB,33-325,90,0,0,0,0,0,0,1,0,61,3,1,0,0.0,0.0,0.0,0,0,40,48,83.3,2,29,0,0,0,https://fbref.com/en/players/861227d2/John-Boye-John Boye,
9,Dylan Bronn,https://fbref.com/en/players/edd81e2a/Dylan-Bronn,2,2,tn TUN,CB,25-268,90,0,0,0,0,0,0,0,0,57,1,0,2,0.0,0.0,0.0,1,0,46,49,93.9,0,37,0,1,1,https://fbref.com/en/players/edd81e2a/Dylan-Bronn-Dylan Bronn,
10,Mamadou Fofana,https://fbref.com/en/players/4c4ffacc/Mamadou-Fofana,6,6,ml MLI,CB,23-052,90,0,0,0,0,0,0,0,0,70,6,2,1,0.0,0.0,0.0,0,0,44,50,88.0,0,36,0,0,0,https://fbref.com/en/players/4c4ffacc/Mamadou-Fofana-Mamadou Fofana,
11,Marc-Aurèle Caillard,https://fbref.com/en/players/5ee6e943/Marc-Aurele-Caillard,30,30,fr FRA,GK,26-306,90,0,0,0,0,0,0,0,0,34,0,0,0,0.0,0.0,0.0,0,0,18,31,58.1,0,14,0,0,0,https://fbref.com/en/players/5ee6e943/Marc-Aurele-Caillard-Marc-Aurèle Caillard,
