,Player Name,Player Number,Player,#,Nation,Pos,Age,Min,Touches,Def Pen,Def 3rd,Mid 3rd,Att 3rd,Att Pen,Live,Att,Succ,Succ%,Tkld,Tkld%,Carries,TotDist,PrgDist,PrgC,1/3,CPA,Mis,Dis,Rec,PrgR,Player Key,Player Link
0,Farid Boulaya,https://fbref.com/en/players/a0791826/Farid-Boulaya,10,10,dz ALG,FW,28-017,90,57,1,8,39,11,1,57,2,2,100.0,0,0.0,34,241,109,2,0,0,1,2,40,2,https://fbref.com/en/players/a0791826/Farid-Boulaya-Farid Boulaya,
1,Vagner Gonçalves,https://fbref.com/en/players/743fd71f/Vagner-Goncalves,27,27,cv CPV,FW,25-063,75,19,0,0,9,10,2,18,0,0,,0,,13,45,7,0,1,0,4,3,14,1,https://fbref.com/en/players/743fd71f/Vagner-Goncalves-Vagner Gonçalves,
2,Thierry Ambrose,https://fbref.com/en/players/2945f4b7/Thierry-Ambrose,9,9,gp GLP,FW,23-351,15,6,0,0,3,3,0,6,2,1,50.0,1,50.0,5,21,4,0,0,0,1,0,4,1,https://fbref.com/en/players/2945f4b7/Thierry-Ambrose-Thierry Ambrose,
3,Matthieu Udol,https://fbref.com/en/players/cc41f558/Matthieu-Udol,3,3,fr FRA,LW,24-359,90,48,1,27,12,9,1,48,1,0,0.0,1,100.0,23,84,39,0,1,0,3,0,28,4,https://fbref.com/en/players/cc41f558/Matthieu-Udol-Matthieu Udol,
4,Thomas Delaine,https://fbref.com/en/players/8332db56/Thomas-Delaine,17,17,fr FRA,RW,28-355,90,59,2,16,24,20,1,59,4,3,75.0,1,25.0,31,221,129,5,3,1,2,1,36,6,https://fbref.com/en/players/8332db56/Thomas-Delaine-Thomas Delaine,
5,Pape Matar Sarr,https://fbref.com/en/players/feb5d972/Pape-Matar-Sarr,15,15,sn SEN,CM,18-181,90,48,2,12,27,10,1,48,2,1,50.0,1,50.0,33,199,94,2,2,0,2,0,37,2,https://fbref.com/en/players/feb5d972/Pape-Matar-Sarr-Pape Matar Sarr,
6,Habib Maïga,https://fbref.com/en/players/e768de1f/Habib-Maiga,19,19,ci CIV,CM,25-072,90,53,4,13,36,6,1,53,1,1,100.0,0,0.0,29,142,58,1,0,0,3,1,31,1,https://fbref.com/en/players/e768de1f/Habib-Maiga-Habib Maïga,
7,Vincent Pajot,https://fbref.com/en/players/f86ca403/Vincent-Pajot,14,14,fr FRA,DM,30-207,90,51,0,18,29,4,1,51,0,0,,0,,29,121,52,2,0,0,1,0,34,0,https://fbref.com/en/players/f86ca403/Vincent-Pajot-Vincent Pajot,
8,John Boye,https://fbref.com/en/players/861227d2/John-Boye,21,21,gh GHA,CB,33-325,90,61,9,42,19,0,0,61,0,0,,0,,29,90,26,0,0,0,0,0,35,0,https://fbref.com/en/players/861227d2/John-Boye-John Boye,
9,Dylan Bronn,https://fbref.com/en/players/edd81e2a/Dylan-Bronn,2,2,tn TUN,CB,25-268,90,57,6,34,23,0,0,57,1,1,100.0,0,0.0,37,152,111,0,0,0,0,0,40,0,https://fbref.com/en/players/edd81e2a/Dylan-Bronn-Dylan Bronn,
10,Mamadou Fofana,https://fbref.com/en/players/4c4ffacc/Mamadou-Fofana,6,6,ml MLI,CB,23-052,90,70,10,47,22,1,0,70,0,0,,0,,36,178,117,0,0,0,0,0,44,0,https://fbref.com/en/players/4c4ffacc/Mamadou-Fofana-Mamadou Fofana,
11,Marc-Aurèle Caillard,https://fbref.com/en/players/5ee6e943/Marc-Aurele-Caillard,30,30,fr FRA,GK,26-306,90,34,31,34,0,0,0,34,0,0,,0,,14,108,96,0,0,0,0,0,6,0,https://fbref.com/en/players/5ee6e943/Marc-Aurele-Caillard-Marc-Aurèle Caillard,
