,Minute,Player,Squad,xG,PSxG,Outcome,Distance,Body Part,Notes,SCA 1 Player,SCA 1 Event,SCA 2 Player,SCA 2 Event
0,9,Vincent Pajot,Metz,0.06,0.39,Saved,11,Head,Deflected,,,,
1,13,Jonathan Clauss,Lens,0.04,0.22,Goal,32,Right Foot,"Free kick, Deflected",Florian Sotoca,Fouled,Jonathan Gradit,Pass (Live)
2,27,Vagner Gonçalves(pen),Metz,0.79,0.87,Goal,13,Right Foot,,Habib Maïga,Fouled,,
3,29,Cheick Doucouré,Lens,0.03,0.02,Saved,27,Right Foot,,Arnaud Kalimuendo,Interception,,
4,30,Vagner Gonçalves,Metz,0.54,,Woodwork,9,Right Foot,,Pape Matar Sarr,Pass (Live),Matthieu Udol,Pass (Live)
5,35,Florian Sotoca,Lens,0.05,,Off Target,21,Right Foot,,Loïc Bade,Pass (Live),Jonathan Clauss,Pass (Live)
6,36,Yannick Cahuzac,Lens,0.56,0.63,Goal,6,Left Foot,,Arnaud Kalimuendo,Pass (Live),Seko Fofana,Pass (Live)
7,43,Arnaud Kalimuendo,Lens,0.03,0.01,Saved,26,Left Foot,,Cheick Doucouré,Pass (Live),,
8,,,,,,,,,,,,,
9,49,Florian Sotoca,Lens,0.07,,Off Target,10,Head,,Yannick Cahuzac,Pass (Live),Jonathan Clauss,Pass (Live)
10,51,Jonathan Clauss,Lens,0.05,,Off Target,32,Right Foot,Free kick,Jonathan Gradit,Fouled,Jonathan Gradit,Pass (Live)
11,57,Farid Boulaya,Metz,0.04,,Blocked,24,Right Foot,Volley,Habib Maïga,Pass (Live),Dylan Bronn,Pass (Live)
12,57,Vagner Gonçalves,Metz,0.05,,Blocked,20,Left Foot,Volley,Habib Maïga,Pass (Live),Farid Boulaya,Shot
13,57,Thomas Delaine,Metz,0.03,0.61,Goal,22,Left Foot,,Vagner Gonçalves,Shot,,
14,60,Cheick Doucouré,Lens,0.03,0.05,Saved,29,Right Foot,,Jonathan Gradit,Pass (Live),Jonathan Gradit,Take-On
15,75,Gaël Kakuta,Lens,0.02,0.13,Saved,33,Left Foot,,Cheick Doucouré,Pass (Live),Facundo Medina,Pass (Live)
16,77,Cheick Doucouré,Lens,0.04,,Blocked,22,Right Foot,,Massadio Haïdara,Pass (Live),Cheick Doucouré,Pass (Live)
17,77,Seko Fofana,Lens,0.03,,Off Target,24,Right Foot,,Jonathan Gradit,Pass (Live),Jonathan Gradit,Tackle
18,80,Gaël Kakuta,Lens,0.71,,Off Target,4,Head,,Jonathan Clauss,Pass (Live),Cheick Doucouré,Pass (Live)
19,83,Gaël Kakuta,Lens,0.06,,Off Target,29,Left Foot,Free kick,Cheick Doucouré,Fouled,Jonathan Clauss,Take-On
20,87,Thomas Delaine,Metz,0.03,0.02,Saved,21,Left Foot,,Thomas Delaine,Take-On,Habib Maïga,Pass (Live)
21,90+2,Yannick Cahuzac,Lens,0.42,,Woodwork,4,Head,,Clément Michelin,Pass (Dead),Yannick Cahuzac,Pass (Live)
22,90+2,Loïc Bade,Lens,0.03,,Blocked,21,Right Foot,,Facundo Medina,Pass (Live),Jonathan Gradit,Take-On
23,90+2,Simon Banza,Lens,0.13,,Off Target,8,Head,,Clément Michelin,Pass (Live),Massadio Haïdara,Pass (Dead)
