,Player Name,Player Number,Player,#,Nation,Pos,Age,Min,Att,Live,Dead,FK,TB,Sw,Crs,TI,CK,In,Out,Str,Cmp,Off,Blocks,Player Key,Player Link
0,Shane Long,https://fbref.com/en/players/9f472354/Shane-Long,12,12,ie IRL,FW,34-029,90,19,19,0,0,0,0,0,0,0,0,0,0,10,0,0,https://fbref.com/en/players/9f472354/Shane-Long-Shane Long,
1,Jack Wilshere,https://fbref.com/en/players/9c318325/Jack-Wilshere,11,11,eng ENG,AM,29-050,66,37,35,2,0,0,0,1,1,0,0,0,0,31,0,2,https://fbref.com/en/players/9c318325/Jack-Wilshere-Jack Wilshere,
2,Sam Surridge,https://fbref.com/en/players/b017b770/Sam-Surridge,14,14,eng ENG,AM,22-207,24,4,3,1,0,0,0,0,0,0,0,0,0,3,0,0,https://fbref.com/en/players/b017b770/Sam-Surridge-Sam Surridge,
3,Philip Billing,https://fbref.com/en/players/d328a254/Philip-Billing,29,29,dk DEN,AM,24-254,90,43,43,0,0,0,0,0,0,0,0,0,0,31,0,0,https://fbref.com/en/players/d328a254/Philip-Billing-Philip Billing,
4,Jefferson Lerma,https://fbref.com/en/players/9b5ce51a/Jefferson-Lerma,8,8,co COL,CM,26-118,90,66,63,2,2,2,0,0,0,0,0,0,0,53,1,1,https://fbref.com/en/players/9b5ce51a/Jefferson-Lerma-Jefferson Lerma,
5,Lewis Cook,https://fbref.com/en/players/2afc7272/Lewis-Cook,16,16,eng ENG,CM,24-017,85,51,43,6,4,0,1,2,1,0,0,0,0,39,2,1,https://fbref.com/en/players/2afc7272/Lewis-Cook-Lewis Cook,
6,Arnaut Danjuma,https://fbref.com/en/players/f08490a6/Arnaut-Danjuma,10,10,nl NED,CM,24-020,5,0,0,0,0,0,0,0,0,0,0,0,0,0,0,0,https://fbref.com/en/players/f08490a6/Arnaut-Danjuma-Arnaut Danjuma,
7,Junior Stanislas,https://fbref.com/en/players/6992791d/Junior-Stanislas,19,19,eng ENG,WB,31-086,90,71,58,13,1,0,1,4,9,3,1,1,0,59,0,0,https://fbref.com/en/players/6992791d/Junior-Stanislas-Junior Stanislas,
8,Adam Smith,https://fbref.com/en/players/20b104bc/Adam-Smith,15,15,eng ENG,WB,29-297,90,44,39,5,0,0,0,0,5,0,0,0,0,36,0,0,https://fbref.com/en/players/20b104bc/Adam-Smith-Adam Smith,
9,Lloyd Kelly,https://fbref.com/en/players/f31def1e/Lloyd-Kelly,5,5,eng ENG,CB,22-137,90,89,79,9,3,0,1,1,6,0,0,0,0,67,1,3,https://fbref.com/en/players/f31def1e/Lloyd-Kelly-Lloyd Kelly,
10,Cameron Carter-Vickers,https://fbref.com/en/players/88ced02c/Cameron-Carter-Vickers,18,18,us USA,CB,23-051,90,57,56,1,1,0,0,0,0,0,0,0,0,54,0,0,https://fbref.com/en/players/88ced02c/Cameron-Carter-Vickers-Cameron Carter-Vickers,
11,Chris Mepham,https://fbref.com/en/players/fed96827/Chris-Mepham,6,6,wls WAL,CB,23-107,90,68,64,4,3,0,1,0,1,0,0,0,0,49,0,1,https://fbref.com/en/players/fed96827/Chris-Mepham-Chris Mepham,
12,Asmir Begović,https://fbref.com/en/players/7b4de647/Asmir-Begovic,1,1,ba BIH,GK,33-245,90,43,33,10,1,0,0,0,0,0,0,0,0,28,0,1,https://fbref.com/en/players/7b4de647/Asmir-Begovic-Asmir Begović,
