,Player Name,Player Number,Player,#,Nation,Pos,Age,Min,Touches,Def Pen,Def 3rd,Mid 3rd,Att 3rd,Att Pen,Live,Att,Succ,Succ%,Tkld,Tkld%,Carries,TotDist,PrgDist,PrgC,1/3,CPA,Mis,Dis,Rec,PrgR,Player Key,Player Link
0,Shane Long,https://fbref.com/en/players/9f472354/Shane-Long,12,12,ie IRL,FW,34-029,90,30,1,3,14,13,5,30,0,0,,0,,18,65,32,1,0,0,4,0,22,7,https://fbref.com/en/players/9f472354/Shane-Long-Shane Long,
1,Jack Wilshere,https://fbref.com/en/players/9c318325/Jack-Wilshere,11,11,eng ENG,AM,29-050,66,41,0,7,23,12,3,41,0,0,,0,,31,209,104,2,1,1,0,0,33,2,https://fbref.com/en/players/9c318325/Jack-Wilshere-Jack Wilshere,
2,Sam Surridge,https://fbref.com/en/players/b017b770/Sam-Surridge,14,14,eng ENG,AM,22-207,24,7,1,2,1,4,1,7,0,0,,0,,2,53,0,0,0,0,0,0,3,1,https://fbref.com/en/players/b017b770/Sam-Surridge-Sam Surridge,
3,Philip Billing,https://fbref.com/en/players/d328a254/Philip-Billing,29,29,dk DEN,AM,24-254,90,57,0,12,27,20,3,57,1,1,100.0,0,0.0,37,211,120,2,2,1,6,1,46,9,https://fbref.com/en/players/d328a254/Philip-Billing-Philip Billing,
4,Jefferson Lerma,https://fbref.com/en/players/9b5ce51a/Jefferson-Lerma,8,8,co COL,CM,26-118,90,71,6,30,34,8,0,71,2,2,100.0,0,0.0,39,132,54,0,2,0,0,0,45,0,https://fbref.com/en/players/9b5ce51a/Jefferson-Lerma-Jefferson Lerma,
5,Lewis Cook,https://fbref.com/en/players/2afc7272/Lewis-Cook,16,16,eng ENG,CM,24-017,85,59,2,19,30,11,1,59,1,1,100.0,0,0.0,37,219,140,3,2,1,0,3,42,0,https://fbref.com/en/players/2afc7272/Lewis-Cook-Lewis Cook,
6,Arnaut Danjuma,https://fbref.com/en/players/f08490a6/Arnaut-Danjuma,10,10,nl NED,CM,24-020,5,3,0,1,0,2,0,3,2,1,50.0,1,50.0,1,40,32,1,1,0,1,0,2,0,https://fbref.com/en/players/f08490a6/Arnaut-Danjuma-Arnaut Danjuma,
7,Junior Stanislas,https://fbref.com/en/players/6992791d/Junior-Stanislas,19,19,eng ENG,WB,31-086,90,78,3,26,30,23,3,78,2,2,100.0,0,0.0,43,253,133,3,2,0,0,2,47,7,https://fbref.com/en/players/6992791d/Junior-Stanislas-Junior Stanislas,
8,Adam Smith,https://fbref.com/en/players/20b104bc/Adam-Smith,15,15,eng ENG,WB,29-297,90,53,1,19,16,19,1,53,2,1,50.0,1,50.0,40,234,112,2,4,0,1,0,40,4,https://fbref.com/en/players/20b104bc/Adam-Smith-Adam Smith,
9,Lloyd Kelly,https://fbref.com/en/players/f31def1e/Lloyd-Kelly,5,5,eng ENG,CB,22-137,90,98,5,59,29,10,1,98,0,0,,0,,68,274,149,1,1,0,1,2,65,1,https://fbref.com/en/players/f31def1e/Lloyd-Kelly-Lloyd Kelly,
10,Cameron Carter-Vickers,https://fbref.com/en/players/88ced02c/Cameron-Carter-Vickers,18,18,us USA,CB,23-051,90,63,8,47,18,0,0,63,1,1,100.0,0,0.0,42,155,56,0,0,0,0,0,45,0,https://fbref.com/en/players/88ced02c/Cameron-Carter-Vickers-Cameron Carter-Vickers,
11,Chris Mepham,https://fbref.com/en/players/fed96827/Chris-Mepham,6,6,wls WAL,CB,23-107,90,73,8,42,30,1,0,73,0,0,,0,,43,148,47,0,0,0,0,0,46,0,https://fbref.com/en/players/fed96827/Chris-Mepham-Chris Mepham,
12,Asmir Begović,https://fbref.com/en/players/7b4de647/Asmir-Begovic,1,1,ba BIH,GK,33-245,90,45,43,45,0,0,0,45,0,0,,0,,30,114,70,0,0,0,0,0,20,0,https://fbref.com/en/players/7b4de647/Asmir-Begovic-Asmir Begović,
