,Player Name,Player Number,Player,#,Nation,Pos,Age,Min,Touches,Def Pen,Def 3rd,Mid 3rd,Att 3rd,Att Pen,Live,Att,Succ,Succ%,Tkld,Tkld%,Carries,TotDist,PrgDist,PrgC,1/3,CPA,Mis,Dis,Rec,PrgR,Player Key,Player Link
0,Lyndon Dykes,https://fbref.com/en/players/cd92357a/Lyndon-Dykes,9,9,sct SCO,FW,25-136,71,19,0,1,5,13,2,19,1,0,0.0,1,100.0,7,51,41,1,2,0,0,0,13,3,https://fbref.com/en/players/cd92357a/Lyndon-Dykes-Lyndon Dykes,
1,Macauley Bonne,https://fbref.com/en/players/9ca8b21c/Macauley-Bonne,7,7,zw ZIM,FW,25-117,19,6,0,0,1,5,4,6,1,0,0.0,1,100.0,3,16,15,0,0,0,0,0,3,3,https://fbref.com/en/players/9ca8b21c/Macauley-Bonne-Macauley Bonne,
2,Charlie Austin,https://fbref.com/en/players/8d228291/Charlie-Austin,45,45,eng ENG,FW,31-230,58,19,0,1,10,8,3,19,1,0,0.0,1,100.0,11,25,13,0,0,0,2,1,8,1,https://fbref.com/en/players/8d228291/Charlie-Austin-Charlie Austin,
3,Sam Field,https://fbref.com/en/players/bd8a7d05/Sam-Field,15,15,eng ENG,FW,22-288,32,14,0,4,10,1,0,14,1,1,100.0,0,0.0,8,35,15,0,1,0,0,0,6,1,https://fbref.com/en/players/bd8a7d05/Sam-Field-Sam Field,
4,Ilias Chair,https://fbref.com/en/players/ad7873cb/Ilias-Chair,10,10,ma MAR,AM,23-113,71,35,0,1,18,17,1,35,0,0,,0,,28,211,118,2,3,0,0,1,27,6,https://fbref.com/en/players/ad7873cb/Ilias-Chair-Ilias Chair,
5,Albert Adomah,https://fbref.com/en/players/c7174e81/Albert-Adomah,37,37,gh GHA,AM,33-069,19,11,0,0,5,6,2,11,0,0,,0,,6,46,5,0,0,1,0,1,6,2,https://fbref.com/en/players/c7174e81/Albert-Adomah-Albert Adomah,
6,Dominic Ball,https://fbref.com/en/players/79d61875/Dominic-Ball,12,12,eng ENG,CM,25-202,90,57,0,9,41,9,0,57,1,1,100.0,0,0.0,35,161,78,2,2,0,2,1,35,6,https://fbref.com/en/players/79d61875/Dominic-Ball-Dominic Ball,
7,Stefan Johansen,https://fbref.com/en/players/a48da055/Stefan-Johansen,14,14,no NOR,CM,30-043,58,40,0,7,27,7,1,40,0,0,,0,,28,110,47,2,0,1,1,0,26,0,https://fbref.com/en/players/a48da055/Stefan-Johansen-Stefan Johansen,
8,Chris Willock,https://fbref.com/en/players/be0bd828/Chris-Willock,21,21,eng ENG,CM,23-020,32,15,0,0,10,5,0,15,0,0,,0,,9,51,40,1,1,0,3,0,10,1,https://fbref.com/en/players/be0bd828/Chris-Willock-Chris Willock,
9,Lee Wallace,https://fbref.com/en/players/c3a396e2/Lee-Wallace,3,3,sct SCO,WB,33-203,58,26,1,13,1,12,0,26,1,1,100.0,0,0.0,14,55,36,1,1,0,0,0,17,8,https://fbref.com/en/players/c3a396e2/Lee-Wallace-Lee Wallace,
10,Niko Hämäläinen,https://fbref.com/en/players/4435db1e/Niko-Hamalainen,25,25,fi FIN,WB,23-352,32,13,0,6,4,3,0,13,0,0,,0,,6,13,7,0,0,0,0,0,6,0,https://fbref.com/en/players/4435db1e/Niko-Hamalainen-Niko Hämäläinen,
11,Todd Kane,https://fbref.com/en/players/dd082c59/Todd-Kane,2,2,eng ENG,WB,27-156,90,46,3,16,15,15,1,46,0,0,,0,,23,44,21,0,0,0,0,0,26,3,https://fbref.com/en/players/dd082c59/Todd-Kane-Todd Kane,
12,Yoann Barbet,https://fbref.com/en/players/c52bbd2c/Yoann-Barbet,6,6,fr FRA,CB,27-286,90,73,2,40,24,9,1,73,0,0,,0,,48,182,92,1,1,0,0,0,49,2,https://fbref.com/en/players/c52bbd2c/Yoann-Barbet-Yoann Barbet,
13,Geoff Cameron,https://fbref.com/en/players/1a160ea3/Geoff-Cameron,20,20,us USA,CB,35-224,90,59,4,35,22,2,1,59,0,0,,0,,34,150,74,0,0,0,2,1,30,0,https://fbref.com/en/players/1a160ea3/Geoff-Cameron-Geoff Cameron,
14,Robert Dickie,https://fbref.com/en/players/c7dfc411/Robert-Dickie,4,4,eng ENG,CB,24-354,90,81,6,46,34,3,0,81,1,1,100.0,0,0.0,55,217,108,0,1,0,0,3,51,0,https://fbref.com/en/players/c7dfc411/Robert-Dickie-Robert Dickie,
15,Seny Dieng,https://fbref.com/en/players/c135cddd/Seny-Dieng,13,13,sn SEN,GK,26-089,90,36,34,36,0,0,0,36,0,0,,0,,27,104,70,0,0,0,0,0,19,0,https://fbref.com/en/players/c135cddd/Seny-Dieng-Seny Dieng,
