,Player Name,Player Number,Player,#,Nation,Pos,Age,Min,Tkl,TklW,Def 3rd,Mid 3rd,Att 3rd,Tkl,Att,Tkl%,Lost,Blocks,Sh,Pass,Int,Tkl+Int,Clr,Err,Player Key,Player Link
0,Lyndon Dykes,https://fbref.com/en/players/cd92357a/Lyndon-Dykes,9,9,sct SCO,FW,25-136,71,0,0,0,0,0,0,2,0.0,2,1,0,1,0,0,0,0,https://fbref.com/en/players/cd92357a/Lyndon-Dykes-Lyndon Dykes,
1,Macauley Bonne,https://fbref.com/en/players/9ca8b21c/Macauley-Bonne,7,7,zw ZIM,FW,25-117,19,0,0,0,0,0,0,0,,0,0,0,0,0,0,0,0,https://fbref.com/en/players/9ca8b21c/Macauley-Bonne-Macauley Bonne,
2,Charlie Austin,https://fbref.com/en/players/8d228291/Charlie-Austin,45,45,eng ENG,FW,31-230,58,1,0,0,1,0,0,0,,0,1,0,1,0,1,0,0,https://fbref.com/en/players/8d228291/Charlie-Austin-Charlie Austin,
3,Sam Field,https://fbref.com/en/players/bd8a7d05/Sam-Field,15,15,eng ENG,FW,22-288,32,1,1,1,0,0,0,1,0.0,1,0,0,0,1,2,0,0,https://fbref.com/en/players/bd8a7d05/Sam-Field-Sam Field,
4,Ilias Chair,https://fbref.com/en/players/ad7873cb/Ilias-Chair,10,10,ma MAR,AM,23-113,71,1,0,0,0,1,0,1,0.0,1,1,0,1,0,1,0,0,https://fbref.com/en/players/ad7873cb/Ilias-Chair-Ilias Chair,
5,Albert Adomah,https://fbref.com/en/players/c7174e81/Albert-Adomah,37,37,gh GHA,AM,33-069,19,2,0,0,1,1,0,0,,0,0,0,0,0,2,0,0,https://fbref.com/en/players/c7174e81/Albert-Adomah-Albert Adomah,
6,Dominic Ball,https://fbref.com/en/players/79d61875/Dominic-Ball,12,12,eng ENG,CM,25-202,90,3,3,1,1,1,1,2,50.0,1,1,0,1,4,7,0,0,https://fbref.com/en/players/79d61875/Dominic-Ball-Dominic Ball,
7,Stefan Johansen,https://fbref.com/en/players/a48da055/Stefan-Johansen,14,14,no NOR,CM,30-043,58,0,0,0,0,0,0,0,,0,1,0,1,2,2,0,0,https://fbref.com/en/players/a48da055/Stefan-Johansen-Stefan Johansen,
8,Chris Willock,https://fbref.com/en/players/be0bd828/Chris-Willock,21,21,eng ENG,CM,23-020,32,0,0,0,0,0,0,0,,0,2,0,2,0,0,0,0,https://fbref.com/en/players/be0bd828/Chris-Willock-Chris Willock,
9,Lee Wallace,https://fbref.com/en/players/c3a396e2/Lee-Wallace,3,3,sct SCO,WB,33-203,58,0,0,0,0,0,0,0,,0,0,0,0,0,0,2,0,https://fbref.com/en/players/c3a396e2/Lee-Wallace-Lee Wallace,
10,Niko Hämäläinen,https://fbref.com/en/players/4435db1e/Niko-Hamalainen,25,25,fi FIN,WB,23-352,32,0,0,0,0,0,0,0,,0,0,0,0,0,0,0,0,https://fbref.com/en/players/4435db1e/Niko-Hamalainen-Niko Hämäläinen,
11,Todd Kane,https://fbref.com/en/players/dd082c59/Todd-Kane,2,2,eng ENG,WB,27-156,90,0,0,0,0,0,0,1,0.0,1,3,1,2,1,1,0,0,https://fbref.com/en/players/dd082c59/Todd-Kane-Todd Kane,
12,Yoann Barbet,https://fbref.com/en/players/c52bbd2c/Yoann-Barbet,6,6,fr FRA,CB,27-286,90,2,1,1,1,0,1,1,100.0,0,0,0,0,1,3,0,0,https://fbref.com/en/players/c52bbd2c/Yoann-Barbet-Yoann Barbet,
13,Geoff Cameron,https://fbref.com/en/players/1a160ea3/Geoff-Cameron,20,20,us USA,CB,35-224,90,0,0,0,0,0,0,2,0.0,2,1,1,0,0,0,2,0,https://fbref.com/en/players/1a160ea3/Geoff-Cameron-Geoff Cameron,
14,Robert Dickie,https://fbref.com/en/players/c7dfc411/Robert-Dickie,4,4,eng ENG,CB,24-354,90,0,0,0,0,0,0,1,0.0,1,0,0,0,1,1,5,0,https://fbref.com/en/players/c7dfc411/Robert-Dickie-Robert Dickie,
15,Seny Dieng,https://fbref.com/en/players/c135cddd/Seny-Dieng,13,13,sn SEN,GK,26-089,90,0,0,0,0,0,0,0,,0,0,0,0,0,0,0,0,https://fbref.com/en/players/c135cddd/Seny-Dieng-Seny Dieng,
