,Minute,Player,Squad,xG,PSxG,Outcome,Distance,Body Part,Notes,SCA 1 Player,SCA 1 Event,SCA 2 Player,SCA 2 Event
0,6,Philip Billing,Bournemouth,0.07,0.28,Saved,11,Left Foot,,Jack Wilshere,Pass (Live),,
1,18,Shane Long,Bournemouth,0.43,0.62,Saved,11,Right Foot,,Jefferson Lerma,Pass (Live),Chris Mepham,Pass (Live)
2,20,Ilias Chair,QPR,0.06,,Blocked,11,Left Foot,,Charlie Austin,Pass (Live),,
3,25,Lewis Cook,Bournemouth,0.05,,Off Target,17,Right Foot,,Lewis Cook,Take-On,Adam Smith,Pass (Live)
4,35,Ilias Chair,QPR,0.03,,Blocked,28,Right Foot,,Charlie Austin,Pass (Live),Seny Dieng,Pass (Live)
5,36,Charlie Austin,QPR,0.05,,Blocked,17,Right Foot,,Yoann Barbet,Pass (Live),Stefan Johansen,Pass (Live)
6,41,Philip Billing,Bournemouth,0.03,,Blocked,26,Left Foot,,Lloyd Kelly,Fouled,Asmir Begović,Pass (Live)
7,45+3,Lewis Cook,Bournemouth,0.03,,Off Target,29,Right Foot,,Jefferson Lerma,Pass (Live),Junior Stanislas,Pass (Live)
8,,,,,,,,,,,,,
9,49,Yoann Barbet,QPR,0.08,,Woodwork,10,Head,,Ilias Chair,Pass (Dead),Lyndon Dykes,Fouled
10,51,Junior Stanislas,Bournemouth,0.04,,Blocked,18,Right Foot,,Philip Billing,Pass (Live),Philip Billing,Take-On
11,51,Adam Smith,Bournemouth,0.58,,Off Target,7,Left Foot,,Lloyd Kelly,Pass (Live),Junior Stanislas,Pass (Live)
12,57,Philip Billing,Bournemouth,0.11,0.07,Saved,10,Left Foot,,Jefferson Lerma,Pass (Live),Adam Smith,Pass (Live)
13,58,Stefan Johansen,QPR,0.28,0.57,Goal,15,Right Foot,,Stefan Johansen,Interception,,
14,69,Shane Long,Bournemouth,0.91,0.96,Goal,2,Other,,Sam Surridge,Pass (Live),Junior Stanislas,Pass (Live)
15,73,Yoann Barbet,QPR,0.02,,Off Target,36,Left Foot,,Geoff Cameron,Pass (Live),Robert Dickie,Take-On
16,77,Junior Stanislas,Bournemouth,0.07,0.16,Saved,27,Right Foot,"Free kick, Deflected",Sam Surridge,Fouled,Adam Smith,Pass (Dead)
17,82,Junior Stanislas,Bournemouth,0.05,,Off Target,30,Right Foot,Free kick,Sam Surridge,Fouled,Junior Stanislas,Take-On
18,83,Todd Kane,QPR,0.29,0.41,Goal,10,Right Foot,,Albert Adomah,Pass (Live),Macauley Bonne,Pass (Live)
19,88,Macauley Bonne,QPR,0.43,,Woodwork,9,Right Foot,,Robert Dickie,Pass (Live),,
20,89,Macauley Bonne,QPR,0.07,0.08,Saved,11,Right Foot,,Chris Willock,Pass (Live),Robert Dickie,Pass (Live)
21,90+3,Macauley Bonne,QPR,0.57,,Blocked,6,Right Foot,,Dominic Ball,Pass (Live),,
