,Player Name,Player Number,Player,#,Nation,Pos,Age,Min,Touches,Def Pen,Def 3rd,Mid 3rd,Att 3rd,Att Pen,Live,Att,Succ,Succ%,Tkld,Tkld%,Carries,TotDist,PrgDist,PrgC,1/3,CPA,Mis,Dis,Rec,PrgR,Player Key,Player Link
0,Aaron Leya Iseka,https://fbref.com/en/players/29ef0f49/Aaron-Leya-Iseka,24,24,be BEL,FW,23-038,65,19,2,2,14,3,1,19,1,1,100.0,0,0.0,10,52,33,1,0,1,3,0,13,0,https://fbref.com/en/players/29ef0f49/Aaron-Leya-Iseka-Aaron Leya Iseka,
1,Vagner Gonçalves,https://fbref.com/en/players/743fd71f/Vagner-Goncalves,27,27,cv CPV,FW,24-348,25,11,0,3,1,7,1,11,0,0,,0,,6,15,3,0,0,0,1,1,6,3,https://fbref.com/en/players/743fd71f/Vagner-Goncalves-Vagner Gonçalves,
2,Farid Boulaya,https://fbref.com/en/players/a0791826/Farid-Boulaya,10,10,dz ALG,FW,27-302,90,63,0,2,36,27,0,63,6,5,83.3,1,16.7,40,234,108,5,4,0,5,3,42,4,https://fbref.com/en/players/a0791826/Farid-Boulaya-Farid Boulaya,
3,Papa Ndiaga Yade,https://fbref.com/en/players/87e9c7cd/Papa-Ndiaga-Yade,26,26,mr MTN,LM,20-353,90,39,1,12,17,13,3,39,3,3,100.0,0,0.0,20,225,105,5,4,2,4,0,23,5,https://fbref.com/en/players/87e9c7cd/Papa-Ndiaga-Yade-Papa Ndiaga Yade,
4,Mamadou Fofana,https://fbref.com/en/players/4c4ffacc/Mamadou-Fofana,6,6,ml MLI,CM,22-337,90,42,3,17,22,3,1,42,1,1,100.0,0,0.0,21,69,32,1,0,0,0,1,23,1,https://fbref.com/en/players/4c4ffacc/Mamadou-Fofana-Mamadou Fofana,
5,Victorien Angban,https://fbref.com/en/players/d8992b84/Victorien-Angban,5,5,ci CIV,CM,24-085,65,32,2,8,20,4,0,32,1,1,100.0,0,0.0,24,123,70,0,0,0,0,2,24,0,https://fbref.com/en/players/d8992b84/Victorien-Angban-Victorien Angban,
6,Warren Tchimbembé,https://fbref.com/en/players/93b8f9f4/Warren-Tchimbembe,12,12,cg CGO,CM,22-246,25,19,1,3,14,2,2,19,0,0,,0,,10,44,26,0,0,0,0,0,11,1,https://fbref.com/en/players/93b8f9f4/Warren-Tchimbembe-Warren Tchimbembé,
7,Lamine Gueye,https://fbref.com/en/players/9d5dcc23/Lamine-Gueye,13,13,sn SEN,RM,22-285,64,24,0,3,10,11,4,24,1,1,100.0,0,0.0,14,43,6,0,0,0,4,0,18,6,https://fbref.com/en/players/9d5dcc23/Lamine-Gueye-Lamine Gueye,
8,Thierry Ambrose,https://fbref.com/en/players/2945f4b7/Thierry-Ambrose,9,9,gp GLP,RM,23-270,26,10,0,0,5,6,1,10,1,1,100.0,0,0.0,4,51,32,1,1,0,0,0,8,1,https://fbref.com/en/players/2945f4b7/Thierry-Ambrose-Thierry Ambrose,
9,John Boye,https://fbref.com/en/players/861227d2/John-Boye,21,21,gh GHA,LB,33-244,90,54,9,34,18,2,2,54,0,0,,0,,20,61,20,0,0,0,1,0,23,0,https://fbref.com/en/players/861227d2/John-Boye-John Boye,
10,Boubakar Kouyaté,https://fbref.com/en/players/562a4799/Boubakar-Kouyate,23,23,ml MLI,CB,23-252,90,60,10,41,16,3,3,60,0,0,,0,,27,177,100,1,0,0,4,0,28,0,https://fbref.com/en/players/562a4799/Boubakar-Kouyate-Boubakar Kouyaté,
11,Dylan Bronn,https://fbref.com/en/players/edd81e2a/Dylan-Bronn,2,2,tn TUN,CB,25-187,90,71,5,37,34,1,0,71,0,0,,0,,40,162,114,1,1,0,1,0,43,0,https://fbref.com/en/players/edd81e2a/Dylan-Bronn-Dylan Bronn,
12,Fabien Centonze,https://fbref.com/en/players/3c6bbbab/Fabien-Centonze,18,18,fr FRA,RB,24-342,90,55,2,21,23,13,0,55,3,3,100.0,0,0.0,25,210,115,3,2,0,2,3,27,6,https://fbref.com/en/players/3c6bbbab/Fabien-Centonze-Fabien Centonze,
13,Marc-Aurèle Caillard,https://fbref.com/en/players/5ee6e943/Marc-Aurele-Caillard,30,30,fr FRA,GK,26-225,90,31,30,31,0,0,0,31,0,0,,0,,19,70,47,0,0,0,0,0,12,0,https://fbref.com/en/players/5ee6e943/Marc-Aurele-Caillard-Marc-Aurèle Caillard,
