,Player Name,Player Number,Player,#,Nation,Pos,Age,Min,CrdY,CrdR,2CrdY,Fls,Fld,Off,Crs,Int,TklW,PKwon,PKcon,OG,Recov,Won,Lost,Won%,Player Key,Player Link
0,Aaron Leya Iseka,https://fbref.com/en/players/29ef0f49/Aaron-Leya-Iseka,24,24,be BEL,FW,23-038,65,0,0,0,0,1,0,0,0,0,0,0,0,3,2,3,40.0,https://fbref.com/en/players/29ef0f49/Aaron-Leya-Iseka-Aaron Leya Iseka,
1,Vagner Gonçalves,https://fbref.com/en/players/743fd71f/Vagner-Goncalves,27,27,cv CPV,FW,24-348,25,0,0,0,0,2,2,0,0,0,0,0,0,1,0,2,0.0,https://fbref.com/en/players/743fd71f/Vagner-Goncalves-Vagner Gonçalves,
2,Farid Boulaya,https://fbref.com/en/players/a0791826/Farid-Boulaya,10,10,dz ALG,FW,27-302,90,0,0,0,0,3,0,4,1,0,0,0,0,5,1,1,50.0,https://fbref.com/en/players/a0791826/Farid-Boulaya-Farid Boulaya,
3,Papa Ndiaga Yade,https://fbref.com/en/players/87e9c7cd/Papa-Ndiaga-Yade,26,26,mr MTN,LM,20-353,90,1,0,0,5,0,0,4,1,2,0,0,0,6,1,1,50.0,https://fbref.com/en/players/87e9c7cd/Papa-Ndiaga-Yade-Papa Ndiaga Yade,
4,Mamadou Fofana,https://fbref.com/en/players/4c4ffacc/Mamadou-Fofana,6,6,ml MLI,CM,22-337,90,0,0,0,0,0,0,0,1,0,0,0,0,9,0,0,,https://fbref.com/en/players/4c4ffacc/Mamadou-Fofana-Mamadou Fofana,
5,Victorien Angban,https://fbref.com/en/players/d8992b84/Victorien-Angban,5,5,ci CIV,CM,24-085,65,0,0,0,4,3,0,0,0,0,0,0,0,5,1,0,100.0,https://fbref.com/en/players/d8992b84/Victorien-Angban-Victorien Angban,
6,Warren Tchimbembé,https://fbref.com/en/players/93b8f9f4/Warren-Tchimbembe,12,12,cg CGO,CM,22-246,25,0,0,0,0,1,0,1,0,1,0,0,0,1,1,2,33.3,https://fbref.com/en/players/93b8f9f4/Warren-Tchimbembe-Warren Tchimbembé,
7,Lamine Gueye,https://fbref.com/en/players/9d5dcc23/Lamine-Gueye,13,13,sn SEN,RM,22-285,64,0,0,0,1,0,0,2,0,2,0,0,0,2,1,0,100.0,https://fbref.com/en/players/9d5dcc23/Lamine-Gueye-Lamine Gueye,
8,Thierry Ambrose,https://fbref.com/en/players/2945f4b7/Thierry-Ambrose,9,9,gp GLP,RM,23-270,26,0,0,0,1,1,0,0,0,0,0,0,0,2,1,3,25.0,https://fbref.com/en/players/2945f4b7/Thierry-Ambrose-Thierry Ambrose,
9,John Boye,https://fbref.com/en/players/861227d2/John-Boye,21,21,gh GHA,LB,33-244,90,0,0,0,3,0,0,0,4,0,0,0,0,6,2,1,66.7,https://fbref.com/en/players/861227d2/John-Boye-John Boye,
10,Boubakar Kouyaté,https://fbref.com/en/players/562a4799/Boubakar-Kouyate,23,23,ml MLI,CB,23-252,90,0,0,0,2,0,0,0,4,0,0,0,0,3,3,0,100.0,https://fbref.com/en/players/562a4799/Boubakar-Kouyate-Boubakar Kouyaté,
11,Dylan Bronn,https://fbref.com/en/players/edd81e2a/Dylan-Bronn,2,2,tn TUN,CB,25-187,90,0,0,0,2,0,0,0,1,1,0,0,0,7,0,1,0.0,https://fbref.com/en/players/edd81e2a/Dylan-Bronn-Dylan Bronn,
12,Fabien Centonze,https://fbref.com/en/players/3c6bbbab/Fabien-Centonze,18,18,fr FRA,RB,24-342,90,0,0,0,0,2,0,5,2,1,0,0,0,6,2,1,66.7,https://fbref.com/en/players/3c6bbbab/Fabien-Centonze-Fabien Centonze,
13,Marc-Aurèle Caillard,https://fbref.com/en/players/5ee6e943/Marc-Aurele-Caillard,30,30,fr FRA,GK,26-225,90,0,0,0,0,0,0,0,0,0,0,0,0,1,0,0,,https://fbref.com/en/players/5ee6e943/Marc-Aurele-Caillard-Marc-Aurèle Caillard,
