,Player Name,Player Number,Player,#,Nation,Pos,Age,Min,Touches,Def Pen,Def 3rd,Mid 3rd,Att 3rd,Att Pen,Live,Att,Succ,Succ%,Tkld,Tkld%,Carries,TotDist,PrgDist,PrgC,1/3,CPA,Mis,Dis,Rec,PrgR,Player Key,Player Link
0,M'Baye Niang,https://fbref.com/en/players/2054d037/MBaye-Niang,11,11,sn SEN,FW,26-004,72,26,1,3,9,14,3,26,1,0,0.0,1,100.0,17,40,9,0,0,0,2,1,24,10,https://fbref.com/en/players/2054d037/MBaye-Niang-M'Baye Niang,
1,Adrien Hunou,https://fbref.com/en/players/d14229f3/Adrien-Hunou,23,23,fr FRA,FW,26-339,18,10,0,1,4,5,2,10,0,0,,0,,6,11,1,0,0,0,2,1,7,1,https://fbref.com/en/players/d14229f3/Adrien-Hunou-Adrien Hunou,
2,Martin Terrier,https://fbref.com/en/players/5148dcc5/Martin-Terrier,7,7,fr FRA,LM,23-294,80,47,0,6,18,24,4,47,3,2,66.7,1,33.3,33,142,48,3,1,1,4,0,32,6,https://fbref.com/en/players/5148dcc5/Martin-Terrier-Martin Terrier,
3,Dalbert Henrique,https://fbref.com/en/players/f45f9427/Dalbert-Henrique,5,5,br BRA,LM,27-106,10,9,0,0,4,5,0,9,0,0,,0,,6,41,6,1,0,0,0,0,7,0,https://fbref.com/en/players/f45f9427/Dalbert-Henrique-Dalbert Henrique,
4,Clément Grenier,https://fbref.com/en/players/8b298f56/Clement-Grenier,8,8,fr FRA,CM,29-351,64,68,0,8,40,20,1,68,0,0,,0,,41,210,73,2,1,0,1,1,54,3,https://fbref.com/en/players/8b298f56/Clement-Grenier-Clément Grenier,
5,Eduardo Camavinga,https://fbref.com/en/players/7b9c2d84/Eduardo-Camavinga,10,10,fr FRA,CM,18-043,26,21,2,3,12,6,0,21,0,0,,0,,10,15,3,0,0,0,1,0,13,0,https://fbref.com/en/players/7b9c2d84/Eduardo-Camavinga-Eduardo Camavinga,
6,Benjamin Bourigeaud,https://fbref.com/en/players/20e73fac/Benjamin-Bourigeaud,14,14,fr FRA,CM,26-344,90,84,2,6,54,24,1,84,1,1,100.0,0,0.0,50,161,78,2,1,1,1,0,58,2,https://fbref.com/en/players/20e73fac/Benjamin-Bourigeaud-Benjamin Bourigeaud,
7,Jeremy Doku,https://fbref.com/en/players/fffea3e5/Jeremy-Doku,18,18,be BEL,RM,18-210,90,55,0,2,20,34,6,55,3,1,33.3,2,66.7,45,247,110,3,5,2,3,3,48,5,https://fbref.com/en/players/fffea3e5/Jeremy-Doku-Jeremy Doku,
8,Steven Nzonzi,https://fbref.com/en/players/c7526c18/Steven-Nzonzi,15,15,fr FRA,DM,32-008,90,97,2,24,69,4,1,97,0,0,,0,,69,281,108,2,0,0,0,0,78,0,https://fbref.com/en/players/c7526c18/Steven-Nzonzi-Steven Nzonzi,
9,Adrien Truffert,https://fbref.com/en/players/5d0e0a1f/Adrien-Truffert,31,31,fr FRA,LB,19-033,90,65,1,19,33,14,0,65,1,1,100.0,0,0.0,35,119,49,2,2,0,2,1,35,3,https://fbref.com/en/players/5d0e0a1f/Adrien-Truffert-Adrien Truffert,
10,Nayef Aguerd,https://fbref.com/en/players/288e1e13/Nayef-Aguerd,6,6,ma MAR,CB,24-268,90,80,8,25,56,1,1,80,1,1,100.0,0,0.0,59,242,162,1,0,0,0,1,60,0,https://fbref.com/en/players/288e1e13/Nayef-Aguerd-Nayef Aguerd,
11,Damien Da Silva,https://fbref.com/en/players/1ec7e1c5/Damien-Da-Silva,3,3,fr FRA,CB,32-220,90,71,7,28,40,3,1,71,0,0,,0,,52,299,172,1,1,0,0,0,51,0,https://fbref.com/en/players/1ec7e1c5/Damien-Da-Silva-Damien Da Silva,
12,Hamari Traoré,https://fbref.com/en/players/a4b1028a/Hamari-Traore,27,27,ml MLI,RB,28-331,90,99,1,8,53,39,1,99,3,3,100.0,0,0.0,73,463,306,5,3,1,2,1,70,10,https://fbref.com/en/players/a4b1028a/Hamari-Traore-Hamari Traoré,
13,Romain Salin,https://fbref.com/en/players/74733221/Romain-Salin,1,1,fr FRA,GK,36-147,90,37,32,37,0,0,0,37,0,0,,0,,27,107,68,0,0,0,0,0,14,0,https://fbref.com/en/players/74733221/Romain-Salin-Romain Salin,
