,Player Name,Player Number,Player,#,Nation,Pos,Age,Min,Gls,Ast,PK,PKatt,Sh,SoT,CrdY,CrdR,Touches,Tkl,Int,Blocks,xG,npxG,xAG,SCA,GCA,Cmp,Att,Cmp%,PrgP,Carries,PrgC,Att,Succ,Player Key,Player Link
0,M'Baye Niang,https://fbref.com/en/players/2054d037/MBaye-Niang,11,11,sn SEN,FW,26-004,72,0,0,0,0,1,1,0,0,26,1,1,1,0.1,0.1,0.0,0,0,11,17,64.7,0,17,0,1,0,https://fbref.com/en/players/2054d037/MBaye-Niang-M'Baye Niang,
1,Adrien Hunou,https://fbref.com/en/players/d14229f3/Adrien-Hunou,23,23,fr FRA,FW,26-339,18,0,0,0,0,0,0,0,0,10,1,0,0,0.0,0.0,0.4,1,0,5,6,83.3,0,6,0,0,0,https://fbref.com/en/players/d14229f3/Adrien-Hunou-Adrien Hunou,
2,Martin Terrier,https://fbref.com/en/players/5148dcc5/Martin-Terrier,7,7,fr FRA,LM,23-294,80,0,1,0,0,2,0,0,0,47,1,2,0,0.1,0.1,0.1,5,1,29,35,82.9,1,33,3,3,2,https://fbref.com/en/players/5148dcc5/Martin-Terrier-Martin Terrier,
3,Dalbert Henrique,https://fbref.com/en/players/f45f9427/Dalbert-Henrique,5,5,br BRA,LM,27-106,10,0,0,0,0,0,0,0,0,9,0,0,0,0.0,0.0,0.0,0,0,7,9,77.8,0,6,1,0,0,https://fbref.com/en/players/f45f9427/Dalbert-Henrique-Dalbert Henrique,
4,Clément Grenier,https://fbref.com/en/players/8b298f56/Clement-Grenier,8,8,fr FRA,CM,29-351,64,1,0,0,0,2,1,0,0,68,0,0,0,0.1,0.1,0.1,1,0,49,65,75.4,4,41,2,0,0,https://fbref.com/en/players/8b298f56/Clement-Grenier-Clément Grenier,
5,Eduardo Camavinga,https://fbref.com/en/players/7b9c2d84/Eduardo-Camavinga,10,10,fr FRA,CM,18-043,26,0,0,0,0,0,0,0,0,21,1,0,0,0.0,0.0,0.0,0,0,16,17,94.1,0,10,0,0,0,https://fbref.com/en/players/7b9c2d84/Eduardo-Camavinga-Eduardo Camavinga,
6,Benjamin Bourigeaud,https://fbref.com/en/players/20e73fac/Benjamin-Bourigeaud,14,14,fr FRA,CM,26-344,90,0,0,0,0,3,2,1,0,84,0,0,2,0.1,0.1,0.1,4,0,58,72,80.6,5,50,2,1,1,https://fbref.com/en/players/20e73fac/Benjamin-Bourigeaud-Benjamin Bourigeaud,
7,Jeremy Doku,https://fbref.com/en/players/fffea3e5/Jeremy-Doku,18,18,be BEL,RM,18-210,90,0,0,0,0,2,1,0,0,55,2,0,0,0.4,0.4,0.0,3,1,30,41,73.2,3,45,3,3,1,https://fbref.com/en/players/fffea3e5/Jeremy-Doku-Jeremy Doku,
8,Steven Nzonzi,https://fbref.com/en/players/c7526c18/Steven-Nzonzi,15,15,fr FRA,DM,32-008,90,0,0,0,0,0,0,0,0,97,1,0,1,0.0,0.0,0.0,0,0,88,94,93.6,8,69,2,0,0,https://fbref.com/en/players/c7526c18/Steven-Nzonzi-Steven Nzonzi,
9,Adrien Truffert,https://fbref.com/en/players/5d0e0a1f/Adrien-Truffert,31,31,fr FRA,LB,19-033,90,0,0,0,0,0,0,0,0,65,3,0,0,0.0,0.0,0.0,1,0,42,53,79.2,2,35,2,1,1,https://fbref.com/en/players/5d0e0a1f/Adrien-Truffert-Adrien Truffert,
10,Nayef Aguerd,https://fbref.com/en/players/288e1e13/Nayef-Aguerd,6,6,ma MAR,CB,24-268,90,0,0,0,0,0,0,0,0,80,1,0,2,0.0,0.0,0.1,1,0,64,71,90.1,5,59,1,1,1,https://fbref.com/en/players/288e1e13/Nayef-Aguerd-Nayef Aguerd,
11,Damien Da Silva,https://fbref.com/en/players/1ec7e1c5/Damien-Da-Silva,3,3,fr FRA,CB,32-220,90,0,0,0,0,1,1,0,0,71,0,2,0,0.1,0.1,0.0,1,0,56,61,91.8,4,52,1,0,0,https://fbref.com/en/players/1ec7e1c5/Damien-Da-Silva-Damien Da Silva,
12,Hamari Traoré,https://fbref.com/en/players/a4b1028a/Hamari-Traore,27,27,ml MLI,RB,28-331,90,0,0,0,0,0,0,0,0,99,0,2,1,0.0,0.0,0.1,5,0,75,91,82.4,8,73,5,3,3,https://fbref.com/en/players/a4b1028a/Hamari-Traore-Hamari Traoré,
13,Romain Salin,https://fbref.com/en/players/74733221/Romain-Salin,1,1,fr FRA,GK,36-147,90,0,0,0,0,0,0,0,0,37,0,0,0,0.0,0.0,0.0,0,0,24,35,68.6,0,27,0,0,0,https://fbref.com/en/players/74733221/Romain-Salin-Romain Salin,
