,Player Name,Player Number,Player,#,Nation,Pos,Age,Min,Att,Live,Dead,FK,TB,Sw,Crs,TI,CK,In,Out,Str,Cmp,Off,Blocks,Player Key,Player Link
0,M'Baye Niang,https://fbref.com/en/players/2054d037/MBaye-Niang,11,11,sn SEN,FW,26-004,72,17,17,0,0,0,0,0,0,0,0,0,0,11,0,2,https://fbref.com/en/players/2054d037/MBaye-Niang-M'Baye Niang,
1,Adrien Hunou,https://fbref.com/en/players/d14229f3/Adrien-Hunou,23,23,fr FRA,FW,26-339,18,6,6,0,0,0,0,0,0,0,0,0,0,5,0,0,https://fbref.com/en/players/d14229f3/Adrien-Hunou-Adrien Hunou,
2,Martin Terrier,https://fbref.com/en/players/5148dcc5/Martin-Terrier,7,7,fr FRA,LM,23-294,80,35,35,0,0,0,1,0,0,0,0,0,0,29,0,0,https://fbref.com/en/players/5148dcc5/Martin-Terrier-Martin Terrier,
3,Dalbert Henrique,https://fbref.com/en/players/f45f9427/Dalbert-Henrique,5,5,br BRA,LM,27-106,10,9,9,0,0,0,0,1,0,0,0,0,0,7,0,0,https://fbref.com/en/players/f45f9427/Dalbert-Henrique-Dalbert Henrique,
4,Clément Grenier,https://fbref.com/en/players/8b298f56/Clement-Grenier,8,8,fr FRA,CM,29-351,64,65,57,8,3,0,0,3,1,3,3,0,0,49,0,0,https://fbref.com/en/players/8b298f56/Clement-Grenier-Clément Grenier,
5,Eduardo Camavinga,https://fbref.com/en/players/7b9c2d84/Eduardo-Camavinga,10,10,fr FRA,CM,18-043,26,17,17,0,0,0,0,0,0,0,0,0,0,16,0,0,https://fbref.com/en/players/7b9c2d84/Eduardo-Camavinga-Eduardo Camavinga,
6,Benjamin Bourigeaud,https://fbref.com/en/players/20e73fac/Benjamin-Bourigeaud,14,14,fr FRA,CM,26-344,90,72,64,8,5,0,1,9,0,3,1,2,0,58,0,3,https://fbref.com/en/players/20e73fac/Benjamin-Bourigeaud-Benjamin Bourigeaud,
7,Jeremy Doku,https://fbref.com/en/players/fffea3e5/Jeremy-Doku,18,18,be BEL,RM,18-210,90,41,40,1,1,0,0,2,0,0,0,0,0,30,0,1,https://fbref.com/en/players/fffea3e5/Jeremy-Doku-Jeremy Doku,
8,Steven Nzonzi,https://fbref.com/en/players/c7526c18/Steven-Nzonzi,15,15,fr FRA,DM,32-008,90,94,92,2,2,0,0,0,0,0,0,0,0,88,0,0,https://fbref.com/en/players/c7526c18/Steven-Nzonzi-Steven Nzonzi,
9,Adrien Truffert,https://fbref.com/en/players/5d0e0a1f/Adrien-Truffert,31,31,fr FRA,LB,19-033,90,53,39,14,1,0,0,0,13,0,0,0,0,42,0,1,https://fbref.com/en/players/5d0e0a1f/Adrien-Truffert-Adrien Truffert,
10,Nayef Aguerd,https://fbref.com/en/players/288e1e13/Nayef-Aguerd,6,6,ma MAR,CB,24-268,90,71,67,4,4,0,0,0,0,0,0,0,0,64,0,0,https://fbref.com/en/players/288e1e13/Nayef-Aguerd-Nayef Aguerd,
11,Damien Da Silva,https://fbref.com/en/players/1ec7e1c5/Damien-Da-Silva,3,3,fr FRA,CB,32-220,90,61,61,0,0,0,1,0,0,0,0,0,0,56,0,0,https://fbref.com/en/players/1ec7e1c5/Damien-Da-Silva-Damien Da Silva,
12,Hamari Traoré,https://fbref.com/en/players/a4b1028a/Hamari-Traore,27,27,ml MLI,RB,28-331,90,91,78,13,1,0,0,5,12,0,0,0,0,75,0,1,https://fbref.com/en/players/a4b1028a/Hamari-Traore-Hamari Traoré,
13,Romain Salin,https://fbref.com/en/players/74733221/Romain-Salin,1,1,fr FRA,GK,36-147,90,35,26,9,3,0,0,0,0,0,0,0,0,24,0,0,https://fbref.com/en/players/74733221/Romain-Salin-Romain Salin,
