,Minute,Player,Squad,xG,PSxG,Outcome,Distance,Body Part,Notes,SCA 1 Player,SCA 1 Event,SCA 2 Player,SCA 2 Event
0,10,Benjamin Bourigeaud,Rennes,0.03,,Off Target,31,Right Foot,,Martin Terrier,Pass (Live),Hamari Traoré,Pass (Live)
1,13,Martin Terrier,Rennes,0.05,,Off Target,18,Right Foot,,Martin Terrier,Take-On,Martin Terrier,Tackle
2,14,Farid Boulaya,Metz,0.03,0.29,Saved,27,Right Foot,,Aaron Leya Iseka,Pass (Live),Farid Boulaya,Pass (Live)
3,18,Clément Grenier,Rennes,0.06,,Blocked,16,Right Foot,Volley,Nayef Aguerd,Pass (Live),Adrien Truffert,Fouled
4,23,Benjamin Bourigeaud,Rennes,0.06,0.33,Saved,19,Right Foot,,Benjamin Bourigeaud,Take-On,Clément Grenier,Pass (Live)
5,26,Damien Da Silva,Rennes,0.07,0.04,Saved,11,Head,,Benjamin Bourigeaud,Pass (Dead),Jeremy Doku,Fouled
6,30,Aaron Leya Iseka,Metz,0.05,0.07,Saved,16,Right Foot,,Victorien Angban,Pass (Live),Boubakar Kouyaté,Pass (Live)
7,33,M'Baye Niang,Rennes,0.07,0.02,Saved,18,Left Foot,,Martin Terrier,Pass (Live),Hamari Traoré,Pass (Live)
8,44,Lamine Gueye,Metz,0.04,,Blocked,18,Right Foot,,Lamine Gueye,Take-On,Farid Boulaya,Pass (Live)
9,44,John Boye,Metz,0.27,,Off Target,6,Head,,Lamine Gueye,Pass (Dead),Lamine Gueye,Shot
10,,,,,,,,,,,,,
11,50,Lamine Gueye,Metz,0.43,0.58,Saved,16,Right Foot,,Farid Boulaya,Pass (Live),,
12,50,Farid Boulaya,Metz,0.02,0.24,Saved,31,Right Foot,Volley,Lamine Gueye,Shot,,
13,52,Clément Grenier,Rennes,0.05,0.49,Goal,20,Right Foot,,Martin Terrier,Pass (Live),Jeremy Doku,Pass (Live)
14,56,Benjamin Bourigeaud,Rennes,0.03,0.05,Saved,30,Left Foot,,Damien Da Silva,Pass (Live),Benjamin Bourigeaud,Pass (Live)
15,77,Martin Terrier,Rennes,0.05,,Off Target,17,Right Foot,,Jeremy Doku,Fouled,Hamari Traoré,Pass (Live)
16,78,Papa Ndiaga Yade,Metz,0.05,,Off Target,15,Left Foot,,Thierry Ambrose,Pass (Live),Papa Ndiaga Yade,Pass (Live)
17,85,Jeremy Doku,Rennes,0.05,,Blocked,14,Left Foot,,Hamari Traoré,Pass (Live),Benjamin Bourigeaud,Pass (Live)
18,89,Thierry Ambrose,Metz,0.06,,Blocked,20,Left Foot,Volley,Fabien Centonze,Pass (Live),Vagner Gonçalves,Pass (Live)
19,89,Boubakar Kouyaté,Metz,0.52,,Off Target,9,Right Foot,,Thierry Ambrose,Shot,,
20,90+3,Jeremy Doku,Rennes,0.39,0.37,Saved,11,Left Foot,,Adrien Hunou,Pass (Live),Hamari Traoré,Pass (Live)
