,Player Name,Player Number,Player,#,Nation,Pos,Age,Min,Touches,Def Pen,Def 3rd,Mid 3rd,Att 3rd,Att Pen,Live,Att,Succ,Succ%,Tkld,Tkld%,Carries,TotDist,PrgDist,PrgC,1/3,CPA,Mis,Dis,Rec,PrgR,Player Key,Player Link
0,Scott Hogan,https://fbref.com/en/players/cdda4027/Scott-Hogan,9,9,ie IRL,FW,28-194,75,20,1,2,13,5,1,20,2,1,50.0,1,50.0,14,44,15,0,0,0,2,1,16,4,https://fbref.com/en/players/cdda4027/Scott-Hogan-Scott Hogan,
1,Iván Sánchez,https://fbref.com/en/players/70107d4d/Ivan-Sanchez,17,17,es ESP,FW,28-031,15,7,1,1,2,4,0,7,1,0,0.0,1,100.0,5,37,3,0,0,0,0,0,5,0,https://fbref.com/en/players/70107d4d/Ivan-Sanchez-Iván Sánchez,
2,Jonathan Leko,https://fbref.com/en/players/76b5cbbd/Jonathan-Leko,14,14,eng ENG,FW,21-183,62,20,0,1,6,14,2,20,1,1,100.0,0,0.0,16,127,27,1,2,0,3,1,19,5,https://fbref.com/en/players/76b5cbbd/Jonathan-Leko-Jonathan Leko,
3,Lukas Jutkiewicz,https://fbref.com/en/players/3943a06f/Lukas-Jutkiewicz,10,10,eng ENG,FW,31-210,28,11,0,1,6,4,0,11,0,0,,0,,6,34,21,1,1,0,1,0,8,1,https://fbref.com/en/players/3943a06f/Lukas-Jutkiewicz-Lukas Jutkiewicz,
4,Ivan Šunjić,https://fbref.com/en/players/e18098de/Ivan-Sunjic,34,34,hr CRO,CM,24-015,90,52,2,10,18,24,2,52,0,0,,0,,31,77,26,1,0,0,5,0,32,4,https://fbref.com/en/players/e18098de/Ivan-Sunjic-Ivan Šunjić,
5,Mikel San José,https://fbref.com/en/players/003a5c72/Mikel-San-Jose,19,19,es ESP,CM,31-147,90,48,6,12,32,5,2,48,0,0,,0,,25,80,20,0,0,0,0,0,26,1,https://fbref.com/en/players/003a5c72/Mikel-San-Jose-Mikel San José,
6,Gary Gardner,https://fbref.com/en/players/d9d58641/Gary-Gardner,20,20,eng ENG,CM,28-117,90,52,2,11,21,22,3,52,1,1,100.0,0,0.0,34,278,164,4,2,0,2,0,32,4,https://fbref.com/en/players/d9d58641/Gary-Gardner-Gary Gardner,
7,Kristian Pedersen,https://fbref.com/en/players/5154b2ba/Kristian-Pedersen,3,3,dk DEN,LB,26-081,90,64,1,15,29,23,3,64,2,2,100.0,0,0.0,40,215,105,3,1,1,1,2,41,8,https://fbref.com/en/players/5154b2ba/Kristian-Pedersen-Kristian Pedersen,
8,George Friend,https://fbref.com/en/players/4f97147d/George-Friend,5,5,eng ENG,CB,33-007,90,65,3,25,34,8,0,65,3,1,33.3,2,66.7,26,164,116,1,1,0,0,0,22,1,https://fbref.com/en/players/4f97147d/George-Friend-George Friend,
9,Harlee Dean,https://fbref.com/en/players/483bec75/Harlee-Dean,12,12,eng ENG,CB,29-090,90,38,7,24,13,1,0,38,0,0,,0,,11,78,23,0,0,0,0,0,10,0,https://fbref.com/en/players/483bec75/Harlee-Dean-Harlee Dean,
10,Marc Roberts,https://fbref.com/en/players/51907c14/Marc-Roberts,4,4,eng ENG,CB,30-090,90,43,7,26,10,7,2,43,0,0,,0,,18,61,12,0,0,0,0,0,19,0,https://fbref.com/en/players/51907c14/Marc-Roberts-Marc Roberts,
11,Maxime Colin,https://fbref.com/en/players/2f71c116/Maxime-Colin,2,2,fr FRA,RB,28-344,90,53,0,13,15,25,4,53,0,0,,0,,23,100,41,1,0,0,2,0,22,4,https://fbref.com/en/players/2f71c116/Maxime-Colin-Maxime Colin,
12,Neil Etheridge,https://fbref.com/en/players/2642bf6c/Neil-Etheridge,30,30,ph PHI,GK,30-260,90,25,22,25,0,0,0,25,0,0,,0,,7,51,38,0,0,0,0,0,4,0,https://fbref.com/en/players/2642bf6c/Neil-Etheridge-Neil Etheridge,
