,Player Name,Player Number,Player,#,Nation,Pos,Age,Min,Gls,Ast,PK,PKatt,Sh,SoT,CrdY,CrdR,Touches,Tkl,Int,Blocks,xG,npxG,xAG,SCA,GCA,Cmp,Att,Cmp%,PrgP,Carries,PrgC,Att,Succ,Player Key,Player Link
0,Scott Hogan,https://fbref.com/en/players/cdda4027/Scott-Hogan,9,9,ie IRL,FW,28-194,75,0,0,0,0,1,1,0,0,20,1,0,2,0.6,0.6,0.0,1,0,10,12,83.3,1,14,0,2,1,https://fbref.com/en/players/cdda4027/Scott-Hogan-Scott Hogan,
1,Iván Sánchez,https://fbref.com/en/players/70107d4d/Ivan-Sanchez,17,17,es ESP,FW,28-031,15,0,0,0,0,0,0,0,0,7,0,0,0,0.0,0.0,0.1,2,0,5,5,100.0,1,5,0,1,0,https://fbref.com/en/players/70107d4d/Ivan-Sanchez-Iván Sánchez,
2,Jonathan Leko,https://fbref.com/en/players/76b5cbbd/Jonathan-Leko,14,14,eng ENG,FW,21-183,62,0,0,0,0,2,0,0,0,20,0,0,0,0.4,0.4,0.0,1,0,12,14,85.7,1,16,1,1,1,https://fbref.com/en/players/76b5cbbd/Jonathan-Leko-Jonathan Leko,
3,Lukas Jutkiewicz,https://fbref.com/en/players/3943a06f/Lukas-Jutkiewicz,10,10,eng ENG,FW,31-210,28,0,0,0,0,0,0,0,0,11,0,0,0,0.0,0.0,0.3,1,0,4,8,50.0,1,6,1,0,0,https://fbref.com/en/players/3943a06f/Lukas-Jutkiewicz-Lukas Jutkiewicz,
4,Ivan Šunjić,https://fbref.com/en/players/e18098de/Ivan-Sunjic,34,34,hr CRO,CM,24-015,90,0,0,0,0,3,1,0,0,52,3,3,1,0.1,0.1,0.0,4,0,30,36,83.3,4,31,1,0,0,https://fbref.com/en/players/e18098de/Ivan-Sunjic-Ivan Šunjić,
5,Mikel San José,https://fbref.com/en/players/003a5c72/Mikel-San-Jose,19,19,es ESP,CM,31-147,90,0,0,0,0,2,1,0,0,48,1,2,2,0.1,0.1,0.0,2,0,29,39,74.4,6,25,0,0,0,https://fbref.com/en/players/003a5c72/Mikel-San-Jose-Mikel San José,
6,Gary Gardner,https://fbref.com/en/players/d9d58641/Gary-Gardner,20,20,eng ENG,CM,28-117,90,0,0,0,0,1,0,0,0,52,3,0,1,0.0,0.0,0.1,2,0,28,44,63.6,2,34,4,1,1,https://fbref.com/en/players/d9d58641/Gary-Gardner-Gary Gardner,
7,Kristian Pedersen,https://fbref.com/en/players/5154b2ba/Kristian-Pedersen,3,3,dk DEN,LB,26-081,90,0,0,0,0,1,0,0,0,64,1,1,0,0.3,0.3,0.1,1,0,42,59,71.2,4,40,3,2,2,https://fbref.com/en/players/5154b2ba/Kristian-Pedersen-Kristian Pedersen,
8,George Friend,https://fbref.com/en/players/4f97147d/George-Friend,5,5,eng ENG,CB,33-007,90,0,0,0,0,0,0,0,0,65,3,1,1,0.0,0.0,0.0,1,0,29,54,53.7,5,26,1,3,1,https://fbref.com/en/players/4f97147d/George-Friend-George Friend,
9,Harlee Dean,https://fbref.com/en/players/483bec75/Harlee-Dean,12,12,eng ENG,CB,29-090,90,0,0,0,0,0,0,0,0,38,2,2,5,0.0,0.0,0.0,1,0,17,28,60.7,2,11,0,0,0,https://fbref.com/en/players/483bec75/Harlee-Dean-Harlee Dean,
10,Marc Roberts,https://fbref.com/en/players/51907c14/Marc-Roberts,4,4,eng ENG,CB,30-090,90,0,0,0,0,0,0,0,0,43,2,1,0,0.0,0.0,0.6,1,0,15,33,45.5,0,18,0,0,0,https://fbref.com/en/players/51907c14/Marc-Roberts-Marc Roberts,
11,Maxime Colin,https://fbref.com/en/players/2f71c116/Maxime-Colin,2,2,fr FRA,RB,28-344,90,0,0,0,0,0,0,0,0,53,2,3,2,0.0,0.0,0.4,2,0,27,41,65.9,5,23,1,0,0,https://fbref.com/en/players/2f71c116/Maxime-Colin-Maxime Colin,
12,Neil Etheridge,https://fbref.com/en/players/2642bf6c/Neil-Etheridge,30,30,ph PHI,GK,30-260,90,0,0,0,0,0,0,0,0,25,0,0,0,0.0,0.0,0.0,0,0,9,25,36.0,0,7,0,0,0,https://fbref.com/en/players/2642bf6c/Neil-Etheridge-Neil Etheridge,
