,Player Name,Player Number,Player,#,Nation,Pos,Age,Min,CrdY,CrdR,2CrdY,Fls,Fld,Off,Crs,Int,TklW,PKwon,PKcon,OG,Recov,Won,Lost,Won%,Player Key,Player Link
0,Scott Hogan,https://fbref.com/en/players/cdda4027/Scott-Hogan,9,9,ie IRL,FW,28-194,75,0,0,0,1,1,1,0,0,0,0,0,0,3,0,3,0.0,https://fbref.com/en/players/cdda4027/Scott-Hogan-Scott Hogan,
1,Iván Sánchez,https://fbref.com/en/players/70107d4d/Ivan-Sanchez,17,17,es ESP,FW,28-031,15,0,0,0,0,1,0,1,0,0,0,0,0,0,0,0,,https://fbref.com/en/players/70107d4d/Ivan-Sanchez-Iván Sánchez,
2,Jonathan Leko,https://fbref.com/en/players/76b5cbbd/Jonathan-Leko,14,14,eng ENG,FW,21-183,62,0,0,0,3,0,2,1,0,0,0,0,0,2,0,3,0.0,https://fbref.com/en/players/76b5cbbd/Jonathan-Leko-Jonathan Leko,
3,Lukas Jutkiewicz,https://fbref.com/en/players/3943a06f/Lukas-Jutkiewicz,10,10,eng ENG,FW,31-210,28,0,0,0,0,1,0,0,0,0,0,0,0,1,3,1,75.0,https://fbref.com/en/players/3943a06f/Lukas-Jutkiewicz-Lukas Jutkiewicz,
4,Ivan Šunjić,https://fbref.com/en/players/e18098de/Ivan-Sunjic,34,34,hr CRO,CM,24-015,90,0,0,0,2,1,0,1,3,2,0,0,0,8,0,0,,https://fbref.com/en/players/e18098de/Ivan-Sunjic-Ivan Šunjić,
5,Mikel San José,https://fbref.com/en/players/003a5c72/Mikel-San-Jose,19,19,es ESP,CM,31-147,90,0,0,0,0,0,0,1,2,1,0,0,0,9,0,0,,https://fbref.com/en/players/003a5c72/Mikel-San-Jose-Mikel San José,
6,Gary Gardner,https://fbref.com/en/players/d9d58641/Gary-Gardner,20,20,eng ENG,CM,28-117,90,0,0,0,1,1,1,4,0,2,0,0,0,10,3,0,100.0,https://fbref.com/en/players/d9d58641/Gary-Gardner-Gary Gardner,
7,Kristian Pedersen,https://fbref.com/en/players/5154b2ba/Kristian-Pedersen,3,3,dk DEN,LB,26-081,90,0,0,0,0,0,0,8,1,1,0,0,0,7,2,3,40.0,https://fbref.com/en/players/5154b2ba/Kristian-Pedersen-Kristian Pedersen,
8,George Friend,https://fbref.com/en/players/4f97147d/George-Friend,5,5,eng ENG,CB,33-007,90,0,0,0,1,0,0,2,1,1,0,0,0,8,5,4,55.6,https://fbref.com/en/players/4f97147d/George-Friend-George Friend,
9,Harlee Dean,https://fbref.com/en/players/483bec75/Harlee-Dean,12,12,eng ENG,CB,29-090,90,0,0,0,0,0,0,0,2,2,0,0,0,4,4,2,66.7,https://fbref.com/en/players/483bec75/Harlee-Dean-Harlee Dean,
10,Marc Roberts,https://fbref.com/en/players/51907c14/Marc-Roberts,4,4,eng ENG,CB,30-090,90,0,0,0,1,0,0,1,1,0,0,0,0,2,10,1,90.9,https://fbref.com/en/players/51907c14/Marc-Roberts-Marc Roberts,
11,Maxime Colin,https://fbref.com/en/players/2f71c116/Maxime-Colin,2,2,fr FRA,RB,28-344,90,0,0,0,2,0,0,4,3,0,0,0,0,3,1,1,50.0,https://fbref.com/en/players/2f71c116/Maxime-Colin-Maxime Colin,
12,Neil Etheridge,https://fbref.com/en/players/2642bf6c/Neil-Etheridge,30,30,ph PHI,GK,30-260,90,0,0,0,0,0,0,0,0,0,0,0,0,0,0,0,,https://fbref.com/en/players/2642bf6c/Neil-Etheridge-Neil Etheridge,
