,Player Name,Player Number,Player,#,Nation,Pos,Age,Min,CrdY,CrdR,2CrdY,Fls,Fld,Off,Crs,Int,TklW,PKwon,PKcon,OG,Recov,Won,Lost,Won%,Player Key,Player Link
0,Macauley Bonne,https://fbref.com/en/players/9ca8b21c/Macauley-Bonne,7,7,zw ZIM,FW,24-364,90,0,0,0,0,1,1,1,0,0,0,0,0,1,2,9,18.2,https://fbref.com/en/players/9ca8b21c/Macauley-Bonne-Macauley Bonne,
1,Lyndon Dykes,https://fbref.com/en/players/cd92357a/Lyndon-Dykes,9,9,sct SCO,FW,25-017,67,0,0,0,0,0,0,0,0,0,0,0,0,0,4,3,57.1,https://fbref.com/en/players/cd92357a/Lyndon-Dykes-Lyndon Dykes,
2,Dominic Ball,https://fbref.com/en/players/79d61875/Dominic-Ball,12,12,eng ENG,"DM,FW",25-083,23,0,0,0,0,1,0,0,0,0,0,0,0,1,0,0,,https://fbref.com/en/players/79d61875/Dominic-Ball-Dominic Ball,
3,Bright Osayi-Samuel,https://fbref.com/en/players/03b6afa9/Bright-Osayi-Samuel,11,11,ng NGA,"LM,RW",22-298,90,0,0,0,1,2,0,1,0,0,0,0,0,2,0,4,0.0,https://fbref.com/en/players/03b6afa9/Bright-Osayi-Samuel-Bright Osayi-Samuel,
4,Ilias Chair,https://fbref.com/en/players/ad7873cb/Ilias-Chair,10,10,ma MAR,"CM,AM",22-360,90,0,0,0,1,0,0,7,0,2,0,0,0,6,0,2,0.0,https://fbref.com/en/players/ad7873cb/Ilias-Chair-Ilias Chair,
5,Albert Adomah,https://fbref.com/en/players/c7174e81/Albert-Adomah,37,37,gh GHA,RM,32-316,68,0,0,0,1,0,0,3,0,1,0,0,0,3,1,3,25.0,https://fbref.com/en/players/c7174e81/Albert-Adomah-Albert Adomah,
6,Chris Willock,https://fbref.com/en/players/be0bd828/Chris-Willock,21,21,eng ENG,"LW,RM",22-267,22,0,0,0,0,0,0,0,0,1,0,0,0,1,0,0,,https://fbref.com/en/players/be0bd828/Chris-Willock-Chris Willock,
7,Geoff Cameron,https://fbref.com/en/players/1a160ea3/Geoff-Cameron,20,20,us USA,DM,35-105,90,0,0,0,0,0,0,0,3,0,0,0,0,5,2,4,33.3,https://fbref.com/en/players/1a160ea3/Geoff-Cameron-Geoff Cameron,
8,Lee Wallace,https://fbref.com/en/players/c3a396e2/Lee-Wallace,3,3,sct SCO,LB,33-084,29,0,0,0,0,2,0,0,0,1,0,0,0,3,0,0,,https://fbref.com/en/players/c3a396e2/Lee-Wallace-Lee Wallace,
9,Niko Hämäläinen,https://fbref.com/en/players/4435db1e/Niko-Hamalainen,25,25,fi FIN,LB,23-233,61,0,0,0,1,0,0,1,1,0,0,0,0,5,0,2,0.0,https://fbref.com/en/players/4435db1e/Niko-Hamalainen-Niko Hämäläinen,
10,Yoann Barbet,https://fbref.com/en/players/c52bbd2c/Yoann-Barbet,6,6,fr FRA,CB,27-167,90,0,0,0,1,1,0,1,3,0,0,0,0,8,3,0,100.0,https://fbref.com/en/players/c52bbd2c/Yoann-Barbet-Yoann Barbet,
11,Robert Dickie,https://fbref.com/en/players/c7dfc411/Robert-Dickie,4,4,eng ENG,CB,24-235,90,1,0,0,1,1,0,0,2,1,0,0,0,10,5,0,100.0,https://fbref.com/en/players/c7dfc411/Robert-Dickie-Robert Dickie,
12,Osman Kakay,https://fbref.com/en/players/0aed0751/Osman-Kakay,24,24,sl SLE,RB,23-060,90,0,0,0,0,2,0,3,0,1,0,0,0,7,1,1,50.0,https://fbref.com/en/players/0aed0751/Osman-Kakay-Osman Kakay,
13,Seny Dieng,https://fbref.com/en/players/c135cddd/Seny-Dieng,13,13,sn SEN,GK,25-336,90,0,0,0,0,1,0,0,0,0,0,0,0,1,0,0,,https://fbref.com/en/players/c135cddd/Seny-Dieng-Seny Dieng,
