,Player Name,Player Number,Player,#,Nation,Pos,Age,Min,Touches,Def Pen,Def 3rd,Mid 3rd,Att 3rd,Att Pen,Live,Att,Succ,Succ%,Tkld,Tkld%,Carries,TotDist,PrgDist,PrgC,1/3,CPA,Mis,Dis,Rec,PrgR,Player Key,Player Link
0,Macauley Bonne,https://fbref.com/en/players/9ca8b21c/Macauley-Bonne,7,7,zw ZIM,FW,24-364,90,22,0,1,9,12,1,22,0,0,,0,,15,46,6,0,0,0,3,3,19,7,https://fbref.com/en/players/9ca8b21c/Macauley-Bonne-Macauley Bonne,
1,Lyndon Dykes,https://fbref.com/en/players/cd92357a/Lyndon-Dykes,9,9,sct SCO,FW,25-017,67,23,0,0,9,14,2,23,1,1,100.0,0,0.0,9,22,1,0,0,0,3,0,16,2,https://fbref.com/en/players/cd92357a/Lyndon-Dykes-Lyndon Dykes,
2,Dominic Ball,https://fbref.com/en/players/79d61875/Dominic-Ball,12,12,eng ENG,"DM,FW",25-083,23,25,0,5,18,3,0,25,1,1,100.0,0,0.0,16,74,25,0,0,0,1,0,15,0,https://fbref.com/en/players/79d61875/Dominic-Ball-Dominic Ball,
3,Bright Osayi-Samuel,https://fbref.com/en/players/03b6afa9/Bright-Osayi-Samuel,11,11,ng NGA,"LM,RW",22-298,90,43,0,0,15,28,11,43,4,3,75.0,1,25.0,35,280,95,3,3,1,4,5,40,11,https://fbref.com/en/players/03b6afa9/Bright-Osayi-Samuel-Bright Osayi-Samuel,
4,Ilias Chair,https://fbref.com/en/players/ad7873cb/Ilias-Chair,10,10,ma MAR,"CM,AM",22-360,90,55,0,0,28,27,4,55,2,2,100.0,0,0.0,32,174,73,1,1,0,3,2,41,2,https://fbref.com/en/players/ad7873cb/Ilias-Chair-Ilias Chair,
5,Albert Adomah,https://fbref.com/en/players/c7174e81/Albert-Adomah,37,37,gh GHA,RM,32-316,68,38,1,4,23,11,0,38,0,0,,0,,21,121,55,2,1,0,2,3,29,4,https://fbref.com/en/players/c7174e81/Albert-Adomah-Albert Adomah,
6,Chris Willock,https://fbref.com/en/players/be0bd828/Chris-Willock,21,21,eng ENG,"LW,RM",22-267,22,14,1,2,10,2,0,14,1,1,100.0,0,0.0,10,72,32,0,0,0,1,1,11,1,https://fbref.com/en/players/be0bd828/Chris-Willock-Chris Willock,
7,Geoff Cameron,https://fbref.com/en/players/1a160ea3/Geoff-Cameron,20,20,us USA,DM,35-105,90,74,5,19,50,5,0,74,0,0,,0,,43,189,118,2,1,0,1,1,51,1,https://fbref.com/en/players/1a160ea3/Geoff-Cameron-Geoff Cameron,
8,Lee Wallace,https://fbref.com/en/players/c3a396e2/Lee-Wallace,3,3,sct SCO,LB,33-084,29,26,0,9,15,3,0,26,0,0,,0,,16,75,51,1,0,0,1,0,19,1,https://fbref.com/en/players/c3a396e2/Lee-Wallace-Lee Wallace,
9,Niko Hämäläinen,https://fbref.com/en/players/4435db1e/Niko-Hamalainen,25,25,fi FIN,LB,23-233,61,51,1,16,27,8,0,51,0,0,,0,,26,132,78,1,3,0,0,0,27,2,https://fbref.com/en/players/4435db1e/Niko-Hamalainen-Niko Hämäläinen,
10,Yoann Barbet,https://fbref.com/en/players/c52bbd2c/Yoann-Barbet,6,6,fr FRA,CB,27-167,90,100,11,56,42,2,1,100,0,0,,0,,54,200,142,1,0,0,0,0,75,0,https://fbref.com/en/players/c52bbd2c/Yoann-Barbet-Yoann Barbet,
11,Robert Dickie,https://fbref.com/en/players/c7dfc411/Robert-Dickie,4,4,eng ENG,CB,24-235,90,103,12,59,42,3,1,103,1,1,100.0,0,0.0,56,307,211,3,1,0,1,0,66,1,https://fbref.com/en/players/c7dfc411/Robert-Dickie-Robert Dickie,
12,Osman Kakay,https://fbref.com/en/players/0aed0751/Osman-Kakay,24,24,sl SLE,RB,23-060,90,85,4,17,50,18,1,85,1,0,0.0,1,100.0,52,235,139,4,1,0,1,1,53,5,https://fbref.com/en/players/0aed0751/Osman-Kakay-Osman Kakay,
13,Seny Dieng,https://fbref.com/en/players/c135cddd/Seny-Dieng,13,13,sn SEN,GK,25-336,90,58,47,58,0,0,0,58,0,0,,0,,35,179,139,0,0,0,0,0,30,0,https://fbref.com/en/players/c135cddd/Seny-Dieng-Seny Dieng,
