,Minute,Player,Squad,xG,PSxG,Outcome,Distance,Body Part,Notes,SCA 1 Player,SCA 1 Event,SCA 2 Player,SCA 2 Event
0,2,Jonathan Leko,Birmingham City,0.39,,Off Target,10,Left Foot,Volley,Maxime Colin,Pass (Live),Mikel San José,Pass (Live)
1,13,Ilias Chair,QPR,0.06,,Blocked,12,Right Foot,Volley,Albert Adomah,Pass (Live),Osman Kakay,Pass (Live)
2,13,Geoff Cameron,QPR,0.04,,Blocked,25,Right Foot,,Macauley Bonne,Pass (Live),Ilias Chair,Shot
3,25,Jonathan Leko,Birmingham City,0.06,,Blocked,11,Left Foot,,Kristian Pedersen,Pass (Live),Ivan Šunjić,Pass (Live)
4,34,Lyndon Dykes,QPR,0.05,,Blocked,21,Left Foot,,Geoff Cameron,Pass (Live),Geoff Cameron,Interception
5,41,Bright Osayi-Samuel,QPR,0.04,,Off Target,21,Right Foot,,Bright Osayi-Samuel,Take-On,Seny Dieng,Pass (Live)
6,44,Ivan Šunjić,Birmingham City,0.03,,Off Target,30,Right Foot,,Gary Gardner,Pass (Live),,
7,,,,,,,,,,,,,
8,49,Gary Gardner,Birmingham City,0.04,,Off Target,18,Right Foot,Volley,Jonathan Leko,Pass (Live),George Friend,Pass (Live)
9,51,Albert Adomah,QPR,0.04,,Blocked,22,Left Foot,,Geoff Cameron,Pass (Live),Ilias Chair,Pass (Live)
10,52,Bright Osayi-Samuel,QPR,0.06,,Blocked,9,Left Foot,,Ilias Chair,Pass (Dead),Albert Adomah,Shot
11,52,Bright Osayi-Samuel,QPR,0.06,,Blocked,11,Right Foot,Volley,Ilias Chair,Pass (Live),Bright Osayi-Samuel,Pass (Live)
12,53,Lyndon Dykes,QPR,0.06,,Blocked,10,Head,,Ilias Chair,Pass (Dead),Bright Osayi-Samuel,Shot
13,53,Yoann Barbet,QPR,0.04,,Off Target,10,Head,,Ilias Chair,Pass (Dead),Lyndon Dykes,Shot
14,55,Scott Hogan,Birmingham City,0.59,0.54,Saved,4,Right Foot,,Marc Roberts,Pass (Live),Mikel San José,Pass (Dead)
15,61,Ivan Šunjić,Birmingham City,0.03,,Blocked,28,Right Foot,,Gary Gardner,Pass (Live),Harlee Dean,Pass (Live)
16,61,Ivan Šunjić,Birmingham City,0.04,0.30,Saved,23,Right Foot,,Ivan Šunjić,Pass (Live),Ivan Šunjić,Shot
17,61,Mikel San José,Birmingham City,0.05,,Blocked,19,Right Foot,,Maxime Colin,Pass (Live),Ivan Šunjić,Shot
18,74,Kristian Pedersen,Birmingham City,0.28,,Off Target,13,Left Foot,,Lukas Jutkiewicz,Pass (Live),Scott Hogan,Pass (Live)
19,75,Dominic Ball,QPR,0.03,,Off Target,29,Right Foot,,Niko Hämäläinen,Pass (Live),Dominic Ball,Pass (Live)
20,78,Mikel San José,Birmingham City,0.05,0.15,Saved,11,Head,,Iván Sánchez,Pass (Dead),Iván Sánchez,Pass (Live)
21,79,Robert Dickie,QPR,0.05,,Off Target,13,Head,,Ilias Chair,Pass (Live),Bright Osayi-Samuel,Pass (Live)
22,82,Bright Osayi-Samuel,QPR,0.07,,Blocked,11,Left Foot,,Osman Kakay,Pass (Live),Ilias Chair,Pass (Live)
23,84,Ilias Chair,QPR,0.03,,Off Target,28,Right Foot,,Macauley Bonne,Pass (Live),Geoff Cameron,Pass (Live)
24,86,Bright Osayi-Samuel,QPR,0.09,,Off Target,12,Right Foot,,Bright Osayi-Samuel,Take-On,Osman Kakay,Pass (Live)
25,88,Ilias Chair,QPR,0.09,,Off Target,11,Left Foot,,,,,
