,Player Name,Player Number,Player,#,Nation,Pos,Age,Min,Touches,Def Pen,Def 3rd,Mid 3rd,Att 3rd,Att Pen,Live,Att,Succ,Succ%,Tkld,Tkld%,Carries,TotDist,PrgDist,PrgC,1/3,CPA,Mis,Dis,Rec,PrgR,Player Key,Player Link
0,Duván Zapata,https://fbref.com/en/players/d3de9af0/Duvan-Zapata,91,91,co COL,FW,29-178,84,42,0,2,16,24,8,42,3,2,66.7,1,33.3,26,171,67,3,1,3,4,1,34,15,https://fbref.com/en/players/d3de9af0/Duvan-Zapata-Duván Zapata,
1,Sam Lammers,https://fbref.com/en/players/c283ddef/Sam-Lammers,7,7,nl NED,FW,23-149,6,5,0,0,1,4,1,5,0,0,,0,,3,2,0,0,0,0,1,0,5,2,https://fbref.com/en/players/c283ddef/Sam-Lammers-Sam Lammers,
2,Luis Muriel,https://fbref.com/en/players/eb2fe5b6/Luis-Muriel,9,9,co COL,FW,29-163,63,44,0,1,15,28,9,44,2,1,50.0,1,50.0,24,99,26,1,0,0,4,0,36,12,https://fbref.com/en/players/eb2fe5b6/Luis-Muriel-Luis Muriel,
3,Ruslan Malinovskyi,https://fbref.com/en/players/48d5bd33/Ruslan-Malinovskyi,18,18,ua UKR,FW,27-145,27,24,0,2,8,15,2,24,2,2,100.0,0,0.0,16,83,27,2,0,1,2,1,20,3,https://fbref.com/en/players/48d5bd33/Ruslan-Malinovskyi-Ruslan Malinovskyi,
4,Papu Gómez,https://fbref.com/en/players/6e4df551/Papu-Gomez,10,10,ar ARG,AM,32-224,83,62,0,6,31,27,1,62,3,1,33.3,2,66.7,43,235,120,2,2,0,1,1,48,1,https://fbref.com/en/players/6e4df551/Papu-Gomez-Papu Gómez,
5,Mario Pašalić,https://fbref.com/en/players/e599253a/Mario-Pasalic,88,88,hr CRO,AM,25-230,7,8,0,0,5,4,0,8,0,0,,0,,5,24,3,0,0,0,0,1,6,0,https://fbref.com/en/players/e599253a/Mario-Pasalic-Mario Pašalić,
6,Remo Freuler,https://fbref.com/en/players/98d2c2c4/Remo-Freuler,11,11,ch SUI,CM,28-164,90,75,0,10,44,21,1,75,1,1,100.0,0,0.0,37,133,54,1,2,0,3,2,54,1,https://fbref.com/en/players/98d2c2c4/Remo-Freuler-Remo Freuler,
7,Marten de Roon,https://fbref.com/en/players/2a1beb34/Marten-de-Roon,15,15,nl NED,CM,29-181,90,70,0,8,48,14,2,70,3,3,100.0,0,0.0,27,116,50,3,2,1,0,0,49,0,https://fbref.com/en/players/2a1beb34/Marten-de-Roon-Marten de Roon,
8,Robin Gosens,https://fbref.com/en/players/2d970560/Robin-Gosens,8,8,de GER,WB,26-083,84,70,2,17,27,28,7,70,3,1,33.3,2,66.7,39,257,159,6,1,2,1,3,45,15,https://fbref.com/en/players/2d970560/Robin-Gosens-Robin Gosens,
9,Johan Mojica,https://fbref.com/en/players/608f2092/Johan-Mojica,26,26,co COL,WB,28-036,6,10,0,0,6,4,1,10,0,0,,0,,8,52,35,2,1,1,0,0,10,0,https://fbref.com/en/players/608f2092/Johan-Mojica-Johan Mojica,
10,Hans Hateboer,https://fbref.com/en/players/3b333ac3/Hans-Hateboer,33,33,nl NED,WB,26-261,90,77,2,12,34,31,5,77,0,0,,0,,44,151,84,3,0,0,5,0,56,11,https://fbref.com/en/players/3b333ac3/Hans-Hateboer-Hans Hateboer,
11,Bosko Sutalo,https://fbref.com/en/players/1d0bb7e4/Bosko-Sutalo,4,4,hr CRO,CB,20-269,90,70,2,37,31,4,1,70,1,1,100.0,0,0.0,32,163,95,2,0,0,1,0,44,0,https://fbref.com/en/players/1d0bb7e4/Bosko-Sutalo-Bosko Sutalo,
12,Mattia Caldara,https://fbref.com/en/players/ac7e640b/Mattia-Caldara,13,13,it ITA,CB,26-144,45,31,0,15,16,0,0,31,0,0,,0,,17,68,7,0,0,0,0,0,17,0,https://fbref.com/en/players/ac7e640b/Mattia-Caldara-Mattia Caldara,
13,José Luis Palomino,https://fbref.com/en/players/921f6058/Jose-Luis-Palomino,6,6,ar ARG,CB,30-265,45,34,6,17,16,1,1,34,0,0,,0,,8,29,17,0,0,0,0,0,15,0,https://fbref.com/en/players/921f6058/Jose-Luis-Palomino-José Luis Palomino,
14,Rafael Tolói,https://fbref.com/en/players/c56dc39e/Rafael-Toloi,2,2,it ITA,CB,29-352,90,58,7,22,29,7,0,58,0,0,,0,,26,150,84,0,1,0,0,0,39,1,https://fbref.com/en/players/c56dc39e/Rafael-Toloi-Rafael Tolói,
15,Marco Sportiello,https://fbref.com/en/players/ac4003af/Marco-Sportiello,57,57,it ITA,GK,28-139,90,24,15,24,0,0,0,24,0,0,,0,,15,39,16,0,0,0,0,0,11,0,https://fbref.com/en/players/ac4003af/Marco-Sportiello-Marco Sportiello,
