,Player Name,Player Number,Player,#,Nation,Pos,Age,Min,Gls,Ast,PK,PKatt,Sh,SoT,CrdY,CrdR,Touches,Tkl,Int,Blocks,xG,npxG,xAG,SCA,GCA,Cmp,Att,Cmp%,PrgP,Carries,PrgC,Att,Succ,Player Key,Player Link
0,Duván Zapata,https://fbref.com/en/players/d3de9af0/Duvan-Zapata,91,91,co COL,FW,29-178,84,0,1,0,0,3,1,0,0,42,0,0,1,0.6,0.6,0.1,5,1,24,28,85.7,1,26,3,3,2,https://fbref.com/en/players/d3de9af0/Duvan-Zapata-Duván Zapata,
1,Sam Lammers,https://fbref.com/en/players/c283ddef/Sam-Lammers,7,7,nl NED,FW,23-149,6,0,0,0,0,0,0,0,0,5,0,0,0,0.0,0.0,0.0,0,0,4,4,100.0,0,3,0,0,0,https://fbref.com/en/players/c283ddef/Sam-Lammers-Sam Lammers,
2,Luis Muriel,https://fbref.com/en/players/eb2fe5b6/Luis-Muriel,9,9,co COL,FW,29-163,63,1,1,0,0,4,1,0,0,44,1,0,0,0.2,0.2,0.1,3,1,20,31,64.5,4,24,1,2,1,https://fbref.com/en/players/eb2fe5b6/Luis-Muriel-Luis Muriel,
3,Ruslan Malinovskyi,https://fbref.com/en/players/48d5bd33/Ruslan-Malinovskyi,18,18,ua UKR,FW,27-145,27,0,0,0,0,1,1,0,0,24,1,0,0,0.1,0.1,0.0,1,0,12,17,70.6,2,16,2,2,2,https://fbref.com/en/players/48d5bd33/Ruslan-Malinovskyi-Ruslan Malinovskyi,
4,Papu Gómez,https://fbref.com/en/players/6e4df551/Papu-Gomez,10,10,ar ARG,AM,32-224,83,1,2,0,0,4,2,0,0,62,1,0,1,0.2,0.2,0.7,5,2,43,52,82.7,11,43,2,3,1,https://fbref.com/en/players/6e4df551/Papu-Gomez-Papu Gómez,
5,Mario Pašalić,https://fbref.com/en/players/e599253a/Mario-Pasalic,88,88,hr CRO,AM,25-230,7,0,0,0,0,0,0,0,0,8,0,0,0,0.0,0.0,0.0,0,0,7,8,87.5,0,5,0,0,0,https://fbref.com/en/players/e599253a/Mario-Pasalic-Mario Pašalić,
6,Remo Freuler,https://fbref.com/en/players/98d2c2c4/Remo-Freuler,11,11,ch SUI,CM,28-164,90,0,0,0,0,0,0,1,0,75,2,2,2,0.0,0.0,0.7,3,1,57,65,87.7,9,37,1,1,1,https://fbref.com/en/players/98d2c2c4/Remo-Freuler-Remo Freuler,
7,Marten de Roon,https://fbref.com/en/players/2a1beb34/Marten-de-Roon,15,15,nl NED,CM,29-181,90,1,0,0,0,2,1,0,0,70,3,3,2,0.1,0.1,0.0,2,0,52,63,82.5,15,27,3,3,3,https://fbref.com/en/players/2a1beb34/Marten-de-Roon-Marten de Roon,
8,Robin Gosens,https://fbref.com/en/players/2d970560/Robin-Gosens,8,8,de GER,WB,26-083,84,0,0,0,0,2,0,0,0,70,1,1,2,0.2,0.2,0.3,7,2,47,61,77.0,6,39,6,3,1,https://fbref.com/en/players/2d970560/Robin-Gosens-Robin Gosens,
9,Johan Mojica,https://fbref.com/en/players/608f2092/Johan-Mojica,26,26,co COL,WB,28-036,6,0,0,0,0,0,0,0,0,10,0,0,0,0.0,0.0,0.0,0,0,9,10,90.0,1,8,2,0,0,https://fbref.com/en/players/608f2092/Johan-Mojica-Johan Mojica,
10,Hans Hateboer,https://fbref.com/en/players/3b333ac3/Hans-Hateboer,33,33,nl NED,WB,26-261,90,1,0,0,0,2,1,0,0,77,0,2,1,0.7,0.7,0.1,2,0,56,64,87.5,4,44,3,0,0,https://fbref.com/en/players/3b333ac3/Hans-Hateboer-Hans Hateboer,
11,Bosko Sutalo,https://fbref.com/en/players/1d0bb7e4/Bosko-Sutalo,4,4,hr CRO,CB,20-269,90,0,0,0,0,0,0,0,0,70,0,2,0,0.0,0.0,0.0,1,0,49,59,83.1,1,32,2,1,1,https://fbref.com/en/players/1d0bb7e4/Bosko-Sutalo-Bosko Sutalo,
12,Mattia Caldara,https://fbref.com/en/players/ac7e640b/Mattia-Caldara,13,13,it ITA,CB,26-144,45,0,0,0,0,0,0,1,0,31,1,0,1,0.0,0.0,0.0,0,0,22,26,84.6,1,17,0,0,0,https://fbref.com/en/players/ac7e640b/Mattia-Caldara-Mattia Caldara,
13,José Luis Palomino,https://fbref.com/en/players/921f6058/Jose-Luis-Palomino,6,6,ar ARG,CB,30-265,45,0,0,0,0,0,0,0,0,34,1,1,3,0.0,0.0,0.0,0,0,24,27,88.9,3,8,0,0,0,https://fbref.com/en/players/921f6058/Jose-Luis-Palomino-José Luis Palomino,
14,Rafael Tolói,https://fbref.com/en/players/c56dc39e/Rafael-Toloi,2,2,it ITA,CB,29-352,90,0,0,0,0,0,0,0,0,58,1,1,1,0.0,0.0,0.0,1,0,44,52,84.6,3,26,0,0,0,https://fbref.com/en/players/c56dc39e/Rafael-Toloi-Rafael Tolói,
15,Marco Sportiello,https://fbref.com/en/players/ac4003af/Marco-Sportiello,57,57,it ITA,GK,28-139,90,0,0,0,0,0,0,0,0,24,0,0,0,0.0,0.0,0.0,0,0,20,24,83.3,0,15,0,0,0,https://fbref.com/en/players/ac4003af/Marco-Sportiello-Marco Sportiello,
