,Minute,Player,Squad,xG,PSxG,Outcome,Distance,Body Part,Notes,SCA 1 Player,SCA 1 Event,SCA 2 Player,SCA 2 Event
0,7,Simone Zaza,Torino,0.07,,Woodwork,15,Left Foot,,Nicola Murru,Pass (Dead),,
1,11,Andrea Belotti,Torino,0.29,0.83,Goal,11,Left Foot,,Tomás Rincón,Pass (Live),Tomás Rincón,Take-On
2,12,Luis Muriel,Atalanta,0.03,,Off Target,20,Right Foot,,,,,
3,12,Marten de Roon,Atalanta,0.02,,Blocked,29,Right Foot,,Luis Muriel,Shot,,
4,13,Papu Gómez,Atalanta,0.03,0.40,Goal,28,Right Foot,,Duván Zapata,Pass (Live),Robin Gosens,Pass (Live)
5,14,Simone Zaza,Torino,0.03,,Blocked,23,Left Foot,,Andrea Belotti,Pass (Live),Gleison Bremer,Pass (Live)
6,16,Duván Zapata,Atalanta,0.20,,Off Target,5,Head,,Robin Gosens,Pass (Live),Marten de Roon,Pass (Live)
7,19,Robin Gosens,Atalanta,0.19,,Off Target,9,Left Foot,Volley,Papu Gómez,Pass (Live),Hans Hateboer,Pass (Live)
8,21,Luis Muriel,Atalanta,0.04,0.47,Goal,17,Right Foot,Volley,Papu Gómez,Pass (Live),Remo Freuler,Pass (Live)
9,29,Duván Zapata,Atalanta,0.02,0.09,Saved,31,Right Foot,Volley,,,,
10,33,Luis Muriel,Atalanta,0.02,,Blocked,29,Right Foot,,Marten de Roon,Pass (Live),Bosko Sutalo,Pass (Live)
11,34,Duván Zapata,Atalanta,0.38,,Off Target,11,Right Foot,Volley,Remo Freuler,Pass (Live),Duván Zapata,Pass (Live)
12,42,Hans Hateboer,Atalanta,0.38,0.66,Goal,6,Right Foot,Volley,Papu Gómez,Pass (Live),Robin Gosens,Pass (Live)
13,43,Andrea Belotti,Torino,0.06,0.34,Goal,10,Head,,Mërgim Vojvoda,Pass (Live),Álex Berenguer,Pass (Live)
14,,,,,,,,,,,,,
15,47,Luis Muriel,Atalanta,0.06,,Off Target,14,Right Foot,,Papu Gómez,Pass (Live),Papu Gómez,Tackle
16,51,Papu Gómez,Atalanta,0.06,,Off Target,28,Right Foot,Free kick,Robin Gosens,Fouled,Duván Zapata,Pass (Live)
17,53,Álex Berenguer,Torino,0.04,0.15,Saved,20,Left Foot,,Álex Berenguer,Take-On,Nicolas Nkoulou,Pass (Live)
18,54,Hans Hateboer,Atalanta,0.33,,Off Target,6,Head,,Remo Freuler,Pass (Live),Robin Gosens,Pass (Live)
19,54,Marten de Roon,Atalanta,0.07,0.18,Goal,16,Left Foot,,Luis Muriel,Pass (Live),,
20,59,Papu Gómez,Atalanta,0.05,,Blocked,23,Right Foot,,Robin Gosens,Pass (Live),Rafael Tolói,Pass (Live)
21,60,Papu Gómez,Atalanta,0.08,0.12,Saved,10,Left Foot,Volley,Hans Hateboer,Pass (Live),Luis Muriel,Pass (Live)
22,65,Ruslan Malinovskyi,Atalanta,0.07,0.21,Saved,10,Head,,Duván Zapata,Pass (Live),Robin Gosens,Pass (Live)
23,73,Robin Gosens,Atalanta,0.05,,Blocked,19,Left Foot,,Ruslan Malinovskyi,Pass (Live),Duván Zapata,Pass (Live)
24,90+4,Andrea Belotti,Torino,0.05,,Blocked,23,Right Foot,,Andrea Belotti,Take-On,Simone Verdi,Pass (Live)
25,90+5,Gleison Bremer,Torino,0.07,0.18,Saved,8,Head,,Vincenzo Millico,Pass (Dead),Jacopo Segre,Fouled
