,Player Name,Player Number,Player,#,Nation,Pos,Age,Min,Gls,Ast,PK,PKatt,Sh,SoT,CrdY,CrdR,Touches,Tkl,Int,Blocks,xG,npxG,xAG,SCA,GCA,Cmp,Att,Cmp%,PrgP,Carries,PrgC,Att,Succ,Player Key,Player Link
0,Andrea Belotti,https://fbref.com/en/players/d705ba44/Andrea-Belotti,9,9,it ITA,FW,26-281,90,2,0,0,0,3,2,0,0,41,0,0,1,0.4,0.4,0.0,2,0,14,23,60.9,0,20,1,5,3,https://fbref.com/en/players/d705ba44/Andrea-Belotti-Andrea Belotti,
1,Simone Zaza,https://fbref.com/en/players/9592289a/Simone-Zaza,11,11,it ITA,FW,29-093,74,0,0,0,0,2,0,1,0,25,0,1,2,0.1,0.1,0.0,0,0,9,14,64.3,0,14,1,0,0,https://fbref.com/en/players/9592289a/Simone-Zaza-Simone Zaza,
2,Vincenzo Millico,https://fbref.com/en/players/6817095b/Vincenzo-Millico,22,22,it ITA,FW,20-045,16,0,0,0,0,0,0,0,0,5,0,0,0,0.0,0.0,0.1,1,0,3,4,75.0,0,2,0,0,0,https://fbref.com/en/players/6817095b/Vincenzo-Millico-Vincenzo Millico,
3,Álex Berenguer,https://fbref.com/en/players/dc1c2fce/Alex-Berenguer,21,21,es ESP,AM,25-084,63,0,0,0,0,1,1,0,0,30,1,0,1,0.0,0.0,0.0,2,1,11,22,50.0,1,16,2,1,1,https://fbref.com/en/players/dc1c2fce/Alex-Berenguer-Álex Berenguer,
4,Simone Verdi,https://fbref.com/en/players/0375723e/Simone-Verdi,24,24,it ITA,AM,28-076,27,0,0,0,0,0,0,0,0,14,2,0,0,0.0,0.0,0.1,1,0,9,10,90.0,1,10,1,1,1,https://fbref.com/en/players/0375723e/Simone-Verdi-Simone Verdi,
5,Karol Linetty,https://fbref.com/en/players/d023d70f/Karol-Linetty,77,77,pl POL,LM,25-237,63,0,0,0,0,0,0,0,0,33,0,1,0,0.0,0.0,0.0,0,0,25,29,86.2,2,13,0,0,0,https://fbref.com/en/players/d023d70f/Karol-Linetty-Karol Linetty,
6,Saša Lukić,https://fbref.com/en/players/c6e8cf1f/Sasa-Lukic,7,7,rs SRB,LM,24-044,27,0,0,0,0,0,0,0,0,20,2,0,0,0.0,0.0,0.0,0,0,12,17,70.6,1,14,1,0,0,https://fbref.com/en/players/c6e8cf1f/Sasa-Lukic-Saša Lukić,
7,Tomás Rincón,https://fbref.com/en/players/f1cfc209/Tomas-Rincon,88,88,ve VEN,CM,32-257,79,0,1,0,0,0,0,0,0,53,1,1,3,0.0,0.0,0.3,2,2,42,46,91.3,2,27,3,1,1,https://fbref.com/en/players/f1cfc209/Tomas-Rincon-Tomás Rincón,
8,Jacopo Segre,https://fbref.com/en/players/3cb132e6/Jacopo-Segre,6,6,it ITA,CM,23-222,11,0,0,0,0,0,0,0,0,9,0,0,0,0.0,0.0,0.0,1,0,7,8,87.5,0,5,0,1,1,https://fbref.com/en/players/3cb132e6/Jacopo-Segre-Jacopo Segre,
9,Soualiho Meïté,https://fbref.com/en/players/5cec2c74/Soualiho-Meite,23,23,fr FRA,RM,26-193,90,0,0,0,0,0,0,0,0,66,4,2,1,0.0,0.0,0.0,0,0,41,50,82.0,3,34,1,3,2,https://fbref.com/en/players/5cec2c74/Soualiho-Meite-Soualiho Meïté,
10,Nicola Murru,https://fbref.com/en/players/d183e9d6/Nicola-Murru,29,29,it ITA,LB,25-285,90,0,0,0,0,0,0,0,0,62,0,0,0,0.0,0.0,0.1,1,0,37,56,66.1,2,30,0,0,0,https://fbref.com/en/players/d183e9d6/Nicola-Murru-Nicola Murru,
11,Nicolas Nkoulou,https://fbref.com/en/players/93cf32a8/Nicolas-Nkoulou,33,33,cm CMR,CB,30-183,90,0,0,0,0,0,0,0,0,63,1,1,1,0.0,0.0,0.0,1,0,45,53,84.9,0,37,1,0,0,https://fbref.com/en/players/93cf32a8/Nicolas-Nkoulou-Nicolas Nkoulou,
12,Gleison Bremer,https://fbref.com/en/players/5fd5ed86/Gleison-Bremer,3,3,br BRA,CB,23-192,90,0,0,0,0,1,1,0,0,62,2,1,2,0.1,0.1,0.0,1,0,41,49,83.7,0,29,0,0,0,https://fbref.com/en/players/5fd5ed86/Gleison-Bremer-Gleison Bremer,
13,Mërgim Vojvoda,https://fbref.com/en/players/be2706c0/Mergim-Vojvoda,27,27,xk KVX,RB,25-238,90,0,1,0,0,0,0,0,0,63,2,1,2,0.0,0.0,0.1,1,1,48,53,90.6,2,34,1,4,2,https://fbref.com/en/players/be2706c0/Mergim-Vojvoda-Mërgim Vojvoda,
14,Salvatore Sirigu,https://fbref.com/en/players/10dc46f0/Salvatore-Sirigu,39,39,it ITA,GK,33-258,90,0,0,0,0,0,0,0,0,52,0,0,0,0.0,0.0,0.0,0,0,32,49,65.3,0,32,0,0,0,https://fbref.com/en/players/10dc46f0/Salvatore-Sirigu-Salvatore Sirigu,
