,Player Name,Player Number,Player,#,Nation,Pos,Age,Min,Touches,Def Pen,Def 3rd,Mid 3rd,Att 3rd,Att Pen,Live,Att,Succ,Succ%,Tkld,Tkld%,Carries,TotDist,PrgDist,PrgC,1/3,CPA,Mis,Dis,Rec,PrgR,Player Key,Player Link
0,Andrea Belotti,https://fbref.com/en/players/d705ba44/Andrea-Belotti,9,9,it ITA,FW,26-281,90,41,1,1,23,19,5,41,5,3,60.0,2,40.0,20,123,46,1,2,0,5,1,26,4,https://fbref.com/en/players/d705ba44/Andrea-Belotti-Andrea Belotti,
1,Simone Zaza,https://fbref.com/en/players/9592289a/Simone-Zaza,11,11,it ITA,FW,29-093,74,25,1,2,10,13,2,25,0,0,,0,,14,79,22,1,0,1,2,2,15,3,https://fbref.com/en/players/9592289a/Simone-Zaza-Simone Zaza,
2,Vincenzo Millico,https://fbref.com/en/players/6817095b/Vincenzo-Millico,22,22,it ITA,FW,20-045,16,5,0,0,2,3,0,5,0,0,,0,,2,16,0,0,0,0,0,0,3,2,https://fbref.com/en/players/6817095b/Vincenzo-Millico-Vincenzo Millico,
3,Álex Berenguer,https://fbref.com/en/players/dc1c2fce/Alex-Berenguer,21,21,es ESP,AM,25-084,63,30,1,2,16,13,0,30,1,1,100.0,0,0.0,16,107,71,2,1,0,2,1,20,0,https://fbref.com/en/players/dc1c2fce/Alex-Berenguer-Álex Berenguer,
4,Simone Verdi,https://fbref.com/en/players/0375723e/Simone-Verdi,24,24,it ITA,AM,28-076,27,14,0,1,9,5,0,14,1,1,100.0,0,0.0,10,73,24,1,1,0,0,0,9,1,https://fbref.com/en/players/0375723e/Simone-Verdi-Simone Verdi,
5,Karol Linetty,https://fbref.com/en/players/d023d70f/Karol-Linetty,77,77,pl POL,LM,25-237,63,33,3,9,16,8,0,33,0,0,,0,,13,79,56,0,0,0,2,0,14,0,https://fbref.com/en/players/d023d70f/Karol-Linetty-Karol Linetty,
6,Saša Lukić,https://fbref.com/en/players/c6e8cf1f/Sasa-Lukic,7,7,rs SRB,LM,24-044,27,20,1,6,9,5,0,20,0,0,,0,,14,68,35,1,1,0,0,1,16,1,https://fbref.com/en/players/c6e8cf1f/Sasa-Lukic-Saša Lukić,
7,Tomás Rincón,https://fbref.com/en/players/f1cfc209/Tomas-Rincon,88,88,ve VEN,CM,32-257,79,53,5,23,28,3,0,53,1,1,100.0,0,0.0,27,154,95,3,2,0,1,0,36,0,https://fbref.com/en/players/f1cfc209/Tomas-Rincon-Tomás Rincón,
8,Jacopo Segre,https://fbref.com/en/players/3cb132e6/Jacopo-Segre,6,6,it ITA,CM,23-222,11,9,0,3,5,1,0,9,1,1,100.0,0,0.0,5,23,1,0,0,0,0,0,7,0,https://fbref.com/en/players/3cb132e6/Jacopo-Segre-Jacopo Segre,
9,Soualiho Meïté,https://fbref.com/en/players/5cec2c74/Soualiho-Meite,23,23,fr FRA,RM,26-193,90,66,1,14,43,11,1,66,3,2,66.7,1,33.3,34,107,46,1,1,0,3,1,42,1,https://fbref.com/en/players/5cec2c74/Soualiho-Meite-Soualiho Meïté,
10,Nicola Murru,https://fbref.com/en/players/d183e9d6/Nicola-Murru,29,29,it ITA,LB,25-285,90,62,3,31,26,6,0,62,0,0,,0,,30,91,44,0,1,0,0,1,35,1,https://fbref.com/en/players/d183e9d6/Nicola-Murru-Nicola Murru,
11,Nicolas Nkoulou,https://fbref.com/en/players/93cf32a8/Nicolas-Nkoulou,33,33,cm CMR,CB,30-183,90,63,13,35,28,0,0,63,0,0,,0,,37,147,80,1,0,0,0,0,39,0,https://fbref.com/en/players/93cf32a8/Nicolas-Nkoulou-Nicolas Nkoulou,
12,Gleison Bremer,https://fbref.com/en/players/5fd5ed86/Gleison-Bremer,3,3,br BRA,CB,23-192,90,62,12,34,26,2,1,62,0,0,,0,,29,175,47,0,0,0,0,0,41,0,https://fbref.com/en/players/5fd5ed86/Gleison-Bremer-Gleison Bremer,
13,Mërgim Vojvoda,https://fbref.com/en/players/be2706c0/Mergim-Vojvoda,27,27,xk KVX,RB,25-238,90,63,4,31,28,5,0,63,4,2,50.0,2,50.0,34,133,51,1,1,0,0,0,41,1,https://fbref.com/en/players/be2706c0/Mergim-Vojvoda-Mërgim Vojvoda,
14,Salvatore Sirigu,https://fbref.com/en/players/10dc46f0/Salvatore-Sirigu,39,39,it ITA,GK,33-258,90,52,36,52,0,0,0,52,0,0,,0,,32,123,99,0,0,0,0,0,29,0,https://fbref.com/en/players/10dc46f0/Salvatore-Sirigu-Salvatore Sirigu,
