,Player Name,Player Number,Player,#,Nation,Pos,Age,Min,Att,Live,Dead,FK,TB,Sw,Crs,TI,CK,In,Out,Str,Cmp,Off,Blocks,Player Key,Player Link
0,Andrea Belotti,https://fbref.com/en/players/d705ba44/Andrea-Belotti,9,9,it ITA,FW,26-281,90,23,17,6,1,0,0,1,0,0,0,0,0,14,0,4,https://fbref.com/en/players/d705ba44/Andrea-Belotti-Andrea Belotti,
1,Simone Zaza,https://fbref.com/en/players/9592289a/Simone-Zaza,11,11,it ITA,FW,29-093,74,14,13,0,0,0,0,0,0,0,0,0,0,9,1,1,https://fbref.com/en/players/9592289a/Simone-Zaza-Simone Zaza,
2,Vincenzo Millico,https://fbref.com/en/players/6817095b/Vincenzo-Millico,22,22,it ITA,FW,20-045,16,4,3,1,0,0,0,1,0,1,1,0,0,3,0,0,https://fbref.com/en/players/6817095b/Vincenzo-Millico-Vincenzo Millico,
3,Álex Berenguer,https://fbref.com/en/players/dc1c2fce/Alex-Berenguer,21,21,es ESP,AM,25-084,63,22,19,2,1,2,0,3,0,1,0,1,0,11,1,0,https://fbref.com/en/players/dc1c2fce/Alex-Berenguer-Álex Berenguer,
4,Simone Verdi,https://fbref.com/en/players/0375723e/Simone-Verdi,24,24,it ITA,AM,28-076,27,10,9,1,0,0,0,0,1,0,0,0,0,9,0,1,https://fbref.com/en/players/0375723e/Simone-Verdi-Simone Verdi,
5,Karol Linetty,https://fbref.com/en/players/d023d70f/Karol-Linetty,77,77,pl POL,LM,25-237,63,29,27,2,0,0,0,0,2,0,0,0,0,25,0,0,https://fbref.com/en/players/d023d70f/Karol-Linetty-Karol Linetty,
6,Saša Lukić,https://fbref.com/en/players/c6e8cf1f/Sasa-Lukic,7,7,rs SRB,LM,24-044,27,17,16,1,1,0,0,2,0,0,0,0,0,12,0,0,https://fbref.com/en/players/c6e8cf1f/Sasa-Lukic-Saša Lukić,
7,Tomás Rincón,https://fbref.com/en/players/f1cfc209/Tomas-Rincon,88,88,ve VEN,CM,32-257,79,46,44,2,2,1,0,0,0,0,0,0,0,42,0,0,https://fbref.com/en/players/f1cfc209/Tomas-Rincon-Tomás Rincón,
8,Jacopo Segre,https://fbref.com/en/players/3cb132e6/Jacopo-Segre,6,6,it ITA,CM,23-222,11,8,7,1,0,0,0,0,1,0,0,0,0,7,0,0,https://fbref.com/en/players/3cb132e6/Jacopo-Segre-Jacopo Segre,
9,Soualiho Meïté,https://fbref.com/en/players/5cec2c74/Soualiho-Meite,23,23,fr FRA,RM,26-193,90,50,49,1,1,0,0,1,0,0,0,0,0,41,0,2,https://fbref.com/en/players/5cec2c74/Soualiho-Meite-Soualiho Meïté,
10,Nicola Murru,https://fbref.com/en/players/d183e9d6/Nicola-Murru,29,29,it ITA,LB,25-285,90,56,44,12,2,0,0,2,10,0,0,0,0,37,0,1,https://fbref.com/en/players/d183e9d6/Nicola-Murru-Nicola Murru,
11,Nicolas Nkoulou,https://fbref.com/en/players/93cf32a8/Nicolas-Nkoulou,33,33,cm CMR,CB,30-183,90,53,51,2,2,0,0,0,0,0,0,0,0,45,0,0,https://fbref.com/en/players/93cf32a8/Nicolas-Nkoulou-Nicolas Nkoulou,
12,Gleison Bremer,https://fbref.com/en/players/5fd5ed86/Gleison-Bremer,3,3,br BRA,CB,23-192,90,49,48,1,1,0,0,0,0,0,0,0,0,41,0,1,https://fbref.com/en/players/5fd5ed86/Gleison-Bremer-Gleison Bremer,
13,Mërgim Vojvoda,https://fbref.com/en/players/be2706c0/Mergim-Vojvoda,27,27,xk KVX,RB,25-238,90,53,45,8,1,0,4,2,7,0,0,0,0,48,0,2,https://fbref.com/en/players/be2706c0/Mergim-Vojvoda-Mërgim Vojvoda,
14,Salvatore Sirigu,https://fbref.com/en/players/10dc46f0/Salvatore-Sirigu,39,39,it ITA,GK,33-258,90,49,37,12,2,0,0,0,0,0,0,0,0,32,0,0,https://fbref.com/en/players/10dc46f0/Salvatore-Sirigu-Salvatore Sirigu,
