season,injury,from,until,days,missed_games
22/23,unknown injury,"Jan 8, 2023","Jan 14, 2023",6 days,1
22/23,Adductor injury,"Nov 6, 2022","Nov 20, 2022",14 days,2
21/22,Knee injury,"May 22, 2022","Jun 8, 2022",17 days,-
20/21,Back problems,"Apr 3, 2021","Apr 11, 2021",8 days,2
19/20,Head injury,"Jul 13, 2020","Jul 18, 2020",5 days,2
19/20,Tonsillitis,"Sep 24, 2019","Sep 30, 2019",6 days,2
18/19,Knee collateral ligament tear,"Jun 17, 2019","Jul 14, 2019",27 days,?
16/17,Hamstring injury,"Mar 24, 2017","Apr 30, 2017",37 days,6
14/15,Knock,"Nov 15, 2014","Feb 11, 2015",88 days,8
13/14,unknown injury,"May 3, 2014","Jun 1, 2014",29 days,4
13/14,Hamstring injury,"Nov 25, 2013","Jan 14, 2014",50 days,7
13/14,muscular problems,"Sep 25, 2013","Oct 5, 2013",10 days,1
12/13,Femoral fracture,"Sep 10, 2012","Dec 16, 2012",97 days,25
