,Player Name,Player Number,Player,#,Nation,Pos,Age,Min,Touches,Def Pen,Def 3rd,Mid 3rd,Att 3rd,Att Pen,Live,Att,Succ,Succ%,Tkld,Tkld%,Carries,TotDist,PrgDist,PrgC,1/3,CPA,Mis,Dis,Rec,PrgR,Player Key,Player Link
0,Nikola Stojiljković,https://fbref.com/en/players/ca3e2783/Nikola-Stojiljkovic,9,9,rs SRB,FW,28-146,70,25,1,1,13,11,2,25,0,0,,0,,9,21,5,0,0,0,0,0,15,1,https://fbref.com/en/players/ca3e2783/Nikola-Stojiljkovic-Nikola Stojiljković,
1,Patrick,https://fbref.com/en/players/867b60b4/Patrick,19,19,cv CPV,FW,27-028,20,5,0,0,3,2,0,5,0,0,,0,,4,7,4,0,0,0,0,0,4,0,https://fbref.com/en/players/867b60b4/Patrick-Patrick,
2,Licá,https://fbref.com/en/players/41d84fed/Lica,88,88,pt POR,LW,32-124,60,26,0,4,13,9,2,26,1,0,0.0,1,100.0,11,135,1,0,0,0,3,1,10,1,https://fbref.com/en/players/41d84fed/Lica-Licá,
3,Hugo Seco,https://fbref.com/en/players/68ee9021/Hugo-Seco,7,7,pt POR,RW,32-207,37,8,0,1,4,3,3,8,0,0,,0,,5,18,10,1,0,1,1,1,5,1,https://fbref.com/en/players/68ee9021/Hugo-Seco-Hugo Seco,
4,Madi Queita,https://fbref.com/en/players/13ab460a/Madi-Queita,10,10,gw GNB,RW,22-081,53,18,0,4,10,6,1,18,4,2,50.0,2,50.0,15,182,111,3,4,0,1,1,12,2,https://fbref.com/en/players/13ab460a/Madi-Queita-Madi Queita,
5,Ryan Gauld,https://fbref.com/en/players/862e93c2/Ryan-Gauld,23,23,sct SCO,AM,25-025,81,35,2,9,12,16,3,35,4,2,50.0,2,50.0,16,109,50,2,0,1,1,0,15,6,https://fbref.com/en/players/862e93c2/Ryan-Gauld-Ryan Gauld,
6,Braian Mansilla,https://fbref.com/en/players/e4c37819/Braian-Mansilla,11,11,ar ARG,LW,23-269,9,4,0,1,3,0,0,4,1,0,0.0,1,100.0,2,8,0,0,0,0,0,0,1,0,https://fbref.com/en/players/e4c37819/Braian-Mansilla-Braian Mansilla,
7,Amine Oudrhiri,https://fbref.com/en/players/49c9c79a/Amine-Oudrhiri,5,5,ma MAR,DM,28-067,90,47,4,15,22,11,0,47,0,0,,0,,12,61,15,0,0,0,3,0,15,0,https://fbref.com/en/players/49c9c79a/Amine-Oudrhiri-Amine Oudrhiri,
8,Fabrício Isidoro,https://fbref.com/en/players/b70ca4b5/Fabricio-Isidoro,14,14,br BRA,DM,28-348,90,30,4,12,15,4,0,30,0,0,,0,,14,103,32,1,1,0,0,1,10,1,https://fbref.com/en/players/b70ca4b5/Fabricio-Isidoro-Fabrício Isidoro,
9,Fábio Alexandre da Silva Nunes,https://fbref.com/en/players/7cfc2860/Fabio-Alexandre-da-Silva-Nunes,92,92,pt POR,LB,28-170,90,38,3,10,15,13,0,38,2,1,50.0,1,50.0,18,147,70,3,2,0,1,0,15,1,https://fbref.com/en/players/7cfc2860/Fabio-Alexandre-da-Silva-Nunes-Fábio Alexandre da Silva Nunes,
10,Cássio,https://fbref.com/en/players/36334180/Cassio,41,41,br BRA,CB,27-007,90,31,4,22,9,2,2,31,0,0,,0,,9,51,32,0,0,0,0,0,11,0,https://fbref.com/en/players/36334180/Cassio-Cássio,
11,Burá,https://fbref.com/en/players/8e72cba8/Bura,13,13,gw GNB,CB,25-019,90,40,8,28,12,1,1,40,0,0,,0,,19,96,43,1,0,0,2,0,19,0,https://fbref.com/en/players/8e72cba8/Bura-Burá,
12,Alexandre Pinto,https://fbref.com/en/players/b05d8d93/Alexandre-Pinto,78,78,pt POR,RB,22-186,90,36,2,14,9,13,1,36,0,0,,0,,11,36,22,1,0,1,0,1,13,0,https://fbref.com/en/players/b05d8d93/Alexandre-Pinto-Alexandre Pinto,
13,Rafael Defendi,https://fbref.com/en/players/317d3e7b/Rafael-Defendi,12,12,br BRA,GK,37-019,90,39,32,39,0,0,0,39,0,0,,0,,15,79,65,0,0,0,0,0,11,0,https://fbref.com/en/players/317d3e7b/Rafael-Defendi-Rafael Defendi,
