,Player Name,Player Number,Player,#,Nation,Pos,Age,Min,Gls,Ast,PK,PKatt,Sh,SoT,CrdY,CrdR,Touches,Tkl,Int,Blocks,xG,npxG,xAG,SCA,GCA,Cmp,Att,Cmp%,PrgP,Carries,PrgC,Att,Succ,Player Key,Player Link
0,Nikola Stojiljković,https://fbref.com/en/players/ca3e2783/Nikola-Stojiljkovic,9,9,rs SRB,FW,28-146,70,1,0,0,0,2,1,0,0,25,0,0,1,0.1,0.1,0.0,0,0,8,19,42.1,2,9,0,0,0,https://fbref.com/en/players/ca3e2783/Nikola-Stojiljkovic-Nikola Stojiljković,
1,Patrick,https://fbref.com/en/players/867b60b4/Patrick,19,19,cv CPV,FW,27-028,20,0,0,0,0,0,0,0,0,5,0,0,0,0.0,0.0,0.0,0,0,1,3,33.3,1,4,0,0,0,https://fbref.com/en/players/867b60b4/Patrick-Patrick,
2,Licá,https://fbref.com/en/players/41d84fed/Lica,88,88,pt POR,LW,32-124,60,1,0,0,0,2,1,0,1,26,2,0,2,0.6,0.6,0.0,1,0,8,14,57.1,0,11,0,1,0,https://fbref.com/en/players/41d84fed/Lica-Licá,
3,Hugo Seco,https://fbref.com/en/players/68ee9021/Hugo-Seco,7,7,pt POR,RW,32-207,37,0,1,0,0,0,0,0,0,8,0,0,1,0.0,0.0,0.6,2,1,4,5,80.0,1,5,1,0,0,https://fbref.com/en/players/68ee9021/Hugo-Seco-Hugo Seco,
4,Madi Queita,https://fbref.com/en/players/13ab460a/Madi-Queita,10,10,gw GNB,RW,22-081,53,0,0,0,0,1,0,0,0,18,1,0,1,0.1,0.1,0.0,3,0,8,12,66.7,2,15,3,4,2,https://fbref.com/en/players/13ab460a/Madi-Queita-Madi Queita,
5,Ryan Gauld,https://fbref.com/en/players/862e93c2/Ryan-Gauld,23,23,sct SCO,AM,25-025,81,0,0,0,0,1,0,0,0,35,1,0,1,0.0,0.0,0.1,4,1,11,25,44.0,4,16,2,4,2,https://fbref.com/en/players/862e93c2/Ryan-Gauld-Ryan Gauld,
6,Braian Mansilla,https://fbref.com/en/players/e4c37819/Braian-Mansilla,11,11,ar ARG,LW,23-269,9,0,0,0,0,0,0,0,0,4,0,0,1,0.0,0.0,0.0,0,0,1,1,100.0,0,2,0,1,0,https://fbref.com/en/players/e4c37819/Braian-Mansilla-Braian Mansilla,
7,Amine Oudrhiri,https://fbref.com/en/players/49c9c79a/Amine-Oudrhiri,5,5,ma MAR,DM,28-067,90,0,1,0,0,0,0,0,0,47,1,4,1,0.0,0.0,0.6,4,1,21,31,67.7,1,12,0,0,0,https://fbref.com/en/players/49c9c79a/Amine-Oudrhiri-Amine Oudrhiri,
8,Fabrício Isidoro,https://fbref.com/en/players/b70ca4b5/Fabricio-Isidoro,14,14,br BRA,DM,28-348,90,1,0,0,0,1,1,0,0,30,1,1,3,0.0,0.0,0.0,0,0,16,21,76.2,0,14,1,0,0,https://fbref.com/en/players/b70ca4b5/Fabricio-Isidoro-Fabrício Isidoro,
9,Fábio Alexandre da Silva Nunes,https://fbref.com/en/players/7cfc2860/Fabio-Alexandre-da-Silva-Nunes,92,92,pt POR,LB,28-170,90,0,0,0,0,0,0,1,0,38,3,1,1,0.0,0.0,0.0,1,0,19,30,63.3,0,18,3,2,1,https://fbref.com/en/players/7cfc2860/Fabio-Alexandre-da-Silva-Nunes-Fábio Alexandre da Silva Nunes,
10,Cássio,https://fbref.com/en/players/36334180/Cassio,41,41,br BRA,CB,27-007,90,0,0,0,0,2,1,0,0,31,1,1,2,0.4,0.4,0.0,0,0,10,24,41.7,0,9,0,0,0,https://fbref.com/en/players/36334180/Cassio-Cássio,
11,Burá,https://fbref.com/en/players/8e72cba8/Bura,13,13,gw GNB,CB,25-019,90,0,0,0,0,1,0,0,0,40,0,3,1,0.1,0.1,0.0,0,0,12,30,40.0,1,19,1,0,0,https://fbref.com/en/players/8e72cba8/Bura-Burá,
12,Alexandre Pinto,https://fbref.com/en/players/b05d8d93/Alexandre-Pinto,78,78,pt POR,RB,22-186,90,0,0,0,0,0,0,0,0,36,1,1,0,0.0,0.0,0.0,1,0,19,31,61.3,1,11,1,0,0,https://fbref.com/en/players/b05d8d93/Alexandre-Pinto-Alexandre Pinto,
13,Rafael Defendi,https://fbref.com/en/players/317d3e7b/Rafael-Defendi,12,12,br BRA,GK,37-019,90,0,0,0,0,0,0,0,0,39,0,0,0,0.0,0.0,0.0,1,1,19,38,50.0,0,15,0,0,0,https://fbref.com/en/players/317d3e7b/Rafael-Defendi-Rafael Defendi,
