,Player Name,Player Number,Player,#,Nation,Pos,Age,Min,Touches,Def Pen,Def 3rd,Mid 3rd,Att 3rd,Att Pen,Live,Att,Succ,Succ%,Tkld,Tkld%,Carries,TotDist,PrgDist,PrgC,1/3,CPA,Mis,Dis,Rec,PrgR,Player Key,Player Link
0,Samuel Lino,https://fbref.com/en/players/2a295d33/Samuel-Lino,29,29,br BRA,FW,21-018,90,32,0,4,15,14,2,32,1,1,100.0,0,0.0,11,70,50,1,1,1,2,0,23,5,https://fbref.com/en/players/2a295d33/Samuel-Lino-Samuel Lino,
1,Lourency,https://fbref.com/en/players/a2496cc7/Lourency,7,7,br BRA,LW,25-008,90,40,0,2,13,26,0,40,6,4,66.7,2,33.3,21,161,90,3,2,0,1,2,27,7,https://fbref.com/en/players/a2496cc7/Lourency-Lourency,
2,Kanya Fujimoto,https://fbref.com/en/players/be040b84/Kanya-Fujimoto,20,20,jp JPN,RW,21-193,72,34,0,3,18,14,0,34,1,1,100.0,0,0.0,16,61,8,0,0,0,2,0,21,8,https://fbref.com/en/players/be040b84/Kanya-Fujimoto-Kanya Fujimoto,
3,Alaa Abbas,https://fbref.com/en/players/21e285cc/Alaa-Abbas,10,10,iq IRQ,RW,23-167,18,5,0,0,1,4,1,5,0,0,,0,,4,24,9,0,1,0,2,0,4,1,https://fbref.com/en/players/21e285cc/Alaa-Abbas-Alaa Abbas,
4,Vitor Carvalho,https://fbref.com/en/players/adc77724/Vitor-Carvalho,21,21,br BRA,LM,23-228,63,30,3,5,8,17,5,30,0,0,,0,,16,62,37,1,1,0,3,1,22,5,https://fbref.com/en/players/adc77724/Vitor-Carvalho-Vitor Carvalho,
5,Yves Baraye,https://fbref.com/en/players/9cf87d33/Yves-Baraye,22,22,sn SEN,LM,28-202,27,21,0,1,5,15,3,21,3,2,66.7,1,33.3,14,68,21,1,1,1,3,0,17,5,https://fbref.com/en/players/9cf87d33/Yves-Baraye-Yves Baraye,
6,Claude Gonçalves,https://fbref.com/en/players/5c78cb9e/Claude-Goncalves,8,8,pt POR,CM,26-276,90,76,0,7,58,11,2,76,2,2,100.0,0,0.0,33,187,87,1,0,0,1,1,59,4,https://fbref.com/en/players/5c78cb9e/Claude-Goncalves-Claude Gonçalves,
7,Lucas Mineiro,https://fbref.com/en/players/53f1c5de/Lucas-Mineiro,25,25,br BRA,RM,24-321,84,42,0,8,22,12,1,42,2,1,50.0,1,50.0,23,91,64,1,1,0,2,2,38,3,https://fbref.com/en/players/53f1c5de/Lucas-Mineiro-Lucas Mineiro,
8,Leandrinho,https://fbref.com/en/players/0a78f79e/Leandrinho,27,27,br BRA,RM,24-111,6,15,0,2,13,1,0,15,1,1,100.0,0,0.0,10,101,86,4,1,0,0,0,12,0,https://fbref.com/en/players/0a78f79e/Leandrinho-Leandrinho,
9,Talocha,https://fbref.com/en/players/99454b60/Talocha,31,31,pt POR,LB,31-133,84,69,1,21,24,25,0,69,0,0,,0,,21,46,21,0,1,0,1,0,36,9,https://fbref.com/en/players/99454b60/Talocha-Talocha,
10,Boubacar Hanne,https://fbref.com/en/players/1d9a8efe/Boubacar-Hanne,17,17,pt POR,LB,21-319,6,4,0,0,3,1,0,4,1,1,100.0,0,0.0,3,12,2,0,0,0,0,0,3,1,https://fbref.com/en/players/1d9a8efe/Boubacar-Hanne-Boubacar Hanne,
11,Rúben Fernandes,https://fbref.com/en/players/c6bdf383/Ruben-Fernandes,26,26,pt POR,CB,34-249,90,62,5,34,27,2,0,62,0,0,,0,,28,133,86,1,0,0,0,0,44,0,https://fbref.com/en/players/c6bdf383/Ruben-Fernandes-Rúben Fernandes,
12,Rodrigão,https://fbref.com/en/players/e226132d/Rodrigao,5,5,br BRA,CB,25-121,90,75,6,44,27,5,3,75,0,0,,0,,36,168,141,1,0,0,2,0,45,2,https://fbref.com/en/players/e226132d/Rodrigao-Rodrigão,
13,Joel Pereira,https://fbref.com/en/players/273cdcb1/Joel-Pereira,2,2,pt POR,RB,24-104,90,79,3,23,35,21,0,79,2,1,50.0,1,50.0,28,119,55,0,0,0,1,0,42,2,https://fbref.com/en/players/273cdcb1/Joel-Pereira-Joel Pereira,
14,Denis,https://fbref.com/en/players/1a3ff093/Denis,1,1,br BRA,GK,33-271,90,36,31,35,1,0,0,36,0,0,,0,,18,86,74,0,0,0,0,0,15,0,https://fbref.com/en/players/1a3ff093/Denis-Denis,
