,Player Name,Player Number,Player,#,Nation,Pos,Age,Min,Gls,Ast,PK,PKatt,Sh,SoT,CrdY,CrdR,Touches,Tkl,Int,Blocks,xG,npxG,xAG,SCA,GCA,Cmp,Att,Cmp%,PrgP,Carries,PrgC,Att,Succ,Player Key,Player Link
0,Samuel Lino,https://fbref.com/en/players/2a295d33/Samuel-Lino,29,29,br BRA,FW,21-018,90,0,0,0,0,2,1,0,0,32,0,0,0,0.1,0.1,0.0,1,0,21,28,75.0,2,11,1,1,1,https://fbref.com/en/players/2a295d33/Samuel-Lino-Samuel Lino,
1,Lourency,https://fbref.com/en/players/a2496cc7/Lourency,7,7,br BRA,LW,25-008,90,1,0,0,0,1,1,0,0,40,1,0,1,0.0,0.0,0.1,3,1,23,32,71.9,5,21,3,6,4,https://fbref.com/en/players/a2496cc7/Lourency-Lourency,
2,Kanya Fujimoto,https://fbref.com/en/players/be040b84/Kanya-Fujimoto,20,20,jp JPN,RW,21-193,72,0,0,0,0,0,0,0,0,34,2,1,2,0.0,0.0,0.0,1,0,19,26,73.1,2,16,0,1,1,https://fbref.com/en/players/be040b84/Kanya-Fujimoto-Kanya Fujimoto,
3,Alaa Abbas,https://fbref.com/en/players/21e285cc/Alaa-Abbas,10,10,iq IRQ,RW,23-167,18,0,0,0,0,0,0,0,0,5,0,0,0,0.0,0.0,0.0,0,0,3,3,100.0,0,4,0,0,0,https://fbref.com/en/players/21e285cc/Alaa-Abbas-Alaa Abbas,
4,Vitor Carvalho,https://fbref.com/en/players/adc77724/Vitor-Carvalho,21,21,br BRA,LM,23-228,63,0,0,0,0,0,0,0,0,30,1,0,0,0.0,0.0,0.0,0,0,14,20,70.0,1,16,1,0,0,https://fbref.com/en/players/adc77724/Vitor-Carvalho-Vitor Carvalho,
5,Yves Baraye,https://fbref.com/en/players/9cf87d33/Yves-Baraye,22,22,sn SEN,LM,28-202,27,0,0,0,0,1,1,0,0,21,2,0,0,0.0,0.0,0.1,1,0,8,13,61.5,0,14,1,3,2,https://fbref.com/en/players/9cf87d33/Yves-Baraye-Yves Baraye,
6,Claude Gonçalves,https://fbref.com/en/players/5c78cb9e/Claude-Goncalves,8,8,pt POR,CM,26-276,90,0,0,0,0,0,0,1,0,76,2,2,2,0.0,0.0,0.0,2,0,62,69,89.9,11,33,1,2,2,https://fbref.com/en/players/5c78cb9e/Claude-Goncalves-Claude Gonçalves,
7,Lucas Mineiro,https://fbref.com/en/players/53f1c5de/Lucas-Mineiro,25,25,br BRA,RM,24-321,84,0,0,0,0,0,0,0,0,42,1,0,0,0.0,0.0,0.0,0,0,28,35,80.0,6,23,1,2,1,https://fbref.com/en/players/53f1c5de/Lucas-Mineiro-Lucas Mineiro,
8,Leandrinho,https://fbref.com/en/players/0a78f79e/Leandrinho,27,27,br BRA,RM,24-111,6,0,0,0,0,0,0,0,0,15,1,0,1,0.0,0.0,0.0,0,0,12,16,75.0,5,10,4,1,1,https://fbref.com/en/players/0a78f79e/Leandrinho-Leandrinho,
9,Talocha,https://fbref.com/en/players/99454b60/Talocha,31,31,pt POR,LB,31-133,84,0,0,0,0,1,0,0,0,69,0,0,0,0.0,0.0,0.0,0,0,40,63,63.5,5,21,0,0,0,https://fbref.com/en/players/99454b60/Talocha-Talocha,
10,Boubacar Hanne,https://fbref.com/en/players/1d9a8efe/Boubacar-Hanne,17,17,pt POR,LB,21-319,6,0,0,0,0,0,0,0,0,4,0,0,0,0.0,0.0,0.0,0,0,2,4,50.0,0,3,0,1,1,https://fbref.com/en/players/1d9a8efe/Boubacar-Hanne-Boubacar Hanne,
11,Rúben Fernandes,https://fbref.com/en/players/c6bdf383/Ruben-Fernandes,26,26,pt POR,CB,34-249,90,0,0,0,0,0,0,1,0,62,0,0,3,0.0,0.0,0.0,0,0,50,58,86.2,6,28,1,0,0,https://fbref.com/en/players/c6bdf383/Ruben-Fernandes-Rúben Fernandes,
12,Rodrigão,https://fbref.com/en/players/e226132d/Rodrigao,5,5,br BRA,CB,25-121,90,0,1,0,0,1,0,0,0,75,1,1,0,0.1,0.1,0.0,1,1,51,67,76.1,3,36,1,0,0,https://fbref.com/en/players/e226132d/Rodrigao-Rodrigão,
13,Joel Pereira,https://fbref.com/en/players/273cdcb1/Joel-Pereira,2,2,pt POR,RB,24-104,90,0,0,0,0,0,0,0,0,79,1,3,2,0.0,0.0,0.0,2,0,52,65,80.0,7,28,0,2,1,https://fbref.com/en/players/273cdcb1/Joel-Pereira-Joel Pereira,
14,Denis,https://fbref.com/en/players/1a3ff093/Denis,1,1,br BRA,GK,33-271,90,0,0,0,0,0,0,0,0,36,0,0,0,0.0,0.0,0.0,0,0,29,36,80.6,0,18,0,0,0,https://fbref.com/en/players/1a3ff093/Denis-Denis,
