,Player Name,Player Number,Player,#,Nation,Pos,Age,Min,Att,Live,Dead,FK,TB,Sw,Crs,TI,CK,In,Out,Str,Cmp,Off,Blocks,Player Key,Player Link
0,Samuel Lino,https://fbref.com/en/players/2a295d33/Samuel-Lino,29,29,br BRA,FW,21-018,90,28,23,5,1,0,0,0,0,0,0,0,0,21,0,3,https://fbref.com/en/players/2a295d33/Samuel-Lino-Samuel Lino,
1,Lourency,https://fbref.com/en/players/a2496cc7/Lourency,7,7,br BRA,LW,25-008,90,32,26,6,4,0,0,7,0,2,0,1,0,23,0,0,https://fbref.com/en/players/a2496cc7/Lourency-Lourency,
2,Kanya Fujimoto,https://fbref.com/en/players/be040b84/Kanya-Fujimoto,20,20,jp JPN,RW,21-193,72,26,24,2,0,0,0,4,0,2,1,1,0,19,0,1,https://fbref.com/en/players/be040b84/Kanya-Fujimoto-Kanya Fujimoto,
3,Alaa Abbas,https://fbref.com/en/players/21e285cc/Alaa-Abbas,10,10,iq IRQ,RW,23-167,18,3,3,0,0,0,0,0,0,0,0,0,0,3,0,0,https://fbref.com/en/players/21e285cc/Alaa-Abbas-Alaa Abbas,
4,Vitor Carvalho,https://fbref.com/en/players/adc77724/Vitor-Carvalho,21,21,br BRA,LM,23-228,63,20,19,1,0,0,0,0,1,0,0,0,0,14,0,2,https://fbref.com/en/players/adc77724/Vitor-Carvalho-Vitor Carvalho,
5,Yves Baraye,https://fbref.com/en/players/9cf87d33/Yves-Baraye,22,22,sn SEN,LM,28-202,27,13,13,0,0,0,0,1,0,0,0,0,0,8,0,0,https://fbref.com/en/players/9cf87d33/Yves-Baraye-Yves Baraye,
6,Claude Gonçalves,https://fbref.com/en/players/5c78cb9e/Claude-Goncalves,8,8,pt POR,CM,26-276,90,69,66,3,2,0,0,0,1,0,0,0,0,62,0,1,https://fbref.com/en/players/5c78cb9e/Claude-Goncalves-Claude Gonçalves,
7,Lucas Mineiro,https://fbref.com/en/players/53f1c5de/Lucas-Mineiro,25,25,br BRA,RM,24-321,84,35,33,1,1,0,0,0,0,0,0,0,0,28,1,0,https://fbref.com/en/players/53f1c5de/Lucas-Mineiro-Lucas Mineiro,
8,Leandrinho,https://fbref.com/en/players/0a78f79e/Leandrinho,27,27,br BRA,RM,24-111,6,16,15,1,1,0,1,0,0,0,0,0,0,12,0,0,https://fbref.com/en/players/0a78f79e/Leandrinho-Leandrinho,
9,Talocha,https://fbref.com/en/players/99454b60/Talocha,31,31,pt POR,LB,31-133,84,63,49,14,1,0,0,4,13,0,0,0,0,40,0,2,https://fbref.com/en/players/99454b60/Talocha-Talocha,
10,Boubacar Hanne,https://fbref.com/en/players/1d9a8efe/Boubacar-Hanne,17,17,pt POR,LB,21-319,6,4,4,0,0,0,0,0,0,0,0,0,0,2,0,1,https://fbref.com/en/players/1d9a8efe/Boubacar-Hanne-Boubacar Hanne,
11,Rúben Fernandes,https://fbref.com/en/players/c6bdf383/Ruben-Fernandes,26,26,pt POR,CB,34-249,90,58,56,2,2,0,0,0,0,0,0,0,0,50,0,1,https://fbref.com/en/players/c6bdf383/Ruben-Fernandes-Rúben Fernandes,
12,Rodrigão,https://fbref.com/en/players/e226132d/Rodrigao,5,5,br BRA,CB,25-121,90,67,61,5,4,0,0,1,1,0,0,0,0,51,1,0,https://fbref.com/en/players/e226132d/Rodrigao-Rodrigão,
13,Joel Pereira,https://fbref.com/en/players/273cdcb1/Joel-Pereira,2,2,pt POR,RB,24-104,90,65,51,14,2,0,1,5,10,2,1,1,0,52,0,5,https://fbref.com/en/players/273cdcb1/Joel-Pereira-Joel Pereira,
14,Denis,https://fbref.com/en/players/1a3ff093/Denis,1,1,br BRA,GK,33-271,90,36,25,11,1,0,0,0,0,0,0,0,0,29,0,0,https://fbref.com/en/players/1a3ff093/Denis-Denis,
