,Minute,Player,Squad,xG,PSxG,Outcome,Distance,Body Part,Notes,SCA 1 Player,SCA 1 Event,SCA 2 Player,SCA 2 Event
0,7,Talocha,Gil Vicente FC,0.03,,Blocked,27,Left Foot,,Kanya Fujimoto,Pass (Live),Claude Gonçalves,Pass (Live)
1,10,Nikola Stojiljković,Farense,0.06,0.23,Goal,12,Head,,Amine Oudrhiri,Pass (Dead),Ryan Gauld,Fouled
2,11,Licá,Farense,0.10,,Blocked,15,Right Foot,,Hugo Seco,Pass (Live),Ryan Gauld,Pass (Live)
3,11,Ryan Gauld,Farense,0.03,,Off Target,27,Left Foot,,Licá,Shot,,
4,15,Samuel Lino,Gil Vicente FC,0.04,,Off Target,20,Left Foot,,Samuel Lino,Take-On,,
5,15,Licá,Farense,0.51,0.46,Goal,8,Right Foot,,Hugo Seco,Pass (Live),Rafael Defendi,Pass (Dead)
6,29,Lourency,Gil Vicente FC,0.03,0.41,Goal,23,Right Foot,,Lourency,Take-On,Rodrigão,Pass (Live)
7,38,Nikola Stojiljković,Farense,0.08,,Off Target,7,Head,,Ryan Gauld,Pass (Dead),Alexandre Pinto,Pass (Dead)
8,45,Cássio,Farense,0.38,0.52,Saved,7,Head,,Amine Oudrhiri,Pass (Dead),Madi Queita,Pass (Live)
9,,,,,,,,,,,,,
10,55,Cássio,Farense,0.05,,Off Target,12,Head,,Amine Oudrhiri,Pass (Dead),Fábio Alexandre da Silva Nunes,Take-On
11,66,Madi Queita,Farense,0.05,,Blocked,16,Left Foot,,Ryan Gauld,Pass (Live),Madi Queita,Pass (Live)
12,74,Rodrigão,Gil Vicente FC,0.06,,Off Target,10,Head,,Lourency,Pass (Dead),Claude Gonçalves,Pass (Live)
13,77,Yves Baraye,Gil Vicente FC,0.04,0.18,Saved,21,Left Foot,,Lourency,Pass (Live),Joel Pereira,Pass (Live)
14,77,Samuel Lino,Gil Vicente FC,0.05,0.14,Saved,7,Head,,Yves Baraye,Pass (Live),Joel Pereira,Pass (Dead)
15,84,Fabrício Isidoro,Farense,0.03,0.04,Goal,24,Right Foot,,,,,
16,90,Burá,Farense,0.09,,Off Target,8,Head,,Amine Oudrhiri,Pass (Dead),Madi Queita,Fouled
