season,injury,from,until,days,missed_games
23/24,Knee injury,"Apr 19, 2024","May 2, 2024",13 days,4
21/22,unknown injury,"Oct 12, 2021","Oct 17, 2021",5 days,1
20/21,Knee problems,"Mar 5, 2021","Mar 8, 2021",3 days,1
20/21,Rest,"Feb 10, 2021","Feb 14, 2021",4 days,2
20/21,Muscle injury,"Dec 27, 2020","Jan 1, 2021",5 days,1
18/19,Fitness,"Sep 25, 2018","Oct 5, 2018",10 days,2
18/19,Knee injury,"Jul 25, 2018","Sep 24, 2018",61 days,9
15/16,Ankle injury,"Feb 3, 2016","Mar 20, 2016",46 days,8
14/15,Knee injury,"Nov 6, 2014","Nov 24, 2014",18 days,4
