season,injury,from,until,days,missed_games
23/24,Hamstring injury,"Mar 22, 2024","Apr 28, 2024",37 days,8
23/24,Hamstring injury,"Sep 9, 2023","Sep 28, 2023",19 days,4
21/22,Hamstring injury,"Feb 27, 2022","Mar 16, 2022",17 days,3
21/22,bruise,"Jan 7, 2022","Jan 27, 2022",20 days,7
21/22,Ligament injury,"Nov 21, 2021","Jan 1, 2022",41 days,6
19/20,Hamstring injury,"Jan 19, 2020","Feb 22, 2020",34 days,4
19/20,unknown injury,"Oct 21, 2019","Nov 22, 2019",32 days,6
17/18,Tendon rupture,"Sep 28, 2017","Jan 6, 2018",100 days,17
