season,injury,from,until,days,missed_games
23/24,Calf injury,"Nov 20, 2023","Dec 31, 2023",41 days,6
22/23,unknown injury,"Mar 8, 2023","Mar 29, 2023",21 days,2
21/22,muscular problems,"Sep 4, 2021","Sep 15, 2021",11 days,2
20/21,Thigh problems,"Feb 24, 2021","May 8, 2021",73 days,13
20/21,Muscle tear,"Dec 18, 2020","Feb 13, 2021",57 days,11
20/21,Muscle tear,"Dec 8, 2020","Dec 15, 2020",7 days,2
17/18,Muscle tear,"Jan 12, 2018","Feb 5, 2018",24 days,6
15/16,Cruciate ligament tear,"Nov 16, 2015","Jun 30, 2016",227 days,38
