season,injury,from,until,days,missed_games
23/24,unknown injury,"Apr 5, 2024","Apr 21, 2024",16 days,3
23/24,unknown injury,"Feb 4, 2024","Feb 20, 2024",16 days,3
23/24,Hamstring muscle injury,"Aug 17, 2023","Oct 20, 2023",64 days,10
22/23,Cruciate ligament injury,"Sep 16, 2022","Jun 1, 2023",258 days,42
21/22,Arthroscopy,"Apr 7, 2022","Jun 2, 2022",56 days,12
21/22,Muscle fiber tear,"Jan 17, 2022","Feb 17, 2022",31 days,7
21/22,Corona virus,"Jan 3, 2022","Jan 6, 2022",3 days,-
19/20,Muscle injury,"Feb 13, 2020","Apr 13, 2020",60 days,-
