season,injury,from,until,days,missed_games
23/24,unknown injury,"Apr 26, 2024","May 3, 2024",7 days,1
23/24,unknown injury,"Jan 20, 2024","Feb 1, 2024",12 days,2
23/24,unknown injury,"Dec 28, 2023","Jan 4, 2024",7 days,1
23/24,unknown injury,"Nov 26, 2023","Dec 9, 2023",13 days,2
23/24,unknown injury,"Sep 22, 2023","Oct 6, 2023",14 days,3
19/20,Thigh problems,"Oct 28, 2019","Nov 1, 2019",4 days,1
17/18,Meniscus injury,"Apr 10, 2018","Jul 1, 2018",82 days,7
16/17,Muscle injury,"Jan 23, 2017","Mar 10, 2017",46 days,6
15/16,Muscle fatigue,"Sep 22, 2015","Sep 29, 2015",7 days,2
