season,injury,from,until,days,missed_games
23/24,Shoulder injury,"Feb 26, 2024","Mar 20, 2024",23 days,5
23/24,Rib fracture,"Oct 4, 2023","Oct 20, 2023",16 days,2
22/23,Injury to the ankle,"Feb 12, 2023","Mar 9, 2023",25 days,4
22/23,concussion,"Dec 30, 2022","Jan 9, 2023",10 days,2
22/23,Muscle injury,"Sep 11, 2022","Sep 17, 2022",6 days,1
22/23,Thigh problems,"Sep 1, 2022","Sep 6, 2022",5 days,1
20/21,concussion,"Apr 4, 2021","Apr 9, 2021",5 days,1
20/21,Muscle injury,"Oct 14, 2020","Oct 21, 2020",7 days,2
20/21,Muscle injury,"Sep 13, 2020","Sep 22, 2020",9 days,3
19/20,Muscle injury,"Sep 25, 2019","Oct 16, 2019",21 days,3
18/19,Meniscus injury,"Apr 21, 2019","Jun 17, 2019",57 days,7
18/19,Fitness,"Mar 4, 2019","Mar 15, 2019",11 days,2
18/19,Cruciate ligament tear,"Sep 2, 2018","Mar 2, 2019",181 days,21
17/18,Foot injury,"Aug 4, 2017","Aug 5, 2017",1 days,-
