season,injury,from,until,days,missed_games
23/24,Broken kneecap,"Nov 5, 2023",,246 days,37
21/22,Foot injury,"Jan 1, 2022","Jan 15, 2022",14 days,2
21/22,Adductor pain,"Oct 29, 2021","Nov 3, 2021",5 days,1
20/21,Achilles tendon problems,"Mar 2, 2021","Apr 22, 2021",51 days,8
20/21,Achilles tendon problems,"Jan 24, 2021","Feb 6, 2021",13 days,1
17/18,Broken collarbone,"Aug 12, 2017","Sep 24, 2017",43 days,6
16/17,strain,"Nov 6, 2016","Dec 5, 2016",29 days,4
16/17,Broken nose bone,"Sep 26, 2016","Oct 13, 2016",17 days,1
15/16,Cruciate ligament tear,"Oct 24, 2015","Apr 25, 2016",184 days,30
14/15,Hamstring injury,"Feb 6, 2015","Feb 22, 2015",16 days,4
14/15,Hamstring injury,"Nov 20, 2014","Nov 28, 2014",8 days,2
