season,injury,from,until,days,missed_games
23/24,unknown injury,"Feb 25, 2024",,134 days,-
23/24,unknown injury,"Nov 18, 2023","Nov 29, 2023",11 days,1
23/24,unknown injury,"Oct 18, 2023","Nov 1, 2023",14 days,3
22/23,Head injury,"Jan 1, 2023","Jan 18, 2023",17 days,2
21/22,Ill,"May 9, 2022","May 16, 2022",7 days,2
21/22,unknown injury,"Feb 10, 2022","Mar 16, 2022",34 days,4
21/22,Ill,"Dec 1, 2021","Dec 3, 2021",2 days,1
21/22,Corona virus,"Sep 9, 2021","Sep 30, 2021",21 days,4
20/21,Foot injury,"Apr 15, 2021","Apr 22, 2021",7 days,2
20/21,Capsular tear of ankle joint,"Jan 18, 2021","Mar 7, 2021",48 days,9
20/21,Ill,"Oct 8, 2020","Oct 13, 2020",5 days,2
19/20,Inner knee ligament tear,"Mar 3, 2020","Apr 30, 2020",58 days,1
19/20,Ankle ligament tear,"Oct 25, 2019","Nov 17, 2019",23 days,5
19/20,Virus,"Jul 19, 2019","Aug 1, 2019",13 days,3
17/18,Torn ankle ligaments,"Jun 27, 2018","Aug 5, 2018",39 days,4
