season,injury,from,until,days,missed_games
23/24,unknown injury,"Feb 14, 2024","Feb 21, 2024",7 days,1
23/24,unknown injury,"Nov 30, 2023","Jan 1, 2024",32 days,4
23/24,unknown injury,"Oct 30, 2023","Nov 3, 2023",4 days,1
22/23,Neck injury,"Sep 18, 2022","Jan 18, 2023",122 days,10
21/22,unknown injury,"Apr 28, 2022","May 9, 2022",11 days,2
19/20,Knee injury,"Dec 2, 2019","Jan 27, 2020",56 days,9
17/18,Torn muscle fiber,"Nov 26, 2017","Dec 26, 2017",30 days,4
17/18,Torn muscle fiber,"Jul 27, 2017","Sep 14, 2017",49 days,5
16/17,Fitness,"Sep 5, 2016","Sep 19, 2016",14 days,4
16/17,Knee bruise,"Jul 27, 2016","Sep 4, 2016",39 days,5
15/16,Knock,"Feb 15, 2016","Feb 29, 2016",14 days,4
15/16,Rest,"Feb 1, 2016","Feb 4, 2016",3 days,1
13/14,Ankle injury,"Jan 13, 2014","Mar 31, 2014",77 days,19
