season,injury,from,until,days,missed_games
22/23,Ankle injury,"Feb 8, 2023","Feb 28, 2023",20 days,3
22/23,unknown injury,"Aug 24, 2022","Sep 7, 2022",14 days,2
21/22,unknown injury,"Feb 3, 2022","Feb 23, 2022",20 days,2
21/22,unknown injury,"Sep 15, 2021","Sep 23, 2021",8 days,2
20/21,unknown injury,"Apr 28, 2021","May 3, 2021",5 days,1
20/21,unknown injury,"Feb 15, 2021","Mar 10, 2021",23 days,3
19/20,Muscle injury,"Feb 17, 2020","Mar 6, 2020",18 days,2
17/18,Muscle fatigue,"Aug 17, 2017","Aug 20, 2017",3 days,1
