season,injury,from,until,days,missed_games
23/24,Knee injury,"May 3, 2024",,66 days,3
23/24,Thigh problems,"Aug 1, 2023","Aug 17, 2023",16 days,2
21/22,Cruciate ligament tear,"Feb 11, 2022","Jan 1, 2023",324 days,35
21/22,unknown injury,"Jan 13, 2022","Jan 20, 2022",7 days,1
21/22,Thigh problems,"Aug 20, 2021","Aug 30, 2021",10 days,2
20/21,Thigh problems,"Sep 11, 2020","Sep 14, 2020",3 days,1
19/20,Hamstring injury,"Feb 6, 2020","Mar 14, 2020",37 days,5
18/19,Ill,"Oct 4, 2018","Oct 6, 2018",2 days,1
16/17,Knee problems,"Mar 28, 2017","Jun 18, 2017",82 days,10
