season,injury,from,until,days,missed_games
23/24,unknown injury,"Dec 13, 2023","Dec 31, 2023",18 days,2
23/24,unknown injury,"Oct 5, 2023","Oct 26, 2023",21 days,2
22/23,Ill,"Mar 8, 2023","Mar 13, 2023",5 days,1
22/23,Ill,"Feb 10, 2023","Feb 21, 2023",11 days,2
22/23,Knee surgery,"Sep 8, 2022","Nov 7, 2022",60 days,9
21/22,Thigh problems,"Apr 24, 2022","May 14, 2022",20 days,4
21/22,Thigh problems,"Jan 15, 2022","Jan 20, 2022",5 days,1
21/22,unknown injury,"Oct 2, 2021","Oct 8, 2021",6 days,1
21/22,Bone edema,"Aug 11, 2021","Sep 8, 2021",28 days,3
20/21,muscular problems,"Apr 21, 2021","May 6, 2021",15 days,3
20/21,Muscle fatigue,"Feb 18, 2021","Mar 14, 2021",24 days,5
20/21,bruise,"Oct 5, 2020","Dec 14, 2020",70 days,10
19/20,unknown injury,"Jul 27, 2020","Aug 3, 2020",7 days,2
19/20,Foot injury,"Oct 18, 2019","Mar 5, 2020",139 days,25
19/20,Bruised ribs,"Sep 22, 2019","Oct 9, 2019",17 days,4
