,Player Name,Player Number,Player,#,Nation,Pos,Age,Min,Gls,Ast,PK,PKatt,Sh,SoT,CrdY,CrdR,Touches,Tkl,Int,Blocks,xG,npxG,xAG,SCA,GCA,Cmp,Att,Cmp%,PrgP,Carries,PrgC,Att,Succ,Player Key,Player Link
0,Alberth Elis,https://fbref.com/en/players/104b4ad3/Alberth-Elis,17,17,hn HON,"FW,LW",25-037,90,0,0,0,0,2,2,0,0,30,0,0,0,0.5,0.5,0.0,1,0,16,21,76.2,1,12,1,2,0,https://fbref.com/en/players/104b4ad3/Alberth-Elis-Alberth Elis,
1,Angel Gomes,https://fbref.com/en/players/645a3363/Angel-Gomes,10,10,eng ENG,"LW,AM",20-202,90,0,0,0,0,1,0,0,0,48,2,0,2,0.0,0.0,0.1,5,0,23,36,63.9,2,33,2,3,3,https://fbref.com/en/players/645a3363/Angel-Gomes-Angel Gomes,
2,Gustavo Sauer,https://fbref.com/en/players/fd53959e/Gustavo-Sauer,8,8,br BRA,RW,27-325,63,0,0,0,0,3,2,0,0,29,0,0,0,0.1,0.1,0.2,6,0,21,23,91.3,2,14,2,0,0,https://fbref.com/en/players/fd53959e/Gustavo-Sauer-Gustavo Sauer,
3,Nathan,https://fbref.com/en/players/9fb6420e/Nathan,22,22,br BRA,RB,19-197,27,0,0,0,0,0,0,0,0,23,2,1,0,0.0,0.0,0.0,2,0,17,21,81.0,2,11,1,1,1,https://fbref.com/en/players/9fb6420e/Nathan-Nathan,
4,Yanis Hamache,https://fbref.com/en/players/4f95c5a3/Yanis-Hamache,25,25,dz ALG,LM,21-251,45,0,0,0,0,1,0,0,0,27,2,0,0,0.0,0.0,0.0,1,0,15,22,68.2,2,17,1,2,1,https://fbref.com/en/players/4f95c5a3/Yanis-Hamache-Yanis Hamache,
5,Show,https://fbref.com/en/players/b9392438/Show,23,23,ao ANG,"DM,LM",22-015,45,0,0,0,0,2,0,0,0,38,3,0,1,0.1,0.1,0.0,1,0,29,31,93.5,5,24,1,1,1,https://fbref.com/en/players/b9392438/Show-Show,
6,Javi García,https://fbref.com/en/players/167c1bb0/Javi-Garcia,6,6,es ESP,"CM,DM",34-041,90,0,0,0,0,3,0,0,0,44,2,0,0,0.2,0.2,0.0,2,0,29,37,78.4,3,24,0,0,0,https://fbref.com/en/players/167c1bb0/Javi-Garcia-Javi García,
7,Paulinho,https://fbref.com/en/players/2d215840/Paulinho,30,30,br BRA,"RM,RW",24-072,90,0,0,0,0,0,0,1,0,43,0,0,3,0.0,0.0,0.0,2,0,31,35,88.6,5,29,1,2,2,https://fbref.com/en/players/2d215840/Paulinho-Paulinho,
8,Ricardo Mangas,https://fbref.com/en/players/eef2d8ce/Ricardo-Mangas,19,19,pt POR,LB,23-002,90,0,0,0,0,0,0,0,0,67,3,1,0,0.0,0.0,0.1,2,0,38,58,65.5,2,29,6,3,2,https://fbref.com/en/players/eef2d8ce/Ricardo-Mangas-Ricardo Mangas,
9,Adil Rami,https://fbref.com/en/players/8dbff17c/Adil-Rami,3,3,fr FRA,CB,35-084,90,0,0,0,0,0,0,0,0,54,0,0,0,0.0,0.0,0.0,0,0,35,47,74.5,1,27,1,2,1,https://fbref.com/en/players/8dbff17c/Adil-Rami-Adil Rami,
10,Cristian Castro,https://fbref.com/en/players/a3f386fc/Cristian-Castro,42,42,co COL,CB,20-055,90,0,0,0,0,0,0,0,0,47,1,1,1,0.0,0.0,0.0,0,0,25,35,71.4,0,18,0,0,0,https://fbref.com/en/players/a3f386fc/Cristian-Castro-Cristian Castro,
11,Reggie Cannon,https://fbref.com/en/players/ad9ffc7e/Reggie-Cannon,2,2,us USA,RB,22-283,63,0,0,0,0,0,0,0,0,32,1,1,1,0.0,0.0,0.0,1,0,20,27,74.1,0,15,2,1,0,https://fbref.com/en/players/ad9ffc7e/Reggie-Cannon-Reggie Cannon,
12,Jorge Bengoché,https://fbref.com/en/players/1a227e1e/Jorge-Bengoche,9,9,hn HON,FW,24-304,27,0,0,0,0,1,1,1,0,14,0,0,0,0.1,0.1,0.0,0,0,4,8,50.0,0,7,1,1,0,https://fbref.com/en/players/1a227e1e/Jorge-Bengoche-Jorge Bengoché,
13,Léo Jardim,https://fbref.com/en/players/f5dfc256/Leo-Jardim,20,20,br BRA,GK,26-001,90,0,0,0,0,0,0,0,0,36,0,0,0,0.0,0.0,0.0,0,0,17,30,56.7,0,16,0,0,0,https://fbref.com/en/players/f5dfc256/Leo-Jardim-Léo Jardim,
