,Player Name,Player Number,Player,#,Nation,Pos,Age,Min,Touches,Def Pen,Def 3rd,Mid 3rd,Att 3rd,Att Pen,Live,Att,Succ,Succ%,Tkld,Tkld%,Carries,TotDist,PrgDist,PrgC,1/3,CPA,Mis,Dis,Rec,PrgR,Player Key,Player Link
0,Alberth Elis,https://fbref.com/en/players/104b4ad3/Alberth-Elis,17,17,hn HON,"FW,LW",25-037,90,30,3,5,14,12,2,30,2,0,0.0,2,100.0,12,54,23,1,2,0,0,4,21,3,https://fbref.com/en/players/104b4ad3/Alberth-Elis-Alberth Elis,
1,Angel Gomes,https://fbref.com/en/players/645a3363/Angel-Gomes,10,10,eng ENG,"LW,AM",20-202,90,48,1,8,19,23,1,48,3,3,100.0,0,0.0,33,237,104,2,5,0,6,2,39,7,https://fbref.com/en/players/645a3363/Angel-Gomes-Angel Gomes,
2,Gustavo Sauer,https://fbref.com/en/players/fd53959e/Gustavo-Sauer,8,8,br BRA,RW,27-325,63,29,0,4,13,13,0,29,0,0,,0,,14,112,64,2,2,0,1,0,16,1,https://fbref.com/en/players/fd53959e/Gustavo-Sauer-Gustavo Sauer,
3,Nathan,https://fbref.com/en/players/9fb6420e/Nathan,22,22,br BRA,RB,19-197,27,23,0,9,7,8,0,23,1,1,100.0,0,0.0,11,59,46,1,1,0,0,1,9,0,https://fbref.com/en/players/9fb6420e/Nathan-Nathan,
4,Yanis Hamache,https://fbref.com/en/players/4f95c5a3/Yanis-Hamache,25,25,dz ALG,LM,21-251,45,27,1,8,19,3,0,27,2,1,50.0,1,50.0,17,62,40,1,2,0,1,0,18,1,https://fbref.com/en/players/4f95c5a3/Yanis-Hamache-Yanis Hamache,
5,Show,https://fbref.com/en/players/b9392438/Show,23,23,ao ANG,"DM,LM",22-015,45,38,2,3,28,7,0,38,1,1,100.0,0,0.0,24,105,46,1,2,0,1,0,28,0,https://fbref.com/en/players/b9392438/Show-Show,
6,Javi García,https://fbref.com/en/players/167c1bb0/Javi-Garcia,6,6,es ESP,"CM,DM",34-041,90,44,6,11,30,3,3,44,0,0,,0,,24,114,53,0,0,0,0,0,31,0,https://fbref.com/en/players/167c1bb0/Javi-Garcia-Javi García,
7,Paulinho,https://fbref.com/en/players/2d215840/Paulinho,30,30,br BRA,"RM,RW",24-072,90,43,0,5,22,17,1,43,2,2,100.0,0,0.0,29,200,72,1,2,0,2,1,33,3,https://fbref.com/en/players/2d215840/Paulinho-Paulinho,
8,Ricardo Mangas,https://fbref.com/en/players/eef2d8ce/Ricardo-Mangas,19,19,pt POR,LB,23-002,90,67,3,19,31,18,2,67,3,2,66.7,1,33.3,29,225,148,6,4,0,1,1,33,8,https://fbref.com/en/players/eef2d8ce/Ricardo-Mangas-Ricardo Mangas,
9,Adil Rami,https://fbref.com/en/players/8dbff17c/Adil-Rami,3,3,fr FRA,CB,35-084,90,54,6,26,28,0,0,54,2,1,50.0,1,50.0,27,159,91,1,0,0,0,0,31,0,https://fbref.com/en/players/8dbff17c/Adil-Rami-Adil Rami,
10,Cristian Castro,https://fbref.com/en/players/a3f386fc/Cristian-Castro,42,42,co COL,CB,20-055,90,47,11,32,15,0,0,47,0,0,,0,,18,86,46,0,0,0,0,0,23,0,https://fbref.com/en/players/a3f386fc/Cristian-Castro-Cristian Castro,
11,Reggie Cannon,https://fbref.com/en/players/ad9ffc7e/Reggie-Cannon,2,2,us USA,RB,22-283,63,32,4,11,14,8,0,32,1,0,0.0,1,100.0,15,56,47,2,2,0,1,0,17,0,https://fbref.com/en/players/ad9ffc7e/Reggie-Cannon-Reggie Cannon,
12,Jorge Bengoché,https://fbref.com/en/players/1a227e1e/Jorge-Bengoche,9,9,hn HON,FW,24-304,27,14,0,0,3,11,3,14,1,0,0.0,1,100.0,7,32,4,1,0,0,2,0,10,2,https://fbref.com/en/players/1a227e1e/Jorge-Bengoche-Jorge Bengoché,
13,Léo Jardim,https://fbref.com/en/players/f5dfc256/Leo-Jardim,20,20,br BRA,GK,26-001,90,36,31,36,0,0,0,36,0,0,,0,,16,60,51,0,0,0,0,0,8,0,https://fbref.com/en/players/f5dfc256/Leo-Jardim-Léo Jardim,
