,Player Name,Player Number,Player,#,Nation,Pos,Age,Min,Att,Live,Dead,FK,TB,Sw,Crs,TI,CK,In,Out,Str,Cmp,Off,Blocks,Player Key,Player Link
0,Alberth Elis,https://fbref.com/en/players/104b4ad3/Alberth-Elis,17,17,hn HON,"FW,LW",25-037,90,21,19,2,0,0,0,0,0,0,0,0,0,16,0,0,https://fbref.com/en/players/104b4ad3/Alberth-Elis-Alberth Elis,
1,Angel Gomes,https://fbref.com/en/players/645a3363/Angel-Gomes,10,10,eng ENG,"LW,AM",20-202,90,36,32,4,3,0,0,4,0,1,1,0,0,23,0,0,https://fbref.com/en/players/645a3363/Angel-Gomes-Angel Gomes,
2,Gustavo Sauer,https://fbref.com/en/players/fd53959e/Gustavo-Sauer,8,8,br BRA,RW,27-325,63,23,18,5,1,0,0,5,0,4,1,3,0,21,0,0,https://fbref.com/en/players/fd53959e/Gustavo-Sauer-Gustavo Sauer,
3,Nathan,https://fbref.com/en/players/9fb6420e/Nathan,22,22,br BRA,RB,19-197,27,21,15,6,0,0,0,1,6,0,0,0,0,17,0,0,https://fbref.com/en/players/9fb6420e/Nathan-Nathan,
4,Yanis Hamache,https://fbref.com/en/players/4f95c5a3/Yanis-Hamache,25,25,dz ALG,LM,21-251,45,22,21,1,1,0,0,0,0,0,0,0,0,15,0,1,https://fbref.com/en/players/4f95c5a3/Yanis-Hamache-Yanis Hamache,
5,Show,https://fbref.com/en/players/b9392438/Show,23,23,ao ANG,"DM,LM",22-015,45,31,30,1,1,0,0,0,0,0,0,0,0,29,0,0,https://fbref.com/en/players/b9392438/Show-Show,
6,Javi García,https://fbref.com/en/players/167c1bb0/Javi-Garcia,6,6,es ESP,"CM,DM",34-041,90,37,34,2,2,0,0,0,0,0,0,0,0,29,1,1,https://fbref.com/en/players/167c1bb0/Javi-Garcia-Javi García,
7,Paulinho,https://fbref.com/en/players/2d215840/Paulinho,30,30,br BRA,"RM,RW",24-072,90,35,34,1,1,0,0,0,0,0,0,0,0,31,0,0,https://fbref.com/en/players/2d215840/Paulinho-Paulinho,
8,Ricardo Mangas,https://fbref.com/en/players/eef2d8ce/Ricardo-Mangas,19,19,pt POR,LB,23-002,90,58,40,18,3,0,0,8,15,0,0,0,0,38,0,3,https://fbref.com/en/players/eef2d8ce/Ricardo-Mangas-Ricardo Mangas,
9,Adil Rami,https://fbref.com/en/players/8dbff17c/Adil-Rami,3,3,fr FRA,CB,35-084,90,47,44,3,3,0,2,0,0,0,0,0,0,35,0,0,https://fbref.com/en/players/8dbff17c/Adil-Rami-Adil Rami,
10,Cristian Castro,https://fbref.com/en/players/a3f386fc/Cristian-Castro,42,42,co COL,CB,20-055,90,35,34,1,1,0,0,0,0,0,0,0,0,25,0,0,https://fbref.com/en/players/a3f386fc/Cristian-Castro-Cristian Castro,
11,Reggie Cannon,https://fbref.com/en/players/ad9ffc7e/Reggie-Cannon,2,2,us USA,RB,22-283,63,27,20,7,1,0,1,1,6,0,0,0,0,20,0,0,https://fbref.com/en/players/ad9ffc7e/Reggie-Cannon-Reggie Cannon,
12,Jorge Bengoché,https://fbref.com/en/players/1a227e1e/Jorge-Bengoche,9,9,hn HON,FW,24-304,27,8,8,0,0,0,0,1,0,0,0,0,0,4,0,1,https://fbref.com/en/players/1a227e1e/Jorge-Bengoche-Jorge Bengoché,
13,Léo Jardim,https://fbref.com/en/players/f5dfc256/Leo-Jardim,20,20,br BRA,GK,26-001,90,30,16,14,5,0,0,0,0,0,0,0,0,17,0,0,https://fbref.com/en/players/f5dfc256/Leo-Jardim-Léo Jardim,
