,Player Name,Player Number,Player,#,Nation,Pos,Age,Min,CrdY,CrdR,2CrdY,Fls,Fld,Off,Crs,Int,TklW,PKwon,PKcon,OG,Recov,Won,Lost,Won%,Player Key,Player Link
0,Pedro,https://fbref.com/en/players/17758df6/Pedro,96,96,br BRA,FW,24-133,90,0,0,0,2,2,1,1,0,0,0,0,0,4,9,6,60.0,https://fbref.com/en/players/17758df6/Pedro-Pedro,
1,Licá,https://fbref.com/en/players/41d84fed/Lica,88,88,pt POR,LW,32-194,82,0,0,0,1,2,1,3,2,1,0,0,0,4,1,1,50.0,https://fbref.com/en/players/41d84fed/Lica-Licá,
2,Braian Mansilla,https://fbref.com/en/players/e4c37819/Braian-Mansilla,11,11,ar ARG,LW,23-339,8,0,0,0,1,0,0,0,0,0,0,0,0,0,0,0,,https://fbref.com/en/players/e4c37819/Braian-Mansilla-Braian Mansilla,
3,Bilel Aouacheria,https://fbref.com/en/players/77bbc5b1/Bilel-Aouacheria,26,26,fr FRA,RW,26-353,71,0,0,0,1,2,0,4,0,0,0,0,0,2,1,2,33.3,https://fbref.com/en/players/77bbc5b1/Bilel-Aouacheria-Bilel Aouacheria,
4,Djalma Campos,https://fbref.com/en/players/bd9813b9/Djalma-Campos,20,20,ao ANG,RW,33-295,19,0,0,0,0,0,0,0,0,0,0,0,0,1,0,0,,https://fbref.com/en/players/bd9813b9/Djalma-Campos-Djalma Campos,
5,Ryan Gauld,https://fbref.com/en/players/862e93c2/Ryan-Gauld,23,23,sct SCO,AM,25-095,89,1,0,0,5,3,0,3,0,2,1,0,0,5,0,0,,https://fbref.com/en/players/862e93c2/Ryan-Gauld-Ryan Gauld,
6,Fabrício Isidoro,https://fbref.com/en/players/b70ca4b5/Fabricio-Isidoro,14,14,br BRA,AM,29-052,1,0,0,0,0,0,0,0,0,0,0,0,0,0,0,0,,https://fbref.com/en/players/b70ca4b5/Fabricio-Isidoro-Fabrício Isidoro,
7,Jonatan Lucca,https://fbref.com/en/players/b04f4533/Jonatan-Lucca,47,47,br BRA,DM,26-292,90,0,0,0,3,2,0,9,1,1,0,0,0,8,2,2,50.0,https://fbref.com/en/players/b04f4533/Jonatan-Lucca-Jonatan Lucca,
8,Amine Oudrhiri,https://fbref.com/en/players/49c9c79a/Amine-Oudrhiri,5,5,ma MAR,DM,28-137,90,0,0,0,3,0,0,0,1,1,0,0,0,6,0,2,0.0,https://fbref.com/en/players/49c9c79a/Amine-Oudrhiri-Amine Oudrhiri,
9,Abner,https://fbref.com/en/players/8e562fe7/Abner,30,30,br BRA,LB,24-295,90,0,0,0,1,7,0,6,2,0,0,0,0,5,2,0,100.0,https://fbref.com/en/players/8e562fe7/Abner-Abner,
10,Eduardo Mancha,https://fbref.com/en/players/56e74f66/Eduardo-Mancha,95,95,br BRA,CB,25-117,90,0,0,0,0,1,0,0,0,0,0,0,0,1,5,4,55.6,https://fbref.com/en/players/56e74f66/Eduardo-Mancha-Eduardo Mancha,
11,César,https://fbref.com/en/players/4dcde17a/Cesar,4,4,br BRA,CB,28-083,90,0,0,0,2,1,0,0,2,1,0,0,0,0,3,3,50.0,https://fbref.com/en/players/4dcde17a/Cesar-César,
12,Tomás Tavares,https://fbref.com/en/players/0dce3356/Tomas-Tavares,84,84,pt POR,RB,20-014,90,0,0,0,2,2,0,2,2,3,0,0,0,8,0,2,0.0,https://fbref.com/en/players/0dce3356/Tomas-Tavares-Tomás Tavares,
13,Beto,https://fbref.com/en/players/3b4941e4/Beto,3,3,pt POR,GK,38-324,90,0,0,0,0,1,0,0,0,0,0,0,0,0,0,0,,https://fbref.com/en/players/3b4941e4/Beto-Beto,
