,Player Name,Player Number,Player,#,Nation,Pos,Age,Min,Gls,Ast,PK,PKatt,Sh,SoT,CrdY,CrdR,Touches,Tkl,Int,Blocks,xG,npxG,xAG,SCA,GCA,Cmp,Att,Cmp%,PrgP,Carries,PrgC,Att,Succ,Player Key,Player Link
0,Pedro,https://fbref.com/en/players/17758df6/Pedro,96,96,br BRA,FW,24-133,90,0,0,0,0,2,1,0,0,41,2,0,0,0.4,0.4,0.1,9,0,19,28,67.9,2,19,1,3,2,https://fbref.com/en/players/17758df6/Pedro-Pedro,
1,Licá,https://fbref.com/en/players/41d84fed/Lica,88,88,pt POR,LW,32-194,82,1,0,0,0,4,1,0,0,38,1,2,0,0.5,0.5,0.5,2,0,14,22,63.6,2,22,5,2,1,https://fbref.com/en/players/41d84fed/Lica-Licá,
2,Braian Mansilla,https://fbref.com/en/players/e4c37819/Braian-Mansilla,11,11,ar ARG,LW,23-339,8,0,0,0,0,1,1,0,0,3,0,0,0,0.0,0.0,0.0,0,0,1,1,100.0,1,3,1,1,0,https://fbref.com/en/players/e4c37819/Braian-Mansilla-Braian Mansilla,
3,Bilel Aouacheria,https://fbref.com/en/players/77bbc5b1/Bilel-Aouacheria,26,26,fr FRA,RW,26-353,71,0,0,0,0,2,1,0,0,25,1,0,2,0.1,0.1,0.3,1,0,10,15,66.7,0,16,1,0,0,https://fbref.com/en/players/77bbc5b1/Bilel-Aouacheria-Bilel Aouacheria,
4,Djalma Campos,https://fbref.com/en/players/bd9813b9/Djalma-Campos,20,20,ao ANG,RW,33-295,19,0,0,0,0,0,0,0,0,4,0,0,0,0.0,0.0,0.0,0,0,2,3,66.7,1,2,1,2,2,https://fbref.com/en/players/bd9813b9/Djalma-Campos-Djalma Campos,
5,Ryan Gauld,https://fbref.com/en/players/862e93c2/Ryan-Gauld,23,23,sct SCO,AM,25-095,89,0,0,0,1,3,1,1,0,33,2,0,1,0.9,0.1,0.0,5,0,15,22,68.2,4,17,3,1,0,https://fbref.com/en/players/862e93c2/Ryan-Gauld-Ryan Gauld,
6,Fabrício Isidoro,https://fbref.com/en/players/b70ca4b5/Fabricio-Isidoro,14,14,br BRA,AM,29-052,1,0,0,0,0,1,1,0,0,3,0,0,0,0.1,0.1,0.0,0,0,2,2,100.0,1,3,0,0,0,https://fbref.com/en/players/b70ca4b5/Fabricio-Isidoro-Fabrício Isidoro,
7,Jonatan Lucca,https://fbref.com/en/players/b04f4533/Jonatan-Lucca,47,47,br BRA,DM,26-292,90,0,0,0,0,1,1,0,0,63,2,1,1,0.1,0.1,0.1,3,0,45,54,83.3,7,37,1,2,1,https://fbref.com/en/players/b04f4533/Jonatan-Lucca-Jonatan Lucca,
8,Amine Oudrhiri,https://fbref.com/en/players/49c9c79a/Amine-Oudrhiri,5,5,ma MAR,DM,28-137,90,0,0,0,0,1,1,0,0,41,1,1,0,0.0,0.0,0.0,3,0,31,37,83.8,8,34,0,2,0,https://fbref.com/en/players/49c9c79a/Amine-Oudrhiri-Amine Oudrhiri,
9,Abner,https://fbref.com/en/players/8e562fe7/Abner,30,30,br BRA,LB,24-295,90,0,0,0,0,0,0,0,0,51,1,2,1,0.0,0.0,0.0,2,0,25,43,58.1,3,27,0,1,1,https://fbref.com/en/players/8e562fe7/Abner-Abner,
10,Eduardo Mancha,https://fbref.com/en/players/56e74f66/Eduardo-Mancha,95,95,br BRA,CB,25-117,90,0,0,0,0,2,0,0,0,63,1,0,1,0.6,0.6,0.0,0,0,35,50,70.0,4,34,1,0,0,https://fbref.com/en/players/56e74f66/Eduardo-Mancha-Eduardo Mancha,
11,César,https://fbref.com/en/players/4dcde17a/Cesar,4,4,br BRA,CB,28-083,90,0,0,0,0,0,0,0,0,48,1,2,2,0.0,0.0,0.1,3,0,29,39,74.4,3,26,0,0,0,https://fbref.com/en/players/4dcde17a/Cesar-César,
12,Tomás Tavares,https://fbref.com/en/players/0dce3356/Tomas-Tavares,84,84,pt POR,RB,20-014,90,0,0,0,0,1,0,0,0,54,4,2,1,0.0,0.0,0.0,5,2,30,40,75.0,8,28,3,3,2,https://fbref.com/en/players/0dce3356/Tomas-Tavares-Tomás Tavares,
13,Beto,https://fbref.com/en/players/3b4941e4/Beto,3,3,pt POR,GK,38-324,90,0,0,0,0,0,0,0,0,44,0,0,0,0.0,0.0,0.0,0,0,34,43,79.1,0,27,0,0,0,https://fbref.com/en/players/3b4941e4/Beto-Beto,
