,Player Name,Player Number,Player,#,Nation,Pos,Age,Min,Touches,Def Pen,Def 3rd,Mid 3rd,Att 3rd,Att Pen,Live,Att,Succ,Succ%,Tkld,Tkld%,Carries,TotDist,PrgDist,PrgC,1/3,CPA,Mis,Dis,Rec,PrgR,Player Key,Player Link
0,Pedro,https://fbref.com/en/players/17758df6/Pedro,96,96,br BRA,FW,24-133,90,41,2,5,11,25,7,41,3,2,66.7,1,33.3,19,74,29,1,0,1,1,1,25,8,https://fbref.com/en/players/17758df6/Pedro-Pedro,
1,Licá,https://fbref.com/en/players/41d84fed/Lica,88,88,pt POR,LW,32-194,82,38,1,2,10,27,9,38,2,1,50.0,1,50.0,22,171,57,5,0,1,1,1,21,10,https://fbref.com/en/players/41d84fed/Lica-Licá,
2,Braian Mansilla,https://fbref.com/en/players/e4c37819/Braian-Mansilla,11,11,ar ARG,LW,23-339,8,3,0,0,1,2,0,3,1,0,0.0,1,100.0,3,29,14,1,0,0,0,0,3,0,https://fbref.com/en/players/e4c37819/Braian-Mansilla-Braian Mansilla,
3,Bilel Aouacheria,https://fbref.com/en/players/77bbc5b1/Bilel-Aouacheria,26,26,fr FRA,RW,26-353,71,25,0,2,8,15,3,25,0,0,,0,,16,40,14,1,0,0,2,1,16,9,https://fbref.com/en/players/77bbc5b1/Bilel-Aouacheria-Bilel Aouacheria,
4,Djalma Campos,https://fbref.com/en/players/bd9813b9/Djalma-Campos,20,20,ao ANG,RW,33-295,19,4,0,1,2,1,0,4,2,2,100.0,0,0.0,2,21,13,1,1,0,0,1,2,0,https://fbref.com/en/players/bd9813b9/Djalma-Campos-Djalma Campos,
5,Ryan Gauld,https://fbref.com/en/players/862e93c2/Ryan-Gauld,23,23,sct SCO,AM,25-095,89,33,0,2,12,19,4,32,1,0,0.0,1,100.0,17,83,41,3,1,0,0,1,14,2,https://fbref.com/en/players/862e93c2/Ryan-Gauld-Ryan Gauld,
6,Fabrício Isidoro,https://fbref.com/en/players/b70ca4b5/Fabricio-Isidoro,14,14,br BRA,AM,29-052,1,3,0,0,1,2,1,3,0,0,,0,,3,16,8,0,0,0,0,0,3,1,https://fbref.com/en/players/b70ca4b5/Fabricio-Isidoro-Fabrício Isidoro,
7,Jonatan Lucca,https://fbref.com/en/players/b04f4533/Jonatan-Lucca,47,47,br BRA,DM,26-292,90,63,1,16,30,18,2,63,2,1,50.0,1,50.0,37,159,102,1,0,0,1,1,37,3,https://fbref.com/en/players/b04f4533/Jonatan-Lucca-Jonatan Lucca,
8,Amine Oudrhiri,https://fbref.com/en/players/49c9c79a/Amine-Oudrhiri,5,5,ma MAR,DM,28-137,90,41,1,9,28,4,1,41,2,0,0.0,2,100.0,34,109,49,0,1,0,0,1,30,1,https://fbref.com/en/players/49c9c79a/Amine-Oudrhiri-Amine Oudrhiri,
9,Abner,https://fbref.com/en/players/8e562fe7/Abner,30,30,br BRA,LB,24-295,90,51,2,11,25,15,0,51,1,1,100.0,0,0.0,27,142,57,0,1,1,1,1,30,6,https://fbref.com/en/players/8e562fe7/Abner-Abner,
10,Eduardo Mancha,https://fbref.com/en/players/56e74f66/Eduardo-Mancha,95,95,br BRA,CB,25-117,90,63,3,33,26,4,4,63,0,0,,0,,34,155,117,1,0,0,0,0,36,0,https://fbref.com/en/players/56e74f66/Eduardo-Mancha-Eduardo Mancha,
11,César,https://fbref.com/en/players/4dcde17a/Cesar,4,4,br BRA,CB,28-083,90,48,7,30,16,2,2,48,0,0,,0,,26,79,35,0,0,0,0,0,30,0,https://fbref.com/en/players/4dcde17a/Cesar-César,
12,Tomás Tavares,https://fbref.com/en/players/0dce3356/Tomas-Tavares,84,84,pt POR,RB,20-014,90,54,0,16,25,14,0,54,3,2,66.7,1,33.3,28,188,118,3,2,0,2,0,22,4,https://fbref.com/en/players/0dce3356/Tomas-Tavares-Tomás Tavares,
13,Beto,https://fbref.com/en/players/3b4941e4/Beto,3,3,pt POR,GK,38-324,90,44,31,44,0,0,0,44,0,0,,0,,27,88,53,0,0,0,0,0,22,0,https://fbref.com/en/players/3b4941e4/Beto-Beto,
