,Minute,Player,Squad,xG,PSxG,Outcome,Distance,Body Part,Notes,SCA 1 Player,SCA 1 Event,SCA 2 Player,SCA 2 Event
0,3,Ryan Gauld(pen),Farense,0.79,0.99,Saved,13,Left Foot,,Ryan Gauld,Fouled,Ryan Gauld,Pass (Live)
1,5,Javi García,Boavista,0.05,,Off Target,10,Head,,Gustavo Sauer,Pass (Dead),Angel Gomes,Pass (Live)
2,7,Alberth Elis,Boavista,0.04,0.09,Saved,15,Head,,Gustavo Sauer,Pass (Dead),Angel Gomes,Fouled
3,7,Pedro,Farense,0.35,0.40,Saved,8,Head,,Bilel Aouacheria,Pass (Live),Tomás Tavares,Pass (Live)
4,7,Licá,Farense,0.07,,Blocked,10,Left Foot,Volley,Pedro,Shot,,
5,9,Jonatan Lucca,Farense,0.08,0.03,Saved,11,Right Foot,Volley,César,Pass (Live),Abner,Pass (Dead)
6,13,Ryan Gauld,Farense,0.03,0.18,Saved,28,Left Foot,,Pedro,Pass (Live),César,Pass (Live)
7,14,Eduardo Mancha,Farense,0.52,,Off Target,4,Head,,Licá,Pass (Live),Ryan Gauld,Pass (Dead)
8,18,Gustavo Sauer,Boavista,0.04,0.08,Saved,23,Left Foot,,,,,
9,20,Yanis Hamache,Boavista,0.03,,Blocked,29,Left Foot,,Angel Gomes,Pass (Live),Reggie Cannon,Pass (Live)
10,21,Javi García,Boavista,0.07,,Off Target,8,Head,,Gustavo Sauer,Pass (Dead),Yanis Hamache,Shot
11,25,Licá,Farense,0.07,0.38,Goal,14,Right Foot,,Tomás Tavares,Pass (Live),Tomás Tavares,Take-On
12,28,Pedro,Farense,0.09,,Off Target,5,Left Foot,,Ryan Gauld,Pass (Live),Amine Oudrhiri,Pass (Live)
13,45,Eduardo Mancha,Farense,0.03,,Off Target,17,Head,,Tomás Tavares,Pass (Live),César,Pass (Live)
14,,,,,,,,,,,,,
15,48,Show,Boavista,0.03,,Blocked,28,Right Foot,,Ricardo Mangas,Pass (Dead),Gustavo Sauer,Pass (Live)
16,50,Gustavo Sauer,Boavista,0.03,0.18,Saved,30,Left Foot,,Paulinho,Pass (Live),Javi García,Pass (Live)
17,53,Bilel Aouacheria,Farense,0.02,0.03,Saved,31,Right Foot,,Pedro,Pass (Live),Tomás Tavares,Pass (Live)
18,54,Javi García,Boavista,0.05,,Off Target,12,Head,,Gustavo Sauer,Pass (Dead),Show,Pass (Live)
19,59,Gustavo Sauer,Boavista,0.06,,Blocked,29,Left Foot,Free kick,Angel Gomes,Fouled,Javi García,Pass (Live)
20,59,Alberth Elis,Boavista,0.43,0.61,Saved,8,Right Foot,,Gustavo Sauer,Shot,,
21,61,Ryan Gauld,Farense,0.06,,Woodwork,12,Left Foot,,Amine Oudrhiri,Pass (Live),,
22,61,Licá,Farense,0.31,,Woodwork,11,Left Foot,,Ryan Gauld,Shot,,
23,61,Bilel Aouacheria,Farense,0.06,,Blocked,18,Left Foot,,Licá,Shot,,
24,69,Licá,Farense,0.03,,Off Target,23,Right Foot,,Pedro,Pass (Live),,
25,71,Jorge Bengoché,Boavista,0.10,0.06,Saved,8,Head,,Angel Gomes,Pass (Dead),Paulinho,Fouled
26,74,Ryan Gauld,Farense,0.04,,Blocked,15,Head,,Jonatan Lucca,Pass (Dead),Abner,Fouled
27,76,Show,Boavista,0.02,,Off Target,37,Right Foot,,Ricardo Mangas,Pass (Live),Alberth Elis,Pass (Live)
28,81,Angel Gomes,Boavista,0.03,,Blocked,26,Right Foot,,Nathan,Pass (Live),Nathan,Take-On
29,86,Tomás Tavares,Farense,0.03,,Off Target,29,Right Foot,,Jonatan Lucca,Pass (Live),Pedro,Pass (Live)
30,88,Amine Oudrhiri,Farense,0.04,0.27,Saved,17,Head,,Jonatan Lucca,Pass (Dead),Pedro,Fouled
31,90+2,Braian Mansilla,Farense,0.03,0.15,Saved,22,Left Foot,,Amine Oudrhiri,Pass (Live),Pedro,Pass (Live)
32,90+4,Fabrício Isidoro,Farense,0.08,0.30,Saved,18,Right Foot,,Pedro,Pass (Live),Pedro,Take-On
