,Player Name,Player Number,Player,#,Nation,Pos,Age,Min,Touches,Def Pen,Def 3rd,Mid 3rd,Att 3rd,Att Pen,Live,Att,Succ,Succ%,Tkld,Tkld%,Carries,TotDist,PrgDist,PrgC,1/3,CPA,Mis,Dis,Rec,PrgR,Player Key,Player Link
0,Ibrahima Niane,https://fbref.com/en/players/46faabfa/Ibrahima-Niane,7,7,sn SEN,FW,21-193,90,33,1,1,9,23,5,33,1,0,0.0,1,100.0,19,100,30,2,2,1,2,3,28,7,https://fbref.com/en/players/46faabfa/Ibrahima-Niane-Ibrahima Niane,
1,Farid Boulaya,https://fbref.com/en/players/a0791826/Farid-Boulaya,10,10,dz ALG,"LW,AM",27-208,90,68,0,1,31,38,4,68,1,1,100.0,0,0.0,45,444,269,12,5,2,1,0,45,3,https://fbref.com/en/players/a0791826/Farid-Boulaya-Farid Boulaya,
2,Opa Nguette,https://fbref.com/en/players/75a63397/Opa-Nguette,11,11,sn SEN,"RW,LW",26-074,70,30,0,3,15,14,2,30,2,2,100.0,0,0.0,19,168,108,3,3,1,4,2,19,1,https://fbref.com/en/players/75a63397/Opa-Nguette-Opa Nguette,
3,Papa Ndiaga Yade,https://fbref.com/en/players/87e9c7cd/Papa-Ndiaga-Yade,26,26,mr MTN,LW,20-259,20,12,0,1,2,9,1,12,1,1,100.0,0,0.0,7,62,48,3,0,1,1,0,9,2,https://fbref.com/en/players/87e9c7cd/Papa-Ndiaga-Yade-Papa Ndiaga Yade,
4,Vincent Pajot,https://fbref.com/en/players/f86ca403/Vincent-Pajot,14,14,fr FRA,"LM,DM",30-032,80,45,0,4,30,11,0,45,0,0,,0,,34,178,61,1,0,0,1,1,34,1,https://fbref.com/en/players/f86ca403/Vincent-Pajot-Vincent Pajot,
5,Warren Tchimbembé,https://fbref.com/en/players/93b8f9f4/Warren-Tchimbembe,12,12,cg CGO,DM,22-152,10,9,0,1,7,1,0,9,0,0,,0,,3,25,20,1,0,0,0,0,5,0,https://fbref.com/en/players/93b8f9f4/Warren-Tchimbembe-Warren Tchimbembé,
6,Habib Maïga,https://fbref.com/en/players/e768de1f/Habib-Maiga,19,19,ci CIV,"CM,DM",24-263,90,74,2,8,58,9,0,74,1,1,100.0,0,0.0,46,217,71,0,1,0,0,0,51,3,https://fbref.com/en/players/e768de1f/Habib-Maiga-Habib Maïga,
7,Victorien Angban,https://fbref.com/en/players/d8992b84/Victorien-Angban,5,5,ci CIV,RM,23-357,61,52,0,4,30,18,4,52,2,1,50.0,1,50.0,28,131,53,2,2,0,0,2,33,2,https://fbref.com/en/players/d8992b84/Victorien-Angban-Victorien Angban,
8,Thierry Ambrose,https://fbref.com/en/players/2945f4b7/Thierry-Ambrose,9,9,gp GLP,RW,23-176,29,19,0,2,7,11,3,19,1,1,100.0,0,0.0,16,167,85,4,3,2,1,4,16,4,https://fbref.com/en/players/2945f4b7/Thierry-Ambrose-Thierry Ambrose,
9,Matthieu Udol,https://fbref.com/en/players/cc41f558/Matthieu-Udol,3,3,fr FRA,LB,24-184,90,48,5,12,16,20,3,48,1,1,100.0,0,0.0,31,202,132,7,3,2,1,1,31,2,https://fbref.com/en/players/cc41f558/Matthieu-Udol-Matthieu Udol,
10,John Boye,https://fbref.com/en/players/861227d2/John-Boye,21,21,gh GHA,CB,33-150,90,48,3,19,28,1,0,48,0,0,,0,,24,127,36,0,0,0,0,0,25,0,https://fbref.com/en/players/861227d2/John-Boye-John Boye,
11,Dylan Bronn,https://fbref.com/en/players/edd81e2a/Dylan-Bronn,2,2,tn TUN,CB,25-093,90,66,3,21,43,2,1,66,1,1,100.0,0,0.0,46,281,165,1,0,0,0,0,47,0,https://fbref.com/en/players/edd81e2a/Dylan-Bronn-Dylan Bronn,
12,Fabien Centonze,https://fbref.com/en/players/3c6bbbab/Fabien-Centonze,18,18,fr FRA,RB,24-248,90,77,2,12,43,23,1,77,6,4,66.7,2,33.3,41,276,179,6,3,0,1,0,39,6,https://fbref.com/en/players/3c6bbbab/Fabien-Centonze-Fabien Centonze,
13,Alexandre Oukidja,https://fbref.com/en/players/ae7d0ecd/Alexandre-Oukidja,16,16,dz ALG,GK,32-063,90,33,26,32,1,0,0,33,0,0,,0,,19,149,83,0,0,0,0,0,14,1,https://fbref.com/en/players/ae7d0ecd/Alexandre-Oukidja-Alexandre Oukidja,
