,Player Name,Player Number,Player,#,Nation,Pos,Age,Min,CrdY,CrdR,2CrdY,Fls,Fld,Off,Crs,Int,TklW,PKwon,PKcon,OG,Recov,Won,Lost,Won%,Player Key,Player Link
0,Ibrahima Niane,https://fbref.com/en/players/46faabfa/Ibrahima-Niane,7,7,sn SEN,FW,21-193,90,0,0,0,4,1,0,0,0,0,0,0,0,2,2,3,40.0,https://fbref.com/en/players/46faabfa/Ibrahima-Niane-Ibrahima Niane,
1,Farid Boulaya,https://fbref.com/en/players/a0791826/Farid-Boulaya,10,10,dz ALG,"LW,AM",27-208,90,1,0,0,1,0,0,17,0,1,0,1,0,7,0,1,0.0,https://fbref.com/en/players/a0791826/Farid-Boulaya-Farid Boulaya,
2,Opa Nguette,https://fbref.com/en/players/75a63397/Opa-Nguette,11,11,sn SEN,"RW,LW",26-074,70,0,0,0,2,1,0,0,0,2,0,0,0,4,0,0,,https://fbref.com/en/players/75a63397/Opa-Nguette-Opa Nguette,
3,Papa Ndiaga Yade,https://fbref.com/en/players/87e9c7cd/Papa-Ndiaga-Yade,26,26,mr MTN,LW,20-259,20,0,0,0,1,0,0,1,0,0,0,0,0,2,1,1,50.0,https://fbref.com/en/players/87e9c7cd/Papa-Ndiaga-Yade-Papa Ndiaga Yade,
4,Vincent Pajot,https://fbref.com/en/players/f86ca403/Vincent-Pajot,14,14,fr FRA,"LM,DM",30-032,80,0,0,0,0,0,0,2,1,1,0,0,0,3,0,2,0.0,https://fbref.com/en/players/f86ca403/Vincent-Pajot-Vincent Pajot,
5,Warren Tchimbembé,https://fbref.com/en/players/93b8f9f4/Warren-Tchimbembe,12,12,cg CGO,DM,22-152,10,0,0,0,0,0,0,0,0,0,0,0,0,1,0,0,,https://fbref.com/en/players/93b8f9f4/Warren-Tchimbembe-Warren Tchimbembé,
6,Habib Maïga,https://fbref.com/en/players/e768de1f/Habib-Maiga,19,19,ci CIV,"CM,DM",24-263,90,0,0,0,1,1,0,1,2,2,0,0,0,9,1,2,33.3,https://fbref.com/en/players/e768de1f/Habib-Maiga-Habib Maïga,
7,Victorien Angban,https://fbref.com/en/players/d8992b84/Victorien-Angban,5,5,ci CIV,RM,23-357,61,0,0,0,0,1,0,0,0,1,0,0,0,2,3,1,75.0,https://fbref.com/en/players/d8992b84/Victorien-Angban-Victorien Angban,
8,Thierry Ambrose,https://fbref.com/en/players/2945f4b7/Thierry-Ambrose,9,9,gp GLP,RW,23-176,29,0,0,0,0,0,0,5,0,2,0,0,0,4,1,1,50.0,https://fbref.com/en/players/2945f4b7/Thierry-Ambrose-Thierry Ambrose,
9,Matthieu Udol,https://fbref.com/en/players/cc41f558/Matthieu-Udol,3,3,fr FRA,LB,24-184,90,0,0,0,1,0,0,4,3,0,0,0,0,3,1,1,50.0,https://fbref.com/en/players/cc41f558/Matthieu-Udol-Matthieu Udol,
10,John Boye,https://fbref.com/en/players/861227d2/John-Boye,21,21,gh GHA,CB,33-150,90,0,0,0,0,0,0,0,1,0,0,0,0,4,1,1,50.0,https://fbref.com/en/players/861227d2/John-Boye-John Boye,
11,Dylan Bronn,https://fbref.com/en/players/edd81e2a/Dylan-Bronn,2,2,tn TUN,CB,25-093,90,0,0,0,1,0,0,0,0,1,0,0,0,2,3,1,75.0,https://fbref.com/en/players/edd81e2a/Dylan-Bronn-Dylan Bronn,
12,Fabien Centonze,https://fbref.com/en/players/3c6bbbab/Fabien-Centonze,18,18,fr FRA,RB,24-248,90,0,0,0,3,2,1,7,5,2,0,0,0,4,3,0,100.0,https://fbref.com/en/players/3c6bbbab/Fabien-Centonze-Fabien Centonze,
13,Alexandre Oukidja,https://fbref.com/en/players/ae7d0ecd/Alexandre-Oukidja,16,16,dz ALG,GK,32-063,90,0,0,0,0,0,0,0,0,0,0,0,0,3,1,0,100.0,https://fbref.com/en/players/ae7d0ecd/Alexandre-Oukidja-Alexandre Oukidja,
