,Player Name,Player Number,Player,#,Nation,Pos,Age,Min,CrdY,CrdR,2CrdY,Fls,Fld,Off,Crs,Int,TklW,PKwon,PKcon,OG,Recov,Won,Lost,Won%,Player Key,Player Link
0,Boulaye Dia,https://fbref.com/en/players/244bc2c8/Boulaye-Dia,11,11,sn SEN,"FW,RM",23-309,90,0,0,0,0,0,0,0,0,0,0,0,0,4,3,3,50.0,https://fbref.com/en/players/244bc2c8/Boulaye-Dia-Boulaye Dia,
1,Arber Zeneli,https://fbref.com/en/players/095e4199/Arber-Zeneli,10,10,xk KVX,"LW,LM",25-208,67,0,0,0,0,1,0,2,0,1,0,0,0,4,0,2,0.0,https://fbref.com/en/players/095e4199/Arber-Zeneli-Arber Zeneli,
2,Dereck Kutesa,https://fbref.com/en/players/1b6862e8/Dereck-Kutesa,8,8,ch SUI,LM,22-289,23,0,0,0,1,1,0,0,1,1,0,0,0,0,0,2,0.0,https://fbref.com/en/players/1b6862e8/Dereck-Kutesa-Dereck Kutesa,
3,Mathieu Cafaro,https://fbref.com/en/players/2a657da0/Mathieu-Cafaro,24,24,fr FRA,"RW,RM",23-179,67,1,0,0,1,2,0,3,0,1,0,0,0,2,0,1,0.0,https://fbref.com/en/players/2a657da0/Mathieu-Cafaro-Mathieu Cafaro,
4,El Bilal Touré,https://fbref.com/en/players/47c609d5/El-Bilal-Toure,27,27,ml MLI,FW,18-353,23,0,0,0,0,0,0,0,0,0,0,0,0,1,3,3,50.0,https://fbref.com/en/players/47c609d5/El-Bilal-Toure-El Bilal Touré,
5,Valon Berisha,https://fbref.com/en/players/d5575935/Valon-Berisha,14,14,xk KVX,"AM,CM",27-226,89,0,0,0,0,0,0,4,0,1,0,0,0,2,1,0,100.0,https://fbref.com/en/players/d5575935/Valon-Berisha-Valon Berisha,
6,Kaj Sierhuis,https://fbref.com/en/players/9c2b1f11/Kaj-Sierhuis,9,9,nl NED,FW,22-146,1,0,0,0,1,0,0,0,0,0,0,0,0,0,0,0,,https://fbref.com/en/players/9c2b1f11/Kaj-Sierhuis-Kaj Sierhuis,
7,Xavier Chavalerin,https://fbref.com/en/players/279ddf6a/Xavier-Chavalerin,7,7,fr FRA,"DM,CM",29-197,90,0,0,0,0,0,0,0,1,2,0,0,0,3,1,2,33.3,https://fbref.com/en/players/279ddf6a/Xavier-Chavalerin-Xavier Chavalerin,
8,Moreto Cassamã,https://fbref.com/en/players/f54d2149/Moreto-Cassama,23,23,gw GNB,DM,22-217,51,1,0,0,1,1,0,0,1,0,0,0,0,0,0,0,,https://fbref.com/en/players/f54d2149/Moreto-Cassama-Moreto Cassamã,
9,Dario Maresic,https://fbref.com/en/players/5d93ccee/Dario-Maresic,29,29,at AUT,CB,20-357,39,0,0,0,0,1,0,0,0,1,0,0,0,1,1,0,100.0,https://fbref.com/en/players/5d93ccee/Dario-Maresic-Dario Maresic,
10,Ghislain Konan,https://fbref.com/en/players/6b2c894b/Ghislain-Konan,3,3,ci CIV,LB,24-268,90,1,0,0,1,3,0,1,2,1,0,0,0,5,2,2,50.0,https://fbref.com/en/players/6b2c894b/Ghislain-Konan-Ghislain Konan,
11,Yunis Abdelhamid,https://fbref.com/en/players/32c2d95f/Yunis-Abdelhamid,5,5,ma MAR,CB,32-358,90,1,0,0,1,0,0,0,1,0,0,0,0,4,1,1,50.0,https://fbref.com/en/players/32c2d95f/Yunis-Abdelhamid-Yunis Abdelhamid,
12,Marshall Munetsi,https://fbref.com/en/players/2acf0cd7/Marshall-Munetsi,15,15,zw ZIM,CB,24-090,49,0,1,0,1,1,0,0,1,0,0,0,0,1,2,1,66.7,https://fbref.com/en/players/2acf0cd7/Marshall-Munetsi-Marshall Munetsi,
13,Thomas Foket,https://fbref.com/en/players/90eb507d/Thomas-Foket,32,32,be BEL,RB,25-361,90,0,0,0,0,4,0,2,0,0,1,0,0,2,0,0,,https://fbref.com/en/players/90eb507d/Thomas-Foket-Thomas Foket,
14,Predrag Rajković,https://fbref.com/en/players/58ad9383/Predrag-Rajkovic,1,1,rs SRB,GK,24-325,90,0,0,0,0,0,0,0,0,0,0,0,0,0,0,0,,https://fbref.com/en/players/58ad9383/Predrag-Rajkovic-Predrag Rajković,
