,Player Name,Player Number,Player,#,Nation,Pos,Age,Min,Touches,Def Pen,Def 3rd,Mid 3rd,Att 3rd,Att Pen,Live,Att,Succ,Succ%,Tkld,Tkld%,Carries,TotDist,PrgDist,PrgC,1/3,CPA,Mis,Dis,Rec,PrgR,Player Key,Player Link
0,Boulaye Dia,https://fbref.com/en/players/244bc2c8/Boulaye-Dia,11,11,sn SEN,"FW,RM",23-309,90,41,2,5,18,18,8,40,1,0,0.0,1,100.0,14,81,16,1,0,2,1,1,24,4,https://fbref.com/en/players/244bc2c8/Boulaye-Dia-Boulaye Dia,
1,Arber Zeneli,https://fbref.com/en/players/095e4199/Arber-Zeneli,10,10,xk KVX,"LW,LM",25-208,67,40,0,6,13,21,0,40,4,3,75.0,1,25.0,17,122,55,2,1,0,1,3,26,4,https://fbref.com/en/players/095e4199/Arber-Zeneli-Arber Zeneli,
2,Dereck Kutesa,https://fbref.com/en/players/1b6862e8/Dereck-Kutesa,8,8,ch SUI,LM,22-289,23,6,0,3,1,2,1,6,1,0,0.0,1,100.0,4,30,17,1,0,1,1,0,3,1,https://fbref.com/en/players/1b6862e8/Dereck-Kutesa-Dereck Kutesa,
3,Mathieu Cafaro,https://fbref.com/en/players/2a657da0/Mathieu-Cafaro,24,24,fr FRA,"RW,RM",23-179,67,18,1,1,8,9,1,18,2,0,0.0,2,100.0,10,89,37,0,1,1,1,0,12,3,https://fbref.com/en/players/2a657da0/Mathieu-Cafaro-Mathieu Cafaro,
4,El Bilal Touré,https://fbref.com/en/players/47c609d5/El-Bilal-Toure,27,27,ml MLI,FW,18-353,23,13,2,5,7,1,0,13,0,0,,0,,5,32,9,0,0,0,1,0,7,0,https://fbref.com/en/players/47c609d5/El-Bilal-Toure-El Bilal Touré,
5,Valon Berisha,https://fbref.com/en/players/d5575935/Valon-Berisha,14,14,xk KVX,"AM,CM",27-226,89,43,1,9,23,11,2,43,2,1,50.0,1,50.0,18,87,39,0,0,0,3,1,26,1,https://fbref.com/en/players/d5575935/Valon-Berisha-Valon Berisha,
6,Kaj Sierhuis,https://fbref.com/en/players/9c2b1f11/Kaj-Sierhuis,9,9,nl NED,FW,22-146,1,1,0,0,1,0,0,1,0,0,,0,,0,0,0,0,0,0,0,0,0,0,https://fbref.com/en/players/9c2b1f11/Kaj-Sierhuis-Kaj Sierhuis,
7,Xavier Chavalerin,https://fbref.com/en/players/279ddf6a/Xavier-Chavalerin,7,7,fr FRA,"DM,CM",29-197,90,34,1,12,14,8,0,34,1,0,0.0,1,100.0,15,101,8,0,0,0,0,0,23,2,https://fbref.com/en/players/279ddf6a/Xavier-Chavalerin-Xavier Chavalerin,
8,Moreto Cassamã,https://fbref.com/en/players/f54d2149/Moreto-Cassama,23,23,gw GNB,DM,22-217,51,36,2,13,20,4,0,36,1,1,100.0,0,0.0,10,27,12,0,0,0,1,1,22,0,https://fbref.com/en/players/f54d2149/Moreto-Cassama-Moreto Cassamã,
9,Dario Maresic,https://fbref.com/en/players/5d93ccee/Dario-Maresic,29,29,at AUT,CB,20-357,39,15,6,12,4,0,0,15,0,0,,0,,2,3,0,0,0,0,0,0,3,0,https://fbref.com/en/players/5d93ccee/Dario-Maresic-Dario Maresic,
10,Ghislain Konan,https://fbref.com/en/players/6b2c894b/Ghislain-Konan,3,3,ci CIV,LB,24-268,90,64,9,28,28,9,0,64,8,4,50.0,4,50.0,21,353,210,7,3,0,2,2,28,3,https://fbref.com/en/players/6b2c894b/Ghislain-Konan-Ghislain Konan,
11,Yunis Abdelhamid,https://fbref.com/en/players/32c2d95f/Yunis-Abdelhamid,5,5,ma MAR,CB,32-358,90,48,3,27,21,0,0,48,2,1,50.0,1,50.0,22,190,98,1,0,0,2,1,27,1,https://fbref.com/en/players/32c2d95f/Yunis-Abdelhamid-Yunis Abdelhamid,
12,Marshall Munetsi,https://fbref.com/en/players/2acf0cd7/Marshall-Munetsi,15,15,zw ZIM,CB,24-090,49,29,3,11,18,0,0,29,0,0,,0,,20,158,103,0,0,0,0,0,20,0,https://fbref.com/en/players/2acf0cd7/Marshall-Munetsi-Marshall Munetsi,
13,Thomas Foket,https://fbref.com/en/players/90eb507d/Thomas-Foket,32,32,be BEL,RB,25-361,90,35,3,14,12,9,0,35,0,0,,0,,16,120,88,3,2,0,0,0,18,2,https://fbref.com/en/players/90eb507d/Thomas-Foket-Thomas Foket,
14,Predrag Rajković,https://fbref.com/en/players/58ad9383/Predrag-Rajkovic,1,1,rs SRB,GK,24-325,90,39,29,38,1,0,0,39,0,0,,0,,11,74,17,0,0,0,0,0,12,0,https://fbref.com/en/players/58ad9383/Predrag-Rajkovic-Predrag Rajković,
