,Minute,Player,Squad,xG,PSxG,Outcome,Distance,Body Part,Notes,SCA 1 Player,SCA 1 Event,SCA 2 Player,SCA 2 Event
0,3,Arber Zeneli,Reims,0.05,0.03,Saved,21,Left Foot,,,,,
1,6,Farid Boulaya,Metz,0.03,,Off Target,25,Right Foot,,Vincent Pajot,Pass (Live),Victorien Angban,Pass (Live)
2,10,Valon Berisha,Reims,0.06,,Off Target,17,Right Foot,,Boulaye Dia,Pass (Live),Valon Berisha,Pass (Live)
3,10,Arber Zeneli,Reims,0.06,0.26,Saved,21,Right Foot,,Xavier Chavalerin,Pass (Live),Arber Zeneli,Pass (Live)
4,12,Boulaye Dia,Reims,0.04,,Off Target,23,Right Foot,,,,,
5,13,Ibrahima Niane,Metz,0.04,,Blocked,20,Right Foot,,Alexandre Oukidja,Pass (Dead),,
6,14,Arber Zeneli,Reims,0.05,0.09,Saved,21,Right Foot,,Valon Berisha,Pass (Live),Xavier Chavalerin,Pass (Live)
7,18,Ibrahima Niane,Metz,0.09,0.05,Goal,12,Head,,Farid Boulaya,Pass (Dead),Fabien Centonze,Fouled
8,31,Opa Nguette,Metz,0.67,0.79,Saved,4,Right Foot,,Matthieu Udol,Pass (Live),Farid Boulaya,Pass (Live)
9,36,Mathieu Cafaro,Reims,0.03,,Blocked,24,Right Foot,,Moreto Cassamã,Pass (Live),Moreto Cassamã,Take-On
10,43,Boulaye Dia(pen),Reims,0.79,0.99,Goal,13,Right Foot,,Thomas Foket,Fouled,Valon Berisha,Pass (Live)
11,,,,,,,,,,,,,
12,47,Victorien Angban,Metz,0.03,,Off Target,21,Right Foot,,Dylan Bronn,Pass (Live),Habib Maïga,Pass (Live)
13,51,Farid Boulaya,Metz,0.05,,Off Target,30,Right Foot,Free kick,Ibrahima Niane,Fouled,Farid Boulaya,Pass (Live)
14,56,Farid Boulaya,Metz,0.02,0.02,Saved,33,Right Foot,,Victorien Angban,Pass (Live),Vincent Pajot,Pass (Live)
15,57,Ibrahima Niane,Metz,0.03,,Off Target,26,Right Foot,,Farid Boulaya,Pass (Live),Fabien Centonze,Pass (Live)
16,63,Boulaye Dia,Reims,0.07,,Blocked,13,Right Foot,,Valon Berisha,Pass (Live),Boulaye Dia,Pass (Live)
17,67,Matthieu Udol,Metz,0.04,,Off Target,19,Left Foot,,Farid Boulaya,Pass (Live),Ibrahima Niane,Pass (Live)
18,69,Ghislain Konan,Reims,0.02,,Off Target,28,Right Foot,,,,,
19,70,Thierry Ambrose,Metz,0.06,,Blocked,10,Head,,Farid Boulaya,Pass (Dead),Opa Nguette,Pass (Live)
20,74,Thierry Ambrose,Metz,0.02,,Blocked,28,Right Foot,,Papa Ndiaga Yade,Pass (Live),,
21,77,Farid Boulaya,Metz,0.03,,Off Target,23,Right Foot,,Papa Ndiaga Yade,Pass (Live),Farid Boulaya,Pass (Live)
22,86,Dereck Kutesa,Reims,0.04,,Blocked,18,Right Foot,,Ghislain Konan,Pass (Live),Valon Berisha,Pass (Live)
23,88,Ibrahima Niane,Metz,0.54,0.88,Goal,5,Right Foot,,Papa Ndiaga Yade,Pass (Live),Dylan Bronn,Pass (Live)
24,90+3,Thierry Ambrose,Metz,0.03,,Off Target,27,Right Foot,,Papa Ndiaga Yade,Pass (Live),Habib Maïga,Pass (Live)
