,Player Name,Player Number,Player,#,Nation,Pos,Age,Min,Tkl,TklW,Def 3rd,Mid 3rd,Att 3rd,Tkl,Att,Tkl%,Lost,Blocks,Sh,Pass,Int,Tkl+Int,Clr,Err,Player Key,Player Link
0,Nikola Stojiljković,https://fbref.com/en/players/ca3e2783/Nikola-Stojiljkovic,9,9,rs SRB,FW,28-161,62,0,0,0,0,0,0,0,,0,0,0,0,0,0,0,0,https://fbref.com/en/players/ca3e2783/Nikola-Stojiljkovic-Nikola Stojiljković,
1,Pedro,https://fbref.com/en/players/17758df6/Pedro,96,96,br BRA,FW,24-078,28,0,0,0,0,0,0,0,,0,0,0,0,0,0,0,0,https://fbref.com/en/players/17758df6/Pedro-Pedro,
2,Madi Queita,https://fbref.com/en/players/13ab460a/Madi-Queita,10,10,gw GNB,LW,22-096,62,2,0,2,0,0,2,2,100.0,0,2,0,2,3,5,0,0,https://fbref.com/en/players/13ab460a/Madi-Queita-Madi Queita,
3,Braian Mansilla,https://fbref.com/en/players/e4c37819/Braian-Mansilla,11,11,ar ARG,LW,23-284,28,1,1,1,0,0,0,0,,0,0,0,0,0,1,0,0,https://fbref.com/en/players/e4c37819/Braian-Mansilla-Braian Mansilla,
4,Licá,https://fbref.com/en/players/41d84fed/Lica,88,88,pt POR,RW,32-139,69,0,0,0,0,0,0,1,0.0,1,1,0,1,0,0,0,0,https://fbref.com/en/players/41d84fed/Lica-Licá,
5,Hugo Seco,https://fbref.com/en/players/68ee9021/Hugo-Seco,7,7,pt POR,RW,32-222,21,0,0,0,0,0,0,0,,0,0,0,0,0,0,0,0,https://fbref.com/en/players/68ee9021/Hugo-Seco-Hugo Seco,
6,Ryan Gauld,https://fbref.com/en/players/862e93c2/Ryan-Gauld,23,23,sct SCO,"AM,LM",25-040,90,1,1,0,1,0,0,2,0.0,2,1,0,1,3,4,1,0,https://fbref.com/en/players/862e93c2/Ryan-Gauld-Ryan Gauld,
7,Filipe Melo,https://fbref.com/en/players/3220a3ef/Filipe-Melo,6,6,pt POR,DM,31-083,45,1,1,0,1,0,0,0,,0,0,0,0,0,1,1,0,https://fbref.com/en/players/3220a3ef/Filipe-Melo-Filipe Melo,
8,Claudio Falcão,https://fbref.com/en/players/56077210/Claudio-Falcao,29,29,br BRA,"CM,DM",26-206,45,2,1,0,0,2,2,3,66.7,1,0,0,0,2,4,4,0,https://fbref.com/en/players/56077210/Claudio-Falcao-Claudio Falcão,
9,Amine Oudrhiri,https://fbref.com/en/players/49c9c79a/Amine-Oudrhiri,5,5,ma MAR,"DM,RB",28-082,90,2,1,1,1,0,0,1,0.0,1,1,0,1,0,2,1,0,https://fbref.com/en/players/49c9c79a/Amine-Oudrhiri-Amine Oudrhiri,
10,Fábio Alexandre da Silva Nunes,https://fbref.com/en/players/7cfc2860/Fabio-Alexandre-da-Silva-Nunes,92,92,pt POR,LB,28-185,90,1,1,1,0,0,1,1,100.0,0,0,0,0,0,1,4,0,https://fbref.com/en/players/7cfc2860/Fabio-Alexandre-da-Silva-Nunes-Fábio Alexandre da Silva Nunes,
11,Cássio,https://fbref.com/en/players/36334180/Cassio,41,41,br BRA,CB,27-022,90,0,0,0,0,0,0,0,,0,3,1,2,3,3,5,0,https://fbref.com/en/players/36334180/Cassio-Cássio,
12,Burá,https://fbref.com/en/players/8e72cba8/Bura,13,13,gw GNB,CB,25-034,90,3,3,3,0,0,1,2,50.0,1,1,1,0,3,6,6,0,https://fbref.com/en/players/8e72cba8/Bura-Burá,
13,Alexandre Pinto,https://fbref.com/en/players/b05d8d93/Alexandre-Pinto,78,78,pt POR,RB,22-201,69,2,2,2,0,0,1,3,33.3,2,0,0,0,3,5,3,0,https://fbref.com/en/players/b05d8d93/Alexandre-Pinto-Alexandre Pinto,
14,Jonatan Lucca,https://fbref.com/en/players/b04f4533/Jonatan-Lucca,47,47,br BRA,RM,26-237,21,0,0,0,0,0,0,0,,0,0,0,0,0,0,0,0,https://fbref.com/en/players/b04f4533/Jonatan-Lucca-Jonatan Lucca,
15,Rafael Defendi,https://fbref.com/en/players/317d3e7b/Rafael-Defendi,12,12,br BRA,GK,37-034,90,0,0,0,0,0,0,0,,0,1,0,1,0,0,0,0,https://fbref.com/en/players/317d3e7b/Rafael-Defendi-Rafael Defendi,
