,Player Name,Player Number,Player,#,Nation,Pos,Age,Min,CrdY,CrdR,2CrdY,Fls,Fld,Off,Crs,Int,TklW,PKwon,PKcon,OG,Recov,Won,Lost,Won%,Player Key,Player Link
0,Mehdi Taremi,https://fbref.com/en/players/4c2a5d34/Mehdi-Taremi,9,9,ir IRN,FW,28-191,75,0,0,0,2,0,0,0,0,0,0,0,0,1,1,4,20.0,https://fbref.com/en/players/4c2a5d34/Mehdi-Taremi-Mehdi Taremi,
1,Felipe Anderson,https://fbref.com/en/players/9f1893b9/Felipe-Anderson,28,28,br BRA,"LM,FW",27-285,15,0,0,0,0,0,0,0,0,1,0,0,0,2,1,1,50.0,https://fbref.com/en/players/9f1893b9/Felipe-Anderson-Felipe Anderson,
2,Moussa Marega,https://fbref.com/en/players/05a84d52/Moussa-Marega,11,11,ml MLI,FW,29-286,90,0,0,0,0,2,0,0,0,0,0,0,0,1,1,1,50.0,https://fbref.com/en/players/05a84d52/Moussa-Marega-Moussa Marega,
3,Otávio,https://fbref.com/en/players/28b1f3ce/Otavio,25,25,pt POR,"LM,CM",25-351,89,1,0,0,2,2,0,4,1,1,0,0,0,10,1,2,33.3,https://fbref.com/en/players/28b1f3ce/Otavio-Otávio,
4,João Mário Lopes,https://fbref.com/en/players/82a39b66/Joao-Mario-Lopes,23,23,pt POR,RM,21-022,1,0,0,0,0,1,0,0,0,0,0,0,0,0,0,0,,https://fbref.com/en/players/82a39b66/Joao-Mario-Lopes-João Mário Lopes,
5,Mateus Uribe,https://fbref.com/en/players/b997c3de/Mateus-Uribe,8,8,co COL,CM,29-310,90,0,0,0,3,1,0,0,3,1,0,0,0,7,4,1,80.0,https://fbref.com/en/players/b997c3de/Mateus-Uribe-Mateus Uribe,
6,Marko Grujić,https://fbref.com/en/players/8b8e759d/Marko-Grujic,16,16,rs SRB,CM,24-287,83,0,0,0,2,0,0,0,0,1,0,0,0,3,7,3,70.0,https://fbref.com/en/players/8b8e759d/Marko-Grujic-Marko Grujić,
7,Diogo Leite,https://fbref.com/en/players/c4987edc/Diogo-Leite,4,4,pt POR,CB,22-002,7,0,0,0,0,1,0,0,1,0,0,0,0,0,1,0,100.0,https://fbref.com/en/players/c4987edc/Diogo-Leite-Diogo Leite,
8,Jesús Corona,https://fbref.com/en/players/fb938d24/Jesus-Corona,17,17,mx MEX,RM,28-019,89,0,0,0,3,1,0,4,1,1,0,0,0,4,2,2,50.0,https://fbref.com/en/players/fb938d24/Jesus-Corona-Jesús Corona,
9,Mamadou Loum,https://fbref.com/en/players/bcfc4473/Mamadou-Loum,6,6,sn SEN,CM,24-026,1,0,0,0,1,0,0,0,0,0,0,0,0,1,0,1,0.0,https://fbref.com/en/players/bcfc4473/Mamadou-Loum-Mamadou Loum,
10,Zaidu Sanusi,https://fbref.com/en/players/24051310/Zaidu-Sanusi,12,12,ng NGA,LB,23-226,90,0,0,0,2,3,0,4,4,0,0,0,0,6,2,2,50.0,https://fbref.com/en/players/24051310/Zaidu-Sanusi-Zaidu Sanusi,
11,Pepe,https://fbref.com/en/players/c906ce0f/Pepe,3,3,pt POR,CB,37-334,90,0,0,0,1,0,0,0,2,1,0,0,0,3,4,0,100.0,https://fbref.com/en/players/c906ce0f/Pepe-Pepe,
12,Chancel Mbemba,https://fbref.com/en/players/e76cb9cc/Chancel-Mbemba,19,19,cd COD,CB,26-170,90,0,0,0,0,0,0,0,1,0,0,0,0,6,0,1,0.0,https://fbref.com/en/players/e76cb9cc/Chancel-Mbemba-Chancel Mbemba,
13,Wilson Manafá,https://fbref.com/en/players/e27fdbca/Wilson-Manafa,18,18,pt POR,RB,26-186,83,0,0,0,2,0,0,0,0,0,0,0,0,4,2,3,40.0,https://fbref.com/en/players/e27fdbca/Wilson-Manafa-Wilson Manafá,
14,Carraça,https://fbref.com/en/players/d96144c9/Carraca,15,15,pt POR,RB,27-330,7,0,0,0,0,1,0,3,0,1,0,0,0,0,0,0,,https://fbref.com/en/players/d96144c9/Carraca-Carraça,
15,Agustín Marchesín,https://fbref.com/en/players/853b7c48/Agustin-Marchesin,1,1,ar ARG,GK,32-315,90,0,0,0,0,0,0,0,0,0,0,0,0,1,0,0,,https://fbref.com/en/players/853b7c48/Agustin-Marchesin-Agustín Marchesín,
