,Player Name,Player Number,Player,#,Nation,Pos,Age,Min,Touches,Def Pen,Def 3rd,Mid 3rd,Att 3rd,Att Pen,Live,Att,Succ,Succ%,Tkld,Tkld%,Carries,TotDist,PrgDist,PrgC,1/3,CPA,Mis,Dis,Rec,PrgR,Player Key,Player Link
0,Mehdi Taremi,https://fbref.com/en/players/4c2a5d34/Mehdi-Taremi,9,9,ir IRN,FW,28-191,75,30,1,2,13,15,7,30,0,0,,0,,20,79,44,2,2,2,1,1,20,6,https://fbref.com/en/players/4c2a5d34/Mehdi-Taremi-Mehdi Taremi,
1,Felipe Anderson,https://fbref.com/en/players/9f1893b9/Felipe-Anderson,28,28,br BRA,"LM,FW",27-285,15,10,1,3,5,2,0,10,1,0,0.0,1,100.0,7,49,12,0,0,0,1,0,6,1,https://fbref.com/en/players/9f1893b9/Felipe-Anderson-Felipe Anderson,
2,Moussa Marega,https://fbref.com/en/players/05a84d52/Moussa-Marega,11,11,ml MLI,FW,29-286,90,26,2,2,7,17,6,26,0,0,,0,,14,35,19,1,1,0,3,2,17,5,https://fbref.com/en/players/05a84d52/Moussa-Marega-Moussa Marega,
3,Otávio,https://fbref.com/en/players/28b1f3ce/Otavio,25,25,pt POR,"LM,CM",25-351,89,65,0,8,31,28,6,65,4,2,50.0,2,50.0,37,182,100,2,2,0,3,3,37,9,https://fbref.com/en/players/28b1f3ce/Otavio-Otávio,
4,João Mário Lopes,https://fbref.com/en/players/82a39b66/Joao-Mario-Lopes,23,23,pt POR,RM,21-022,1,0,0,0,0,0,0,0,0,0,,0,,1,5,1,0,0,0,0,0,1,0,https://fbref.com/en/players/82a39b66/Joao-Mario-Lopes-João Mário Lopes,
5,Mateus Uribe,https://fbref.com/en/players/b997c3de/Mateus-Uribe,8,8,co COL,CM,29-310,90,62,3,21,33,8,0,62,0,0,,0,,31,133,53,2,1,0,2,0,35,0,https://fbref.com/en/players/b997c3de/Mateus-Uribe-Mateus Uribe,
6,Marko Grujić,https://fbref.com/en/players/8b8e759d/Marko-Grujic,16,16,rs SRB,CM,24-287,83,48,1,5,37,6,2,48,0,0,,0,,23,92,37,1,0,0,1,1,29,0,https://fbref.com/en/players/8b8e759d/Marko-Grujic-Marko Grujić,
7,Diogo Leite,https://fbref.com/en/players/c4987edc/Diogo-Leite,4,4,pt POR,CB,22-002,7,9,2,6,3,0,0,9,0,0,,0,,1,1,0,0,0,0,0,0,1,0,https://fbref.com/en/players/c4987edc/Diogo-Leite-Diogo Leite,
8,Jesús Corona,https://fbref.com/en/players/fb938d24/Jesus-Corona,17,17,mx MEX,RM,28-019,89,56,1,4,20,34,10,56,6,4,66.7,2,33.3,36,284,194,5,4,3,4,1,38,14,https://fbref.com/en/players/fb938d24/Jesus-Corona-Jesús Corona,
9,Mamadou Loum,https://fbref.com/en/players/bcfc4473/Mamadou-Loum,6,6,sn SEN,CM,24-026,1,1,0,0,0,1,0,1,0,0,,0,,1,5,4,0,0,0,0,0,0,0,https://fbref.com/en/players/bcfc4473/Mamadou-Loum-Mamadou Loum,
10,Zaidu Sanusi,https://fbref.com/en/players/24051310/Zaidu-Sanusi,12,12,ng NGA,LB,23-226,90,62,3,20,21,21,2,62,0,0,,0,,30,95,32,1,0,0,2,0,26,4,https://fbref.com/en/players/24051310/Zaidu-Sanusi-Zaidu Sanusi,
11,Pepe,https://fbref.com/en/players/c906ce0f/Pepe,3,3,pt POR,CB,37-334,90,49,5,30,19,0,0,49,0,0,,0,,29,136,68,0,0,0,0,0,29,0,https://fbref.com/en/players/c906ce0f/Pepe-Pepe,
12,Chancel Mbemba,https://fbref.com/en/players/e76cb9cc/Chancel-Mbemba,19,19,cd COD,CB,26-170,90,54,7,33,20,1,0,54,1,1,100.0,0,0.0,29,128,60,0,0,0,0,0,31,0,https://fbref.com/en/players/e76cb9cc/Chancel-Mbemba-Chancel Mbemba,
13,Wilson Manafá,https://fbref.com/en/players/e27fdbca/Wilson-Manafa,18,18,pt POR,RB,26-186,83,52,1,13,23,16,3,52,3,1,33.3,2,66.7,25,130,56,2,0,2,2,0,29,6,https://fbref.com/en/players/e27fdbca/Wilson-Manafa-Wilson Manafá,
14,Carraça,https://fbref.com/en/players/d96144c9/Carraca,15,15,pt POR,RB,27-330,7,8,1,1,2,5,0,8,0,0,,0,,1,2,0,0,0,0,0,0,2,1,https://fbref.com/en/players/d96144c9/Carraca-Carraça,
15,Agustín Marchesín,https://fbref.com/en/players/853b7c48/Agustin-Marchesin,1,1,ar ARG,GK,32-315,90,43,35,43,0,0,0,43,0,0,,0,,22,82,48,0,0,0,0,0,17,0,https://fbref.com/en/players/853b7c48/Agustin-Marchesin-Agustín Marchesín,
