,Minute,Player,Squad,xG,PSxG,Outcome,Distance,Body Part,Notes,SCA 1 Player,SCA 1 Event,SCA 2 Player,SCA 2 Event
0,5,Moussa Marega,Porto,0.05,0.03,Saved,22,Right Foot,,Jesús Corona,Pass (Live),Agustín Marchesín,Pass (Live)
1,6,Otávio,Porto,0.04,,Off Target,16,Head,,Jesús Corona,Pass (Live),Otávio,Pass (Live)
2,9,Moussa Marega,Porto,0.09,0.04,Saved,12,Right Foot,Volley,Otávio,Pass (Live),Jesús Corona,Pass (Live)
3,9,Marko Grujić,Porto,0.03,,Off Target,31,Right Foot,,Otávio,Pass (Live),Mehdi Taremi,Pass (Live)
4,15,Mehdi Taremi,Porto,0.32,0.37,Goal,12,Right Foot,,Chancel Mbemba,Pass (Live),Mateus Uribe,Pass (Live)
5,26,Jesús Corona,Porto,0.42,0.42,Saved,9,Left Foot,,Mateus Uribe,Pass (Live),Zaidu Sanusi,Pass (Live)
6,27,Moussa Marega,Porto,0.07,0.17,Saved,16,Right Foot,Deflected,Jesús Corona,Pass (Live),Otávio,Pass (Live)
7,29,Licá,Farense,0.03,,Off Target,22,Right Foot,Volley,Amine Oudrhiri,Pass (Dead),Ryan Gauld,Pass (Live)
8,31,Nikola Stojiljković,Farense,0.04,,Blocked,16,Head,,Amine Oudrhiri,Pass (Dead),Madi Queita,Fouled
9,31,Madi Queita,Farense,0.03,,Blocked,31,Right Foot,Volley,Nikola Stojiljković,Shot,,
10,33,Otávio,Porto,0.04,0.07,Saved,25,Right Foot,Volley,Marko Grujić,Pass (Live),Agustín Marchesín,Pass (Dead)
11,38,Nikola Stojiljković,Farense,0.05,,Blocked,16,Right Foot,Volley,Amine Oudrhiri,Pass (Live),,
12,42,Fábio Alexandre da Silva Nunes,Farense,0.02,,Off Target,37,Left Foot,,,,,
13,45,Mehdi Taremi,Porto,0.04,,Off Target,15,Head,,Otávio,Pass (Dead),Zaidu Sanusi,Fouled
14,45+2,Zaidu Sanusi,Porto,0.04,,Off Target,17,Head,,Jesús Corona,Pass (Live),Mateus Uribe,Pass (Live)
15,,,,,,,,,,,,,
16,48,Otávio,Porto,0.03,,Off Target,31,Right Foot,,Mateus Uribe,Pass (Live),Zaidu Sanusi,Pass (Live)
17,49,Nikola Stojiljković,Farense,0.04,0.10,Saved,17,Head,,Alexandre Pinto,Pass (Live),Claudio Falcão,Pass (Live)
18,50,Mateus Uribe,Porto,0.03,,Blocked,29,Left Foot,,Otávio,Pass (Live),Jesús Corona,Pass (Live)
19,51,Mehdi Taremi,Porto,0.11,,Off Target,6,Head,,Otávio,Pass (Dead),Mateus Uribe,Shot
20,52,Marko Grujić,Porto,0.03,,Off Target,29,Right Foot,,Zaidu Sanusi,Pass (Live),,
21,52,Mehdi Taremi,Porto,0.05,,Off Target,17,Left Foot,,Marko Grujić,Shot,,
22,57,Jesús Corona,Porto,0.08,,Blocked,15,Left Foot,,Jesús Corona,Take-On,Jesús Corona,Take-On
23,60,Otávio,Porto,0.38,0.75,Saved,16,Left Foot,,Mehdi Taremi,Pass (Live),Agustín Marchesín,Pass (Live)
24,65,Moussa Marega,Porto,0.12,0.08,Saved,11,Right Foot,,Jesús Corona,Pass (Live),Otávio,Pass (Live)
25,65,Otávio,Porto,0.22,,Off Target,8,Right Foot,Volley,Moussa Marega,Shot,,
26,75,Braian Mansilla,Farense,0.02,,Off Target,31,Left Foot,,Jonatan Lucca,Fouled,Burá,Pass (Live)
27,80,Hugo Seco,Farense,0.88,,Woodwork,2,Right Foot,Volley,Braian Mansilla,Take-On,Claudio Falcão,Pass (Live)
28,81,Claudio Falcão,Farense,0.02,,Off Target,32,Left Foot,,Amine Oudrhiri,Pass (Dead),Hugo Seco,Shot
