season,injury,from,until,days,missed_games
21/22,Quarantine,"Jul 22, 2021","Jul 29, 2021",7 days,2
19/20,Metatarsal fracture,"Feb 18, 2020","Apr 19, 2020",61 days,6
19/20,Calf problems,"Dec 5, 2019","Dec 15, 2019",10 days,1
19/20,Calf muscle tear,"Jul 11, 2019","Aug 11, 2019",31 days,4
18/19,Hamstring muscle injury,"Sep 11, 2018","Oct 15, 2018",34 days,5
16/17,Knock,"Jan 26, 2017","Mar 20, 2017",53 days,12
15/16,Back problems,"Apr 11, 2016","Apr 11, 2016",0 days,-
15/16,Thigh problems,"Mar 21, 2016","Apr 4, 2016",14 days,1
15/16,Muscle injury,"Feb 1, 2016","Mar 17, 2016",45 days,8
