,Player Name,Player Number,Player,#,Nation,Pos,Age,Min,CrdY,CrdR,2CrdY,Fls,Fld,Off,Crs,Int,TklW,PKwon,PKcon,OG,Recov,Won,Lost,Won%,Player Key,Player Link
0,Paulinho,https://fbref.com/en/players/a62c16d0/Paulinho,20,20,pt POR,FW,28-020,90,0,0,0,3,2,0,1,0,0,0,0,0,2,3,2,60.0,https://fbref.com/en/players/a62c16d0/Paulinho-Paulinho,
1,Ricardo Horta,https://fbref.com/en/players/6603fed7/Ricardo-Horta,21,21,pt POR,AM,26-075,90,0,0,0,1,0,0,3,0,1,0,0,0,4,0,0,,https://fbref.com/en/players/6603fed7/Ricardo-Horta-Ricardo Horta,
2,Iuri Medeiros,https://fbref.com/en/players/97e2aa67/Iuri-Medeiros,45,45,pt POR,AM,26-142,62,0,0,0,0,3,0,6,1,0,0,0,0,0,1,1,50.0,https://fbref.com/en/players/97e2aa67/Iuri-Medeiros-Iuri Medeiros,
3,André Horta,https://fbref.com/en/players/951f1739/Andre-Horta,15,15,pt POR,AM,24-022,28,0,0,0,0,0,0,0,1,0,0,0,0,0,0,1,0.0,https://fbref.com/en/players/951f1739/Andre-Horta-André Horta,
4,André Castro,https://fbref.com/en/players/37d0048f/Andre-Castro,88,88,pt POR,CM,32-241,62,0,0,0,1,1,0,1,0,0,0,0,0,1,1,2,33.3,https://fbref.com/en/players/37d0048f/Andre-Castro-André Castro,
5,Almoatasem Al Musrati,https://fbref.com/en/players/cd6a1a59/Almoatasem-Al-Musrati,8,8,ly LBY,CM,24-237,28,0,0,0,2,0,0,0,0,0,0,0,0,2,1,0,100.0,https://fbref.com/en/players/cd6a1a59/Almoatasem-Al-Musrati-Almoatasem Al Musrati,
6,Fransérgio,https://fbref.com/en/players/deba6b05/Fransergio,27,27,br BRA,CM,30-042,62,1,0,0,0,0,0,1,1,1,0,0,0,4,0,3,0.0,https://fbref.com/en/players/deba6b05/Fransergio-Fransérgio,
7,João Novais,https://fbref.com/en/players/282faa70/Joao-Novais,7,7,pt POR,CM,27-142,28,1,0,0,2,0,0,2,0,0,0,0,0,2,1,1,50.0,https://fbref.com/en/players/282faa70/Joao-Novais-João Novais,
8,Galeno,https://fbref.com/en/players/5b3d1a7a/Galeno,90,90,br BRA,WB,23-038,83,0,0,0,0,2,0,6,1,0,0,0,0,4,0,0,,https://fbref.com/en/players/5b3d1a7a/Galeno-Galeno,
9,Guilherme Schettine,https://fbref.com/en/players/6b074beb/Guilherme-Schettine,95,95,br BRA,WB,25-050,7,0,0,0,0,1,0,1,1,0,0,0,0,1,0,0,,https://fbref.com/en/players/6b074beb/Guilherme-Schettine-Guilherme Schettine,
10,Ricardo Esgaio,https://fbref.com/en/players/12dcbdcc/Ricardo-Esgaio,47,47,pt POR,WB,27-197,90,0,0,0,2,0,0,3,2,2,0,0,0,8,3,1,75.0,https://fbref.com/en/players/12dcbdcc/Ricardo-Esgaio-Ricardo Esgaio,
11,Nuno Sequeira,https://fbref.com/en/players/7a2cf111/Nuno-Sequeira,5,5,pt POR,CB,30-102,90,0,0,0,2,6,0,5,2,1,0,0,0,6,3,3,50.0,https://fbref.com/en/players/7a2cf111/Nuno-Sequeira-Nuno Sequeira,
12,David Carmo,https://fbref.com/en/players/3ce20eda/David-Carmo,16,16,ao ANG,CB,21-133,90,1,0,0,5,1,0,0,1,1,0,0,0,0,1,1,50.0,https://fbref.com/en/players/3ce20eda/David-Carmo-David Carmo,
13,Bruno Viana,https://fbref.com/en/players/c5ea2dab/Bruno-Viana,36,36,br BRA,CB,25-298,90,0,0,0,1,0,0,0,2,1,0,0,0,3,4,0,100.0,https://fbref.com/en/players/c5ea2dab/Bruno-Viana-Bruno Viana,
14,Matheus,https://fbref.com/en/players/ef3909cd/Matheus,1,1,br BRA,GK,28-133,90,0,0,0,0,0,0,0,0,0,0,0,0,0,0,0,,https://fbref.com/en/players/ef3909cd/Matheus-Matheus,
