,Player Name,Player Number,Player,#,Nation,Pos,Age,Min,Touches,Def Pen,Def 3rd,Mid 3rd,Att 3rd,Att Pen,Live,Att,Succ,Succ%,Tkld,Tkld%,Carries,TotDist,PrgDist,PrgC,1/3,CPA,Mis,Dis,Rec,PrgR,Player Key,Player Link
0,Paulinho,https://fbref.com/en/players/a62c16d0/Paulinho,20,20,pt POR,FW,28-020,90,35,0,0,12,23,9,35,1,1,100.0,0,0.0,23,81,21,0,0,0,3,0,31,12,https://fbref.com/en/players/a62c16d0/Paulinho-Paulinho,
1,Ricardo Horta,https://fbref.com/en/players/6603fed7/Ricardo-Horta,21,21,pt POR,AM,26-075,90,49,1,1,26,22,1,49,1,0,0.0,1,100.0,22,88,50,1,0,0,0,0,33,3,https://fbref.com/en/players/6603fed7/Ricardo-Horta-Ricardo Horta,
2,Iuri Medeiros,https://fbref.com/en/players/97e2aa67/Iuri-Medeiros,45,45,pt POR,AM,26-142,62,34,0,2,12,20,1,34,2,2,100.0,0,0.0,19,104,48,2,1,1,1,1,25,3,https://fbref.com/en/players/97e2aa67/Iuri-Medeiros-Iuri Medeiros,
3,André Horta,https://fbref.com/en/players/951f1739/Andre-Horta,15,15,pt POR,AM,24-022,28,20,0,0,6,14,1,20,2,1,50.0,1,50.0,12,31,12,0,1,0,0,0,14,2,https://fbref.com/en/players/951f1739/Andre-Horta-André Horta,
4,André Castro,https://fbref.com/en/players/37d0048f/Andre-Castro,88,88,pt POR,CM,32-241,62,46,0,7,32,7,2,46,1,1,100.0,0,0.0,21,83,48,1,1,0,0,0,34,2,https://fbref.com/en/players/37d0048f/Andre-Castro-André Castro,
5,Almoatasem Al Musrati,https://fbref.com/en/players/cd6a1a59/Almoatasem-Al-Musrati,8,8,ly LBY,CM,24-237,28,26,0,2,16,9,1,26,0,0,,0,,16,68,11,0,0,0,1,2,20,1,https://fbref.com/en/players/cd6a1a59/Almoatasem-Al-Musrati-Almoatasem Al Musrati,
6,Fransérgio,https://fbref.com/en/players/deba6b05/Fransergio,27,27,br BRA,CM,30-042,62,41,1,4,31,7,0,41,0,0,,0,,17,94,63,1,1,0,1,0,30,2,https://fbref.com/en/players/deba6b05/Fransergio-Fransérgio,
7,João Novais,https://fbref.com/en/players/282faa70/Joao-Novais,7,7,pt POR,CM,27-142,28,23,1,2,12,9,1,23,1,1,100.0,0,0.0,14,38,18,0,0,0,0,0,17,1,https://fbref.com/en/players/282faa70/Joao-Novais-João Novais,
8,Galeno,https://fbref.com/en/players/5b3d1a7a/Galeno,90,90,br BRA,WB,23-038,83,64,2,4,20,41,2,64,4,3,75.0,1,25.0,40,271,145,6,7,1,4,1,45,17,https://fbref.com/en/players/5b3d1a7a/Galeno-Galeno,
9,Guilherme Schettine,https://fbref.com/en/players/6b074beb/Guilherme-Schettine,95,95,br BRA,WB,25-050,7,3,0,0,0,3,0,3,0,0,,0,,3,18,5,1,0,0,0,0,2,0,https://fbref.com/en/players/6b074beb/Guilherme-Schettine-Guilherme Schettine,
10,Ricardo Esgaio,https://fbref.com/en/players/12dcbdcc/Ricardo-Esgaio,47,47,pt POR,WB,27-197,90,73,0,16,33,25,1,73,1,0,0.0,1,100.0,29,95,23,0,0,0,1,1,38,13,https://fbref.com/en/players/12dcbdcc/Ricardo-Esgaio-Ricardo Esgaio,
11,Nuno Sequeira,https://fbref.com/en/players/7a2cf111/Nuno-Sequeira,5,5,pt POR,CB,30-102,90,98,1,12,64,22,2,98,2,2,100.0,0,0.0,46,174,132,3,0,0,1,0,68,9,https://fbref.com/en/players/7a2cf111/Nuno-Sequeira-Nuno Sequeira,
12,David Carmo,https://fbref.com/en/players/3ce20eda/David-Carmo,16,16,ao ANG,CB,21-133,90,82,3,39,43,0,0,82,0,0,,0,,53,233,146,1,0,0,0,0,68,0,https://fbref.com/en/players/3ce20eda/David-Carmo-David Carmo,
13,Bruno Viana,https://fbref.com/en/players/c5ea2dab/Bruno-Viana,36,36,br BRA,CB,25-298,90,88,4,22,62,5,4,88,0,0,,0,,44,201,141,1,0,0,0,0,70,0,https://fbref.com/en/players/c5ea2dab/Bruno-Viana-Bruno Viana,
14,Matheus,https://fbref.com/en/players/ef3909cd/Matheus,1,1,br BRA,GK,28-133,90,24,22,24,0,0,0,24,0,0,,0,,10,30,15,0,0,0,0,0,8,0,https://fbref.com/en/players/ef3909cd/Matheus-Matheus,
