,Player Name,Player Number,Player,#,Nation,Pos,Age,Min,Att,Live,Dead,FK,TB,Sw,Crs,TI,CK,In,Out,Str,Cmp,Off,Blocks,Player Key,Player Link
0,Paulinho,https://fbref.com/en/players/a62c16d0/Paulinho,20,20,pt POR,FW,28-020,90,24,23,1,0,1,0,1,0,0,0,0,0,18,0,0,https://fbref.com/en/players/a62c16d0/Paulinho-Paulinho,
1,Ricardo Horta,https://fbref.com/en/players/6603fed7/Ricardo-Horta,21,21,pt POR,AM,26-075,90,42,38,4,1,0,0,3,0,3,1,0,0,33,0,1,https://fbref.com/en/players/6603fed7/Ricardo-Horta-Ricardo Horta,
2,Iuri Medeiros,https://fbref.com/en/players/97e2aa67/Iuri-Medeiros,45,45,pt POR,AM,26-142,62,31,26,5,3,0,3,6,0,2,0,2,0,21,0,0,https://fbref.com/en/players/97e2aa67/Iuri-Medeiros-Iuri Medeiros,
3,André Horta,https://fbref.com/en/players/951f1739/Andre-Horta,15,15,pt POR,AM,24-022,28,17,16,1,0,0,0,0,1,0,0,0,0,13,0,0,https://fbref.com/en/players/951f1739/Andre-Horta-André Horta,
4,André Castro,https://fbref.com/en/players/37d0048f/Andre-Castro,88,88,pt POR,CM,32-241,62,40,40,0,0,0,1,1,0,0,0,0,0,29,0,2,https://fbref.com/en/players/37d0048f/Andre-Castro-André Castro,
5,Almoatasem Al Musrati,https://fbref.com/en/players/cd6a1a59/Almoatasem-Al-Musrati,8,8,ly LBY,CM,24-237,28,21,20,1,1,0,0,0,0,0,0,0,0,20,0,0,https://fbref.com/en/players/cd6a1a59/Almoatasem-Al-Musrati-Almoatasem Al Musrati,
6,Fransérgio,https://fbref.com/en/players/deba6b05/Fransergio,27,27,br BRA,CM,30-042,62,36,33,3,2,0,0,1,1,0,0,0,0,28,0,1,https://fbref.com/en/players/deba6b05/Fransergio-Fransérgio,
7,João Novais,https://fbref.com/en/players/282faa70/Joao-Novais,7,7,pt POR,CM,27-142,28,21,19,2,0,0,0,2,0,2,0,2,0,16,0,0,https://fbref.com/en/players/282faa70/Joao-Novais-João Novais,
8,Galeno,https://fbref.com/en/players/5b3d1a7a/Galeno,90,90,br BRA,WB,23-038,83,46,40,6,0,0,0,6,6,0,0,0,0,36,0,2,https://fbref.com/en/players/5b3d1a7a/Galeno-Galeno,
9,Guilherme Schettine,https://fbref.com/en/players/6b074beb/Guilherme-Schettine,95,95,br BRA,WB,25-050,7,3,3,0,0,0,0,1,0,0,0,0,0,2,0,0,https://fbref.com/en/players/6b074beb/Guilherme-Schettine-Guilherme Schettine,
10,Ricardo Esgaio,https://fbref.com/en/players/12dcbdcc/Ricardo-Esgaio,47,47,pt POR,WB,27-197,90,65,47,18,0,0,0,3,18,0,0,0,0,54,0,0,https://fbref.com/en/players/12dcbdcc/Ricardo-Esgaio-Ricardo Esgaio,
11,Nuno Sequeira,https://fbref.com/en/players/7a2cf111/Nuno-Sequeira,5,5,pt POR,CB,30-102,90,92,77,15,4,0,2,5,11,0,0,0,0,75,0,1,https://fbref.com/en/players/7a2cf111/Nuno-Sequeira-Nuno Sequeira,
12,David Carmo,https://fbref.com/en/players/3ce20eda/David-Carmo,16,16,ao ANG,CB,21-133,90,76,73,3,3,0,0,0,0,0,0,0,0,69,0,0,https://fbref.com/en/players/3ce20eda/David-Carmo-David Carmo,
13,Bruno Viana,https://fbref.com/en/players/c5ea2dab/Bruno-Viana,36,36,br BRA,CB,25-298,90,79,75,4,4,0,1,0,0,0,0,0,0,73,0,0,https://fbref.com/en/players/c5ea2dab/Bruno-Viana-Bruno Viana,
14,Matheus,https://fbref.com/en/players/ef3909cd/Matheus,1,1,br BRA,GK,28-133,90,24,16,8,1,0,0,0,0,0,0,0,0,18,0,0,https://fbref.com/en/players/ef3909cd/Matheus-Matheus,
