,Player Name,Player Number,Player,#,Nation,Pos,Age,Min,Gls,Ast,PK,PKatt,Sh,SoT,CrdY,CrdR,Touches,Tkl,Int,Blocks,xG,npxG,xAG,SCA,GCA,Cmp,Att,Cmp%,PrgP,Carries,PrgC,Att,Succ,Player Key,Player Link
0,Paulinho,https://fbref.com/en/players/a62c16d0/Paulinho,20,20,pt POR,FW,28-020,90,0,0,0,0,5,3,0,0,35,0,0,0,0.6,0.6,0.0,2,0,18,24,75.0,1,23,0,1,1,https://fbref.com/en/players/a62c16d0/Paulinho-Paulinho,
1,Ricardo Horta,https://fbref.com/en/players/6603fed7/Ricardo-Horta,21,21,pt POR,AM,26-075,90,0,0,0,0,2,1,0,0,49,1,0,1,0.4,0.4,0.6,3,0,33,42,78.6,6,22,1,1,0,https://fbref.com/en/players/6603fed7/Ricardo-Horta-Ricardo Horta,
2,Iuri Medeiros,https://fbref.com/en/players/97e2aa67/Iuri-Medeiros,45,45,pt POR,AM,26-142,62,0,0,0,0,1,0,0,0,34,0,1,0,0.0,0.0,0.0,3,0,21,31,67.7,5,19,2,2,2,https://fbref.com/en/players/97e2aa67/Iuri-Medeiros-Iuri Medeiros,
3,André Horta,https://fbref.com/en/players/951f1739/Andre-Horta,15,15,pt POR,AM,24-022,28,0,0,0,0,0,0,0,0,20,1,1,0,0.0,0.0,0.0,0,0,13,17,76.5,3,12,0,2,1,https://fbref.com/en/players/951f1739/Andre-Horta-André Horta,
4,André Castro,https://fbref.com/en/players/37d0048f/Andre-Castro,88,88,pt POR,CM,32-241,62,0,0,0,0,2,2,0,0,46,0,0,0,0.1,0.1,0.3,3,0,29,40,72.5,1,21,1,1,1,https://fbref.com/en/players/37d0048f/Andre-Castro-André Castro,
5,Almoatasem Al Musrati,https://fbref.com/en/players/cd6a1a59/Almoatasem-Al-Musrati,8,8,ly LBY,CM,24-237,28,1,0,0,0,1,1,0,0,26,0,0,0,0.1,0.1,0.0,1,0,20,21,95.2,5,16,0,0,0,https://fbref.com/en/players/cd6a1a59/Almoatasem-Al-Musrati-Almoatasem Al Musrati,
6,Fransérgio,https://fbref.com/en/players/deba6b05/Fransergio,27,27,br BRA,CM,30-042,62,0,0,0,0,1,0,1,0,41,1,1,0,0.0,0.0,0.0,3,0,28,36,77.8,2,17,1,0,0,https://fbref.com/en/players/deba6b05/Fransergio-Fransérgio,
7,João Novais,https://fbref.com/en/players/282faa70/Joao-Novais,7,7,pt POR,CM,27-142,28,0,0,0,0,0,0,1,0,23,0,0,1,0.0,0.0,0.0,0,0,16,21,76.2,2,14,0,1,1,https://fbref.com/en/players/282faa70/Joao-Novais-João Novais,
8,Galeno,https://fbref.com/en/players/5b3d1a7a/Galeno,90,90,br BRA,WB,23-038,83,0,0,0,0,2,0,0,0,64,0,1,1,0.5,0.5,0.3,8,0,36,46,78.3,5,40,6,4,3,https://fbref.com/en/players/5b3d1a7a/Galeno-Galeno,
9,Guilherme Schettine,https://fbref.com/en/players/6b074beb/Guilherme-Schettine,95,95,br BRA,WB,25-050,7,0,0,0,0,0,0,0,0,3,0,1,0,0.0,0.0,0.0,0,0,2,3,66.7,1,3,1,0,0,https://fbref.com/en/players/6b074beb/Guilherme-Schettine-Guilherme Schettine,
10,Ricardo Esgaio,https://fbref.com/en/players/12dcbdcc/Ricardo-Esgaio,47,47,pt POR,WB,27-197,90,0,0,0,0,0,0,0,0,73,2,2,1,0.0,0.0,0.1,1,0,54,65,83.1,2,29,0,1,0,https://fbref.com/en/players/12dcbdcc/Ricardo-Esgaio-Ricardo Esgaio,
11,Nuno Sequeira,https://fbref.com/en/players/7a2cf111/Nuno-Sequeira,5,5,pt POR,CB,30-102,90,0,0,0,0,1,0,0,0,98,1,2,1,0.1,0.1,0.4,4,0,75,92,81.5,15,46,3,2,2,https://fbref.com/en/players/7a2cf111/Nuno-Sequeira-Nuno Sequeira,
12,David Carmo,https://fbref.com/en/players/3ce20eda/David-Carmo,16,16,ao ANG,CB,21-133,90,0,0,0,0,0,0,1,0,82,1,1,1,0.0,0.0,0.0,2,0,69,76,90.8,4,53,1,0,0,https://fbref.com/en/players/3ce20eda/David-Carmo-David Carmo,
13,Bruno Viana,https://fbref.com/en/players/c5ea2dab/Bruno-Viana,36,36,br BRA,CB,25-298,90,0,0,0,0,2,0,0,0,88,1,2,2,0.1,0.1,0.0,2,0,73,79,92.4,13,44,1,0,0,https://fbref.com/en/players/c5ea2dab/Bruno-Viana-Bruno Viana,
14,Matheus,https://fbref.com/en/players/ef3909cd/Matheus,1,1,br BRA,GK,28-133,90,0,0,0,0,0,0,0,0,24,0,0,0,0.0,0.0,0.0,0,0,18,24,75.0,0,10,0,0,0,https://fbref.com/en/players/ef3909cd/Matheus-Matheus,
