,Player Name,Player Number,Player,#,Nation,Pos,Age,Min,Tkl,TklW,Def 3rd,Mid 3rd,Att 3rd,Tkl,Att,Tkl%,Lost,Blocks,Sh,Pass,Int,Tkl+Int,Clr,Err,Player Key,Player Link
0,Ryan Gauld,https://fbref.com/en/players/862e93c2/Ryan-Gauld,23,23,sct SCO,FW,24-349,90,1,1,1,0,0,0,1,0.0,1,0,0,0,4,5,0,0,https://fbref.com/en/players/862e93c2/Ryan-Gauld-Ryan Gauld,
1,Nikola Stojiljković,https://fbref.com/en/players/ca3e2783/Nikola-Stojiljkovic,9,9,rs SRB,FW,28-104,72,0,0,0,0,0,0,0,,0,1,0,1,0,0,0,0,https://fbref.com/en/players/ca3e2783/Nikola-Stojiljkovic-Nikola Stojiljković,
2,Patrick,https://fbref.com/en/players/867b60b4/Patrick,19,19,cv CPV,FW,26-352,18,1,0,0,1,0,0,0,,0,0,0,0,0,1,0,0,https://fbref.com/en/players/867b60b4/Patrick-Patrick,
3,Braian Mansilla,https://fbref.com/en/players/e4c37819/Braian-Mansilla,11,11,ar ARG,LM,23-227,77,1,0,0,1,0,0,0,,0,0,0,0,3,4,2,0,https://fbref.com/en/players/e4c37819/Braian-Mansilla-Braian Mansilla,
4,Burá,https://fbref.com/en/players/8e72cba8/Bura,13,13,gw GNB,LM,24-343,13,0,0,0,0,0,0,1,0.0,1,0,0,0,1,1,0,0,https://fbref.com/en/players/8e72cba8/Bura-Burá,
5,Filipe Melo,https://fbref.com/en/players/3220a3ef/Filipe-Melo,6,6,pt POR,CM,31-026,89,0,0,0,0,0,0,2,0.0,2,1,1,0,1,1,0,0,https://fbref.com/en/players/3220a3ef/Filipe-Melo-Filipe Melo,
6,Madi Queita,https://fbref.com/en/players/13ab460a/Madi-Queita,10,10,gw GNB,CM,22-039,1,0,0,0,0,0,0,0,,0,0,0,0,0,0,0,0,https://fbref.com/en/players/13ab460a/Madi-Queita-Madi Queita,
7,Amine Oudrhiri,https://fbref.com/en/players/49c9c79a/Amine-Oudrhiri,5,5,ma MAR,CM,28-025,89,0,0,0,0,0,0,0,,0,2,0,2,2,2,0,0,https://fbref.com/en/players/49c9c79a/Amine-Oudrhiri-Amine Oudrhiri,
8,Licá,https://fbref.com/en/players/41d84fed/Lica,88,88,pt POR,CM,32-082,1,0,0,0,0,0,0,0,,0,0,0,0,0,0,0,0,https://fbref.com/en/players/41d84fed/Lica-Licá,
9,Bilel Aouacheria,https://fbref.com/en/players/77bbc5b1/Bilel-Aouacheria,26,26,fr FRA,RM,26-241,72,1,0,0,1,0,1,1,100.0,0,0,0,0,0,1,0,0,https://fbref.com/en/players/77bbc5b1/Bilel-Aouacheria-Bilel Aouacheria,
10,Hugo Seco,https://fbref.com/en/players/68ee9021/Hugo-Seco,7,7,pt POR,RM,32-165,18,1,0,0,0,1,0,1,0.0,1,0,0,0,0,1,0,0,https://fbref.com/en/players/68ee9021/Hugo-Seco-Hugo Seco,
11,Abner,https://fbref.com/en/players/8e562fe7/Abner,30,30,br BRA,LB,24-183,90,1,1,1,0,0,1,1,100.0,0,0,0,0,1,2,2,0,https://fbref.com/en/players/8e562fe7/Abner-Abner,
12,Claudio Falcão,https://fbref.com/en/players/56077210/Claudio-Falcao,29,29,br BRA,CB,26-149,90,1,1,1,0,0,1,2,50.0,1,2,1,1,4,5,8,0,https://fbref.com/en/players/56077210/Claudio-Falcao-Claudio Falcão,
13,César,https://fbref.com/en/players/4dcde17a/Cesar,4,4,br BRA,CB,27-337,90,0,0,0,0,0,0,0,,0,1,1,0,3,3,8,0,https://fbref.com/en/players/4dcde17a/Cesar-César,
14,Alexandre Pinto,https://fbref.com/en/players/b05d8d93/Alexandre-Pinto,78,78,pt POR,RB,22-144,90,2,1,1,1,0,1,6,16.7,5,2,0,2,2,4,3,0,https://fbref.com/en/players/b05d8d93/Alexandre-Pinto-Alexandre Pinto,
15,Rafael Defendi,https://fbref.com/en/players/317d3e7b/Rafael-Defendi,12,12,br BRA,GK,36-343,90,0,0,0,0,0,0,0,,0,0,0,0,0,0,1,0,https://fbref.com/en/players/317d3e7b/Rafael-Defendi-Rafael Defendi,
