,Player Name,Player Number,Player,#,Nation,Pos,Age,Min,Att,Live,Dead,FK,TB,Sw,Crs,TI,CK,In,Out,Str,Cmp,Off,Blocks,Player Key,Player Link
0,Ryan Gauld,https://fbref.com/en/players/862e93c2/Ryan-Gauld,23,23,sct SCO,FW,24-349,90,21,19,2,2,0,0,3,0,0,0,0,0,13,0,0,https://fbref.com/en/players/862e93c2/Ryan-Gauld-Ryan Gauld,
1,Nikola Stojiljković,https://fbref.com/en/players/ca3e2783/Nikola-Stojiljkovic,9,9,rs SRB,FW,28-104,72,15,13,2,1,0,0,0,0,0,0,0,0,10,0,0,https://fbref.com/en/players/ca3e2783/Nikola-Stojiljkovic-Nikola Stojiljković,
2,Patrick,https://fbref.com/en/players/867b60b4/Patrick,19,19,cv CPV,FW,26-352,18,3,2,1,0,0,0,0,0,0,0,0,0,2,0,0,https://fbref.com/en/players/867b60b4/Patrick-Patrick,
3,Braian Mansilla,https://fbref.com/en/players/e4c37819/Braian-Mansilla,11,11,ar ARG,LM,23-227,77,18,17,1,0,0,1,2,0,1,1,0,0,12,0,1,https://fbref.com/en/players/e4c37819/Braian-Mansilla-Braian Mansilla,
4,Burá,https://fbref.com/en/players/8e72cba8/Bura,13,13,gw GNB,LM,24-343,13,4,4,0,0,0,0,0,0,0,0,0,0,4,0,0,https://fbref.com/en/players/8e72cba8/Bura-Burá,
5,Filipe Melo,https://fbref.com/en/players/3220a3ef/Filipe-Melo,6,6,pt POR,CM,31-026,89,26,23,3,3,0,0,0,0,0,0,0,0,19,0,0,https://fbref.com/en/players/3220a3ef/Filipe-Melo-Filipe Melo,
6,Madi Queita,https://fbref.com/en/players/13ab460a/Madi-Queita,10,10,gw GNB,CM,22-039,1,1,1,0,0,0,0,0,0,0,0,0,0,1,0,0,https://fbref.com/en/players/13ab460a/Madi-Queita-Madi Queita,
7,Amine Oudrhiri,https://fbref.com/en/players/49c9c79a/Amine-Oudrhiri,5,5,ma MAR,CM,28-025,89,32,29,3,1,0,0,3,0,2,2,0,0,25,0,0,https://fbref.com/en/players/49c9c79a/Amine-Oudrhiri-Amine Oudrhiri,
8,Licá,https://fbref.com/en/players/41d84fed/Lica,88,88,pt POR,CM,32-082,1,1,1,0,0,0,0,0,0,0,0,0,0,1,0,0,https://fbref.com/en/players/41d84fed/Lica-Licá,
9,Bilel Aouacheria,https://fbref.com/en/players/77bbc5b1/Bilel-Aouacheria,26,26,fr FRA,RM,26-241,72,15,14,0,0,1,0,0,0,0,0,0,0,11,1,0,https://fbref.com/en/players/77bbc5b1/Bilel-Aouacheria-Bilel Aouacheria,
10,Hugo Seco,https://fbref.com/en/players/68ee9021/Hugo-Seco,7,7,pt POR,RM,32-165,18,4,4,0,0,0,0,0,0,0,0,0,0,2,0,1,https://fbref.com/en/players/68ee9021/Hugo-Seco-Hugo Seco,
11,Abner,https://fbref.com/en/players/8e562fe7/Abner,30,30,br BRA,LB,24-183,90,34,24,9,1,0,0,0,8,0,0,0,0,25,1,0,https://fbref.com/en/players/8e562fe7/Abner-Abner,
12,Claudio Falcão,https://fbref.com/en/players/56077210/Claudio-Falcao,29,29,br BRA,CB,26-149,90,31,27,3,3,0,0,0,0,0,0,0,0,23,1,1,https://fbref.com/en/players/56077210/Claudio-Falcao-Claudio Falcão,
13,César,https://fbref.com/en/players/4dcde17a/Cesar,4,4,br BRA,CB,27-337,90,38,34,4,4,0,2,0,0,0,0,0,0,26,0,0,https://fbref.com/en/players/4dcde17a/Cesar-César,
14,Alexandre Pinto,https://fbref.com/en/players/b05d8d93/Alexandre-Pinto,78,78,pt POR,RB,22-144,90,40,31,9,1,0,0,1,8,0,0,0,0,21,0,3,https://fbref.com/en/players/b05d8d93/Alexandre-Pinto-Alexandre Pinto,
15,Rafael Defendi,https://fbref.com/en/players/317d3e7b/Rafael-Defendi,12,12,br BRA,GK,36-343,90,39,24,15,2,0,0,0,0,0,0,0,0,23,0,0,https://fbref.com/en/players/317d3e7b/Rafael-Defendi-Rafael Defendi,
