,Player Name,Player Number,Player,#,Nation,Pos,Age,Min,Touches,Def Pen,Def 3rd,Mid 3rd,Att 3rd,Att Pen,Live,Att,Succ,Succ%,Tkld,Tkld%,Carries,TotDist,PrgDist,PrgC,1/3,CPA,Mis,Dis,Rec,PrgR,Player Key,Player Link
0,Ryan Gauld,https://fbref.com/en/players/862e93c2/Ryan-Gauld,23,23,sct SCO,FW,24-349,90,35,0,8,18,11,1,35,2,0,0.0,2,100.0,21,134,68,1,2,0,0,1,17,1,https://fbref.com/en/players/862e93c2/Ryan-Gauld-Ryan Gauld,
1,Nikola Stojiljković,https://fbref.com/en/players/ca3e2783/Nikola-Stojiljkovic,9,9,rs SRB,FW,28-104,72,20,0,0,9,11,1,20,1,0,0.0,1,100.0,7,37,9,1,1,0,3,0,11,3,https://fbref.com/en/players/ca3e2783/Nikola-Stojiljkovic-Nikola Stojiljković,
2,Patrick,https://fbref.com/en/players/867b60b4/Patrick,19,19,cv CPV,FW,26-352,18,6,0,0,6,0,0,6,1,1,100.0,0,0.0,3,24,1,0,0,0,1,0,3,0,https://fbref.com/en/players/867b60b4/Patrick-Patrick,
3,Braian Mansilla,https://fbref.com/en/players/e4c37819/Braian-Mansilla,11,11,ar ARG,LM,23-227,77,30,0,7,15,9,2,30,4,3,75.0,1,25.0,21,176,79,2,1,1,4,1,21,3,https://fbref.com/en/players/e4c37819/Braian-Mansilla-Braian Mansilla,
4,Burá,https://fbref.com/en/players/8e72cba8/Bura,13,13,gw GNB,LM,24-343,13,6,0,3,3,0,0,6,1,1,100.0,0,0.0,3,11,0,0,0,0,0,0,2,0,https://fbref.com/en/players/8e72cba8/Bura-Burá,
5,Filipe Melo,https://fbref.com/en/players/3220a3ef/Filipe-Melo,6,6,pt POR,CM,31-026,89,28,2,10,15,4,1,28,0,0,,0,,14,45,9,0,0,0,1,0,18,0,https://fbref.com/en/players/3220a3ef/Filipe-Melo-Filipe Melo,
6,Madi Queita,https://fbref.com/en/players/13ab460a/Madi-Queita,10,10,gw GNB,CM,22-039,1,1,0,0,0,1,0,1,0,0,,0,,0,0,0,0,0,0,0,0,0,0,https://fbref.com/en/players/13ab460a/Madi-Queita-Madi Queita,
7,Amine Oudrhiri,https://fbref.com/en/players/49c9c79a/Amine-Oudrhiri,5,5,ma MAR,CM,28-025,89,40,1,12,22,6,0,40,1,1,100.0,0,0.0,21,64,19,0,0,0,3,0,23,0,https://fbref.com/en/players/49c9c79a/Amine-Oudrhiri-Amine Oudrhiri,
8,Licá,https://fbref.com/en/players/41d84fed/Lica,88,88,pt POR,CM,32-082,1,1,0,0,0,1,0,1,0,0,,0,,0,0,0,0,0,0,0,0,0,0,https://fbref.com/en/players/41d84fed/Lica-Licá,
9,Bilel Aouacheria,https://fbref.com/en/players/77bbc5b1/Bilel-Aouacheria,26,26,fr FRA,RM,26-241,72,21,0,0,14,7,1,21,0,0,,0,,17,122,42,2,0,0,2,1,15,3,https://fbref.com/en/players/77bbc5b1/Bilel-Aouacheria-Bilel Aouacheria,
10,Hugo Seco,https://fbref.com/en/players/68ee9021/Hugo-Seco,7,7,pt POR,RM,32-165,18,9,0,3,3,3,0,9,0,0,,0,,3,14,1,0,0,0,2,1,1,0,https://fbref.com/en/players/68ee9021/Hugo-Seco-Hugo Seco,
11,Abner,https://fbref.com/en/players/8e562fe7/Abner,30,30,br BRA,LB,24-183,90,40,2,13,21,6,0,40,0,0,,0,,21,111,19,0,0,0,3,0,21,0,https://fbref.com/en/players/8e562fe7/Abner-Abner,
12,Claudio Falcão,https://fbref.com/en/players/56077210/Claudio-Falcao,29,29,br BRA,CB,26-149,90,44,10,31,13,0,0,44,0,0,,0,,25,152,53,0,1,0,0,0,19,0,https://fbref.com/en/players/56077210/Claudio-Falcao-Claudio Falcão,
13,César,https://fbref.com/en/players/4dcde17a/Cesar,4,4,br BRA,CB,27-337,90,52,13,41,11,1,1,52,0,0,,0,,33,111,22,0,0,0,1,0,32,0,https://fbref.com/en/players/4dcde17a/Cesar-César,
14,Alexandre Pinto,https://fbref.com/en/players/b05d8d93/Alexandre-Pinto,78,78,pt POR,RB,22-144,90,52,6,25,23,4,1,52,0,0,,0,,26,104,37,1,0,1,1,0,22,1,https://fbref.com/en/players/b05d8d93/Alexandre-Pinto-Alexandre Pinto,
15,Rafael Defendi,https://fbref.com/en/players/317d3e7b/Rafael-Defendi,12,12,br BRA,GK,36-343,90,43,38,43,0,0,0,43,0,0,,0,,24,173,124,0,0,0,0,0,13,0,https://fbref.com/en/players/317d3e7b/Rafael-Defendi-Rafael Defendi,
