,Minute,Player,Squad,xG,PSxG,Outcome,Distance,Body Part,Notes,SCA 1 Player,SCA 1 Event,SCA 2 Player,SCA 2 Event
0,5,Ryan Gauld,Farense,0.06,,Off Target,28,Left Foot,Free kick,Ryan Gauld,Fouled,Bilel Aouacheria,Pass (Live)
1,6,Galeno,Braga,0.03,,Blocked,30,Right Foot,,Fransérgio,Pass (Live),Fransérgio,Interception
2,11,Ryan Gauld,Farense,0.04,,Off Target,26,Left Foot,Volley,Nikola Stojiljković,Pass (Live),,
3,13,André Castro,Braga,0.10,0.42,Saved,13,Left Foot,,André Castro,Take-On,Galeno,Pass (Live)
4,19,André Castro,Braga,0.03,0.02,Saved,29,Left Foot,,Ricardo Horta,Pass (Live),Bruno Viana,Pass (Live)
5,23,Paulinho,Braga,0.07,0.33,Saved,10,Left Foot,,Galeno,Pass (Live),David Carmo,Pass (Live)
6,32,Bruno Viana,Braga,0.03,,Off Target,14,Head,,Iuri Medeiros,Pass (Dead),Iuri Medeiros,Fouled
7,34,Fransérgio,Braga,0.03,,Off Target,31,Right Foot,,Galeno,Pass (Live),Nuno Sequeira,Pass (Live)
8,37,Bilel Aouacheria,Farense,0.03,,Blocked,28,Right Foot,,Nikola Stojiljković,Pass (Live),,
9,39,Ryan Gauld,Farense,0.06,,Off Target,16,Left Foot,Volley,Alexandre Pinto,Pass (Live),César,Pass (Live)
10,42,Paulinho,Braga,0.32,0.60,Saved,9,Head,,André Castro,Pass (Live),Fransérgio,Pass (Live)
11,45+1,Paulinho,Braga,0.07,0.07,Saved,8,Head,,Nuno Sequeira,Pass (Live),Galeno,Pass (Live)
12,,,,,,,,,,,,,
13,48,Bruno Viana,Braga,0.09,,Off Target,8,Head,,Galeno,Pass (Live),André Castro,Fouled
14,52,Iuri Medeiros,Braga,0.04,,Woodwork,22,Left Foot,,Paulinho,Pass (Live),David Carmo,Interception
15,56,Paulinho,Braga,0.05,,Off Target,11,Head,,Ricardo Esgaio,Pass (Live),Iuri Medeiros,Pass (Live)
16,61,César,Farense,0.08,,Off Target,6,Head,,Amine Oudrhiri,Pass (Dead),Bilel Aouacheria,Fouled
17,68,Galeno,Braga,0.51,,Off Target,10,Right Foot,,Galeno,Take-On,Ricardo Horta,Pass (Live)
18,71,Ricardo Horta,Braga,0.35,0.33,Saved,11,Right Foot,,Nuno Sequeira,Pass (Live),Galeno,Pass (Live)
19,72,Ricardo Horta,Braga,0.03,,Off Target,28,Right Foot,,Almoatasem Al Musrati,Pass (Live),Nuno Sequeira,Pass (Live)
20,75,Ryan Gauld,Farense,0.04,,Blocked,21,Left Foot,,Hugo Seco,Pass (Live),,
21,80,Paulinho,Braga,0.05,,Blocked,21,Right Foot,,Ricardo Horta,Pass (Live),Galeno,Pass (Live)
22,82,Nuno Sequeira,Braga,0.07,,Blocked,23,Left Foot,Free kick,Paulinho,Fouled,Bruno Viana,Pass (Live)
23,87,Almoatasem Al Musrati,Braga,0.08,0.31,Goal,13,Right Foot,,,,,
