season,injury,from,until,days,missed_games
23/24,Thigh problems,"Feb 16, 2024","Mar 29, 2024",42 days,7
23/24,Calf problems,"Dec 29, 2023","Feb 1, 2024",34 days,6
18/19,Hamstring injury,"Feb 23, 2019","Feb 28, 2019",5 days,1
18/19,Hamstring injury,"Dec 6, 2018","Feb 16, 2019",72 days,13
17/18,Thigh problems,"Nov 29, 2017","Mar 1, 2018",92 days,20
17/18,Knock,"Oct 30, 2017","Nov 20, 2017",21 days,3
16/17,Knee injury,"Feb 6, 2017","Mar 2, 2017",24 days,11
16/17,Knee injury,"Aug 4, 2016","Aug 25, 2016",21 days,7
