,Player Name,Player Number,Player,#,Nation,Pos,Age,Min,Touches,Def Pen,Def 3rd,Mid 3rd,Att 3rd,Att Pen,Live,Att,Succ,Succ%,Tkld,Tkld%,Carries,TotDist,PrgDist,PrgC,1/3,CPA,Mis,Dis,Rec,PrgR,Player Key,Player Link
0,Pedro,https://fbref.com/en/players/17758df6/Pedro,96,96,br BRA,FW,24-174,90,29,0,0,15,14,3,29,1,1,100.0,0,0.0,17,20,6,0,1,0,2,0,25,1,https://fbref.com/en/players/17758df6/Pedro-Pedro,
1,Braian Mansilla,https://fbref.com/en/players/e4c37819/Braian-Mansilla,11,11,ar ARG,LW,24-015,23,17,0,4,9,5,2,17,0,0,,0,,11,48,39,1,0,1,1,0,9,1,https://fbref.com/en/players/e4c37819/Braian-Mansilla-Braian Mansilla,
2,Madi Queita,https://fbref.com/en/players/13ab460a/Madi-Queita,10,10,gw GNB,LW,22-192,67,25,0,4,14,8,1,25,4,4,100.0,0,0.0,12,82,36,3,0,1,5,0,13,6,https://fbref.com/en/players/13ab460a/Madi-Queita-Madi Queita,
3,Licá,https://fbref.com/en/players/41d84fed/Lica,88,88,pt POR,RW,32-235,82,30,2,7,11,12,2,30,1,1,100.0,0,0.0,17,68,36,1,0,0,2,2,14,5,https://fbref.com/en/players/41d84fed/Lica-Licá,
4,Djalma Campos,https://fbref.com/en/players/bd9813b9/Djalma-Campos,20,20,ao ANG,RW,33-336,8,5,0,1,2,2,0,5,1,1,100.0,0,0.0,3,7,3,0,0,0,0,0,4,0,https://fbref.com/en/players/bd9813b9/Djalma-Campos-Djalma Campos,
5,Ryan Gauld,https://fbref.com/en/players/862e93c2/Ryan-Gauld,23,23,sct SCO,AM,25-136,90,37,0,3,16,18,2,37,0,0,,0,,16,56,29,0,1,0,2,1,18,4,https://fbref.com/en/players/862e93c2/Ryan-Gauld-Ryan Gauld,
6,Amine Oudrhiri,https://fbref.com/en/players/49c9c79a/Amine-Oudrhiri,5,5,ma MAR,DM,28-178,90,53,2,10,38,5,0,53,1,1,100.0,0,0.0,35,138,75,1,0,0,0,1,35,0,https://fbref.com/en/players/49c9c79a/Amine-Oudrhiri-Amine Oudrhiri,
7,Fabrício Isidoro,https://fbref.com/en/players/b70ca4b5/Fabricio-Isidoro,14,14,br BRA,DM,29-093,90,51,4,12,34,5,0,51,0,0,,0,,26,99,31,0,0,0,0,0,21,1,https://fbref.com/en/players/b70ca4b5/Fabricio-Isidoro-Fabrício Isidoro,
8,Abner,https://fbref.com/en/players/8e562fe7/Abner,30,30,br BRA,LB,24-336,90,47,4,21,23,4,1,47,1,0,0.0,1,100.0,19,47,4,0,0,0,2,0,11,1,https://fbref.com/en/players/8e562fe7/Abner-Abner,
9,André Almeida Pinto,https://fbref.com/en/players/ba6e52b0/Andre-Almeida-Pinto,25,25,pt POR,CB,31-208,90,52,2,37,14,1,1,52,0,0,,0,,37,118,75,0,0,0,0,0,35,0,https://fbref.com/en/players/ba6e52b0/Andre-Almeida-Pinto-André Almeida Pinto,
10,César,https://fbref.com/en/players/4dcde17a/Cesar,4,4,br BRA,CB,28-124,90,59,7,36,23,0,0,59,0,0,,0,,41,143,75,0,0,0,0,0,37,0,https://fbref.com/en/players/4dcde17a/Cesar-César,
11,Tomás Tavares,https://fbref.com/en/players/0dce3356/Tomas-Tavares,84,84,pt POR,RB,20-055,90,74,0,16,41,17,2,74,1,0,0.0,1,100.0,37,179,87,4,4,0,2,0,31,6,https://fbref.com/en/players/0dce3356/Tomas-Tavares-Tomás Tavares,
12,Beto,https://fbref.com/en/players/3b4941e4/Beto,3,3,pt POR,GK,39-000,90,51,34,51,0,0,0,51,0,0,,0,,36,226,121,0,0,0,0,0,30,0,https://fbref.com/en/players/3b4941e4/Beto-Beto,
