,Player Name,Player Number,Player,#,Nation,Pos,Age,Min,CrdY,CrdR,2CrdY,Fls,Fld,Off,Crs,Int,TklW,PKwon,PKcon,OG,Recov,Won,Lost,Won%,Player Key,Player Link
0,Pedro,https://fbref.com/en/players/17758df6/Pedro,96,96,br BRA,FW,24-174,90,0,0,0,3,1,2,0,0,1,0,0,0,2,7,4,63.6,https://fbref.com/en/players/17758df6/Pedro-Pedro,
1,Braian Mansilla,https://fbref.com/en/players/e4c37819/Braian-Mansilla,11,11,ar ARG,LW,24-015,23,0,0,0,1,0,0,0,0,3,0,0,0,3,0,0,,https://fbref.com/en/players/e4c37819/Braian-Mansilla-Braian Mansilla,
2,Madi Queita,https://fbref.com/en/players/13ab460a/Madi-Queita,10,10,gw GNB,LW,22-192,67,0,0,0,0,2,0,2,2,0,0,0,0,3,2,0,100.0,https://fbref.com/en/players/13ab460a/Madi-Queita-Madi Queita,
3,Licá,https://fbref.com/en/players/41d84fed/Lica,88,88,pt POR,RW,32-235,82,0,0,0,1,1,0,3,1,0,0,0,0,6,0,4,0.0,https://fbref.com/en/players/41d84fed/Lica-Licá,
4,Djalma Campos,https://fbref.com/en/players/bd9813b9/Djalma-Campos,20,20,ao ANG,RW,33-336,8,0,0,0,1,0,0,0,0,0,0,0,0,0,1,0,100.0,https://fbref.com/en/players/bd9813b9/Djalma-Campos-Djalma Campos,
5,Ryan Gauld,https://fbref.com/en/players/862e93c2/Ryan-Gauld,23,23,sct SCO,AM,25-136,90,0,0,0,1,1,0,12,0,0,0,0,0,6,0,3,0.0,https://fbref.com/en/players/862e93c2/Ryan-Gauld-Ryan Gauld,
6,Amine Oudrhiri,https://fbref.com/en/players/49c9c79a/Amine-Oudrhiri,5,5,ma MAR,DM,28-178,90,1,0,0,2,2,0,2,2,0,0,0,0,6,1,1,50.0,https://fbref.com/en/players/49c9c79a/Amine-Oudrhiri-Amine Oudrhiri,
7,Fabrício Isidoro,https://fbref.com/en/players/b70ca4b5/Fabricio-Isidoro,14,14,br BRA,DM,29-093,90,1,0,0,3,3,0,0,1,1,0,0,0,10,0,0,,https://fbref.com/en/players/b70ca4b5/Fabricio-Isidoro-Fabrício Isidoro,
8,Abner,https://fbref.com/en/players/8e562fe7/Abner,30,30,br BRA,LB,24-336,90,0,0,0,2,1,0,2,7,0,0,0,0,4,2,1,66.7,https://fbref.com/en/players/8e562fe7/Abner-Abner,
9,André Almeida Pinto,https://fbref.com/en/players/ba6e52b0/Andre-Almeida-Pinto,25,25,pt POR,CB,31-208,90,0,0,0,1,0,0,0,3,0,0,0,0,3,1,0,100.0,https://fbref.com/en/players/ba6e52b0/Andre-Almeida-Pinto-André Almeida Pinto,
10,César,https://fbref.com/en/players/4dcde17a/Cesar,4,4,br BRA,CB,28-124,90,0,0,0,1,0,0,1,3,1,0,0,0,4,4,0,100.0,https://fbref.com/en/players/4dcde17a/Cesar-César,
11,Tomás Tavares,https://fbref.com/en/players/0dce3356/Tomas-Tavares,84,84,pt POR,RB,20-055,90,0,0,0,2,2,0,4,1,1,0,0,0,7,0,1,0.0,https://fbref.com/en/players/0dce3356/Tomas-Tavares-Tomás Tavares,
12,Beto,https://fbref.com/en/players/3b4941e4/Beto,3,3,pt POR,GK,39-000,90,0,0,0,0,0,0,0,1,0,0,0,0,1,0,0,,https://fbref.com/en/players/3b4941e4/Beto-Beto,
