,Player Name,Player Number,Player,#,Nation,Pos,Age,Min,Att,Live,Dead,FK,TB,Sw,Crs,TI,CK,In,Out,Str,Cmp,Off,Blocks,Player Key,Player Link
0,Pedro David Rosendo Marques,https://fbref.com/en/players/717f39e8/Pedro-David-Rosendo-Marques,43,43,pt POR,FW,23-006,35,12,12,0,0,0,0,0,0,0,0,0,0,9,0,0,https://fbref.com/en/players/717f39e8/Pedro-David-Rosendo-Marques-Pedro David Rosendo Marques,
1,Samuel Lino,https://fbref.com/en/players/2a295d33/Samuel-Lino,29,29,br BRA,"FW,LW",21-129,55,21,20,1,0,0,0,0,0,0,0,0,0,16,0,0,https://fbref.com/en/players/2a295d33/Samuel-Lino-Samuel Lino,
2,Lucas Mineiro,https://fbref.com/en/players/53f1c5de/Lucas-Mineiro,25,25,br BRA,"FW,RM",25-066,90,33,32,1,1,0,0,0,0,0,0,0,0,27,0,0,https://fbref.com/en/players/53f1c5de/Lucas-Mineiro-Lucas Mineiro,
3,Lourency,https://fbref.com/en/players/a2496cc7/Lourency,7,7,br BRA,LM,25-119,75,31,28,3,0,0,0,2,2,1,0,1,0,21,0,2,https://fbref.com/en/players/a2496cc7/Lourency-Lourency,
4,Claude Gonçalves,https://fbref.com/en/players/5c78cb9e/Claude-Goncalves,8,8,pt POR,LM,27-022,15,6,6,0,0,0,0,0,0,0,0,0,0,2,0,0,https://fbref.com/en/players/5c78cb9e/Claude-Goncalves-Claude Gonçalves,
5,Pedro Filipe Barbosa Moreira,https://fbref.com/en/players/26966f24/Pedro-Filipe-Barbosa-Moreira,19,19,pt POR,CM,28-132,75,34,30,4,3,0,1,3,0,1,0,1,0,23,0,2,https://fbref.com/en/players/26966f24/Pedro-Filipe-Barbosa-Moreira-Pedro Filipe Barbosa Moreira,
6,Kanya Fujimoto,https://fbref.com/en/players/be040b84/Kanya-Fujimoto,20,20,jp JPN,RW,21-304,15,7,7,0,0,0,0,0,0,0,0,0,0,4,0,0,https://fbref.com/en/players/be040b84/Kanya-Fujimoto-Kanya Fujimoto,
7,Vitor Carvalho,https://fbref.com/en/players/adc77724/Vitor-Carvalho,21,21,br BRA,CM,23-339,90,52,52,0,0,0,0,1,0,0,0,0,0,30,0,2,https://fbref.com/en/players/adc77724/Vitor-Carvalho-Vitor Carvalho,
8,Antoine Léautey,https://fbref.com/en/players/f2350250/Antoine-Leautey,11,11,fr FRA,"RM,LW",25-017,88,26,26,0,0,0,1,1,0,0,0,0,0,21,0,1,https://fbref.com/en/players/f2350250/Antoine-Leautey-Antoine Léautey,
9,Miullen,https://fbref.com/en/players/af8b71fe/Miullen,9,9,br BRA,FW,22-347,2,0,0,0,0,0,0,0,0,0,0,0,0,0,0,0,https://fbref.com/en/players/af8b71fe/Miullen-Miullen,
10,Talocha,https://fbref.com/en/players/99454b60/Talocha,31,31,pt POR,LB,31-244,90,53,37,16,1,0,0,2,13,2,0,2,0,37,0,3,https://fbref.com/en/players/99454b60/Talocha-Talocha,
11,Rúben Fernandes,https://fbref.com/en/players/c6bdf383/Ruben-Fernandes,26,26,pt POR,CB,34-360,90,30,28,2,2,0,0,0,0,0,0,0,0,25,0,0,https://fbref.com/en/players/c6bdf383/Ruben-Fernandes-Rúben Fernandes,
12,Rodrigão,https://fbref.com/en/players/e226132d/Rodrigao,5,5,br BRA,CB,25-232,90,42,38,3,3,0,2,0,0,0,0,0,0,32,1,0,https://fbref.com/en/players/e226132d/Rodrigao-Rodrigão,
13,Joel Pereira,https://fbref.com/en/players/273cdcb1/Joel-Pereira,2,2,pt POR,RB,24-215,90,84,55,29,3,0,0,12,25,1,0,1,0,53,0,4,https://fbref.com/en/players/273cdcb1/Joel-Pereira-Joel Pereira,
14,Denis,https://fbref.com/en/players/1a3ff093/Denis,1,1,br BRA,GK,34-017,90,40,23,17,7,0,0,0,0,0,0,0,0,32,0,0,https://fbref.com/en/players/1a3ff093/Denis-Denis,
