,Player Name,Player Number,Player,#,Nation,Pos,Age,Min,Gls,Ast,PK,PKatt,Sh,SoT,CrdY,CrdR,Touches,Tkl,Int,Blocks,xG,npxG,xAG,SCA,GCA,Cmp,Att,Cmp%,PrgP,Carries,PrgC,Att,Succ,Player Key,Player Link
0,Pedro David Rosendo Marques,https://fbref.com/en/players/717f39e8/Pedro-David-Rosendo-Marques,43,43,pt POR,FW,23-006,35,0,0,0,0,0,0,0,0,18,0,0,1,0.0,0.0,0.0,1,0,9,12,75.0,2,8,0,1,0,https://fbref.com/en/players/717f39e8/Pedro-David-Rosendo-Marques-Pedro David Rosendo Marques,
1,Samuel Lino,https://fbref.com/en/players/2a295d33/Samuel-Lino,29,29,br BRA,"FW,LW",21-129,55,0,0,0,0,1,1,0,0,26,0,0,1,0.3,0.3,0.1,2,0,16,21,76.2,1,12,2,0,0,https://fbref.com/en/players/2a295d33/Samuel-Lino-Samuel Lino,
2,Lucas Mineiro,https://fbref.com/en/players/53f1c5de/Lucas-Mineiro,25,25,br BRA,"FW,RM",25-066,90,0,0,0,0,3,0,0,0,42,1,0,3,0.4,0.4,0.0,1,0,27,33,81.8,8,19,2,0,0,https://fbref.com/en/players/53f1c5de/Lucas-Mineiro-Lucas Mineiro,
3,Lourency,https://fbref.com/en/players/a2496cc7/Lourency,7,7,br BRA,LM,25-119,75,0,0,0,0,3,2,0,0,45,1,0,2,0.1,0.1,0.3,4,0,21,31,67.7,2,23,2,3,2,https://fbref.com/en/players/a2496cc7/Lourency-Lourency,
4,Claude Gonçalves,https://fbref.com/en/players/5c78cb9e/Claude-Goncalves,8,8,pt POR,LM,27-022,15,0,0,0,0,0,0,0,0,8,0,0,0,0.0,0.0,0.0,0,0,2,6,33.3,2,4,0,0,0,https://fbref.com/en/players/5c78cb9e/Claude-Goncalves-Claude Gonçalves,
5,Pedro Filipe Barbosa Moreira,https://fbref.com/en/players/26966f24/Pedro-Filipe-Barbosa-Moreira,19,19,pt POR,CM,28-132,75,0,0,0,0,1,0,0,0,45,2,0,3,0.0,0.0,0.3,3,0,23,34,67.6,3,24,0,1,1,https://fbref.com/en/players/26966f24/Pedro-Filipe-Barbosa-Moreira-Pedro Filipe Barbosa Moreira,
6,Kanya Fujimoto,https://fbref.com/en/players/be040b84/Kanya-Fujimoto,20,20,jp JPN,RW,21-304,15,0,0,0,0,0,0,0,0,7,0,0,0,0.0,0.0,0.0,0,0,4,7,57.1,2,4,2,0,0,https://fbref.com/en/players/be040b84/Kanya-Fujimoto-Kanya Fujimoto,
7,Vitor Carvalho,https://fbref.com/en/players/adc77724/Vitor-Carvalho,21,21,br BRA,CM,23-339,90,0,0,0,0,0,0,0,0,60,1,3,1,0.0,0.0,0.0,1,0,30,52,57.7,6,24,0,0,0,https://fbref.com/en/players/adc77724/Vitor-Carvalho-Vitor Carvalho,
8,Antoine Léautey,https://fbref.com/en/players/f2350250/Antoine-Leautey,11,11,fr FRA,"RM,LW",25-017,88,0,0,0,0,2,0,0,0,43,1,0,4,0.3,0.3,0.0,2,0,21,26,80.8,2,20,3,4,2,https://fbref.com/en/players/f2350250/Antoine-Leautey-Antoine Léautey,
9,Miullen,https://fbref.com/en/players/af8b71fe/Miullen,9,9,br BRA,FW,22-347,2,0,0,0,0,0,0,0,0,0,0,0,0,0.0,0.0,0.0,0,0,0,0,,0,0,0,0,0,https://fbref.com/en/players/af8b71fe/Miullen-Miullen,
10,Talocha,https://fbref.com/en/players/99454b60/Talocha,31,31,pt POR,LB,31-244,90,0,0,0,0,1,0,1,0,58,0,1,1,0.0,0.0,0.0,2,0,37,53,69.8,3,26,1,0,0,https://fbref.com/en/players/99454b60/Talocha-Talocha,
11,Rúben Fernandes,https://fbref.com/en/players/c6bdf383/Ruben-Fernandes,26,26,pt POR,CB,34-360,90,0,0,0,0,0,0,0,0,42,0,2,0,0.0,0.0,0.0,0,0,25,30,83.3,1,21,0,0,0,https://fbref.com/en/players/c6bdf383/Ruben-Fernandes-Rúben Fernandes,
12,Rodrigão,https://fbref.com/en/players/e226132d/Rodrigao,5,5,br BRA,CB,25-232,90,0,0,0,0,0,0,1,0,54,0,1,2,0.0,0.0,0.0,0,0,32,42,76.2,2,29,1,0,0,https://fbref.com/en/players/e226132d/Rodrigao-Rodrigão,
13,Joel Pereira,https://fbref.com/en/players/273cdcb1/Joel-Pereira,2,2,pt POR,RB,24-215,90,0,0,0,0,0,0,1,0,89,0,0,0,0.0,0.0,0.4,5,0,53,84,63.1,3,42,5,1,0,https://fbref.com/en/players/273cdcb1/Joel-Pereira-Joel Pereira,
14,Denis,https://fbref.com/en/players/1a3ff093/Denis,1,1,br BRA,GK,34-017,90,0,0,0,0,0,0,0,0,42,0,0,0,0.0,0.0,0.0,0,0,32,40,80.0,0,20,0,0,0,https://fbref.com/en/players/1a3ff093/Denis-Denis,
