,Minute,Player,Squad,xG,PSxG,Outcome,Distance,Body Part,Notes,SCA 1 Player,SCA 1 Event,SCA 2 Player,SCA 2 Event
0,2,Pedro,Farense,0.11,,Off Target,10,Right Foot,Volley,André Almeida Pinto,Pass (Live),Tomás Tavares,Pass (Dead)
1,5,Lourency,Gil Vicente FC,0.02,0.22,Saved,28,Right Foot,,Lucas Mineiro,Fouled,,
2,6,Braian Mansilla,Farense,0.04,,Blocked,20,Left Foot,,Ryan Gauld,Pass (Live),Abner,Pass (Live)
3,7,Pedro,Farense,0.04,,Off Target,12,Head,,Ryan Gauld,Pass (Dead),Braian Mansilla,Shot
4,11,Braian Mansilla,Farense,0.03,0.07,Saved,29,Left Foot,,César,Pass (Live),Beto,Pass (Live)
5,12,Tomás Tavares,Farense,0.02,,Blocked,28,Right Foot,Volley,Braian Mansilla,Shot,,
6,19,Lourency,Gil Vicente FC,0.05,0.04,Saved,16,Right Foot,Deflected,Pedro Filipe Barbosa Moreira,Pass (Live),Joel Pereira,Pass (Live)
7,21,Pedro Filipe Barbosa Moreira,Gil Vicente FC,0.04,,Woodwork,22,Right Foot,,Pedro David Rosendo Marques,Pass (Live),Talocha,Pass (Live)
8,21,Lucas Mineiro,Gil Vicente FC,0.37,,Off Target,6,Head,,Joel Pereira,Pass (Live),Antoine Léautey,Pass (Live)
9,22,Braian Mansilla,Farense,0.53,0.67,Saved,5,Right Foot,,,,,
10,35,Antoine Léautey,Gil Vicente FC,0.26,,Off Target,12,Left Foot,,Pedro Filipe Barbosa Moreira,Take-On,Lourency,Pass (Live)
11,37,Talocha,Gil Vicente FC,0.03,,Off Target,33,Left Foot,,Joel Pereira,Pass (Live),Vitor Carvalho,Pass (Live)
12,,,,,,,,,,,,,
13,51,Antoine Léautey,Gil Vicente FC,0.04,,Blocked,18,Right Foot,,Samuel Lino,Pass (Live),Pedro Filipe Barbosa Moreira,Pass (Live)
14,58,Lucas Mineiro,Gil Vicente FC,0.03,,Off Target,31,Left Foot,,Lourency,Pass (Live),Lourency,Take-On
15,59,Licá,Farense,0.05,0.24,Saved,19,Right Foot,,Ryan Gauld,Pass (Live),Fabrício Isidoro,Pass (Live)
16,60,Samuel Lino,Gil Vicente FC,0.29,0.22,Saved,6,Left Foot,Deflected,Lourency,Pass (Live),Joel Pereira,Pass (Live)
17,60,Lourency,Gil Vicente FC,0.05,,Off Target,16,Right Foot,,Samuel Lino,Pass (Live),Talocha,Pass (Dead)
18,71,Ryan Gauld,Farense,0.03,,Off Target,33,Left Foot,,César,Pass (Live),André Almeida Pinto,Pass (Live)
19,83,Ryan Gauld,Farense,0.08,,Blocked,13,Left Foot,,Madi Queita,Pass (Live),Madi Queita,Take-On
20,83,Fabrício Isidoro,Farense,0.03,,Blocked,32,Left Foot,,Ryan Gauld,Shot,,
21,87,Lucas Mineiro,Gil Vicente FC,0.04,,Blocked,14,Head,,Antoine Léautey,Pass (Live),Joel Pereira,Pass (Live)
22,90+2,Ryan Gauld,Farense,0.05,,Off Target,29,Left Foot,Free kick,Djalma Campos,Pass (Live),Ryan Gauld,Pass (Dead)
