season,injury,from,until,days,missed_games
23/24,Knee problems,"Oct 1, 2023","Mar 4, 2024",155 days,?
22/23,Knee injury,"Feb 5, 2023","Jun 1, 2023",116 days,18
22/23,Knee problems,"Oct 24, 2022","Dec 12, 2022",49 days,9
21/22,Knee injury,"Feb 20, 2022","May 31, 2022",100 days,14
21/22,Ill,"Jan 18, 2022","Feb 1, 2022",14 days,3
20/21,Knee injury,"Dec 11, 2020","May 31, 2021",171 days,31
20/21,unknown injury,"Oct 25, 2020","Dec 2, 2020",38 days,8
19/20,Calf problems,"Oct 10, 2019","Dec 1, 2019",52 days,8
16/17,unknown injury,"Feb 25, 2017","Mar 12, 2017",15 days,3
16/17,Groin injury,"Aug 21, 2016","Jan 6, 2017",138 days,27
