,Player Name,Player Number,Player,#,Nation,Pos,Age,Min,Att,Live,Dead,FK,TB,Sw,Crs,TI,CK,In,Out,Str,Cmp,Off,Blocks,Player Key,Player Link
0,Luis Muriel,https://fbref.com/en/players/eb2fe5b6/Luis-Muriel,9,9,co COL,FW,29-279,57,30,25,5,1,0,0,3,1,1,1,0,0,20,0,1,https://fbref.com/en/players/eb2fe5b6/Luis-Muriel-Luis Muriel,
1,Duván Zapata,https://fbref.com/en/players/d3de9af0/Duvan-Zapata,91,91,co COL,FW,29-294,33,6,6,0,0,0,0,1,0,0,0,0,0,2,0,1,https://fbref.com/en/players/d3de9af0/Duvan-Zapata-Duván Zapata,
2,Aleksei Miranchuk,https://fbref.com/en/players/a9aa0d1d/Aleksei-Miranchuk,59,59,ru RUS,AM,25-095,57,30,30,0,0,0,0,1,0,0,0,0,0,19,0,0,https://fbref.com/en/players/a9aa0d1d/Aleksei-Miranchuk-Aleksei Miranchuk,
3,Josip Iličić,https://fbref.com/en/players/68252d6d/Josip-Ilicic,72,72,si SVN,AM,32-357,33,18,16,2,1,0,2,3,0,1,0,1,0,11,0,1,https://fbref.com/en/players/68252d6d/Josip-Ilicic-Josip Iličić,
4,Ruslan Malinovskyi,https://fbref.com/en/players/48d5bd33/Ruslan-Malinovskyi,18,18,ua UKR,AM,27-261,80,40,33,7,1,0,0,8,1,5,5,0,0,29,0,1,https://fbref.com/en/players/48d5bd33/Ruslan-Malinovskyi-Ruslan Malinovskyi,
5,Remo Freuler,https://fbref.com/en/players/98d2c2c4/Remo-Freuler,11,11,ch SUI,"CM,AM",28-280,10,13,11,2,2,0,0,0,0,0,0,0,0,10,0,0,https://fbref.com/en/players/98d2c2c4/Remo-Freuler-Remo Freuler,
6,Marten de Roon,https://fbref.com/en/players/2a1beb34/Marten-de-Roon,15,15,nl NED,CM,29-297,90,83,78,5,3,0,3,0,2,0,0,0,0,73,0,0,https://fbref.com/en/players/2a1beb34/Marten-de-Roon-Marten de Roon,
7,Matteo Pessina,https://fbref.com/en/players/780e3631/Matteo-Pessina,32,32,it ITA,"CM,AM",23-274,90,64,62,2,1,0,0,1,1,0,0,0,0,57,0,1,https://fbref.com/en/players/780e3631/Matteo-Pessina-Matteo Pessina,
8,Joakim Mæhle,https://fbref.com/en/players/c459a650/Joakim-Maehle,3,3,dk DEN,WB,23-245,90,56,49,7,1,0,0,4,6,0,0,0,0,47,0,2,https://fbref.com/en/players/c459a650/Joakim-Maehle-Joakim Mæhle,
9,Hans Hateboer,https://fbref.com/en/players/3b333ac3/Hans-Hateboer,33,33,nl NED,WB,27-011,58,28,24,4,0,0,0,0,4,0,0,0,0,27,0,0,https://fbref.com/en/players/3b333ac3/Hans-Hateboer-Hans Hateboer,
10,Robin Gosens,https://fbref.com/en/players/2d970560/Robin-Gosens,8,8,de GER,WB,26-199,32,20,16,4,0,0,0,2,4,0,0,0,0,17,0,0,https://fbref.com/en/players/2d970560/Robin-Gosens-Robin Gosens,
11,José Luis Palomino,https://fbref.com/en/players/921f6058/Jose-Luis-Palomino,6,6,ar ARG,CB,31-015,90,72,68,4,4,0,0,1,0,0,0,0,0,59,0,0,https://fbref.com/en/players/921f6058/Jose-Luis-Palomino-José Luis Palomino,
12,Cristian Romero,https://fbref.com/en/players/a3d94a58/Cristian-Romero,17,17,ar ARG,CB,22-268,90,45,45,0,0,0,2,0,0,0,0,0,0,40,0,0,https://fbref.com/en/players/a3d94a58/Cristian-Romero-Cristian Romero,
13,Rafael Tolói,https://fbref.com/en/players/c56dc39e/Rafael-Toloi,2,2,it ITA,CB,30-102,90,80,76,4,4,0,1,0,0,0,0,0,0,69,0,0,https://fbref.com/en/players/c56dc39e/Rafael-Toloi-Rafael Tolói,
14,Pierluigi Gollini,https://fbref.com/en/players/f0f7f62f/Pierluigi-Gollini,95,95,it ITA,GK,25-308,90,19,14,5,1,0,0,0,0,0,0,0,0,17,0,0,https://fbref.com/en/players/f0f7f62f/Pierluigi-Gollini-Pierluigi Gollini,
