,Player Name,Player Number,Player,#,Nation,Pos,Age,Min,Touches,Def Pen,Def 3rd,Mid 3rd,Att 3rd,Att Pen,Live,Att,Succ,Succ%,Tkld,Tkld%,Carries,TotDist,PrgDist,PrgC,1/3,CPA,Mis,Dis,Rec,PrgR,Player Key,Player Link
0,Luis Muriel,https://fbref.com/en/players/eb2fe5b6/Luis-Muriel,9,9,co COL,FW,29-279,57,35,0,1,7,27,3,35,1,1,100.0,0,0.0,18,64,15,1,0,1,3,4,29,14,https://fbref.com/en/players/eb2fe5b6/Luis-Muriel-Luis Muriel,
1,Duván Zapata,https://fbref.com/en/players/d3de9af0/Duvan-Zapata,91,91,co COL,FW,29-294,33,13,1,2,0,11,4,13,1,0,0.0,1,100.0,9,45,12,2,0,1,1,0,11,6,https://fbref.com/en/players/d3de9af0/Duvan-Zapata-Duván Zapata,
2,Aleksei Miranchuk,https://fbref.com/en/players/a9aa0d1d/Aleksei-Miranchuk,59,59,ru RUS,AM,25-095,57,37,0,2,11,24,6,37,1,0,0.0,1,100.0,25,99,49,1,2,1,1,1,31,8,https://fbref.com/en/players/a9aa0d1d/Aleksei-Miranchuk-Aleksei Miranchuk,
3,Josip Iličić,https://fbref.com/en/players/68252d6d/Josip-Ilicic,72,72,si SVN,AM,32-357,33,23,0,1,11,11,0,23,0,0,,0,,22,90,53,2,1,0,3,3,25,8,https://fbref.com/en/players/68252d6d/Josip-Ilicic-Josip Iličić,
4,Ruslan Malinovskyi,https://fbref.com/en/players/48d5bd33/Ruslan-Malinovskyi,18,18,ua UKR,AM,27-261,80,47,0,2,15,31,4,47,2,2,100.0,0,0.0,30,126,58,0,2,0,0,1,33,7,https://fbref.com/en/players/48d5bd33/Ruslan-Malinovskyi-Ruslan Malinovskyi,
5,Remo Freuler,https://fbref.com/en/players/98d2c2c4/Remo-Freuler,11,11,ch SUI,"CM,AM",28-280,10,13,0,3,5,5,0,13,1,1,100.0,0,0.0,4,30,7,0,0,0,0,0,7,0,https://fbref.com/en/players/98d2c2c4/Remo-Freuler-Remo Freuler,
6,Marten de Roon,https://fbref.com/en/players/2a1beb34/Marten-de-Roon,15,15,nl NED,CM,29-297,90,87,3,8,63,16,0,87,0,0,,0,,63,164,87,1,0,0,1,0,65,2,https://fbref.com/en/players/2a1beb34/Marten-de-Roon-Marten de Roon,
7,Matteo Pessina,https://fbref.com/en/players/780e3631/Matteo-Pessina,32,32,it ITA,"CM,AM",23-274,90,68,0,6,39,23,2,68,1,1,100.0,0,0.0,53,204,82,0,1,0,1,1,53,0,https://fbref.com/en/players/780e3631/Matteo-Pessina-Matteo Pessina,
8,Joakim Mæhle,https://fbref.com/en/players/c459a650/Joakim-Maehle,3,3,dk DEN,WB,23-245,90,64,0,9,22,33,2,64,0,0,,0,,42,170,110,4,1,1,1,2,49,14,https://fbref.com/en/players/c459a650/Joakim-Maehle-Joakim Mæhle,
9,Hans Hateboer,https://fbref.com/en/players/3b333ac3/Hans-Hateboer,33,33,nl NED,WB,27-011,58,31,0,4,11,16,0,31,0,0,,0,,25,95,41,0,2,0,0,0,25,2,https://fbref.com/en/players/3b333ac3/Hans-Hateboer-Hans Hateboer,
10,Robin Gosens,https://fbref.com/en/players/2d970560/Robin-Gosens,8,8,de GER,WB,26-199,32,22,0,3,12,7,1,22,1,0,0.0,1,100.0,16,77,36,0,0,1,0,0,17,4,https://fbref.com/en/players/2d970560/Robin-Gosens-Robin Gosens,
11,José Luis Palomino,https://fbref.com/en/players/921f6058/Jose-Luis-Palomino,6,6,ar ARG,CB,31-015,90,79,4,21,52,6,1,79,0,0,,0,,49,252,121,1,1,0,1,0,46,1,https://fbref.com/en/players/921f6058/Jose-Luis-Palomino-José Luis Palomino,
12,Cristian Romero,https://fbref.com/en/players/a3d94a58/Cristian-Romero,17,17,ar ARG,CB,22-268,90,56,1,15,39,2,2,56,0,0,,0,,30,162,60,0,0,0,0,0,29,0,https://fbref.com/en/players/a3d94a58/Cristian-Romero-Cristian Romero,
13,Rafael Tolói,https://fbref.com/en/players/c56dc39e/Rafael-Toloi,2,2,it ITA,CB,30-102,90,92,4,14,52,26,5,92,0,0,,0,,57,218,139,1,0,0,0,0,62,7,https://fbref.com/en/players/c56dc39e/Rafael-Toloi-Rafael Tolói,
14,Pierluigi Gollini,https://fbref.com/en/players/f0f7f62f/Pierluigi-Gollini,95,95,it ITA,GK,25-308,90,21,14,21,0,0,0,21,0,0,,0,,9,20,8,0,0,0,1,0,10,0,https://fbref.com/en/players/f0f7f62f/Pierluigi-Gollini-Pierluigi Gollini,
