,Minute,Player,Squad,xG,PSxG,Outcome,Distance,Body Part,Notes,SCA 1 Player,SCA 1 Event,SCA 2 Player,SCA 2 Event
0,1,Roberto Pereyra,Udinese,0.26,0.10,Goal,10,Right Foot,,Jens Stryger Larsen,Pass (Live),Rodrigo Becão,Pass (Live)
1,6,Joakim Mæhle,Atalanta,0.03,,Blocked,17,Right Foot,,José Luis Palomino,Pass (Live),,
2,12,Ruslan Malinovskyi,Atalanta,0.03,,Blocked,29,Left Foot,,Ruslan Malinovskyi,Take-On,Ruslan Malinovskyi,Take-On
3,12,Matteo Pessina,Atalanta,0.08,0.03,Saved,9,Left Foot,Volley,Ruslan Malinovskyi,Pass (Dead),Ruslan Malinovskyi,Shot
4,16,Luis Muriel,Atalanta,0.06,,Off Target,31,Right Foot,Free kick,Ruslan Malinovskyi,Fouled,,
5,23,Rafael Tolói,Atalanta,0.08,,Off Target,8,Head,,Ruslan Malinovskyi,Pass (Live),Matteo Pessina,Pass (Live)
6,29,Ruslan Malinovskyi,Atalanta,0.07,,Off Target,16,Left Foot,,Luis Muriel,Pass (Live),Aleksei Miranchuk,Pass (Live)
7,34,Roberto Pereyra,Udinese,0.04,,Off Target,22,Left Foot,Volley,Samir Santos,Fouled,Marvin Zeegelaar,Pass (Live)
8,35,Aleksei Miranchuk,Atalanta,0.04,,Blocked,22,Left Foot,,Ruslan Malinovskyi,Pass (Live),Luis Muriel,Pass (Live)
9,35,Joakim Mæhle,Atalanta,0.04,0.08,Saved,15,Head,Volley,Aleksei Miranchuk,Pass (Live),Aleksei Miranchuk,Shot
10,35,Rafael Tolói,Atalanta,0.06,,Off Target,6,Head,,Ruslan Malinovskyi,Pass (Dead),Joakim Mæhle,Shot
11,40,Rafael Tolói,Atalanta,0.05,0.04,Saved,16,Right Foot,,Ruslan Malinovskyi,Pass (Live),Rafael Tolói,Pass (Live)
12,44,Luis Muriel,Atalanta,0.62,0.87,Goal,8,Right Foot,,Luis Muriel,Take-On,Matteo Pessina,Pass (Live)
13,,,,,,,,,,,,,
14,54,Aleksei Miranchuk,Atalanta,0.06,,Off Target,17,Left Foot,,Matteo Pessina,Pass (Live),Luis Muriel,Pass (Live)
15,58,Kevin Bonifazi,Udinese,0.06,,Off Target,10,Head,,Rodrigo De Paul,Pass (Dead),Marvin Zeegelaar,Fouled
16,67,Rafael Tolói,Atalanta,0.04,,Blocked,16,Right Foot,Volley,Josip Iličić,Pass (Live),Robin Gosens,Pass (Live)
17,71,Josip Iličić,Atalanta,0.02,,Blocked,28,Right Foot,,Ruslan Malinovskyi,Pass (Live),Duván Zapata,Pass (Live)
18,71,Cristian Romero,Atalanta,0.10,,Off Target,8,Head,,Joakim Mæhle,Pass (Live),Josip Iličić,Shot
19,76,Ruslan Malinovskyi,Atalanta,0.03,,Off Target,20,Left Foot,Volley,Joakim Mæhle,Fouled,Rafael Tolói,Pass (Live)
20,78,Marvin Zeegelaar,Udinese,0.03,,Blocked,26,Right Foot,,Roberto Pereyra,Pass (Live),Rodrigo De Paul,Pass (Live)
21,78,Jens Stryger Larsen,Udinese,0.01,,Off Target,39,Right Foot,,Marvin Zeegelaar,Shot,,
22,83,Duván Zapata,Atalanta,0.06,,Off Target,7,Head,,Robin Gosens,Pass (Live),Marten de Roon,Pass (Live)
23,90+6,Kevin Lasagna,Udinese,0.03,,Off Target,27,Left Foot,Volley,Roberto Pereyra,Fouled,Nahuel Molina,Pass (Dead)
