,Player Name,Player Number,Player,#,Nation,Pos,Age,Min,Touches,Def Pen,Def 3rd,Mid 3rd,Att 3rd,Att Pen,Live,Att,Succ,Succ%,Tkld,Tkld%,Carries,TotDist,PrgDist,PrgC,1/3,CPA,Mis,Dis,Rec,PrgR,Player Key,Player Link
0,Kevin Lasagna,https://fbref.com/en/players/09538fdb/Kevin-Lasagna,15,15,it ITA,FW,28-163,90,27,0,2,14,11,0,27,2,0,0.0,2,100.0,10,34,1,0,2,0,7,1,19,6,https://fbref.com/en/players/09538fdb/Kevin-Lasagna-Kevin Lasagna,
1,Roberto Pereyra,https://fbref.com/en/players/75f2c59f/Roberto-Pereyra,37,37,ar ARG,FW,30-013,90,34,5,9,11,14,5,34,2,1,50.0,1,50.0,18,123,80,2,2,0,5,0,20,3,https://fbref.com/en/players/75f2c59f/Roberto-Pereyra-Roberto Pereyra,
2,Rolando Mandragora,https://fbref.com/en/players/c7259b83/Rolando-Mandragora,38,38,it ITA,DM,23-205,56,17,0,3,11,3,0,17,0,0,,0,,10,35,23,0,0,0,1,1,15,0,https://fbref.com/en/players/c7259b83/Rolando-Mandragora-Rolando Mandragora,
3,Walace,https://fbref.com/en/players/26db8853/Walace,11,11,br BRA,DM,25-291,15,3,0,0,3,0,0,3,0,0,,0,,3,30,19,0,0,0,0,0,3,0,https://fbref.com/en/players/26db8853/Walace-Walace,
4,Gerard Deulofeu,https://fbref.com/en/players/39583cfd/Gerard-Deulofeu,9,9,es ESP,DM,26-313,19,7,0,2,3,2,0,7,0,0,,0,,6,16,7,0,0,0,1,0,6,1,https://fbref.com/en/players/39583cfd/Gerard-Deulofeu-Gerard Deulofeu,
5,Tolgay Arslan,https://fbref.com/en/players/963a328b/Tolgay-Arslan,22,22,de GER,DM,30-157,88,41,2,15,24,3,0,41,2,1,50.0,1,50.0,23,131,61,0,1,0,2,1,25,0,https://fbref.com/en/players/963a328b/Tolgay-Arslan-Tolgay Arslan,
6,Sebastien De Maio,https://fbref.com/en/players/952a03fe/Sebastien-De-Maio,87,87,fr FRA,DM,33-321,2,1,0,1,0,0,0,1,0,0,,0,,0,0,0,0,0,0,0,0,0,0,https://fbref.com/en/players/952a03fe/Sebastien-De-Maio-Sebastien De Maio,
7,Rodrigo De Paul,https://fbref.com/en/players/162efffd/Rodrigo-De-Paul,10,10,ar ARG,DM,26-241,90,56,2,15,27,15,0,56,0,0,,0,,25,89,35,0,0,0,2,0,34,3,https://fbref.com/en/players/162efffd/Rodrigo-De-Paul-Rodrigo De Paul,
8,Marvin Zeegelaar,https://fbref.com/en/players/8abd0c03/Marvin-Zeegelaar,90,90,nl NED,WB,30-161,90,32,5,12,9,11,0,32,1,1,100.0,0,0.0,13,126,61,3,1,0,2,1,20,1,https://fbref.com/en/players/8abd0c03/Marvin-Zeegelaar-Marvin Zeegelaar,
9,Jens Stryger Larsen,https://fbref.com/en/players/f91e81c9/Jens-Stryger-Larsen,19,19,dk DEN,WB,29-334,88,42,4,21,16,5,0,42,0,0,,0,,20,74,36,1,0,0,0,0,20,1,https://fbref.com/en/players/f91e81c9/Jens-Stryger-Larsen-Jens Stryger Larsen,
10,Nahuel Molina,https://fbref.com/en/players/23610943/Nahuel-Molina,16,16,ar ARG,WB,22-289,2,2,0,0,1,1,0,2,1,1,100.0,0,0.0,2,35,33,1,0,0,0,0,2,0,https://fbref.com/en/players/23610943/Nahuel-Molina-Nahuel Molina,
11,Samir Santos,https://fbref.com/en/players/92b4758e/Samir-Santos,3,3,br BRA,CB,26-046,90,50,7,24,25,1,0,50,0,0,,0,,18,96,41,1,2,0,0,0,24,0,https://fbref.com/en/players/92b4758e/Samir-Santos-Samir Santos,
12,Kevin Bonifazi,https://fbref.com/en/players/fb77bfef/Kevin-Bonifazi,14,14,it ITA,CB,24-246,90,40,10,22,17,1,1,40,0,0,,0,,12,66,13,0,0,0,2,0,13,0,https://fbref.com/en/players/fb77bfef/Kevin-Bonifazi-Kevin Bonifazi,
13,Rodrigo Becão,https://fbref.com/en/players/19e4eab9/Rodrigo-Becao,50,50,br BRA,CB,25-001,90,42,13,29,12,1,0,42,0,0,,0,,13,28,5,0,0,0,0,0,11,0,https://fbref.com/en/players/19e4eab9/Rodrigo-Becao-Rodrigo Becão,
14,Juan Musso,https://fbref.com/en/players/a111cf41/Juan-Musso,1,1,ar ARG,GK,26-259,90,34,31,34,0,0,0,34,0,0,,0,,20,165,81,0,0,0,0,0,9,0,https://fbref.com/en/players/a111cf41/Juan-Musso-Juan Musso,
