,Player Name,Player Number,Player,#,Nation,Pos,Age,Min,Tkl,TklW,Def 3rd,Mid 3rd,Att 3rd,Tkl,Att,Tkl%,Lost,Blocks,Sh,Pass,Int,Tkl+Int,Clr,Err,Player Key,Player Link
0,Kevin Lasagna,https://fbref.com/en/players/09538fdb/Kevin-Lasagna,15,15,it ITA,FW,28-163,90,0,0,0,0,0,0,0,,0,0,0,0,0,0,0,0,https://fbref.com/en/players/09538fdb/Kevin-Lasagna-Kevin Lasagna,
1,Roberto Pereyra,https://fbref.com/en/players/75f2c59f/Roberto-Pereyra,37,37,ar ARG,FW,30-013,90,1,0,1,0,0,0,0,,0,0,0,0,1,2,2,0,https://fbref.com/en/players/75f2c59f/Roberto-Pereyra-Roberto Pereyra,
2,Rolando Mandragora,https://fbref.com/en/players/c7259b83/Rolando-Mandragora,38,38,it ITA,DM,23-205,56,1,1,1,0,0,0,1,0.0,1,0,0,0,0,1,0,0,https://fbref.com/en/players/c7259b83/Rolando-Mandragora-Rolando Mandragora,
3,Walace,https://fbref.com/en/players/26db8853/Walace,11,11,br BRA,DM,25-291,15,0,0,0,0,0,0,0,,0,0,0,0,0,0,0,0,https://fbref.com/en/players/26db8853/Walace-Walace,
4,Gerard Deulofeu,https://fbref.com/en/players/39583cfd/Gerard-Deulofeu,9,9,es ESP,DM,26-313,19,0,0,0,0,0,0,0,,0,0,0,0,0,0,0,0,https://fbref.com/en/players/39583cfd/Gerard-Deulofeu-Gerard Deulofeu,
5,Tolgay Arslan,https://fbref.com/en/players/963a328b/Tolgay-Arslan,22,22,de GER,DM,30-157,88,4,2,3,1,0,1,3,33.3,2,0,0,0,0,4,1,0,https://fbref.com/en/players/963a328b/Tolgay-Arslan-Tolgay Arslan,
6,Sebastien De Maio,https://fbref.com/en/players/952a03fe/Sebastien-De-Maio,87,87,fr FRA,DM,33-321,2,0,0,0,0,0,0,0,,0,0,0,0,0,0,0,0,https://fbref.com/en/players/952a03fe/Sebastien-De-Maio-Sebastien De Maio,
7,Rodrigo De Paul,https://fbref.com/en/players/162efffd/Rodrigo-De-Paul,10,10,ar ARG,DM,26-241,90,1,0,0,1,0,1,2,50.0,1,2,0,2,0,1,0,0,https://fbref.com/en/players/162efffd/Rodrigo-De-Paul-Rodrigo De Paul,
8,Marvin Zeegelaar,https://fbref.com/en/players/8abd0c03/Marvin-Zeegelaar,90,90,nl NED,WB,30-161,90,1,0,1,0,0,0,0,,0,1,0,1,0,1,3,0,https://fbref.com/en/players/8abd0c03/Marvin-Zeegelaar-Marvin Zeegelaar,
9,Jens Stryger Larsen,https://fbref.com/en/players/f91e81c9/Jens-Stryger-Larsen,19,19,dk DEN,WB,29-334,88,1,1,1,0,0,0,0,,0,2,2,0,1,2,2,0,https://fbref.com/en/players/f91e81c9/Jens-Stryger-Larsen-Jens Stryger Larsen,
10,Nahuel Molina,https://fbref.com/en/players/23610943/Nahuel-Molina,16,16,ar ARG,WB,22-289,2,0,0,0,0,0,0,0,,0,0,0,0,0,0,0,0,https://fbref.com/en/players/23610943/Nahuel-Molina-Nahuel Molina,
11,Samir Santos,https://fbref.com/en/players/92b4758e/Samir-Santos,3,3,br BRA,CB,26-046,90,2,1,1,1,0,0,0,,0,1,0,1,6,8,7,0,https://fbref.com/en/players/92b4758e/Samir-Santos-Samir Santos,
12,Kevin Bonifazi,https://fbref.com/en/players/fb77bfef/Kevin-Bonifazi,14,14,it ITA,CB,24-246,90,1,1,1,0,0,0,0,,0,1,1,0,2,3,5,0,https://fbref.com/en/players/fb77bfef/Kevin-Bonifazi-Kevin Bonifazi,
13,Rodrigo Becão,https://fbref.com/en/players/19e4eab9/Rodrigo-Becao,50,50,br BRA,CB,25-001,90,3,3,2,1,0,1,2,50.0,1,3,2,1,7,10,2,0,https://fbref.com/en/players/19e4eab9/Rodrigo-Becao-Rodrigo Becão,
14,Juan Musso,https://fbref.com/en/players/a111cf41/Juan-Musso,1,1,ar ARG,GK,26-259,90,0,0,0,0,0,0,0,,0,0,0,0,0,0,1,0,https://fbref.com/en/players/a111cf41/Juan-Musso-Juan Musso,
