,Player Name,Player Number,Player,#,Nation,Pos,Age,Min,Gls,Ast,PK,PKatt,Sh,SoT,CrdY,CrdR,Touches,Tkl,Int,Blocks,xG,npxG,xAG,SCA,GCA,Cmp,Att,Cmp%,PrgP,Carries,PrgC,Att,Succ,Player Key,Player Link
0,Rafael Martins,https://fbref.com/en/players/b7e1c3b5/Rafael-Martins,99,99,br BRA,FW,32-040,73,0,0,0,0,1,1,1,0,21,0,0,0,0.1,0.1,0.1,1,0,8,13,61.5,0,9,0,2,0,https://fbref.com/en/players/b7e1c3b5/Rafael-Martins-Rafael Martins,
1,André Luis,https://fbref.com/en/players/2962bf2e/Andre-Luis,12,12,br BRA,FW,27-048,17,0,0,0,0,1,0,0,0,5,0,0,0,0.4,0.4,0.0,1,0,2,3,66.7,0,3,1,1,1,https://fbref.com/en/players/2962bf2e/Andre-Luis-André Luis,
2,Yan Matheus,https://fbref.com/en/players/d44efa12/Yan-Matheus,17,17,br BRA,AM,22-234,64,0,0,0,0,1,0,0,0,34,2,0,3,0.1,0.1,0.1,4,0,14,21,66.7,3,17,3,2,1,https://fbref.com/en/players/d44efa12/Yan-Matheus-Yan Matheus,
3,Alexandre Miguel Barros Soares,https://fbref.com/en/players/ba0aead1/Alexandre-Miguel-Barros-Soares,26,26,pt POR,AM,30-056,26,0,0,0,0,0,0,0,0,9,0,0,0,0.0,0.0,0.0,1,0,2,6,33.3,1,6,0,2,0,https://fbref.com/en/players/ba0aead1/Alexandre-Miguel-Barros-Soares-Alexandre Miguel Barros Soares,
4,Filipe Soares,https://fbref.com/en/players/c6a3b58d/Filipe-Soares,21,21,pt POR,AM,21-341,90,0,0,0,0,1,0,0,0,36,0,1,1,0.0,0.0,0.0,3,1,14,25,56.0,2,28,1,2,2,https://fbref.com/en/players/c6a3b58d/Filipe-Soares-Filipe Soares,
5,David Simão,https://fbref.com/en/players/fcef3903/David-Simao,22,22,pt POR,CM,30-346,73,0,1,0,0,0,0,0,0,45,2,1,2,0.0,0.0,0.0,1,1,20,35,57.1,2,18,0,0,0,https://fbref.com/en/players/fcef3903/David-Simao-David Simão,
6,Gonçalo Franco,https://fbref.com/en/players/9029d5f2/Goncalo-Franco,88,88,pt POR,CM,20-160,17,0,0,0,0,0,0,0,0,4,0,0,0,0.0,0.0,0.0,0,0,2,3,66.7,0,0,0,0,0,https://fbref.com/en/players/9029d5f2/Goncalo-Franco-Gonçalo Franco,
7,Fábio Pacheco,https://fbref.com/en/players/b74fb61f/Fabio-Pacheco,6,6,pt POR,CM,32-335,90,0,0,0,0,0,0,1,0,31,3,3,0,0.0,0.0,0.0,0,0,16,21,76.2,1,11,1,0,0,https://fbref.com/en/players/b74fb61f/Fabio-Pacheco-Fábio Pacheco,
8,Abdu Conté,https://fbref.com/en/players/cfa49cc1/Abdu-Conte,5,5,pt POR,WB,23-033,90,0,0,0,0,1,1,0,0,46,4,0,0,0.0,0.0,0.0,1,0,22,35,62.9,4,18,2,0,0,https://fbref.com/en/players/cfa49cc1/Abdu-Conte-Abdu Conté,
9,Walterson,https://fbref.com/en/players/8eebb330/Walterson,77,77,br BRA,WB,26-119,87,0,0,0,0,0,0,0,0,29,4,4,2,0.0,0.0,0.0,1,0,10,17,58.8,3,20,3,4,2,https://fbref.com/en/players/8eebb330/Walterson-Walterson,
10,Anthony D'Alberto,https://fbref.com/en/players/98684b0c/Anthony-DAlberto,2,2,be BEL,WB,26-195,3,0,0,0,0,0,0,0,0,3,0,0,0,0.0,0.0,0.0,0,0,0,1,0.0,0,0,0,0,0,https://fbref.com/en/players/98684b0c/Anthony-DAlberto-Anthony D'Alberto,
11,Abdoulaye Ba,https://fbref.com/en/players/1f54ed90/Abdoulaye-Ba,23,23,sn SEN,CB,30-115,90,0,0,0,0,2,0,0,0,24,0,2,1,0.1,0.1,0.0,0,0,7,13,53.8,0,7,0,1,1,https://fbref.com/en/players/1f54ed90/Abdoulaye-Ba-Abdoulaye Ba,
12,Lazar Rosić,https://fbref.com/en/players/3c285843/Lazar-Rosic,3,3,rs SRB,CB,27-301,90,0,0,0,0,0,0,0,0,24,2,1,1,0.0,0.0,0.0,0,0,6,15,40.0,0,11,0,0,0,https://fbref.com/en/players/3c285843/Lazar-Rosic-Lazar Rosić,
13,Nahuel Ferraresi,https://fbref.com/en/players/719aab45/Nahuel-Ferraresi,4,4,ve VEN,CB,22-158,90,1,0,0,0,1,1,0,0,48,1,4,1,0.0,0.0,0.0,0,0,23,31,74.2,1,17,3,0,0,https://fbref.com/en/players/719aab45/Nahuel-Ferraresi-Nahuel Ferraresi,
14,Mateus Pasinato,https://fbref.com/en/players/f16f9b47/Mateus-Pasinato,14,14,br BRA,GK,28-302,90,0,0,0,0,0,0,1,0,35,0,0,0,0.0,0.0,0.0,0,0,8,30,26.7,0,9,0,0,0,https://fbref.com/en/players/f16f9b47/Mateus-Pasinato-Mateus Pasinato,
