,Player Name,Player Number,Player,#,Nation,Pos,Age,Min,Touches,Def Pen,Def 3rd,Mid 3rd,Att 3rd,Att Pen,Live,Att,Succ,Succ%,Tkld,Tkld%,Carries,TotDist,PrgDist,PrgC,1/3,CPA,Mis,Dis,Rec,PrgR,Player Key,Player Link
0,Mehdi Taremi,https://fbref.com/en/players/4c2a5d34/Mehdi-Taremi,9,9,ir IRN,FW,28-282,90,36,1,2,11,23,8,35,3,2,66.7,1,33.3,20,61,31,1,1,1,3,1,25,12,https://fbref.com/en/players/4c2a5d34/Mehdi-Taremi-Mehdi Taremi,
1,Moussa Marega,https://fbref.com/en/players/05a84d52/Moussa-Marega,11,11,ml MLI,FW,30-012,60,17,0,1,5,11,6,17,1,0,0.0,1,100.0,13,52,17,0,1,0,2,2,17,5,https://fbref.com/en/players/05a84d52/Moussa-Marega-Moussa Marega,
2,Luis Díaz,https://fbref.com/en/players/4a1a9578/Luis-Diaz,7,7,co COL,"LM,FW",24-103,30,22,0,1,3,19,2,22,3,2,66.7,1,33.3,18,67,41,1,1,0,0,1,18,7,https://fbref.com/en/players/4a1a9578/Luis-Diaz-Luis Díaz,
3,Otávio,https://fbref.com/en/players/28b1f3ce/Otavio,25,25,pt POR,"LM,CM",26-076,90,94,2,6,54,36,1,94,2,2,100.0,0,0.0,68,367,231,4,6,0,3,0,74,5,https://fbref.com/en/players/28b1f3ce/Otavio-Otávio,
4,Mateus Uribe,https://fbref.com/en/players/b997c3de/Mateus-Uribe,8,8,co COL,CM,30-036,90,94,4,19,57,18,2,94,1,1,100.0,0,0.0,59,267,138,1,2,0,1,0,63,1,https://fbref.com/en/players/b997c3de/Mateus-Uribe-Mateus Uribe,
5,Sérgio Oliveira,https://fbref.com/en/players/947e036f/Sergio-Oliveira,27,27,pt POR,CM,28-328,60,58,0,2,32,25,2,58,2,1,50.0,1,50.0,36,168,76,2,1,1,0,2,41,5,https://fbref.com/en/players/947e036f/Sergio-Oliveira-Sérgio Oliveira,
6,Toni Martínez,https://fbref.com/en/players/f3945e07/Toni-Martinez,29,29,es ESP,"FW,CM",23-300,30,10,0,0,3,7,4,10,1,1,100.0,0,0.0,8,27,8,0,0,0,1,0,10,6,https://fbref.com/en/players/f3945e07/Toni-Martinez-Toni Martínez,
7,Jesús Corona,https://fbref.com/en/players/fb938d24/Jesus-Corona,17,17,mx MEX,RM,28-110,65,43,0,2,10,32,4,43,3,0,0.0,3,100.0,28,108,43,1,1,1,4,0,32,10,https://fbref.com/en/players/fb938d24/Jesus-Corona-Jesús Corona,
8,Francisco Conceição,https://fbref.com/en/players/5ef3d210/Francisco-Conceicao,85,85,pt POR,RM,18-133,25,14,0,0,5,9,3,14,2,1,50.0,1,50.0,12,79,37,1,1,1,1,0,12,3,https://fbref.com/en/players/5ef3d210/Francisco-Conceicao-Francisco Conceição,
9,Wilson Manafá,https://fbref.com/en/players/e27fdbca/Wilson-Manafa,18,18,pt POR,LB,26-277,90,79,0,11,39,32,3,79,3,2,66.7,1,33.3,48,233,144,5,4,1,3,0,46,7,https://fbref.com/en/players/e27fdbca/Wilson-Manafa-Wilson Manafá,
10,Pepe,https://fbref.com/en/players/c906ce0f/Pepe,3,3,pt POR,CB,38-059,90,110,3,26,74,11,2,110,0,0,,0,,87,448,292,3,2,0,0,0,88,0,https://fbref.com/en/players/c906ce0f/Pepe-Pepe,
11,Chancel Mbemba,https://fbref.com/en/players/e76cb9cc/Chancel-Mbemba,19,19,cd COD,CB,26-261,65,58,4,15,40,3,2,58,0,0,,0,,42,220,139,2,0,0,0,0,42,0,https://fbref.com/en/players/e76cb9cc/Chancel-Mbemba-Chancel Mbemba,
12,Fabio Vieira,https://fbref.com/en/players/6412cc03/Fabio-Vieira,50,50,pt POR,CB,20-331,25,27,0,0,17,10,1,27,0,0,,0,,21,111,49,1,1,1,0,1,21,3,https://fbref.com/en/players/6412cc03/Fabio-Vieira-Fabio Vieira,
13,Eulânio Ângelo Chipela Gomes,https://fbref.com/en/players/d9b9b71a/Eulanio-Angelo-Chipela-Gomes,31,31,gw GNB,RB,26-344,77,66,2,13,27,27,1,66,3,2,66.7,1,33.3,37,203,112,3,2,0,2,1,36,5,https://fbref.com/en/players/d9b9b71a/Eulanio-Angelo-Chipela-Gomes-Eulânio Ângelo Chipela Gomes,
14,Marko Grujić,https://fbref.com/en/players/8b8e759d/Marko-Grujic,16,16,rs SRB,RB,25-013,13,15,0,0,13,2,0,15,0,0,,0,,7,30,10,0,0,0,0,0,11,1,https://fbref.com/en/players/8b8e759d/Marko-Grujic-Marko Grujić,
15,Agustín Marchesín,https://fbref.com/en/players/853b7c48/Agustin-Marchesin,1,1,ar ARG,GK,33-041,90,30,21,30,2,0,0,30,0,0,,0,,22,109,87,0,0,0,0,0,11,0,https://fbref.com/en/players/853b7c48/Agustin-Marchesin-Agustín Marchesín,
