,Player Name,Player Number,Player,#,Nation,Pos,Age,Min,Gls,Ast,PK,PKatt,Sh,SoT,CrdY,CrdR,Touches,Tkl,Int,Blocks,xG,npxG,xAG,SCA,GCA,Cmp,Att,Cmp%,PrgP,Carries,PrgC,Att,Succ,Player Key,Player Link
0,Mehdi Taremi,https://fbref.com/en/players/4c2a5d34/Mehdi-Taremi,9,9,ir IRN,FW,28-282,90,1,0,1,1,3,2,1,0,36,1,0,2,1.4,0.6,0.1,3,1,21,25,84.0,5,20,1,3,2,https://fbref.com/en/players/4c2a5d34/Mehdi-Taremi-Mehdi Taremi,
1,Moussa Marega,https://fbref.com/en/players/05a84d52/Moussa-Marega,11,11,ml MLI,FW,30-012,60,0,0,0,0,3,1,0,0,17,0,0,1,0.8,0.8,0.0,1,0,4,8,50.0,2,13,0,1,0,https://fbref.com/en/players/05a84d52/Moussa-Marega-Moussa Marega,
2,Luis Díaz,https://fbref.com/en/players/4a1a9578/Luis-Diaz,7,7,co COL,"LM,FW",24-103,30,0,0,0,0,1,0,0,0,22,0,0,0,0.0,0.0,0.0,2,0,17,20,85.0,0,18,1,3,2,https://fbref.com/en/players/4a1a9578/Luis-Diaz-Luis Díaz,
3,Otávio,https://fbref.com/en/players/28b1f3ce/Otavio,25,25,pt POR,"LM,CM",26-076,90,0,0,0,0,2,0,0,0,94,3,1,0,0.1,0.1,0.3,2,0,61,83,73.5,15,68,4,2,2,https://fbref.com/en/players/28b1f3ce/Otavio-Otávio,
4,Mateus Uribe,https://fbref.com/en/players/b997c3de/Mateus-Uribe,8,8,co COL,CM,30-036,90,0,0,0,0,1,0,1,0,94,0,2,3,0.4,0.4,0.0,2,0,71,84,84.5,5,59,1,1,1,https://fbref.com/en/players/b997c3de/Mateus-Uribe-Mateus Uribe,
5,Sérgio Oliveira,https://fbref.com/en/players/947e036f/Sergio-Oliveira,27,27,pt POR,CM,28-328,60,0,0,0,0,1,1,0,0,58,1,0,1,0.0,0.0,0.1,2,0,39,53,73.6,8,36,2,2,1,https://fbref.com/en/players/947e036f/Sergio-Oliveira-Sérgio Oliveira,
6,Toni Martínez,https://fbref.com/en/players/f3945e07/Toni-Martinez,29,29,es ESP,"FW,CM",23-300,30,0,0,0,0,2,2,0,0,10,0,0,0,0.4,0.4,0.0,3,1,2,5,40.0,1,8,0,1,1,https://fbref.com/en/players/f3945e07/Toni-Martinez-Toni Martínez,
7,Jesús Corona,https://fbref.com/en/players/fb938d24/Jesus-Corona,17,17,mx MEX,RM,28-110,65,0,0,0,0,1,0,0,0,43,0,0,1,0.1,0.1,0.2,3,0,20,33,60.6,2,28,1,3,0,https://fbref.com/en/players/fb938d24/Jesus-Corona-Jesús Corona,
8,Francisco Conceição,https://fbref.com/en/players/5ef3d210/Francisco-Conceicao,85,85,pt POR,RM,18-133,25,0,0,0,0,0,0,0,0,14,0,0,0,0.0,0.0,0.0,0,0,8,12,66.7,0,12,1,2,1,https://fbref.com/en/players/5ef3d210/Francisco-Conceicao-Francisco Conceição,
9,Wilson Manafá,https://fbref.com/en/players/e27fdbca/Wilson-Manafa,18,18,pt POR,LB,26-277,90,0,0,0,0,1,0,0,0,79,1,1,0,0.0,0.0,0.1,7,0,60,70,85.7,4,48,5,3,2,https://fbref.com/en/players/e27fdbca/Wilson-Manafa-Wilson Manafá,
10,Pepe,https://fbref.com/en/players/c906ce0f/Pepe,3,3,pt POR,CB,38-059,90,0,0,0,0,1,0,1,0,110,4,0,0,0.1,0.1,0.0,2,0,96,103,93.2,13,87,3,0,0,https://fbref.com/en/players/c906ce0f/Pepe-Pepe,
11,Chancel Mbemba,https://fbref.com/en/players/e76cb9cc/Chancel-Mbemba,19,19,cd COD,CB,26-261,65,0,0,0,0,0,0,0,0,58,2,0,1,0.0,0.0,0.9,3,0,47,52,90.4,7,42,2,0,0,https://fbref.com/en/players/e76cb9cc/Chancel-Mbemba-Chancel Mbemba,
12,Fabio Vieira,https://fbref.com/en/players/6412cc03/Fabio-Vieira,50,50,pt POR,CB,20-331,25,0,0,0,0,2,1,1,0,27,0,0,0,0.1,0.1,0.0,1,0,22,23,95.7,4,21,1,0,0,https://fbref.com/en/players/6412cc03/Fabio-Vieira-Fabio Vieira,
13,Eulânio Ângelo Chipela Gomes,https://fbref.com/en/players/d9b9b71a/Eulanio-Angelo-Chipela-Gomes,31,31,gw GNB,RB,26-344,77,0,0,0,0,0,0,0,0,66,0,0,1,0.0,0.0,0.0,1,0,43,55,78.2,2,37,3,3,2,https://fbref.com/en/players/d9b9b71a/Eulanio-Angelo-Chipela-Gomes-Eulânio Ângelo Chipela Gomes,
14,Marko Grujić,https://fbref.com/en/players/8b8e759d/Marko-Grujic,16,16,rs SRB,RB,25-013,13,0,0,0,0,0,0,0,0,15,0,0,0,0.0,0.0,0.0,0,0,14,15,93.3,2,7,0,0,0,https://fbref.com/en/players/8b8e759d/Marko-Grujic-Marko Grujić,
15,Agustín Marchesín,https://fbref.com/en/players/853b7c48/Agustin-Marchesin,1,1,ar ARG,GK,33-041,90,0,0,0,0,0,0,0,0,30,0,0,0,0.0,0.0,0.0,0,0,24,28,85.7,0,22,0,0,0,https://fbref.com/en/players/853b7c48/Agustin-Marchesin-Agustín Marchesín,
