,Minute,Player,Squad,xG,PSxG,Outcome,Distance,Body Part,Notes,SCA 1 Player,SCA 1 Event,SCA 2 Player,SCA 2 Event
0,8,Moussa Marega,Porto,0.14,,Blocked,5,Head,,Jesús Corona,Pass (Live),Wilson Manafá,Pass (Dead)
1,11,Otávio,Porto,0.03,,Blocked,29,Right Foot,,Wilson Manafá,Pass (Live),Wilson Manafá,Take-On
2,22,Filipe Soares,Moreirense,0.04,,Off Target,36,Right Foot,,Filipe Soares,Take-On,Walterson,Pass (Live)
3,30,Mehdi Taremi,Porto,0.07,0.08,Saved,12,Right Foot,,Chancel Mbemba,Pass (Live),Eulânio Ângelo Chipela Gomes,Pass (Dead)
4,34,Yan Matheus,Moreirense,0.12,,Blocked,11,Right Foot,,Rafael Martins,Pass (Live),Abdu Conté,Pass (Live)
5,35,Abdu Conté,Moreirense,0.03,0.06,Saved,25,Left Foot,Volley,Yan Matheus,Shot,,
6,37,Nahuel Ferraresi,Moreirense,0.05,0.21,Goal,16,Left Foot,Volley,David Simão,Pass (Live),Filipe Soares,Pass (Dead)
7,40,Jesús Corona,Porto,0.06,,Blocked,15,Left Foot,,,,,
8,40,Pepe,Porto,0.06,,Off Target,8,Right Foot,,Sérgio Oliveira,Pass (Dead),Jesús Corona,Shot
9,45+1,Mehdi Taremi,Porto,0.09,,Off Target,11,Right Foot,Volley,Jesús Corona,Pass (Live),Sérgio Oliveira,Pass (Live)
10,,,,,,,,,,,,,
11,46,Mehdi Taremi,Porto,0.45,0.72,Saved,11,Right Foot,,Chancel Mbemba,Pass (Live),Wilson Manafá,Pass (Live)
12,51,Rafael Martins,Moreirense,0.05,0.08,Saved,16,Left Foot,,Yan Matheus,Pass (Live),Yan Matheus,Take-On
13,53,Otávio,Porto,0.03,,Off Target,28,Right Foot,,Mateus Uribe,Pass (Live),,
14,55,Sérgio Oliveira,Porto,0.05,0.03,Saved,21,Right Foot,Volley,Pepe,Pass (Live),Mateus Uribe,Pass (Live)
15,57,Moussa Marega,Porto,0.43,0.59,Saved,6,Right Foot,,Chancel Mbemba,Pass (Live),,
16,57,Moussa Marega,Porto,0.48,,Woodwork,5,Right Foot,,Moussa Marega,Shot,,
17,60,Abdoulaye Ba,Moreirense,0.07,,Blocked,23,Right Foot,Free kick,,Fouled,Yan Matheus,Pass (Live)
18,63,Luis Díaz,Porto,0.04,,Off Target,20,Right Foot,,Wilson Manafá,Pass (Live),Toni Martínez,Pass (Live)
19,71,Toni Martínez,Porto,0.06,0.52,Saved,26,Right Foot,Deflected,Toni Martínez,Take-On,Wilson Manafá,Pass (Live)
20,76,Abdoulaye Ba,Moreirense,0.07,,Off Target,22,Right Foot,Free kick,Filipe Soares,Fouled,Alexandre Miguel Barros Soares,Pass (Live)
21,76,André Luis,Moreirense,0.44,,Blocked,9,Left Foot,,André Luis,Take-On,,
22,83,Fabio Vieira,Porto,0.07,,Off Target,17,Right Foot,,Mehdi Taremi,Pass (Live),Luis Díaz,Pass (Live)
23,86,Mehdi Taremi(pen),Porto,0.79,0.99,Goal,13,Right Foot,,Toni Martínez,Fouled,Mehdi Taremi,Pass (Live)
24,90,Wilson Manafá,Porto,0.05,,Off Target,31,Right Foot,,Wilson Manafá,Take-On,Mehdi Taremi,Pass (Live)
25,90+6,Toni Martínez,Porto,0.33,0.36,Saved,10,Head,,Otávio,Pass (Live),Pepe,Pass (Live)
26,90+8,Fabio Vieira,Porto,0.06,0.10,Saved,25,Left Foot,Free kick,Luis Díaz,Fouled,Otávio,Pass (Live)
27,90+8,Mateus Uribe,Porto,0.39,,Off Target,5,Head,,Fabio Vieira,Shot,,
