season,injury,from,until,days,missed_games
23/24,Hamstring injury,"Jun 17, 2024","Jul 5, 2024",18 days,4
22/23,Hamstring injury,"May 19, 2023","Jun 19, 2023",31 days,5
21/22,muscular problems,"Mar 31, 2022","Apr 7, 2022",7 days,1
21/22,Quarantine,"Dec 4, 2021","Dec 31, 2021",27 days,1
15/16,Food poisoning,"Oct 15, 2015","Nov 16, 2015",32 days,7
15/16,Hamstring strain,"Aug 13, 2015","Aug 20, 2015",7 days,1
14/15,Knee injury,"May 7, 2015","Jun 30, 2015",54 days,5
14/15,Food poisoning,"Feb 20, 2015","Mar 5, 2015",13 days,2
14/15,Hamstring strain,"Oct 24, 2014","Nov 1, 2014",8 days,2
13/14,Hamstring strain,"Feb 7, 2014","Feb 14, 2014",7 days,1
