,Player Name,Player Number,Player,#,Nation,Pos,Age,Min,CrdY,CrdR,2CrdY,Fls,Fld,Off,Crs,Int,TklW,PKwon,PKcon,OG,Recov,Won,Lost,Won%,Player Key,Player Link
0,Emil Riis Jakobsen,https://fbref.com/en/players/292cdb26/Emil-Riis-Jakobsen,19,19,dk DEN,FW,22-119,83,0,0,0,0,2,2,0,1,0,1,0,0,1,3,8,27.3,https://fbref.com/en/players/292cdb26/Emil-Riis-Jakobsen-Emil Riis Jakobsen,
1,Seán Maguire,https://fbref.com/en/players/7f07729c/Sean-Maguire,24,24,ie IRL,FW,26-173,7,0,0,0,0,0,0,0,0,0,0,0,0,1,0,1,0.0,https://fbref.com/en/players/7f07729c/Sean-Maguire-Seán Maguire,
2,Brad Potts,https://fbref.com/en/players/a81ba56b/Brad-Potts,44,44,eng ENG,"LW,AM",26-110,90,0,0,0,1,2,1,0,1,2,0,0,0,9,4,4,50.0,https://fbref.com/en/players/a81ba56b/Brad-Potts-Brad Potts,
3,Scott Sinclair,https://fbref.com/en/players/273c483b/Scott-Sinclair,31,31,eng ENG,RW,31-210,89,0,0,0,0,1,1,0,0,0,1,0,0,3,0,0,,https://fbref.com/en/players/273c483b/Scott-Sinclair-Scott Sinclair,
4,Jayden Stockley,https://fbref.com/en/players/7da19fab/Jayden-Stockley,20,20,eng ENG,RW,27-036,1,0,0,0,0,0,0,1,0,0,0,0,0,0,0,0,,https://fbref.com/en/players/7da19fab/Jayden-Stockley-Jayden Stockley,
5,Daniel Johnson,https://fbref.com/en/players/6d477b52/Daniel-Johnson,11,11,jm JAM,AM,28-013,72,0,0,0,0,0,0,0,1,0,0,0,0,2,0,1,0.0,https://fbref.com/en/players/6d477b52/Daniel-Johnson-Daniel Johnson,
6,Tom Barkhuizen,https://fbref.com/en/players/9cf7496b/Tom-Barkhuizen,29,29,eng ENG,LW,27-109,18,0,0,0,0,0,0,0,0,0,0,0,0,2,1,0,100.0,https://fbref.com/en/players/9cf7496b/Tom-Barkhuizen-Tom Barkhuizen,
7,Ryan Ledson,https://fbref.com/en/players/33a5c9b8/Ryan-Ledson,18,18,eng ENG,DM,23-063,90,1,0,0,1,1,0,4,4,1,0,0,0,8,1,1,50.0,https://fbref.com/en/players/33a5c9b8/Ryan-Ledson-Ryan Ledson,
8,Alan Browne,https://fbref.com/en/players/25dea15a/Alan-Browne,8,8,ie IRL,DM,25-189,90,0,0,0,2,1,0,2,1,1,0,0,0,8,0,1,0.0,https://fbref.com/en/players/25dea15a/Alan-Browne-Alan Browne,
9,Andrew Hughes,https://fbref.com/en/players/18a6749d/Andrew-Hughes,16,16,wls WAL,LB,28-138,90,0,0,0,2,1,0,2,3,0,0,0,0,6,6,2,75.0,https://fbref.com/en/players/18a6749d/Andrew-Hughes-Andrew Hughes,
10,Jordan Storey,https://fbref.com/en/players/fa47f160/Jordan-Storey,14,14,eng ENG,CB,23-049,90,0,0,0,0,2,0,0,3,1,0,0,0,1,3,1,75.0,https://fbref.com/en/players/fa47f160/Jordan-Storey-Jordan Storey,
11,Patrick Bauer,https://fbref.com/en/players/1bd6bc77/Patrick-Bauer,5,5,de GER,CB,27-359,90,0,0,0,0,0,0,0,3,1,0,0,0,5,5,2,71.4,https://fbref.com/en/players/1bd6bc77/Patrick-Bauer-Patrick Bauer,
12,Joe Rafferty,https://fbref.com/en/players/4d5ecb73/Joe-Rafferty,15,15,ie IRL,RB,27-015,90,0,0,0,3,4,0,2,3,0,0,0,0,5,4,0,100.0,https://fbref.com/en/players/4d5ecb73/Joe-Rafferty-Joe Rafferty,
13,Declan Rudd,https://fbref.com/en/players/42f4f848/Declan-Rudd,1,1,eng ENG,GK,29-279,90,0,0,0,0,0,0,0,0,0,0,0,0,2,0,0,,https://fbref.com/en/players/42f4f848/Declan-Rudd-Declan Rudd,
