,Player Name,Player Number,Player,#,Nation,Pos,Age,Min,Touches,Def Pen,Def 3rd,Mid 3rd,Att 3rd,Att Pen,Live,Att,Succ,Succ%,Tkld,Tkld%,Carries,TotDist,PrgDist,PrgC,1/3,CPA,Mis,Dis,Rec,PrgR,Player Key,Player Link
0,Macauley Bonne,https://fbref.com/en/players/9ca8b21c/Macauley-Bonne,7,7,zw ZIM,FW,24-361,90,28,1,1,14,13,4,28,0,0,,0,,12,32,7,0,0,0,4,0,17,7,https://fbref.com/en/players/9ca8b21c/Macauley-Bonne-Macauley Bonne,
1,Tom Carroll,https://fbref.com/en/players/5a1900a4/Tom-Carroll,22,22,eng ENG,"LW,DM",28-146,90,68,0,8,40,21,0,68,0,0,,0,,54,200,81,0,2,0,1,1,59,3,https://fbref.com/en/players/5a1900a4/Tom-Carroll-Tom Carroll,
2,Bright Osayi-Samuel,https://fbref.com/en/players/03b6afa9/Bright-Osayi-Samuel,11,11,ng NGA,"RW,LW",22-295,90,24,0,0,8,16,4,24,2,0,0.0,2,100.0,19,203,136,4,4,2,1,3,23,9,https://fbref.com/en/players/03b6afa9/Bright-Osayi-Samuel-Bright Osayi-Samuel,
3,Ilias Chair,https://fbref.com/en/players/ad7873cb/Ilias-Chair,10,10,ma MAR,AM,22-357,70,30,0,2,18,11,0,30,4,2,50.0,2,50.0,18,126,67,0,1,0,0,1,17,2,https://fbref.com/en/players/ad7873cb/Ilias-Chair-Ilias Chair,
4,Chris Willock,https://fbref.com/en/players/be0bd828/Chris-Willock,21,21,eng ENG,AM,22-264,20,17,0,4,9,4,1,17,1,1,100.0,0,0.0,9,61,43,0,0,0,1,0,11,4,https://fbref.com/en/players/be0bd828/Chris-Willock-Chris Willock,
5,Geoff Cameron,https://fbref.com/en/players/1a160ea3/Geoff-Cameron,20,20,us USA,DM,35-102,90,67,1,23,33,11,1,67,1,1,100.0,0,0.0,44,135,69,0,2,0,1,0,47,0,https://fbref.com/en/players/1a160ea3/Geoff-Cameron-Geoff Cameron,
6,Dominic Ball,https://fbref.com/en/players/79d61875/Dominic-Ball,12,12,eng ENG,DM,25-080,57,36,0,5,28,3,0,36,0,0,,0,,22,77,25,0,0,0,1,2,24,0,https://fbref.com/en/players/79d61875/Dominic-Ball-Dominic Ball,
7,Albert Adomah,https://fbref.com/en/players/c7174e81/Albert-Adomah,37,37,gh GHA,RW,32-313,33,27,0,2,9,17,4,27,3,2,66.7,1,33.3,19,85,40,2,1,1,0,0,17,4,https://fbref.com/en/players/c7174e81/Albert-Adomah-Albert Adomah,
8,Lee Wallace,https://fbref.com/en/players/c3a396e2/Lee-Wallace,3,3,sct SCO,LB,33-081,90,74,0,30,24,20,2,74,0,0,,0,,48,178,91,2,1,0,0,1,50,8,https://fbref.com/en/players/c3a396e2/Lee-Wallace-Lee Wallace,
9,Yoann Barbet,https://fbref.com/en/players/c52bbd2c/Yoann-Barbet,6,6,fr FRA,CB,27-164,90,53,6,40,11,2,0,53,0,0,,0,,24,65,19,0,1,1,0,0,22,0,https://fbref.com/en/players/c52bbd2c/Yoann-Barbet-Yoann Barbet,
10,Robert Dickie,https://fbref.com/en/players/c7dfc411/Robert-Dickie,4,4,eng ENG,CB,24-232,90,89,6,59,31,1,1,89,0,0,,0,,52,270,218,2,0,0,0,0,50,0,https://fbref.com/en/players/c7dfc411/Robert-Dickie-Robert Dickie,
11,Osman Kakay,https://fbref.com/en/players/0aed0751/Osman-Kakay,24,24,sl SLE,RB,23-057,90,72,1,17,37,18,1,72,1,1,100.0,0,0.0,48,225,144,6,2,2,4,1,47,7,https://fbref.com/en/players/0aed0751/Osman-Kakay-Osman Kakay,
12,Seny Dieng,https://fbref.com/en/players/c135cddd/Seny-Dieng,13,13,sn SEN,GK,25-333,90,47,42,47,0,0,0,47,0,0,,0,,30,144,101,0,0,0,0,0,24,0,https://fbref.com/en/players/c135cddd/Seny-Dieng-Seny Dieng,
