,Player Name,Player Number,Player,#,Nation,Pos,Age,Min,Gls,Ast,PK,PKatt,Sh,SoT,CrdY,CrdR,Touches,Tkl,Int,Blocks,xG,npxG,xAG,SCA,GCA,Cmp,Att,Cmp%,PrgP,Carries,PrgC,Att,Succ,Player Key,Player Link
0,Macauley Bonne,https://fbref.com/en/players/9ca8b21c/Macauley-Bonne,7,7,zw ZIM,FW,24-361,90,0,0,0,0,0,0,0,0,28,0,0,2,0.0,0.0,0.0,0,0,12,18,66.7,0,12,0,0,0,https://fbref.com/en/players/9ca8b21c/Macauley-Bonne-Macauley Bonne,
1,Tom Carroll,https://fbref.com/en/players/5a1900a4/Tom-Carroll,22,22,eng ENG,"LW,DM",28-146,90,0,0,0,0,0,0,0,0,68,1,0,1,0.0,0.0,0.0,2,0,50,65,76.9,6,54,0,0,0,https://fbref.com/en/players/5a1900a4/Tom-Carroll-Tom Carroll,
2,Bright Osayi-Samuel,https://fbref.com/en/players/03b6afa9/Bright-Osayi-Samuel,11,11,ng NGA,"RW,LW",22-295,90,0,0,0,0,0,0,0,0,24,0,0,0,0.0,0.0,0.0,1,0,12,17,70.6,1,19,4,2,0,https://fbref.com/en/players/03b6afa9/Bright-Osayi-Samuel-Bright Osayi-Samuel,
3,Ilias Chair,https://fbref.com/en/players/ad7873cb/Ilias-Chair,10,10,ma MAR,AM,22-357,70,0,0,0,0,0,0,0,0,30,0,1,0,0.0,0.0,0.0,2,0,23,26,88.5,5,18,0,4,2,https://fbref.com/en/players/ad7873cb/Ilias-Chair-Ilias Chair,
4,Chris Willock,https://fbref.com/en/players/be0bd828/Chris-Willock,21,21,eng ENG,AM,22-264,20,0,0,0,0,0,0,0,0,17,0,0,1,0.0,0.0,0.0,1,0,9,10,90.0,1,9,0,1,1,https://fbref.com/en/players/be0bd828/Chris-Willock-Chris Willock,
5,Geoff Cameron,https://fbref.com/en/players/1a160ea3/Geoff-Cameron,20,20,us USA,DM,35-102,90,0,0,0,0,0,0,0,0,67,1,4,0,0.0,0.0,0.2,2,0,47,60,78.3,10,44,0,1,1,https://fbref.com/en/players/1a160ea3/Geoff-Cameron-Geoff Cameron,
6,Dominic Ball,https://fbref.com/en/players/79d61875/Dominic-Ball,12,12,eng ENG,DM,25-080,57,0,0,0,0,0,0,0,0,36,0,0,3,0.0,0.0,0.0,0,0,26,31,83.9,5,22,0,0,0,https://fbref.com/en/players/79d61875/Dominic-Ball-Dominic Ball,
7,Albert Adomah,https://fbref.com/en/players/c7174e81/Albert-Adomah,37,37,gh GHA,RW,32-313,33,0,0,0,0,1,0,0,0,27,2,0,0,0.2,0.2,0.0,1,0,18,24,75.0,1,19,2,3,2,https://fbref.com/en/players/c7174e81/Albert-Adomah-Albert Adomah,
8,Lee Wallace,https://fbref.com/en/players/c3a396e2/Lee-Wallace,3,3,sct SCO,LB,33-081,90,0,0,0,0,1,0,0,0,74,2,0,0,0.0,0.0,0.0,1,0,47,68,69.1,5,48,2,0,0,https://fbref.com/en/players/c3a396e2/Lee-Wallace-Lee Wallace,
9,Yoann Barbet,https://fbref.com/en/players/c52bbd2c/Yoann-Barbet,6,6,fr FRA,CB,27-164,90,0,0,0,0,2,0,0,0,53,0,3,2,0.1,0.1,0.0,0,0,33,44,75.0,0,24,0,0,0,https://fbref.com/en/players/c52bbd2c/Yoann-Barbet-Yoann Barbet,
10,Robert Dickie,https://fbref.com/en/players/c7dfc411/Robert-Dickie,4,4,eng ENG,CB,24-232,90,0,0,0,0,0,0,0,0,89,0,6,0,0.0,0.0,0.0,0,0,63,79,79.7,5,52,2,0,0,https://fbref.com/en/players/c7dfc411/Robert-Dickie-Robert Dickie,
11,Osman Kakay,https://fbref.com/en/players/0aed0751/Osman-Kakay,24,24,sl SLE,RB,23-057,90,0,0,0,0,2,0,0,0,72,0,2,1,0.1,0.1,0.0,1,0,44,61,72.1,6,48,6,1,1,https://fbref.com/en/players/0aed0751/Osman-Kakay-Osman Kakay,
12,Seny Dieng,https://fbref.com/en/players/c135cddd/Seny-Dieng,13,13,sn SEN,GK,25-333,90,0,0,0,0,0,0,0,0,47,0,0,0,0.0,0.0,0.0,0,0,28,45,62.2,0,30,0,0,0,https://fbref.com/en/players/c135cddd/Seny-Dieng-Seny Dieng,
