,Player Name,Player Number,Player,#,Nation,Pos,Age,Min,Att,Live,Dead,FK,TB,Sw,Crs,TI,CK,In,Out,Str,Cmp,Off,Blocks,Player Key,Player Link
0,Macauley Bonne,https://fbref.com/en/players/9ca8b21c/Macauley-Bonne,7,7,zw ZIM,FW,24-361,90,18,18,0,0,0,0,1,0,0,0,0,0,12,0,0,https://fbref.com/en/players/9ca8b21c/Macauley-Bonne-Macauley Bonne,
1,Tom Carroll,https://fbref.com/en/players/5a1900a4/Tom-Carroll,22,22,eng ENG,"LW,DM",28-146,90,65,64,1,1,0,0,3,0,0,0,0,0,50,0,0,https://fbref.com/en/players/5a1900a4/Tom-Carroll-Tom Carroll,
2,Bright Osayi-Samuel,https://fbref.com/en/players/03b6afa9/Bright-Osayi-Samuel,11,11,ng NGA,"RW,LW",22-295,90,17,16,1,1,0,0,1,0,0,0,0,0,12,0,1,https://fbref.com/en/players/03b6afa9/Bright-Osayi-Samuel-Bright Osayi-Samuel,
3,Ilias Chair,https://fbref.com/en/players/ad7873cb/Ilias-Chair,10,10,ma MAR,AM,22-357,70,26,20,6,1,1,1,1,0,2,1,0,0,23,0,0,https://fbref.com/en/players/ad7873cb/Ilias-Chair-Ilias Chair,
4,Chris Willock,https://fbref.com/en/players/be0bd828/Chris-Willock,21,21,eng ENG,AM,22-264,20,10,9,1,1,0,0,0,0,0,0,0,0,9,0,0,https://fbref.com/en/players/be0bd828/Chris-Willock-Chris Willock,
5,Geoff Cameron,https://fbref.com/en/players/1a160ea3/Geoff-Cameron,20,20,us USA,DM,35-102,90,60,60,0,0,0,1,0,0,0,0,0,0,47,0,0,https://fbref.com/en/players/1a160ea3/Geoff-Cameron-Geoff Cameron,
6,Dominic Ball,https://fbref.com/en/players/79d61875/Dominic-Ball,12,12,eng ENG,DM,25-080,57,31,29,2,2,0,1,0,0,0,0,0,0,26,0,0,https://fbref.com/en/players/79d61875/Dominic-Ball-Dominic Ball,
7,Albert Adomah,https://fbref.com/en/players/c7174e81/Albert-Adomah,37,37,gh GHA,RW,32-313,33,24,22,2,0,0,0,3,2,0,0,0,0,18,0,3,https://fbref.com/en/players/c7174e81/Albert-Adomah-Albert Adomah,
8,Lee Wallace,https://fbref.com/en/players/c3a396e2/Lee-Wallace,3,3,sct SCO,LB,33-081,90,68,60,8,0,0,0,3,8,0,0,0,0,47,0,0,https://fbref.com/en/players/c3a396e2/Lee-Wallace-Lee Wallace,
9,Yoann Barbet,https://fbref.com/en/players/c52bbd2c/Yoann-Barbet,6,6,fr FRA,CB,27-164,90,44,39,4,4,0,1,0,0,0,0,0,0,33,1,0,https://fbref.com/en/players/c52bbd2c/Yoann-Barbet-Yoann Barbet,
10,Robert Dickie,https://fbref.com/en/players/c7dfc411/Robert-Dickie,4,4,eng ENG,CB,24-232,90,79,79,0,0,0,0,0,0,0,0,0,0,63,0,1,https://fbref.com/en/players/c7dfc411/Robert-Dickie-Robert Dickie,
11,Osman Kakay,https://fbref.com/en/players/0aed0751/Osman-Kakay,24,24,sl SLE,RB,23-057,90,61,49,11,0,0,0,5,11,0,0,0,0,44,1,1,https://fbref.com/en/players/0aed0751/Osman-Kakay-Osman Kakay,
12,Seny Dieng,https://fbref.com/en/players/c135cddd/Seny-Dieng,13,13,sn SEN,GK,25-333,90,45,37,8,2,0,0,0,0,0,0,0,0,28,0,1,https://fbref.com/en/players/c135cddd/Seny-Dieng-Seny Dieng,
