,Minute,Player,Squad,xG,PSxG,Outcome,Distance,Body Part,Notes,SCA 1 Player,SCA 1 Event,SCA 2 Player,SCA 2 Event
0,3,Alan Browne,Preston,0.03,,Off Target,22,Right Foot,Volley,Ryan Ledson,Pass (Dead),Brad Potts,Pass (Live)
1,3,Andrew Hughes,Preston,0.05,,Off Target,14,Left Foot,Volley,Alan Browne,Shot,,
2,10,Lee Wallace,QPR,0.02,,Off Target,26,Left Foot,,Tom Carroll,Pass (Live),Ilias Chair,Pass (Dead)
3,24,Daniel Johnson(pen),Preston,0.79,0.98,Goal,13,Left Foot,,Scott Sinclair,Fouled,Scott Sinclair,Take-On
4,34,Alan Browne,Preston,0.02,,Off Target,56,Right Foot,,,,,
5,38,Osman Kakay,QPR,0.03,,Off Target,23,Left Foot,,Ilias Chair,Pass (Live),Bright Osayi-Samuel,Pass (Live)
6,38,Brad Potts,Preston,0.03,0.22,Saved,30,Right Foot,Volley,Emil Riis Jakobsen,Pass (Live),Declan Rudd,Pass (Dead)
7,,,,,,,,,,,,,
8,50,Emil Riis Jakobsen,Preston,0.41,,Off Target,9,Right Foot,Volley,Alan Browne,Pass (Live),Ryan Ledson,Pass (Dead)
9,53,Alan Browne,Preston,0.02,,Off Target,32,Right Foot,Volley,Alan Browne,Pass (Live),Brad Potts,Pass (Live)
10,60,Scott Sinclair(pen),Preston,0.79,0.99,Goal,13,Right Foot,,Emil Riis Jakobsen,Fouled,Declan Rudd,Pass (Live)
11,65,Yoann Barbet,QPR,0.03,,Off Target,31,Left Foot,,Geoff Cameron,Pass (Live),Tom Carroll,Pass (Live)
12,84,Osman Kakay,QPR,0.04,,Blocked,16,Left Foot,,Osman Kakay,Take-On,Albert Adomah,Pass (Live)
13,85,Yoann Barbet,QPR,0.05,,Off Target,27,Left Foot,Free kick,Chris Willock,Fouled,Lee Wallace,Pass (Live)
14,90+1,Albert Adomah,QPR,0.20,,Woodwork,21,Right Foot,,Geoff Cameron,Pass (Live),,
