,Player Name,Player Number,Player,#,Nation,Pos,Age,Min,Touches,Def Pen,Def 3rd,Mid 3rd,Att 3rd,Att Pen,Live,Att,Succ,Succ%,Tkld,Tkld%,Carries,TotDist,PrgDist,PrgC,1/3,CPA,Mis,Dis,Rec,PrgR,Player Key,Player Link
0,Papa Ndiaga Yade,https://fbref.com/en/players/87e9c7cd/Papa-Ndiaga-Yade,26,26,mr MTN,FW,21-088,56,17,2,4,7,6,2,17,2,2,100.0,0,0.0,10,65,32,2,0,1,4,1,14,0,https://fbref.com/en/players/87e9c7cd/Papa-Ndiaga-Yade-Papa Ndiaga Yade,
1,Vagner Gonçalves,https://fbref.com/en/players/743fd71f/Vagner-Goncalves,27,27,cv CPV,FW,25-083,34,11,0,0,7,4,1,11,0,0,,0,,5,51,42,1,0,0,0,1,5,0,https://fbref.com/en/players/743fd71f/Vagner-Goncalves-Vagner Gonçalves,
2,Lamine Gueye,https://fbref.com/en/players/9d5dcc23/Lamine-Gueye,13,13,sn SEN,FW,23-021,55,21,0,0,14,7,2,21,0,0,,0,,19,100,26,3,0,0,3,1,20,8,https://fbref.com/en/players/9d5dcc23/Lamine-Gueye-Lamine Gueye,
3,Aaron Leya Iseka,https://fbref.com/en/players/29ef0f49/Aaron-Leya-Iseka,24,24,be BEL,FW,23-139,35,9,1,2,6,1,0,9,1,0,0.0,1,100.0,7,50,1,0,0,0,3,0,9,2,https://fbref.com/en/players/29ef0f49/Aaron-Leya-Iseka-Aaron Leya Iseka,
4,Farid Boulaya,https://fbref.com/en/players/a0791826/Farid-Boulaya,10,10,dz ALG,AM,28-037,64,32,0,2,24,7,0,32,1,1,100.0,0,0.0,21,118,47,2,1,0,3,0,15,2,https://fbref.com/en/players/a0791826/Farid-Boulaya-Farid Boulaya,
5,Victorien Angban,https://fbref.com/en/players/d8992b84/Victorien-Angban,5,5,ci CIV,AM,24-186,26,14,2,5,7,2,0,14,0,0,,0,,10,31,17,0,1,0,1,0,10,0,https://fbref.com/en/players/d8992b84/Victorien-Angban-Victorien Angban,
6,Pape Matar Sarr,https://fbref.com/en/players/feb5d972/Pape-Matar-Sarr,15,15,sn SEN,CM,18-201,90,50,1,10,31,10,2,50,2,1,50.0,1,50.0,35,132,43,0,0,0,5,0,38,3,https://fbref.com/en/players/feb5d972/Pape-Matar-Sarr-Pape Matar Sarr,
7,Habib Maïga,https://fbref.com/en/players/e768de1f/Habib-Maiga,19,19,ci CIV,CM,25-092,64,27,3,12,14,2,0,27,0,0,,0,,15,56,27,0,0,0,0,1,18,0,https://fbref.com/en/players/e768de1f/Habib-Maiga-Habib Maïga,
8,Kévin N'Doram,https://fbref.com/en/players/e50623a0/Kevin-NDoram,4,4,fr FRA,CM,25-071,26,15,0,6,9,0,0,15,1,1,100.0,0,0.0,6,24,23,1,0,0,0,0,11,0,https://fbref.com/en/players/e50623a0/Kevin-NDoram-Kévin N'Doram,
9,Matthieu Udol,https://fbref.com/en/players/cc41f558/Matthieu-Udol,3,3,fr FRA,WB,25-014,76,44,2,19,19,7,1,44,1,0,0.0,1,100.0,23,139,45,3,1,0,3,0,23,4,https://fbref.com/en/players/cc41f558/Matthieu-Udol-Matthieu Udol,
10,Thomas Delaine,https://fbref.com/en/players/8332db56/Thomas-Delaine,17,17,fr FRA,WB,29-010,14,5,0,3,2,0,0,5,0,0,,0,,3,12,0,0,0,0,0,0,2,0,https://fbref.com/en/players/8332db56/Thomas-Delaine-Thomas Delaine,
11,Fabien Centonze,https://fbref.com/en/players/3c6bbbab/Fabien-Centonze,18,18,fr FRA,WB,25-077,90,69,4,29,34,7,0,69,3,3,100.0,0,0.0,46,280,159,5,3,0,3,1,45,5,https://fbref.com/en/players/3c6bbbab/Fabien-Centonze-Fabien Centonze,
12,John Boye,https://fbref.com/en/players/861227d2/John-Boye,21,21,gh GHA,CB,33-345,86,39,9,31,8,0,0,39,0,0,,0,,21,73,30,0,0,0,1,0,16,0,https://fbref.com/en/players/861227d2/John-Boye-John Boye,
13,Boubakar Kouyaté,https://fbref.com/en/players/562a4799/Boubakar-Kouyate,23,23,ml MLI,CB,23-353,90,45,13,36,9,0,0,45,0,0,,0,,17,97,33,0,0,0,1,1,16,0,https://fbref.com/en/players/562a4799/Boubakar-Kouyate-Boubakar Kouyaté,
14,Dylan Bronn,https://fbref.com/en/players/edd81e2a/Dylan-Bronn,2,2,tn TUN,CB,25-288,90,47,5,31,15,1,0,47,0,0,,0,,25,139,74,2,1,0,0,0,31,0,https://fbref.com/en/players/edd81e2a/Dylan-Bronn-Dylan Bronn,
15,Marc-Aurèle Caillard,https://fbref.com/en/players/5ee6e943/Marc-Aurele-Caillard,30,30,fr FRA,GK,26-326,90,28,27,28,0,0,0,28,0,0,,0,,10,45,25,0,0,0,0,0,7,0,https://fbref.com/en/players/5ee6e943/Marc-Aurele-Caillard-Marc-Aurèle Caillard,
