,Player Name,Player Number,Player,#,Nation,Pos,Age,Min,Gls,Ast,PK,PKatt,Sh,SoT,CrdY,CrdR,Touches,Tkl,Int,Blocks,xG,npxG,xAG,SCA,GCA,Cmp,Att,Cmp%,PrgP,Carries,PrgC,Att,Succ,Player Key,Player Link
0,Papa Ndiaga Yade,https://fbref.com/en/players/87e9c7cd/Papa-Ndiaga-Yade,26,26,mr MTN,FW,21-088,56,0,0,0,0,1,0,1,0,17,1,0,0,0.1,0.1,0.0,2,0,5,9,55.6,0,10,2,2,2,https://fbref.com/en/players/87e9c7cd/Papa-Ndiaga-Yade-Papa Ndiaga Yade,
1,Vagner Gonçalves,https://fbref.com/en/players/743fd71f/Vagner-Goncalves,27,27,cv CPV,FW,25-083,34,0,0,0,0,1,0,0,0,11,0,1,0,0.1,0.1,0.0,2,0,7,8,87.5,0,5,1,0,0,https://fbref.com/en/players/743fd71f/Vagner-Goncalves-Vagner Gonçalves,
2,Lamine Gueye,https://fbref.com/en/players/9d5dcc23/Lamine-Gueye,13,13,sn SEN,FW,23-021,55,0,0,0,0,1,1,0,0,21,0,2,0,0.1,0.1,0.0,0,0,10,15,66.7,0,19,3,0,0,https://fbref.com/en/players/9d5dcc23/Lamine-Gueye-Lamine Gueye,
3,Aaron Leya Iseka,https://fbref.com/en/players/29ef0f49/Aaron-Leya-Iseka,24,24,be BEL,FW,23-139,35,0,0,0,0,0,0,0,0,9,0,0,0,0.0,0.0,0.0,0,0,4,4,100.0,0,7,0,1,0,https://fbref.com/en/players/29ef0f49/Aaron-Leya-Iseka-Aaron Leya Iseka,
4,Farid Boulaya,https://fbref.com/en/players/a0791826/Farid-Boulaya,10,10,dz ALG,AM,28-037,64,0,0,0,0,1,0,0,0,32,0,0,2,0.1,0.1,0.1,1,0,16,25,64.0,3,21,2,1,1,https://fbref.com/en/players/a0791826/Farid-Boulaya-Farid Boulaya,
5,Victorien Angban,https://fbref.com/en/players/d8992b84/Victorien-Angban,5,5,ci CIV,AM,24-186,26,0,0,0,0,1,0,0,0,14,1,0,1,0.0,0.0,0.0,0,0,9,9,100.0,1,10,0,0,0,https://fbref.com/en/players/d8992b84/Victorien-Angban-Victorien Angban,
6,Pape Matar Sarr,https://fbref.com/en/players/feb5d972/Pape-Matar-Sarr,15,15,sn SEN,CM,18-201,90,0,0,0,0,1,0,0,0,50,2,1,0,0.0,0.0,0.0,1,0,29,37,78.4,6,35,0,2,1,https://fbref.com/en/players/feb5d972/Pape-Matar-Sarr-Pape Matar Sarr,
7,Habib Maïga,https://fbref.com/en/players/e768de1f/Habib-Maiga,19,19,ci CIV,CM,25-092,64,0,0,0,0,0,0,0,0,27,2,1,1,0.0,0.0,0.0,0,0,17,21,81.0,1,15,0,0,0,https://fbref.com/en/players/e768de1f/Habib-Maiga-Habib Maïga,
8,Kévin N'Doram,https://fbref.com/en/players/e50623a0/Kevin-NDoram,4,4,fr FRA,CM,25-071,26,0,0,0,0,0,0,0,0,15,0,0,0,0.0,0.0,0.0,0,0,13,15,86.7,1,6,1,1,1,https://fbref.com/en/players/e50623a0/Kevin-NDoram-Kévin N'Doram,
9,Matthieu Udol,https://fbref.com/en/players/cc41f558/Matthieu-Udol,3,3,fr FRA,WB,25-014,76,0,0,0,0,0,0,0,0,44,0,2,1,0.0,0.0,0.0,1,0,31,36,86.1,2,23,3,1,0,https://fbref.com/en/players/cc41f558/Matthieu-Udol-Matthieu Udol,
10,Thomas Delaine,https://fbref.com/en/players/8332db56/Thomas-Delaine,17,17,fr FRA,WB,29-010,14,0,0,0,0,0,0,0,0,5,0,1,0,0.0,0.0,0.0,1,0,4,4,100.0,0,3,0,0,0,https://fbref.com/en/players/8332db56/Thomas-Delaine-Thomas Delaine,
11,Fabien Centonze,https://fbref.com/en/players/3c6bbbab/Fabien-Centonze,18,18,fr FRA,WB,25-077,90,0,0,0,0,0,0,1,0,69,1,3,3,0.0,0.0,0.0,0,0,50,57,87.7,6,46,5,3,3,https://fbref.com/en/players/3c6bbbab/Fabien-Centonze-Fabien Centonze,
12,John Boye,https://fbref.com/en/players/861227d2/John-Boye,21,21,gh GHA,CB,33-345,86,0,0,0,0,0,0,2,1,39,5,3,0,0.0,0.0,0.0,0,0,17,24,70.8,0,21,0,0,0,https://fbref.com/en/players/861227d2/John-Boye-John Boye,
13,Boubakar Kouyaté,https://fbref.com/en/players/562a4799/Boubakar-Kouyate,23,23,ml MLI,CB,23-353,90,0,0,0,0,0,0,1,0,45,4,1,6,0.0,0.0,0.1,1,0,19,25,76.0,1,17,0,0,0,https://fbref.com/en/players/562a4799/Boubakar-Kouyate-Boubakar Kouyaté,
14,Dylan Bronn,https://fbref.com/en/players/edd81e2a/Dylan-Bronn,2,2,tn TUN,CB,25-288,90,0,0,0,0,0,0,0,0,47,0,1,2,0.0,0.0,0.0,0,0,34,43,79.1,3,25,2,0,0,https://fbref.com/en/players/edd81e2a/Dylan-Bronn-Dylan Bronn,
15,Marc-Aurèle Caillard,https://fbref.com/en/players/5ee6e943/Marc-Aurele-Caillard,30,30,fr FRA,GK,26-326,90,0,0,0,0,0,0,1,0,28,0,0,0,0.0,0.0,0.0,1,0,17,25,68.0,0,10,0,0,0,https://fbref.com/en/players/5ee6e943/Marc-Aurele-Caillard-Marc-Aurèle Caillard,
