,Player Name,Player Number,Player,#,Nation,Pos,Age,Min,Att,Live,Dead,FK,TB,Sw,Crs,TI,CK,In,Out,Str,Cmp,Off,Blocks,Player Key,Player Link
0,Stevan Jovetić,https://fbref.com/en/players/f36c432f/Stevan-Jovetic,10,10,me MNE,FW,31-152,63,30,30,0,0,0,0,0,0,0,0,0,0,20,0,4,https://fbref.com/en/players/f36c432f/Stevan-Jovetic-Stevan Jovetić,
1,Wissam Ben Yedder,https://fbref.com/en/players/942b4f90/Wissam-Ben-Yedder,9,9,fr FRA,FW,30-234,27,11,11,0,0,0,0,0,0,0,0,0,0,9,0,0,https://fbref.com/en/players/942b4f90/Wissam-Ben-Yedder-Wissam Ben Yedder,
2,Kevin Volland,https://fbref.com/en/players/64f69877/Kevin-Volland,31,31,de GER,"LW,AM",28-247,90,28,26,1,1,0,0,0,0,0,0,0,0,19,1,2,https://fbref.com/en/players/64f69877/Kevin-Volland-Kevin Volland,
3,Aleksandr Golovin,https://fbref.com/en/players/3708e9fa/Aleksandr-Golovin,17,17,ru RUS,RW,24-308,63,36,27,9,2,0,0,9,1,6,2,4,0,24,0,3,https://fbref.com/en/players/3708e9fa/Aleksandr-Golovin-Aleksandr Golovin,
4,Krépin Diatta,https://fbref.com/en/players/8104e41e/Krepin-Diatta,27,27,sn SEN,RW,22-037,27,9,9,0,0,0,0,1,0,0,0,0,0,6,0,0,https://fbref.com/en/players/8104e41e/Krepin-Diatta-Krépin Diatta,
5,Cesc Fàbregas,https://fbref.com/en/players/33508c78/Cesc-Fabregas,4,4,es ESP,AM,33-334,75,56,52,4,0,0,1,3,1,2,1,0,0,37,0,1,https://fbref.com/en/players/33508c78/Cesc-Fabregas-Cesc Fàbregas,
6,Gelson Martins,https://fbref.com/en/players/3ef0fa48/Gelson-Martins,11,11,pt POR,"AM,LW",25-327,15,7,7,0,0,0,0,0,0,0,0,0,0,7,0,0,https://fbref.com/en/players/3ef0fa48/Gelson-Martins-Gelson Martins,
7,Eliot Matazo,https://fbref.com/en/players/15944afd/Eliot-Matazo,36,36,be BEL,DM,19-047,75,31,30,1,1,0,0,0,0,0,0,0,0,26,0,0,https://fbref.com/en/players/15944afd/Eliot-Matazo-Eliot Matazo,
8,Florentino Luís,https://fbref.com/en/players/881cd6be/Florentino-Luis,35,35,pt POR,DM,21-227,15,4,4,0,0,0,0,0,0,0,0,0,0,3,0,1,https://fbref.com/en/players/881cd6be/Florentino-Luis-Florentino Luís,
9,Youssouf Fofana,https://fbref.com/en/players/822d51d7/Youssouf-Fofana,22,22,fr FRA,DM,22-083,90,55,55,0,0,0,0,0,0,0,0,0,0,49,0,0,https://fbref.com/en/players/822d51d7/Youssouf-Fofana-Youssouf Fofana,
10,Caio Henrique Oliveira Silva,https://fbref.com/en/players/30af8b93/Caio-Henrique-Oliveira-Silva,12,12,br BRA,LB,23-246,90,52,38,14,0,0,0,0,14,0,0,0,0,46,0,1,https://fbref.com/en/players/30af8b93/Caio-Henrique-Oliveira-Silva-Caio Henrique Oliveira Silva,
11,Axel Disasi,https://fbref.com/en/players/ad82197c/Axel-Disasi,20,20,fr FRA,CB,23-023,90,57,53,3,3,0,1,0,0,0,0,0,0,51,1,0,https://fbref.com/en/players/ad82197c/Axel-Disasi-Axel Disasi,
12,Guillermo Maripán,https://fbref.com/en/players/d9764034/Guillermo-Maripan,3,3,cl CHI,CB,26-332,90,80,76,4,4,0,0,0,0,0,0,0,0,74,0,1,https://fbref.com/en/players/d9764034/Guillermo-Maripan-Guillermo Maripán,
13,Djibril Sidibé,https://fbref.com/en/players/4c5b714f/Djibril-Sidibe,29,29,fr FRA,RB,28-248,82,62,52,10,2,0,0,4,8,0,0,0,0,48,0,0,https://fbref.com/en/players/4c5b714f/Djibril-Sidibe-Djibril Sidibé,
14,Chrislain Matsima,https://fbref.com/en/players/cf1ef7ec/Chrislain-Matsima,34,34,fr FRA,RB,18-323,8,8,6,1,0,0,0,0,1,0,0,0,0,7,1,0,https://fbref.com/en/players/cf1ef7ec/Chrislain-Matsima-Chrislain Matsima,
15,Benjamin Lecomte,https://fbref.com/en/players/2fa2a875/Benjamin-Lecomte,40,40,fr FRA,GK,29-342,90,38,34,4,1,0,1,0,0,0,0,0,0,34,0,0,https://fbref.com/en/players/2fa2a875/Benjamin-Lecomte-Benjamin Lecomte,
