,Player Name,Player Number,Player,#,Nation,Pos,Age,Min,Gls,Ast,PK,PKatt,Sh,SoT,CrdY,CrdR,Touches,Tkl,Int,Blocks,xG,npxG,xAG,SCA,GCA,Cmp,Att,Cmp%,PrgP,Carries,PrgC,Att,Succ,Player Key,Player Link
0,Stevan Jovetić,https://fbref.com/en/players/f36c432f/Stevan-Jovetic,10,10,me MNE,FW,31-152,63,0,0,0,0,4,1,0,0,45,1,1,0,0.2,0.2,0.0,3,2,20,30,66.7,2,30,4,7,3,https://fbref.com/en/players/f36c432f/Stevan-Jovetic-Stevan Jovetić,
1,Wissam Ben Yedder,https://fbref.com/en/players/942b4f90/Wissam-Ben-Yedder,9,9,fr FRA,FW,30-234,27,2,0,1,1,2,1,0,0,15,0,0,0,0.9,0.1,0.0,1,1,9,11,81.8,4,9,0,1,1,https://fbref.com/en/players/942b4f90/Wissam-Ben-Yedder-Wissam Ben Yedder,
2,Kevin Volland,https://fbref.com/en/players/64f69877/Kevin-Volland,31,31,de GER,"LW,AM",28-247,90,1,0,0,0,3,1,0,0,37,0,0,1,0.4,0.4,0.1,4,0,19,28,67.9,4,25,0,1,1,https://fbref.com/en/players/64f69877/Kevin-Volland-Kevin Volland,
3,Aleksandr Golovin,https://fbref.com/en/players/3708e9fa/Aleksandr-Golovin,17,17,ru RUS,RW,24-308,63,0,0,0,0,2,1,0,0,44,2,0,2,0.1,0.1,0.2,3,0,24,36,66.7,0,24,5,2,1,https://fbref.com/en/players/3708e9fa/Aleksandr-Golovin-Aleksandr Golovin,
4,Krépin Diatta,https://fbref.com/en/players/8104e41e/Krepin-Diatta,27,27,sn SEN,RW,22-037,27,0,0,0,0,0,0,0,0,11,0,0,0,0.0,0.0,0.0,0,0,6,9,66.7,1,6,0,2,1,https://fbref.com/en/players/8104e41e/Krepin-Diatta-Krépin Diatta,
5,Cesc Fàbregas,https://fbref.com/en/players/33508c78/Cesc-Fabregas,4,4,es ESP,AM,33-334,75,1,0,1,1,0,0,0,0,59,0,0,0,0.8,0.0,0.0,2,0,37,56,66.1,6,24,0,2,1,https://fbref.com/en/players/33508c78/Cesc-Fabregas-Cesc Fàbregas,
6,Gelson Martins,https://fbref.com/en/players/3ef0fa48/Gelson-Martins,11,11,pt POR,"AM,LW",25-327,15,0,0,0,0,0,0,0,0,9,1,0,1,0.0,0.0,0.0,1,1,7,7,100.0,0,6,1,0,0,https://fbref.com/en/players/3ef0fa48/Gelson-Martins-Gelson Martins,
7,Eliot Matazo,https://fbref.com/en/players/15944afd/Eliot-Matazo,36,36,be BEL,DM,19-047,75,0,1,0,0,0,0,0,0,34,1,0,0,0.0,0.0,0.3,2,2,26,31,83.9,2,18,2,3,3,https://fbref.com/en/players/15944afd/Eliot-Matazo-Eliot Matazo,
8,Florentino Luís,https://fbref.com/en/players/881cd6be/Florentino-Luis,35,35,pt POR,DM,21-227,15,0,0,0,0,0,0,0,0,6,0,0,0,0.0,0.0,0.0,0,0,3,4,75.0,0,3,1,1,0,https://fbref.com/en/players/881cd6be/Florentino-Luis-Florentino Luís,
9,Youssouf Fofana,https://fbref.com/en/players/822d51d7/Youssouf-Fofana,22,22,fr FRA,DM,22-083,90,0,0,0,0,2,0,0,0,64,1,0,3,0.1,0.1,0.0,1,0,49,55,89.1,5,31,2,2,1,https://fbref.com/en/players/822d51d7/Youssouf-Fofana-Youssouf Fofana,
10,Caio Henrique Oliveira Silva,https://fbref.com/en/players/30af8b93/Caio-Henrique-Oliveira-Silva,12,12,br BRA,LB,23-246,90,0,1,0,0,0,0,0,0,55,1,2,1,0.0,0.0,0.1,4,2,46,52,88.5,6,30,4,0,0,https://fbref.com/en/players/30af8b93/Caio-Henrique-Oliveira-Silva-Caio Henrique Oliveira Silva,
11,Axel Disasi,https://fbref.com/en/players/ad82197c/Axel-Disasi,20,20,fr FRA,CB,23-023,90,0,0,0,0,0,0,0,0,59,1,0,0,0.0,0.0,0.0,1,0,51,57,89.5,7,44,2,0,0,https://fbref.com/en/players/ad82197c/Axel-Disasi-Axel Disasi,
12,Guillermo Maripán,https://fbref.com/en/players/d9764034/Guillermo-Maripan,3,3,cl CHI,CB,26-332,90,0,0,0,0,0,0,0,0,86,0,2,1,0.0,0.0,0.0,1,0,74,80,92.5,9,53,1,0,0,https://fbref.com/en/players/d9764034/Guillermo-Maripan-Guillermo Maripán,
13,Djibril Sidibé,https://fbref.com/en/players/4c5b714f/Djibril-Sidibe,29,29,fr FRA,RB,28-248,82,0,0,0,0,0,0,0,0,68,1,1,0,0.0,0.0,0.0,4,0,48,62,77.4,6,39,1,0,0,https://fbref.com/en/players/4c5b714f/Djibril-Sidibe-Djibril Sidibé,
14,Chrislain Matsima,https://fbref.com/en/players/cf1ef7ec/Chrislain-Matsima,34,34,fr FRA,RB,18-323,8,0,0,0,0,0,0,0,0,8,0,0,0,0.0,0.0,0.0,0,0,7,8,87.5,1,5,0,0,0,https://fbref.com/en/players/cf1ef7ec/Chrislain-Matsima-Chrislain Matsima,
15,Benjamin Lecomte,https://fbref.com/en/players/2fa2a875/Benjamin-Lecomte,40,40,fr FRA,GK,29-342,90,0,0,0,0,0,0,0,0,38,0,0,0,0.0,0.0,0.0,0,0,34,38,89.5,0,30,0,0,0,https://fbref.com/en/players/2fa2a875/Benjamin-Lecomte-Benjamin Lecomte,
