,Minute,Player,Squad,xG,PSxG,Outcome,Distance,Body Part,Notes,SCA 1 Player,SCA 1 Event,SCA 2 Player,SCA 2 Event
0,7,Stevan Jovetić,Monaco,0.06,,Off Target,14,Right Foot,Volley,Aleksandr Golovin,Pass (Dead),Djibril Sidibé,Pass (Live)
1,7,Youssouf Fofana,Monaco,0.04,,Off Target,20,Left Foot,,Stevan Jovetić,Pass (Live),Cesc Fàbregas,Pass (Live)
2,13,Stevan Jovetić,Monaco,0.03,0.22,Saved,27,Right Foot,,Kevin Volland,Pass (Live),Djibril Sidibé,Pass (Live)
3,18,Stevan Jovetić,Monaco,0.05,,Off Target,15,Left Foot,Volley,Kevin Volland,Fouled,Djibril Sidibé,Pass (Live)
4,22,Stevan Jovetić,Monaco,0.04,,Blocked,14,Head,,Aleksandr Golovin,Pass (Dead),,
5,23,Kevin Volland,Monaco,0.03,,Off Target,25,Left Foot,,Caio Henrique Oliveira Silva,Pass (Live),Caio Henrique Oliveira Silva,Interception
6,33,Kevin Volland,Monaco,0.12,,Woodwork,6,Head,,Aleksandr Golovin,Pass (Live),Djibril Sidibé,Pass (Live)
7,38,Youssouf Fofana,Monaco,0.02,,Blocked,32,Left Foot,,Cesc Fàbregas,Pass (Live),Guillermo Maripán,Pass (Live)
8,41,Lamine Gueye,Metz,0.08,0.08,Saved,15,Left Foot,,Farid Boulaya,Pass (Live),Matthieu Udol,Pass (Live)
9,42,Farid Boulaya,Metz,0.07,,Off Target,25,Right Foot,Free kick,Pape Matar Sarr,Fouled,Papa Ndiaga Yade,Pass (Live)
10,45,Papa Ndiaga Yade,Metz,0.09,,Blocked,17,Left Foot,,Boubakar Kouyaté,Pass (Live),,
11,45+1,Pape Matar Sarr,Metz,0.04,,Off Target,18,Left Foot,Volley,Papa Ndiaga Yade,Shot,,
12,,,,,,,,,,,,,
13,50,Cesc Fàbregas(pen),Monaco,0.79,0.92,Goal,13,Right Foot,,Stevan Jovetić,Fouled,Stevan Jovetić,Take-On
14,52,Aleksandr Golovin,Monaco,0.06,0.09,Saved,13,Left Foot,,Kevin Volland,Pass (Live),Axel Disasi,Pass (Live)
15,52,Kevin Volland,Monaco,0.26,0.66,Goal,12,Left Foot,,Eliot Matazo,Pass (Live),Eliot Matazo,Take-On
16,55,Aleksandr Golovin,Monaco,0.05,,Blocked,17,Left Foot,,,,,
17,64,Vagner Gonçalves,Metz,0.06,,Blocked,18,Right Foot,,Vagner Gonçalves,Pass (Live),Marc-Aurèle Caillard,Pass (Dead)
18,77,Wissam Ben Yedder,Monaco,0.08,0.16,Goal,15,Right Foot,,Caio Henrique Oliveira Silva,Pass (Live),Caio Henrique Oliveira Silva,Interception
19,80,Victorien Angban,Metz,0.02,,Off Target,33,Right Foot,,Vagner Gonçalves,Pass (Live),Thomas Delaine,Pass (Live)
20,86,Wissam Ben Yedder,Monaco,0.03,,Blocked,24,Right Foot,,Youssouf Fofana,Pass (Live),Kevin Volland,Pass (Dead)
21,89,Wissam Ben Yedder(pen),Monaco,0.79,0.98,Goal,13,Right Foot,,Gelson Martins,Fouled,Wissam Ben Yedder,Pass (Live)
