,Player Name,Player Number,Player,#,Nation,Pos,Age,Min,Att,Live,Dead,FK,TB,Sw,Crs,TI,CK,In,Out,Str,Cmp,Off,Blocks,Player Key,Player Link
0,Elijah Adebayo,https://fbref.com/en/players/0480ebc7/Elijah-Adebayo,29,29,eng ENG,FW,23-121,90,13,13,0,0,0,0,1,0,0,0,0,0,7,0,0,https://fbref.com/en/players/0480ebc7/Elijah-Adebayo-Elijah Adebayo,
1,George Moncur,https://fbref.com/en/players/14a7d8e3/George-Moncur,14,14,eng ENG,LW,27-263,70,27,27,0,0,0,0,1,0,0,0,0,0,23,0,0,https://fbref.com/en/players/14a7d8e3/George-Moncur-George Moncur,
2,James Collins,https://fbref.com/en/players/95471a13/James-Collins,19,19,ie IRL,LW,30-158,20,8,8,0,0,0,0,0,0,0,0,0,0,6,0,1,https://fbref.com/en/players/95471a13/James-Collins-James Collins,
3,Harry Cornick,https://fbref.com/en/players/9169bc41/Harry-Cornick,7,7,eng ENG,RW,26-029,70,22,22,0,0,0,0,3,0,0,0,0,0,15,0,1,https://fbref.com/en/players/9169bc41/Harry-Cornick-Harry Cornick,
4,Kazenga LuaLua,https://fbref.com/en/players/d732d28a/Kazenga-LuaLua,25,25,cd COD,RW,30-149,20,6,6,0,0,0,0,0,0,0,0,0,0,6,0,0,https://fbref.com/en/players/d732d28a/Kazenga-LuaLua-Kazenga LuaLua,
5,Pelly Ruddock Mpanzu,https://fbref.com/en/players/a9b1c319/Pelly-Ruddock-Mpanzu,17,17,cd COD,LM,27-295,90,47,42,5,2,0,0,3,0,0,0,0,0,41,0,2,https://fbref.com/en/players/a9b1c319/Pelly-Ruddock-Mpanzu-Pelly Ruddock Mpanzu,
6,Glen Rea,https://fbref.com/en/players/5c3f2f39/Glen-Rea,16,16,ie IRL,CM,26-247,70,29,28,0,0,0,0,0,0,0,0,0,0,26,1,0,https://fbref.com/en/players/5c3f2f39/Glen-Rea-Glen Rea,
7,Luke Berry,https://fbref.com/en/players/2aaadf33/Luke-Berry,8,8,eng ENG,CM,28-300,20,9,8,1,0,0,0,0,0,0,0,0,0,8,0,0,https://fbref.com/en/players/2aaadf33/Luke-Berry-Luke Berry,
8,Kiernan Dewsbury-Hall,https://fbref.com/en/players/5c74c0f5/Kiernan-Dewsbury-Hall,22,22,eng ENG,RM,22-244,90,62,55,6,2,0,1,3,0,4,2,0,0,52,1,0,https://fbref.com/en/players/5c74c0f5/Kiernan-Dewsbury-Hall-Kiernan Dewsbury-Hall,
9,Kal Naismith,https://fbref.com/en/players/d3ccb0ea/Kal-Naismith,24,24,sct SCO,LB,29-079,90,57,49,8,0,0,0,3,8,0,0,0,0,47,0,1,https://fbref.com/en/players/d3ccb0ea/Kal-Naismith-Kal Naismith,
10,Sonny Bradley,https://fbref.com/en/players/94ffccb3/Sonny-Bradley,5,5,eng ENG,CB,29-237,90,54,51,3,3,0,0,0,0,0,0,0,0,50,0,0,https://fbref.com/en/players/94ffccb3/Sonny-Bradley-Sonny Bradley,
11,Matty Pearson,https://fbref.com/en/players/d54e009e/Matty-Pearson,6,6,eng ENG,CB,27-278,90,51,47,4,4,0,0,0,0,0,0,0,0,39,0,0,https://fbref.com/en/players/d54e009e/Matty-Pearson-Matty Pearson,
12,James Bree,https://fbref.com/en/players/c07b7c5c/James-Bree,26,26,eng ENG,RB,23-209,85,48,37,11,1,0,0,4,8,2,2,0,0,34,0,2,https://fbref.com/en/players/c07b7c5c/James-Bree-James Bree,
13,Dion Pereira,https://fbref.com/en/players/8aab04dc/Dion-Pereira,30,30,ag ATG,RB,22-044,5,3,2,1,0,0,0,0,1,0,0,0,0,3,0,0,https://fbref.com/en/players/8aab04dc/Dion-Pereira-Dion Pereira,
14,Simon Sluga,https://fbref.com/en/players/5a5d394c/Simon-Sluga,12,12,hr CRO,GK,28-052,90,39,24,15,4,0,0,0,0,0,0,0,0,25,0,0,https://fbref.com/en/players/5a5d394c/Simon-Sluga-Simon Sluga,
