,Player Name,Player Number,Player,#,Nation,Pos,Age,Min,Touches,Def Pen,Def 3rd,Mid 3rd,Att 3rd,Att Pen,Live,Att,Succ,Succ%,Tkld,Tkld%,Carries,TotDist,PrgDist,PrgC,1/3,CPA,Mis,Dis,Rec,PrgR,Player Key,Player Link
0,Elijah Adebayo,https://fbref.com/en/players/0480ebc7/Elijah-Adebayo,29,29,eng ENG,FW,23-121,90,23,1,2,7,15,2,23,2,1,50.0,1,50.0,10,103,85,3,1,2,4,0,16,4,https://fbref.com/en/players/0480ebc7/Elijah-Adebayo-Elijah Adebayo,
1,George Moncur,https://fbref.com/en/players/14a7d8e3/George-Moncur,14,14,eng ENG,LW,27-263,70,32,1,7,8,17,6,32,0,0,,0,,16,114,71,1,1,0,0,1,26,4,https://fbref.com/en/players/14a7d8e3/George-Moncur-George Moncur,
2,James Collins,https://fbref.com/en/players/95471a13/James-Collins,19,19,ie IRL,LW,30-158,20,9,0,0,4,5,2,9,0,0,,0,,6,24,6,0,0,0,0,2,9,3,https://fbref.com/en/players/95471a13/James-Collins-James Collins,
3,Harry Cornick,https://fbref.com/en/players/9169bc41/Harry-Cornick,7,7,eng ENG,RW,26-029,70,30,0,5,6,19,1,30,3,2,66.7,1,33.3,18,94,41,2,0,0,2,1,20,4,https://fbref.com/en/players/9169bc41/Harry-Cornick-Harry Cornick,
4,Kazenga LuaLua,https://fbref.com/en/players/d732d28a/Kazenga-LuaLua,25,25,cd COD,RW,30-149,20,7,1,2,2,3,0,7,0,0,,0,,5,12,2,0,0,0,0,0,5,0,https://fbref.com/en/players/d732d28a/Kazenga-LuaLua-Kazenga LuaLua,
5,Pelly Ruddock Mpanzu,https://fbref.com/en/players/a9b1c319/Pelly-Ruddock-Mpanzu,17,17,cd COD,LM,27-295,90,54,2,10,26,18,2,54,3,2,66.7,1,33.3,29,206,109,3,1,0,4,1,42,2,https://fbref.com/en/players/a9b1c319/Pelly-Ruddock-Mpanzu-Pelly Ruddock Mpanzu,
6,Glen Rea,https://fbref.com/en/players/5c3f2f39/Glen-Rea,16,16,ie IRL,CM,26-247,70,36,1,12,21,3,0,36,1,0,0.0,1,100.0,15,85,21,0,2,0,0,0,25,1,https://fbref.com/en/players/5c3f2f39/Glen-Rea-Glen Rea,
7,Luke Berry,https://fbref.com/en/players/2aaadf33/Luke-Berry,8,8,eng ENG,CM,28-300,20,11,0,0,5,6,3,11,0,0,,0,,4,31,21,2,0,1,1,0,9,3,https://fbref.com/en/players/2aaadf33/Luke-Berry-Luke Berry,
8,Kiernan Dewsbury-Hall,https://fbref.com/en/players/5c74c0f5/Kiernan-Dewsbury-Hall,22,22,eng ENG,RM,22-244,90,69,5,20,35,14,1,69,1,1,100.0,0,0.0,37,308,213,7,1,0,0,0,52,1,https://fbref.com/en/players/5c74c0f5/Kiernan-Dewsbury-Hall-Kiernan Dewsbury-Hall,
9,Kal Naismith,https://fbref.com/en/players/d3ccb0ea/Kal-Naismith,24,24,sct SCO,LB,29-079,90,77,10,45,16,16,2,77,3,1,33.3,2,66.7,23,124,84,2,1,0,3,0,43,4,https://fbref.com/en/players/d3ccb0ea/Kal-Naismith-Kal Naismith,
10,Sonny Bradley,https://fbref.com/en/players/94ffccb3/Sonny-Bradley,5,5,eng ENG,CB,29-237,90,63,9,45,15,4,4,63,0,0,,0,,33,100,49,0,0,0,1,0,42,1,https://fbref.com/en/players/94ffccb3/Sonny-Bradley-Sonny Bradley,
11,Matty Pearson,https://fbref.com/en/players/d54e009e/Matty-Pearson,6,6,eng ENG,CB,27-278,90,61,7,39,21,1,1,61,0,0,,0,,29,180,110,0,0,0,0,0,37,0,https://fbref.com/en/players/d54e009e/Matty-Pearson-Matty Pearson,
12,James Bree,https://fbref.com/en/players/c07b7c5c/James-Bree,26,26,eng ENG,RB,23-209,85,56,5,16,21,19,1,56,0,0,,0,,21,182,109,2,1,0,2,0,32,5,https://fbref.com/en/players/c07b7c5c/James-Bree-James Bree,
13,Dion Pereira,https://fbref.com/en/players/8aab04dc/Dion-Pereira,30,30,ag ATG,RB,22-044,5,3,0,0,2,1,0,3,0,0,,0,,2,15,5,1,0,0,0,0,2,1,https://fbref.com/en/players/8aab04dc/Dion-Pereira-Dion Pereira,
14,Simon Sluga,https://fbref.com/en/players/5a5d394c/Simon-Sluga,12,12,hr CRO,GK,28-052,90,40,29,40,0,0,0,40,0,0,,0,,16,79,48,0,0,0,0,0,20,0,https://fbref.com/en/players/5a5d394c/Simon-Sluga-Simon Sluga,
