,Player Name,Player Number,Player,#,Nation,Pos,Age,Min,Att,Live,Dead,FK,TB,Sw,Crs,TI,CK,In,Out,Str,Cmp,Off,Blocks,Player Key,Player Link
0,Charlie Austin,https://fbref.com/en/players/8d228291/Charlie-Austin,45,45,eng ENG,FW,31-307,65,19,19,0,0,0,0,0,0,0,0,0,0,12,0,0,https://fbref.com/en/players/8d228291/Charlie-Austin-Charlie Austin,
1,Macauley Bonne,https://fbref.com/en/players/9ca8b21c/Macauley-Bonne,7,7,zw ZIM,FW,25-194,25,6,5,0,0,0,0,0,0,0,0,0,0,4,1,0,https://fbref.com/en/players/9ca8b21c/Macauley-Bonne-Macauley Bonne,
2,Lyndon Dykes,https://fbref.com/en/players/cd92357a/Lyndon-Dykes,9,9,sct SCO,FW,25-213,45,10,8,2,0,0,0,1,2,0,0,0,0,5,0,0,https://fbref.com/en/players/cd92357a/Lyndon-Dykes-Lyndon Dykes,
3,Sam Field,https://fbref.com/en/players/bd8a7d05/Sam-Field,15,15,eng ENG,FW,23-000,45,32,32,0,0,0,1,0,0,0,0,0,0,26,0,0,https://fbref.com/en/players/bd8a7d05/Sam-Field-Sam Field,
4,Chris Willock,https://fbref.com/en/players/be0bd828/Chris-Willock,21,21,eng ENG,AM,23-097,90,58,57,1,1,0,1,5,0,0,0,0,0,48,0,1,https://fbref.com/en/players/be0bd828/Chris-Willock-Chris Willock,
5,Stefan Johansen,https://fbref.com/en/players/a48da055/Stefan-Johansen,14,14,no NOR,CM,30-120,85,54,52,2,2,0,1,1,0,0,0,0,0,47,0,0,https://fbref.com/en/players/a48da055/Stefan-Johansen-Stefan Johansen,
6,Geoff Cameron,https://fbref.com/en/players/1a160ea3/Geoff-Cameron,20,20,us USA,CM,35-301,5,4,4,0,0,0,0,0,0,0,0,0,0,4,0,0,https://fbref.com/en/players/1a160ea3/Geoff-Cameron-Geoff Cameron,
7,Ilias Chair,https://fbref.com/en/players/ad7873cb/Ilias-Chair,10,10,ma MAR,CM,23-190,76,46,37,9,1,0,0,7,0,6,2,2,0,35,0,1,https://fbref.com/en/players/ad7873cb/Ilias-Chair-Ilias Chair,
8,George Thomas,https://fbref.com/en/players/7ef24097/George-Thomas,19,19,wls WAL,CM,24-045,14,8,8,0,0,0,0,2,0,0,0,0,0,5,0,0,https://fbref.com/en/players/7ef24097/George-Thomas-George Thomas,
9,Lee Wallace,https://fbref.com/en/players/c3a396e2/Lee-Wallace,3,3,sct SCO,WB,33-280,90,39,33,6,0,0,0,3,6,0,0,0,0,32,0,0,https://fbref.com/en/players/c3a396e2/Lee-Wallace-Lee Wallace,
10,Osman Kakay,https://fbref.com/en/players/0aed0751/Osman-Kakay,24,24,sl SLE,WB,23-256,75,33,27,5,0,0,0,3,5,0,0,0,0,26,1,0,https://fbref.com/en/players/0aed0751/Osman-Kakay-Osman Kakay,
11,Albert Adomah,https://fbref.com/en/players/c7174e81/Albert-Adomah,37,37,gh GHA,WB,33-146,15,11,8,3,0,1,0,1,1,2,0,0,0,9,0,0,https://fbref.com/en/players/c7174e81/Albert-Adomah-Albert Adomah,
12,Yoann Barbet,https://fbref.com/en/players/c52bbd2c/Yoann-Barbet,6,6,fr FRA,CB,27-363,90,49,48,1,0,0,2,0,1,0,0,0,0,41,0,0,https://fbref.com/en/players/c52bbd2c/Yoann-Barbet-Yoann Barbet,
13,Jordy de Wijs,https://fbref.com/en/players/3bb5b5d2/Jordy-de-Wijs,5,5,nl NED,CB,26-120,90,47,47,0,0,0,0,0,0,0,0,0,0,44,0,0,https://fbref.com/en/players/3bb5b5d2/Jordy-de-Wijs-Jordy de Wijs,
14,Robert Dickie,https://fbref.com/en/players/c7dfc411/Robert-Dickie,4,4,eng ENG,CB,25-066,90,57,56,1,1,0,0,0,0,0,0,0,0,50,0,0,https://fbref.com/en/players/c7dfc411/Robert-Dickie-Robert Dickie,
15,Seny Dieng,https://fbref.com/en/players/c135cddd/Seny-Dieng,13,13,sn SEN,GK,26-166,90,31,22,9,2,0,0,0,0,0,0,0,0,23,0,0,https://fbref.com/en/players/c135cddd/Seny-Dieng-Seny Dieng,
