,Player Name,Player Number,Player,#,Nation,Pos,Age,Min,Touches,Def Pen,Def 3rd,Mid 3rd,Att 3rd,Att Pen,Live,Att,Succ,Succ%,Tkld,Tkld%,Carries,TotDist,PrgDist,PrgC,1/3,CPA,Mis,Dis,Rec,PrgR,Player Key,Player Link
0,Charlie Austin,https://fbref.com/en/players/8d228291/Charlie-Austin,45,45,eng ENG,FW,31-307,65,25,1,5,12,8,1,25,0,0,,0,,17,90,47,1,0,0,1,0,18,3,https://fbref.com/en/players/8d228291/Charlie-Austin-Charlie Austin,
1,Macauley Bonne,https://fbref.com/en/players/9ca8b21c/Macauley-Bonne,7,7,zw ZIM,FW,25-194,25,6,0,0,2,4,1,6,0,0,,0,,4,56,39,2,0,0,0,0,6,2,https://fbref.com/en/players/9ca8b21c/Macauley-Bonne-Macauley Bonne,
2,Lyndon Dykes,https://fbref.com/en/players/cd92357a/Lyndon-Dykes,9,9,sct SCO,FW,25-213,45,16,0,0,10,6,3,16,1,0,0.0,1,100.0,10,60,19,1,1,1,1,1,10,4,https://fbref.com/en/players/cd92357a/Lyndon-Dykes-Lyndon Dykes,
3,Sam Field,https://fbref.com/en/players/bd8a7d05/Sam-Field,15,15,eng ENG,FW,23-000,45,40,3,11,25,4,0,40,0,0,,0,,18,60,9,0,1,0,0,0,27,0,https://fbref.com/en/players/bd8a7d05/Sam-Field-Sam Field,
4,Chris Willock,https://fbref.com/en/players/be0bd828/Chris-Willock,21,21,eng ENG,AM,23-097,90,64,0,4,24,37,9,64,5,4,80.0,1,20.0,45,387,238,9,4,3,1,0,59,12,https://fbref.com/en/players/be0bd828/Chris-Willock-Chris Willock,
5,Stefan Johansen,https://fbref.com/en/players/a48da055/Stefan-Johansen,14,14,no NOR,CM,30-120,85,60,3,18,32,11,1,60,0,0,,0,,39,186,78,1,2,1,2,0,50,1,https://fbref.com/en/players/a48da055/Stefan-Johansen-Stefan Johansen,
6,Geoff Cameron,https://fbref.com/en/players/1a160ea3/Geoff-Cameron,20,20,us USA,CM,35-301,5,5,1,2,3,0,0,5,0,0,,0,,3,8,0,0,0,0,0,0,3,0,https://fbref.com/en/players/1a160ea3/Geoff-Cameron-Geoff Cameron,
7,Ilias Chair,https://fbref.com/en/players/ad7873cb/Ilias-Chair,10,10,ma MAR,CM,23-190,76,50,1,5,21,24,0,50,2,0,0.0,2,100.0,27,192,32,0,2,0,0,0,33,5,https://fbref.com/en/players/ad7873cb/Ilias-Chair-Ilias Chair,
8,George Thomas,https://fbref.com/en/players/7ef24097/George-Thomas,19,19,wls WAL,CM,24-045,14,11,0,0,3,8,4,11,0,0,,0,,9,95,53,2,0,1,2,0,10,5,https://fbref.com/en/players/7ef24097/George-Thomas-George Thomas,
9,Lee Wallace,https://fbref.com/en/players/c3a396e2/Lee-Wallace,3,3,sct SCO,WB,33-280,90,42,4,14,14,14,0,42,0,0,,0,,24,85,29,0,0,0,2,0,27,7,https://fbref.com/en/players/c3a396e2/Lee-Wallace-Lee Wallace,
10,Osman Kakay,https://fbref.com/en/players/0aed0751/Osman-Kakay,24,24,sl SLE,WB,23-256,75,46,4,12,17,18,2,46,4,1,25.0,3,75.0,27,118,30,2,0,1,4,0,29,6,https://fbref.com/en/players/0aed0751/Osman-Kakay-Osman Kakay,
11,Albert Adomah,https://fbref.com/en/players/c7174e81/Albert-Adomah,37,37,gh GHA,WB,33-146,15,18,0,7,2,10,2,18,2,1,50.0,1,50.0,9,68,48,0,0,0,1,0,9,0,https://fbref.com/en/players/c7174e81/Albert-Adomah-Albert Adomah,
12,Yoann Barbet,https://fbref.com/en/players/c52bbd2c/Yoann-Barbet,6,6,fr FRA,CB,27-363,90,59,5,31,24,4,2,59,0,0,,0,,33,153,99,0,0,0,4,1,38,0,https://fbref.com/en/players/c52bbd2c/Yoann-Barbet-Yoann Barbet,
13,Jordy de Wijs,https://fbref.com/en/players/3bb5b5d2/Jordy-de-Wijs,5,5,nl NED,CB,26-120,90,64,17,48,15,1,1,64,0,0,,0,,28,87,56,0,0,0,1,0,33,0,https://fbref.com/en/players/3bb5b5d2/Jordy-de-Wijs-Jordy de Wijs,
14,Robert Dickie,https://fbref.com/en/players/c7dfc411/Robert-Dickie,4,4,eng ENG,CB,25-066,90,60,8,37,20,3,0,60,0,0,,0,,38,172,125,0,0,0,0,0,44,0,https://fbref.com/en/players/c7dfc411/Robert-Dickie-Robert Dickie,
15,Seny Dieng,https://fbref.com/en/players/c135cddd/Seny-Dieng,13,13,sn SEN,GK,26-166,90,33,30,33,0,0,0,33,0,0,,0,,11,55,25,0,0,0,0,0,13,0,https://fbref.com/en/players/c135cddd/Seny-Dieng-Seny Dieng,
