,Minute,Player,Squad,xG,PSxG,Outcome,Distance,Body Part,Notes,SCA 1 Player,SCA 1 Event,SCA 2 Player,SCA 2 Event
0,10,George Moncur,Luton Town,0.03,,Off Target,27,Right Foot,,Kal Naismith,Pass (Live),Glen Rea,Pass (Live)
1,12,Chris Willock,QPR,0.07,,Off Target,10,Right Foot,,Stefan Johansen,Pass (Live),Osman Kakay,Pass (Live)
2,14,George Moncur,Luton Town,0.05,,Off Target,14,Right Foot,,Harry Cornick,Pass (Live),,
3,16,Elijah Adebayo,Luton Town,0.05,,Off Target,15,Right Foot,,Kiernan Dewsbury-Hall,Pass (Live),George Moncur,Pass (Live)
4,20,Charlie Austin,QPR,0.14,0.33,Goal,7,Right Foot,,Lyndon Dykes,Pass (Live),,
5,22,George Moncur,Luton Town,0.04,,Blocked,19,Left Foot,,Glen Rea,Pass (Live),Sonny Bradley,Pass (Live)
6,25,George Moncur,Luton Town,0.05,,Blocked,15,Left Foot,,Kiernan Dewsbury-Hall,Pass (Live),George Moncur,Pass (Live)
7,26,Harry Cornick,Luton Town,0.03,,Blocked,23,Right Foot,,George Moncur,Shot,,
8,26,Matty Pearson,Luton Town,0.13,,Off Target,6,Head,,James Bree,Pass (Dead),Harry Cornick,Shot
9,28,Sonny Bradley,Luton Town,0.05,,Off Target,12,Head,,Pelly Ruddock Mpanzu,Pass (Live),James Bree,Pass (Live)
10,28,Kiernan Dewsbury-Hall,Luton Town,0.02,,Blocked,27,Right Foot,,George Moncur,Pass (Live),Kiernan Dewsbury-Hall,Pass (Live)
11,29,Harry Cornick,Luton Town,0.03,,Blocked,21,Right Foot,,Sonny Bradley,Pass (Live),Kiernan Dewsbury-Hall,Shot
12,29,Chris Willock,QPR,0.13,,Blocked,10,Left Foot,,Stefan Johansen,Pass (Live),,
13,41,Sonny Bradley,Luton Town,0.08,0.07,Saved,10,Right Foot,Volley,Kiernan Dewsbury-Hall,Pass (Dead),Kiernan Dewsbury-Hall,Fouled
14,43,James Bree,Luton Town,0.05,,Blocked,16,Left Foot,,,,,
15,43,George Moncur,Luton Town,0.10,0.10,Saved,14,Left Foot,,Kiernan Dewsbury-Hall,Pass (Live),Sonny Bradley,Pass (Live)
16,43,Kiernan Dewsbury-Hall,Luton Town,0.08,0.15,Goal,15,Right Foot,,George Moncur,Shot,,
17,,,,,,,,,,,,,
18,60,Stefan Johansen,QPR,0.50,0.90,Goal,10,Left Foot,,Ilias Chair,Pass (Live),Yoann Barbet,Pass (Live)
19,65,Charlie Austin,QPR,0.03,,Off Target,28,Right Foot,,Robert Dickie,Pass (Live),Stefan Johansen,Pass (Live)
20,68,Chris Willock,QPR,0.04,0.16,Saved,19,Right Foot,,Ilias Chair,Pass (Live),Sam Field,Pass (Live)
21,73,Luke Berry,Luton Town,0.04,0.10,Saved,18,Left Foot,,Kal Naismith,Pass (Live),James Collins,Pass (Live)
22,76,Kal Naismith,Luton Town,0.03,,Off Target,29,Left Foot,,Luke Berry,Pass (Live),Matty Pearson,Pass (Live)
23,79,James Collins,Luton Town,0.04,,Blocked,24,Right Foot,,Luke Berry,Pass (Live),James Collins,Pass (Live)
24,80,Albert Adomah,QPR,0.07,,Off Target,22,Right Foot,Free kick,Chris Willock,Fouled,George Thomas,Pass (Live)
25,90,George Thomas,QPR,0.44,,Off Target,14,Right Foot,,Albert Adomah,Pass (Live),Chris Willock,Pass (Live)
26,90+2,Albert Adomah,QPR,0.87,0.97,Goal,3,Right Foot,,Chris Willock,Pass (Live),Albert Adomah,Pass (Live)
