,Player Name,Player Number,Player,#,Nation,Pos,Age,Min,Gls,Ast,PK,PKatt,Sh,SoT,CrdY,CrdR,Fls,Fld,Off,Crs,TklW,Int,OG,PKwon,PKcon,Player Key,Player Link
0,Florian Bianchini,https://fbref.com/en/players/adc58361/Florian-Bianchini,7,7,fr FRA,FW,19-230,90,0,0,0,0,0,0,0,0,0,0,0,0,0,0,0,,,https://fbref.com/en/players/adc58361/Florian-Bianchini-Florian Bianchini,
1,Alexis Blin,https://fbref.com/en/players/c69ef855/Alexis-Blin,6,6,fr FRA,MF,24-147,90,1,0,0,0,1,1,0,0,0,0,0,0,0,0,0,,,https://fbref.com/en/players/c69ef855/Alexis-Blin-Alexis Blin,
2,Racine Coly,https://fbref.com/en/players/166a981d/Racine-Coly,2,2,sn SEN,DF,25-064,84,0,0,0,0,0,0,0,0,0,0,0,0,0,0,0,,,https://fbref.com/en/players/166a981d/Racine-Coly-Racine Coly,
3,Abou Ouattara,https://fbref.com/en/players/6578600f/Abou-Ouattara,20,20,bf BFA,MF,21-046,6,0,0,0,0,0,0,0,0,0,0,0,0,0,0,0,,,https://fbref.com/en/players/6578600f/Abou-Ouattara-Abou Ouattara,
4,Valentin Gendrey,https://fbref.com/en/players/822ed0ec/Valentin-Gendrey,3,3,fr FRA,DF,20-234,90,0,0,0,0,0,0,0,0,0,0,0,0,0,0,0,,,https://fbref.com/en/players/822ed0ec/Valentin-Gendrey-Valentin Gendrey,
5,Mathis Lachuer,https://fbref.com/en/players/8ee3cdec/Mathis-Lachuer,8,8,fr FRA,MF,20-163,84,0,0,0,0,0,0,1,0,0,0,0,0,0,0,0,,,https://fbref.com/en/players/8ee3cdec/Mathis-Lachuer-Mathis Lachuer,
6,Iron Gomis,https://fbref.com/en/players/1d50130f/Iron-Gomis,17,17,fr FRA,MF,21-094,6,0,0,0,0,0,0,0,0,0,0,0,0,0,0,0,,,https://fbref.com/en/players/1d50130f/Iron-Gomis-Iron Gomis,
7,Arnaud Lusamba,https://fbref.com/en/players/54131505/Arnaud-Lusamba,10,10,cd COD,MF,24-037,90,0,0,0,0,0,0,0,0,0,0,0,0,0,0,0,,,https://fbref.com/en/players/54131505/Arnaud-Lusamba-Arnaud Lusamba,
8,Stiven Mendoza,https://fbref.com/en/players/e68f2cb4/Stiven-Mendoza,11,11,co COL,"FW,MF",28-228,89,0,1,0,0,0,0,0,0,0,0,0,0,0,0,0,,,https://fbref.com/en/players/e68f2cb4/Stiven-Mendoza-Stiven Mendoza,
9,Sambou Yatabaré,https://fbref.com/en/players/3cfd6114/Sambou-Yatabare,16,16,ml MLI,MF,31-345,1,0,0,0,0,0,0,1,0,0,0,0,0,0,0,0,,,https://fbref.com/en/players/3cfd6114/Sambou-Yatabare-Sambou Yatabaré,
10,Stephen Odey,https://fbref.com/en/players/6a479195/Stephen-Odey,9,9,ng NGA,FW,23-026,65,0,0,0,0,0,0,0,0,0,0,0,0,0,0,0,,,https://fbref.com/en/players/6a479195/Stephen-Odey-Stephen Odey,
11,Amadou Ciss,https://fbref.com/en/players/531a4839/Amadou-Ciss,15,15,sn SEN,"FW,MF",21-156,25,0,0,0,0,0,0,0,0,0,0,0,0,0,0,0,,,https://fbref.com/en/players/531a4839/Amadou-Ciss-Amadou Ciss,
12,Nicholas Opoku,https://fbref.com/en/players/b871bf55/Nicholas-Opoku,4,4,gh GHA,DF,23-094,90,0,0,0,0,0,0,0,0,0,0,0,0,0,0,0,,,https://fbref.com/en/players/b871bf55/Nicholas-Opoku-Nicholas Opoku,
13,Yohann Thuram-Ulien,https://fbref.com/en/players/d3e78488/Yohann-Thuram-Ulien,1,1,fr FRA,GK,32-102,90,0,0,0,0,0,0,0,0,0,0,0,0,0,0,0,,,https://fbref.com/en/players/d3e78488/Yohann-Thuram-Ulien-Yohann Thuram-Ulien,
14,Molla Wagué,https://fbref.com/en/players/a440d8ca/Molla-Wague,5,5,ml MLI,DF,29-355,90,0,0,0,0,0,0,1,0,0,0,0,0,0,0,0,,,https://fbref.com/en/players/a440d8ca/Molla-Wague-Molla Wagué,
