,Player Name,Player Number,Player,#,Nation,Pos,Age,Min,Gls,Ast,PK,PKatt,Sh,SoT,CrdY,CrdR,Fls,Fld,Off,Crs,TklW,Int,OG,PKwon,PKcon,Player Key,Player Link
0,Victorien Angban,https://fbref.com/en/players/d8992b84/Victorien-Angban,5,5,ci CIV,MF,24-134,55,0,0,0,0,0,0,0,0,0,0,0,0,0,0,0,,,https://fbref.com/en/players/d8992b84/Victorien-Angban-Victorien Angban,
1,Pape Matar Sarr,https://fbref.com/en/players/feb5d972/Pape-Matar-Sarr,15,15,sn SEN,MF,18-149,35,0,0,0,0,0,0,0,0,0,0,0,0,0,0,0,,,https://fbref.com/en/players/feb5d972/Pape-Matar-Sarr-Pape Matar Sarr,
2,Ernest Boahene,https://fbref.com/en/players/103b2b0a/Ernest-Boahene,11,11,gh GHA,DF,20-341,32,0,0,0,0,0,0,0,0,0,0,0,0,0,0,0,,,https://fbref.com/en/players/103b2b0a/Ernest-Boahene-Ernest Boahene,
3,Fabien Centonze,https://fbref.com/en/players/3c6bbbab/Fabien-Centonze,17,17,fr FRA,"DF,MF",25-025,58,0,0,0,0,0,0,0,0,0,0,0,0,0,0,0,,,https://fbref.com/en/players/3c6bbbab/Fabien-Centonze-Fabien Centonze,
4,Marc-Aurèle Caillard,https://fbref.com/en/players/5ee6e943/Marc-Aurele-Caillard,1,1,fr FRA,GK,26-274,90,0,0,0,0,0,0,0,0,0,0,0,0,0,0,0,,,https://fbref.com/en/players/5ee6e943/Marc-Aurele-Caillard-Marc-Aurèle Caillard,
5,Thomas Delaine,https://fbref.com/en/players/8332db56/Thomas-Delaine,2,2,fr FRA,"DF,MF",28-323,90,0,0,0,0,0,0,0,0,0,0,0,0,0,0,0,,,https://fbref.com/en/players/8332db56/Thomas-Delaine-Thomas Delaine,
6,Mamadou Fofana,https://fbref.com/en/players/4c4ffacc/Mamadou-Fofana,6,6,ml MLI,"DF,MF",23-020,90,0,0,0,0,0,0,0,0,0,0,0,0,0,0,0,,,https://fbref.com/en/players/4c4ffacc/Mamadou-Fofana-Mamadou Fofana,
7,Lamine Gueye,https://fbref.com/en/players/9d5dcc23/Lamine-Gueye,9,9,sn SEN,"FW,MF",22-334,72,0,0,0,0,0,0,0,0,0,0,0,0,0,0,0,,,https://fbref.com/en/players/9d5dcc23/Lamine-Gueye-Lamine Gueye,
8,Vagner Gonçalves,https://fbref.com/en/players/743fd71f/Vagner-Goncalves,14,14,cv CPV,"FW,MF",25-031,18,1,0,1,1,1,1,0,0,0,0,0,0,0,0,0,,,https://fbref.com/en/players/743fd71f/Vagner-Goncalves-Vagner Gonçalves,
9,Boubakar Kouyaté,https://fbref.com/en/players/562a4799/Boubakar-Kouyate,4,4,ml MLI,DF,23-301,90,0,0,0,0,0,0,0,0,0,0,0,0,0,0,0,,,https://fbref.com/en/players/562a4799/Boubakar-Kouyate-Boubakar Kouyaté,
10,Aaron Leya Iseka,https://fbref.com/en/players/29ef0f49/Aaron-Leya-Iseka,7,7,be BEL,FW,23-087,72,1,0,0,0,1,1,0,0,0,0,0,0,0,0,0,,,https://fbref.com/en/players/29ef0f49/Aaron-Leya-Iseka-Aaron Leya Iseka,
11,Papa Ndiaga Yade,https://fbref.com/en/players/87e9c7cd/Papa-Ndiaga-Yade,16,16,mr MTN,MF,21-036,18,0,0,0,0,0,0,0,0,0,0,0,0,0,0,0,,,https://fbref.com/en/players/87e9c7cd/Papa-Ndiaga-Yade-Papa Ndiaga Yade,
12,Youssef Maziz,https://fbref.com/en/players/514270e8/Youssef-Maziz,10,10,fr FRA,"FW,MF",22-231,55,0,0,0,0,0,0,0,0,0,0,0,0,0,0,0,,,https://fbref.com/en/players/514270e8/Youssef-Maziz-Youssef Maziz,
13,Habib Maïga,https://fbref.com/en/players/e768de1f/Habib-Maiga,19,19,ci CIV,MF,25-040,35,0,0,0,0,0,0,0,0,0,0,0,0,0,0,0,,,https://fbref.com/en/players/e768de1f/Habib-Maiga-Habib Maïga,
14,Warren Tchimbembé,https://fbref.com/en/players/93b8f9f4/Warren-Tchimbembe,8,8,cg CGO,MF,22-295,90,0,0,0,0,0,0,0,0,0,0,0,0,0,0,0,,,https://fbref.com/en/players/93b8f9f4/Warren-Tchimbembe-Warren Tchimbembé,
15,Matthieu Udol,https://fbref.com/en/players/cc41f558/Matthieu-Udol,3,3,fr FRA,DF,24-327,90,0,0,0,0,0,0,0,0,0,0,0,0,0,0,0,,,https://fbref.com/en/players/cc41f558/Matthieu-Udol-Matthieu Udol,
