,Player Name,Player Number,Player,#,Nation,Pos,Age,Min,Touches,Def Pen,Def 3rd,Mid 3rd,Att 3rd,Att Pen,Live,Att,Succ,Succ%,Tkld,Tkld%,Carries,TotDist,PrgDist,PrgC,1/3,CPA,Mis,Dis,Rec,PrgR,Player Key,Player Link
0,Opa Nguette,https://fbref.com/en/players/75a63397/Opa-Nguette,11,11,sn SEN,FW,26-109,90,43,1,3,17,23,1,43,6,4,66.7,2,33.3,25,88,16,1,0,0,4,4,28,9,https://fbref.com/en/players/75a63397/Opa-Nguette-Opa Nguette,
1,Farid Boulaya,https://fbref.com/en/players/a0791826/Farid-Boulaya,10,10,dz ALG,"LW,RW",27-243,90,56,1,8,20,29,0,56,2,1,50.0,1,50.0,26,219,88,4,1,0,2,0,29,2,https://fbref.com/en/players/a0791826/Farid-Boulaya-Farid Boulaya,
2,Lamine Gueye,https://fbref.com/en/players/9d5dcc23/Lamine-Gueye,13,13,sn SEN,RW,22-226,55,23,0,2,9,12,1,23,1,1,100.0,0,0.0,14,64,31,1,1,0,3,2,18,3,https://fbref.com/en/players/9d5dcc23/Lamine-Gueye-Lamine Gueye,
3,Vagner Gonçalves,https://fbref.com/en/players/743fd71f/Vagner-Goncalves,27,27,cv CPV,"LW,RW",24-289,35,13,0,1,5,7,1,13,0,0,,0,,5,31,6,0,1,0,1,1,11,2,https://fbref.com/en/players/743fd71f/Vagner-Goncalves-Vagner Gonçalves,
4,Habib Maïga,https://fbref.com/en/players/e768de1f/Habib-Maiga,19,19,ci CIV,LM,24-298,89,41,1,7,29,6,0,41,2,2,100.0,0,0.0,20,135,61,2,0,0,2,1,24,3,https://fbref.com/en/players/e768de1f/Habib-Maiga-Habib Maïga,
5,Mamadou Fofana,https://fbref.com/en/players/4c4ffacc/Mamadou-Fofana,6,6,ml MLI,LM,22-278,1,0,0,0,0,0,0,0,0,0,,0,,0,0,0,0,0,0,0,0,0,0,https://fbref.com/en/players/4c4ffacc/Mamadou-Fofana-Mamadou Fofana,
6,Vincent Pajot,https://fbref.com/en/players/f86ca403/Vincent-Pajot,14,14,fr FRA,CM,30-067,90,58,1,17,36,5,2,58,2,1,50.0,1,50.0,24,74,27,1,0,0,0,0,25,0,https://fbref.com/en/players/f86ca403/Vincent-Pajot-Vincent Pajot,
7,Victorien Angban,https://fbref.com/en/players/d8992b84/Victorien-Angban,5,5,ci CIV,RM,24-026,89,46,0,9,25,13,1,46,2,1,50.0,1,50.0,17,73,29,0,0,0,4,3,26,1,https://fbref.com/en/players/d8992b84/Victorien-Angban-Victorien Angban,
8,Warren Tchimbembé,https://fbref.com/en/players/93b8f9f4/Warren-Tchimbembe,12,12,cg CGO,RM,22-187,1,1,1,1,0,0,0,1,0,0,,0,,0,0,0,0,0,0,0,0,0,0,https://fbref.com/en/players/93b8f9f4/Warren-Tchimbembe-Warren Tchimbembé,
9,Matthieu Udol,https://fbref.com/en/players/cc41f558/Matthieu-Udol,3,3,fr FRA,LB,24-219,90,50,1,17,17,16,1,50,1,0,0.0,1,100.0,20,186,68,2,1,1,1,0,21,1,https://fbref.com/en/players/cc41f558/Matthieu-Udol-Matthieu Udol,
10,John Boye,https://fbref.com/en/players/861227d2/John-Boye,21,21,gh GHA,CB,33-185,90,34,3,14,19,2,1,34,0,0,,0,,16,37,12,0,0,0,0,0,21,0,https://fbref.com/en/players/861227d2/John-Boye-John Boye,
11,Dylan Bronn,https://fbref.com/en/players/edd81e2a/Dylan-Bronn,2,2,tn TUN,CB,25-128,90,42,10,28,12,2,1,42,0,0,,0,,21,88,23,0,0,0,0,0,21,0,https://fbref.com/en/players/edd81e2a/Dylan-Bronn-Dylan Bronn,
12,Fabien Centonze,https://fbref.com/en/players/3c6bbbab/Fabien-Centonze,18,18,fr FRA,RB,24-283,90,65,3,20,24,21,0,65,6,3,50.0,3,50.0,27,209,88,1,3,0,3,1,21,2,https://fbref.com/en/players/3c6bbbab/Fabien-Centonze-Fabien Centonze,
13,Alexandre Oukidja,https://fbref.com/en/players/ae7d0ecd/Alexandre-Oukidja,16,16,dz ALG,GK,32-098,90,31,23,31,0,0,0,31,0,0,,0,,16,75,47,0,0,0,0,0,11,0,https://fbref.com/en/players/ae7d0ecd/Alexandre-Oukidja-Alexandre Oukidja,
