,Player Name,Player Number,Player,#,Nation,Pos,Age,Min,CrdY,CrdR,2CrdY,Fls,Fld,Off,Crs,Int,TklW,PKwon,PKcon,OG,Recov,Won,Lost,Won%,Player Key,Player Link
0,Opa Nguette,https://fbref.com/en/players/75a63397/Opa-Nguette,11,11,sn SEN,FW,26-109,90,0,0,0,0,2,0,0,0,0,0,0,0,6,4,8,33.3,https://fbref.com/en/players/75a63397/Opa-Nguette-Opa Nguette,
1,Farid Boulaya,https://fbref.com/en/players/a0791826/Farid-Boulaya,10,10,dz ALG,"LW,RW",27-243,90,0,0,0,0,1,0,6,2,2,0,0,0,7,2,5,28.6,https://fbref.com/en/players/a0791826/Farid-Boulaya-Farid Boulaya,
2,Lamine Gueye,https://fbref.com/en/players/9d5dcc23/Lamine-Gueye,13,13,sn SEN,RW,22-226,55,0,0,0,0,0,0,2,0,2,0,0,0,1,1,3,25.0,https://fbref.com/en/players/9d5dcc23/Lamine-Gueye-Lamine Gueye,
3,Vagner Gonçalves,https://fbref.com/en/players/743fd71f/Vagner-Goncalves,27,27,cv CPV,"LW,RW",24-289,35,0,0,0,0,2,0,1,0,0,0,0,0,0,1,3,25.0,https://fbref.com/en/players/743fd71f/Vagner-Goncalves-Vagner Gonçalves,
4,Habib Maïga,https://fbref.com/en/players/e768de1f/Habib-Maiga,19,19,ci CIV,LM,24-298,89,1,0,0,4,1,1,1,1,0,0,0,0,10,3,2,60.0,https://fbref.com/en/players/e768de1f/Habib-Maiga-Habib Maïga,
5,Mamadou Fofana,https://fbref.com/en/players/4c4ffacc/Mamadou-Fofana,6,6,ml MLI,LM,22-278,1,0,0,0,0,0,0,0,0,0,0,0,0,0,0,0,,https://fbref.com/en/players/4c4ffacc/Mamadou-Fofana-Mamadou Fofana,
6,Vincent Pajot,https://fbref.com/en/players/f86ca403/Vincent-Pajot,14,14,fr FRA,CM,30-067,90,1,0,0,4,1,0,0,9,3,0,0,0,8,1,0,100.0,https://fbref.com/en/players/f86ca403/Vincent-Pajot-Vincent Pajot,
7,Victorien Angban,https://fbref.com/en/players/d8992b84/Victorien-Angban,5,5,ci CIV,RM,24-026,89,1,0,0,0,1,0,1,0,2,0,0,0,5,2,1,66.7,https://fbref.com/en/players/d8992b84/Victorien-Angban-Victorien Angban,
8,Warren Tchimbembé,https://fbref.com/en/players/93b8f9f4/Warren-Tchimbembe,12,12,cg CGO,RM,22-187,1,0,0,0,0,0,0,0,0,0,0,0,0,0,0,1,0.0,https://fbref.com/en/players/93b8f9f4/Warren-Tchimbembe-Warren Tchimbembé,
9,Matthieu Udol,https://fbref.com/en/players/cc41f558/Matthieu-Udol,3,3,fr FRA,LB,24-219,90,0,0,0,1,2,0,2,1,1,0,0,0,3,0,0,,https://fbref.com/en/players/cc41f558/Matthieu-Udol-Matthieu Udol,
10,John Boye,https://fbref.com/en/players/861227d2/John-Boye,21,21,gh GHA,CB,33-185,90,0,0,0,0,1,0,0,2,2,0,0,0,5,2,1,66.7,https://fbref.com/en/players/861227d2/John-Boye-John Boye,
11,Dylan Bronn,https://fbref.com/en/players/edd81e2a/Dylan-Bronn,2,2,tn TUN,CB,25-128,90,0,0,0,1,1,0,1,1,2,0,0,0,4,2,1,66.7,https://fbref.com/en/players/edd81e2a/Dylan-Bronn-Dylan Bronn,
12,Fabien Centonze,https://fbref.com/en/players/3c6bbbab/Fabien-Centonze,18,18,fr FRA,RB,24-283,90,0,0,0,1,4,0,2,6,5,0,0,0,7,1,0,100.0,https://fbref.com/en/players/3c6bbbab/Fabien-Centonze-Fabien Centonze,
13,Alexandre Oukidja,https://fbref.com/en/players/ae7d0ecd/Alexandre-Oukidja,16,16,dz ALG,GK,32-098,90,0,0,0,0,0,0,0,0,0,0,0,0,1,1,0,100.0,https://fbref.com/en/players/ae7d0ecd/Alexandre-Oukidja-Alexandre Oukidja,
