,Player Name,Player Number,Player,#,Nation,Pos,Age,Min,Gls,Ast,PK,PKatt,Sh,SoT,CrdY,CrdR,Touches,Tkl,Int,Blocks,xG,npxG,xAG,SCA,GCA,Cmp,Att,Cmp%,PrgP,Carries,PrgC,Att,Succ,Player Key,Player Link
0,Opa Nguette,https://fbref.com/en/players/75a63397/Opa-Nguette,11,11,sn SEN,FW,26-109,90,0,0,0,0,1,0,0,0,43,0,0,4,0.1,0.1,0.0,3,1,18,26,69.2,0,25,1,6,4,https://fbref.com/en/players/75a63397/Opa-Nguette-Opa Nguette,
1,Farid Boulaya,https://fbref.com/en/players/a0791826/Farid-Boulaya,10,10,dz ALG,"LW,RW",27-243,90,1,0,0,0,3,3,0,0,56,2,2,0,0.1,0.1,0.2,2,0,25,44,56.8,6,26,4,2,1,https://fbref.com/en/players/a0791826/Farid-Boulaya-Farid Boulaya,
2,Lamine Gueye,https://fbref.com/en/players/9d5dcc23/Lamine-Gueye,13,13,sn SEN,RW,22-226,55,0,0,0,0,0,0,0,0,23,3,0,0,0.0,0.0,0.0,0,0,11,15,73.3,3,14,1,1,1,https://fbref.com/en/players/9d5dcc23/Lamine-Gueye-Lamine Gueye,
3,Vagner Gonçalves,https://fbref.com/en/players/743fd71f/Vagner-Goncalves,27,27,cv CPV,"LW,RW",24-289,35,0,0,0,0,0,0,0,0,13,0,0,1,0.0,0.0,0.0,1,0,7,8,87.5,1,5,0,0,0,https://fbref.com/en/players/743fd71f/Vagner-Goncalves-Vagner Gonçalves,
4,Habib Maïga,https://fbref.com/en/players/e768de1f/Habib-Maiga,19,19,ci CIV,LM,24-298,89,0,0,0,0,0,0,1,0,41,0,1,3,0.0,0.0,0.0,1,0,27,36,75.0,2,20,2,2,2,https://fbref.com/en/players/e768de1f/Habib-Maiga-Habib Maïga,
5,Mamadou Fofana,https://fbref.com/en/players/4c4ffacc/Mamadou-Fofana,6,6,ml MLI,LM,22-278,1,0,0,0,0,0,0,0,0,0,0,0,0,0.0,0.0,0.0,0,0,0,0,,0,0,0,0,0,https://fbref.com/en/players/4c4ffacc/Mamadou-Fofana-Mamadou Fofana,
6,Vincent Pajot,https://fbref.com/en/players/f86ca403/Vincent-Pajot,14,14,fr FRA,CM,30-067,90,0,0,0,0,2,0,1,0,58,4,9,0,0.2,0.2,0.0,1,1,33,39,84.6,5,24,1,2,1,https://fbref.com/en/players/f86ca403/Vincent-Pajot-Vincent Pajot,
7,Victorien Angban,https://fbref.com/en/players/d8992b84/Victorien-Angban,5,5,ci CIV,RM,24-026,89,0,0,0,0,0,0,1,0,46,2,0,2,0.0,0.0,0.1,1,0,28,36,77.8,0,17,0,2,1,https://fbref.com/en/players/d8992b84/Victorien-Angban-Victorien Angban,
8,Warren Tchimbembé,https://fbref.com/en/players/93b8f9f4/Warren-Tchimbembe,12,12,cg CGO,RM,22-187,1,0,0,0,0,0,0,0,0,1,0,0,0,0.0,0.0,0.0,0,0,0,0,,0,0,0,0,0,https://fbref.com/en/players/93b8f9f4/Warren-Tchimbembe-Warren Tchimbembé,
9,Matthieu Udol,https://fbref.com/en/players/cc41f558/Matthieu-Udol,3,3,fr FRA,LB,24-219,90,0,0,0,0,0,0,0,0,50,1,1,3,0.0,0.0,0.0,0,0,26,39,66.7,2,20,2,1,0,https://fbref.com/en/players/cc41f558/Matthieu-Udol-Matthieu Udol,
10,John Boye,https://fbref.com/en/players/861227d2/John-Boye,21,21,gh GHA,CB,33-185,90,0,0,0,0,0,0,0,0,34,2,2,1,0.0,0.0,0.0,0,0,21,29,72.4,1,16,0,0,0,https://fbref.com/en/players/861227d2/John-Boye-John Boye,
11,Dylan Bronn,https://fbref.com/en/players/edd81e2a/Dylan-Bronn,2,2,tn TUN,CB,25-128,90,0,0,0,0,0,0,0,0,42,3,1,2,0.0,0.0,0.0,0,0,20,28,71.4,1,21,0,0,0,https://fbref.com/en/players/edd81e2a/Dylan-Bronn-Dylan Bronn,
12,Fabien Centonze,https://fbref.com/en/players/3c6bbbab/Fabien-Centonze,18,18,fr FRA,RB,24-283,90,0,0,0,0,0,0,0,0,65,5,6,0,0.0,0.0,0.0,1,0,29,44,65.9,2,27,1,6,3,https://fbref.com/en/players/3c6bbbab/Fabien-Centonze-Fabien Centonze,
13,Alexandre Oukidja,https://fbref.com/en/players/ae7d0ecd/Alexandre-Oukidja,16,16,dz ALG,GK,32-098,90,0,0,0,0,0,0,0,0,31,0,0,0,0.0,0.0,0.0,0,0,12,31,38.7,0,16,0,0,0,https://fbref.com/en/players/ae7d0ecd/Alexandre-Oukidja-Alexandre Oukidja,
