,Player Name,Player Number,Player,#,Nation,Pos,Age,Min,Gls,Ast,PK,PKatt,Sh,SoT,CrdY,CrdR,Touches,Tkl,Int,Blocks,xG,npxG,xAG,SCA,GCA,Cmp,Att,Cmp%,PrgP,Carries,PrgC,Att,Succ,Player Key,Player Link
0,Romain Hamouma,https://fbref.com/en/players/0b4d8274/Romain-Hamouma,21,21,fr FRA,FW,33-210,90,0,0,0,0,2,0,0,0,55,1,0,1,0.1,0.1,0.1,3,0,30,38,78.9,4,37,4,7,3,https://fbref.com/en/players/0b4d8274/Romain-Hamouma-Romain Hamouma,
1,Denis Bouanga,https://fbref.com/en/players/0b0cbe5b/Denis-Bouanga,20,20,ga GAB,LW,25-349,81,0,0,0,0,2,0,1,0,41,0,1,1,0.1,0.1,0.1,1,0,14,25,56.0,2,26,0,4,2,https://fbref.com/en/players/0b0cbe5b/Denis-Bouanga-Denis Bouanga,
2,Tyron Tormin,https://fbref.com/en/players/0d99c6e1/Tyron-Tormin,38,38,fr FRA,LW,19-118,9,0,0,0,0,1,0,0,0,5,0,0,0,0.0,0.0,0.0,0,0,4,4,100.0,0,1,0,0,0,https://fbref.com/en/players/0d99c6e1/Tyron-Tormin-Tyron Tormin,
3,Kévin Monnet-Paquet,https://fbref.com/en/players/4a57580c/Kevin-Monnet-Paquet,22,22,fr FRA,RW,32-067,45,0,0,0,0,0,0,0,0,21,0,0,0,0.0,0.0,0.0,0,0,10,16,62.5,0,14,2,3,1,https://fbref.com/en/players/4a57580c/Kevin-Monnet-Paquet-Kévin Monnet-Paquet,
4,Wahbi Khazri,https://fbref.com/en/players/2677a1de/Wahbi-Khazri,10,10,tn TUN,RW,29-260,45,0,0,0,0,1,0,0,0,22,0,0,1,0.0,0.0,0.0,2,0,14,19,73.7,5,17,2,2,2,https://fbref.com/en/players/2677a1de/Wahbi-Khazri-Wahbi Khazri,
5,Adil Aouchiche,https://fbref.com/en/players/b94b8be1/Adil-Aouchiche,17,17,fr FRA,AM,18-102,62,0,0,0,0,0,0,0,0,30,1,0,0,0.0,0.0,0.0,2,0,14,24,58.3,3,23,2,0,0,https://fbref.com/en/players/b94b8be1/Adil-Aouchiche-Adil Aouchiche,
6,Lucas Gourna-Douath,https://fbref.com/en/players/3cd7820a/Lucas-Gourna-Douath,33,33,fr FRA,AM,17-081,28,0,0,0,0,1,0,0,0,15,0,3,1,0.0,0.0,0.0,0,0,9,10,90.0,2,9,0,0,0,https://fbref.com/en/players/3cd7820a/Lucas-Gourna-Douath-Lucas Gourna-Douath,
7,Yvan Neyou,https://fbref.com/en/players/0ad37003/Yvan-Neyou,19,19,cm CMR,DM,23-296,81,0,0,0,0,1,0,1,0,44,0,2,0,0.0,0.0,0.0,0,0,34,40,85.0,2,27,0,2,2,https://fbref.com/en/players/0ad37003/Yvan-Neyou-Yvan Neyou,
8,Maxence Rivera,https://fbref.com/en/players/46a7b605/Maxence-Rivera,32,32,fr FRA,DM,18-148,9,0,0,0,0,0,0,0,0,8,0,0,0,0.0,0.0,0.0,0,0,2,5,40.0,0,5,0,1,0,https://fbref.com/en/players/46a7b605/Maxence-Rivera-Maxence Rivera,
9,Mahdi Camara,https://fbref.com/en/players/8577e60a/Mahdi-Camara,8,8,fr FRA,DM,22-117,90,0,0,0,0,0,0,0,0,52,7,1,3,0.0,0.0,0.0,1,0,32,37,86.5,3,24,1,0,0,https://fbref.com/en/players/8577e60a/Mahdi-Camara-Mahdi Camara,
10,Aimen Moueffek,https://fbref.com/en/players/2591b066/Aimen-Moueffek,34,34,fr FRA,LB,19-199,90,0,0,0,0,0,0,0,0,88,5,2,2,0.0,0.0,0.1,4,0,50,69,72.5,9,40,5,7,4,https://fbref.com/en/players/2591b066/Aimen-Moueffek-Aimen Moueffek,
11,Panagiotis Retsos,https://fbref.com/en/players/4bd00a50/Panagiotis-Retsos,4,4,gr GRE,CB,22-077,47,0,0,0,0,0,0,1,0,50,1,0,0,0.0,0.0,0.0,1,0,36,43,83.7,1,28,1,0,0,https://fbref.com/en/players/4bd00a50/Panagiotis-Retsos-Panagiotis Retsos,
12,Marvin Tshibuabua,https://fbref.com/en/players/7a0b1e96/Marvin-Tshibuabua,36,36,fr FRA,CB,18-291,43,0,0,0,0,2,0,0,0,27,1,1,0,0.2,0.2,0.0,0,0,13,18,72.2,0,16,0,1,1,https://fbref.com/en/players/7a0b1e96/Marvin-Tshibuabua-Marvin Tshibuabua,
13,Saidou Sow,https://fbref.com/en/players/f6b94e8d/Saidou-Sow,35,35,gn GUI,CB,18-113,90,0,0,0,0,0,0,0,0,69,4,2,0,0.0,0.0,0.0,2,0,45,54,83.3,1,26,0,0,0,https://fbref.com/en/players/f6b94e8d/Saidou-Sow-Saidou Sow,
14,Nelson Sissoko,https://fbref.com/en/players/12bd0579/Nelson-Sissoko,31,31,fr FRA,RB,23-232,90,0,0,0,0,0,0,0,0,80,1,2,0,0.0,0.0,0.0,2,0,50,70,71.4,7,38,5,0,0,https://fbref.com/en/players/12bd0579/Nelson-Sissoko-Nelson Sissoko,
15,Jessy Moulin,https://fbref.com/en/players/28a65a2c/Jessy-Moulin,30,30,fr FRA,GK,34-286,90,0,0,0,0,0,0,0,0,32,0,1,0,0.0,0.0,0.0,0,0,31,31,100.0,0,17,0,0,0,https://fbref.com/en/players/28a65a2c/Jessy-Moulin-Jessy Moulin,
