,Player Name,Player Number,Player,#,Nation,Pos,Age,Min,Tkl,TklW,Def 3rd,Mid 3rd,Att 3rd,Tkl,Att,Tkl%,Lost,Blocks,Sh,Pass,Int,Tkl+Int,Clr,Err,Player Key,Player Link
0,Romain Hamouma,https://fbref.com/en/players/0b4d8274/Romain-Hamouma,21,21,fr FRA,FW,33-210,90,1,1,1,0,0,0,1,0.0,1,1,0,1,0,1,0,0,https://fbref.com/en/players/0b4d8274/Romain-Hamouma-Romain Hamouma,
1,Denis Bouanga,https://fbref.com/en/players/0b0cbe5b/Denis-Bouanga,20,20,ga GAB,LW,25-349,81,0,0,0,0,0,0,1,0.0,1,1,0,1,1,1,2,0,https://fbref.com/en/players/0b0cbe5b/Denis-Bouanga-Denis Bouanga,
2,Tyron Tormin,https://fbref.com/en/players/0d99c6e1/Tyron-Tormin,38,38,fr FRA,LW,19-118,9,0,0,0,0,0,0,0,,0,0,0,0,0,0,0,0,https://fbref.com/en/players/0d99c6e1/Tyron-Tormin-Tyron Tormin,
3,Kévin Monnet-Paquet,https://fbref.com/en/players/4a57580c/Kevin-Monnet-Paquet,22,22,fr FRA,RW,32-067,45,0,0,0,0,0,0,1,0.0,1,0,0,0,0,0,0,0,https://fbref.com/en/players/4a57580c/Kevin-Monnet-Paquet-Kévin Monnet-Paquet,
4,Wahbi Khazri,https://fbref.com/en/players/2677a1de/Wahbi-Khazri,10,10,tn TUN,RW,29-260,45,0,0,0,0,0,0,0,,0,1,0,1,0,0,0,0,https://fbref.com/en/players/2677a1de/Wahbi-Khazri-Wahbi Khazri,
5,Adil Aouchiche,https://fbref.com/en/players/b94b8be1/Adil-Aouchiche,17,17,fr FRA,AM,18-102,62,1,0,0,0,1,1,3,33.3,2,0,0,0,0,1,0,0,https://fbref.com/en/players/b94b8be1/Adil-Aouchiche-Adil Aouchiche,
6,Lucas Gourna-Douath,https://fbref.com/en/players/3cd7820a/Lucas-Gourna-Douath,33,33,fr FRA,AM,17-081,28,0,0,0,0,0,0,0,,0,1,0,1,3,3,0,0,https://fbref.com/en/players/3cd7820a/Lucas-Gourna-Douath-Lucas Gourna-Douath,
7,Yvan Neyou,https://fbref.com/en/players/0ad37003/Yvan-Neyou,19,19,cm CMR,DM,23-296,81,0,0,0,0,0,0,0,,0,0,0,0,2,2,0,0,https://fbref.com/en/players/0ad37003/Yvan-Neyou-Yvan Neyou,
8,Maxence Rivera,https://fbref.com/en/players/46a7b605/Maxence-Rivera,32,32,fr FRA,DM,18-148,9,0,0,0,0,0,0,1,0.0,1,0,0,0,0,0,0,0,https://fbref.com/en/players/46a7b605/Maxence-Rivera-Maxence Rivera,
9,Mahdi Camara,https://fbref.com/en/players/8577e60a/Mahdi-Camara,8,8,fr FRA,DM,22-117,90,7,5,2,5,0,3,3,100.0,0,3,0,3,1,8,1,0,https://fbref.com/en/players/8577e60a/Mahdi-Camara-Mahdi Camara,
10,Aimen Moueffek,https://fbref.com/en/players/2591b066/Aimen-Moueffek,34,34,fr FRA,LB,19-199,90,5,5,4,0,1,2,5,40.0,3,2,0,2,2,7,2,0,https://fbref.com/en/players/2591b066/Aimen-Moueffek-Aimen Moueffek,
11,Panagiotis Retsos,https://fbref.com/en/players/4bd00a50/Panagiotis-Retsos,4,4,gr GRE,CB,22-077,47,1,1,1,0,0,0,2,0.0,2,0,0,0,0,1,4,0,https://fbref.com/en/players/4bd00a50/Panagiotis-Retsos-Panagiotis Retsos,
12,Marvin Tshibuabua,https://fbref.com/en/players/7a0b1e96/Marvin-Tshibuabua,36,36,fr FRA,CB,18-291,43,1,0,1,0,0,0,0,,0,0,0,0,1,2,1,0,https://fbref.com/en/players/7a0b1e96/Marvin-Tshibuabua-Marvin Tshibuabua,
13,Saidou Sow,https://fbref.com/en/players/f6b94e8d/Saidou-Sow,35,35,gn GUI,CB,18-113,90,4,2,4,0,0,2,3,66.7,1,0,0,0,2,6,7,0,https://fbref.com/en/players/f6b94e8d/Saidou-Sow-Saidou Sow,
14,Nelson Sissoko,https://fbref.com/en/players/12bd0579/Nelson-Sissoko,31,31,fr FRA,RB,23-232,90,1,1,1,0,0,1,2,50.0,1,0,0,0,2,3,4,0,https://fbref.com/en/players/12bd0579/Nelson-Sissoko-Nelson Sissoko,
15,Jessy Moulin,https://fbref.com/en/players/28a65a2c/Jessy-Moulin,30,30,fr FRA,GK,34-286,90,0,0,0,0,0,0,0,,0,0,0,0,1,1,0,0,https://fbref.com/en/players/28a65a2c/Jessy-Moulin-Jessy Moulin,
