,Player Name,Player Number,Player,#,Nation,Pos,Age,Min,Touches,Def Pen,Def 3rd,Mid 3rd,Att 3rd,Att Pen,Live,Att,Succ,Succ%,Tkld,Tkld%,Carries,TotDist,PrgDist,PrgC,1/3,CPA,Mis,Dis,Rec,PrgR,Player Key,Player Link
0,Romain Hamouma,https://fbref.com/en/players/0b4d8274/Romain-Hamouma,21,21,fr FRA,FW,33-210,90,55,0,4,23,28,7,55,7,3,42.9,4,57.1,37,249,74,4,4,2,8,2,40,14,https://fbref.com/en/players/0b4d8274/Romain-Hamouma-Romain Hamouma,
1,Denis Bouanga,https://fbref.com/en/players/0b0cbe5b/Denis-Bouanga,20,20,ga GAB,LW,25-349,81,41,2,11,19,11,5,41,4,2,50.0,2,50.0,26,107,31,0,0,0,2,4,27,6,https://fbref.com/en/players/0b0cbe5b/Denis-Bouanga-Denis Bouanga,
2,Tyron Tormin,https://fbref.com/en/players/0d99c6e1/Tyron-Tormin,38,38,fr FRA,LW,19-118,9,5,0,0,4,1,0,5,0,0,,0,,1,15,6,0,0,0,0,0,3,0,https://fbref.com/en/players/0d99c6e1/Tyron-Tormin-Tyron Tormin,
3,Kévin Monnet-Paquet,https://fbref.com/en/players/4a57580c/Kevin-Monnet-Paquet,22,22,fr FRA,RW,32-067,45,21,0,0,10,11,1,21,3,1,33.3,2,66.7,14,113,20,2,1,2,1,1,18,6,https://fbref.com/en/players/4a57580c/Kevin-Monnet-Paquet-Kévin Monnet-Paquet,
4,Wahbi Khazri,https://fbref.com/en/players/2677a1de/Wahbi-Khazri,10,10,tn TUN,RW,29-260,45,22,0,2,15,6,0,22,2,2,100.0,0,0.0,17,132,72,2,2,0,2,1,22,3,https://fbref.com/en/players/2677a1de/Wahbi-Khazri-Wahbi Khazri,
5,Adil Aouchiche,https://fbref.com/en/players/b94b8be1/Adil-Aouchiche,17,17,fr FRA,AM,18-102,62,30,0,2,18,10,0,30,0,0,,0,,23,125,65,2,1,0,3,1,25,4,https://fbref.com/en/players/b94b8be1/Adil-Aouchiche-Adil Aouchiche,
6,Lucas Gourna-Douath,https://fbref.com/en/players/3cd7820a/Lucas-Gourna-Douath,33,33,fr FRA,AM,17-081,28,15,0,5,8,2,0,15,0,0,,0,,9,58,23,0,0,0,0,0,8,0,https://fbref.com/en/players/3cd7820a/Lucas-Gourna-Douath-Lucas Gourna-Douath,
7,Yvan Neyou,https://fbref.com/en/players/0ad37003/Yvan-Neyou,19,19,cm CMR,DM,23-296,81,44,0,8,30,7,0,44,2,2,100.0,0,0.0,27,134,44,0,0,0,0,0,33,0,https://fbref.com/en/players/0ad37003/Yvan-Neyou-Yvan Neyou,
8,Maxence Rivera,https://fbref.com/en/players/46a7b605/Maxence-Rivera,32,32,fr FRA,DM,18-148,9,8,0,0,5,3,0,8,1,0,0.0,1,100.0,5,15,5,0,0,0,1,0,5,0,https://fbref.com/en/players/46a7b605/Maxence-Rivera-Maxence Rivera,
9,Mahdi Camara,https://fbref.com/en/players/8577e60a/Mahdi-Camara,8,8,fr FRA,DM,22-117,90,52,0,15,34,4,1,52,0,0,,0,,24,116,58,1,0,0,1,0,26,0,https://fbref.com/en/players/8577e60a/Mahdi-Camara-Mahdi Camara,
10,Aimen Moueffek,https://fbref.com/en/players/2591b066/Aimen-Moueffek,34,34,fr FRA,LB,19-199,90,88,1,25,44,19,1,88,7,4,57.1,3,42.9,40,230,132,5,3,0,3,1,38,3,https://fbref.com/en/players/2591b066/Aimen-Moueffek-Aimen Moueffek,
11,Panagiotis Retsos,https://fbref.com/en/players/4bd00a50/Panagiotis-Retsos,4,4,gr GRE,CB,22-077,47,50,6,29,21,0,0,50,0,0,,0,,28,220,167,1,0,0,1,0,32,0,https://fbref.com/en/players/4bd00a50/Panagiotis-Retsos-Panagiotis Retsos,
12,Marvin Tshibuabua,https://fbref.com/en/players/7a0b1e96/Marvin-Tshibuabua,36,36,fr FRA,CB,18-291,43,27,5,20,4,3,2,27,1,1,100.0,0,0.0,16,75,39,0,0,0,1,0,15,0,https://fbref.com/en/players/7a0b1e96/Marvin-Tshibuabua-Marvin Tshibuabua,
13,Saidou Sow,https://fbref.com/en/players/f6b94e8d/Saidou-Sow,35,35,gn GUI,CB,18-113,90,69,6,48,19,2,1,69,0,0,,0,,26,96,38,0,0,0,1,0,35,0,https://fbref.com/en/players/f6b94e8d/Saidou-Sow-Saidou Sow,
14,Nelson Sissoko,https://fbref.com/en/players/12bd0579/Nelson-Sissoko,31,31,fr FRA,RB,23-232,90,80,3,27,42,11,0,80,0,0,,0,,38,289,159,5,1,0,2,0,45,2,https://fbref.com/en/players/12bd0579/Nelson-Sissoko-Nelson Sissoko,
15,Jessy Moulin,https://fbref.com/en/players/28a65a2c/Jessy-Moulin,30,30,fr FRA,GK,34-286,90,32,29,32,0,0,0,32,0,0,,0,,17,76,39,0,0,0,0,0,13,0,https://fbref.com/en/players/28a65a2c/Jessy-Moulin-Jessy Moulin,
