,Minute,Player,Squad,xG,PSxG,Outcome,Distance,Body Part,Notes,SCA 1 Player,SCA 1 Event,SCA 2 Player,SCA 2 Event
0,5,Farid Boulaya,Metz,0.07,0.24,Goal,25,Right Foot,Free kick,Opa Nguette,Fouled,Vincent Pajot,Tackle
1,7,Opa Nguette,Metz,0.05,,Off Target,25,Right Foot,,Opa Nguette,Take-On,Victorien Angban,Pass (Live)
2,8,Denis Bouanga,Saint-Étienne,0.05,,Off Target,13,Left Foot,,Aimen Moueffek,Pass (Live),Panagiotis Retsos,Pass (Live)
3,11,Farid Boulaya,Metz,0.03,0.06,Saved,29,Right Foot,,Habib Maïga,Pass (Live),Opa Nguette,Pass (Live)
4,12,Yvan Neyou,Saint-Étienne,0.03,,Blocked,31,Left Foot,,Nelson Sissoko,Pass (Live),,
5,24,Vincent Pajot,Metz,0.07,,Off Target,17,Right Foot,,Farid Boulaya,Pass (Dead),Fabien Centonze,Fouled
6,26,Romain Hamouma,Saint-Étienne,0.04,,Blocked,15,Right Foot,Volley,Saidou Sow,Pass (Live),Adil Aouchiche,Pass (Dead)
7,34,Romain Hamouma,Saint-Étienne,0.06,,Blocked,13,Right Foot,,Aimen Moueffek,Pass (Live),Romain Hamouma,Pass (Live)
8,,,,,,,,,,,,,
9,54,Denis Bouanga,Saint-Étienne,0.01,,Off Target,44,Right Foot,,Adil Aouchiche,Pass (Live),Saidou Sow,Pass (Live)
10,66,Vincent Pajot,Metz,0.12,,Off Target,12,Right Foot,Volley,Farid Boulaya,Pass (Dead),,
11,69,Marvin Tshibuabua,Saint-Étienne,0.12,,Off Target,8,Head,,Denis Bouanga,Pass (Live),Wahbi Khazri,Pass (Dead)
12,71,Farid Boulaya,Metz,0.04,0.14,Saved,32,Right Foot,Free kick,Vagner Gonçalves,Fouled,,
13,74,Wahbi Khazri,Saint-Étienne,0.05,,Off Target,33,Right Foot,Free kick,Aimen Moueffek,Fouled,Aimen Moueffek,Take-On
14,82,Marvin Tshibuabua,Saint-Étienne,0.03,,Off Target,15,Head,,Romain Hamouma,Pass (Dead),Wahbi Khazri,Fouled
15,90+1,Tyron Tormin,Saint-Étienne,0.03,,Blocked,23,Left Foot,,Romain Hamouma,Pass (Dead),Nelson Sissoko,Pass (Live)
16,90+3,Lucas Gourna-Douath,Saint-Étienne,0.03,,Off Target,29,Right Foot,,Mahdi Camara,Pass (Live),,
