,Player Name,Player Number,Player,#,Nation,Pos,Age,Min,Att,Live,Dead,FK,TB,Sw,Crs,TI,CK,In,Out,Str,Cmp,Off,Blocks,Player Key,Player Link
0,Terem Moffi,https://fbref.com/en/players/065dc209/Terem-Moffi,13,13,ng NGA,FW,21-356,85,22,21,1,0,0,0,1,0,0,0,0,0,15,0,1,https://fbref.com/en/players/065dc209/Terem-Moffi-Terem Moffi,
1,Pierre-Yves Hamel,https://fbref.com/en/players/a99da9ec/Pierre-Yves-Hamel,29,29,fr FRA,"LM,FW",27-102,5,1,1,0,0,0,0,0,0,0,0,0,0,0,0,0,https://fbref.com/en/players/a99da9ec/Pierre-Yves-Hamel-Pierre-Yves Hamel,
2,Yoane Wissa,https://fbref.com/en/players/2500cef9/Yoane-Wissa,19,19,cd COD,FW,24-255,84,20,20,0,0,0,0,1,0,0,0,0,0,18,0,0,https://fbref.com/en/players/2500cef9/Yoane-Wissa-Yoane Wissa,
3,Thomas Monconduit,https://fbref.com/en/players/84d94b91/Thomas-Monconduit,23,23,fr FRA,"CM,FW",30-095,6,3,3,0,0,0,0,0,0,0,0,0,0,1,0,0,https://fbref.com/en/players/84d94b91/Thomas-Monconduit-Thomas Monconduit,
4,Laurent Abergel,https://fbref.com/en/players/31626657/Laurent-Abergel,6,6,fr FRA,CM,28-104,90,36,35,1,1,0,0,0,0,0,0,0,0,28,0,1,https://fbref.com/en/players/31626657/Laurent-Abergel-Laurent Abergel,
5,Fabien Lemoine,https://fbref.com/en/players/54d51e22/Fabien-Lemoine,18,18,fr FRA,CM,34-061,85,45,44,1,1,0,0,0,0,0,0,0,0,39,0,0,https://fbref.com/en/players/54d51e22/Fabien-Lemoine-Fabien Lemoine,
6,Adrian Grbić,https://fbref.com/en/players/4a987ffa/Adrian-Grbic,27,27,at AUT,"FW,CM",24-285,5,0,0,0,0,0,0,0,0,0,0,0,0,0,0,0,https://fbref.com/en/players/4a987ffa/Adrian-Grbic-Adrian Grbić,
7,Enzo Le Fée,https://fbref.com/en/players/6f806d99/Enzo-Le-Fee,10,10,fr FRA,CM,21-102,70,43,39,4,1,0,0,3,0,2,1,0,0,34,0,0,https://fbref.com/en/players/6f806d99/Enzo-Le-Fee-Enzo Le Fée,
8,Armand Lauriente,https://fbref.com/en/players/2d22cea7/Armand-Lauriente,28,28,fr FRA,"CM,RM",22-163,20,5,5,0,0,0,0,0,0,0,0,0,0,4,0,0,https://fbref.com/en/players/2d22cea7/Armand-Lauriente-Armand Lauriente,
9,Vincent Le Goff,https://fbref.com/en/players/2321ea6e/Vincent-Le-Goff,25,25,fr FRA,"WB,LB",31-213,90,43,35,8,0,0,0,1,8,0,0,0,0,34,0,1,https://fbref.com/en/players/2321ea6e/Vincent-Le-Goff-Vincent Le Goff,
10,Jérôme Hergault,https://fbref.com/en/players/a84f9a4b/Jerome-Hergault,14,14,fr FRA,"WB,RB",35-041,90,47,36,11,0,0,1,2,11,0,0,0,0,35,0,1,https://fbref.com/en/players/a84f9a4b/Jerome-Hergault-Jérôme Hergault,
11,Jérémy Morel,https://fbref.com/en/players/e97150c0/Jeremy-Morel,21,21,mg MAD,CB,37-044,90,60,55,5,5,0,2,0,0,0,0,0,0,49,0,1,https://fbref.com/en/players/e97150c0/Jeremy-Morel-Jérémy Morel,
12,Julien Laporte,https://fbref.com/en/players/f066022d/Julien-Laporte,15,15,fr FRA,CB,27-193,90,31,27,4,4,0,0,0,0,0,0,0,0,24,0,1,https://fbref.com/en/players/f066022d/Julien-Laporte-Julien Laporte,
13,Trevoh Chalobah,https://fbref.com/en/players/5515376c/Trevoh-Chalobah,8,8,eng ENG,CB,21-315,90,30,29,1,1,0,0,0,0,0,0,0,0,19,0,1,https://fbref.com/en/players/5515376c/Trevoh-Chalobah-Trevoh Chalobah,
14,Paul Nardi,https://fbref.com/en/players/2d70dbe5/Paul-Nardi,30,30,fr FRA,GK,26-363,90,26,14,12,5,0,0,0,0,0,0,0,0,16,0,0,https://fbref.com/en/players/2d70dbe5/Paul-Nardi-Paul Nardi,
