,Player Name,Player Number,Player,#,Nation,Pos,Age,Min,Gls,Ast,PK,PKatt,Sh,SoT,CrdY,CrdR,Touches,Tkl,Int,Blocks,xG,npxG,xAG,SCA,GCA,Cmp,Att,Cmp%,PrgP,Carries,PrgC,Att,Succ,Player Key,Player Link
0,Terem Moffi,https://fbref.com/en/players/065dc209/Terem-Moffi,13,13,ng NGA,FW,21-356,85,0,0,0,0,2,0,0,0,33,0,0,1,0.2,0.2,0.1,3,1,15,22,68.2,4,23,1,3,2,https://fbref.com/en/players/065dc209/Terem-Moffi-Terem Moffi,
1,Pierre-Yves Hamel,https://fbref.com/en/players/a99da9ec/Pierre-Yves-Hamel,29,29,fr FRA,"LM,FW",27-102,5,0,0,0,0,0,0,0,0,3,2,0,0,0.0,0.0,0.0,0,0,0,1,0.0,0,0,0,0,0,https://fbref.com/en/players/a99da9ec/Pierre-Yves-Hamel-Pierre-Yves Hamel,
2,Yoane Wissa,https://fbref.com/en/players/2500cef9/Yoane-Wissa,19,19,cd COD,FW,24-255,84,1,0,1,1,1,0,0,0,30,1,0,1,0.8,0.0,0.0,2,1,18,20,90.0,1,26,6,3,2,https://fbref.com/en/players/2500cef9/Yoane-Wissa-Yoane Wissa,
3,Thomas Monconduit,https://fbref.com/en/players/84d94b91/Thomas-Monconduit,23,23,fr FRA,"CM,FW",30-095,6,0,0,0,0,0,0,0,0,4,0,0,0,0.0,0.0,0.0,0,0,1,3,33.3,0,2,0,0,0,https://fbref.com/en/players/84d94b91/Thomas-Monconduit-Thomas Monconduit,
4,Laurent Abergel,https://fbref.com/en/players/31626657/Laurent-Abergel,6,6,fr FRA,CM,28-104,90,0,0,0,0,0,0,0,0,49,4,1,6,0.0,0.0,0.0,0,0,28,36,77.8,3,35,1,3,3,https://fbref.com/en/players/31626657/Laurent-Abergel-Laurent Abergel,
5,Fabien Lemoine,https://fbref.com/en/players/54d51e22/Fabien-Lemoine,18,18,fr FRA,CM,34-061,85,0,0,0,0,0,0,0,0,52,5,0,0,0.0,0.0,0.1,2,0,39,45,86.7,2,31,1,0,0,https://fbref.com/en/players/54d51e22/Fabien-Lemoine-Fabien Lemoine,
6,Adrian Grbić,https://fbref.com/en/players/4a987ffa/Adrian-Grbic,27,27,at AUT,"FW,CM",24-285,5,0,0,0,0,0,0,1,0,3,0,0,1,0.0,0.0,0.0,0,0,0,0,,0,3,0,0,0,https://fbref.com/en/players/4a987ffa/Adrian-Grbic-Adrian Grbić,
7,Enzo Le Fée,https://fbref.com/en/players/6f806d99/Enzo-Le-Fee,10,10,fr FRA,CM,21-102,70,0,0,0,0,1,0,0,0,49,2,1,1,0.1,0.1,0.1,1,0,34,43,79.1,3,36,4,3,2,https://fbref.com/en/players/6f806d99/Enzo-Le-Fee-Enzo Le Fée,
8,Armand Lauriente,https://fbref.com/en/players/2d22cea7/Armand-Lauriente,28,28,fr FRA,"CM,RM",22-163,20,0,1,0,0,0,0,0,0,11,0,0,0,0.0,0.0,0.3,1,1,4,5,80.0,1,6,0,3,1,https://fbref.com/en/players/2d22cea7/Armand-Lauriente-Armand Lauriente,
9,Vincent Le Goff,https://fbref.com/en/players/2321ea6e/Vincent-Le-Goff,25,25,fr FRA,"WB,LB",31-213,90,0,0,0,0,0,0,0,0,49,0,0,1,0.0,0.0,0.0,0,0,34,43,79.1,3,26,2,1,0,https://fbref.com/en/players/2321ea6e/Vincent-Le-Goff-Vincent Le Goff,
10,Jérôme Hergault,https://fbref.com/en/players/a84f9a4b/Jerome-Hergault,14,14,fr FRA,"WB,RB",35-041,90,1,0,0,0,1,1,0,0,59,2,1,1,0.3,0.3,0.0,0,0,35,47,74.5,6,27,2,4,0,https://fbref.com/en/players/a84f9a4b/Jerome-Hergault-Jérôme Hergault,
11,Jérémy Morel,https://fbref.com/en/players/e97150c0/Jeremy-Morel,21,21,mg MAD,CB,37-044,90,0,0,0,0,0,0,0,0,66,3,1,0,0.0,0.0,0.0,0,0,49,60,81.7,4,48,1,0,0,https://fbref.com/en/players/e97150c0/Jeremy-Morel-Jérémy Morel,
12,Julien Laporte,https://fbref.com/en/players/f066022d/Julien-Laporte,15,15,fr FRA,CB,27-193,90,0,0,0,0,0,0,0,0,40,4,1,0,0.0,0.0,0.0,0,0,24,31,77.4,1,22,0,1,1,https://fbref.com/en/players/f066022d/Julien-Laporte-Julien Laporte,
13,Trevoh Chalobah,https://fbref.com/en/players/5515376c/Trevoh-Chalobah,8,8,eng ENG,CB,21-315,90,0,0,0,0,0,0,0,0,39,2,2,0,0.0,0.0,0.0,1,1,19,30,63.3,2,23,2,0,0,https://fbref.com/en/players/5515376c/Trevoh-Chalobah-Trevoh Chalobah,
14,Paul Nardi,https://fbref.com/en/players/2d70dbe5/Paul-Nardi,30,30,fr FRA,GK,26-363,90,0,0,0,0,0,0,0,0,27,0,0,1,0.0,0.0,0.0,0,0,16,26,61.5,0,13,0,0,0,https://fbref.com/en/players/2d70dbe5/Paul-Nardi-Paul Nardi,
