,Player Name,Player Number,Player,#,Nation,Pos,Age,Min,Touches,Def Pen,Def 3rd,Mid 3rd,Att 3rd,Att Pen,Live,Att,Succ,Succ%,Tkld,Tkld%,Carries,TotDist,PrgDist,PrgC,1/3,CPA,Mis,Dis,Rec,PrgR,Player Key,Player Link
0,Terem Moffi,https://fbref.com/en/players/065dc209/Terem-Moffi,13,13,ng NGA,FW,21-356,85,33,1,2,9,23,3,33,3,2,66.7,1,33.3,23,99,55,1,3,0,5,0,25,9,https://fbref.com/en/players/065dc209/Terem-Moffi-Terem Moffi,
1,Pierre-Yves Hamel,https://fbref.com/en/players/a99da9ec/Pierre-Yves-Hamel,29,29,fr FRA,"LM,FW",27-102,5,3,0,2,1,0,0,3,0,0,,0,,0,0,0,0,0,0,0,0,0,0,https://fbref.com/en/players/a99da9ec/Pierre-Yves-Hamel-Pierre-Yves Hamel,
2,Yoane Wissa,https://fbref.com/en/players/2500cef9/Yoane-Wissa,19,19,cd COD,FW,24-255,84,30,0,3,15,12,2,29,3,2,66.7,1,33.3,26,193,97,6,2,1,3,0,24,4,https://fbref.com/en/players/2500cef9/Yoane-Wissa-Yoane Wissa,
3,Thomas Monconduit,https://fbref.com/en/players/84d94b91/Thomas-Monconduit,23,23,fr FRA,"CM,FW",30-095,6,4,1,2,2,0,0,4,0,0,,0,,2,2,0,0,0,0,0,0,1,0,https://fbref.com/en/players/84d94b91/Thomas-Monconduit-Thomas Monconduit,
4,Laurent Abergel,https://fbref.com/en/players/31626657/Laurent-Abergel,6,6,fr FRA,CM,28-104,90,49,1,8,33,9,0,49,3,3,100.0,0,0.0,35,180,63,1,3,0,4,1,31,2,https://fbref.com/en/players/31626657/Laurent-Abergel-Laurent Abergel,
5,Fabien Lemoine,https://fbref.com/en/players/54d51e22/Fabien-Lemoine,18,18,fr FRA,CM,34-061,85,52,2,19,27,6,1,52,0,0,,0,,31,91,45,1,0,1,1,0,34,0,https://fbref.com/en/players/54d51e22/Fabien-Lemoine-Fabien Lemoine,
6,Adrian Grbić,https://fbref.com/en/players/4a987ffa/Adrian-Grbic,27,27,at AUT,"FW,CM",24-285,5,3,0,0,3,0,0,3,0,0,,0,,3,3,3,0,0,0,2,1,3,0,https://fbref.com/en/players/4a987ffa/Adrian-Grbic-Adrian Grbić,
7,Enzo Le Fée,https://fbref.com/en/players/6f806d99/Enzo-Le-Fee,10,10,fr FRA,CM,21-102,70,49,0,4,29,17,1,49,3,2,66.7,1,33.3,36,248,112,4,4,0,1,0,33,5,https://fbref.com/en/players/6f806d99/Enzo-Le-Fee-Enzo Le Fée,
8,Armand Lauriente,https://fbref.com/en/players/2d22cea7/Armand-Lauriente,28,28,fr FRA,"CM,RM",22-163,20,11,0,1,4,6,1,11,3,1,33.3,2,66.7,6,42,6,0,0,0,1,0,8,2,https://fbref.com/en/players/2d22cea7/Armand-Lauriente-Armand Lauriente,
9,Vincent Le Goff,https://fbref.com/en/players/2321ea6e/Vincent-Le-Goff,25,25,fr FRA,"WB,LB",31-213,90,49,2,20,22,7,0,49,1,0,0.0,1,100.0,26,121,58,2,0,0,0,0,26,0,https://fbref.com/en/players/2321ea6e/Vincent-Le-Goff-Vincent Le Goff,
10,Jérôme Hergault,https://fbref.com/en/players/a84f9a4b/Jerome-Hergault,14,14,fr FRA,"WB,RB",35-041,90,59,2,18,19,22,1,59,4,0,0.0,4,100.0,27,152,64,2,1,0,1,1,28,7,https://fbref.com/en/players/a84f9a4b/Jerome-Hergault-Jérôme Hergault,
11,Jérémy Morel,https://fbref.com/en/players/e97150c0/Jeremy-Morel,21,21,mg MAD,CB,37-044,90,66,4,31,32,3,0,66,0,0,,0,,48,289,218,1,1,0,0,0,48,0,https://fbref.com/en/players/e97150c0/Jeremy-Morel-Jérémy Morel,
12,Julien Laporte,https://fbref.com/en/players/f066022d/Julien-Laporte,15,15,fr FRA,CB,27-193,90,40,9,32,9,0,0,40,1,1,100.0,0,0.0,22,93,51,0,0,0,0,0,18,0,https://fbref.com/en/players/f066022d/Julien-Laporte-Julien Laporte,
13,Trevoh Chalobah,https://fbref.com/en/players/5515376c/Trevoh-Chalobah,8,8,eng ENG,CB,21-315,90,39,1,18,18,4,0,39,0,0,,0,,23,143,114,2,2,0,0,0,23,1,https://fbref.com/en/players/5515376c/Trevoh-Chalobah-Trevoh Chalobah,
14,Paul Nardi,https://fbref.com/en/players/2d70dbe5/Paul-Nardi,30,30,fr FRA,GK,26-363,90,27,18,26,1,0,0,27,0,0,,0,,13,65,20,0,0,0,0,0,9,0,https://fbref.com/en/players/2d70dbe5/Paul-Nardi-Paul Nardi,
