,Player Name,Player Number,Player,#,Nation,Pos,Age,Min,Touches,Def Pen,Def 3rd,Mid 3rd,Att 3rd,Att Pen,Live,Att,Succ,Succ%,Tkld,Tkld%,Carries,TotDist,PrgDist,PrgC,1/3,CPA,Mis,Dis,Rec,PrgR,Player Key,Player Link
0,Vagner Gonçalves,https://fbref.com/en/players/743fd71f/Vagner-Goncalves,27,27,cv CPV,"FW,RM",25-126,61,32,0,0,22,10,0,32,1,0,0.0,1,100.0,22,33,10,0,0,0,3,2,29,6,https://fbref.com/en/players/743fd71f/Vagner-Goncalves-Vagner Gonçalves,
1,Boubacar Traoré,https://fbref.com/en/players/999ceb5f/Boubacar-Traore,8,8,ml MLI,CM,19-269,29,29,0,3,23,3,0,29,0,0,,0,,18,91,45,1,1,0,0,0,21,1,https://fbref.com/en/players/999ceb5f/Boubacar-Traore-Boubacar Traoré,
2,Ibrahima Niane,https://fbref.com/en/players/46faabfa/Ibrahima-Niane,7,7,sn SEN,FW,22-066,45,19,0,1,10,8,2,19,1,0,0.0,1,100.0,10,21,0,0,1,0,3,1,17,2,https://fbref.com/en/players/46faabfa/Ibrahima-Niane-Ibrahima Niane,
3,Thierry Ambrose,https://fbref.com/en/players/2945f4b7/Thierry-Ambrose,9,9,gp GLP,FW,24-049,45,19,0,1,11,7,0,19,1,0,0.0,1,100.0,15,62,2,0,0,0,2,0,17,5,https://fbref.com/en/players/2945f4b7/Thierry-Ambrose-Thierry Ambrose,
4,Pape Matar Sarr,https://fbref.com/en/players/feb5d972/Pape-Matar-Sarr,15,15,sn SEN,"CM,RM",18-244,90,77,0,11,54,13,1,77,2,2,100.0,0,0.0,65,377,142,2,2,0,1,0,65,4,https://fbref.com/en/players/feb5d972/Pape-Matar-Sarr-Pape Matar Sarr,
5,Kévin N'Doram,https://fbref.com/en/players/e50623a0/Kevin-NDoram,4,4,fr FRA,CM,25-114,45,25,0,3,21,1,0,25,1,0,0.0,1,100.0,19,95,76,1,0,0,0,0,20,1,https://fbref.com/en/players/e50623a0/Kevin-NDoram-Kévin N'Doram,
6,Papa Ndiaga Yade,https://fbref.com/en/players/87e9c7cd/Papa-Ndiaga-Yade,26,26,mr MTN,LM,21-131,45,22,1,1,13,10,0,22,3,1,33.3,2,66.7,17,102,46,1,2,0,1,1,16,2,https://fbref.com/en/players/87e9c7cd/Papa-Ndiaga-Yade-Papa Ndiaga Yade,
7,Habib Maïga,https://fbref.com/en/players/e768de1f/Habib-Maiga,19,19,ci CIV,CM,25-135,90,80,1,7,61,12,1,80,1,1,100.0,0,0.0,64,161,89,2,1,0,1,3,64,0,https://fbref.com/en/players/e768de1f/Habib-Maiga-Habib Maïga,
8,Thomas Delaine,https://fbref.com/en/players/8332db56/Thomas-Delaine,17,17,fr FRA,LB,29-053,90,88,1,20,56,13,1,88,3,2,66.7,1,33.3,63,321,234,6,5,1,0,0,61,9,https://fbref.com/en/players/8332db56/Thomas-Delaine-Thomas Delaine,
9,Mamadou Fofana,https://fbref.com/en/players/4c4ffacc/Mamadou-Fofana,6,6,ml MLI,CB,23-115,45,33,2,22,11,0,0,33,0,0,,0,,27,103,50,0,0,0,0,0,26,0,https://fbref.com/en/players/4c4ffacc/Mamadou-Fofana-Mamadou Fofana,
10,Youssef Maziz,https://fbref.com/en/players/514270e8/Youssef-Maziz,22,22,fr FRA,FW,22-326,45,32,0,3,24,5,0,32,2,1,50.0,1,50.0,20,83,26,1,3,0,2,3,25,1,https://fbref.com/en/players/514270e8/Youssef-Maziz-Youssef Maziz,
11,Boubakar Kouyaté,https://fbref.com/en/players/562a4799/Boubakar-Kouyate,23,23,ml MLI,CB,24-031,90,97,6,60,36,2,1,97,1,1,100.0,0,0.0,62,241,117,0,0,0,0,0,61,0,https://fbref.com/en/players/562a4799/Boubakar-Kouyate-Boubakar Kouyaté,
12,Dylan Bronn,https://fbref.com/en/players/edd81e2a/Dylan-Bronn,2,2,tn TUN,CB,25-331,90,102,1,40,63,0,0,102,0,0,,0,,80,381,265,4,0,0,0,0,78,0,https://fbref.com/en/players/edd81e2a/Dylan-Bronn-Dylan Bronn,
13,Fabien Centonze,https://fbref.com/en/players/3c6bbbab/Fabien-Centonze,18,18,fr FRA,RB,25-120,90,83,2,19,45,19,1,83,9,3,33.3,6,66.7,57,421,223,4,4,0,1,1,61,13,https://fbref.com/en/players/3c6bbbab/Fabien-Centonze-Fabien Centonze,
14,Alexandre Oukidja,https://fbref.com/en/players/ae7d0ecd/Alexandre-Oukidja,16,16,dz ALG,GK,32-301,90,23,17,23,0,0,0,23,0,0,,0,,12,43,30,0,0,0,0,0,10,0,https://fbref.com/en/players/ae7d0ecd/Alexandre-Oukidja-Alexandre Oukidja,
