,Player Name,Player Number,Player,#,Nation,Pos,Age,Min,Att,Live,Dead,FK,TB,Sw,Crs,TI,CK,In,Out,Str,Cmp,Off,Blocks,Player Key,Player Link
0,Vagner Gonçalves,https://fbref.com/en/players/743fd71f/Vagner-Goncalves,27,27,cv CPV,"FW,RM",25-126,61,27,23,4,1,0,0,2,2,1,1,0,0,21,0,1,https://fbref.com/en/players/743fd71f/Vagner-Goncalves-Vagner Gonçalves,
1,Boubacar Traoré,https://fbref.com/en/players/999ceb5f/Boubacar-Traore,8,8,ml MLI,CM,19-269,29,26,26,0,0,0,0,0,0,0,0,0,0,20,0,1,https://fbref.com/en/players/999ceb5f/Boubacar-Traore-Boubacar Traoré,
2,Ibrahima Niane,https://fbref.com/en/players/46faabfa/Ibrahima-Niane,7,7,sn SEN,FW,22-066,45,13,12,1,0,0,0,0,0,0,0,0,0,9,0,0,https://fbref.com/en/players/46faabfa/Ibrahima-Niane-Ibrahima Niane,
3,Thierry Ambrose,https://fbref.com/en/players/2945f4b7/Thierry-Ambrose,9,9,gp GLP,FW,24-049,45,14,14,0,0,0,0,0,0,0,0,0,0,11,0,1,https://fbref.com/en/players/2945f4b7/Thierry-Ambrose-Thierry Ambrose,
4,Pape Matar Sarr,https://fbref.com/en/players/feb5d972/Pape-Matar-Sarr,15,15,sn SEN,"CM,RM",18-244,90,73,71,2,2,0,3,0,0,0,0,0,0,65,0,0,https://fbref.com/en/players/feb5d972/Pape-Matar-Sarr-Pape Matar Sarr,
5,Kévin N'Doram,https://fbref.com/en/players/e50623a0/Kevin-NDoram,4,4,fr FRA,CM,25-114,45,23,21,2,2,0,0,0,0,0,0,0,0,21,0,0,https://fbref.com/en/players/e50623a0/Kevin-NDoram-Kévin N'Doram,
6,Papa Ndiaga Yade,https://fbref.com/en/players/87e9c7cd/Papa-Ndiaga-Yade,26,26,mr MTN,LM,21-131,45,17,16,1,0,0,0,4,1,0,0,0,0,13,0,1,https://fbref.com/en/players/87e9c7cd/Papa-Ndiaga-Yade-Papa Ndiaga Yade,
7,Habib Maïga,https://fbref.com/en/players/e768de1f/Habib-Maiga,19,19,ci CIV,CM,25-135,90,72,71,1,0,0,1,3,1,0,0,0,0,64,0,0,https://fbref.com/en/players/e768de1f/Habib-Maiga-Habib Maïga,
8,Thomas Delaine,https://fbref.com/en/players/8332db56/Thomas-Delaine,17,17,fr FRA,LB,29-053,90,81,70,11,1,0,0,3,10,0,0,0,0,71,0,4,https://fbref.com/en/players/8332db56/Thomas-Delaine-Thomas Delaine,
9,Mamadou Fofana,https://fbref.com/en/players/4c4ffacc/Mamadou-Fofana,6,6,ml MLI,CB,23-115,45,32,32,0,0,0,0,0,0,0,0,0,0,30,0,0,https://fbref.com/en/players/4c4ffacc/Mamadou-Fofana-Mamadou Fofana,
10,Youssef Maziz,https://fbref.com/en/players/514270e8/Youssef-Maziz,22,22,fr FRA,FW,22-326,45,25,22,3,1,0,0,0,0,0,0,0,0,18,0,1,https://fbref.com/en/players/514270e8/Youssef-Maziz-Youssef Maziz,
11,Boubakar Kouyaté,https://fbref.com/en/players/562a4799/Boubakar-Kouyate,23,23,ml MLI,CB,24-031,90,85,82,3,3,0,1,0,0,0,0,0,0,75,0,0,https://fbref.com/en/players/562a4799/Boubakar-Kouyate-Boubakar Kouyaté,
12,Dylan Bronn,https://fbref.com/en/players/edd81e2a/Dylan-Bronn,2,2,tn TUN,CB,25-331,90,97,93,4,4,0,1,0,0,0,0,0,0,83,0,0,https://fbref.com/en/players/edd81e2a/Dylan-Bronn-Dylan Bronn,
13,Fabien Centonze,https://fbref.com/en/players/3c6bbbab/Fabien-Centonze,18,18,fr FRA,RB,25-120,90,71,62,9,0,0,0,3,9,0,0,0,0,58,0,5,https://fbref.com/en/players/3c6bbbab/Fabien-Centonze-Fabien Centonze,
14,Alexandre Oukidja,https://fbref.com/en/players/ae7d0ecd/Alexandre-Oukidja,16,16,dz ALG,GK,32-301,90,21,15,6,0,0,0,0,0,0,0,0,0,17,0,0,https://fbref.com/en/players/ae7d0ecd/Alexandre-Oukidja-Alexandre Oukidja,
