,Player Name,Player Number,Player,#,Nation,Pos,Age,Min,Gls,Ast,PK,PKatt,Sh,SoT,CrdY,CrdR,Touches,Tkl,Int,Blocks,xG,npxG,xAG,SCA,GCA,Cmp,Att,Cmp%,PrgP,Carries,PrgC,Att,Succ,Player Key,Player Link
0,Vagner Gonçalves,https://fbref.com/en/players/743fd71f/Vagner-Goncalves,27,27,cv CPV,"FW,RM",25-126,61,0,0,0,0,0,0,0,0,32,0,0,1,0.0,0.0,0.0,0,0,21,27,77.8,2,22,0,1,0,https://fbref.com/en/players/743fd71f/Vagner-Goncalves-Vagner Gonçalves,
1,Boubacar Traoré,https://fbref.com/en/players/999ceb5f/Boubacar-Traore,8,8,ml MLI,CM,19-269,29,1,0,0,0,1,1,0,0,29,1,0,1,0.0,0.0,0.0,1,0,20,26,76.9,2,18,1,0,0,https://fbref.com/en/players/999ceb5f/Boubacar-Traore-Boubacar Traoré,
2,Ibrahima Niane,https://fbref.com/en/players/46faabfa/Ibrahima-Niane,7,7,sn SEN,FW,22-066,45,0,0,0,0,0,0,0,0,19,0,0,0,0.0,0.0,0.0,0,0,9,13,69.2,2,10,0,1,0,https://fbref.com/en/players/46faabfa/Ibrahima-Niane-Ibrahima Niane,
3,Thierry Ambrose,https://fbref.com/en/players/2945f4b7/Thierry-Ambrose,9,9,gp GLP,FW,24-049,45,0,0,0,0,0,0,1,0,19,0,0,1,0.0,0.0,0.0,0,0,11,14,78.6,3,15,0,1,0,https://fbref.com/en/players/2945f4b7/Thierry-Ambrose-Thierry Ambrose,
4,Pape Matar Sarr,https://fbref.com/en/players/feb5d972/Pape-Matar-Sarr,15,15,sn SEN,"CM,RM",18-244,90,0,0,0,0,1,0,0,0,77,1,1,1,0.0,0.0,0.0,1,0,65,73,89.0,10,65,2,2,2,https://fbref.com/en/players/feb5d972/Pape-Matar-Sarr-Pape Matar Sarr,
5,Kévin N'Doram,https://fbref.com/en/players/e50623a0/Kevin-NDoram,4,4,fr FRA,CM,25-114,45,0,0,0,0,0,0,0,0,25,0,1,0,0.0,0.0,0.0,0,0,21,23,91.3,2,19,1,1,0,https://fbref.com/en/players/e50623a0/Kevin-NDoram-Kévin N'Doram,
6,Papa Ndiaga Yade,https://fbref.com/en/players/87e9c7cd/Papa-Ndiaga-Yade,26,26,mr MTN,LM,21-131,45,0,0,0,0,0,0,0,0,22,0,0,0,0.0,0.0,0.0,0,0,13,17,76.5,0,17,1,3,1,https://fbref.com/en/players/87e9c7cd/Papa-Ndiaga-Yade-Papa Ndiaga Yade,
7,Habib Maïga,https://fbref.com/en/players/e768de1f/Habib-Maiga,19,19,ci CIV,CM,25-135,90,0,0,0,0,0,0,0,0,80,4,0,1,0.0,0.0,0.0,1,1,64,72,88.9,11,64,2,1,1,https://fbref.com/en/players/e768de1f/Habib-Maiga-Habib Maïga,
8,Thomas Delaine,https://fbref.com/en/players/8332db56/Thomas-Delaine,17,17,fr FRA,LB,29-053,90,0,1,0,0,0,0,0,0,88,2,0,1,0.0,0.0,0.0,1,1,71,81,87.7,2,63,6,3,2,https://fbref.com/en/players/8332db56/Thomas-Delaine-Thomas Delaine,
9,Mamadou Fofana,https://fbref.com/en/players/4c4ffacc/Mamadou-Fofana,6,6,ml MLI,CB,23-115,45,0,0,0,0,0,0,0,0,33,0,1,0,0.0,0.0,0.0,0,0,30,32,93.8,2,27,0,0,0,https://fbref.com/en/players/4c4ffacc/Mamadou-Fofana-Mamadou Fofana,
10,Youssef Maziz,https://fbref.com/en/players/514270e8/Youssef-Maziz,22,22,fr FRA,FW,22-326,45,0,0,0,0,0,0,0,0,32,0,2,0,0.0,0.0,0.0,0,0,18,25,72.0,2,20,1,2,1,https://fbref.com/en/players/514270e8/Youssef-Maziz-Youssef Maziz,
11,Boubakar Kouyaté,https://fbref.com/en/players/562a4799/Boubakar-Kouyate,23,23,ml MLI,CB,24-031,90,0,0,0,0,0,0,1,0,97,3,4,0,0.0,0.0,0.0,0,0,75,85,88.2,2,62,0,1,1,https://fbref.com/en/players/562a4799/Boubakar-Kouyate-Boubakar Kouyaté,
12,Dylan Bronn,https://fbref.com/en/players/edd81e2a/Dylan-Bronn,2,2,tn TUN,CB,25-331,90,0,0,0,0,1,0,1,0,102,0,2,3,0.0,0.0,0.0,0,0,83,97,85.6,5,80,4,0,0,https://fbref.com/en/players/edd81e2a/Dylan-Bronn-Dylan Bronn,
13,Fabien Centonze,https://fbref.com/en/players/3c6bbbab/Fabien-Centonze,18,18,fr FRA,RB,25-120,90,0,0,0,0,0,0,1,0,83,2,0,0,0.0,0.0,0.0,1,0,58,71,81.7,1,57,4,9,3,https://fbref.com/en/players/3c6bbbab/Fabien-Centonze-Fabien Centonze,
14,Alexandre Oukidja,https://fbref.com/en/players/ae7d0ecd/Alexandre-Oukidja,16,16,dz ALG,GK,32-301,90,0,0,0,0,0,0,0,0,23,0,0,0,0.0,0.0,0.0,0,0,17,21,81.0,0,12,0,0,0,https://fbref.com/en/players/ae7d0ecd/Alexandre-Oukidja-Alexandre Oukidja,
