,Minute,Player,Squad,xG,PSxG,Outcome,Distance,Body Part,Notes,SCA 1 Player,SCA 1 Event,SCA 2 Player,SCA 2 Event
0,31,Yoane Wissa(pen),Lorient,0.79,1.00,Goal,13,Right Foot,,Yoane Wissa,Fouled,Trevoh Chalobah,Pass (Live)
1,44,Terem Moffi,Lorient,0.13,,Off Target,8,Head,,Enzo Le Fée,Pass (Dead),,
2,,,,,,,,,,,,,
3,51,Terem Moffi,Lorient,0.07,,Blocked,17,Right Foot,,Terem Moffi,Take-On,Fabien Lemoine,Pass (Live)
4,53,Pape Matar Sarr,Metz,0.04,,Blocked,34,Right Foot,Free kick,Pape Matar Sarr,Fouled,,
5,63,Yoane Wissa,Lorient,0.03,,Blocked,31,Left Foot,,Fabien Lemoine,Pass (Live),,
6,68,Dylan Bronn,Metz,0.02,,Off Target,49,Right Foot,Free kick,Fabien Centonze,Fouled,Boubacar Traoré,Pass (Live)
7,70,Enzo Le Fée,Lorient,0.07,,Off Target,16,Right Foot,Volley,Terem Moffi,Pass (Live),Yoane Wissa,Pass (Live)
8,72,Boubacar Traoré,Metz,0.02,0.33,Goal,34,Right Foot,,Thomas Delaine,Pass (Live),Habib Maïga,Pass (Live)
9,74,Jérôme Hergault,Lorient,0.31,0.75,Goal,10,Right Foot,,Armand Lauriente,Pass (Live),Terem Moffi,Pass (Live)
