,Player Name,Player Number,Player,#,Nation,Pos,Age,Min,Gls,Ast,PK,PKatt,Sh,SoT,CrdY,CrdR,Touches,Tkl,Int,Blocks,xG,npxG,xAG,SCA,GCA,Cmp,Att,Cmp%,PrgP,Carries,PrgC,Att,Succ,Player Key,Player Link
0,Pierre-Yves Hamel,https://fbref.com/en/players/a99da9ec/Pierre-Yves-Hamel,29,29,fr FRA,FW,26-244,69,1,0,0,0,3,2,0,0,31,0,2,1,0.5,0.5,0.0,3,0,14,17,82.4,0,13,0,1,0,https://fbref.com/en/players/a99da9ec/Pierre-Yves-Hamel-Pierre-Yves Hamel,
1,Adrian Grbić,https://fbref.com/en/players/4a987ffa/Adrian-Grbic,27,27,at AUT,FW,24-061,21,0,0,0,0,1,1,0,0,4,0,0,0,0.0,0.0,0.0,0,0,1,2,50.0,0,0,0,0,0,https://fbref.com/en/players/4a987ffa/Adrian-Grbic-Adrian Grbić,
2,Thomas Monconduit,https://fbref.com/en/players/84d94b91/Thomas-Monconduit,23,23,fr FRA,LM,29-237,80,0,0,0,0,2,0,0,0,47,1,1,1,0.1,0.1,0.1,3,1,29,41,70.7,7,22,1,0,0,https://fbref.com/en/players/84d94b91/Thomas-Monconduit-Thomas Monconduit,
3,Sylvain Marveaux,https://fbref.com/en/players/4ef705ab/Sylvain-Marveaux,12,12,fr FRA,LM,34-172,10,0,0,0,0,1,0,0,0,13,0,0,0,0.1,0.1,0.0,0,0,8,11,72.7,1,6,2,0,0,https://fbref.com/en/players/4ef705ab/Sylvain-Marveaux-Sylvain Marveaux,
4,Laurent Abergel,https://fbref.com/en/players/31626657/Laurent-Abergel,6,6,fr FRA,CM,27-246,90,0,0,0,0,0,0,1,0,52,4,1,1,0.0,0.0,0.0,1,0,34,47,72.3,6,20,1,0,0,https://fbref.com/en/players/31626657/Laurent-Abergel-Laurent Abergel,
5,Fabien Lemoine,https://fbref.com/en/players/54d51e22/Fabien-Lemoine,18,18,fr FRA,CM,33-202,69,0,0,0,0,0,0,0,0,55,1,0,1,0.0,0.0,0.0,0,0,42,49,85.7,4,26,1,0,0,https://fbref.com/en/players/54d51e22/Fabien-Lemoine-Fabien Lemoine,
6,Enzo Le Fée,https://fbref.com/en/players/6f806d99/Enzo-Le-Fee,10,10,fr FRA,CM,20-244,21,0,0,0,0,1,0,0,0,13,0,0,0,0.0,0.0,0.1,1,0,8,11,72.7,0,5,0,0,0,https://fbref.com/en/players/6f806d99/Enzo-Le-Fee-Enzo Le Fée,
7,Yoane Wissa,https://fbref.com/en/players/2500cef9/Yoane-Wissa,19,19,cd COD,RM,24-031,89,0,0,0,0,0,0,1,0,32,0,0,1,0.0,0.0,0.0,5,0,21,23,91.3,3,18,2,2,2,https://fbref.com/en/players/2500cef9/Yoane-Wissa-Yoane Wissa,
8,Umut Bozok,https://fbref.com/en/players/6e2c94ad/Umut-Bozok,9,9,tr TUR,RM,24-015,1,0,0,0,0,0,0,0,0,3,0,0,0,0.0,0.0,0.0,1,0,1,3,33.3,0,1,1,0,0,https://fbref.com/en/players/6e2c94ad/Umut-Bozok-Umut Bozok,
9,Vincent Le Goff,https://fbref.com/en/players/2321ea6e/Vincent-Le-Goff,25,25,fr FRA,LB,30-355,90,0,0,0,0,1,0,0,0,60,2,1,1,0.0,0.0,0.0,0,0,44,54,81.5,4,26,3,2,1,https://fbref.com/en/players/2321ea6e/Vincent-Le-Goff-Vincent Le Goff,
10,Jérémy Morel,https://fbref.com/en/players/e97150c0/Jeremy-Morel,21,21,mg MAD,CB,36-185,90,0,0,0,0,0,0,0,0,45,3,1,2,0.0,0.0,0.0,0,0,31,36,86.1,1,15,0,0,0,https://fbref.com/en/players/e97150c0/Jeremy-Morel-Jérémy Morel,
11,Thomas Fontaine,https://fbref.com/en/players/9f90c06b/Thomas-Fontaine,5,5,mg MAD,CB,29-149,69,0,0,0,0,0,0,0,0,22,0,0,1,0.0,0.0,0.0,0,0,14,16,87.5,0,6,0,0,0,https://fbref.com/en/players/9f90c06b/Thomas-Fontaine-Thomas Fontaine,
12,Stéphane Diarra,https://fbref.com/en/players/29939a1d/Stephane-Diarra,7,7,fr FRA,CB,21-300,21,0,0,0,0,1,1,0,0,18,0,0,0,0.0,0.0,0.0,2,0,7,12,58.3,2,10,0,2,1,https://fbref.com/en/players/29939a1d/Stephane-Diarra-Stéphane Diarra,
13,Julien Laporte,https://fbref.com/en/players/f066022d/Julien-Laporte,15,15,fr FRA,CB,26-335,90,0,0,0,0,0,0,0,0,47,3,3,0,0.0,0.0,0.0,0,0,27,37,73.0,0,8,0,0,0,https://fbref.com/en/players/f066022d/Julien-Laporte-Julien Laporte,
14,Houboulang Mendes,https://fbref.com/en/players/1545cf15/Houboulang-Mendes,17,17,gw GNB,RB,22-153,90,0,0,0,0,0,0,0,0,51,5,0,3,0.0,0.0,0.0,2,0,20,36,55.6,1,17,3,1,0,https://fbref.com/en/players/1545cf15/Houboulang-Mendes-Houboulang Mendes,
15,Paul Nardi,https://fbref.com/en/players/2d70dbe5/Paul-Nardi,30,30,fr FRA,GK,26-139,90,0,0,0,0,0,0,0,0,34,0,0,0,0.0,0.0,0.0,0,0,18,31,58.1,0,19,0,0,0,https://fbref.com/en/players/2d70dbe5/Paul-Nardi-Paul Nardi,
