,Player Name,Player Number,Player,#,Nation,Pos,Age,Min,CrdY,CrdR,2CrdY,Fls,Fld,Off,Crs,Int,TklW,PKwon,PKcon,OG,Recov,Won,Lost,Won%,Player Key,Player Link
0,Pierre-Yves Hamel,https://fbref.com/en/players/a99da9ec/Pierre-Yves-Hamel,29,29,fr FRA,FW,26-244,69,0,0,0,2,1,0,0,2,0,0,0,0,2,2,2,50.0,https://fbref.com/en/players/a99da9ec/Pierre-Yves-Hamel-Pierre-Yves Hamel,
1,Adrian Grbić,https://fbref.com/en/players/4a987ffa/Adrian-Grbic,27,27,at AUT,FW,24-061,21,0,0,0,0,1,0,0,0,0,0,0,0,0,0,1,0.0,https://fbref.com/en/players/4a987ffa/Adrian-Grbic-Adrian Grbić,
2,Thomas Monconduit,https://fbref.com/en/players/84d94b91/Thomas-Monconduit,23,23,fr FRA,LM,29-237,80,0,0,0,2,0,0,2,1,0,0,0,0,5,0,1,0.0,https://fbref.com/en/players/84d94b91/Thomas-Monconduit-Thomas Monconduit,
3,Sylvain Marveaux,https://fbref.com/en/players/4ef705ab/Sylvain-Marveaux,12,12,fr FRA,LM,34-172,10,0,0,0,0,0,0,0,0,0,0,0,0,0,0,0,,https://fbref.com/en/players/4ef705ab/Sylvain-Marveaux-Sylvain Marveaux,
4,Laurent Abergel,https://fbref.com/en/players/31626657/Laurent-Abergel,6,6,fr FRA,CM,27-246,90,1,0,0,1,1,0,1,1,3,0,0,0,9,0,0,,https://fbref.com/en/players/31626657/Laurent-Abergel-Laurent Abergel,
5,Fabien Lemoine,https://fbref.com/en/players/54d51e22/Fabien-Lemoine,18,18,fr FRA,CM,33-202,69,0,0,0,5,1,0,0,0,1,0,0,0,8,0,0,,https://fbref.com/en/players/54d51e22/Fabien-Lemoine-Fabien Lemoine,
6,Enzo Le Fée,https://fbref.com/en/players/6f806d99/Enzo-Le-Fee,10,10,fr FRA,CM,20-244,21,0,0,0,1,1,0,0,0,0,0,0,0,3,0,0,,https://fbref.com/en/players/6f806d99/Enzo-Le-Fee-Enzo Le Fée,
7,Yoane Wissa,https://fbref.com/en/players/2500cef9/Yoane-Wissa,19,19,cd COD,RM,24-031,89,1,0,0,0,3,1,0,0,0,0,0,0,6,0,1,0.0,https://fbref.com/en/players/2500cef9/Yoane-Wissa-Yoane Wissa,
8,Umut Bozok,https://fbref.com/en/players/6e2c94ad/Umut-Bozok,9,9,tr TUR,RM,24-015,1,0,0,0,0,0,0,0,0,0,0,0,0,1,0,0,,https://fbref.com/en/players/6e2c94ad/Umut-Bozok-Umut Bozok,
9,Vincent Le Goff,https://fbref.com/en/players/2321ea6e/Vincent-Le-Goff,25,25,fr FRA,LB,30-355,90,0,0,0,0,0,0,3,1,2,0,0,0,8,1,1,50.0,https://fbref.com/en/players/2321ea6e/Vincent-Le-Goff-Vincent Le Goff,
10,Jérémy Morel,https://fbref.com/en/players/e97150c0/Jeremy-Morel,21,21,mg MAD,CB,36-185,90,0,0,0,0,0,0,1,1,1,0,0,0,5,1,1,50.0,https://fbref.com/en/players/e97150c0/Jeremy-Morel-Jérémy Morel,
11,Thomas Fontaine,https://fbref.com/en/players/9f90c06b/Thomas-Fontaine,5,5,mg MAD,CB,29-149,69,0,0,0,1,1,0,0,0,0,0,1,0,4,0,2,0.0,https://fbref.com/en/players/9f90c06b/Thomas-Fontaine-Thomas Fontaine,
12,Stéphane Diarra,https://fbref.com/en/players/29939a1d/Stephane-Diarra,7,7,fr FRA,CB,21-300,21,0,0,0,1,0,0,2,0,0,0,0,0,3,0,2,0.0,https://fbref.com/en/players/29939a1d/Stephane-Diarra-Stéphane Diarra,
13,Julien Laporte,https://fbref.com/en/players/f066022d/Julien-Laporte,15,15,fr FRA,CB,26-335,90,0,0,0,0,1,0,0,3,3,0,0,0,5,3,2,60.0,https://fbref.com/en/players/f066022d/Julien-Laporte-Julien Laporte,
14,Houboulang Mendes,https://fbref.com/en/players/1545cf15/Houboulang-Mendes,17,17,gw GNB,RB,22-153,90,0,0,0,2,0,0,6,0,3,0,0,0,2,0,4,0.0,https://fbref.com/en/players/1545cf15/Houboulang-Mendes-Houboulang Mendes,
15,Paul Nardi,https://fbref.com/en/players/2d70dbe5/Paul-Nardi,30,30,fr FRA,GK,26-139,90,0,0,0,0,0,0,0,0,0,0,0,0,0,0,0,,https://fbref.com/en/players/2d70dbe5/Paul-Nardi-Paul Nardi,
