,Player Name,Player Number,Player,#,Nation,Pos,Age,Min,Touches,Def Pen,Def 3rd,Mid 3rd,Att 3rd,Att Pen,Live,Att,Succ,Succ%,Tkld,Tkld%,Carries,TotDist,PrgDist,PrgC,1/3,CPA,Mis,Dis,Rec,PrgR,Player Key,Player Link
0,Pierre-Yves Hamel,https://fbref.com/en/players/a99da9ec/Pierre-Yves-Hamel,29,29,fr FRA,FW,26-244,69,31,1,3,19,9,2,31,1,0,0.0,1,100.0,13,31,7,0,0,0,5,2,20,2,https://fbref.com/en/players/a99da9ec/Pierre-Yves-Hamel-Pierre-Yves Hamel,
1,Adrian Grbić,https://fbref.com/en/players/4a987ffa/Adrian-Grbic,27,27,at AUT,FW,24-061,21,4,0,0,2,2,0,4,0,0,,0,,0,0,0,0,0,0,0,0,1,0,https://fbref.com/en/players/4a987ffa/Adrian-Grbic-Adrian Grbić,
2,Thomas Monconduit,https://fbref.com/en/players/84d94b91/Thomas-Monconduit,23,23,fr FRA,LM,29-237,80,47,1,9,31,8,0,47,0,0,,0,,22,110,76,1,2,0,1,1,35,2,https://fbref.com/en/players/84d94b91/Thomas-Monconduit-Thomas Monconduit,
3,Sylvain Marveaux,https://fbref.com/en/players/4ef705ab/Sylvain-Marveaux,12,12,fr FRA,LM,34-172,10,13,0,3,8,2,1,13,0,0,,0,,6,47,29,2,0,1,0,0,13,0,https://fbref.com/en/players/4ef705ab/Sylvain-Marveaux-Sylvain Marveaux,
4,Laurent Abergel,https://fbref.com/en/players/31626657/Laurent-Abergel,6,6,fr FRA,CM,27-246,90,52,0,11,35,6,0,52,0,0,,0,,20,124,62,1,0,0,1,2,34,0,https://fbref.com/en/players/31626657/Laurent-Abergel-Laurent Abergel,
5,Fabien Lemoine,https://fbref.com/en/players/54d51e22/Fabien-Lemoine,18,18,fr FRA,CM,33-202,69,55,4,21,36,0,0,55,0,0,,0,,26,131,83,1,0,0,0,0,38,0,https://fbref.com/en/players/54d51e22/Fabien-Lemoine-Fabien Lemoine,
6,Enzo Le Fée,https://fbref.com/en/players/6f806d99/Enzo-Le-Fee,10,10,fr FRA,CM,20-244,21,13,0,1,8,4,0,13,0,0,,0,,5,34,15,0,1,0,0,0,10,2,https://fbref.com/en/players/6f806d99/Enzo-Le-Fee-Enzo Le Fée,
7,Yoane Wissa,https://fbref.com/en/players/2500cef9/Yoane-Wissa,19,19,cd COD,RM,24-031,89,32,1,4,18,10,1,32,2,2,100.0,0,0.0,18,114,63,2,3,0,6,2,26,7,https://fbref.com/en/players/2500cef9/Yoane-Wissa-Yoane Wissa,
8,Umut Bozok,https://fbref.com/en/players/6e2c94ad/Umut-Bozok,9,9,tr TUR,RM,24-015,1,3,0,0,1,3,0,3,0,0,,0,,1,11,10,1,1,0,0,0,1,1,https://fbref.com/en/players/6e2c94ad/Umut-Bozok-Umut Bozok,
9,Vincent Le Goff,https://fbref.com/en/players/2321ea6e/Vincent-Le-Goff,25,25,fr FRA,LB,30-355,90,60,1,16,38,7,1,60,2,1,50.0,1,50.0,26,163,82,3,0,0,0,0,39,2,https://fbref.com/en/players/2321ea6e/Vincent-Le-Goff-Vincent Le Goff,
10,Jérémy Morel,https://fbref.com/en/players/e97150c0/Jeremy-Morel,21,21,mg MAD,CB,36-185,90,45,4,24,17,4,0,45,0,0,,0,,15,79,56,0,0,0,0,1,22,1,https://fbref.com/en/players/e97150c0/Jeremy-Morel-Jérémy Morel,
11,Thomas Fontaine,https://fbref.com/en/players/9f90c06b/Thomas-Fontaine,5,5,mg MAD,CB,29-149,69,22,4,11,11,0,0,22,0,0,,0,,6,25,1,0,0,0,0,0,11,0,https://fbref.com/en/players/9f90c06b/Thomas-Fontaine-Thomas Fontaine,
12,Stéphane Diarra,https://fbref.com/en/players/29939a1d/Stephane-Diarra,7,7,fr FRA,CB,21-300,21,18,0,0,5,13,0,18,2,1,50.0,1,50.0,10,86,35,0,0,0,1,1,11,7,https://fbref.com/en/players/29939a1d/Stephane-Diarra-Stéphane Diarra,
13,Julien Laporte,https://fbref.com/en/players/f066022d/Julien-Laporte,15,15,fr FRA,CB,26-335,90,47,11,32,15,0,0,47,0,0,,0,,8,19,8,0,0,0,0,0,22,0,https://fbref.com/en/players/f066022d/Julien-Laporte-Julien Laporte,
14,Houboulang Mendes,https://fbref.com/en/players/1545cf15/Houboulang-Mendes,17,17,gw GNB,RB,22-153,90,51,2,22,14,15,0,51,1,0,0.0,1,100.0,17,116,56,3,1,0,4,0,26,5,https://fbref.com/en/players/1545cf15/Houboulang-Mendes-Houboulang Mendes,
15,Paul Nardi,https://fbref.com/en/players/2d70dbe5/Paul-Nardi,30,30,fr FRA,GK,26-139,90,34,32,34,0,0,0,34,0,0,,0,,19,145,106,0,0,0,0,0,8,0,https://fbref.com/en/players/2d70dbe5/Paul-Nardi-Paul Nardi,
