,Player Name,Player Number,Player,#,Nation,Pos,Age,Min,Touches,Def Pen,Def 3rd,Mid 3rd,Att 3rd,Att Pen,Live,Att,Succ,Succ%,Tkld,Tkld%,Carries,TotDist,PrgDist,PrgC,1/3,CPA,Mis,Dis,Rec,PrgR,Player Key,Player Link
0,Ibrahima Niane,https://fbref.com/en/players/46faabfa/Ibrahima-Niane,7,7,sn SEN,FW,21-207,90,46,1,2,15,29,6,45,5,3,60.0,2,40.0,27,136,65,2,2,1,9,0,40,13,https://fbref.com/en/players/46faabfa/Ibrahima-Niane-Ibrahima Niane,
1,Thierry Ambrose,https://fbref.com/en/players/2945f4b7/Thierry-Ambrose,9,9,gp GLP,LW,23-190,63,39,0,1,15,25,5,39,6,5,83.3,1,16.7,28,231,103,5,3,1,5,2,30,10,https://fbref.com/en/players/2945f4b7/Thierry-Ambrose-Thierry Ambrose,
2,Papa Ndiaga Yade,https://fbref.com/en/players/87e9c7cd/Papa-Ndiaga-Yade,26,26,mr MTN,LW,20-273,27,13,0,0,4,9,0,13,1,0,0.0,1,100.0,8,51,13,1,0,0,2,2,9,1,https://fbref.com/en/players/87e9c7cd/Papa-Ndiaga-Yade-Papa Ndiaga Yade,
3,Opa Nguette,https://fbref.com/en/players/75a63397/Opa-Nguette,11,11,sn SEN,RW,26-088,83,40,1,4,10,26,4,40,5,2,40.0,3,60.0,18,99,34,2,1,1,0,2,29,7,https://fbref.com/en/players/75a63397/Opa-Nguette-Opa Nguette,
4,Warren Tchimbembé,https://fbref.com/en/players/93b8f9f4/Warren-Tchimbembe,12,12,cg CGO,RW,22-166,7,5,0,2,1,2,0,5,0,0,,0,,2,22,10,0,0,0,1,0,3,1,https://fbref.com/en/players/93b8f9f4/Warren-Tchimbembe-Warren Tchimbembé,
5,Vincent Pajot,https://fbref.com/en/players/f86ca403/Vincent-Pajot,14,14,fr FRA,AM,30-046,89,68,0,9,52,9,2,68,1,1,100.0,0,0.0,36,163,106,2,0,0,1,0,49,3,https://fbref.com/en/players/f86ca403/Vincent-Pajot-Vincent Pajot,
6,Youssef Maziz,https://fbref.com/en/players/514270e8/Youssef-Maziz,22,22,fr FRA,AM,22-102,1,1,0,0,1,0,0,1,1,0,0.0,1,100.0,1,3,0,0,0,0,0,0,1,0,https://fbref.com/en/players/514270e8/Youssef-Maziz-Youssef Maziz,
7,Victorien Angban,https://fbref.com/en/players/d8992b84/Victorien-Angban,5,5,ci CIV,DM,24-005,90,64,0,6,43,15,0,64,1,1,100.0,0,0.0,37,189,76,2,1,0,1,2,49,9,https://fbref.com/en/players/d8992b84/Victorien-Angban-Victorien Angban,
8,Habib Maïga,https://fbref.com/en/players/e768de1f/Habib-Maiga,19,19,ci CIV,DM,24-277,90,73,1,10,61,3,1,73,4,4,100.0,0,0.0,39,238,113,4,0,1,1,0,48,1,https://fbref.com/en/players/e768de1f/Habib-Maiga-Habib Maïga,
9,Matthieu Udol,https://fbref.com/en/players/cc41f558/Matthieu-Udol,3,3,fr FRA,LB,24-198,90,101,1,23,57,22,0,101,3,2,66.7,1,33.3,61,369,207,3,2,0,1,2,66,7,https://fbref.com/en/players/cc41f558/Matthieu-Udol-Matthieu Udol,
10,John Boye,https://fbref.com/en/players/861227d2/John-Boye,21,21,gh GHA,CB,33-164,90,68,4,24,44,0,0,68,0,0,,0,,32,132,71,0,0,0,0,0,47,0,https://fbref.com/en/players/861227d2/John-Boye-John Boye,
11,Dylan Bronn,https://fbref.com/en/players/edd81e2a/Dylan-Bronn,2,2,tn TUN,CB,25-107,90,80,5,27,52,1,1,80,0,0,,0,,42,158,97,0,0,0,0,0,60,0,https://fbref.com/en/players/edd81e2a/Dylan-Bronn-Dylan Bronn,
12,Fabien Centonze,https://fbref.com/en/players/3c6bbbab/Fabien-Centonze,18,18,fr FRA,RB,24-262,90,65,1,7,44,15,1,65,3,3,100.0,0,0.0,36,264,125,2,2,0,2,0,41,6,https://fbref.com/en/players/3c6bbbab/Fabien-Centonze-Fabien Centonze,
13,Alexandre Oukidja,https://fbref.com/en/players/ae7d0ecd/Alexandre-Oukidja,16,16,dz ALG,GK,32-077,90,36,27,35,1,0,0,36,0,0,,0,,16,96,50,0,0,0,0,0,11,0,https://fbref.com/en/players/ae7d0ecd/Alexandre-Oukidja-Alexandre Oukidja,
