,Player Name,Player Number,Player,#,Nation,Pos,Age,Min,Att,Live,Dead,FK,TB,Sw,Crs,TI,CK,In,Out,Str,Cmp,Off,Blocks,Player Key,Player Link
0,Ibrahima Niane,https://fbref.com/en/players/46faabfa/Ibrahima-Niane,7,7,sn SEN,FW,21-207,90,28,26,2,1,0,0,1,0,0,0,0,0,21,0,1,https://fbref.com/en/players/46faabfa/Ibrahima-Niane-Ibrahima Niane,
1,Thierry Ambrose,https://fbref.com/en/players/2945f4b7/Thierry-Ambrose,9,9,gp GLP,LW,23-190,63,30,25,5,1,1,0,8,1,3,3,0,0,17,0,1,https://fbref.com/en/players/2945f4b7/Thierry-Ambrose-Thierry Ambrose,
2,Papa Ndiaga Yade,https://fbref.com/en/players/87e9c7cd/Papa-Ndiaga-Yade,26,26,mr MTN,LW,20-273,27,8,7,1,0,0,0,2,0,1,0,1,0,5,0,0,https://fbref.com/en/players/87e9c7cd/Papa-Ndiaga-Yade-Papa Ndiaga Yade,
3,Opa Nguette,https://fbref.com/en/players/75a63397/Opa-Nguette,11,11,sn SEN,RW,26-088,83,26,26,0,0,0,0,1,0,0,0,0,0,22,0,1,https://fbref.com/en/players/75a63397/Opa-Nguette-Opa Nguette,
4,Warren Tchimbembé,https://fbref.com/en/players/93b8f9f4/Warren-Tchimbembe,12,12,cg CGO,RW,22-166,7,3,3,0,0,0,0,0,0,0,0,0,0,2,0,0,https://fbref.com/en/players/93b8f9f4/Warren-Tchimbembe-Warren Tchimbembé,
5,Vincent Pajot,https://fbref.com/en/players/f86ca403/Vincent-Pajot,14,14,fr FRA,AM,30-046,89,59,55,4,2,0,1,0,1,0,0,0,0,52,0,1,https://fbref.com/en/players/f86ca403/Vincent-Pajot-Vincent Pajot,
6,Youssef Maziz,https://fbref.com/en/players/514270e8/Youssef-Maziz,22,22,fr FRA,AM,22-102,1,0,0,0,0,0,0,0,0,0,0,0,0,0,0,0,https://fbref.com/en/players/514270e8/Youssef-Maziz-Youssef Maziz,
7,Victorien Angban,https://fbref.com/en/players/d8992b84/Victorien-Angban,5,5,ci CIV,DM,24-005,90,58,57,1,1,0,1,2,0,0,0,0,0,51,0,2,https://fbref.com/en/players/d8992b84/Victorien-Angban-Victorien Angban,
8,Habib Maïga,https://fbref.com/en/players/e768de1f/Habib-Maiga,19,19,ci CIV,DM,24-277,90,64,61,3,3,0,0,0,0,0,0,0,0,56,0,2,https://fbref.com/en/players/e768de1f/Habib-Maiga-Habib Maïga,
9,Matthieu Udol,https://fbref.com/en/players/cc41f558/Matthieu-Udol,3,3,fr FRA,LB,24-198,90,87,74,13,1,0,1,5,12,0,0,0,0,75,0,3,https://fbref.com/en/players/cc41f558/Matthieu-Udol-Matthieu Udol,
10,John Boye,https://fbref.com/en/players/861227d2/John-Boye,21,21,gh GHA,CB,33-164,90,59,58,1,1,0,1,0,0,0,0,0,0,54,0,0,https://fbref.com/en/players/861227d2/John-Boye-John Boye,
11,Dylan Bronn,https://fbref.com/en/players/edd81e2a/Dylan-Bronn,2,2,tn TUN,CB,25-107,90,73,71,2,2,0,1,0,0,0,0,0,0,64,0,1,https://fbref.com/en/players/edd81e2a/Dylan-Bronn-Dylan Bronn,
12,Fabien Centonze,https://fbref.com/en/players/3c6bbbab/Fabien-Centonze,18,18,fr FRA,RB,24-262,90,57,50,7,0,0,0,5,7,0,0,0,0,46,0,1,https://fbref.com/en/players/3c6bbbab/Fabien-Centonze-Fabien Centonze,
13,Alexandre Oukidja,https://fbref.com/en/players/ae7d0ecd/Alexandre-Oukidja,16,16,dz ALG,GK,32-077,90,33,24,9,2,0,0,0,0,0,0,0,0,24,0,0,https://fbref.com/en/players/ae7d0ecd/Alexandre-Oukidja-Alexandre Oukidja,
