,Player Name,Player Number,Player,#,Nation,Pos,Age,Min,Gls,Ast,PK,PKatt,Sh,SoT,CrdY,CrdR,Touches,Tkl,Int,Blocks,xG,npxG,xAG,SCA,GCA,Cmp,Att,Cmp%,PrgP,Carries,PrgC,Att,Succ,Player Key,Player Link
0,Ibrahima Niane,https://fbref.com/en/players/46faabfa/Ibrahima-Niane,7,7,sn SEN,FW,21-207,90,3,0,1,1,4,3,0,0,46,0,0,0,1.1,0.3,0.1,5,2,21,28,75.0,4,27,2,5,3,https://fbref.com/en/players/46faabfa/Ibrahima-Niane-Ibrahima Niane,
1,Thierry Ambrose,https://fbref.com/en/players/2945f4b7/Thierry-Ambrose,9,9,gp GLP,LW,23-190,63,0,0,0,0,0,0,0,0,39,0,0,0,0.0,0.0,0.2,7,0,17,30,56.7,4,28,5,6,5,https://fbref.com/en/players/2945f4b7/Thierry-Ambrose-Thierry Ambrose,
2,Papa Ndiaga Yade,https://fbref.com/en/players/87e9c7cd/Papa-Ndiaga-Yade,26,26,mr MTN,LW,20-273,27,0,0,0,0,1,0,0,0,13,0,0,0,0.0,0.0,0.0,0,0,5,8,62.5,1,8,1,1,0,https://fbref.com/en/players/87e9c7cd/Papa-Ndiaga-Yade-Papa Ndiaga Yade,
3,Opa Nguette,https://fbref.com/en/players/75a63397/Opa-Nguette,11,11,sn SEN,RW,26-088,83,0,0,0,0,4,1,0,0,40,1,0,3,0.2,0.2,0.1,4,0,22,26,84.6,2,18,2,5,2,https://fbref.com/en/players/75a63397/Opa-Nguette-Opa Nguette,
4,Warren Tchimbembé,https://fbref.com/en/players/93b8f9f4/Warren-Tchimbembe,12,12,cg CGO,RW,22-166,7,0,0,0,0,0,0,0,0,5,0,0,0,0.0,0.0,0.0,0,0,2,3,66.7,0,2,0,0,0,https://fbref.com/en/players/93b8f9f4/Warren-Tchimbembe-Warren Tchimbembé,
5,Vincent Pajot,https://fbref.com/en/players/f86ca403/Vincent-Pajot,14,14,fr FRA,AM,30-046,89,0,0,0,0,1,0,0,0,68,3,4,2,0.1,0.1,0.0,1,0,52,59,88.1,7,36,2,1,1,https://fbref.com/en/players/f86ca403/Vincent-Pajot-Vincent Pajot,
6,Youssef Maziz,https://fbref.com/en/players/514270e8/Youssef-Maziz,22,22,fr FRA,AM,22-102,1,0,0,0,0,0,0,0,0,1,0,0,0,0.0,0.0,0.0,0,0,0,0,,0,1,0,1,0,https://fbref.com/en/players/514270e8/Youssef-Maziz-Youssef Maziz,
7,Victorien Angban,https://fbref.com/en/players/d8992b84/Victorien-Angban,5,5,ci CIV,DM,24-005,90,0,1,0,0,0,0,1,0,64,3,0,0,0.0,0.0,0.1,1,1,51,58,87.9,9,37,2,1,1,https://fbref.com/en/players/d8992b84/Victorien-Angban-Victorien Angban,
8,Habib Maïga,https://fbref.com/en/players/e768de1f/Habib-Maiga,19,19,ci CIV,DM,24-277,90,0,1,0,0,1,1,0,0,73,3,1,0,0.1,0.1,0.2,5,2,56,64,87.5,7,39,4,4,4,https://fbref.com/en/players/e768de1f/Habib-Maiga-Habib Maïga,
9,Matthieu Udol,https://fbref.com/en/players/cc41f558/Matthieu-Udol,3,3,fr FRA,LB,24-198,90,0,0,0,0,1,0,0,0,101,1,6,1,0.0,0.0,0.0,2,0,75,87,86.2,11,61,3,3,2,https://fbref.com/en/players/cc41f558/Matthieu-Udol-Matthieu Udol,
10,John Boye,https://fbref.com/en/players/861227d2/John-Boye,21,21,gh GHA,CB,33-164,90,0,0,0,0,0,0,0,0,68,0,4,1,0.0,0.0,0.0,0,0,54,59,91.5,6,32,0,0,0,https://fbref.com/en/players/861227d2/John-Boye-John Boye,
11,Dylan Bronn,https://fbref.com/en/players/edd81e2a/Dylan-Bronn,2,2,tn TUN,CB,25-107,90,0,0,0,0,1,1,0,0,80,1,2,1,0.0,0.0,0.0,0,0,64,73,87.7,6,42,0,0,0,https://fbref.com/en/players/edd81e2a/Dylan-Bronn-Dylan Bronn,
12,Fabien Centonze,https://fbref.com/en/players/3c6bbbab/Fabien-Centonze,18,18,fr FRA,RB,24-262,90,0,0,0,0,2,1,0,0,65,1,4,0,0.1,0.1,0.1,2,0,46,57,80.7,1,36,2,3,3,https://fbref.com/en/players/3c6bbbab/Fabien-Centonze-Fabien Centonze,
13,Alexandre Oukidja,https://fbref.com/en/players/ae7d0ecd/Alexandre-Oukidja,16,16,dz ALG,GK,32-077,90,0,0,0,0,0,0,0,0,36,0,0,0,0.0,0.0,0.0,0,0,24,33,72.7,0,16,0,0,0,https://fbref.com/en/players/ae7d0ecd/Alexandre-Oukidja-Alexandre Oukidja,
