,Minute,Player,Squad,xG,PSxG,Outcome,Distance,Body Part,Notes,SCA 1 Player,SCA 1 Event,SCA 2 Player,SCA 2 Event
0,5,Pierre-Yves Hamel,Lorient,0.04,0.09,Saved,25,Right Foot,,Yoane Wissa,Pass (Live),Pierre-Yves Hamel,Pass (Live)
1,5,Pierre-Yves Hamel,Lorient,0.12,,Off Target,9,Head,,Thomas Monconduit,Pass (Dead),Pierre-Yves Hamel,Shot
2,6,Opa Nguette,Metz,0.09,,Blocked,6,Right Foot,Volley,Thierry Ambrose,Pass (Live),,
3,7,Dylan Bronn,Metz,0.04,0.02,Saved,15,Head,,Thierry Ambrose,Pass (Dead),Opa Nguette,Shot
4,14,Vincent Le Goff,Lorient,0.02,,Off Target,30,Left Foot,Volley,Yoane Wissa,Pass (Live),Houboulang Mendes,Pass (Dead)
5,22,Fabien Centonze,Metz,0.04,0.06,Saved,27,Left Foot,,Fabien Centonze,Take-On,Opa Nguette,Pass (Live)
6,31,Vincent Pajot,Metz,0.07,,Off Target,9,Head,,Fabien Centonze,Pass (Live),,
7,34,Opa Nguette,Metz,0.07,,Off Target,17,Right Foot,,Ibrahima Niane,Pass (Live),Thierry Ambrose,Pass (Live)
8,36,Thomas Monconduit,Lorient,0.09,,Blocked,23,Right Foot,Free kick,Yoane Wissa,Fouled,Thomas Monconduit,Pass (Live)
9,36,Pierre-Yves Hamel,Lorient,0.31,0.53,Goal,6,Head,Deflected,Thomas Monconduit,Shot,,
10,39,Ibrahima Niane,Metz,0.05,0.21,Saved,28,Right Foot,Free kick,Thierry Ambrose,Fouled,Thierry Ambrose,Take-On
11,41,Matthieu Udol,Metz,0.01,,Off Target,37,Left Foot,,Thierry Ambrose,Pass (Live),Ibrahima Niane,Pass (Live)
12,44,Ibrahima Niane(pen),Metz,0.79,0.99,Goal,13,Right Foot,,Ibrahima Niane,Fouled,,
13,45,Ibrahima Niane,Metz,0.03,,Off Target,24,Right Foot,,Opa Nguette,Pass (Live),,
14,,,,,,,,,,,,,
15,50,Opa Nguette,Metz,0.04,,Off Target,20,Right Foot,,Matthieu Udol,Pass (Live),Vincent Pajot,Pass (Live)
16,58,Opa Nguette,Metz,0.04,0.18,Saved,26,Right Foot,,Thierry Ambrose,Pass (Live),Matthieu Udol,Pass (Live)
17,59,Ibrahima Niane,Metz,0.16,0.63,Goal,22,Right Foot,,Ibrahima Niane,Take-On,Habib Maïga,Pass (Live)
18,64,Ibrahima Niane,Metz,0.06,0.40,Goal,10,Head,Deflected,Victorien Angban,Pass (Live),Habib Maïga,Pass (Live)
19,65,Thomas Monconduit,Lorient,0.02,,Blocked,32,Left Foot,,Houboulang Mendes,Pass (Live),Pierre-Yves Hamel,Pass (Live)
20,70,Adrian Grbić,Lorient,0.05,0.22,Saved,33,Right Foot,Free kick,Yoane Wissa,Fouled,,
21,72,Habib Maïga,Metz,0.07,0.17,Saved,17,Right Foot,,Habib Maïga,Take-On,Habib Maïga,Take-On
22,72,Fabien Centonze,Metz,0.05,,Off Target,14,Right Foot,,Habib Maïga,Shot,,
23,79,Stéphane Diarra,Lorient,0.03,0.18,Saved,29,Left Foot,,Stéphane Diarra,Take-On,Laurent Abergel,Pass (Live)
24,79,Enzo Le Fée,Lorient,0.03,,Blocked,27,Left Foot,,Stéphane Diarra,Pass (Live),Yoane Wissa,Pass (Live)
25,82,Papa Ndiaga Yade,Metz,0.03,,Off Target,26,Left Foot,,Opa Nguette,Pass (Live),Ibrahima Niane,Pass (Live)
26,90+2,Sylvain Marveaux,Lorient,0.06,,Off Target,15,Left Foot,,Enzo Le Fée,Pass (Live),Umut Bozok,Pass (Live)
