season,injury,from,until,days,missed_games
20/21,Knock,"Apr 22, 2021","Apr 25, 2021",3 days,1
20/21,Muscle injury,"Dec 30, 2020","Jan 11, 2021",12 days,3
19/20,Muscle injury,"Nov 20, 2019","Dec 4, 2019",14 days,2
19/20,Groin injury,"Aug 26, 2019","Sep 23, 2019",28 days,3
18/19,Hamstring injury,"Jan 28, 2019","Feb 28, 2019",31 days,9
18/19,Muscle injury,"Oct 16, 2018","Oct 23, 2018",7 days,1
17/18,muscular problems,"Oct 22, 2017","Nov 2, 2017",11 days,2
17/18,Torn muscle fiber,"Aug 9, 2017","Aug 23, 2017",14 days,1
14/15,Leg injury,"Apr 1, 2015","May 7, 2015",36 days,8
10/11,Torn muscle fiber,"Aug 8, 2010","Sep 20, 2010",43 days,10
