season,injury,from,until,days,missed_games
23/24,unknown injury,"Apr 20, 2024","May 17, 2024",27 days,4
23/24,unknown injury,"Mar 30, 2024","Apr 8, 2024",9 days,3
23/24,Tendon rupture,"Oct 11, 2023","Jan 15, 2024",96 days,12
19/20,Calf strain,"Aug 8, 2019","Sep 2, 2019",25 days,4
18/19,Hamstring strain,"Jan 20, 2019","Jan 30, 2019",10 days,2
14/15,Shoulder injury,"Mar 27, 2015","May 31, 2015",65 days,10
14/15,Hamstring strain,"Dec 1, 2014","Dec 7, 2014",6 days,2
13/14,Hamstring strain,"May 18, 2014","Jun 20, 2014",33 days,-
