season,injury,from,until,days,missed_games
23/24,Fitness,"May 13, 2024","May 19, 2024",6 days,1
23/24,unknown injury,"Mar 30, 2024","May 12, 2024",43 days,7
21/22,ankle sprain,"Dec 6, 2021","Feb 6, 2022",62 days,9
20/21,unknown injury,"Jan 30, 2021","Feb 8, 2021",9 days,2
20/21,Ill,"Oct 23, 2020","Nov 6, 2020",14 days,2
17/18,Torn thigh muscle,"Feb 4, 2018","Mar 4, 2018",28 days,7
17/18,Calf injury,"Nov 25, 2017","Nov 29, 2017",4 days,2
16/17,Hamstring injury,"Dec 26, 2016","Jan 6, 2017",11 days,3
16/17,Adductor tear,"Oct 8, 2016","Nov 4, 2016",27 days,5
15/16,unknown injury,"Apr 13, 2016","Apr 25, 2016",12 days,4
15/16,Calf strain,"Mar 29, 2016","Apr 6, 2016",8 days,1
15/16,Hip problems,"Jan 23, 2016","Feb 4, 2016",12 days,3
15/16,Hamstring strain,"Nov 25, 2015","Jan 4, 2016",40 days,9
15/16,Rest,"Oct 12, 2015","Oct 22, 2015",10 days,3
14/15,Foot injury,"Nov 27, 2014","Dec 31, 2014",34 days,8
