,Player Name,Player Number,Player,#,Nation,Pos,Age,Min,Att,Live,Dead,FK,TB,Sw,Crs,TI,CK,In,Out,Str,Cmp,Off,Blocks,Player Key,Player Link
0,Kieffer Moore,https://fbref.com/en/players/01ce9e70/Kieffer-Moore,10,10,wls WAL,FW,28-084,90,22,22,0,0,0,0,2,0,0,0,0,0,9,0,1,https://fbref.com/en/players/01ce9e70/Kieffer-Moore-Kieffer Moore,
1,Josh Murphy,https://fbref.com/en/players/b30c7426/Josh-Murphy,11,11,eng ENG,LW,25-250,67,20,19,0,0,0,0,3,0,0,0,0,0,10,1,5,https://fbref.com/en/players/b30c7426/Josh-Murphy-Josh Murphy,
2,Lee Tomlin,https://fbref.com/en/players/ef1739b9/Lee-Tomlin,17,17,eng ENG,"AM,LW,DM",31-293,23,12,11,1,0,0,0,0,0,0,0,0,0,8,0,0,https://fbref.com/en/players/ef1739b9/Lee-Tomlin-Lee Tomlin,
3,Sheyi Ojo,https://fbref.com/en/players/7b9a86e6/Sheyi-Ojo,27,27,eng ENG,RW,23-134,90,16,13,3,0,0,0,1,0,0,0,0,0,11,0,0,https://fbref.com/en/players/7b9a86e6/Sheyi-Ojo-Sheyi Ojo,
4,Joe Ralls,https://fbref.com/en/players/3730fcbc/Joe-Ralls,8,8,eng ENG,"AM,DM",27-019,90,48,45,3,0,0,2,6,0,3,0,3,0,38,0,1,https://fbref.com/en/players/3730fcbc/Joe-Ralls-Joe Ralls,
5,Marlon Pack,https://fbref.com/en/players/8633b350/Marlon-Pack,21,21,eng ENG,DM,29-220,90,63,53,10,3,0,6,3,6,1,0,1,0,50,0,1,https://fbref.com/en/players/8633b350/Marlon-Pack-Marlon Pack,
6,Will Vaulks,https://fbref.com/en/players/7760b885/Will-Vaulks,6,6,wls WAL,DM,27-048,45,20,15,5,0,0,0,0,5,0,0,0,0,12,0,0,https://fbref.com/en/players/7760b885/Will-Vaulks-Will Vaulks,
7,Junior Hoilett,https://fbref.com/en/players/33af5b9e/Junior-Hoilett,33,33,ca CAN,"DM,LW",30-148,45,17,17,0,0,0,0,1,0,0,0,0,0,12,0,0,https://fbref.com/en/players/33af5b9e/Junior-Hoilett-Junior Hoilett,
8,Joe Bennett,https://fbref.com/en/players/dc936144/Joe-Bennett,3,3,eng ENG,LB,30-217,90,58,46,12,1,0,0,4,11,0,0,0,0,43,0,0,https://fbref.com/en/players/dc936144/Joe-Bennett-Joe Bennett,
9,Curtis Nelson,https://fbref.com/en/players/943a8857/Curtis-Nelson,16,16,eng ENG,CB,27-163,90,45,43,0,0,0,0,0,0,0,0,0,0,24,2,1,https://fbref.com/en/players/943a8857/Curtis-Nelson-Curtis Nelson,
10,Sean Morrison,https://fbref.com/en/players/09fec029/Sean-Morrison,4,4,eng ENG,CB,29-297,90,44,43,1,1,0,2,0,0,0,0,0,0,32,0,0,https://fbref.com/en/players/09fec029/Sean-Morrison-Sean Morrison,
11,Leandro Bacuna,https://fbref.com/en/players/9dc69d38/Leandro-Bacuna,7,7,cw CUW,RB,29-071,89,47,36,11,1,0,1,2,10,0,0,0,0,37,0,1,https://fbref.com/en/players/9dc69d38/Leandro-Bacuna-Leandro Bacuna,
12,Mark Harris,https://fbref.com/en/players/fcc02804/Mark-Harris,29,29,wls WAL,"AM,RB",21-307,1,0,0,0,0,0,0,0,0,0,0,0,0,0,0,0,https://fbref.com/en/players/fcc02804/Mark-Harris-Mark Harris,
13,Alex Smithies,https://fbref.com/en/players/bb91617c/Alex-Smithies,12,12,eng ENG,GK,30-240,90,30,19,11,2,0,0,0,0,0,0,0,0,21,0,0,https://fbref.com/en/players/bb91617c/Alex-Smithies-Alex Smithies,
