,Player Name,Player Number,Player,#,Nation,Pos,Age,Min,Gls,Ast,PK,PKatt,Sh,SoT,CrdY,CrdR,Touches,Tkl,Int,Blocks,xG,npxG,xAG,SCA,GCA,Cmp,Att,Cmp%,PrgP,Carries,PrgC,Att,Succ,Player Key,Player Link
0,Kieffer Moore,https://fbref.com/en/players/01ce9e70/Kieffer-Moore,10,10,wls WAL,FW,28-084,90,0,0,0,0,3,1,0,0,30,0,0,0,0.2,0.2,0.0,3,1,9,22,40.9,1,19,2,5,3,https://fbref.com/en/players/01ce9e70/Kieffer-Moore-Kieffer Moore,
1,Josh Murphy,https://fbref.com/en/players/b30c7426/Josh-Murphy,11,11,eng ENG,LW,25-250,67,0,0,0,0,1,0,0,0,25,0,0,1,0.0,0.0,0.0,2,1,10,20,50.0,1,16,0,3,1,https://fbref.com/en/players/b30c7426/Josh-Murphy-Josh Murphy,
2,Lee Tomlin,https://fbref.com/en/players/ef1739b9/Lee-Tomlin,17,17,eng ENG,"AM,LW,DM",31-293,23,0,0,0,0,2,0,1,0,16,1,0,0,0.1,0.1,0.0,0,0,8,12,66.7,1,8,0,0,0,https://fbref.com/en/players/ef1739b9/Lee-Tomlin-Lee Tomlin,
3,Sheyi Ojo,https://fbref.com/en/players/7b9a86e6/Sheyi-Ojo,27,27,eng ENG,RW,23-134,90,0,0,0,0,1,0,0,0,28,0,0,3,0.0,0.0,0.0,0,0,11,16,68.8,0,15,2,4,2,https://fbref.com/en/players/7b9a86e6/Sheyi-Ojo-Sheyi Ojo,
4,Joe Ralls,https://fbref.com/en/players/3730fcbc/Joe-Ralls,8,8,eng ENG,"AM,DM",27-019,90,2,0,1,2,1,1,1,0,55,2,1,0,1.7,0.0,0.2,4,1,38,48,79.2,6,21,1,2,2,https://fbref.com/en/players/3730fcbc/Joe-Ralls-Joe Ralls,
5,Marlon Pack,https://fbref.com/en/players/8633b350/Marlon-Pack,21,21,eng ENG,DM,29-220,90,0,0,0,0,1,0,0,0,71,0,2,1,0.0,0.0,0.2,5,0,50,63,79.4,3,30,2,3,3,https://fbref.com/en/players/8633b350/Marlon-Pack-Marlon Pack,
6,Will Vaulks,https://fbref.com/en/players/7760b885/Will-Vaulks,6,6,wls WAL,DM,27-048,45,0,0,0,0,0,0,0,0,27,0,0,1,0.0,0.0,0.0,0,0,12,20,60.0,1,9,0,1,0,https://fbref.com/en/players/7760b885/Will-Vaulks-Will Vaulks,
7,Junior Hoilett,https://fbref.com/en/players/33af5b9e/Junior-Hoilett,33,33,ca CAN,"DM,LW",30-148,45,0,0,0,0,3,1,0,0,21,0,0,0,0.1,0.1,0.0,2,0,12,17,70.6,2,15,3,0,0,https://fbref.com/en/players/33af5b9e/Junior-Hoilett-Junior Hoilett,
8,Joe Bennett,https://fbref.com/en/players/dc936144/Joe-Bennett,3,3,eng ENG,LB,30-217,90,0,0,0,0,0,0,0,0,66,0,0,1,0.0,0.0,0.0,2,0,43,58,74.1,5,35,1,3,1,https://fbref.com/en/players/dc936144/Joe-Bennett-Joe Bennett,
9,Curtis Nelson,https://fbref.com/en/players/943a8857/Curtis-Nelson,16,16,eng ENG,CB,27-163,90,0,0,0,0,1,0,0,0,56,2,1,0,0.1,0.1,0.0,1,0,24,45,53.3,4,23,0,1,0,https://fbref.com/en/players/943a8857/Curtis-Nelson-Curtis Nelson,
10,Sean Morrison,https://fbref.com/en/players/09fec029/Sean-Morrison,4,4,eng ENG,CB,29-297,90,0,0,0,0,1,0,0,0,59,1,2,2,0.1,0.1,0.1,2,0,32,44,72.7,1,22,1,1,0,https://fbref.com/en/players/09fec029/Sean-Morrison-Sean Morrison,
11,Leandro Bacuna,https://fbref.com/en/players/9dc69d38/Leandro-Bacuna,7,7,cw CUW,RB,29-071,89,0,0,0,0,0,0,1,0,55,2,2,0,0.0,0.0,0.0,3,0,37,47,78.7,3,23,0,1,0,https://fbref.com/en/players/9dc69d38/Leandro-Bacuna-Leandro Bacuna,
12,Mark Harris,https://fbref.com/en/players/fcc02804/Mark-Harris,29,29,wls WAL,"AM,RB",21-307,1,0,0,0,0,0,0,0,0,0,0,0,0,0.0,0.0,0.0,0,0,0,0,,0,0,0,0,0,https://fbref.com/en/players/fcc02804/Mark-Harris-Mark Harris,
13,Alex Smithies,https://fbref.com/en/players/bb91617c/Alex-Smithies,12,12,eng ENG,GK,30-240,90,0,0,0,0,0,0,0,0,31,0,0,0,0.0,0.0,0.1,1,0,21,30,70.0,0,18,0,0,0,https://fbref.com/en/players/bb91617c/Alex-Smithies-Alex Smithies,
