,Player Name,Player Number,Player,#,Nation,Pos,Age,Min,Touches,Def Pen,Def 3rd,Mid 3rd,Att 3rd,Att Pen,Live,Att,Succ,Succ%,Tkld,Tkld%,Carries,TotDist,PrgDist,PrgC,1/3,CPA,Mis,Dis,Rec,PrgR,Player Key,Player Link
0,Kieffer Moore,https://fbref.com/en/players/01ce9e70/Kieffer-Moore,10,10,wls WAL,FW,28-084,90,30,0,1,10,19,5,30,5,3,60.0,2,40.0,19,91,31,2,3,2,0,2,31,5,https://fbref.com/en/players/01ce9e70/Kieffer-Moore-Kieffer Moore,
1,Josh Murphy,https://fbref.com/en/players/b30c7426/Josh-Murphy,11,11,eng ENG,LW,25-250,67,25,0,3,10,12,1,25,3,1,33.3,2,66.7,16,75,41,0,0,0,2,2,20,5,https://fbref.com/en/players/b30c7426/Josh-Murphy-Josh Murphy,
2,Lee Tomlin,https://fbref.com/en/players/ef1739b9/Lee-Tomlin,17,17,eng ENG,"AM,LW,DM",31-293,23,16,0,1,9,6,1,16,0,0,,0,,8,22,4,0,0,0,0,0,8,1,https://fbref.com/en/players/ef1739b9/Lee-Tomlin-Lee Tomlin,
3,Sheyi Ojo,https://fbref.com/en/players/7b9a86e6/Sheyi-Ojo,27,27,eng ENG,RW,23-134,90,28,1,10,11,7,1,28,4,2,50.0,2,50.0,15,157,34,2,1,0,1,1,16,2,https://fbref.com/en/players/7b9a86e6/Sheyi-Ojo-Sheyi Ojo,
4,Joe Ralls,https://fbref.com/en/players/3730fcbc/Joe-Ralls,8,8,eng ENG,"AM,DM",27-019,90,55,0,9,32,14,5,53,2,2,100.0,0,0.0,21,82,39,1,2,1,1,1,36,2,https://fbref.com/en/players/3730fcbc/Joe-Ralls-Joe Ralls,
5,Marlon Pack,https://fbref.com/en/players/8633b350/Marlon-Pack,21,21,eng ENG,DM,29-220,90,71,4,19,35,18,0,71,3,3,100.0,0,0.0,30,181,115,2,1,0,1,0,37,2,https://fbref.com/en/players/8633b350/Marlon-Pack-Marlon Pack,
6,Will Vaulks,https://fbref.com/en/players/7760b885/Will-Vaulks,6,6,wls WAL,DM,27-048,45,27,1,8,10,9,1,27,1,0,0.0,1,100.0,9,17,10,0,1,0,0,1,12,0,https://fbref.com/en/players/7760b885/Will-Vaulks-Will Vaulks,
7,Junior Hoilett,https://fbref.com/en/players/33af5b9e/Junior-Hoilett,33,33,ca CAN,"DM,LW",30-148,45,21,0,0,9,13,2,21,0,0,,0,,15,112,44,3,2,1,1,1,19,4,https://fbref.com/en/players/33af5b9e/Junior-Hoilett-Junior Hoilett,
8,Joe Bennett,https://fbref.com/en/players/dc936144/Joe-Bennett,3,3,eng ENG,LB,30-217,90,66,0,19,31,17,0,66,3,1,33.3,2,66.7,35,151,62,1,2,0,1,0,39,6,https://fbref.com/en/players/dc936144/Joe-Bennett-Joe Bennett,
9,Curtis Nelson,https://fbref.com/en/players/943a8857/Curtis-Nelson,16,16,eng ENG,CB,27-163,90,56,3,36,19,1,1,56,1,0,0.0,1,100.0,23,78,39,0,0,0,0,2,26,0,https://fbref.com/en/players/943a8857/Curtis-Nelson-Curtis Nelson,
10,Sean Morrison,https://fbref.com/en/players/09fec029/Sean-Morrison,4,4,eng ENG,CB,29-297,90,59,9,37,16,7,5,59,1,0,0.0,1,100.0,22,104,68,1,0,0,0,0,28,0,https://fbref.com/en/players/09fec029/Sean-Morrison-Sean Morrison,
11,Leandro Bacuna,https://fbref.com/en/players/9dc69d38/Leandro-Bacuna,7,7,cw CUW,RB,29-071,89,55,2,22,24,9,0,55,1,0,0.0,1,100.0,23,97,26,0,1,0,0,0,24,1,https://fbref.com/en/players/9dc69d38/Leandro-Bacuna-Leandro Bacuna,
12,Mark Harris,https://fbref.com/en/players/fcc02804/Mark-Harris,29,29,wls WAL,"AM,RB",21-307,1,0,0,0,0,0,0,0,0,0,,0,,0,0,0,0,0,0,0,0,0,0,https://fbref.com/en/players/fcc02804/Mark-Harris-Mark Harris,
13,Alex Smithies,https://fbref.com/en/players/bb91617c/Alex-Smithies,12,12,eng ENG,GK,30-240,90,31,26,31,0,0,0,31,0,0,,0,,18,136,75,0,0,0,0,0,9,0,https://fbref.com/en/players/bb91617c/Alex-Smithies-Alex Smithies,
