,Player Name,Player Number,Player,#,Nation,Pos,Age,Min,Touches,Def Pen,Def 3rd,Mid 3rd,Att 3rd,Att Pen,Live,Att,Succ,Succ%,Tkld,Tkld%,Carries,TotDist,PrgDist,PrgC,1/3,CPA,Mis,Dis,Rec,PrgR,Player Key,Player Link
0,Lyndon Dykes,https://fbref.com/en/players/cd92357a/Lyndon-Dykes,9,9,sct SCO,FW,25-024,90,32,1,2,12,19,3,32,2,1,50.0,1,50.0,15,54,18,1,1,0,1,0,24,5,https://fbref.com/en/players/cd92357a/Lyndon-Dykes-Lyndon Dykes,
1,Bright Osayi-Samuel,https://fbref.com/en/players/03b6afa9/Bright-Osayi-Samuel,11,11,ng NGA,LW,22-305,89,35,1,2,11,24,6,35,5,4,80.0,1,20.0,25,275,178,8,3,4,1,2,28,6,https://fbref.com/en/players/03b6afa9/Bright-Osayi-Samuel-Bright Osayi-Samuel,
2,Macauley Bonne,https://fbref.com/en/players/9ca8b21c/Macauley-Bonne,7,7,zw ZIM,LW,25-005,1,0,0,0,0,0,0,0,0,0,,0,,0,0,0,0,0,0,0,0,0,0,https://fbref.com/en/players/9ca8b21c/Macauley-Bonne-Macauley Bonne,
3,Albert Adomah,https://fbref.com/en/players/c7174e81/Albert-Adomah,37,37,gh GHA,RW,32-323,62,32,1,6,9,18,5,32,0,0,,0,,18,121,64,3,0,1,2,0,17,5,https://fbref.com/en/players/c7174e81/Albert-Adomah-Albert Adomah,
4,Chris Willock,https://fbref.com/en/players/be0bd828/Chris-Willock,21,21,eng ENG,RW,22-274,28,10,0,3,4,3,0,10,0,0,,0,,6,34,16,1,1,0,0,1,5,1,https://fbref.com/en/players/be0bd828/Chris-Willock-Chris Willock,
5,Ilias Chair,https://fbref.com/en/players/ad7873cb/Ilias-Chair,10,10,ma MAR,AM,23-001,80,46,1,6,6,34,5,46,1,1,100.0,0,0.0,19,129,78,3,2,2,3,0,27,8,https://fbref.com/en/players/ad7873cb/Ilias-Chair-Ilias Chair,
6,Dominic Ball,https://fbref.com/en/players/79d61875/Dominic-Ball,12,12,eng ENG,AM,25-090,10,4,0,1,0,3,0,4,0,0,,0,,1,3,0,0,0,0,0,0,1,0,https://fbref.com/en/players/79d61875/Dominic-Ball-Dominic Ball,
7,Tom Carroll,https://fbref.com/en/players/5a1900a4/Tom-Carroll,22,22,eng ENG,DM,28-156,90,62,1,7,26,29,0,62,3,2,66.7,1,33.3,27,94,48,1,1,0,3,1,34,3,https://fbref.com/en/players/5a1900a4/Tom-Carroll-Tom Carroll,
8,Geoff Cameron,https://fbref.com/en/players/1a160ea3/Geoff-Cameron,20,20,us USA,DM,35-112,90,40,2,10,23,8,0,40,0,0,,0,,14,76,19,1,1,0,1,0,15,1,https://fbref.com/en/players/1a160ea3/Geoff-Cameron-Geoff Cameron,
9,Niko Hämäläinen,https://fbref.com/en/players/4435db1e/Niko-Hamalainen,25,25,fi FIN,LB,23-240,90,57,6,15,23,19,0,57,0,0,,0,,19,81,30,1,1,0,0,0,23,5,https://fbref.com/en/players/4435db1e/Niko-Hamalainen-Niko Hämäläinen,
10,Yoann Barbet,https://fbref.com/en/players/c52bbd2c/Yoann-Barbet,6,6,fr FRA,CB,27-174,90,43,7,27,12,5,2,43,0,0,,0,,20,74,27,1,1,0,0,0,21,1,https://fbref.com/en/players/c52bbd2c/Yoann-Barbet-Yoann Barbet,
11,Conor Masterson,https://fbref.com/en/players/db975607/Conor-Masterson,23,23,ie IRL,CB,22-053,90,31,6,26,4,1,0,31,0,0,,0,,14,55,31,0,0,0,0,0,13,0,https://fbref.com/en/players/db975607/Conor-Masterson-Conor Masterson,
12,Todd Kane,https://fbref.com/en/players/dd082c59/Todd-Kane,2,2,eng ENG,RB,27-044,90,60,5,18,29,15,1,60,2,1,50.0,1,50.0,21,51,16,0,0,0,1,0,29,0,https://fbref.com/en/players/dd082c59/Todd-Kane-Todd Kane,
13,Seny Dieng,https://fbref.com/en/players/c135cddd/Seny-Dieng,13,13,sn SEN,GK,25-343,90,44,41,44,0,0,0,44,0,0,,0,,18,125,84,0,0,0,0,0,8,0,https://fbref.com/en/players/c135cddd/Seny-Dieng-Seny Dieng,
