,Player Name,Player Number,Player,#,Nation,Pos,Age,Min,Gls,Ast,PK,PKatt,Sh,SoT,CrdY,CrdR,Touches,Tkl,Int,Blocks,xG,npxG,xAG,SCA,GCA,Cmp,Att,Cmp%,PrgP,Carries,PrgC,Att,Succ,Player Key,Player Link
0,Lyndon Dykes,https://fbref.com/en/players/cd92357a/Lyndon-Dykes,9,9,sct SCO,FW,25-024,90,0,0,0,0,2,0,0,0,32,2,0,1,0.5,0.5,0.3,2,0,16,23,69.6,3,15,1,2,1,https://fbref.com/en/players/cd92357a/Lyndon-Dykes-Lyndon Dykes,
1,Bright Osayi-Samuel,https://fbref.com/en/players/03b6afa9/Bright-Osayi-Samuel,11,11,ng NGA,LW,22-305,89,0,0,0,0,0,0,0,0,35,2,0,0,0.0,0.0,0.6,5,0,19,27,70.4,4,25,8,5,4,https://fbref.com/en/players/03b6afa9/Bright-Osayi-Samuel-Bright Osayi-Samuel,
2,Macauley Bonne,https://fbref.com/en/players/9ca8b21c/Macauley-Bonne,7,7,zw ZIM,LW,25-005,1,0,0,0,0,0,0,0,0,0,0,0,0,0.0,0.0,0.0,0,0,0,0,,0,0,0,0,0,https://fbref.com/en/players/9ca8b21c/Macauley-Bonne-Macauley Bonne,
3,Albert Adomah,https://fbref.com/en/players/c7174e81/Albert-Adomah,37,37,gh GHA,RW,32-323,62,0,1,0,0,2,2,0,0,32,2,3,2,0.8,0.8,0.1,3,2,12,19,63.2,1,18,3,0,0,https://fbref.com/en/players/c7174e81/Albert-Adomah-Albert Adomah,
4,Chris Willock,https://fbref.com/en/players/be0bd828/Chris-Willock,21,21,eng ENG,RW,22-274,28,0,0,0,0,0,0,0,0,10,1,2,1,0.0,0.0,0.0,0,0,5,6,83.3,0,6,1,0,0,https://fbref.com/en/players/be0bd828/Chris-Willock-Chris Willock,
5,Ilias Chair,https://fbref.com/en/players/ad7873cb/Ilias-Chair,10,10,ma MAR,AM,23-001,80,1,0,0,0,3,1,1,0,46,3,0,0,0.2,0.2,0.2,6,1,19,34,55.9,3,19,3,1,1,https://fbref.com/en/players/ad7873cb/Ilias-Chair-Ilias Chair,
6,Dominic Ball,https://fbref.com/en/players/79d61875/Dominic-Ball,12,12,eng ENG,AM,25-090,10,1,0,0,0,1,1,0,0,4,0,0,0,0.0,0.0,0.0,0,0,1,2,50.0,0,1,0,0,0,https://fbref.com/en/players/79d61875/Dominic-Ball-Dominic Ball,
7,Tom Carroll,https://fbref.com/en/players/5a1900a4/Tom-Carroll,22,22,eng ENG,DM,28-156,90,0,0,0,0,0,0,0,0,62,4,0,0,0.0,0.0,0.0,2,1,38,50,76.0,6,27,1,3,2,https://fbref.com/en/players/5a1900a4/Tom-Carroll-Tom Carroll,
8,Geoff Cameron,https://fbref.com/en/players/1a160ea3/Geoff-Cameron,20,20,us USA,DM,35-112,90,0,0,0,0,1,0,1,0,40,1,1,5,0.0,0.0,0.0,0,0,18,30,60.0,2,14,1,0,0,https://fbref.com/en/players/1a160ea3/Geoff-Cameron-Geoff Cameron,
9,Niko Hämäläinen,https://fbref.com/en/players/4435db1e/Niko-Hamalainen,25,25,fi FIN,LB,23-240,90,0,0,0,0,0,0,0,0,57,1,1,0,0.0,0.0,0.0,1,0,24,46,52.2,4,19,1,0,0,https://fbref.com/en/players/4435db1e/Niko-Hamalainen-Niko Hämäläinen,
10,Yoann Barbet,https://fbref.com/en/players/c52bbd2c/Yoann-Barbet,6,6,fr FRA,CB,27-174,90,0,0,0,0,1,0,1,0,43,1,2,1,0.2,0.2,0.4,1,0,23,36,63.9,5,20,1,0,0,https://fbref.com/en/players/c52bbd2c/Yoann-Barbet-Yoann Barbet,
11,Conor Masterson,https://fbref.com/en/players/db975607/Conor-Masterson,23,23,ie IRL,CB,22-053,90,0,0,0,0,0,0,0,0,31,1,0,0,0.0,0.0,0.0,1,1,18,26,69.2,1,14,0,0,0,https://fbref.com/en/players/db975607/Conor-Masterson-Conor Masterson,
12,Todd Kane,https://fbref.com/en/players/dd082c59/Todd-Kane,2,2,eng ENG,RB,27-044,90,1,0,0,0,2,2,1,0,60,4,1,0,0.1,0.1,0.1,2,0,30,49,61.2,7,21,0,2,1,https://fbref.com/en/players/dd082c59/Todd-Kane-Todd Kane,
13,Seny Dieng,https://fbref.com/en/players/c135cddd/Seny-Dieng,13,13,sn SEN,GK,25-343,90,0,0,0,0,0,0,0,0,44,0,0,0,0.0,0.0,0.0,0,0,23,41,56.1,0,18,0,0,0,https://fbref.com/en/players/c135cddd/Seny-Dieng-Seny Dieng,
