,Player Name,Player Number,Player,#,Nation,Pos,Age,Min,Att,Live,Dead,FK,TB,Sw,Crs,TI,CK,In,Out,Str,Cmp,Off,Blocks,Player Key,Player Link
0,Lyndon Dykes,https://fbref.com/en/players/cd92357a/Lyndon-Dykes,9,9,sct SCO,FW,25-024,90,23,23,0,0,0,0,1,0,0,0,0,0,16,0,1,https://fbref.com/en/players/cd92357a/Lyndon-Dykes-Lyndon Dykes,
1,Bright Osayi-Samuel,https://fbref.com/en/players/03b6afa9/Bright-Osayi-Samuel,11,11,ng NGA,LW,22-305,89,27,27,0,0,0,0,2,0,0,0,0,0,19,0,2,https://fbref.com/en/players/03b6afa9/Bright-Osayi-Samuel-Bright Osayi-Samuel,
2,Macauley Bonne,https://fbref.com/en/players/9ca8b21c/Macauley-Bonne,7,7,zw ZIM,LW,25-005,1,0,0,0,0,0,0,0,0,0,0,0,0,0,0,0,https://fbref.com/en/players/9ca8b21c/Macauley-Bonne-Macauley Bonne,
3,Albert Adomah,https://fbref.com/en/players/c7174e81/Albert-Adomah,37,37,gh GHA,RW,32-323,62,19,19,0,0,0,0,3,0,0,0,0,0,12,0,1,https://fbref.com/en/players/c7174e81/Albert-Adomah-Albert Adomah,
4,Chris Willock,https://fbref.com/en/players/be0bd828/Chris-Willock,21,21,eng ENG,RW,22-274,28,6,6,0,0,0,0,0,0,0,0,0,0,5,0,1,https://fbref.com/en/players/be0bd828/Chris-Willock-Chris Willock,
5,Ilias Chair,https://fbref.com/en/players/ad7873cb/Ilias-Chair,10,10,ma MAR,AM,23-001,80,34,23,11,1,0,0,11,0,8,6,0,1,19,0,0,https://fbref.com/en/players/ad7873cb/Ilias-Chair-Ilias Chair,
6,Dominic Ball,https://fbref.com/en/players/79d61875/Dominic-Ball,12,12,eng ENG,AM,25-090,10,2,2,0,0,0,0,0,0,0,0,0,0,1,0,0,https://fbref.com/en/players/79d61875/Dominic-Ball-Dominic Ball,
7,Tom Carroll,https://fbref.com/en/players/5a1900a4/Tom-Carroll,22,22,eng ENG,DM,28-156,90,50,45,5,4,0,0,2,0,0,0,0,0,38,0,1,https://fbref.com/en/players/5a1900a4/Tom-Carroll-Tom Carroll,
8,Geoff Cameron,https://fbref.com/en/players/1a160ea3/Geoff-Cameron,20,20,us USA,DM,35-112,90,30,30,0,0,0,0,0,0,0,0,0,0,18,0,0,https://fbref.com/en/players/1a160ea3/Geoff-Cameron-Geoff Cameron,
9,Niko Hämäläinen,https://fbref.com/en/players/4435db1e/Niko-Hamalainen,25,25,fi FIN,LB,23-240,90,46,32,14,0,0,0,2,14,0,0,0,0,24,0,3,https://fbref.com/en/players/4435db1e/Niko-Hamalainen-Niko Hämäläinen,
10,Yoann Barbet,https://fbref.com/en/players/c52bbd2c/Yoann-Barbet,6,6,fr FRA,CB,27-174,90,36,35,1,1,0,0,2,0,0,0,0,0,23,0,0,https://fbref.com/en/players/c52bbd2c/Yoann-Barbet-Yoann Barbet,
11,Conor Masterson,https://fbref.com/en/players/db975607/Conor-Masterson,23,23,ie IRL,CB,22-053,90,26,25,1,1,0,1,0,0,0,0,0,0,18,0,0,https://fbref.com/en/players/db975607/Conor-Masterson-Conor Masterson,
12,Todd Kane,https://fbref.com/en/players/dd082c59/Todd-Kane,2,2,eng ENG,RB,27-044,90,49,42,7,0,0,0,1,7,0,0,0,0,30,0,1,https://fbref.com/en/players/dd082c59/Todd-Kane-Todd Kane,
13,Seny Dieng,https://fbref.com/en/players/c135cddd/Seny-Dieng,13,13,sn SEN,GK,25-343,90,41,21,20,5,0,0,0,0,0,0,0,0,23,0,0,https://fbref.com/en/players/c135cddd/Seny-Dieng-Seny Dieng,
