,Minute,Player,Squad,xG,PSxG,Outcome,Distance,Body Part,Notes,SCA 1 Player,SCA 1 Event,SCA 2 Player,SCA 2 Event
0,3,Albert Adomah,QPR,0.33,0.67,Saved,17,Right Foot,,Lyndon Dykes,Pass (Live),Ilias Chair,Pass (Live)
1,4,Todd Kane,QPR,0.02,0.03,Saved,30,Right Foot,,Ilias Chair,Pass (Live),Bright Osayi-Samuel,Pass (Live)
2,8,Lyndon Dykes,QPR,0.41,,Blocked,6,Head,,Yoann Barbet,Pass (Live),Todd Kane,Pass (Live)
3,9,Yoann Barbet,QPR,0.17,,Off Target,16,Right Foot,Volley,Ilias Chair,Pass (Dead),Lyndon Dykes,Shot
4,15,Ilias Chair,QPR,0.07,0.52,Goal,10,Right Foot,Volley,Albert Adomah,Pass (Live),Tom Carroll,Pass (Live)
5,20,Geoff Cameron,QPR,0.03,,Blocked,31,Right Foot,,Bright Osayi-Samuel,Pass (Live),Niko Hämäläinen,Pass (Live)
6,20,Lyndon Dykes,QPR,0.07,,Off Target,11,Right Foot,,Todd Kane,Pass (Live),Albert Adomah,Pass (Live)
7,27,Todd Kane,QPR,0.07,0.47,Goal,15,Right Foot,Volley,Ilias Chair,Take-On,Albert Adomah,Pass (Live)
8,34,Marlon Pack,Cardiff City,0.03,,Off Target,29,Right Foot,Volley,Leandro Bacuna,Pass (Live),Marlon Pack,Pass (Live)
9,44,Josh Murphy,Cardiff City,0.02,,Blocked,35,Right Foot,,Kieffer Moore,Pass (Live),Curtis Nelson,Pass (Live)
10,45,Ilias Chair,QPR,0.10,,Off Target,15,Right Foot,,Bright Osayi-Samuel,Pass (Live),Ilias Chair,Pass (Live)
11,,,,,,,,,,,,,
12,49,Joe Ralls(pen),Cardiff City,0.79,0.99,Goal,13,Left Foot,,Kieffer Moore,Fouled,Josh Murphy,Pass (Live)
13,53,Kieffer Moore,Cardiff City,0.05,,Blocked,9,Head,,Marlon Pack,Pass (Dead),Josh Murphy,Fouled
14,60,Junior Hoilett,Cardiff City,0.07,0.06,Saved,10,Head,,Sean Morrison,Pass (Live),Marlon Pack,Pass (Dead)
15,60,Ilias Chair,QPR,0.04,,Off Target,16,Right Foot,,Bright Osayi-Samuel,Pass (Live),Ilias Chair,Pass (Live)
16,61,Sheyi Ojo,Cardiff City,0.04,,Off Target,22,Left Foot,,Leandro Bacuna,Pass (Live),Junior Hoilett,Pass (Live)
17,62,Albert Adomah,QPR,0.45,0.54,Saved,9,Right Foot,,Bright Osayi-Samuel,Pass (Live),Tom Carroll,Pass (Live)
18,66,Junior Hoilett,Cardiff City,0.03,,Off Target,29,Right Foot,,,,,
19,73,Sean Morrison,Cardiff City,0.07,,Off Target,8,Right Foot,,Marlon Pack,Pass (Dead),Kieffer Moore,Fouled
20,76,Kieffer Moore,Cardiff City,0.08,0.13,Saved,11,Head,,Joe Ralls,Pass (Live),Joe Bennett,Pass (Live)
21,80,Lee Tomlin,Cardiff City,0.05,,Blocked,20,Right Foot,,Sean Morrison,Pass (Live),,
22,81,Lee Tomlin,Cardiff City,0.04,,Off Target,25,Right Foot,,Junior Hoilett,Pass (Live),Joe Ralls,Pass (Live)
23,85,Joe Ralls(pen),Cardiff City,0.79,0.97,Saved,13,Left Foot,,,Fouled,Joe Bennett,Pass (Live)
24,85,Joe Ralls,Cardiff City,0.49,0.81,Goal,8,Right Foot,,Joe Ralls,Shot,,
25,87,Junior Hoilett,Cardiff City,0.05,,Blocked,18,Right Foot,,Alex Smithies,Pass (Live),Leandro Bacuna,Pass (Live)
26,88,Kieffer Moore,Cardiff City,0.05,,Off Target,16,Right Foot,,Marlon Pack,Pass (Dead),,
27,90+1,Dominic Ball,QPR,0.03,0.54,Goal,29,Left Foot,,Conor Masterson,Fouled,,
28,90+4,Curtis Nelson,Cardiff City,0.12,,Off Target,6,Head,,Joe Ralls,Pass (Dead),,
