season,injury,from,until,days,missed_games
23/24,Foot bruise,"May 15, 2024","May 26, 2024",11 days,3
23/24,Ankle problems,"May 6, 2024","May 13, 2024",7 days,1
23/24,Adductor pain,"Oct 12, 2023","Oct 30, 2023",18 days,2
23/24,Adductor injury,"Aug 18, 2023","Sep 1, 2023",14 days,3
22/23,Heel problems,"Apr 29, 2023","May 1, 2023",2 days,1
22/23,Heel problems,"Apr 21, 2023","Apr 24, 2023",3 days,1
21/22,Corona virus,"Feb 17, 2022","Feb 26, 2022",9 days,1
21/22,Muscle fatigue,"Dec 4, 2021","Dec 18, 2021",14 days,4
20/21,Lumbago,"May 14, 2021","May 31, 2021",17 days,2
20/21,muscular problems,"Apr 30, 2021","May 11, 2021",11 days,3
20/21,muscular problems,"Nov 3, 2020","Nov 18, 2020",15 days,2
20/21,Tonsillitis,"Oct 25, 2020","Oct 28, 2020",3 days,1
19/20,Muscle injury,"Oct 11, 2019","Oct 18, 2019",7 days,-
18/19,Muscle injury,"Feb 18, 2019","Mar 30, 2019",40 days,8
18/19,Ankle injury,"Sep 3, 2018","Oct 12, 2018",39 days,8
