season,injury,from,until,days,missed_games
23/24,Calf problems,"Aug 18, 2023","Sep 15, 2023",28 days,2
21/22,strain,"Feb 15, 2022","Feb 22, 2022",7 days,1
21/22,Corona virus,"Dec 30, 2021","Jan 4, 2022",5 days,-
21/22,Muscle injury,"Oct 25, 2021","Nov 24, 2021",30 days,4
20/21,Knee injury,"Nov 25, 2020","Apr 2, 2021",128 days,20
19/20,Fitness,"Jun 12, 2020","Jun 22, 2020",10 days,3
19/20,Muscle injury,"May 5, 2020","Jun 12, 2020",38 days,7
19/20,Quarantine,"Mar 19, 2020","Apr 2, 2020",14 days,-
19/20,muscular problems,"Dec 19, 2019","Dec 23, 2019",4 days,1
18/19,Fitness,"Dec 3, 2018","Dec 31, 2018",28 days,5
18/19,Meniscus tear,"Sep 10, 2018","Dec 2, 2018",83 days,20
16/17,Knock,"Mar 1, 2017","Mar 7, 2017",6 days,1
14/15,Cruciate ligament strain,"Sep 5, 2014","Nov 6, 2014",62 days,20
13/14,Knee injury,"Jun 15, 2013","Jan 10, 2014",209 days,62
