season,injury,from,until,days,missed_games
22/23,Lumbago,"May 17, 2023","May 22, 2023",5 days,1
20/21,Thigh problems,"Jan 2, 2021","Jan 28, 2021",26 days,5
18/19,Calf injury,"Feb 17, 2019","Mar 28, 2019",39 days,6
18/19,Calf injury,"Dec 23, 2018","Feb 8, 2019",47 days,5
17/18,Hamstring injury,"Apr 18, 2018","May 11, 2018",23 days,3
15/16,Hamstring injury,"Mar 12, 2016","Apr 2, 2016",21 days,5
14/15,Groin problems,"Feb 10, 2015","Mar 11, 2015",29 days,6
13/14,Hamstring strain,"Oct 18, 2013","Nov 28, 2013",41 days,7
