season,injury,from,until,days,missed_games
22/23,Knock,"May 20, 2023","May 31, 2023",11 days,2
21/22,chickenpox,"May 12, 2022","May 23, 2022",11 days,2
20/21,Ankle injury,"Feb 7, 2021","Mar 10, 2021",31 days,4
20/21,Virus,"Jan 24, 2021","Jan 25, 2021",1 days,-
20/21,Virus,"Nov 29, 2020","Dec 25, 2020",26 days,4
20/21,Knock,"Jul 2, 2020","Jul 4, 2020",2 days,-
19/20,Hamstring strain,"Jan 2, 2020","Feb 28, 2020",57 days,10
18/19,Ankle injury,"Aug 20, 2018","Sep 14, 2018",25 days,3
13/14,Vertebral injury,"Feb 13, 2014","Apr 8, 2014",54 days,17
