season,injury,from,until,days,missed_games
23/24,Thigh problems,"Feb 25, 2024","May 16, 2024",81 days,13
23/24,muscular problems,"Oct 10, 2023","Oct 17, 2023",7 days,1
21/22,Muscle injury,"Jun 4, 2022","Jun 9, 2022",5 days,2
21/22,Knee injury,"Jan 6, 2022","Jan 18, 2022",12 days,2
21/22,Knee injury,"Dec 18, 2021","Jan 4, 2022",17 days,1
18/19,Ill,"Apr 5, 2019","Apr 12, 2019",7 days,1
18/19,unknown injury,"Aug 1, 2018","Aug 18, 2018",17 days,4
17/18,Hamstring injury,"Oct 16, 2017","Oct 30, 2017",14 days,4
16/17,Ill,"Aug 18, 2016","Aug 25, 2016",7 days,1
17/18,Thigh problems,"Sep 14, 2015","Oct 19, 2015",35 days,7
15/16,Knee medial ligament tear,"May 11, 2015","Aug 10, 2015",91 days,8
14/15,Ankle injury,"Aug 14, 2014","Nov 6, 2014",84 days,18
