,Player Name,Player Number,Player,#,Nation,Pos,Age,Min,Gls,Ast,PK,PKatt,Sh,SoT,CrdY,CrdR,Touches,Tkl,Int,Blocks,xG,npxG,xAG,SCA,GCA,Cmp,Att,Cmp%,PrgP,Carries,PrgC,Att,Succ,Player Key,Player Link
0,Duván Zapata,https://fbref.com/en/players/d3de9af0/Duvan-Zapata,91,91,co COL,FW,29-277,83,2,1,0,0,6,2,0,0,40,1,0,1,1.1,1.1,0.0,3,2,23,28,82.1,3,29,3,3,1,https://fbref.com/en/players/d3de9af0/Duvan-Zapata-Duván Zapata,
1,Aleksei Miranchuk,https://fbref.com/en/players/a9aa0d1d/Aleksei-Miranchuk,59,59,ru RUS,FW,25-078,7,0,0,0,0,0,0,0,0,4,0,0,0,0.0,0.0,0.1,1,0,2,3,66.7,0,2,0,1,1,https://fbref.com/en/players/a9aa0d1d/Aleksei-Miranchuk-Aleksei Miranchuk,
2,Josip Iličić,https://fbref.com/en/players/68252d6d/Josip-Ilicic,72,72,si SVN,FW,32-340,62,0,1,0,0,6,1,0,0,54,0,0,2,0.2,0.2,0.8,6,1,21,42,50.0,4,38,7,2,2,https://fbref.com/en/players/68252d6d/Josip-Ilicic-Josip Iličić,
3,Luis Muriel,https://fbref.com/en/players/eb2fe5b6/Luis-Muriel,9,9,co COL,FW,29-262,28,1,0,0,0,2,1,0,0,16,1,0,0,0.5,0.5,0.0,1,0,10,12,83.3,1,13,0,1,1,https://fbref.com/en/players/eb2fe5b6/Luis-Muriel-Luis Muriel,
4,Matteo Pessina,https://fbref.com/en/players/780e3631/Matteo-Pessina,32,32,it ITA,AM,23-257,62,1,0,0,0,1,1,0,0,50,1,2,1,0.5,0.5,0.1,7,2,35,43,81.4,10,40,1,4,2,https://fbref.com/en/players/780e3631/Matteo-Pessina-Matteo Pessina,
5,Ruslan Malinovskyi,https://fbref.com/en/players/48d5bd33/Ruslan-Malinovskyi,18,18,ua UKR,AM,27-244,28,0,0,0,0,0,0,0,0,17,1,0,0,0.0,0.0,0.0,1,0,7,12,58.3,1,12,1,0,0,https://fbref.com/en/players/48d5bd33/Ruslan-Malinovskyi-Ruslan Malinovskyi,
6,Marten de Roon,https://fbref.com/en/players/2a1beb34/Marten-de-Roon,15,15,nl NED,CM,29-280,90,0,0,0,0,1,0,1,0,53,4,1,1,0.0,0.0,0.0,4,1,34,46,73.9,4,35,0,1,1,https://fbref.com/en/players/2a1beb34/Marten-de-Roon-Marten de Roon,
7,Remo Freuler,https://fbref.com/en/players/98d2c2c4/Remo-Freuler,11,11,ch SUI,CM,28-263,90,0,2,0,0,0,0,0,0,65,2,4,4,0.0,0.0,0.9,6,3,42,49,85.7,8,32,1,1,1,https://fbref.com/en/players/98d2c2c4/Remo-Freuler-Remo Freuler,
8,Robin Gosens,https://fbref.com/en/players/2d970560/Robin-Gosens,8,8,de GER,WB,26-182,76,1,0,0,0,2,1,0,0,47,1,3,1,0.1,0.1,0.1,5,0,31,39,79.5,3,27,5,0,0,https://fbref.com/en/players/2d970560/Robin-Gosens-Robin Gosens,
9,Matteo Ruggeri,https://fbref.com/en/players/ae9898c5/Matteo-Ruggeri,40,40,it ITA,WB,18-176,14,0,0,0,0,0,0,0,0,7,0,0,0,0.0,0.0,0.0,0,0,3,6,50.0,1,3,1,0,0,https://fbref.com/en/players/ae9898c5/Matteo-Ruggeri-Matteo Ruggeri,
10,Hans Hateboer,https://fbref.com/en/players/3b333ac3/Hans-Hateboer,33,33,nl NED,"WB,CB",26-360,90,0,0,0,0,3,1,1,0,56,0,1,0,0.2,0.2,0.1,4,0,42,50,84.0,3,34,2,0,0,https://fbref.com/en/players/3b333ac3/Hans-Hateboer-Hans Hateboer,
11,José Luis Palomino,https://fbref.com/en/players/921f6058/Jose-Luis-Palomino,6,6,ar ARG,CB,30-364,90,0,0,0,0,1,0,0,0,39,2,0,0,0.1,0.1,0.1,2,0,25,33,75.8,6,24,0,1,1,https://fbref.com/en/players/921f6058/Jose-Luis-Palomino-José Luis Palomino,
12,Cristian Romero,https://fbref.com/en/players/a3d94a58/Cristian-Romero,17,17,ar ARG,CB,22-251,90,0,0,0,0,0,0,1,0,40,2,5,2,0.0,0.0,0.1,1,1,20,28,71.4,2,21,1,0,0,https://fbref.com/en/players/a3d94a58/Cristian-Romero-Cristian Romero,
13,Berat Djimsiti,https://fbref.com/en/players/6eee05f1/Berat-Djimsiti,19,19,al ALB,CB,27-319,76,0,0,0,0,1,0,0,0,40,1,0,1,0.1,0.1,0.1,2,0,28,33,84.8,4,25,0,0,0,https://fbref.com/en/players/6eee05f1/Berat-Djimsiti-Berat Djimsiti,
14,Fabio Depaoli,https://fbref.com/en/players/d97f2e8d/Fabio-Depaoli,27,27,it ITA,"WB,CB",23-254,14,0,0,0,0,0,0,0,0,8,1,0,0,0.0,0.0,0.0,0,0,5,7,71.4,0,4,0,0,0,https://fbref.com/en/players/d97f2e8d/Fabio-Depaoli-Fabio Depaoli,
15,Pierluigi Gollini,https://fbref.com/en/players/f0f7f62f/Pierluigi-Gollini,95,95,it ITA,GK,25-291,90,0,0,0,0,0,0,0,0,38,0,0,1,0.0,0.0,0.0,1,0,23,35,65.7,0,25,0,0,0,https://fbref.com/en/players/f0f7f62f/Pierluigi-Gollini-Pierluigi Gollini,
