,Player Name,Player Number,Player,#,Nation,Pos,Age,Min,Touches,Def Pen,Def 3rd,Mid 3rd,Att 3rd,Att Pen,Live,Att,Succ,Succ%,Tkld,Tkld%,Carries,TotDist,PrgDist,PrgC,1/3,CPA,Mis,Dis,Rec,PrgR,Player Key,Player Link
0,Duván Zapata,https://fbref.com/en/players/d3de9af0/Duvan-Zapata,91,91,co COL,FW,29-277,83,40,0,0,7,33,11,40,3,1,33.3,2,66.7,29,153,52,3,1,2,2,3,32,13,https://fbref.com/en/players/d3de9af0/Duvan-Zapata-Duván Zapata,
1,Aleksei Miranchuk,https://fbref.com/en/players/a9aa0d1d/Aleksei-Miranchuk,59,59,ru RUS,FW,25-078,7,4,0,0,0,4,2,4,1,1,100.0,0,0.0,2,7,2,0,0,0,0,0,3,1,https://fbref.com/en/players/a9aa0d1d/Aleksei-Miranchuk-Aleksei Miranchuk,
2,Josip Iličić,https://fbref.com/en/players/68252d6d/Josip-Ilicic,72,72,si SVN,FW,32-340,62,54,0,3,13,38,7,54,2,2,100.0,0,0.0,38,288,177,7,2,3,2,4,38,7,https://fbref.com/en/players/68252d6d/Josip-Ilicic-Josip Iličić,
3,Luis Muriel,https://fbref.com/en/players/eb2fe5b6/Luis-Muriel,9,9,co COL,FW,29-262,28,16,1,2,4,10,3,16,1,1,100.0,0,0.0,13,65,22,0,0,0,1,1,15,4,https://fbref.com/en/players/eb2fe5b6/Luis-Muriel-Luis Muriel,
4,Matteo Pessina,https://fbref.com/en/players/780e3631/Matteo-Pessina,32,32,it ITA,AM,23-257,62,50,0,4,18,32,4,50,4,2,50.0,2,50.0,40,241,127,1,1,1,0,1,36,5,https://fbref.com/en/players/780e3631/Matteo-Pessina-Matteo Pessina,
5,Ruslan Malinovskyi,https://fbref.com/en/players/48d5bd33/Ruslan-Malinovskyi,18,18,ua UKR,AM,27-244,28,17,0,2,6,10,2,17,0,0,,0,,12,72,39,1,0,1,3,1,11,1,https://fbref.com/en/players/48d5bd33/Ruslan-Malinovskyi-Ruslan Malinovskyi,
6,Marten de Roon,https://fbref.com/en/players/2a1beb34/Marten-de-Roon,15,15,nl NED,CM,29-280,90,53,0,17,27,9,0,53,1,1,100.0,0,0.0,35,96,37,0,0,0,1,0,27,0,https://fbref.com/en/players/2a1beb34/Marten-de-Roon-Marten de Roon,
7,Remo Freuler,https://fbref.com/en/players/98d2c2c4/Remo-Freuler,11,11,ch SUI,CM,28-263,90,65,0,16,28,23,1,65,1,1,100.0,0,0.0,32,178,65,1,1,1,4,1,33,2,https://fbref.com/en/players/98d2c2c4/Remo-Freuler-Remo Freuler,
8,Robin Gosens,https://fbref.com/en/players/2d970560/Robin-Gosens,8,8,de GER,WB,26-182,76,47,1,6,16,25,3,47,0,0,,0,,27,220,170,5,4,1,0,0,27,9,https://fbref.com/en/players/2d970560/Robin-Gosens-Robin Gosens,
9,Matteo Ruggeri,https://fbref.com/en/players/ae9898c5/Matteo-Ruggeri,40,40,it ITA,WB,18-176,14,7,0,1,3,3,0,7,0,0,,0,,3,22,17,1,0,0,0,0,4,2,https://fbref.com/en/players/ae9898c5/Matteo-Ruggeri-Matteo Ruggeri,
10,Hans Hateboer,https://fbref.com/en/players/3b333ac3/Hans-Hateboer,33,33,nl NED,"WB,CB",26-360,90,56,2,16,20,20,7,56,0,0,,0,,34,108,63,2,1,1,0,0,39,3,https://fbref.com/en/players/3b333ac3/Hans-Hateboer-Hans Hateboer,
11,José Luis Palomino,https://fbref.com/en/players/921f6058/Jose-Luis-Palomino,6,6,ar ARG,CB,30-364,90,39,3,16,16,7,1,39,1,1,100.0,0,0.0,24,125,61,0,0,0,0,0,23,1,https://fbref.com/en/players/921f6058/Jose-Luis-Palomino-José Luis Palomino,
12,Cristian Romero,https://fbref.com/en/players/a3d94a58/Cristian-Romero,17,17,ar ARG,CB,22-251,90,40,9,26,15,1,1,40,0,0,,0,,21,156,34,1,0,0,2,1,11,0,https://fbref.com/en/players/a3d94a58/Cristian-Romero-Cristian Romero,
13,Berat Djimsiti,https://fbref.com/en/players/6eee05f1/Berat-Djimsiti,19,19,al ALB,CB,27-319,76,40,5,19,15,6,3,40,0,0,,0,,25,85,16,0,0,0,1,0,26,1,https://fbref.com/en/players/6eee05f1/Berat-Djimsiti-Berat Djimsiti,
14,Fabio Depaoli,https://fbref.com/en/players/d97f2e8d/Fabio-Depaoli,27,27,it ITA,"WB,CB",23-254,14,8,0,1,6,1,0,8,0,0,,0,,4,17,0,0,0,0,0,1,4,0,https://fbref.com/en/players/d97f2e8d/Fabio-Depaoli-Fabio Depaoli,
15,Pierluigi Gollini,https://fbref.com/en/players/f0f7f62f/Pierluigi-Gollini,95,95,it ITA,GK,25-291,90,38,33,38,0,0,0,38,0,0,,0,,25,123,71,0,0,0,0,0,18,0,https://fbref.com/en/players/f0f7f62f/Pierluigi-Gollini-Pierluigi Gollini,
