,Player Name,Player Number,Player,#,Nation,Pos,Age,Min,Gls,Ast,PK,PKatt,Sh,SoT,CrdY,CrdR,Touches,Tkl,Int,Blocks,xG,npxG,xAG,SCA,GCA,Cmp,Att,Cmp%,PrgP,Carries,PrgC,Att,Succ,Player Key,Player Link
0,Francesco Caputo,https://fbref.com/en/players/5bd72174/Francesco-Caputo,9,9,it ITA,FW,33-150,55,0,0,0,0,0,0,0,0,24,0,0,0,0.0,0.0,0.0,0,0,17,20,85.0,0,7,0,0,0,https://fbref.com/en/players/5bd72174/Francesco-Caputo-Francesco Caputo,
1,Grégoire Defrel,https://fbref.com/en/players/854ee61a/Gregoire-Defrel,92,92,mq MTQ,FW,29-200,35,0,1,0,0,1,0,0,0,17,0,0,0,0.1,0.1,0.1,3,0,12,14,85.7,0,8,0,0,0,https://fbref.com/en/players/854ee61a/Gregoire-Defrel-Grégoire Defrel,
2,Jeremie Boga,https://fbref.com/en/players/fe012aca/Jeremie-Boga,7,7,ci CIV,LW,24-000,67,0,0,0,0,2,1,0,0,28,0,0,0,0.1,0.1,0.0,1,0,18,19,94.7,2,17,1,1,1,https://fbref.com/en/players/fe012aca/Jeremie-Boga-Jeremie Boga,
3,Mehdi Bourabia,https://fbref.com/en/players/0d077b88/Mehdi-Bourabia,68,68,ma MAR,LW,29-149,23,0,0,0,0,0,0,0,0,23,0,0,0,0.0,0.0,0.0,1,0,14,20,70.0,1,8,1,0,0,https://fbref.com/en/players/0d077b88/Mehdi-Bourabia-Mehdi Bourabia,
4,Domenico Berardi,https://fbref.com/en/players/53a0e358/Domenico-Berardi,25,25,it ITA,RW,26-155,82,0,0,0,0,1,0,0,0,54,1,0,1,0.0,0.0,0.2,3,0,28,42,66.7,6,25,3,3,1,https://fbref.com/en/players/53a0e358/Domenico-Berardi-Domenico Berardi,
5,Giacomo Raspadori,https://fbref.com/en/players/6e058f06/Giacomo-Raspadori,18,18,it ITA,RW,20-320,8,0,0,0,0,0,0,0,0,3,0,0,0,0.0,0.0,0.0,0,0,2,3,66.7,0,3,0,0,0,https://fbref.com/en/players/6e058f06/Giacomo-Raspadori-Giacomo Raspadori,
6,Hamed Junior Traorè,https://fbref.com/en/players/570bb4b9/Hamed-Junior-Traore,23,23,ci CIV,AM,20-322,83,0,0,0,0,2,0,0,0,48,0,1,1,0.1,0.1,0.1,5,1,23,32,71.9,3,27,5,7,5,https://fbref.com/en/players/570bb4b9/Hamed-Junior-Traore-Hamed Junior Traorè,
7,Lukáš Haraslín,https://fbref.com/en/players/5c397195/Lukas-Haraslin,27,27,sk SVK,AM,24-222,7,0,0,0,0,0,0,0,0,6,1,0,0,0.0,0.0,0.0,0,0,4,4,100.0,0,4,0,1,0,https://fbref.com/en/players/5c397195/Lukas-Haraslin-Lukáš Haraslín,
8,Manuel Locatelli,https://fbref.com/en/players/a8a874f1/Manuel-Locatelli,73,73,it ITA,DM,22-361,90,0,0,0,0,0,0,0,0,98,4,5,2,0.0,0.0,0.0,1,0,67,80,83.8,11,52,2,4,3,https://fbref.com/en/players/a8a874f1/Manuel-Locatelli-Manuel Locatelli,
9,Maxime Lopez,https://fbref.com/en/players/20094685/Maxime-Lopez,8,8,fr FRA,DM,23-030,55,0,0,0,0,0,0,0,0,44,0,0,0,0.0,0.0,0.0,0,0,36,40,90.0,4,21,0,1,0,https://fbref.com/en/players/20094685/Maxime-Lopez-Maxime Lopez,
10,Pedro Obiang,https://fbref.com/en/players/ba1e04b3/Pedro-Obiang,14,14,gq EQG,DM,28-282,35,0,0,0,0,0,0,0,0,18,0,0,1,0.0,0.0,0.0,0,0,15,17,88.2,2,12,1,0,0,https://fbref.com/en/players/ba1e04b3/Pedro-Obiang-Pedro Obiang,
11,Giorgos Kyriakopoulos,https://fbref.com/en/players/0a483542/Giorgos-Kyriakopoulos,77,77,gr GRE,LB,24-333,90,0,0,0,0,2,2,0,0,63,1,4,1,0.1,0.1,0.0,2,0,34,45,75.6,3,26,5,2,2,https://fbref.com/en/players/0a483542/Giorgos-Kyriakopoulos-Giorgos Kyriakopoulos,
12,Gian Marco Ferrari,https://fbref.com/en/players/8650af85/Gian-Marco-Ferrari,31,31,it ITA,CB,28-323,90,0,0,0,0,0,0,0,0,56,5,1,0,0.0,0.0,0.0,0,0,40,49,81.6,0,29,0,0,0,https://fbref.com/en/players/8650af85/Gian-Marco-Ferrari-Gian Marco Ferrari,
13,Vlad Chiricheș,https://fbref.com/en/players/c316607a/Vlad-Chiriches,21,21,ro ROU,CB,31-050,90,1,0,0,0,2,1,1,0,69,3,5,3,0.2,0.2,0.0,0,0,46,51,90.2,2,31,0,0,0,https://fbref.com/en/players/c316607a/Vlad-Chiriches-Vlad Chiricheș,
14,Mert Müldür,https://fbref.com/en/players/1295552e/Mert-Muldur,17,17,tr TUR,RB,21-275,90,0,0,0,0,0,0,0,0,67,2,5,0,0.0,0.0,0.0,0,0,40,55,72.7,3,33,1,4,2,https://fbref.com/en/players/1295552e/Mert-Muldur-Mert Müldür,
15,Andrea Consigli,https://fbref.com/en/players/8cabdc1e/Andrea-Consigli,47,47,it ITA,GK,33-342,90,0,0,0,0,0,0,0,0,59,0,0,0,0.0,0.0,0.0,0,0,44,56,78.6,0,31,0,0,0,https://fbref.com/en/players/8cabdc1e/Andrea-Consigli-Andrea Consigli,
