,Player Name,Player Number,Player,#,Nation,Pos,Age,Min,Touches,Def Pen,Def 3rd,Mid 3rd,Att 3rd,Att Pen,Live,Att,Succ,Succ%,Tkld,Tkld%,Carries,TotDist,PrgDist,PrgC,1/3,CPA,Mis,Dis,Rec,PrgR,Player Key,Player Link
0,Francesco Caputo,https://fbref.com/en/players/5bd72174/Francesco-Caputo,9,9,it ITA,FW,33-150,55,24,1,2,14,8,1,24,0,0,,0,,7,19,9,0,0,0,1,0,19,5,https://fbref.com/en/players/5bd72174/Francesco-Caputo-Francesco Caputo,
1,Grégoire Defrel,https://fbref.com/en/players/854ee61a/Gregoire-Defrel,92,92,mq MTQ,FW,29-200,35,17,0,0,11,6,3,17,0,0,,0,,8,34,0,0,0,0,1,0,13,3,https://fbref.com/en/players/854ee61a/Gregoire-Defrel-Grégoire Defrel,
2,Jeremie Boga,https://fbref.com/en/players/fe012aca/Jeremie-Boga,7,7,ci CIV,LW,24-000,67,28,0,4,13,12,1,28,1,1,100.0,0,0.0,17,121,46,1,2,0,5,0,24,4,https://fbref.com/en/players/fe012aca/Jeremie-Boga-Jeremie Boga,
3,Mehdi Bourabia,https://fbref.com/en/players/0d077b88/Mehdi-Bourabia,68,68,ma MAR,LW,29-149,23,23,1,5,16,3,0,23,0,0,,0,,8,66,51,1,1,0,1,0,14,0,https://fbref.com/en/players/0d077b88/Mehdi-Bourabia-Mehdi Bourabia,
4,Domenico Berardi,https://fbref.com/en/players/53a0e358/Domenico-Berardi,25,25,it ITA,RW,26-155,82,54,4,12,24,18,1,54,3,1,33.3,2,66.7,25,168,76,3,1,0,2,3,33,7,https://fbref.com/en/players/53a0e358/Domenico-Berardi-Domenico Berardi,
5,Giacomo Raspadori,https://fbref.com/en/players/6e058f06/Giacomo-Raspadori,18,18,it ITA,RW,20-320,8,3,0,1,1,1,0,3,0,0,,0,,3,16,9,0,0,0,0,0,3,1,https://fbref.com/en/players/6e058f06/Giacomo-Raspadori-Giacomo Raspadori,
6,Hamed Junior Traorè,https://fbref.com/en/players/570bb4b9/Hamed-Junior-Traore,23,23,ci CIV,AM,20-322,83,48,0,11,22,17,3,48,7,5,71.4,2,28.6,27,237,129,5,3,1,4,1,31,6,https://fbref.com/en/players/570bb4b9/Hamed-Junior-Traore-Hamed Junior Traorè,
7,Lukáš Haraslín,https://fbref.com/en/players/5c397195/Lukas-Haraslin,27,27,sk SVK,AM,24-222,7,6,0,1,5,0,0,6,1,0,0.0,1,100.0,4,3,0,0,0,0,0,0,6,2,https://fbref.com/en/players/5c397195/Lukas-Haraslin-Lukáš Haraslín,
8,Manuel Locatelli,https://fbref.com/en/players/a8a874f1/Manuel-Locatelli,73,73,it ITA,DM,22-361,90,98,9,45,46,8,2,98,4,3,75.0,1,25.0,52,231,106,2,0,1,1,1,59,0,https://fbref.com/en/players/a8a874f1/Manuel-Locatelli-Manuel Locatelli,
9,Maxime Lopez,https://fbref.com/en/players/20094685/Maxime-Lopez,8,8,fr FRA,DM,23-030,55,44,3,18,21,5,1,44,1,0,0.0,1,100.0,21,139,36,0,0,0,0,1,40,1,https://fbref.com/en/players/20094685/Maxime-Lopez-Maxime Lopez,
10,Pedro Obiang,https://fbref.com/en/players/ba1e04b3/Pedro-Obiang,14,14,gq EQG,DM,28-282,35,18,1,5,12,1,0,18,0,0,,0,,12,59,46,1,1,0,0,0,14,1,https://fbref.com/en/players/ba1e04b3/Pedro-Obiang-Pedro Obiang,
11,Giorgos Kyriakopoulos,https://fbref.com/en/players/0a483542/Giorgos-Kyriakopoulos,77,77,gr GRE,LB,24-333,90,63,8,20,30,15,2,63,2,2,100.0,0,0.0,26,206,146,5,2,0,0,1,37,5,https://fbref.com/en/players/0a483542/Giorgos-Kyriakopoulos-Giorgos Kyriakopoulos,
12,Gian Marco Ferrari,https://fbref.com/en/players/8650af85/Gian-Marco-Ferrari,31,31,it ITA,CB,28-323,90,56,12,27,28,1,0,56,0,0,,0,,29,86,45,0,1,0,0,0,38,1,https://fbref.com/en/players/8650af85/Gian-Marco-Ferrari-Gian Marco Ferrari,
13,Vlad Chiricheș,https://fbref.com/en/players/c316607a/Vlad-Chiriches,21,21,ro ROU,CB,31-050,90,69,14,41,26,2,2,69,0,0,,0,,31,158,47,0,1,1,1,0,37,0,https://fbref.com/en/players/c316607a/Vlad-Chiriches-Vlad Chiricheș,
14,Mert Müldür,https://fbref.com/en/players/1295552e/Mert-Muldur,17,17,tr TUR,RB,21-275,90,67,4,26,30,12,2,67,4,2,50.0,2,50.0,33,120,35,1,0,0,1,1,36,1,https://fbref.com/en/players/1295552e/Mert-Muldur-Mert Müldür,
15,Andrea Consigli,https://fbref.com/en/players/8cabdc1e/Andrea-Consigli,47,47,it ITA,GK,33-342,90,59,44,58,1,0,0,59,0,0,,0,,31,162,111,0,0,0,0,0,31,0,https://fbref.com/en/players/8cabdc1e/Andrea-Consigli-Andrea Consigli,
