,Minute,Player,Squad,xG,PSxG,Outcome,Distance,Body Part,Notes,SCA 1 Player,SCA 1 Event,SCA 2 Player,SCA 2 Event
0,4,Jeremie Boga,Sassuolo,0.03,,Blocked,28,Left Foot,,Domenico Berardi,Pass (Dead),Hamed Junior Traorè,Fouled
1,8,Giorgos Kyriakopoulos,Sassuolo,0.05,0.22,Saved,20,Left Foot,,Jeremie Boga,Pass (Live),Hamed Junior Traorè,Pass (Live)
2,8,Vlad Chiricheș,Sassuolo,0.13,,Off Target,7,Head,,Domenico Berardi,Pass (Dead),Giorgos Kyriakopoulos,Shot
3,11,Duván Zapata,Atalanta,0.33,0.41,Goal,13,Right Foot,,Marten de Roon,Pass (Live),Remo Freuler,Pass (Live)
4,17,Josip Iličić,Atalanta,0.03,0.03,Saved,26,Left Foot,,Matteo Pessina,Pass (Live),Marten de Roon,Pass (Live)
5,17,Josip Iličić,Atalanta,0.04,,Off Target,19,Right Foot,,Hans Hateboer,Pass (Live),Josip Iličić,Pass (Live)
6,20,Josip Iličić,Atalanta,0.04,,Off Target,20,Left Foot,,Pierluigi Gollini,Pass (Live),José Luis Palomino,Pass (Live)
7,21,Josip Iličić,Atalanta,0.05,,Off Target,25,Right Foot,,Josip Iličić,Take-On,Marten de Roon,Pass (Live)
8,21,Hans Hateboer,Atalanta,0.05,0.12,Saved,14,Right Foot,,Berat Djimsiti,Pass (Live),Hans Hateboer,Pass (Live)
9,23,José Luis Palomino,Atalanta,0.09,,Off Target,10,Left Foot,Volley,Robin Gosens,Pass (Live),Remo Freuler,Pass (Live)
10,26,Hans Hateboer,Atalanta,0.08,,Blocked,12,Left Foot,,Berat Djimsiti,Pass (Live),Matteo Pessina,Pass (Live)
11,27,Duván Zapata,Atalanta,0.06,,Off Target,12,Head,,Josip Iličić,Pass (Dead),Hans Hateboer,Shot
12,29,Robin Gosens,Atalanta,0.04,,Off Target,17,Left Foot,Volley,Hans Hateboer,Pass (Live),Matteo Pessina,Pass (Live)
13,30,Hans Hateboer,Atalanta,0.05,,Off Target,20,Left Foot,,Josip Iličić,Pass (Live),Robin Gosens,Pass (Live)
14,35,Duván Zapata,Atalanta,0.05,,Woodwork,11,Left Foot,,José Luis Palomino,Pass (Live),Matteo Pessina,Pass (Live)
15,35,Duván Zapata,Atalanta,0.19,,Off Target,7,Other,,Josip Iličić,Pass (Live),Robin Gosens,Pass (Live)
16,37,Josip Iličić,Atalanta,0.03,,Off Target,20,Left Foot,,Matteo Pessina,Pass (Live),Robin Gosens,Pass (Live)
17,40,Jeremie Boga,Sassuolo,0.06,0.08,Saved,15,Right Foot,,Hamed Junior Traorè,Pass (Live),Domenico Berardi,Pass (Live)
18,42,Josip Iličić,Atalanta,0.03,,Off Target,26,Left Foot,,Remo Freuler,Pass (Live),Duván Zapata,Pass (Live)
19,45,Matteo Pessina,Atalanta,0.46,0.63,Goal,12,Right Foot,Volley,Josip Iličić,Pass (Live),Matteo Pessina,Pass (Live)
20,,,,,,,,,,,,,
21,49,Duván Zapata,Atalanta,0.43,0.79,Goal,12,Right Foot,,Remo Freuler,Pass (Live),Matteo Pessina,Pass (Live)
22,50,Marten de Roon,Atalanta,0.02,,Off Target,43,Right Foot,,,,,
23,57,Robin Gosens,Atalanta,0.04,0.06,Goal,19,Right Foot,Deflected,Duván Zapata,Pass (Live),Cristian Romero,Pass (Live)
24,64,Duván Zapata,Atalanta,0.03,,Off Target,20,Right Foot,,Ruslan Malinovskyi,Pass (Live),Robin Gosens,Pass (Live)
25,66,Berat Djimsiti,Atalanta,0.07,,Off Target,12,Right Foot,Volley,Luis Muriel,Pass (Live),Remo Freuler,Pass (Live)
26,67,Luis Muriel,Atalanta,0.47,0.88,Goal,10,Right Foot,,Remo Freuler,Pass (Live),Duván Zapata,Pass (Live)
27,75,Giorgos Kyriakopoulos,Sassuolo,0.04,0.06,Saved,16,Left Foot,,Mehdi Bourabia,Pass (Live),Manuel Locatelli,Pass (Live)
28,75,Grégoire Defrel,Sassuolo,0.14,,Blocked,10,Left Foot,,Giorgos Kyriakopoulos,Shot,,
29,75,Hamed Junior Traorè,Sassuolo,0.06,,Blocked,16,Right Foot,,Grégoire Defrel,Shot,,
30,75,Vlad Chiricheș,Sassuolo,0.09,0.39,Goal,13,Right Foot,Deflected,Hamed Junior Traorè,Shot,,
31,78,Hamed Junior Traorè,Sassuolo,0.03,,Off Target,28,Right Foot,,Hamed Junior Traorè,Take-On,,
32,81,Domenico Berardi,Sassuolo,0.05,,Off Target,17,Right Foot,,Grégoire Defrel,Pass (Live),Grégoire Defrel,Fouled
33,85,Luis Muriel,Atalanta,0.08,,Blocked,13,Right Foot,,Aleksei Miranchuk,Pass (Live),Marten de Roon,Pass (Live)
