,Player Name,Player Number,Player,#,Nation,Pos,Age,Min,Gls,Ast,PK,PKatt,Sh,SoT,CrdY,CrdR,Touches,Tkl,Int,Blocks,xG,npxG,xAG,SCA,GCA,Cmp,Att,Cmp%,PrgP,Carries,PrgC,Att,Succ,Player Key,Player Link
0,Ibrahima Niane,https://fbref.com/en/players/46faabfa/Ibrahima-Niane,7,7,sn SEN,FW,22-059,66,0,0,0,0,1,0,0,0,22,0,0,0,0.0,0.0,0.0,2,0,10,14,71.4,1,6,0,0,0,https://fbref.com/en/players/46faabfa/Ibrahima-Niane-Ibrahima Niane,
1,Thierry Ambrose,https://fbref.com/en/players/2945f4b7/Thierry-Ambrose,9,9,gp GLP,FW,24-042,24,0,0,0,0,2,0,0,0,13,0,0,0,0.2,0.2,0.1,3,0,9,10,90.0,3,8,0,1,1,https://fbref.com/en/players/2945f4b7/Thierry-Ambrose-Thierry Ambrose,
2,Papa Ndiaga Yade,https://fbref.com/en/players/87e9c7cd/Papa-Ndiaga-Yade,26,26,mr MTN,LW,21-124,58,0,0,0,0,2,0,0,0,27,1,1,0,0.1,0.1,0.0,4,0,15,20,75.0,1,16,3,5,3,https://fbref.com/en/players/87e9c7cd/Papa-Ndiaga-Yade-Papa Ndiaga Yade,
3,Vagner Gonçalves,https://fbref.com/en/players/743fd71f/Vagner-Goncalves,27,27,cv CPV,LW,25-119,32,0,0,0,0,0,0,0,0,20,0,0,0,0.0,0.0,0.1,2,0,12,16,75.0,1,12,4,2,0,https://fbref.com/en/players/743fd71f/Vagner-Goncalves-Vagner Gonçalves,
4,Farid Boulaya,https://fbref.com/en/players/a0791826/Farid-Boulaya,10,10,dz ALG,RW,28-073,59,0,0,0,0,1,0,0,0,47,2,2,0,0.0,0.0,0.0,2,0,31,41,75.6,4,27,1,2,1,https://fbref.com/en/players/a0791826/Farid-Boulaya-Farid Boulaya,
5,Lamine Gueye,https://fbref.com/en/players/9d5dcc23/Lamine-Gueye,13,13,sn SEN,RW,23-057,31,0,0,0,0,0,0,0,0,17,0,1,0,0.0,0.0,0.0,0,0,12,16,75.0,0,9,0,0,0,https://fbref.com/en/players/9d5dcc23/Lamine-Gueye-Lamine Gueye,
6,Pape Matar Sarr,https://fbref.com/en/players/feb5d972/Pape-Matar-Sarr,15,15,sn SEN,LM,18-237,90,0,0,0,0,1,1,0,0,84,1,2,2,0.0,0.0,0.1,2,0,65,75,86.7,10,54,5,2,0,https://fbref.com/en/players/feb5d972/Pape-Matar-Sarr-Pape Matar Sarr,
7,Kévin N'Doram,https://fbref.com/en/players/e50623a0/Kevin-NDoram,4,4,fr FRA,CM,25-107,65,0,0,0,0,0,0,0,0,38,0,0,0,0.0,0.0,0.0,0,0,30,38,78.9,3,22,0,0,0,https://fbref.com/en/players/e50623a0/Kevin-NDoram-Kévin N'Doram,
8,Boubacar Traoré,https://fbref.com/en/players/999ceb5f/Boubacar-Traore,8,8,ml MLI,CM,19-262,25,0,0,0,0,1,0,0,0,23,2,0,0,0.0,0.0,0.0,3,0,14,19,73.7,2,10,0,0,0,https://fbref.com/en/players/999ceb5f/Boubacar-Traore-Boubacar Traoré,
9,Habib Maïga,https://fbref.com/en/players/e768de1f/Habib-Maiga,19,19,ci CIV,RM,25-128,90,0,0,0,0,2,0,1,0,99,2,1,2,0.3,0.3,0.0,1,0,76,85,89.4,12,48,3,2,0,https://fbref.com/en/players/e768de1f/Habib-Maiga-Habib Maïga,
10,Matthieu Udol,https://fbref.com/en/players/cc41f558/Matthieu-Udol,3,3,fr FRA,LB,25-050,90,0,0,0,0,0,0,0,0,62,1,1,0,0.0,0.0,0.0,0,0,51,55,92.7,1,22,0,1,1,https://fbref.com/en/players/cc41f558/Matthieu-Udol-Matthieu Udol,
11,John Boye,https://fbref.com/en/players/861227d2/John-Boye,21,21,gh GHA,CB,34-016,53,0,0,0,0,0,0,0,0,33,0,2,3,0.0,0.0,0.0,0,0,21,23,91.3,1,15,0,0,0,https://fbref.com/en/players/861227d2/John-Boye-John Boye,
12,Boubakar Kouyaté,https://fbref.com/en/players/562a4799/Boubakar-Kouyate,23,23,ml MLI,CB,24-024,37,0,0,0,0,0,0,0,0,28,1,0,0,0.0,0.0,0.0,0,0,16,23,69.6,3,6,0,0,0,https://fbref.com/en/players/562a4799/Boubakar-Kouyate-Boubakar Kouyaté,
13,Dylan Bronn,https://fbref.com/en/players/edd81e2a/Dylan-Bronn,2,2,tn TUN,CB,25-324,90,0,0,0,0,1,1,0,0,66,1,2,0,0.0,0.0,0.0,1,0,49,58,84.5,2,32,0,0,0,https://fbref.com/en/players/edd81e2a/Dylan-Bronn-Dylan Bronn,
14,Fabien Centonze,https://fbref.com/en/players/3c6bbbab/Fabien-Centonze,18,18,fr FRA,RB,25-113,90,0,0,0,0,0,0,0,0,94,0,2,5,0.0,0.0,0.3,1,0,62,78,79.5,3,47,4,2,1,https://fbref.com/en/players/3c6bbbab/Fabien-Centonze-Fabien Centonze,
15,Alexandre Oukidja,https://fbref.com/en/players/ae7d0ecd/Alexandre-Oukidja,16,16,dz ALG,GK,32-294,90,0,0,0,0,0,0,0,0,34,0,0,0,0.0,0.0,0.0,0,0,27,32,84.4,0,12,0,0,0,https://fbref.com/en/players/ae7d0ecd/Alexandre-Oukidja-Alexandre Oukidja,
