,Player Name,Player Number,Player,#,Nation,Pos,Age,Min,Touches,Def Pen,Def 3rd,Mid 3rd,Att 3rd,Att Pen,Live,Att,Succ,Succ%,Tkld,Tkld%,Carries,TotDist,PrgDist,PrgC,1/3,CPA,Mis,Dis,Rec,PrgR,Player Key,Player Link
0,Ibrahima Niane,https://fbref.com/en/players/46faabfa/Ibrahima-Niane,7,7,sn SEN,FW,22-059,66,22,2,2,9,11,2,22,0,0,,0,,6,21,2,0,0,0,3,0,15,5,https://fbref.com/en/players/46faabfa/Ibrahima-Niane-Ibrahima Niane,
1,Thierry Ambrose,https://fbref.com/en/players/2945f4b7/Thierry-Ambrose,9,9,gp GLP,FW,24-042,24,13,0,0,6,8,2,13,1,1,100.0,0,0.0,8,20,8,0,1,0,0,2,14,6,https://fbref.com/en/players/2945f4b7/Thierry-Ambrose-Thierry Ambrose,
2,Papa Ndiaga Yade,https://fbref.com/en/players/87e9c7cd/Papa-Ndiaga-Yade,26,26,mr MTN,LW,21-124,58,27,2,8,11,10,1,27,5,3,60.0,2,40.0,16,160,107,3,1,1,2,0,16,5,https://fbref.com/en/players/87e9c7cd/Papa-Ndiaga-Yade-Papa Ndiaga Yade,
3,Vagner Gonçalves,https://fbref.com/en/players/743fd71f/Vagner-Goncalves,27,27,cv CPV,LW,25-119,32,20,0,2,8,10,1,20,2,0,0.0,2,100.0,12,86,63,4,4,1,0,3,15,4,https://fbref.com/en/players/743fd71f/Vagner-Goncalves-Vagner Gonçalves,
4,Farid Boulaya,https://fbref.com/en/players/a0791826/Farid-Boulaya,10,10,dz ALG,RW,28-073,59,47,0,5,30,12,0,47,2,1,50.0,1,50.0,27,164,37,1,1,0,1,1,38,3,https://fbref.com/en/players/a0791826/Farid-Boulaya-Farid Boulaya,
5,Lamine Gueye,https://fbref.com/en/players/9d5dcc23/Lamine-Gueye,13,13,sn SEN,RW,23-057,31,17,0,4,9,4,0,17,0,0,,0,,9,36,5,0,0,0,0,0,14,2,https://fbref.com/en/players/9d5dcc23/Lamine-Gueye-Lamine Gueye,
6,Pape Matar Sarr,https://fbref.com/en/players/feb5d972/Pape-Matar-Sarr,15,15,sn SEN,LM,18-237,90,84,2,12,58,14,0,84,2,0,0.0,2,100.0,54,399,226,5,3,0,2,0,68,4,https://fbref.com/en/players/feb5d972/Pape-Matar-Sarr-Pape Matar Sarr,
7,Kévin N'Doram,https://fbref.com/en/players/e50623a0/Kevin-NDoram,4,4,fr FRA,CM,25-107,65,38,0,8,30,0,0,38,0,0,,0,,22,134,75,0,0,0,0,0,30,0,https://fbref.com/en/players/e50623a0/Kevin-NDoram-Kévin N'Doram,
8,Boubacar Traoré,https://fbref.com/en/players/999ceb5f/Boubacar-Traore,8,8,ml MLI,CM,19-262,25,23,0,1,16,6,1,23,0,0,,0,,10,44,22,0,1,0,1,0,18,1,https://fbref.com/en/players/999ceb5f/Boubacar-Traore-Boubacar Traoré,
9,Habib Maïga,https://fbref.com/en/players/e768de1f/Habib-Maiga,19,19,ci CIV,RM,25-128,90,99,2,19,74,7,3,99,2,0,0.0,2,100.0,48,236,136,3,0,0,4,0,80,4,https://fbref.com/en/players/e768de1f/Habib-Maiga-Habib Maïga,
10,Matthieu Udol,https://fbref.com/en/players/cc41f558/Matthieu-Udol,3,3,fr FRA,LB,25-050,90,62,4,22,33,7,0,62,1,1,100.0,0,0.0,22,74,48,0,1,0,2,2,41,4,https://fbref.com/en/players/cc41f558/Matthieu-Udol-Matthieu Udol,
11,John Boye,https://fbref.com/en/players/861227d2/John-Boye,21,21,gh GHA,CB,34-016,53,33,4,19,14,0,0,33,0,0,,0,,15,30,18,0,0,0,1,0,16,0,https://fbref.com/en/players/861227d2/John-Boye-John Boye,
12,Boubakar Kouyaté,https://fbref.com/en/players/562a4799/Boubakar-Kouyate,23,23,ml MLI,CB,24-024,37,28,3,14,15,0,0,28,0,0,,0,,6,63,43,0,0,0,0,0,12,0,https://fbref.com/en/players/562a4799/Boubakar-Kouyate-Boubakar Kouyaté,
13,Dylan Bronn,https://fbref.com/en/players/edd81e2a/Dylan-Bronn,2,2,tn TUN,CB,25-324,90,66,6,30,35,1,0,66,0,0,,0,,32,135,72,0,2,0,0,0,46,0,https://fbref.com/en/players/edd81e2a/Dylan-Bronn-Dylan Bronn,
14,Fabien Centonze,https://fbref.com/en/players/3c6bbbab/Fabien-Centonze,18,18,fr FRA,RB,25-113,90,94,5,34,41,19,1,94,2,1,50.0,1,50.0,47,319,129,4,3,0,2,0,61,9,https://fbref.com/en/players/3c6bbbab/Fabien-Centonze-Fabien Centonze,
15,Alexandre Oukidja,https://fbref.com/en/players/ae7d0ecd/Alexandre-Oukidja,16,16,dz ALG,GK,32-294,90,34,31,34,0,0,0,34,0,0,,0,,12,87,70,0,0,0,0,0,13,0,https://fbref.com/en/players/ae7d0ecd/Alexandre-Oukidja-Alexandre Oukidja,
