,Player Name,Player Number,Player,#,Nation,Pos,Age,Min,Att,Live,Dead,FK,TB,Sw,Crs,TI,CK,In,Out,Str,Cmp,Off,Blocks,Player Key,Player Link
0,Ibrahima Niane,https://fbref.com/en/players/46faabfa/Ibrahima-Niane,7,7,sn SEN,FW,22-059,66,14,13,1,0,0,0,0,0,0,0,0,0,10,0,0,https://fbref.com/en/players/46faabfa/Ibrahima-Niane-Ibrahima Niane,
1,Thierry Ambrose,https://fbref.com/en/players/2945f4b7/Thierry-Ambrose,9,9,gp GLP,FW,24-042,24,10,8,2,0,0,0,0,0,0,0,0,0,9,0,0,https://fbref.com/en/players/2945f4b7/Thierry-Ambrose-Thierry Ambrose,
2,Papa Ndiaga Yade,https://fbref.com/en/players/87e9c7cd/Papa-Ndiaga-Yade,26,26,mr MTN,LW,21-124,58,20,20,0,0,0,0,3,0,0,0,0,0,15,0,1,https://fbref.com/en/players/87e9c7cd/Papa-Ndiaga-Yade-Papa Ndiaga Yade,
3,Vagner Gonçalves,https://fbref.com/en/players/743fd71f/Vagner-Goncalves,27,27,cv CPV,LW,25-119,32,16,14,1,1,0,0,2,0,0,0,0,0,12,1,0,https://fbref.com/en/players/743fd71f/Vagner-Goncalves-Vagner Gonçalves,
4,Farid Boulaya,https://fbref.com/en/players/a0791826/Farid-Boulaya,10,10,dz ALG,RW,28-073,59,41,38,3,2,0,4,1,0,0,0,0,0,31,0,2,https://fbref.com/en/players/a0791826/Farid-Boulaya-Farid Boulaya,
5,Lamine Gueye,https://fbref.com/en/players/9d5dcc23/Lamine-Gueye,13,13,sn SEN,RW,23-057,31,16,15,1,1,0,0,1,0,0,0,0,0,12,0,0,https://fbref.com/en/players/9d5dcc23/Lamine-Gueye-Lamine Gueye,
6,Pape Matar Sarr,https://fbref.com/en/players/feb5d972/Pape-Matar-Sarr,15,15,sn SEN,LM,18-237,90,75,75,0,0,0,0,0,0,0,0,0,0,65,0,0,https://fbref.com/en/players/feb5d972/Pape-Matar-Sarr-Pape Matar Sarr,
7,Kévin N'Doram,https://fbref.com/en/players/e50623a0/Kevin-NDoram,4,4,fr FRA,CM,25-107,65,38,37,1,1,0,0,0,0,0,0,0,0,30,0,2,https://fbref.com/en/players/e50623a0/Kevin-NDoram-Kévin N'Doram,
8,Boubacar Traoré,https://fbref.com/en/players/999ceb5f/Boubacar-Traore,8,8,ml MLI,CM,19-262,25,19,19,0,0,0,1,1,0,0,0,0,0,14,0,0,https://fbref.com/en/players/999ceb5f/Boubacar-Traore-Boubacar Traoré,
9,Habib Maïga,https://fbref.com/en/players/e768de1f/Habib-Maiga,19,19,ci CIV,RM,25-128,90,85,81,4,2,0,1,0,2,0,0,0,0,76,0,0,https://fbref.com/en/players/e768de1f/Habib-Maiga-Habib Maïga,
10,Matthieu Udol,https://fbref.com/en/players/cc41f558/Matthieu-Udol,3,3,fr FRA,LB,25-050,90,55,47,8,2,0,1,0,6,0,0,0,0,51,0,0,https://fbref.com/en/players/cc41f558/Matthieu-Udol-Matthieu Udol,
11,John Boye,https://fbref.com/en/players/861227d2/John-Boye,21,21,gh GHA,CB,34-016,53,23,22,1,1,0,0,0,0,0,0,0,0,21,0,0,https://fbref.com/en/players/861227d2/John-Boye-John Boye,
12,Boubakar Kouyaté,https://fbref.com/en/players/562a4799/Boubakar-Kouyate,23,23,ml MLI,CB,24-024,37,23,23,0,0,0,0,0,0,0,0,0,0,16,0,0,https://fbref.com/en/players/562a4799/Boubakar-Kouyate-Boubakar Kouyaté,
13,Dylan Bronn,https://fbref.com/en/players/edd81e2a/Dylan-Bronn,2,2,tn TUN,CB,25-324,90,58,58,0,0,0,1,0,0,0,0,0,0,49,0,0,https://fbref.com/en/players/edd81e2a/Dylan-Bronn-Dylan Bronn,
14,Fabien Centonze,https://fbref.com/en/players/3c6bbbab/Fabien-Centonze,18,18,fr FRA,RB,25-113,90,78,67,11,1,0,0,4,10,0,0,0,0,62,0,3,https://fbref.com/en/players/3c6bbbab/Fabien-Centonze-Fabien Centonze,
15,Alexandre Oukidja,https://fbref.com/en/players/ae7d0ecd/Alexandre-Oukidja,16,16,dz ALG,GK,32-294,90,32,23,9,2,0,0,0,0,0,0,0,0,27,0,1,https://fbref.com/en/players/ae7d0ecd/Alexandre-Oukidja-Alexandre Oukidja,
