,Player Name,Player Number,Player,#,Nation,Pos,Age,Min,CrdY,CrdR,2CrdY,Fls,Fld,Off,Crs,Int,TklW,PKwon,PKcon,OG,Recov,Won,Lost,Won%,Player Key,Player Link
0,Moussa Koné,https://fbref.com/en/players/3ef68782/Moussa-Kone,28,28,sn SEN,FW,24-130,83,0,0,0,0,1,0,1,0,0,0,0,0,3,0,2,0.0,https://fbref.com/en/players/3ef68782/Moussa-Kone-Moussa Koné,
1,Mahamadou Doucouré,https://fbref.com/en/players/9826ea33/Mahamadou-Doucoure,32,32,ml MLI,FW,20-352,7,0,0,0,0,1,0,0,0,0,0,0,0,0,0,1,0.0,https://fbref.com/en/players/9826ea33/Mahamadou-Doucoure-Mahamadou Doucouré,
2,Zinedine Ferhat,https://fbref.com/en/players/005c0807/Zinedine-Ferhat,10,10,dz ALG,LW,28-069,89,0,0,0,0,1,1,3,1,2,1,0,0,2,0,2,0.0,https://fbref.com/en/players/005c0807/Zinedine-Ferhat-Zinedine Ferhat,
3,Matteo Ahlinvi,https://fbref.com/en/players/5ea9ebd4/Matteo-Ahlinvi,11,11,bj BEN,LW,21-311,1,0,0,0,0,0,0,0,0,0,0,0,0,0,0,0,,https://fbref.com/en/players/5ea9ebd4/Matteo-Ahlinvi-Matteo Ahlinvi,
4,Niclas Eliasson,https://fbref.com/en/players/0033fb1b/Niclas-Eliasson,7,7,se SWE,RW,25-153,88,0,0,0,1,1,0,7,0,1,0,0,0,3,0,2,0.0,https://fbref.com/en/players/0033fb1b/Niclas-Eliasson-Niclas Eliasson,
5,Nassim Chadli,https://fbref.com/en/players/5c61496e/Nassim-Chadli,33,33,fr FRA,RW,19-285,2,0,0,0,0,0,0,0,0,0,0,0,0,0,0,0,,https://fbref.com/en/players/5c61496e/Nassim-Chadli-Nassim Chadli,
6,Renaud Ripart,https://fbref.com/en/players/beae3a73/Renaud-Ripart,20,20,fr FRA,AM,28-056,90,0,0,0,0,1,0,3,2,0,0,0,0,0,1,3,25.0,https://fbref.com/en/players/beae3a73/Renaud-Ripart-Renaud Ripart,
7,Lamine Fomba,https://fbref.com/en/players/2145368f/Lamine-Fomba,12,12,fr FRA,DM,23-103,90,1,0,0,3,1,0,0,4,1,0,0,0,11,0,2,0.0,https://fbref.com/en/players/2145368f/Lamine-Fomba-Lamine Fomba,
8,Andrés Cubas,https://fbref.com/en/players/9b40a6ea/Andres-Cubas,18,18,py PAR,DM,24-352,83,0,0,0,1,1,0,0,3,3,0,0,0,8,0,0,,https://fbref.com/en/players/9b40a6ea/Andres-Cubas-Andrés Cubas,
9,Lucas Deaux,https://fbref.com/en/players/44f8c299/Lucas-Deaux,8,8,fr FRA,DM,32-134,7,0,0,0,0,0,0,0,0,0,0,0,0,0,0,0,,https://fbref.com/en/players/44f8c299/Lucas-Deaux-Lucas Deaux,
10,Birger Meling,https://fbref.com/en/players/70c52749/Birger-Meling,3,3,no NOR,LB,26-143,90,1,0,0,3,0,1,1,1,0,0,0,0,8,0,0,,https://fbref.com/en/players/70c52749/Birger-Meling-Birger Meling,
11,Loïck Landre,https://fbref.com/en/players/08082af0/Loick-Landre,5,5,fr FRA,CB,29-004,90,0,0,0,1,2,0,0,1,0,0,0,0,5,1,1,50.0,https://fbref.com/en/players/08082af0/Loick-Landre-Loïck Landre,
12,Naomichi Ueda,https://fbref.com/en/players/539b4f25/Naomichi-Ueda,27,27,jp JPN,CB,26-197,90,0,0,0,1,0,0,0,0,0,0,0,0,3,2,1,66.7,https://fbref.com/en/players/539b4f25/Naomichi-Ueda-Naomichi Ueda,
13,Gaëtan Paquiez,https://fbref.com/en/players/475583ff/Gaetan-Paquiez,15,15,fr FRA,RB,27-083,75,0,0,0,1,2,0,2,0,2,0,0,0,2,2,0,100.0,https://fbref.com/en/players/475583ff/Gaetan-Paquiez-Gaëtan Paquiez,
14,Patrick Burner,https://fbref.com/en/players/8746d5d0/Patrick-Burner,21,21,mq MTQ,RB,25-028,15,0,0,0,1,0,0,0,2,0,0,0,0,1,0,0,,https://fbref.com/en/players/8746d5d0/Patrick-Burner-Patrick Burner,
15,Baptiste Reynet,https://fbref.com/en/players/bcf1b2e9/Baptiste-Reynet,30,30,fr FRA,GK,30-193,90,0,0,0,0,1,0,0,0,0,0,0,0,2,0,0,,https://fbref.com/en/players/bcf1b2e9/Baptiste-Reynet-Baptiste Reynet,
