,Player Name,Player Number,Player,#,Nation,Pos,Age,Min,Touches,Def Pen,Def 3rd,Mid 3rd,Att 3rd,Att Pen,Live,Att,Succ,Succ%,Tkld,Tkld%,Carries,TotDist,PrgDist,PrgC,1/3,CPA,Mis,Dis,Rec,PrgR,Player Key,Player Link
0,Moussa Koné,https://fbref.com/en/players/3ef68782/Moussa-Kone,28,28,sn SEN,FW,24-130,83,25,0,0,12,13,4,25,0,0,,0,,13,30,11,0,1,0,4,0,17,6,https://fbref.com/en/players/3ef68782/Moussa-Kone-Moussa Koné,
1,Mahamadou Doucouré,https://fbref.com/en/players/9826ea33/Mahamadou-Doucoure,32,32,ml MLI,FW,20-352,7,3,0,0,2,1,0,3,0,0,,0,,4,24,14,1,0,0,1,1,5,1,https://fbref.com/en/players/9826ea33/Mahamadou-Doucoure-Mahamadou Doucouré,
2,Zinedine Ferhat,https://fbref.com/en/players/005c0807/Zinedine-Ferhat,10,10,dz ALG,LW,28-069,89,47,0,2,22,23,3,47,1,1,100.0,0,0.0,30,130,75,3,1,2,2,1,39,8,https://fbref.com/en/players/005c0807/Zinedine-Ferhat-Zinedine Ferhat,
3,Matteo Ahlinvi,https://fbref.com/en/players/5ea9ebd4/Matteo-Ahlinvi,11,11,bj BEN,LW,21-311,1,1,0,1,0,0,0,1,0,0,,0,,0,0,0,0,0,0,0,0,0,0,https://fbref.com/en/players/5ea9ebd4/Matteo-Ahlinvi-Matteo Ahlinvi,
4,Niclas Eliasson,https://fbref.com/en/players/0033fb1b/Niclas-Eliasson,7,7,se SWE,RW,25-153,88,34,0,3,14,18,5,34,0,0,,0,,18,92,28,0,0,0,2,0,18,5,https://fbref.com/en/players/0033fb1b/Niclas-Eliasson-Niclas Eliasson,
5,Nassim Chadli,https://fbref.com/en/players/5c61496e/Nassim-Chadli,33,33,fr FRA,RW,19-285,2,2,0,0,1,1,0,2,0,0,,0,,2,5,2,0,1,0,0,1,2,0,https://fbref.com/en/players/5c61496e/Nassim-Chadli-Nassim Chadli,
6,Renaud Ripart,https://fbref.com/en/players/beae3a73/Renaud-Ripart,20,20,fr FRA,AM,28-056,90,48,0,0,24,24,2,47,0,0,,0,,24,136,67,3,0,0,4,2,39,7,https://fbref.com/en/players/beae3a73/Renaud-Ripart-Renaud Ripart,
7,Lamine Fomba,https://fbref.com/en/players/2145368f/Lamine-Fomba,12,12,fr FRA,DM,23-103,90,45,2,12,29,5,1,45,1,0,0.0,1,100.0,23,147,78,0,1,0,1,2,20,1,https://fbref.com/en/players/2145368f/Lamine-Fomba-Lamine Fomba,
8,Andrés Cubas,https://fbref.com/en/players/9b40a6ea/Andres-Cubas,18,18,py PAR,DM,24-352,83,46,0,14,26,6,0,46,0,0,,0,,12,31,11,0,0,0,3,1,22,0,https://fbref.com/en/players/9b40a6ea/Andres-Cubas-Andrés Cubas,
9,Lucas Deaux,https://fbref.com/en/players/44f8c299/Lucas-Deaux,8,8,fr FRA,DM,32-134,7,6,0,0,4,2,0,6,0,0,,0,,4,7,0,0,0,0,0,1,5,0,https://fbref.com/en/players/44f8c299/Lucas-Deaux-Lucas Deaux,
10,Birger Meling,https://fbref.com/en/players/70c52749/Birger-Meling,3,3,no NOR,LB,26-143,90,67,1,16,32,21,0,67,0,0,,0,,26,151,35,0,2,0,3,0,29,3,https://fbref.com/en/players/70c52749/Birger-Meling-Birger Meling,
11,Loïck Landre,https://fbref.com/en/players/08082af0/Loick-Landre,5,5,fr FRA,CB,29-004,90,49,4,22,27,0,0,49,0,0,,0,,33,246,204,2,0,0,1,0,36,0,https://fbref.com/en/players/08082af0/Loick-Landre-Loïck Landre,
12,Naomichi Ueda,https://fbref.com/en/players/539b4f25/Naomichi-Ueda,27,27,jp JPN,CB,26-197,90,60,5,24,36,0,0,60,0,0,,0,,41,295,247,1,0,0,0,0,46,0,https://fbref.com/en/players/539b4f25/Naomichi-Ueda-Naomichi Ueda,
13,Gaëtan Paquiez,https://fbref.com/en/players/475583ff/Gaetan-Paquiez,15,15,fr FRA,RB,27-083,75,26,1,4,15,7,2,26,0,0,,0,,5,18,12,1,0,1,0,0,9,1,https://fbref.com/en/players/475583ff/Gaetan-Paquiez-Gaëtan Paquiez,
14,Patrick Burner,https://fbref.com/en/players/8746d5d0/Patrick-Burner,21,21,mq MTQ,RB,25-028,15,7,1,6,1,0,0,7,0,0,,0,,1,21,0,0,0,0,0,1,0,0,https://fbref.com/en/players/8746d5d0/Patrick-Burner-Patrick Burner,
15,Baptiste Reynet,https://fbref.com/en/players/bcf1b2e9/Baptiste-Reynet,30,30,fr FRA,GK,30-193,90,54,37,54,0,0,0,54,0,0,,0,,31,173,137,0,0,0,0,0,31,0,https://fbref.com/en/players/bcf1b2e9/Baptiste-Reynet-Baptiste Reynet,
