,Minute,Player,Squad,xG,PSxG,Outcome,Distance,Body Part,Notes,SCA 1 Player,SCA 1 Event,SCA 2 Player,SCA 2 Event
0,5,Moussa Koné,Nîmes,0.05,,Off Target,22,Right Foot,Volley,Naomichi Ueda,Pass (Live),Zinedine Ferhat,Pass (Live)
1,7,Andrés Cubas,Nîmes,0.03,0.27,Saved,31,Right Foot,,,,,
2,9,Papa Ndiaga Yade,Metz,0.05,,Off Target,12,Left Foot,,Pape Matar Sarr,Pass (Live),Papa Ndiaga Yade,Pass (Live)
3,14,Habib Maïga,Metz,0.28,,Off Target,9,Head,,Fabien Centonze,Pass (Live),Ibrahima Niane,Pass (Live)
4,21,Renaud Ripart,Nîmes,0.03,,Off Target,30,Left Foot,,Lamine Fomba,Pass (Live),,
5,33,Niclas Eliasson,Nîmes,0.15,,Blocked,9,Left Foot,,Zinedine Ferhat,Pass (Live),Zinedine Ferhat,Take-On
6,33,Niclas Eliasson,Nîmes,0.06,,Blocked,11,Left Foot,,Lamine Fomba,Pass (Live),Zinedine Ferhat,Pass (Live)
7,34,Renaud Ripart,Nîmes,0.05,,Off Target,11,Head,,Niclas Eliasson,Pass (Live),Andrés Cubas,Pass (Live)
8,45,Moussa Koné,Nîmes,0.12,0.04,Saved,9,Head,,Birger Meling,Pass (Live),Niclas Eliasson,Pass (Live)
9,,,,,,,,,,,,,
10,51,Pape Matar Sarr,Metz,0.03,0.08,Saved,31,Right Foot,,Farid Boulaya,Pass (Live),Farid Boulaya,Take-On
11,55,Farid Boulaya,Metz,0.04,,Blocked,23,Left Foot,,Papa Ndiaga Yade,Pass (Live),Papa Ndiaga Yade,Take-On
12,59,Papa Ndiaga Yade,Metz,0.03,,Off Target,31,Left Foot,,Papa Ndiaga Yade,Pass (Live),,
13,60,Ibrahima Niane,Metz,0.03,,Blocked,24,Right Foot,,Habib Maïga,Pass (Live),Ibrahima Niane,Pass (Live)
14,61,Lamine Fomba,Nîmes,0.58,0.66,Goal,6,Left Foot,,Niclas Eliasson,Pass (Live),Lamine Fomba,Pass (Live)
15,67,Renaud Ripart(pen),Nîmes,0.79,0.94,Goal,13,Right Foot,,Zinedine Ferhat,Fouled,Renaud Ripart,Pass (Live)
16,71,Thierry Ambrose,Metz,0.05,,Woodwork,19,Right Foot,,Thierry Ambrose,Pass (Live),Boubacar Traoré,Pass (Live)
17,80,Habib Maïga,Metz,0.06,,Blocked,15,Right Foot,,Thierry Ambrose,Pass (Live),Boubacar Traoré,Pass (Live)
18,83,Dylan Bronn,Metz,0.02,0.07,Saved,31,Right Foot,Deflected,Pape Matar Sarr,Pass (Live),Boubacar Traoré,Pass (Live)
19,85,Thierry Ambrose,Metz,0.13,,Off Target,10,Head,,Vagner Gonçalves,Pass (Dead),Vagner Gonçalves,Fouled
20,89,Zinedine Ferhat,Nîmes,0.06,0.07,Goal,18,Left Foot,,Lucas Deaux,Pass (Live),,
21,90+3,Boubacar Traoré,Metz,0.02,,Blocked,32,Right Foot,,Thierry Ambrose,Pass (Live),Dylan Bronn,Pass (Live)
