season,injury,from,until,days,missed_games
23/24,Hamstring injury,"Feb 17, 2024","Mar 27, 2024",39 days,6
23/24,Hamstring injury,"Oct 22, 2023","Nov 24, 2023",33 days,5
22/23,Hamstring injury,"May 21, 2023","May 31, 2023",10 days,2
22/23,Hamstring injury,"Feb 10, 2023","Apr 5, 2023",54 days,9
22/23,Hamstring injury,"Dec 13, 2022","Jan 4, 2023",22 days,2
22/23,Hamstring injury,"Nov 3, 2022","Nov 6, 2022",3 days,1
22/23,Adductor injury,"Sep 9, 2022","Sep 15, 2022",6 days,2
20/21,Achilles tendon contusion,"Mar 13, 2021","Mar 16, 2021",3 days,1
20/21,Knock,"Jan 16, 2021","Feb 9, 2021",24 days,5
20/21,Corona virus,"Oct 2, 2020","Oct 16, 2020",14 days,2
19/20,Thigh problems,"Feb 21, 2020","Apr 19, 2020",58 days,4
19/20,Hamstring injury,"Nov 8, 2019","Dec 16, 2019",38 days,7
19/20,Foot injury,"Oct 29, 2019","Nov 4, 2019",6 days,1
19/20,Calf injury,"Aug 7, 2019","Sep 4, 2019",28 days,5
18/19,Knock,"Mar 31, 2019","Apr 27, 2019",27 days,6
