season,injury,from,until,days,missed_games
23/24,Hamstring injury,"Nov 24, 2023","Jan 27, 2024",64 days,12
23/24,Ankle injury,"Jul 31, 2023","Aug 25, 2023",25 days,2
22/23,Internal ligament strain,"May 21, 2023","Jun 19, 2023",29 days,3
22/23,Hamstring injury,"Oct 24, 2022","Nov 27, 2022",34 days,4
21/22,Inflammation of pubic bone,"Mar 10, 2022","Apr 7, 2022",28 days,3
18/19,Muscle injury,"Apr 15, 2019","May 3, 2019",18 days,3
18/19,Muscle injury,"Mar 30, 2019","Apr 13, 2019",14 days,2
16/17,Metacarpal fracture,"Feb 14, 2017","Feb 24, 2017",10 days,1
