season,injury,from,until,days,missed_games
23/24,Eye injury,"May 23, 2024","May 27, 2024",4 days,1
23/24,Hamstring injury,"May 14, 2024","May 18, 2024",4 days,1
23/24,Fever,"Dec 15, 2023","Dec 19, 2023",4 days,1
22/23,Calf injury,"Apr 19, 2023","May 8, 2023",19 days,4
22/23,Abdominal muscle strain,"Oct 28, 2022","Nov 6, 2022",9 days,2
21/22,Corona virus,"Jan 22, 2022","Jan 28, 2022",6 days,1
19/20,Muscle injury,"Nov 20, 2019","Jan 8, 2020",49 days,7
17/18,Cruciate ligament tear,"Sep 29, 2017","Mar 29, 2018",181 days,33
15/16,Knock,"Mar 17, 2016","Apr 4, 2016",18 days,3
15/16,Adductor injury,"Oct 26, 2015","Dec 17, 2015",52 days,14
15/16,Fitness,"Oct 19, 2015","Oct 25, 2015",6 days,1
14/15,Cruciate ligament tear,"Apr 5, 2015","Oct 18, 2015",196 days,29
14/15,Calf injury,"Nov 3, 2014","Nov 20, 2014",17 days,8
