season,injury,from,until,days,missed_games
23/24,surgery,"May 21, 2024","May 31, 2024",10 days,1
23/24,Foot injury,"Feb 2, 2024","Feb 5, 2024",3 days,1
22/23,Knee problems,"Jun 5, 2023","Jun 19, 2023",14 days,1
22/23,muscular problems,"Jan 27, 2023","Feb 8, 2023",12 days,3
15/16,Thigh problems,"Apr 11, 2016","Apr 20, 2016",9 days,3
15/16,Ankle injury,"Feb 22, 2016","Mar 21, 2016",28 days,8
15/16,Broken leg,"Aug 20, 2015","Sep 24, 2015",35 days,10
15/16,Torn muscle fiber,"Jul 20, 2015","Aug 20, 2015",31 days,5
