season,injury,from,until,days,missed_games
23/24,Hamstring injury,"Feb 20, 2024","Feb 26, 2024",6 days,1
23/24,Hamstring injury,"Jan 31, 2024","Feb 5, 2024",5 days,1
22/23,Hamstring injury,"Mar 6, 2023","Apr 30, 2023",55 days,8
21/22,Hamstring injury,"Mar 24, 2022","Apr 28, 2022",35 days,4
21/22,Corona virus,"Dec 30, 2021","Jan 5, 2022",6 days,1
19/20,Muscle injury,"Aug 7, 2019","Sep 19, 2019",43 days,4
18/19,Ankle injury,"Aug 22, 2018","Mar 15, 2019",205 days,30
16/17,Knee problems,"Aug 4, 2016","Aug 22, 2016",18 days,1
