season,injury,from,until,days,missed_games
23/24,Hamstring injury,"Apr 28, 2024","May 14, 2024",16 days,2
23/24,Hip injury,"Jan 23, 2024","Jan 31, 2024",8 days,2
23/24,Calf injury,"Dec 14, 2023","Dec 31, 2023",17 days,2
23/24,Calf injury,"Sep 23, 2023","Oct 18, 2023",25 days,3
22/23,muscular problems,"Jan 13, 2023","Jan 18, 2023",5 days,2
21/22,Cruciate ligament injury,"Feb 21, 2022","Aug 27, 2022",187 days,17
19/20,Torn muscle fiber,"Feb 23, 2020","Apr 23, 2020",60 days,2
19/20,Muscle injury,"Dec 20, 2019","Jan 24, 2020",35 days,5
18/19,Muscle injury,"Dec 23, 2018","Feb 2, 2019",41 days,4
18/19,Ligament injury,"Nov 17, 2018","Nov 25, 2018",8 days,1
17/18,Muscle injury,"Mar 30, 2018","Apr 16, 2018",17 days,3
17/18,Hamstring injury,"Feb 25, 2018","Mar 24, 2018",27 days,3
17/18,Ankle injury,"Sep 26, 2017","Nov 4, 2017",39 days,6
16/17,Muscle injury,"Oct 9, 2016","Nov 1, 2016",23 days,3
13/14,Cruciate ligament tear,"Oct 27, 2013","Jun 1, 2014",217 days,35
