season,injury,from,until,days,missed_games
23/24,Hamstring injury,"May 14, 2024","May 18, 2024",4 days,1
23/24,Hamstring injury,"Mar 30, 2024","Apr 1, 2024",2 days,1
23/24,Adductor pain,"Feb 2, 2024","Feb 16, 2024",14 days,3
23/24,Hamstring injury,"Oct 30, 2023","Nov 4, 2023",5 days,1
23/24,muscular problems,"Oct 11, 2023","Oct 19, 2023",8 days,2
23/24,Adductor injury,"Sep 13, 2023","Sep 29, 2023",16 days,3
22/23,Heel problems,"Jun 5, 2023","Jun 19, 2023",14 days,2
22/23,influenza,"May 27, 2023","May 31, 2023",4 days,1
22/23,Inner ligament injury,"Feb 24, 2023","Feb 28, 2023",4 days,1
21/22,Hamstring injury,"May 16, 2022","May 23, 2022",7 days,1
21/22,Hamstring injury,"Feb 4, 2022","Feb 24, 2022",20 days,4
