season,injury,from,until,days,missed_games
23/24,Back problems,"Nov 4, 2023","Nov 9, 2023",5 days,1
22/23,Shoulder joint contusion,"Feb 27, 2023","Feb 28, 2023",1 days,-
21/22,Corona virus,"Dec 30, 2021","Jan 5, 2022",6 days,1
18/19,Calf injury,"Dec 23, 2018","Feb 1, 2019",40 days,6
18/19,Knee injury,"Nov 26, 2018","Dec 3, 2018",7 days,2
17/18,heart problems,"May 7, 2018","Jul 7, 2018",61 days,2
16/17,heart problems,"Jul 13, 2016","Aug 5, 2016",23 days,-
15/16,Knee medial ligament tear,"Jan 9, 2016","Feb 19, 2016",41 days,10
14/15,Elbow injury,"Mar 19, 2015","Apr 13, 2015",25 days,4
09/10,Broken toe,"Aug 31, 2009","Oct 1, 2009",31 days,10
