season,injury,from,until,days,missed_games
23/24,Adductor injury,"Apr 1, 2024","Apr 15, 2024",14 days,2
23/24,Adductor injury,"Oct 7, 2023","Jan 12, 2024",97 days,13
23/24,Adductor injury,"Jul 31, 2023","Sep 15, 2023",46 days,4
22/23,Inflammation of pubic bone,"May 15, 2023","Jun 19, 2023",35 days,4
22/23,Inflammation of pubic bone,"May 2, 2023","May 12, 2023",10 days,1
22/23,influenza,"Sep 9, 2022","Sep 14, 2022",5 days,2
21/22,Thigh problems,"May 8, 2022","May 13, 2022",5 days,1
21/22,Adductor pain,"Jan 17, 2022","Jan 31, 2022",14 days,2
21/22,Tendonitis,"Jul 24, 2021","Sep 30, 2021",68 days,7
20/21,Hamstring injury,"May 7, 2021","May 15, 2021",8 days,2
20/21,Hamstring injury,"Apr 18, 2021","Apr 27, 2021",9 days,2
20/21,Hamstring injury,"Apr 8, 2021","Apr 16, 2021",8 days,1
20/21,Calf injury,"Dec 30, 2020","Jan 10, 2021",11 days,3
20/21,Adductor pain,"Sep 25, 2020","Oct 11, 2020",16 days,3
19/20,Muscle injury,"Jul 6, 2020","Jul 15, 2020",9 days,2
