season,injury,from,until,days,missed_games
23/24,Ankle injury,"Apr 20, 2024","May 10, 2024",20 days,2
23/24,Hamstring injury,"Mar 11, 2024","Mar 27, 2024",16 days,1
23/24,Hamstring injury,"Feb 26, 2024","Mar 8, 2024",11 days,2
23/24,Calf injury,"Oct 23, 2023","Nov 30, 2023",38 days,5
22/23,Broken fibula,"Jun 5, 2023","Aug 25, 2023",81 days,2
22/23,Heel problems,"Aug 27, 2022","Oct 17, 2022",51 days,8
21/22,Fitness,"Dec 17, 2021","Jan 12, 2022",26 days,5
20/21,Inflammation of pubic bone,"Apr 18, 2021","Dec 16, 2021",242 days,25
20/21,Hamstring injury,"Apr 8, 2021","Apr 16, 2021",8 days,1
20/21,Muscle injury,"Mar 6, 2021","Mar 9, 2021",3 days,1
20/21,Corona virus,"Jan 22, 2021","Jan 27, 2021",5 days,1
20/21,Muscle injury,"Jan 7, 2021","Jan 19, 2021",12 days,2
19/20,Muscle injury,"Oct 10, 2020","Oct 20, 2020",10 days,1
19/20,Muscle injury,"Jul 10, 2020","Jul 15, 2020",5 days,1
19/20,Shoulder injury,"Feb 7, 2020","Feb 11, 2020",4 days,1
