season,injury,from,until,days,missed_games
23/24,Ankle injury,"Jan 23, 2024","Feb 5, 2024",13 days,3
21/22,Corona virus,"Dec 20, 2021","Dec 29, 2021",9 days,1
19/20,Ankle sprain,"Oct 19, 2019","Oct 28, 2019",9 days,2
17/18,muscular problems,"Apr 30, 2018","May 7, 2018",7 days,1
17/18,Knee bruise,"Apr 12, 2018","Apr 17, 2018",5 days,1
16/17,Knock,"Apr 16, 2017","Apr 28, 2017",12 days,2
16/17,Muscle injury,"Mar 6, 2017","Mar 27, 2017",21 days,2
16/17,Adductor injury,"Aug 2, 2016","Sep 15, 2016",44 days,3
