season,injury,from,until,days,missed_games
23/24,Hamstring injury,"Jan 18, 2024","Jan 23, 2024",5 days,1
23/24,Ankle injury,"Dec 15, 2023","Dec 31, 2023",16 days,2
23/24,Ankle injury,"Aug 20, 2023","Sep 15, 2023",26 days,2
21/22,Foot injury,"May 8, 2022","May 13, 2022",5 days,1
21/22,Corona virus,"Feb 9, 2022","Feb 16, 2022",7 days,2
21/22,Adductor pain,"Jan 22, 2022","Jan 31, 2022",9 days,1
21/22,Ankle injury,"Nov 20, 2021","Nov 28, 2021",8 days,1
21/22,Adductor pain,"Aug 27, 2021","Sep 10, 2021",14 days,1
21/22,Adductor pain,"Aug 27, 2021","Sep 10, 2021",14 days,1
20/21,Corona virus,"Nov 7, 2020","Nov 22, 2020",15 days,1
19/20,muscular problems,"Nov 21, 2019","May 21, 2020",182 days,21
19/20,Ankle injury,"Aug 26, 2019","Sep 26, 2019",31 days,4
18/19,muscular problems,"Apr 17, 2019","Apr 24, 2019",7 days,2
17/18,Leg injury,"Jan 8, 2018","Feb 8, 2018",31 days,4
17/18,Toe injury,"Dec 3, 2017","Dec 9, 2017",6 days,1
