,Player Name,Player Number,Player,#,Nation,Pos,Age,Min,Att,Live,Dead,FK,TB,Sw,Crs,TI,CK,In,Out,Str,Cmp,Off,Blocks,Player Key,Player Link
0,Chuba Akpom,https://fbref.com/en/players/e2b384d2/Chuba-Akpom,10,10,eng ENG,FW,24-353,90,10,10,0,0,0,0,0,0,0,0,0,0,5,0,0,https://fbref.com/en/players/e2b384d2/Chuba-Akpom-Chuba Akpom,
1,Britt Assombalonga,https://fbref.com/en/players/315aa9c5/Britt-Assombalonga,9,9,cd COD,FW,27-295,90,8,8,0,0,0,0,0,0,0,0,0,0,6,0,0,https://fbref.com/en/players/315aa9c5/Britt-Assombalonga-Britt Assombalonga,
2,Marvin Johnson,https://fbref.com/en/players/dc82e7f1/Marvin-Johnson,3,3,eng ENG,LW,29-300,90,26,16,10,1,0,0,3,9,0,0,0,0,15,0,1,https://fbref.com/en/players/dc82e7f1/Marvin-Johnson-Marvin Johnson,
3,Djed Spence,https://fbref.com/en/players/9bc9a519/Djed-Spence,29,29,eng ENG,RW,20-048,63,24,15,8,0,0,0,5,8,0,0,0,0,17,1,2,https://fbref.com/en/players/9bc9a519/Djed-Spence-Djed Spence,
4,Sam Morsy,https://fbref.com/en/players/a23c0949/Sam-Morsy,5,5,eg EGY,CM,29-016,27,20,18,0,0,0,0,2,0,0,0,0,0,13,2,1,https://fbref.com/en/players/a23c0949/Sam-Morsy-Sam Morsy,
5,George Saville,https://fbref.com/en/players/c4c00019/George-Saville,22,22,nir NIR,CM,27-117,90,16,13,2,0,0,0,0,0,0,0,0,0,10,1,1,https://fbref.com/en/players/c4c00019/George-Saville-George Saville,
6,Marcus Tavernier,https://fbref.com/en/players/5c0da4a4/Marcus-Tavernier,7,7,eng ENG,"CM,RW",21-188,90,28,25,3,0,0,0,4,1,2,2,0,0,19,0,1,https://fbref.com/en/players/5c0da4a4/Marcus-Tavernier-Marcus Tavernier,
7,Jonny Howson,https://fbref.com/en/players/08b10f50/Jonny-Howson,16,16,eng ENG,DM,32-128,90,44,41,2,2,0,1,1,0,0,0,0,0,24,1,1,https://fbref.com/en/players/08b10f50/Jonny-Howson-Jonny Howson,
8,Paddy McNair,https://fbref.com/en/players/8ac454b5/Paddy-McNair,17,17,nir NIR,CB,25-152,90,37,29,6,3,0,4,5,0,3,3,0,0,25,2,0,https://fbref.com/en/players/8ac454b5/Paddy-McNair-Paddy McNair,
9,Grant Hall,https://fbref.com/en/players/1264ee68/Grant-Hall,4,4,eng ENG,CB,28-333,54,11,11,0,0,0,0,0,0,0,0,0,0,4,0,0,https://fbref.com/en/players/1264ee68/Grant-Hall-Grant Hall,
10,Dael Fry,https://fbref.com/en/players/43e79bbc/Dael-Fry,6,6,eng ENG,CB,23-027,36,14,14,0,0,0,0,0,0,0,0,0,0,5,0,0,https://fbref.com/en/players/43e79bbc/Dael-Fry-Dael Fry,
11,Anfernee Dijksteel,https://fbref.com/en/players/1ecc03bc/Anfernee-Dijksteel,2,2,sr SUR,CB,23-335,90,47,29,18,0,0,0,2,18,0,0,0,0,26,0,1,https://fbref.com/en/players/1ecc03bc/Anfernee-Dijksteel-Anfernee Dijksteel,
12,Marcus Bettinelli,https://fbref.com/en/players/0d85a4e8/Marcus-Bettinelli,1,1,eng ENG,GK,28-125,90,33,19,14,5,0,0,0,0,0,0,0,0,7,0,0,https://fbref.com/en/players/0d85a4e8/Marcus-Bettinelli-Marcus Bettinelli,
