,Player Name,Player Number,Player,#,Nation,Pos,Age,Min,Touches,Def Pen,Def 3rd,Mid 3rd,Att 3rd,Att Pen,Live,Att,Succ,Succ%,Tkld,Tkld%,Carries,TotDist,PrgDist,PrgC,1/3,CPA,Mis,Dis,Rec,PrgR,Player Key,Player Link
0,Chuba Akpom,https://fbref.com/en/players/e2b384d2/Chuba-Akpom,10,10,eng ENG,FW,24-353,90,22,1,3,8,12,3,22,1,1,100.0,0,0.0,7,81,25,2,1,1,3,2,9,0,https://fbref.com/en/players/e2b384d2/Chuba-Akpom-Chuba Akpom,
1,Britt Assombalonga,https://fbref.com/en/players/315aa9c5/Britt-Assombalonga,9,9,cd COD,FW,27-295,90,20,1,1,3,16,4,20,0,0,,0,,17,88,1,0,0,3,6,3,19,2,https://fbref.com/en/players/315aa9c5/Britt-Assombalonga-Britt Assombalonga,
2,Marvin Johnson,https://fbref.com/en/players/dc82e7f1/Marvin-Johnson,3,3,eng ENG,LW,29-300,90,35,4,11,11,14,1,35,2,0,0.0,2,100.0,10,93,40,2,1,0,0,0,13,2,https://fbref.com/en/players/dc82e7f1/Marvin-Johnson-Marvin Johnson,
3,Djed Spence,https://fbref.com/en/players/9bc9a519/Djed-Spence,29,29,eng ENG,RW,20-048,63,33,0,3,2,28,4,33,3,1,33.3,2,66.7,14,108,69,4,0,2,0,1,14,6,https://fbref.com/en/players/9bc9a519/Djed-Spence-Djed Spence,
4,Sam Morsy,https://fbref.com/en/players/a23c0949/Sam-Morsy,5,5,eg EGY,CM,29-016,27,23,0,1,7,16,0,23,1,1,100.0,0,0.0,8,51,33,0,2,0,2,0,14,0,https://fbref.com/en/players/a23c0949/Sam-Morsy-Sam Morsy,
5,George Saville,https://fbref.com/en/players/c4c00019/George-Saville,22,22,nir NIR,CM,27-117,90,33,3,7,18,8,1,33,1,0,0.0,1,100.0,5,30,6,0,0,0,3,0,12,1,https://fbref.com/en/players/c4c00019/George-Saville-George Saville,
6,Marcus Tavernier,https://fbref.com/en/players/5c0da4a4/Marcus-Tavernier,7,7,eng ENG,"CM,RW",21-188,90,50,3,8,14,31,0,50,6,1,16.7,5,83.3,18,121,42,0,1,0,3,2,27,1,https://fbref.com/en/players/5c0da4a4/Marcus-Tavernier-Marcus Tavernier,
7,Jonny Howson,https://fbref.com/en/players/08b10f50/Jonny-Howson,16,16,eng ENG,DM,32-128,90,55,3,15,33,8,0,55,0,0,,0,,22,126,53,1,0,0,2,0,22,1,https://fbref.com/en/players/08b10f50/Jonny-Howson-Jonny Howson,
8,Paddy McNair,https://fbref.com/en/players/8ac454b5/Paddy-McNair,17,17,nir NIR,CB,25-152,90,50,9,23,12,16,0,50,0,0,,0,,15,164,86,3,2,0,1,0,16,1,https://fbref.com/en/players/8ac454b5/Paddy-McNair-Paddy McNair,
9,Grant Hall,https://fbref.com/en/players/1264ee68/Grant-Hall,4,4,eng ENG,CB,28-333,54,16,2,8,6,2,1,16,0,0,,0,,1,5,0,0,0,0,0,0,3,0,https://fbref.com/en/players/1264ee68/Grant-Hall-Grant Hall,
10,Dael Fry,https://fbref.com/en/players/43e79bbc/Dael-Fry,6,6,eng ENG,CB,23-027,36,22,2,13,9,0,0,22,0,0,,0,,2,19,1,0,0,0,0,0,4,0,https://fbref.com/en/players/43e79bbc/Dael-Fry-Dael Fry,
11,Anfernee Dijksteel,https://fbref.com/en/players/1ecc03bc/Anfernee-Dijksteel,2,2,sr SUR,CB,23-335,90,57,6,20,28,10,1,57,3,3,100.0,0,0.0,13,99,61,1,0,0,1,0,13,0,https://fbref.com/en/players/1ecc03bc/Anfernee-Dijksteel-Anfernee Dijksteel,
12,Marcus Bettinelli,https://fbref.com/en/players/0d85a4e8/Marcus-Bettinelli,1,1,eng ENG,GK,28-125,90,34,29,32,2,0,0,34,0,0,,0,,13,155,102,0,0,0,0,0,8,0,https://fbref.com/en/players/0d85a4e8/Marcus-Bettinelli-Marcus Bettinelli,
