,Player Name,Player Number,Player,#,Nation,Pos,Age,Min,CrdY,CrdR,2CrdY,Fls,Fld,Off,Crs,Int,TklW,PKwon,PKcon,OG,Recov,Won,Lost,Won%,Player Key,Player Link
0,Lyndon Dykes,https://fbref.com/en/players/cd92357a/Lyndon-Dykes,9,9,sct SCO,FW,24-355,90,0,0,0,1,3,1,1,0,0,0,0,0,2,9,7,56.3,https://fbref.com/en/players/cd92357a/Lyndon-Dykes-Lyndon Dykes,
1,Bright Osayi-Samuel,https://fbref.com/en/players/03b6afa9/Bright-Osayi-Samuel,11,11,ng NGA,LW,22-270,90,0,0,0,1,1,0,0,0,0,0,0,0,7,1,1,50.0,https://fbref.com/en/players/03b6afa9/Bright-Osayi-Samuel-Bright Osayi-Samuel,
2,George Thomas,https://fbref.com/en/players/7ef24097/George-Thomas,19,19,wls WAL,RW,23-186,59,0,0,0,1,1,0,1,0,0,0,0,0,1,0,0,,https://fbref.com/en/players/7ef24097/George-Thomas-George Thomas,
3,Tom Carroll,https://fbref.com/en/players/5a1900a4/Tom-Carroll,22,22,eng ENG,"DM,RW",28-121,31,0,0,0,0,0,0,1,0,0,0,0,0,0,1,0,100.0,https://fbref.com/en/players/5a1900a4/Tom-Carroll-Tom Carroll,
4,Ilias Chair,https://fbref.com/en/players/ad7873cb/Ilias-Chair,10,10,ma MAR,AM,22-332,72,0,0,0,1,3,0,7,0,1,0,0,0,6,0,3,0.0,https://fbref.com/en/players/ad7873cb/Ilias-Chair-Ilias Chair,
5,Paul Smyth,https://fbref.com/en/players/0747000e/Paul-Smyth,38,38,nir NIR,RW,23-016,18,0,0,0,0,2,0,0,0,1,0,0,0,0,0,1,0.0,https://fbref.com/en/players/0747000e/Paul-Smyth-Paul Smyth,
6,Geoff Cameron,https://fbref.com/en/players/1a160ea3/Geoff-Cameron,20,20,us USA,DM,35-077,90,0,0,0,3,0,0,0,2,4,0,0,0,6,4,4,50.0,https://fbref.com/en/players/1a160ea3/Geoff-Cameron-Geoff Cameron,
7,Luke Amos,https://fbref.com/en/players/77128f7e/Luke-Amos,8,8,eng ENG,"DM,AM",23-216,90,0,0,0,0,0,0,0,2,1,0,0,0,5,3,2,60.0,https://fbref.com/en/players/77128f7e/Luke-Amos-Luke Amos,
8,Lee Wallace,https://fbref.com/en/players/c3a396e2/Lee-Wallace,3,3,sct SCO,LB,33-056,90,0,0,0,0,0,0,3,2,4,0,0,0,3,4,1,80.0,https://fbref.com/en/players/c3a396e2/Lee-Wallace-Lee Wallace,
9,Yoann Barbet,https://fbref.com/en/players/c52bbd2c/Yoann-Barbet,6,6,fr FRA,CB,27-139,90,0,0,0,2,0,0,0,1,1,0,0,0,1,5,3,62.5,https://fbref.com/en/players/c52bbd2c/Yoann-Barbet-Yoann Barbet,
10,Robert Dickie,https://fbref.com/en/players/c7dfc411/Robert-Dickie,4,4,eng ENG,CB,24-207,90,0,0,0,1,2,0,0,0,1,0,0,0,3,5,2,71.4,https://fbref.com/en/players/c7dfc411/Robert-Dickie-Robert Dickie,
11,Osman Kakay,https://fbref.com/en/players/0aed0751/Osman-Kakay,24,24,sl SLE,RB,23-032,90,0,0,0,1,0,0,4,1,1,0,0,0,6,3,4,42.9,https://fbref.com/en/players/0aed0751/Osman-Kakay-Osman Kakay,
12,Seny Dieng,https://fbref.com/en/players/c135cddd/Seny-Dieng,13,13,sn SEN,GK,25-308,90,0,0,0,0,0,0,0,0,0,0,0,0,1,1,0,100.0,https://fbref.com/en/players/c135cddd/Seny-Dieng-Seny Dieng,
