,Player Name,Player Number,Player,#,Nation,Pos,Age,Min,Touches,Def Pen,Def 3rd,Mid 3rd,Att 3rd,Att Pen,Live,Att,Succ,Succ%,Tkld,Tkld%,Carries,TotDist,PrgDist,PrgC,1/3,CPA,Mis,Dis,Rec,PrgR,Player Key,Player Link
0,Lyndon Dykes,https://fbref.com/en/players/cd92357a/Lyndon-Dykes,9,9,sct SCO,FW,24-355,90,42,0,6,18,18,1,42,0,0,,0,,22,64,5,0,0,0,1,2,32,5,https://fbref.com/en/players/cd92357a/Lyndon-Dykes-Lyndon Dykes,
1,Bright Osayi-Samuel,https://fbref.com/en/players/03b6afa9/Bright-Osayi-Samuel,11,11,ng NGA,LW,22-270,90,35,0,4,17,16,6,35,11,9,81.8,2,18.2,28,336,224,7,3,3,8,2,27,6,https://fbref.com/en/players/03b6afa9/Bright-Osayi-Samuel-Bright Osayi-Samuel,
2,George Thomas,https://fbref.com/en/players/7ef24097/George-Thomas,19,19,wls WAL,RW,23-186,59,18,1,2,8,8,1,18,0,0,,0,,9,47,5,0,0,0,0,0,12,4,https://fbref.com/en/players/7ef24097/George-Thomas-George Thomas,
3,Tom Carroll,https://fbref.com/en/players/5a1900a4/Tom-Carroll,22,22,eng ENG,"DM,RW",28-121,31,13,0,3,5,5,1,13,0,0,,0,,7,23,18,0,0,0,1,0,8,2,https://fbref.com/en/players/5a1900a4/Tom-Carroll-Tom Carroll,
4,Ilias Chair,https://fbref.com/en/players/ad7873cb/Ilias-Chair,10,10,ma MAR,AM,22-332,72,54,0,0,23,31,5,54,3,1,33.3,2,66.7,33,185,90,4,0,2,3,2,37,11,https://fbref.com/en/players/ad7873cb/Ilias-Chair-Ilias Chair,
5,Paul Smyth,https://fbref.com/en/players/0747000e/Paul-Smyth,38,38,nir NIR,RW,23-016,18,3,0,1,0,2,1,3,1,0,0.0,1,100.0,3,15,4,0,0,0,0,0,3,2,https://fbref.com/en/players/0747000e/Paul-Smyth-Paul Smyth,
6,Geoff Cameron,https://fbref.com/en/players/1a160ea3/Geoff-Cameron,20,20,us USA,DM,35-077,90,40,1,17,21,3,0,40,1,0,0.0,1,100.0,13,41,19,0,1,0,0,0,8,0,https://fbref.com/en/players/1a160ea3/Geoff-Cameron-Geoff Cameron,
7,Luke Amos,https://fbref.com/en/players/77128f7e/Luke-Amos,8,8,eng ENG,"DM,AM",23-216,90,46,4,11,20,15,4,46,2,0,0.0,2,100.0,28,82,25,0,0,0,4,1,28,3,https://fbref.com/en/players/77128f7e/Luke-Amos-Luke Amos,
8,Lee Wallace,https://fbref.com/en/players/c3a396e2/Lee-Wallace,3,3,sct SCO,LB,33-056,90,50,3,27,13,10,0,50,0,0,,0,,10,31,8,0,1,0,0,0,11,0,https://fbref.com/en/players/c3a396e2/Lee-Wallace-Lee Wallace,
9,Yoann Barbet,https://fbref.com/en/players/c52bbd2c/Yoann-Barbet,6,6,fr FRA,CB,27-139,90,45,5,33,12,1,1,45,0,0,,0,,14,38,18,0,0,0,1,0,15,0,https://fbref.com/en/players/c52bbd2c/Yoann-Barbet-Yoann Barbet,
10,Robert Dickie,https://fbref.com/en/players/c7dfc411/Robert-Dickie,4,4,eng ENG,CB,24-207,90,34,7,25,7,3,0,34,0,0,,0,,14,37,24,0,0,0,0,0,12,0,https://fbref.com/en/players/c7dfc411/Robert-Dickie-Robert Dickie,
11,Osman Kakay,https://fbref.com/en/players/0aed0751/Osman-Kakay,24,24,sl SLE,RB,23-032,90,64,2,19,23,23,2,64,1,0,0.0,1,100.0,29,204,154,4,4,1,2,1,28,2,https://fbref.com/en/players/0aed0751/Osman-Kakay-Osman Kakay,
12,Seny Dieng,https://fbref.com/en/players/c135cddd/Seny-Dieng,13,13,sn SEN,GK,25-308,90,44,40,44,0,0,0,44,0,0,,0,,21,105,81,0,0,0,0,0,14,0,https://fbref.com/en/players/c135cddd/Seny-Dieng-Seny Dieng,
