,Player Name,Player Number,Player,#,Nation,Pos,Age,Min,Att,Live,Dead,FK,TB,Sw,Crs,TI,CK,In,Out,Str,Cmp,Off,Blocks,Player Key,Player Link
0,Lyndon Dykes,https://fbref.com/en/players/cd92357a/Lyndon-Dykes,9,9,sct SCO,FW,24-355,90,34,33,1,0,0,0,1,1,0,0,0,0,21,0,1,https://fbref.com/en/players/cd92357a/Lyndon-Dykes-Lyndon Dykes,
1,Bright Osayi-Samuel,https://fbref.com/en/players/03b6afa9/Bright-Osayi-Samuel,11,11,ng NGA,LW,22-270,90,19,19,0,0,0,0,0,0,0,0,0,0,13,0,1,https://fbref.com/en/players/03b6afa9/Bright-Osayi-Samuel-Bright Osayi-Samuel,
2,George Thomas,https://fbref.com/en/players/7ef24097/George-Thomas,19,19,wls WAL,RW,23-186,59,14,14,0,0,1,0,1,0,0,0,0,0,12,0,0,https://fbref.com/en/players/7ef24097/George-Thomas-George Thomas,
3,Tom Carroll,https://fbref.com/en/players/5a1900a4/Tom-Carroll,22,22,eng ENG,"DM,RW",28-121,31,11,7,4,4,0,0,1,0,0,0,0,0,8,0,0,https://fbref.com/en/players/5a1900a4/Tom-Carroll-Tom Carroll,
4,Ilias Chair,https://fbref.com/en/players/ad7873cb/Ilias-Chair,10,10,ma MAR,AM,22-332,72,41,30,11,2,0,0,7,0,7,2,3,0,27,0,2,https://fbref.com/en/players/ad7873cb/Ilias-Chair-Ilias Chair,
5,Paul Smyth,https://fbref.com/en/players/0747000e/Paul-Smyth,38,38,nir NIR,RW,23-016,18,0,0,0,0,0,0,0,0,0,0,0,0,0,0,0,https://fbref.com/en/players/0747000e/Paul-Smyth-Paul Smyth,
6,Geoff Cameron,https://fbref.com/en/players/1a160ea3/Geoff-Cameron,20,20,us USA,DM,35-077,90,30,30,0,0,0,0,0,0,0,0,0,0,14,0,1,https://fbref.com/en/players/1a160ea3/Geoff-Cameron-Geoff Cameron,
7,Luke Amos,https://fbref.com/en/players/77128f7e/Luke-Amos,8,8,eng ENG,"DM,AM",23-216,90,32,32,0,0,0,0,0,0,0,0,0,0,24,0,0,https://fbref.com/en/players/77128f7e/Luke-Amos-Luke Amos,
8,Lee Wallace,https://fbref.com/en/players/c3a396e2/Lee-Wallace,3,3,sct SCO,LB,33-056,90,39,27,12,1,0,1,3,11,0,0,0,0,17,0,0,https://fbref.com/en/players/c3a396e2/Lee-Wallace-Lee Wallace,
9,Yoann Barbet,https://fbref.com/en/players/c52bbd2c/Yoann-Barbet,6,6,fr FRA,CB,27-139,90,37,32,5,4,0,1,0,1,0,0,0,0,17,0,1,https://fbref.com/en/players/c52bbd2c/Yoann-Barbet-Yoann Barbet,
10,Robert Dickie,https://fbref.com/en/players/c7dfc411/Robert-Dickie,4,4,eng ENG,CB,24-207,90,29,27,1,1,0,0,0,0,0,0,0,0,21,1,0,https://fbref.com/en/players/c7dfc411/Robert-Dickie-Robert Dickie,
11,Osman Kakay,https://fbref.com/en/players/0aed0751/Osman-Kakay,24,24,sl SLE,RB,23-032,90,57,43,14,0,1,0,4,14,0,0,0,0,43,0,0,https://fbref.com/en/players/0aed0751/Osman-Kakay-Osman Kakay,
12,Seny Dieng,https://fbref.com/en/players/c135cddd/Seny-Dieng,13,13,sn SEN,GK,25-308,90,43,24,19,7,0,0,0,0,0,0,0,0,21,0,0,https://fbref.com/en/players/c135cddd/Seny-Dieng-Seny Dieng,
