,Player Name,Player Number,Player,#,Nation,Pos,Age,Min,Gls,Ast,PK,PKatt,Sh,SoT,CrdY,CrdR,Touches,Tkl,Int,Blocks,xG,npxG,xAG,SCA,GCA,Cmp,Att,Cmp%,PrgP,Carries,PrgC,Att,Succ,Player Key,Player Link
0,Lyndon Dykes,https://fbref.com/en/players/cd92357a/Lyndon-Dykes,9,9,sct SCO,FW,24-355,90,0,0,0,0,1,0,0,0,42,0,0,1,0.1,0.1,0.1,3,0,21,34,61.8,7,22,0,0,0,https://fbref.com/en/players/cd92357a/Lyndon-Dykes-Lyndon Dykes,
1,Bright Osayi-Samuel,https://fbref.com/en/players/03b6afa9/Bright-Osayi-Samuel,11,11,ng NGA,LW,22-270,90,1,0,0,0,2,2,0,0,35,1,0,1,0.8,0.8,0.4,7,0,13,19,68.4,4,28,7,11,9,https://fbref.com/en/players/03b6afa9/Bright-Osayi-Samuel-Bright Osayi-Samuel,
2,George Thomas,https://fbref.com/en/players/7ef24097/George-Thomas,19,19,wls WAL,RW,23-186,59,0,0,0,0,0,0,0,0,18,1,0,0,0.0,0.0,0.1,2,0,12,14,85.7,1,9,0,0,0,https://fbref.com/en/players/7ef24097/George-Thomas-George Thomas,
3,Tom Carroll,https://fbref.com/en/players/5a1900a4/Tom-Carroll,22,22,eng ENG,"DM,RW",28-121,31,0,0,0,0,1,1,0,0,13,0,0,0,0.1,0.1,0.1,2,0,8,11,72.7,1,7,0,0,0,https://fbref.com/en/players/5a1900a4/Tom-Carroll-Tom Carroll,
4,Ilias Chair,https://fbref.com/en/players/ad7873cb/Ilias-Chair,10,10,ma MAR,AM,22-332,72,0,0,0,0,5,2,0,0,54,1,0,0,0.2,0.2,0.0,3,0,27,41,65.9,3,33,4,3,1,https://fbref.com/en/players/ad7873cb/Ilias-Chair-Ilias Chair,
5,Paul Smyth,https://fbref.com/en/players/0747000e/Paul-Smyth,38,38,nir NIR,RW,23-016,18,0,0,0,0,1,0,0,0,3,1,0,0,0.1,0.1,0.0,0,0,0,0,,0,3,0,1,0,https://fbref.com/en/players/0747000e/Paul-Smyth-Paul Smyth,
6,Geoff Cameron,https://fbref.com/en/players/1a160ea3/Geoff-Cameron,20,20,us USA,DM,35-077,90,0,0,0,0,0,0,0,0,40,4,2,2,0.0,0.0,0.0,0,0,14,30,46.7,4,13,0,1,0,https://fbref.com/en/players/1a160ea3/Geoff-Cameron-Geoff Cameron,
7,Luke Amos,https://fbref.com/en/players/77128f7e/Luke-Amos,8,8,eng ENG,"DM,AM",23-216,90,0,0,0,0,3,1,0,0,46,1,2,1,0.5,0.5,0.0,1,1,24,32,75.0,3,28,0,2,0,https://fbref.com/en/players/77128f7e/Luke-Amos-Luke Amos,
8,Lee Wallace,https://fbref.com/en/players/c3a396e2/Lee-Wallace,3,3,sct SCO,LB,33-056,90,0,0,0,0,0,0,0,0,50,4,2,1,0.0,0.0,0.1,2,0,17,39,43.6,3,10,0,0,0,https://fbref.com/en/players/c3a396e2/Lee-Wallace-Lee Wallace,
9,Yoann Barbet,https://fbref.com/en/players/c52bbd2c/Yoann-Barbet,6,6,fr FRA,CB,27-139,90,0,0,0,0,1,1,0,0,45,2,1,0,0.1,0.1,0.0,1,0,17,37,45.9,1,14,0,0,0,https://fbref.com/en/players/c52bbd2c/Yoann-Barbet-Yoann Barbet,
10,Robert Dickie,https://fbref.com/en/players/c7dfc411/Robert-Dickie,4,4,eng ENG,CB,24-207,90,0,0,0,0,0,0,0,0,34,2,0,1,0.0,0.0,0.0,1,0,21,29,72.4,2,14,0,0,0,https://fbref.com/en/players/c7dfc411/Robert-Dickie-Robert Dickie,
11,Osman Kakay,https://fbref.com/en/players/0aed0751/Osman-Kakay,24,24,sl SLE,RB,23-032,90,0,0,0,0,0,0,0,0,64,1,1,0,0.0,0.0,0.3,4,0,43,57,75.4,6,29,4,1,0,https://fbref.com/en/players/0aed0751/Osman-Kakay-Osman Kakay,
12,Seny Dieng,https://fbref.com/en/players/c135cddd/Seny-Dieng,13,13,sn SEN,GK,25-308,90,0,0,0,0,0,0,0,0,44,0,0,0,0.0,0.0,0.0,1,0,21,43,48.8,0,21,0,0,0,https://fbref.com/en/players/c135cddd/Seny-Dieng-Seny Dieng,
