,Minute,Player,Squad,xG,PSxG,Outcome,Distance,Body Part,Notes,SCA 1 Player,SCA 1 Event,SCA 2 Player,SCA 2 Event
0,9,Ilias Chair,QPR,0.04,0.13,Saved,18,Right Foot,,Osman Kakay,Pass (Live),George Thomas,Pass (Live)
1,18,Chuba Akpom,Middlesbrough,0.05,,Blocked,16,Left Foot,,Britt Assombalonga,Pass (Live),Paddy McNair,Pass (Live)
2,19,Chuba Akpom,Middlesbrough,0.07,0.55,Goal,6,Head,,Paddy McNair,Pass (Dead),Chuba Akpom,Shot
3,22,Chuba Akpom,Middlesbrough,0.03,,Off Target,27,Left Foot,,Anfernee Dijksteel,Pass (Dead),,
4,28,Ilias Chair,QPR,0.03,,Blocked,22,Right Foot,,Bright Osayi-Samuel,Pass (Live),Bright Osayi-Samuel,Take-On
5,28,Luke Amos,QPR,0.07,0.02,Saved,13,Right Foot,Volley,Osman Kakay,Pass (Live),Ilias Chair,Pass (Live)
6,28,Bright Osayi-Samuel,QPR,0.73,0.88,Goal,5,Right Foot,Deflected,Luke Amos,Shot,,
7,34,Luke Amos,QPR,0.32,,Blocked,14,Right Foot,,Bright Osayi-Samuel,Pass (Live),Bright Osayi-Samuel,Take-On
8,38,Grant Hall,Middlesbrough,0.07,,Off Target,5,Head,,Marcus Tavernier,Pass (Dead),,
9,41,Luke Amos,QPR,0.09,,Blocked,16,Right Foot,,Osman Kakay,Pass (Live),Ilias Chair,Pass (Live)
10,45+6,Lyndon Dykes,QPR,0.06,,Off Target,11,Right Foot,,George Thomas,Pass (Live),Ilias Chair,Pass (Live)
11,,,,,,,,,,,,,
12,49,Bright Osayi-Samuel,QPR,0.03,0.02,Saved,26,Right Foot,,Bright Osayi-Samuel,Take-On,Lee Wallace,Pass (Live)
13,51,Ilias Chair,QPR,0.04,0.08,Saved,17,Right Foot,,Yoann Barbet,Pass (Live),Robert Dickie,Pass (Live)
14,52,Marcus Tavernier,Middlesbrough,0.04,0.10,Saved,23,Left Foot,Deflected,Marcus Tavernier,Tackle,,
15,53,Ilias Chair,QPR,0.06,,Blocked,10,Head,,Osman Kakay,Pass (Live),Lyndon Dykes,Pass (Live)
16,62,Ilias Chair,QPR,0.03,,Off Target,21,Right Foot,Volley,Lee Wallace,Pass (Dead),Lyndon Dykes,Pass (Live)
17,69,Britt Assombalonga,Middlesbrough,0.31,,Off Target,8,Head,,Sam Morsy,Pass (Live),Marcus Tavernier,Pass (Live)
18,70,Tom Carroll,QPR,0.07,0.21,Saved,12,Right Foot,,Lyndon Dykes,Pass (Live),Tom Carroll,Pass (Live)
19,83,Paul Smyth,QPR,0.06,,Off Target,15,Left Foot,,Bright Osayi-Samuel,Pass (Live),Seny Dieng,Pass (Dead)
20,84,Sam Morsy,Middlesbrough,0.04,,Blocked,26,Right Foot,,Chuba Akpom,Pass (Live),,
21,85,Yoann Barbet,QPR,0.09,0.02,Saved,8,Head,,Tom Carroll,Pass (Dead),Bright Osayi-Samuel,Fouled
