,Player Name,Player Number,Player,#,Nation,Pos,Age,Min,Tkl,TklW,Def 3rd,Mid 3rd,Att 3rd,Tkl,Att,Tkl%,Lost,Blocks,Sh,Pass,Int,Tkl+Int,Clr,Err,Player Key,Player Link
0,Aaron Leya Iseka,https://fbref.com/en/players/29ef0f49/Aaron-Leya-Iseka,24,24,be BEL,FW,23-080,52,0,0,0,0,0,0,0,,0,1,0,1,0,0,0,0,https://fbref.com/en/players/29ef0f49/Aaron-Leya-Iseka-Aaron Leya Iseka,
1,Thierry Ambrose,https://fbref.com/en/players/2945f4b7/Thierry-Ambrose,9,9,gp GLP,FW,23-312,38,0,0,0,0,0,0,0,,0,0,0,0,0,0,2,0,https://fbref.com/en/players/2945f4b7/Thierry-Ambrose-Thierry Ambrose,
2,Papa Ndiaga Yade,https://fbref.com/en/players/87e9c7cd/Papa-Ndiaga-Yade,26,26,mr MTN,FW,21-029,65,0,0,0,0,0,0,1,0.0,1,1,0,1,0,0,0,0,https://fbref.com/en/players/87e9c7cd/Papa-Ndiaga-Yade-Papa Ndiaga Yade,
3,Lamine Gueye,https://fbref.com/en/players/9d5dcc23/Lamine-Gueye,13,13,sn SEN,RW,22-327,25,0,0,0,0,0,0,0,,0,0,0,0,0,0,0,0,https://fbref.com/en/players/9d5dcc23/Lamine-Gueye-Lamine Gueye,
4,Farid Boulaya,https://fbref.com/en/players/a0791826/Farid-Boulaya,10,10,dz ALG,"AM,LW",27-344,90,0,0,0,0,0,0,2,0.0,2,1,1,0,0,0,0,0,https://fbref.com/en/players/a0791826/Farid-Boulaya-Farid Boulaya,
5,Pape Matar Sarr,https://fbref.com/en/players/feb5d972/Pape-Matar-Sarr,15,15,sn SEN,CM,18-142,78,1,1,0,1,0,1,1,100.0,0,1,1,0,1,2,0,0,https://fbref.com/en/players/feb5d972/Pape-Matar-Sarr-Pape Matar Sarr,
6,Warren Tchimbembé,https://fbref.com/en/players/93b8f9f4/Warren-Tchimbembe,12,12,cg CGO,CM,22-288,12,0,0,0,0,0,0,0,,0,0,0,0,0,0,0,0,https://fbref.com/en/players/93b8f9f4/Warren-Tchimbembe-Warren Tchimbembé,
7,Habib Maïga,https://fbref.com/en/players/e768de1f/Habib-Maiga,19,19,ci CIV,CM,25-033,90,2,1,0,2,0,2,4,50.0,2,0,0,0,0,2,1,0,https://fbref.com/en/players/e768de1f/Habib-Maiga-Habib Maïga,
8,Thomas Delaine,https://fbref.com/en/players/8332db56/Thomas-Delaine,17,17,fr FRA,"WB,LM",28-316,78,0,0,0,0,0,0,0,,0,1,1,0,2,2,2,0,https://fbref.com/en/players/8332db56/Thomas-Delaine-Thomas Delaine,
9,Matthieu Udol,https://fbref.com/en/players/cc41f558/Matthieu-Udol,3,3,fr FRA,LM,24-320,12,1,1,0,1,0,1,1,100.0,0,0,0,0,0,1,0,0,https://fbref.com/en/players/cc41f558/Matthieu-Udol-Matthieu Udol,
10,Fabien Centonze,https://fbref.com/en/players/3c6bbbab/Fabien-Centonze,18,18,fr FRA,"WB,RM",25-018,90,3,3,2,1,0,3,3,100.0,0,4,1,3,5,8,7,0,https://fbref.com/en/players/3c6bbbab/Fabien-Centonze-Fabien Centonze,
11,John Boye,https://fbref.com/en/players/861227d2/John-Boye,21,21,gh GHA,CB,33-286,52,0,0,0,0,0,0,0,,0,0,0,0,1,1,1,0,https://fbref.com/en/players/861227d2/John-Boye-John Boye,
12,Mamadou Fofana,https://fbref.com/en/players/4c4ffacc/Mamadou-Fofana,6,6,ml MLI,CB,23-013,38,0,0,0,0,0,0,1,0.0,1,1,1,0,0,0,1,0,https://fbref.com/en/players/4c4ffacc/Mamadou-Fofana-Mamadou Fofana,
13,Boubakar Kouyaté,https://fbref.com/en/players/562a4799/Boubakar-Kouyate,23,23,ml MLI,CB,23-294,90,3,1,2,1,0,2,4,50.0,2,3,3,0,0,3,3,0,https://fbref.com/en/players/562a4799/Boubakar-Kouyate-Boubakar Kouyaté,
14,Dylan Bronn,https://fbref.com/en/players/edd81e2a/Dylan-Bronn,2,2,tn TUN,CB,25-229,90,0,0,0,0,0,0,0,,0,4,3,1,2,2,8,0,https://fbref.com/en/players/edd81e2a/Dylan-Bronn-Dylan Bronn,
15,Alexandre Oukidja,https://fbref.com/en/players/ae7d0ecd/Alexandre-Oukidja,16,16,dz ALG,GK,32-199,90,0,0,0,0,0,0,1,0.0,1,0,0,0,0,0,0,0,https://fbref.com/en/players/ae7d0ecd/Alexandre-Oukidja-Alexandre Oukidja,
