,Player Name,Player Number,Player,#,Nation,Pos,Age,Min,Touches,Def Pen,Def 3rd,Mid 3rd,Att 3rd,Att Pen,Live,Att,Succ,Succ%,Tkld,Tkld%,Carries,TotDist,PrgDist,PrgC,1/3,CPA,Mis,Dis,Rec,PrgR,Player Key,Player Link
0,Aaron Leya Iseka,https://fbref.com/en/players/29ef0f49/Aaron-Leya-Iseka,24,24,be BEL,FW,23-080,52,17,0,2,7,8,1,17,0,0,,0,,9,34,4,0,1,0,3,0,14,2,https://fbref.com/en/players/29ef0f49/Aaron-Leya-Iseka-Aaron Leya Iseka,
1,Thierry Ambrose,https://fbref.com/en/players/2945f4b7/Thierry-Ambrose,9,9,gp GLP,FW,23-312,38,13,2,3,9,1,0,13,0,0,,0,,10,77,27,1,0,0,3,0,10,3,https://fbref.com/en/players/2945f4b7/Thierry-Ambrose-Thierry Ambrose,
2,Papa Ndiaga Yade,https://fbref.com/en/players/87e9c7cd/Papa-Ndiaga-Yade,26,26,mr MTN,FW,21-029,65,22,0,3,10,9,3,22,3,1,33.3,2,66.7,13,74,30,1,0,1,3,2,15,4,https://fbref.com/en/players/87e9c7cd/Papa-Ndiaga-Yade-Papa Ndiaga Yade,
3,Lamine Gueye,https://fbref.com/en/players/9d5dcc23/Lamine-Gueye,13,13,sn SEN,RW,22-327,25,13,0,1,6,8,1,13,0,0,,0,,11,141,78,2,2,1,2,0,11,3,https://fbref.com/en/players/9d5dcc23/Lamine-Gueye-Lamine Gueye,
4,Farid Boulaya,https://fbref.com/en/players/a0791826/Farid-Boulaya,10,10,dz ALG,"AM,LW",27-344,90,60,1,7,32,22,2,60,4,3,75.0,1,25.0,38,317,159,4,4,0,0,0,44,4,https://fbref.com/en/players/a0791826/Farid-Boulaya-Farid Boulaya,
5,Pape Matar Sarr,https://fbref.com/en/players/feb5d972/Pape-Matar-Sarr,15,15,sn SEN,CM,18-142,78,43,3,10,28,6,0,43,0,0,,0,,33,278,155,1,1,0,2,0,33,0,https://fbref.com/en/players/feb5d972/Pape-Matar-Sarr-Pape Matar Sarr,
6,Warren Tchimbembé,https://fbref.com/en/players/93b8f9f4/Warren-Tchimbembe,12,12,cg CGO,CM,22-288,12,4,0,1,3,0,0,4,0,0,,0,,2,6,5,0,0,0,0,0,1,0,https://fbref.com/en/players/93b8f9f4/Warren-Tchimbembe-Warren Tchimbembé,
7,Habib Maïga,https://fbref.com/en/players/e768de1f/Habib-Maiga,19,19,ci CIV,CM,25-033,90,54,0,13,35,9,1,54,3,3,100.0,0,0.0,38,251,144,1,3,0,2,0,36,0,https://fbref.com/en/players/e768de1f/Habib-Maiga-Habib Maïga,
8,Thomas Delaine,https://fbref.com/en/players/8332db56/Thomas-Delaine,17,17,fr FRA,"WB,LM",28-316,78,44,5,21,13,11,2,44,0,0,,0,,17,146,71,4,0,0,0,0,19,4,https://fbref.com/en/players/8332db56/Thomas-Delaine-Thomas Delaine,
9,Matthieu Udol,https://fbref.com/en/players/cc41f558/Matthieu-Udol,3,3,fr FRA,LM,24-320,12,8,0,2,3,3,1,8,0,0,,0,,5,43,33,1,0,0,0,1,5,2,https://fbref.com/en/players/cc41f558/Matthieu-Udol-Matthieu Udol,
10,Fabien Centonze,https://fbref.com/en/players/3c6bbbab/Fabien-Centonze,18,18,fr FRA,"WB,RM",25-018,90,63,5,26,14,23,1,63,7,3,42.9,4,57.1,30,181,104,2,2,0,0,0,24,4,https://fbref.com/en/players/3c6bbbab/Fabien-Centonze-Fabien Centonze,
11,John Boye,https://fbref.com/en/players/861227d2/John-Boye,21,21,gh GHA,CB,33-286,52,23,3,15,8,0,0,23,0,0,,0,,16,61,20,0,0,0,0,0,15,0,https://fbref.com/en/players/861227d2/John-Boye-John Boye,
12,Mamadou Fofana,https://fbref.com/en/players/4c4ffacc/Mamadou-Fofana,6,6,ml MLI,CB,23-013,38,18,2,14,3,1,1,18,0,0,,0,,9,34,9,0,0,0,0,0,10,0,https://fbref.com/en/players/4c4ffacc/Mamadou-Fofana-Mamadou Fofana,
13,Boubakar Kouyaté,https://fbref.com/en/players/562a4799/Boubakar-Kouyate,23,23,ml MLI,CB,23-294,90,54,9,35,19,2,1,54,0,0,,0,,34,181,67,0,0,0,1,0,31,0,https://fbref.com/en/players/562a4799/Boubakar-Kouyate-Boubakar Kouyaté,
14,Dylan Bronn,https://fbref.com/en/players/edd81e2a/Dylan-Bronn,2,2,tn TUN,CB,25-229,90,69,8,28,35,6,1,69,0,0,,0,,44,398,317,4,3,0,1,1,45,0,https://fbref.com/en/players/edd81e2a/Dylan-Bronn-Dylan Bronn,
15,Alexandre Oukidja,https://fbref.com/en/players/ae7d0ecd/Alexandre-Oukidja,16,16,dz ALG,GK,32-199,90,18,17,18,0,0,0,18,0,0,,0,,8,51,20,0,0,0,0,0,6,0,https://fbref.com/en/players/ae7d0ecd/Alexandre-Oukidja-Alexandre Oukidja,
