,Player Name,Player Number,Player,#,Nation,Pos,Age,Min,Touches,Def Pen,Def 3rd,Mid 3rd,Att 3rd,Att Pen,Live,Att,Succ,Succ%,Tkld,Tkld%,Carries,TotDist,PrgDist,PrgC,1/3,CPA,Mis,Dis,Rec,PrgR,Player Key,Player Link
0,Stephy Mavididi,https://fbref.com/en/players/30144daa/Stephy-Mavididi,19,19,eng ENG,"FW,LW",22-248,71,23,1,4,7,13,1,23,3,3,100.0,0,0.0,19,106,40,3,0,1,3,0,21,5,https://fbref.com/en/players/30144daa/Stephy-Mavididi-Stephy Mavididi,
1,Petar Škuletić,https://fbref.com/en/players/d9a66c60/Petar-Skuletic,32,32,rs SRB,FW,30-219,19,5,1,1,2,2,1,5,0,0,,0,,3,8,0,0,0,0,0,0,4,0,https://fbref.com/en/players/d9a66c60/Petar-Skuletic-Petar Škuletić,
2,Gaëtan Laborde,https://fbref.com/en/players/7cdda3bf/Gaetan-Laborde,10,10,fr FRA,"LM,RW,FW",26-276,90,38,2,6,15,18,3,38,4,2,50.0,2,50.0,22,111,55,2,3,0,6,1,25,5,https://fbref.com/en/players/7cdda3bf/Gaetan-Laborde-Gaëtan Laborde,
3,Téji Savanier,https://fbref.com/en/players/6bde367b/Teji-Savanier,11,11,fr FRA,"CM,LM",29-043,71,50,1,4,22,24,1,50,1,1,100.0,0,0.0,33,147,55,1,1,0,6,0,32,0,https://fbref.com/en/players/6bde367b/Teji-Savanier-Téji Savanier,
4,Damien Le Tallec,https://fbref.com/en/players/8f4d116f/Damien-Le-Tallec,14,14,fr FRA,CM,30-290,19,6,2,2,4,0,0,6,0,0,,0,,2,4,3,0,0,0,1,0,2,0,https://fbref.com/en/players/8f4d116f/Damien-Le-Tallec-Damien Le Tallec,
5,Florent Mollet,https://fbref.com/en/players/7e82a78f/Florent-Mollet,25,25,fr FRA,"CM,LM,RM",29-076,90,70,1,6,40,24,2,70,2,1,50.0,1,50.0,51,326,151,3,1,0,1,0,51,4,https://fbref.com/en/players/7e82a78f/Florent-Mollet-Florent Mollet,
6,Junior Sambia,https://fbref.com/en/players/24eb7ed6/Junior-Sambia,6,6,fr FRA,"RM,RW",24-149,52,36,2,5,16,15,0,36,1,0,0.0,1,100.0,16,32,7,0,0,0,0,0,18,5,https://fbref.com/en/players/24eb7ed6/Junior-Sambia-Junior Sambia,
7,Arnaud Souquet,https://fbref.com/en/players/4e0afc5d/Arnaud-Souquet,2,2,fr FRA,"RB,RW",28-357,38,20,1,6,6,8,2,20,1,0,0.0,1,100.0,12,29,9,0,0,1,1,0,11,0,https://fbref.com/en/players/4e0afc5d/Arnaud-Souquet-Arnaud Souquet,
8,Jordan Ferri,https://fbref.com/en/players/375622c5/Jordan-Ferri,12,12,fr FRA,"DM,RM,CM",28-328,90,64,2,17,36,12,2,64,2,2,100.0,0,0.0,48,228,113,3,1,0,2,0,45,1,https://fbref.com/en/players/375622c5/Jordan-Ferri-Jordan Ferri,
9,Mihailo Ristić,https://fbref.com/en/players/ea0aa7e0/Mihailo-Ristic,7,7,rs SRB,"LB,LW",25-095,60,57,0,17,22,18,1,57,2,0,0.0,2,100.0,31,233,134,4,1,0,0,0,31,3,https://fbref.com/en/players/ea0aa7e0/Mihailo-Ristic-Mihailo Ristić,
10,Elye Wahi,https://fbref.com/en/players/0d7b6576/Elye-Wahi,33,33,fr FRA,"LW,FW",18-032,30,9,0,1,4,4,1,9,2,0,0.0,2,100.0,7,37,15,1,0,0,0,0,8,3,https://fbref.com/en/players/0d7b6576/Elye-Wahi-Elye Wahi,
11,Daniel Congré,https://fbref.com/en/players/3f5b4635/Daniel-Congre,3,3,fr FRA,CB,35-304,90,46,5,21,23,2,0,46,0,0,,0,,31,129,67,1,0,0,0,0,31,1,https://fbref.com/en/players/3f5b4635/Daniel-Congre-Daniel Congré,
12,Vitorino Hilton,https://fbref.com/en/players/c4bbea9f/Vitorino-Hilton,4,4,br BRA,CB,43-143,90,67,4,33,33,1,1,67,0,0,,0,,51,307,175,1,0,0,1,0,50,0,https://fbref.com/en/players/c4bbea9f/Vitorino-Hilton-Vitorino Hilton,
13,Pedro Mendes,https://fbref.com/en/players/6690ef25/Pedro-Mendes,5,5,pt POR,RB,30-125,45,43,0,2,37,4,0,43,0,0,,0,,33,168,100,2,1,0,0,0,37,0,https://fbref.com/en/players/6690ef25/Pedro-Mendes-Pedro Mendes,
14,Nicolas Cozza,https://fbref.com/en/players/8f325097/Nicolas-Cozza,31,31,fr FRA,"LB,CB",22-026,45,29,3,6,14,10,2,29,0,0,,0,,13,114,98,3,4,0,2,0,12,2,https://fbref.com/en/players/8f325097/Nicolas-Cozza-Nicolas Cozza,
15,Dimitry Bertaud,https://fbref.com/en/players/380a15e2/Dimitry-Bertaud,16,16,cd COD,GK,22-242,90,38,32,38,0,0,0,38,0,0,,0,,25,116,60,0,0,0,0,0,16,0,https://fbref.com/en/players/380a15e2/Dimitry-Bertaud-Dimitry Bertaud,
