,Player Name,Player Number,Player,#,Nation,Pos,Age,Min,Tkl,TklW,Def 3rd,Mid 3rd,Att 3rd,Tkl,Att,Tkl%,Lost,Blocks,Sh,Pass,Int,Tkl+Int,Clr,Err,Player Key,Player Link
0,Stephy Mavididi,https://fbref.com/en/players/30144daa/Stephy-Mavididi,19,19,eng ENG,"FW,LW",22-248,71,0,0,0,0,0,0,0,,0,0,0,0,1,1,1,0,https://fbref.com/en/players/30144daa/Stephy-Mavididi-Stephy Mavididi,
1,Petar Škuletić,https://fbref.com/en/players/d9a66c60/Petar-Skuletic,32,32,rs SRB,FW,30-219,19,0,0,0,0,0,0,1,0.0,1,0,0,0,0,0,1,0,https://fbref.com/en/players/d9a66c60/Petar-Skuletic-Petar Škuletić,
2,Gaëtan Laborde,https://fbref.com/en/players/7cdda3bf/Gaetan-Laborde,10,10,fr FRA,"LM,RW,FW",26-276,90,3,1,2,1,0,2,4,50.0,2,0,0,0,0,3,2,0,https://fbref.com/en/players/7cdda3bf/Gaetan-Laborde-Gaëtan Laborde,
3,Téji Savanier,https://fbref.com/en/players/6bde367b/Teji-Savanier,11,11,fr FRA,"CM,LM",29-043,71,1,0,0,0,1,1,2,50.0,1,1,0,1,0,1,0,0,https://fbref.com/en/players/6bde367b/Teji-Savanier-Téji Savanier,
4,Damien Le Tallec,https://fbref.com/en/players/8f4d116f/Damien-Le-Tallec,14,14,fr FRA,CM,30-290,19,0,0,0,0,0,0,1,0.0,1,1,1,0,0,0,0,0,https://fbref.com/en/players/8f4d116f/Damien-Le-Tallec-Damien Le Tallec,
5,Florent Mollet,https://fbref.com/en/players/7e82a78f/Florent-Mollet,25,25,fr FRA,"CM,LM,RM",29-076,90,0,0,0,0,0,0,0,,0,1,1,0,1,1,1,0,https://fbref.com/en/players/7e82a78f/Florent-Mollet-Florent Mollet,
6,Junior Sambia,https://fbref.com/en/players/24eb7ed6/Junior-Sambia,6,6,fr FRA,"RM,RW",24-149,52,0,0,0,0,0,0,0,,0,1,0,1,1,1,1,0,https://fbref.com/en/players/24eb7ed6/Junior-Sambia-Junior Sambia,
7,Arnaud Souquet,https://fbref.com/en/players/4e0afc5d/Arnaud-Souquet,2,2,fr FRA,"RB,RW",28-357,38,0,0,0,0,0,0,1,0.0,1,0,0,0,0,0,2,0,https://fbref.com/en/players/4e0afc5d/Arnaud-Souquet-Arnaud Souquet,
8,Jordan Ferri,https://fbref.com/en/players/375622c5/Jordan-Ferri,12,12,fr FRA,"DM,RM,CM",28-328,90,3,2,2,1,0,1,2,50.0,1,0,0,0,1,4,1,0,https://fbref.com/en/players/375622c5/Jordan-Ferri-Jordan Ferri,
9,Mihailo Ristić,https://fbref.com/en/players/ea0aa7e0/Mihailo-Ristic,7,7,rs SRB,"LB,LW",25-095,60,2,1,0,0,2,2,3,66.7,1,0,0,0,2,4,4,0,https://fbref.com/en/players/ea0aa7e0/Mihailo-Ristic-Mihailo Ristić,
10,Elye Wahi,https://fbref.com/en/players/0d7b6576/Elye-Wahi,33,33,fr FRA,"LW,FW",18-032,30,0,0,0,0,0,0,1,0.0,1,0,0,0,0,0,0,0,https://fbref.com/en/players/0d7b6576/Elye-Wahi-Elye Wahi,
11,Daniel Congré,https://fbref.com/en/players/3f5b4635/Daniel-Congre,3,3,fr FRA,CB,35-304,90,0,0,0,0,0,0,0,,0,1,1,0,3,3,3,0,https://fbref.com/en/players/3f5b4635/Daniel-Congre-Daniel Congré,
12,Vitorino Hilton,https://fbref.com/en/players/c4bbea9f/Vitorino-Hilton,4,4,br BRA,CB,43-143,90,0,0,0,0,0,0,0,,0,2,2,0,1,1,2,0,https://fbref.com/en/players/c4bbea9f/Vitorino-Hilton-Vitorino Hilton,
13,Pedro Mendes,https://fbref.com/en/players/6690ef25/Pedro-Mendes,5,5,pt POR,RB,30-125,45,0,0,0,0,0,0,0,,0,0,0,0,1,1,0,0,https://fbref.com/en/players/6690ef25/Pedro-Mendes-Pedro Mendes,
14,Nicolas Cozza,https://fbref.com/en/players/8f325097/Nicolas-Cozza,31,31,fr FRA,"LB,CB",22-026,45,2,2,0,1,1,1,2,50.0,1,0,0,0,0,2,2,0,https://fbref.com/en/players/8f325097/Nicolas-Cozza-Nicolas Cozza,
15,Dimitry Bertaud,https://fbref.com/en/players/380a15e2/Dimitry-Bertaud,16,16,cd COD,GK,22-242,90,0,0,0,0,0,0,0,,0,0,0,0,0,0,0,0,https://fbref.com/en/players/380a15e2/Dimitry-Bertaud-Dimitry Bertaud,
