,Player Name,Player Number,Player,#,Nation,Pos,Age,Min,Gls,Ast,PK,PKatt,Sh,SoT,CrdY,CrdR,Touches,Tkl,Int,Blocks,xG,npxG,xAG,SCA,GCA,Cmp,Att,Cmp%,PrgP,Carries,PrgC,Att,Succ,Player Key,Player Link
0,Stephy Mavididi,https://fbref.com/en/players/30144daa/Stephy-Mavididi,19,19,eng ENG,"FW,LW",22-248,71,0,0,0,0,3,0,0,0,23,0,1,0,0.4,0.4,0.0,3,0,9,14,64.3,0,19,3,3,3,https://fbref.com/en/players/30144daa/Stephy-Mavididi-Stephy Mavididi,
1,Petar Škuletić,https://fbref.com/en/players/d9a66c60/Petar-Skuletic,32,32,rs SRB,FW,30-219,19,0,0,0,0,1,0,0,0,5,0,0,0,0.0,0.0,0.0,0,0,2,3,66.7,0,3,0,0,0,https://fbref.com/en/players/d9a66c60/Petar-Skuletic-Petar Škuletić,
2,Gaëtan Laborde,https://fbref.com/en/players/7cdda3bf/Gaetan-Laborde,10,10,fr FRA,"LM,RW,FW",26-276,90,1,0,0,0,2,1,0,0,38,3,0,0,0.1,0.1,0.0,2,0,13,20,65.0,0,22,2,4,2,https://fbref.com/en/players/7cdda3bf/Gaetan-Laborde-Gaëtan Laborde,
3,Téji Savanier,https://fbref.com/en/players/6bde367b/Teji-Savanier,11,11,fr FRA,"CM,LM",29-043,71,0,0,0,0,0,0,0,0,50,1,0,1,0.0,0.0,0.1,3,0,26,40,65.0,3,33,1,1,1,https://fbref.com/en/players/6bde367b/Teji-Savanier-Téji Savanier,
4,Damien Le Tallec,https://fbref.com/en/players/8f4d116f/Damien-Le-Tallec,14,14,fr FRA,CM,30-290,19,0,0,0,0,0,0,0,0,6,0,0,1,0.0,0.0,0.0,0,0,4,4,100.0,0,2,0,0,0,https://fbref.com/en/players/8f4d116f/Damien-Le-Tallec-Damien Le Tallec,
5,Florent Mollet,https://fbref.com/en/players/7e82a78f/Florent-Mollet,25,25,fr FRA,"CM,LM,RM",29-076,90,0,0,0,0,6,2,0,0,70,0,1,1,0.3,0.3,0.0,2,0,45,55,81.8,5,51,3,2,1,https://fbref.com/en/players/7e82a78f/Florent-Mollet-Florent Mollet,
6,Junior Sambia,https://fbref.com/en/players/24eb7ed6/Junior-Sambia,6,6,fr FRA,"RM,RW",24-149,52,0,0,0,0,0,0,0,0,36,0,1,1,0.0,0.0,0.1,3,0,28,32,87.5,1,16,0,1,0,https://fbref.com/en/players/24eb7ed6/Junior-Sambia-Junior Sambia,
7,Arnaud Souquet,https://fbref.com/en/players/4e0afc5d/Arnaud-Souquet,2,2,fr FRA,"RB,RW",28-357,38,0,0,0,0,0,0,0,0,20,0,0,0,0.0,0.0,0.0,1,0,11,15,73.3,1,12,0,1,0,https://fbref.com/en/players/4e0afc5d/Arnaud-Souquet-Arnaud Souquet,
8,Jordan Ferri,https://fbref.com/en/players/375622c5/Jordan-Ferri,12,12,fr FRA,"DM,RM,CM",28-328,90,0,0,0,0,0,0,0,0,64,3,1,0,0.0,0.0,0.0,5,0,50,58,86.2,4,48,3,2,2,https://fbref.com/en/players/375622c5/Jordan-Ferri-Jordan Ferri,
9,Mihailo Ristić,https://fbref.com/en/players/ea0aa7e0/Mihailo-Ristic,7,7,rs SRB,"LB,LW",25-095,60,0,0,0,0,0,0,0,0,57,2,2,0,0.0,0.0,0.3,3,0,29,47,61.7,1,31,4,2,0,https://fbref.com/en/players/ea0aa7e0/Mihailo-Ristic-Mihailo Ristić,
10,Elye Wahi,https://fbref.com/en/players/0d7b6576/Elye-Wahi,33,33,fr FRA,"LW,FW",18-032,30,0,0,0,0,1,0,0,0,9,0,0,0,0.2,0.2,0.0,1,0,3,6,50.0,0,7,1,2,0,https://fbref.com/en/players/0d7b6576/Elye-Wahi-Elye Wahi,
11,Daniel Congré,https://fbref.com/en/players/3f5b4635/Daniel-Congre,3,3,fr FRA,CB,35-304,90,0,0,0,0,0,0,1,0,46,0,3,1,0.0,0.0,0.0,0,0,36,40,90.0,2,31,1,0,0,https://fbref.com/en/players/3f5b4635/Daniel-Congre-Daniel Congré,
12,Vitorino Hilton,https://fbref.com/en/players/c4bbea9f/Vitorino-Hilton,4,4,br BRA,CB,43-143,90,0,0,0,0,1,0,0,0,67,0,1,2,0.1,0.1,0.0,0,0,55,60,91.7,5,51,1,0,0,https://fbref.com/en/players/c4bbea9f/Vitorino-Hilton-Vitorino Hilton,
13,Pedro Mendes,https://fbref.com/en/players/6690ef25/Pedro-Mendes,5,5,pt POR,RB,30-125,45,0,0,0,0,1,0,0,0,43,0,1,0,0.0,0.0,0.0,1,0,37,41,90.2,5,33,2,0,0,https://fbref.com/en/players/6690ef25/Pedro-Mendes-Pedro Mendes,
14,Nicolas Cozza,https://fbref.com/en/players/8f325097/Nicolas-Cozza,31,31,fr FRA,"LB,CB",22-026,45,0,0,0,0,0,0,0,0,29,2,0,0,0.0,0.0,0.2,3,0,19,23,82.6,2,13,3,0,0,https://fbref.com/en/players/8f325097/Nicolas-Cozza-Nicolas Cozza,
15,Dimitry Bertaud,https://fbref.com/en/players/380a15e2/Dimitry-Bertaud,16,16,cd COD,GK,22-242,90,0,0,0,0,0,0,0,0,38,0,0,0,0.0,0.0,0.0,0,0,34,37,91.9,0,25,0,0,0,https://fbref.com/en/players/380a15e2/Dimitry-Bertaud-Dimitry Bertaud,
