,Minute,Player,Squad,xG,PSxG,Outcome,Distance,Body Part,Notes,SCA 1 Player,SCA 1 Event,SCA 2 Player,SCA 2 Event
0,4,Stephy Mavididi,Montpellier,0.29,,Blocked,11,Left Foot,,Stephy Mavididi,Take-On,Mihailo Ristić,Pass (Live)
1,7,Farid Boulaya,Metz,0.03,0.03,Saved,28,Right Foot,,Pape Matar Sarr,Pass (Live),Dylan Bronn,Pass (Live)
2,10,Florent Mollet,Montpellier,0.06,,Blocked,25,Right Foot,Free kick,Florent Mollet,Fouled,Jordan Ferri,Pass (Live)
3,12,Pape Matar Sarr,Metz,0.03,0.06,Saved,32,Right Foot,,Aaron Leya Iseka,Pass (Live),,
4,17,Florent Mollet,Montpellier,0.05,0.40,Saved,15,Right Foot,,Junior Sambia,Pass (Live),Pedro Mendes,Pass (Live)
5,20,Thomas Delaine,Metz,0.02,,Blocked,30,Left Foot,,Habib Maïga,Fouled,Fabien Centonze,Pass (Dead)
6,24,Pedro Mendes,Montpellier,0.02,,Blocked,32,Right Foot,,Mihailo Ristić,Pass (Dead),,
7,25,Florent Mollet,Montpellier,0.06,,Blocked,18,Right Foot,,Junior Sambia,Pass (Dead),Téji Savanier,Pass (Live)
8,30,Boubakar Kouyaté,Metz,0.05,0.11,Saved,12,Head,,Farid Boulaya,Pass (Dead),Papa Ndiaga Yade,Fouled
9,38,Stephy Mavididi,Montpellier,0.04,,Blocked,24,Right Foot,,Junior Sambia,Pass (Live),Mihailo Ristić,Pass (Live)
10,39,Vitorino Hilton,Montpellier,0.08,,Blocked,9,Head,,Téji Savanier,Pass (Dead),Stephy Mavididi,Shot
11,41,Farid Boulaya,Metz,0.05,,Off Target,21,Right Foot,,Papa Ndiaga Yade,Pass (Live),Farid Boulaya,Pass (Live)
12,44,Thomas Delaine,Metz,0.03,0.02,Saved,29,Right Foot,,Dylan Bronn,Pass (Dead),Habib Maïga,Fouled
13,45,Farid Boulaya,Metz,0.06,0.32,Saved,15,Left Foot,,Papa Ndiaga Yade,Pass (Live),Farid Boulaya,Pass (Live)
14,,,,,,,,,,,,,
15,47,Thomas Delaine,Metz,0.03,,Blocked,22,Right Foot,,Pape Matar Sarr,Pass (Live),,
16,47,Pape Matar Sarr,Metz,0.06,0.41,Goal,26,Right Foot,,Papa Ndiaga Yade,Pass (Live),Habib Maïga,Pass (Live)
17,57,Fabien Centonze,Metz,0.05,,Off Target,19,Left Foot,,,,,
18,62,Florent Mollet,Montpellier,0.03,,Blocked,26,Right Foot,,Nicolas Cozza,Pass (Live),Jordan Ferri,Pass (Live)
19,68,Stephy Mavididi,Montpellier,0.06,,Blocked,23,Left Foot,,Stephy Mavididi,Take-On,Téji Savanier,Pass (Live)
20,70,Farid Boulaya,Metz,0.07,,Off Target,15,Right Foot,,Fabien Centonze,Pass (Live),Lamine Gueye,Pass (Live)
21,70,Gaëtan Laborde,Montpellier,0.06,0.36,Goal,17,Left Foot,,,,,
22,75,Florent Mollet,Montpellier,0.04,,Blocked,36,Right Foot,Free kick,Gaëtan Laborde,Fouled,Florent Mollet,Interception
23,79,Petar Škuletić,Montpellier,0.05,,Off Target,14,Head,,Arnaud Souquet,Pass (Live),Jordan Ferri,Pass (Live)
24,80,Habib Maïga,Metz,0.05,,Off Target,12,Head,,Lamine Gueye,Pass (Live),Habib Maïga,Pass (Live)
25,83,Florent Mollet,Montpellier,0.05,0.10,Saved,27,Right Foot,Free kick,Elye Wahi,Fouled,Gaëtan Laborde,Pass (Live)
26,83,Elye Wahi,Montpellier,0.15,,Blocked,6,Head,,Nicolas Cozza,Pass (Live),Jordan Ferri,Pass (Live)
27,85,Dylan Bronn,Metz,0.07,,Off Target,15,Right Foot,,Lamine Gueye,Pass (Dead),,
28,86,Matthieu Udol,Metz,0.24,,Off Target,10,Head,,Fabien Centonze,Pass (Live),Habib Maïga,Pass (Live)
29,86,Lamine Gueye,Metz,0.04,,Blocked,16,Right Foot,,Habib Maïga,Pass (Live),Fabien Centonze,Pass (Live)
30,89,Gaëtan Laborde,Montpellier,0.05,,Blocked,14,Left Foot,,Nicolas Cozza,Pass (Live),Jordan Ferri,Pass (Live)
31,90+3,Lamine Gueye,Metz,0.04,,Blocked,20,Left Foot,,Farid Boulaya,Pass (Live),Farid Boulaya,Take-On
32,90+4,Farid Boulaya,Metz,0.04,,Blocked,22,Right Foot,,Habib Maïga,Pass (Live),Matthieu Udol,Pass (Live)
