,Player Name,Player Number,Player,#,Nation,Pos,Age,Min,Gls,Ast,PK,PKatt,Sh,SoT,CrdY,CrdR,Touches,Tkl,Int,Blocks,xG,npxG,xAG,SCA,GCA,Cmp,Att,Cmp%,PrgP,Carries,PrgC,Att,Succ,Player Key,Player Link
0,Chris Martin,https://fbref.com/en/players/c21e39f9/Chris-Martin,7,7,sct SCO,FW,32-027,89,0,0,0,0,2,1,0,0,48,1,1,1,0.2,0.2,0.4,3,1,21,35,60.0,7,22,1,2,0,https://fbref.com/en/players/c21e39f9/Chris-Martin-Chris Martin,
1,Famara Diedhiou,https://fbref.com/en/players/e447352c/Famara-Diedhiou,9,9,sn SEN,FW,27-352,1,0,0,0,0,0,0,0,0,0,0,0,0,0.0,0.0,0.0,0,0,0,0,,0,0,0,0,0,https://fbref.com/en/players/e447352c/Famara-Diedhiou-Famara Diedhiou,
2,Nahki Wells,https://fbref.com/en/players/b070482d/Nahki-Wells,21,21,bm BER,LW,30-183,87,1,1,0,0,2,1,1,0,37,0,0,1,0.9,0.9,0.5,4,0,21,27,77.8,2,23,3,1,0,https://fbref.com/en/players/b070482d/Nahki-Wells-Nahki Wells,
3,Taylor Moore,https://fbref.com/en/players/6ca8c0d9/Taylor-Moore,23,23,eng ENG,LW,23-203,3,0,0,0,0,0,0,0,0,1,0,0,0,0.0,0.0,0.0,0,0,0,1,0.0,0,0,0,0,0,https://fbref.com/en/players/6ca8c0d9/Taylor-Moore-Taylor Moore,
4,Antoine Semenyo,https://fbref.com/en/players/efd2ec23/Antoine-Semenyo,18,18,gh GHA,RW,20-329,82,0,0,0,0,2,0,0,0,34,4,2,1,0.1,0.1,0.1,2,0,12,16,75.0,2,18,2,2,1,https://fbref.com/en/players/efd2ec23/Antoine-Semenyo-Antoine Semenyo,
5,Tyreeq Bakinson,https://fbref.com/en/players/f918369c/Tyreeq-Bakinson,30,30,eng ENG,RW,22-052,8,0,0,0,0,0,0,0,0,6,0,0,1,0.0,0.0,0.0,0,0,1,4,25.0,1,3,1,0,0,https://fbref.com/en/players/f918369c/Tyreeq-Bakinson-Tyreeq Bakinson,
6,Callum O'Dowda,https://fbref.com/en/players/c8cf8f64/Callum-ODowda,11,11,ie IRL,LM,25-222,90,0,0,0,0,0,0,0,0,56,0,1,0,0.0,0.0,0.0,5,1,32,41,78.0,4,37,4,4,3,https://fbref.com/en/players/c8cf8f64/Callum-ODowda-Callum O'Dowda,
7,Chris Brunt,https://fbref.com/en/players/ec7e6ad1/Chris-Brunt,29,29,nir NIR,CM,35-353,90,0,0,0,0,1,0,0,0,51,0,1,0,0.0,0.0,0.1,4,0,29,41,70.7,3,20,0,0,0,https://fbref.com/en/players/ec7e6ad1/Chris-Brunt-Chris Brunt,
8,Ádám Nagy,https://fbref.com/en/players/788b31e2/Adam-Nagy,4,4,hu HUN,RM,25-167,90,1,0,0,0,3,1,0,0,43,1,1,0,0.9,0.9,0.0,2,1,22,31,71.0,1,24,1,1,1,https://fbref.com/en/players/788b31e2/Adam-Nagy-Ádám Nagy,
9,Jay Dasilva,https://fbref.com/en/players/2a158ded/Jay-Dasilva,3,3,wls WAL,LB,22-223,45,0,0,0,0,0,0,0,0,26,2,0,0,0.0,0.0,0.0,1,0,18,21,85.7,1,13,0,0,0,https://fbref.com/en/players/2a158ded/Jay-Dasilva-Jay Dasilva,
10,Tommy Rowe,https://fbref.com/en/players/607c1e45/Tommy-Rowe,25,25,eng ENG,LB,32-068,45,0,0,0,0,0,0,0,0,26,1,4,1,0.0,0.0,0.0,0,0,8,17,47.1,1,8,0,1,0,https://fbref.com/en/players/607c1e45/Tommy-Rowe-Tommy Rowe,
11,Tomáš Kalas,https://fbref.com/en/players/df618867/Tomas-Kalas,22,22,cz CZE,CB,27-200,90,0,0,0,0,2,0,0,0,45,0,0,3,0.1,0.1,0.0,1,0,22,29,75.9,1,18,1,0,0,https://fbref.com/en/players/df618867/Tomas-Kalas-Tomáš Kalas,
12,Zak Vyner,https://fbref.com/en/players/a8fe5a96/Zak-Vyner,26,26,ke KEN,CB,23-201,90,0,0,0,0,0,0,0,0,41,0,1,1,0.0,0.0,0.0,1,1,24,28,85.7,3,21,1,0,0,https://fbref.com/en/players/a8fe5a96/Zak-Vyner-Zak Vyner,
13,Adrian Mariappa,https://fbref.com/en/players/8aa5f52c/Adrian-Mariappa,19,19,jm JAM,RB,34-059,90,0,0,0,0,0,0,0,0,46,1,1,0,0.0,0.0,0.0,1,0,23,36,63.9,2,19,0,0,0,https://fbref.com/en/players/8aa5f52c/Adrian-Mariappa-Adrian Mariappa,
14,Daniel Bentley,https://fbref.com/en/players/68db6358/Daniel-Bentley,1,1,eng ENG,GK,27-141,90,0,0,0,0,0,0,0,0,37,0,0,0,0.0,0.0,0.0,0,0,13,35,37.1,0,12,0,0,0,https://fbref.com/en/players/68db6358/Daniel-Bentley-Daniel Bentley,
