,Player Name,Player Number,Player,#,Nation,Pos,Age,Min,Touches,Def Pen,Def 3rd,Mid 3rd,Att 3rd,Att Pen,Live,Att,Succ,Succ%,Tkld,Tkld%,Carries,TotDist,PrgDist,PrgC,1/3,CPA,Mis,Dis,Rec,PrgR,Player Key,Player Link
0,Chris Martin,https://fbref.com/en/players/c21e39f9/Chris-Martin,7,7,sct SCO,FW,32-027,89,48,5,10,16,22,5,48,2,0,0.0,2,100.0,22,107,23,1,0,1,2,0,35,7,https://fbref.com/en/players/c21e39f9/Chris-Martin-Chris Martin,
1,Famara Diedhiou,https://fbref.com/en/players/e447352c/Famara-Diedhiou,9,9,sn SEN,FW,27-352,1,0,0,0,0,0,0,0,0,0,,0,,0,0,0,0,0,0,0,0,0,0,https://fbref.com/en/players/e447352c/Famara-Diedhiou-Famara Diedhiou,
2,Nahki Wells,https://fbref.com/en/players/b070482d/Nahki-Wells,21,21,bm BER,LW,30-183,87,37,0,6,13,19,3,37,1,0,0.0,1,100.0,23,189,86,3,3,0,3,1,23,8,https://fbref.com/en/players/b070482d/Nahki-Wells-Nahki Wells,
3,Taylor Moore,https://fbref.com/en/players/6ca8c0d9/Taylor-Moore,23,23,eng ENG,LW,23-203,3,1,0,0,1,0,0,1,0,0,,0,,0,0,0,0,0,0,0,0,0,0,https://fbref.com/en/players/6ca8c0d9/Taylor-Moore-Taylor Moore,
4,Antoine Semenyo,https://fbref.com/en/players/efd2ec23/Antoine-Semenyo,18,18,gh GHA,RW,20-329,82,34,4,11,10,13,1,34,2,1,50.0,1,50.0,18,210,71,2,0,1,2,0,19,6,https://fbref.com/en/players/efd2ec23/Antoine-Semenyo-Antoine Semenyo,
5,Tyreeq Bakinson,https://fbref.com/en/players/f918369c/Tyreeq-Bakinson,30,30,eng ENG,RW,22-052,8,6,0,2,3,1,0,6,0,0,,0,,3,29,22,1,0,0,0,0,2,0,https://fbref.com/en/players/f918369c/Tyreeq-Bakinson-Tyreeq Bakinson,
6,Callum O'Dowda,https://fbref.com/en/players/c8cf8f64/Callum-ODowda,11,11,ie IRL,LM,25-222,90,56,2,17,22,19,2,56,4,3,75.0,1,25.0,37,223,109,4,1,0,5,2,31,4,https://fbref.com/en/players/c8cf8f64/Callum-ODowda-Callum O'Dowda,
7,Chris Brunt,https://fbref.com/en/players/ec7e6ad1/Chris-Brunt,29,29,nir NIR,CM,35-353,90,51,7,21,22,8,0,51,0,0,,0,,20,87,25,0,0,0,1,1,20,0,https://fbref.com/en/players/ec7e6ad1/Chris-Brunt-Chris Brunt,
8,Ádám Nagy,https://fbref.com/en/players/788b31e2/Adam-Nagy,4,4,hu HUN,RM,25-167,90,43,6,18,15,11,4,43,1,1,100.0,0,0.0,24,96,28,1,0,1,2,2,20,3,https://fbref.com/en/players/788b31e2/Adam-Nagy-Ádám Nagy,
9,Jay Dasilva,https://fbref.com/en/players/2a158ded/Jay-Dasilva,3,3,wls WAL,LB,22-223,45,26,3,7,14,5,0,26,0,0,,0,,13,45,16,0,0,0,1,0,13,0,https://fbref.com/en/players/2a158ded/Jay-Dasilva-Jay Dasilva,
10,Tommy Rowe,https://fbref.com/en/players/607c1e45/Tommy-Rowe,25,25,eng ENG,LB,32-068,45,26,4,17,7,2,0,26,1,0,0.0,1,100.0,8,38,12,0,0,0,0,0,8,0,https://fbref.com/en/players/607c1e45/Tommy-Rowe-Tommy Rowe,
11,Tomáš Kalas,https://fbref.com/en/players/df618867/Tomas-Kalas,22,22,cz CZE,CB,27-200,90,45,17,30,13,2,2,45,0,0,,0,,18,66,15,1,0,0,0,0,21,0,https://fbref.com/en/players/df618867/Tomas-Kalas-Tomáš Kalas,
12,Zak Vyner,https://fbref.com/en/players/a8fe5a96/Zak-Vyner,26,26,ke KEN,CB,23-201,90,41,12,30,11,0,0,41,0,0,,0,,21,121,64,1,0,0,0,0,19,0,https://fbref.com/en/players/a8fe5a96/Zak-Vyner-Zak Vyner,
13,Adrian Mariappa,https://fbref.com/en/players/8aa5f52c/Adrian-Mariappa,19,19,jm JAM,RB,34-059,90,46,6,18,16,12,0,46,0,0,,0,,19,40,12,0,0,0,1,0,19,0,https://fbref.com/en/players/8aa5f52c/Adrian-Mariappa-Adrian Mariappa,
14,Daniel Bentley,https://fbref.com/en/players/68db6358/Daniel-Bentley,1,1,eng ENG,GK,27-141,90,37,32,37,0,0,0,37,0,0,,0,,12,102,30,0,0,0,0,0,10,0,https://fbref.com/en/players/68db6358/Daniel-Bentley-Daniel Bentley,
