,Player Name,Player Number,Player,#,Nation,Pos,Age,Min,Touches,Def Pen,Def 3rd,Mid 3rd,Att 3rd,Att Pen,Live,Att,Succ,Succ%,Tkld,Tkld%,Carries,TotDist,PrgDist,PrgC,1/3,CPA,Mis,Dis,Rec,PrgR,Player Key,Player Link
0,Lyndon Dykes,https://fbref.com/en/players/cd92357a/Lyndon-Dykes,9,9,sct SCO,FW,25-055,67,23,0,0,7,16,6,23,0,0,,0,,10,34,9,1,0,1,2,0,18,8,https://fbref.com/en/players/cd92357a/Lyndon-Dykes-Lyndon Dykes,
1,Macauley Bonne,https://fbref.com/en/players/9ca8b21c/Macauley-Bonne,7,7,zw ZIM,FW,25-036,23,10,2,2,0,8,4,10,0,0,,0,,2,5,0,0,0,0,2,0,7,1,https://fbref.com/en/players/9ca8b21c/Macauley-Bonne-Macauley Bonne,
2,Chris Willock,https://fbref.com/en/players/be0bd828/Chris-Willock,21,21,eng ENG,LW,22-305,82,50,0,5,17,30,5,50,2,2,100.0,0,0.0,32,256,96,5,3,1,5,1,37,6,https://fbref.com/en/players/be0bd828/Chris-Willock-Chris Willock,
3,Charlie Kelman,https://fbref.com/en/players/d7cf39b1/Charlie-Kelman,29,29,us USA,LW,19-029,8,0,0,0,0,0,0,0,0,0,,0,,0,0,0,0,0,0,0,0,0,0,https://fbref.com/en/players/d7cf39b1/Charlie-Kelman-Charlie Kelman,
4,Bright Osayi-Samuel,https://fbref.com/en/players/03b6afa9/Bright-Osayi-Samuel,11,11,ng NGA,RW,22-336,90,51,0,5,14,33,13,51,9,7,77.8,2,22.2,26,199,130,7,2,4,2,2,36,12,https://fbref.com/en/players/03b6afa9/Bright-Osayi-Samuel-Bright Osayi-Samuel,
5,Ilias Chair,https://fbref.com/en/players/ad7873cb/Ilias-Chair,10,10,ma MAR,AM,23-032,90,77,0,2,22,53,5,77,2,1,50.0,1,50.0,41,275,83,4,2,1,3,0,55,12,https://fbref.com/en/players/ad7873cb/Ilias-Chair-Ilias Chair,
6,Tom Carroll,https://fbref.com/en/players/5a1900a4/Tom-Carroll,22,22,eng ENG,DM,28-187,90,100,3,24,50,26,1,100,0,0,,0,,55,285,156,3,2,0,0,0,81,2,https://fbref.com/en/players/5a1900a4/Tom-Carroll-Tom Carroll,
7,Dominic Ball,https://fbref.com/en/players/79d61875/Dominic-Ball,12,12,eng ENG,DM,25-121,67,69,2,10,37,22,1,69,0,0,,0,,33,128,71,1,2,0,3,1,40,0,https://fbref.com/en/players/79d61875/Dominic-Ball-Dominic Ball,
8,Albert Adomah,https://fbref.com/en/players/c7174e81/Albert-Adomah,37,37,gh GHA,DM,32-354,23,12,0,1,3,8,1,12,0,0,,0,,6,24,10,0,0,0,1,0,9,4,https://fbref.com/en/players/c7174e81/Albert-Adomah-Albert Adomah,
9,Lee Wallace,https://fbref.com/en/players/c3a396e2/Lee-Wallace,3,3,sct SCO,LB,33-122,73,51,2,22,16,13,1,51,1,1,100.0,0,0.0,24,152,105,5,3,1,1,1,30,6,https://fbref.com/en/players/c3a396e2/Lee-Wallace-Lee Wallace,
10,Niko Hämäläinen,https://fbref.com/en/players/4435db1e/Niko-Hamalainen,25,25,fi FIN,LB,23-271,17,12,0,3,5,4,0,12,0,0,,0,,5,35,24,1,1,0,0,0,6,1,https://fbref.com/en/players/4435db1e/Niko-Hamalainen-Niko Hämäläinen,
11,Yoann Barbet,https://fbref.com/en/players/c52bbd2c/Yoann-Barbet,6,6,fr FRA,CB,27-205,90,90,7,49,36,5,0,90,0,0,,0,,54,260,200,0,0,0,0,0,71,2,https://fbref.com/en/players/c52bbd2c/Yoann-Barbet-Yoann Barbet,
12,Robert Dickie,https://fbref.com/en/players/c7dfc411/Robert-Dickie,4,4,eng ENG,CB,24-273,90,85,6,52,31,3,2,85,0,0,,0,,48,260,171,3,0,0,1,0,57,0,https://fbref.com/en/players/c7dfc411/Robert-Dickie-Robert Dickie,
13,Osman Kakay,https://fbref.com/en/players/0aed0751/Osman-Kakay,24,24,sl SLE,RB,23-098,90,84,2,20,37,28,1,84,1,1,100.0,0,0.0,48,202,85,3,3,0,4,2,52,9,https://fbref.com/en/players/0aed0751/Osman-Kakay-Osman Kakay,
14,Seny Dieng,https://fbref.com/en/players/c135cddd/Seny-Dieng,13,13,sn SEN,GK,26-008,90,28,27,28,0,0,0,28,0,0,,0,,16,77,43,0,0,0,0,0,13,0,https://fbref.com/en/players/c135cddd/Seny-Dieng-Seny Dieng,
