,Player Name,Player Number,Player,#,Nation,Pos,Age,Min,Att,Live,Dead,FK,TB,Sw,Crs,TI,CK,In,Out,Str,Cmp,Off,Blocks,Player Key,Player Link
0,Lyndon Dykes,https://fbref.com/en/players/cd92357a/Lyndon-Dykes,9,9,sct SCO,FW,25-055,67,19,19,0,0,0,0,0,0,0,0,0,0,14,0,0,https://fbref.com/en/players/cd92357a/Lyndon-Dykes-Lyndon Dykes,
1,Macauley Bonne,https://fbref.com/en/players/9ca8b21c/Macauley-Bonne,7,7,zw ZIM,FW,25-036,23,4,4,0,0,0,0,0,0,0,0,0,0,4,0,0,https://fbref.com/en/players/9ca8b21c/Macauley-Bonne-Macauley Bonne,
2,Chris Willock,https://fbref.com/en/players/be0bd828/Chris-Willock,21,21,eng ENG,LW,22-305,82,39,38,0,0,0,0,2,0,0,0,0,0,31,1,0,https://fbref.com/en/players/be0bd828/Chris-Willock-Chris Willock,
3,Charlie Kelman,https://fbref.com/en/players/d7cf39b1/Charlie-Kelman,29,29,us USA,LW,19-029,8,0,0,0,0,0,0,0,0,0,0,0,0,0,0,0,https://fbref.com/en/players/d7cf39b1/Charlie-Kelman-Charlie Kelman,
4,Bright Osayi-Samuel,https://fbref.com/en/players/03b6afa9/Bright-Osayi-Samuel,11,11,ng NGA,RW,22-336,90,33,33,0,0,0,0,1,0,0,0,0,0,26,0,1,https://fbref.com/en/players/03b6afa9/Bright-Osayi-Samuel-Bright Osayi-Samuel,
5,Ilias Chair,https://fbref.com/en/players/ad7873cb/Ilias-Chair,10,10,ma MAR,AM,23-032,90,63,49,14,2,0,0,14,0,9,2,5,0,48,0,1,https://fbref.com/en/players/ad7873cb/Ilias-Chair-Ilias Chair,
6,Tom Carroll,https://fbref.com/en/players/5a1900a4/Tom-Carroll,22,22,eng ENG,DM,28-187,90,94,90,4,3,0,1,2,1,0,0,0,0,82,0,0,https://fbref.com/en/players/5a1900a4/Tom-Carroll-Tom Carroll,
7,Dominic Ball,https://fbref.com/en/players/79d61875/Dominic-Ball,12,12,eng ENG,DM,25-121,67,56,52,4,2,0,0,2,2,0,0,0,0,51,0,0,https://fbref.com/en/players/79d61875/Dominic-Ball-Dominic Ball,
8,Albert Adomah,https://fbref.com/en/players/c7174e81/Albert-Adomah,37,37,gh GHA,DM,32-354,23,9,9,0,0,0,0,3,0,0,0,0,0,5,0,1,https://fbref.com/en/players/c7174e81/Albert-Adomah-Albert Adomah,
9,Lee Wallace,https://fbref.com/en/players/c3a396e2/Lee-Wallace,3,3,sct SCO,LB,33-122,73,43,37,6,0,0,0,5,6,0,0,0,0,29,0,1,https://fbref.com/en/players/c3a396e2/Lee-Wallace-Lee Wallace,
10,Niko Hämäläinen,https://fbref.com/en/players/4435db1e/Niko-Hamalainen,25,25,fi FIN,LB,23-271,17,12,7,5,1,0,0,2,4,0,0,0,0,9,0,0,https://fbref.com/en/players/4435db1e/Niko-Hamalainen-Niko Hämäläinen,
11,Yoann Barbet,https://fbref.com/en/players/c52bbd2c/Yoann-Barbet,6,6,fr FRA,CB,27-205,90,85,84,1,0,0,0,4,1,0,0,0,0,70,0,0,https://fbref.com/en/players/c52bbd2c/Yoann-Barbet-Yoann Barbet,
12,Robert Dickie,https://fbref.com/en/players/c7dfc411/Robert-Dickie,4,4,eng ENG,CB,24-273,90,78,74,4,4,0,0,1,0,0,0,0,0,63,0,0,https://fbref.com/en/players/c7dfc411/Robert-Dickie-Robert Dickie,
13,Osman Kakay,https://fbref.com/en/players/0aed0751/Osman-Kakay,24,24,sl SLE,RB,23-098,90,72,63,9,1,0,0,4,8,0,0,0,0,56,0,3,https://fbref.com/en/players/0aed0751/Osman-Kakay-Osman Kakay,
14,Seny Dieng,https://fbref.com/en/players/c135cddd/Seny-Dieng,13,13,sn SEN,GK,26-008,90,28,19,9,0,0,0,0,0,0,0,0,0,27,0,0,https://fbref.com/en/players/c135cddd/Seny-Dieng-Seny Dieng,
