,Minute,Player,Squad,xG,PSxG,Outcome,Distance,Body Part,Notes,SCA 1 Player,SCA 1 Event,SCA 2 Player,SCA 2 Event
0,3,Lyndon Dykes,QPR,0.13,,Off Target,7,Head,,Ilias Chair,Pass (Live),Bright Osayi-Samuel,Pass (Live)
1,5,Ádám Nagy,Bristol City,0.39,,Off Target,11,Right Foot,,Chris Martin,Pass (Live),Ádám Nagy,Pass (Live)
2,7,Dominic Ball,QPR,0.03,,Off Target,27,Right Foot,Volley,Chris Willock,Pass (Live),Ilias Chair,Pass (Live)
3,9,Bright Osayi-Samuel,QPR,0.25,0.64,Saved,12,Left Foot,,Yoann Barbet,Pass (Live),Ilias Chair,Pass (Live)
4,12,Robert Dickie,QPR,0.52,0.84,Goal,5,Head,,Chris Willock,Pass (Live),Ilias Chair,Pass (Dead)
5,14,Tomáš Kalas,Bristol City,0.05,,Off Target,10,Head,,Chris Brunt,Pass (Dead),Callum O'Dowda,Pass (Live)
6,21,Bright Osayi-Samuel,QPR,0.08,0.53,Saved,7,Right Foot,,Bright Osayi-Samuel,Take-On,Osman Kakay,Pass (Live)
7,23,Chris Brunt,Bristol City,0.03,,Blocked,28,Left Foot,Volley,Nahki Wells,Pass (Dead),Nahki Wells,Fouled
8,26,Tom Carroll,QPR,0.07,,Blocked,11,Left Foot,Volley,,,,
9,27,Chris Willock,QPR,0.05,,Blocked,12,Right Foot,,Robert Dickie,Pass (Live),Tom Carroll,Shot
10,30,Ilias Chair,QPR,0.06,,Off Target,16,Right Foot,,Bright Osayi-Samuel,Pass (Live),Tom Carroll,Pass (Live)
11,38,Tom Carroll,QPR,0.03,,Blocked,26,Right Foot,,Ilias Chair,Pass (Live),Lyndon Dykes,Pass (Live)
12,40,Nahki Wells,Bristol City,0.81,0.99,Goal,2,Right Foot,,Chris Martin,Pass (Live),Zak Vyner,Pass (Live)
13,41,Lyndon Dykes,QPR,0.38,,Off Target,10,Right Foot,,Osman Kakay,Pass (Live),Ilias Chair,Pass (Live)
14,45,Chris Martin,Bristol City,0.12,0.08,Saved,5,Right Foot,Deflected,Antoine Semenyo,Pass (Live),Jay Dasilva,Pass (Live)
15,45+1,Antoine Semenyo,Bristol City,0.03,,Blocked,30,Left Foot,,Nahki Wells,Pass (Live),Antoine Semenyo,Pass (Live)
16,,,,,,,,,,,,,
17,50,Ádám Nagy,Bristol City,0.41,0.88,Goal,14,Left Foot,Deflected,Ádám Nagy,Take-On,Callum O'Dowda,Pass (Live)
18,55,Chris Willock,QPR,0.03,,Off Target,24,Right Foot,,Tom Carroll,Pass (Live),Lee Wallace,Pass (Live)
19,64,Tomáš Kalas,Bristol City,0.05,,Blocked,8,Head,,Chris Brunt,Pass (Dead),Adrian Mariappa,Pass (Live)
20,70,Chris Martin,Bristol City,0.05,,Blocked,13,Left Foot,,Chris Brunt,Pass (Dead),Callum O'Dowda,Fouled
21,71,Ádám Nagy,Bristol City,0.09,,Off Target,17,Right Foot,,Nahki Wells,Pass (Live),Callum O'Dowda,Pass (Live)
22,74,Antoine Semenyo,Bristol City,0.03,,Off Target,23,Left Foot,,Chris Martin,Pass (Live),Tomáš Kalas,Pass (Live)
23,79,Macauley Bonne,QPR,0.28,,Off Target,10,Right Foot,Volley,Albert Adomah,Pass (Live),Osman Kakay,Pass (Live)
24,85,Nahki Wells,Bristol City,0.06,,Woodwork,27,Right Foot,Free kick,Callum O'Dowda,Fouled,Chris Brunt,Pass (Live)
25,87,Ilias Chair,QPR,0.03,,Blocked,25,Right Foot,,Macauley Bonne,Pass (Live),Ilias Chair,Pass (Live)
26,88,Ilias Chair,QPR,0.03,,Blocked,27,Right Foot,,Tom Carroll,Pass (Live),Bright Osayi-Samuel,Pass (Live)
27,89,Osman Kakay,QPR,0.07,,Blocked,14,Right Foot,,Macauley Bonne,Pass (Live),Yoann Barbet,Pass (Live)
28,89,Albert Adomah,QPR,0.08,,Off Target,10,Right Foot,Volley,Ilias Chair,Pass (Dead),Osman Kakay,Shot
29,90+2,Macauley Bonne,QPR,0.10,,Off Target,8,Head,,Ilias Chair,Pass (Live),Niko Hämäläinen,Pass (Live)
30,90+2,Bright Osayi-Samuel,QPR,0.11,,Blocked,9,Right Foot,Volley,Macauley Bonne,Shot,,
31,90+4,Bright Osayi-Samuel,QPR,0.38,,Off Target,8,Left Foot,,Bright Osayi-Samuel,Take-On,Tom Carroll,Pass (Live)
