season,injury,from,until,days,missed_games
21/22,Calf injury,"Jan 17, 2022","Mar 17, 2022",59 days,10
19/20,Broken collarbone,"Dec 2, 2019","Feb 3, 2020",63 days,9
18/19,Ligament injury,"Feb 17, 2019","Feb 19, 2019",2 days,-
16/17,ankle sprain,"Apr 22, 2017","Apr 24, 2017",2 days,-
16/17,Knee problems,"Mar 5, 2017","Mar 8, 2017",3 days,-
16/17,Knee injury,"Feb 24, 2017","Feb 25, 2017",1 days,-
16/17,Coccyx bruise,"Jan 26, 2017","Feb 3, 2017",8 days,1
15/16,Cruciate ligament tear,"Mar 14, 2016","Sep 14, 2016",184 days,20
