,Player Name,Player Number,Player,#,Nation,Pos,Age,Min,Touches,Def Pen,Def 3rd,Mid 3rd,Att 3rd,Att Pen,Live,Att,Succ,Succ%,Tkld,Tkld%,Carries,TotDist,PrgDist,PrgC,1/3,CPA,Mis,Dis,Rec,PrgR,Player Key,Player Link
0,Opa Nguette,https://fbref.com/en/players/75a63397/Opa-Nguette,11,11,sn SEN,FW,26-116,86,17,0,2,9,6,2,17,0,0,,0,,6,27,19,1,0,0,3,0,17,5,https://fbref.com/en/players/75a63397/Opa-Nguette-Opa Nguette,
1,Aaron Leya Iseka,https://fbref.com/en/players/29ef0f49/Aaron-Leya-Iseka,24,24,be BEL,FW,22-352,4,4,0,1,1,2,0,4,1,0,0.0,1,100.0,2,12,0,0,0,0,0,0,3,1,https://fbref.com/en/players/29ef0f49/Aaron-Leya-Iseka-Aaron Leya Iseka,
2,Warren Tchimbembé,https://fbref.com/en/players/93b8f9f4/Warren-Tchimbembe,12,12,cg CGO,LW,22-194,45,21,0,5,11,5,0,21,0,0,,0,,12,36,13,0,1,0,0,0,15,1,https://fbref.com/en/players/93b8f9f4/Warren-Tchimbembe-Warren Tchimbembé,
3,Mamadou Fofana,https://fbref.com/en/players/4c4ffacc/Mamadou-Fofana,6,6,ml MLI,"CM,LW",22-285,45,19,1,10,9,0,0,19,0,0,,0,,4,17,0,0,0,0,0,0,5,0,https://fbref.com/en/players/4c4ffacc/Mamadou-Fofana-Mamadou Fofana,
4,Lamine Gueye,https://fbref.com/en/players/9d5dcc23/Lamine-Gueye,13,13,sn SEN,"RW,RM",22-233,76,33,1,12,14,7,4,33,0,0,,0,,14,65,24,0,1,0,7,0,15,2,https://fbref.com/en/players/9d5dcc23/Lamine-Gueye-Lamine Gueye,
5,Papa Ndiaga Yade,https://fbref.com/en/players/87e9c7cd/Papa-Ndiaga-Yade,26,26,mr MTN,"LM,RM",20-301,14,9,0,6,3,2,0,9,1,0,0.0,1,100.0,2,44,29,1,1,0,1,0,2,0,https://fbref.com/en/players/87e9c7cd/Papa-Ndiaga-Yade-Papa Ndiaga Yade,
6,Farid Boulaya,https://fbref.com/en/players/a0791826/Farid-Boulaya,10,10,dz ALG,"AM,LM,RM",27-250,81,40,0,10,20,11,3,40,1,1,100.0,0,0.0,24,179,90,3,3,1,5,0,24,4,https://fbref.com/en/players/a0791826/Farid-Boulaya-Farid Boulaya,
7,Vagner Gonçalves,https://fbref.com/en/players/743fd71f/Vagner-Goncalves,27,27,cv CPV,RM,24-296,9,7,0,3,2,2,0,7,0,0,,0,,2,6,0,0,0,0,0,1,3,1,https://fbref.com/en/players/743fd71f/Vagner-Goncalves-Vagner Gonçalves,
8,Habib Maïga,https://fbref.com/en/players/e768de1f/Habib-Maiga,19,19,ci CIV,"DM,CM",24-305,90,37,2,20,19,1,0,37,1,1,100.0,0,0.0,18,85,45,1,1,0,1,3,20,0,https://fbref.com/en/players/e768de1f/Habib-Maiga-Habib Maïga,
9,Victorien Angban,https://fbref.com/en/players/d8992b84/Victorien-Angban,5,5,ci CIV,DM,24-033,45,31,1,10,21,0,0,31,2,1,50.0,1,50.0,20,128,51,2,0,0,1,3,19,1,https://fbref.com/en/players/d8992b84/Victorien-Angban-Victorien Angban,
10,Thomas Delaine,https://fbref.com/en/players/8332db56/Thomas-Delaine,17,17,fr FRA,"LB,DM",28-222,45,16,3,8,3,5,0,16,2,1,50.0,1,50.0,6,112,64,1,2,0,0,0,8,1,https://fbref.com/en/players/8332db56/Thomas-Delaine-Thomas Delaine,
11,Matthieu Udol,https://fbref.com/en/players/cc41f558/Matthieu-Udol,3,3,fr FRA,LB,24-226,43,35,0,13,18,5,0,35,1,1,100.0,0,0.0,20,89,56,2,2,0,2,1,19,2,https://fbref.com/en/players/cc41f558/Matthieu-Udol-Matthieu Udol,
12,Boubakar Kouyaté,https://fbref.com/en/players/562a4799/Boubakar-Kouyate,23,23,ml MLI,CB,23-200,90,50,19,41,9,0,0,50,0,0,,0,,14,60,12,0,0,0,0,0,14,0,https://fbref.com/en/players/562a4799/Boubakar-Kouyate-Boubakar Kouyaté,
13,Dylan Bronn,https://fbref.com/en/players/edd81e2a/Dylan-Bronn,2,2,tn TUN,CB,25-135,90,37,6,24,13,0,0,37,0,0,,0,,16,62,10,0,1,0,0,0,19,0,https://fbref.com/en/players/edd81e2a/Dylan-Bronn-Dylan Bronn,
14,Fabien Centonze,https://fbref.com/en/players/3c6bbbab/Fabien-Centonze,18,18,fr FRA,RB,24-290,90,50,7,24,23,3,0,50,0,0,,0,,17,193,95,4,3,0,2,0,15,1,https://fbref.com/en/players/3c6bbbab/Fabien-Centonze-Fabien Centonze,
15,Alexandre Oukidja,https://fbref.com/en/players/ae7d0ecd/Alexandre-Oukidja,16,16,dz ALG,GK,32-105,90,41,37,41,0,0,0,41,0,0,,0,,17,89,60,0,0,0,0,0,10,0,https://fbref.com/en/players/ae7d0ecd/Alexandre-Oukidja-Alexandre Oukidja,
