,Player Name,Player Number,Player,#,Nation,Pos,Age,Min,Att,Live,Dead,FK,TB,Sw,Crs,TI,CK,In,Out,Str,Cmp,Off,Blocks,Player Key,Player Link
0,Opa Nguette,https://fbref.com/en/players/75a63397/Opa-Nguette,11,11,sn SEN,FW,26-116,86,13,13,0,0,0,0,0,0,0,0,0,0,7,0,0,https://fbref.com/en/players/75a63397/Opa-Nguette-Opa Nguette,
1,Aaron Leya Iseka,https://fbref.com/en/players/29ef0f49/Aaron-Leya-Iseka,24,24,be BEL,FW,22-352,4,2,2,0,0,0,0,0,0,0,0,0,0,2,0,0,https://fbref.com/en/players/29ef0f49/Aaron-Leya-Iseka-Aaron Leya Iseka,
2,Warren Tchimbembé,https://fbref.com/en/players/93b8f9f4/Warren-Tchimbembe,12,12,cg CGO,LW,22-194,45,18,18,0,0,0,0,0,0,0,0,0,0,14,0,1,https://fbref.com/en/players/93b8f9f4/Warren-Tchimbembe-Warren Tchimbembé,
3,Mamadou Fofana,https://fbref.com/en/players/4c4ffacc/Mamadou-Fofana,6,6,ml MLI,"CM,LW",22-285,45,12,12,0,0,0,0,0,0,0,0,0,0,8,0,0,https://fbref.com/en/players/4c4ffacc/Mamadou-Fofana-Mamadou Fofana,
4,Lamine Gueye,https://fbref.com/en/players/9d5dcc23/Lamine-Gueye,13,13,sn SEN,"RW,RM",22-233,76,16,15,1,0,0,0,0,1,0,0,0,0,13,0,0,https://fbref.com/en/players/9d5dcc23/Lamine-Gueye-Lamine Gueye,
5,Papa Ndiaga Yade,https://fbref.com/en/players/87e9c7cd/Papa-Ndiaga-Yade,26,26,mr MTN,"LM,RM",20-301,14,2,2,0,0,0,0,0,0,0,0,0,0,1,0,0,https://fbref.com/en/players/87e9c7cd/Papa-Ndiaga-Yade-Papa Ndiaga Yade,
6,Farid Boulaya,https://fbref.com/en/players/a0791826/Farid-Boulaya,10,10,dz ALG,"AM,LM,RM",27-250,81,29,27,2,0,0,1,3,0,1,0,1,0,20,0,1,https://fbref.com/en/players/a0791826/Farid-Boulaya-Farid Boulaya,
7,Vagner Gonçalves,https://fbref.com/en/players/743fd71f/Vagner-Goncalves,27,27,cv CPV,RM,24-296,9,4,3,1,1,0,0,0,0,0,0,0,0,3,0,0,https://fbref.com/en/players/743fd71f/Vagner-Goncalves-Vagner Gonçalves,
8,Habib Maïga,https://fbref.com/en/players/e768de1f/Habib-Maiga,19,19,ci CIV,"DM,CM",24-305,90,29,28,0,0,1,0,0,0,0,0,0,0,19,1,0,https://fbref.com/en/players/e768de1f/Habib-Maiga-Habib Maïga,
9,Victorien Angban,https://fbref.com/en/players/d8992b84/Victorien-Angban,5,5,ci CIV,DM,24-033,45,24,23,1,1,0,0,0,0,0,0,0,0,21,0,0,https://fbref.com/en/players/d8992b84/Victorien-Angban-Victorien Angban,
10,Thomas Delaine,https://fbref.com/en/players/8332db56/Thomas-Delaine,17,17,fr FRA,"LB,DM",28-222,45,10,8,2,0,0,0,1,2,0,0,0,0,3,0,0,https://fbref.com/en/players/8332db56/Thomas-Delaine-Thomas Delaine,
11,Matthieu Udol,https://fbref.com/en/players/cc41f558/Matthieu-Udol,3,3,fr FRA,LB,24-226,43,29,23,6,1,0,0,3,5,0,0,0,0,21,0,0,https://fbref.com/en/players/cc41f558/Matthieu-Udol-Matthieu Udol,
12,Boubakar Kouyaté,https://fbref.com/en/players/562a4799/Boubakar-Kouyate,23,23,ml MLI,CB,23-200,90,26,26,0,0,0,0,0,0,0,0,0,0,19,0,0,https://fbref.com/en/players/562a4799/Boubakar-Kouyate-Boubakar Kouyaté,
13,Dylan Bronn,https://fbref.com/en/players/edd81e2a/Dylan-Bronn,2,2,tn TUN,CB,25-135,90,30,28,2,2,0,0,0,0,0,0,0,0,18,0,1,https://fbref.com/en/players/edd81e2a/Dylan-Bronn-Dylan Bronn,
14,Fabien Centonze,https://fbref.com/en/players/3c6bbbab/Fabien-Centonze,18,18,fr FRA,RB,24-290,90,32,23,9,1,0,0,2,8,0,0,0,0,22,0,0,https://fbref.com/en/players/3c6bbbab/Fabien-Centonze-Fabien Centonze,
15,Alexandre Oukidja,https://fbref.com/en/players/ae7d0ecd/Alexandre-Oukidja,16,16,dz ALG,GK,32-105,90,39,20,19,5,0,0,0,0,0,0,0,0,18,0,0,https://fbref.com/en/players/ae7d0ecd/Alexandre-Oukidja-Alexandre Oukidja,
