,Player Name,Player Number,Player,#,Nation,Pos,Age,Min,Tkl,TklW,Def 3rd,Mid 3rd,Att 3rd,Tkl,Att,Tkl%,Lost,Blocks,Sh,Pass,Int,Tkl+Int,Clr,Err,Player Key,Player Link
0,Moussa Koné,https://fbref.com/en/players/3ef68782/Moussa-Kone,28,28,sn SEN,FW,23-307,66,1,0,0,1,0,0,2,0.0,2,0,0,0,0,1,0,0,https://fbref.com/en/players/3ef68782/Moussa-Kone-Moussa Koné,
1,Karim Aribi,https://fbref.com/en/players/08534272/Karim-Aribi,13,13,dz ALG,FW,26-130,24,1,1,0,0,1,0,0,,0,0,0,0,0,1,0,0,https://fbref.com/en/players/08534272/Karim-Aribi-Karim Aribi,
2,Nolan Roux,https://fbref.com/en/players/3071a619/Nolan-Roux,25,25,fr FRA,FW,32-245,66,1,0,0,1,0,0,0,,0,0,0,0,1,2,1,0,https://fbref.com/en/players/3071a619/Nolan-Roux-Nolan Roux,
3,Marco Majouga,https://fbref.com/en/players/a27ecdc2/Marco-Majouga,33,33,cf CTA,FW,19-176,24,0,0,0,0,0,0,0,,0,0,0,0,0,0,0,0,https://fbref.com/en/players/a27ecdc2/Marco-Majouga-Marco Majouga,
4,Niclas Eliasson,https://fbref.com/en/players/0033fb1b/Niclas-Eliasson,7,7,se SWE,LM,24-330,90,0,0,0,0,0,0,0,,0,1,0,1,0,0,0,0,https://fbref.com/en/players/0033fb1b/Niclas-Eliasson-Niclas Eliasson,
5,Lamine Fomba,https://fbref.com/en/players/2145368f/Lamine-Fomba,12,12,fr FRA,CM,22-280,45,1,1,0,0,1,0,0,,0,1,0,1,0,1,0,0,https://fbref.com/en/players/2145368f/Lamine-Fomba-Lamine Fomba,
6,Yassine Benrahou,https://fbref.com/en/players/fbf76716/Yassine-Benrahou,22,22,fr FRA,CM,21-282,45,2,2,1,1,0,0,0,,0,0,0,0,0,2,0,0,https://fbref.com/en/players/fbf76716/Yassine-Benrahou-Yassine Benrahou,
7,Lucas Deaux,https://fbref.com/en/players/44f8c299/Lucas-Deaux,8,8,fr FRA,CM,31-311,90,1,1,0,1,0,0,0,,0,0,0,0,0,1,0,0,https://fbref.com/en/players/44f8c299/Lucas-Deaux-Lucas Deaux,
8,Renaud Ripart,https://fbref.com/en/players/beae3a73/Renaud-Ripart,20,20,fr FRA,RM,27-232,90,2,2,0,1,1,1,2,50.0,1,1,1,0,0,2,0,0,https://fbref.com/en/players/beae3a73/Renaud-Ripart-Renaud Ripart,
9,Florian Miguel,https://fbref.com/en/players/b66d1d8a/Florian-Miguel,26,26,fr FRA,LB,24-061,90,1,1,1,0,0,1,2,50.0,1,0,0,0,5,6,1,0,https://fbref.com/en/players/b66d1d8a/Florian-Miguel-Florian Miguel,
10,Pablo Martinez,https://fbref.com/en/players/1ad8cb67/Pablo-Martinez,4,4,fr FRA,CB,31-254,66,0,0,0,0,0,0,0,,0,1,1,0,0,0,2,0,https://fbref.com/en/players/1ad8cb67/Pablo-Martinez-Pablo Martinez,
11,Kévin Denkey,https://fbref.com/en/players/0d3585b5/Kevin-Denkey,27,27,tg TOG,CB,19-337,24,0,0,0,0,0,0,0,,0,0,0,0,0,0,0,0,https://fbref.com/en/players/0d3585b5/Kevin-Denkey-Kévin Denkey,
12,Anthony Briançon,https://fbref.com/en/players/16324e1d/Anthony-Briancon,23,23,fr FRA,CB,25-339,90,0,0,0,0,0,0,0,,0,0,0,0,3,3,2,0,https://fbref.com/en/players/16324e1d/Anthony-Briancon-Anthony Briançon,
13,Patrick Burner,https://fbref.com/en/players/8746d5d0/Patrick-Burner,21,21,mq MTQ,RB,24-204,90,2,0,1,1,0,2,3,66.7,1,0,0,0,0,2,2,0,https://fbref.com/en/players/8746d5d0/Patrick-Burner-Patrick Burner,
14,Baptiste Reynet,https://fbref.com/en/players/bcf1b2e9/Baptiste-Reynet,30,30,fr FRA,GK,30-004,90,0,0,0,0,0,0,0,,0,0,0,0,0,0,0,0,https://fbref.com/en/players/bcf1b2e9/Baptiste-Reynet-Baptiste Reynet,
