,Player Name,Player Number,Player,#,Nation,Pos,Age,Min,Touches,Def Pen,Def 3rd,Mid 3rd,Att 3rd,Att Pen,Live,Att,Succ,Succ%,Tkld,Tkld%,Carries,TotDist,PrgDist,PrgC,1/3,CPA,Mis,Dis,Rec,PrgR,Player Key,Player Link
0,Moussa Koné,https://fbref.com/en/players/3ef68782/Moussa-Kone,28,28,sn SEN,FW,23-307,66,21,0,0,11,10,1,21,1,0,0.0,1,100.0,11,87,30,2,2,1,2,3,17,2,https://fbref.com/en/players/3ef68782/Moussa-Kone-Moussa Koné,
1,Karim Aribi,https://fbref.com/en/players/08534272/Karim-Aribi,13,13,dz ALG,FW,26-130,24,14,0,0,2,13,7,14,1,0,0.0,1,100.0,5,7,0,0,0,0,1,0,9,3,https://fbref.com/en/players/08534272/Karim-Aribi-Karim Aribi,
2,Nolan Roux,https://fbref.com/en/players/3071a619/Nolan-Roux,25,25,fr FRA,FW,32-245,66,11,1,1,7,3,0,11,0,0,,0,,5,15,3,0,0,0,0,3,8,1,https://fbref.com/en/players/3071a619/Nolan-Roux-Nolan Roux,
3,Marco Majouga,https://fbref.com/en/players/a27ecdc2/Marco-Majouga,33,33,cf CTA,FW,19-176,24,13,0,0,1,12,1,13,0,0,,0,,6,45,27,1,0,0,0,0,7,1,https://fbref.com/en/players/a27ecdc2/Marco-Majouga-Marco Majouga,
4,Niclas Eliasson,https://fbref.com/en/players/0033fb1b/Niclas-Eliasson,7,7,se SWE,LM,24-330,90,58,0,3,20,37,2,58,1,1,100.0,0,0.0,36,160,89,1,3,0,1,1,40,17,https://fbref.com/en/players/0033fb1b/Niclas-Eliasson-Niclas Eliasson,
5,Lamine Fomba,https://fbref.com/en/players/2145368f/Lamine-Fomba,12,12,fr FRA,CM,22-280,45,19,0,1,13,5,0,19,0,0,,0,,11,43,6,0,0,0,1,3,14,1,https://fbref.com/en/players/2145368f/Lamine-Fomba-Lamine Fomba,
6,Yassine Benrahou,https://fbref.com/en/players/fbf76716/Yassine-Benrahou,22,22,fr FRA,CM,21-282,45,56,0,3,36,17,0,56,0,0,,0,,40,252,142,3,4,0,1,2,49,3,https://fbref.com/en/players/fbf76716/Yassine-Benrahou-Yassine Benrahou,
7,Lucas Deaux,https://fbref.com/en/players/44f8c299/Lucas-Deaux,8,8,fr FRA,CM,31-311,90,96,0,8,68,20,0,96,1,1,100.0,0,0.0,65,226,107,1,0,0,1,2,71,10,https://fbref.com/en/players/44f8c299/Lucas-Deaux-Lucas Deaux,
8,Renaud Ripart,https://fbref.com/en/players/beae3a73/Renaud-Ripart,20,20,fr FRA,RM,27-232,90,66,1,3,29,34,1,66,1,0,0.0,1,100.0,41,93,34,1,1,0,2,3,57,16,https://fbref.com/en/players/beae3a73/Renaud-Ripart-Renaud Ripart,
9,Florian Miguel,https://fbref.com/en/players/b66d1d8a/Florian-Miguel,26,26,fr FRA,LB,24-061,90,74,2,23,33,18,2,74,1,1,100.0,0,0.0,27,138,68,1,0,0,2,0,28,2,https://fbref.com/en/players/b66d1d8a/Florian-Miguel-Florian Miguel,
10,Pablo Martinez,https://fbref.com/en/players/1ad8cb67/Pablo-Martinez,4,4,fr FRA,CB,31-254,66,62,1,28,34,0,0,62,0,0,,0,,47,181,123,1,0,0,0,0,47,0,https://fbref.com/en/players/1ad8cb67/Pablo-Martinez-Pablo Martinez,
11,Kévin Denkey,https://fbref.com/en/players/0d3585b5/Kevin-Denkey,27,27,tg TOG,CB,19-337,24,9,0,1,2,6,3,9,0,0,,0,,6,17,9,0,0,0,1,0,8,3,https://fbref.com/en/players/0d3585b5/Kevin-Denkey-Kévin Denkey,
12,Anthony Briançon,https://fbref.com/en/players/16324e1d/Anthony-Briancon,23,23,fr FRA,CB,25-339,90,101,2,49,50,2,0,101,0,0,,0,,72,367,220,3,0,0,0,0,76,0,https://fbref.com/en/players/16324e1d/Anthony-Briancon-Anthony Briançon,
13,Patrick Burner,https://fbref.com/en/players/8746d5d0/Patrick-Burner,21,21,mq MTQ,RB,24-204,90,88,3,16,51,21,0,88,2,1,50.0,1,50.0,45,169,104,2,1,0,0,0,58,8,https://fbref.com/en/players/8746d5d0/Patrick-Burner-Patrick Burner,
14,Baptiste Reynet,https://fbref.com/en/players/bcf1b2e9/Baptiste-Reynet,30,30,fr FRA,GK,30-004,90,40,26,38,2,0,0,40,0,0,,0,,26,158,91,0,0,0,0,0,20,0,https://fbref.com/en/players/bcf1b2e9/Baptiste-Reynet-Baptiste Reynet,
