,Minute,Player,Squad,xG,PSxG,Outcome,Distance,Body Part,Notes,SCA 1 Player,SCA 1 Event,SCA 2 Player,SCA 2 Event
0,2,Farid Boulaya,Metz,0.07,,Blocked,25,Right Foot,Free kick,Farid Boulaya,Fouled,Matthieu Udol,Pass (Live)
1,4,Warren Tchimbembé,Metz,0.03,0.02,Saved,28,Right Foot,,Farid Boulaya,Pass (Live),Warren Tchimbembé,Pass (Live)
2,11,Florian Miguel,Nîmes,0.05,,Off Target,13,Right Foot,Volley,Renaud Ripart,Pass (Live),Niclas Eliasson,Pass (Dead)
3,15,Lamine Gueye,Metz,0.48,0.83,Goal,4,Left Foot,,,,,
4,18,Lamine Gueye,Metz,0.07,,Off Target,16,Right Foot,,Opa Nguette,Pass (Live),Fabien Centonze,Pass (Live)
5,19,Warren Tchimbembé,Metz,0.03,,Blocked,31,Left Foot,,,,,
6,24,Anthony Briançon,Nîmes,0.02,,Blocked,34,Right Foot,,Lucas Deaux,Pass (Live),,
7,45+2,Renaud Ripart,Nîmes,0.04,,Blocked,22,Right Foot,,Moussa Koné,Pass (Live),Anthony Briançon,Pass (Live)
8,,,,,,,,,,,,,
9,46,Nolan Roux,Nîmes,0.04,,Off Target,22,Left Foot,,Renaud Ripart,Pass (Live),Lucas Deaux,Pass (Live)
10,51,Renaud Ripart,Nîmes,0.06,,Blocked,20,Left Foot,,Florian Miguel,Pass (Live),Pablo Martinez,Pass (Live)
11,51,Renaud Ripart,Nîmes,0.05,,Off Target,21,Left Foot,Volley,Renaud Ripart,Shot,,
12,56,Farid Boulaya,Metz,0.06,0.19,Saved,25,Right Foot,Free kick,Opa Nguette,Fouled,Farid Boulaya,Pass (Live)
13,67,Farid Boulaya,Metz,0.06,0.07,Saved,17,Right Foot,,Farid Boulaya,Take-On,Opa Nguette,Pass (Live)
14,68,Lamine Gueye,Metz,0.05,0.07,Saved,14,Right Foot,,Farid Boulaya,Shot,,
15,70,Yassine Benrahou,Nîmes,0.03,,Blocked,33,Left Foot,,Patrick Burner,Pass (Live),Lucas Deaux,Pass (Live)
16,73,Karim Aribi,Nîmes,0.05,,Blocked,10,Head,,Patrick Burner,Pass (Live),Anthony Briançon,Pass (Live)
17,74,Marco Majouga,Nîmes,0.03,,Blocked,31,Right Foot,,,,,
18,74,Karim Aribi,Nîmes,0.06,0.08,Saved,18,Right Foot,,Marco Majouga,Shot,,
19,81,Lucas Deaux,Nîmes,0.02,,Off Target,33,Right Foot,,Niclas Eliasson,Take-On,Patrick Burner,Pass (Live)
20,83,Karim Aribi,Nîmes,0.19,,Off Target,8,Right Foot,Volley,Niclas Eliasson,Pass (Live),Renaud Ripart,Pass (Dead)
21,86,Karim Aribi,Nîmes,0.05,,Off Target,12,Head,,Niclas Eliasson,Pass (Live),Renaud Ripart,Pass (Live)
22,90+2,Karim Aribi,Nîmes,0.07,0.17,Saved,9,Head,,Niclas Eliasson,Pass (Live),Yassine Benrahou,Pass (Live)
23,90+3,Marco Majouga,Nîmes,0.04,,Off Target,21,Right Foot,Volley,Karim Aribi,Shot,,
24,90+5,Kévin Denkey,Nîmes,0.14,,Off Target,9,Head,,Yassine Benrahou,Pass (Dead),Renaud Ripart,Fouled
