,Player Name,Player Number,Player,#,Nation,Pos,Age,Min,CrdY,CrdR,2CrdY,Fls,Fld,Off,Crs,Int,TklW,PKwon,PKcon,OG,Recov,Won,Lost,Won%,Player Key,Player Link
0,Famara Diedhiou,https://fbref.com/en/players/e447352c/Famara-Diedhiou,9,9,sn SEN,FW,28-081,90,1,0,0,3,2,0,0,0,0,0,0,0,0,11,8,57.9,https://fbref.com/en/players/e447352c/Famara-Diedhiou-Famara Diedhiou,
1,Nahki Wells,https://fbref.com/en/players/b070482d/Nahki-Wells,21,21,bm BER,"FW,LM",30-278,90,0,0,0,1,4,0,3,0,1,0,0,0,5,0,0,,https://fbref.com/en/players/b070482d/Nahki-Wells-Nahki Wells,
2,Ádám Nagy,https://fbref.com/en/players/788b31e2/Adam-Nagy,4,4,hu HUN,CM,25-262,30,0,0,0,1,0,0,0,0,0,0,0,0,1,0,0,,https://fbref.com/en/players/788b31e2/Adam-Nagy-Ádám Nagy,
3,Henri Lansbury,https://fbref.com/en/players/fe8e6fa1/Henri-Lansbury,17,17,eng ENG,CM,30-145,60,1,0,0,3,1,0,0,2,2,0,0,0,2,1,1,50.0,https://fbref.com/en/players/fe8e6fa1/Henri-Lansbury-Henri Lansbury,
4,Tyreeq Bakinson,https://fbref.com/en/players/f918369c/Tyreeq-Bakinson,30,30,eng ENG,CM,22-147,22,0,0,0,0,0,0,0,0,0,0,0,0,1,0,0,,https://fbref.com/en/players/f918369c/Tyreeq-Bakinson-Tyreeq Bakinson,
5,Antoine Semenyo,https://fbref.com/en/players/efd2ec23/Antoine-Semenyo,18,18,gh GHA,"LM,RM,CM",21-058,68,0,0,0,0,1,0,2,0,0,0,0,0,6,0,0,,https://fbref.com/en/players/efd2ec23/Antoine-Semenyo-Antoine Semenyo,
6,Kasey Palmer,https://fbref.com/en/players/453f566a/Kasey-Palmer,45,45,jm JAM,"CM,RM",24-117,90,0,0,0,2,0,0,4,0,1,0,0,0,6,1,1,50.0,https://fbref.com/en/players/453f566a/Kasey-Palmer-Kasey Palmer,
7,Zak Vyner,https://fbref.com/en/players/a8fe5a96/Zak-Vyner,26,26,ke KEN,DM,23-296,36,0,0,0,0,1,0,1,2,0,0,0,0,1,0,1,0.0,https://fbref.com/en/players/a8fe5a96/Zak-Vyner-Zak Vyner,
8,Sam Pearson,https://fbref.com/en/players/8ade0e46/Sam-Pearson,28,28,wls WAL,"RM,DM",19-131,54,0,0,0,0,1,0,0,0,1,0,0,0,7,0,1,0.0,https://fbref.com/en/players/8ade0e46/Sam-Pearson-Sam Pearson,
9,Steven Sessegnon,https://fbref.com/en/players/4e229bf9/Steven-Sessegnon,43,43,eng ENG,LB,20-292,90,0,0,0,0,3,0,2,0,0,0,0,0,6,1,1,50.0,https://fbref.com/en/players/4e229bf9/Steven-Sessegnon-Steven Sessegnon,
10,Tomáš Kalas,https://fbref.com/en/players/df618867/Tomas-Kalas,22,22,cz CZE,CB,27-295,90,0,0,0,0,0,0,1,1,1,0,0,0,6,1,1,50.0,https://fbref.com/en/players/df618867/Tomas-Kalas-Tomáš Kalas,
11,Adrian Mariappa,https://fbref.com/en/players/8aa5f52c/Adrian-Mariappa,19,19,jm JAM,CB,34-154,90,0,0,0,0,0,0,0,1,0,0,0,0,1,2,1,66.7,https://fbref.com/en/players/8aa5f52c/Adrian-Mariappa-Adrian Mariappa,
12,Jack Hunt,https://fbref.com/en/players/60af9352/Jack-Hunt,2,2,eng ENG,RB,30-090,90,0,0,0,0,1,0,0,0,1,0,0,0,2,0,1,0.0,https://fbref.com/en/players/60af9352/Jack-Hunt-Jack Hunt,
13,Daniel Bentley,https://fbref.com/en/players/68db6358/Daniel-Bentley,1,1,eng ENG,GK,27-236,90,0,0,0,0,1,0,0,0,0,0,0,0,0,0,0,,https://fbref.com/en/players/68db6358/Daniel-Bentley-Daniel Bentley,
