,Player Name,Player Number,Player,#,Nation,Pos,Age,Min,Touches,Def Pen,Def 3rd,Mid 3rd,Att 3rd,Att Pen,Live,Att,Succ,Succ%,Tkld,Tkld%,Carries,TotDist,PrgDist,PrgC,1/3,CPA,Mis,Dis,Rec,PrgR,Player Key,Player Link
0,Famara Diedhiou,https://fbref.com/en/players/e447352c/Famara-Diedhiou,9,9,sn SEN,FW,28-081,90,37,3,4,19,15,3,37,2,0,0.0,2,100.0,14,28,2,0,2,1,6,0,26,3,https://fbref.com/en/players/e447352c/Famara-Diedhiou-Famara Diedhiou,
1,Nahki Wells,https://fbref.com/en/players/b070482d/Nahki-Wells,21,21,bm BER,"FW,LM",30-278,90,33,0,2,7,24,3,33,1,0,0.0,1,100.0,22,90,26,2,0,1,2,3,25,3,https://fbref.com/en/players/b070482d/Nahki-Wells-Nahki Wells,
2,Ádám Nagy,https://fbref.com/en/players/788b31e2/Adam-Nagy,4,4,hu HUN,CM,25-262,30,10,1,5,4,1,0,10,0,0,,0,,4,8,0,0,0,0,1,1,6,0,https://fbref.com/en/players/788b31e2/Adam-Nagy-Ádám Nagy,
3,Henri Lansbury,https://fbref.com/en/players/fe8e6fa1/Henri-Lansbury,17,17,eng ENG,CM,30-145,60,41,4,10,27,5,0,41,0,0,,0,,16,52,23,0,0,0,1,0,20,0,https://fbref.com/en/players/fe8e6fa1/Henri-Lansbury-Henri Lansbury,
4,Tyreeq Bakinson,https://fbref.com/en/players/f918369c/Tyreeq-Bakinson,30,30,eng ENG,CM,22-147,22,8,0,1,5,2,0,8,1,0,0.0,1,100.0,4,20,0,0,0,0,3,0,4,0,https://fbref.com/en/players/f918369c/Tyreeq-Bakinson-Tyreeq Bakinson,
5,Antoine Semenyo,https://fbref.com/en/players/efd2ec23/Antoine-Semenyo,18,18,gh GHA,"LM,RM,CM",21-058,68,28,0,6,10,13,3,28,1,0,0.0,1,100.0,21,184,89,4,2,2,2,0,22,5,https://fbref.com/en/players/efd2ec23/Antoine-Semenyo-Antoine Semenyo,
6,Kasey Palmer,https://fbref.com/en/players/453f566a/Kasey-Palmer,45,45,jm JAM,"CM,RM",24-117,90,69,0,4,46,20,0,69,9,6,66.7,3,33.3,40,286,113,3,2,0,1,2,42,2,https://fbref.com/en/players/453f566a/Kasey-Palmer-Kasey Palmer,
7,Zak Vyner,https://fbref.com/en/players/a8fe5a96/Zak-Vyner,26,26,ke KEN,DM,23-296,36,21,0,5,11,5,2,21,0,0,,0,,18,91,43,1,1,0,1,0,17,1,https://fbref.com/en/players/a8fe5a96/Zak-Vyner-Zak Vyner,
8,Sam Pearson,https://fbref.com/en/players/8ade0e46/Sam-Pearson,28,28,wls WAL,"RM,DM",19-131,54,28,2,6,14,8,1,28,2,1,50.0,1,50.0,17,32,9,0,0,0,2,0,16,2,https://fbref.com/en/players/8ade0e46/Sam-Pearson-Sam Pearson,
9,Steven Sessegnon,https://fbref.com/en/players/4e229bf9/Steven-Sessegnon,43,43,eng ENG,LB,20-292,90,79,3,25,39,17,1,79,1,1,100.0,0,0.0,35,155,68,2,4,0,1,1,43,1,https://fbref.com/en/players/4e229bf9/Steven-Sessegnon-Steven Sessegnon,
10,Tomáš Kalas,https://fbref.com/en/players/df618867/Tomas-Kalas,22,22,cz CZE,CB,27-295,90,63,8,38,21,4,1,63,0,0,,0,,30,149,50,0,0,0,0,0,40,1,https://fbref.com/en/players/df618867/Tomas-Kalas-Tomáš Kalas,
11,Adrian Mariappa,https://fbref.com/en/players/8aa5f52c/Adrian-Mariappa,19,19,jm JAM,CB,34-154,90,43,9,29,14,0,0,43,0,0,,0,,25,86,30,0,0,0,0,0,32,0,https://fbref.com/en/players/8aa5f52c/Adrian-Mariappa-Adrian Mariappa,
12,Jack Hunt,https://fbref.com/en/players/60af9352/Jack-Hunt,2,2,eng ENG,RB,30-090,90,61,1,19,29,13,1,61,2,1,50.0,1,50.0,33,150,85,2,0,0,2,0,37,2,https://fbref.com/en/players/60af9352/Jack-Hunt-Jack Hunt,
13,Daniel Bentley,https://fbref.com/en/players/68db6358/Daniel-Bentley,1,1,eng ENG,GK,27-236,90,38,31,38,0,0,0,38,0,0,,0,,23,149,94,0,0,0,0,0,15,0,https://fbref.com/en/players/68db6358/Daniel-Bentley-Daniel Bentley,
