,Player Name,Player Number,Player,#,Nation,Pos,Age,Min,CrdY,CrdR,2CrdY,Fls,Fld,Off,Crs,Int,TklW,PKwon,PKcon,OG,Recov,Won,Lost,Won%,Player Key,Player Link
0,Charlie Austin,https://fbref.com/en/players/8d228291/Charlie-Austin,45,45,eng ENG,FW,31-244,74,0,0,0,2,1,0,0,1,0,0,0,0,7,1,0,100.0,https://fbref.com/en/players/8d228291/Charlie-Austin-Charlie Austin,
1,Macauley Bonne,https://fbref.com/en/players/9ca8b21c/Macauley-Bonne,7,7,zw ZIM,FW,25-131,16,0,0,0,0,1,0,0,0,0,0,0,0,2,1,2,33.3,https://fbref.com/en/players/9ca8b21c/Macauley-Bonne-Macauley Bonne,
2,Ilias Chair,https://fbref.com/en/players/ad7873cb/Ilias-Chair,10,10,ma MAR,AM,23-127,80,0,0,0,0,1,0,6,0,1,0,0,0,2,1,1,50.0,https://fbref.com/en/players/ad7873cb/Ilias-Chair-Ilias Chair,
3,George Thomas,https://fbref.com/en/players/7ef24097/George-Thomas,19,19,wls WAL,AM,23-347,10,0,0,0,0,0,0,0,0,0,0,0,0,1,0,0,,https://fbref.com/en/players/7ef24097/George-Thomas-George Thomas,
4,Chris Willock,https://fbref.com/en/players/be0bd828/Chris-Willock,21,21,eng ENG,AM,23-034,81,0,0,0,1,0,0,2,0,0,0,0,0,3,1,1,50.0,https://fbref.com/en/players/be0bd828/Chris-Willock-Chris Willock,
5,Albert Adomah,https://fbref.com/en/players/c7174e81/Albert-Adomah,37,37,gh GHA,AM,33-083,9,0,0,0,1,0,0,0,0,0,0,0,0,1,0,0,,https://fbref.com/en/players/c7174e81/Albert-Adomah-Albert Adomah,
6,Sam Field,https://fbref.com/en/players/bd8a7d05/Sam-Field,15,15,eng ENG,CM,22-302,74,0,0,0,3,1,0,0,3,1,0,0,0,8,0,1,0.0,https://fbref.com/en/players/bd8a7d05/Sam-Field-Sam Field,
7,Dominic Ball,https://fbref.com/en/players/79d61875/Dominic-Ball,12,12,eng ENG,CM,25-216,16,1,0,0,1,0,0,0,0,0,0,0,0,1,0,0,,https://fbref.com/en/players/79d61875/Dominic-Ball-Dominic Ball,
8,Stefan Johansen,https://fbref.com/en/players/a48da055/Stefan-Johansen,14,14,no NOR,CM,30-057,90,0,0,0,0,1,0,3,2,1,0,0,0,7,0,1,0.0,https://fbref.com/en/players/a48da055/Stefan-Johansen-Stefan Johansen,
9,Lee Wallace,https://fbref.com/en/players/c3a396e2/Lee-Wallace,3,3,sct SCO,WB,33-217,90,0,0,0,0,1,0,2,1,1,0,0,0,5,1,2,33.3,https://fbref.com/en/players/c3a396e2/Lee-Wallace-Lee Wallace,
10,Todd Kane,https://fbref.com/en/players/dd082c59/Todd-Kane,2,2,eng ENG,WB,27-170,90,0,0,0,1,0,0,3,1,0,0,0,0,2,1,2,33.3,https://fbref.com/en/players/dd082c59/Todd-Kane-Todd Kane,
11,Yoann Barbet,https://fbref.com/en/players/c52bbd2c/Yoann-Barbet,6,6,fr FRA,CB,27-300,90,0,0,0,0,1,0,1,0,0,0,0,0,5,0,0,,https://fbref.com/en/players/c52bbd2c/Yoann-Barbet-Yoann Barbet,
12,Jordy de Wijs,https://fbref.com/en/players/3bb5b5d2/Jordy-de-Wijs,5,5,nl NED,CB,26-057,62,0,0,0,2,1,0,0,2,1,0,0,0,2,3,1,75.0,https://fbref.com/en/players/3bb5b5d2/Jordy-de-Wijs-Jordy de Wijs,
13,Osman Kakay,https://fbref.com/en/players/0aed0751/Osman-Kakay,24,24,sl SLE,CB,23-193,28,1,0,0,1,0,0,0,1,0,0,0,0,1,0,0,,https://fbref.com/en/players/0aed0751/Osman-Kakay-Osman Kakay,
14,Robert Dickie,https://fbref.com/en/players/c7dfc411/Robert-Dickie,4,4,eng ENG,CB,25-003,90,1,0,0,3,2,0,0,1,3,0,0,0,3,7,6,53.8,https://fbref.com/en/players/c7dfc411/Robert-Dickie-Robert Dickie,
15,Seny Dieng,https://fbref.com/en/players/c135cddd/Seny-Dieng,13,13,sn SEN,GK,26-103,90,0,0,0,0,0,0,0,0,0,0,0,0,0,0,0,,https://fbref.com/en/players/c135cddd/Seny-Dieng-Seny Dieng,
