,Player Name,Player Number,Player,#,Nation,Pos,Age,Min,Gls,Ast,PK,PKatt,Sh,SoT,CrdY,CrdR,Touches,Tkl,Int,Blocks,xG,npxG,xAG,SCA,GCA,Cmp,Att,Cmp%,PrgP,Carries,PrgC,Att,Succ,Player Key,Player Link
0,Charlie Austin,https://fbref.com/en/players/8d228291/Charlie-Austin,45,45,eng ENG,FW,31-244,74,0,0,0,0,2,0,0,0,37,1,1,1,0.1,0.1,0.0,1,0,21,25,84.0,5,22,0,5,3,https://fbref.com/en/players/8d228291/Charlie-Austin-Charlie Austin,
1,Macauley Bonne,https://fbref.com/en/players/9ca8b21c/Macauley-Bonne,7,7,zw ZIM,FW,25-131,16,0,0,0,0,1,1,0,0,6,0,0,0,0.1,0.1,0.0,0,0,3,4,75.0,0,2,2,0,0,https://fbref.com/en/players/9ca8b21c/Macauley-Bonne-Macauley Bonne,
2,Ilias Chair,https://fbref.com/en/players/ad7873cb/Ilias-Chair,10,10,ma MAR,AM,23-127,80,1,0,0,0,4,2,0,0,46,1,0,0,0.5,0.5,0.1,4,0,29,35,82.9,5,23,2,3,3,https://fbref.com/en/players/ad7873cb/Ilias-Chair-Ilias Chair,
3,George Thomas,https://fbref.com/en/players/7ef24097/George-Thomas,19,19,wls WAL,AM,23-347,10,0,0,0,0,0,0,0,0,1,0,0,0,0.0,0.0,0.0,0,0,1,1,100.0,0,1,0,0,0,https://fbref.com/en/players/7ef24097/George-Thomas-George Thomas,
4,Chris Willock,https://fbref.com/en/players/be0bd828/Chris-Willock,21,21,eng ENG,AM,23-034,81,0,0,0,0,0,0,0,0,40,3,0,0,0.0,0.0,0.1,6,1,29,35,82.9,7,23,2,3,3,https://fbref.com/en/players/be0bd828/Chris-Willock-Chris Willock,
5,Albert Adomah,https://fbref.com/en/players/c7174e81/Albert-Adomah,37,37,gh GHA,AM,33-083,9,0,0,0,0,0,0,0,0,9,0,0,0,0.0,0.0,0.1,1,0,4,5,80.0,1,7,2,0,0,https://fbref.com/en/players/c7174e81/Albert-Adomah-Albert Adomah,
6,Sam Field,https://fbref.com/en/players/bd8a7d05/Sam-Field,15,15,eng ENG,CM,22-302,74,0,0,0,0,0,0,0,0,53,2,3,1,0.0,0.0,0.1,3,0,38,43,88.4,3,24,0,0,0,https://fbref.com/en/players/bd8a7d05/Sam-Field-Sam Field,
7,Dominic Ball,https://fbref.com/en/players/79d61875/Dominic-Ball,12,12,eng ENG,CM,25-216,16,0,0,0,0,1,0,1,0,11,0,0,0,0.0,0.0,0.0,0,0,6,9,66.7,1,10,1,0,0,https://fbref.com/en/players/79d61875/Dominic-Ball-Dominic Ball,
8,Stefan Johansen,https://fbref.com/en/players/a48da055/Stefan-Johansen,14,14,no NOR,CM,30-057,90,0,0,0,0,2,0,0,0,79,3,2,1,0.2,0.2,0.3,5,0,57,65,87.7,8,37,1,1,0,https://fbref.com/en/players/a48da055/Stefan-Johansen-Stefan Johansen,
9,Lee Wallace,https://fbref.com/en/players/c3a396e2/Lee-Wallace,3,3,sct SCO,WB,33-217,90,0,0,0,0,1,0,0,0,60,1,1,1,0.0,0.0,0.1,1,0,43,53,81.1,3,31,3,0,0,https://fbref.com/en/players/c3a396e2/Lee-Wallace-Lee Wallace,
10,Todd Kane,https://fbref.com/en/players/dd082c59/Todd-Kane,2,2,eng ENG,WB,27-170,90,0,1,0,0,0,0,0,0,65,0,1,0,0.0,0.0,0.3,2,1,40,54,74.1,2,28,0,1,0,https://fbref.com/en/players/dd082c59/Todd-Kane-Todd Kane,
11,Yoann Barbet,https://fbref.com/en/players/c52bbd2c/Yoann-Barbet,6,6,fr FRA,CB,27-300,90,0,0,0,0,1,0,0,0,60,2,0,1,0.1,0.1,0.0,4,1,47,51,92.2,6,31,0,0,0,https://fbref.com/en/players/c52bbd2c/Yoann-Barbet-Yoann Barbet,
12,Jordy de Wijs,https://fbref.com/en/players/3bb5b5d2/Jordy-de-Wijs,5,5,nl NED,CB,26-057,62,0,0,0,0,2,1,0,0,45,1,2,0,0.1,0.1,0.0,0,0,27,35,77.1,1,20,0,0,0,https://fbref.com/en/players/3bb5b5d2/Jordy-de-Wijs-Jordy de Wijs,
13,Osman Kakay,https://fbref.com/en/players/0aed0751/Osman-Kakay,24,24,sl SLE,CB,23-193,28,0,0,0,0,0,0,1,0,15,0,1,0,0.0,0.0,0.0,0,0,11,13,84.6,0,9,0,0,0,https://fbref.com/en/players/0aed0751/Osman-Kakay-Osman Kakay,
14,Robert Dickie,https://fbref.com/en/players/c7dfc411/Robert-Dickie,4,4,eng ENG,CB,25-003,90,1,0,0,0,2,1,1,0,59,3,1,1,0.3,0.3,0.0,1,0,37,47,78.7,5,26,1,1,1,https://fbref.com/en/players/c7dfc411/Robert-Dickie-Robert Dickie,
15,Seny Dieng,https://fbref.com/en/players/c135cddd/Seny-Dieng,13,13,sn SEN,GK,26-103,90,0,0,0,0,0,0,0,0,29,0,0,0,0.0,0.0,0.0,0,0,23,29,79.3,0,19,0,0,0,https://fbref.com/en/players/c135cddd/Seny-Dieng-Seny Dieng,
