,Player Name,Player Number,Player,#,Nation,Pos,Age,Min,Touches,Def Pen,Def 3rd,Mid 3rd,Att 3rd,Att Pen,Live,Att,Succ,Succ%,Tkld,Tkld%,Carries,TotDist,PrgDist,PrgC,1/3,CPA,Mis,Dis,Rec,PrgR,Player Key,Player Link
0,Charlie Austin,https://fbref.com/en/players/8d228291/Charlie-Austin,45,45,eng ENG,FW,31-244,74,37,0,2,22,14,1,37,5,3,60.0,2,40.0,22,89,33,0,0,0,2,3,27,9,https://fbref.com/en/players/8d228291/Charlie-Austin-Charlie Austin,
1,Macauley Bonne,https://fbref.com/en/players/9ca8b21c/Macauley-Bonne,7,7,zw ZIM,FW,25-131,16,6,0,1,3,2,1,6,0,0,,0,,2,17,13,2,0,1,0,0,4,2,https://fbref.com/en/players/9ca8b21c/Macauley-Bonne-Macauley Bonne,
2,Ilias Chair,https://fbref.com/en/players/ad7873cb/Ilias-Chair,10,10,ma MAR,AM,23-127,80,46,0,3,16,27,3,46,3,3,100.0,0,0.0,23,123,72,2,2,0,2,1,31,6,https://fbref.com/en/players/ad7873cb/Ilias-Chair-Ilias Chair,
3,George Thomas,https://fbref.com/en/players/7ef24097/George-Thomas,19,19,wls WAL,AM,23-347,10,1,0,0,1,0,0,1,0,0,,0,,1,1,0,0,0,0,0,0,0,0,https://fbref.com/en/players/7ef24097/George-Thomas-George Thomas,
4,Chris Willock,https://fbref.com/en/players/be0bd828/Chris-Willock,21,21,eng ENG,AM,23-034,81,40,0,4,15,21,1,40,3,3,100.0,0,0.0,23,123,80,2,2,0,0,0,36,10,https://fbref.com/en/players/be0bd828/Chris-Willock-Chris Willock,
5,Albert Adomah,https://fbref.com/en/players/c7174e81/Albert-Adomah,37,37,gh GHA,AM,33-083,9,9,0,0,6,3,0,9,0,0,,0,,7,60,25,2,0,0,3,0,8,2,https://fbref.com/en/players/c7174e81/Albert-Adomah-Albert Adomah,
6,Sam Field,https://fbref.com/en/players/bd8a7d05/Sam-Field,15,15,eng ENG,CM,22-302,74,53,0,13,28,12,2,53,0,0,,0,,24,62,25,0,0,0,1,1,33,0,https://fbref.com/en/players/bd8a7d05/Sam-Field-Sam Field,
7,Dominic Ball,https://fbref.com/en/players/79d61875/Dominic-Ball,12,12,eng ENG,CM,25-216,16,11,0,1,8,3,0,11,0,0,,0,,10,46,25,1,1,0,1,1,12,0,https://fbref.com/en/players/79d61875/Dominic-Ball-Dominic Ball,
8,Stefan Johansen,https://fbref.com/en/players/a48da055/Stefan-Johansen,14,14,no NOR,CM,30-057,90,79,1,12,53,14,1,79,1,0,0.0,1,100.0,37,193,90,1,0,0,1,1,51,1,https://fbref.com/en/players/a48da055/Stefan-Johansen-Stefan Johansen,
9,Lee Wallace,https://fbref.com/en/players/c3a396e2/Lee-Wallace,3,3,sct SCO,WB,33-217,90,60,1,20,20,21,3,60,0,0,,0,,31,154,93,3,3,1,1,0,41,11,https://fbref.com/en/players/c3a396e2/Lee-Wallace-Lee Wallace,
10,Todd Kane,https://fbref.com/en/players/dd082c59/Todd-Kane,2,2,eng ENG,WB,27-170,90,65,3,18,31,16,0,65,1,0,0.0,1,100.0,28,68,16,0,0,0,2,1,40,4,https://fbref.com/en/players/dd082c59/Todd-Kane-Todd Kane,
11,Yoann Barbet,https://fbref.com/en/players/c52bbd2c/Yoann-Barbet,6,6,fr FRA,CB,27-300,90,60,6,25,26,9,1,60,0,0,,0,,31,208,68,0,2,0,2,0,42,0,https://fbref.com/en/players/c52bbd2c/Yoann-Barbet-Yoann Barbet,
12,Jordy de Wijs,https://fbref.com/en/players/3bb5b5d2/Jordy-de-Wijs,5,5,nl NED,CB,26-057,62,45,8,30,13,2,2,45,0,0,,0,,20,61,25,0,0,0,0,0,25,0,https://fbref.com/en/players/3bb5b5d2/Jordy-de-Wijs-Jordy de Wijs,
13,Osman Kakay,https://fbref.com/en/players/0aed0751/Osman-Kakay,24,24,sl SLE,CB,23-193,28,15,1,7,8,0,0,15,0,0,,0,,9,30,6,0,0,0,0,0,11,0,https://fbref.com/en/players/0aed0751/Osman-Kakay-Osman Kakay,
14,Robert Dickie,https://fbref.com/en/players/c7dfc411/Robert-Dickie,4,4,eng ENG,CB,25-003,90,59,6,29,26,4,4,59,1,1,100.0,0,0.0,26,121,78,1,0,0,2,0,36,0,https://fbref.com/en/players/c7dfc411/Robert-Dickie-Robert Dickie,
15,Seny Dieng,https://fbref.com/en/players/c135cddd/Seny-Dieng,13,13,sn SEN,GK,26-103,90,29,24,29,0,0,0,29,0,0,,0,,19,92,56,0,0,0,0,0,14,0,https://fbref.com/en/players/c135cddd/Seny-Dieng-Seny Dieng,
