,Minute,Player,Squad,xG,PSxG,Outcome,Distance,Body Part,Notes,SCA 1 Player,SCA 1 Event,SCA 2 Player,SCA 2 Event
0,11,Ilias Chair,QPR,0.31,0.68,Goal,8,Head,,Todd Kane,Pass (Live),Chris Willock,Pass (Live)
1,21,Stefan Johansen,QPR,0.09,,Blocked,12,Left Foot,,,,,
2,22,Yoann Barbet,QPR,0.05,,Woodwork,14,Left Foot,Volley,Ilias Chair,Pass (Live),Chris Willock,Pass (Live)
3,22,Robert Dickie,QPR,0.25,0.83,Goal,5,Left Foot,,Yoann Barbet,Shot,,
4,29,Jack Hunt,Bristol City,0.06,,Blocked,12,Right Foot,,,,,
5,29,Kasey Palmer,Bristol City,0.03,,Off Target,33,Right Foot,,Nahki Wells,Pass (Live),,
6,44,Robert Dickie,QPR,0.05,,Blocked,10,Right Foot,,Stefan Johansen,Pass (Dead),Sam Field,Pass (Live)
7,45,Lee Wallace,QPR,0.03,,Off Target,21,Left Foot,Volley,Sam Field,Pass (Live),Robert Dickie,Shot
8,45+1,Ilias Chair,QPR,0.08,,Blocked,16,Right Foot,,Chris Willock,Pass (Live),Chris Willock,Take-On
9,45+8,Nahki Wells,Bristol City,0.04,,Off Target,24,Right Foot,,Antoine Semenyo,Pass (Live),Famara Diedhiou,Pass (Live)
10,,,,,,,,,,,,,
11,55,Charlie Austin,QPR,0.07,,Blocked,15,Right Foot,,Stefan Johansen,Pass (Live),Chris Willock,Pass (Live)
12,56,Jordy de Wijs,QPR,0.04,,Off Target,13,Head,,Ilias Chair,Pass (Dead),Todd Kane,Pass (Live)
13,57,Nahki Wells,Bristol City,0.04,,Blocked,26,Right Foot,,Antoine Semenyo,Pass (Live),Nahki Wells,Pass (Live)
14,57,Sam Pearson,Bristol City,0.05,0.02,Saved,17,Right Foot,Volley,Nahki Wells,Shot,,
15,60,Jordy de Wijs,QPR,0.06,0.14,Saved,9,Head,,Stefan Johansen,Pass (Dead),,
16,63,Ilias Chair,QPR,0.05,,Off Target,16,Left Foot,,Lee Wallace,Pass (Live),Chris Willock,Pass (Live)
17,64,Charlie Austin,QPR,0.03,,Blocked,26,Right Foot,,Charlie Austin,Take-On,Sam Field,Pass (Live)
18,68,Nahki Wells,Bristol City,0.37,,Off Target,9,Right Foot,,Jack Hunt,Pass (Live),Kasey Palmer,Pass (Live)
19,76,Ilias Chair,QPR,0.03,0.02,Saved,28,Right Foot,,Stefan Johansen,Pass (Live),Yoann Barbet,Pass (Live)
20,77,Kasey Palmer,Bristol City,0.02,,Blocked,27,Right Foot,,Nahki Wells,Pass (Live),Kasey Palmer,Pass (Dead)
21,80,Stefan Johansen,QPR,0.08,,Off Target,25,Left Foot,Free kick,Ilias Chair,Fouled,Ilias Chair,Take-On
22,86,Macauley Bonne,QPR,0.09,0.14,Saved,18,Right Foot,,Albert Adomah,Pass (Live),Yoann Barbet,Pass (Live)
23,90+2,Dominic Ball,QPR,0.03,,Off Target,29,Right Foot,,Stefan Johansen,Pass (Live),Yoann Barbet,Pass (Live)
