,Player Name,Player Number,Player,#,Nation,Pos,Age,Min,Att,Live,Dead,FK,TB,Sw,Crs,TI,CK,In,Out,Str,Cmp,Off,Blocks,Player Key,Player Link
0,Martyn Waghorn,https://fbref.com/en/players/8ebea784/Martyn-Waghorn,9,9,eng ENG,FW,30-286,72,12,12,0,0,0,0,0,0,0,0,0,0,8,0,1,https://fbref.com/en/players/8ebea784/Martyn-Waghorn-Martyn Waghorn,
1,Colin Kazim-Richards,https://fbref.com/en/players/ca9e7345/Colin-Kazim-Richards,13,13,tr TUR,FW,34-070,18,6,5,1,0,0,0,0,0,0,0,0,0,5,0,0,https://fbref.com/en/players/ca9e7345/Colin-Kazim-Richards-Colin Kazim-Richards,
2,Tom Lawrence,https://fbref.com/en/players/7e2f45f4/Tom-Lawrence,10,10,wls WAL,LW,26-296,90,37,37,0,0,0,1,2,0,0,0,0,0,29,0,0,https://fbref.com/en/players/7e2f45f4/Tom-Lawrence-Tom Lawrence,
3,Kamil Jóźwiak,https://fbref.com/en/players/bd4e3824/Kamil-Jozwiak,7,7,pl POL,RW,22-196,90,37,37,0,0,0,0,3,0,0,0,0,0,23,0,1,https://fbref.com/en/players/bd4e3824/Kamil-Jozwiak-Kamil Jóźwiak,
4,Wayne Rooney,https://fbref.com/en/players/f07be45a/Wayne-Rooney,32,32,eng ENG,AM,35-011,80,51,42,9,3,0,1,8,0,5,4,1,0,37,0,2,https://fbref.com/en/players/f07be45a/Wayne-Rooney-Wayne Rooney,
5,Louie Sibley,https://fbref.com/en/players/c03348f6/Louie-Sibley,17,17,eng ENG,AM,19-064,10,1,1,0,0,0,0,0,0,0,0,0,0,0,0,1,https://fbref.com/en/players/c03348f6/Louie-Sibley-Louie Sibley,
6,Graeme Shinnie,https://fbref.com/en/players/6ddea288/Graeme-Shinnie,4,4,sct SCO,DM,29-092,90,57,55,1,1,0,0,1,0,0,0,0,0,47,1,1,https://fbref.com/en/players/6ddea288/Graeme-Shinnie-Graeme Shinnie,
7,Jason Knight,https://fbref.com/en/players/b83ec960/Jason-Knight,38,38,ie IRL,DM,19-265,71,44,44,0,0,0,0,1,0,0,0,0,0,36,0,1,https://fbref.com/en/players/b83ec960/Jason-Knight-Jason Knight,
8,Duane Holmes,https://fbref.com/en/players/47a050ed/Duane-Holmes,25,25,us USA,DM,25-364,19,5,4,1,0,0,0,0,1,0,0,0,0,4,0,0,https://fbref.com/en/players/47a050ed/Duane-Holmes-Duane Holmes,
9,Craig Forsyth,https://fbref.com/en/players/6f44cb44/Craig-Forsyth,3,3,sct SCO,LB,31-254,90,72,59,12,0,0,2,4,12,0,0,0,0,52,1,2,https://fbref.com/en/players/6f44cb44/Craig-Forsyth-Craig Forsyth,
10,Matthew Clarke,https://fbref.com/en/players/8ea2227a/Matthew-Clarke,16,16,eng ENG,CB,24-043,90,52,51,1,1,0,0,0,0,0,0,0,0,46,0,0,https://fbref.com/en/players/8ea2227a/Matthew-Clarke-Matthew Clarke,
11,Curtis Davies,https://fbref.com/en/players/607fb965/Curtis-Davies,33,33,sl SLE,CB,35-234,90,62,61,1,1,0,0,0,0,0,0,0,0,52,0,0,https://fbref.com/en/players/607fb965/Curtis-Davies-Curtis Davies,
12,Nathan Byrne,https://fbref.com/en/players/c4041fbc/Nathan-Byrne,12,12,eng ENG,RB,28-152,90,61,52,9,2,0,0,2,7,0,0,0,0,49,0,0,https://fbref.com/en/players/c4041fbc/Nathan-Byrne-Nathan Byrne,
13,David Marshall,https://fbref.com/en/players/4d93d433/David-Marshall,1,1,sct SCO,GK,35-244,90,51,36,15,6,0,0,0,0,0,0,0,0,42,0,0,https://fbref.com/en/players/4d93d433/David-Marshall-David Marshall,
