,Player Name,Player Number,Player,#,Nation,Pos,Age,Min,Touches,Def Pen,Def 3rd,Mid 3rd,Att 3rd,Att Pen,Live,Att,Succ,Succ%,Tkld,Tkld%,Carries,TotDist,PrgDist,PrgC,1/3,CPA,Mis,Dis,Rec,PrgR,Player Key,Player Link
0,Martyn Waghorn,https://fbref.com/en/players/8ebea784/Martyn-Waghorn,9,9,eng ENG,FW,30-286,72,20,1,1,13,6,1,20,1,1,100.0,0,0.0,11,51,0,0,0,1,5,1,13,0,https://fbref.com/en/players/8ebea784/Martyn-Waghorn-Martyn Waghorn,
1,Colin Kazim-Richards,https://fbref.com/en/players/ca9e7345/Colin-Kazim-Richards,13,13,tr TUR,FW,34-070,18,7,0,1,2,4,1,7,0,0,,0,,6,40,5,0,0,0,0,0,5,2,https://fbref.com/en/players/ca9e7345/Colin-Kazim-Richards-Colin Kazim-Richards,
2,Tom Lawrence,https://fbref.com/en/players/7e2f45f4/Tom-Lawrence,10,10,wls WAL,LW,26-296,90,43,0,5,21,17,3,43,0,0,,0,,30,194,87,3,3,0,2,1,33,5,https://fbref.com/en/players/7e2f45f4/Tom-Lawrence-Tom Lawrence,
3,Kamil Jóźwiak,https://fbref.com/en/players/bd4e3824/Kamil-Jozwiak,7,7,pl POL,RW,22-196,90,41,0,1,14,26,4,41,3,2,66.7,1,33.3,27,184,75,3,2,2,0,3,37,8,https://fbref.com/en/players/bd4e3824/Kamil-Jozwiak-Kamil Jóźwiak,
4,Wayne Rooney,https://fbref.com/en/players/f07be45a/Wayne-Rooney,32,32,eng ENG,AM,35-011,80,58,0,2,37,21,4,58,1,0,0.0,1,100.0,33,170,58,2,0,0,0,0,40,7,https://fbref.com/en/players/f07be45a/Wayne-Rooney-Wayne Rooney,
5,Louie Sibley,https://fbref.com/en/players/c03348f6/Louie-Sibley,17,17,eng ENG,AM,19-064,10,1,0,0,1,0,0,1,0,0,,0,,1,8,7,0,0,0,0,0,1,1,https://fbref.com/en/players/c03348f6/Louie-Sibley-Louie Sibley,
6,Graeme Shinnie,https://fbref.com/en/players/6ddea288/Graeme-Shinnie,4,4,sct SCO,DM,29-092,90,70,2,16,49,8,0,70,1,0,0.0,1,100.0,41,169,55,0,2,0,1,0,42,1,https://fbref.com/en/players/6ddea288/Graeme-Shinnie-Graeme Shinnie,
7,Jason Knight,https://fbref.com/en/players/b83ec960/Jason-Knight,38,38,ie IRL,DM,19-265,71,54,4,10,35,9,1,54,2,0,0.0,2,100.0,31,128,32,0,1,0,3,0,37,3,https://fbref.com/en/players/b83ec960/Jason-Knight-Jason Knight,
8,Duane Holmes,https://fbref.com/en/players/47a050ed/Duane-Holmes,25,25,us USA,DM,25-364,19,7,0,1,3,4,0,7,2,1,50.0,1,50.0,4,17,10,0,1,0,0,0,5,0,https://fbref.com/en/players/47a050ed/Duane-Holmes-Duane Holmes,
9,Craig Forsyth,https://fbref.com/en/players/6f44cb44/Craig-Forsyth,3,3,sct SCO,LB,31-254,90,83,1,23,41,19,0,83,0,0,,0,,33,136,84,3,1,0,2,1,48,7,https://fbref.com/en/players/6f44cb44/Craig-Forsyth-Craig Forsyth,
10,Matthew Clarke,https://fbref.com/en/players/8ea2227a/Matthew-Clarke,16,16,eng ENG,CB,24-043,90,63,7,39,21,4,2,63,0,0,,0,,41,129,79,0,1,0,0,0,44,1,https://fbref.com/en/players/8ea2227a/Matthew-Clarke-Matthew Clarke,
11,Curtis Davies,https://fbref.com/en/players/607fb965/Curtis-Davies,33,33,sl SLE,CB,35-234,90,68,4,43,20,5,2,68,1,1,100.0,0,0.0,42,198,146,0,0,0,0,0,50,0,https://fbref.com/en/players/607fb965/Curtis-Davies-Curtis Davies,
12,Nathan Byrne,https://fbref.com/en/players/c4041fbc/Nathan-Byrne,12,12,eng ENG,RB,28-152,90,68,0,13,41,17,0,68,2,1,50.0,1,50.0,43,284,168,3,2,0,0,1,48,5,https://fbref.com/en/players/c4041fbc/Nathan-Byrne-Nathan Byrne,
13,David Marshall,https://fbref.com/en/players/4d93d433/David-Marshall,1,1,sct SCO,GK,35-244,90,54,34,54,0,0,0,54,0,0,,0,,23,154,110,0,0,0,0,0,27,0,https://fbref.com/en/players/4d93d433/David-Marshall-David Marshall,
