,Player Name,Player Number,Player,#,Nation,Pos,Age,Min,CrdY,CrdR,2CrdY,Fls,Fld,Off,Crs,Int,TklW,PKwon,PKcon,OG,Recov,Won,Lost,Won%,Player Key,Player Link
0,Martyn Waghorn,https://fbref.com/en/players/8ebea784/Martyn-Waghorn,9,9,eng ENG,FW,30-286,72,0,0,0,1,0,2,0,0,0,0,0,0,3,2,1,66.7,https://fbref.com/en/players/8ebea784/Martyn-Waghorn-Martyn Waghorn,
1,Colin Kazim-Richards,https://fbref.com/en/players/ca9e7345/Colin-Kazim-Richards,13,13,tr TUR,FW,34-070,18,1,0,0,1,0,0,0,0,0,0,0,0,1,0,0,,https://fbref.com/en/players/ca9e7345/Colin-Kazim-Richards-Colin Kazim-Richards,
2,Tom Lawrence,https://fbref.com/en/players/7e2f45f4/Tom-Lawrence,10,10,wls WAL,LW,26-296,90,0,0,0,1,0,0,2,2,2,0,0,0,4,0,2,0.0,https://fbref.com/en/players/7e2f45f4/Tom-Lawrence-Tom Lawrence,
3,Kamil Jóźwiak,https://fbref.com/en/players/bd4e3824/Kamil-Jozwiak,7,7,pl POL,RW,22-196,90,0,0,0,0,4,0,3,0,0,0,0,0,1,3,1,75.0,https://fbref.com/en/players/bd4e3824/Kamil-Jozwiak-Kamil Jóźwiak,
4,Wayne Rooney,https://fbref.com/en/players/f07be45a/Wayne-Rooney,32,32,eng ENG,AM,35-011,80,0,0,0,1,0,0,8,0,0,0,0,0,9,0,0,,https://fbref.com/en/players/f07be45a/Wayne-Rooney-Wayne Rooney,
5,Louie Sibley,https://fbref.com/en/players/c03348f6/Louie-Sibley,17,17,eng ENG,AM,19-064,10,0,0,0,1,0,0,0,0,0,0,0,0,0,0,0,,https://fbref.com/en/players/c03348f6/Louie-Sibley-Louie Sibley,
6,Graeme Shinnie,https://fbref.com/en/players/6ddea288/Graeme-Shinnie,4,4,sct SCO,DM,29-092,90,0,0,0,2,1,0,1,4,3,0,0,0,10,2,1,66.7,https://fbref.com/en/players/6ddea288/Graeme-Shinnie-Graeme Shinnie,
7,Jason Knight,https://fbref.com/en/players/b83ec960/Jason-Knight,38,38,ie IRL,DM,19-265,71,0,0,0,0,1,0,1,2,0,0,0,0,3,3,2,60.0,https://fbref.com/en/players/b83ec960/Jason-Knight-Jason Knight,
8,Duane Holmes,https://fbref.com/en/players/47a050ed/Duane-Holmes,25,25,us USA,DM,25-364,19,0,0,0,1,0,0,0,0,0,0,0,0,1,0,0,,https://fbref.com/en/players/47a050ed/Duane-Holmes-Duane Holmes,
9,Craig Forsyth,https://fbref.com/en/players/6f44cb44/Craig-Forsyth,3,3,sct SCO,LB,31-254,90,0,0,0,0,0,0,4,2,0,0,0,0,5,5,3,62.5,https://fbref.com/en/players/6f44cb44/Craig-Forsyth-Craig Forsyth,
10,Matthew Clarke,https://fbref.com/en/players/8ea2227a/Matthew-Clarke,16,16,eng ENG,CB,24-043,90,0,0,0,0,1,0,0,0,1,0,0,0,4,4,1,80.0,https://fbref.com/en/players/8ea2227a/Matthew-Clarke-Matthew Clarke,
11,Curtis Davies,https://fbref.com/en/players/607fb965/Curtis-Davies,33,33,sl SLE,CB,35-234,90,0,0,0,0,1,0,0,1,1,0,0,0,2,5,2,71.4,https://fbref.com/en/players/607fb965/Curtis-Davies-Curtis Davies,
12,Nathan Byrne,https://fbref.com/en/players/c4041fbc/Nathan-Byrne,12,12,eng ENG,RB,28-152,90,0,0,0,1,2,0,2,1,2,0,0,0,5,0,1,0.0,https://fbref.com/en/players/c4041fbc/Nathan-Byrne-Nathan Byrne,
13,David Marshall,https://fbref.com/en/players/4d93d433/David-Marshall,1,1,sct SCO,GK,35-244,90,0,0,0,0,0,0,0,0,0,0,0,0,3,0,0,,https://fbref.com/en/players/4d93d433/David-Marshall-David Marshall,
