,Player Name,Player Number,Player,#,Nation,Pos,Age,Min,Gls,Ast,PK,PKatt,Sh,SoT,CrdY,CrdR,Touches,Tkl,Int,Blocks,xG,npxG,xAG,SCA,GCA,Cmp,Att,Cmp%,PrgP,Carries,PrgC,Att,Succ,Player Key,Player Link
0,Martyn Waghorn,https://fbref.com/en/players/8ebea784/Martyn-Waghorn,9,9,eng ENG,FW,30-286,72,0,0,0,0,0,0,0,0,20,0,0,1,0.0,0.0,0.0,0,0,8,12,66.7,1,11,0,1,1,https://fbref.com/en/players/8ebea784/Martyn-Waghorn-Martyn Waghorn,
1,Colin Kazim-Richards,https://fbref.com/en/players/ca9e7345/Colin-Kazim-Richards,13,13,tr TUR,FW,34-070,18,0,0,0,0,0,0,1,0,7,0,0,0,0.0,0.0,0.0,0,0,5,6,83.3,1,6,0,0,0,https://fbref.com/en/players/ca9e7345/Colin-Kazim-Richards-Colin Kazim-Richards,
2,Tom Lawrence,https://fbref.com/en/players/7e2f45f4/Tom-Lawrence,10,10,wls WAL,LW,26-296,90,0,0,0,0,1,1,0,0,43,2,2,0,0.0,0.0,0.0,3,0,29,37,78.4,4,30,3,0,0,https://fbref.com/en/players/7e2f45f4/Tom-Lawrence-Tom Lawrence,
3,Kamil Jóźwiak,https://fbref.com/en/players/bd4e3824/Kamil-Jozwiak,7,7,pl POL,RW,22-196,90,0,0,0,0,1,1,0,0,41,0,0,0,0.1,0.1,0.1,1,0,23,37,62.2,4,27,3,3,2,https://fbref.com/en/players/bd4e3824/Kamil-Jozwiak-Kamil Jóźwiak,
4,Wayne Rooney,https://fbref.com/en/players/f07be45a/Wayne-Rooney,32,32,eng ENG,AM,35-011,80,0,0,0,0,3,1,0,0,58,0,0,0,0.1,0.1,0.1,3,0,37,51,72.5,4,33,2,1,0,https://fbref.com/en/players/f07be45a/Wayne-Rooney-Wayne Rooney,
5,Louie Sibley,https://fbref.com/en/players/c03348f6/Louie-Sibley,17,17,eng ENG,AM,19-064,10,0,0,0,0,0,0,0,0,1,0,0,0,0.0,0.0,0.0,0,0,0,1,0.0,0,1,0,0,0,https://fbref.com/en/players/c03348f6/Louie-Sibley-Louie Sibley,
6,Graeme Shinnie,https://fbref.com/en/players/6ddea288/Graeme-Shinnie,4,4,sct SCO,DM,29-092,90,0,0,0,0,0,0,0,0,70,3,4,2,0.0,0.0,0.0,2,0,47,57,82.5,10,41,0,1,0,https://fbref.com/en/players/6ddea288/Graeme-Shinnie-Graeme Shinnie,
7,Jason Knight,https://fbref.com/en/players/b83ec960/Jason-Knight,38,38,ie IRL,DM,19-265,71,0,0,0,0,0,0,0,0,54,0,2,1,0.0,0.0,0.0,1,0,36,44,81.8,4,31,0,2,0,https://fbref.com/en/players/b83ec960/Jason-Knight-Jason Knight,
8,Duane Holmes,https://fbref.com/en/players/47a050ed/Duane-Holmes,25,25,us USA,DM,25-364,19,0,0,0,0,0,0,0,0,7,0,0,0,0.0,0.0,0.0,0,0,4,5,80.0,0,4,0,2,1,https://fbref.com/en/players/47a050ed/Duane-Holmes-Duane Holmes,
9,Craig Forsyth,https://fbref.com/en/players/6f44cb44/Craig-Forsyth,3,3,sct SCO,LB,31-254,90,0,0,0,0,1,0,0,0,83,0,2,1,0.0,0.0,0.0,2,0,52,72,72.2,7,33,3,0,0,https://fbref.com/en/players/6f44cb44/Craig-Forsyth-Craig Forsyth,
10,Matthew Clarke,https://fbref.com/en/players/8ea2227a/Matthew-Clarke,16,16,eng ENG,CB,24-043,90,0,0,0,0,1,1,0,0,63,2,0,3,0.1,0.1,0.0,1,0,46,52,88.5,1,41,0,0,0,https://fbref.com/en/players/8ea2227a/Matthew-Clarke-Matthew Clarke,
11,Curtis Davies,https://fbref.com/en/players/607fb965/Curtis-Davies,33,33,sl SLE,CB,35-234,90,0,0,0,0,0,0,0,0,68,1,1,2,0.0,0.0,0.0,0,0,52,62,83.9,2,42,0,1,1,https://fbref.com/en/players/607fb965/Curtis-Davies-Curtis Davies,
12,Nathan Byrne,https://fbref.com/en/players/c4041fbc/Nathan-Byrne,12,12,eng ENG,RB,28-152,90,0,0,0,0,0,0,0,0,68,3,1,0,0.0,0.0,0.0,0,0,49,61,80.3,2,43,3,2,1,https://fbref.com/en/players/c4041fbc/Nathan-Byrne-Nathan Byrne,
13,David Marshall,https://fbref.com/en/players/4d93d433/David-Marshall,1,1,sct SCO,GK,35-244,90,0,0,0,0,0,0,0,0,54,0,0,0,0.0,0.0,0.0,0,0,42,51,82.4,0,23,0,0,0,https://fbref.com/en/players/4d93d433/David-Marshall-David Marshall,
