,Player Name,Player Number,Player,#,Nation,Pos,Age,Min,Gls,Ast,PK,PKatt,Sh,SoT,CrdY,CrdR,Touches,Tkl,Int,Blocks,xG,npxG,xAG,SCA,GCA,Cmp,Att,Cmp%,PrgP,Carries,PrgC,Att,Succ,Player Key,Player Link
0,Lyndon Dykes,https://fbref.com/en/players/cd92357a/Lyndon-Dykes,9,9,sct SCO,FW,25-028,59,0,0,0,0,1,1,0,0,18,0,0,0,0.3,0.3,0.0,0,0,7,12,58.3,0,11,0,0,0,https://fbref.com/en/players/cd92357a/Lyndon-Dykes-Lyndon Dykes,
1,Macauley Bonne,https://fbref.com/en/players/9ca8b21c/Macauley-Bonne,7,7,zw ZIM,FW,25-009,31,1,0,0,0,2,1,0,0,20,0,0,0,0.4,0.4,0.0,1,0,11,14,78.6,2,11,1,4,1,https://fbref.com/en/players/9ca8b21c/Macauley-Bonne-Macauley Bonne,
2,Bright Osayi-Samuel,https://fbref.com/en/players/03b6afa9/Bright-Osayi-Samuel,11,11,ng NGA,LW,22-309,64,0,0,0,0,1,0,0,0,30,1,0,2,0.0,0.0,0.1,3,0,17,21,81.0,1,16,4,3,3,https://fbref.com/en/players/03b6afa9/Bright-Osayi-Samuel-Bright Osayi-Samuel,
3,Chris Willock,https://fbref.com/en/players/be0bd828/Chris-Willock,21,21,eng ENG,RW,22-278,26,0,0,0,0,0,0,0,0,19,2,0,0,0.0,0.0,0.1,1,0,14,15,93.3,3,13,1,2,1,https://fbref.com/en/players/be0bd828/Chris-Willock-Chris Willock,
4,Albert Adomah,https://fbref.com/en/players/c7174e81/Albert-Adomah,37,37,gh GHA,RW,32-327,58,0,0,0,0,0,0,0,0,30,0,0,3,0.0,0.0,0.5,4,0,17,25,68.0,2,18,3,4,3,https://fbref.com/en/players/c7174e81/Albert-Adomah-Albert Adomah,
5,Dominic Ball,https://fbref.com/en/players/79d61875/Dominic-Ball,12,12,eng ENG,"DM,RW",25-094,32,0,0,0,0,0,0,0,0,19,1,0,0,0.0,0.0,0.0,0,0,13,16,81.3,3,11,2,2,1,https://fbref.com/en/players/79d61875/Dominic-Ball-Dominic Ball,
6,Ilias Chair,https://fbref.com/en/players/ad7873cb/Ilias-Chair,10,10,ma MAR,"AM,LW",23-005,90,0,0,0,0,5,0,0,0,62,1,0,0,0.2,0.2,0.1,5,0,38,49,77.6,4,32,2,1,1,https://fbref.com/en/players/ad7873cb/Ilias-Chair-Ilias Chair,
7,Geoff Cameron,https://fbref.com/en/players/1a160ea3/Geoff-Cameron,20,20,us USA,DM,35-116,90,0,0,0,0,1,1,0,0,45,2,0,3,0.1,0.1,0.0,2,0,27,32,84.4,3,28,0,0,0,https://fbref.com/en/players/1a160ea3/Geoff-Cameron-Geoff Cameron,
8,Tom Carroll,https://fbref.com/en/players/5a1900a4/Tom-Carroll,22,22,eng ENG,"DM,AM",28-160,90,0,0,0,0,0,0,0,0,73,2,0,0,0.0,0.0,0.0,4,0,58,67,86.6,8,43,1,1,0,https://fbref.com/en/players/5a1900a4/Tom-Carroll-Tom Carroll,
9,Niko Hämäläinen,https://fbref.com/en/players/4435db1e/Niko-Hamalainen,25,25,fi FIN,LB,23-244,90,0,0,0,0,0,0,0,0,62,2,2,0,0.0,0.0,0.0,1,0,37,53,69.8,4,31,0,1,0,https://fbref.com/en/players/4435db1e/Niko-Hamalainen-Niko Hämäläinen,
10,Yoann Barbet,https://fbref.com/en/players/c52bbd2c/Yoann-Barbet,6,6,fr FRA,CB,27-178,90,0,0,0,0,0,0,0,0,66,0,3,0,0.0,0.0,0.0,0,0,44,55,80.0,7,43,0,0,0,https://fbref.com/en/players/c52bbd2c/Yoann-Barbet-Yoann Barbet,
11,Robert Dickie,https://fbref.com/en/players/c7dfc411/Robert-Dickie,4,4,eng ENG,CB,24-246,90,0,1,0,0,1,0,0,0,79,3,1,0,0.1,0.1,0.4,2,2,54,62,87.1,2,47,1,0,0,https://fbref.com/en/players/c7dfc411/Robert-Dickie-Robert Dickie,
12,Todd Kane,https://fbref.com/en/players/dd082c59/Todd-Kane,2,2,eng ENG,RB,27-048,90,0,0,0,0,3,0,0,0,83,0,0,0,0.2,0.2,0.1,2,0,59,72,81.9,1,48,0,0,0,https://fbref.com/en/players/dd082c59/Todd-Kane-Todd Kane,
13,Seny Dieng,https://fbref.com/en/players/c135cddd/Seny-Dieng,13,13,sn SEN,GK,25-347,90,0,0,0,0,0,0,0,0,27,0,0,0,0.0,0.0,0.0,0,0,20,25,80.0,0,22,0,0,0,https://fbref.com/en/players/c135cddd/Seny-Dieng-Seny Dieng,
