,Player Name,Player Number,Player,#,Nation,Pos,Age,Min,Touches,Def Pen,Def 3rd,Mid 3rd,Att 3rd,Att Pen,Live,Att,Succ,Succ%,Tkld,Tkld%,Carries,TotDist,PrgDist,PrgC,1/3,CPA,Mis,Dis,Rec,PrgR,Player Key,Player Link
0,Lyndon Dykes,https://fbref.com/en/players/cd92357a/Lyndon-Dykes,9,9,sct SCO,FW,25-028,59,18,0,1,10,7,1,18,0,0,,0,,11,17,4,0,0,0,4,1,17,4,https://fbref.com/en/players/cd92357a/Lyndon-Dykes-Lyndon Dykes,
1,Macauley Bonne,https://fbref.com/en/players/9ca8b21c/Macauley-Bonne,7,7,zw ZIM,FW,25-009,31,20,0,0,8,12,3,20,4,1,25.0,3,75.0,11,41,23,1,0,1,1,0,17,6,https://fbref.com/en/players/9ca8b21c/Macauley-Bonne-Macauley Bonne,
2,Bright Osayi-Samuel,https://fbref.com/en/players/03b6afa9/Bright-Osayi-Samuel,11,11,ng NGA,LW,22-309,64,30,0,2,15,14,2,30,3,3,100.0,0,0.0,16,126,67,4,1,1,1,0,21,7,https://fbref.com/en/players/03b6afa9/Bright-Osayi-Samuel-Bright Osayi-Samuel,
3,Chris Willock,https://fbref.com/en/players/be0bd828/Chris-Willock,21,21,eng ENG,RW,22-278,26,19,0,6,5,9,1,19,2,1,50.0,1,50.0,13,66,38,1,0,1,1,1,14,1,https://fbref.com/en/players/be0bd828/Chris-Willock-Chris Willock,
4,Albert Adomah,https://fbref.com/en/players/c7174e81/Albert-Adomah,37,37,gh GHA,RW,32-327,58,30,0,4,14,13,3,30,4,3,75.0,1,25.0,18,164,99,3,1,0,0,0,19,3,https://fbref.com/en/players/c7174e81/Albert-Adomah-Albert Adomah,
5,Dominic Ball,https://fbref.com/en/players/79d61875/Dominic-Ball,12,12,eng ENG,"DM,RW",25-094,32,19,1,4,12,3,0,19,2,1,50.0,1,50.0,11,127,73,2,0,0,0,0,14,0,https://fbref.com/en/players/79d61875/Dominic-Ball-Dominic Ball,
6,Ilias Chair,https://fbref.com/en/players/ad7873cb/Ilias-Chair,10,10,ma MAR,"AM,LW",23-005,90,62,0,6,25,31,4,62,1,1,100.0,0,0.0,32,181,64,2,0,1,5,0,36,10,https://fbref.com/en/players/ad7873cb/Ilias-Chair-Ilias Chair,
7,Geoff Cameron,https://fbref.com/en/players/1a160ea3/Geoff-Cameron,20,20,us USA,DM,35-116,90,45,1,10,31,5,1,45,0,0,,0,,28,146,58,0,0,0,1,0,27,0,https://fbref.com/en/players/1a160ea3/Geoff-Cameron-Geoff Cameron,
8,Tom Carroll,https://fbref.com/en/players/5a1900a4/Tom-Carroll,22,22,eng ENG,"DM,AM",28-160,90,73,0,12,43,19,0,73,1,0,0.0,1,100.0,43,204,79,1,0,0,1,0,57,3,https://fbref.com/en/players/5a1900a4/Tom-Carroll-Tom Carroll,
9,Niko Hämäläinen,https://fbref.com/en/players/4435db1e/Niko-Hamalainen,25,25,fi FIN,LB,23-244,90,62,2,23,35,4,0,62,1,0,0.0,1,100.0,31,151,62,0,1,0,1,1,33,2,https://fbref.com/en/players/4435db1e/Niko-Hamalainen-Niko Hämäläinen,
10,Yoann Barbet,https://fbref.com/en/players/c52bbd2c/Yoann-Barbet,6,6,fr FRA,CB,27-178,90,66,8,35,32,0,0,66,0,0,,0,,43,203,106,0,0,0,0,0,43,0,https://fbref.com/en/players/c52bbd2c/Yoann-Barbet-Yoann Barbet,
11,Robert Dickie,https://fbref.com/en/players/c7dfc411/Robert-Dickie,4,4,eng ENG,CB,24-246,90,79,10,61,16,4,3,79,0,0,,0,,47,223,75,1,1,0,2,0,47,0,https://fbref.com/en/players/c7dfc411/Robert-Dickie-Robert Dickie,
12,Todd Kane,https://fbref.com/en/players/dd082c59/Todd-Kane,2,2,eng ENG,RB,27-048,90,83,2,25,33,25,3,83,0,0,,0,,48,167,90,0,2,0,2,0,53,3,https://fbref.com/en/players/dd082c59/Todd-Kane-Todd Kane,
13,Seny Dieng,https://fbref.com/en/players/c135cddd/Seny-Dieng,13,13,sn SEN,GK,25-347,90,27,24,27,0,0,0,27,0,0,,0,,22,98,55,0,0,0,0,0,15,0,https://fbref.com/en/players/c135cddd/Seny-Dieng-Seny Dieng,
