,Player Name,Player Number,Player,#,Nation,Pos,Age,Min,CrdY,CrdR,2CrdY,Fls,Fld,Off,Crs,Int,TklW,PKwon,PKcon,OG,Recov,Won,Lost,Won%,Player Key,Player Link
0,Lyndon Dykes,https://fbref.com/en/players/cd92357a/Lyndon-Dykes,9,9,sct SCO,FW,25-028,59,0,0,0,1,0,1,0,0,0,0,0,0,2,3,6,33.3,https://fbref.com/en/players/cd92357a/Lyndon-Dykes-Lyndon Dykes,
1,Macauley Bonne,https://fbref.com/en/players/9ca8b21c/Macauley-Bonne,7,7,zw ZIM,FW,25-009,31,0,0,0,0,0,1,0,0,0,0,0,0,1,1,1,50.0,https://fbref.com/en/players/9ca8b21c/Macauley-Bonne-Macauley Bonne,
2,Bright Osayi-Samuel,https://fbref.com/en/players/03b6afa9/Bright-Osayi-Samuel,11,11,ng NGA,LW,22-309,64,0,0,0,2,1,0,0,0,1,0,0,0,4,0,0,,https://fbref.com/en/players/03b6afa9/Bright-Osayi-Samuel-Bright Osayi-Samuel,
3,Chris Willock,https://fbref.com/en/players/be0bd828/Chris-Willock,21,21,eng ENG,RW,22-278,26,0,0,0,0,2,0,1,0,2,0,0,0,3,0,1,0.0,https://fbref.com/en/players/be0bd828/Chris-Willock-Chris Willock,
4,Albert Adomah,https://fbref.com/en/players/c7174e81/Albert-Adomah,37,37,gh GHA,RW,32-327,58,0,0,0,0,0,1,2,0,0,0,0,0,3,0,3,0.0,https://fbref.com/en/players/c7174e81/Albert-Adomah-Albert Adomah,
5,Dominic Ball,https://fbref.com/en/players/79d61875/Dominic-Ball,12,12,eng ENG,"DM,RW",25-094,32,0,0,0,0,0,0,0,0,1,0,0,0,3,0,0,,https://fbref.com/en/players/79d61875/Dominic-Ball-Dominic Ball,
6,Ilias Chair,https://fbref.com/en/players/ad7873cb/Ilias-Chair,10,10,ma MAR,"AM,LW",23-005,90,0,0,0,5,2,0,3,0,0,0,0,0,8,0,2,0.0,https://fbref.com/en/players/ad7873cb/Ilias-Chair-Ilias Chair,
7,Geoff Cameron,https://fbref.com/en/players/1a160ea3/Geoff-Cameron,20,20,us USA,DM,35-116,90,0,0,0,0,2,0,0,0,1,0,0,0,4,1,3,25.0,https://fbref.com/en/players/1a160ea3/Geoff-Cameron-Geoff Cameron,
8,Tom Carroll,https://fbref.com/en/players/5a1900a4/Tom-Carroll,22,22,eng ENG,"DM,AM",28-160,90,0,0,0,1,0,0,1,0,1,0,0,0,6,1,1,50.0,https://fbref.com/en/players/5a1900a4/Tom-Carroll-Tom Carroll,
9,Niko Hämäläinen,https://fbref.com/en/players/4435db1e/Niko-Hamalainen,25,25,fi FIN,LB,23-244,90,0,0,0,1,1,0,0,2,2,0,0,0,9,0,2,0.0,https://fbref.com/en/players/4435db1e/Niko-Hamalainen-Niko Hämäläinen,
10,Yoann Barbet,https://fbref.com/en/players/c52bbd2c/Yoann-Barbet,6,6,fr FRA,CB,27-178,90,0,0,0,0,0,0,0,3,0,0,0,0,5,2,2,50.0,https://fbref.com/en/players/c52bbd2c/Yoann-Barbet-Yoann Barbet,
11,Robert Dickie,https://fbref.com/en/players/c7dfc411/Robert-Dickie,4,4,eng ENG,CB,24-246,90,0,0,0,0,1,0,0,1,2,0,0,0,6,4,1,80.0,https://fbref.com/en/players/c7dfc411/Robert-Dickie-Robert Dickie,
12,Todd Kane,https://fbref.com/en/players/dd082c59/Todd-Kane,2,2,eng ENG,RB,27-048,90,0,0,0,1,0,0,2,0,0,0,0,0,3,2,2,50.0,https://fbref.com/en/players/dd082c59/Todd-Kane-Todd Kane,
13,Seny Dieng,https://fbref.com/en/players/c135cddd/Seny-Dieng,13,13,sn SEN,GK,25-347,90,0,0,0,0,0,0,0,0,0,0,0,0,2,0,0,,https://fbref.com/en/players/c135cddd/Seny-Dieng-Seny Dieng,
