,Minute,Player,Squad,xG,PSxG,Outcome,Distance,Body Part,Notes,SCA 1 Player,SCA 1 Event,SCA 2 Player,SCA 2 Event
0,2,Ilias Chair,QPR,0.05,,Blocked,17,Right Foot,,Bright Osayi-Samuel,Pass (Live),Ilias Chair,Pass (Live)
1,3,Bright Osayi-Samuel,QPR,0.03,,Off Target,22,Right Foot,,Albert Adomah,Pass (Live),Ilias Chair,Pass (Dead)
2,4,Kamil Jóźwiak,Derby County,0.05,0.04,Saved,14,Right Foot,,Wayne Rooney,Pass (Live),,
3,7,Lyndon Dykes,QPR,0.30,0.16,Saved,6,Head,,Albert Adomah,Pass (Live),Albert Adomah,Take-On
4,22,Ilias Chair,QPR,0.07,,Blocked,16,Right Foot,,Todd Kane,Pass (Live),,
5,22,Todd Kane,QPR,0.03,,Blocked,21,Left Foot,Volley,Ilias Chair,Shot,,
6,33,Wayne Rooney,Derby County,0.05,0.48,Saved,18,Right Foot,,Kamil Jóźwiak,Pass (Live),Craig Forsyth,Pass (Live)
7,34,Ilias Chair,QPR,0.06,,Blocked,6,Head,,Albert Adomah,Pass (Live),Geoff Cameron,Pass (Live)
8,34,Todd Kane,QPR,0.06,,Off Target,14,Left Foot,Volley,Ilias Chair,Shot,,
9,41,Ilias Chair,QPR,0.03,,Off Target,25,Right Foot,,Bright Osayi-Samuel,Pass (Live),Tom Carroll,Pass (Live)
10,,,,,,,,,,,,,
11,51,Wayne Rooney,Derby County,0.04,,Blocked,26,Right Foot,,Tom Lawrence,Pass (Live),Graeme Shinnie,Pass (Live)
12,55,Wayne Rooney,Derby County,0.05,,Blocked,17,Right Foot,,Jason Knight,Pass (Live),Tom Lawrence,Pass (Live)
13,59,Robert Dickie,QPR,0.08,,Off Target,11,Right Foot,,Tom Carroll,Pass (Dead),Bright Osayi-Samuel,Fouled
14,62,Ilias Chair,QPR,0.03,,Off Target,24,Left Foot,,Macauley Bonne,Pass (Live),Todd Kane,Pass (Dead)
15,75,Matthew Clarke,Derby County,0.05,0.04,Saved,11,Head,,Wayne Rooney,Pass (Dead),Tom Lawrence,Pass (Live)
16,75,Craig Forsyth,Derby County,0.03,,Off Target,24,Left Foot,,Graeme Shinnie,Pass (Live),Wayne Rooney,Pass (Live)
17,79,Geoff Cameron,QPR,0.06,0.04,Saved,10,Right Foot,Volley,Ilias Chair,Pass (Dead),Tom Carroll,Pass (Live)
18,82,Todd Kane,QPR,0.05,,Off Target,13,Right Foot,,Chris Willock,Pass (Live),Niko Hämäläinen,Pass (Dead)
19,86,Macauley Bonne,QPR,0.04,,Blocked,19,Right Foot,Volley,Tom Carroll,Pass (Live),Geoff Cameron,Pass (Live)
20,88,Macauley Bonne,QPR,0.38,0.82,Goal,9,Head,,Robert Dickie,Pass (Live),Robert Dickie,Tackle
21,90+4,Tom Lawrence,Derby County,0.04,0.02,Saved,14,Head,,Craig Forsyth,Pass (Live),Matthew Clarke,Pass (Live)
