,Player Name,Player Number,Player,#,Nation,Pos,Age,Min,Touches,Def Pen,Def 3rd,Mid 3rd,Att 3rd,Att Pen,Live,Att,Succ,Succ%,Tkld,Tkld%,Carries,TotDist,PrgDist,PrgC,1/3,CPA,Mis,Dis,Rec,PrgR,Player Key,Player Link
0,Matthew Godden,https://fbref.com/en/players/4e43f8c0/Matthew-Godden,24,24,eng ENG,FW,29-247,58,14,0,1,7,6,3,14,0,0,,0,,4,31,0,0,0,0,0,1,7,3,https://fbref.com/en/players/4e43f8c0/Matthew-Godden-Matthew Godden,
1,Tyler Walker,https://fbref.com/en/players/6625dc22/Tyler-Walker,19,19,eng ENG,FW,24-167,32,13,0,0,1,12,2,13,0,0,,0,,6,13,11,0,0,0,2,0,12,10,https://fbref.com/en/players/6625dc22/Tyler-Walker-Tyler Walker,
2,Jordan Shipley,https://fbref.com/en/players/3c13cd5d/Jordan-Shipley,26,26,ie IRL,AM,23-188,57,15,0,7,7,1,1,15,0,0,,0,,7,36,30,1,0,0,2,0,9,0,https://fbref.com/en/players/3c13cd5d/Jordan-Shipley-Jordan Shipley,
3,Viktor Gyökeres,https://fbref.com/en/players/4d5a9185/Viktor-Gyokeres,12,12,se SWE,AM,22-302,33,12,1,1,4,8,2,12,0,0,,0,,7,83,38,1,0,1,1,0,8,1,https://fbref.com/en/players/4d5a9185/Viktor-Gyokeres-Viktor Gyökeres,
4,Jamie Allen,https://fbref.com/en/players/2c183a79/Jamie-Allen,8,8,eng ENG,AM,26-063,57,21,0,5,14,2,0,21,1,0,0.0,1,100.0,16,83,30,0,0,0,0,0,16,1,https://fbref.com/en/players/2c183a79/Jamie-Allen-Jamie Allen,
5,Callum O'Hare,https://fbref.com/en/players/39072483/Callum-OHare,11,11,eng ENG,AM,22-336,33,22,0,1,9,12,1,22,0,0,,0,,11,37,18,1,0,1,2,0,16,6,https://fbref.com/en/players/39072483/Callum-OHare-Callum O'Hare,
6,Matty James,https://fbref.com/en/players/ebd0a048/Matty-James,25,25,eng ENG,CM,29-254,90,71,6,23,38,13,1,71,1,1,100.0,0,0.0,34,274,128,3,3,1,4,1,49,2,https://fbref.com/en/players/ebd0a048/Matty-James-Matty James,
7,Gustavo Hamer,https://fbref.com/en/players/eebacc07/Gustavo-Hamer,38,38,nl NED,CM,23-282,76,59,3,17,35,7,0,59,2,0,0.0,2,100.0,24,60,26,0,0,0,0,0,37,0,https://fbref.com/en/players/eebacc07/Gustavo-Hamer-Gustavo Hamer,
8,Josh Eccles,https://fbref.com/en/players/9722d36c/Josh-Eccles,28,28,eng ENG,CM,20-361,14,11,1,1,5,5,0,11,0,0,,0,,5,46,5,0,0,0,1,0,5,0,https://fbref.com/en/players/9722d36c/Josh-Eccles-Josh Eccles,
9,Sam McCallum,https://fbref.com/en/players/7074c8f1/Sam-McCallum,21,21,eng ENG,WB,20-212,90,57,3,24,22,12,1,57,0,0,,0,,22,123,52,3,1,0,0,0,30,5,https://fbref.com/en/players/7074c8f1/Sam-McCallum-Sam McCallum,
10,Julien Dacosta,https://fbref.com/en/players/6564b5c1/Julien-Dacosta,29,29,fr FRA,WB,24-308,90,40,4,9,14,17,2,40,3,0,0.0,3,100.0,18,114,54,2,0,0,2,1,24,11,https://fbref.com/en/players/6564b5c1/Julien-Dacosta-Julien Dacosta,
11,Dominic Hyam,https://fbref.com/en/players/ce95958a/Dominic-Hyam,15,15,sct SCO,CB,25-103,90,83,13,49,31,3,1,83,0,0,,0,,44,187,119,2,0,0,0,0,58,1,https://fbref.com/en/players/ce95958a/Dominic-Hyam-Dominic Hyam,
12,Leo Skiri Østigård,https://fbref.com/en/players/b35a7399/Leo-Skiri-Ostigard,2,2,no NOR,CB,21-125,90,67,11,44,19,4,2,67,0,0,,0,,30,202,128,0,0,0,0,1,41,0,https://fbref.com/en/players/b35a7399/Leo-Skiri-Ostigard-Leo Skiri Østigård,
13,Michael Rose,https://fbref.com/en/players/607581fc/Michael-Rose,4,4,sct SCO,CB,25-173,65,42,7,22,18,2,0,42,0,0,,0,,16,160,98,2,1,0,0,0,23,0,https://fbref.com/en/players/607581fc/Michael-Rose-Michael Rose,
14,Josh Pask,https://fbref.com/en/players/ccd1bb4d/Josh-Pask,16,16,eng ENG,CB,23-152,25,17,3,4,13,0,0,17,0,0,,0,,5,45,26,0,0,0,0,0,7,0,https://fbref.com/en/players/ccd1bb4d/Josh-Pask-Josh Pask,
15,Marko Maroši,https://fbref.com/en/players/1aa0308a/Marko-Marosi,1,1,sk SVK,GK,27-161,90,32,26,32,0,0,0,32,0,0,,0,,13,73,49,0,0,0,0,0,13,0,https://fbref.com/en/players/1aa0308a/Marko-Marosi-Marko Maroši,
