,Player Name,Player Number,Player,#,Nation,Pos,Age,Min,Att,Live,Dead,FK,TB,Sw,Crs,TI,CK,In,Out,Str,Cmp,Off,Blocks,Player Key,Player Link
0,Matthew Godden,https://fbref.com/en/players/4e43f8c0/Matthew-Godden,24,24,eng ENG,FW,29-247,58,12,9,3,0,0,0,0,0,0,0,0,0,10,0,1,https://fbref.com/en/players/4e43f8c0/Matthew-Godden-Matthew Godden,
1,Tyler Walker,https://fbref.com/en/players/6625dc22/Tyler-Walker,19,19,eng ENG,FW,24-167,32,10,10,0,0,0,0,3,0,0,0,0,0,4,0,0,https://fbref.com/en/players/6625dc22/Tyler-Walker-Tyler Walker,
2,Jordan Shipley,https://fbref.com/en/players/3c13cd5d/Jordan-Shipley,26,26,ie IRL,AM,23-188,57,12,12,0,0,0,0,0,0,0,0,0,0,6,0,0,https://fbref.com/en/players/3c13cd5d/Jordan-Shipley-Jordan Shipley,
3,Viktor Gyökeres,https://fbref.com/en/players/4d5a9185/Viktor-Gyokeres,12,12,se SWE,AM,22-302,33,8,8,0,0,0,0,0,0,0,0,0,0,5,0,1,https://fbref.com/en/players/4d5a9185/Viktor-Gyokeres-Viktor Gyökeres,
4,Jamie Allen,https://fbref.com/en/players/2c183a79/Jamie-Allen,8,8,eng ENG,AM,26-063,57,16,16,0,0,0,0,1,0,0,0,0,0,12,0,0,https://fbref.com/en/players/2c183a79/Jamie-Allen-Jamie Allen,
5,Callum O'Hare,https://fbref.com/en/players/39072483/Callum-OHare,11,11,eng ENG,AM,22-336,33,17,15,2,0,0,0,1,1,0,0,0,0,14,0,1,https://fbref.com/en/players/39072483/Callum-OHare-Callum O'Hare,
6,Matty James,https://fbref.com/en/players/ebd0a048/Matty-James,25,25,eng ENG,CM,29-254,90,61,56,5,3,0,1,5,1,1,1,0,0,50,0,0,https://fbref.com/en/players/ebd0a048/Matty-James-Matty James,
7,Gustavo Hamer,https://fbref.com/en/players/eebacc07/Gustavo-Hamer,38,38,nl NED,CM,23-282,76,49,45,3,1,0,0,2,0,2,2,0,0,37,1,1,https://fbref.com/en/players/eebacc07/Gustavo-Hamer-Gustavo Hamer,
8,Josh Eccles,https://fbref.com/en/players/9722d36c/Josh-Eccles,28,28,eng ENG,CM,20-361,14,7,6,1,0,0,0,1,0,1,1,0,0,6,0,0,https://fbref.com/en/players/9722d36c/Josh-Eccles-Josh Eccles,
9,Sam McCallum,https://fbref.com/en/players/7074c8f1/Sam-McCallum,21,21,eng ENG,WB,20-212,90,50,39,11,0,0,0,6,9,2,2,0,0,36,0,4,https://fbref.com/en/players/7074c8f1/Sam-McCallum-Sam McCallum,
10,Julien Dacosta,https://fbref.com/en/players/6564b5c1/Julien-Dacosta,29,29,fr FRA,WB,24-308,90,28,26,2,0,0,0,3,2,0,0,0,0,19,0,0,https://fbref.com/en/players/6564b5c1/Julien-Dacosta-Julien Dacosta,
11,Dominic Hyam,https://fbref.com/en/players/ce95958a/Dominic-Hyam,15,15,sct SCO,CB,25-103,90,74,71,3,2,0,1,0,1,0,0,0,0,56,0,0,https://fbref.com/en/players/ce95958a/Dominic-Hyam-Dominic Hyam,
12,Leo Skiri Østigård,https://fbref.com/en/players/b35a7399/Leo-Skiri-Ostigard,2,2,no NOR,CB,21-125,90,50,49,1,1,0,0,0,0,0,0,0,0,46,0,0,https://fbref.com/en/players/b35a7399/Leo-Skiri-Ostigard-Leo Skiri Østigård,
13,Michael Rose,https://fbref.com/en/players/607581fc/Michael-Rose,4,4,sct SCO,CB,25-173,65,32,26,6,2,0,1,0,4,0,0,0,0,27,0,1,https://fbref.com/en/players/607581fc/Michael-Rose-Michael Rose,
14,Josh Pask,https://fbref.com/en/players/ccd1bb4d/Josh-Pask,16,16,eng ENG,CB,23-152,25,15,11,4,0,0,0,0,4,0,0,0,0,10,0,0,https://fbref.com/en/players/ccd1bb4d/Josh-Pask-Josh Pask,
15,Marko Maroši,https://fbref.com/en/players/1aa0308a/Marko-Marosi,1,1,sk SVK,GK,27-161,90,26,20,6,2,0,0,0,0,0,0,0,0,21,0,0,https://fbref.com/en/players/1aa0308a/Marko-Marosi-Marko Maroši,
