,Player Name,Player Number,Player,#,Nation,Pos,Age,Min,Touches,Def Pen,Def 3rd,Mid 3rd,Att 3rd,Att Pen,Live,Att,Succ,Succ%,Tkld,Tkld%,Carries,TotDist,PrgDist,PrgC,1/3,CPA,Mis,Dis,Rec,PrgR,Player Key,Player Link
0,Charlie Austin,https://fbref.com/en/players/8d228291/Charlie-Austin,45,45,eng ENG,FW,31-271,65,25,0,1,14,11,2,25,0,0,,0,,14,27,1,0,0,0,6,2,20,6,https://fbref.com/en/players/8d228291/Charlie-Austin-Charlie Austin,
1,Lyndon Dykes,https://fbref.com/en/players/cd92357a/Lyndon-Dykes,9,9,sct SCO,FW,25-177,25,10,2,3,3,4,3,10,0,0,,0,,5,11,4,0,0,0,0,0,7,1,https://fbref.com/en/players/cd92357a/Lyndon-Dykes-Lyndon Dykes,
2,Ilias Chair,https://fbref.com/en/players/ad7873cb/Ilias-Chair,10,10,ma MAR,AM,23-154,74,58,0,4,22,33,9,58,2,1,50.0,1,50.0,41,333,216,10,6,5,1,1,45,11,https://fbref.com/en/players/ad7873cb/Ilias-Chair-Ilias Chair,
3,Albert Adomah,https://fbref.com/en/players/c7174e81/Albert-Adomah,37,37,gh GHA,AM,33-110,16,9,0,0,4,5,1,9,1,0,0.0,1,100.0,4,56,48,2,1,1,0,0,5,1,https://fbref.com/en/players/c7174e81/Albert-Adomah-Albert Adomah,
4,Chris Willock,https://fbref.com/en/players/be0bd828/Chris-Willock,21,21,eng ENG,AM,23-061,65,38,0,0,16,22,5,38,0,0,,0,,21,91,31,1,0,0,8,0,34,7,https://fbref.com/en/players/be0bd828/Chris-Willock-Chris Willock,
5,George Thomas,https://fbref.com/en/players/7ef24097/George-Thomas,19,19,wls WAL,AM,24-009,25,13,2,2,3,8,2,13,0,0,,0,,8,25,9,1,0,1,0,1,11,7,https://fbref.com/en/players/7ef24097/George-Thomas-George Thomas,
6,Stefan Johansen,https://fbref.com/en/players/a48da055/Stefan-Johansen,14,14,no NOR,CM,30-084,82,71,0,4,53,15,0,71,1,1,100.0,0,0.0,41,194,100,1,0,0,1,0,55,2,https://fbref.com/en/players/a48da055/Stefan-Johansen-Stefan Johansen,
7,Dominic Ball,https://fbref.com/en/players/79d61875/Dominic-Ball,12,12,eng ENG,CM,25-243,8,3,0,1,2,0,0,3,0,0,,0,,2,4,0,0,0,0,0,1,2,0,https://fbref.com/en/players/79d61875/Dominic-Ball-Dominic Ball,
8,Sam Field,https://fbref.com/en/players/bd8a7d05/Sam-Field,15,15,eng ENG,CM,22-329,90,63,4,19,33,12,0,63,0,0,,0,,31,148,76,1,1,0,1,1,39,0,https://fbref.com/en/players/bd8a7d05/Sam-Field-Sam Field,
9,Lee Wallace,https://fbref.com/en/players/c3a396e2/Lee-Wallace,3,3,sct SCO,WB,33-244,82,64,1,13,19,32,3,64,0,0,,0,,30,65,30,0,0,0,1,0,41,11,https://fbref.com/en/players/c3a396e2/Lee-Wallace-Lee Wallace,
10,Charlie Kelman,https://fbref.com/en/players/d7cf39b1/Charlie-Kelman,29,29,us USA,WB,19-151,8,3,0,0,0,3,1,3,0,0,,0,,1,2,0,0,0,0,0,1,2,0,https://fbref.com/en/players/d7cf39b1/Charlie-Kelman-Charlie Kelman,
11,Osman Kakay,https://fbref.com/en/players/0aed0751/Osman-Kakay,24,24,sl SLE,WB,23-220,90,45,0,14,21,12,2,45,3,3,100.0,0,0.0,26,159,65,2,0,1,1,2,27,4,https://fbref.com/en/players/0aed0751/Osman-Kakay-Osman Kakay,
12,Yoann Barbet,https://fbref.com/en/players/c52bbd2c/Yoann-Barbet,6,6,fr FRA,CB,27-327,90,87,6,43,33,12,0,87,2,2,100.0,0,0.0,65,301,196,3,0,0,1,0,72,1,https://fbref.com/en/players/c52bbd2c/Yoann-Barbet-Yoann Barbet,
13,Geoff Cameron,https://fbref.com/en/players/1a160ea3/Geoff-Cameron,20,20,us USA,CB,35-265,90,64,9,45,18,1,0,64,0,0,,0,,36,141,40,0,0,0,1,1,47,0,https://fbref.com/en/players/1a160ea3/Geoff-Cameron-Geoff Cameron,
14,Robert Dickie,https://fbref.com/en/players/c7dfc411/Robert-Dickie,4,4,eng ENG,CB,25-030,90,90,7,39,41,10,1,90,0,0,,0,,48,259,149,2,2,0,2,0,59,0,https://fbref.com/en/players/c7dfc411/Robert-Dickie-Robert Dickie,
15,Joe Lumley,https://fbref.com/en/players/bdf3a08e/Joe-Lumley,1,1,eng ENG,GK,26-046,90,49,39,49,0,0,0,49,0,0,,0,,32,143,76,0,0,0,0,0,28,0,https://fbref.com/en/players/bdf3a08e/Joe-Lumley-Joe Lumley,
