,Player Name,Player Number,Player,#,Nation,Pos,Age,Min,Att,Live,Dead,FK,TB,Sw,Crs,TI,CK,In,Out,Str,Cmp,Off,Blocks,Player Key,Player Link
0,Charlie Austin,https://fbref.com/en/players/8d228291/Charlie-Austin,45,45,eng ENG,FW,31-271,65,16,16,0,0,0,0,1,0,0,0,0,0,11,0,1,https://fbref.com/en/players/8d228291/Charlie-Austin-Charlie Austin,
1,Lyndon Dykes,https://fbref.com/en/players/cd92357a/Lyndon-Dykes,9,9,sct SCO,FW,25-177,25,4,4,0,0,0,0,0,0,0,0,0,0,2,0,0,https://fbref.com/en/players/cd92357a/Lyndon-Dykes-Lyndon Dykes,
2,Ilias Chair,https://fbref.com/en/players/ad7873cb/Ilias-Chair,10,10,ma MAR,AM,23-154,74,48,45,3,0,0,0,2,0,2,1,1,0,44,0,0,https://fbref.com/en/players/ad7873cb/Ilias-Chair-Ilias Chair,
3,Albert Adomah,https://fbref.com/en/players/c7174e81/Albert-Adomah,37,37,gh GHA,AM,33-110,16,6,5,1,0,0,0,1,0,1,0,0,0,3,0,1,https://fbref.com/en/players/c7174e81/Albert-Adomah-Albert Adomah,
4,Chris Willock,https://fbref.com/en/players/be0bd828/Chris-Willock,21,21,eng ENG,AM,23-061,65,27,27,0,0,0,0,0,0,0,0,0,0,23,0,0,https://fbref.com/en/players/be0bd828/Chris-Willock-Chris Willock,
5,George Thomas,https://fbref.com/en/players/7ef24097/George-Thomas,19,19,wls WAL,AM,24-009,25,9,8,1,0,0,0,1,0,1,1,0,0,3,0,1,https://fbref.com/en/players/7ef24097/George-Thomas-George Thomas,
6,Stefan Johansen,https://fbref.com/en/players/a48da055/Stefan-Johansen,14,14,no NOR,CM,30-084,82,68,63,5,3,1,2,2,0,2,1,0,0,59,0,0,https://fbref.com/en/players/a48da055/Stefan-Johansen-Stefan Johansen,
7,Dominic Ball,https://fbref.com/en/players/79d61875/Dominic-Ball,12,12,eng ENG,CM,25-243,8,3,3,0,0,0,0,0,0,0,0,0,0,2,0,0,https://fbref.com/en/players/79d61875/Dominic-Ball-Dominic Ball,
8,Sam Field,https://fbref.com/en/players/bd8a7d05/Sam-Field,15,15,eng ENG,CM,22-329,90,54,52,2,0,0,0,0,2,0,0,0,0,50,0,0,https://fbref.com/en/players/bd8a7d05/Sam-Field-Sam Field,
9,Lee Wallace,https://fbref.com/en/players/c3a396e2/Lee-Wallace,3,3,sct SCO,WB,33-244,82,58,45,13,1,0,0,5,12,0,0,0,0,43,0,0,https://fbref.com/en/players/c3a396e2/Lee-Wallace-Lee Wallace,
10,Charlie Kelman,https://fbref.com/en/players/d7cf39b1/Charlie-Kelman,29,29,us USA,WB,19-151,8,1,1,0,0,0,0,0,0,0,0,0,0,1,0,0,https://fbref.com/en/players/d7cf39b1/Charlie-Kelman-Charlie Kelman,
11,Osman Kakay,https://fbref.com/en/players/0aed0751/Osman-Kakay,24,24,sl SLE,WB,23-220,90,39,33,6,0,0,0,4,6,0,0,0,0,29,0,2,https://fbref.com/en/players/0aed0751/Osman-Kakay-Osman Kakay,
12,Yoann Barbet,https://fbref.com/en/players/c52bbd2c/Yoann-Barbet,6,6,fr FRA,CB,27-327,90,79,79,0,0,0,1,3,0,0,0,0,0,68,0,0,https://fbref.com/en/players/c52bbd2c/Yoann-Barbet-Yoann Barbet,
13,Geoff Cameron,https://fbref.com/en/players/1a160ea3/Geoff-Cameron,20,20,us USA,CB,35-265,90,58,57,1,1,0,0,0,0,0,0,0,0,53,0,1,https://fbref.com/en/players/1a160ea3/Geoff-Cameron-Geoff Cameron,
14,Robert Dickie,https://fbref.com/en/players/c7dfc411/Robert-Dickie,4,4,eng ENG,CB,25-030,90,78,78,0,0,0,2,2,0,0,0,0,0,63,0,0,https://fbref.com/en/players/c7dfc411/Robert-Dickie-Robert Dickie,
15,Joe Lumley,https://fbref.com/en/players/bdf3a08e/Joe-Lumley,1,1,eng ENG,GK,26-046,90,49,38,11,3,0,0,0,0,0,0,0,0,43,0,0,https://fbref.com/en/players/bdf3a08e/Joe-Lumley-Joe Lumley,
