,Minute,Player,Squad,xG,PSxG,Outcome,Distance,Body Part,Notes,SCA 1 Player,SCA 1 Event,SCA 2 Player,SCA 2 Event
0,2,Chris Willock,QPR,0.35,0.86,Goal,8,Head,,Lee Wallace,Pass (Live),Ilias Chair,Pass (Live)
1,8,Ilias Chair,QPR,0.05,0.03,Saved,12,Right Foot,,Chris Willock,Pass (Live),Stefan Johansen,Pass (Live)
2,9,Charlie Austin,QPR,0.37,0.68,Saved,8,Head,,Osman Kakay,Pass (Live),,
3,12,Yoann Barbet,QPR,0.05,,Blocked,21,Left Foot,,Ilias Chair,Pass (Live),Stefan Johansen,Pass (Live)
4,15,Robert Dickie,QPR,0.08,0.22,Saved,8,Head,,Ilias Chair,Pass (Dead),Robert Dickie,Pass (Live)
5,22,Ilias Chair,QPR,0.09,0.02,Saved,6,Right Foot,,Charlie Austin,Pass (Live),Stefan Johansen,Pass (Live)
6,26,Dominic Hyam,Coventry City,0.08,,Off Target,7,Head,,Sam McCallum,Pass (Dead),,
7,26,Matty James,Coventry City,0.08,0.04,Saved,8,Head,,Matthew Godden,Pass (Live),Dominic Hyam,Shot
8,34,Stefan Johansen,QPR,0.01,,Off Target,66,Left Foot,,Joe Lumley,Pass (Live),,
9,41,Ilias Chair,QPR,0.25,0.34,Saved,12,Left Foot,,,,,
10,45+2,Gustavo Hamer,Coventry City,0.07,0.07,Saved,25,Right Foot,Free kick,Matthew Godden,Fouled,Leo Skiri Østigård,Pass (Live)
11,,,,,,,,,,,,,
12,50,Ilias Chair,QPR,0.44,0.43,Saved,14,Right Foot,,Stefan Johansen,Pass (Live),Chris Willock,Pass (Live)
13,51,Sam McCallum,Coventry City,0.04,,Blocked,16,Left Foot,,Dominic Hyam,Pass (Live),Gustavo Hamer,Pass (Live)
14,57,Matthew Godden,Coventry City,0.05,,Off Target,14,Left Foot,Volley,Michael Rose,Pass (Live),Jamie Allen,Pass (Live)
15,59,Tyler Walker,Coventry City,0.07,,Blocked,18,Right Foot,,Viktor Gyökeres,Pass (Live),Tyler Walker,Pass (Live)
16,61,Leo Skiri Østigård,Coventry City,0.08,,Off Target,8,Head,,Sam McCallum,Pass (Dead),,
17,68,Ilias Chair,QPR,0.05,0.29,Goal,14,Right Foot,Deflected,Stefan Johansen,Pass (Live),,
18,71,George Thomas,QPR,0.04,,Blocked,16,Right Foot,,Stefan Johansen,Pass (Live),Ilias Chair,Pass (Live)
19,72,Sam Field,QPR,0.03,,Blocked,30,Left Foot,,Stefan Johansen,Pass (Live),Osman Kakay,Pass (Live)
20,74,George Thomas,QPR,0.06,0.04,Saved,15,Left Foot,,Stefan Johansen,Pass (Live),Robert Dickie,Pass (Live)
21,75,Lyndon Dykes,QPR,0.05,,Blocked,15,Right Foot,,Robert Dickie,Pass (Live),,
22,80,Viktor Gyökeres,Coventry City,0.04,,Off Target,17,Head,,Matty James,Pass (Dead),Callum O'Hare,Fouled
23,83,Lyndon Dykes,QPR,0.06,,Blocked,15,Right Foot,Volley,Robert Dickie,Pass (Live),Osman Kakay,Pass (Dead)
24,86,Viktor Gyökeres,Coventry City,0.10,,Off Target,22,Right Foot,Free kick,Josh Eccles,Fouled,Josh Eccles,Tackle
25,90+3,Josh Eccles,Coventry City,0.02,0.05,Saved,30,Right Foot,,Matty James,Fouled,,
26,90+4,Albert Adomah,QPR,0.04,0.05,Saved,16,Right Foot,,Dominic Ball,Pass (Live),Albert Adomah,Pass (Live)
27,90+5,Lyndon Dykes,QPR,0.08,,Off Target,5,Head,,George Thomas,Pass (Dead),Albert Adomah,Shot
