season,injury,from,until,days,missed_games
23/24,unknown injury,"Mar 3, 2024","Apr 14, 2024",42 days,7
22/23,unknown injury,"May 1, 2023","May 30, 2023",29 days,4
22/23,Ankle injury,"Feb 28, 2023","Mar 15, 2023",15 days,3
21/22,Ankle injury,"Apr 1, 2022","Apr 6, 2022",5 days,1
20/21,Chest injury,"May 7, 2021","Aug 1, 2021",86 days,2
20/21,Corona virus,"Jan 3, 2021","Jan 13, 2021",10 days,2
20/21,Back injury,"Oct 13, 2020","Oct 20, 2020",7 days,2
19/20,Knock,"Oct 25, 2019","Jan 2, 2020",69 days,10
19/20,Head injury,"Aug 16, 2019","Sep 11, 2019",26 days,3
18/19,Knee injury,"Mar 1, 2018","Sep 27, 2018",210 days,19
16/17,Groin injury,"Aug 26, 2016","Oct 12, 2016",47 days,6
