season,injury,from,until,days,missed_games
22/23,Achilles tendon problems,"Jan 7, 2023","Sep 9, 2023",245 days,30
21/22,unknown injury,"Feb 3, 2022","Feb 16, 2022",13 days,2
21/22,unknown injury,"Nov 1, 2021","Nov 25, 2021",24 days,2
20/21,Ankle surgery,"Aug 9, 2020","Dec 21, 2020",134 days,19
19/20,Ankle injury,"Jul 28, 2019","Feb 10, 2020",197 days,33
17/18,Hip injury,"Oct 20, 2017","Nov 17, 2017",28 days,5
16/17,Toe injury,"Oct 21, 2016","Sep 21, 2017",335 days,39
16/17,Toe injury,"Jul 29, 2016","Oct 2, 2016",65 days,12
15/16,Foot injury,"Nov 15, 2015","Nov 20, 2015",5 days,1
14/15,Knee injury,"Feb 16, 2015","Feb 21, 2015",5 days,1
14/15,Leg injury,"Oct 11, 2014","Oct 25, 2014",14 days,4
14/15,Injury to abdominal muscles,"Sep 1, 2014","Sep 12, 2014",11 days,4
