season,injury,from,until,days,missed_games
23/24,Groin injury,"Feb 26, 2024","Apr 7, 2024",41 days,7
23/24,Hamstring injury,"Feb 14, 2024","Feb 21, 2024",7 days,2
23/24,Hamstring injury,"Nov 16, 2023","Dec 16, 2023",30 days,6
22/23,Groin injury,"Apr 9, 2023","Apr 12, 2023",3 days,1
22/23,Foot injury,"Mar 22, 2023","Mar 24, 2023",2 days,1
22/23,Knee injury,"Feb 18, 2023","Feb 26, 2023",8 days,2
21/22,Knock,"Apr 18, 2022","Apr 27, 2022",9 days,1
21/22,Corona virus,"Mar 21, 2022","Mar 28, 2022",7 days,1
21/22,minor knock,"Nov 3, 2021","Nov 6, 2021",3 days,1
21/22,Groin injury,"Aug 12, 2021","Aug 18, 2021",6 days,2
21/22,Fitness,"Jul 17, 2021","Jul 28, 2021",11 days,1
20/21,Ankle injury,"Jan 12, 2021","Feb 24, 2021",43 days,10
20/21,Hamstring injury,"Oct 1, 2020","Nov 5, 2020",35 days,5
19/20,Hamstring injury,"Jul 15, 2020","Jul 25, 2020",10 days,2
19/20,Knock,"Jan 12, 2020","Jan 17, 2020",5 days,-
