season,injury,from,until,days,missed_games
23/24,Ankle injury,"May 4, 2024","Jun 1, 2024",28 days,3
23/24,flu,"Feb 24, 2024","Feb 28, 2024",4 days,1
23/24,Hamstring injury,"Nov 25, 2023","Jan 2, 2024",38 days,7
23/24,Head injury,"Nov 7, 2023","Nov 13, 2023",6 days,2
23/24,unknown injury,"Sep 15, 2023","Sep 24, 2023",9 days,2
22/23,Muscle injury,"Sep 11, 2022","Sep 26, 2022",15 days,3
20/21,Hamstring injury,"Mar 4, 2021","Jul 1, 2021",119 days,-
20/21,unknown injury,"Nov 28, 2020","Dec 4, 2020",6 days,2
20/21,minor knock,"Nov 4, 2020","Nov 7, 2020",3 days,1
19/20,Heel problems,"Feb 28, 2020","Feb 28, 2020",0 days,1
19/20,unknown injury,"Jan 26, 2020","Feb 3, 2020",8 days,2
19/20,unknown injury,"Jul 6, 2019","Sep 18, 2019",74 days,11
17/18,Hamstring injury,"Jul 16, 2017","Sep 30, 2017",76 days,17
