season,injury,from,until,days,missed_games
21/22,unknown injury,"Mar 6, 2022","Mar 11, 2022",5 days,2
21/22,unknown injury,"Jan 31, 2022","Feb 11, 2022",11 days,2
21/22,Foot injury,"Dec 17, 2021","Dec 31, 2021",14 days,1
20/21,Back injury,"Apr 14, 2021","Apr 19, 2021",5 days,2
20/21,Muscle injury,"Mar 27, 2021","Apr 10, 2021",14 days,3
20/21,Knee problems,"Nov 26, 2020","Dec 5, 2020",9 days,3
20/21,Knee problems,"Nov 9, 2020","Nov 25, 2020",16 days,4
19/20,Knee injury,"Jul 10, 2020","Nov 1, 2020",114 days,14
19/20,Foot injury,"Nov 20, 2019","Dec 31, 2019",41 days,4
