season,injury,from,until,days,missed_games
22/23,minor knock,"Jan 14, 2023","Jan 18, 2023",4 days,1
22/23,concussion,"Aug 2, 2022","Aug 6, 2022",4 days,-
20/21,Ligament injury,"Jan 1, 2021","Mar 1, 2021",59 days,10
20/21,Hamstring injury,"Sep 15, 2020","Oct 5, 2020",20 days,3
19/20,Muscle injury,"Jun 7, 2020","Aug 25, 2020",79 days,4
19/20,Quarantine,"Mar 17, 2020","Mar 31, 2020",14 days,-
19/20,Back problems,"Oct 8, 2019","Oct 16, 2019",8 days,2
19/20,Hamstring injury,"Aug 6, 2019","Aug 27, 2019",21 days,3
18/19,Muscle injury,"Mar 15, 2019","Apr 1, 2019",17 days,6
18/19,Blockage in the back,"Jan 30, 2019","Feb 24, 2019",25 days,5
18/19,Fitness,"Jan 19, 2019","Jan 29, 2019",10 days,2
18/19,Hamstring injury,"Nov 20, 2018","Jan 18, 2019",59 days,6
