season,injury,from,until,days,missed_games
23/24,Calf injury,"Feb 4, 2024","Apr 12, 2024",68 days,16
23/24,Wrist fracture,"Aug 19, 2023","Oct 11, 2023",53 days,11
22/23,Wrist fracture,"Feb 3, 2023","Apr 12, 2023",68 days,16
21/22,Rest,"Jun 2, 2022","Jun 15, 2022",13 days,4
21/22,Foot surgery,"Mar 13, 2022","May 23, 2022",71 days,16
21/22,Corona virus,"Nov 22, 2021","Dec 9, 2021",17 days,5
21/22,Groin injury,"Nov 15, 2021","Nov 18, 2021",3 days,1
21/22,Ill,"Jul 29, 2021","Aug 2, 2021",4 days,1
20/21,Knee injury,"Apr 12, 2021","Apr 26, 2021",14 days,1
20/21,Knee injury,"Mar 4, 2021","Mar 11, 2021",7 days,1
20/21,Knee injury,"Feb 15, 2021","Mar 1, 2021",14 days,4
20/21,Toe injury,"Nov 8, 2020","Feb 11, 2021",95 days,22
20/21,Knee injury,"Oct 29, 2020","Nov 5, 2020",7 days,3
20/21,Thigh problems,"Oct 8, 2020","Oct 15, 2020",7 days,3
19/20,minor knock,"Dec 19, 2019","Dec 23, 2019",4 days,2
