season,injury,from,until,days,missed_games
23/24,flu,"Feb 13, 2024","Feb 16, 2024",3 days,1
23/24,unknown injury,"Nov 16, 2023","Nov 24, 2023",8 days,2
23/24,unknown injury,"Sep 9, 2023","Sep 16, 2023",7 days,2
22/23,Hamstring injury,"Mar 24, 2023","Apr 7, 2023",14 days,3
22/23,unknown injury,"Dec 12, 2022","Dec 22, 2022",10 days,-
22/23,Mononucleation,"Sep 2, 2022","Sep 22, 2022",20 days,6
21/22,Thigh problems,"Mar 23, 2022","Apr 13, 2022",21 days,7
20/21,Knee surgery,"May 16, 2021","Sep 10, 2021",117 days,24
20/21,Ill,"Oct 3, 2020","Oct 14, 2020",11 days,6
