season,injury,from,until,days,missed_games
23/24,Knee surgery,"Mar 31, 2024","Jan 1, 2025",276 days,26
23/24,minor knock,"Mar 19, 2024","Mar 29, 2024",10 days,-
23/24,flu,"Feb 28, 2024","Mar 2, 2024",3 days,1
23/24,concussion,"Dec 3, 2023","Dec 12, 2023",9 days,2
22/23,Ill,"Mar 15, 2023","Mar 17, 2023",2 days,1
22/23,Ill,"Feb 4, 2023","Feb 7, 2023",3 days,1
22/23,Ill,"Sep 26, 2022","Oct 5, 2022",9 days,2
22/23,Hamstring injury,"Jul 30, 2022","Aug 6, 2022",7 days,-
21/22,Knock,"Apr 1, 2022","Apr 15, 2022",14 days,2
20/21,Cruciate ligament tear,"Feb 9, 2021","Feb 18, 2022",374 days,39
20/21,Knock,"Aug 28, 2020","Nov 1, 2020",65 days,17
