,Player Name,Player Number,Player,#,Nation,Pos,Age,Min,Touches,Def Pen,Def 3rd,Mid 3rd,Att 3rd,Att Pen,Live,Att,Succ,Succ%,Tkld,Tkld%,Carries,TotDist,PrgDist,PrgC,1/3,CPA,Mis,Dis,Rec,PrgR,Player Key,Player Link
0,Ibrahima Niane,https://fbref.com/en/players/46faabfa/Ibrahima-Niane,7,7,sn SEN,FW,21-172,69,23,1,1,11,11,4,23,1,0,0.0,1,100.0,16,127,66,1,0,0,2,0,18,3,https://fbref.com/en/players/46faabfa/Ibrahima-Niane-Ibrahima Niane,
1,Thierry Ambrose,https://fbref.com/en/players/2945f4b7/Thierry-Ambrose,9,9,gp GLP,FW,23-155,21,15,0,0,5,10,1,15,3,1,33.3,2,66.7,12,128,67,3,2,0,0,0,12,6,https://fbref.com/en/players/2945f4b7/Thierry-Ambrose-Thierry Ambrose,
2,Opa Nguette,https://fbref.com/en/players/75a63397/Opa-Nguette,11,11,sn SEN,LW,26-053,69,30,1,4,11,15,2,30,4,2,50.0,2,50.0,26,197,93,5,2,1,6,2,25,7,https://fbref.com/en/players/75a63397/Opa-Nguette-Opa Nguette,
3,Papa Ndiaga Yade,https://fbref.com/en/players/87e9c7cd/Papa-Ndiaga-Yade,26,26,mr MTN,LW,20-238,21,14,0,1,4,10,2,14,2,1,50.0,1,50.0,8,54,22,1,1,0,1,0,8,4,https://fbref.com/en/players/87e9c7cd/Papa-Ndiaga-Yade-Papa Ndiaga Yade,
4,Farid Boulaya,https://fbref.com/en/players/a0791826/Farid-Boulaya,10,10,dz ALG,RW,27-187,78,55,1,3,23,30,1,55,3,1,33.3,2,66.7,32,245,160,4,2,0,2,1,28,5,https://fbref.com/en/players/a0791826/Farid-Boulaya-Farid Boulaya,
5,Cheikh Tidiane Sabaly,https://fbref.com/en/players/9ddf7fae/Cheikh-Tidiane-Sabaly,15,15,sn SEN,RW,21-179,12,8,0,0,3,5,0,8,1,0,0.0,1,100.0,7,36,20,0,0,0,1,0,6,2,https://fbref.com/en/players/9ddf7fae/Cheikh-Tidiane-Sabaly-Cheikh Tidiane Sabaly,
6,Vincent Pajot,https://fbref.com/en/players/f86ca403/Vincent-Pajot,14,14,fr FRA,LM,30-011,90,61,1,12,39,11,1,61,2,1,50.0,1,50.0,32,190,103,1,3,0,0,0,34,2,https://fbref.com/en/players/f86ca403/Vincent-Pajot-Vincent Pajot,
7,Habib Maïga,https://fbref.com/en/players/e768de1f/Habib-Maiga,19,19,ci CIV,CM,24-242,90,65,0,9,43,15,2,65,1,1,100.0,0,0.0,38,187,85,1,2,0,4,1,38,2,https://fbref.com/en/players/e768de1f/Habib-Maiga-Habib Maïga,
8,Victorien Angban,https://fbref.com/en/players/d8992b84/Victorien-Angban,5,5,ci CIV,RM,23-336,58,44,0,3,31,11,1,44,6,4,66.7,2,33.3,35,215,97,2,0,0,2,3,33,1,https://fbref.com/en/players/d8992b84/Victorien-Angban-Victorien Angban,
9,Habib Diallo,https://fbref.com/en/players/6605d143/Habib-Diallo,20,20,sn SEN,RM,25-073,32,13,0,1,3,10,4,13,1,0,0.0,1,100.0,10,63,30,2,1,2,2,0,11,4,https://fbref.com/en/players/6605d143/Habib-Diallo-Habib Diallo,
10,Matthieu Udol,https://fbref.com/en/players/cc41f558/Matthieu-Udol,3,3,fr FRA,LB,24-163,90,76,2,29,29,18,0,76,1,1,100.0,0,0.0,41,201,85,2,5,0,2,4,37,7,https://fbref.com/en/players/cc41f558/Matthieu-Udol-Matthieu Udol,
11,John Boye,https://fbref.com/en/players/861227d2/John-Boye,21,21,gh GHA,CB,33-129,90,69,8,41,26,2,1,69,0,0,,0,,46,242,95,0,0,0,0,0,47,0,https://fbref.com/en/players/861227d2/John-Boye-John Boye,
12,Dylan Bronn,https://fbref.com/en/players/edd81e2a/Dylan-Bronn,2,2,tn TUN,CB,25-072,90,58,1,32,24,2,0,58,1,0,0.0,1,100.0,47,251,172,0,1,0,0,0,46,0,https://fbref.com/en/players/edd81e2a/Dylan-Bronn-Dylan Bronn,
13,Fabien Centonze,https://fbref.com/en/players/3c6bbbab/Fabien-Centonze,18,18,fr FRA,RB,24-227,90,83,2,30,38,15,1,83,1,0,0.0,1,100.0,52,224,105,1,1,0,3,0,51,10,https://fbref.com/en/players/3c6bbbab/Fabien-Centonze-Fabien Centonze,
14,Alexandre Oukidja,https://fbref.com/en/players/ae7d0ecd/Alexandre-Oukidja,16,16,dz ALG,GK,32-042,90,31,24,29,2,0,0,31,0,0,,0,,20,71,35,0,0,0,0,0,14,0,https://fbref.com/en/players/ae7d0ecd/Alexandre-Oukidja-Alexandre Oukidja,
