,Player Name,Player Number,Player,#,Nation,Pos,Age,Min,Gls,Ast,PK,PKatt,Sh,SoT,CrdY,CrdR,Touches,Tkl,Int,Blocks,xG,npxG,xAG,SCA,GCA,Cmp,Att,Cmp%,PrgP,Carries,PrgC,Att,Succ,Player Key,Player Link
0,Ibrahima Niane,https://fbref.com/en/players/46faabfa/Ibrahima-Niane,7,7,sn SEN,FW,21-172,69,0,0,0,0,4,1,0,0,23,0,0,1,0.2,0.2,0.0,2,0,9,13,69.2,2,16,1,1,0,https://fbref.com/en/players/46faabfa/Ibrahima-Niane-Ibrahima Niane,
1,Thierry Ambrose,https://fbref.com/en/players/2945f4b7/Thierry-Ambrose,9,9,gp GLP,FW,23-155,21,0,0,0,0,0,0,0,0,15,0,0,0,0.0,0.0,0.0,0,0,5,11,45.5,1,12,3,3,1,https://fbref.com/en/players/2945f4b7/Thierry-Ambrose-Thierry Ambrose,
2,Opa Nguette,https://fbref.com/en/players/75a63397/Opa-Nguette,11,11,sn SEN,LW,26-053,69,0,0,0,0,0,0,0,0,30,3,0,1,0.0,0.0,0.1,3,0,13,17,76.5,3,26,5,4,2,https://fbref.com/en/players/75a63397/Opa-Nguette-Opa Nguette,
3,Papa Ndiaga Yade,https://fbref.com/en/players/87e9c7cd/Papa-Ndiaga-Yade,26,26,mr MTN,LW,20-238,21,0,0,0,0,1,1,0,0,14,1,0,2,0.1,0.1,0.1,2,0,7,9,77.8,0,8,1,2,1,https://fbref.com/en/players/87e9c7cd/Papa-Ndiaga-Yade-Papa Ndiaga Yade,
4,Farid Boulaya,https://fbref.com/en/players/a0791826/Farid-Boulaya,10,10,dz ALG,RW,27-187,78,0,0,0,0,3,1,0,0,55,0,0,2,0.1,0.1,0.1,6,0,30,47,63.8,6,32,4,3,1,https://fbref.com/en/players/a0791826/Farid-Boulaya-Farid Boulaya,
5,Cheikh Tidiane Sabaly,https://fbref.com/en/players/9ddf7fae/Cheikh-Tidiane-Sabaly,15,15,sn SEN,RW,21-179,12,0,0,0,0,1,0,0,0,8,0,0,0,0.0,0.0,0.0,1,0,3,5,60.0,0,7,0,1,0,https://fbref.com/en/players/9ddf7fae/Cheikh-Tidiane-Sabaly-Cheikh Tidiane Sabaly,
6,Vincent Pajot,https://fbref.com/en/players/f86ca403/Vincent-Pajot,14,14,fr FRA,LM,30-011,90,0,0,0,0,1,1,0,0,61,5,1,0,0.2,0.2,0.0,3,0,44,51,86.3,7,32,1,2,1,https://fbref.com/en/players/f86ca403/Vincent-Pajot-Vincent Pajot,
7,Habib Maïga,https://fbref.com/en/players/e768de1f/Habib-Maiga,19,19,ci CIV,CM,24-242,90,0,0,0,0,0,0,0,0,65,3,1,1,0.0,0.0,0.0,2,0,45,54,83.3,5,38,1,1,1,https://fbref.com/en/players/e768de1f/Habib-Maiga-Habib Maïga,
8,Victorien Angban,https://fbref.com/en/players/d8992b84/Victorien-Angban,5,5,ci CIV,RM,23-336,58,0,0,0,0,0,0,0,0,44,2,0,1,0.0,0.0,0.0,0,0,28,33,84.8,5,35,2,6,4,https://fbref.com/en/players/d8992b84/Victorien-Angban-Victorien Angban,
9,Habib Diallo,https://fbref.com/en/players/6605d143/Habib-Diallo,20,20,sn SEN,RM,25-073,32,0,0,0,0,1,0,0,0,13,0,0,0,0.1,0.1,0.0,0,0,3,8,37.5,1,10,2,1,0,https://fbref.com/en/players/6605d143/Habib-Diallo-Habib Diallo,
10,Matthieu Udol,https://fbref.com/en/players/cc41f558/Matthieu-Udol,3,3,fr FRA,LB,24-163,90,0,0,0,0,0,0,0,0,76,4,4,0,0.0,0.0,0.3,3,0,49,64,76.6,5,41,2,1,1,https://fbref.com/en/players/cc41f558/Matthieu-Udol-Matthieu Udol,
11,John Boye,https://fbref.com/en/players/861227d2/John-Boye,21,21,gh GHA,CB,33-129,90,0,0,0,0,1,0,0,0,69,1,1,0,0.1,0.1,0.0,1,0,53,60,88.3,3,46,0,0,0,https://fbref.com/en/players/861227d2/John-Boye-John Boye,
12,Dylan Bronn,https://fbref.com/en/players/edd81e2a/Dylan-Bronn,2,2,tn TUN,CB,25-072,90,0,0,0,0,1,0,0,0,58,0,0,1,0.0,0.0,0.0,0,0,46,55,83.6,5,47,0,1,0,https://fbref.com/en/players/edd81e2a/Dylan-Bronn-Dylan Bronn,
13,Fabien Centonze,https://fbref.com/en/players/3c6bbbab/Fabien-Centonze,18,18,fr FRA,RB,24-227,90,0,0,0,0,1,0,0,0,83,2,4,2,0.0,0.0,0.0,2,0,54,67,80.6,10,52,1,1,0,https://fbref.com/en/players/3c6bbbab/Fabien-Centonze-Fabien Centonze,
14,Alexandre Oukidja,https://fbref.com/en/players/ae7d0ecd/Alexandre-Oukidja,16,16,dz ALG,GK,32-042,90,0,0,0,0,0,0,0,0,31,0,0,0,0.0,0.0,0.0,0,0,21,31,67.7,0,20,0,0,0,https://fbref.com/en/players/ae7d0ecd/Alexandre-Oukidja-Alexandre Oukidja,
