,Player Name,Player Number,Player,#,Nation,Pos,Age,Min,Att,Live,Dead,FK,TB,Sw,Crs,TI,CK,In,Out,Str,Cmp,Off,Blocks,Player Key,Player Link
0,Ibrahima Niane,https://fbref.com/en/players/46faabfa/Ibrahima-Niane,7,7,sn SEN,FW,21-172,69,13,11,2,0,0,0,1,0,0,0,0,0,9,0,0,https://fbref.com/en/players/46faabfa/Ibrahima-Niane-Ibrahima Niane,
1,Thierry Ambrose,https://fbref.com/en/players/2945f4b7/Thierry-Ambrose,9,9,gp GLP,FW,23-155,21,11,10,1,0,0,0,2,1,0,0,0,0,5,0,1,https://fbref.com/en/players/2945f4b7/Thierry-Ambrose-Thierry Ambrose,
2,Opa Nguette,https://fbref.com/en/players/75a63397/Opa-Nguette,11,11,sn SEN,LW,26-053,69,17,17,0,0,0,0,2,0,0,0,0,0,13,0,2,https://fbref.com/en/players/75a63397/Opa-Nguette-Opa Nguette,
3,Papa Ndiaga Yade,https://fbref.com/en/players/87e9c7cd/Papa-Ndiaga-Yade,26,26,mr MTN,LW,20-238,21,9,8,1,0,0,0,2,0,1,0,1,0,7,0,0,https://fbref.com/en/players/87e9c7cd/Papa-Ndiaga-Yade-Papa Ndiaga Yade,
4,Farid Boulaya,https://fbref.com/en/players/a0791826/Farid-Boulaya,10,10,dz ALG,RW,27-187,78,47,31,16,8,0,0,12,0,8,2,4,0,30,0,1,https://fbref.com/en/players/a0791826/Farid-Boulaya-Farid Boulaya,
5,Cheikh Tidiane Sabaly,https://fbref.com/en/players/9ddf7fae/Cheikh-Tidiane-Sabaly,15,15,sn SEN,RW,21-179,12,5,5,0,0,0,0,1,0,0,0,0,0,3,0,1,https://fbref.com/en/players/9ddf7fae/Cheikh-Tidiane-Sabaly-Cheikh Tidiane Sabaly,
6,Vincent Pajot,https://fbref.com/en/players/f86ca403/Vincent-Pajot,14,14,fr FRA,LM,30-011,90,51,44,7,5,0,2,1,1,1,0,0,0,44,0,1,https://fbref.com/en/players/f86ca403/Vincent-Pajot-Vincent Pajot,
7,Habib Maïga,https://fbref.com/en/players/e768de1f/Habib-Maiga,19,19,ci CIV,CM,24-242,90,54,52,2,1,0,1,1,1,0,0,0,0,45,0,1,https://fbref.com/en/players/e768de1f/Habib-Maiga-Habib Maïga,
8,Victorien Angban,https://fbref.com/en/players/d8992b84/Victorien-Angban,5,5,ci CIV,RM,23-336,58,33,33,0,0,0,0,1,0,0,0,0,0,28,0,1,https://fbref.com/en/players/d8992b84/Victorien-Angban-Victorien Angban,
9,Habib Diallo,https://fbref.com/en/players/6605d143/Habib-Diallo,20,20,sn SEN,RM,25-073,32,8,8,0,0,0,0,0,0,0,0,0,0,3,0,1,https://fbref.com/en/players/6605d143/Habib-Diallo-Habib Diallo,
10,Matthieu Udol,https://fbref.com/en/players/cc41f558/Matthieu-Udol,3,3,fr FRA,LB,24-163,90,64,49,15,3,0,0,3,12,0,0,0,0,49,0,2,https://fbref.com/en/players/cc41f558/Matthieu-Udol-Matthieu Udol,
11,John Boye,https://fbref.com/en/players/861227d2/John-Boye,21,21,gh GHA,CB,33-129,90,60,59,1,1,0,2,0,0,0,0,0,0,53,0,1,https://fbref.com/en/players/861227d2/John-Boye-John Boye,
12,Dylan Bronn,https://fbref.com/en/players/edd81e2a/Dylan-Bronn,2,2,tn TUN,CB,25-072,90,55,54,1,1,0,5,0,0,0,0,0,0,46,0,0,https://fbref.com/en/players/edd81e2a/Dylan-Bronn-Dylan Bronn,
13,Fabien Centonze,https://fbref.com/en/players/3c6bbbab/Fabien-Centonze,18,18,fr FRA,RB,24-227,90,67,60,7,0,0,0,1,7,0,0,0,0,54,0,0,https://fbref.com/en/players/3c6bbbab/Fabien-Centonze-Fabien Centonze,
14,Alexandre Oukidja,https://fbref.com/en/players/ae7d0ecd/Alexandre-Oukidja,16,16,dz ALG,GK,32-042,90,31,25,6,2,0,1,0,0,0,0,0,0,21,0,0,https://fbref.com/en/players/ae7d0ecd/Alexandre-Oukidja-Alexandre Oukidja,
