,Player Name,Player Number,Player,#,Nation,Pos,Age,Min,Touches,Def Pen,Def 3rd,Mid 3rd,Att 3rd,Att Pen,Live,Att,Succ,Succ%,Tkld,Tkld%,Carries,TotDist,PrgDist,PrgC,1/3,CPA,Mis,Dis,Rec,PrgR,Player Key,Player Link
0,Wissam Ben Yedder,https://fbref.com/en/players/942b4f90/Wissam-Ben-Yedder,9,9,fr FRA,FW,30-018,75,42,0,2,26,14,3,42,2,2,100.0,0,0.0,24,138,61,2,0,0,3,2,30,3,https://fbref.com/en/players/942b4f90/Wissam-Ben-Yedder-Wissam Ben Yedder,
1,Stevan Jovetić,https://fbref.com/en/players/f36c432f/Stevan-Jovetic,10,10,me MNE,FW,30-302,15,12,0,1,8,3,0,12,1,0,0.0,1,100.0,7,74,18,1,0,0,0,0,10,0,https://fbref.com/en/players/f36c432f/Stevan-Jovetic-Stevan Jovetić,
2,Henry Onyekuru,https://fbref.com/en/players/e90dc1d5/Henry-Onyekuru,7,7,ng NGA,"LW,LM",23-086,58,18,0,5,6,7,3,18,2,1,50.0,1,50.0,8,72,51,2,0,1,2,0,9,2,https://fbref.com/en/players/e90dc1d5/Henry-Onyekuru-Henry Onyekuru,
3,Jean-Eudes Aholou,https://fbref.com/en/players/48b28bfd/Jean-Eudes-Aholou,6,6,ci CIV,CM,26-163,32,11,1,5,5,1,0,11,0,0,,0,,4,23,15,1,0,0,0,0,6,0,https://fbref.com/en/players/48b28bfd/Jean-Eudes-Aholou-Jean-Eudes Aholou,
4,Gelson Martins,https://fbref.com/en/players/3ef0fa48/Gelson-Martins,11,11,pt POR,"RW,RM",25-111,75,37,1,5,16,17,1,37,7,3,42.9,4,57.1,28,182,48,2,2,1,3,5,30,13,https://fbref.com/en/players/3ef0fa48/Gelson-Martins-Gelson Martins,
5,Willem Geubbels,https://fbref.com/en/players/9836e892/Willem-Geubbels,13,13,fr FRA,RM,19-014,15,15,0,8,4,3,0,15,0,0,,0,,1,2,0,0,0,0,1,0,3,0,https://fbref.com/en/players/9836e892/Willem-Geubbels-Willem Geubbels,
6,Aleksandr Golovin,https://fbref.com/en/players/3708e9fa/Aleksandr-Golovin,17,17,ru RUS,LM,24-092,15,11,1,2,6,3,1,11,0,0,,0,,5,46,16,1,0,1,0,0,5,0,https://fbref.com/en/players/3708e9fa/Aleksandr-Golovin-Aleksandr Golovin,
7,Sofiane Diop,https://fbref.com/en/players/19053e31/Sofiane-Diop,37,37,fr FRA,"LM,RM,CM",20-082,75,49,2,13,26,10,0,49,3,0,0.0,3,100.0,19,83,35,0,2,0,1,0,24,1,https://fbref.com/en/players/19053e31/Sofiane-Diop-Sofiane Diop,
8,Youssouf Fofana,https://fbref.com/en/players/822d51d7/Youssouf-Fofana,22,22,fr FRA,CM,21-233,45,24,3,11,14,0,0,24,2,1,50.0,1,50.0,10,74,29,0,0,0,1,0,10,0,https://fbref.com/en/players/822d51d7/Youssouf-Fofana-Youssouf Fofana,
9,Aurélien Tchouaméni,https://fbref.com/en/players/4f255115/Aurelien-Tchouameni,8,8,fr FRA,"LM,CM,RM",20-216,74,35,4,12,21,2,0,35,1,0,0.0,1,100.0,13,90,33,0,0,0,1,2,18,1,https://fbref.com/en/players/4f255115/Aurelien-Tchouameni-Aurélien Tchouaméni,
10,Guillermo Maripán,https://fbref.com/en/players/d9764034/Guillermo-Maripan,3,3,cl CHI,CM,26-116,16,8,2,3,4,1,0,8,0,0,,0,,4,17,7,0,0,0,0,0,4,0,https://fbref.com/en/players/d9764034/Guillermo-Maripan-Guillermo Maripán,
11,Djibril Sidibé,https://fbref.com/en/players/4c5b714f/Djibril-Sidibe,29,29,fr FRA,LB,28-032,90,54,6,27,21,6,0,54,0,0,,0,,17,151,71,2,0,0,0,0,25,1,https://fbref.com/en/players/4c5b714f/Djibril-Sidibe-Djibril Sidibé,
12,Benoît Badiashile,https://fbref.com/en/players/06df8256/Benoit-Badiashile,32,32,fr FRA,CB,19-157,90,71,8,40,31,1,1,71,0,0,,0,,37,247,183,0,0,0,0,0,47,0,https://fbref.com/en/players/06df8256/Benoit-Badiashile-Benoît Badiashile,
13,Axel Disasi,https://fbref.com/en/players/ad82197c/Axel-Disasi,20,20,fr FRA,CB,22-172,90,60,6,30,30,0,0,60,0,0,,0,,39,300,191,0,0,0,0,0,45,0,https://fbref.com/en/players/ad82197c/Axel-Disasi-Axel Disasi,
14,Ruben Aguilar,https://fbref.com/en/players/3dd738a1/Ruben-Aguilar,26,26,fr FRA,RB,27-126,90,69,3,24,32,14,0,69,0,0,,0,,25,207,74,1,2,0,0,1,35,2,https://fbref.com/en/players/3dd738a1/Ruben-Aguilar-Ruben Aguilar,
15,Benjamin Lecomte,https://fbref.com/en/players/2fa2a875/Benjamin-Lecomte,40,40,fr FRA,GK,29-126,90,42,37,42,0,0,0,42,0,0,,0,,14,90,47,0,0,0,0,0,17,0,https://fbref.com/en/players/2fa2a875/Benjamin-Lecomte-Benjamin Lecomte,
