,Player Name,Player Number,Player,#,Nation,Pos,Age,Min,Gls,Ast,PK,PKatt,Sh,SoT,CrdY,CrdR,Touches,Tkl,Int,Blocks,xG,npxG,xAG,SCA,GCA,Cmp,Att,Cmp%,PrgP,Carries,PrgC,Att,Succ,Player Key,Player Link
0,Wissam Ben Yedder,https://fbref.com/en/players/942b4f90/Wissam-Ben-Yedder,9,9,fr FRA,FW,30-018,75,0,0,0,0,1,0,0,0,42,2,0,0,0.1,0.1,0.0,1,0,22,33,66.7,3,24,2,2,2,https://fbref.com/en/players/942b4f90/Wissam-Ben-Yedder-Wissam Ben Yedder,
1,Stevan Jovetić,https://fbref.com/en/players/f36c432f/Stevan-Jovetic,10,10,me MNE,FW,30-302,15,0,0,0,0,0,0,0,0,12,0,0,0,0.0,0.0,0.0,0,0,6,10,60.0,0,7,1,1,0,https://fbref.com/en/players/f36c432f/Stevan-Jovetic-Stevan Jovetić,
2,Henry Onyekuru,https://fbref.com/en/players/e90dc1d5/Henry-Onyekuru,7,7,ng NGA,"LW,LM",23-086,58,0,0,0,0,0,0,0,0,18,1,0,1,0.0,0.0,0.1,1,0,5,9,55.6,0,8,2,2,1,https://fbref.com/en/players/e90dc1d5/Henry-Onyekuru-Henry Onyekuru,
3,Jean-Eudes Aholou,https://fbref.com/en/players/48b28bfd/Jean-Eudes-Aholou,6,6,ci CIV,CM,26-163,32,0,0,0,0,0,0,0,0,11,1,1,0,0.0,0.0,0.0,0,0,6,8,75.0,1,4,1,0,0,https://fbref.com/en/players/48b28bfd/Jean-Eudes-Aholou-Jean-Eudes Aholou,
4,Gelson Martins,https://fbref.com/en/players/3ef0fa48/Gelson-Martins,11,11,pt POR,"RW,RM",25-111,75,0,0,0,0,0,0,1,0,37,2,0,0,0.0,0.0,0.0,1,1,19,28,67.9,0,28,2,7,3,https://fbref.com/en/players/3ef0fa48/Gelson-Martins-Gelson Martins,
5,Willem Geubbels,https://fbref.com/en/players/9836e892/Willem-Geubbels,13,13,fr FRA,RM,19-014,15,0,0,0,0,0,0,0,0,15,2,0,3,0.0,0.0,0.0,0,0,4,7,57.1,0,1,0,0,0,https://fbref.com/en/players/9836e892/Willem-Geubbels-Willem Geubbels,
6,Aleksandr Golovin,https://fbref.com/en/players/3708e9fa/Aleksandr-Golovin,17,17,ru RUS,LM,24-092,15,0,0,0,0,0,0,0,0,11,2,0,1,0.0,0.0,0.0,0,0,6,9,66.7,0,5,1,0,0,https://fbref.com/en/players/3708e9fa/Aleksandr-Golovin-Aleksandr Golovin,
7,Sofiane Diop,https://fbref.com/en/players/19053e31/Sofiane-Diop,37,37,fr FRA,"LM,RM,CM",20-082,75,0,0,0,0,0,0,0,0,49,6,1,1,0.0,0.0,0.0,1,0,24,32,75.0,1,19,0,3,0,https://fbref.com/en/players/19053e31/Sofiane-Diop-Sofiane Diop,
8,Youssouf Fofana,https://fbref.com/en/players/822d51d7/Youssouf-Fofana,22,22,fr FRA,CM,21-233,45,0,0,0,0,0,0,2,1,24,1,0,2,0.0,0.0,0.0,0,0,14,18,77.8,4,10,0,2,1,https://fbref.com/en/players/822d51d7/Youssouf-Fofana-Youssouf Fofana,
9,Aurélien Tchouaméni,https://fbref.com/en/players/4f255115/Aurelien-Tchouameni,8,8,fr FRA,"LM,CM,RM",20-216,74,0,0,0,0,1,1,1,0,35,1,0,2,0.0,0.0,0.0,0,0,14,24,58.3,1,13,0,1,0,https://fbref.com/en/players/4f255115/Aurelien-Tchouameni-Aurélien Tchouaméni,
10,Guillermo Maripán,https://fbref.com/en/players/d9764034/Guillermo-Maripan,3,3,cl CHI,CM,26-116,16,0,0,0,0,0,0,0,0,8,0,1,0,0.0,0.0,0.0,0,0,4,6,66.7,0,4,0,0,0,https://fbref.com/en/players/d9764034/Guillermo-Maripan-Guillermo Maripán,
11,Djibril Sidibé,https://fbref.com/en/players/4c5b714f/Djibril-Sidibe,29,29,fr FRA,LB,28-032,90,0,0,0,0,0,0,0,0,54,5,0,2,0.0,0.0,0.0,1,0,35,44,79.5,1,17,2,0,0,https://fbref.com/en/players/4c5b714f/Djibril-Sidibe-Djibril Sidibé,
12,Benoît Badiashile,https://fbref.com/en/players/06df8256/Benoit-Badiashile,32,32,fr FRA,CB,19-157,90,1,0,0,0,1,1,0,0,71,1,1,1,0.1,0.1,0.0,0,0,51,61,83.6,2,37,0,0,0,https://fbref.com/en/players/06df8256/Benoit-Badiashile-Benoît Badiashile,
13,Axel Disasi,https://fbref.com/en/players/ad82197c/Axel-Disasi,20,20,fr FRA,CB,22-172,90,0,0,0,0,0,0,0,0,60,0,0,1,0.0,0.0,0.0,0,0,47,56,83.9,3,39,0,0,0,https://fbref.com/en/players/ad82197c/Axel-Disasi-Axel Disasi,
14,Ruben Aguilar,https://fbref.com/en/players/3dd738a1/Ruben-Aguilar,26,26,fr FRA,RB,27-126,90,0,0,0,0,0,0,1,0,69,2,7,0,0.0,0.0,0.0,1,1,41,57,71.9,7,25,1,0,0,https://fbref.com/en/players/3dd738a1/Ruben-Aguilar-Ruben Aguilar,
15,Benjamin Lecomte,https://fbref.com/en/players/2fa2a875/Benjamin-Lecomte,40,40,fr FRA,GK,29-126,90,0,0,0,0,0,0,0,0,42,0,0,0,0.0,0.0,0.0,0,0,22,37,59.5,0,14,0,0,0,https://fbref.com/en/players/2fa2a875/Benjamin-Lecomte-Benjamin Lecomte,
