,Player Name,Player Number,Player,#,Nation,Pos,Age,Min,Tkl,TklW,Def 3rd,Mid 3rd,Att 3rd,Tkl,Att,Tkl%,Lost,Blocks,Sh,Pass,Int,Tkl+Int,Clr,Err,Player Key,Player Link
0,Wissam Ben Yedder,https://fbref.com/en/players/942b4f90/Wissam-Ben-Yedder,9,9,fr FRA,FW,30-018,75,2,0,1,1,0,1,1,100.0,0,0,0,0,0,2,0,0,https://fbref.com/en/players/942b4f90/Wissam-Ben-Yedder-Wissam Ben Yedder,
1,Stevan Jovetić,https://fbref.com/en/players/f36c432f/Stevan-Jovetic,10,10,me MNE,FW,30-302,15,0,0,0,0,0,0,0,,0,0,0,0,0,0,0,0,https://fbref.com/en/players/f36c432f/Stevan-Jovetic-Stevan Jovetić,
2,Henry Onyekuru,https://fbref.com/en/players/e90dc1d5/Henry-Onyekuru,7,7,ng NGA,"LW,LM",23-086,58,1,0,1,0,0,1,1,100.0,0,1,0,1,0,1,0,0,https://fbref.com/en/players/e90dc1d5/Henry-Onyekuru-Henry Onyekuru,
3,Jean-Eudes Aholou,https://fbref.com/en/players/48b28bfd/Jean-Eudes-Aholou,6,6,ci CIV,CM,26-163,32,1,0,0,1,0,1,3,33.3,2,0,0,0,1,2,1,0,https://fbref.com/en/players/48b28bfd/Jean-Eudes-Aholou-Jean-Eudes Aholou,
4,Gelson Martins,https://fbref.com/en/players/3ef0fa48/Gelson-Martins,11,11,pt POR,"RW,RM",25-111,75,2,2,1,1,0,0,1,0.0,1,0,0,0,0,2,0,0,https://fbref.com/en/players/3ef0fa48/Gelson-Martins-Gelson Martins,
5,Willem Geubbels,https://fbref.com/en/players/9836e892/Willem-Geubbels,13,13,fr FRA,RM,19-014,15,2,2,1,1,0,1,3,33.3,2,3,0,3,0,2,0,0,https://fbref.com/en/players/9836e892/Willem-Geubbels-Willem Geubbels,
6,Aleksandr Golovin,https://fbref.com/en/players/3708e9fa/Aleksandr-Golovin,17,17,ru RUS,LM,24-092,15,2,1,2,0,0,1,2,50.0,1,1,0,1,0,2,1,0,https://fbref.com/en/players/3708e9fa/Aleksandr-Golovin-Aleksandr Golovin,
7,Sofiane Diop,https://fbref.com/en/players/19053e31/Sofiane-Diop,37,37,fr FRA,"LM,RM,CM",20-082,75,6,4,2,4,0,2,4,50.0,2,1,0,1,1,7,2,0,https://fbref.com/en/players/19053e31/Sofiane-Diop-Sofiane Diop,
8,Youssouf Fofana,https://fbref.com/en/players/822d51d7/Youssouf-Fofana,22,22,fr FRA,CM,21-233,45,1,1,1,0,0,1,1,100.0,0,2,0,2,0,1,2,0,https://fbref.com/en/players/822d51d7/Youssouf-Fofana-Youssouf Fofana,
9,Aurélien Tchouaméni,https://fbref.com/en/players/4f255115/Aurelien-Tchouameni,8,8,fr FRA,"LM,CM,RM",20-216,74,1,1,0,1,0,0,2,0.0,2,2,0,2,0,1,3,0,https://fbref.com/en/players/4f255115/Aurelien-Tchouameni-Aurélien Tchouaméni,
10,Guillermo Maripán,https://fbref.com/en/players/d9764034/Guillermo-Maripan,3,3,cl CHI,CM,26-116,16,0,0,0,0,0,0,0,,0,0,0,0,1,1,2,0,https://fbref.com/en/players/d9764034/Guillermo-Maripan-Guillermo Maripán,
11,Djibril Sidibé,https://fbref.com/en/players/4c5b714f/Djibril-Sidibe,29,29,fr FRA,LB,28-032,90,5,1,4,1,0,4,5,80.0,1,2,1,1,0,5,4,0,https://fbref.com/en/players/4c5b714f/Djibril-Sidibe-Djibril Sidibé,
12,Benoît Badiashile,https://fbref.com/en/players/06df8256/Benoit-Badiashile,32,32,fr FRA,CB,19-157,90,1,0,1,0,0,1,2,50.0,1,1,0,1,1,2,5,0,https://fbref.com/en/players/06df8256/Benoit-Badiashile-Benoît Badiashile,
13,Axel Disasi,https://fbref.com/en/players/ad82197c/Axel-Disasi,20,20,fr FRA,CB,22-172,90,0,0,0,0,0,0,0,,0,1,1,0,0,0,3,0,https://fbref.com/en/players/ad82197c/Axel-Disasi-Axel Disasi,
14,Ruben Aguilar,https://fbref.com/en/players/3dd738a1/Ruben-Aguilar,26,26,fr FRA,RB,27-126,90,2,1,2,0,0,2,2,100.0,0,0,0,0,7,9,1,0,https://fbref.com/en/players/3dd738a1/Ruben-Aguilar-Ruben Aguilar,
15,Benjamin Lecomte,https://fbref.com/en/players/2fa2a875/Benjamin-Lecomte,40,40,fr FRA,GK,29-126,90,0,0,0,0,0,0,0,,0,0,0,0,0,0,1,0,https://fbref.com/en/players/2fa2a875/Benjamin-Lecomte-Benjamin Lecomte,
