,Minute,Player,Squad,xG,PSxG,Outcome,Distance,Body Part,Notes,SCA 1 Player,SCA 1 Event,SCA 2 Player,SCA 2 Event
0,20,Ibrahima Niane,Metz,0.04,,Off Target,15,Head,,Farid Boulaya,Pass (Dead),Opa Nguette,Fouled
1,22,Benoît Badiashile,Monaco,0.13,0.24,Goal,12,Left Foot,,Gelson Martins,Fouled,Ruben Aguilar,Pass (Live)
2,27,Farid Boulaya,Metz,0.03,0.42,Saved,35,Right Foot,Free kick,Habib Maïga,Fouled,,
3,41,Aurélien Tchouaméni,Monaco,0.03,0.10,Saved,25,Right Foot,,Djibril Sidibé,Pass (Live),Sofiane Diop,Pass (Live)
4,45,Wissam Ben Yedder,Monaco,0.06,,Off Target,19,Right Foot,,Henry Onyekuru,Pass (Live),Wissam Ben Yedder,Pass (Live)
5,,,,,,,,,,,,,
6,50,Farid Boulaya,Metz,0.02,,Off Target,28,Right Foot,,Opa Nguette,Pass (Live),Farid Boulaya,Pass (Dead)
7,54,Ibrahima Niane,Metz,0.04,,Off Target,17,Right Foot,Volley,Matthieu Udol,Pass (Live),Farid Boulaya,Pass (Dead)
8,58,Ibrahima Niane,Metz,0.06,,Off Target,15,Right Foot,,Opa Nguette,Pass (Live),Farid Boulaya,Pass (Live)
9,60,Fabien Centonze,Metz,0.02,,Blocked,28,Left Foot,,Vincent Pajot,Pass (Dead),Fabien Centonze,Pass (Live)
10,60,Ibrahima Niane,Metz,0.03,0.06,Saved,15,Head,,Farid Boulaya,Pass (Dead),Fabien Centonze,Shot
11,61,Habib Diallo,Metz,0.08,,Off Target,10,Head,,Farid Boulaya,Pass (Dead),Ibrahima Niane,Shot
12,70,Farid Boulaya,Metz,0.04,,Off Target,31,Right Foot,Free kick,Ibrahima Niane,Fouled,Vincent Pajot,Pass (Live)
13,80,Cheikh Tidiane Sabaly,Metz,0.03,,Blocked,24,Left Foot,Volley,Papa Ndiaga Yade,Pass (Live),,
14,80,Vincent Pajot,Metz,0.23,0.24,Saved,11,Head,,Matthieu Udol,Pass (Live),Cheikh Tidiane Sabaly,Pass (Live)
15,89,Dylan Bronn,Metz,0.02,,Off Target,36,Right Foot,,John Boye,Pass (Live),Habib Maïga,Pass (Live)
16,90+1,John Boye,Metz,0.06,,Off Target,11,Head,,Papa Ndiaga Yade,Pass (Dead),Matthieu Udol,Pass (Live)
17,90+6,Papa Ndiaga Yade,Metz,0.05,0.20,Saved,26,Left Foot,Free kick,Vincent Pajot,Fouled,,
