season,injury,from,until,days,missed_games
23/24,unknown injury,"May 9, 2024",,60 days,4
21/22,bruise,"Jan 11, 2022","Jan 13, 2022",2 days,1
16/17,minor knock,"Jan 16, 2017","Jan 23, 2017",7 days,4
13/14,Ankle injury,"Mar 31, 2014","Apr 14, 2014",14 days,4
12/13,Ill,"May 16, 2013","May 20, 2013",4 days,1
12/13,Adductor pain,"Sep 13, 2012","Sep 27, 2012",14 days,3
11/12,infection,"Dec 8, 2011","Dec 15, 2011",7 days,1
11/12,Torn muscle fiber,"Aug 11, 2011","Sep 1, 2011",21 days,3
10/11,Shoulder injury,"Mar 7, 2011","Apr 11, 2011",35 days,2
