,Player Name,Player Number,Player,#,Nation,Pos,Age,Min,Touches,Def Pen,Def 3rd,Mid 3rd,Att 3rd,Att Pen,Live,Att,Succ,Succ%,Tkld,Tkld%,Carries,TotDist,PrgDist,PrgC,1/3,CPA,Mis,Dis,Rec,PrgR,Player Key,Player Link
0,Nikola Stojiljković,https://fbref.com/en/players/ca3e2783/Nikola-Stojiljkovic,9,9,rs SRB,FW,28-069,81,17,0,0,6,12,2,17,0,0,,0,,4,15,10,0,2,0,0,0,9,2,https://fbref.com/en/players/ca3e2783/Nikola-Stojiljkovic-Nikola Stojiljković,
1,Patrick,https://fbref.com/en/players/867b60b4/Patrick,19,19,cv CPV,FW,26-317,9,7,0,0,3,4,1,7,0,0,,0,,5,18,10,0,0,0,1,0,5,1,https://fbref.com/en/players/867b60b4/Patrick-Patrick,
2,Ryan Gauld,https://fbref.com/en/players/862e93c2/Ryan-Gauld,23,23,sct SCO,"LW,CM",24-314,90,53,1,5,22,27,3,53,1,0,0.0,1,100.0,26,118,65,2,2,0,1,0,33,6,https://fbref.com/en/players/862e93c2/Ryan-Gauld-Ryan Gauld,
3,Jonatan Lucca,https://fbref.com/en/players/b04f4533/Jonatan-Lucca,47,47,br BRA,RW,26-145,55,20,0,4,5,11,1,20,2,2,100.0,0,0.0,10,45,12,1,0,0,1,0,10,3,https://fbref.com/en/players/b04f4533/Jonatan-Lucca-Jonatan Lucca,
4,Madi Queita,https://fbref.com/en/players/13ab460a/Madi-Queita,10,10,gw GNB,"RW,LM",22-004,35,8,0,2,3,3,0,8,1,0,0.0,1,100.0,5,37,14,1,0,0,0,0,5,0,https://fbref.com/en/players/13ab460a/Madi-Queita-Madi Queita,
5,Claudio Falcão,https://fbref.com/en/players/56077210/Claudio-Falcao,29,29,br BRA,"LM,RM",26-114,81,59,1,14,37,8,2,59,1,0,0.0,1,100.0,22,68,13,0,0,0,0,0,36,3,https://fbref.com/en/players/56077210/Claudio-Falcao-Claudio Falcão,
6,Bilel Aouacheria,https://fbref.com/en/players/77bbc5b1/Bilel-Aouacheria,26,26,fr FRA,RM,26-206,9,6,0,3,0,3,1,6,0,0,,0,,5,32,15,1,0,0,0,0,4,0,https://fbref.com/en/players/77bbc5b1/Bilel-Aouacheria-Bilel Aouacheria,
7,Fabrício Isidoro,https://fbref.com/en/players/b70ca4b5/Fabricio-Isidoro,14,14,br BRA,CM,28-271,90,57,1,14,36,8,0,57,1,0,0.0,1,100.0,33,188,87,3,0,0,2,0,46,0,https://fbref.com/en/players/b70ca4b5/Fabricio-Isidoro-Fabrício Isidoro,
8,Amine Oudrhiri,https://fbref.com/en/players/49c9c79a/Amine-Oudrhiri,5,5,ma MAR,"RM,RB",27-356,90,62,1,13,29,20,1,62,6,2,33.3,4,66.7,36,158,84,1,1,0,0,0,41,5,https://fbref.com/en/players/49c9c79a/Amine-Oudrhiri-Amine Oudrhiri,
9,Fábio Alexandre da Silva Nunes,https://fbref.com/en/players/7cfc2860/Fabio-Alexandre-da-Silva-Nunes,92,92,pt POR,LB,28-093,90,78,2,21,33,24,0,78,2,2,100.0,0,0.0,47,264,108,4,2,0,3,1,50,10,https://fbref.com/en/players/7cfc2860/Fabio-Alexandre-da-Silva-Nunes-Fábio Alexandre da Silva Nunes,
10,Eduardo Mancha,https://fbref.com/en/players/56e74f66/Eduardo-Mancha,95,95,br BRA,CB,24-336,90,78,2,34,44,1,0,78,0,0,,0,,45,246,124,0,0,0,1,1,57,0,https://fbref.com/en/players/56e74f66/Eduardo-Mancha-Eduardo Mancha,
11,César,https://fbref.com/en/players/4dcde17a/Cesar,4,4,br BRA,CB,27-302,90,102,8,40,61,2,1,102,2,2,100.0,0,0.0,52,165,80,0,0,0,1,0,65,0,https://fbref.com/en/players/4dcde17a/Cesar-César,
12,Alexandre Pinto,https://fbref.com/en/players/b05d8d93/Alexandre-Pinto,78,78,pt POR,RB,22-109,55,36,1,7,12,17,0,36,0,0,,0,,17,94,50,1,0,0,2,1,22,3,https://fbref.com/en/players/b05d8d93/Alexandre-Pinto-Alexandre Pinto,
13,Braian Mansilla,https://fbref.com/en/players/e4c37819/Braian-Mansilla,11,11,ar ARG,"LM,FW,RB",23-192,35,25,1,2,4,19,6,25,3,0,0.0,3,100.0,11,71,34,2,1,0,5,0,15,4,https://fbref.com/en/players/e4c37819/Braian-Mansilla-Braian Mansilla,
14,Rafael Defendi,https://fbref.com/en/players/317d3e7b/Rafael-Defendi,12,12,br BRA,GK,36-308,90,23,18,23,0,0,0,23,0,0,,0,,13,76,29,0,0,0,0,0,10,0,https://fbref.com/en/players/317d3e7b/Rafael-Defendi-Rafael Defendi,
