,Player Name,Player Number,Player,#,Nation,Pos,Age,Min,Gls,Ast,PK,PKatt,Sh,SoT,CrdY,CrdR,Touches,Tkl,Int,Blocks,xG,npxG,xAG,SCA,GCA,Cmp,Att,Cmp%,PrgP,Carries,PrgC,Att,Succ,Player Key,Player Link
0,Nikola Stojiljković,https://fbref.com/en/players/ca3e2783/Nikola-Stojiljkovic,9,9,rs SRB,FW,28-069,81,0,0,0,0,1,0,0,0,17,0,0,2,0.1,0.1,0.0,0,0,8,12,66.7,0,4,0,0,0,https://fbref.com/en/players/ca3e2783/Nikola-Stojiljkovic-Nikola Stojiljković,
1,Patrick,https://fbref.com/en/players/867b60b4/Patrick,19,19,cv CPV,FW,26-317,9,0,0,0,0,1,0,0,0,7,0,0,0,0.1,0.1,0.0,0,0,3,5,60.0,0,5,0,0,0,https://fbref.com/en/players/867b60b4/Patrick-Patrick,
2,Ryan Gauld,https://fbref.com/en/players/862e93c2/Ryan-Gauld,23,23,sct SCO,"LW,CM",24-314,90,0,0,0,0,2,1,0,0,53,1,0,0,0.1,0.1,0.3,5,0,31,46,67.4,3,26,2,1,0,https://fbref.com/en/players/862e93c2/Ryan-Gauld-Ryan Gauld,
3,Jonatan Lucca,https://fbref.com/en/players/b04f4533/Jonatan-Lucca,47,47,br BRA,RW,26-145,55,0,0,0,0,1,0,0,0,20,0,0,0,0.1,0.1,0.1,2,0,9,16,56.3,0,10,1,2,2,https://fbref.com/en/players/b04f4533/Jonatan-Lucca-Jonatan Lucca,
4,Madi Queita,https://fbref.com/en/players/13ab460a/Madi-Queita,10,10,gw GNB,"RW,LM",22-004,35,0,0,0,0,0,0,0,0,8,1,0,0,0.0,0.0,0.0,1,0,5,6,83.3,0,5,1,1,0,https://fbref.com/en/players/13ab460a/Madi-Queita-Madi Queita,
5,Claudio Falcão,https://fbref.com/en/players/56077210/Claudio-Falcao,29,29,br BRA,"LM,RM",26-114,81,0,0,0,0,3,0,1,0,59,4,0,0,0.2,0.2,0.0,4,0,38,49,77.6,3,22,0,1,0,https://fbref.com/en/players/56077210/Claudio-Falcao-Claudio Falcão,
6,Bilel Aouacheria,https://fbref.com/en/players/77bbc5b1/Bilel-Aouacheria,26,26,fr FRA,RM,26-206,9,0,0,0,0,0,0,0,0,6,1,0,1,0.0,0.0,0.1,1,0,5,5,100.0,1,5,1,0,0,https://fbref.com/en/players/77bbc5b1/Bilel-Aouacheria-Bilel Aouacheria,
7,Fabrício Isidoro,https://fbref.com/en/players/b70ca4b5/Fabricio-Isidoro,14,14,br BRA,CM,28-271,90,0,0,0,0,0,0,1,0,57,2,0,0,0.0,0.0,0.1,2,0,43,54,79.6,9,33,3,1,0,https://fbref.com/en/players/b70ca4b5/Fabricio-Isidoro-Fabrício Isidoro,
8,Amine Oudrhiri,https://fbref.com/en/players/49c9c79a/Amine-Oudrhiri,5,5,ma MAR,"RM,RB",27-356,90,0,0,0,0,0,0,1,0,62,1,1,1,0.0,0.0,0.0,1,0,37,54,68.5,4,36,1,6,2,https://fbref.com/en/players/49c9c79a/Amine-Oudrhiri-Amine Oudrhiri,
9,Fábio Alexandre da Silva Nunes,https://fbref.com/en/players/7cfc2860/Fabio-Alexandre-da-Silva-Nunes,92,92,pt POR,LB,28-093,90,0,0,0,0,0,0,0,0,78,5,0,1,0.0,0.0,0.0,3,0,47,70,67.1,4,47,4,2,2,https://fbref.com/en/players/7cfc2860/Fabio-Alexandre-da-Silva-Nunes-Fábio Alexandre da Silva Nunes,
10,Eduardo Mancha,https://fbref.com/en/players/56e74f66/Eduardo-Mancha,95,95,br BRA,CB,24-336,90,0,0,0,0,0,0,0,0,78,2,2,0,0.0,0.0,0.0,1,0,64,69,92.8,3,45,0,0,0,https://fbref.com/en/players/56e74f66/Eduardo-Mancha-Eduardo Mancha,
11,César,https://fbref.com/en/players/4dcde17a/Cesar,4,4,br BRA,CB,27-302,90,0,0,0,0,1,0,0,0,102,1,0,2,0.0,0.0,0.0,0,0,72,91,79.1,10,52,0,2,2,https://fbref.com/en/players/4dcde17a/Cesar-César,
12,Alexandre Pinto,https://fbref.com/en/players/b05d8d93/Alexandre-Pinto,78,78,pt POR,RB,22-109,55,0,0,0,0,0,0,0,0,36,1,0,2,0.0,0.0,0.1,1,0,23,32,71.9,1,17,1,0,0,https://fbref.com/en/players/b05d8d93/Alexandre-Pinto-Alexandre Pinto,
13,Braian Mansilla,https://fbref.com/en/players/e4c37819/Braian-Mansilla,11,11,ar ARG,"LM,FW,RB",23-192,35,0,0,0,0,4,0,1,0,25,0,0,1,0.2,0.2,0.1,3,0,8,11,72.7,0,11,2,3,0,https://fbref.com/en/players/e4c37819/Braian-Mansilla-Braian Mansilla,
14,Rafael Defendi,https://fbref.com/en/players/317d3e7b/Rafael-Defendi,12,12,br BRA,GK,36-308,90,0,0,0,0,0,0,0,0,23,0,0,0,0.0,0.0,0.0,0,0,18,22,81.8,0,13,0,0,0,https://fbref.com/en/players/317d3e7b/Rafael-Defendi-Rafael Defendi,
