,Player Name,Player Number,Player,#,Nation,Pos,Age,Min,Tkl,TklW,Def 3rd,Mid 3rd,Att 3rd,Tkl,Att,Tkl%,Lost,Blocks,Sh,Pass,Int,Tkl+Int,Clr,Err,Player Key,Player Link
0,Ronan,https://fbref.com/en/players/466ffbcf/Ronan,19,19,br BRA,FW,25-186,45,0,0,0,0,0,0,0,,0,0,0,0,0,0,0,0,https://fbref.com/en/players/466ffbcf/Ronan-Ronan,
1,Gelson,https://fbref.com/en/players/c69656cd/Gelson,7,7,ao ANG,FW,24-104,45,1,0,1,0,0,1,1,100.0,0,0,0,0,0,1,0,0,https://fbref.com/en/players/c69656cd/Gelson-Gelson,
2,Carlos Mané,https://fbref.com/en/players/7a854622/Carlos-Mane,21,21,gw GNB,LW,26-228,75,1,1,1,0,0,1,3,33.3,2,0,0,0,0,1,0,0,https://fbref.com/en/players/7a854622/Carlos-Mane-Carlos Mané,
3,Ricardo José Vaz Alves Monteiro,https://fbref.com/en/players/b35e9c40/Ricardo-Jose-Vaz-Alves-Monteiro,8,8,pt POR,DM,37-018,15,1,1,0,1,0,1,1,100.0,0,0,0,0,0,1,0,0,https://fbref.com/en/players/b35e9c40/Ricardo-Jose-Vaz-Alves-Monteiro-Ricardo José Vaz Alves Monteiro,
4,Lucas Piazon,https://fbref.com/en/players/f201798c/Lucas-Piazon,14,14,br BRA,RW,26-279,90,3,2,1,2,0,2,3,66.7,1,3,0,3,1,4,0,0,https://fbref.com/en/players/f201798c/Lucas-Piazon-Lucas Piazon,
5,Diego Lopes,https://fbref.com/en/players/69b107a3/Diego-Lopes,10,10,br BRA,AM,26-175,89,3,3,1,1,1,2,3,66.7,1,1,0,1,0,3,0,0,https://fbref.com/en/players/69b107a3/Diego-Lopes-Diego Lopes,
6,Gabriel Airton de Souza,https://fbref.com/en/players/71d803dc/Gabriel-Airton-de-Souza,70,70,br BRA,AM,24-210,1,0,0,0,0,0,0,0,,0,0,0,0,0,0,0,0,https://fbref.com/en/players/71d803dc/Gabriel-Airton-de-Souza-Gabriel Airton de Souza,
7,Filipe Augusto,https://fbref.com/en/players/0e34de55/Filipe-Augusto,5,5,br BRA,"DM,LW",27-074,90,2,1,2,0,0,2,4,50.0,2,1,0,1,0,2,0,0,https://fbref.com/en/players/0e34de55/Filipe-Augusto-Filipe Augusto,
8,Pelé,https://fbref.com/en/players/743fdcd3/Pele,18,18,gw GNB,DM,29-026,90,2,1,2,0,0,2,2,100.0,0,0,0,0,1,3,1,0,https://fbref.com/en/players/743fdcd3/Pele-Pelé,
9,Fábio Coentrão,https://fbref.com/en/players/0f8bd0a6/Fabio-Coentrao,17,17,pt POR,LB,32-228,46,1,0,0,0,1,0,1,0.0,1,2,0,2,1,2,2,0,https://fbref.com/en/players/0f8bd0a6/Fabio-Coentrao-Fábio Coentrão,
10,Pedro Amaral,https://fbref.com/en/players/8dbc3f20/Pedro-Amaral,24,24,pt POR,LB,23-061,44,0,0,0,0,0,0,0,,0,2,1,1,0,0,1,0,https://fbref.com/en/players/8dbc3f20/Pedro-Amaral-Pedro Amaral,
11,Nélson Monte,https://fbref.com/en/players/8923dfec/Nelson-Monte,4,4,pt POR,CB,25-087,90,0,0,0,0,0,0,0,,0,3,3,0,1,1,13,0,https://fbref.com/en/players/8923dfec/Nelson-Monte-Nélson Monte,
12,Toni Borevkovic,https://fbref.com/en/players/d05eeced/Toni-Borevkovic,6,6,hr CRO,CB,23-129,90,0,0,0,0,0,0,0,,0,2,1,1,3,3,14,0,https://fbref.com/en/players/d05eeced/Toni-Borevkovic-Toni Borevkovic,
13,Ivo Pinto,https://fbref.com/en/players/8d82551b/Ivo-Pinto,25,25,pt POR,RB,30-292,90,0,0,0,0,0,0,1,0.0,1,1,1,0,0,0,6,0,https://fbref.com/en/players/8d82551b/Ivo-Pinto-Ivo Pinto,
14,Paweł Kieszek,https://fbref.com/en/players/8dbddd2b/Pawel-Kieszek,1,1,pl POL,GK,36-192,90,0,0,0,0,0,0,0,,0,0,0,0,0,0,0,0,https://fbref.com/en/players/8dbddd2b/Pawel-Kieszek-Paweł Kieszek,
