,Player Name,Player Number,Player,#,Nation,Pos,Age,Min,Touches,Def Pen,Def 3rd,Mid 3rd,Att 3rd,Att Pen,Live,Att,Succ,Succ%,Tkld,Tkld%,Carries,TotDist,PrgDist,PrgC,1/3,CPA,Mis,Dis,Rec,PrgR,Player Key,Player Link
0,Ronan,https://fbref.com/en/players/466ffbcf/Ronan,19,19,br BRA,FW,25-186,45,21,0,1,16,5,3,21,0,0,,0,,8,31,14,1,1,0,2,2,15,3,https://fbref.com/en/players/466ffbcf/Ronan-Ronan,
1,Gelson,https://fbref.com/en/players/c69656cd/Gelson,7,7,ao ANG,FW,24-104,45,15,0,2,9,4,1,15,0,0,,0,,5,15,2,0,1,0,4,0,11,2,https://fbref.com/en/players/c69656cd/Gelson-Gelson,
2,Carlos Mané,https://fbref.com/en/players/7a854622/Carlos-Mane,21,21,gw GNB,LW,26-228,75,30,1,5,11,14,2,30,2,2,100.0,0,0.0,16,107,67,3,2,1,1,0,23,7,https://fbref.com/en/players/7a854622/Carlos-Mane-Carlos Mané,
3,Ricardo José Vaz Alves Monteiro,https://fbref.com/en/players/b35e9c40/Ricardo-Jose-Vaz-Alves-Monteiro,8,8,pt POR,DM,37-018,15,3,0,0,3,0,0,3,0,0,,0,,3,12,8,0,0,0,0,1,3,0,https://fbref.com/en/players/b35e9c40/Ricardo-Jose-Vaz-Alves-Monteiro-Ricardo José Vaz Alves Monteiro,
4,Lucas Piazon,https://fbref.com/en/players/f201798c/Lucas-Piazon,14,14,br BRA,RW,26-279,90,42,2,6,23,13,2,42,2,1,50.0,1,50.0,13,76,53,1,0,0,1,1,25,4,https://fbref.com/en/players/f201798c/Lucas-Piazon-Lucas Piazon,
5,Diego Lopes,https://fbref.com/en/players/69b107a3/Diego-Lopes,10,10,br BRA,AM,26-175,89,31,1,3,16,12,1,31,3,0,0.0,3,100.0,20,132,69,3,4,0,1,0,18,2,https://fbref.com/en/players/69b107a3/Diego-Lopes-Diego Lopes,
6,Gabriel Airton de Souza,https://fbref.com/en/players/71d803dc/Gabriel-Airton-de-Souza,70,70,br BRA,AM,24-210,1,2,0,0,0,2,0,2,0,0,,0,,1,13,0,0,0,0,1,1,2,1,https://fbref.com/en/players/71d803dc/Gabriel-Airton-de-Souza-Gabriel Airton de Souza,
7,Filipe Augusto,https://fbref.com/en/players/0e34de55/Filipe-Augusto,5,5,br BRA,"DM,LW",27-074,90,48,1,12,31,5,1,48,0,0,,0,,20,81,27,0,0,0,1,0,29,0,https://fbref.com/en/players/0e34de55/Filipe-Augusto-Filipe Augusto,
8,Pelé,https://fbref.com/en/players/743fdcd3/Pele,18,18,gw GNB,DM,29-026,90,31,2,10,20,3,0,31,3,2,66.7,1,33.3,18,184,64,2,2,0,0,4,15,0,https://fbref.com/en/players/743fdcd3/Pele-Pelé,
9,Fábio Coentrão,https://fbref.com/en/players/0f8bd0a6/Fabio-Coentrao,17,17,pt POR,LB,32-228,46,34,3,14,11,9,0,34,2,0,0.0,2,100.0,15,52,13,0,0,0,1,0,15,1,https://fbref.com/en/players/0f8bd0a6/Fabio-Coentrao-Fábio Coentrão,
10,Pedro Amaral,https://fbref.com/en/players/8dbc3f20/Pedro-Amaral,24,24,pt POR,LB,23-061,44,22,1,11,9,2,1,22,0,0,,0,,8,122,14,0,0,0,0,1,11,0,https://fbref.com/en/players/8dbc3f20/Pedro-Amaral-Pedro Amaral,
11,Nélson Monte,https://fbref.com/en/players/8923dfec/Nelson-Monte,4,4,pt POR,CB,25-087,90,49,14,34,13,2,1,49,0,0,,0,,18,55,8,0,0,0,1,0,20,0,https://fbref.com/en/players/8923dfec/Nelson-Monte-Nélson Monte,
12,Toni Borevkovic,https://fbref.com/en/players/d05eeced/Toni-Borevkovic,6,6,hr CRO,CB,23-129,90,46,13,29,17,0,0,46,1,1,100.0,0,0.0,13,58,24,0,0,0,0,0,14,0,https://fbref.com/en/players/d05eeced/Toni-Borevkovic-Toni Borevkovic,
13,Ivo Pinto,https://fbref.com/en/players/8d82551b/Ivo-Pinto,25,25,pt POR,RB,30-292,90,53,5,21,24,8,0,53,3,1,33.3,2,66.7,21,206,100,2,0,0,1,0,25,5,https://fbref.com/en/players/8d82551b/Ivo-Pinto-Ivo Pinto,
14,Paweł Kieszek,https://fbref.com/en/players/8dbddd2b/Pawel-Kieszek,1,1,pl POL,GK,36-192,90,37,33,37,0,0,0,37,0,0,,0,,20,125,86,0,0,0,0,0,7,0,https://fbref.com/en/players/8dbddd2b/Pawel-Kieszek-Paweł Kieszek,
