,Minute,Player,Squad,xG,PSxG,Outcome,Distance,Body Part,Notes,SCA 1 Player,SCA 1 Event,SCA 2 Player,SCA 2 Event
0,9,Ronan,Rio Ave,0.27,,Blocked,17,Right Foot,,Lucas Piazon,Pass (Live),Lucas Piazon,Interception
1,18,Lucas Piazon,Rio Ave,0.07,,Off Target,21,Right Foot,,Ivo Pinto,Pass (Live),Pelé,Pass (Live)
2,20,Carlos Mané,Rio Ave,0.03,0.28,Goal,22,Right Foot,,Pelé,Pass (Live),Pelé,Take-On
3,29,Claudio Falcão,Farense,0.06,,Off Target,6,Head,,Jonatan Lucca,Pass (Dead),Eduardo Mancha,Pass (Live)
4,34,Ronan,Rio Ave,0.19,,Off Target,13,Head,,Carlos Mané,Pass (Live),,
5,36,Filipe Augusto,Rio Ave,0.06,,Blocked,16,Left Foot,,,,,
6,,,,,,,,,,,,,
7,49,César,Farense,0.03,,Blocked,18,Head,,Jonatan Lucca,Pass (Dead),Fábio Alexandre da Silva Nunes,Fouled
8,54,Jonatan Lucca,Farense,0.05,,Off Target,12,Head,,Alexandre Pinto,Pass (Live),Claudio Falcão,Pass (Live)
9,59,Claudio Falcão,Farense,0.04,,Blocked,25,Left Foot,,Claudio Falcão,Pass (Live),Amine Oudrhiri,Pass (Live)
10,59,Braian Mansilla,Farense,0.10,,Off Target,5,Head,,Ryan Gauld,Pass (Dead),Claudio Falcão,Shot
11,69,Claudio Falcão,Farense,0.07,,Blocked,6,Head,,Braian Mansilla,Pass (Live),Fábio Alexandre da Silva Nunes,Pass (Live)
12,69,Braian Mansilla,Farense,0.05,,Blocked,10,Head,,Ryan Gauld,Pass (Dead),Claudio Falcão,Shot
13,69,Nikola Stojiljković,Farense,0.06,,Blocked,11,Right Foot,,Fabrício Isidoro,Pass (Live),Fábio Alexandre da Silva Nunes,Pass (Live)
14,70,Ryan Gauld,Farense,0.08,,Off Target,10,Right Foot,,Braian Mansilla,Pass (Live),Ryan Gauld,Pass (Live)
15,76,Carlos Mané,Rio Ave,0.04,,Blocked,18,Right Foot,,Diego Lopes,Pass (Live),Ivo Pinto,Pass (Live)
16,80,Braian Mansilla,Farense,0.03,,Off Target,26,Left Foot,,Madi Queita,Pass (Live),Fabrício Isidoro,Fouled
17,85,Patrick,Farense,0.05,,Blocked,11,Head,,Ryan Gauld,Pass (Dead),,
18,89,Ryan Gauld,Farense,0.05,0.10,Saved,18,Left Foot,,Bilel Aouacheria,Pass (Live),Braian Mansilla,Pass (Live)
19,90+5,Braian Mansilla,Farense,0.03,,Off Target,26,Left Foot,,Ryan Gauld,Pass (Live),,
