,Player Name,Player Number,Player,#,Nation,Pos,Age,Min,Touches,Def Pen,Def 3rd,Mid 3rd,Att 3rd,Att Pen,Live,Att,Succ,Succ%,Tkld,Tkld%,Carries,TotDist,PrgDist,PrgC,1/3,CPA,Mis,Dis,Rec,PrgR,Player Key,Player Link
0,Abel Ruiz,https://fbref.com/en/players/6cbf8d0d/Abel-Ruiz,9,9,es ESP,FW,21-067,59,27,2,2,14,11,4,27,1,0,0.0,1,100.0,13,53,13,0,0,0,3,0,20,3,https://fbref.com/en/players/6cbf8d0d/Abel-Ruiz-Abel Ruiz,
1,Andraž Šporar,https://fbref.com/en/players/878f0921/Andraz-Sporar,19,19,si SVN,FW,27-037,31,4,0,0,1,3,2,4,0,0,,0,,2,11,0,0,0,0,0,1,4,1,https://fbref.com/en/players/878f0921/Andraz-Sporar-Andraž Šporar,
2,Ricardo Horta,https://fbref.com/en/players/6603fed7/Ricardo-Horta,21,21,pt POR,LW,26-202,89,38,0,4,16,19,4,38,0,0,,0,,22,62,38,0,1,0,2,0,30,5,https://fbref.com/en/players/6603fed7/Ricardo-Horta-Ricardo Horta,
3,Rolando,https://fbref.com/en/players/0eeafda5/Rolando,6,6,pt POR,LW,35-217,1,0,0,0,0,0,0,0,0,0,,0,,0,0,0,0,0,0,0,0,0,0,https://fbref.com/en/players/0eeafda5/Rolando-Rolando,
4,Lucas Piazon,https://fbref.com/en/players/f201798c/Lucas-Piazon,11,11,br BRA,RW,27-075,59,30,1,2,16,13,0,30,2,1,50.0,1,50.0,16,106,35,0,1,0,2,0,17,3,https://fbref.com/en/players/f201798c/Lucas-Piazon-Lucas Piazon,
5,Nicolás Gaitán,https://fbref.com/en/players/7ebfac0f/Nicolas-Gaitan,10,10,ar ARG,RW,33-041,31,16,1,1,3,12,6,16,1,1,100.0,0,0.0,11,58,26,1,1,1,0,0,11,2,https://fbref.com/en/players/7ebfac0f/Nicolas-Gaitan-Nicolás Gaitán,
6,Galeno,https://fbref.com/en/players/5b3d1a7a/Galeno,90,90,br BRA,LM,23-165,90,60,1,6,13,42,13,60,5,3,60.0,2,40.0,34,350,288,12,5,9,3,0,39,18,https://fbref.com/en/players/5b3d1a7a/Galeno-Galeno,
7,João Novais,https://fbref.com/en/players/282faa70/Joao-Novais,7,7,pt POR,CM,27-269,73,34,0,3,16,15,0,34,1,0,0.0,1,100.0,17,74,28,0,1,0,1,0,21,3,https://fbref.com/en/players/282faa70/Joao-Novais-João Novais,
8,André Horta,https://fbref.com/en/players/951f1739/Andre-Horta,15,15,pt POR,CM,24-149,17,15,0,3,9,4,0,15,0,0,,0,,9,55,36,1,0,0,0,0,12,0,https://fbref.com/en/players/951f1739/Andre-Horta-André Horta,
9,Almoatasem Al Musrati,https://fbref.com/en/players/cd6a1a59/Almoatasem-Al-Musrati,8,8,ly LBY,CM,24-364,90,77,3,7,58,12,2,77,1,0,0.0,1,100.0,46,168,61,2,0,1,0,2,65,1,https://fbref.com/en/players/cd6a1a59/Almoatasem-Al-Musrati-Almoatasem Al Musrati,
10,Ricardo Esgaio,https://fbref.com/en/players/12dcbdcc/Ricardo-Esgaio,47,47,pt POR,RM,27-324,90,65,7,20,22,23,6,65,1,1,100.0,0,0.0,34,143,48,2,0,2,0,0,41,13,https://fbref.com/en/players/12dcbdcc/Ricardo-Esgaio-Ricardo Esgaio,
11,Cristian Borja,https://fbref.com/en/players/9d7d5334/Cristian-Borja,26,26,co COL,CB,28-046,90,66,6,28,30,8,0,66,0,0,,0,,35,204,116,2,0,0,1,0,39,1,https://fbref.com/en/players/9d7d5334/Cristian-Borja-Cristian Borja,
12,Raul Silva,https://fbref.com/en/players/b3aed40d/Raul-Silva,34,34,br BRA,CB,31-152,90,87,11,49,38,0,0,87,0,0,,0,,43,244,160,0,0,0,1,0,56,0,https://fbref.com/en/players/b3aed40d/Raul-Silva-Raul Silva,
13,Vítor Tormena,https://fbref.com/en/players/ed1cc44a/Vitor-Tormena,3,3,br BRA,CB,25-091,90,76,7,31,44,1,0,76,3,3,100.0,0,0.0,47,363,276,3,0,0,0,0,53,0,https://fbref.com/en/players/ed1cc44a/Vitor-Tormena-Vítor Tormena,
14,Matheus,https://fbref.com/en/players/ef3909cd/Matheus,1,1,br BRA,GK,28-260,90,55,47,55,0,0,0,55,0,0,,0,,28,156,123,0,0,0,0,0,22,0,https://fbref.com/en/players/ef3909cd/Matheus-Matheus,
