,Player Name,Player Number,Player,#,Nation,Pos,Age,Min,Att,Live,Dead,FK,TB,Sw,Crs,TI,CK,In,Out,Str,Cmp,Off,Blocks,Player Key,Player Link
0,Abel Ruiz,https://fbref.com/en/players/6cbf8d0d/Abel-Ruiz,9,9,es ESP,FW,21-067,59,18,16,2,0,0,0,0,0,0,0,0,0,13,0,1,https://fbref.com/en/players/6cbf8d0d/Abel-Ruiz-Abel Ruiz,
1,Andraž Šporar,https://fbref.com/en/players/878f0921/Andraz-Sporar,19,19,si SVN,FW,27-037,31,2,2,0,0,0,0,0,0,0,0,0,0,2,0,0,https://fbref.com/en/players/878f0921/Andraz-Sporar-Andraž Šporar,
2,Ricardo Horta,https://fbref.com/en/players/6603fed7/Ricardo-Horta,21,21,pt POR,LW,26-202,89,33,31,2,2,0,1,2,0,0,0,0,0,24,0,0,https://fbref.com/en/players/6603fed7/Ricardo-Horta-Ricardo Horta,
3,Rolando,https://fbref.com/en/players/0eeafda5/Rolando,6,6,pt POR,LW,35-217,1,0,0,0,0,0,0,0,0,0,0,0,0,0,0,0,https://fbref.com/en/players/0eeafda5/Rolando-Rolando,
4,Lucas Piazon,https://fbref.com/en/players/f201798c/Lucas-Piazon,11,11,br BRA,RW,27-075,59,25,24,1,0,0,0,0,1,0,0,0,0,21,0,0,https://fbref.com/en/players/f201798c/Lucas-Piazon-Lucas Piazon,
5,Nicolás Gaitán,https://fbref.com/en/players/7ebfac0f/Nicolas-Gaitan,10,10,ar ARG,RW,33-041,31,11,11,0,0,0,0,1,0,0,0,0,0,4,0,0,https://fbref.com/en/players/7ebfac0f/Nicolas-Gaitan-Nicolás Gaitán,
6,Galeno,https://fbref.com/en/players/5b3d1a7a/Galeno,90,90,br BRA,LM,23-165,90,45,42,3,0,0,0,4,3,0,0,0,0,30,0,0,https://fbref.com/en/players/5b3d1a7a/Galeno-Galeno,
7,João Novais,https://fbref.com/en/players/282faa70/Joao-Novais,7,7,pt POR,CM,27-269,73,28,22,6,0,0,0,7,1,5,2,3,0,20,0,0,https://fbref.com/en/players/282faa70/Joao-Novais-João Novais,
8,André Horta,https://fbref.com/en/players/951f1739/Andre-Horta,15,15,pt POR,CM,24-149,17,14,12,2,1,0,1,1,1,0,0,0,0,10,0,0,https://fbref.com/en/players/951f1739/Andre-Horta-André Horta,
9,Almoatasem Al Musrati,https://fbref.com/en/players/cd6a1a59/Almoatasem-Al-Musrati,8,8,ly LBY,CM,24-364,90,68,67,1,1,0,1,0,0,0,0,0,0,57,0,1,https://fbref.com/en/players/cd6a1a59/Almoatasem-Al-Musrati-Almoatasem Al Musrati,
10,Ricardo Esgaio,https://fbref.com/en/players/12dcbdcc/Ricardo-Esgaio,47,47,pt POR,RM,27-324,90,57,45,12,0,0,0,4,12,0,0,0,0,40,0,1,https://fbref.com/en/players/12dcbdcc/Ricardo-Esgaio-Ricardo Esgaio,
11,Cristian Borja,https://fbref.com/en/players/9d7d5334/Cristian-Borja,26,26,co COL,CB,28-046,90,54,46,8,0,0,0,0,8,0,0,0,0,42,0,1,https://fbref.com/en/players/9d7d5334/Cristian-Borja-Cristian Borja,
12,Raul Silva,https://fbref.com/en/players/b3aed40d/Raul-Silva,34,34,br BRA,CB,31-152,90,79,71,8,8,0,1,0,0,0,0,0,0,67,0,3,https://fbref.com/en/players/b3aed40d/Raul-Silva-Raul Silva,
13,Vítor Tormena,https://fbref.com/en/players/ed1cc44a/Vitor-Tormena,3,3,br BRA,CB,25-091,90,66,64,2,1,0,2,0,1,0,0,0,0,59,0,0,https://fbref.com/en/players/ed1cc44a/Vitor-Tormena-Vítor Tormena,
14,Matheus,https://fbref.com/en/players/ef3909cd/Matheus,1,1,br BRA,GK,28-260,90,50,33,17,4,0,0,0,0,0,0,0,0,44,0,0,https://fbref.com/en/players/ef3909cd/Matheus-Matheus,
