,Player Name,Player Number,Player,#,Nation,Pos,Age,Min,CrdY,CrdR,2CrdY,Fls,Fld,Off,Crs,Int,TklW,PKwon,PKcon,OG,Recov,Won,Lost,Won%,Player Key,Player Link
0,Abel Ruiz,https://fbref.com/en/players/6cbf8d0d/Abel-Ruiz,9,9,es ESP,FW,21-067,59,0,0,0,1,2,0,0,0,1,0,0,0,1,2,2,50.0,https://fbref.com/en/players/6cbf8d0d/Abel-Ruiz-Abel Ruiz,
1,Andraž Šporar,https://fbref.com/en/players/878f0921/Andraz-Sporar,19,19,si SVN,FW,27-037,31,0,0,0,0,0,0,0,0,0,0,0,0,0,0,0,,https://fbref.com/en/players/878f0921/Andraz-Sporar-Andraž Šporar,
2,Ricardo Horta,https://fbref.com/en/players/6603fed7/Ricardo-Horta,21,21,pt POR,LW,26-202,89,0,0,0,1,1,0,2,1,0,0,0,0,4,0,1,0.0,https://fbref.com/en/players/6603fed7/Ricardo-Horta-Ricardo Horta,
3,Rolando,https://fbref.com/en/players/0eeafda5/Rolando,6,6,pt POR,LW,35-217,1,0,0,0,0,0,0,0,0,0,0,0,0,0,0,0,,https://fbref.com/en/players/0eeafda5/Rolando-Rolando,
4,Lucas Piazon,https://fbref.com/en/players/f201798c/Lucas-Piazon,11,11,br BRA,RW,27-075,59,0,0,0,0,1,0,0,0,1,0,0,0,3,3,0,100.0,https://fbref.com/en/players/f201798c/Lucas-Piazon-Lucas Piazon,
5,Nicolás Gaitán,https://fbref.com/en/players/7ebfac0f/Nicolas-Gaitan,10,10,ar ARG,RW,33-041,31,0,0,0,0,0,0,1,0,0,0,0,0,1,1,0,100.0,https://fbref.com/en/players/7ebfac0f/Nicolas-Gaitan-Nicolás Gaitán,
6,Galeno,https://fbref.com/en/players/5b3d1a7a/Galeno,90,90,br BRA,LM,23-165,90,0,0,0,2,1,0,4,2,0,0,0,0,6,1,1,50.0,https://fbref.com/en/players/5b3d1a7a/Galeno-Galeno,
7,João Novais,https://fbref.com/en/players/282faa70/Joao-Novais,7,7,pt POR,CM,27-269,73,0,0,0,5,1,0,7,1,0,0,0,0,3,0,1,0.0,https://fbref.com/en/players/282faa70/Joao-Novais-João Novais,
8,André Horta,https://fbref.com/en/players/951f1739/Andre-Horta,15,15,pt POR,CM,24-149,17,0,0,0,1,1,0,1,0,0,0,0,0,2,0,0,,https://fbref.com/en/players/951f1739/Andre-Horta-André Horta,
9,Almoatasem Al Musrati,https://fbref.com/en/players/cd6a1a59/Almoatasem-Al-Musrati,8,8,ly LBY,CM,24-364,90,0,0,0,0,1,0,0,1,0,0,0,0,3,5,1,83.3,https://fbref.com/en/players/cd6a1a59/Almoatasem-Al-Musrati-Almoatasem Al Musrati,
10,Ricardo Esgaio,https://fbref.com/en/players/12dcbdcc/Ricardo-Esgaio,47,47,pt POR,RM,27-324,90,0,0,0,2,0,0,4,2,0,0,0,0,5,1,1,50.0,https://fbref.com/en/players/12dcbdcc/Ricardo-Esgaio-Ricardo Esgaio,
11,Cristian Borja,https://fbref.com/en/players/9d7d5334/Cristian-Borja,26,26,co COL,CB,28-046,90,1,0,0,2,2,0,0,0,1,0,0,0,7,1,3,25.0,https://fbref.com/en/players/9d7d5334/Cristian-Borja-Cristian Borja,
12,Raul Silva,https://fbref.com/en/players/b3aed40d/Raul-Silva,34,34,br BRA,CB,31-152,90,0,0,0,0,0,0,0,3,0,0,0,0,4,4,2,66.7,https://fbref.com/en/players/b3aed40d/Raul-Silva-Raul Silva,
13,Vítor Tormena,https://fbref.com/en/players/ed1cc44a/Vitor-Tormena,3,3,br BRA,CB,25-091,90,0,0,0,0,0,0,0,1,0,0,0,0,7,4,1,80.0,https://fbref.com/en/players/ed1cc44a/Vitor-Tormena-Vítor Tormena,
14,Matheus,https://fbref.com/en/players/ef3909cd/Matheus,1,1,br BRA,GK,28-260,90,0,0,0,0,1,0,0,0,0,0,0,0,0,1,0,100.0,https://fbref.com/en/players/ef3909cd/Matheus-Matheus,
