,Player Name,Player Number,Player,#,Nation,Pos,Age,Min,Att,Live,Dead,FK,TB,Sw,Crs,TI,CK,In,Out,Str,Cmp,Off,Blocks,Player Key,Player Link
0,Pedro,https://fbref.com/en/players/17758df6/Pedro,96,96,br BRA,FW,24-148,90,18,15,3,0,0,0,0,0,0,0,0,0,10,0,2,https://fbref.com/en/players/17758df6/Pedro-Pedro,
1,Fabrício Isidoro,https://fbref.com/en/players/b70ca4b5/Fabricio-Isidoro,14,14,br BRA,LW,29-067,39,5,5,0,0,0,0,1,0,0,0,0,0,5,0,0,https://fbref.com/en/players/b70ca4b5/Fabricio-Isidoro-Fabrício Isidoro,
2,Madi Queita,https://fbref.com/en/players/13ab460a/Madi-Queita,10,10,gw GNB,LW,22-166,51,15,14,0,0,0,1,0,0,0,0,0,0,12,1,0,https://fbref.com/en/players/13ab460a/Madi-Queita-Madi Queita,
3,Bilel Aouacheria,https://fbref.com/en/players/77bbc5b1/Bilel-Aouacheria,26,26,fr FRA,RW,27-003,75,14,14,0,0,0,0,1,0,0,0,0,0,10,0,1,https://fbref.com/en/players/77bbc5b1/Bilel-Aouacheria-Bilel Aouacheria,
4,Braian Mansilla,https://fbref.com/en/players/e4c37819/Braian-Mansilla,11,11,ar ARG,RW,23-354,15,8,8,0,0,0,0,0,0,0,0,0,0,7,0,0,https://fbref.com/en/players/e4c37819/Braian-Mansilla-Braian Mansilla,
5,Ryan Gauld,https://fbref.com/en/players/862e93c2/Ryan-Gauld,23,23,sct SCO,AM,25-110,90,32,25,6,3,0,0,8,0,3,3,0,0,16,1,3,https://fbref.com/en/players/862e93c2/Ryan-Gauld-Ryan Gauld,
6,Amine Oudrhiri,https://fbref.com/en/players/49c9c79a/Amine-Oudrhiri,5,5,ma MAR,DM,28-152,90,29,29,0,0,0,2,0,0,0,0,0,0,26,0,0,https://fbref.com/en/players/49c9c79a/Amine-Oudrhiri-Amine Oudrhiri,
7,Jonatan Lucca,https://fbref.com/en/players/b04f4533/Jonatan-Lucca,47,47,br BRA,DM,26-307,90,26,22,3,2,0,0,2,0,1,1,0,0,20,1,0,https://fbref.com/en/players/b04f4533/Jonatan-Lucca-Jonatan Lucca,
8,Abner,https://fbref.com/en/players/8e562fe7/Abner,30,30,br BRA,LB,24-310,90,35,22,12,1,0,0,1,11,0,0,0,0,19,1,1,https://fbref.com/en/players/8e562fe7/Abner-Abner,
9,Eduardo Mancha,https://fbref.com/en/players/56e74f66/Eduardo-Mancha,95,95,br BRA,CB,25-132,90,24,22,2,2,0,1,0,0,0,0,0,0,17,0,1,https://fbref.com/en/players/56e74f66/Eduardo-Mancha-Eduardo Mancha,
10,César,https://fbref.com/en/players/4dcde17a/Cesar,4,4,br BRA,CB,28-098,90,34,32,1,1,0,1,0,0,0,0,0,0,18,1,0,https://fbref.com/en/players/4dcde17a/Cesar-César,
11,Tomás Tavares,https://fbref.com/en/players/0dce3356/Tomas-Tavares,84,84,pt POR,RB,20-029,90,37,28,8,0,0,0,4,8,0,0,0,0,23,1,1,https://fbref.com/en/players/0dce3356/Tomas-Tavares-Tomás Tavares,
12,Beto,https://fbref.com/en/players/3b4941e4/Beto,3,3,pt POR,GK,38-339,90,44,30,14,4,0,0,0,0,0,0,0,0,23,0,0,https://fbref.com/en/players/3b4941e4/Beto-Beto,
