,Player Name,Player Number,Player,#,Nation,Pos,Age,Min,Gls,Ast,PK,PKatt,Sh,SoT,CrdY,CrdR,Touches,Tkl,Int,Blocks,xG,npxG,xAG,SCA,GCA,Cmp,Att,Cmp%,PrgP,Carries,PrgC,Att,Succ,Player Key,Player Link
0,Pedro,https://fbref.com/en/players/17758df6/Pedro,96,96,br BRA,FW,24-148,90,1,0,0,0,6,3,0,0,35,1,1,0,1.7,1.7,0.2,3,0,10,18,55.6,2,16,0,0,0,https://fbref.com/en/players/17758df6/Pedro-Pedro,
1,Fabrício Isidoro,https://fbref.com/en/players/b70ca4b5/Fabricio-Isidoro,14,14,br BRA,LW,29-067,39,0,0,0,0,0,0,0,0,11,0,0,1,0.0,0.0,0.0,0,0,5,5,100.0,0,7,0,2,0,https://fbref.com/en/players/b70ca4b5/Fabricio-Isidoro-Fabrício Isidoro,
2,Madi Queita,https://fbref.com/en/players/13ab460a/Madi-Queita,10,10,gw GNB,LW,22-166,51,0,0,0,0,1,0,0,0,19,0,1,0,0.0,0.0,0.0,2,0,12,15,80.0,3,11,3,2,2,https://fbref.com/en/players/13ab460a/Madi-Queita-Madi Queita,
3,Bilel Aouacheria,https://fbref.com/en/players/77bbc5b1/Bilel-Aouacheria,26,26,fr FRA,RW,27-003,75,0,0,0,0,2,2,0,0,19,0,0,0,0.1,0.1,0.0,2,0,10,14,71.4,2,9,2,0,0,https://fbref.com/en/players/77bbc5b1/Bilel-Aouacheria-Bilel Aouacheria,
4,Braian Mansilla,https://fbref.com/en/players/e4c37819/Braian-Mansilla,11,11,ar ARG,RW,23-354,15,0,0,0,0,1,0,0,0,12,0,1,0,0.0,0.0,0.0,0,0,7,8,87.5,1,8,2,4,2,https://fbref.com/en/players/e4c37819/Braian-Mansilla-Braian Mansilla,
5,Ryan Gauld,https://fbref.com/en/players/862e93c2/Ryan-Gauld,23,23,sct SCO,AM,25-110,90,0,1,0,0,5,3,0,0,46,2,4,3,0.2,0.2,0.8,7,1,16,32,50.0,5,24,2,5,3,https://fbref.com/en/players/862e93c2/Ryan-Gauld-Ryan Gauld,
6,Amine Oudrhiri,https://fbref.com/en/players/49c9c79a/Amine-Oudrhiri,5,5,ma MAR,DM,28-152,90,0,0,0,0,2,0,0,0,36,0,1,1,0.1,0.1,0.0,0,0,26,29,89.7,2,19,0,1,0,https://fbref.com/en/players/49c9c79a/Amine-Oudrhiri-Amine Oudrhiri,
7,Jonatan Lucca,https://fbref.com/en/players/b04f4533/Jonatan-Lucca,47,47,br BRA,DM,26-307,90,0,0,0,0,1,1,0,0,32,1,1,0,0.1,0.1,0.0,3,0,20,26,76.9,7,10,0,1,1,https://fbref.com/en/players/b04f4533/Jonatan-Lucca-Jonatan Lucca,
8,Abner,https://fbref.com/en/players/8e562fe7/Abner,30,30,br BRA,LB,24-310,90,0,0,0,0,0,0,0,0,46,0,5,0,0.0,0.0,0.0,1,0,19,35,54.3,1,15,1,0,0,https://fbref.com/en/players/8e562fe7/Abner-Abner,
9,Eduardo Mancha,https://fbref.com/en/players/56e74f66/Eduardo-Mancha,95,95,br BRA,CB,25-132,90,0,0,0,0,0,0,0,0,33,1,4,1,0.0,0.0,0.0,0,0,17,24,70.8,3,17,0,1,1,https://fbref.com/en/players/56e74f66/Eduardo-Mancha-Eduardo Mancha,
10,César,https://fbref.com/en/players/4dcde17a/Cesar,4,4,br BRA,CB,28-098,90,0,0,0,0,0,0,0,0,45,2,1,1,0.0,0.0,0.0,0,0,18,34,52.9,1,13,0,0,0,https://fbref.com/en/players/4dcde17a/Cesar-César,
11,Tomás Tavares,https://fbref.com/en/players/0dce3356/Tomas-Tavares,84,84,pt POR,RB,20-029,90,0,0,0,0,0,0,0,0,46,2,4,1,0.0,0.0,0.1,3,0,23,37,62.2,4,20,1,1,1,https://fbref.com/en/players/0dce3356/Tomas-Tavares-Tomás Tavares,
12,Beto,https://fbref.com/en/players/3b4941e4/Beto,3,3,pt POR,GK,38-339,90,0,0,0,0,0,0,0,0,48,0,0,0,0.0,0.0,0.0,0,0,23,44,52.3,0,29,0,0,0,https://fbref.com/en/players/3b4941e4/Beto-Beto,
