,Player Name,Player Number,Player,#,Nation,Pos,Age,Min,Tkl,TklW,Def 3rd,Mid 3rd,Att 3rd,Tkl,Att,Tkl%,Lost,Blocks,Sh,Pass,Int,Tkl+Int,Clr,Err,Player Key,Player Link
0,Pedro,https://fbref.com/en/players/17758df6/Pedro,96,96,br BRA,FW,24-148,90,1,1,0,1,0,1,2,50.0,1,0,0,0,1,2,1,0,https://fbref.com/en/players/17758df6/Pedro-Pedro,
1,Fabrício Isidoro,https://fbref.com/en/players/b70ca4b5/Fabricio-Isidoro,14,14,br BRA,LW,29-067,39,0,0,0,0,0,0,4,0.0,4,1,0,1,0,0,0,0,https://fbref.com/en/players/b70ca4b5/Fabricio-Isidoro-Fabrício Isidoro,
2,Madi Queita,https://fbref.com/en/players/13ab460a/Madi-Queita,10,10,gw GNB,LW,22-166,51,0,0,0,0,0,0,0,,0,0,0,0,1,1,0,0,https://fbref.com/en/players/13ab460a/Madi-Queita-Madi Queita,
3,Bilel Aouacheria,https://fbref.com/en/players/77bbc5b1/Bilel-Aouacheria,26,26,fr FRA,RW,27-003,75,0,0,0,0,0,0,0,,0,0,0,0,0,0,0,0,https://fbref.com/en/players/77bbc5b1/Bilel-Aouacheria-Bilel Aouacheria,
4,Braian Mansilla,https://fbref.com/en/players/e4c37819/Braian-Mansilla,11,11,ar ARG,RW,23-354,15,0,0,0,0,0,0,0,,0,0,0,0,1,1,0,0,https://fbref.com/en/players/e4c37819/Braian-Mansilla-Braian Mansilla,
5,Ryan Gauld,https://fbref.com/en/players/862e93c2/Ryan-Gauld,23,23,sct SCO,AM,25-110,90,2,1,0,2,0,0,0,,0,3,0,3,4,6,0,0,https://fbref.com/en/players/862e93c2/Ryan-Gauld-Ryan Gauld,
6,Amine Oudrhiri,https://fbref.com/en/players/49c9c79a/Amine-Oudrhiri,5,5,ma MAR,DM,28-152,90,0,0,0,0,0,0,0,,0,1,0,1,1,1,0,0,https://fbref.com/en/players/49c9c79a/Amine-Oudrhiri-Amine Oudrhiri,
7,Jonatan Lucca,https://fbref.com/en/players/b04f4533/Jonatan-Lucca,47,47,br BRA,DM,26-307,90,1,0,0,1,0,1,1,100.0,0,0,0,0,1,2,0,0,https://fbref.com/en/players/b04f4533/Jonatan-Lucca-Jonatan Lucca,
8,Abner,https://fbref.com/en/players/8e562fe7/Abner,30,30,br BRA,LB,24-310,90,0,0,0,0,0,0,1,0.0,1,0,0,0,5,5,2,0,https://fbref.com/en/players/8e562fe7/Abner-Abner,
9,Eduardo Mancha,https://fbref.com/en/players/56e74f66/Eduardo-Mancha,95,95,br BRA,CB,25-132,90,1,1,0,1,0,1,1,100.0,0,1,1,0,4,5,4,0,https://fbref.com/en/players/56e74f66/Eduardo-Mancha-Eduardo Mancha,
10,César,https://fbref.com/en/players/4dcde17a/Cesar,4,4,br BRA,CB,28-098,90,2,1,2,0,0,1,1,100.0,0,1,0,1,1,3,8,0,https://fbref.com/en/players/4dcde17a/Cesar-César,
11,Tomás Tavares,https://fbref.com/en/players/0dce3356/Tomas-Tavares,84,84,pt POR,RB,20-029,90,2,1,2,0,0,2,5,40.0,3,1,0,1,4,6,2,0,https://fbref.com/en/players/0dce3356/Tomas-Tavares-Tomás Tavares,
12,Beto,https://fbref.com/en/players/3b4941e4/Beto,3,3,pt POR,GK,38-339,90,0,0,0,0,0,0,0,,0,0,0,0,0,0,2,0,https://fbref.com/en/players/3b4941e4/Beto-Beto,
