,Player Name,Player Number,Player,#,Nation,Pos,Age,Min,Touches,Def Pen,Def 3rd,Mid 3rd,Att 3rd,Att Pen,Live,Att,Succ,Succ%,Tkld,Tkld%,Carries,TotDist,PrgDist,PrgC,1/3,CPA,Mis,Dis,Rec,PrgR,Player Key,Player Link
0,Pedro,https://fbref.com/en/players/17758df6/Pedro,96,96,br BRA,FW,24-148,90,35,1,1,13,21,7,35,0,0,,0,,16,20,3,0,0,0,4,0,22,5,https://fbref.com/en/players/17758df6/Pedro-Pedro,
1,Fabrício Isidoro,https://fbref.com/en/players/b70ca4b5/Fabricio-Isidoro,14,14,br BRA,LW,29-067,39,11,0,2,4,5,2,11,2,0,0.0,2,100.0,7,28,7,0,0,1,0,0,6,1,https://fbref.com/en/players/b70ca4b5/Fabricio-Isidoro-Fabrício Isidoro,
2,Madi Queita,https://fbref.com/en/players/13ab460a/Madi-Queita,10,10,gw GNB,LW,22-166,51,19,1,1,6,12,3,19,2,2,100.0,0,0.0,11,69,49,3,3,2,1,0,12,3,https://fbref.com/en/players/13ab460a/Madi-Queita-Madi Queita,
3,Bilel Aouacheria,https://fbref.com/en/players/77bbc5b1/Bilel-Aouacheria,26,26,fr FRA,RW,27-003,75,19,0,3,6,10,1,19,0,0,,0,,9,41,27,2,0,0,0,0,12,6,https://fbref.com/en/players/77bbc5b1/Bilel-Aouacheria-Bilel Aouacheria,
4,Braian Mansilla,https://fbref.com/en/players/e4c37819/Braian-Mansilla,11,11,ar ARG,RW,23-354,15,12,0,1,4,8,1,12,4,2,50.0,2,50.0,8,69,46,2,2,0,1,1,9,5,https://fbref.com/en/players/e4c37819/Braian-Mansilla-Braian Mansilla,
5,Ryan Gauld,https://fbref.com/en/players/862e93c2/Ryan-Gauld,23,23,sct SCO,AM,25-110,90,46,0,4,16,27,3,46,5,3,60.0,2,40.0,24,117,52,2,1,0,1,0,19,3,https://fbref.com/en/players/862e93c2/Ryan-Gauld-Ryan Gauld,
6,Amine Oudrhiri,https://fbref.com/en/players/49c9c79a/Amine-Oudrhiri,5,5,ma MAR,DM,28-152,90,36,2,12,19,5,1,36,1,0,0.0,1,100.0,19,35,9,0,0,0,0,0,22,0,https://fbref.com/en/players/49c9c79a/Amine-Oudrhiri-Amine Oudrhiri,
7,Jonatan Lucca,https://fbref.com/en/players/b04f4533/Jonatan-Lucca,47,47,br BRA,DM,26-307,90,32,1,6,17,9,1,32,1,1,100.0,0,0.0,10,43,5,0,0,0,2,0,14,2,https://fbref.com/en/players/b04f4533/Jonatan-Lucca-Jonatan Lucca,
8,Abner,https://fbref.com/en/players/8e562fe7/Abner,30,30,br BRA,LB,24-310,90,46,5,14,22,11,0,46,0,0,,0,,15,77,43,1,1,0,2,1,13,1,https://fbref.com/en/players/8e562fe7/Abner-Abner,
9,Eduardo Mancha,https://fbref.com/en/players/56e74f66/Eduardo-Mancha,95,95,br BRA,CB,25-132,90,33,7,21,10,2,2,33,1,1,100.0,0,0.0,17,51,19,0,0,0,0,1,16,0,https://fbref.com/en/players/56e74f66/Eduardo-Mancha-Eduardo Mancha,
10,César,https://fbref.com/en/players/4dcde17a/Cesar,4,4,br BRA,CB,28-098,90,45,15,32,12,1,0,45,0,0,,0,,13,39,26,0,0,0,0,0,23,1,https://fbref.com/en/players/4dcde17a/Cesar-César,
11,Tomás Tavares,https://fbref.com/en/players/0dce3356/Tomas-Tavares,84,84,pt POR,RB,20-029,90,46,4,19,9,19,0,46,1,1,100.0,0,0.0,20,114,34,1,0,0,0,0,18,3,https://fbref.com/en/players/0dce3356/Tomas-Tavares-Tomás Tavares,
12,Beto,https://fbref.com/en/players/3b4941e4/Beto,3,3,pt POR,GK,38-339,90,48,40,47,1,0,0,48,0,0,,0,,29,136,90,0,0,0,1,0,18,0,https://fbref.com/en/players/3b4941e4/Beto-Beto,
