,Minute,Player,Squad,xG,PSxG,Outcome,Distance,Body Part,Notes,SCA 1 Player,SCA 1 Event,SCA 2 Player,SCA 2 Event
0,4,Galeno,Braga,0.07,,Off Target,19,Right Foot,,Galeno,Take-On,Almoatasem Al Musrati,Pass (Live)
1,5,Pedro,Farense,0.23,,Off Target,13,Left Foot,Volley,,,,
2,9,Ryan Gauld,Farense,0.04,,Off Target,21,Right Foot,,,,,
3,10,Ryan Gauld,Farense,0.04,0.05,Saved,21,Left Foot,,Pedro,Pass (Live),Abner,Interception
4,18,João Novais,Braga,0.05,,Off Target,34,Right Foot,Free kick,Lucas Piazon,Fouled,Almoatasem Al Musrati,Pass (Live)
5,18,Bilel Aouacheria,Farense,0.03,0.20,Saved,24,Right Foot,,,,,
6,18,Pedro,Farense,0.06,,Off Target,13,Left Foot,,Bilel Aouacheria,Shot,,
7,29,Almoatasem Al Musrati,Braga,0.07,0.11,Goal,8,Head,,João Novais,Pass (Dead),Abel Ruiz,Pass (Live)
8,34,Pedro,Farense,0.40,0.70,Goal,3,Head,,Ryan Gauld,Pass (Dead),,
9,36,Ricardo Horta,Braga,0.07,,Off Target,16,Right Foot,,Ricardo Esgaio,Pass (Live),Almoatasem Al Musrati,Pass (Live)
10,37,Galeno,Braga,0.03,,Off Target,24,Left Foot,Volley,Galeno,Pass (Live),Raul Silva,Pass (Live)
11,40,Abel Ruiz,Braga,0.08,,Off Target,6,Head,,João Novais,Pass (Dead),,
12,42,Madi Queita,Farense,0.04,,Blocked,18,Right Foot,,Pedro,Pass (Live),Madi Queita,Pass (Live)
13,43,Amine Oudrhiri,Farense,0.05,,Off Target,16,Other,,Ryan Gauld,Pass (Dead),Ryan Gauld,Fouled
14,44,Ryan Gauld,Farense,0.03,,Off Target,27,Left Foot,Volley,,,,
15,45+2,Galeno,Braga,0.06,,Off Target,9,Head,,Almoatasem Al Musrati,Pass (Live),Cristian Borja,Pass (Live)
16,,,,,,,,,,,,,
17,46,Pedro,Farense,0.04,,Off Target,21,Left Foot,,Tomás Tavares,Pass (Live),Bilel Aouacheria,Pass (Live)
18,51,Almoatasem Al Musrati,Braga,0.04,,Off Target,27,Right Foot,,Ricardo Esgaio,Pass (Live),Ricardo Horta,Pass (Live)
19,52,Amine Oudrhiri,Farense,0.03,,Off Target,30,Right Foot,,Madi Queita,Pass (Live),Jonatan Lucca,Pass (Live)
20,59,Ryan Gauld,Farense,0.03,0.14,Saved,24,Left Foot,,,,,
21,59,Ryan Gauld,Farense,0.05,0.48,Saved,15,Left Foot,,Ryan Gauld,Shot,,
22,64,Nicolás Gaitán,Braga,0.59,,Off Target,4,Left Foot,Volley,Almoatasem Al Musrati,Pass (Live),Galeno,Pass (Live)
23,66,Nicolás Gaitán,Braga,0.06,,Blocked,19,Right Foot,,Galeno,Pass (Live),Nicolás Gaitán,Pass (Live)
24,67,Bilel Aouacheria,Farense,0.07,0.33,Saved,24,Left Foot,,Pedro,Pass (Live),,
25,80,Pedro,Farense,0.32,0.22,Saved,11,Head,,Ryan Gauld,Pass (Live),Tomás Tavares,Pass (Live)
26,88,Jonatan Lucca,Farense,0.10,0.15,Saved,7,Head,,Ryan Gauld,Take-On,Ryan Gauld,Take-On
27,88,Pedro,Farense,0.65,0.92,Saved,4,Left Foot,,Jonatan Lucca,Shot,,
28,90,Braian Mansilla,Farense,0.03,,Off Target,21,Left Foot,,Tomás Tavares,Pass (Live),Jonatan Lucca,Pass (Live)
29,90+1,Andraž Šporar,Braga,0.09,,Off Target,10,Right Foot,Volley,Ricardo Esgaio,Pass (Live),Almoatasem Al Musrati,Pass (Live)
30,90+1,Nicolás Gaitán,Braga,0.87,,Off Target,3,Left Foot,,Galeno,Pass (Live),Galeno,Take-On
31,90+1,Andraž Šporar,Braga,0.82,,Woodwork,3,Right Foot,,Nicolás Gaitán,Shot,,
32,90+1,Andraž Šporar,Braga,0.92,0.99,Goal,1,Left Foot,,Andraž Šporar,Shot,,
