,Player Name,Player Number,Player,#,Nation,Pos,Age,Min,Tkl,TklW,Def 3rd,Mid 3rd,Att 3rd,Tkl,Att,Tkl%,Lost,Blocks,Sh,Pass,Int,Tkl+Int,Clr,Err,Player Key,Player Link
0,Colin Kazim-Richards,https://fbref.com/en/players/ca9e7345/Colin-Kazim-Richards,13,13,tr TUR,FW,34-150,78,0,0,0,0,0,0,1,0.0,1,1,0,1,0,0,1,0,https://fbref.com/en/players/ca9e7345/Colin-Kazim-Richards-Colin Kazim-Richards,
1,Martyn Waghorn,https://fbref.com/en/players/8ebea784/Martyn-Waghorn,9,9,eng ENG,FW,31-000,12,1,1,0,1,0,0,0,,0,1,0,1,0,1,0,0,https://fbref.com/en/players/8ebea784/Martyn-Waghorn-Martyn Waghorn,
2,Jason Knight,https://fbref.com/en/players/b83ec960/Jason-Knight,38,38,ie IRL,"LW,LM",19-345,90,0,0,0,0,0,0,1,0.0,1,2,0,2,1,1,1,0,https://fbref.com/en/players/b83ec960/Jason-Knight-Jason Knight,
3,Kamil Jóźwiak,https://fbref.com/en/players/bd4e3824/Kamil-Jozwiak,7,7,pl POL,RW,22-276,85,1,1,0,0,1,0,0,,0,1,0,1,0,1,0,0,https://fbref.com/en/players/bd4e3824/Kamil-Jozwiak-Kamil Jóźwiak,
4,Cornell MacDonald,https://fbref.com/en/players/900298b0/Cornell-MacDonald,37,37,eng ENG,RM,19-114,5,0,0,0,0,0,0,0,,0,0,0,0,0,0,1,0,https://fbref.com/en/players/900298b0/Cornell-MacDonald-Cornell MacDonald,
5,Lee Buchanan,https://fbref.com/en/players/45e95f21/Lee-Buchanan,26,26,eng ENG,"LB,LM",19-322,90,1,1,1,0,0,0,0,,0,1,0,1,2,3,8,0,https://fbref.com/en/players/45e95f21/Lee-Buchanan-Lee Buchanan,
6,Graeme Shinnie,https://fbref.com/en/players/6ddea288/Graeme-Shinnie,4,4,sct SCO,"CM,LM",29-172,90,1,0,0,1,0,0,0,,0,1,1,0,1,2,1,0,https://fbref.com/en/players/6ddea288/Graeme-Shinnie-Graeme Shinnie,
7,Krystian Bielik,https://fbref.com/en/players/8e0ec853/Krystian-Bielik,5,5,pl POL,CM,23-019,90,4,3,3,1,0,0,3,0.0,3,2,1,1,2,6,6,0,https://fbref.com/en/players/8e0ec853/Krystian-Bielik-Krystian Bielik,
8,Nathan Byrne,https://fbref.com/en/players/c4041fbc/Nathan-Byrne,12,12,eng ENG,"RB,RM",28-232,90,2,1,1,1,0,1,3,33.3,2,0,0,0,2,4,3,0,https://fbref.com/en/players/c4041fbc/Nathan-Byrne-Nathan Byrne,
9,Matthew Clarke,https://fbref.com/en/players/8ea2227a/Matthew-Clarke,16,16,eng ENG,CB,24-123,90,2,1,1,1,0,0,0,,0,1,1,0,1,3,9,1,https://fbref.com/en/players/8ea2227a/Matthew-Clarke-Matthew Clarke,
10,Andre Wisdom,https://fbref.com/en/players/ab6a3628/Andre-Wisdom,2,2,eng ENG,CB,27-259,90,0,0,0,0,0,0,1,0.0,1,0,0,0,0,0,8,1,https://fbref.com/en/players/ab6a3628/Andre-Wisdom-Andre Wisdom,
11,George Evans,https://fbref.com/en/players/40302e12/George-Evans,22,22,eng ENG,CB,26-041,45,0,0,0,0,0,0,0,,0,0,0,0,0,0,1,0,https://fbref.com/en/players/40302e12/George-Evans-George Evans,
12,Max Bird,https://fbref.com/en/players/46d27ca0/Max-Bird,8,8,eng ENG,"RM,FW",20-127,45,2,1,1,1,0,1,2,50.0,1,2,1,1,2,4,2,0,https://fbref.com/en/players/46d27ca0/Max-Bird-Max Bird,
13,Kelle Roos,https://fbref.com/en/players/b55e1ac0/Kelle-Roos,21,21,nl NED,GK,28-237,90,0,0,0,0,0,0,0,,0,0,0,0,0,0,0,0,https://fbref.com/en/players/b55e1ac0/Kelle-Roos-Kelle Roos,
