,Player Name,Player Number,Player,#,Nation,Pos,Age,Min,Gls,Ast,PK,PKatt,Sh,SoT,CrdY,CrdR,Touches,Tkl,Int,Blocks,xG,npxG,xAG,SCA,GCA,Cmp,Att,Cmp%,PrgP,Carries,PrgC,Att,Succ,Player Key,Player Link
0,Colin Kazim-Richards,https://fbref.com/en/players/ca9e7345/Colin-Kazim-Richards,13,13,tr TUR,FW,34-150,78,1,0,0,0,1,1,0,0,18,0,0,1,0.8,0.8,0.0,0,0,5,10,50.0,0,7,0,0,0,https://fbref.com/en/players/ca9e7345/Colin-Kazim-Richards-Colin Kazim-Richards,
1,Martyn Waghorn,https://fbref.com/en/players/8ebea784/Martyn-Waghorn,9,9,eng ENG,FW,31-000,12,0,0,0,0,0,0,0,0,2,1,0,1,0.0,0.0,0.0,0,0,0,0,,0,1,0,0,0,https://fbref.com/en/players/8ebea784/Martyn-Waghorn-Martyn Waghorn,
2,Jason Knight,https://fbref.com/en/players/b83ec960/Jason-Knight,38,38,ie IRL,"LW,LM",19-345,90,0,0,0,0,0,0,0,0,51,0,1,2,0.0,0.0,0.0,2,0,31,38,81.6,3,28,3,2,0,https://fbref.com/en/players/b83ec960/Jason-Knight-Jason Knight,
3,Kamil Jóźwiak,https://fbref.com/en/players/bd4e3824/Kamil-Jozwiak,7,7,pl POL,RW,22-276,85,0,0,0,0,2,1,0,0,50,1,0,1,0.1,0.1,0.0,3,1,29,37,78.4,3,25,3,3,1,https://fbref.com/en/players/bd4e3824/Kamil-Jozwiak-Kamil Jóźwiak,
4,Cornell MacDonald,https://fbref.com/en/players/900298b0/Cornell-MacDonald,37,37,eng ENG,RM,19-114,5,0,0,0,0,0,0,0,0,1,0,0,0,0.0,0.0,0.0,0,0,0,0,,0,0,0,0,0,https://fbref.com/en/players/900298b0/Cornell-MacDonald-Cornell MacDonald,
5,Lee Buchanan,https://fbref.com/en/players/45e95f21/Lee-Buchanan,26,26,eng ENG,"LB,LM",19-322,90,0,0,0,0,1,0,0,0,57,1,2,1,0.0,0.0,0.0,0,0,20,40,50.0,1,24,3,2,1,https://fbref.com/en/players/45e95f21/Lee-Buchanan-Lee Buchanan,
6,Graeme Shinnie,https://fbref.com/en/players/6ddea288/Graeme-Shinnie,4,4,sct SCO,"CM,LM",29-172,90,0,0,0,0,1,0,1,0,51,1,1,1,0.1,0.1,0.2,2,0,29,44,65.9,5,25,4,0,0,https://fbref.com/en/players/6ddea288/Graeme-Shinnie-Graeme Shinnie,
7,Krystian Bielik,https://fbref.com/en/players/8e0ec853/Krystian-Bielik,5,5,pl POL,CM,23-019,90,0,0,0,0,0,0,0,0,57,4,2,2,0.0,0.0,0.0,1,0,36,43,83.7,4,17,2,1,1,https://fbref.com/en/players/8e0ec853/Krystian-Bielik-Krystian Bielik,
8,Nathan Byrne,https://fbref.com/en/players/c4041fbc/Nathan-Byrne,12,12,eng ENG,"RB,RM",28-232,90,0,0,0,0,0,0,0,0,65,2,2,0,0.0,0.0,0.0,1,0,29,52,55.8,2,24,0,1,1,https://fbref.com/en/players/c4041fbc/Nathan-Byrne-Nathan Byrne,
9,Matthew Clarke,https://fbref.com/en/players/8ea2227a/Matthew-Clarke,16,16,eng ENG,CB,24-123,90,0,0,0,0,1,0,0,0,47,2,1,1,0.1,0.1,0.0,0,0,27,32,84.4,1,20,1,1,1,https://fbref.com/en/players/8ea2227a/Matthew-Clarke-Matthew Clarke,
10,Andre Wisdom,https://fbref.com/en/players/ab6a3628/Andre-Wisdom,2,2,eng ENG,CB,27-259,90,0,0,0,0,0,0,0,0,56,0,0,0,0.0,0.0,0.0,0,0,39,44,88.6,0,25,0,2,2,https://fbref.com/en/players/ab6a3628/Andre-Wisdom-Andre Wisdom,
11,George Evans,https://fbref.com/en/players/40302e12/George-Evans,22,22,eng ENG,CB,26-041,45,0,0,0,0,0,0,0,0,32,0,0,0,0.0,0.0,0.0,0,0,21,31,67.7,0,17,0,0,0,https://fbref.com/en/players/40302e12/George-Evans-George Evans,
12,Max Bird,https://fbref.com/en/players/46d27ca0/Max-Bird,8,8,eng ENG,"RM,FW",20-127,45,0,0,0,0,0,0,0,0,27,2,2,2,0.0,0.0,0.1,2,0,13,16,81.3,2,6,0,0,0,https://fbref.com/en/players/46d27ca0/Max-Bird-Max Bird,
13,Kelle Roos,https://fbref.com/en/players/b55e1ac0/Kelle-Roos,21,21,nl NED,GK,28-237,90,0,0,0,0,0,0,0,0,43,0,0,0,0.0,0.0,0.0,0,0,25,41,61.0,0,20,0,0,0,https://fbref.com/en/players/b55e1ac0/Kelle-Roos-Kelle Roos,
