,Player Name,Player Number,Player,#,Nation,Pos,Age,Min,Touches,Def Pen,Def 3rd,Mid 3rd,Att 3rd,Att Pen,Live,Att,Succ,Succ%,Tkld,Tkld%,Carries,TotDist,PrgDist,PrgC,1/3,CPA,Mis,Dis,Rec,PrgR,Player Key,Player Link
0,Colin Kazim-Richards,https://fbref.com/en/players/ca9e7345/Colin-Kazim-Richards,13,13,tr TUR,FW,34-150,78,18,2,4,13,1,1,18,0,0,,0,,7,42,0,0,0,0,2,0,10,3,https://fbref.com/en/players/ca9e7345/Colin-Kazim-Richards-Colin Kazim-Richards,
1,Martyn Waghorn,https://fbref.com/en/players/8ebea784/Martyn-Waghorn,9,9,eng ENG,FW,31-000,12,2,0,0,1,1,0,2,0,0,,0,,1,17,0,0,0,1,0,1,1,0,https://fbref.com/en/players/8ebea784/Martyn-Waghorn-Martyn Waghorn,
2,Jason Knight,https://fbref.com/en/players/b83ec960/Jason-Knight,38,38,ie IRL,"LW,LM",19-345,90,51,1,13,22,16,1,51,2,0,0.0,2,100.0,28,189,89,3,1,0,3,0,30,3,https://fbref.com/en/players/b83ec960/Jason-Knight-Jason Knight,
3,Kamil Jóźwiak,https://fbref.com/en/players/bd4e3824/Kamil-Jozwiak,7,7,pl POL,RW,22-276,85,50,0,3,20,28,4,50,3,1,33.3,2,66.7,25,200,62,3,3,2,5,3,37,7,https://fbref.com/en/players/bd4e3824/Kamil-Jozwiak-Kamil Jóźwiak,
4,Cornell MacDonald,https://fbref.com/en/players/900298b0/Cornell-MacDonald,37,37,eng ENG,RM,19-114,5,1,0,1,0,0,0,1,0,0,,0,,0,0,0,0,0,0,0,0,0,0,https://fbref.com/en/players/900298b0/Cornell-MacDonald-Cornell MacDonald,
5,Lee Buchanan,https://fbref.com/en/players/45e95f21/Lee-Buchanan,26,26,eng ENG,"LB,LM",19-322,90,57,8,20,17,21,1,57,2,1,50.0,1,50.0,24,164,111,3,1,0,1,1,31,3,https://fbref.com/en/players/45e95f21/Lee-Buchanan-Lee Buchanan,
6,Graeme Shinnie,https://fbref.com/en/players/6ddea288/Graeme-Shinnie,4,4,sct SCO,"CM,LM",29-172,90,51,1,15,29,10,0,51,0,0,,0,,25,178,108,4,2,0,1,0,29,1,https://fbref.com/en/players/6ddea288/Graeme-Shinnie-Graeme Shinnie,
7,Krystian Bielik,https://fbref.com/en/players/8e0ec853/Krystian-Bielik,5,5,pl POL,CM,23-019,90,57,9,19,33,5,0,57,1,1,100.0,0,0.0,17,141,59,2,0,0,2,0,23,0,https://fbref.com/en/players/8e0ec853/Krystian-Bielik-Krystian Bielik,
8,Nathan Byrne,https://fbref.com/en/players/c4041fbc/Nathan-Byrne,12,12,eng ENG,"RB,RM",28-232,90,65,7,21,23,22,0,65,1,1,100.0,0,0.0,24,107,40,0,0,0,1,1,27,3,https://fbref.com/en/players/c4041fbc/Nathan-Byrne-Nathan Byrne,
9,Matthew Clarke,https://fbref.com/en/players/8ea2227a/Matthew-Clarke,16,16,eng ENG,CB,24-123,90,47,11,30,14,4,1,47,1,1,100.0,0,0.0,20,125,65,1,1,0,0,0,23,0,https://fbref.com/en/players/8ea2227a/Matthew-Clarke-Matthew Clarke,
10,Andre Wisdom,https://fbref.com/en/players/ab6a3628/Andre-Wisdom,2,2,eng ENG,CB,27-259,90,56,8,31,25,0,0,56,2,2,100.0,0,0.0,25,125,67,0,0,0,0,1,37,0,https://fbref.com/en/players/ab6a3628/Andre-Wisdom-Andre Wisdom,
11,George Evans,https://fbref.com/en/players/40302e12/George-Evans,22,22,eng ENG,CB,26-041,45,32,2,22,10,0,0,32,0,0,,0,,17,108,21,0,0,0,0,0,18,0,https://fbref.com/en/players/40302e12/George-Evans-George Evans,
12,Max Bird,https://fbref.com/en/players/46d27ca0/Max-Bird,8,8,eng ENG,"RM,FW",20-127,45,27,3,14,7,6,1,27,0,0,,0,,6,25,4,0,1,0,2,0,10,1,https://fbref.com/en/players/46d27ca0/Max-Bird-Max Bird,
13,Kelle Roos,https://fbref.com/en/players/b55e1ac0/Kelle-Roos,21,21,nl NED,GK,28-237,90,43,33,43,0,0,0,43,0,0,,0,,20,88,40,0,0,0,0,0,21,0,https://fbref.com/en/players/b55e1ac0/Kelle-Roos-Kelle Roos,
