,Player Name,Player Number,Player,#,Nation,Pos,Age,Min,Gls,Ast,PK,PKatt,Sh,SoT,CrdY,CrdR,Touches,Tkl,Int,Blocks,xG,npxG,xAG,SCA,GCA,Cmp,Att,Cmp%,PrgP,Carries,PrgC,Att,Succ,Player Key,Player Link
0,Charlie Austin,https://fbref.com/en/players/8d228291/Charlie-Austin,45,45,eng ENG,FW,31-202,81,0,0,0,0,2,1,0,0,15,0,0,1,0.2,0.2,0.0,2,0,4,8,50.0,1,4,0,0,0,https://fbref.com/en/players/8d228291/Charlie-Austin-Charlie Austin,
1,Charlie Kelman,https://fbref.com/en/players/d7cf39b1/Charlie-Kelman,29,29,us USA,FW,19-082,9,0,0,0,0,1,0,0,0,2,0,0,0,0.2,0.2,0.0,1,0,1,1,100.0,0,2,0,1,1,https://fbref.com/en/players/d7cf39b1/Charlie-Kelman-Charlie Kelman,
2,Lyndon Dykes,https://fbref.com/en/players/cd92357a/Lyndon-Dykes,9,9,sct SCO,FW,25-108,72,0,0,0,0,2,0,0,0,16,0,0,0,0.5,0.5,0.0,0,0,5,9,55.6,0,7,0,0,0,https://fbref.com/en/players/cd92357a/Lyndon-Dykes-Lyndon Dykes,
3,Macauley Bonne,https://fbref.com/en/players/9ca8b21c/Macauley-Bonne,7,7,zw ZIM,FW,25-089,18,0,0,0,0,0,0,0,0,2,0,0,0,0.0,0.0,0.0,0,0,2,2,100.0,1,2,1,0,0,https://fbref.com/en/players/9ca8b21c/Macauley-Bonne-Macauley Bonne,
4,Dominic Ball,https://fbref.com/en/players/79d61875/Dominic-Ball,12,12,eng ENG,CM,25-174,90,0,0,0,0,0,0,0,0,64,0,0,0,0.0,0.0,0.0,2,0,52,56,92.9,5,31,1,2,1,https://fbref.com/en/players/79d61875/Dominic-Ball-Dominic Ball,
5,Ilias Chair,https://fbref.com/en/players/ad7873cb/Ilias-Chair,10,10,ma MAR,CM,23-085,90,0,0,0,0,2,0,0,0,51,2,0,2,0.1,0.1,0.0,4,0,30,41,73.2,3,29,6,3,2,https://fbref.com/en/players/ad7873cb/Ilias-Chair-Ilias Chair,
6,Chris Willock,https://fbref.com/en/players/be0bd828/Chris-Willock,21,21,eng ENG,CM,22-358,64,0,0,0,0,1,0,0,0,27,2,1,0,0.1,0.1,0.0,2,0,16,20,80.0,0,17,3,2,2,https://fbref.com/en/players/be0bd828/Chris-Willock-Chris Willock,
7,Faysal Bettache,https://fbref.com/en/players/34747acf/Faysal-Bettache,26,26,eng ENG,CM,20-200,26,0,0,0,0,0,0,0,0,26,0,0,0,0.0,0.0,0.0,0,0,22,24,91.7,3,20,0,0,0,https://fbref.com/en/players/34747acf/Faysal-Bettache-Faysal Bettache,
8,Niko Hämäläinen,https://fbref.com/en/players/4435db1e/Niko-Hamalainen,25,25,fi FIN,WB,23-324,81,0,0,0,0,2,0,0,0,67,1,2,1,0.1,0.1,0.0,3,0,36,56,64.3,9,20,4,1,1,https://fbref.com/en/players/4435db1e/Niko-Hamalainen-Niko Hämäläinen,
9,Albert Adomah,https://fbref.com/en/players/c7174e81/Albert-Adomah,37,37,gh GHA,WB,33-041,9,0,0,0,0,0,0,0,0,14,0,0,0,0.0,0.0,0.0,0,0,9,13,69.2,1,8,1,0,0,https://fbref.com/en/players/c7174e81/Albert-Adomah-Albert Adomah,
10,Todd Kane,https://fbref.com/en/players/dd082c59/Todd-Kane,2,2,eng ENG,WB,27-128,90,0,0,0,0,1,0,1,0,73,3,1,1,0.0,0.0,0.2,2,0,39,57,68.4,3,22,2,0,0,https://fbref.com/en/players/dd082c59/Todd-Kane-Todd Kane,
11,Yoann Barbet,https://fbref.com/en/players/c52bbd2c/Yoann-Barbet,6,6,fr FRA,CB,27-258,90,0,0,0,0,1,1,0,0,100,1,2,0,0.1,0.1,0.0,1,0,65,87,74.7,8,47,3,0,0,https://fbref.com/en/players/c52bbd2c/Yoann-Barbet-Yoann Barbet,
12,Geoff Cameron,https://fbref.com/en/players/1a160ea3/Geoff-Cameron,20,20,us USA,CB,35-196,90,0,0,0,0,0,0,1,0,86,3,2,2,0.0,0.0,0.0,0,0,61,77,79.2,3,40,0,1,1,https://fbref.com/en/players/1a160ea3/Geoff-Cameron-Geoff Cameron,
13,Robert Dickie,https://fbref.com/en/players/c7dfc411/Robert-Dickie,4,4,eng ENG,CB,24-326,90,0,0,0,0,0,0,0,0,92,0,1,1,0.0,0.0,0.1,2,0,68,86,79.1,7,42,4,1,1,https://fbref.com/en/players/c7dfc411/Robert-Dickie-Robert Dickie,
14,Seny Dieng,https://fbref.com/en/players/c135cddd/Seny-Dieng,13,13,sn SEN,GK,26-061,90,0,0,0,0,0,0,0,0,29,0,0,0,0.0,0.0,0.0,0,0,26,28,92.9,0,12,0,0,0,https://fbref.com/en/players/c135cddd/Seny-Dieng-Seny Dieng,
