,Player Name,Player Number,Player,#,Nation,Pos,Age,Min,Touches,Def Pen,Def 3rd,Mid 3rd,Att 3rd,Att Pen,Live,Att,Succ,Succ%,Tkld,Tkld%,Carries,TotDist,PrgDist,PrgC,1/3,CPA,Mis,Dis,Rec,PrgR,Player Key,Player Link
0,Charlie Austin,https://fbref.com/en/players/8d228291/Charlie-Austin,45,45,eng ENG,FW,31-202,81,15,0,1,4,10,3,15,0,0,,0,,4,14,1,0,1,0,2,0,9,3,https://fbref.com/en/players/8d228291/Charlie-Austin-Charlie Austin,
1,Charlie Kelman,https://fbref.com/en/players/d7cf39b1/Charlie-Kelman,29,29,us USA,FW,19-082,9,2,0,0,0,2,2,2,1,1,100.0,0,0.0,2,9,4,0,0,0,0,1,1,0,https://fbref.com/en/players/d7cf39b1/Charlie-Kelman-Charlie Kelman,
2,Lyndon Dykes,https://fbref.com/en/players/cd92357a/Lyndon-Dykes,9,9,sct SCO,FW,25-108,72,16,0,1,6,9,4,16,0,0,,0,,7,26,0,0,0,0,2,2,12,1,https://fbref.com/en/players/cd92357a/Lyndon-Dykes-Lyndon Dykes,
3,Macauley Bonne,https://fbref.com/en/players/9ca8b21c/Macauley-Bonne,7,7,zw ZIM,FW,25-089,18,2,0,0,0,2,0,2,0,0,,0,,2,16,0,1,0,0,0,1,3,2,https://fbref.com/en/players/9ca8b21c/Macauley-Bonne-Macauley Bonne,
4,Dominic Ball,https://fbref.com/en/players/79d61875/Dominic-Ball,12,12,eng ENG,CM,25-174,90,64,1,11,45,8,0,64,2,1,50.0,1,50.0,31,156,66,1,0,0,2,2,49,0,https://fbref.com/en/players/79d61875/Dominic-Ball-Dominic Ball,
5,Ilias Chair,https://fbref.com/en/players/ad7873cb/Ilias-Chair,10,10,ma MAR,CM,23-085,90,51,1,6,16,31,2,51,3,2,66.7,1,33.3,29,310,108,6,6,1,3,2,31,9,https://fbref.com/en/players/ad7873cb/Ilias-Chair-Ilias Chair,
6,Chris Willock,https://fbref.com/en/players/be0bd828/Chris-Willock,21,21,eng ENG,CM,22-358,64,27,0,6,8,14,2,27,2,2,100.0,0,0.0,17,198,109,3,4,1,4,1,18,5,https://fbref.com/en/players/be0bd828/Chris-Willock-Chris Willock,
7,Faysal Bettache,https://fbref.com/en/players/34747acf/Faysal-Bettache,26,26,eng ENG,CM,20-200,26,26,1,4,18,4,1,26,0,0,,0,,20,115,34,0,1,0,1,2,21,2,https://fbref.com/en/players/34747acf/Faysal-Bettache-Faysal Bettache,
8,Niko Hämäläinen,https://fbref.com/en/players/4435db1e/Niko-Hamalainen,25,25,fi FIN,WB,23-324,81,67,1,16,31,20,2,67,1,1,100.0,0,0.0,20,99,65,4,1,0,2,0,30,7,https://fbref.com/en/players/4435db1e/Niko-Hamalainen-Niko Hämäläinen,
9,Albert Adomah,https://fbref.com/en/players/c7174e81/Albert-Adomah,37,37,gh GHA,WB,33-041,9,14,0,1,2,11,1,14,0,0,,0,,8,138,15,1,0,0,0,1,10,5,https://fbref.com/en/players/c7174e81/Albert-Adomah-Albert Adomah,
10,Todd Kane,https://fbref.com/en/players/dd082c59/Todd-Kane,2,2,eng ENG,WB,27-128,90,73,6,23,24,27,1,73,0,0,,0,,22,119,51,2,0,0,0,0,38,9,https://fbref.com/en/players/dd082c59/Todd-Kane-Todd Kane,
11,Yoann Barbet,https://fbref.com/en/players/c52bbd2c/Yoann-Barbet,6,6,fr FRA,CB,27-258,90,100,8,32,53,15,3,100,0,0,,0,,47,337,253,3,1,0,1,0,66,1,https://fbref.com/en/players/c52bbd2c/Yoann-Barbet-Yoann Barbet,
12,Geoff Cameron,https://fbref.com/en/players/1a160ea3/Geoff-Cameron,20,20,us USA,CB,35-196,90,86,8,46,41,1,1,86,1,1,100.0,0,0.0,40,170,74,0,0,0,0,0,55,0,https://fbref.com/en/players/1a160ea3/Geoff-Cameron-Geoff Cameron,
13,Robert Dickie,https://fbref.com/en/players/c7dfc411/Robert-Dickie,4,4,eng ENG,CB,24-326,90,92,4,43,41,9,1,92,1,1,100.0,0,0.0,42,243,164,4,1,0,1,0,72,0,https://fbref.com/en/players/c7dfc411/Robert-Dickie-Robert Dickie,
14,Seny Dieng,https://fbref.com/en/players/c135cddd/Seny-Dieng,13,13,sn SEN,GK,26-061,90,29,27,29,0,0,0,29,0,0,,0,,12,58,33,0,0,0,0,0,14,0,https://fbref.com/en/players/c135cddd/Seny-Dieng-Seny Dieng,
