,Player Name,Player Number,Player,#,Nation,Pos,Age,Min,Att,Live,Dead,FK,TB,Sw,Crs,TI,CK,In,Out,Str,Cmp,Off,Blocks,Player Key,Player Link
0,Charlie Austin,https://fbref.com/en/players/8d228291/Charlie-Austin,45,45,eng ENG,FW,31-202,81,8,8,0,0,0,0,1,0,0,0,0,0,4,0,0,https://fbref.com/en/players/8d228291/Charlie-Austin-Charlie Austin,
1,Charlie Kelman,https://fbref.com/en/players/d7cf39b1/Charlie-Kelman,29,29,us USA,FW,19-082,9,1,1,0,0,0,0,0,0,0,0,0,0,1,0,0,https://fbref.com/en/players/d7cf39b1/Charlie-Kelman-Charlie Kelman,
2,Lyndon Dykes,https://fbref.com/en/players/cd92357a/Lyndon-Dykes,9,9,sct SCO,FW,25-108,72,9,9,0,0,0,0,0,0,0,0,0,0,5,0,0,https://fbref.com/en/players/cd92357a/Lyndon-Dykes-Lyndon Dykes,
3,Macauley Bonne,https://fbref.com/en/players/9ca8b21c/Macauley-Bonne,7,7,zw ZIM,FW,25-089,18,2,2,0,0,0,0,0,0,0,0,0,0,2,0,0,https://fbref.com/en/players/9ca8b21c/Macauley-Bonne-Macauley Bonne,
4,Dominic Ball,https://fbref.com/en/players/79d61875/Dominic-Ball,12,12,eng ENG,CM,25-174,90,56,54,2,1,0,3,0,1,0,0,0,0,52,0,0,https://fbref.com/en/players/79d61875/Dominic-Ball-Dominic Ball,
5,Ilias Chair,https://fbref.com/en/players/ad7873cb/Ilias-Chair,10,10,ma MAR,CM,23-085,90,41,30,11,3,0,1,12,0,6,4,1,0,30,0,2,https://fbref.com/en/players/ad7873cb/Ilias-Chair-Ilias Chair,
6,Chris Willock,https://fbref.com/en/players/be0bd828/Chris-Willock,21,21,eng ENG,CM,22-358,64,20,20,0,0,0,0,2,0,0,0,0,0,16,0,1,https://fbref.com/en/players/be0bd828/Chris-Willock-Chris Willock,
7,Faysal Bettache,https://fbref.com/en/players/34747acf/Faysal-Bettache,26,26,eng ENG,CM,20-200,26,24,22,2,0,0,0,0,2,0,0,0,0,22,0,0,https://fbref.com/en/players/34747acf/Faysal-Bettache-Faysal Bettache,
8,Niko Hämäläinen,https://fbref.com/en/players/4435db1e/Niko-Hamalainen,25,25,fi FIN,WB,23-324,81,56,46,10,0,0,0,4,10,0,0,0,0,36,0,1,https://fbref.com/en/players/4435db1e/Niko-Hamalainen-Niko Hämäläinen,
9,Albert Adomah,https://fbref.com/en/players/c7174e81/Albert-Adomah,37,37,gh GHA,WB,33-041,9,13,11,2,0,0,0,2,2,0,0,0,0,9,0,0,https://fbref.com/en/players/c7174e81/Albert-Adomah-Albert Adomah,
10,Todd Kane,https://fbref.com/en/players/dd082c59/Todd-Kane,2,2,eng ENG,WB,27-128,90,57,48,9,0,0,0,7,9,0,0,0,0,39,0,3,https://fbref.com/en/players/dd082c59/Todd-Kane-Todd Kane,
11,Yoann Barbet,https://fbref.com/en/players/c52bbd2c/Yoann-Barbet,6,6,fr FRA,CB,27-258,90,87,77,8,3,0,1,6,3,2,2,0,0,65,2,1,https://fbref.com/en/players/c52bbd2c/Yoann-Barbet-Yoann Barbet,
12,Geoff Cameron,https://fbref.com/en/players/1a160ea3/Geoff-Cameron,20,20,us USA,CB,35-196,90,77,76,1,1,0,0,0,0,0,0,0,0,61,0,1,https://fbref.com/en/players/1a160ea3/Geoff-Cameron-Geoff Cameron,
13,Robert Dickie,https://fbref.com/en/players/c7dfc411/Robert-Dickie,4,4,eng ENG,CB,24-326,90,86,83,3,2,0,4,2,1,0,0,0,0,68,0,3,https://fbref.com/en/players/c7dfc411/Robert-Dickie-Robert Dickie,
14,Seny Dieng,https://fbref.com/en/players/c135cddd/Seny-Dieng,13,13,sn SEN,GK,26-061,90,28,19,9,2,0,0,0,0,0,0,0,0,26,0,0,https://fbref.com/en/players/c135cddd/Seny-Dieng-Seny Dieng,
