,Minute,Player,Squad,xG,PSxG,Outcome,Distance,Body Part,Notes,SCA 1 Player,SCA 1 Event,SCA 2 Player,SCA 2 Event
0,18,Charlie Austin,QPR,0.05,,Off Target,11,Head,,Todd Kane,Pass (Live),Chris Willock,Pass (Live)
1,23,Charlie Austin,QPR,0.16,0.15,Saved,9,Right Foot,,Todd Kane,Pass (Live),Niko Hämäläinen,Take-On
2,23,Lyndon Dykes,QPR,0.43,,Off Target,3,Right Foot,Volley,Charlie Austin,Shot,,
3,26,Matthew Clarke,Derby County,0.06,,Off Target,12,Head,,Graeme Shinnie,Pass (Dead),Jason Knight,Fouled
4,41,Chris Willock,QPR,0.05,,Blocked,17,Left Foot,,Robert Dickie,Pass (Live),Dominic Ball,Pass (Live)
5,45+1,Kamil Jóźwiak,Derby County,0.04,,Off Target,18,Right Foot,,Kamil Jóźwiak,Tackle,Kamil Jóźwiak,Pass (Live)
6,,,,,,,,,,,,,
7,49,Niko Hämäläinen,QPR,0.05,,Off Target,15,Left Foot,,Chris Willock,Pass (Live),Robert Dickie,Pass (Live)
8,50,Todd Kane,QPR,0.03,,Blocked,22,Left Foot,Volley,Niko Hämäläinen,Shot,,
9,50,Lyndon Dykes,QPR,0.03,,Off Target,26,Right Foot,,,,,
10,54,Graeme Shinnie,Derby County,0.05,,Blocked,21,Right Foot,,Max Bird,Pass (Live),Nathan Byrne,Pass (Live)
11,56,Ilias Chair,QPR,0.04,,Blocked,23,Right Foot,,Ilias Chair,Take-On,Charlie Austin,Pass (Live)
12,56,Kamil Jóźwiak,Derby County,0.11,0.35,Saved,16,Right Foot,,Graeme Shinnie,Pass (Live),Jason Knight,Pass (Live)
13,56,Colin Kazim-Richards,Derby County,0.77,0.94,Goal,5,Right Foot,,Kamil Jóźwiak,Shot,,
14,59,Lee Buchanan,Derby County,0.03,,Blocked,26,Left Foot,,Krystian Bielik,Pass (Live),Max Bird,Pass (Live)
15,66,Niko Hämäläinen,QPR,0.03,,Off Target,33,Left Foot,,Ilias Chair,Pass (Live),Dominic Ball,Pass (Live)
16,72,Ilias Chair,QPR,0.03,,Off Target,28,Right Foot,,Ilias Chair,Tackle,,
17,77,Yoann Barbet,QPR,0.06,0.11,Saved,11,Left Foot,Volley,Ilias Chair,Fouled,Niko Hämäläinen,Pass (Live)
18,84,Charlie Kelman,QPR,0.16,,Blocked,9,Left Foot,,Charlie Kelman,Take-On,Yoann Barbet,Pass (Live)
