season,injury,from,until,days,missed_games
23/24,unknown injury,"Mar 6, 2024","Apr 23, 2024",48 days,11
23/24,Achilles tendon problems,"Apr 7, 2023","Dec 25, 2023",262 days,41
21/22,Groin injury,"Oct 31, 2021","Nov 24, 2021",24 days,5
20/21,Quarantine,"Jun 1, 2021","Jun 4, 2021",3 days,1
20/21,Hamstring injury,"Nov 9, 2020","Nov 23, 2020",14 days,4
19/20,Hamstring injury,"Jun 15, 2020","Oct 1, 2020",108 days,16
19/20,Knock,"Jan 12, 2020","Jan 17, 2020",5 days,-
19/20,Ill,"Jan 5, 2020","Jan 10, 2020",5 days,-
19/20,Groin strain,"Sep 29, 2019","Dec 18, 2019",80 days,14
19/20,Groin strain,"Aug 26, 2019","Sep 10, 2019",15 days,4
