season,injury,from,until,days,missed_games
23/24,unknown injury,"Feb 3, 2024","Mar 28, 2024",54 days,11
22/23,unknown injury,"Mar 5, 2023","Mar 13, 2023",8 days,2
22/23,Ill,"Jan 4, 2023","Jan 10, 2023",6 days,1
21/22,Thigh problems,"Apr 3, 2022","Apr 23, 2022",20 days,3
21/22,Ankle injury,"Jan 14, 2022","Feb 4, 2022",21 days,3
21/22,Corona virus,"Dec 16, 2021","Dec 28, 2021",12 days,1
20/21,bruise,"May 3, 2021","Jun 1, 2021",29 days,7
19/20,Calf injury,"Jan 23, 2020","Feb 7, 2020",15 days,1
19/20,Groin injury,"Jan 12, 2020","Jan 17, 2020",5 days,-
19/20,Calf injury,"Sep 26, 2019","Oct 11, 2019",15 days,3
16/17,Metatarsal fracture,"Mar 4, 2017","Apr 15, 2017",42 days,11
