season,injury,from,until,days,missed_games
20/21,Corona virus,"Jan 4, 2021","Jan 18, 2021",14 days,2
19/20,Back injury,"Sep 22, 2019","Oct 18, 2019",26 days,4
19/20,Knock,"Sep 1, 2019","Sep 13, 2019",12 days,2
15/16,Cruciate ligament tear,"Oct 10, 2015","Nov 9, 2016",396 days,34
14/15,Ankle injury,"Nov 27, 2014","Jan 1, 2015",35 days,9
13/14,Knee injury,"Mar 26, 2014","Apr 10, 2014",15 days,2
12/13,Shoulder injury,"Apr 14, 2013","Aug 15, 2013",123 days,26
12/13,Ankle injury,"Feb 21, 2013","Apr 3, 2013",41 days,26
12/13,Elbow injury,"Sep 9, 2012","Oct 20, 2012",41 days,23
07/08,Shoulder injury,"Jan 19, 2008","Apr 20, 2008",92 days,23
