season,injury,from,until,days,missed_games
23/24,Knee injury,"Apr 6, 2024",,93 days,6
23/24,unknown injury,"Dec 22, 2023","Feb 25, 2024",65 days,9
23/24,unknown injury,"Oct 9, 2023","Dec 11, 2023",63 days,12
22/23,unknown injury,"Apr 6, 2023","Sep 14, 2023",161 days,9
22/23,Syndesmotic ligament tear,"Sep 15, 2022","Jan 12, 2023",119 days,12
22/23,unknown injury,"Jul 16, 2022","Aug 7, 2022",22 days,-
21/22,Ankle injury,"Jan 24, 2022","Jul 8, 2022",165 days,17
21/22,Hamstring injury,"Jul 4, 2021","Aug 15, 2021",42 days,1
19/20,Nose injury,"Nov 6, 2019","Jan 10, 2020",65 days,-
