season,injury,from,until,days,missed_games
23/24,Ill,"Apr 3, 2024","Apr 13, 2024",10 days,2
23/24,Ill,"Mar 14, 2024","Mar 19, 2024",5 days,2
23/24,Knock,"Jan 20, 2024","Jan 26, 2024",6 days,1
23/24,Knock,"Oct 28, 2023","Nov 4, 2023",7 days,2
22/23,infection,"May 20, 2023","May 23, 2023",3 days,1
22/23,muscular problems,"Mar 30, 2023","Apr 3, 2023",4 days,1
22/23,Adductor pain,"Jan 5, 2023","Feb 3, 2023",29 days,4
22/23,Fever,"Dec 3, 2022","Dec 6, 2022",3 days,1
22/23,muscular problems,"Nov 10, 2022","Nov 15, 2022",5 days,1
22/23,cold,"Sep 26, 2022","Oct 6, 2022",10 days,1
22/23,Adductor pain,"Jul 7, 2022","Aug 11, 2022",35 days,2
21/22,Adductor pain,"Mar 28, 2022","Apr 7, 2022",10 days,2
21/22,Knee bruise,"Feb 24, 2022","Mar 3, 2022",7 days,1
21/22,muscular problems,"Jan 13, 2022","Jan 20, 2022",7 days,1
21/22,Back problems,"Dec 9, 2021","Dec 27, 2021",18 days,3
