season,injury,from,until,days,missed_games
21/22,Groin problems,"Sep 10, 2021","Sep 24, 2021",14 days,4
20/21,Calf injury,"May 13, 2021","May 24, 2021",11 days,2
17/18,Foot injury,"Aug 23, 2017","Sep 7, 2017",15 days,4
16/17,Knee injury,"May 28, 2017","Jun 1, 2017",4 days,1
16/17,Rest,"Nov 24, 2016","Nov 24, 2016",0 days,1
16/17,Rest,"Oct 26, 2016","Oct 26, 2016",0 days,1
16/17,Rest,"Sep 21, 2016","Sep 21, 2016",0 days,1
16/17,Shoulder injury,"Jul 9, 2016","Jul 17, 2016",8 days,-
15/16,Knee problems,"Mar 27, 2016","Mar 31, 2016",4 days,1
15/16,Knee problems,"Jan 7, 2016","Jan 30, 2016",23 days,3
15/16,Knee problems,"Nov 11, 2015","Nov 18, 2015",7 days,1
15/16,concussion,"Oct 26, 2015","Oct 30, 2015",4 days,1
15/16,concussion,"Oct 5, 2015","Oct 13, 2015",8 days,2
14/15,Injury to abdominal muscles,"May 1, 2015","Jun 25, 2015",55 days,4
14/15,Injury to abdominal muscles,"Feb 4, 2015","Feb 6, 2015",2 days,1
