season,injury,from,until,days,missed_games
23/24,Muscle injury,"Mar 28, 2024","May 4, 2024",37 days,5
23/24,unknown injury,"Feb 21, 2024","Feb 24, 2024",3 days,1
22/23,Hamstring injury,"Aug 31, 2022","Sep 25, 2022",25 days,5
21/22,Ill,"Dec 18, 2021","Dec 20, 2021",2 days,1
20/21,Groin surgery,"Feb 26, 2021","May 19, 2021",82 days,18
20/21,Knock,"Nov 16, 2020","Nov 27, 2020",11 days,3
20/21,Hip problems,"Oct 2, 2020","Oct 3, 2020",1 days,-
19/20,Knee injury,"Jul 9, 2020","Aug 30, 2020",52 days,5
19/20,Hamstring injury,"Feb 19, 2020","Mar 10, 2020",20 days,4
18/19,Ankle injury,"Mar 14, 2019","Mar 22, 2019",8 days,2
18/19,Ligament injury,"Feb 1, 2019","Feb 8, 2019",7 days,1
18/19,Calf stiffness,"Jan 4, 2019","Jan 11, 2019",7 days,1
18/19,Hip injury,"Oct 21, 2018","Nov 8, 2018",18 days,4
17/18,Muscle injury,"Dec 23, 2017","Jan 26, 2018",34 days,6
17/18,Thigh problems,"Nov 2, 2017","Nov 13, 2017",11 days,2
