season,injury,from,until,days,missed_games
23/24,Hamstring injury,"Feb 7, 2024","Mar 15, 2024",37 days,9
23/24,Knock,"Jan 26, 2024","Jan 31, 2024",5 days,1
23/24,Knock,"Dec 13, 2023","Jan 13, 2024",31 days,3
23/24,Knock,"Nov 13, 2023","Nov 24, 2023",11 days,2
23/24,Dental surgery,"Sep 22, 2023","Sep 28, 2023",6 days,1
23/24,Knee problems,"Sep 1, 2023","Sep 15, 2023",14 days,3
22/23,Knock,"Feb 11, 2023","Feb 15, 2023",4 days,1
22/23,Ill,"Jan 7, 2023","Jan 13, 2023",6 days,2
21/22,Calf injury,"Dec 27, 2021","Jan 16, 2022",20 days,5
21/22,Ankle injury,"Sep 16, 2021","Oct 11, 2021",25 days,8
21/22,Ankle injury,"Sep 7, 2021","Sep 14, 2021",7 days,1
20/21,unknown injury,"Jan 8, 2021","Jan 15, 2021",7 days,2
20/21,Knock,"Nov 22, 2020","Nov 28, 2020",6 days,1
20/21,Knock,"Nov 6, 2020","Nov 20, 2020",14 days,6
19/20,Ankle injury,"Mar 8, 2020","May 31, 2020",84 days,1
