,Player Name,Player Number,Player,#,Nation,Pos,Age,Min,Touches,Def Pen,Def 3rd,Mid 3rd,Att 3rd,Att Pen,Live,Att,Succ,Succ%,Tkld,Tkld%,Carries,TotDist,PrgDist,PrgC,1/3,CPA,Mis,Dis,Rec,PrgR,Player Key,Player Link
0,Derik Lacerda,https://fbref.com/en/players/d028bfe9/Derik-Lacerda,72,72,br BRA,FW,21-083,90,28,0,0,10,18,12,28,4,2,50.0,2,50.0,16,105,24,1,0,1,2,0,21,7,https://fbref.com/en/players/d028bfe9/Derik-Lacerda-Derik Lacerda,
1,Felipe Pires,https://fbref.com/en/players/2cd3d3ce/Felipe-Pires,10,10,br BRA,LM,25-245,90,45,0,0,21,24,2,45,3,2,66.7,1,33.3,33,174,73,2,1,1,2,3,38,13,https://fbref.com/en/players/2cd3d3ce/Felipe-Pires-Felipe Pires,
2,Alexandre Miguel Barros Soares,https://fbref.com/en/players/ba0aead1/Alexandre-Miguel-Barros-Soares,26,26,pt POR,CM,29-293,74,54,0,11,40,5,0,54,0,0,,0,,33,147,80,1,1,0,1,1,36,1,https://fbref.com/en/players/ba0aead1/Alexandre-Miguel-Barros-Soares-Alexandre Miguel Barros Soares,
3,Gonçalo Franco,https://fbref.com/en/players/9029d5f2/Goncalo-Franco,88,88,pt POR,CM,20-032,16,12,0,1,11,0,0,12,0,0,,0,,11,43,10,0,0,0,0,0,11,0,https://fbref.com/en/players/9029d5f2/Goncalo-Franco-Gonçalo Franco,
4,Filipe Soares,https://fbref.com/en/players/c6a3b58d/Filipe-Soares,21,21,pt POR,CM,21-213,90,63,1,7,43,13,3,63,3,1,33.3,2,66.7,41,245,123,2,2,0,2,1,45,2,https://fbref.com/en/players/c6a3b58d/Filipe-Soares-Filipe Soares,
5,Yan Matheus,https://fbref.com/en/players/d44efa12/Yan-Matheus,17,17,br BRA,RM,22-106,90,47,0,4,18,25,1,47,5,3,60.0,2,40.0,29,230,45,2,4,0,0,0,27,6,https://fbref.com/en/players/d44efa12/Yan-Matheus-Yan Matheus,
6,Afonso Figueiredo,https://fbref.com/en/players/f51edbf3/Afonso-Figueiredo,25,25,pt POR,LB,27-348,41,24,0,7,11,6,0,24,1,0,0.0,1,100.0,15,27,8,0,0,0,0,0,12,1,https://fbref.com/en/players/f51edbf3/Afonso-Figueiredo-Afonso Figueiredo,
7,Walterson,https://fbref.com/en/players/8eebb330/Walterson,77,77,br BRA,LB,25-357,49,52,0,11,27,16,1,52,0,0,,0,,36,213,144,5,5,1,2,3,36,8,https://fbref.com/en/players/8eebb330/Walterson-Walterson,
8,Steven Vitória,https://fbref.com/en/players/9bc450e6/Steven-Vitoria,19,19,ca CAN,CB,33-343,21,11,1,5,6,0,0,11,0,0,,0,,8,49,11,0,0,0,0,0,3,0,https://fbref.com/en/players/9bc450e6/Steven-Vitoria-Steven Vitória,
9,Nahuel Ferraresi,https://fbref.com/en/players/719aab45/Nahuel-Ferraresi,4,4,ve VEN,CB,22-030,69,75,2,32,42,2,2,75,1,1,100.0,0,0.0,55,250,143,0,0,0,1,0,55,0,https://fbref.com/en/players/719aab45/Nahuel-Ferraresi-Nahuel Ferraresi,
10,Fábio Pacheco,https://fbref.com/en/players/b74fb61f/Fabio-Pacheco,6,6,pt POR,CB,32-207,74,62,5,29,32,2,0,62,0,0,,0,,38,121,51,0,2,0,0,0,40,0,https://fbref.com/en/players/b74fb61f/Fabio-Pacheco-Fábio Pacheco,
11,David Tavares,https://fbref.com/en/players/70bc68ef/David-Tavares,7,7,cv CPV,CB,21-276,16,10,0,2,4,4,0,10,0,0,,0,,6,46,4,0,0,0,1,0,8,0,https://fbref.com/en/players/70bc68ef/David-Tavares-David Tavares,
12,Lazar Rosić,https://fbref.com/en/players/3c285843/Lazar-Rosic,3,3,rs SRB,CB,27-173,90,92,1,34,50,8,2,92,0,0,,0,,67,354,220,4,1,0,0,0,66,0,https://fbref.com/en/players/3c285843/Lazar-Rosic-Lazar Rosić,
13,Anthony D'Alberto,https://fbref.com/en/players/98684b0c/Anthony-DAlberto,2,2,be BEL,RB,26-067,90,72,2,23,30,21,0,72,1,0,0.0,1,100.0,44,263,117,1,0,0,2,1,37,5,https://fbref.com/en/players/98684b0c/Anthony-DAlberto-Anthony D'Alberto,
14,Mateus Pasinato,https://fbref.com/en/players/f16f9b47/Mateus-Pasinato,14,14,br BRA,GK,28-174,90,33,31,32,1,0,0,33,0,0,,0,,20,68,18,0,0,0,0,0,16,0,https://fbref.com/en/players/f16f9b47/Mateus-Pasinato-Mateus Pasinato,
