,Player Name,Player Number,Player,#,Nation,Pos,Age,Min,Tkl,TklW,Def 3rd,Mid 3rd,Att 3rd,Tkl,Att,Tkl%,Lost,Blocks,Sh,Pass,Int,Tkl+Int,Clr,Err,Player Key,Player Link
0,Derik Lacerda,https://fbref.com/en/players/d028bfe9/Derik-Lacerda,72,72,br BRA,FW,21-083,90,0,0,0,0,0,0,1,0.0,1,1,0,1,0,0,0,0,https://fbref.com/en/players/d028bfe9/Derik-Lacerda-Derik Lacerda,
1,Felipe Pires,https://fbref.com/en/players/2cd3d3ce/Felipe-Pires,10,10,br BRA,LM,25-245,90,1,0,0,1,0,0,1,0.0,1,0,0,0,0,1,0,0,https://fbref.com/en/players/2cd3d3ce/Felipe-Pires-Felipe Pires,
2,Alexandre Miguel Barros Soares,https://fbref.com/en/players/ba0aead1/Alexandre-Miguel-Barros-Soares,26,26,pt POR,CM,29-293,74,2,0,1,1,0,0,1,0.0,1,2,0,2,0,2,0,0,https://fbref.com/en/players/ba0aead1/Alexandre-Miguel-Barros-Soares-Alexandre Miguel Barros Soares,
3,Gonçalo Franco,https://fbref.com/en/players/9029d5f2/Goncalo-Franco,88,88,pt POR,CM,20-032,16,0,0,0,0,0,0,1,0.0,1,0,0,0,0,0,0,0,https://fbref.com/en/players/9029d5f2/Goncalo-Franco-Gonçalo Franco,
4,Filipe Soares,https://fbref.com/en/players/c6a3b58d/Filipe-Soares,21,21,pt POR,CM,21-213,90,1,1,0,1,0,0,1,0.0,1,1,0,1,0,1,0,0,https://fbref.com/en/players/c6a3b58d/Filipe-Soares-Filipe Soares,
5,Yan Matheus,https://fbref.com/en/players/d44efa12/Yan-Matheus,17,17,br BRA,RM,22-106,90,3,3,2,1,0,0,1,0.0,1,1,0,1,0,3,0,0,https://fbref.com/en/players/d44efa12/Yan-Matheus-Yan Matheus,
6,Afonso Figueiredo,https://fbref.com/en/players/f51edbf3/Afonso-Figueiredo,25,25,pt POR,LB,27-348,41,0,0,0,0,0,0,1,0.0,1,0,0,0,2,2,0,0,https://fbref.com/en/players/f51edbf3/Afonso-Figueiredo-Afonso Figueiredo,
7,Walterson,https://fbref.com/en/players/8eebb330/Walterson,77,77,br BRA,LB,25-357,49,0,0,0,0,0,0,0,,0,1,0,1,1,1,0,0,https://fbref.com/en/players/8eebb330/Walterson-Walterson,
8,Steven Vitória,https://fbref.com/en/players/9bc450e6/Steven-Vitoria,19,19,ca CAN,CB,33-343,21,0,0,0,0,0,0,0,,0,0,0,0,2,2,0,0,https://fbref.com/en/players/9bc450e6/Steven-Vitoria-Steven Vitória,
9,Nahuel Ferraresi,https://fbref.com/en/players/719aab45/Nahuel-Ferraresi,4,4,ve VEN,CB,22-030,69,0,0,0,0,0,0,0,,0,0,0,0,1,1,0,0,https://fbref.com/en/players/719aab45/Nahuel-Ferraresi-Nahuel Ferraresi,
10,Fábio Pacheco,https://fbref.com/en/players/b74fb61f/Fabio-Pacheco,6,6,pt POR,CB,32-207,74,2,1,1,1,0,1,1,100.0,0,0,0,0,3,5,2,0,https://fbref.com/en/players/b74fb61f/Fabio-Pacheco-Fábio Pacheco,
11,David Tavares,https://fbref.com/en/players/70bc68ef/David-Tavares,7,7,cv CPV,CB,21-276,16,0,0,0,0,0,0,0,,0,0,0,0,0,0,0,0,https://fbref.com/en/players/70bc68ef/David-Tavares-David Tavares,
12,Lazar Rosić,https://fbref.com/en/players/3c285843/Lazar-Rosic,3,3,rs SRB,CB,27-173,90,1,1,1,0,0,1,1,100.0,0,3,2,1,1,2,0,0,https://fbref.com/en/players/3c285843/Lazar-Rosic-Lazar Rosić,
13,Anthony D'Alberto,https://fbref.com/en/players/98684b0c/Anthony-DAlberto,2,2,be BEL,RB,26-067,90,3,1,1,2,0,1,2,50.0,1,1,0,1,2,5,1,0,https://fbref.com/en/players/98684b0c/Anthony-DAlberto-Anthony D'Alberto,
14,Mateus Pasinato,https://fbref.com/en/players/f16f9b47/Mateus-Pasinato,14,14,br BRA,GK,28-174,90,0,0,0,0,0,0,0,,0,0,0,0,0,0,1,0,https://fbref.com/en/players/f16f9b47/Mateus-Pasinato-Mateus Pasinato,
