,Minute,Player,Squad,xG,PSxG,Outcome,Distance,Body Part,Notes,SCA 1 Player,SCA 1 Event,SCA 2 Player,SCA 2 Event
0,10,Abdel Jalil Medioub,Tondela,0.06,,Off Target,10,Head,,Salvador Agra,Pass (Dead),João Pedro,Pass (Live)
1,16,Felipe Pires,Moreirense,0.03,,Off Target,25,Right Foot,,Alexandre Miguel Barros Soares,Pass (Live),Afonso Figueiredo,Pass (Live)
2,33,Salvador Agra,Tondela,0.04,0.19,Saved,25,Right Foot,Free kick,Rafael Barbosa,Fouled,Filipe Ferreira,Pass (Dead)
3,33,Filipe Ferreira,Tondela,0.03,,Off Target,25,Left Foot,,Salvador Agra,Shot,,
4,40,Derik Lacerda,Moreirense,0.09,,Blocked,9,Right Foot,,Derik Lacerda,Take-On,Filipe Soares,Pass (Live)
5,43,Derik Lacerda,Moreirense,0.07,,Off Target,9,Head,,Felipe Pires,Pass (Dead),Filipe Soares,Pass (Live)
6,45,Rafael Barbosa,Tondela,0.03,,Blocked,30,Right Foot,,Filipe Ferreira,Pass (Live),João Pedro,Pass (Live)
7,45+1,Rafael Barbosa,Tondela,0.03,,Blocked,31,Right Foot,,Filipe Ferreira,Pass (Live),,
8,,,,,,,,,,,,,
9,47,Derik Lacerda,Moreirense,0.09,,Off Target,10,Right Foot,Volley,Yan Matheus,Pass (Live),Yan Matheus,Take-On
10,51,Yan Matheus,Moreirense,0.03,0.22,Saved,31,Left Foot,,Yan Matheus,Take-On,Lazar Rosić,Pass (Live)
11,63,Derik Lacerda,Moreirense,0.07,,Blocked,15,Left Foot,,Alexandre Miguel Barros Soares,Pass (Live),Lazar Rosić,Pass (Live)
12,63,Filipe Soares,Moreirense,0.03,,Blocked,33,Right Foot,,Fábio Pacheco,Pass (Live),Derik Lacerda,Shot
13,72,Felipe Pires,Moreirense,0.03,,Blocked,28,Right Foot,,,,,
14,74,Derik Lacerda,Moreirense,0.10,0.13,Saved,13,Right Foot,,Yan Matheus,Pass (Live),Anthony D'Alberto,Pass (Live)
15,77,Rafael Barbosa,Tondela,0.08,,Off Target,18,Right Foot,,Salvador Agra,Pass (Live),Salvador Agra,Take-On
16,90+5,Derik Lacerda,Moreirense,0.04,,Blocked,15,Head,,Felipe Pires,Pass (Live),Lazar Rosić,Pass (Live)
