,Player Name,Player Number,Player,#,Nation,Pos,Age,Min,CrdY,CrdR,2CrdY,Fls,Fld,Off,Crs,Int,TklW,PKwon,PKcon,OG,Recov,Won,Lost,Won%,Player Key,Player Link
0,Mario González,https://fbref.com/en/players/d189e48f/Mario-Gonzalez,17,17,es ESP,FW,24-298,17,0,0,0,0,0,0,0,0,0,0,0,0,1,0,1,0.0,https://fbref.com/en/players/d189e48f/Mario-Gonzalez-Mario González,
1,Souleymane Anne,https://fbref.com/en/players/52e653f0/Souleymane-Anne,45,45,mr MTN,FW,23-014,47,0,0,0,1,0,0,0,0,1,0,0,0,1,0,0,,https://fbref.com/en/players/52e653f0/Souleymane-Anne-Souleymane Anne,
2,Naoufel Khacef,https://fbref.com/en/players/a9b1ac11/Naoufel-Khacef,24,24,dz ALG,FW,23-053,26,0,0,0,0,0,0,0,0,1,0,0,0,0,0,3,0.0,https://fbref.com/en/players/a9b1ac11/Naoufel-Khacef-Naoufel Khacef,
3,Rafael Barbosa,https://fbref.com/en/players/2a34574e/Rafael-Barbosa,70,70,pt POR,AM,24-265,90,0,0,0,1,1,0,2,1,0,0,0,0,8,0,1,0.0,https://fbref.com/en/players/2a34574e/Rafael-Barbosa-Rafael Barbosa,
4,Salvador Agra,https://fbref.com/en/players/a130741a/Salvador-Agra,7,7,pt POR,AM,29-038,90,0,0,0,2,4,0,3,0,0,0,0,0,6,0,1,0.0,https://fbref.com/en/players/a130741a/Salvador-Agra-Salvador Agra,
5,Pedro Borges,https://fbref.com/en/players/5bb699c4/Pedro-Borges,6,6,br BRA,CM,23-291,90,1,0,0,1,3,0,0,1,2,0,0,0,5,0,1,0.0,https://fbref.com/en/players/5bb699c4/Pedro-Borges-Pedro Borges,
6,João Pedro,https://fbref.com/en/players/c51a704e/Joao-Pedro,8,8,pt POR,CM,27-260,56,0,1,0,3,0,0,0,1,0,0,0,0,4,0,0,,https://fbref.com/en/players/c51a704e/Joao-Pedro-João Pedro,
7,Filipe Ferreira,https://fbref.com/en/players/12f1293b/Filipe-Ferreira,20,20,pt POR,WB,30-083,90,0,0,0,1,1,0,1,5,1,0,0,0,4,2,0,100.0,https://fbref.com/en/players/12f1293b/Filipe-Ferreira-Filipe Ferreira,
8,Bebeto,https://fbref.com/en/players/835e8327/Bebeto,2,2,br BRA,WB,30-353,75,1,0,0,3,0,0,0,1,3,0,0,0,4,2,1,66.7,https://fbref.com/en/players/835e8327/Bebeto-Bebeto,
9,Tiago Melo Almeida,https://fbref.com/en/players/cbdcc0ab/Tiago-Melo-Almeida,19,19,pt POR,WB,19-113,15,0,0,0,0,0,0,0,0,0,0,0,0,2,0,0,,https://fbref.com/en/players/cbdcc0ab/Tiago-Melo-Almeida-Tiago Melo Almeida,
10,Enzo Martínez,https://fbref.com/en/players/88473525/Enzo-Martinez,21,21,uy URU,CB,22-234,90,1,0,0,2,1,0,0,1,0,0,0,0,1,5,0,100.0,https://fbref.com/en/players/88473525/Enzo-Martinez-Enzo Martínez,
11,Yohan Tavares,https://fbref.com/en/players/a885714c/Yohan-Tavares,23,23,pt POR,CB,32-292,90,0,0,0,0,0,0,0,2,0,0,0,0,3,1,2,33.3,https://fbref.com/en/players/a885714c/Yohan-Tavares-Yohan Tavares,
12,Abdel Jalil Medioub,https://fbref.com/en/players/4937a9f7/Abdel-Jalil-Medioub,28,28,dz ALG,CB,23-113,64,0,0,0,1,0,0,0,2,1,0,0,0,2,2,0,100.0,https://fbref.com/en/players/4937a9f7/Abdel-Jalil-Medioub-Abdel Jalil Medioub,
13,Jaume Grau,https://fbref.com/en/players/fc3d2006/Jaume-Grau,14,14,es ESP,CB,23-228,26,1,0,0,2,0,0,0,0,0,0,0,0,2,0,2,0.0,https://fbref.com/en/players/fc3d2006/Jaume-Grau-Jaume Grau,
14,Babacar Niasse,https://fbref.com/en/players/5c8beb50/Babacar-Niasse,99,99,mr MTN,GK,23-365,90,0,0,0,0,1,0,0,0,0,0,0,0,3,0,0,,https://fbref.com/en/players/5c8beb50/Babacar-Niasse-Babacar Niasse,
