,Player Name,Player Number,Player,#,Nation,Pos,Age,Min,Touches,Def Pen,Def 3rd,Mid 3rd,Att 3rd,Att Pen,Live,Att,Succ,Succ%,Tkld,Tkld%,Carries,TotDist,PrgDist,PrgC,1/3,CPA,Mis,Dis,Rec,PrgR,Player Key,Player Link
0,Mario González,https://fbref.com/en/players/d189e48f/Mario-Gonzalez,17,17,es ESP,FW,24-298,17,9,1,1,3,5,1,9,0,0,,0,,3,23,23,1,0,1,0,0,5,2,https://fbref.com/en/players/d189e48f/Mario-Gonzalez-Mario González,
1,Souleymane Anne,https://fbref.com/en/players/52e653f0/Souleymane-Anne,45,45,mr MTN,FW,23-014,47,8,1,2,1,5,0,8,0,0,,0,,3,23,16,0,0,0,0,0,6,3,https://fbref.com/en/players/52e653f0/Souleymane-Anne-Souleymane Anne,
2,Naoufel Khacef,https://fbref.com/en/players/a9b1ac11/Naoufel-Khacef,24,24,dz ALG,FW,23-053,26,9,0,2,4,3,0,9,1,0,0.0,1,100.0,7,36,7,0,1,0,1,3,8,4,https://fbref.com/en/players/a9b1ac11/Naoufel-Khacef-Naoufel Khacef,
3,Rafael Barbosa,https://fbref.com/en/players/2a34574e/Rafael-Barbosa,70,70,pt POR,AM,24-265,90,44,0,5,22,19,3,44,1,1,100.0,0,0.0,31,283,123,4,3,1,7,2,27,4,https://fbref.com/en/players/2a34574e/Rafael-Barbosa-Rafael Barbosa,
4,Salvador Agra,https://fbref.com/en/players/a130741a/Salvador-Agra,7,7,pt POR,AM,29-038,90,39,0,5,19,16,0,39,5,3,60.0,2,40.0,27,182,52,2,3,0,2,2,26,8,https://fbref.com/en/players/a130741a/Salvador-Agra-Salvador Agra,
5,Pedro Borges,https://fbref.com/en/players/5bb699c4/Pedro-Borges,6,6,br BRA,CM,23-291,90,47,2,14,26,7,0,47,0,0,,0,,19,104,39,1,2,0,1,1,27,1,https://fbref.com/en/players/5bb699c4/Pedro-Borges-Pedro Borges,
6,João Pedro,https://fbref.com/en/players/c51a704e/Joao-Pedro,8,8,pt POR,CM,27-260,56,29,0,5,22,4,1,29,0,0,,0,,15,63,34,1,0,0,1,1,20,1,https://fbref.com/en/players/c51a704e/Joao-Pedro-João Pedro,
7,Filipe Ferreira,https://fbref.com/en/players/12f1293b/Filipe-Ferreira,20,20,pt POR,WB,30-083,90,63,3,19,25,19,0,63,1,1,100.0,0,0.0,15,98,39,2,1,0,2,1,22,4,https://fbref.com/en/players/12f1293b/Filipe-Ferreira-Filipe Ferreira,
8,Bebeto,https://fbref.com/en/players/835e8327/Bebeto,2,2,br BRA,WB,30-353,75,44,1,12,16,16,1,44,1,1,100.0,0,0.0,12,103,29,1,0,1,1,0,20,3,https://fbref.com/en/players/835e8327/Bebeto-Bebeto,
9,Tiago Melo Almeida,https://fbref.com/en/players/cbdcc0ab/Tiago-Melo-Almeida,19,19,pt POR,WB,19-113,15,10,2,7,3,0,0,10,0,0,,0,,1,8,8,0,0,0,0,0,1,0,https://fbref.com/en/players/cbdcc0ab/Tiago-Melo-Almeida-Tiago Melo Almeida,
10,Enzo Martínez,https://fbref.com/en/players/88473525/Enzo-Martinez,21,21,uy URU,CB,22-234,90,49,7,29,20,1,0,49,1,1,100.0,0,0.0,16,90,17,0,0,0,0,0,27,0,https://fbref.com/en/players/88473525/Enzo-Martinez-Enzo Martínez,
11,Yohan Tavares,https://fbref.com/en/players/a885714c/Yohan-Tavares,23,23,pt POR,CB,32-292,90,51,5,33,19,0,0,51,0,0,,0,,22,174,79,0,0,0,1,0,32,0,https://fbref.com/en/players/a885714c/Yohan-Tavares-Yohan Tavares,
12,Abdel Jalil Medioub,https://fbref.com/en/players/4937a9f7/Abdel-Jalil-Medioub,28,28,dz ALG,CB,23-113,64,40,3,26,11,4,1,40,1,1,100.0,0,0.0,17,100,51,0,2,0,1,0,24,0,https://fbref.com/en/players/4937a9f7/Abdel-Jalil-Medioub-Abdel Jalil Medioub,
13,Jaume Grau,https://fbref.com/en/players/fc3d2006/Jaume-Grau,14,14,es ESP,CB,23-228,26,16,3,5,10,1,0,16,0,0,,0,,5,21,0,0,0,0,0,0,8,0,https://fbref.com/en/players/fc3d2006/Jaume-Grau-Jaume Grau,
14,Babacar Niasse,https://fbref.com/en/players/5c8beb50/Babacar-Niasse,99,99,mr MTN,GK,23-365,90,42,33,42,0,0,0,42,0,0,,0,,27,160,80,0,0,0,0,0,16,0,https://fbref.com/en/players/5c8beb50/Babacar-Niasse-Babacar Niasse,
