season,injury,from,until,days,missed_games
23/24,unknown injury,"May 13, 2024","May 31, 2024",18 days,3
22/23,Knee problems,"Mar 17, 2023","Apr 25, 2023",39 days,6
20/21,Metatarsal fracture,"Mar 14, 2021","May 13, 2021",60 days,9
20/21,Muscle injury,"Dec 28, 2020","Jan 21, 2021",24 days,5
18/19,Muscle injury,"Jun 8, 2019","Dec 7, 2019",182 days,?
18/19,flu,"Feb 27, 2019","Mar 6, 2019",7 days,1
17/18,Metatarsal fracture,"Jan 29, 2018","Mar 17, 2018",47 days,6
17/18,ankle sprain,"Nov 27, 2017","Dec 4, 2017",7 days,1
