,Player Name,Player Number,Player,#,Nation,Pos,Age,Min,Tkl,TklW,Def 3rd,Mid 3rd,Att 3rd,Tkl,Att,Tkl%,Lost,Blocks,Sh,Pass,Int,Tkl+Int,Clr,Err,Player Key,Player Link
0,Duván Zapata,https://fbref.com/en/players/d3de9af0/Duvan-Zapata,91,91,co COL,FW,29-291,56,0,0,0,0,0,0,0,,0,0,0,0,0,0,0,0,https://fbref.com/en/players/d3de9af0/Duvan-Zapata-Duván Zapata,
1,Luis Muriel,https://fbref.com/en/players/eb2fe5b6/Luis-Muriel,9,9,co COL,FW,29-276,34,0,0,0,0,0,0,0,,0,0,0,0,0,0,0,0,https://fbref.com/en/players/eb2fe5b6/Luis-Muriel-Luis Muriel,
2,Ruslan Malinovskyi,https://fbref.com/en/players/48d5bd33/Ruslan-Malinovskyi,18,18,ua UKR,AM,27-258,65,1,1,0,0,1,1,2,50.0,1,0,0,0,0,1,0,0,https://fbref.com/en/players/48d5bd33/Ruslan-Malinovskyi-Ruslan Malinovskyi,
3,Aleksei Miranchuk,https://fbref.com/en/players/a9aa0d1d/Aleksei-Miranchuk,59,59,ru RUS,AM,25-092,25,0,0,0,0,0,0,0,,0,0,0,0,1,1,0,0,https://fbref.com/en/players/a9aa0d1d/Aleksei-Miranchuk-Aleksei Miranchuk,
4,Josip Iličić,https://fbref.com/en/players/68252d6d/Josip-Ilicic,72,72,si SVN,AM,32-354,87,1,1,0,1,0,0,1,0.0,1,0,0,0,0,1,0,0,https://fbref.com/en/players/68252d6d/Josip-Ilicic-Josip Iličić,
5,Sam Lammers,https://fbref.com/en/players/c283ddef/Sam-Lammers,7,7,nl NED,AM,23-262,3,0,0,0,0,0,0,0,,0,0,0,0,0,0,0,0,https://fbref.com/en/players/c283ddef/Sam-Lammers-Sam Lammers,
6,Remo Freuler,https://fbref.com/en/players/98d2c2c4/Remo-Freuler,11,11,ch SUI,CM,28-277,90,1,1,0,0,1,1,3,33.3,2,1,0,1,2,3,1,0,https://fbref.com/en/players/98d2c2c4/Remo-Freuler-Remo Freuler,
7,Marten de Roon,https://fbref.com/en/players/2a1beb34/Marten-de-Roon,15,15,nl NED,CM,29-294,90,2,2,0,1,1,0,1,0.0,1,1,1,0,1,3,0,0,https://fbref.com/en/players/2a1beb34/Marten-de-Roon-Marten de Roon,
8,Robin Gosens,https://fbref.com/en/players/2d970560/Robin-Gosens,8,8,de GER,WB,26-196,90,2,2,1,0,1,1,1,100.0,0,1,1,0,1,3,1,0,https://fbref.com/en/players/2d970560/Robin-Gosens-Robin Gosens,
9,Hans Hateboer,https://fbref.com/en/players/3b333ac3/Hans-Hateboer,33,33,nl NED,WB,27-008,87,2,1,0,2,0,1,2,50.0,1,0,0,0,1,3,0,0,https://fbref.com/en/players/3b333ac3/Hans-Hateboer-Hans Hateboer,
10,Joakim Mæhle,https://fbref.com/en/players/c459a650/Joakim-Maehle,3,3,dk DEN,WB,23-242,3,0,0,0,0,0,0,0,,0,0,0,0,0,0,0,0,https://fbref.com/en/players/c459a650/Joakim-Maehle-Joakim Mæhle,
11,Berat Djimsiti,https://fbref.com/en/players/6eee05f1/Berat-Djimsiti,19,19,al ALB,CB,27-333,90,0,0,0,0,0,0,0,,0,0,0,0,0,0,2,0,https://fbref.com/en/players/6eee05f1/Berat-Djimsiti-Berat Djimsiti,
12,José Luis Palomino,https://fbref.com/en/players/921f6058/Jose-Luis-Palomino,6,6,ar ARG,CB,31-012,90,0,0,0,0,0,0,6,0.0,6,1,0,1,5,5,2,0,https://fbref.com/en/players/921f6058/Jose-Luis-Palomino-José Luis Palomino,
13,Rafael Tolói,https://fbref.com/en/players/c56dc39e/Rafael-Toloi,2,2,it ITA,CB,30-099,90,0,0,0,0,0,0,0,,0,2,0,2,2,2,0,0,https://fbref.com/en/players/c56dc39e/Rafael-Toloi-Rafael Tolói,
14,Pierluigi Gollini,https://fbref.com/en/players/f0f7f62f/Pierluigi-Gollini,95,95,it ITA,GK,25-305,90,0,0,0,0,0,0,0,,0,0,0,0,0,0,0,0,https://fbref.com/en/players/f0f7f62f/Pierluigi-Gollini-Pierluigi Gollini,
