,Player Name,Player Number,Player,#,Nation,Pos,Age,Min,Gls,Ast,PK,PKatt,Sh,SoT,CrdY,CrdR,Touches,Tkl,Int,Blocks,xG,npxG,xAG,SCA,GCA,Cmp,Att,Cmp%,PrgP,Carries,PrgC,Att,Succ,Player Key,Player Link
0,Duván Zapata,https://fbref.com/en/players/d3de9af0/Duvan-Zapata,91,91,co COL,FW,29-291,56,0,0,0,0,1,1,0,0,28,0,0,0,0.5,0.5,0.1,2,0,14,21,66.7,1,20,3,3,2,https://fbref.com/en/players/d3de9af0/Duvan-Zapata-Duván Zapata,
1,Luis Muriel,https://fbref.com/en/players/eb2fe5b6/Luis-Muriel,9,9,co COL,FW,29-276,34,0,0,0,0,3,0,0,0,32,0,0,0,0.2,0.2,0.1,3,0,18,24,75.0,1,20,2,3,2,https://fbref.com/en/players/eb2fe5b6/Luis-Muriel-Luis Muriel,
2,Ruslan Malinovskyi,https://fbref.com/en/players/48d5bd33/Ruslan-Malinovskyi,18,18,ua UKR,AM,27-258,65,0,0,0,0,2,0,0,0,56,1,0,0,0.1,0.1,0.0,5,0,31,46,67.4,3,36,7,4,2,https://fbref.com/en/players/48d5bd33/Ruslan-Malinovskyi-Ruslan Malinovskyi,
3,Aleksei Miranchuk,https://fbref.com/en/players/a9aa0d1d/Aleksei-Miranchuk,59,59,ru RUS,AM,25-092,25,0,0,0,0,1,1,0,0,20,0,1,0,0.1,0.1,0.0,3,0,10,19,52.6,0,12,2,3,3,https://fbref.com/en/players/a9aa0d1d/Aleksei-Miranchuk-Aleksei Miranchuk,
4,Josip Iličić,https://fbref.com/en/players/68252d6d/Josip-Ilicic,72,72,si SVN,AM,32-354,87,0,0,0,0,3,0,0,0,80,1,0,0,0.1,0.1,0.1,2,0,45,57,78.9,6,63,8,9,0,https://fbref.com/en/players/68252d6d/Josip-Ilicic-Josip Iličić,
5,Sam Lammers,https://fbref.com/en/players/c283ddef/Sam-Lammers,7,7,nl NED,AM,23-262,3,0,0,0,0,1,0,0,0,4,0,0,0,0.1,0.1,0.0,0,0,2,3,66.7,0,1,0,1,1,https://fbref.com/en/players/c283ddef/Sam-Lammers-Sam Lammers,
6,Remo Freuler,https://fbref.com/en/players/98d2c2c4/Remo-Freuler,11,11,ch SUI,CM,28-277,90,0,0,0,0,1,0,0,0,99,1,2,1,0.1,0.1,0.1,3,0,74,86,86.0,7,61,4,4,1,https://fbref.com/en/players/98d2c2c4/Remo-Freuler-Remo Freuler,
7,Marten de Roon,https://fbref.com/en/players/2a1beb34/Marten-de-Roon,15,15,nl NED,CM,29-294,90,0,0,0,0,1,0,0,0,95,2,1,1,0.0,0.0,0.0,4,0,72,87,82.8,10,60,2,0,0,https://fbref.com/en/players/2a1beb34/Marten-de-Roon-Marten de Roon,
8,Robin Gosens,https://fbref.com/en/players/2d970560/Robin-Gosens,8,8,de GER,WB,26-196,90,0,0,0,0,1,0,1,0,70,2,1,1,0.1,0.1,0.3,2,0,48,62,77.4,6,41,2,0,0,https://fbref.com/en/players/2d970560/Robin-Gosens-Robin Gosens,
9,Hans Hateboer,https://fbref.com/en/players/3b333ac3/Hans-Hateboer,33,33,nl NED,WB,27-008,87,0,0,0,0,1,0,0,0,64,2,1,0,0.0,0.0,0.0,5,0,43,56,76.8,5,37,2,0,0,https://fbref.com/en/players/3b333ac3/Hans-Hateboer-Hans Hateboer,
10,Joakim Mæhle,https://fbref.com/en/players/c459a650/Joakim-Maehle,3,3,dk DEN,WB,23-242,3,0,0,0,0,0,0,0,0,8,0,0,0,0.0,0.0,0.0,0,0,3,7,42.9,0,8,0,1,0,https://fbref.com/en/players/c459a650/Joakim-Maehle-Joakim Mæhle,
11,Berat Djimsiti,https://fbref.com/en/players/6eee05f1/Berat-Djimsiti,19,19,al ALB,CB,27-333,90,0,0,0,0,1,0,0,0,86,0,0,0,0.2,0.2,0.2,4,0,64,75,85.3,9,55,4,0,0,https://fbref.com/en/players/6eee05f1/Berat-Djimsiti-Berat Djimsiti,
12,José Luis Palomino,https://fbref.com/en/players/921f6058/Jose-Luis-Palomino,6,6,ar ARG,CB,31-012,90,0,0,0,0,0,0,0,0,84,0,5,1,0.0,0.0,0.0,1,0,66,79,83.5,8,45,1,0,0,https://fbref.com/en/players/921f6058/Jose-Luis-Palomino-José Luis Palomino,
13,Rafael Tolói,https://fbref.com/en/players/c56dc39e/Rafael-Toloi,2,2,it ITA,CB,30-099,90,0,0,0,0,2,0,0,0,84,0,2,2,0.2,0.2,0.0,1,0,59,77,76.6,10,53,1,2,2,https://fbref.com/en/players/c56dc39e/Rafael-Toloi-Rafael Tolói,
14,Pierluigi Gollini,https://fbref.com/en/players/f0f7f62f/Pierluigi-Gollini,95,95,it ITA,GK,25-305,90,0,0,0,0,0,0,0,0,26,0,0,0,0.0,0.0,0.0,0,0,24,25,96.0,0,18,0,0,0,https://fbref.com/en/players/f0f7f62f/Pierluigi-Gollini-Pierluigi Gollini,
