,Player Name,Player Number,Player,#,Nation,Pos,Age,Min,Touches,Def Pen,Def 3rd,Mid 3rd,Att 3rd,Att Pen,Live,Att,Succ,Succ%,Tkld,Tkld%,Carries,TotDist,PrgDist,PrgC,1/3,CPA,Mis,Dis,Rec,PrgR,Player Key,Player Link
0,Duván Zapata,https://fbref.com/en/players/d3de9af0/Duvan-Zapata,91,91,co COL,FW,29-291,56,28,0,0,10,19,4,28,3,2,66.7,1,33.3,20,111,44,3,1,2,4,1,23,7,https://fbref.com/en/players/d3de9af0/Duvan-Zapata-Duván Zapata,
1,Luis Muriel,https://fbref.com/en/players/eb2fe5b6/Luis-Muriel,9,9,co COL,FW,29-276,34,32,0,0,9,23,4,32,3,2,66.7,1,33.3,20,84,30,2,1,0,4,0,24,10,https://fbref.com/en/players/eb2fe5b6/Luis-Muriel-Luis Muriel,
2,Ruslan Malinovskyi,https://fbref.com/en/players/48d5bd33/Ruslan-Malinovskyi,18,18,ua UKR,AM,27-258,65,56,0,2,21,34,4,56,4,2,50.0,2,50.0,36,200,147,7,5,1,0,1,38,4,https://fbref.com/en/players/48d5bd33/Ruslan-Malinovskyi-Ruslan Malinovskyi,
3,Aleksei Miranchuk,https://fbref.com/en/players/a9aa0d1d/Aleksei-Miranchuk,59,59,ru RUS,AM,25-092,25,20,0,1,5,14,2,20,3,3,100.0,0,0.0,12,84,32,2,1,1,0,0,15,3,https://fbref.com/en/players/a9aa0d1d/Aleksei-Miranchuk-Aleksei Miranchuk,
4,Josip Iličić,https://fbref.com/en/players/68252d6d/Josip-Ilicic,72,72,si SVN,AM,32-354,87,80,0,2,25,54,9,80,9,0,0.0,9,100.0,63,396,207,8,10,3,2,4,69,14,https://fbref.com/en/players/68252d6d/Josip-Ilicic-Josip Iličić,
5,Sam Lammers,https://fbref.com/en/players/c283ddef/Sam-Lammers,7,7,nl NED,AM,23-262,3,4,0,0,1,3,1,4,1,1,100.0,0,0.0,1,2,0,0,0,0,0,0,1,0,https://fbref.com/en/players/c283ddef/Sam-Lammers-Sam Lammers,
6,Remo Freuler,https://fbref.com/en/players/98d2c2c4/Remo-Freuler,11,11,ch SUI,CM,28-277,90,99,1,9,62,28,1,99,4,1,25.0,3,75.0,61,290,135,4,4,0,2,1,71,5,https://fbref.com/en/players/98d2c2c4/Remo-Freuler-Remo Freuler,
7,Marten de Roon,https://fbref.com/en/players/2a1beb34/Marten-de-Roon,15,15,nl NED,CM,29-294,90,95,1,7,66,23,1,95,0,0,,0,,60,201,91,2,1,0,3,0,60,1,https://fbref.com/en/players/2a1beb34/Marten-de-Roon-Marten de Roon,
8,Robin Gosens,https://fbref.com/en/players/2d970560/Robin-Gosens,8,8,de GER,WB,26-196,90,70,2,16,28,26,4,70,0,0,,0,,41,143,77,2,0,1,0,0,49,3,https://fbref.com/en/players/2d970560/Robin-Gosens-Robin Gosens,
9,Hans Hateboer,https://fbref.com/en/players/3b333ac3/Hans-Hateboer,33,33,nl NED,WB,27-008,87,64,0,6,30,28,3,64,0,0,,0,,37,152,91,2,0,0,0,0,40,7,https://fbref.com/en/players/3b333ac3/Hans-Hateboer-Hans Hateboer,
10,Joakim Mæhle,https://fbref.com/en/players/c459a650/Joakim-Maehle,3,3,dk DEN,WB,23-242,3,8,0,1,2,5,0,8,1,0,0.0,1,100.0,8,132,12,0,0,0,0,0,7,2,https://fbref.com/en/players/c459a650/Joakim-Maehle-Joakim Mæhle,
11,Berat Djimsiti,https://fbref.com/en/players/6eee05f1/Berat-Djimsiti,19,19,al ALB,CB,27-333,90,86,2,22,47,17,6,86,0,0,,0,,55,260,160,4,0,0,1,0,63,4,https://fbref.com/en/players/6eee05f1/Berat-Djimsiti-Berat Djimsiti,
12,José Luis Palomino,https://fbref.com/en/players/921f6058/Jose-Luis-Palomino,6,6,ar ARG,CB,31-012,90,84,4,28,54,4,2,84,0,0,,0,,45,214,54,1,1,1,0,0,40,1,https://fbref.com/en/players/921f6058/Jose-Luis-Palomino-José Luis Palomino,
13,Rafael Tolói,https://fbref.com/en/players/c56dc39e/Rafael-Toloi,2,2,it ITA,CB,30-099,90,84,1,13,50,22,4,84,2,2,100.0,0,0.0,53,186,99,1,1,0,1,1,52,3,https://fbref.com/en/players/c56dc39e/Rafael-Toloi-Rafael Tolói,
14,Pierluigi Gollini,https://fbref.com/en/players/f0f7f62f/Pierluigi-Gollini,95,95,it ITA,GK,25-305,90,26,23,26,0,0,0,26,0,0,,0,,18,72,46,0,0,0,0,0,17,0,https://fbref.com/en/players/f0f7f62f/Pierluigi-Gollini-Pierluigi Gollini,
