,Player Name,Player Number,Player,#,Nation,Pos,Age,Min,Gls,Ast,PK,PKatt,Sh,SoT,CrdY,CrdR,Touches,Tkl,Int,Blocks,xG,npxG,xAG,SCA,GCA,Cmp,Att,Cmp%,PrgP,Carries,PrgC,Att,Succ,Player Key,Player Link
0,Marko Pjaca,https://fbref.com/en/players/2c38b327/Marko-Pjaca,37,37,hr CRO,FW,25-256,67,0,0,0,0,2,1,0,0,24,0,0,0,0.1,0.1,0.3,3,0,18,20,90.0,3,13,2,4,4,https://fbref.com/en/players/2c38b327/Marko-Pjaca-Marko Pjaca,
1,Goran Pandev,https://fbref.com/en/players/d711d04f/Goran-Pandev,19,19,mk MKD,FW,37-174,23,0,0,0,0,0,0,0,0,9,1,0,0,0.0,0.0,0.0,0,0,6,7,85.7,0,4,0,0,0,https://fbref.com/en/players/d711d04f/Goran-Pandev-Goran Pandev,
2,Eldor Shomurodov,https://fbref.com/en/players/57469b2d/Eldor-Shomurodov,61,61,uz UZB,FW,25-202,90,0,0,0,0,2,1,0,0,40,0,0,1,0.4,0.4,0.1,2,0,15,27,55.6,2,19,2,2,1,https://fbref.com/en/players/57469b2d/Eldor-Shomurodov-Eldor Shomurodov,
3,Kevin Strootman,https://fbref.com/en/players/ef2e5e1a/Kevin-Strootman,20,20,nl NED,CM,30-339,55,0,0,0,0,0,0,0,0,47,4,1,2,0.0,0.0,0.1,4,0,22,31,71.0,2,18,2,2,2,https://fbref.com/en/players/ef2e5e1a/Kevin-Strootman-Kevin Strootman,
4,Valon Behrami,https://fbref.com/en/players/d3d758d8/Valon-Behrami,11,11,ch SUI,CM,35-273,35,0,0,0,0,0,0,0,0,11,1,1,0,0.0,0.0,0.0,0,0,2,7,28.6,0,0,0,0,0,https://fbref.com/en/players/d3d758d8/Valon-Behrami-Valon Behrami,
5,Milan Badelj,https://fbref.com/en/players/e8c930bb/Milan-Badelj,47,47,hr CRO,CM,31-327,90,0,0,0,0,1,0,0,0,79,8,4,2,0.0,0.0,0.0,2,0,47,54,87.0,8,24,0,3,2,https://fbref.com/en/players/e8c930bb/Milan-Badelj-Milan Badelj,
6,Miha Zajc,https://fbref.com/en/players/83e4643e/Miha-Zajc,16,16,si SVN,CM,26-200,45,0,0,0,0,2,1,0,0,36,0,1,2,0.4,0.4,0.0,1,0,15,24,62.5,3,20,1,1,1,https://fbref.com/en/players/83e4643e/Miha-Zajc-Miha Zajc,
7,Lukas Lerager,https://fbref.com/en/players/1b82f8df/Lukas-Lerager,8,8,dk DEN,CM,27-189,45,0,0,0,0,0,0,0,0,25,3,0,2,0.0,0.0,0.0,0,0,10,14,71.4,0,7,0,0,0,https://fbref.com/en/players/1b82f8df/Lukas-Lerager-Lukas Lerager,
8,Lennart-Marten Czyborra,https://fbref.com/en/players/7ba1f1ef/Lennart-Marten-Czyborra,99,99,de GER,WB,21-259,90,0,0,0,0,0,0,0,0,44,0,0,0,0.0,0.0,0.0,0,0,24,38,63.2,1,20,0,0,0,https://fbref.com/en/players/7ba1f1ef/Lennart-Marten-Czyborra-Lennart-Marten Czyborra,
9,Davide Zappacosta,https://fbref.com/en/players/7fe90ccd/Davide-Zappacosta,77,77,it ITA,WB,28-220,79,0,0,0,0,0,0,1,0,43,0,0,1,0.0,0.0,0.0,0,0,27,35,77.1,0,24,1,4,2,https://fbref.com/en/players/7fe90ccd/Davide-Zappacosta-Davide Zappacosta,
10,Jérôme Onguéné,https://fbref.com/en/players/e81f0356/Jerome-Onguene,25,25,cm CMR,WB,23-026,11,0,0,0,0,0,0,0,0,8,0,0,0,0.0,0.0,0.0,0,0,3,5,60.0,1,0,0,0,0,https://fbref.com/en/players/e81f0356/Jerome-Onguene-Jérôme Onguéné,
11,Domenico Criscito,https://fbref.com/en/players/35dd6d80/Domenico-Criscito,4,4,it ITA,CB,34-018,90,0,0,0,0,0,0,0,0,61,6,3,5,0.0,0.0,0.1,1,0,30,38,78.9,0,21,2,0,0,https://fbref.com/en/players/35dd6d80/Domenico-Criscito-Domenico Criscito,
12,Ivan Radovanović,https://fbref.com/en/players/023937a9/Ivan-Radovanovic,21,21,rs SRB,CB,32-141,90,0,0,0,0,0,0,0,0,35,2,2,1,0.0,0.0,0.0,0,0,17,21,81.0,0,12,0,0,0,https://fbref.com/en/players/023937a9/Ivan-Radovanovic-Ivan Radovanović,
13,Andrea Masiello,https://fbref.com/en/players/e0314d87/Andrea-Masiello,55,55,it ITA,CB,34-347,55,0,0,0,0,0,0,0,0,42,0,1,2,0.0,0.0,0.0,0,0,32,37,86.5,1,20,0,0,0,https://fbref.com/en/players/e0314d87/Andrea-Masiello-Andrea Masiello,
14,Edoardo Goldaniga,https://fbref.com/en/players/4b029b31/Edoardo-Goldaniga,5,5,it ITA,CB,27-076,35,0,0,0,0,0,0,1,0,13,0,0,0,0.0,0.0,0.0,0,0,3,6,50.0,0,4,0,0,0,https://fbref.com/en/players/4b029b31/Edoardo-Goldaniga-Edoardo Goldaniga,
15,Mattia Perin,https://fbref.com/en/players/4c62d0c8/Mattia-Perin,1,1,it ITA,GK,28-068,90,0,0,0,0,0,0,0,0,51,0,0,0,0.0,0.0,0.0,0,0,19,50,38.0,0,26,0,0,0,https://fbref.com/en/players/4c62d0c8/Mattia-Perin-Mattia Perin,
