,Minute,Player,Squad,xG,PSxG,Outcome,Distance,Body Part,Notes,SCA 1 Player,SCA 1 Event,SCA 2 Player,SCA 2 Event
0,2,Marko Pjaca,Genoa,0.08,,Off Target,12,Right Foot,,Marko Pjaca,Take-On,Kevin Strootman,Pass (Live)
1,8,Eldor Shomurodov,Genoa,0.06,,Off Target,21,Left Foot,Volley,Kevin Strootman,Pass (Live),Marko Pjaca,Pass (Live)
2,10,Miha Zajc,Genoa,0.30,0.13,Saved,12,Right Foot,,Marko Pjaca,Pass (Live),Milan Badelj,Pass (Live)
3,14,Marko Pjaca,Genoa,0.05,0.02,Saved,16,Right Foot,,Domenico Criscito,Pass (Live),Kevin Strootman,Pass (Live)
4,18,Berat Djimsiti,Atalanta,0.18,,Off Target,9,Left Foot,,Robin Gosens,Pass (Live),Ruslan Malinovskyi,Pass (Dead)
5,18,Duván Zapata,Atalanta,0.46,0.57,Saved,5,Right Foot,,Berat Djimsiti,Shot,,
6,20,Josip Iličić,Atalanta,0.05,,Off Target,16,Left Foot,,Ruslan Malinovskyi,Pass (Live),Duván Zapata,Pass (Live)
7,30,Ruslan Malinovskyi,Atalanta,0.05,,Blocked,19,Left Foot,,Rafael Tolói,Pass (Live),Hans Hateboer,Pass (Live)
8,38,Josip Iličić,Atalanta,0.05,,Off Target,17,Left Foot,,Hans Hateboer,Pass (Live),Marten de Roon,Pass (Live)
9,40,Miha Zajc,Genoa,0.05,,Blocked,18,Right Foot,,Eldor Shomurodov,Pass (Live),Milan Badelj,Pass (Live)
10,40,Eldor Shomurodov,Genoa,0.29,0.22,Saved,15,Right Foot,,Miha Zajc,Shot,,
11,41,Milan Badelj,Genoa,0.02,,Blocked,25,Left Foot,Volley,Kevin Strootman,Pass (Dead),Eldor Shomurodov,Shot
12,44,Ruslan Malinovskyi,Atalanta,0.03,,Blocked,28,Left Foot,,Ruslan Malinovskyi,Take-On,Remo Freuler,Pass (Live)
13,44,Rafael Tolói,Atalanta,0.10,,Blocked,14,Right Foot,,Duván Zapata,Pass (Live),Ruslan Malinovskyi,Pass (Live)
14,,,,,,,,,,,,,
15,58,Rafael Tolói,Atalanta,0.07,,Off Target,16,Right Foot,,Josip Iličić,Pass (Live),Hans Hateboer,Pass (Live)
16,60,Luis Muriel,Atalanta,0.06,,Off Target,16,Right Foot,Volley,Marten de Roon,Pass (Live),Remo Freuler,Pass (Live)
17,61,Josip Iličić,Atalanta,0.04,,Blocked,17,Left Foot,,Marten de Roon,Pass (Live),Ruslan Malinovskyi,Pass (Live)
18,65,Hans Hateboer,Atalanta,0.04,,Woodwork,15,Right Foot,Volley,Berat Djimsiti,Pass (Live),José Luis Palomino,Pass (Live)
19,67,Remo Freuler,Atalanta,0.06,,Blocked,20,Right Foot,,Luis Muriel,Pass (Live),Aleksei Miranchuk,Pass (Live)
20,68,Luis Muriel,Atalanta,0.07,,Off Target,15,Left Foot,Volley,Remo Freuler,Pass (Live),Hans Hateboer,Pass (Live)
21,69,Aleksei Miranchuk,Atalanta,0.13,0.14,Saved,11,Right Foot,Volley,Berat Djimsiti,Pass (Live),Hans Hateboer,Pass (Live)
22,73,Luis Muriel,Atalanta,0.08,,Off Target,25,Right Foot,Free kick,Aleksei Miranchuk,Fouled,Berat Djimsiti,Pass (Live)
23,82,Marten de Roon,Atalanta,0.04,,Off Target,18,Right Foot,Volley,Josip Iličić,Pass (Dead),Luis Muriel,Fouled
24,90+2,Robin Gosens,Atalanta,0.08,,Blocked,12,Left Foot,Volley,Luis Muriel,Pass (Dead),Marten de Roon,Pass (Live)
25,90+4,Sam Lammers,Atalanta,0.09,,Off Target,9,Head,,Robin Gosens,Pass (Live),Aleksei Miranchuk,Pass (Live)
