season,injury,from,until,days,missed_games
23/24,Tendon rupture,"Jan 25, 2024","May 31, 2024",127 days,22
23/24,cold,"Jan 5, 2024","Jan 10, 2024",5 days,1
23/24,Adductor pain,"Oct 13, 2023","Oct 20, 2023",7 days,-
22/23,Ankle ligament tear,"May 29, 2023","Jul 29, 2023",61 days,3
21/22,Ankle injury,"Jan 30, 2022","Mar 26, 2022",55 days,9
21/22,Corona virus,"Dec 28, 2021","Jan 7, 2022",10 days,-
21/22,Lumbago,"Sep 20, 2021","Oct 14, 2021",24 days,7
20/21,Shoulder injury,"Mar 8, 2021","Apr 2, 2021",25 days,11
20/21,ankle sprain,"Oct 11, 2020","Nov 19, 2020",39 days,7
