season,injury,from,until,days,missed_games
23/24,Achilles tendon irritation,"Mar 17, 2024","Apr 8, 2024",22 days,2
23/24,Abdominal problems,"Jan 19, 2024","Jan 23, 2024",4 days,1
22/23,Muscle injury,"Mar 24, 2023","Apr 28, 2023",35 days,6
22/23,ankle sprain,"Oct 5, 2022","Nov 4, 2022",30 days,8
22/23,cold,"Aug 27, 2022","Aug 31, 2022",4 days,1
21/22,Achilles heel problems,"Feb 26, 2022","Mar 3, 2022",5 days,2
21/22,Corona virus,"Jan 14, 2022","Feb 1, 2022",18 days,3
21/22,Back injury,"Dec 29, 2021","Jan 7, 2022",9 days,3
20/21,Ligament injury,"May 8, 2021","May 22, 2021",14 days,4
20/21,Knock,"Feb 12, 2021","Feb 14, 2021",2 days,-
20/21,Knee injury,"Jan 1, 2021","Jan 16, 2021",15 days,3
20/21,unknown injury,"Nov 25, 2020","Dec 18, 2020",23 days,6
19/20,Groin injury,"Jun 26, 2020","Jun 30, 2020",4 days,1
19/20,Head injury,"Feb 18, 2020","Feb 21, 2020",3 days,-
19/20,Groin injury,"Oct 12, 2019","Nov 8, 2019",27 days,7
