season,injury,from,until,days,missed_games
23/24,Calf injury,"Nov 25, 2023","Feb 2, 2024",69 days,14
22/23,Knee bruise,"Feb 24, 2023","Mar 2, 2023",6 days,2
21/22,Fitness,"Mar 29, 2022","Apr 29, 2022",31 days,7
21/22,Hamstring injury,"Jan 21, 2022","Mar 28, 2022",66 days,13
21/22,Hamstring injury,"Nov 7, 2021","Jan 11, 2022",65 days,13
21/22,Knee problems,"Oct 27, 2021","Nov 1, 2021",5 days,2
21/22,Fitness,"Sep 10, 2021","Sep 24, 2021",14 days,3
20/21,Meniscus tear,"Nov 8, 2020","Sep 9, 2021",305 days,64
20/21,Hip bruise,"Sep 11, 2020","Sep 18, 2020",7 days,-
19/20,Knock,"Dec 19, 2019","Dec 29, 2019",10 days,1
19/20,Knee problems,"Dec 5, 2019","Dec 9, 2019",4 days,1
19/20,Knee problems,"Sep 27, 2019","Oct 5, 2019",8 days,-
