season,injury,from,until,days,missed_games
23/24,Ankle injury,"Apr 22, 2024",,76 days,7
23/24,Ankle injury,"Mar 4, 2024","Apr 8, 2024",35 days,6
23/24,Fever,"Dec 11, 2023","Dec 15, 2023",4 days,1
23/24,ankle sprain,"Sep 24, 2023","Nov 24, 2023",61 days,14
22/23,Knee injury,"Mar 20, 2023","Apr 21, 2023",32 days,6
22/23,Muscle injury,"Sep 22, 2022","Oct 8, 2022",16 days,3
21/22,Muscle strain,"Jan 6, 2022","Jan 13, 2022",7 days,2
21/22,Muscle injury,"Oct 25, 2021","Nov 1, 2021",7 days,2
21/22,Calf injury,"Aug 5, 2021","Aug 16, 2021",11 days,1
20/21,Muscle injury,"Jun 18, 2020","Jul 13, 2020",25 days,7
18/19,Calf injury,"Sep 27, 2018","Oct 8, 2018",11 days,3
17/18,Tendonitis,"Apr 16, 2018","Jul 2, 2018",77 days,5
17/18,Syndesmotic ligament tear,"Feb 26, 2018","Jul 2, 2018",126 days,13
17/18,Hairline fracture in the fibula,"Feb 26, 2018","Jul 2, 2018",126 days,13
