season,injury,from,until,days,missed_games
23/24,Muscle injury,"Jan 8, 2024","Feb 2, 2024",25 days,7
23/24,Hamstring injury,"Dec 4, 2023","Jan 6, 2024",33 days,5
23/24,Foot injury,"Jul 17, 2023","Aug 31, 2023",45 days,3
22/23,Calf strain,"Apr 25, 2023","Jun 19, 2023",55 days,10
22/23,Heel spur,"Jan 2, 2023","Feb 28, 2023",57 days,11
22/23,Knee problems,"Jul 31, 2022","Sep 3, 2022",34 days,3
21/22,muscular problems,"Mar 8, 2022","Apr 20, 2022",43 days,7
21/22,Corona virus,"Dec 17, 2021","Dec 29, 2021",12 days,2
21/22,stomach problems,"Oct 26, 2021","Oct 27, 2021",1 days,1
20/21,Shoulder injury,"Apr 20, 2021","Apr 24, 2021",4 days,1
20/21,Ill,"Apr 20, 2021","Apr 22, 2021",2 days,1
20/21,strain,"Jan 20, 2021","Jan 29, 2021",9 days,3
19/20,Muscle injury,"Aug 13, 2019","Aug 23, 2019",10 days,1
18/19,Muscle injury,"Sep 30, 2018","Oct 4, 2018",4 days,-
18/19,Calf injury,"Jul 13, 2018","Aug 31, 2018",49 days,2
