season,injury,from,until,days,missed_games
21/22,Hamstring injury,"Sep 19, 2021","Oct 12, 2021",23 days,6
20/21,Groin problems,"Feb 16, 2021","Feb 19, 2021",3 days,1
20/21,Ankle injury,"Dec 27, 2020","Jan 2, 2021",6 days,-
20/21,Corona virus,"Sep 21, 2020","Oct 16, 2020",25 days,8
19/20,influenza,"Sep 7, 2019","Sep 12, 2019",5 days,1
19/20,Knock,"Apr 26, 2019","Apr 27, 2019",1 days,-
19/20,Knock,"Dec 27, 2018","Jan 2, 2019",6 days,1
18/19,Foot injury,"Nov 25, 2018","Nov 30, 2018",5 days,1
18/19,Hamstring injury,"Oct 3, 2018","Nov 6, 2018",34 days,8
16/17,Cruciate ligament tear,"Dec 15, 2016","Aug 13, 2017",241 days,40
15/16,Dislocation of the kneecap,"May 2, 2016","Sep 12, 2016",133 days,14
15/16,Foot bruise,"Mar 10, 2016","Apr 7, 2016",28 days,8
15/16,influenza,"Feb 15, 2016","Feb 22, 2016",7 days,2
15/16,infection,"Jan 25, 2016","Feb 1, 2016",7 days,1
15/16,Pelvic injury,"Dec 7, 2015","Dec 10, 2015",3 days,1
