season,injury,from,until,days,missed_games
23/24,heart problems,"Mar 16, 2024","Mar 24, 2024",8 days,2
23/24,Knee injury,"Jan 5, 2024","Jan 23, 2024",18 days,5
20/21,Corona virus,"Jun 12, 2021","Jul 15, 2021",33 days,4
20/21,Foot injury,"Sep 21, 2020","Oct 7, 2020",16 days,6
18/19,Nose surgery,"May 20, 2019","Jun 1, 2019",12 days,1
18/19,Meniscus injury,"Dec 12, 2018","Jan 14, 2019",33 days,6
17/18,Inner ligament injury,"Aug 29, 2017","Oct 12, 2017",44 days,9
16/17,Foot injury,"May 8, 2017","May 18, 2017",10 days,1
15/16,Hamstring injury,"Mar 13, 2016","Apr 15, 2016",33 days,8
