season,injury,from,until,days,missed_games
23/24,Back injury,"Nov 17, 2023","Feb 10, 2024",85 days,19
22/23,Stomach flu,"Nov 14, 2022","Nov 19, 2022",5 days,1
21/22,cold,"May 6, 2022","May 9, 2022",3 days,1
20/21,Knee surgery,"May 17, 2021","Aug 28, 2021",103 days,9
20/21,Rest,"Dec 1, 2020","Dec 3, 2020",2 days,1
20/21,Knee injury,"Aug 17, 2020","Nov 3, 2020",78 days,13
19/20,Knee injury,"Dec 30, 2019","Jan 10, 2020",11 days,2
18/19,Knee problems,"May 16, 2019","Jun 16, 2019",31 days,4
18/19,Shoulder injury,"Nov 12, 2018","Nov 20, 2018",8 days,2
17/18,Knee problems,"Mar 24, 2018","Mar 29, 2018",5 days,1
16/17,Muscle injury,"Sep 8, 2016","Sep 12, 2016",4 days,1
16/17,Knee injury,"Aug 11, 2016","Aug 25, 2016",14 days,3
15/16,Knee problems,"Nov 30, 2015","Dec 3, 2015",3 days,1
15/16,Dental surgery,"Nov 9, 2015","Nov 16, 2015",7 days,1
14/15,Back injury,"Aug 18, 2014","Sep 11, 2014",24 days,12
