season,injury,from,until,days,missed_games
23/24,Lumbago,"May 24, 2024","May 31, 2024",7 days,1
23/24,Back injury,"Dec 1, 2023","Mar 15, 2024",105 days,22
21/22,Corona virus,"Mar 1, 2022","Mar 12, 2022",11 days,3
19/20,Knock,"Dec 23, 2019","Jan 20, 2020",28 days,6
18/19,Hamstring injury,"Apr 1, 2019","Apr 28, 2019",27 days,7
18/19,Back injury,"Dec 3, 2018","Dec 4, 2018",1 days,-
15/16,Injury to the ankle,"Feb 2, 2016","Feb 12, 2016",10 days,2
15/16,Muscle injury,"Oct 24, 2015","Nov 1, 2015",8 days,3
11/12,Ankle injury,"Dec 20, 2011","Mar 10, 2012",81 days,17
11/12,Metatarsal fracture,"Aug 26, 2011","Dec 15, 2011",111 days,21
09/10,Ankle injury,"Apr 26, 2010","Jul 3, 2010",68 days,1
