season,injury,from,until,days,missed_games
23/24,muscular problems,"Feb 8, 2024","Feb 15, 2024",7 days,1
20/21,Ankle surgery,"Feb 23, 2021","May 19, 2021",85 days,15
20/21,Calf injury,"Feb 1, 2021","Feb 5, 2021",4 days,1
20/21,Calf injury,"Dec 30, 2020","Jan 29, 2021",30 days,5
14/15,muscular problems,"May 21, 2015","May 22, 2015",1 days,-
13/14,Muscle injury,"Apr 28, 2014","May 15, 2014",17 days,3
13/14,Meniscus injury,"Feb 2, 2014","Mar 15, 2014",41 days,10
12/13,Knee injury,"Dec 8, 2012","May 1, 2013",144 days,47
10/11,Meniscus damage,"Jan 3, 2011","Apr 3, 2011",90 days,22
10/11,muscular problems,"Sep 10, 2010","Sep 30, 2010",20 days,3
