season,injury,from,until,days,missed_games
24/25,Inner ligament stretch of the knee,"Jul 6, 2024","Aug 5, 2024",30 days,-
23/24,Hamstring injury,"Mar 4, 2024","Apr 7, 2024",34 days,6
23/24,muscular problems,"Dec 18, 2023","Jan 10, 2024",23 days,3
23/24,Hamstring injury,"Aug 24, 2023","Nov 3, 2023",71 days,16
22/23,Hamstring injury,"May 15, 2023","Jun 30, 2023",46 days,6
22/23,Muscle injury,"Feb 17, 2023","Apr 22, 2023",64 days,13
21/22,Hamstring injury,"Apr 14, 2022","Jun 30, 2022",77 days,13
21/22,Corona virus,"Jan 3, 2022","Jan 10, 2022",7 days,2
21/22,Hamstring injury,"Sep 30, 2021","Jan 10, 2022",102 days,23
21/22,Hamstring injury,"Sep 16, 2021","Sep 27, 2021",11 days,3
