season,injury,from,until,days,missed_games
23/24,Knock,"Mar 8, 2024","Mar 10, 2024",2 days,1
23/24,Muscle injury,"Jan 12, 2024","Feb 10, 2024",29 days,7
23/24,Muscle injury,"Sep 30, 2023","Oct 27, 2023",27 days,6
21/22,Corona virus,"Mar 17, 2022","Mar 31, 2022",14 days,3
20/21,Ankle injury,"Oct 26, 2020","Nov 6, 2020",11 days,1
19/20,Back injury,"Feb 5, 2020","Feb 7, 2020",2 days,-
19/20,Ill,"Oct 14, 2019","Oct 21, 2019",7 days,1
18/19,unknown injury,"Apr 4, 2019","Apr 10, 2019",6 days,1
18/19,unknown injury,"Oct 16, 2018","Dec 18, 2018",63 days,15
17/18,unknown injury,"Feb 13, 2018","Mar 1, 2018",16 days,2
