season,injury,from,until,days,missed_games
23/24,Torn muscle fiber,"Jun 11, 2024","Jun 15, 2024",4 days,-
23/24,Ankle injury,"Oct 5, 2023","Oct 27, 2023",22 days,5
22/23,Hamstring injury,"Feb 27, 2023","Mar 11, 2023",12 days,2
21/22,Rest,"Aug 24, 2021","Aug 25, 2021",1 days,1
20/21,Ligament stretching,"Mar 29, 2021","Apr 21, 2021",23 days,7
20/21,Rest,"Oct 30, 2020","Nov 1, 2020",2 days,1
19/20,Shin injury,"Feb 26, 2020","Mar 25, 2020",28 days,3
19/20,Groin surgery,"Dec 21, 2019","Jan 16, 2020",26 days,1
17/18,Rest,"Mar 12, 2018","Mar 12, 2018",0 days,-
17/18,Patellar tendon problems,"Jan 1, 2018","Jan 15, 2018",14 days,1
17/18,Hamstring injury,"Nov 9, 2017","Nov 16, 2017",7 days,2
17/18,muscular problems,"Oct 30, 2017","Nov 2, 2017",3 days,1
16/17,Shoulder injury,"Apr 10, 2017","Apr 17, 2017",7 days,2
15/16,Ankle problems,"Sep 17, 2015","Sep 21, 2015",4 days,1
14/15,Broken jaw,"Apr 30, 2015","May 4, 2015",4 days,1
