season,injury,from,until,days,missed_games
23/24,Muscle injury,"Jan 26, 2024","Feb 20, 2024",25 days,5
23/24,Muscle injury,"Oct 18, 2023","Nov 27, 2023",40 days,7
22/23,Hamstring injury,"Apr 17, 2023","May 13, 2023",26 days,4
22/23,Shoulder injury,"Oct 24, 2022","Nov 24, 2022",31 days,5
22/23,muscular problems,"Sep 8, 2022","Sep 19, 2022",11 days,3
21/22,Muscle injury,"Apr 28, 2022","Jun 14, 2022",47 days,5
21/22,Hamstring injury,"Nov 22, 2021","Apr 27, 2022",156 days,31
21/22,Muscle injury,"Oct 28, 2021","Nov 20, 2021",23 days,4
21/22,Stomach flu,"Sep 25, 2021","Sep 28, 2021",3 days,1
21/22,Rib fracture,"Aug 30, 2021","Sep 9, 2021",10 days,3
20/21,Hamstring injury,"May 12, 2021","Jun 12, 2021",31 days,4
20/21,Muscle injury,"Feb 4, 2021","Apr 8, 2021",63 days,16
20/21,Corona virus,"Dec 1, 2020","Dec 15, 2020",14 days,4
20/21,Muscle injury,"Nov 22, 2020","Jan 30, 2021",69 days,18
19/20,Rib fracture,"Jun 18, 2020","Jun 29, 2020",11 days,3
