season,injury,from,until,days,missed_games
22/23,Ill,"Jan 14, 2023","Jan 19, 2023",5 days,-
22/23,Knock,"Sep 19, 2022","Oct 17, 2022",28 days,9
21/22,Meniscus injury,"Apr 4, 2022","Jul 25, 2022",112 days,17
20/21,Ill,"May 10, 2021","May 17, 2021",7 days,2
20/21,Hamstring injury,"Mar 22, 2021","Apr 12, 2021",21 days,10
20/21,minor knock,"Jan 25, 2021","Feb 1, 2021",7 days,2
20/21,strain,"Dec 10, 2020","Dec 21, 2020",11 days,3
20/21,minor knock,"Sep 17, 2020","Sep 24, 2020",7 days,1
19/20,Ill,"Jul 20, 2020","Jul 23, 2020",3 days,1
19/20,Quarantine,"Jul 9, 2020","Jul 20, 2020",11 days,2
19/20,Ill,"Jan 20, 2020","Feb 13, 2020",24 days,4
19/20,Knock,"Aug 19, 2019","Sep 26, 2019",38 days,16
19/20,Knock,"Jul 15, 2019","Aug 1, 2019",17 days,2
18/19,Broken fibula,"Oct 18, 2018","Mar 21, 2019",154 days,37
18/19,minor knock,"Aug 9, 2018","Aug 23, 2018",14 days,2
