season,injury,from,until,days,missed_games
22/23,flu,"Jan 20, 2023","Jan 26, 2023",6 days,2
22/23,muscular problems,"Oct 31, 2022","Nov 7, 2022",7 days,1
22/23,Fitness,"Sep 12, 2022","Sep 29, 2022",17 days,1
22/23,Toe injury,"Jul 21, 2022","Sep 12, 2022",53 days,7
21/22,Foot injury,"Feb 28, 2022","Mar 10, 2022",10 days,1
21/22,Corona virus,"Feb 14, 2022","Feb 24, 2022",10 days,1
21/22,Fitness,"Aug 16, 2021","Aug 26, 2021",10 days,1
21/22,Corona virus,"Jul 29, 2021","Aug 19, 2021",21 days,2
20/21,Inner knee ligament tear,"May 6, 2021","Jul 1, 2021",56 days,3
19/20,bruise,"Feb 20, 2020","Feb 27, 2020",7 days,1
19/20,Hamstring injury,"Sep 16, 2019","Oct 7, 2019",21 days,3
19/20,Knee bruise,"Aug 29, 2019","Sep 9, 2019",11 days,1
