season,injury,from,until,days,missed_games
23/24,Muscle injury,"Apr 26, 2024",,73 days,4
23/24,Ill,"Mar 30, 2024","Apr 5, 2024",6 days,1
23/24,Groin problems,"Feb 18, 2024","Feb 25, 2024",7 days,2
23/24,Muscle injury,"Dec 4, 2023","Jan 4, 2024",31 days,3
21/22,Dead leg,"Apr 28, 2022","May 10, 2022",12 days,1
21/22,Muscle injury,"Mar 21, 2022","Apr 15, 2022",25 days,4
21/22,Corona virus,"Jan 18, 2022","Jan 23, 2022",5 days,3
20/21,Thigh problems,"Feb 26, 2021","Mar 10, 2021",12 days,2
17/18,Torn muscle fiber,"May 6, 2018","Jun 5, 2018",30 days,5
17/18,Strain in the thigh and gluteal muscles,"Dec 2, 2017","Dec 9, 2017",7 days,2
17/18,Dead leg,"Oct 25, 2017","Oct 28, 2017",3 days,2
13/14,Hamstring strain,"Dec 18, 2013","Jan 10, 2014",23 days,3
13/14,Hamstring injury,"Dec 6, 2013","Dec 17, 2013",11 days,2
12/13,Knee injury,"May 17, 2013","May 25, 2013",8 days,1
12/13,Knee injury,"Mar 25, 2013","Apr 3, 2013",9 days,1
