,Player Name,Player Number,Player,#,Nation,Pos,Age,Min,Att,Live,Dead,FK,TB,Sw,Crs,TI,CK,In,Out,Str,Cmp,Off,Blocks,Player Key,Player Link
0,Lois Diony,https://fbref.com/en/players/4be0b467/Lois-Diony,9,9,fr FRA,FW,27-303,75,13,11,2,0,0,0,0,0,0,0,0,0,7,0,2,https://fbref.com/en/players/4be0b467/Lois-Diony-Lois Diony,
1,Rachid Alioui,https://fbref.com/en/players/bdedd861/Rachid-Alioui,7,7,ma MAR,FW,28-122,15,8,8,0,0,0,0,0,0,0,0,0,0,8,0,0,https://fbref.com/en/players/bdedd861/Rachid-Alioui-Rachid Alioui,
2,Sofiane Boufal,https://fbref.com/en/players/b0c71810/Sofiane-Boufal,13,13,ma MAR,LM,27-031,59,24,24,0,0,0,0,1,0,0,0,0,0,15,0,3,https://fbref.com/en/players/b0c71810/Sofiane-Boufal-Sofiane Boufal,
3,Sada Thioub,https://fbref.com/en/players/f4bc42b1/Sada-Thioub,22,22,sn SEN,LM,25-139,31,16,16,0,0,0,0,0,0,0,0,0,0,13,0,1,https://fbref.com/en/players/f4bc42b1/Sada-Thioub-Sada Thioub,
4,Thomas Mangani,https://fbref.com/en/players/c801616a/Thomas-Mangani,5,5,fr FRA,CM,33-172,90,45,41,4,2,0,0,7,0,2,1,1,0,30,0,1,https://fbref.com/en/players/c801616a/Thomas-Mangani-Thomas Mangani,
5,Angelo Fulgini,https://fbref.com/en/players/4b96c347/Angelo-Fulgini,10,10,fr FRA,CM,24-059,90,43,42,1,1,0,1,2,0,0,0,0,0,38,0,1,https://fbref.com/en/players/4b96c347/Angelo-Fulgini-Angelo Fulgini,
6,Pierrick Capelle,https://fbref.com/en/players/79b2399c/Pierrick-Capelle,15,15,fr FRA,RM,33-186,45,22,22,0,0,0,0,1,0,0,0,0,0,16,0,1,https://fbref.com/en/players/79b2399c/Pierrick-Capelle-Pierrick Capelle,
7,Jimmy Cabot,https://fbref.com/en/players/46359159/Jimmy-Cabot,11,11,fr FRA,RM,26-183,45,25,24,1,0,0,0,2,1,0,0,0,0,15,0,2,https://fbref.com/en/players/46359159/Jimmy-Cabot-Jimmy Cabot,
8,Ibrahim Amadou,https://fbref.com/en/players/9260926b/Ibrahim-Amadou,18,18,fr FRA,DM,27-195,90,33,33,0,0,0,0,0,0,0,0,0,0,26,0,0,https://fbref.com/en/players/9260926b/Ibrahim-Amadou-Ibrahim Amadou,
9,Souleyman Doumbia,https://fbref.com/en/players/9daeac61/Souleyman-Doumbia,3,3,ci CIV,LB,24-024,45,12,8,4,0,0,0,0,4,0,0,0,0,8,0,0,https://fbref.com/en/players/9daeac61/Souleyman-Doumbia-Souleyman Doumbia,
10,Enzo Ebosse,https://fbref.com/en/players/9ba7b4fa/Enzo-Ebosse,6,6,cm CMR,LB,21-221,45,26,20,5,1,0,0,0,4,0,0,0,0,21,1,1,https://fbref.com/en/players/9ba7b4fa/Enzo-Ebosse-Enzo Ebosse,
11,Romain Thomas,https://fbref.com/en/players/275e2c51/Romain-Thomas,24,24,fr FRA,CB,32-128,90,48,47,0,0,0,1,0,0,0,0,0,0,36,1,0,https://fbref.com/en/players/275e2c51/Romain-Thomas-Romain Thomas,
12,Ismaël Traoré,https://fbref.com/en/players/b666421b/Ismael-Traore,8,8,ci CIV,CB,34-061,90,43,41,2,2,0,0,0,0,0,0,0,0,42,0,0,https://fbref.com/en/players/b666421b/Ismael-Traore-Ismaël Traoré,
13,Abdoulaye Bamba,https://fbref.com/en/players/7fecbcdb/Abdoulaye-Bamba,25,25,ci CIV,RB,30-176,45,49,39,10,2,0,0,1,8,0,0,0,0,35,0,2,https://fbref.com/en/players/7fecbcdb/Abdoulaye-Bamba-Abdoulaye Bamba,
14,Vincent Manceau,https://fbref.com/en/players/c26a3918/Vincent-Manceau,29,29,fr FRA,RB,31-100,45,40,31,9,1,0,0,3,8,0,0,0,0,28,0,1,https://fbref.com/en/players/c26a3918/Vincent-Manceau-Vincent Manceau,
15,Paul Bernardoni,https://fbref.com/en/players/28dabd43/Paul-Bernardoni,1,1,fr FRA,GK,23-183,90,28,16,12,4,0,0,0,0,0,0,0,0,22,0,0,https://fbref.com/en/players/28dabd43/Paul-Bernardoni-Paul Bernardoni,
