,Player Name,Player Number,Player,#,Nation,Pos,Age,Min,Touches,Def Pen,Def 3rd,Mid 3rd,Att 3rd,Att Pen,Live,Att,Succ,Succ%,Tkld,Tkld%,Carries,TotDist,PrgDist,PrgC,1/3,CPA,Mis,Dis,Rec,PrgR,Player Key,Player Link
0,Lois Diony,https://fbref.com/en/players/4be0b467/Lois-Diony,9,9,fr FRA,FW,27-303,75,23,1,1,8,14,6,23,2,0,0.0,2,100.0,11,34,14,1,0,1,2,2,17,6,https://fbref.com/en/players/4be0b467/Lois-Diony-Lois Diony,
1,Rachid Alioui,https://fbref.com/en/players/bdedd861/Rachid-Alioui,7,7,ma MAR,FW,28-122,15,11,0,3,3,5,2,11,0,0,,0,,6,5,0,0,0,0,1,1,9,1,https://fbref.com/en/players/bdedd861/Rachid-Alioui-Rachid Alioui,
2,Sofiane Boufal,https://fbref.com/en/players/b0c71810/Sofiane-Boufal,13,13,ma MAR,LM,27-031,59,37,0,4,15,18,0,37,3,0,0.0,3,100.0,17,82,32,0,0,0,4,6,25,5,https://fbref.com/en/players/b0c71810/Sofiane-Boufal-Sofiane Boufal,
3,Sada Thioub,https://fbref.com/en/players/f4bc42b1/Sada-Thioub,22,22,sn SEN,LM,25-139,31,17,0,4,11,2,0,17,0,0,,0,,12,108,69,2,2,0,0,1,16,2,https://fbref.com/en/players/f4bc42b1/Sada-Thioub-Sada Thioub,
4,Thomas Mangani,https://fbref.com/en/players/c801616a/Thomas-Mangani,5,5,fr FRA,CM,33-172,90,56,1,10,32,17,2,55,2,1,50.0,1,50.0,22,103,42,0,0,0,1,0,35,4,https://fbref.com/en/players/c801616a/Thomas-Mangani-Thomas Mangani,
5,Angelo Fulgini,https://fbref.com/en/players/4b96c347/Angelo-Fulgini,10,10,fr FRA,CM,24-059,90,59,0,7,31,22,5,59,5,3,60.0,2,40.0,36,202,118,1,1,1,2,2,46,5,https://fbref.com/en/players/4b96c347/Angelo-Fulgini-Angelo Fulgini,
6,Pierrick Capelle,https://fbref.com/en/players/79b2399c/Pierrick-Capelle,15,15,fr FRA,RM,33-186,45,24,0,1,17,7,1,24,1,1,100.0,0,0.0,16,82,44,1,1,0,1,2,23,0,https://fbref.com/en/players/79b2399c/Pierrick-Capelle-Pierrick Capelle,
7,Jimmy Cabot,https://fbref.com/en/players/46359159/Jimmy-Cabot,11,11,fr FRA,RM,26-183,45,31,0,7,13,11,4,31,4,1,25.0,3,75.0,15,109,55,3,0,0,1,0,20,3,https://fbref.com/en/players/46359159/Jimmy-Cabot-Jimmy Cabot,
8,Ibrahim Amadou,https://fbref.com/en/players/9260926b/Ibrahim-Amadou,18,18,fr FRA,DM,27-195,90,38,1,10,28,0,0,38,2,2,100.0,0,0.0,20,65,15,0,0,0,1,3,26,0,https://fbref.com/en/players/9260926b/Ibrahim-Amadou-Ibrahim Amadou,
9,Souleyman Doumbia,https://fbref.com/en/players/9daeac61/Souleyman-Doumbia,3,3,ci CIV,LB,24-024,45,23,2,9,9,5,0,23,0,0,,0,,10,48,8,1,0,0,3,1,7,1,https://fbref.com/en/players/9daeac61/Souleyman-Doumbia-Souleyman Doumbia,
10,Enzo Ebosse,https://fbref.com/en/players/9ba7b4fa/Enzo-Ebosse,6,6,cm CMR,LB,21-221,45,29,1,13,13,4,1,29,0,0,,0,,11,56,27,1,1,0,1,0,19,3,https://fbref.com/en/players/9ba7b4fa/Enzo-Ebosse-Enzo Ebosse,
11,Romain Thomas,https://fbref.com/en/players/275e2c51/Romain-Thomas,24,24,fr FRA,CB,32-128,90,58,7,36,22,0,0,58,0,0,,0,,16,53,13,0,0,0,1,0,24,0,https://fbref.com/en/players/275e2c51/Romain-Thomas-Romain Thomas,
12,Ismaël Traoré,https://fbref.com/en/players/b666421b/Ismael-Traore,8,8,ci CIV,CB,34-061,90,48,5,38,9,1,1,48,0,0,,0,,19,106,54,1,0,0,2,0,29,1,https://fbref.com/en/players/b666421b/Ismael-Traore-Ismaël Traoré,
13,Abdoulaye Bamba,https://fbref.com/en/players/7fecbcdb/Abdoulaye-Bamba,25,25,ci CIV,RB,30-176,45,53,1,14,27,12,0,53,0,0,,0,,29,103,61,3,2,0,0,0,34,0,https://fbref.com/en/players/7fecbcdb/Abdoulaye-Bamba-Abdoulaye Bamba,
14,Vincent Manceau,https://fbref.com/en/players/c26a3918/Vincent-Manceau,29,29,fr FRA,RB,31-100,45,44,1,21,16,7,0,44,0,0,,0,,19,68,32,0,0,0,0,0,23,2,https://fbref.com/en/players/c26a3918/Vincent-Manceau-Vincent Manceau,
15,Paul Bernardoni,https://fbref.com/en/players/28dabd43/Paul-Bernardoni,1,1,fr FRA,GK,23-183,90,29,25,29,0,0,0,29,0,0,,0,,15,69,49,0,0,0,0,0,6,0,https://fbref.com/en/players/28dabd43/Paul-Bernardoni-Paul Bernardoni,
