,Player Name,Player Number,Player,#,Nation,Pos,Age,Min,Gls,Ast,PK,PKatt,Sh,SoT,CrdY,CrdR,Touches,Tkl,Int,Blocks,xG,npxG,xAG,SCA,GCA,Cmp,Att,Cmp%,PrgP,Carries,PrgC,Att,Succ,Player Key,Player Link
0,Lois Diony,https://fbref.com/en/players/4be0b467/Lois-Diony,9,9,fr FRA,FW,27-303,75,0,0,0,0,1,0,0,0,23,1,0,0,0.0,0.0,0.0,1,0,7,13,53.8,0,11,1,2,0,https://fbref.com/en/players/4be0b467/Lois-Diony-Lois Diony,
1,Rachid Alioui,https://fbref.com/en/players/bdedd861/Rachid-Alioui,7,7,ma MAR,FW,28-122,15,0,0,0,0,0,0,0,0,11,0,0,0,0.0,0.0,0.0,0,0,8,8,100.0,0,6,0,0,0,https://fbref.com/en/players/bdedd861/Rachid-Alioui-Rachid Alioui,
2,Sofiane Boufal,https://fbref.com/en/players/b0c71810/Sofiane-Boufal,13,13,ma MAR,LM,27-031,59,0,0,0,0,0,0,0,0,37,3,0,1,0.0,0.0,0.0,1,1,15,24,62.5,4,17,0,3,0,https://fbref.com/en/players/b0c71810/Sofiane-Boufal-Sofiane Boufal,
3,Sada Thioub,https://fbref.com/en/players/f4bc42b1/Sada-Thioub,22,22,sn SEN,LM,25-139,31,0,0,0,0,0,0,0,0,17,0,0,0,0.0,0.0,0.0,0,0,13,16,81.3,5,12,2,0,0,https://fbref.com/en/players/f4bc42b1/Sada-Thioub-Sada Thioub,
4,Thomas Mangani,https://fbref.com/en/players/c801616a/Thomas-Mangani,5,5,fr FRA,CM,33-172,90,1,0,1,1,1,0,0,0,56,4,2,2,0.8,0.1,0.0,1,0,30,45,66.7,6,22,0,2,1,https://fbref.com/en/players/c801616a/Thomas-Mangani-Thomas Mangani,
5,Angelo Fulgini,https://fbref.com/en/players/4b96c347/Angelo-Fulgini,10,10,fr FRA,CM,24-059,90,0,0,0,0,3,0,1,0,59,3,0,1,0.1,0.1,0.0,2,1,38,43,88.4,1,36,1,5,3,https://fbref.com/en/players/4b96c347/Angelo-Fulgini-Angelo Fulgini,
6,Pierrick Capelle,https://fbref.com/en/players/79b2399c/Pierrick-Capelle,15,15,fr FRA,RM,33-186,45,0,0,0,0,0,0,0,0,24,1,0,0,0.0,0.0,0.1,1,0,16,22,72.7,0,16,1,1,1,https://fbref.com/en/players/79b2399c/Pierrick-Capelle-Pierrick Capelle,
7,Jimmy Cabot,https://fbref.com/en/players/46359159/Jimmy-Cabot,11,11,fr FRA,RM,26-183,45,0,0,0,0,1,1,0,0,31,1,1,0,0.1,0.1,0.0,3,0,15,25,60.0,5,15,3,4,1,https://fbref.com/en/players/46359159/Jimmy-Cabot-Jimmy Cabot,
8,Ibrahim Amadou,https://fbref.com/en/players/9260926b/Ibrahim-Amadou,18,18,fr FRA,DM,27-195,90,0,0,0,0,0,0,0,0,38,2,0,0,0.0,0.0,0.0,0,0,26,33,78.8,2,20,0,2,2,https://fbref.com/en/players/9260926b/Ibrahim-Amadou-Ibrahim Amadou,
9,Souleyman Doumbia,https://fbref.com/en/players/9daeac61/Souleyman-Doumbia,3,3,ci CIV,LB,24-024,45,0,0,0,0,0,0,1,0,23,3,2,0,0.0,0.0,0.0,0,0,8,12,66.7,1,10,1,0,0,https://fbref.com/en/players/9daeac61/Souleyman-Doumbia-Souleyman Doumbia,
10,Enzo Ebosse,https://fbref.com/en/players/9ba7b4fa/Enzo-Ebosse,6,6,cm CMR,LB,21-221,45,0,0,0,0,0,0,0,0,29,0,0,0,0.0,0.0,0.0,0,0,21,26,80.8,3,11,1,0,0,https://fbref.com/en/players/9ba7b4fa/Enzo-Ebosse-Enzo Ebosse,
11,Romain Thomas,https://fbref.com/en/players/275e2c51/Romain-Thomas,24,24,fr FRA,CB,32-128,90,0,0,0,0,0,0,1,0,58,1,4,0,0.0,0.0,0.0,0,0,36,48,75.0,2,16,0,0,0,https://fbref.com/en/players/275e2c51/Romain-Thomas-Romain Thomas,
12,Ismaël Traoré,https://fbref.com/en/players/b666421b/Ismael-Traore,8,8,ci CIV,CB,34-061,90,0,0,0,0,0,0,1,0,48,2,1,0,0.0,0.0,0.0,0,0,42,43,97.7,0,19,1,0,0,https://fbref.com/en/players/b666421b/Ismael-Traore-Ismaël Traoré,
13,Abdoulaye Bamba,https://fbref.com/en/players/7fecbcdb/Abdoulaye-Bamba,25,25,ci CIV,RB,30-176,45,0,0,0,0,0,0,0,0,53,1,1,0,0.0,0.0,0.0,0,0,35,49,71.4,2,29,3,0,0,https://fbref.com/en/players/7fecbcdb/Abdoulaye-Bamba-Abdoulaye Bamba,
14,Vincent Manceau,https://fbref.com/en/players/c26a3918/Vincent-Manceau,29,29,fr FRA,RB,31-100,45,0,0,0,0,0,0,0,0,44,0,0,1,0.0,0.0,0.0,1,0,28,40,70.0,2,19,0,0,0,https://fbref.com/en/players/c26a3918/Vincent-Manceau-Vincent Manceau,
15,Paul Bernardoni,https://fbref.com/en/players/28dabd43/Paul-Bernardoni,1,1,fr FRA,GK,23-183,90,0,0,0,0,0,0,0,0,29,0,1,0,0.0,0.0,0.0,0,0,22,28,78.6,0,15,0,0,0,https://fbref.com/en/players/28dabd43/Paul-Bernardoni-Paul Bernardoni,
