,Player Name,Player Number,Player,#,Nation,Pos,Age,Min,Gls,Ast,PK,PKatt,Sh,SoT,CrdY,CrdR,Touches,Tkl,Int,Blocks,xG,npxG,xAG,SCA,GCA,Cmp,Att,Cmp%,PrgP,Carries,PrgC,Att,Succ,Player Key,Player Link
0,Opa Nguette,https://fbref.com/en/players/75a63397/Opa-Nguette,11,11,sn SEN,FW,26-102,76,1,0,0,0,2,1,0,0,25,1,0,1,0.9,0.9,0.0,1,0,10,13,76.9,1,14,0,0,0,https://fbref.com/en/players/75a63397/Opa-Nguette-Opa Nguette,
1,Papa Ndiaga Yade,https://fbref.com/en/players/87e9c7cd/Papa-Ndiaga-Yade,26,26,mr MTN,FW,20-287,14,0,0,0,0,0,0,0,0,4,0,0,0,0.0,0.0,0.0,0,0,1,3,33.3,0,2,0,0,0,https://fbref.com/en/players/87e9c7cd/Papa-Ndiaga-Yade-Papa Ndiaga Yade,
2,Warren Tchimbembé,https://fbref.com/en/players/93b8f9f4/Warren-Tchimbembe,12,12,cg CGO,LW,22-180,70,0,0,0,0,0,0,0,0,47,1,0,1,0.0,0.0,0.0,2,0,39,45,86.7,5,25,2,1,1,https://fbref.com/en/players/93b8f9f4/Warren-Tchimbembe-Warren Tchimbembé,
3,Youssef Maziz,https://fbref.com/en/players/514270e8/Youssef-Maziz,22,22,fr FRA,LW,22-116,20,0,0,0,0,0,0,0,0,8,0,1,0,0.0,0.0,0.0,0,0,3,5,60.0,2,4,2,0,0,https://fbref.com/en/players/514270e8/Youssef-Maziz-Youssef Maziz,
4,Lamine Gueye,https://fbref.com/en/players/9d5dcc23/Lamine-Gueye,13,13,sn SEN,RW,22-219,90,0,1,0,0,0,0,0,0,47,2,1,0,0.0,0.0,1.0,5,1,23,33,69.7,3,33,3,6,3,https://fbref.com/en/players/9d5dcc23/Lamine-Gueye-Lamine Gueye,
5,Farid Boulaya,https://fbref.com/en/players/a0791826/Farid-Boulaya,10,10,dz ALG,AM,27-236,90,0,0,0,0,2,1,0,0,62,1,0,2,0.1,0.1,0.0,2,0,30,50,60.0,5,35,1,6,4,https://fbref.com/en/players/a0791826/Farid-Boulaya-Farid Boulaya,
6,Victorien Angban,https://fbref.com/en/players/d8992b84/Victorien-Angban,5,5,ci CIV,DM,24-019,90,0,0,0,0,1,0,0,0,71,3,2,3,0.0,0.0,0.0,1,0,56,64,87.5,5,45,1,3,3,https://fbref.com/en/players/d8992b84/Victorien-Angban-Victorien Angban,
7,Vincent Pajot,https://fbref.com/en/players/f86ca403/Vincent-Pajot,14,14,fr FRA,DM,30-060,90,0,0,0,0,0,0,1,0,104,8,6,2,0.0,0.0,0.0,1,1,77,85,90.6,6,54,0,0,0,https://fbref.com/en/players/f86ca403/Vincent-Pajot-Vincent Pajot,
8,Matthieu Udol,https://fbref.com/en/players/cc41f558/Matthieu-Udol,3,3,fr FRA,LB,24-212,90,0,0,0,0,1,1,1,0,73,4,2,2,0.0,0.0,0.0,0,0,48,57,84.2,1,27,2,1,0,https://fbref.com/en/players/cc41f558/Matthieu-Udol-Matthieu Udol,
9,John Boye,https://fbref.com/en/players/861227d2/John-Boye,21,21,gh GHA,CB,33-178,82,0,0,0,0,1,0,0,0,46,2,0,2,0.1,0.1,0.0,0,0,29,36,80.6,0,18,0,1,1,https://fbref.com/en/players/861227d2/John-Boye-John Boye,
10,Boubakar Kouyaté,https://fbref.com/en/players/562a4799/Boubakar-Kouyate,23,23,ml MLI,CB,23-186,8,0,0,0,0,0,0,0,0,4,0,0,0,0.0,0.0,0.0,0,0,4,4,100.0,0,3,0,0,0,https://fbref.com/en/players/562a4799/Boubakar-Kouyate-Boubakar Kouyaté,
11,Dylan Bronn,https://fbref.com/en/players/edd81e2a/Dylan-Bronn,2,2,tn TUN,CB,25-121,90,0,0,0,0,0,0,0,0,65,3,1,0,0.0,0.0,0.0,1,0,49,58,84.5,2,37,0,0,0,https://fbref.com/en/players/edd81e2a/Dylan-Bronn-Dylan Bronn,
12,Fabien Centonze,https://fbref.com/en/players/3c6bbbab/Fabien-Centonze,18,18,fr FRA,RB,24-276,90,0,0,0,0,0,0,0,0,75,4,4,3,0.0,0.0,0.0,0,0,43,56,76.8,4,28,3,1,1,https://fbref.com/en/players/3c6bbbab/Fabien-Centonze-Fabien Centonze,
13,Alexandre Oukidja,https://fbref.com/en/players/ae7d0ecd/Alexandre-Oukidja,16,16,dz ALG,GK,32-091,90,0,0,0,0,0,0,0,0,34,0,0,0,0.0,0.0,0.0,0,0,19,32,59.4,0,16,0,0,0,https://fbref.com/en/players/ae7d0ecd/Alexandre-Oukidja-Alexandre Oukidja,
