,Player Name,Player Number,Player,#,Nation,Pos,Age,Min,Touches,Def Pen,Def 3rd,Mid 3rd,Att 3rd,Att Pen,Live,Att,Succ,Succ%,Tkld,Tkld%,Carries,TotDist,PrgDist,PrgC,1/3,CPA,Mis,Dis,Rec,PrgR,Player Key,Player Link
0,Opa Nguette,https://fbref.com/en/players/75a63397/Opa-Nguette,11,11,sn SEN,FW,26-102,76,25,0,0,13,12,6,25,0,0,,0,,14,48,13,0,0,1,4,5,19,5,https://fbref.com/en/players/75a63397/Opa-Nguette-Opa Nguette,
1,Papa Ndiaga Yade,https://fbref.com/en/players/87e9c7cd/Papa-Ndiaga-Yade,26,26,mr MTN,FW,20-287,14,4,0,0,0,4,1,4,0,0,,0,,2,5,0,0,0,0,1,0,3,1,https://fbref.com/en/players/87e9c7cd/Papa-Ndiaga-Yade-Papa Ndiaga Yade,
2,Warren Tchimbembé,https://fbref.com/en/players/93b8f9f4/Warren-Tchimbembe,12,12,cg CGO,LW,22-180,70,47,1,13,31,3,0,47,1,1,100.0,0,0.0,25,110,81,2,0,0,0,0,38,0,https://fbref.com/en/players/93b8f9f4/Warren-Tchimbembe-Warren Tchimbembé,
3,Youssef Maziz,https://fbref.com/en/players/514270e8/Youssef-Maziz,22,22,fr FRA,LW,22-116,20,8,0,1,5,2,0,8,0,0,,0,,4,66,45,2,0,0,2,0,4,0,https://fbref.com/en/players/514270e8/Youssef-Maziz-Youssef Maziz,
4,Lamine Gueye,https://fbref.com/en/players/9d5dcc23/Lamine-Gueye,13,13,sn SEN,RW,22-219,90,47,2,4,20,24,3,47,6,3,50.0,3,50.0,33,258,78,3,4,2,4,4,39,9,https://fbref.com/en/players/9d5dcc23/Lamine-Gueye-Lamine Gueye,
5,Farid Boulaya,https://fbref.com/en/players/a0791826/Farid-Boulaya,10,10,dz ALG,AM,27-236,90,62,0,4,40,19,0,62,6,4,66.7,2,33.3,35,219,75,1,2,0,2,3,44,4,https://fbref.com/en/players/a0791826/Farid-Boulaya-Farid Boulaya,
6,Victorien Angban,https://fbref.com/en/players/d8992b84/Victorien-Angban,5,5,ci CIV,DM,24-019,90,71,3,12,54,7,0,71,3,3,100.0,0,0.0,45,220,106,1,1,1,1,2,49,5,https://fbref.com/en/players/d8992b84/Victorien-Angban-Victorien Angban,
7,Vincent Pajot,https://fbref.com/en/players/f86ca403/Vincent-Pajot,14,14,fr FRA,DM,30-060,90,104,7,36,66,3,2,104,0,0,,0,,54,187,77,0,0,0,1,0,69,0,https://fbref.com/en/players/f86ca403/Vincent-Pajot-Vincent Pajot,
8,Matthieu Udol,https://fbref.com/en/players/cc41f558/Matthieu-Udol,3,3,fr FRA,LB,24-212,90,73,2,23,36,14,0,73,1,0,0.0,1,100.0,27,127,53,2,0,0,2,0,34,5,https://fbref.com/en/players/cc41f558/Matthieu-Udol-Matthieu Udol,
9,John Boye,https://fbref.com/en/players/861227d2/John-Boye,21,21,gh GHA,CB,33-178,82,46,7,30,15,1,1,46,1,1,100.0,0,0.0,18,66,28,0,0,0,0,0,26,0,https://fbref.com/en/players/861227d2/John-Boye-John Boye,
10,Boubakar Kouyaté,https://fbref.com/en/players/562a4799/Boubakar-Kouyate,23,23,ml MLI,CB,23-186,8,4,0,1,3,0,0,4,0,0,,0,,3,5,2,0,0,0,0,0,3,0,https://fbref.com/en/players/562a4799/Boubakar-Kouyate-Boubakar Kouyaté,
11,Dylan Bronn,https://fbref.com/en/players/edd81e2a/Dylan-Bronn,2,2,tn TUN,CB,25-121,90,65,2,31,34,0,0,65,0,0,,0,,37,166,109,0,0,0,0,0,49,0,https://fbref.com/en/players/edd81e2a/Dylan-Bronn-Dylan Bronn,
12,Fabien Centonze,https://fbref.com/en/players/3c6bbbab/Fabien-Centonze,18,18,fr FRA,RB,24-276,90,75,9,29,28,18,1,75,1,1,100.0,0,0.0,28,127,63,3,1,1,2,2,35,5,https://fbref.com/en/players/3c6bbbab/Fabien-Centonze-Fabien Centonze,
13,Alexandre Oukidja,https://fbref.com/en/players/ae7d0ecd/Alexandre-Oukidja,16,16,dz ALG,GK,32-091,90,34,30,34,0,0,0,34,0,0,,0,,16,81,63,0,0,0,0,0,16,0,https://fbref.com/en/players/ae7d0ecd/Alexandre-Oukidja-Alexandre Oukidja,
