,Player Name,Player Number,Player,#,Nation,Pos,Age,Min,Att,Live,Dead,FK,TB,Sw,Crs,TI,CK,In,Out,Str,Cmp,Off,Blocks,Player Key,Player Link
0,Opa Nguette,https://fbref.com/en/players/75a63397/Opa-Nguette,11,11,sn SEN,FW,26-102,76,13,12,1,0,0,0,0,0,0,0,0,0,10,0,0,https://fbref.com/en/players/75a63397/Opa-Nguette-Opa Nguette,
1,Papa Ndiaga Yade,https://fbref.com/en/players/87e9c7cd/Papa-Ndiaga-Yade,26,26,mr MTN,FW,20-287,14,3,3,0,0,0,0,0,0,0,0,0,0,1,0,0,https://fbref.com/en/players/87e9c7cd/Papa-Ndiaga-Yade-Papa Ndiaga Yade,
2,Warren Tchimbembé,https://fbref.com/en/players/93b8f9f4/Warren-Tchimbembe,12,12,cg CGO,LW,22-180,70,45,45,0,0,0,0,0,0,0,0,0,0,39,0,0,https://fbref.com/en/players/93b8f9f4/Warren-Tchimbembe-Warren Tchimbembé,
3,Youssef Maziz,https://fbref.com/en/players/514270e8/Youssef-Maziz,22,22,fr FRA,LW,22-116,20,5,4,1,0,0,0,1,0,1,1,0,0,3,0,0,https://fbref.com/en/players/514270e8/Youssef-Maziz-Youssef Maziz,
4,Lamine Gueye,https://fbref.com/en/players/9d5dcc23/Lamine-Gueye,13,13,sn SEN,RW,22-219,90,33,31,2,0,0,0,3,1,1,0,1,0,23,0,1,https://fbref.com/en/players/9d5dcc23/Lamine-Gueye-Lamine Gueye,
5,Farid Boulaya,https://fbref.com/en/players/a0791826/Farid-Boulaya,10,10,dz ALG,AM,27-236,90,50,42,8,4,0,2,8,0,3,2,0,0,30,0,2,https://fbref.com/en/players/a0791826/Farid-Boulaya-Farid Boulaya,
6,Victorien Angban,https://fbref.com/en/players/d8992b84/Victorien-Angban,5,5,ci CIV,DM,24-019,90,64,61,2,2,0,0,0,0,0,0,0,0,56,1,0,https://fbref.com/en/players/d8992b84/Victorien-Angban-Victorien Angban,
7,Vincent Pajot,https://fbref.com/en/players/f86ca403/Vincent-Pajot,14,14,fr FRA,DM,30-060,90,85,81,4,4,0,2,0,0,0,0,0,0,77,0,1,https://fbref.com/en/players/f86ca403/Vincent-Pajot-Vincent Pajot,
8,Matthieu Udol,https://fbref.com/en/players/cc41f558/Matthieu-Udol,3,3,fr FRA,LB,24-212,90,57,43,14,1,0,0,3,13,0,0,0,0,48,0,0,https://fbref.com/en/players/cc41f558/Matthieu-Udol-Matthieu Udol,
9,John Boye,https://fbref.com/en/players/861227d2/John-Boye,21,21,gh GHA,CB,33-178,82,36,36,0,0,0,0,0,0,0,0,0,0,29,0,0,https://fbref.com/en/players/861227d2/John-Boye-John Boye,
10,Boubakar Kouyaté,https://fbref.com/en/players/562a4799/Boubakar-Kouyate,23,23,ml MLI,CB,23-186,8,4,4,0,0,0,0,0,0,0,0,0,0,4,0,0,https://fbref.com/en/players/562a4799/Boubakar-Kouyate-Boubakar Kouyaté,
11,Dylan Bronn,https://fbref.com/en/players/edd81e2a/Dylan-Bronn,2,2,tn TUN,CB,25-121,90,58,56,2,2,0,0,0,0,0,0,0,0,49,0,0,https://fbref.com/en/players/edd81e2a/Dylan-Bronn-Dylan Bronn,
12,Fabien Centonze,https://fbref.com/en/players/3c6bbbab/Fabien-Centonze,18,18,fr FRA,RB,24-276,90,56,44,12,1,0,0,2,11,0,0,0,0,43,0,0,https://fbref.com/en/players/3c6bbbab/Fabien-Centonze-Fabien Centonze,
13,Alexandre Oukidja,https://fbref.com/en/players/ae7d0ecd/Alexandre-Oukidja,16,16,dz ALG,GK,32-091,90,32,25,7,3,0,1,0,0,0,0,0,0,19,0,0,https://fbref.com/en/players/ae7d0ecd/Alexandre-Oukidja-Alexandre Oukidja,
