,Minute,Player,Squad,xG,PSxG,Outcome,Distance,Body Part,Notes,SCA 1 Player,SCA 1 Event,SCA 2 Player,SCA 2 Event
0,3,Farid Boulaya,Metz,0.05,,Blocked,27,Right Foot,Free kick,Lamine Gueye,Fouled,Lamine Gueye,Interception
1,7,Angelo Fulgini,Angers,0.07,,Off Target,29,Right Foot,Free kick,Lois Diony,Fouled,Thomas Mangani,Pass (Live)
2,22,Thomas Mangani,Angers,0.06,,Blocked,17,Right Foot,,Pierrick Capelle,Pass (Live),Angelo Fulgini,Pass (Live)
3,27,Victorien Angban,Metz,0.03,,Off Target,26,Left Foot,,Opa Nguette,Pass (Live),Warren Tchimbembé,Pass (Live)
4,29,John Boye,Metz,0.06,,Off Target,12,Head,,Lamine Gueye,Pass (Dead),,
5,32,Matthieu Udol,Metz,0.03,0.38,Saved,25,Right Foot,,Warren Tchimbembé,Pass (Live),Victorien Angban,Pass (Dead)
6,37,Angelo Fulgini,Angers,0.03,,Blocked,25,Right Foot,,,,,
7,38,Thomas Mangani(pen),Angers,0.79,0.96,Goal,13,Left Foot,,Sofiane Boufal,Fouled,Angelo Fulgini,Shot
8,39,Opa Nguette,Metz,0.83,0.98,Goal,3,Left Foot,,Lamine Gueye,Pass (Live),Vincent Pajot,Pass (Live)
9,43,Opa Nguette,Metz,0.10,,Off Target,11,Right Foot,Volley,Lamine Gueye,Pass (Live),Farid Boulaya,Pass (Live)
10,,,,,,,,,,,,,
11,54,Lois Diony,Angers,0.04,,Off Target,20,Right Foot,,Jimmy Cabot,Pass (Live),Vincent Manceau,Pass (Live)
12,67,Jimmy Cabot,Angers,0.08,0.39,Saved,8,Right Foot,,Jimmy Cabot,Take-On,Jimmy Cabot,Pass (Live)
13,79,Angelo Fulgini,Angers,0.04,,Blocked,17,Right Foot,Volley,,,,
14,90+2,Farid Boulaya,Metz,0.04,0.24,Saved,36,Right Foot,Free kick,Farid Boulaya,Fouled,Dylan Bronn,Pass (Live)
