season,injury,from,until,days,missed_games
23/24,depression,"Dec 15, 2023","Jan 15, 2024",31 days,5
23/24,Rest,"Nov 11, 2023","Nov 13, 2023",2 days,1
22/23,Ill,"Oct 20, 2022","Oct 24, 2022",4 days,1
21/22,Corona virus,"Nov 25, 2021","Dec 13, 2021",18 days,3
19/20,Internal ligament strain,"Aug 5, 2019","Sep 16, 2019",42 days,5
18/19,Shoulder injury,"May 9, 2019","May 20, 2019",11 days,2
16/17,Ill,"Nov 17, 2016","Nov 21, 2016",4 days,1
15/16,Knock,"Feb 22, 2016","Mar 10, 2016",17 days,2
13/14,Muscle tear,"Dec 2, 2013","Dec 30, 2013",28 days,1
