season,injury,from,until,days,missed_games
22/23,Calf injury,"Feb 12, 2023","Feb 20, 2023",8 days,2
20/21,unknown injury,"May 5, 2021","May 14, 2021",9 days,2
20/21,unknown injury,"Apr 19, 2021","Apr 28, 2021",9 days,2
20/21,Knock,"Apr 9, 2021","Apr 13, 2021",4 days,1
20/21,Muscle tear,"Dec 8, 2020","Feb 26, 2021",80 days,15
20/21,Muscle injury,"Oct 23, 2020","Oct 27, 2020",4 days,1
20/21,Muscle injury,"Jul 9, 2020","Jul 12, 2020",3 days,1
19/20,unknown injury,"Jul 3, 2020","Jul 7, 2020",4 days,1
19/20,Muscle injury,"Jun 17, 2020","Jun 24, 2020",7 days,2
19/20,Muscle injury,"Apr 9, 2020","Apr 13, 2020",4 days,-
19/20,Metatarsal bruise,"Feb 14, 2020","Jun 17, 2020",124 days,2
19/20,Knee medial ligament tear,"Sep 26, 2019","Jan 29, 2020",125 days,21
19/20,unknown injury,"Jul 24, 2019","Jul 31, 2019",7 days,1
17/18,Fitness,"Nov 13, 2017","Nov 24, 2017",11 days,1
17/18,Torn muscle fiber,"Sep 11, 2017","Nov 13, 2017",63 days,13
