,Player Name,Player Number,Player,#,Nation,Pos,Age,Min,Touches,Def Pen,Def 3rd,Mid 3rd,Att 3rd,Att Pen,Live,Att,Succ,Succ%,Tkld,Tkld%,Carries,TotDist,PrgDist,PrgC,1/3,CPA,Mis,Dis,Rec,PrgR,Player Key,Player Link
0,Duván Zapata,https://fbref.com/en/players/d3de9af0/Duvan-Zapata,91,91,co COL,FW,29-263,71,31,2,2,7,22,6,31,2,1,50.0,1,50.0,19,100,18,2,0,2,5,0,21,9,https://fbref.com/en/players/d3de9af0/Duvan-Zapata-Duván Zapata,
1,Luis Muriel,https://fbref.com/en/players/eb2fe5b6/Luis-Muriel,9,9,co COL,FW,29-248,19,10,0,1,1,9,3,10,1,1,100.0,0,0.0,6,38,21,1,0,1,0,1,9,3,https://fbref.com/en/players/eb2fe5b6/Luis-Muriel-Luis Muriel,
2,Matteo Pessina,https://fbref.com/en/players/780e3631/Matteo-Pessina,32,32,it ITA,AM,23-243,45,22,1,2,11,9,0,22,1,0,0.0,1,100.0,16,80,35,0,0,0,1,0,16,3,https://fbref.com/en/players/780e3631/Matteo-Pessina-Matteo Pessina,
3,Josip Iličić,https://fbref.com/en/players/68252d6d/Josip-Ilicic,72,72,si SVN,AM,32-326,45,36,0,4,18,14,3,36,6,3,50.0,3,50.0,26,181,111,3,0,1,1,1,27,1,https://fbref.com/en/players/68252d6d/Josip-Ilicic-Josip Iličić,
4,Ruslan Malinovskyi,https://fbref.com/en/players/48d5bd33/Ruslan-Malinovskyi,18,18,ua UKR,AM,27-230,80,44,0,2,14,29,5,44,6,3,50.0,3,50.0,37,167,71,2,2,1,7,4,38,7,https://fbref.com/en/players/48d5bd33/Ruslan-Malinovskyi-Ruslan Malinovskyi,
5,Aleksei Miranchuk,https://fbref.com/en/players/a9aa0d1d/Aleksei-Miranchuk,59,59,ru RUS,AM,25-064,10,10,0,2,1,7,0,10,0,0,,0,,7,19,3,0,0,0,1,0,8,2,https://fbref.com/en/players/a9aa0d1d/Aleksei-Miranchuk-Aleksei Miranchuk,
6,Remo Freuler,https://fbref.com/en/players/98d2c2c4/Remo-Freuler,11,11,ch SUI,CM,28-249,90,72,2,14,44,14,3,72,2,1,50.0,1,50.0,46,327,199,4,2,0,5,1,49,2,https://fbref.com/en/players/98d2c2c4/Remo-Freuler-Remo Freuler,
7,Marten de Roon,https://fbref.com/en/players/2a1beb34/Marten-de-Roon,15,15,nl NED,CM,29-266,90,94,1,27,53,14,0,94,0,0,,0,,61,206,120,1,0,0,1,0,63,0,https://fbref.com/en/players/2a1beb34/Marten-de-Roon-Marten de Roon,
8,Robin Gosens,https://fbref.com/en/players/2d970560/Robin-Gosens,8,8,de GER,WB,26-168,88,64,3,14,31,21,2,64,5,4,80.0,1,20.0,39,137,62,3,2,0,1,1,40,8,https://fbref.com/en/players/2d970560/Robin-Gosens-Robin Gosens,
9,Johan Mojica,https://fbref.com/en/players/608f2092/Johan-Mojica,26,26,co COL,WB,28-121,2,2,0,0,1,1,0,2,0,0,,0,,1,3,1,0,0,0,0,0,1,0,https://fbref.com/en/players/608f2092/Johan-Mojica-Johan Mojica,
10,Hans Hateboer,https://fbref.com/en/players/3b333ac3/Hans-Hateboer,33,33,nl NED,WB,26-346,90,61,2,18,22,21,1,61,0,0,,0,,41,143,90,1,0,0,2,0,40,3,https://fbref.com/en/players/3b333ac3/Hans-Hateboer-Hans Hateboer,
11,Berat Djimsiti,https://fbref.com/en/players/6eee05f1/Berat-Djimsiti,19,19,al ALB,CB,27-305,90,73,3,21,43,11,0,73,1,1,100.0,0,0.0,56,304,159,2,4,0,0,0,52,2,https://fbref.com/en/players/6eee05f1/Berat-Djimsiti-Berat Djimsiti,
12,Cristian Romero,https://fbref.com/en/players/a3d94a58/Cristian-Romero,17,17,ar ARG,CB,22-237,45,35,1,10,24,2,0,35,0,0,,0,,24,130,55,0,1,0,0,0,21,0,https://fbref.com/en/players/a3d94a58/Cristian-Romero-Cristian Romero,
13,José Luis Palomino,https://fbref.com/en/players/921f6058/Jose-Luis-Palomino,6,6,ar ARG,CB,30-350,45,40,4,28,12,0,0,40,0,0,,0,,26,144,65,0,0,0,0,0,26,0,https://fbref.com/en/players/921f6058/Jose-Luis-Palomino-José Luis Palomino,
14,Rafael Tolói,https://fbref.com/en/players/c56dc39e/Rafael-Toloi,2,2,it ITA,CB,30-071,90,92,6,35,44,14,0,92,1,0,0.0,1,100.0,66,239,143,3,2,0,1,0,66,6,https://fbref.com/en/players/c56dc39e/Rafael-Toloi-Rafael Tolói,
15,Pierluigi Gollini,https://fbref.com/en/players/f0f7f62f/Pierluigi-Gollini,95,95,it ITA,GK,25-277,90,23,15,23,0,0,0,23,0,0,,0,,11,36,21,0,0,0,0,0,11,0,https://fbref.com/en/players/f0f7f62f/Pierluigi-Gollini-Pierluigi Gollini,
