,Player Name,Player Number,Player,#,Nation,Pos,Age,Min,Gls,Ast,PK,PKatt,Sh,SoT,CrdY,CrdR,Touches,Tkl,Int,Blocks,xG,npxG,xAG,SCA,GCA,Cmp,Att,Cmp%,PrgP,Carries,PrgC,Att,Succ,Player Key,Player Link
0,Duván Zapata,https://fbref.com/en/players/d3de9af0/Duvan-Zapata,91,91,co COL,FW,29-263,71,1,0,0,0,1,1,0,0,31,1,1,1,0.1,0.1,0.1,5,1,10,17,58.8,2,19,2,2,1,https://fbref.com/en/players/d3de9af0/Duvan-Zapata-Duván Zapata,
1,Luis Muriel,https://fbref.com/en/players/eb2fe5b6/Luis-Muriel,9,9,co COL,FW,29-248,19,1,0,0,0,2,1,0,0,10,0,1,0,0.4,0.4,0.6,3,1,4,6,66.7,0,6,1,1,1,https://fbref.com/en/players/eb2fe5b6/Luis-Muriel-Luis Muriel,
2,Matteo Pessina,https://fbref.com/en/players/780e3631/Matteo-Pessina,32,32,it ITA,AM,23-243,45,0,0,0,0,0,0,0,0,22,0,0,1,0.0,0.0,0.0,0,0,10,13,76.9,3,16,0,1,0,https://fbref.com/en/players/780e3631/Matteo-Pessina-Matteo Pessina,
3,Josip Iličić,https://fbref.com/en/players/68252d6d/Josip-Ilicic,72,72,si SVN,AM,32-326,45,1,2,0,0,2,2,0,0,36,0,0,0,0.1,0.1,0.6,4,3,21,29,72.4,5,26,3,6,3,https://fbref.com/en/players/68252d6d/Josip-Ilicic-Josip Iličić,
4,Ruslan Malinovskyi,https://fbref.com/en/players/48d5bd33/Ruslan-Malinovskyi,18,18,ua UKR,AM,27-230,80,0,0,0,0,4,0,1,0,44,0,0,0,0.2,0.2,0.0,3,0,19,28,67.9,2,37,2,6,3,https://fbref.com/en/players/48d5bd33/Ruslan-Malinovskyi-Ruslan Malinovskyi,
5,Aleksei Miranchuk,https://fbref.com/en/players/a9aa0d1d/Aleksei-Miranchuk,59,59,ru RUS,AM,25-064,10,0,0,0,0,0,0,0,0,10,0,0,0,0.0,0.0,0.0,0,0,8,9,88.9,1,7,0,0,0,https://fbref.com/en/players/a9aa0d1d/Aleksei-Miranchuk-Aleksei Miranchuk,
6,Remo Freuler,https://fbref.com/en/players/98d2c2c4/Remo-Freuler,11,11,ch SUI,CM,28-249,90,0,0,0,0,1,0,0,0,72,2,1,0,0.5,0.5,0.1,2,1,57,61,93.4,5,46,4,2,1,https://fbref.com/en/players/98d2c2c4/Remo-Freuler-Remo Freuler,
7,Marten de Roon,https://fbref.com/en/players/2a1beb34/Marten-de-Roon,15,15,nl NED,CM,29-266,90,0,0,0,0,1,1,0,0,94,0,1,3,0.0,0.0,0.0,1,0,76,88,86.4,10,61,1,0,0,https://fbref.com/en/players/2a1beb34/Marten-de-Roon-Marten de Roon,
8,Robin Gosens,https://fbref.com/en/players/2d970560/Robin-Gosens,8,8,de GER,WB,26-168,88,1,0,0,0,3,2,0,0,64,1,1,5,0.5,0.5,0.0,3,0,42,51,82.4,4,39,3,5,4,https://fbref.com/en/players/2d970560/Robin-Gosens-Robin Gosens,
9,Johan Mojica,https://fbref.com/en/players/608f2092/Johan-Mojica,26,26,co COL,WB,28-121,2,0,0,0,0,0,0,0,0,2,0,0,0,0.0,0.0,0.0,0,0,2,2,100.0,0,1,0,0,0,https://fbref.com/en/players/608f2092/Johan-Mojica-Johan Mojica,
10,Hans Hateboer,https://fbref.com/en/players/3b333ac3/Hans-Hateboer,33,33,nl NED,WB,26-346,90,0,0,0,0,0,0,0,0,61,3,0,0,0.0,0.0,0.1,2,1,47,53,88.7,5,41,1,0,0,https://fbref.com/en/players/3b333ac3/Hans-Hateboer-Hans Hateboer,
11,Berat Djimsiti,https://fbref.com/en/players/6eee05f1/Berat-Djimsiti,19,19,al ALB,CB,27-305,90,0,0,0,0,0,0,0,0,73,0,0,0,0.0,0.0,0.0,1,0,56,68,82.4,5,56,2,1,1,https://fbref.com/en/players/6eee05f1/Berat-Djimsiti-Berat Djimsiti,
12,Cristian Romero,https://fbref.com/en/players/a3d94a58/Cristian-Romero,17,17,ar ARG,CB,22-237,45,0,0,0,0,0,0,1,0,35,2,0,1,0.0,0.0,0.0,1,0,27,31,87.1,2,24,0,0,0,https://fbref.com/en/players/a3d94a58/Cristian-Romero-Cristian Romero,
13,José Luis Palomino,https://fbref.com/en/players/921f6058/Jose-Luis-Palomino,6,6,ar ARG,CB,30-350,45,0,0,0,0,0,0,0,0,40,3,0,0,0.0,0.0,0.0,0,0,32,35,91.4,1,26,0,0,0,https://fbref.com/en/players/921f6058/Jose-Luis-Palomino-José Luis Palomino,
14,Rafael Tolói,https://fbref.com/en/players/c56dc39e/Rafael-Toloi,2,2,it ITA,CB,30-071,90,0,0,0,0,0,0,0,0,92,1,1,3,0.0,0.0,0.0,1,0,62,82,75.6,2,66,3,1,0,https://fbref.com/en/players/c56dc39e/Rafael-Toloi-Rafael Tolói,
15,Pierluigi Gollini,https://fbref.com/en/players/f0f7f62f/Pierluigi-Gollini,95,95,it ITA,GK,25-277,90,0,0,0,0,0,0,0,0,23,0,0,0,0.0,0.0,0.0,0,0,20,21,95.2,0,11,0,0,0,https://fbref.com/en/players/f0f7f62f/Pierluigi-Gollini-Pierluigi Gollini,
