,Player Name,Player Number,Player,#,Nation,Pos,Age,Min,Touches,Def Pen,Def 3rd,Mid 3rd,Att 3rd,Att Pen,Live,Att,Succ,Succ%,Tkld,Tkld%,Carries,TotDist,PrgDist,PrgC,1/3,CPA,Mis,Dis,Rec,PrgR,Player Key,Player Link
0,Edin Džeko,https://fbref.com/en/players/3bb7f478/Edin-Dzeko,9,9,ba BIH,FW,34-278,90,49,1,1,32,17,3,49,5,1,20.0,4,80.0,27,158,55,3,2,2,4,4,40,7,https://fbref.com/en/players/3bb7f478/Edin-Dzeko-Edin Džeko,
1,Henrikh Mkhitaryan,https://fbref.com/en/players/dd0daf32/Henrikh-Mkhitaryan,77,77,am ARM,AM,31-334,90,48,1,8,25,15,2,48,2,0,0.0,2,100.0,18,110,41,2,3,1,1,0,31,4,https://fbref.com/en/players/dd0daf32/Henrikh-Mkhitaryan-Henrikh Mkhitaryan,
2,Pedro,https://fbref.com/en/players/3ca7254a/Pedro,11,11,es ESP,AM,33-145,72,40,0,8,21,11,0,40,1,1,100.0,0,0.0,26,121,37,1,0,0,6,1,30,6,https://fbref.com/en/players/3ca7254a/Pedro-Pedro,
3,Bryan Cristante,https://fbref.com/en/players/16657b95/Bryan-Cristante,4,4,it ITA,CM,25-292,18,19,1,6,12,1,0,19,1,1,100.0,0,0.0,9,69,29,1,0,0,0,0,15,0,https://fbref.com/en/players/16657b95/Bryan-Cristante-Bryan Cristante,
4,Jordan Veretout,https://fbref.com/en/players/4a56052c/Jordan-Veretout,17,17,fr FRA,CM,27-294,80,68,1,22,38,8,0,68,0,0,,0,,30,161,78,0,0,0,1,0,35,1,https://fbref.com/en/players/4a56052c/Jordan-Veretout-Jordan Veretout,
5,Carles Pérez,https://fbref.com/en/players/a8f21b9f/Carles-Perez,31,31,es ESP,AM,22-308,10,10,0,1,4,5,0,10,0,0,,0,,4,12,0,0,0,0,1,0,7,2,https://fbref.com/en/players/a8f21b9f/Carles-Perez-Carles Pérez,
6,Lorenzo Pellegrini,https://fbref.com/en/players/4a5a45c7/Lorenzo-Pellegrini,7,7,it ITA,"CM,AM",24-184,80,47,4,18,22,9,3,47,0,0,,0,,20,120,67,1,1,0,5,0,31,1,https://fbref.com/en/players/4a5a45c7/Lorenzo-Pellegrini-Lorenzo Pellegrini,
7,Gonzalo Villar,https://fbref.com/en/players/bdc74a8f/Gonzalo-Villar,14,14,es ESP,"CM,AM",22-272,10,7,0,1,5,1,0,7,0,0,,0,,4,28,20,1,0,0,0,0,7,0,https://fbref.com/en/players/bdc74a8f/Gonzalo-Villar-Gonzalo Villar,
8,Leonardo Spinazzola,https://fbref.com/en/players/3626daea/Leonardo-Spinazzola,37,37,it ITA,WB,27-270,65,35,0,16,14,5,0,35,1,0,0.0,1,100.0,17,135,62,0,0,0,0,0,21,1,https://fbref.com/en/players/3626daea/Leonardo-Spinazzola-Leonardo Spinazzola,
9,Bruno Peres,https://fbref.com/en/players/852351df/Bruno-Peres,33,33,br BRA,WB,30-294,25,13,1,6,4,3,0,13,0,0,,0,,7,48,35,1,1,0,0,0,7,1,https://fbref.com/en/players/852351df/Bruno-Peres-Bruno Peres,
10,Rick Karsdorp,https://fbref.com/en/players/9f84febe/Rick-Karsdorp,2,2,nl NED,WB,25-313,90,58,3,20,28,12,1,58,1,0,0.0,1,100.0,32,212,62,1,0,0,0,0,40,2,https://fbref.com/en/players/9f84febe/Rick-Karsdorp-Rick Karsdorp,
11,Roger Ibanez,https://fbref.com/en/players/82efe6fa/Roger-Ibanez,3,3,br BRA,CB,22-027,90,62,9,33,28,2,0,62,1,1,100.0,0,0.0,27,165,75,1,1,0,2,0,34,0,https://fbref.com/en/players/82efe6fa/Roger-Ibanez-Roger Ibanez,
12,Chris Smalling,https://fbref.com/en/players/b6964eb6/Chris-Smalling,6,6,eng ENG,CB,31-028,90,46,5,31,14,1,1,46,0,0,,0,,13,51,15,0,0,0,0,0,21,0,https://fbref.com/en/players/b6964eb6/Chris-Smalling-Chris Smalling,
13,Gianluca Mancini,https://fbref.com/en/players/5aa53281/Gianluca-Mancini,23,23,it ITA,CB,24-247,90,76,10,46,26,4,1,76,2,2,100.0,0,0.0,44,270,118,1,1,0,0,0,54,2,https://fbref.com/en/players/5aa53281/Gianluca-Mancini-Gianluca Mancini,
14,Antonio Mirante,https://fbref.com/en/players/30223b33/Antonio-Mirante,83,83,it ITA,GK,37-165,90,35,34,35,0,0,0,35,0,0,,0,,21,105,76,0,0,0,0,0,12,0,https://fbref.com/en/players/30223b33/Antonio-Mirante-Antonio Mirante,
