,Player Name,Player Number,Player,#,Nation,Pos,Age,Min,Tkl,TklW,Def 3rd,Mid 3rd,Att 3rd,Tkl,Att,Tkl%,Lost,Blocks,Sh,Pass,Int,Tkl+Int,Clr,Err,Player Key,Player Link
0,Edin Džeko,https://fbref.com/en/players/3bb7f478/Edin-Dzeko,9,9,ba BIH,FW,34-278,90,0,0,0,0,0,0,0,,0,0,0,0,0,0,1,0,https://fbref.com/en/players/3bb7f478/Edin-Dzeko-Edin Džeko,
1,Henrikh Mkhitaryan,https://fbref.com/en/players/dd0daf32/Henrikh-Mkhitaryan,77,77,am ARM,AM,31-334,90,2,1,2,0,0,0,2,0.0,2,2,0,2,3,5,1,0,https://fbref.com/en/players/dd0daf32/Henrikh-Mkhitaryan-Henrikh Mkhitaryan,
2,Pedro,https://fbref.com/en/players/3ca7254a/Pedro,11,11,es ESP,AM,33-145,72,0,0,0,0,0,0,1,0.0,1,2,0,2,1,1,0,0,https://fbref.com/en/players/3ca7254a/Pedro-Pedro,
3,Bryan Cristante,https://fbref.com/en/players/16657b95/Bryan-Cristante,4,4,it ITA,CM,25-292,18,0,0,0,0,0,0,1,0.0,1,0,0,0,1,1,1,0,https://fbref.com/en/players/16657b95/Bryan-Cristante-Bryan Cristante,
4,Jordan Veretout,https://fbref.com/en/players/4a56052c/Jordan-Veretout,17,17,fr FRA,CM,27-294,80,6,4,3,3,0,6,8,75.0,2,0,0,0,0,6,2,1,https://fbref.com/en/players/4a56052c/Jordan-Veretout-Jordan Veretout,
5,Carles Pérez,https://fbref.com/en/players/a8f21b9f/Carles-Perez,31,31,es ESP,AM,22-308,10,0,0,0,0,0,0,1,0.0,1,1,0,1,1,1,0,0,https://fbref.com/en/players/a8f21b9f/Carles-Perez-Carles Pérez,
6,Lorenzo Pellegrini,https://fbref.com/en/players/4a5a45c7/Lorenzo-Pellegrini,7,7,it ITA,"CM,AM",24-184,80,2,0,1,0,1,1,3,33.3,2,0,0,0,0,2,3,0,https://fbref.com/en/players/4a5a45c7/Lorenzo-Pellegrini-Lorenzo Pellegrini,
7,Gonzalo Villar,https://fbref.com/en/players/bdc74a8f/Gonzalo-Villar,14,14,es ESP,"CM,AM",22-272,10,0,0,0,0,0,0,0,,0,0,0,0,0,0,0,0,https://fbref.com/en/players/bdc74a8f/Gonzalo-Villar-Gonzalo Villar,
8,Leonardo Spinazzola,https://fbref.com/en/players/3626daea/Leonardo-Spinazzola,37,37,it ITA,WB,27-270,65,0,0,0,0,0,0,0,,0,0,0,0,0,0,0,0,https://fbref.com/en/players/3626daea/Leonardo-Spinazzola-Leonardo Spinazzola,
9,Bruno Peres,https://fbref.com/en/players/852351df/Bruno-Peres,33,33,br BRA,WB,30-294,25,1,0,1,0,0,1,1,100.0,0,1,0,1,0,1,0,0,https://fbref.com/en/players/852351df/Bruno-Peres-Bruno Peres,
10,Rick Karsdorp,https://fbref.com/en/players/9f84febe/Rick-Karsdorp,2,2,nl NED,WB,25-313,90,1,1,0,0,1,1,3,33.3,2,0,0,0,2,3,1,0,https://fbref.com/en/players/9f84febe/Rick-Karsdorp-Rick Karsdorp,
11,Roger Ibanez,https://fbref.com/en/players/82efe6fa/Roger-Ibanez,3,3,br BRA,CB,22-027,90,1,0,0,1,0,0,2,0.0,2,6,4,2,5,6,7,0,https://fbref.com/en/players/82efe6fa/Roger-Ibanez-Roger Ibanez,
12,Chris Smalling,https://fbref.com/en/players/b6964eb6/Chris-Smalling,6,6,eng ENG,CB,31-028,90,2,0,0,1,1,0,1,0.0,1,3,2,1,4,6,5,0,https://fbref.com/en/players/b6964eb6/Chris-Smalling-Chris Smalling,
13,Gianluca Mancini,https://fbref.com/en/players/5aa53281/Gianluca-Mancini,23,23,it ITA,CB,24-247,90,4,1,4,0,0,2,2,100.0,0,1,0,1,1,5,4,0,https://fbref.com/en/players/5aa53281/Gianluca-Mancini-Gianluca Mancini,
14,Antonio Mirante,https://fbref.com/en/players/30223b33/Antonio-Mirante,83,83,it ITA,GK,37-165,90,0,0,0,0,0,0,0,,0,0,0,0,0,0,0,1,https://fbref.com/en/players/30223b33/Antonio-Mirante-Antonio Mirante,
