,Player Name,Player Number,Player,#,Nation,Pos,Age,Min,Gls,Ast,PK,PKatt,Sh,SoT,CrdY,CrdR,Touches,Tkl,Int,Blocks,xG,npxG,xAG,SCA,GCA,Cmp,Att,Cmp%,PrgP,Carries,PrgC,Att,Succ,Player Key,Player Link
0,Edin Džeko,https://fbref.com/en/players/3bb7f478/Edin-Dzeko,9,9,ba BIH,FW,34-278,90,1,0,0,0,1,1,0,0,49,0,0,0,0.4,0.4,0.2,2,0,23,33,69.7,1,27,3,5,1,https://fbref.com/en/players/3bb7f478/Edin-Dzeko-Edin Džeko,
1,Henrikh Mkhitaryan,https://fbref.com/en/players/dd0daf32/Henrikh-Mkhitaryan,77,77,am ARM,AM,31-334,90,0,1,0,0,0,0,0,0,48,2,3,2,0.0,0.0,0.4,1,1,27,38,71.1,3,18,2,2,0,https://fbref.com/en/players/dd0daf32/Henrikh-Mkhitaryan-Henrikh Mkhitaryan,
2,Pedro,https://fbref.com/en/players/3ca7254a/Pedro,11,11,es ESP,AM,33-145,72,0,0,0,0,1,0,0,0,40,0,1,2,0.0,0.0,0.0,2,0,24,29,82.8,0,26,1,1,1,https://fbref.com/en/players/3ca7254a/Pedro-Pedro,
3,Bryan Cristante,https://fbref.com/en/players/16657b95/Bryan-Cristante,4,4,it ITA,CM,25-292,18,0,0,0,0,0,0,0,0,19,0,1,0,0.0,0.0,0.0,0,0,14,17,82.4,1,9,1,1,1,https://fbref.com/en/players/16657b95/Bryan-Cristante-Bryan Cristante,
4,Jordan Veretout,https://fbref.com/en/players/4a56052c/Jordan-Veretout,17,17,fr FRA,CM,27-294,80,0,0,0,0,1,1,0,0,68,6,0,0,0.0,0.0,0.0,1,0,38,57,66.7,5,30,0,0,0,https://fbref.com/en/players/4a56052c/Jordan-Veretout-Jordan Veretout,
5,Carles Pérez,https://fbref.com/en/players/a8f21b9f/Carles-Perez,31,31,es ESP,AM,22-308,10,0,0,0,0,0,0,0,0,10,0,1,1,0.0,0.0,0.0,0,0,5,6,83.3,0,4,0,0,0,https://fbref.com/en/players/a8f21b9f/Carles-Perez-Carles Pérez,
6,Lorenzo Pellegrini,https://fbref.com/en/players/4a5a45c7/Lorenzo-Pellegrini,7,7,it ITA,"CM,AM",24-184,80,0,0,0,0,1,1,1,0,47,2,0,0,0.1,0.1,0.0,2,0,30,33,90.9,4,20,1,0,0,https://fbref.com/en/players/4a5a45c7/Lorenzo-Pellegrini-Lorenzo Pellegrini,
7,Gonzalo Villar,https://fbref.com/en/players/bdc74a8f/Gonzalo-Villar,14,14,es ESP,"CM,AM",22-272,10,0,0,0,0,0,0,0,0,7,0,0,0,0.0,0.0,0.0,0,0,6,7,85.7,0,4,1,0,0,https://fbref.com/en/players/bdc74a8f/Gonzalo-Villar-Gonzalo Villar,
8,Leonardo Spinazzola,https://fbref.com/en/players/3626daea/Leonardo-Spinazzola,37,37,it ITA,WB,27-270,65,0,0,0,0,1,0,0,0,35,0,0,0,0.2,0.2,0.0,0,0,22,31,71.0,0,17,0,1,0,https://fbref.com/en/players/3626daea/Leonardo-Spinazzola-Leonardo Spinazzola,
9,Bruno Peres,https://fbref.com/en/players/852351df/Bruno-Peres,33,33,br BRA,WB,30-294,25,0,0,0,0,0,0,0,0,13,1,0,1,0.0,0.0,0.0,0,0,10,11,90.9,1,7,1,0,0,https://fbref.com/en/players/852351df/Bruno-Peres-Bruno Peres,
10,Rick Karsdorp,https://fbref.com/en/players/9f84febe/Rick-Karsdorp,2,2,nl NED,WB,25-313,90,0,0,0,0,0,0,0,0,58,1,2,0,0.0,0.0,0.0,0,0,43,52,82.7,6,32,1,1,0,https://fbref.com/en/players/9f84febe/Rick-Karsdorp-Rick Karsdorp,
11,Roger Ibanez,https://fbref.com/en/players/82efe6fa/Roger-Ibanez,3,3,br BRA,CB,22-027,90,0,0,0,0,0,0,0,0,62,1,5,6,0.0,0.0,0.0,1,1,35,41,85.4,2,27,1,1,1,https://fbref.com/en/players/82efe6fa/Roger-Ibanez-Roger Ibanez,
12,Chris Smalling,https://fbref.com/en/players/b6964eb6/Chris-Smalling,6,6,eng ENG,CB,31-028,90,0,0,0,0,0,0,0,0,46,2,4,3,0.0,0.0,0.0,0,0,32,33,97.0,2,13,0,0,0,https://fbref.com/en/players/b6964eb6/Chris-Smalling-Chris Smalling,
13,Gianluca Mancini,https://fbref.com/en/players/5aa53281/Gianluca-Mancini,23,23,it ITA,CB,24-247,90,0,0,0,0,0,0,1,0,76,4,1,1,0.0,0.0,0.0,0,0,51,64,79.7,2,44,1,2,2,https://fbref.com/en/players/5aa53281/Gianluca-Mancini-Gianluca Mancini,
14,Antonio Mirante,https://fbref.com/en/players/30223b33/Antonio-Mirante,83,83,it ITA,GK,37-165,90,0,0,0,0,0,0,1,0,35,0,0,0,0.0,0.0,0.0,0,0,26,33,78.8,0,21,0,0,0,https://fbref.com/en/players/30223b33/Antonio-Mirante-Antonio Mirante,
