,Minute,Player,Squad,xG,PSxG,Outcome,Distance,Body Part,Notes,SCA 1 Player,SCA 1 Event,SCA 2 Player,SCA 2 Event
0,3,Edin Džeko,Roma,0.35,0.60,Goal,9,Left Foot,,Henrikh Mkhitaryan,Pass (Live),Roger Ibanez,Pass (Live)
1,9,Leonardo Spinazzola,Roma,0.20,,Woodwork,28,Left Foot,,Edin Džeko,Pass (Live),Lorenzo Pellegrini,Pass (Live)
2,32,Marten de Roon,Atalanta,0.03,0.04,Saved,23,Right Foot,Volley,Berat Djimsiti,Pass (Live),Remo Freuler,Pass (Live)
3,34,Ruslan Malinovskyi,Atalanta,0.04,,Blocked,21,Left Foot,,Duván Zapata,Pass (Live),Robin Gosens,Pass (Live)
4,37,Ruslan Malinovskyi,Atalanta,0.04,,Blocked,35,Left Foot,Free kick,Ruslan Malinovskyi,Fouled,Marten de Roon,Pass (Live)
5,41,Robin Gosens,Atalanta,0.03,,Blocked,28,Right Foot,,Duván Zapata,Pass (Live),Robin Gosens,Pass (Live)
6,42,Ruslan Malinovskyi,Atalanta,0.06,,Blocked,16,Left Foot,,Duván Zapata,Pass (Live),Cristian Romero,Pass (Live)
7,45+2,Lorenzo Pellegrini,Roma,0.12,0.22,Saved,21,Right Foot,Free kick,Edin Džeko,Fouled,Pedro,Pass (Live)
8,45+2,Pedro,Roma,0.03,,Off Target,22,Right Foot,Volley,Lorenzo Pellegrini,Shot,,
9,,,,,,,,,,,,,
10,48,Ruslan Malinovskyi,Atalanta,0.07,,Off Target,16,Left Foot,Volley,Hans Hateboer,Pass (Live),Duván Zapata,Pass (Live)
11,55,Jordan Veretout,Roma,0.02,0.12,Saved,30,Left Foot,,Pedro,Pass (Live),Jordan Veretout,Pass (Live)
12,59,Duván Zapata,Atalanta,0.07,0.51,Goal,15,Right Foot,,Josip Iličić,Pass (Live),Remo Freuler,Pass (Live)
13,70,Josip Iličić,Atalanta,0.03,0.05,Saved,19,Left Foot,,Josip Iličić,Pass (Live),Rafael Tolói,Pass (Live)
14,70,Robin Gosens,Atalanta,0.48,0.44,Goal,6,Head,,Josip Iličić,Pass (Live),Duván Zapata,Pass (Live)
15,72,Luis Muriel,Atalanta,0.38,0.58,Goal,11,Left Foot,,Luis Muriel,Interception,,
16,74,Luis Muriel,Atalanta,0.02,,Blocked,35,Right Foot,,Ruslan Malinovskyi,Pass (Live),Luis Muriel,Pass (Live)
17,77,Robin Gosens,Atalanta,0.03,0.13,Saved,27,Right Foot,Volley,Luis Muriel,Pass (Live),Robin Gosens,Pass (Live)
18,77,Remo Freuler,Atalanta,0.54,,Blocked,4,Right Foot,,Ruslan Malinovskyi,Pass (Live),,
19,85,Josip Iličić,Atalanta,0.06,0.30,Goal,14,Left Foot,,Josip Iličić,Take-On,Hans Hateboer,Pass (Live)
