,Player Name,Player Number,Player,#,Nation,Pos,Age,Min,Touches,Def Pen,Def 3rd,Mid 3rd,Att 3rd,Att Pen,Live,Att,Succ,Succ%,Tkld,Tkld%,Carries,TotDist,PrgDist,PrgC,1/3,CPA,Mis,Dis,Rec,PrgR,Player Key,Player Link
0,Duván Zapata,https://fbref.com/en/players/d3de9af0/Duvan-Zapata,91,91,co COL,FW,30-021,72,39,0,1,12,27,9,39,6,3,50.0,3,50.0,25,168,87,4,2,2,0,3,31,7,https://fbref.com/en/players/d3de9af0/Duvan-Zapata-Duván Zapata,
1,Rafael Tolói,https://fbref.com/en/players/c56dc39e/Rafael-Toloi,2,2,it ITA,FW,30-194,18,11,2,3,7,1,0,11,0,0,,0,,4,34,27,1,0,0,0,0,5,1,https://fbref.com/en/players/c56dc39e/Rafael-Toloi-Rafael Tolói,
2,Ruslan Malinovskyi,https://fbref.com/en/players/48d5bd33/Ruslan-Malinovskyi,18,18,ua UKR,AM,27-353,58,46,2,6,14,26,4,46,3,1,33.3,2,66.7,22,196,141,8,2,2,2,1,34,5,https://fbref.com/en/players/48d5bd33/Ruslan-Malinovskyi-Ruslan Malinovskyi,
3,Mario Pašalić,https://fbref.com/en/players/e599253a/Mario-Pasalic,88,88,hr CRO,AM,26-072,32,12,1,5,2,5,1,12,1,1,100.0,0,0.0,3,8,3,0,0,0,1,0,9,2,https://fbref.com/en/players/e599253a/Mario-Pasalic-Mario Pašalić,
4,Josip Iličić,https://fbref.com/en/players/68252d6d/Josip-Ilicic,72,72,si SVN,AM,33-083,58,36,0,2,11,23,2,36,2,2,100.0,0,0.0,22,70,24,0,0,0,1,1,29,4,https://fbref.com/en/players/68252d6d/Josip-Ilicic-Josip Iličić,
5,Luis Muriel,https://fbref.com/en/players/eb2fe5b6/Luis-Muriel,9,9,co COL,FW,30-006,32,17,0,1,6,11,3,17,2,1,50.0,1,50.0,10,35,2,0,0,0,1,2,13,4,https://fbref.com/en/players/eb2fe5b6/Luis-Muriel-Luis Muriel,
6,Remo Freuler,https://fbref.com/en/players/98d2c2c4/Remo-Freuler,11,11,ch SUI,CM,29-007,90,69,4,24,27,20,5,69,3,2,66.7,1,33.3,38,131,62,1,1,0,2,2,47,3,https://fbref.com/en/players/98d2c2c4/Remo-Freuler-Remo Freuler,
7,Marten de Roon,https://fbref.com/en/players/2a1beb34/Marten-de-Roon,15,15,nl NED,CM,30-024,90,44,4,20,18,7,0,44,0,0,,0,,18,40,13,0,2,0,0,0,17,2,https://fbref.com/en/players/2a1beb34/Marten-de-Roon-Marten de Roon,
8,Robin Gosens,https://fbref.com/en/players/2d970560/Robin-Gosens,8,8,de GER,WB,26-291,68,51,2,14,23,14,3,51,0,0,,0,,20,71,42,1,0,0,2,0,33,4,https://fbref.com/en/players/2d970560/Robin-Gosens-Robin Gosens,
9,Joakim Mæhle,https://fbref.com/en/players/c459a650/Joakim-Maehle,3,3,dk DEN,WB,23-337,90,53,1,14,15,25,4,53,3,2,66.7,1,33.3,21,99,56,1,0,1,5,0,29,6,https://fbref.com/en/players/c459a650/Joakim-Maehle-Joakim Mæhle,
10,Berat Djimsiti,https://fbref.com/en/players/6eee05f1/Berat-Djimsiti,19,19,al ALB,CB,28-062,90,50,10,33,12,5,1,50,1,1,100.0,0,0.0,18,72,36,0,1,0,1,1,25,1,https://fbref.com/en/players/6eee05f1/Berat-Djimsiti-Berat Djimsiti,
11,José Luis Palomino,https://fbref.com/en/players/921f6058/Jose-Luis-Palomino,6,6,ar ARG,CB,31-107,90,37,4,25,13,0,0,37,0,0,,0,,15,56,20,0,0,0,0,0,14,0,https://fbref.com/en/players/921f6058/Jose-Luis-Palomino-José Luis Palomino,
12,Cristian Romero,https://fbref.com/en/players/a3d94a58/Cristian-Romero,17,17,ar ARG,CB,22-360,90,53,9,32,16,6,3,53,2,1,50.0,1,50.0,18,93,66,2,1,0,4,0,18,0,https://fbref.com/en/players/a3d94a58/Cristian-Romero-Cristian Romero,
13,Pierluigi Gollini,https://fbref.com/en/players/f0f7f62f/Pierluigi-Gollini,95,95,it ITA,GK,26-035,90,38,34,38,0,0,0,38,0,0,,0,,18,120,57,0,0,0,0,0,13,0,https://fbref.com/en/players/f0f7f62f/Pierluigi-Gollini-Pierluigi Gollini,
