,Player Name,Player Number,Player,#,Nation,Pos,Age,Min,Gls,Ast,PK,PKatt,Sh,SoT,CrdY,CrdR,Touches,Tkl,Int,Blocks,xG,npxG,xAG,SCA,GCA,Cmp,Att,Cmp%,PrgP,Carries,PrgC,Att,Succ,Player Key,Player Link
0,Duván Zapata,https://fbref.com/en/players/d3de9af0/Duvan-Zapata,91,91,co COL,FW,30-021,72,0,0,0,0,4,3,0,0,39,0,1,1,0.4,0.4,0.6,5,1,22,26,84.6,1,25,4,6,3,https://fbref.com/en/players/d3de9af0/Duvan-Zapata-Duván Zapata,
1,Rafael Tolói,https://fbref.com/en/players/c56dc39e/Rafael-Toloi,2,2,it ITA,FW,30-194,18,0,0,0,0,0,0,0,0,11,0,0,0,0.0,0.0,0.0,2,0,5,9,55.6,3,4,1,0,0,https://fbref.com/en/players/c56dc39e/Rafael-Toloi-Rafael Tolói,
2,Ruslan Malinovskyi,https://fbref.com/en/players/48d5bd33/Ruslan-Malinovskyi,18,18,ua UKR,AM,27-353,58,1,0,0,0,4,2,0,0,46,0,0,0,0.5,0.5,0.4,6,0,21,34,61.8,7,22,8,3,1,https://fbref.com/en/players/48d5bd33/Ruslan-Malinovskyi-Ruslan Malinovskyi,
3,Mario Pašalić,https://fbref.com/en/players/e599253a/Mario-Pasalic,88,88,hr CRO,AM,26-072,32,0,0,0,0,1,1,0,0,12,1,0,0,0.1,0.1,0.0,2,0,6,8,75.0,1,3,0,1,1,https://fbref.com/en/players/e599253a/Mario-Pasalic-Mario Pašalić,
4,Josip Iličić,https://fbref.com/en/players/68252d6d/Josip-Ilicic,72,72,si SVN,AM,33-083,58,0,0,0,0,1,1,0,0,36,0,0,2,0.1,0.1,0.1,7,0,19,29,65.5,4,22,0,2,2,https://fbref.com/en/players/68252d6d/Josip-Ilicic-Josip Iličić,
5,Luis Muriel,https://fbref.com/en/players/eb2fe5b6/Luis-Muriel,9,9,co COL,FW,30-006,32,0,0,0,0,5,0,0,0,17,1,0,0,0.6,0.6,0.0,2,0,7,7,100.0,2,10,0,2,1,https://fbref.com/en/players/eb2fe5b6/Luis-Muriel-Luis Muriel,
6,Remo Freuler,https://fbref.com/en/players/98d2c2c4/Remo-Freuler,11,11,ch SUI,CM,29-007,90,0,0,0,0,2,1,0,0,69,3,2,0,0.2,0.2,0.0,5,0,46,58,79.3,5,38,1,3,2,https://fbref.com/en/players/98d2c2c4/Remo-Freuler-Remo Freuler,
7,Marten de Roon,https://fbref.com/en/players/2a1beb34/Marten-de-Roon,15,15,nl NED,CM,30-024,90,0,0,0,0,0,0,0,0,44,1,3,1,0.0,0.0,0.1,2,0,28,34,82.4,2,18,0,0,0,https://fbref.com/en/players/2a1beb34/Marten-de-Roon-Marten de Roon,
8,Robin Gosens,https://fbref.com/en/players/2d970560/Robin-Gosens,8,8,de GER,WB,26-291,68,0,1,0,0,1,0,2,1,51,0,1,0,0.1,0.1,0.3,1,1,34,42,81.0,3,20,1,0,0,https://fbref.com/en/players/2d970560/Robin-Gosens-Robin Gosens,
9,Joakim Mæhle,https://fbref.com/en/players/c459a650/Joakim-Maehle,3,3,dk DEN,WB,23-337,90,0,0,0,0,1,0,0,0,53,3,0,1,0.0,0.0,0.2,4,0,27,39,69.2,2,21,1,3,2,https://fbref.com/en/players/c459a650/Joakim-Maehle-Joakim Mæhle,
10,Berat Djimsiti,https://fbref.com/en/players/6eee05f1/Berat-Djimsiti,19,19,al ALB,CB,28-062,90,0,0,0,0,0,0,0,0,50,2,1,2,0.0,0.0,0.0,2,0,33,39,84.6,4,18,0,1,1,https://fbref.com/en/players/6eee05f1/Berat-Djimsiti-Berat Djimsiti,
11,José Luis Palomino,https://fbref.com/en/players/921f6058/Jose-Luis-Palomino,6,6,ar ARG,CB,31-107,90,0,0,0,0,1,0,0,0,37,3,3,1,0.0,0.0,0.0,0,0,22,28,78.6,4,15,0,0,0,https://fbref.com/en/players/921f6058/Jose-Luis-Palomino-José Luis Palomino,
12,Cristian Romero,https://fbref.com/en/players/a3d94a58/Cristian-Romero,17,17,ar ARG,CB,22-360,90,0,0,0,0,2,0,0,0,53,3,5,2,0.1,0.1,0.0,0,0,24,26,92.3,1,18,2,2,1,https://fbref.com/en/players/a3d94a58/Cristian-Romero-Cristian Romero,
13,Pierluigi Gollini,https://fbref.com/en/players/f0f7f62f/Pierluigi-Gollini,95,95,it ITA,GK,26-035,90,0,0,0,0,0,0,0,0,38,0,0,0,0.0,0.0,0.0,0,0,25,34,73.5,0,18,0,0,0,https://fbref.com/en/players/f0f7f62f/Pierluigi-Gollini-Pierluigi Gollini,
