,Player Name,Player Number,Player,#,Nation,Pos,Age,Min,CrdY,CrdR,2CrdY,Fls,Fld,Off,Crs,Int,TklW,PKwon,PKcon,OG,Recov,Won,Lost,Won%,Player Key,Player Link
0,Duván Zapata,https://fbref.com/en/players/d3de9af0/Duvan-Zapata,91,91,co COL,FW,30-021,72,0,0,0,0,4,1,1,1,0,0,0,0,3,0,5,0.0,https://fbref.com/en/players/d3de9af0/Duvan-Zapata-Duván Zapata,
1,Rafael Tolói,https://fbref.com/en/players/c56dc39e/Rafael-Toloi,2,2,it ITA,FW,30-194,18,0,0,0,0,0,0,0,0,0,0,0,0,1,1,0,100.0,https://fbref.com/en/players/c56dc39e/Rafael-Toloi-Rafael Tolói,
2,Ruslan Malinovskyi,https://fbref.com/en/players/48d5bd33/Ruslan-Malinovskyi,18,18,ua UKR,AM,27-353,58,0,0,0,0,1,0,4,0,0,0,0,0,2,1,2,33.3,https://fbref.com/en/players/48d5bd33/Ruslan-Malinovskyi-Ruslan Malinovskyi,
3,Mario Pašalić,https://fbref.com/en/players/e599253a/Mario-Pasalic,88,88,hr CRO,AM,26-072,32,0,0,0,0,0,0,0,0,0,0,0,0,2,0,2,0.0,https://fbref.com/en/players/e599253a/Mario-Pasalic-Mario Pašalić,
4,Josip Iličić,https://fbref.com/en/players/68252d6d/Josip-Ilicic,72,72,si SVN,AM,33-083,58,0,0,0,1,3,0,2,0,0,0,0,0,1,0,2,0.0,https://fbref.com/en/players/68252d6d/Josip-Ilicic-Josip Iličić,
5,Luis Muriel,https://fbref.com/en/players/eb2fe5b6/Luis-Muriel,9,9,co COL,FW,30-006,32,0,0,0,0,1,0,1,0,0,0,0,0,1,0,3,0.0,https://fbref.com/en/players/eb2fe5b6/Luis-Muriel-Luis Muriel,
6,Remo Freuler,https://fbref.com/en/players/98d2c2c4/Remo-Freuler,11,11,ch SUI,CM,29-007,90,0,0,0,3,4,0,1,2,1,0,0,0,14,0,0,,https://fbref.com/en/players/98d2c2c4/Remo-Freuler-Remo Freuler,
7,Marten de Roon,https://fbref.com/en/players/2a1beb34/Marten-de-Roon,15,15,nl NED,CM,30-024,90,0,0,0,0,1,0,0,3,0,0,0,0,9,2,1,66.7,https://fbref.com/en/players/2a1beb34/Marten-de-Roon-Marten de Roon,
8,Robin Gosens,https://fbref.com/en/players/2d970560/Robin-Gosens,8,8,de GER,WB,26-291,68,2,1,1,1,1,0,1,1,0,0,0,0,5,0,1,0.0,https://fbref.com/en/players/2d970560/Robin-Gosens-Robin Gosens,
9,Joakim Mæhle,https://fbref.com/en/players/c459a650/Joakim-Maehle,3,3,dk DEN,WB,23-337,90,0,0,0,1,0,0,3,0,2,0,0,0,5,0,2,0.0,https://fbref.com/en/players/c459a650/Joakim-Maehle-Joakim Mæhle,
10,Berat Djimsiti,https://fbref.com/en/players/6eee05f1/Berat-Djimsiti,19,19,al ALB,CB,28-062,90,0,0,0,0,0,0,0,1,1,0,0,0,6,4,1,80.0,https://fbref.com/en/players/6eee05f1/Berat-Djimsiti-Berat Djimsiti,
11,José Luis Palomino,https://fbref.com/en/players/921f6058/Jose-Luis-Palomino,6,6,ar ARG,CB,31-107,90,0,0,0,1,0,0,0,3,2,0,0,0,9,2,1,66.7,https://fbref.com/en/players/921f6058/Jose-Luis-Palomino-José Luis Palomino,
12,Cristian Romero,https://fbref.com/en/players/a3d94a58/Cristian-Romero,17,17,ar ARG,CB,22-360,90,0,0,0,0,0,0,0,5,0,0,0,0,5,3,1,75.0,https://fbref.com/en/players/a3d94a58/Cristian-Romero-Cristian Romero,
13,Pierluigi Gollini,https://fbref.com/en/players/f0f7f62f/Pierluigi-Gollini,95,95,it ITA,GK,26-035,90,0,0,0,0,0,0,0,0,0,0,0,0,3,1,0,100.0,https://fbref.com/en/players/f0f7f62f/Pierluigi-Gollini-Pierluigi Gollini,
