,Player Name,Player Number,Player,#,Nation,Pos,Age,Min,Att,Live,Dead,FK,TB,Sw,Crs,TI,CK,In,Out,Str,Cmp,Off,Blocks,Player Key,Player Link
0,Edin Džeko,https://fbref.com/en/players/3bb7f478/Edin-Dzeko,9,9,ba BIH,FW,35-036,90,30,28,2,0,0,1,3,0,0,0,0,0,19,0,0,https://fbref.com/en/players/3bb7f478/Edin-Dzeko-Edin Džeko,
1,Henrikh Mkhitaryan,https://fbref.com/en/players/dd0daf32/Henrikh-Mkhitaryan,77,77,am ARM,AM,32-091,85,31,31,0,0,1,0,1,0,0,0,0,0,19,0,3,https://fbref.com/en/players/dd0daf32/Henrikh-Mkhitaryan-Henrikh Mkhitaryan,
2,Borja Mayoral,https://fbref.com/en/players/64e8ed6d/Borja-Mayoral,21,21,es ESP,LM,24-017,5,3,2,1,0,0,0,0,1,0,0,0,0,3,0,0,https://fbref.com/en/players/64e8ed6d/Borja-Mayoral-Borja Mayoral,
3,Lorenzo Pellegrini,https://fbref.com/en/players/4a5a45c7/Lorenzo-Pellegrini,7,7,it ITA,"AM,CM,LM",24-307,90,53,46,7,2,0,0,6,1,4,2,2,0,36,0,0,https://fbref.com/en/players/4a5a45c7/Lorenzo-Pellegrini-Lorenzo Pellegrini,
4,Jordan Veretout,https://fbref.com/en/players/4a56052c/Jordan-Veretout,17,17,fr FRA,"LM,CM,RM",28-052,90,54,52,2,0,1,0,1,2,0,0,0,0,46,0,0,https://fbref.com/en/players/4a56052c/Jordan-Veretout-Jordan Veretout,
5,Bryan Cristante,https://fbref.com/en/players/16657b95/Bryan-Cristante,4,4,it ITA,"CM,DM",26-050,90,73,72,1,1,0,0,1,0,0,0,0,0,59,0,0,https://fbref.com/en/players/16657b95/Bryan-Cristante-Bryan Cristante,
6,Gonzalo Villar,https://fbref.com/en/players/bdc74a8f/Gonzalo-Villar,14,14,es ESP,RM,23-030,75,45,44,1,1,0,0,0,0,0,0,0,0,41,0,0,https://fbref.com/en/players/bdc74a8f/Gonzalo-Villar-Gonzalo Villar,
7,Carles Pérez,https://fbref.com/en/players/a8f21b9f/Carles-Perez,31,31,es ESP,"RM,AM",23-065,15,7,7,0,0,0,0,0,0,0,0,0,0,7,0,0,https://fbref.com/en/players/a8f21b9f/Carles-Perez-Carles Pérez,
8,Riccardo Calafiori,https://fbref.com/en/players/aded8e6f/Riccardo-Calafiori,61,61,it ITA,LB,18-338,45,36,29,7,1,0,0,0,6,0,0,0,0,27,0,3,https://fbref.com/en/players/aded8e6f/Riccardo-Calafiori-Riccardo Calafiori,
9,Bruno Peres,https://fbref.com/en/players/852351df/Bruno-Peres,33,33,br BRA,LB,31-052,45,32,31,1,0,0,2,1,1,0,0,0,0,27,0,0,https://fbref.com/en/players/852351df/Bruno-Peres-Bruno Peres,
10,Roger Ibanez,https://fbref.com/en/players/82efe6fa/Roger-Ibanez,3,3,br BRA,CB,22-150,89,50,49,1,1,0,0,0,0,0,0,0,0,41,0,0,https://fbref.com/en/players/82efe6fa/Roger-Ibanez-Roger Ibanez,
11,Gianluca Mancini,https://fbref.com/en/players/5aa53281/Gianluca-Mancini,23,23,it ITA,CB,25-005,90,64,64,0,0,0,1,1,0,0,0,0,0,56,0,0,https://fbref.com/en/players/5aa53281/Gianluca-Mancini-Gianluca Mancini,
12,Rick Karsdorp,https://fbref.com/en/players/9f84febe/Rick-Karsdorp,2,2,nl NED,RB,26-070,90,67,63,4,0,0,0,1,4,0,0,0,0,57,0,1,https://fbref.com/en/players/9f84febe/Rick-Karsdorp-Rick Karsdorp,
13,Pau López,https://fbref.com/en/players/20b9f052/Pau-Lopez,13,13,es ESP,GK,26-130,90,57,42,15,1,0,0,0,0,0,0,0,0,46,0,0,https://fbref.com/en/players/20b9f052/Pau-Lopez-Pau López,
