,Player Name,Player Number,Player,#,Nation,Pos,Age,Min,Touches,Def Pen,Def 3rd,Mid 3rd,Att 3rd,Att Pen,Live,Att,Succ,Succ%,Tkld,Tkld%,Carries,TotDist,PrgDist,PrgC,1/3,CPA,Mis,Dis,Rec,PrgR,Player Key,Player Link
0,Edin Džeko,https://fbref.com/en/players/3bb7f478/Edin-Dzeko,9,9,ba BIH,FW,35-036,90,42,0,0,13,29,7,42,4,1,25.0,3,75.0,20,139,55,4,1,3,1,2,33,17,https://fbref.com/en/players/3bb7f478/Edin-Dzeko-Edin Džeko,
1,Henrikh Mkhitaryan,https://fbref.com/en/players/dd0daf32/Henrikh-Mkhitaryan,77,77,am ARM,AM,32-091,85,46,1,7,24,15,4,46,4,2,50.0,2,50.0,19,182,76,2,2,1,2,2,32,3,https://fbref.com/en/players/dd0daf32/Henrikh-Mkhitaryan-Henrikh Mkhitaryan,
2,Borja Mayoral,https://fbref.com/en/players/64e8ed6d/Borja-Mayoral,21,21,es ESP,LM,24-017,5,4,0,0,0,4,0,4,0,0,,0,,2,5,0,0,0,0,0,0,3,0,https://fbref.com/en/players/64e8ed6d/Borja-Mayoral-Borja Mayoral,
3,Lorenzo Pellegrini,https://fbref.com/en/players/4a5a45c7/Lorenzo-Pellegrini,7,7,it ITA,"AM,CM,LM",24-307,90,65,0,12,34,20,3,65,3,1,33.3,2,66.7,36,198,62,2,0,0,3,1,43,6,https://fbref.com/en/players/4a5a45c7/Lorenzo-Pellegrini-Lorenzo Pellegrini,
4,Jordan Veretout,https://fbref.com/en/players/4a56052c/Jordan-Veretout,17,17,fr FRA,"LM,CM,RM",28-052,90,57,2,11,33,13,1,57,0,0,,0,,34,192,99,3,2,1,0,0,46,3,https://fbref.com/en/players/4a56052c/Jordan-Veretout-Jordan Veretout,
5,Bryan Cristante,https://fbref.com/en/players/16657b95/Bryan-Cristante,4,4,it ITA,"CM,DM",26-050,90,82,3,25,53,5,0,82,2,2,100.0,0,0.0,49,278,109,2,1,0,1,0,58,0,https://fbref.com/en/players/16657b95/Bryan-Cristante-Bryan Cristante,
6,Gonzalo Villar,https://fbref.com/en/players/bdc74a8f/Gonzalo-Villar,14,14,es ESP,RM,23-030,75,53,2,25,21,8,1,53,1,0,0.0,1,100.0,22,64,36,0,0,0,1,0,39,2,https://fbref.com/en/players/bdc74a8f/Gonzalo-Villar-Gonzalo Villar,
7,Carles Pérez,https://fbref.com/en/players/a8f21b9f/Carles-Perez,31,31,es ESP,"RM,AM",23-065,15,11,0,0,4,7,0,11,1,1,100.0,0,0.0,6,45,14,1,1,0,0,0,7,1,https://fbref.com/en/players/a8f21b9f/Carles-Perez-Carles Pérez,
8,Riccardo Calafiori,https://fbref.com/en/players/aded8e6f/Riccardo-Calafiori,61,61,it ITA,LB,18-338,45,41,2,20,15,7,0,41,0,0,,0,,18,105,72,1,0,0,0,1,22,1,https://fbref.com/en/players/aded8e6f/Riccardo-Calafiori-Riccardo Calafiori,
9,Bruno Peres,https://fbref.com/en/players/852351df/Bruno-Peres,33,33,br BRA,LB,31-052,45,33,1,8,14,11,1,33,1,0,0.0,1,100.0,30,256,215,5,4,1,0,0,26,0,https://fbref.com/en/players/852351df/Bruno-Peres-Bruno Peres,
10,Roger Ibanez,https://fbref.com/en/players/82efe6fa/Roger-Ibanez,3,3,br BRA,CB,22-150,89,59,7,30,32,0,0,59,1,1,100.0,0,0.0,29,165,89,0,0,0,0,1,32,0,https://fbref.com/en/players/82efe6fa/Roger-Ibanez-Roger Ibanez,
11,Gianluca Mancini,https://fbref.com/en/players/5aa53281/Gianluca-Mancini,23,23,it ITA,CB,25-005,90,78,15,47,27,4,1,78,1,1,100.0,0,0.0,34,212,124,1,0,0,0,1,50,0,https://fbref.com/en/players/5aa53281/Gianluca-Mancini-Gianluca Mancini,
12,Rick Karsdorp,https://fbref.com/en/players/9f84febe/Rick-Karsdorp,2,2,nl NED,RB,26-070,90,75,3,28,35,14,0,75,1,1,100.0,0,0.0,44,234,115,2,2,0,1,0,54,2,https://fbref.com/en/players/9f84febe/Rick-Karsdorp-Rick Karsdorp,
13,Pau López,https://fbref.com/en/players/20b9f052/Pau-Lopez,13,13,es ESP,GK,26-130,90,61,57,61,0,0,0,61,0,0,,0,,37,123,48,0,0,0,0,0,33,0,https://fbref.com/en/players/20b9f052/Pau-Lopez-Pau López,
