,Minute,Player,Squad,xG,PSxG,Outcome,Distance,Body Part,Notes,SCA 1 Player,SCA 1 Event,SCA 2 Player,SCA 2 Event
0,9,Ruslan Malinovskyi,Atalanta,0.04,0.08,Saved,15,Left Foot,,Remo Freuler,Pass (Dead),Duván Zapata,Fouled
1,14,Duván Zapata,Atalanta,0.09,0.07,Saved,5,Right Foot,,Joakim Mæhle,Pass (Live),Joakim Mæhle,Take-On
2,15,Lorenzo Pellegrini,Roma,0.04,,Blocked,17,Right Foot,Volley,,,,
3,15,Duván Zapata,Atalanta,0.05,,Off Target,14,Left Foot,,Marten de Roon,Pass (Live),Ruslan Malinovskyi,Pass (Live)
4,17,Edin Džeko,Roma,0.05,,Off Target,14,Left Foot,,Gianluca Mancini,Pass (Live),Roger Ibanez,Pass (Live)
5,20,Duván Zapata,Atalanta,0.24,0.17,Saved,13,Right Foot,,Ruslan Malinovskyi,Pass (Live),Josip Iličić,Pass (Live)
6,22,Josip Iličić,Atalanta,0.10,0.15,Saved,15,Right Foot,,Ruslan Malinovskyi,Pass (Live),Josip Iličić,Pass (Live)
7,24,Cristian Romero,Atalanta,0.04,,Off Target,10,Head,,Ruslan Malinovskyi,Pass (Dead),,
8,26,Ruslan Malinovskyi,Atalanta,0.32,0.52,Goal,9,Left Foot,,Robin Gosens,Pass (Live),Duván Zapata,Pass (Live)
9,32,Duván Zapata,Atalanta,0.04,0.06,Saved,19,Right Foot,Deflected,Berat Djimsiti,Pass (Live),,
10,34,Remo Freuler,Atalanta,0.10,0.13,Saved,11,Right Foot,,Duván Zapata,Pass (Live),,
11,35,Joakim Mæhle,Atalanta,0.03,,Off Target,23,Right Foot,Volley,Remo Freuler,Shot,,
12,40,Ruslan Malinovskyi,Atalanta,0.07,,Off Target,16,Left Foot,Volley,Duván Zapata,Pass (Live),Joakim Mæhle,Pass (Live)
13,,,,,,,,,,,,,
14,49,Ruslan Malinovskyi,Atalanta,0.09,,Blocked,27,Left Foot,Free kick,Ruslan Malinovskyi,Fouled,Josip Iličić,Pass (Live)
15,54,Robin Gosens,Atalanta,0.08,,Blocked,17,Left Foot,,Josip Iličić,Pass (Live),Josip Iličić,Take-On
16,55,Remo Freuler,Atalanta,0.07,,Off Target,9,Right Foot,,Remo Freuler,Take-On,Josip Iličić,Pass (Dead)
17,55,Cristian Romero,Atalanta,0.07,,Off Target,16,Left Foot,,Ruslan Malinovskyi,Pass (Live),Josip Iličić,Pass (Live)
18,57,Jordan Veretout,Roma,0.13,,Off Target,22,Right Foot,Free kick,Henrikh Mkhitaryan,Fouled,,
19,60,Mario Pašalić,Atalanta,0.07,0.03,Saved,14,Right Foot,Deflected,Joakim Mæhle,Pass (Live),Luis Muriel,Pass (Live)
20,61,Henrikh Mkhitaryan,Roma,0.06,,Off Target,22,Left Foot,,Henrikh Mkhitaryan,Take-On,Edin Džeko,Pass (Live)
21,64,Luis Muriel,Atalanta,0.40,,Off Target,9,Right Foot,,Duván Zapata,Pass (Live),Berat Djimsiti,Pass (Live)
22,70,Gianluca Mancini,Roma,0.06,,Off Target,13,Head,,Lorenzo Pellegrini,Pass (Dead),Jordan Veretout,Fouled
23,72,Edin Džeko,Roma,0.06,,Off Target,14,Left Foot,,Rick Karsdorp,Pass (Live),Bryan Cristante,Pass (Live)
24,74,Luis Muriel,Atalanta,0.04,,Off Target,27,Left Foot,,Luis Muriel,Take-On,Rafael Tolói,Pass (Dead)
25,75,Bryan Cristante,Roma,0.02,0.43,Goal,32,Right Foot,,Roger Ibanez,Pass (Live),Bryan Cristante,Pass (Live)
26,81,Edin Džeko,Roma,0.33,0.20,Saved,14,Right Foot,,Lorenzo Pellegrini,Pass (Live),Jordan Veretout,Pass (Live)
27,81,Edin Džeko,Roma,0.05,,Blocked,17,Right Foot,,Edin Džeko,Shot,,
28,82,Carles Pérez,Roma,0.02,,Off Target,32,Left Foot,Volley,Edin Džeko,Shot,,
29,84,Luis Muriel,Atalanta,0.05,,Off Target,18,Right Foot,,Marten de Roon,Pass (Live),Rafael Tolói,Pass (Live)
30,84,José Luis Palomino,Atalanta,0.01,,Off Target,74,Left Foot,,,,,
31,85,Edin Džeko,Roma,0.04,,Off Target,22,Left Foot,,Bryan Cristante,Pass (Live),Carles Pérez,Pass (Live)
32,88,Edin Džeko,Roma,0.24,,Off Target,11,Head,,Rick Karsdorp,Pass (Live),Bryan Cristante,Pass (Live)
33,89,Borja Mayoral,Roma,0.05,,Blocked,29,Right Foot,,Edin Džeko,Pass (Live),Borja Mayoral,Pass (Live)
34,90+1,Luis Muriel,Atalanta,0.05,,Off Target,18,Right Foot,,Mario Pašalić,Pass (Live),Remo Freuler,Pass (Live)
35,90+3,Carles Pérez,Roma,0.05,0.22,Saved,23,Left Foot,,Edin Džeko,Pass (Live),Jordan Veretout,Pass (Live)
36,90+6,Luis Muriel,Atalanta,0.07,,Off Target,29,Right Foot,Free kick,Remo Freuler,Fouled,Mario Pašalić,Pass (Live)
