,Player Name,Player Number,Player,#,Nation,Pos,Age,Min,Gls,Ast,PK,PKatt,Sh,SoT,CrdY,CrdR,Fls,Fld,Off,Crs,TklW,Int,OG,PKwon,PKcon,Player Key,Player Link
0,Aaron Leya Iseka,https://fbref.com/en/players/29ef0f49/Aaron-Leya-Iseka,9,9,be BEL,FW,23-142,60,0,0,0,0,3,2,0,0,0,0,1,0,0,0,0,,,https://fbref.com/en/players/29ef0f49/Aaron-Leya-Iseka-Aaron Leya Iseka,
1,Thierry Ambrose,https://fbref.com/en/players/2945f4b7/Thierry-Ambrose,12,12,gp GLP,"FW,MF",24-009,60,0,0,0,0,0,0,0,0,0,0,0,1,0,0,0,,,https://fbref.com/en/players/2945f4b7/Thierry-Ambrose-Thierry Ambrose,
2,Vagner Gonçalves,https://fbref.com/en/players/743fd71f/Vagner-Goncalves,7,7,cv CPV,LM,25-086,60,0,0,0,0,0,0,0,0,1,0,0,0,1,0,0,,,https://fbref.com/en/players/743fd71f/Vagner-Goncalves-Vagner Gonçalves,
3,Papa Ndiaga Yade,https://fbref.com/en/players/87e9c7cd/Papa-Ndiaga-Yade,19,19,mr MTN,MF,21-091,60,0,0,0,0,1,0,0,0,1,0,0,0,0,0,0,,,https://fbref.com/en/players/87e9c7cd/Papa-Ndiaga-Yade-Papa Ndiaga Yade,
4,Farid Boulaya,https://fbref.com/en/players/a0791826/Farid-Boulaya,10,10,dz ALG,CM,28-040,59,0,0,0,0,0,0,0,0,0,2,0,3,0,0,0,,,https://fbref.com/en/players/a0791826/Farid-Boulaya-Farid Boulaya,
5,Pape Matar Sarr,https://fbref.com/en/players/feb5d972/Pape-Matar-Sarr,15,15,sn SEN,MF,18-204,61,0,0,0,0,1,0,0,0,1,0,0,2,1,0,0,,,https://fbref.com/en/players/feb5d972/Pape-Matar-Sarr-Pape Matar Sarr,
6,Victorien Angban,https://fbref.com/en/players/d8992b84/Victorien-Angban,5,5,ci CIV,CM,24-189,120,0,0,0,0,0,0,1,0,2,0,0,0,0,0,0,,,https://fbref.com/en/players/d8992b84/Victorien-Angban-Victorien Angban,
7,Habib Maïga,https://fbref.com/en/players/e768de1f/Habib-Maiga,8,8,ci CIV,RM,25-095,120,0,0,0,0,1,0,0,0,0,1,0,0,1,0,0,,,https://fbref.com/en/players/e768de1f/Habib-Maiga-Habib Maïga,
8,Thomas Delaine,https://fbref.com/en/players/8332db56/Thomas-Delaine,11,11,fr FRA,LB,29-013,120,0,0,0,0,1,1,0,0,1,3,0,11,0,3,0,,,https://fbref.com/en/players/8332db56/Thomas-Delaine-Thomas Delaine,
9,Mamadou Fofana,https://fbref.com/en/players/4c4ffacc/Mamadou-Fofana,6,6,ml MLI,CB,23-075,120,0,0,0,0,0,0,0,0,0,1,0,0,3,0,0,,,https://fbref.com/en/players/4c4ffacc/Mamadou-Fofana-Mamadou Fofana,
10,Boubakar Kouyaté,https://fbref.com/en/players/562a4799/Boubakar-Kouyate,4,4,ml MLI,CB,23-356,120,0,0,0,0,0,0,0,0,1,0,0,0,1,5,0,,,https://fbref.com/en/players/562a4799/Boubakar-Kouyate-Boubakar Kouyaté,
11,Dylan Bronn,https://fbref.com/en/players/edd81e2a/Dylan-Bronn,2,2,tn TUN,CB,25-291,120,0,0,0,0,0,0,0,0,2,0,0,0,2,1,0,,,https://fbref.com/en/players/edd81e2a/Dylan-Bronn-Dylan Bronn,
12,Fabien Centonze,https://fbref.com/en/players/3c6bbbab/Fabien-Centonze,3,3,fr FRA,RB,25-080,120,0,0,0,0,1,0,0,0,0,1,0,6,1,3,0,,,https://fbref.com/en/players/3c6bbbab/Fabien-Centonze-Fabien Centonze,
13,Alexandre Oukidja,https://fbref.com/en/players/ae7d0ecd/Alexandre-Oukidja,1,1,dz ALG,GK,32-261,120,0,0,0,0,0,0,0,0,0,1,0,0,0,0,0,,,https://fbref.com/en/players/ae7d0ecd/Alexandre-Oukidja-Alexandre Oukidja,
