,Player Name,Player Number,Player,#,Nation,Pos,Age,Min,Gls,Ast,PK,PKatt,Sh,SoT,CrdY,CrdR,Fls,Fld,Off,Crs,TklW,Int,OG,PKwon,PKcon,Player Key,Player Link
0,Wissam Ben Yedder,https://fbref.com/en/players/942b4f90/Wissam-Ben-Yedder,9,9,fr FRA,FW,30-237,120,0,0,0,0,1,1,0,0,0,1,1,0,0,1,0,,,https://fbref.com/en/players/942b4f90/Wissam-Ben-Yedder-Wissam Ben Yedder,
1,Gelson Martins,https://fbref.com/en/players/3ef0fa48/Gelson-Martins,11,11,pt POR,AM,25-330,58,0,0,0,0,3,2,0,0,0,0,0,0,0,0,0,,,https://fbref.com/en/players/3ef0fa48/Gelson-Martins-Gelson Martins,
2,Cesc Fàbregas,https://fbref.com/en/players/33508c78/Cesc-Fabregas,14,14,es ESP,"FW,MF",33-337,62,0,0,0,0,0,0,0,0,1,2,0,9,1,0,0,,,https://fbref.com/en/players/33508c78/Cesc-Fabregas-Cesc Fàbregas,
3,Kevin Volland,https://fbref.com/en/players/64f69877/Kevin-Volland,10,10,de GER,AM,28-250,120,0,0,0,0,2,2,0,0,1,0,1,0,1,0,0,,,https://fbref.com/en/players/64f69877/Kevin-Volland-Kevin Volland,
4,Krépin Diatta,https://fbref.com/en/players/8104e41e/Krepin-Diatta,7,7,sn SEN,AM,22-040,67,0,0,0,0,0,0,0,0,1,1,0,1,0,1,0,,,https://fbref.com/en/players/8104e41e/Krepin-Diatta-Krépin Diatta,
5,Stevan Jovetić,https://fbref.com/en/players/f36c432f/Stevan-Jovetic,20,20,me MNE,"FW,MF",31-155,53,0,0,0,0,3,0,0,0,0,1,0,0,0,0,0,,,https://fbref.com/en/players/f36c432f/Stevan-Jovetic-Stevan Jovetić,
6,Eliot Matazo,https://fbref.com/en/players/15944afd/Eliot-Matazo,6,6,be BEL,DM,19-050,78,0,0,0,0,0,0,0,0,0,1,0,0,1,1,0,,,https://fbref.com/en/players/15944afd/Eliot-Matazo-Eliot Matazo,
7,Aurélien Tchouaméni,https://fbref.com/en/players/4f255115/Aurelien-Tchouameni,15,15,fr FRA,MF,21-069,42,0,0,0,0,3,0,0,0,0,0,0,1,0,0,0,,,https://fbref.com/en/players/4f255115/Aurelien-Tchouameni-Aurélien Tchouaméni,
8,Youssouf Fofana,https://fbref.com/en/players/822d51d7/Youssouf-Fofana,8,8,fr FRA,DM,22-086,120,0,0,0,0,1,1,0,0,4,1,0,1,1,2,0,,,https://fbref.com/en/players/822d51d7/Youssouf-Fofana-Youssouf Fofana,
9,Fodé Ballo-Touré,https://fbref.com/en/players/f449640d/Fode-Ballo-Toure,2,2,sn SEN,LB,24-093,67,0,0,0,0,0,0,0,0,0,0,0,4,1,3,0,,,https://fbref.com/en/players/f449640d/Fode-Ballo-Toure-Fodé Ballo-Touré,
10,Caio Henrique Oliveira Silva,https://fbref.com/en/players/30af8b93/Caio-Henrique-Oliveira-Silva,12,12,br BRA,"DF,MF",23-249,53,0,0,0,0,0,0,0,0,1,0,0,3,0,0,0,,,https://fbref.com/en/players/30af8b93/Caio-Henrique-Oliveira-Silva-Caio Henrique Oliveira Silva,
11,Benoît Badiashile,https://fbref.com/en/players/06df8256/Benoit-Badiashile,5,5,fr FRA,CB,20-011,45,0,0,0,0,1,0,0,0,0,0,0,0,0,0,0,,,https://fbref.com/en/players/06df8256/Benoit-Badiashile-Benoît Badiashile,
12,Axel Disasi,https://fbref.com/en/players/ad82197c/Axel-Disasi,16,16,fr FRA,DF,23-026,75,0,0,0,0,0,0,0,0,0,0,0,0,0,0,0,,,https://fbref.com/en/players/ad82197c/Axel-Disasi-Axel Disasi,
13,Guillermo Maripán,https://fbref.com/en/players/d9764034/Guillermo-Maripan,3,3,cl CHI,CB,26-335,120,0,0,0,0,3,0,0,0,1,0,0,0,0,2,0,,,https://fbref.com/en/players/d9764034/Guillermo-Maripan-Guillermo Maripán,
14,Djibril Sidibé,https://fbref.com/en/players/4c5b714f/Djibril-Sidibe,4,4,fr FRA,RB,28-251,120,0,0,0,0,0,0,0,0,1,2,0,9,6,0,0,,,https://fbref.com/en/players/4c5b714f/Djibril-Sidibe-Djibril Sidibé,
15,Radosław Majecki,https://fbref.com/en/players/20de219a/Radoslaw-Majecki,1,1,pl POL,GK,21-141,120,0,0,0,0,0,0,0,0,0,0,0,0,0,0,0,,,https://fbref.com/en/players/20de219a/Radoslaw-Majecki-Radosław Majecki,
