,Player Name,Player Number,Player,#,Nation,Pos,Age,Min,Att,Live,Dead,FK,TB,Sw,Crs,TI,CK,In,Out,Str,Cmp,Off,Blocks,Player Key,Player Link
0,Duván Zapata,https://fbref.com/en/players/d3de9af0/Duvan-Zapata,91,91,co COL,FW,30-041,88,34,33,1,0,0,0,3,0,0,0,0,0,26,0,0,https://fbref.com/en/players/d3de9af0/Duvan-Zapata-Duván Zapata,
1,Sam Lammers,https://fbref.com/en/players/c283ddef/Sam-Lammers,7,7,nl NED,FW,24-012,2,5,5,0,0,0,0,0,0,0,0,0,0,5,0,0,https://fbref.com/en/players/c283ddef/Sam-Lammers-Sam Lammers,
2,Luis Muriel,https://fbref.com/en/players/eb2fe5b6/Luis-Muriel,9,9,co COL,LW,30-026,66,46,45,1,0,0,3,4,0,1,0,1,0,33,0,2,https://fbref.com/en/players/eb2fe5b6/Luis-Muriel-Luis Muriel,
3,Aleksei Miranchuk,https://fbref.com/en/players/a9aa0d1d/Aleksei-Miranchuk,59,59,ru RUS,LW,25-207,24,20,18,2,0,0,0,1,0,2,1,0,0,16,0,0,https://fbref.com/en/players/a9aa0d1d/Aleksei-Miranchuk-Aleksei Miranchuk,
4,Ruslan Malinovskyi,https://fbref.com/en/players/48d5bd33/Ruslan-Malinovskyi,18,18,ua UKR,RW,28-008,58,55,51,4,1,1,1,4,0,3,0,3,0,47,0,0,https://fbref.com/en/players/48d5bd33/Ruslan-Malinovskyi-Ruslan Malinovskyi,
5,Josip Iličić,https://fbref.com/en/players/68252d6d/Josip-Ilicic,72,72,si SVN,RW,33-103,32,23,21,2,1,0,2,1,0,1,0,1,0,20,0,0,https://fbref.com/en/players/68252d6d/Josip-Ilicic-Josip Iličić,
6,Matteo Pessina,https://fbref.com/en/players/780e3631/Matteo-Pessina,32,32,it ITA,AM,24-021,58,41,41,0,0,0,0,1,0,0,0,0,0,36,0,0,https://fbref.com/en/players/780e3631/Matteo-Pessina-Matteo Pessina,
7,Mario Pašalić,https://fbref.com/en/players/e599253a/Mario-Pasalic,88,88,hr CRO,AM,26-092,32,15,15,0,0,0,0,0,0,0,0,0,0,12,0,0,https://fbref.com/en/players/e599253a/Mario-Pasalic-Mario Pašalić,
8,Remo Freuler,https://fbref.com/en/players/98d2c2c4/Remo-Freuler,11,11,ch SUI,DM,29-027,90,117,116,1,1,0,0,1,0,0,0,0,0,109,0,0,https://fbref.com/en/players/98d2c2c4/Remo-Freuler-Remo Freuler,
9,Marten de Roon,https://fbref.com/en/players/2a1beb34/Marten-de-Roon,15,15,nl NED,DM,30-044,90,88,88,0,0,0,1,0,0,0,0,0,0,80,0,0,https://fbref.com/en/players/2a1beb34/Marten-de-Roon-Marten de Roon,
10,Robin Gosens,https://fbref.com/en/players/2d970560/Robin-Gosens,8,8,de GER,LB,26-311,58,72,67,5,1,0,0,2,4,0,0,0,0,62,0,0,https://fbref.com/en/players/2d970560/Robin-Gosens-Robin Gosens,
11,Berat Djimsiti,https://fbref.com/en/players/6eee05f1/Berat-Djimsiti,19,19,al ALB,LB,28-082,32,29,26,3,0,0,0,0,3,0,0,0,0,26,0,0,https://fbref.com/en/players/6eee05f1/Berat-Djimsiti-Berat Djimsiti,
12,José Luis Palomino,https://fbref.com/en/players/921f6058/Jose-Luis-Palomino,6,6,ar ARG,CB,31-127,90,49,46,3,2,0,0,0,1,0,0,0,0,44,0,0,https://fbref.com/en/players/921f6058/Jose-Luis-Palomino-José Luis Palomino,
13,Cristian Romero,https://fbref.com/en/players/a3d94a58/Cristian-Romero,17,17,ar ARG,CB,23-015,90,57,54,3,3,0,1,0,0,0,0,0,0,53,0,0,https://fbref.com/en/players/a3d94a58/Cristian-Romero-Cristian Romero,
14,Hans Hateboer,https://fbref.com/en/players/3b333ac3/Hans-Hateboer,33,33,nl NED,RB,27-123,90,70,63,7,2,0,0,1,5,0,0,0,0,65,0,0,https://fbref.com/en/players/3b333ac3/Hans-Hateboer-Hans Hateboer,
15,Pierluigi Gollini,https://fbref.com/en/players/f0f7f62f/Pierluigi-Gollini,95,95,it ITA,GK,26-055,90,24,20,4,1,0,0,0,0,0,0,0,0,21,0,0,https://fbref.com/en/players/f0f7f62f/Pierluigi-Gollini-Pierluigi Gollini,
