,Player Name,Player Number,Player,#,Nation,Pos,Age,Min,Touches,Def Pen,Def 3rd,Mid 3rd,Att 3rd,Att Pen,Live,Att,Succ,Succ%,Tkld,Tkld%,Carries,TotDist,PrgDist,PrgC,1/3,CPA,Mis,Dis,Rec,PrgR,Player Key,Player Link
0,Duván Zapata,https://fbref.com/en/players/d3de9af0/Duvan-Zapata,91,91,co COL,FW,30-041,88,50,2,3,9,39,9,50,3,0,0.0,3,100.0,40,156,45,2,1,2,4,3,42,18,https://fbref.com/en/players/d3de9af0/Duvan-Zapata-Duván Zapata,
1,Sam Lammers,https://fbref.com/en/players/c283ddef/Sam-Lammers,7,7,nl NED,FW,24-012,2,8,0,0,2,6,4,8,2,1,50.0,1,50.0,8,19,4,0,0,0,0,0,7,1,https://fbref.com/en/players/c283ddef/Sam-Lammers-Sam Lammers,
2,Luis Muriel,https://fbref.com/en/players/eb2fe5b6/Luis-Muriel,9,9,co COL,LW,30-026,66,56,0,1,13,42,6,56,6,3,50.0,3,50.0,48,321,162,6,5,3,0,2,48,17,https://fbref.com/en/players/eb2fe5b6/Luis-Muriel-Luis Muriel,
3,Aleksei Miranchuk,https://fbref.com/en/players/a9aa0d1d/Aleksei-Miranchuk,59,59,ru RUS,LW,25-207,24,23,0,1,3,19,2,23,2,2,100.0,0,0.0,18,106,55,3,4,0,0,0,17,4,https://fbref.com/en/players/a9aa0d1d/Aleksei-Miranchuk-Aleksei Miranchuk,
4,Ruslan Malinovskyi,https://fbref.com/en/players/48d5bd33/Ruslan-Malinovskyi,18,18,ua UKR,RW,28-008,58,64,0,1,15,48,0,64,5,3,60.0,2,40.0,54,237,77,2,3,1,2,2,56,9,https://fbref.com/en/players/48d5bd33/Ruslan-Malinovskyi-Ruslan Malinovskyi,
5,Josip Iličić,https://fbref.com/en/players/68252d6d/Josip-Ilicic,72,72,si SVN,RW,33-103,32,31,0,1,14,16,1,31,1,0,0.0,1,100.0,28,183,65,2,1,1,3,0,28,2,https://fbref.com/en/players/68252d6d/Josip-Ilicic-Josip Iličić,
6,Matteo Pessina,https://fbref.com/en/players/780e3631/Matteo-Pessina,32,32,it ITA,AM,24-021,58,49,0,0,28,21,1,49,1,0,0.0,1,100.0,43,150,38,0,0,0,0,1,44,10,https://fbref.com/en/players/780e3631/Matteo-Pessina-Matteo Pessina,
7,Mario Pašalić,https://fbref.com/en/players/e599253a/Mario-Pasalic,88,88,hr CRO,AM,26-092,32,17,2,3,7,7,2,17,0,0,,0,,12,83,37,1,0,1,0,0,10,4,https://fbref.com/en/players/e599253a/Mario-Pasalic-Mario Pašalić,
8,Remo Freuler,https://fbref.com/en/players/98d2c2c4/Remo-Freuler,11,11,ch SUI,DM,29-027,90,120,0,13,87,21,0,120,2,2,100.0,0,0.0,99,498,271,3,2,0,1,2,96,0,https://fbref.com/en/players/98d2c2c4/Remo-Freuler-Remo Freuler,
9,Marten de Roon,https://fbref.com/en/players/2a1beb34/Marten-de-Roon,15,15,nl NED,DM,30-044,90,98,4,22,51,25,1,98,1,1,100.0,0,0.0,71,315,141,2,5,0,0,0,76,1,https://fbref.com/en/players/2a1beb34/Marten-de-Roon-Marten de Roon,
10,Robin Gosens,https://fbref.com/en/players/2d970560/Robin-Gosens,8,8,de GER,LB,26-311,58,76,2,14,31,31,3,76,0,0,,0,,57,269,200,3,3,1,0,0,63,7,https://fbref.com/en/players/2d970560/Robin-Gosens-Robin Gosens,
11,Berat Djimsiti,https://fbref.com/en/players/6eee05f1/Berat-Djimsiti,19,19,al ALB,LB,28-082,32,35,2,8,14,13,2,35,0,0,,0,,24,77,48,1,0,0,1,0,26,3,https://fbref.com/en/players/6eee05f1/Berat-Djimsiti-Berat Djimsiti,
12,José Luis Palomino,https://fbref.com/en/players/921f6058/Jose-Luis-Palomino,6,6,ar ARG,CB,31-127,90,57,6,36,21,1,0,57,0,0,,0,,29,117,65,0,0,0,0,0,29,0,https://fbref.com/en/players/921f6058/Jose-Luis-Palomino-José Luis Palomino,
13,Cristian Romero,https://fbref.com/en/players/a3d94a58/Cristian-Romero,17,17,ar ARG,CB,23-015,90,62,4,32,26,6,0,62,0,0,,0,,42,189,98,1,4,0,0,0,38,0,https://fbref.com/en/players/a3d94a58/Cristian-Romero-Cristian Romero,
14,Hans Hateboer,https://fbref.com/en/players/3b333ac3/Hans-Hateboer,33,33,nl NED,RB,27-123,90,79,4,17,33,31,2,79,1,0,0.0,1,100.0,57,247,115,4,4,1,1,0,56,7,https://fbref.com/en/players/3b333ac3/Hans-Hateboer-Hans Hateboer,
15,Pierluigi Gollini,https://fbref.com/en/players/f0f7f62f/Pierluigi-Gollini,95,95,it ITA,GK,26-055,90,24,23,24,0,0,0,24,0,0,,0,,17,71,28,0,0,0,0,0,16,0,https://fbref.com/en/players/f0f7f62f/Pierluigi-Gollini-Pierluigi Gollini,
