,Player Name,Player Number,Player,#,Nation,Pos,Age,Min,Gls,Ast,PK,PKatt,Sh,SoT,CrdY,CrdR,Touches,Tkl,Int,Blocks,xG,npxG,xAG,SCA,GCA,Cmp,Att,Cmp%,PrgP,Carries,PrgC,Att,Succ,Player Key,Player Link
0,Duván Zapata,https://fbref.com/en/players/d3de9af0/Duvan-Zapata,91,91,co COL,FW,30-041,88,0,1,0,0,3,0,0,0,50,0,0,1,0.2,0.2,0.4,1,1,26,34,76.5,0,40,2,3,0,https://fbref.com/en/players/d3de9af0/Duvan-Zapata-Duván Zapata,
1,Sam Lammers,https://fbref.com/en/players/c283ddef/Sam-Lammers,7,7,nl NED,FW,24-012,2,0,0,0,0,1,0,0,0,8,0,0,0,0.1,0.1,0.0,2,0,5,5,100.0,1,8,0,2,1,https://fbref.com/en/players/c283ddef/Sam-Lammers-Sam Lammers,
2,Luis Muriel,https://fbref.com/en/players/eb2fe5b6/Luis-Muriel,9,9,co COL,LW,30-026,66,1,0,0,0,3,2,0,0,56,1,0,0,0.5,0.5,0.1,3,1,33,46,71.7,4,48,6,6,3,https://fbref.com/en/players/eb2fe5b6/Luis-Muriel-Luis Muriel,
3,Aleksei Miranchuk,https://fbref.com/en/players/a9aa0d1d/Aleksei-Miranchuk,59,59,ru RUS,LW,25-207,24,0,0,0,0,1,0,0,0,23,1,0,0,0.1,0.1,0.1,4,1,16,20,80.0,2,18,3,2,2,https://fbref.com/en/players/a9aa0d1d/Aleksei-Miranchuk-Aleksei Miranchuk,
4,Ruslan Malinovskyi,https://fbref.com/en/players/48d5bd33/Ruslan-Malinovskyi,18,18,ua UKR,RW,28-008,58,0,1,0,0,0,0,0,0,64,0,0,1,0.0,0.0,0.4,4,1,47,55,85.5,9,54,2,5,3,https://fbref.com/en/players/48d5bd33/Ruslan-Malinovskyi-Ruslan Malinovskyi,
5,Josip Iličić,https://fbref.com/en/players/68252d6d/Josip-Ilicic,72,72,si SVN,RW,33-103,32,0,0,0,0,1,1,1,0,31,1,0,1,0.0,0.0,0.0,0,0,20,23,87.0,3,28,2,1,0,https://fbref.com/en/players/68252d6d/Josip-Ilicic-Josip Iličić,
6,Matteo Pessina,https://fbref.com/en/players/780e3631/Matteo-Pessina,32,32,it ITA,AM,24-021,58,0,0,0,0,1,0,0,0,49,1,0,1,0.1,0.1,0.1,1,0,36,41,87.8,4,43,0,1,0,https://fbref.com/en/players/780e3631/Matteo-Pessina-Matteo Pessina,
7,Mario Pašalić,https://fbref.com/en/players/e599253a/Mario-Pasalic,88,88,hr CRO,AM,26-092,32,1,0,0,0,1,1,0,0,17,1,0,0,0.4,0.4,0.0,1,0,12,15,80.0,0,12,1,0,0,https://fbref.com/en/players/e599253a/Mario-Pasalic-Mario Pašalić,
8,Remo Freuler,https://fbref.com/en/players/98d2c2c4/Remo-Freuler,11,11,ch SUI,DM,29-027,90,0,0,0,0,0,0,0,0,120,1,0,0,0.0,0.0,0.0,3,0,109,117,93.2,15,99,3,2,2,https://fbref.com/en/players/98d2c2c4/Remo-Freuler-Remo Freuler,
9,Marten de Roon,https://fbref.com/en/players/2a1beb34/Marten-de-Roon,15,15,nl NED,DM,30-044,90,0,0,0,0,0,0,1,0,98,2,1,3,0.0,0.0,0.0,2,0,80,88,90.9,17,71,2,1,1,https://fbref.com/en/players/2a1beb34/Marten-de-Roon-Marten de Roon,
10,Robin Gosens,https://fbref.com/en/players/2d970560/Robin-Gosens,8,8,de GER,LB,26-311,58,0,0,0,0,2,0,0,0,76,0,0,0,0.1,0.1,0.1,3,0,62,72,86.1,11,57,3,0,0,https://fbref.com/en/players/2d970560/Robin-Gosens-Robin Gosens,
11,Berat Djimsiti,https://fbref.com/en/players/6eee05f1/Berat-Djimsiti,19,19,al ALB,LB,28-082,32,0,0,0,0,2,0,0,0,35,0,1,1,0.1,0.1,0.1,1,0,26,29,89.7,4,24,1,0,0,https://fbref.com/en/players/6eee05f1/Berat-Djimsiti-Berat Djimsiti,
12,José Luis Palomino,https://fbref.com/en/players/921f6058/Jose-Luis-Palomino,6,6,ar ARG,CB,31-127,90,0,0,0,0,0,0,0,0,57,3,2,0,0.0,0.0,0.0,0,0,44,49,89.8,5,29,0,0,0,https://fbref.com/en/players/921f6058/Jose-Luis-Palomino-José Luis Palomino,
13,Cristian Romero,https://fbref.com/en/players/a3d94a58/Cristian-Romero,17,17,ar ARG,CB,23-015,90,0,0,0,0,0,0,0,0,62,1,2,1,0.0,0.0,0.0,2,0,53,57,93.0,2,42,1,0,0,https://fbref.com/en/players/a3d94a58/Cristian-Romero-Cristian Romero,
14,Hans Hateboer,https://fbref.com/en/players/3b333ac3/Hans-Hateboer,33,33,nl NED,RB,27-123,90,0,0,0,0,0,0,0,0,79,3,0,0,0.0,0.0,0.0,1,0,65,70,92.9,6,57,4,1,0,https://fbref.com/en/players/3b333ac3/Hans-Hateboer-Hans Hateboer,
15,Pierluigi Gollini,https://fbref.com/en/players/f0f7f62f/Pierluigi-Gollini,95,95,it ITA,GK,26-055,90,0,0,0,0,0,0,0,0,24,0,0,0,0.0,0.0,0.0,0,0,21,24,87.5,0,17,0,0,0,https://fbref.com/en/players/f0f7f62f/Pierluigi-Gollini-Pierluigi Gollini,
