,Player Name,Player Number,Player,#,Nation,Pos,Age,Min,Touches,Def Pen,Def 3rd,Mid 3rd,Att 3rd,Att Pen,Live,Att,Succ,Succ%,Tkld,Tkld%,Carries,TotDist,PrgDist,PrgC,1/3,CPA,Mis,Dis,Rec,PrgR,Player Key,Player Link
0,Adolfo Gaich,https://fbref.com/en/players/8dfed6e9/Adolfo-Gaich,7,7,ar ARG,FW,22-075,57,19,1,2,13,4,0,19,1,0,0.0,1,100.0,9,24,7,0,0,0,2,2,18,1,https://fbref.com/en/players/8dfed6e9/Adolfo-Gaich-Adolfo Gaich,
1,Gianluca Caprari,https://fbref.com/en/players/54e53b7e/Gianluca-Caprari,17,17,it ITA,FW,27-286,33,17,0,0,6,11,2,17,3,0,0.0,3,100.0,10,51,5,0,1,1,2,1,13,2,https://fbref.com/en/players/54e53b7e/Gianluca-Caprari-Gianluca Caprari,
2,Gianluca Lapadula,https://fbref.com/en/players/2ead2809/Gianluca-Lapadula,9,9,pe PER,FW,31-094,90,18,1,2,8,8,5,18,0,0,,0,,9,29,8,0,0,0,2,1,14,5,https://fbref.com/en/players/2ead2809/Gianluca-Lapadula-Gianluca Lapadula,
3,Përparim Hetemaj,https://fbref.com/en/players/90b70194/Perparim-Hetemaj,56,56,fi FIN,CM,34-151,72,37,0,18,18,2,0,37,1,0,0.0,1,100.0,20,109,23,0,0,0,0,2,20,1,https://fbref.com/en/players/90b70194/Perparim-Hetemaj-Përparim Hetemaj,
4,Fabio Depaoli,https://fbref.com/en/players/d97f2e8d/Fabio-Depaoli,27,27,it ITA,"WB,CM",24-018,18,8,2,2,4,2,0,8,0,0,,0,,4,40,33,1,0,0,0,0,4,0,https://fbref.com/en/players/d97f2e8d/Fabio-Depaoli-Fabio Depaoli,
5,Nicolas Viola,https://fbref.com/en/players/45392b06/Nicolas-Viola,10,10,it ITA,CM,31-212,57,23,2,10,8,5,0,23,1,0,0.0,1,100.0,5,18,14,0,0,0,1,0,10,0,https://fbref.com/en/players/45392b06/Nicolas-Viola-Nicolas Viola,
6,Artur Ioniță,https://fbref.com/en/players/cedb3e36/Artur-Ionita,29,29,md MDA,CM,30-268,33,9,0,2,6,2,1,9,0,0,,0,,3,24,3,0,1,0,0,0,2,0,https://fbref.com/en/players/cedb3e36/Artur-Ionita-Artur Ioniță,
7,Bryan Dabo,https://fbref.com/en/players/c53083ad/Bryan-Dabo,14,14,bf BFA,CM,29-083,84,41,2,9,23,9,1,41,2,2,100.0,0,0.0,22,163,70,2,1,0,1,0,27,3,https://fbref.com/en/players/c53083ad/Bryan-Dabo-Bryan Dabo,
8,Andrés Tello,https://fbref.com/en/players/5f951ef1/Andres-Tello,8,8,co COL,CM,24-248,6,2,1,1,1,0,0,2,0,0,,0,,1,0,0,0,0,0,0,0,1,0,https://fbref.com/en/players/5f951ef1/Andres-Tello-Andrés Tello,
9,Federico Barba,https://fbref.com/en/players/c010b898/Federico-Barba,93,93,it ITA,WB,27-253,72,36,1,12,16,9,4,36,0,0,,0,,15,111,80,1,0,0,0,0,16,0,https://fbref.com/en/players/c010b898/Federico-Barba-Federico Barba,
10,Gaetano Letizia,https://fbref.com/en/players/3dd45b70/Gaetano-Letizia,3,3,it ITA,"WB,CB",30-317,18,10,0,3,4,4,0,10,0,0,,0,,7,73,54,0,0,0,0,2,5,0,https://fbref.com/en/players/3dd45b70/Gaetano-Letizia-Gaetano Letizia,
11,Riccardo Improta,https://fbref.com/en/players/f6dfa5b8/Riccardo-Improta,16,16,it ITA,"WB,CM",27-144,90,37,2,13,19,5,0,37,0,0,,0,,17,95,49,2,1,0,0,1,28,4,https://fbref.com/en/players/f6dfa5b8/Riccardo-Improta-Riccardo Improta,
12,Luca Caldirola,https://fbref.com/en/players/226008f1/Luca-Caldirola,5,5,it ITA,CB,30-100,81,37,5,23,14,0,0,37,0,0,,0,,8,54,30,0,0,0,0,0,20,0,https://fbref.com/en/players/226008f1/Luca-Caldirola-Luca Caldirola,
13,Kamil Glik,https://fbref.com/en/players/c6056d58/Kamil-Glik,15,15,pl POL,CB,33-098,90,36,14,27,7,2,2,36,0,0,,0,,6,55,12,0,0,0,0,0,7,1,https://fbref.com/en/players/c6056d58/Kamil-Glik-Kamil Glik,
14,Alessandro Tuia,https://fbref.com/en/players/26c54058/Alessandro-Tuia,13,13,it ITA,CB,30-338,90,50,14,36,14,0,0,50,0,0,,0,,14,85,47,1,0,0,0,0,16,0,https://fbref.com/en/players/26c54058/Alessandro-Tuia-Alessandro Tuia,
15,Lorenzo Montipò,https://fbref.com/en/players/c1d95617/Lorenzo-Montipo,1,1,it ITA,GK,25-081,90,35,27,35,0,0,0,35,0,0,,0,,15,100,33,0,0,0,0,0,9,0,https://fbref.com/en/players/c1d95617/Lorenzo-Montipo-Lorenzo Montipò,
