,Player Name,Player Number,Player,#,Nation,Pos,Age,Min,Gls,Ast,PK,PKatt,Sh,SoT,CrdY,CrdR,Touches,Tkl,Int,Blocks,xG,npxG,xAG,SCA,GCA,Cmp,Att,Cmp%,PrgP,Carries,PrgC,Att,Succ,Player Key,Player Link
0,Adolfo Gaich,https://fbref.com/en/players/8dfed6e9/Adolfo-Gaich,7,7,ar ARG,FW,22-075,57,0,0,0,0,0,0,0,0,19,0,0,0,0.0,0.0,0.0,0,0,6,15,40.0,0,9,0,1,0,https://fbref.com/en/players/8dfed6e9/Adolfo-Gaich-Adolfo Gaich,
1,Gianluca Caprari,https://fbref.com/en/players/54e53b7e/Gianluca-Caprari,17,17,it ITA,FW,27-286,33,0,0,0,0,0,0,0,0,17,0,0,0,0.0,0.0,0.0,0,0,8,11,72.7,1,10,0,3,0,https://fbref.com/en/players/54e53b7e/Gianluca-Caprari-Gianluca Caprari,
2,Gianluca Lapadula,https://fbref.com/en/players/2ead2809/Gianluca-Lapadula,9,9,pe PER,FW,31-094,90,0,0,0,0,1,0,0,0,18,1,0,0,0.0,0.0,0.0,0,0,8,12,66.7,0,9,0,0,0,https://fbref.com/en/players/2ead2809/Gianluca-Lapadula-Gianluca Lapadula,
3,Përparim Hetemaj,https://fbref.com/en/players/90b70194/Perparim-Hetemaj,56,56,fi FIN,CM,34-151,72,0,0,0,0,0,0,0,0,37,6,0,0,0.0,0.0,0.0,1,0,16,22,72.7,1,20,0,1,0,https://fbref.com/en/players/90b70194/Perparim-Hetemaj-Përparim Hetemaj,
4,Fabio Depaoli,https://fbref.com/en/players/d97f2e8d/Fabio-Depaoli,27,27,it ITA,"WB,CM",24-018,18,0,0,0,0,0,0,0,0,8,0,0,0,0.0,0.0,0.0,0,0,6,6,100.0,2,4,1,0,0,https://fbref.com/en/players/d97f2e8d/Fabio-Depaoli-Fabio Depaoli,
5,Nicolas Viola,https://fbref.com/en/players/45392b06/Nicolas-Viola,10,10,it ITA,CM,31-212,57,0,0,0,0,0,0,0,0,23,0,0,0,0.0,0.0,0.1,1,0,11,21,52.4,1,5,0,1,0,https://fbref.com/en/players/45392b06/Nicolas-Viola-Nicolas Viola,
6,Artur Ioniță,https://fbref.com/en/players/cedb3e36/Artur-Ionita,29,29,md MDA,CM,30-268,33,0,0,0,0,0,0,1,0,9,1,2,1,0.0,0.0,0.0,0,0,3,4,75.0,0,3,0,0,0,https://fbref.com/en/players/cedb3e36/Artur-Ionita-Artur Ioniță,
7,Bryan Dabo,https://fbref.com/en/players/c53083ad/Bryan-Dabo,14,14,bf BFA,CM,29-083,84,0,0,0,0,0,0,0,0,41,0,0,0,0.0,0.0,0.0,0,0,30,36,83.3,4,22,2,2,2,https://fbref.com/en/players/c53083ad/Bryan-Dabo-Bryan Dabo,
8,Andrés Tello,https://fbref.com/en/players/5f951ef1/Andres-Tello,8,8,co COL,CM,24-248,6,0,0,0,0,0,0,0,0,2,1,0,0,0.0,0.0,0.0,1,0,2,2,100.0,1,1,0,0,0,https://fbref.com/en/players/5f951ef1/Andres-Tello-Andrés Tello,
9,Federico Barba,https://fbref.com/en/players/c010b898/Federico-Barba,93,93,it ITA,WB,27-253,72,0,0,0,0,3,0,1,0,36,3,0,1,0.2,0.2,0.0,1,0,20,30,66.7,0,15,1,0,0,https://fbref.com/en/players/c010b898/Federico-Barba-Federico Barba,
10,Gaetano Letizia,https://fbref.com/en/players/3dd45b70/Gaetano-Letizia,3,3,it ITA,"WB,CB",30-317,18,0,0,0,0,0,0,0,0,10,0,0,0,0.0,0.0,0.0,1,0,5,8,62.5,1,7,0,0,0,https://fbref.com/en/players/3dd45b70/Gaetano-Letizia-Gaetano Letizia,
11,Riccardo Improta,https://fbref.com/en/players/f6dfa5b8/Riccardo-Improta,16,16,it ITA,"WB,CM",27-144,90,0,0,0,0,0,0,0,0,37,0,1,1,0.0,0.0,0.0,1,0,20,32,62.5,3,17,2,0,0,https://fbref.com/en/players/f6dfa5b8/Riccardo-Improta-Riccardo Improta,
12,Luca Caldirola,https://fbref.com/en/players/226008f1/Luca-Caldirola,5,5,it ITA,CB,30-100,81,0,0,0,0,0,0,2,1,37,1,2,0,0.0,0.0,0.0,0,0,19,30,63.3,1,8,0,0,0,https://fbref.com/en/players/226008f1/Luca-Caldirola-Luca Caldirola,
13,Kamil Glik,https://fbref.com/en/players/c6056d58/Kamil-Glik,15,15,pl POL,CB,33-098,90,0,0,0,0,0,0,0,0,36,5,3,3,0.0,0.0,0.1,1,0,16,17,94.1,1,6,0,0,0,https://fbref.com/en/players/c6056d58/Kamil-Glik-Kamil Glik,
14,Alessandro Tuia,https://fbref.com/en/players/26c54058/Alessandro-Tuia,13,13,it ITA,CB,30-338,90,0,0,0,0,0,0,1,0,50,4,5,2,0.0,0.0,0.0,1,0,22,28,78.6,1,14,1,0,0,https://fbref.com/en/players/26c54058/Alessandro-Tuia-Alessandro Tuia,
15,Lorenzo Montipò,https://fbref.com/en/players/c1d95617/Lorenzo-Montipo,1,1,it ITA,GK,25-081,90,0,0,0,0,0,0,0,0,35,0,0,0,0.0,0.0,0.0,0,0,18,32,56.3,0,15,0,0,0,https://fbref.com/en/players/c1d95617/Lorenzo-Montipo-Lorenzo Montipò,
