,Minute,Player,Squad,xG,PSxG,Outcome,Distance,Body Part,Notes,SCA 1 Player,SCA 1 Event,SCA 2 Player,SCA 2 Event
0,7,Matteo Pessina,Atalanta,0.09,,Off Target,13,Left Foot,,Luis Muriel,Pass (Live),Cristian Romero,Pass (Live)
1,8,Duván Zapata,Atalanta,0.05,,Off Target,18,Left Foot,,Robin Gosens,Pass (Live),Remo Freuler,Pass (Live)
2,22,Luis Muriel,Atalanta,0.40,0.94,Goal,13,Left Foot,,Ruslan Malinovskyi,Pass (Live),Luis Muriel,Pass (Live)
3,24,Federico Barba,Benevento,0.08,,Blocked,15,Left Foot,,Kamil Glik,Pass (Live),Alessandro Tuia,Pass (Live)
4,25,Federico Barba,Benevento,0.05,,Off Target,12,Head,,Nicolas Viola,Pass (Dead),Federico Barba,Shot
5,25,Duván Zapata,Atalanta,0.06,,Blocked,12,Right Foot,,Matteo Pessina,Pass (Live),Remo Freuler,Pass (Live)
6,26,Robin Gosens,Atalanta,0.05,,Blocked,14,Left Foot,,Luis Muriel,Pass (Live),Ruslan Malinovskyi,Pass (Live)
7,44,Robin Gosens,Atalanta,0.06,,Blocked,12,Left Foot,,Ruslan Malinovskyi,Pass (Live),Marten de Roon,Pass (Live)
8,44,Duván Zapata,Atalanta,0.05,,Off Target,13,Right Foot,,Robin Gosens,Shot,,
9,,,,,,,,,,,,,
10,46,Luis Muriel,Atalanta,0.05,0.12,Saved,10,Left Foot,,Robin Gosens,Pass (Live),Ruslan Malinovskyi,Pass (Live)
11,49,Luis Muriel,Atalanta,0.03,,Off Target,28,Right Foot,,Marten de Roon,Pass (Live),Hans Hateboer,Pass (Live)
12,67,Mario Pašalić,Atalanta,0.39,0.81,Goal,10,Left Foot,,Duván Zapata,Pass (Live),Aleksei Miranchuk,Pass (Live)
13,71,Federico Barba,Benevento,0.07,,Blocked,14,Right Foot,Volley,Riccardo Improta,Pass (Live),Përparim Hetemaj,Pass (Live)
14,76,Aleksei Miranchuk,Atalanta,0.12,,Blocked,23,Left Foot,Free kick,Aleksei Miranchuk,Fouled,Aleksei Miranchuk,Take-On
15,77,Berat Djimsiti,Atalanta,0.09,,Off Target,9,Head,,Aleksei Miranchuk,Pass (Dead),,
16,88,Gianluca Lapadula,Benevento,0.04,,Blocked,18,Left Foot,,Andrés Tello,Pass (Live),Gaetano Letizia,Pass (Live)
17,90,Sam Lammers,Atalanta,0.10,,Blocked,12,Left Foot,,Sam Lammers,Take-On,Berat Djimsiti,Pass (Live)
18,90+3,Berat Djimsiti,Atalanta,0.04,,Blocked,29,Right Foot,,Sam Lammers,Pass (Live),Mario Pašalić,Pass (Live)
19,90+3,Josip Iličić,Atalanta,0.03,0.23,Saved,24,Left Foot,,Cristian Romero,Pass (Live),Remo Freuler,Pass (Live)
