,Player Name,Player Number,Player,#,Nation,Pos,Age,Min,Touches,Def Pen,Def 3rd,Mid 3rd,Att 3rd,Att Pen,Live,Att,Succ,Succ%,Tkld,Tkld%,Carries,TotDist,PrgDist,PrgC,1/3,CPA,Mis,Dis,Rec,PrgR,Player Key,Player Link
0,Luis Muriel,https://fbref.com/en/players/eb2fe5b6/Luis-Muriel,9,9,co COL,FW,29-311,83,59,0,2,17,41,5,59,5,2,40.0,3,60.0,37,329,222,10,7,3,3,1,43,11,https://fbref.com/en/players/eb2fe5b6/Luis-Muriel-Luis Muriel,
1,Aleksei Miranchuk,https://fbref.com/en/players/a9aa0d1d/Aleksei-Miranchuk,59,59,ru RUS,FW,25-127,7,6,0,0,6,0,0,6,1,0,0.0,1,100.0,3,9,1,0,0,0,0,0,3,0,https://fbref.com/en/players/a9aa0d1d/Aleksei-Miranchuk-Aleksei Miranchuk,
2,Duván Zapata,https://fbref.com/en/players/d3de9af0/Duvan-Zapata,91,91,co COL,FW,29-326,89,47,0,3,26,20,6,47,5,1,20.0,4,80.0,30,148,36,1,2,0,4,1,37,14,https://fbref.com/en/players/d3de9af0/Duvan-Zapata-Duván Zapata,
3,Ruslan Malinovskyi,https://fbref.com/en/players/48d5bd33/Ruslan-Malinovskyi,18,18,ua UKR,AM,27-293,1,1,0,0,1,0,0,1,0,0,,0,,0,0,0,0,0,0,0,0,1,0,https://fbref.com/en/players/48d5bd33/Ruslan-Malinovskyi-Ruslan Malinovskyi,
4,Matteo Pessina,https://fbref.com/en/players/780e3631/Matteo-Pessina,32,32,it ITA,AM,23-306,83,37,0,6,10,21,8,37,1,1,100.0,0,0.0,18,56,14,0,1,0,0,2,23,5,https://fbref.com/en/players/780e3631/Matteo-Pessina-Matteo Pessina,
5,José Luis Palomino,https://fbref.com/en/players/921f6058/Jose-Luis-Palomino,6,6,ar ARG,"CM,DM,AM",31-047,7,3,0,2,1,0,0,3,0,0,,0,,1,3,0,0,0,0,0,0,2,0,https://fbref.com/en/players/921f6058/Jose-Luis-Palomino-José Luis Palomino,
6,Remo Freuler,https://fbref.com/en/players/98d2c2c4/Remo-Freuler,11,11,ch SUI,CM,28-312,77,61,0,15,31,15,1,61,0,0,,0,,38,238,139,4,3,1,2,0,47,2,https://fbref.com/en/players/98d2c2c4/Remo-Freuler-Remo Freuler,
7,Mario Pašalić,https://fbref.com/en/players/e599253a/Mario-Pasalic,88,88,hr CRO,"CM,AM",26-012,13,5,0,0,4,1,1,5,0,0,,0,,3,35,18,1,0,0,0,0,5,2,https://fbref.com/en/players/e599253a/Mario-Pasalic-Mario Pašalić,
8,Marten de Roon,https://fbref.com/en/players/2a1beb34/Marten-de-Roon,15,15,nl NED,CM,29-329,90,59,0,15,27,17,0,59,0,0,,0,,31,107,45,0,1,0,0,0,44,0,https://fbref.com/en/players/2a1beb34/Marten-de-Roon-Marten de Roon,
9,Robin Gosens,https://fbref.com/en/players/2d970560/Robin-Gosens,8,8,de GER,"WB,LW",26-231,90,70,2,11,36,23,5,70,2,1,50.0,1,50.0,32,137,50,2,3,0,1,1,41,9,https://fbref.com/en/players/2d970560/Robin-Gosens-Robin Gosens,
10,Joakim Mæhle,https://fbref.com/en/players/c459a650/Joakim-Maehle,3,3,dk DEN,"WB,RW",23-277,89,65,0,8,22,35,5,65,3,2,66.7,1,33.3,36,142,68,2,1,1,1,0,44,11,https://fbref.com/en/players/c459a650/Joakim-Maehle-Joakim Mæhle,
11,Bosko Sutalo,https://fbref.com/en/players/1d0bb7e4/Bosko-Sutalo,4,4,hr CRO,"WB,RW",21-051,1,3,0,0,3,0,0,3,0,0,,0,,1,0,0,0,0,0,1,0,1,0,https://fbref.com/en/players/1d0bb7e4/Bosko-Sutalo-Bosko Sutalo,
12,Berat Djimsiti,https://fbref.com/en/players/6eee05f1/Berat-Djimsiti,19,19,al ALB,CB,28-002,90,55,2,17,32,6,2,55,0,0,,0,,30,160,98,1,1,0,0,1,44,1,https://fbref.com/en/players/6eee05f1/Berat-Djimsiti-Berat Djimsiti,
13,Cristian Romero,https://fbref.com/en/players/a3d94a58/Cristian-Romero,17,17,ar ARG,CB,22-300,90,70,5,30,36,5,1,70,1,1,100.0,0,0.0,31,147,30,0,1,0,1,0,36,0,https://fbref.com/en/players/a3d94a58/Cristian-Romero-Cristian Romero,
14,Rafael Tolói,https://fbref.com/en/players/c56dc39e/Rafael-Toloi,2,2,it ITA,CB,30-134,90,71,3,25,34,14,1,71,0,0,,0,,34,182,107,3,1,0,1,0,44,1,https://fbref.com/en/players/c56dc39e/Rafael-Toloi-Rafael Tolói,
15,Pierluigi Gollini,https://fbref.com/en/players/f0f7f62f/Pierluigi-Gollini,95,95,it ITA,GK,25-340,90,34,26,34,0,0,0,34,0,0,,0,,18,85,57,0,0,0,0,0,20,0,https://fbref.com/en/players/f0f7f62f/Pierluigi-Gollini-Pierluigi Gollini,
