,Player Name,Player Number,Player,#,Nation,Pos,Age,Min,Gls,Ast,PK,PKatt,Sh,SoT,CrdY,CrdR,Touches,Tkl,Int,Blocks,xG,npxG,xAG,SCA,GCA,Cmp,Att,Cmp%,PrgP,Carries,PrgC,Att,Succ,Player Key,Player Link
0,Luis Muriel,https://fbref.com/en/players/eb2fe5b6/Luis-Muriel,9,9,co COL,FW,29-311,83,1,1,0,0,4,1,0,0,59,0,0,1,0.2,0.2,0.7,10,2,29,44,65.9,10,37,10,5,2,https://fbref.com/en/players/eb2fe5b6/Luis-Muriel-Luis Muriel,
1,Aleksei Miranchuk,https://fbref.com/en/players/a9aa0d1d/Aleksei-Miranchuk,59,59,ru RUS,FW,25-127,7,0,0,0,0,0,0,0,0,6,1,0,0,0.0,0.0,0.0,0,0,2,4,50.0,0,3,0,1,0,https://fbref.com/en/players/a9aa0d1d/Aleksei-Miranchuk-Aleksei Miranchuk,
2,Duván Zapata,https://fbref.com/en/players/d3de9af0/Duvan-Zapata,91,91,co COL,FW,29-326,89,1,1,0,0,1,1,0,0,47,1,0,2,0.4,0.4,0.6,2,1,24,34,70.6,4,30,1,5,1,https://fbref.com/en/players/d3de9af0/Duvan-Zapata-Duván Zapata,
3,Ruslan Malinovskyi,https://fbref.com/en/players/48d5bd33/Ruslan-Malinovskyi,18,18,ua UKR,AM,27-293,1,0,0,0,0,0,0,0,0,1,0,0,0,0.0,0.0,0.0,0,0,0,1,0.0,0,0,0,0,0,https://fbref.com/en/players/48d5bd33/Ruslan-Malinovskyi-Ruslan Malinovskyi,
4,Matteo Pessina,https://fbref.com/en/players/780e3631/Matteo-Pessina,32,32,it ITA,AM,23-306,83,0,0,0,0,5,0,0,0,37,0,0,1,0.4,0.4,0.1,5,0,20,27,74.1,4,18,0,1,1,https://fbref.com/en/players/780e3631/Matteo-Pessina-Matteo Pessina,
5,José Luis Palomino,https://fbref.com/en/players/921f6058/Jose-Luis-Palomino,6,6,ar ARG,"CM,DM,AM",31-047,7,0,0,0,0,0,0,0,0,3,0,0,0,0.0,0.0,0.0,0,0,3,3,100.0,1,1,0,0,0,https://fbref.com/en/players/921f6058/Jose-Luis-Palomino-José Luis Palomino,
6,Remo Freuler,https://fbref.com/en/players/98d2c2c4/Remo-Freuler,11,11,ch SUI,CM,28-312,77,0,0,0,0,1,0,0,0,61,1,0,4,0.0,0.0,0.0,1,0,46,54,85.2,5,38,4,0,0,https://fbref.com/en/players/98d2c2c4/Remo-Freuler-Remo Freuler,
7,Mario Pašalić,https://fbref.com/en/players/e599253a/Mario-Pasalic,88,88,hr CRO,"CM,AM",26-012,13,0,0,0,0,0,0,0,0,5,0,0,0,0.0,0.0,0.0,0,0,4,5,80.0,1,3,1,0,0,https://fbref.com/en/players/e599253a/Mario-Pasalic-Mario Pašalić,
8,Marten de Roon,https://fbref.com/en/players/2a1beb34/Marten-de-Roon,15,15,nl NED,CM,29-329,90,0,0,0,0,0,0,0,0,59,2,1,2,0.0,0.0,0.1,2,0,49,54,90.7,6,31,0,0,0,https://fbref.com/en/players/2a1beb34/Marten-de-Roon-Marten de Roon,
9,Robin Gosens,https://fbref.com/en/players/2d970560/Robin-Gosens,8,8,de GER,"WB,LW",26-231,90,1,0,0,0,3,2,1,0,70,2,4,2,0.7,0.7,0.1,3,0,43,51,84.3,6,32,2,2,1,https://fbref.com/en/players/2d970560/Robin-Gosens-Robin Gosens,
10,Joakim Mæhle,https://fbref.com/en/players/c459a650/Joakim-Maehle,3,3,dk DEN,"WB,RW",23-277,89,0,0,0,0,1,0,0,0,65,1,1,2,0.0,0.0,0.0,3,0,48,58,82.8,7,36,2,3,2,https://fbref.com/en/players/c459a650/Joakim-Maehle-Joakim Mæhle,
11,Bosko Sutalo,https://fbref.com/en/players/1d0bb7e4/Bosko-Sutalo,4,4,hr CRO,"WB,RW",21-051,1,0,0,0,0,0,0,0,0,3,0,0,0,0.0,0.0,0.0,0,0,2,2,100.0,0,1,0,0,0,https://fbref.com/en/players/1d0bb7e4/Bosko-Sutalo-Bosko Sutalo,
12,Berat Djimsiti,https://fbref.com/en/players/6eee05f1/Berat-Djimsiti,19,19,al ALB,CB,28-002,90,0,1,0,0,2,0,1,0,55,2,0,1,0.1,0.1,0.5,3,2,42,49,85.7,4,30,1,0,0,https://fbref.com/en/players/6eee05f1/Berat-Djimsiti-Berat Djimsiti,
13,Cristian Romero,https://fbref.com/en/players/a3d94a58/Cristian-Romero,17,17,ar ARG,CB,22-300,90,1,0,0,0,1,1,0,0,70,4,9,1,0.4,0.4,0.0,0,0,52,56,92.9,5,31,0,1,1,https://fbref.com/en/players/a3d94a58/Cristian-Romero-Cristian Romero,
14,Rafael Tolói,https://fbref.com/en/players/c56dc39e/Rafael-Toloi,2,2,it ITA,CB,30-134,90,0,0,0,0,0,0,0,0,71,2,4,0,0.0,0.0,0.0,0,0,53,62,85.5,3,34,3,0,0,https://fbref.com/en/players/c56dc39e/Rafael-Toloi-Rafael Tolói,
15,Pierluigi Gollini,https://fbref.com/en/players/f0f7f62f/Pierluigi-Gollini,95,95,it ITA,GK,25-340,90,0,0,0,0,0,0,0,0,34,0,0,0,0.0,0.0,0.0,0,0,20,31,64.5,0,18,0,0,0,https://fbref.com/en/players/f0f7f62f/Pierluigi-Gollini-Pierluigi Gollini,
