,Player Name,Player Number,Player,#,Nation,Pos,Age,Min,Touches,Def Pen,Def 3rd,Mid 3rd,Att 3rd,Att Pen,Live,Att,Succ,Succ%,Tkld,Tkld%,Carries,TotDist,PrgDist,PrgC,1/3,CPA,Mis,Dis,Rec,PrgR,Player Key,Player Link
0,Victor Osimhen,https://fbref.com/en/players/8c90fd7a/Victor-Osimhen,9,9,ng NGA,FW,22-054,90,27,1,1,15,11,1,27,5,2,40.0,3,60.0,15,94,35,1,2,0,4,2,18,6,https://fbref.com/en/players/8c90fd7a/Victor-Osimhen-Victor Osimhen,
1,Elif Elmas,https://fbref.com/en/players/cf007308/Elif-Elmas,7,7,mk MKD,LW,21-150,52,22,2,8,7,7,0,22,1,1,100.0,0,0.0,14,49,22,0,1,0,2,0,17,0,https://fbref.com/en/players/cf007308/Elif-Elmas-Elif Elmas,
2,Lorenzo Insigne,https://fbref.com/en/players/2f557579/Lorenzo-Insigne,24,24,it ITA,LW,29-262,38,26,1,1,22,3,1,26,0,0,,0,,13,57,32,1,0,0,0,0,20,4,https://fbref.com/en/players/2f557579/Lorenzo-Insigne-Lorenzo Insigne,
3,Matteo Politano,https://fbref.com/en/players/5e861944/Matteo-Politano,21,21,it ITA,RW,27-202,90,49,1,4,26,19,0,49,2,1,50.0,1,50.0,24,189,103,1,3,0,1,2,32,5,https://fbref.com/en/players/5e861944/Matteo-Politano-Matteo Politano,
4,Piotr Zieliński,https://fbref.com/en/players/a5296e55/Piotr-Zielinski,20,20,pl POL,AM,26-277,83,51,0,8,29,14,1,51,6,4,66.7,2,33.3,27,175,59,1,3,0,2,2,41,5,https://fbref.com/en/players/a5296e55/Piotr-Zielinski-Piotr Zieliński,
5,Stanislav Lobotka,https://fbref.com/en/players/e1cbb531/Stanislav-Lobotka,68,68,sk SVK,AM,26-088,7,4,0,1,3,0,0,4,0,0,,0,,3,15,0,0,0,0,0,0,4,0,https://fbref.com/en/players/e1cbb531/Stanislav-Lobotka-Stanislav Lobotka,
6,Tiemoué Bakayoko,https://fbref.com/en/players/59bf127b/Tiemoue-Bakayoko,5,5,fr FRA,DM,26-188,90,71,4,25,42,5,0,71,2,2,100.0,0,0.0,31,148,55,1,0,0,0,1,54,0,https://fbref.com/en/players/59bf127b/Tiemoue-Bakayoko-Tiemoué Bakayoko,
7,Fabián Ruiz Peña,https://fbref.com/en/players/c0c7ff58/Fabian-Ruiz-Pena,8,8,es ESP,DM,24-324,90,91,2,27,50,14,0,91,0,0,,0,,55,256,151,1,0,0,0,2,73,2,https://fbref.com/en/players/c0c7ff58/Fabian-Ruiz-Pena-Fabián Ruiz Peña,
8,Mário Rui,https://fbref.com/en/players/0b5a292a/Mario-Rui,6,6,pt POR,LB,29-270,77,66,7,32,28,6,0,66,0,0,,0,,37,193,151,2,1,0,0,1,45,0,https://fbref.com/en/players/0b5a292a/Mario-Rui-Mário Rui,
9,Faouzi Ghoulam,https://fbref.com/en/players/c5adc293/Faouzi-Ghoulam,31,31,dz ALG,LB,30-020,13,15,0,4,9,2,0,15,0,0,,0,,7,17,3,0,0,0,1,0,11,1,https://fbref.com/en/players/c5adc293/Faouzi-Ghoulam-Faouzi Ghoulam,
10,Nikola Maksimović,https://fbref.com/en/players/16b9d5cf/Nikola-Maksimovic,19,19,rs SRB,CB,29-088,77,51,13,32,17,2,0,51,0,0,,0,,21,84,36,0,1,0,0,0,28,0,https://fbref.com/en/players/16b9d5cf/Nikola-Maksimovic-Nikola Maksimović,
11,Kalidou Koulibaly,https://fbref.com/en/players/da974c7b/Kalidou-Koulibaly,26,26,sn SEN,CB,29-246,13,15,1,8,7,0,0,15,0,0,,0,,7,20,9,0,0,0,0,0,11,0,https://fbref.com/en/players/da974c7b/Kalidou-Koulibaly-Kalidou Koulibaly,
12,Amir Rrahmani,https://fbref.com/en/players/4b3e1a38/Amir-Rrahmani,33,33,xk KVX,CB,26-363,90,79,10,55,24,0,0,79,0,0,,0,,39,162,60,0,0,0,0,0,53,0,https://fbref.com/en/players/4b3e1a38/Amir-Rrahmani-Amir Rrahmani,
13,Giovanni Di Lorenzo,https://fbref.com/en/players/230a2fac/Giovanni-Di-Lorenzo,22,22,it ITA,RB,27-201,90,92,6,31,43,20,0,92,0,0,,0,,51,263,171,4,4,0,0,0,59,2,https://fbref.com/en/players/230a2fac/Giovanni-Di-Lorenzo-Giovanni Di Lorenzo,
14,Alex Meret,https://fbref.com/en/players/9413b19f/Alex-Meret,1,1,it ITA,GK,23-336,90,35,33,35,0,0,0,35,0,0,,0,,28,109,69,0,0,0,0,0,23,0,https://fbref.com/en/players/9413b19f/Alex-Meret-Alex Meret,
