,Player Name,Player Number,Player,#,Nation,Pos,Age,Min,CrdY,CrdR,2CrdY,Fls,Fld,Off,Crs,Int,TklW,PKwon,PKcon,OG,Recov,Won,Lost,Won%,Player Key,Player Link
0,Victor Osimhen,https://fbref.com/en/players/8c90fd7a/Victor-Osimhen,9,9,ng NGA,FW,22-054,90,0,0,0,3,3,0,1,0,1,0,0,0,2,2,4,33.3,https://fbref.com/en/players/8c90fd7a/Victor-Osimhen-Victor Osimhen,
1,Elif Elmas,https://fbref.com/en/players/cf007308/Elif-Elmas,7,7,mk MKD,LW,21-150,52,0,0,0,0,0,0,0,0,1,0,0,0,2,0,1,0.0,https://fbref.com/en/players/cf007308/Elif-Elmas-Elif Elmas,
2,Lorenzo Insigne,https://fbref.com/en/players/2f557579/Lorenzo-Insigne,24,24,it ITA,LW,29-262,38,0,0,0,0,0,0,0,0,0,0,0,0,2,0,0,,https://fbref.com/en/players/2f557579/Lorenzo-Insigne-Lorenzo Insigne,
3,Matteo Politano,https://fbref.com/en/players/5e861944/Matteo-Politano,21,21,it ITA,RW,27-202,90,0,0,0,2,3,0,5,2,1,0,0,0,2,0,2,0.0,https://fbref.com/en/players/5e861944/Matteo-Politano-Matteo Politano,
4,Piotr Zieliński,https://fbref.com/en/players/a5296e55/Piotr-Zielinski,20,20,pl POL,AM,26-277,83,0,0,0,0,2,0,0,0,0,0,0,0,3,0,0,,https://fbref.com/en/players/a5296e55/Piotr-Zielinski-Piotr Zieliński,
5,Stanislav Lobotka,https://fbref.com/en/players/e1cbb531/Stanislav-Lobotka,68,68,sk SVK,AM,26-088,7,0,0,0,0,1,0,0,0,0,0,0,0,0,0,0,,https://fbref.com/en/players/e1cbb531/Stanislav-Lobotka-Stanislav Lobotka,
6,Tiemoué Bakayoko,https://fbref.com/en/players/59bf127b/Tiemoue-Bakayoko,5,5,fr FRA,DM,26-188,90,0,0,0,0,3,0,1,4,2,0,0,0,5,1,5,16.7,https://fbref.com/en/players/59bf127b/Tiemoue-Bakayoko-Tiemoué Bakayoko,
7,Fabián Ruiz Peña,https://fbref.com/en/players/c0c7ff58/Fabian-Ruiz-Pena,8,8,es ESP,DM,24-324,90,0,0,0,1,1,0,1,2,1,0,0,0,9,0,0,,https://fbref.com/en/players/c0c7ff58/Fabian-Ruiz-Pena-Fabián Ruiz Peña,
8,Mário Rui,https://fbref.com/en/players/0b5a292a/Mario-Rui,6,6,pt POR,LB,29-270,77,0,0,0,1,1,0,0,1,0,0,0,0,8,0,1,0.0,https://fbref.com/en/players/0b5a292a/Mario-Rui-Mário Rui,
9,Faouzi Ghoulam,https://fbref.com/en/players/c5adc293/Faouzi-Ghoulam,31,31,dz ALG,LB,30-020,13,0,0,0,0,1,0,1,0,0,0,0,0,0,0,0,,https://fbref.com/en/players/c5adc293/Faouzi-Ghoulam-Faouzi Ghoulam,
10,Nikola Maksimović,https://fbref.com/en/players/16b9d5cf/Nikola-Maksimovic,19,19,rs SRB,CB,29-088,77,0,0,0,0,1,0,0,3,0,0,0,0,2,3,0,100.0,https://fbref.com/en/players/16b9d5cf/Nikola-Maksimovic-Nikola Maksimović,
11,Kalidou Koulibaly,https://fbref.com/en/players/da974c7b/Kalidou-Koulibaly,26,26,sn SEN,CB,29-246,13,0,0,0,1,0,0,0,1,0,0,0,0,0,2,0,100.0,https://fbref.com/en/players/da974c7b/Kalidou-Koulibaly-Kalidou Koulibaly,
12,Amir Rrahmani,https://fbref.com/en/players/4b3e1a38/Amir-Rrahmani,33,33,xk KVX,CB,26-363,90,0,0,0,0,0,0,0,0,1,0,0,0,8,0,1,0.0,https://fbref.com/en/players/4b3e1a38/Amir-Rrahmani-Amir Rrahmani,
13,Giovanni Di Lorenzo,https://fbref.com/en/players/230a2fac/Giovanni-Di-Lorenzo,22,22,it ITA,RB,27-201,90,1,0,0,3,3,0,4,1,1,0,0,0,4,1,0,100.0,https://fbref.com/en/players/230a2fac/Giovanni-Di-Lorenzo-Giovanni Di Lorenzo,
14,Alex Meret,https://fbref.com/en/players/9413b19f/Alex-Meret,1,1,it ITA,GK,23-336,90,0,0,0,0,0,0,0,0,0,0,0,0,1,0,0,,https://fbref.com/en/players/9413b19f/Alex-Meret-Alex Meret,
