,Minute,Player,Squad,xG,PSxG,Outcome,Distance,Body Part,Notes,SCA 1 Player,SCA 1 Event,SCA 2 Player,SCA 2 Event
0,5,Luis Muriel,Atalanta,0.05,,Blocked,12,Right Foot,,Robin Gosens,Pass (Live),Joakim Mæhle,Pass (Live)
1,14,Matteo Pessina,Atalanta,0.04,,Off Target,15,Head,,Joakim Mæhle,Pass (Live),Marten de Roon,Pass (Live)
2,17,Matteo Pessina,Atalanta,0.08,,Blocked,15,Right Foot,,Luis Muriel,Pass (Live),Remo Freuler,Pass (Live)
3,17,Matteo Pessina,Atalanta,0.14,,Blocked,9,Left Foot,,Matteo Pessina,Shot,,
4,19,Berat Djimsiti,Atalanta,0.04,,Off Target,14,Head,,Luis Muriel,Pass (Dead),Matteo Pessina,Pass (Live)
5,19,Matteo Pessina,Atalanta,0.12,,Off Target,6,Left Foot,Volley,Berat Djimsiti,Shot,,
6,33,Robin Gosens,Atalanta,0.07,,Off Target,16,Left Foot,,Marten de Roon,Pass (Live),Luis Muriel,Pass (Live)
7,35,Victor Osimhen,Napoli,0.15,0.30,Saved,9,Head,,Giovanni Di Lorenzo,Fouled,Amir Rrahmani,Pass (Live)
8,44,Joakim Mæhle,Atalanta,0.03,,Off Target,20,Left Foot,,Duván Zapata,Pass (Live),Joakim Mæhle,Pass (Live)
9,,,,,,,,,,,,,
10,52,Duván Zapata,Atalanta,0.36,0.49,Goal,7,Head,,Luis Muriel,Pass (Live),Berat Djimsiti,Pass (Live)
11,58,Piotr Zieliński,Napoli,0.46,0.92,Goal,11,Right Foot,Volley,Matteo Politano,Pass (Live),Fabián Ruiz Peña,Pass (Live)
12,62,Matteo Pessina,Atalanta,0.06,,Blocked,13,Left Foot,,Robin Gosens,Pass (Live),Luis Muriel,Pass (Live)
13,64,Robin Gosens,Atalanta,0.57,0.79,Goal,5,Left Foot,,Duván Zapata,Pass (Live),Luis Muriel,Pass (Live)
14,68,Remo Freuler,Atalanta,0.04,,Blocked,21,Right Foot,,Luis Muriel,Pass (Live),Matteo Pessina,Pass (Live)
15,69,Lorenzo Insigne,Napoli,0.08,,Blocked,9,Right Foot,,Fabián Ruiz Peña,Pass (Live),Giovanni Di Lorenzo,Pass (Live)
16,70,Luis Muriel,Atalanta,0.03,,Off Target,19,Right Foot,,Matteo Pessina,Pass (Live),,
17,71,Luis Muriel,Atalanta,0.05,0.38,Goal,13,Left Foot,,,,,
18,77,Robin Gosens,Atalanta,0.10,0.25,Saved,13,Left Foot,,Luis Muriel,Pass (Live),Luis Muriel,Take-On
19,79,Berat Djimsiti,Atalanta,0.08,,Off Target,8,Head,,Luis Muriel,Pass (Dead),Robin Gosens,Shot
20,79,Cristian Romero,Atalanta,0.39,0.46,Goal,4,Head,,Berat Djimsiti,Shot,,
21,81,Luis Muriel,Atalanta,0.07,,Off Target,19,Left Foot,,Matteo Pessina,Pass (Live),,
22,85,Lorenzo Insigne,Napoli,0.03,,Off Target,28,Right Foot,,Faouzi Ghoulam,Pass (Dead),Victor Osimhen,Fouled
