,Player Name,Player Number,Player,#,Nation,Pos,Age,Min,Touches,Def Pen,Def 3rd,Mid 3rd,Att 3rd,Att Pen,Live,Att,Succ,Succ%,Tkld,Tkld%,Carries,TotDist,PrgDist,PrgC,1/3,CPA,Mis,Dis,Rec,PrgR,Player Key,Player Link
0,Vagner Gonçalves,https://fbref.com/en/players/743fd71f/Vagner-Goncalves,27,27,cv CPV,FW,25-028,57,8,0,4,4,1,1,8,1,0,0.0,1,100.0,6,18,0,0,0,0,3,1,6,2,https://fbref.com/en/players/743fd71f/Vagner-Goncalves-Vagner Gonçalves,
1,Papa Ndiaga Yade,https://fbref.com/en/players/87e9c7cd/Papa-Ndiaga-Yade,26,26,mr MTN,FW,21-033,33,11,0,0,5,7,0,11,2,2,100.0,0,0.0,9,61,30,1,2,0,2,2,7,2,https://fbref.com/en/players/87e9c7cd/Papa-Ndiaga-Yade-Papa Ndiaga Yade,
2,Thierry Ambrose,https://fbref.com/en/players/2945f4b7/Thierry-Ambrose,9,9,gp GLP,FW,23-316,57,13,0,0,12,1,0,13,0,0,,0,,8,40,12,0,0,0,2,2,11,2,https://fbref.com/en/players/2945f4b7/Thierry-Ambrose-Thierry Ambrose,
3,Lamine Gueye,https://fbref.com/en/players/9d5dcc23/Lamine-Gueye,13,13,sn SEN,FW,22-331,33,12,0,4,6,2,1,12,0,0,,0,,8,24,2,0,0,0,5,0,7,1,https://fbref.com/en/players/9d5dcc23/Lamine-Gueye-Lamine Gueye,
4,Farid Boulaya,https://fbref.com/en/players/a0791826/Farid-Boulaya,10,10,dz ALG,AM,27-348,90,78,1,7,48,24,3,78,3,0,0.0,3,100.0,49,331,110,3,4,1,3,0,55,2,https://fbref.com/en/players/a0791826/Farid-Boulaya-Farid Boulaya,
5,Pape Matar Sarr,https://fbref.com/en/players/feb5d972/Pape-Matar-Sarr,15,15,sn SEN,CM,18-146,90,94,3,16,70,9,1,94,2,1,50.0,1,50.0,66,408,176,3,2,0,3,1,66,0,https://fbref.com/en/players/feb5d972/Pape-Matar-Sarr-Pape Matar Sarr,
6,Habib Maïga,https://fbref.com/en/players/e768de1f/Habib-Maiga,19,19,ci CIV,CM,25-037,90,59,2,12,37,10,2,59,1,1,100.0,0,0.0,38,125,59,1,0,0,2,3,42,4,https://fbref.com/en/players/e768de1f/Habib-Maiga-Habib Maïga,
7,Matthieu Udol,https://fbref.com/en/players/cc41f558/Matthieu-Udol,3,3,fr FRA,WB,24-324,90,66,1,11,31,26,2,66,3,1,33.3,2,66.7,33,244,131,5,1,1,1,1,35,8,https://fbref.com/en/players/cc41f558/Matthieu-Udol-Matthieu Udol,
8,Fabien Centonze,https://fbref.com/en/players/3c6bbbab/Fabien-Centonze,18,18,fr FRA,WB,25-022,90,84,5,26,46,12,1,84,3,3,100.0,0,0.0,39,154,51,1,1,0,7,1,35,5,https://fbref.com/en/players/3c6bbbab/Fabien-Centonze-Fabien Centonze,
9,John Boye,https://fbref.com/en/players/861227d2/John-Boye,21,21,gh GHA,CB,33-290,90,50,5,29,20,1,0,50,0,0,,0,,24,71,32,1,0,0,0,0,26,0,https://fbref.com/en/players/861227d2/John-Boye-John Boye,
10,Boubakar Kouyaté,https://fbref.com/en/players/562a4799/Boubakar-Kouyate,23,23,ml MLI,CB,23-298,90,65,4,35,29,1,0,65,1,1,100.0,0,0.0,32,150,60,0,0,0,0,1,34,0,https://fbref.com/en/players/562a4799/Boubakar-Kouyate-Boubakar Kouyaté,
11,Dylan Bronn,https://fbref.com/en/players/edd81e2a/Dylan-Bronn,2,2,tn TUN,CB,25-233,90,71,1,23,44,5,1,71,2,2,100.0,0,0.0,56,295,191,2,3,0,1,0,52,1,https://fbref.com/en/players/edd81e2a/Dylan-Bronn-Dylan Bronn,
12,Alexandre Oukidja,https://fbref.com/en/players/ae7d0ecd/Alexandre-Oukidja,16,16,dz ALG,GK,32-203,90,26,21,25,1,0,0,26,0,0,,0,,16,86,55,0,0,0,0,0,8,0,https://fbref.com/en/players/ae7d0ecd/Alexandre-Oukidja-Alexandre Oukidja,
