,Player Name,Player Number,Player,#,Nation,Pos,Age,Min,Tkl,TklW,Def 3rd,Mid 3rd,Att 3rd,Tkl,Att,Tkl%,Lost,Blocks,Sh,Pass,Int,Tkl+Int,Clr,Err,Player Key,Player Link
0,Vagner Gonçalves,https://fbref.com/en/players/743fd71f/Vagner-Goncalves,27,27,cv CPV,FW,25-028,57,0,0,0,0,0,0,3,0.0,3,2,0,2,0,0,0,0,https://fbref.com/en/players/743fd71f/Vagner-Goncalves-Vagner Gonçalves,
1,Papa Ndiaga Yade,https://fbref.com/en/players/87e9c7cd/Papa-Ndiaga-Yade,26,26,mr MTN,FW,21-033,33,2,2,0,1,1,0,0,,0,0,0,0,0,2,0,0,https://fbref.com/en/players/87e9c7cd/Papa-Ndiaga-Yade-Papa Ndiaga Yade,
2,Thierry Ambrose,https://fbref.com/en/players/2945f4b7/Thierry-Ambrose,9,9,gp GLP,FW,23-316,57,0,0,0,0,0,0,1,0.0,1,0,0,0,0,0,0,0,https://fbref.com/en/players/2945f4b7/Thierry-Ambrose-Thierry Ambrose,
3,Lamine Gueye,https://fbref.com/en/players/9d5dcc23/Lamine-Gueye,13,13,sn SEN,FW,22-331,33,0,0,0,0,0,0,0,,0,0,0,0,0,0,0,0,https://fbref.com/en/players/9d5dcc23/Lamine-Gueye-Lamine Gueye,
4,Farid Boulaya,https://fbref.com/en/players/a0791826/Farid-Boulaya,10,10,dz ALG,AM,27-348,90,0,0,0,0,0,0,3,0.0,3,0,0,0,0,0,0,0,https://fbref.com/en/players/a0791826/Farid-Boulaya-Farid Boulaya,
5,Pape Matar Sarr,https://fbref.com/en/players/feb5d972/Pape-Matar-Sarr,15,15,sn SEN,CM,18-146,90,6,2,3,3,0,3,4,75.0,1,3,0,3,1,7,2,0,https://fbref.com/en/players/feb5d972/Pape-Matar-Sarr-Pape Matar Sarr,
6,Habib Maïga,https://fbref.com/en/players/e768de1f/Habib-Maiga,19,19,ci CIV,CM,25-037,90,0,0,0,0,0,0,0,,0,0,0,0,2,2,1,0,https://fbref.com/en/players/e768de1f/Habib-Maiga-Habib Maïga,
7,Matthieu Udol,https://fbref.com/en/players/cc41f558/Matthieu-Udol,3,3,fr FRA,WB,24-324,90,1,1,1,0,0,1,1,100.0,0,4,1,3,2,3,0,0,https://fbref.com/en/players/cc41f558/Matthieu-Udol-Matthieu Udol,
8,Fabien Centonze,https://fbref.com/en/players/3c6bbbab/Fabien-Centonze,18,18,fr FRA,WB,25-022,90,7,5,2,3,2,1,1,100.0,0,0,0,0,3,10,3,0,https://fbref.com/en/players/3c6bbbab/Fabien-Centonze-Fabien Centonze,
9,John Boye,https://fbref.com/en/players/861227d2/John-Boye,21,21,gh GHA,CB,33-290,90,3,1,1,1,1,2,4,50.0,2,0,0,0,2,5,3,0,https://fbref.com/en/players/861227d2/John-Boye-John Boye,
10,Boubakar Kouyaté,https://fbref.com/en/players/562a4799/Boubakar-Kouyate,23,23,ml MLI,CB,23-298,90,4,2,4,0,0,2,2,100.0,0,4,3,1,5,9,3,0,https://fbref.com/en/players/562a4799/Boubakar-Kouyate-Boubakar Kouyaté,
11,Dylan Bronn,https://fbref.com/en/players/edd81e2a/Dylan-Bronn,2,2,tn TUN,CB,25-233,90,1,1,1,0,0,1,3,33.3,2,0,0,0,3,4,0,0,https://fbref.com/en/players/edd81e2a/Dylan-Bronn-Dylan Bronn,
12,Alexandre Oukidja,https://fbref.com/en/players/ae7d0ecd/Alexandre-Oukidja,16,16,dz ALG,GK,32-203,90,0,0,0,0,0,0,0,,0,0,0,0,0,0,0,0,https://fbref.com/en/players/ae7d0ecd/Alexandre-Oukidja-Alexandre Oukidja,
