,Player Name,Player Number,Player,#,Nation,Pos,Age,Min,Att,Live,Dead,FK,TB,Sw,Crs,TI,CK,In,Out,Str,Cmp,Off,Blocks,Player Key,Player Link
0,Vagner Gonçalves,https://fbref.com/en/players/743fd71f/Vagner-Goncalves,27,27,cv CPV,FW,25-028,57,3,3,0,0,0,0,0,0,0,0,0,0,0,0,0,https://fbref.com/en/players/743fd71f/Vagner-Goncalves-Vagner Gonçalves,
1,Papa Ndiaga Yade,https://fbref.com/en/players/87e9c7cd/Papa-Ndiaga-Yade,26,26,mr MTN,FW,21-033,33,7,7,0,0,1,0,1,0,0,0,0,0,5,0,0,https://fbref.com/en/players/87e9c7cd/Papa-Ndiaga-Yade-Papa Ndiaga Yade,
2,Thierry Ambrose,https://fbref.com/en/players/2945f4b7/Thierry-Ambrose,9,9,gp GLP,FW,23-316,57,11,11,0,0,0,0,0,0,0,0,0,0,10,0,1,https://fbref.com/en/players/2945f4b7/Thierry-Ambrose-Thierry Ambrose,
3,Lamine Gueye,https://fbref.com/en/players/9d5dcc23/Lamine-Gueye,13,13,sn SEN,FW,22-331,33,6,5,1,0,0,0,0,1,0,0,0,0,5,0,0,https://fbref.com/en/players/9d5dcc23/Lamine-Gueye-Lamine Gueye,
4,Farid Boulaya,https://fbref.com/en/players/a0791826/Farid-Boulaya,10,10,dz ALG,AM,27-348,90,68,61,7,3,0,2,5,0,2,1,1,0,40,0,2,https://fbref.com/en/players/a0791826/Farid-Boulaya-Farid Boulaya,
5,Pape Matar Sarr,https://fbref.com/en/players/feb5d972/Pape-Matar-Sarr,15,15,sn SEN,CM,18-146,90,78,78,0,0,0,2,0,0,0,0,0,0,58,0,2,https://fbref.com/en/players/feb5d972/Pape-Matar-Sarr-Pape Matar Sarr,
6,Habib Maïga,https://fbref.com/en/players/e768de1f/Habib-Maiga,19,19,ci CIV,CM,25-037,90,48,48,0,0,0,2,1,0,0,0,0,0,35,0,2,https://fbref.com/en/players/e768de1f/Habib-Maiga-Habib Maïga,
7,Matthieu Udol,https://fbref.com/en/players/cc41f558/Matthieu-Udol,3,3,fr FRA,WB,24-324,90,54,36,17,1,0,0,2,16,0,0,0,0,43,1,4,https://fbref.com/en/players/cc41f558/Matthieu-Udol-Matthieu Udol,
8,Fabien Centonze,https://fbref.com/en/players/3c6bbbab/Fabien-Centonze,18,18,fr FRA,WB,25-022,90,62,44,18,2,0,0,0,16,0,0,0,0,49,0,0,https://fbref.com/en/players/3c6bbbab/Fabien-Centonze-Fabien Centonze,
9,John Boye,https://fbref.com/en/players/861227d2/John-Boye,21,21,gh GHA,CB,33-290,90,40,40,0,0,0,0,0,0,0,0,0,0,31,0,0,https://fbref.com/en/players/861227d2/John-Boye-John Boye,
10,Boubakar Kouyaté,https://fbref.com/en/players/562a4799/Boubakar-Kouyate,23,23,ml MLI,CB,23-298,90,50,49,1,1,0,1,0,0,0,0,0,0,40,0,0,https://fbref.com/en/players/562a4799/Boubakar-Kouyate-Boubakar Kouyaté,
11,Dylan Bronn,https://fbref.com/en/players/edd81e2a/Dylan-Bronn,2,2,tn TUN,CB,25-233,90,63,63,0,0,0,2,1,0,0,0,0,0,53,0,1,https://fbref.com/en/players/edd81e2a/Dylan-Bronn-Dylan Bronn,
12,Alexandre Oukidja,https://fbref.com/en/players/ae7d0ecd/Alexandre-Oukidja,16,16,dz ALG,GK,32-203,90,25,17,8,2,0,0,0,0,0,0,0,0,19,0,0,https://fbref.com/en/players/ae7d0ecd/Alexandre-Oukidja-Alexandre Oukidja,
