,Player Name,Player Number,Player,#,Nation,Pos,Age,Min,Gls,Ast,PK,PKatt,Sh,SoT,CrdY,CrdR,Touches,Tkl,Int,Blocks,xG,npxG,xAG,SCA,GCA,Cmp,Att,Cmp%,PrgP,Carries,PrgC,Att,Succ,Player Key,Player Link
0,Vagner Gonçalves,https://fbref.com/en/players/743fd71f/Vagner-Goncalves,27,27,cv CPV,FW,25-028,57,0,0,0,0,0,0,0,0,8,0,0,2,0.0,0.0,0.0,0,0,0,3,0.0,0,6,0,1,0,https://fbref.com/en/players/743fd71f/Vagner-Goncalves-Vagner Gonçalves,
1,Papa Ndiaga Yade,https://fbref.com/en/players/87e9c7cd/Papa-Ndiaga-Yade,26,26,mr MTN,FW,21-033,33,0,0,0,0,2,0,0,0,11,2,0,0,0.1,0.1,0.0,1,0,5,7,71.4,0,9,1,2,2,https://fbref.com/en/players/87e9c7cd/Papa-Ndiaga-Yade-Papa Ndiaga Yade,
2,Thierry Ambrose,https://fbref.com/en/players/2945f4b7/Thierry-Ambrose,9,9,gp GLP,FW,23-316,57,0,0,0,0,0,0,0,0,13,0,0,0,0.0,0.0,0.0,0,0,10,11,90.9,2,8,0,0,0,https://fbref.com/en/players/2945f4b7/Thierry-Ambrose-Thierry Ambrose,
3,Lamine Gueye,https://fbref.com/en/players/9d5dcc23/Lamine-Gueye,13,13,sn SEN,FW,22-331,33,0,0,0,0,0,0,0,0,12,0,0,0,0.0,0.0,0.0,0,0,5,6,83.3,0,8,0,0,0,https://fbref.com/en/players/9d5dcc23/Lamine-Gueye-Lamine Gueye,
4,Farid Boulaya,https://fbref.com/en/players/a0791826/Farid-Boulaya,10,10,dz ALG,AM,27-348,90,0,0,0,0,2,0,0,0,78,0,0,0,0.1,0.1,0.1,2,0,40,68,58.8,7,49,3,3,0,https://fbref.com/en/players/a0791826/Farid-Boulaya-Farid Boulaya,
5,Pape Matar Sarr,https://fbref.com/en/players/feb5d972/Pape-Matar-Sarr,15,15,sn SEN,CM,18-146,90,0,0,0,0,1,0,0,0,94,6,1,3,0.0,0.0,0.1,3,0,58,78,74.4,7,66,3,2,1,https://fbref.com/en/players/feb5d972/Pape-Matar-Sarr-Pape Matar Sarr,
6,Habib Maïga,https://fbref.com/en/players/e768de1f/Habib-Maiga,19,19,ci CIV,CM,25-037,90,0,0,0,0,1,0,1,0,59,0,2,0,0.1,0.1,0.1,5,0,35,48,72.9,4,38,1,1,1,https://fbref.com/en/players/e768de1f/Habib-Maiga-Habib Maïga,
7,Matthieu Udol,https://fbref.com/en/players/cc41f558/Matthieu-Udol,3,3,fr FRA,WB,24-324,90,0,0,0,0,1,0,0,0,66,1,2,4,0.0,0.0,0.0,0,0,43,54,79.6,1,33,5,3,1,https://fbref.com/en/players/cc41f558/Matthieu-Udol-Matthieu Udol,
8,Fabien Centonze,https://fbref.com/en/players/3c6bbbab/Fabien-Centonze,18,18,fr FRA,WB,25-022,90,0,0,0,0,2,0,1,0,84,7,3,0,0.1,0.1,0.0,3,0,49,62,79.0,3,39,1,3,3,https://fbref.com/en/players/3c6bbbab/Fabien-Centonze-Fabien Centonze,
9,John Boye,https://fbref.com/en/players/861227d2/John-Boye,21,21,gh GHA,CB,33-290,90,0,0,0,0,0,0,0,0,50,3,2,0,0.0,0.0,0.0,2,0,31,40,77.5,1,24,1,0,0,https://fbref.com/en/players/861227d2/John-Boye-John Boye,
10,Boubakar Kouyaté,https://fbref.com/en/players/562a4799/Boubakar-Kouyate,23,23,ml MLI,CB,23-298,90,0,0,0,0,0,0,0,0,65,4,5,4,0.0,0.0,0.0,0,0,40,50,80.0,1,32,0,1,1,https://fbref.com/en/players/562a4799/Boubakar-Kouyate-Boubakar Kouyaté,
11,Dylan Bronn,https://fbref.com/en/players/edd81e2a/Dylan-Bronn,2,2,tn TUN,CB,25-233,90,0,0,0,0,1,0,0,0,71,1,3,0,0.0,0.0,0.0,2,0,53,63,84.1,3,56,2,2,2,https://fbref.com/en/players/edd81e2a/Dylan-Bronn-Dylan Bronn,
12,Alexandre Oukidja,https://fbref.com/en/players/ae7d0ecd/Alexandre-Oukidja,16,16,dz ALG,GK,32-203,90,0,0,0,0,0,0,0,0,26,0,0,0,0.0,0.0,0.0,0,0,19,25,76.0,0,16,0,0,0,https://fbref.com/en/players/ae7d0ecd/Alexandre-Oukidja-Alexandre Oukidja,
