,Player Name,Player Number,Player,#,Nation,Pos,Age,Min,Gls,Ast,PK,PKatt,Sh,SoT,CrdY,CrdR,Touches,Tkl,Int,Blocks,xG,npxG,xAG,SCA,GCA,Cmp,Att,Cmp%,PrgP,Carries,PrgC,Att,Succ,Player Key,Player Link
0,Anthony Modeste,https://fbref.com/en/players/34e4343c/Anthony-Modeste,14,14,fr FRA,FW,32-299,76,0,0,0,0,1,0,0,0,23,0,0,0,0.0,0.0,0.0,1,0,12,20,60.0,2,8,1,0,0,https://fbref.com/en/players/34e4343c/Anthony-Modeste-Anthony Modeste,
1,Aimen Moueffek,https://fbref.com/en/players/2591b066/Aimen-Moueffek,34,34,fr FRA,FW,19-304,14,0,0,0,0,0,0,0,0,9,1,0,1,0.0,0.0,0.0,0,0,5,7,71.4,1,2,0,0,0,https://fbref.com/en/players/2591b066/Aimen-Moueffek-Aimen Moueffek,
2,Mahdi Camara,https://fbref.com/en/players/8577e60a/Mahdi-Camara,8,8,fr FRA,AM,22-222,90,0,0,0,0,1,0,0,0,56,5,2,2,0.1,0.1,0.0,2,0,35,42,83.3,3,18,1,2,1,https://fbref.com/en/players/8577e60a/Mahdi-Camara-Mahdi Camara,
3,Romain Hamouma,https://fbref.com/en/players/0b4d8274/Romain-Hamouma,21,21,fr FRA,AM,33-315,51,0,0,0,0,1,1,1,0,53,1,1,1,0.0,0.0,0.2,4,0,24,38,63.2,2,27,3,5,2,https://fbref.com/en/players/0b4d8274/Romain-Hamouma-Romain Hamouma,
4,Arnaud Nordin,https://fbref.com/en/players/7b9a9e25/Arnaud-Nordin,18,18,fr FRA,AM,22-235,39,0,0,0,0,0,0,0,0,15,0,0,0,0.0,0.0,0.0,2,0,9,12,75.0,2,11,3,1,1,https://fbref.com/en/players/7b9a9e25/Arnaud-Nordin-Arnaud Nordin,
5,Lucas Gourna-Douath,https://fbref.com/en/players/3cd7820a/Lucas-Gourna-Douath,33,33,fr FRA,CM,17-186,90,0,0,0,0,0,0,0,0,47,2,0,2,0.0,0.0,0.0,2,0,32,38,84.2,2,22,0,4,2,https://fbref.com/en/players/3cd7820a/Lucas-Gourna-Douath-Lucas Gourna-Douath,
6,Yvan Neyou,https://fbref.com/en/players/0ad37003/Yvan-Neyou,19,19,cm CMR,CM,24-035,76,0,0,0,0,2,0,0,0,51,2,0,1,0.1,0.1,0.0,0,0,32,42,76.2,1,23,1,3,3,https://fbref.com/en/players/0ad37003/Yvan-Neyou-Yvan Neyou,
7,Miguel Trauco,https://fbref.com/en/players/e4b72e34/Miguel-Trauco,13,13,pe PER,CM,28-166,14,0,0,0,0,0,0,0,0,12,0,0,0,0.0,0.0,0.1,1,0,6,9,66.7,0,3,0,0,0,https://fbref.com/en/players/e4b72e34/Miguel-Trauco-Miguel Trauco,
8,Denis Bouanga,https://fbref.com/en/players/0b0cbe5b/Denis-Bouanga,20,20,ga GAB,WB,26-088,90,0,0,0,0,2,1,0,0,58,6,3,2,0.0,0.0,0.0,0,0,27,36,75.0,1,29,1,1,0,https://fbref.com/en/players/0b0cbe5b/Denis-Bouanga-Denis Bouanga,
9,Kévin Monnet-Paquet,https://fbref.com/en/players/4a57580c/Kevin-Monnet-Paquet,22,22,fr FRA,WB,32-172,63,0,0,0,0,1,0,0,0,53,0,3,0,0.1,0.1,0.0,1,0,24,39,61.5,2,17,0,6,3,https://fbref.com/en/players/4a57580c/Kevin-Monnet-Paquet-Kévin Monnet-Paquet,
10,Zaydou Youssouf,https://fbref.com/en/players/e2f9bb5f/Zaydou-Youssouf,28,28,fr FRA,WB,21-211,27,0,0,0,0,0,0,0,0,8,1,0,0,0.0,0.0,0.0,0,0,5,6,83.3,0,2,0,0,0,https://fbref.com/en/players/e2f9bb5f/Zaydou-Youssouf-Zaydou Youssouf,
11,Timothée Kolodziejczak,https://fbref.com/en/players/ab096c6f/Timothee-Kolodziejczak,5,5,fr FRA,CB,29-129,90,0,0,0,0,0,0,1,0,59,1,1,0,0.0,0.0,0.1,2,0,45,57,78.9,1,27,0,0,0,https://fbref.com/en/players/ab096c6f/Timothee-Kolodziejczak-Timothée Kolodziejczak,
12,Pape Abou Cissé,https://fbref.com/en/players/8bc373ea/Pape-Abou-Cisse,6,6,sn SEN,CB,25-146,90,0,0,0,0,2,1,0,0,72,0,5,1,0.2,0.2,0.0,0,0,41,55,74.5,1,32,0,0,0,https://fbref.com/en/players/8bc373ea/Pape-Abou-Cisse-Pape Abou Cissé,
13,Harold Moukoudi,https://fbref.com/en/players/5f26e0c5/Harold-Moukoudi,2,2,cm CMR,CB,23-072,90,0,0,0,0,2,0,0,0,63,0,0,1,0.2,0.2,0.0,0,0,47,55,85.5,3,31,0,0,0,https://fbref.com/en/players/5f26e0c5/Harold-Moukoudi-Harold Moukoudi,
14,Jessy Moulin,https://fbref.com/en/players/28a65a2c/Jessy-Moulin,30,30,fr FRA,GK,35-025,90,0,0,0,0,0,0,0,0,37,0,0,0,0.0,0.0,0.0,0,0,21,36,58.3,0,20,0,0,0,https://fbref.com/en/players/28a65a2c/Jessy-Moulin-Jessy Moulin,
