,Player Name,Player Number,Player,#,Nation,Pos,Age,Min,Touches,Def Pen,Def 3rd,Mid 3rd,Att 3rd,Att Pen,Live,Att,Succ,Succ%,Tkld,Tkld%,Carries,TotDist,PrgDist,PrgC,1/3,CPA,Mis,Dis,Rec,PrgR,Player Key,Player Link
0,Anthony Modeste,https://fbref.com/en/players/34e4343c/Anthony-Modeste,14,14,fr FRA,FW,32-299,76,23,0,1,12,10,1,23,0,0,,0,,8,32,8,1,0,1,2,0,23,2,https://fbref.com/en/players/34e4343c/Anthony-Modeste-Anthony Modeste,
1,Aimen Moueffek,https://fbref.com/en/players/2591b066/Aimen-Moueffek,34,34,fr FRA,FW,19-304,14,9,0,3,6,0,0,9,0,0,,0,,2,3,0,0,0,0,0,0,4,0,https://fbref.com/en/players/2591b066/Aimen-Moueffek-Aimen Moueffek,
2,Mahdi Camara,https://fbref.com/en/players/8577e60a/Mahdi-Camara,8,8,fr FRA,AM,22-222,90,56,0,9,38,9,2,56,2,1,50.0,1,50.0,18,145,33,1,2,0,1,3,30,1,https://fbref.com/en/players/8577e60a/Mahdi-Camara-Mahdi Camara,
3,Romain Hamouma,https://fbref.com/en/players/0b4d8274/Romain-Hamouma,21,21,fr FRA,AM,33-315,51,53,0,1,26,28,2,53,5,2,40.0,3,60.0,27,207,62,3,2,1,3,3,33,5,https://fbref.com/en/players/0b4d8274/Romain-Hamouma-Romain Hamouma,
4,Arnaud Nordin,https://fbref.com/en/players/7b9a9e25/Arnaud-Nordin,18,18,fr FRA,AM,22-235,39,15,0,0,11,4,1,15,1,1,100.0,0,0.0,11,128,91,3,1,1,2,1,14,2,https://fbref.com/en/players/7b9a9e25/Arnaud-Nordin-Arnaud Nordin,
5,Lucas Gourna-Douath,https://fbref.com/en/players/3cd7820a/Lucas-Gourna-Douath,33,33,fr FRA,CM,17-186,90,47,2,15,32,3,0,47,4,2,50.0,2,50.0,22,142,74,0,2,0,1,2,26,0,https://fbref.com/en/players/3cd7820a/Lucas-Gourna-Douath-Lucas Gourna-Douath,
6,Yvan Neyou,https://fbref.com/en/players/0ad37003/Yvan-Neyou,19,19,cm CMR,CM,24-035,76,51,1,7,36,9,1,51,3,3,100.0,0,0.0,23,126,41,1,2,0,2,0,36,3,https://fbref.com/en/players/0ad37003/Yvan-Neyou-Yvan Neyou,
7,Miguel Trauco,https://fbref.com/en/players/e4b72e34/Miguel-Trauco,13,13,pe PER,CM,28-166,14,12,1,2,8,2,0,12,0,0,,0,,3,6,0,0,0,0,2,0,7,0,https://fbref.com/en/players/e4b72e34/Miguel-Trauco-Miguel Trauco,
8,Denis Bouanga,https://fbref.com/en/players/0b0cbe5b/Denis-Bouanga,20,20,ga GAB,WB,26-088,90,58,1,11,33,14,1,58,1,0,0.0,1,100.0,29,113,44,1,1,1,7,4,37,4,https://fbref.com/en/players/0b0cbe5b/Denis-Bouanga-Denis Bouanga,
9,Kévin Monnet-Paquet,https://fbref.com/en/players/4a57580c/Kevin-Monnet-Paquet,22,22,fr FRA,WB,32-172,63,53,2,11,23,20,1,53,6,3,50.0,3,50.0,17,120,24,0,0,0,0,1,22,3,https://fbref.com/en/players/4a57580c/Kevin-Monnet-Paquet-Kévin Monnet-Paquet,
10,Zaydou Youssouf,https://fbref.com/en/players/e2f9bb5f/Zaydou-Youssouf,28,28,fr FRA,WB,21-211,27,8,1,6,1,1,0,8,0,0,,0,,2,5,5,0,0,0,0,0,2,0,https://fbref.com/en/players/e2f9bb5f/Zaydou-Youssouf-Zaydou Youssouf,
11,Timothée Kolodziejczak,https://fbref.com/en/players/ab096c6f/Timothee-Kolodziejczak,5,5,fr FRA,CB,29-129,90,59,2,22,29,8,1,59,0,0,,0,,27,73,30,0,1,0,0,0,33,0,https://fbref.com/en/players/ab096c6f/Timothee-Kolodziejczak-Timothée Kolodziejczak,
12,Pape Abou Cissé,https://fbref.com/en/players/8bc373ea/Pape-Abou-Cisse,6,6,sn SEN,CB,25-146,90,72,11,47,23,2,2,72,0,0,,0,,32,199,75,0,0,0,0,0,41,0,https://fbref.com/en/players/8bc373ea/Pape-Abou-Cisse-Pape Abou Cissé,
13,Harold Moukoudi,https://fbref.com/en/players/5f26e0c5/Harold-Moukoudi,2,2,cm CMR,CB,23-072,90,63,4,27,33,3,2,63,0,0,,0,,31,121,46,0,0,0,0,0,42,1,https://fbref.com/en/players/5f26e0c5/Harold-Moukoudi-Harold Moukoudi,
14,Jessy Moulin,https://fbref.com/en/players/28a65a2c/Jessy-Moulin,30,30,fr FRA,GK,35-025,90,37,35,37,0,0,0,37,0,0,,0,,20,72,24,0,0,0,0,0,13,0,https://fbref.com/en/players/28a65a2c/Jessy-Moulin-Jessy Moulin,
