,Player Name,Player Number,Player,#,Nation,Pos,Age,Min,Att,Live,Dead,FK,TB,Sw,Crs,TI,CK,In,Out,Str,Cmp,Off,Blocks,Player Key,Player Link
0,Anthony Modeste,https://fbref.com/en/players/34e4343c/Anthony-Modeste,14,14,fr FRA,FW,32-299,76,20,20,0,0,0,0,1,0,0,0,0,0,12,0,0,https://fbref.com/en/players/34e4343c/Anthony-Modeste-Anthony Modeste,
1,Aimen Moueffek,https://fbref.com/en/players/2591b066/Aimen-Moueffek,34,34,fr FRA,FW,19-304,14,7,7,0,0,0,0,0,0,0,0,0,0,5,0,0,https://fbref.com/en/players/2591b066/Aimen-Moueffek-Aimen Moueffek,
2,Mahdi Camara,https://fbref.com/en/players/8577e60a/Mahdi-Camara,8,8,fr FRA,AM,22-222,90,42,42,0,0,0,0,1,0,0,0,0,0,35,0,2,https://fbref.com/en/players/8577e60a/Mahdi-Camara-Mahdi Camara,
3,Romain Hamouma,https://fbref.com/en/players/0b4d8274/Romain-Hamouma,21,21,fr FRA,AM,33-315,51,38,30,8,0,0,0,9,0,7,1,6,0,24,0,0,https://fbref.com/en/players/0b4d8274/Romain-Hamouma-Romain Hamouma,
4,Arnaud Nordin,https://fbref.com/en/players/7b9a9e25/Arnaud-Nordin,18,18,fr FRA,AM,22-235,39,12,10,2,1,0,1,2,0,1,1,0,0,9,0,0,https://fbref.com/en/players/7b9a9e25/Arnaud-Nordin-Arnaud Nordin,
5,Lucas Gourna-Douath,https://fbref.com/en/players/3cd7820a/Lucas-Gourna-Douath,33,33,fr FRA,CM,17-186,90,38,37,1,1,1,0,0,0,0,0,0,0,32,0,1,https://fbref.com/en/players/3cd7820a/Lucas-Gourna-Douath-Lucas Gourna-Douath,
6,Yvan Neyou,https://fbref.com/en/players/0ad37003/Yvan-Neyou,19,19,cm CMR,CM,24-035,76,42,42,0,0,0,0,0,0,0,0,0,0,32,0,0,https://fbref.com/en/players/0ad37003/Yvan-Neyou-Yvan Neyou,
7,Miguel Trauco,https://fbref.com/en/players/e4b72e34/Miguel-Trauco,13,13,pe PER,CM,28-166,14,9,7,2,2,0,0,1,0,0,0,0,0,6,0,0,https://fbref.com/en/players/e4b72e34/Miguel-Trauco-Miguel Trauco,
8,Denis Bouanga,https://fbref.com/en/players/0b0cbe5b/Denis-Bouanga,20,20,ga GAB,WB,26-088,90,36,35,1,1,0,0,3,0,0,0,0,0,27,0,1,https://fbref.com/en/players/0b0cbe5b/Denis-Bouanga-Denis Bouanga,
9,Kévin Monnet-Paquet,https://fbref.com/en/players/4a57580c/Kevin-Monnet-Paquet,22,22,fr FRA,WB,32-172,63,39,32,7,0,0,0,1,7,0,0,0,0,24,0,6,https://fbref.com/en/players/4a57580c/Kevin-Monnet-Paquet-Kévin Monnet-Paquet,
10,Zaydou Youssouf,https://fbref.com/en/players/e2f9bb5f/Zaydou-Youssouf,28,28,fr FRA,WB,21-211,27,6,6,0,0,0,1,1,0,0,0,0,0,5,0,0,https://fbref.com/en/players/e2f9bb5f/Zaydou-Youssouf-Zaydou Youssouf,
11,Timothée Kolodziejczak,https://fbref.com/en/players/ab096c6f/Timothee-Kolodziejczak,5,5,fr FRA,CB,29-129,90,57,43,13,0,0,0,0,13,0,0,0,0,45,1,0,https://fbref.com/en/players/ab096c6f/Timothee-Kolodziejczak-Timothée Kolodziejczak,
12,Pape Abou Cissé,https://fbref.com/en/players/8bc373ea/Pape-Abou-Cisse,6,6,sn SEN,CB,25-146,90,55,53,2,2,0,0,0,0,0,0,0,0,41,0,0,https://fbref.com/en/players/8bc373ea/Pape-Abou-Cisse-Pape Abou Cissé,
13,Harold Moukoudi,https://fbref.com/en/players/5f26e0c5/Harold-Moukoudi,2,2,cm CMR,CB,23-072,90,55,50,5,0,0,0,0,5,0,0,0,0,47,0,0,https://fbref.com/en/players/5f26e0c5/Harold-Moukoudi-Harold Moukoudi,
14,Jessy Moulin,https://fbref.com/en/players/28a65a2c/Jessy-Moulin,30,30,fr FRA,GK,35-025,90,36,22,14,1,0,0,0,0,0,0,0,0,21,0,0,https://fbref.com/en/players/28a65a2c/Jessy-Moulin-Jessy Moulin,
