,Minute,Player,Squad,xG,PSxG,Outcome,Distance,Body Part,Notes,SCA 1 Player,SCA 1 Event,SCA 2 Player,SCA 2 Event
0,6,Kévin Monnet-Paquet,Saint-Étienne,0.05,,Blocked,13,Right Foot,,Kévin Monnet-Paquet,Pass (Live),Romain Hamouma,Pass (Live)
1,8,Mahdi Camara,Saint-Étienne,0.05,,Blocked,13,Right Foot,,,,,
2,9,Pape Abou Cissé,Saint-Étienne,0.06,,Off Target,12,Head,,Romain Hamouma,Pass (Dead),Mahdi Camara,Shot
3,14,Romain Hamouma,Saint-Étienne,0.05,0.21,Saved,29,Right Foot,Free kick,Mahdi Camara,Fouled,,
4,18,Harold Moukoudi,Saint-Étienne,0.14,,Off Target,8,Head,,Romain Hamouma,Pass (Dead),,
5,22,Farid Boulaya,Metz,0.10,,Blocked,9,Right Foot,Volley,Fabien Centonze,Pass (Live),Dylan Bronn,Pass (Live)
6,23,Dylan Bronn,Metz,0.02,,Off Target,33,Right Foot,,Habib Maïga,Pass (Live),Farid Boulaya,Pass (Live)
7,33,Anthony Modeste,Saint-Étienne,0.03,,Blocked,29,Right Foot,,Romain Hamouma,Pass (Live),,
8,35,Matthieu Udol,Metz,0.04,,Saved off Target,19,Left Foot,,,,,
9,38,Fabien Centonze,Metz,0.03,,Blocked,27,Left Foot,,Fabien Centonze,Take-On,Habib Maïga,Pass (Live)
10,45+1,Yvan Neyou,Saint-Étienne,0.05,,Blocked,19,Right Foot,Volley,,,,
11,,,,,,,,,,,,,
12,47,Denis Bouanga,Saint-Étienne,0.03,,Off Target,24,Right Foot,,Anthony Modeste,Pass (Live),Timothée Kolodziejczak,Pass (Dead)
13,54,Fabien Centonze,Metz,0.03,,Off Target,23,Right Foot,,Fabien Centonze,Fouled,Habib Maïga,Pass (Live)
14,55,Denis Bouanga,Saint-Étienne,0.02,0.06,Saved,40,Right Foot,,,,,
15,56,Habib Maïga,Metz,0.09,,Off Target,8,Head,,Farid Boulaya,Pass (Dead),Pape Matar Sarr,Pass (Live)
16,69,Farid Boulaya,Metz,0.03,,Off Target,31,Right Foot,,Pape Matar Sarr,Pass (Live),John Boye,Pass (Live)
17,75,Yvan Neyou,Saint-Étienne,0.02,,Off Target,35,Right Foot,,Lucas Gourna-Douath,Pass (Live),Lucas Gourna-Douath,Tackle
18,78,Pape Abou Cissé,Saint-Étienne,0.12,0.02,Saved,10,Head,,Timothée Kolodziejczak,Pass (Live),Arnaud Nordin,Pass (Dead)
19,82,Harold Moukoudi,Saint-Étienne,0.07,,Off Target,13,Head,,Miguel Trauco,Pass (Dead),Arnaud Nordin,Fouled
20,85,Papa Ndiaga Yade,Metz,0.03,,Off Target,25,Left Foot,,Pape Matar Sarr,Pass (Live),John Boye,Pass (Live)
21,88,Pape Matar Sarr,Metz,0.02,,Off Target,39,Right Foot,,Dylan Bronn,Pass (Live),Habib Maïga,Pass (Live)
22,89,Papa Ndiaga Yade,Metz,0.03,,Off Target,28,Left Foot,,Habib Maïga,Pass (Live),Papa Ndiaga Yade,Pass (Live)
