season,injury,from,until,days,missed_games
23/24,unknown injury,"Nov 3, 2023","Nov 20, 2023",17 days,5
22/23,Rib fracture,"Nov 27, 2022","Jan 5, 2023",39 days,6
22/23,Hamstring injury,"Oct 16, 2022","Oct 30, 2022",14 days,4
21/22,Corona virus,"Jan 3, 2022","Jan 14, 2022",11 days,2
20/21,Calf problems,"Mar 29, 2021","Apr 5, 2021",7 days,2
20/21,Quarantine,"Oct 15, 2020","Oct 18, 2020",3 days,1
19/20,Inflammation in the knee,"Jan 26, 2020","Feb 18, 2020",23 days,6
19/20,Inflammation in the knee,"Jan 20, 2020","Jan 24, 2020",4 days,1
19/20,muscular problems,"Dec 13, 2019","Dec 17, 2019",4 days,1
19/20,Calf injury,"Aug 9, 2019","Aug 12, 2019",3 days,1
18/19,Ankle injury,"Feb 17, 2019","Feb 24, 2019",7 days,1
18/19,Ankle injury,"Jan 13, 2019","Jan 25, 2019",12 days,3
18/19,Rest,"Sep 25, 2018","Sep 30, 2018",5 days,1
17/18,Achilles tendon rupture,"Apr 3, 2018","Aug 23, 2018",142 days,17
17/18,Calf strain,"Jan 25, 2018","Mar 31, 2018",65 days,14
