season,injury,from,until,days,missed_games
22/23,Adductor pain,"Nov 5, 2022","Nov 14, 2022",9 days,2
21/22,Corona virus,"Dec 26, 2021","Dec 29, 2021",3 days,-
21/22,Adductor injury,"Dec 1, 2021","Jan 8, 2022",38 days,7
21/22,unknown injury,"Nov 23, 2021","Nov 26, 2021",3 days,1
21/22,Adductor pain,"Nov 3, 2021","Nov 5, 2021",2 days,1
20/21,Fitness,"Feb 5, 2021","Feb 7, 2021",2 days,1
20/21,Corona virus,"Jan 16, 2021","Feb 4, 2021",19 days,6
19/20,flu,"Jan 30, 2020","Feb 5, 2020",6 days,1
18/19,influenza,"Mar 16, 2019","Mar 25, 2019",9 days,4
18/19,unknown injury,"Aug 24, 2018","Aug 31, 2018",7 days,1
17/18,Achilles tendon problems,"Nov 26, 2017","Dec 9, 2017",13 days,2
16/17,muscular problems,"Apr 29, 2017","May 11, 2017",12 days,1
16/17,Broken toe,"Apr 3, 2017","Apr 27, 2017",24 days,3
16/17,Ill,"Oct 26, 2016","Nov 9, 2016",14 days,2
15/16,Abdominal muscle strain,"Jan 20, 2016","Feb 23, 2016",34 days,5
