season,injury,from,until,days,missed_games
21/22,Corona virus,"Jan 10, 2022","Jan 14, 2022",4 days,-
21/22,Fitness,"Jul 14, 2021","Aug 16, 2021",33 days,3
20/21,Corona virus,"Oct 26, 2020","Oct 30, 2020",4 days,2
19/20,Ankle sprain,"Feb 22, 2020","Mar 9, 2020",16 days,2
19/20,Contracture,"Jan 12, 2020","Jan 18, 2020",6 days,1
19/20,stomach problems,"Oct 5, 2019","Oct 6, 2019",1 days,1
18/19,Hamstring muscle injury,"May 26, 2019","Jun 30, 2019",35 days,3
18/19,strain,"Apr 3, 2019","Apr 16, 2019",13 days,2
17/18,Adductor pain,"Dec 27, 2017","Dec 29, 2017",2 days,1
15/16,Head injury,"Mar 13, 2016","Mar 14, 2016",1 days,1
