season,injury,from,until,days,missed_games
23/24,Inflammation of pubic bone,"Nov 2, 2023","Mar 25, 2024",144 days,30
21/22,Calf injury,"Mar 10, 2023","Apr 5, 2023",26 days,3
22/23,muscular problems,"Dec 27, 2022","Dec 29, 2022",2 days,1
21/22,Corona virus,"Jan 2, 2022","Jan 15, 2022",13 days,3
21/22,Adductor pain,"Sep 2, 2021","Sep 13, 2021",11 days,1
20/21,Cruciate ligament tear,"Sep 16, 2020","Aug 29, 2021",347 days,60
19/20,Calf problems,"Jul 12, 2020","Jul 26, 2020",14 days,1
19/20,Calf problems,"Jan 13, 2020","Feb 10, 2020",28 days,8
17/18,muscular problems,"May 1, 2018","May 17, 2018",16 days,3
17/18,Ankle problems,"Mar 29, 2018","Apr 2, 2018",4 days,1
17/18,muscular problems,"Nov 27, 2017","Dec 14, 2017",17 days,4
17/18,Fitness,"Oct 19, 2017","Nov 16, 2017",28 days,7
17/18,Syndesmotic ligament tear,"Jul 24, 2017","Oct 19, 2017",87 days,17
16/17,muscular problems,"Mar 9, 2017","Mar 13, 2017",4 days,1
16/17,muscular problems,"Oct 10, 2016","Oct 17, 2016",7 days,1
