season,injury,from,until,days,missed_games
23/24,Cruciate ligament tear,"May 1, 2024","Dec 1, 2024",214 days,20
23/24,unknown injury,"Apr 4, 2024","Apr 10, 2024",6 days,2
22/23,Cruciate ligament tear,"Nov 23, 2022","Jun 30, 2023",219 days,35
22/23,Torn muscle bundle,"Sep 14, 2022","Oct 31, 2022",47 days,12
21/22,muscular problems,"Jun 9, 2022","Jun 13, 2022",4 days,2
21/22,muscular problems,"Apr 14, 2022","Apr 21, 2022",7 days,1
21/22,Thigh problems,"Apr 7, 2022","Apr 11, 2022",4 days,1
21/22,Corona virus,"Jan 3, 2022","Jan 17, 2022",14 days,2
21/22,Meniscus tear,"Jun 28, 2021","Aug 30, 2021",63 days,5
20/21,Bruised ribs,"Apr 8, 2021","Apr 12, 2021",4 days,1
20/21,Thigh problems,"Dec 3, 2020","Dec 7, 2020",4 days,1
19/20,Tendon irritation,"Mar 2, 2020","Mar 5, 2020",3 days,1
19/20,Fitness,"Jan 20, 2020","Feb 3, 2020",14 days,2
19/20,Inner ankle ligament tear,"Oct 24, 2019","Jan 20, 2020",88 days,16
19/20,Knee bruise,"Sep 30, 2019","Oct 10, 2019",10 days,2
