season,injury,from,until,days,missed_games
23/24,Achilles tendon contusion,"Feb 18, 2024","Apr 4, 2024",46 days,10
23/24,Hamstring injury,"Nov 23, 2023","Dec 3, 2023",10 days,3
23/24,Adductor pain,"Oct 28, 2023","Nov 1, 2023",4 days,1
22/23,Dead leg,"Feb 15, 2023","Feb 22, 2023",7 days,1
22/23,Rest,"Nov 12, 2022","Nov 14, 2022",2 days,1
21/22,Fitness,"Jul 12, 2021","Aug 16, 2021",35 days,3
20/21,Adductor pain,"Apr 8, 2021","Apr 25, 2021",17 days,5
20/21,Adductor pain,"Jan 23, 2021","Feb 5, 2021",13 days,2
20/21,Hip problems,"Dec 10, 2020","Dec 17, 2020",7 days,2
20/21,Adductor pain,"Nov 25, 2020","Dec 1, 2020",6 days,1
20/21,Adductor pain,"Oct 14, 2020","Oct 18, 2020",4 days,1
20/21,Corona virus,"Sep 2, 2020","Sep 16, 2020",14 days,3
19/20,Hamstring strain,"Jan 23, 2020","Feb 13, 2020",21 days,6
19/20,Groin problems,"Jan 13, 2020","Jan 20, 2020",7 days,2
18/19,Ill,"Apr 5, 2019","Apr 18, 2019",13 days,3
