season,injury,from,until,days,missed_games
22/23,Hamstring injury,"May 1, 2023","Feb 12, 2024",287 days,44
22/23,Muscle injury,"Nov 29, 2022","Jan 16, 2023",48 days,8
22/23,Muscle injury,"Nov 21, 2022","Nov 25, 2022",4 days,1
22/23,Hamstring injury,"Oct 3, 2022","Oct 23, 2022",20 days,5
21/22,Ankle injury,"Aug 2, 2021","Aug 19, 2021",17 days,2
20/21,minor knock,"Jun 17, 2021","Jun 21, 2021",4 days,1
20/21,Rest,"Feb 1, 2021","Feb 8, 2021",7 days,2
20/21,Corona virus,"Jan 11, 2021","Jan 25, 2021",14 days,4
20/21,Foot bruise,"Nov 30, 2020","Dec 10, 2020",10 days,1
20/21,Foot bruise,"Nov 16, 2020","Nov 26, 2020",10 days,2
