season,injury,from,until,days,missed_games
22/23,Hamstring injury,"Jan 29, 2023","Apr 28, 2023",89 days,19
21/22,Corona virus,"Dec 29, 2021","Jan 5, 2022",7 days,2
21/22,Hamstring injury,"Nov 4, 2021","Nov 22, 2021",18 days,4
20/21,Knee injury,"Jun 20, 2021","Nov 1, 2021",134 days,21
20/21,unknown injury,"Apr 21, 2021","Apr 23, 2021",2 days,1
20/21,Hamstring injury,"Dec 6, 2020","Dec 28, 2020",22 days,5
19/20,Hamstring injury,"Feb 4, 2020","Aug 13, 2020",191 days,19
19/20,Torn muscle bundle,"Nov 28, 2019","Feb 2, 2020",66 days,13
19/20,muscular problems,"Sep 27, 2019","Sep 30, 2019",3 days,1
19/20,Hamstring injury,"Aug 19, 2019","Sep 22, 2019",34 days,7
18/19,Hamstring injury,"May 5, 2019","Jun 16, 2019",42 days,7
18/19,Torn muscle bundle,"Mar 14, 2019","Apr 9, 2019",26 days,6
18/19,Ankle injury,"Jan 21, 2019","Feb 8, 2019",18 days,5
17/18,Torn muscle bundle,"Jan 15, 2018","Feb 10, 2018",26 days,7
17/18,Hamstring injury,"Sep 17, 2017","Jan 1, 2018",106 days,24
