season,injury,from,until,days,missed_games
22/23,Achilles tendon rupture,"Feb 26, 2023",,498 days,68
22/23,Achilles tendon problems,"Nov 14, 2022","Feb 9, 2023",87 days,10
22/23,Achilles tendon problems,"Nov 1, 2022","Nov 7, 2022",6 days,2
22/23,Hamstring injury,"Sep 12, 2022","Oct 24, 2022",42 days,8
22/23,Calf injury,"Aug 30, 2022","Sep 1, 2022",2 days,1
21/22,Thigh problems,"Nov 4, 2021","Nov 15, 2021",11 days,1
20/21,Rest,"Jan 21, 2021","Jan 25, 2021",4 days,1
20/21,Muscle injury,"Dec 21, 2020","Jan 14, 2021",24 days,4
20/21,Hairline crack in foot,"Nov 5, 2020","Nov 9, 2020",4 days,1
19/20,Thigh problems,"Feb 10, 2020","Feb 17, 2020",7 days,2
19/20,Hamstring injury,"Dec 5, 2019","Jan 13, 2020",39 days,8
19/20,Fitness,"Aug 12, 2019","Aug 22, 2019",10 days,1
18/19,Pubalgia,"May 23, 2019","Aug 12, 2019",81 days,6
18/19,Hamstring injury,"May 20, 2019","Jul 1, 2019",42 days,4
15/16,Ankle injury,"Oct 15, 2015","Nov 2, 2015",18 days,4
