,Player Name,Player Number,Player,#,Nation,Pos,Age,Min,CrdY,CrdR,2CrdY,Fls,Fld,Off,Crs,Int,TklW,PKwon,PKcon,OG,Recov,Won,Lost,Won%,Player Key,Player Link
0,Luis Muriel,https://fbref.com/en/players/eb2fe5b6/Luis-Muriel,9,9,co COL,"FW,AM",29-334,83,0,0,0,1,1,0,8,0,0,0,0,0,1,0,1,0.0,https://fbref.com/en/players/eb2fe5b6/Luis-Muriel-Luis Muriel,
1,Aleksei Miranchuk,https://fbref.com/en/players/a9aa0d1d/Aleksei-Miranchuk,59,59,ru RUS,AM,25-150,7,0,0,0,1,0,0,1,0,0,0,0,0,0,0,0,,https://fbref.com/en/players/a9aa0d1d/Aleksei-Miranchuk-Aleksei Miranchuk,
2,Mario Pašalić,https://fbref.com/en/players/e599253a/Mario-Pasalic,88,88,hr CRO,AM,26-035,45,0,0,0,0,0,0,0,0,0,0,0,0,5,0,2,0.0,https://fbref.com/en/players/e599253a/Mario-Pasalic-Mario Pašalić,
3,Duván Zapata,https://fbref.com/en/players/d3de9af0/Duvan-Zapata,91,91,co COL,FW,29-349,45,0,0,0,1,0,0,1,1,0,0,0,0,2,0,0,,https://fbref.com/en/players/d3de9af0/Duvan-Zapata-Duván Zapata,
4,Ruslan Malinovskyi,https://fbref.com/en/players/48d5bd33/Ruslan-Malinovskyi,18,18,ua UKR,"AM,CM",27-316,90,0,0,0,3,1,0,6,1,0,0,0,0,6,0,0,,https://fbref.com/en/players/48d5bd33/Ruslan-Malinovskyi-Ruslan Malinovskyi,
5,Marten de Roon,https://fbref.com/en/players/2a1beb34/Marten-de-Roon,15,15,nl NED,"CM,CB",29-352,90,0,0,0,3,1,0,1,2,0,0,0,0,4,0,0,,https://fbref.com/en/players/2a1beb34/Marten-de-Roon-Marten de Roon,
6,Matteo Pessina,https://fbref.com/en/players/780e3631/Matteo-Pessina,32,32,it ITA,CM,23-329,83,0,0,0,0,2,0,1,0,1,0,0,0,6,0,1,0.0,https://fbref.com/en/players/780e3631/Matteo-Pessina-Matteo Pessina,
7,Mattia Caldara,https://fbref.com/en/players/ac7e640b/Mattia-Caldara,13,13,it ITA,CM,26-315,7,0,0,0,0,0,0,0,0,0,0,0,0,1,0,0,,https://fbref.com/en/players/ac7e640b/Mattia-Caldara-Mattia Caldara,
8,Robin Gosens,https://fbref.com/en/players/2d970560/Robin-Gosens,8,8,de GER,WB,26-254,56,0,0,0,0,1,0,1,1,1,0,0,0,7,1,0,100.0,https://fbref.com/en/players/2d970560/Robin-Gosens-Robin Gosens,
9,Josip Iličić,https://fbref.com/en/players/68252d6d/Josip-Ilicic,72,72,si SVN,"WB,AM",33-046,34,0,0,0,0,2,0,0,0,0,0,0,0,8,0,0,,https://fbref.com/en/players/68252d6d/Josip-Ilicic-Josip Iličić,
10,Joakim Mæhle,https://fbref.com/en/players/c459a650/Joakim-Maehle,3,3,dk DEN,WB,23-300,90,0,0,0,1,1,0,1,2,2,0,0,0,8,0,1,0.0,https://fbref.com/en/players/c459a650/Joakim-Maehle-Joakim Mæhle,
11,Berat Djimsiti,https://fbref.com/en/players/6eee05f1/Berat-Djimsiti,19,19,al ALB,"CB,WB",28-025,90,0,0,0,0,2,0,0,2,0,0,0,0,4,4,1,80.0,https://fbref.com/en/players/6eee05f1/Berat-Djimsiti-Berat Djimsiti,
12,Cristian Romero,https://fbref.com/en/players/a3d94a58/Cristian-Romero,17,17,ar ARG,CB,22-323,90,0,0,0,2,1,0,0,1,1,0,0,0,11,0,1,0.0,https://fbref.com/en/players/a3d94a58/Cristian-Romero-Cristian Romero,
13,Rafael Tolói,https://fbref.com/en/players/c56dc39e/Rafael-Toloi,2,2,it ITA,CB,30-157,60,1,0,0,1,2,0,0,0,3,0,1,0,3,0,0,,https://fbref.com/en/players/c56dc39e/Rafael-Toloi-Rafael Tolói,
14,José Luis Palomino,https://fbref.com/en/players/921f6058/Jose-Luis-Palomino,6,6,ar ARG,CB,31-070,30,0,0,0,0,0,0,0,2,1,0,0,0,0,1,0,100.0,https://fbref.com/en/players/921f6058/Jose-Luis-Palomino-José Luis Palomino,
15,Marco Sportiello,https://fbref.com/en/players/ac4003af/Marco-Sportiello,57,57,it ITA,GK,28-310,90,0,0,0,0,0,0,0,0,0,0,0,0,3,0,0,,https://fbref.com/en/players/ac4003af/Marco-Sportiello-Marco Sportiello,
