,Player Name,Player Number,Player,#,Nation,Pos,Age,Min,Touches,Def Pen,Def 3rd,Mid 3rd,Att 3rd,Att Pen,Live,Att,Succ,Succ%,Tkld,Tkld%,Carries,TotDist,PrgDist,PrgC,1/3,CPA,Mis,Dis,Rec,PrgR,Player Key,Player Link
0,Luis Muriel,https://fbref.com/en/players/eb2fe5b6/Luis-Muriel,9,9,co COL,"FW,AM",29-334,83,44,0,2,12,30,2,44,2,0,0.0,2,100.0,30,193,67,3,2,1,3,2,35,5,https://fbref.com/en/players/eb2fe5b6/Luis-Muriel-Luis Muriel,
1,Aleksei Miranchuk,https://fbref.com/en/players/a9aa0d1d/Aleksei-Miranchuk,59,59,ru RUS,AM,25-150,7,8,0,1,1,6,0,8,1,1,100.0,0,0.0,6,33,13,0,1,0,2,0,7,1,https://fbref.com/en/players/a9aa0d1d/Aleksei-Miranchuk-Aleksei Miranchuk,
2,Mario Pašalić,https://fbref.com/en/players/e599253a/Mario-Pasalic,88,88,hr CRO,AM,26-035,45,28,0,1,13,16,0,28,1,1,100.0,0,0.0,22,133,44,1,2,0,2,1,23,7,https://fbref.com/en/players/e599253a/Mario-Pasalic-Mario Pašalić,
3,Duván Zapata,https://fbref.com/en/players/d3de9af0/Duvan-Zapata,91,91,co COL,FW,29-349,45,22,0,1,5,17,5,22,2,1,50.0,1,50.0,12,100,53,4,2,2,2,0,17,10,https://fbref.com/en/players/d3de9af0/Duvan-Zapata-Duván Zapata,
4,Ruslan Malinovskyi,https://fbref.com/en/players/48d5bd33/Ruslan-Malinovskyi,18,18,ua UKR,"AM,CM",27-316,90,62,0,9,32,23,0,62,6,4,66.7,2,33.3,36,210,125,4,2,0,3,1,45,4,https://fbref.com/en/players/48d5bd33/Ruslan-Malinovskyi-Ruslan Malinovskyi,
5,Marten de Roon,https://fbref.com/en/players/2a1beb34/Marten-de-Roon,15,15,nl NED,"CM,CB",29-352,90,77,1,19,40,18,0,77,2,0,0.0,2,100.0,41,253,148,3,0,0,1,0,57,2,https://fbref.com/en/players/2a1beb34/Marten-de-Roon-Marten de Roon,
6,Matteo Pessina,https://fbref.com/en/players/780e3631/Matteo-Pessina,32,32,it ITA,CM,23-329,83,49,1,11,29,10,3,49,1,1,100.0,0,0.0,29,207,135,2,1,0,1,1,39,4,https://fbref.com/en/players/780e3631/Matteo-Pessina-Matteo Pessina,
7,Mattia Caldara,https://fbref.com/en/players/ac7e640b/Mattia-Caldara,13,13,it ITA,CM,26-315,7,6,0,2,3,1,0,6,0,0,,0,,2,8,2,0,0,0,0,0,4,0,https://fbref.com/en/players/ac7e640b/Mattia-Caldara-Mattia Caldara,
8,Robin Gosens,https://fbref.com/en/players/2d970560/Robin-Gosens,8,8,de GER,WB,26-254,56,51,2,15,18,19,1,51,0,0,,0,,21,83,38,0,0,0,0,0,33,4,https://fbref.com/en/players/2d970560/Robin-Gosens-Robin Gosens,
9,Josip Iličić,https://fbref.com/en/players/68252d6d/Josip-Ilicic,72,72,si SVN,"WB,AM",33-046,34,31,2,4,13,14,0,31,0,0,,0,,19,95,44,0,2,0,1,1,24,3,https://fbref.com/en/players/68252d6d/Josip-Ilicic-Josip Iličić,
10,Joakim Mæhle,https://fbref.com/en/players/c459a650/Joakim-Maehle,3,3,dk DEN,WB,23-300,90,46,1,9,20,19,1,46,2,1,50.0,1,50.0,22,162,46,1,2,0,3,0,24,5,https://fbref.com/en/players/c459a650/Joakim-Maehle-Joakim Mæhle,
11,Berat Djimsiti,https://fbref.com/en/players/6eee05f1/Berat-Djimsiti,19,19,al ALB,"CB,WB",28-025,90,80,2,26,37,17,4,80,1,0,0.0,1,100.0,36,202,112,2,2,0,0,0,46,2,https://fbref.com/en/players/6eee05f1/Berat-Djimsiti-Berat Djimsiti,
12,Cristian Romero,https://fbref.com/en/players/a3d94a58/Cristian-Romero,17,17,ar ARG,CB,22-323,90,55,4,24,28,3,1,55,0,0,,0,,31,155,68,0,0,0,0,0,29,0,https://fbref.com/en/players/a3d94a58/Cristian-Romero-Cristian Romero,
13,Rafael Tolói,https://fbref.com/en/players/c56dc39e/Rafael-Toloi,2,2,it ITA,CB,30-157,60,29,1,12,14,3,0,29,2,2,100.0,0,0.0,13,69,39,0,1,0,1,0,19,0,https://fbref.com/en/players/c56dc39e/Rafael-Toloi-Rafael Tolói,
14,José Luis Palomino,https://fbref.com/en/players/921f6058/Jose-Luis-Palomino,6,6,ar ARG,CB,31-070,30,23,0,8,14,1,0,23,0,0,,0,,6,30,5,0,0,0,0,0,9,0,https://fbref.com/en/players/921f6058/Jose-Luis-Palomino-José Luis Palomino,
15,Marco Sportiello,https://fbref.com/en/players/ac4003af/Marco-Sportiello,57,57,it ITA,GK,28-310,90,23,20,23,1,0,0,23,0,0,,0,,9,51,29,0,0,0,0,0,6,0,https://fbref.com/en/players/ac4003af/Marco-Sportiello-Marco Sportiello,
