,Player Name,Player Number,Player,#,Nation,Pos,Age,Min,Touches,Def Pen,Def 3rd,Mid 3rd,Att 3rd,Att Pen,Live,Att,Succ,Succ%,Tkld,Tkld%,Carries,TotDist,PrgDist,PrgC,1/3,CPA,Mis,Dis,Rec,PrgR,Player Key,Player Link
0,Vinicius Júnior,https://fbref.com/en/players/7111d552/Vinicius-Junior,20,20,br BRA,FW,20-247,68,34,0,5,9,21,4,34,5,4,80.0,1,20.0,26,296,196,6,7,4,3,2,27,4,https://fbref.com/en/players/7111d552/Vinicius-Junior-Vinicius Júnior,
1,Rodrygo,https://fbref.com/en/players/8f5e92a6/Rodrygo,25,25,br BRA,"FW,AM",20-066,22,20,0,5,10,5,2,20,1,1,100.0,0,0.0,10,64,10,0,0,1,3,0,13,2,https://fbref.com/en/players/8f5e92a6/Rodrygo-Rodrygo,
2,Karim Benzema,https://fbref.com/en/players/70d74ece/Karim-Benzema,9,9,fr FRA,FW,33-087,90,58,1,8,31,20,7,58,3,3,100.0,0,0.0,32,217,75,4,1,1,2,2,47,5,https://fbref.com/en/players/70d74ece/Karim-Benzema-Karim Benzema,
3,Toni Kroos,https://fbref.com/en/players/6ce1f46f/Toni-Kroos,8,8,de GER,CM,31-071,90,100,5,31,63,8,0,100,5,4,80.0,1,20.0,59,216,65,2,2,0,0,0,75,1,https://fbref.com/en/players/6ce1f46f/Toni-Kroos-Toni Kroos,
4,Luka Modrić,https://fbref.com/en/players/6025fab1/Luka-Modric,10,10,hr CRO,CM,35-188,90,105,1,32,68,6,1,105,0,0,,0,,81,320,131,1,2,0,0,0,79,1,https://fbref.com/en/players/6025fab1/Luka-Modric-Luka Modrić,
5,Federico Valverde,https://fbref.com/en/players/0959c2a2/Federico-Valverde,15,15,uy URU,CM,22-237,81,46,0,6,33,7,2,46,1,1,100.0,0,0.0,33,267,150,3,2,1,4,0,40,2,https://fbref.com/en/players/0959c2a2/Federico-Valverde-Federico Valverde,
6,Marco Asensio,https://fbref.com/en/players/45af8a54/Marco-Asensio,11,11,es ESP,AM,25-054,9,12,0,2,8,3,1,12,1,0,0.0,1,100.0,9,31,17,0,0,0,0,1,9,0,https://fbref.com/en/players/45af8a54/Marco-Asensio-Marco Asensio,
7,Ferland Mendy,https://fbref.com/en/players/3cefcaef/Ferland-Mendy,23,23,fr FRA,WB,25-281,90,47,1,13,21,14,2,47,1,1,100.0,0,0.0,33,165,78,3,0,1,2,3,36,6,https://fbref.com/en/players/3cefcaef/Ferland-Mendy-Ferland Mendy,
8,Lucas Vázquez,https://fbref.com/en/players/fd51b456/Lucas-Vazquez,17,17,es ESP,WB,29-258,90,72,0,18,31,24,2,72,4,3,75.0,1,25.0,39,227,140,3,4,2,6,2,47,5,https://fbref.com/en/players/fd51b456/Lucas-Vazquez-Lucas Vázquez,
9,Nacho,https://fbref.com/en/players/2946f9a1/Nacho,6,6,es ESP,CB,31-057,90,48,5,14,28,6,3,48,1,1,100.0,0,0.0,26,122,55,2,1,1,3,0,30,2,https://fbref.com/en/players/2946f9a1/Nacho-Nacho,
10,Sergio Ramos,https://fbref.com/en/players/08511d65/Sergio-Ramos,4,4,es ESP,CB,34-351,63,30,9,21,8,1,1,29,0,0,,0,,14,39,8,0,0,0,0,0,15,0,https://fbref.com/en/players/08511d65/Sergio-Ramos-Sergio Ramos,
11,Éder Militão,https://fbref.com/en/players/2784f898/Eder-Militao,3,3,br BRA,CB,23-057,27,14,3,9,4,1,0,14,0,0,,0,,6,12,5,0,0,0,0,0,9,1,https://fbref.com/en/players/2784f898/Eder-Militao-Éder Militão,
12,Raphaël Varane,https://fbref.com/en/players/9f8e9423/Raphael-Varane,5,5,fr FRA,CB,27-325,90,63,8,43,19,1,0,63,0,0,,0,,33,178,36,1,0,0,1,0,35,0,https://fbref.com/en/players/9f8e9423/Raphael-Varane-Raphaël Varane,
13,Thibaut Courtois,https://fbref.com/en/players/1840e36d/Thibaut-Courtois,1,1,be BEL,GK,28-309,90,53,50,53,0,0,0,53,0,0,,0,,34,196,140,0,0,0,0,0,30,0,https://fbref.com/en/players/1840e36d/Thibaut-Courtois-Thibaut Courtois,
