,Player Name,Player Number,Player,#,Nation,Pos,Age,Min,Tkl,TklW,Def 3rd,Mid 3rd,Att 3rd,Tkl,Att,Tkl%,Lost,Blocks,Sh,Pass,Int,Tkl+Int,Clr,Err,Player Key,Player Link
0,Vinicius Júnior,https://fbref.com/en/players/7111d552/Vinicius-Junior,20,20,br BRA,FW,20-247,68,0,0,0,0,0,0,0,,0,1,0,1,1,1,0,0,https://fbref.com/en/players/7111d552/Vinicius-Junior-Vinicius Júnior,
1,Rodrygo,https://fbref.com/en/players/8f5e92a6/Rodrygo,25,25,br BRA,"FW,AM",20-066,22,1,0,1,0,0,1,1,100.0,0,2,0,2,0,1,0,0,https://fbref.com/en/players/8f5e92a6/Rodrygo-Rodrygo,
2,Karim Benzema,https://fbref.com/en/players/70d74ece/Karim-Benzema,9,9,fr FRA,FW,33-087,90,1,0,1,0,0,1,1,100.0,0,0,0,0,0,1,1,0,https://fbref.com/en/players/70d74ece/Karim-Benzema-Karim Benzema,
3,Toni Kroos,https://fbref.com/en/players/6ce1f46f/Toni-Kroos,8,8,de GER,CM,31-071,90,1,0,1,0,0,0,3,0.0,3,1,0,1,4,5,1,0,https://fbref.com/en/players/6ce1f46f/Toni-Kroos-Toni Kroos,
4,Luka Modrić,https://fbref.com/en/players/6025fab1/Luka-Modric,10,10,hr CRO,CM,35-188,90,3,2,3,0,0,3,4,75.0,1,0,0,0,5,8,0,0,https://fbref.com/en/players/6025fab1/Luka-Modric-Luka Modrić,
5,Federico Valverde,https://fbref.com/en/players/0959c2a2/Federico-Valverde,15,15,uy URU,CM,22-237,81,0,0,0,0,0,0,2,0.0,2,3,0,3,0,0,0,0,https://fbref.com/en/players/0959c2a2/Federico-Valverde-Federico Valverde,
6,Marco Asensio,https://fbref.com/en/players/45af8a54/Marco-Asensio,11,11,es ESP,AM,25-054,9,0,0,0,0,0,0,0,,0,0,0,0,0,0,0,0,https://fbref.com/en/players/45af8a54/Marco-Asensio-Marco Asensio,
7,Ferland Mendy,https://fbref.com/en/players/3cefcaef/Ferland-Mendy,23,23,fr FRA,WB,25-281,90,0,0,0,0,0,0,1,0.0,1,0,0,0,0,0,1,0,https://fbref.com/en/players/3cefcaef/Ferland-Mendy-Ferland Mendy,
8,Lucas Vázquez,https://fbref.com/en/players/fd51b456/Lucas-Vazquez,17,17,es ESP,WB,29-258,90,4,4,0,3,1,2,3,66.7,1,2,0,2,1,5,1,0,https://fbref.com/en/players/fd51b456/Lucas-Vazquez-Lucas Vázquez,
9,Nacho,https://fbref.com/en/players/2946f9a1/Nacho,6,6,es ESP,CB,31-057,90,4,1,2,2,0,2,4,50.0,2,3,1,2,3,7,1,0,https://fbref.com/en/players/2946f9a1/Nacho-Nacho,
10,Sergio Ramos,https://fbref.com/en/players/08511d65/Sergio-Ramos,4,4,es ESP,CB,34-351,63,0,0,0,0,0,0,0,,0,2,1,1,3,3,5,0,https://fbref.com/en/players/08511d65/Sergio-Ramos-Sergio Ramos,
11,Éder Militão,https://fbref.com/en/players/2784f898/Eder-Militao,3,3,br BRA,CB,23-057,27,1,0,1,0,0,0,0,,0,3,1,2,0,1,1,0,https://fbref.com/en/players/2784f898/Eder-Militao-Éder Militão,
12,Raphaël Varane,https://fbref.com/en/players/9f8e9423/Raphael-Varane,5,5,fr FRA,CB,27-325,90,0,0,0,0,0,0,1,0.0,1,1,0,1,4,4,8,0,https://fbref.com/en/players/9f8e9423/Raphael-Varane-Raphaël Varane,
13,Thibaut Courtois,https://fbref.com/en/players/1840e36d/Thibaut-Courtois,1,1,be BEL,GK,28-309,90,0,0,0,0,0,0,0,,0,0,0,0,0,0,0,0,https://fbref.com/en/players/1840e36d/Thibaut-Courtois-Thibaut Courtois,
