,Player Name,Player Number,Player,#,Nation,Pos,Age,Min,Gls,Ast,PK,PKatt,Sh,SoT,CrdY,CrdR,Touches,Tkl,Int,Blocks,xG,npxG,xAG,SCA,GCA,Cmp,Att,Cmp%,PrgP,Carries,PrgC,Att,Succ,Player Key,Player Link
0,Vinicius Júnior,https://fbref.com/en/players/7111d552/Vinicius-Junior,20,20,br BRA,FW,20-247,68,0,0,0,0,2,0,0,0,34,0,1,1,0.7,0.7,0.0,4,1,19,22,86.4,0,26,6,5,4,https://fbref.com/en/players/7111d552/Vinicius-Junior-Vinicius Júnior,
1,Rodrygo,https://fbref.com/en/players/8f5e92a6/Rodrygo,25,25,br BRA,"FW,AM",20-066,22,0,0,0,0,1,1,0,0,20,1,0,2,0.1,0.1,0.0,1,1,11,13,84.6,1,10,0,1,1,https://fbref.com/en/players/8f5e92a6/Rodrygo-Rodrygo,
2,Karim Benzema,https://fbref.com/en/players/70d74ece/Karim-Benzema,9,9,fr FRA,FW,33-087,90,1,0,0,0,4,2,0,0,58,1,0,0,1.0,1.0,0.1,5,0,42,47,89.4,5,32,4,3,3,https://fbref.com/en/players/70d74ece/Karim-Benzema-Karim Benzema,
3,Toni Kroos,https://fbref.com/en/players/6ce1f46f/Toni-Kroos,8,8,de GER,CM,31-071,90,0,0,0,0,1,0,1,0,100,1,4,1,0.0,0.0,0.0,2,0,85,91,93.4,7,59,2,5,4,https://fbref.com/en/players/6ce1f46f/Toni-Kroos-Toni Kroos,
4,Luka Modrić,https://fbref.com/en/players/6025fab1/Luka-Modric,10,10,hr CRO,CM,35-188,90,0,1,0,0,1,0,0,0,105,3,5,0,0.0,0.0,0.3,2,2,89,98,90.8,5,81,1,0,0,https://fbref.com/en/players/6025fab1/Luka-Modric-Luka Modrić,
5,Federico Valverde,https://fbref.com/en/players/0959c2a2/Federico-Valverde,15,15,uy URU,CM,22-237,81,0,0,0,0,0,0,1,0,46,0,0,3,0.0,0.0,0.0,1,0,35,38,92.1,3,33,3,1,1,https://fbref.com/en/players/0959c2a2/Federico-Valverde-Federico Valverde,
6,Marco Asensio,https://fbref.com/en/players/45af8a54/Marco-Asensio,11,11,es ESP,AM,25-054,9,1,0,0,0,1,1,0,0,12,0,0,0,0.1,0.1,0.0,1,0,10,10,100.0,1,9,0,1,0,https://fbref.com/en/players/45af8a54/Marco-Asensio-Marco Asensio,
7,Ferland Mendy,https://fbref.com/en/players/3cefcaef/Ferland-Mendy,23,23,fr FRA,WB,25-281,90,0,0,0,0,1,1,0,0,47,0,0,0,0.0,0.0,0.6,3,0,37,42,88.1,3,33,3,1,1,https://fbref.com/en/players/3cefcaef/Ferland-Mendy-Ferland Mendy,
8,Lucas Vázquez,https://fbref.com/en/players/fd51b456/Lucas-Vazquez,17,17,es ESP,WB,29-258,90,0,1,0,0,0,0,0,0,72,4,1,2,0.0,0.0,0.5,2,1,46,58,79.3,2,39,3,4,3,https://fbref.com/en/players/fd51b456/Lucas-Vazquez-Lucas Vázquez,
9,Nacho,https://fbref.com/en/players/2946f9a1/Nacho,6,6,es ESP,CB,31-057,90,0,0,0,0,0,0,1,0,48,4,3,3,0.0,0.0,0.0,0,0,29,33,87.9,0,26,2,1,1,https://fbref.com/en/players/2946f9a1/Nacho-Nacho,
10,Sergio Ramos,https://fbref.com/en/players/08511d65/Sergio-Ramos,4,4,es ESP,CB,34-351,63,1,0,1,1,0,0,0,0,30,0,3,2,0.8,0.0,0.0,0,0,17,20,85.0,0,14,0,0,0,https://fbref.com/en/players/08511d65/Sergio-Ramos-Sergio Ramos,
11,Éder Militão,https://fbref.com/en/players/2784f898/Eder-Militao,3,3,br BRA,CB,23-057,27,0,0,0,0,0,0,0,0,14,1,0,3,0.0,0.0,0.0,0,0,8,9,88.9,1,6,0,0,0,https://fbref.com/en/players/2784f898/Eder-Militao-Éder Militão,
12,Raphaël Varane,https://fbref.com/en/players/9f8e9423/Raphael-Varane,5,5,fr FRA,CB,27-325,90,0,0,0,0,0,0,0,0,63,0,4,1,0.0,0.0,0.0,0,0,37,48,77.1,1,33,1,0,0,https://fbref.com/en/players/9f8e9423/Raphael-Varane-Raphaël Varane,
13,Thibaut Courtois,https://fbref.com/en/players/1840e36d/Thibaut-Courtois,1,1,be BEL,GK,28-309,90,0,0,0,0,0,0,0,0,53,0,0,0,0.0,0.0,0.0,0,0,30,51,58.8,0,34,0,0,0,https://fbref.com/en/players/1840e36d/Thibaut-Courtois-Thibaut Courtois,
