,Minute,Player,Squad,xG,PSxG,Outcome,Distance,Body Part,Notes,SCA 1 Player,SCA 1 Event,SCA 2 Player,SCA 2 Event
0,3,Robin Gosens,Atalanta,0.39,0.21,Saved,9,Right Foot,,Luis Muriel,Pass (Live),Mario Pašalić,Pass (Live)
1,15,Cristian Romero,Atalanta,0.08,,Blocked,12,Right Foot,Volley,Luis Muriel,Pass (Dead),Rafael Tolói,Fouled
2,16,Berat Djimsiti,Atalanta,0.04,,Off Target,17,Right Foot,Volley,Ruslan Malinovskyi,Pass (Dead),Berat Djimsiti,Pass (Live)
3,19,Toni Kroos,Real Madrid,0.03,,Blocked,31,Right Foot,Volley,Federico Valverde,Pass (Live),Toni Kroos,Pass (Live)
4,20,Karim Benzema,Real Madrid,0.05,,Blocked,15,Left Foot,,Ferland Mendy,Pass (Live),Karim Benzema,Pass (Live)
5,22,Luis Muriel,Atalanta,0.03,,Blocked,31,Right Foot,,Rafael Tolói,Pass (Live),Cristian Romero,Pass (Live)
6,27,Vinicius Júnior,Real Madrid,0.09,,Blocked,14,Right Foot,,Karim Benzema,Pass (Live),Vinicius Júnior,Pass (Live)
7,27,Luka Modrić,Real Madrid,0.03,,Off Target,31,Right Foot,,Vinicius Júnior,Interception,,
8,34,Karim Benzema,Real Madrid,0.30,0.65,Goal,15,Right Foot,,Luka Modrić,Pass (Live),Luka Modrić,Interception
9,42,Ruslan Malinovskyi,Atalanta,0.03,,Off Target,28,Left Foot,,Marten de Roon,Pass (Live),Luis Muriel,Pass (Live)
10,,,,,,,,,,,,,
11,52,Vinicius Júnior,Real Madrid,0.57,,Off Target,10,Right Foot,,Vinicius Júnior,Take-On,Ferland Mendy,Pass (Live)
12,54,Ferland Mendy,Real Madrid,0.04,0.03,Saved,24,Right Foot,,Ferland Mendy,Pass (Live),Toni Kroos,Pass (Live)
13,60,Sergio Ramos(pen),Real Madrid,0.79,0.99,Goal,13,Right Foot,,Vinicius Júnior,Fouled,,
14,63,Matteo Pessina,Atalanta,0.06,,Off Target,14,Left Foot,,Berat Djimsiti,Pass (Live),Matteo Pessina,Pass (Live)
15,67,Duván Zapata,Atalanta,0.39,0.42,Saved,17,Left Foot,,Ruslan Malinovskyi,Pass (Live),Matteo Pessina,Pass (Live)
16,68,Karim Benzema,Real Madrid,0.36,0.64,Saved,8,Head,,Lucas Vázquez,Pass (Live),Karim Benzema,Pass (Live)
17,68,Karim Benzema,Real Madrid,0.51,,Woodwork,4,Head,,Karim Benzema,Shot,,
18,75,Joakim Mæhle,Atalanta,0.02,0.05,Saved,32,Right Foot,,,,,
19,76,Duván Zapata,Atalanta,0.10,0.03,Saved,14,Right Foot,,Duván Zapata,Take-On,Ruslan Malinovskyi,Pass (Live)
20,78,Luis Muriel,Atalanta,0.05,,Blocked,17,Left Foot,,Josip Iličić,Pass (Live),Cristian Romero,Pass (Live)
21,83,Luis Muriel,Atalanta,0.07,0.18,Goal,28,Right Foot,Free kick,Cristian Romero,Fouled,Josip Iličić,Pass (Live)
22,84,Marco Asensio,Real Madrid,0.10,0.35,Goal,10,Left Foot,,Lucas Vázquez,Pass (Live),Rodrygo,Pass (Live)
23,88,Ruslan Malinovskyi,Atalanta,0.03,,Off Target,32,Left Foot,,,,,
24,90,Berat Djimsiti,Atalanta,0.05,,Off Target,12,Head,,Joakim Mæhle,Pass (Live),Marten de Roon,Pass (Live)
25,90+2,Rodrygo,Real Madrid,0.06,0.07,Saved,13,Right Foot,,Karim Benzema,Pass (Live),Marco Asensio,Pass (Live)
