,Player Name,Player Number,Player,#,Nation,Pos,Age,Min,Touches,Def Pen,Def 3rd,Mid 3rd,Att 3rd,Att Pen,Live,Att,Succ,Succ%,Tkld,Tkld%,Carries,TotDist,PrgDist,PrgC,1/3,CPA,Mis,Dis,Rec,PrgR,Player Key,Player Link
0,Duván Zapata,https://fbref.com/en/players/d3de9af0/Duvan-Zapata,91,91,co COL,FW,30-031,59,30,1,2,11,17,3,30,1,1,100.0,0,0.0,22,133,34,2,1,0,4,1,23,6,https://fbref.com/en/players/d3de9af0/Duvan-Zapata-Duván Zapata,
1,Luis Muriel,https://fbref.com/en/players/eb2fe5b6/Luis-Muriel,9,9,co COL,FW,30-016,31,16,0,3,5,9,2,15,0,0,,0,,6,27,14,1,1,0,4,1,11,0,https://fbref.com/en/players/eb2fe5b6/Luis-Muriel-Luis Muriel,
2,Ruslan Malinovskyi,https://fbref.com/en/players/48d5bd33/Ruslan-Malinovskyi,18,18,ua UKR,FW,27-363,90,55,1,4,21,31,1,55,6,3,50.0,3,50.0,36,275,179,5,2,0,4,3,43,4,https://fbref.com/en/players/48d5bd33/Ruslan-Malinovskyi-Ruslan Malinovskyi,
3,Matteo Pessina,https://fbref.com/en/players/780e3631/Matteo-Pessina,32,32,it ITA,AM,24-011,24,8,0,0,6,2,0,8,0,0,,0,,5,20,7,0,0,0,1,1,6,0,https://fbref.com/en/players/780e3631/Matteo-Pessina-Matteo Pessina,
4,Marco Sportiello,https://fbref.com/en/players/ac4003af/Marco-Sportiello,57,57,it ITA,GK,28-357,66,27,23,27,0,0,0,27,0,0,,0,,10,48,21,0,0,0,0,0,8,0,https://fbref.com/en/players/ac4003af/Marco-Sportiello-Marco Sportiello,
5,Remo Freuler,https://fbref.com/en/players/98d2c2c4/Remo-Freuler,11,11,ch SUI,CM,29-017,90,59,1,22,26,12,2,59,2,1,50.0,1,50.0,32,173,66,2,2,1,1,1,39,2,https://fbref.com/en/players/98d2c2c4/Remo-Freuler-Remo Freuler,
6,Marten de Roon,https://fbref.com/en/players/2a1beb34/Marten-de-Roon,15,15,nl NED,CM,30-034,90,41,5,19,15,7,0,41,0,0,,0,,14,84,45,0,0,0,0,0,18,0,https://fbref.com/en/players/2a1beb34/Marten-de-Roon-Marten de Roon,
7,Robin Gosens,https://fbref.com/en/players/2d970560/Robin-Gosens,8,8,de GER,WB,26-301,90,49,1,20,13,16,3,49,1,1,100.0,0,0.0,24,82,56,1,1,0,1,1,32,4,https://fbref.com/en/players/2d970560/Robin-Gosens-Robin Gosens,
8,Hans Hateboer,https://fbref.com/en/players/3b333ac3/Hans-Hateboer,33,33,nl NED,WB,27-113,90,40,3,10,12,19,4,40,1,1,100.0,0,0.0,23,101,64,3,2,1,5,3,21,4,https://fbref.com/en/players/3b333ac3/Hans-Hateboer-Hans Hateboer,
9,Berat Djimsiti,https://fbref.com/en/players/6eee05f1/Berat-Djimsiti,19,19,al ALB,CB,28-072,90,51,4,22,20,9,0,51,2,1,50.0,1,50.0,22,116,50,1,2,0,1,1,32,0,https://fbref.com/en/players/6eee05f1/Berat-Djimsiti-Berat Djimsiti,
10,Cristian Romero,https://fbref.com/en/players/a3d94a58/Cristian-Romero,17,17,ar ARG,CB,23-005,90,42,7,28,14,0,0,42,0,0,,0,,17,55,37,1,0,0,0,0,17,0,https://fbref.com/en/players/a3d94a58/Cristian-Romero-Cristian Romero,
11,Rafael Tolói,https://fbref.com/en/players/c56dc39e/Rafael-Toloi,2,2,it ITA,CB,30-204,78,37,6,22,10,6,1,37,0,0,,0,,12,75,47,1,1,0,3,0,20,0,https://fbref.com/en/players/c56dc39e/Rafael-Toloi-Rafael Tolói,
12,José Luis Palomino,https://fbref.com/en/players/921f6058/Jose-Luis-Palomino,6,6,ar ARG,CB,31-117,12,12,2,5,6,1,1,12,0,0,,0,,4,23,6,0,0,0,0,0,7,1,https://fbref.com/en/players/921f6058/Jose-Luis-Palomino-José Luis Palomino,
13,Pierluigi Gollini,https://fbref.com/en/players/f0f7f62f/Pierluigi-Gollini,95,95,it ITA,GK,26-045,21,9,6,9,0,0,0,9,0,0,,0,,5,27,21,0,0,0,0,0,6,0,https://fbref.com/en/players/f0f7f62f/Pierluigi-Gollini-Pierluigi Gollini,
