,Player Name,Player Number,Player,#,Nation,Pos,Age,Min,CrdY,CrdR,2CrdY,Fls,Fld,Off,Crs,Int,TklW,PKwon,PKcon,OG,Recov,Won,Lost,Won%,Player Key,Player Link
0,Duván Zapata,https://fbref.com/en/players/d3de9af0/Duvan-Zapata,91,91,co COL,FW,30-031,59,0,0,0,1,2,0,1,0,0,0,0,0,3,1,1,50.0,https://fbref.com/en/players/d3de9af0/Duvan-Zapata-Duván Zapata,
1,Luis Muriel,https://fbref.com/en/players/eb2fe5b6/Luis-Muriel,9,9,co COL,FW,30-016,31,0,0,0,0,1,0,1,0,0,1,0,0,2,1,1,50.0,https://fbref.com/en/players/eb2fe5b6/Luis-Muriel-Luis Muriel,
2,Ruslan Malinovskyi,https://fbref.com/en/players/48d5bd33/Ruslan-Malinovskyi,18,18,ua UKR,FW,27-363,90,0,0,0,1,4,0,4,0,0,0,0,0,6,0,3,0.0,https://fbref.com/en/players/48d5bd33/Ruslan-Malinovskyi-Ruslan Malinovskyi,
3,Matteo Pessina,https://fbref.com/en/players/780e3631/Matteo-Pessina,32,32,it ITA,AM,24-011,24,0,0,0,1,0,0,0,0,0,0,0,0,0,0,1,0.0,https://fbref.com/en/players/780e3631/Matteo-Pessina-Matteo Pessina,
4,Marco Sportiello,https://fbref.com/en/players/ac4003af/Marco-Sportiello,57,57,it ITA,GK,28-357,66,0,0,0,0,0,0,0,0,0,0,0,0,2,0,0,,https://fbref.com/en/players/ac4003af/Marco-Sportiello-Marco Sportiello,
5,Remo Freuler,https://fbref.com/en/players/98d2c2c4/Remo-Freuler,11,11,ch SUI,CM,29-017,90,0,0,0,0,1,0,1,1,1,0,0,0,3,0,0,,https://fbref.com/en/players/98d2c2c4/Remo-Freuler-Remo Freuler,
6,Marten de Roon,https://fbref.com/en/players/2a1beb34/Marten-de-Roon,15,15,nl NED,CM,30-034,90,0,0,0,0,2,0,0,0,1,0,0,0,8,1,0,100.0,https://fbref.com/en/players/2a1beb34/Marten-de-Roon-Marten de Roon,
7,Robin Gosens,https://fbref.com/en/players/2d970560/Robin-Gosens,8,8,de GER,WB,26-301,90,0,0,0,2,3,0,1,2,0,0,0,0,6,0,0,,https://fbref.com/en/players/2d970560/Robin-Gosens-Robin Gosens,
8,Hans Hateboer,https://fbref.com/en/players/3b333ac3/Hans-Hateboer,33,33,nl NED,WB,27-113,90,0,0,0,1,0,1,0,2,4,0,0,0,4,0,1,0.0,https://fbref.com/en/players/3b333ac3/Hans-Hateboer-Hans Hateboer,
9,Berat Djimsiti,https://fbref.com/en/players/6eee05f1/Berat-Djimsiti,19,19,al ALB,CB,28-072,90,1,0,0,1,1,0,0,2,1,0,0,0,3,1,0,100.0,https://fbref.com/en/players/6eee05f1/Berat-Djimsiti-Berat Djimsiti,
10,Cristian Romero,https://fbref.com/en/players/a3d94a58/Cristian-Romero,17,17,ar ARG,CB,23-005,90,0,0,0,1,1,0,0,2,1,0,0,0,7,2,0,100.0,https://fbref.com/en/players/a3d94a58/Cristian-Romero-Cristian Romero,
11,Rafael Tolói,https://fbref.com/en/players/c56dc39e/Rafael-Toloi,2,2,it ITA,CB,30-204,78,0,0,0,3,2,0,0,0,0,0,1,0,3,0,0,,https://fbref.com/en/players/c56dc39e/Rafael-Toloi-Rafael Tolói,
12,José Luis Palomino,https://fbref.com/en/players/921f6058/Jose-Luis-Palomino,6,6,ar ARG,CB,31-117,12,0,0,0,0,0,0,0,1,0,0,0,0,2,0,0,,https://fbref.com/en/players/921f6058/Jose-Luis-Palomino-José Luis Palomino,
13,Pierluigi Gollini,https://fbref.com/en/players/f0f7f62f/Pierluigi-Gollini,95,95,it ITA,GK,26-045,21,0,1,0,1,0,0,0,0,0,0,0,0,0,0,0,,https://fbref.com/en/players/f0f7f62f/Pierluigi-Gollini-Pierluigi Gollini,
