,Player Name,Player Number,Player,#,Nation,Pos,Age,Min,Gls,Ast,PK,PKatt,Sh,SoT,CrdY,CrdR,Touches,Tkl,Int,Blocks,xG,npxG,xAG,SCA,GCA,Cmp,Att,Cmp%,PrgP,Carries,PrgC,Att,Succ,Player Key,Player Link
0,Grégoire Defrel,https://fbref.com/en/players/854ee61a/Gregoire-Defrel,92,92,mq MTQ,FW,29-319,45,0,0,0,0,0,0,0,0,23,1,0,0,0.0,0.0,0.0,0,0,16,19,84.2,4,13,1,3,2,https://fbref.com/en/players/854ee61a/Gregoire-Defrel-Grégoire Defrel,
1,Giacomo Raspadori,https://fbref.com/en/players/6e058f06/Giacomo-Raspadori,18,18,it ITA,FW,21-073,45,0,0,0,0,0,0,0,0,23,0,0,1,0.0,0.0,0.0,3,0,13,18,72.2,2,15,1,0,0,https://fbref.com/en/players/6e058f06/Giacomo-Raspadori-Giacomo Raspadori,
2,Jeremie Boga,https://fbref.com/en/players/fe012aca/Jeremie-Boga,7,7,ci CIV,"LW,LM",24-119,90,0,0,0,0,1,1,0,0,47,0,0,1,0.0,0.0,0.0,4,0,28,31,90.3,1,31,8,7,4,https://fbref.com/en/players/fe012aca/Jeremie-Boga-Jeremie Boga,
3,Domenico Berardi,https://fbref.com/en/players/53a0e358/Domenico-Berardi,25,25,it ITA,"RW,RM",26-274,90,1,0,1,1,5,0,0,0,56,1,1,0,1.2,0.4,0.0,2,0,30,40,75.0,1,24,3,1,0,https://fbref.com/en/players/53a0e358/Domenico-Berardi-Domenico Berardi,
4,Hamed Junior Traorè,https://fbref.com/en/players/570bb4b9/Hamed-Junior-Traore,23,23,ci CIV,AM,21-075,77,0,0,0,0,0,0,0,0,38,2,0,0,0.0,0.0,0.0,3,2,26,31,83.9,1,17,2,6,6,https://fbref.com/en/players/570bb4b9/Hamed-Junior-Traore-Hamed Junior Traorè,
5,Kaan Ayhan,https://fbref.com/en/players/2200181e/Kaan-Ayhan,5,5,tr TUR,CB,26-173,13,0,0,0,0,0,0,0,0,7,0,0,0,0.0,0.0,0.0,0,0,5,7,71.4,0,2,0,0,0,https://fbref.com/en/players/2200181e/Kaan-Ayhan-Kaan Ayhan,
6,Manuel Locatelli,https://fbref.com/en/players/a8a874f1/Manuel-Locatelli,73,73,it ITA,"DM,CM",23-114,90,0,0,0,0,1,0,1,0,83,3,0,0,0.0,0.0,0.2,2,0,69,76,90.8,11,54,5,2,1,https://fbref.com/en/players/a8a874f1/Manuel-Locatelli-Manuel Locatelli,
7,Pedro Obiang,https://fbref.com/en/players/ba1e04b3/Pedro-Obiang,14,14,gq EQG,DM,29-036,59,0,0,0,0,0,0,1,0,48,1,1,1,0.0,0.0,0.0,0,0,38,44,86.4,2,25,1,0,0,https://fbref.com/en/players/ba1e04b3/Pedro-Obiang-Pedro Obiang,
8,Mehdi Bourabia,https://fbref.com/en/players/0d077b88/Mehdi-Bourabia,68,68,ma MAR,"DM,CM",29-268,31,0,0,0,0,1,0,0,0,27,2,0,0,0.1,0.1,0.0,0,0,20,22,90.9,0,10,0,3,3,https://fbref.com/en/players/0d077b88/Mehdi-Bourabia-Mehdi Bourabia,
9,Giorgos Kyriakopoulos,https://fbref.com/en/players/0a483542/Giorgos-Kyriakopoulos,77,77,gr GRE,LB,25-086,90,0,0,0,0,2,2,0,0,84,4,1,1,0.1,0.1,0.0,0,0,58,70,82.9,5,40,5,1,0,https://fbref.com/en/players/0a483542/Giorgos-Kyriakopoulos-Giorgos Kyriakopoulos,
10,Marlon,https://fbref.com/en/players/cdf65d12/Marlon,2,2,br BRA,CB,25-237,74,0,0,0,0,0,0,2,1,91,1,2,0,0.0,0.0,0.0,0,0,78,84,92.9,2,55,1,1,1,https://fbref.com/en/players/cdf65d12/Marlon-Marlon,
11,Vlad Chiricheș,https://fbref.com/en/players/c316607a/Vlad-Chiriches,21,21,ro ROU,CB,31-169,45,0,0,0,0,0,0,1,0,46,0,3,1,0.0,0.0,0.0,1,0,40,41,97.6,1,26,0,0,0,https://fbref.com/en/players/c316607a/Vlad-Chiriches-Vlad Chiricheș,
12,Gian Marco Ferrari,https://fbref.com/en/players/8650af85/Gian-Marco-Ferrari,31,31,it ITA,CB,29-076,45,0,0,0,0,0,0,1,0,54,0,1,0,0.0,0.0,0.0,0,0,46,51,90.2,1,38,0,1,1,https://fbref.com/en/players/8650af85/Gian-Marco-Ferrari-Gian Marco Ferrari,
13,Mert Müldür,https://fbref.com/en/players/1295552e/Mert-Muldur,17,17,tr TUR,RB,22-029,86,0,0,0,0,0,0,0,0,58,1,1,0,0.0,0.0,0.0,2,0,42,51,82.4,2,30,4,1,1,https://fbref.com/en/players/1295552e/Mert-Muldur-Mert Müldür,
14,Jeremy Toljan,https://fbref.com/en/players/a96e5dc0/Jeremy-Toljan,22,22,de GER,RB,26-267,4,0,0,0,0,0,0,0,0,6,1,0,0,0.0,0.0,0.0,0,0,2,3,66.7,0,2,0,0,0,https://fbref.com/en/players/a96e5dc0/Jeremy-Toljan-Jeremy Toljan,
15,Andrea Consigli,https://fbref.com/en/players/8cabdc1e/Andrea-Consigli,47,47,it ITA,GK,34-095,90,0,0,0,0,0,0,0,0,49,0,0,0,0.0,0.0,0.0,0,0,32,43,74.4,0,26,0,0,0,https://fbref.com/en/players/8cabdc1e/Andrea-Consigli-Andrea Consigli,
