,Player Name,Player Number,Player,#,Nation,Pos,Age,Min,Touches,Def Pen,Def 3rd,Mid 3rd,Att 3rd,Att Pen,Live,Att,Succ,Succ%,Tkld,Tkld%,Carries,TotDist,PrgDist,PrgC,1/3,CPA,Mis,Dis,Rec,PrgR,Player Key,Player Link
0,Grégoire Defrel,https://fbref.com/en/players/854ee61a/Gregoire-Defrel,92,92,mq MTQ,FW,29-319,45,23,0,4,13,6,3,23,3,2,66.7,1,33.3,13,65,16,1,1,0,4,0,16,1,https://fbref.com/en/players/854ee61a/Gregoire-Defrel-Grégoire Defrel,
1,Giacomo Raspadori,https://fbref.com/en/players/6e058f06/Giacomo-Raspadori,18,18,it ITA,FW,21-073,45,23,1,2,6,15,1,23,0,0,,0,,15,104,25,1,1,0,3,1,23,7,https://fbref.com/en/players/6e058f06/Giacomo-Raspadori-Giacomo Raspadori,
2,Jeremie Boga,https://fbref.com/en/players/fe012aca/Jeremie-Boga,7,7,ci CIV,"LW,LM",24-119,90,47,3,12,13,24,3,47,7,4,57.1,3,42.9,31,320,205,8,7,1,3,3,35,7,https://fbref.com/en/players/fe012aca/Jeremie-Boga-Jeremie Boga,
3,Domenico Berardi,https://fbref.com/en/players/53a0e358/Domenico-Berardi,25,25,it ITA,"RW,RM",26-274,90,56,2,7,24,26,3,55,1,0,0.0,1,100.0,24,141,75,3,2,1,3,1,39,4,https://fbref.com/en/players/53a0e358/Domenico-Berardi-Domenico Berardi,
4,Hamed Junior Traorè,https://fbref.com/en/players/570bb4b9/Hamed-Junior-Traore,23,23,ci CIV,AM,21-075,77,38,0,12,13,14,2,38,6,6,100.0,0,0.0,17,108,35,2,2,1,3,1,31,2,https://fbref.com/en/players/570bb4b9/Hamed-Junior-Traore-Hamed Junior Traorè,
5,Kaan Ayhan,https://fbref.com/en/players/2200181e/Kaan-Ayhan,5,5,tr TUR,CB,26-173,13,7,0,5,1,1,0,7,0,0,,0,,2,15,0,0,0,0,0,0,3,0,https://fbref.com/en/players/2200181e/Kaan-Ayhan-Kaan Ayhan,
6,Manuel Locatelli,https://fbref.com/en/players/a8a874f1/Manuel-Locatelli,73,73,it ITA,"DM,CM",23-114,90,83,1,15,46,22,2,83,2,1,50.0,1,50.0,54,265,179,5,5,1,0,0,70,1,https://fbref.com/en/players/a8a874f1/Manuel-Locatelli-Manuel Locatelli,
7,Pedro Obiang,https://fbref.com/en/players/ba1e04b3/Pedro-Obiang,14,14,gq EQG,DM,29-036,59,48,0,13,32,3,0,48,0,0,,0,,25,100,33,1,0,0,0,1,36,0,https://fbref.com/en/players/ba1e04b3/Pedro-Obiang-Pedro Obiang,
8,Mehdi Bourabia,https://fbref.com/en/players/0d077b88/Mehdi-Bourabia,68,68,ma MAR,"DM,CM",29-268,31,27,2,3,16,8,0,27,3,3,100.0,0,0.0,10,70,21,0,1,0,1,0,20,0,https://fbref.com/en/players/0d077b88/Mehdi-Bourabia-Mehdi Bourabia,
9,Giorgos Kyriakopoulos,https://fbref.com/en/players/0a483542/Giorgos-Kyriakopoulos,77,77,gr GRE,LB,25-086,90,84,6,38,33,14,0,84,1,0,0.0,1,100.0,40,264,177,5,5,0,1,0,56,2,https://fbref.com/en/players/0a483542/Giorgos-Kyriakopoulos-Giorgos Kyriakopoulos,
10,Marlon,https://fbref.com/en/players/cdf65d12/Marlon,2,2,br BRA,CB,25-237,74,91,8,31,57,3,1,91,1,1,100.0,0,0.0,55,307,226,1,1,0,0,0,66,0,https://fbref.com/en/players/cdf65d12/Marlon-Marlon,
11,Vlad Chiricheș,https://fbref.com/en/players/c316607a/Vlad-Chiriches,21,21,ro ROU,CB,31-169,45,46,2,17,27,2,0,46,0,0,,0,,26,151,116,0,1,0,0,1,34,2,https://fbref.com/en/players/c316607a/Vlad-Chiriches-Vlad Chiricheș,
12,Gian Marco Ferrari,https://fbref.com/en/players/8650af85/Gian-Marco-Ferrari,31,31,it ITA,CB,29-076,45,54,4,14,38,2,0,54,1,1,100.0,0,0.0,38,256,209,0,1,0,0,0,43,0,https://fbref.com/en/players/8650af85/Gian-Marco-Ferrari-Gian Marco Ferrari,
13,Mert Müldür,https://fbref.com/en/players/1295552e/Mert-Muldur,17,17,tr TUR,RB,22-029,86,58,3,17,26,17,1,58,1,1,100.0,0,0.0,30,186,126,4,1,0,2,0,37,5,https://fbref.com/en/players/1295552e/Mert-Muldur-Mert Müldür,
14,Jeremy Toljan,https://fbref.com/en/players/a96e5dc0/Jeremy-Toljan,22,22,de GER,RB,26-267,4,6,1,4,1,1,0,6,0,0,,0,,2,15,0,0,0,0,1,0,3,1,https://fbref.com/en/players/a96e5dc0/Jeremy-Toljan-Jeremy Toljan,
15,Andrea Consigli,https://fbref.com/en/players/8cabdc1e/Andrea-Consigli,47,47,it ITA,GK,34-095,90,49,40,49,0,0,0,49,0,0,,0,,26,155,124,0,0,0,0,0,24,0,https://fbref.com/en/players/8cabdc1e/Andrea-Consigli-Andrea Consigli,
