,Player Name,Player Number,Player,#,Nation,Pos,Age,Min,Att,Live,Dead,FK,TB,Sw,Crs,TI,CK,In,Out,Str,Cmp,Off,Blocks,Player Key,Player Link
0,Grégoire Defrel,https://fbref.com/en/players/854ee61a/Gregoire-Defrel,92,92,mq MTQ,FW,29-319,45,19,18,1,0,0,0,0,0,0,0,0,0,16,0,2,https://fbref.com/en/players/854ee61a/Gregoire-Defrel-Grégoire Defrel,
1,Giacomo Raspadori,https://fbref.com/en/players/6e058f06/Giacomo-Raspadori,18,18,it ITA,FW,21-073,45,18,17,1,1,0,0,2,0,0,0,0,0,13,0,2,https://fbref.com/en/players/6e058f06/Giacomo-Raspadori-Giacomo Raspadori,
2,Jeremie Boga,https://fbref.com/en/players/fe012aca/Jeremie-Boga,7,7,ci CIV,"LW,LM",24-119,90,31,30,1,0,0,0,0,0,1,0,0,0,28,0,0,https://fbref.com/en/players/fe012aca/Jeremie-Boga-Jeremie Boga,
3,Domenico Berardi,https://fbref.com/en/players/53a0e358/Domenico-Berardi,25,25,it ITA,"RW,RM",26-274,90,40,37,2,1,0,0,1,0,1,0,0,0,30,1,1,https://fbref.com/en/players/53a0e358/Domenico-Berardi-Domenico Berardi,
4,Hamed Junior Traorè,https://fbref.com/en/players/570bb4b9/Hamed-Junior-Traore,23,23,ci CIV,AM,21-075,77,31,29,2,0,0,0,2,0,1,0,0,0,26,0,0,https://fbref.com/en/players/570bb4b9/Hamed-Junior-Traore-Hamed Junior Traorè,
5,Kaan Ayhan,https://fbref.com/en/players/2200181e/Kaan-Ayhan,5,5,tr TUR,CB,26-173,13,7,7,0,0,0,0,0,0,0,0,0,0,5,0,1,https://fbref.com/en/players/2200181e/Kaan-Ayhan-Kaan Ayhan,
6,Manuel Locatelli,https://fbref.com/en/players/a8a874f1/Manuel-Locatelli,73,73,it ITA,"DM,CM",23-114,90,76,75,1,0,0,1,1,0,1,0,0,0,69,0,2,https://fbref.com/en/players/a8a874f1/Manuel-Locatelli-Manuel Locatelli,
7,Pedro Obiang,https://fbref.com/en/players/ba1e04b3/Pedro-Obiang,14,14,gq EQG,DM,29-036,59,44,43,1,1,0,0,0,0,0,0,0,0,38,0,1,https://fbref.com/en/players/ba1e04b3/Pedro-Obiang-Pedro Obiang,
8,Mehdi Bourabia,https://fbref.com/en/players/0d077b88/Mehdi-Bourabia,68,68,ma MAR,"DM,CM",29-268,31,22,22,0,0,0,0,0,0,0,0,0,0,20,0,0,https://fbref.com/en/players/0d077b88/Mehdi-Bourabia-Mehdi Bourabia,
9,Giorgos Kyriakopoulos,https://fbref.com/en/players/0a483542/Giorgos-Kyriakopoulos,77,77,gr GRE,LB,25-086,90,70,66,4,2,0,0,2,2,0,0,0,0,58,0,1,https://fbref.com/en/players/0a483542/Giorgos-Kyriakopoulos-Giorgos Kyriakopoulos,
10,Marlon,https://fbref.com/en/players/cdf65d12/Marlon,2,2,br BRA,CB,25-237,74,84,81,3,2,0,0,0,0,0,0,0,0,78,0,0,https://fbref.com/en/players/cdf65d12/Marlon-Marlon,
11,Vlad Chiricheș,https://fbref.com/en/players/c316607a/Vlad-Chiriches,21,21,ro ROU,CB,31-169,45,41,40,1,1,0,0,0,0,0,0,0,0,40,0,0,https://fbref.com/en/players/c316607a/Vlad-Chiriches-Vlad Chiricheș,
12,Gian Marco Ferrari,https://fbref.com/en/players/8650af85/Gian-Marco-Ferrari,31,31,it ITA,CB,29-076,45,51,50,1,0,0,0,0,1,0,0,0,0,46,0,1,https://fbref.com/en/players/8650af85/Gian-Marco-Ferrari-Gian Marco Ferrari,
13,Mert Müldür,https://fbref.com/en/players/1295552e/Mert-Muldur,17,17,tr TUR,RB,22-029,86,51,39,11,0,0,0,1,11,0,0,0,0,42,1,1,https://fbref.com/en/players/1295552e/Mert-Muldur-Mert Müldür,
14,Jeremy Toljan,https://fbref.com/en/players/a96e5dc0/Jeremy-Toljan,22,22,de GER,RB,26-267,4,3,3,0,0,0,0,0,0,0,0,0,0,2,0,0,https://fbref.com/en/players/a96e5dc0/Jeremy-Toljan-Jeremy Toljan,
15,Andrea Consigli,https://fbref.com/en/players/8cabdc1e/Andrea-Consigli,47,47,it ITA,GK,34-095,90,43,39,4,2,0,0,0,0,0,0,0,0,32,0,0,https://fbref.com/en/players/8cabdc1e/Andrea-Consigli-Andrea Consigli,
