,Minute,Player,Squad,xG,PSxG,Outcome,Distance,Body Part,Notes,SCA 1 Player,SCA 1 Event,SCA 2 Player,SCA 2 Event
0,5,Ruslan Malinovskyi,Atalanta,0.05,0.11,Saved,27,Left Foot,Free kick,Duván Zapata,Fouled,Ruslan Malinovskyi,Pass (Live)
1,29,Duván Zapata,Atalanta,0.03,0.11,Saved,25,Left Foot,,Ruslan Malinovskyi,Pass (Live),Rafael Tolói,Pass (Live)
2,30,Manuel Locatelli,Sassuolo,0.03,,Off Target,29,Right Foot,,Domenico Berardi,Pass (Live),Vlad Chiricheș,Pass (Live)
3,32,Robin Gosens,Atalanta,0.29,0.36,Goal,9,Left Foot,Volley,Ruslan Malinovskyi,Pass (Live),Berat Djimsiti,Pass (Live)
4,39,Domenico Berardi,Sassuolo,0.19,,Off Target,18,Left Foot,,Manuel Locatelli,Pass (Live),,
5,45+1,Robin Gosens,Atalanta,0.05,,Blocked,13,Left Foot,,Robin Gosens,Take-On,Robin Gosens,Interception
6,45+2,Jeremie Boga,Sassuolo,0.03,0.03,Saved,18,Right Foot,,Manuel Locatelli,Pass (Dead),Hamed Junior Traorè,Take-On
7,,,,,,,,,,,,,
8,52,Domenico Berardi(pen),Sassuolo,0.79,0.99,Goal,13,Left Foot,,Hamed Junior Traorè,Fouled,Hamed Junior Traorè,Take-On
9,58,Hans Hateboer,Atalanta,0.68,0.93,Saved,9,Left Foot,,Hans Hateboer,Take-On,Ruslan Malinovskyi,Pass (Live)
10,63,Domenico Berardi,Sassuolo,0.11,,Blocked,23,Left Foot,Free kick,Giacomo Raspadori,Fouled,Mert Müldür,Pass (Live)
11,63,Giorgos Kyriakopoulos,Sassuolo,0.02,0.07,Saved,29,Left Foot,,Domenico Berardi,Shot,,
12,69,Domenico Berardi,Sassuolo,0.02,,Off Target,25,Left Foot,Volley,Jeremie Boga,Pass (Dead),,
13,74,Giorgos Kyriakopoulos,Sassuolo,0.03,0.12,Saved,24,Left Foot,,Giacomo Raspadori,Pass (Live),Mert Müldür,Pass (Live)
14,77,Luis Muriel(pen),Atalanta,0.79,0.94,Saved,13,Right Foot,,Luis Muriel,Fouled,,
15,79,Mehdi Bourabia,Sassuolo,0.07,,Blocked,29,Right Foot,Free kick,Jeremie Boga,Fouled,Jeremie Boga,Take-On
16,83,Marten de Roon,Atalanta,0.01,0.10,Saved,55,Right Foot,,,,,
17,89,Domenico Berardi,Sassuolo,0.02,,Blocked,39,Left Foot,Volley,,,,
18,90+1,Domenico Berardi,Sassuolo,0.04,,Off Target,15,Right Foot,,Jeremie Boga,Pass (Live),Giacomo Raspadori,Pass (Live)
19,90+2,Ruslan Malinovskyi,Atalanta,0.06,,Saved off Target,20,Left Foot,,Luis Muriel,Pass (Live),Remo Freuler,Pass (Live)
20,90+3,Hans Hateboer,Atalanta,0.04,0.04,Saved,9,Head,,Ruslan Malinovskyi,Pass (Dead),Ruslan Malinovskyi,Shot
21,90+3,Robin Gosens,Atalanta,0.06,,Blocked,13,Left Foot,,Hans Hateboer,Shot,,
