season,injury,from,until,days,missed_games
23/24,Muscle strain,"Feb 11, 2024","Feb 25, 2024",14 days,3
23/24,unknown injury,"Oct 30, 2023","Nov 25, 2023",26 days,3
22/23,Torn muscle fiber,"Feb 10, 2023","Apr 15, 2023",64 days,11
21/22,muscular problems,"Mar 14, 2022","Apr 6, 2022",23 days,2
21/22,unknown injury,"Jan 26, 2022","Feb 16, 2022",21 days,2
21/22,Corona virus,"Jan 12, 2022","Jan 26, 2022",14 days,2
21/22,Patellar tendon problems,"Dec 1, 2021","Jan 11, 2022",41 days,3
21/22,muscular problems,"Jul 8, 2021","Aug 2, 2021",25 days,2
