season,injury,from,until,days,missed_games
23/24,unknown injury,"Aug 11, 2023","Aug 15, 2023",4 days,1
22/23,Ankle surgery,"Jan 8, 2023","May 19, 2023",131 days,21
22/23,unknown injury,"Oct 17, 2022","Nov 10, 2022",24 days,4
22/23,muscular problems,"Aug 18, 2022","Sep 1, 2022",14 days,-
21/22,Knock,"Nov 1, 2021","Nov 8, 2021",7 days,2
21/22,Corona virus,"Jul 29, 2021","Aug 9, 2021",11 days,1
19/20,Knee problems,"Feb 17, 2020","Feb 24, 2020",7 days,1
13/14,unknown injury,"Jan 2, 2014","May 22, 2014",140 days,14
