season,injury,from,until,days,missed_games
22/23,unknown injury,"Apr 23, 2023","Jun 30, 2023",68 days,4
22/23,Hamstring injury,"Apr 8, 2023","Apr 20, 2023",12 days,1
20/21,Fitness,"Sep 21, 2020","Jan 21, 2021",122 days,17
19/20,Cruciate ligament tear,"Jan 18, 2020","Sep 20, 2020",246 days,13
19/20,Groin injury,"Jan 2, 2020","Jan 10, 2020",8 days,1
19/20,Knee injury,"Dec 15, 2019","Dec 25, 2019",10 days,1
19/20,Knee injury,"Sep 22, 2019","Oct 5, 2019",13 days,1
19/20,Hamstring injury,"Aug 29, 2019","Aug 30, 2019",1 days,-
16/17,Hamstring injury,"Apr 17, 2017","May 1, 2017",14 days,1
16/17,Hamstring injury,"Mar 16, 2017","Mar 30, 2017",14 days,1
16/17,Knock,"Nov 24, 2016","Dec 8, 2016",14 days,3
15/16,Knee injury,"Jul 13, 2015","Jan 18, 2016",189 days,33
14/15,Inner knee ligament tear,"Apr 14, 2014","Aug 11, 2014",119 days,27
13/14,Knee injury,"Nov 18, 2013","Dec 12, 2013",24 days,8
12/13,Groin problems,"Dec 6, 2012","Jan 24, 2013",49 days,6
