season,injury,from,until,days,missed_games
20/21,unknown injury,"Apr 26, 2021","May 10, 2021",14 days,2
17/18,Muscle injury,"Jun 11, 2018","Jul 11, 2018",30 days,5
17/18,Leg injury,"Feb 20, 2018","Mar 13, 2018",21 days,4
16/17,Thigh problems,"Oct 25, 2016","Nov 3, 2016",9 days,2
15/16,Thigh problems,"Aug 14, 2015","Sep 23, 2015",40 days,6
14/15,Ankle injury,"Apr 17, 2015","May 18, 2015",31 days,4
13/14,Foot injury,"Feb 17, 2014","Mar 13, 2014",24 days,5
11/12,Ill,"Oct 24, 2011","Nov 3, 2011",10 days,2
11/12,Knee problems,"Sep 19, 2011","Sep 22, 2011",3 days,1
