season,injury,from,until,days,missed_games
21/22,Hamstring injury,"Apr 17, 2022","May 9, 2022",22 days,4
20/21,Thigh problems,"Mar 13, 2021","Mar 19, 2021",6 days,1
20/21,Hamstring injury,"Sep 23, 2020","Oct 12, 2020",19 days,1
19/20,muscular problems,"May 14, 2020","May 25, 2020",11 days,2
18/19,Heel problems,"Apr 21, 2019","Jun 3, 2019",43 days,3
17/18,Ill,"Mar 12, 2018","Mar 30, 2018",18 days,1
16/17,Ill,"May 4, 2017","May 8, 2017",4 days,1
12/13,Ankle injury,"Aug 12, 2012","Nov 13, 2012",93 days,12
