season,injury,from,until,days,missed_games
20/21,Knock,"Feb 11, 2021","Feb 19, 2021",8 days,1
18/19,unknown injury,"Nov 4, 2018","Dec 12, 2018",38 days,4
17/18,Cruciate ligament tear,"Oct 2, 2017","Sep 17, 2018",350 days,39
16/17,Knee injury,"Mar 8, 2017","Mar 18, 2017",10 days,1
14/15,Ill,"Apr 10, 2015","Apr 15, 2015",5 days,1
11/12,Knee problems,"Apr 20, 2012","Sep 20, 2012",153 days,29
11/12,Knee problems,"Feb 10, 2012","Mar 19, 2012",38 days,9
11/12,Knee problems,"Oct 15, 2011","Nov 16, 2011",32 days,17
