season,injury,from,until,days,missed_games
23/24,Ill,"Feb 1, 2024","Feb 5, 2024",4 days,1
23/24,unknown injury,"Nov 8, 2023","Dec 13, 2023",35 days,4
23/24,Ill,"Oct 20, 2023","Oct 23, 2023",3 days,1
21/22,Ill,"Mar 10, 2022","Mar 15, 2022",5 days,1
21/22,unknown injury,"Dec 8, 2021","Dec 16, 2021",8 days,2
21/22,Knee injury,"Aug 20, 2021","Sep 15, 2021",26 days,2
19/20,Cruciate ligament tear,"Nov 19, 2019","Jun 30, 2021",589 days,56
18/19,Ankle injury,"Nov 24, 2018","Jan 7, 2019",44 days,4
17/18,Cruciate ligament tear,"Jan 20, 2018","Apr 23, 2018",93 days,14
