season,injury,from,until,days,missed_games
23/24,Muscle strain,"Jun 24, 2024","Jun 28, 2024",4 days,-
23/24,Hamstring injury,"Feb 2, 2024","Feb 19, 2024",17 days,4
21/22,Groin injury,"Apr 14, 2022","Apr 28, 2022",14 days,4
19/20,Groin injury,"Sep 12, 2019","Dec 12, 2019",91 days,24
19/20,Knock,"Aug 19, 2019","Sep 16, 2019",28 days,5
18/19,Knee injury,"Jul 15, 2019","Aug 12, 2019",28 days,1
18/19,Knee surgery,"Apr 29, 2019","Jun 3, 2019",35 days,5
18/19,minor knock,"Apr 15, 2019","Apr 29, 2019",14 days,3
18/19,Knee injury,"Jan 31, 2019","Feb 4, 2019",4 days,1
18/19,Groin strain,"Oct 8, 2018","Oct 22, 2018",14 days,3
18/19,Groin injury,"Sep 24, 2018","Oct 1, 2018",7 days,2
16/17,muscular problems,"Feb 16, 2017","Feb 20, 2017",4 days,2
15/16,Cruciate ligament tear,"Jun 9, 2016","Oct 24, 2016",137 days,24
15/16,Hamstring muscle injury,"Mar 7, 2016","Mar 17, 2016",10 days,2
15/16,Knee injury,"Sep 21, 2015","Oct 15, 2015",24 days,6
