season,injury,from,until,days,missed_games
23/24,Muscle injury,"Nov 8, 2023","Dec 31, 2023",53 days,11
23/24,Muscle injury,"Sep 26, 2023","Oct 29, 2023",33 days,9
23/24,Meniscus damage,"Jul 29, 2023","Sep 26, 2023",59 days,9
22/23,Fitness,"Dec 17, 2022","Dec 25, 2022",8 days,2
22/23,Knee injury,"Nov 19, 2022","Dec 17, 2022",28 days,-
22/23,Stomach flu,"Sep 26, 2022","Sep 30, 2022",4 days,-
21/22,Stress reaction of the bone,"May 5, 2022","Jun 23, 2022",49 days,7
21/22,laceration wound,"Dec 22, 2021","Feb 1, 2022",41 days,9
