season,injury,from,until,days,missed_games
23/24,Hamstring injury,"Jul 15, 2023","Aug 31, 2023",47 days,3
22/23,Knock,"Oct 6, 2022","Oct 26, 2022",20 days,6
21/22,Muscle injury,"May 5, 2022","May 14, 2022",9 days,2
21/22,Corona virus,"Apr 14, 2022","Apr 19, 2022",5 days,1
21/22,Ankle injury,"Jul 22, 2021","Dec 18, 2021",149 days,35
20/21,Calf injury,"Jan 15, 2021","Feb 1, 2021",17 days,4
20/21,Ankle injury,"Oct 18, 2020","Oct 24, 2020",6 days,1
19/20,Torn muscle bundle,"Nov 7, 2019","Dec 31, 2019",54 days,13
19/20,Knock,"Aug 8, 2019","Aug 10, 2019",2 days,-
17/18,ankle sprain,"Jan 22, 2018","Feb 13, 2018",22 days,4
16/17,Ankle injury,"May 1, 2017","May 12, 2017",11 days,1
