season,injury,from,until,days,missed_games
23/24,Muscle injury,"Sep 19, 2023","Sep 26, 2023",7 days,2
22/23,Rest,"May 12, 2023","May 15, 2023",3 days,1
22/23,Muscle injury,"Jan 16, 2023","Feb 1, 2023",16 days,4
21/22,Knock,"May 10, 2022","May 14, 2022",4 days,1
21/22,Corona virus,"Jan 14, 2022","Jan 28, 2022",14 days,3
21/22,muscular problems,"Dec 15, 2021","Jan 10, 2022",26 days,5
21/22,Calf problems,"Sep 20, 2021","Oct 22, 2021",32 days,7
20/21,Muscle injury,"Apr 28, 2021","Aug 20, 2021",114 days,15
20/21,Hamstring injury,"Feb 15, 2021","Apr 20, 2021",64 days,15
20/21,Muscle injury,"Jan 11, 2021","Feb 12, 2021",32 days,6
20/21,Muscle injury,"Nov 28, 2020","Dec 8, 2020",10 days,3
20/21,Inner ligament injury,"Oct 2, 2020","Nov 20, 2020",49 days,14
19/20,flu,"Mar 7, 2020","Mar 12, 2020",5 days,1
18/19,Torn muscle bundle,"Mar 7, 2019","Apr 15, 2019",39 days,8
18/19,Calf injury,"Oct 3, 2018","Nov 22, 2018",50 days,12
