season,injury,from,until,days,missed_games
23/24,Cruciate ligament tear,"Dec 18, 2023",,202 days,32
23/24,Adductor pain,"Sep 27, 2023","Oct 19, 2023",22 days,6
22/23,Hamstring injury,"Feb 22, 2023","Mar 22, 2023",28 days,6
22/23,Muscle injury,"Jan 9, 2023","Feb 3, 2023",25 days,7
21/22,Fitness,"Jun 2, 2022","Jun 6, 2022",4 days,2
21/22,Adductor pain,"May 5, 2022","May 26, 2022",21 days,4
21/22,Adductor pain,"Apr 28, 2022","May 2, 2022",4 days,1
21/22,muscular problems,"Feb 24, 2022","Feb 28, 2022",4 days,1
21/22,muscular problems,"Jan 10, 2022","Jan 13, 2022",3 days,1
21/22,Corona virus,"Dec 20, 2021","Dec 27, 2021",7 days,1
21/22,muscular problems,"Sep 9, 2021","Sep 13, 2021",4 days,1
21/22,Corona virus,"Jul 29, 2021","Aug 2, 2021",4 days,-
20/21,Muscle injury,"Mar 11, 2021","Mar 15, 2021",4 days,1
20/21,muscular problems,"Sep 17, 2020","Sep 21, 2020",4 days,1
20/21,Adductor pain,"Aug 27, 2020","Aug 31, 2020",4 days,-
