season,injury,from,until,days,missed_games
22/23,Dead leg,"Oct 23, 2022","Oct 27, 2022",4 days,1
21/22,flu,"Mar 3, 2022","Mar 7, 2022",4 days,1
21/22,Corona virus,"Dec 29, 2021","Jan 1, 2022",3 days,-
21/22,sprain,"Oct 25, 2021","Nov 26, 2021",32 days,8
20/21,Corona virus,"Apr 21, 2021","May 3, 2021",12 days,4
20/21,Quarantine,"Apr 17, 2021","Apr 20, 2021",3 days,1
20/21,muscular problems,"Mar 23, 2021","Apr 5, 2021",13 days,1
20/21,Muscle injury,"Jan 21, 2021","Feb 26, 2021",36 days,7
20/21,Shin injury,"Nov 9, 2020","Dec 11, 2020",32 days,8
19/20,Muscle injury,"Sep 13, 2019","Sep 20, 2019",7 days,2
17/18,Knee injury,"Feb 13, 2018","Apr 2, 2018",48 days,9
17/18,Ill,"Jan 5, 2018","Jan 12, 2018",7 days,1
