season,injury,from,until,days,missed_games
23/24,Muscle injury,"Jul 30, 2023","Sep 20, 2023",52 days,6
22/23,Muscle injury,"Mar 20, 2023","May 11, 2023",52 days,12
22/23,Muscle injury,"Jan 31, 2023","Mar 12, 2023",40 days,11
21/22,Knock,"Apr 13, 2022","Apr 25, 2022",12 days,2
21/22,Adductor injury,"Mar 15, 2022","Apr 1, 2022",17 days,1
21/22,Hamstring injury,"Jan 31, 2022","Feb 14, 2022",14 days,3
21/22,Knock,"Jan 3, 2022","Jan 7, 2022",4 days,1
21/22,Muscle injury,"Sep 11, 2021","Oct 15, 2021",34 days,7
20/21,inflammation,"May 8, 2021","Sep 10, 2021",125 days,7
20/21,Calf problems,"Apr 17, 2021","May 3, 2021",16 days,5
19/20,Muscle injury,"Sep 24, 2019","Oct 16, 2019",22 days,5
19/20,Hamstring injury,"Jul 25, 2019","Aug 19, 2019",25 days,1
18/19,Muscle injury,"Mar 14, 2019","Apr 20, 2019",37 days,8
