season,injury,from,until,days,missed_games
23/24,stomach problems,"Mar 16, 2024","Mar 21, 2024",5 days,1
23/24,Ankle injury,"Feb 23, 2024","Mar 1, 2024",7 days,1
22/23,Muscle injury,"Feb 7, 2023","Feb 24, 2023",17 days,2
16/17,Achilles tendon problems,"Apr 27, 2017","May 31, 2017",34 days,4
16/17,Knee injury,"Sep 12, 2016","Nov 28, 2016",77 days,15
14/15,flu,"Apr 3, 2015","Apr 6, 2015",3 days,1
14/15,minor knock,"Oct 8, 2014","Oct 17, 2014",9 days,4
13/14,Muscle strain,"Apr 26, 2014","May 3, 2014",7 days,2
09/10,Torn lateral ankle ligament,"Mar 18, 2010","Apr 7, 2010",20 days,3
