season,injury,from,until,days,missed_games
23/24,Adductor injury,"Nov 8, 2023","Nov 30, 2023",22 days,4
20/21,Shoulder injury,"Oct 22, 2020","Dec 18, 2020",57 days,16
18/19,Hamstring injury,"Feb 20, 2019","Feb 23, 2019",3 days,1
17/18,Metatarsal bruise,"Dec 8, 2017","Feb 2, 2018",56 days,7
17/18,Ankle injury,"Nov 27, 2017","Dec 1, 2017",4 days,1
17/18,influenza,"Sep 6, 2017","Sep 13, 2017",7 days,1
16/17,Torn muscle bundle,"Jan 9, 2017","Mar 9, 2017",59 days,12
16/17,Adductor pain,"Oct 13, 2016","Oct 27, 2016",14 days,3
