season,injury,from,until,days,missed_games
23/24,Hamstring injury,"Jan 5, 2024","Jan 19, 2024",14 days,4
22/23,Ankle injury,"Jan 12, 2023","Feb 14, 2023",33 days,9
21/22,Stomach flu,"Feb 5, 2022","Feb 11, 2022",6 days,1
20/21,Cruciate ligament strain,"Apr 11, 2021","Jun 30, 2021",80 days,11
20/21,muscular problems,"Jan 27, 2021","Feb 12, 2021",16 days,3
20/21,muscular problems,"Sep 11, 2020","Sep 25, 2020",14 days,1
19/20,Calf injury,"Jun 11, 2020","Jul 1, 2020",20 days,5
19/20,Broken toe,"Nov 21, 2019","Jan 6, 2020",46 days,9
19/20,Calf problems,"Oct 14, 2019","Oct 25, 2019",11 days,2
18/19,Hamstring injury,"Mar 6, 2019","Mar 29, 2019",23 days,2
16/17,Torn muscle fiber,"Dec 19, 2016","Jan 12, 2017",24 days,3
15/16,Knee bruise,"May 8, 2016","May 25, 2016",17 days,2
14/15,Groin problems,"Mar 27, 2015","Apr 4, 2015",8 days,1
14/15,Hamstring injury,"Mar 16, 2015","Mar 21, 2015",5 days,-
