season,injury,from,until,days,missed_games
23/24,muscular problems,"Feb 5, 2024","Feb 12, 2024",7 days,1
21/22,muscular problems,"Aug 23, 2021","Sep 10, 2021",18 days,4
20/21,Corona virus,"Jan 19, 2021","Feb 4, 2021",16 days,3
20/21,Hamstring injury,"Oct 24, 2020","Nov 16, 2020",23 days,7
19/20,Hamstring injury,"Jun 8, 2020","Jul 15, 2020",37 days,9
19/20,flu,"Mar 7, 2020","Mar 12, 2020",5 days,1
19/20,Inner ligament injury,"Oct 2, 2019","Dec 9, 2019",68 days,15
18/19,Inner ligament injury,"Nov 12, 2018","Dec 18, 2018",36 days,9
17/18,Muscle injury,"Apr 1, 2018","Apr 30, 2018",29 days,7
