season,injury,from,until,days,missed_games
22/23,Rest,"May 12, 2023","May 15, 2023",3 days,1
22/23,Rest,"May 12, 2023","May 15, 2023",3 days,1
22/23,Rest,"May 12, 2023","May 15, 2023",3 days,1
22/23,Rest,"May 12, 2023","May 15, 2023",3 days,1
22/23,Left hip flexor problems,"Feb 23, 2023","Mar 1, 2023",6 days,1
22/23,Muscle fatigue,"Aug 9, 2022","Aug 23, 2022",14 days,3
21/22,Corona virus,"Dec 16, 2021","Dec 26, 2021",10 days,2
21/22,Stomach flu,"Nov 28, 2021","Nov 30, 2021",2 days,1
21/22,Hamstring injury,"Oct 31, 2021","Nov 19, 2021",19 days,4
20/21,Hamstring injury,"Dec 24, 2020","Feb 27, 2021",65 days,12
19/20,Hamstring injury,"Aug 14, 2019","Sep 9, 2019",26 days,4
