season,injury,from,until,days,missed_games
23/24,Meniscus tear,"Mar 19, 2024","Apr 28, 2024",40 days,6
23/24,Cruciate ligament tear,"Aug 10, 2023","Mar 31, 2024",234 days,42
22/23,Adductor pain,"Mar 26, 2023","Mar 30, 2023",4 days,1
22/23,Hamstring injury,"Feb 6, 2023","Feb 17, 2023",11 days,3
22/23,Sciatica problems,"Sep 29, 2022","Oct 17, 2022",18 days,5
21/22,Inflammation of pubic bone,"May 30, 2022","Jun 30, 2022",31 days,4
21/22,Corona virus,"Dec 30, 2021","Jan 3, 2022",4 days,1
20/21,minor knock,"Oct 5, 2020","Oct 15, 2020",10 days,3
19/20,Muscle injury,"Mar 9, 2020","Mar 26, 2020",17 days,-
19/20,stomach problems,"Oct 3, 2019","Oct 7, 2019",4 days,1
19/20,Bone sprain,"Jul 29, 2019","Aug 5, 2019",7 days,-
18/19,minor knock,"Mar 28, 2019","Mar 28, 2019",0 days,-
18/19,Hamstring injury,"Mar 25, 2019","Apr 22, 2019",28 days,5
18/19,Hip problems,"Jan 7, 2019","Jan 17, 2019",10 days,3
17/18,muscular problems,"Mar 15, 2018","Apr 5, 2018",21 days,3
