season,injury,from,until,days,missed_games
22/23,Stomach flu,"Feb 10, 2023","Feb 20, 2023",10 days,3
22/23,influenza,"Aug 18, 2022","Aug 22, 2022",4 days,1
21/22,Hamstring injury,"Mar 3, 2022","Mar 10, 2022",7 days,2
21/22,Pubic bone irritation,"Aug 2, 2021","Sep 27, 2021",56 days,11
20/21,Corona virus,"May 17, 2021","May 31, 2021",14 days,1
20/21,Quarantine,"May 13, 2021","May 17, 2021",4 days,2
20/21,Rest,"Apr 19, 2021","Apr 26, 2021",7 days,2
20/21,Adductor pain,"Mar 22, 2021","Apr 5, 2021",14 days,4
20/21,Muscle injury,"Sep 28, 2020","Oct 12, 2020",14 days,4
19/20,Adductor injury,"Oct 3, 2019","Oct 21, 2019",18 days,4
18/19,Stomach flu,"Apr 11, 2019","Apr 18, 2019",7 days,1
18/19,Adductor injury,"Jan 3, 2019","Jan 21, 2019",18 days,6
18/19,Knee problems,"Nov 29, 2018","Dec 13, 2018",14 days,4
17/18,Inner ligament injury,"Feb 15, 2018","Mar 5, 2018",18 days,5
17/18,Stomach flu,"Nov 6, 2017","Nov 13, 2017",7 days,1
