season,injury,from,until,days,missed_games
23/24,Fitness,"Mar 13, 2024","Mar 30, 2024",17 days,3
23/24,Cruciate ligament tear,"Aug 13, 2023","Mar 13, 2024",213 days,45
22/23,Muscle injury,"Feb 3, 2023","Feb 9, 2023",6 days,2
22/23,Hamstring injury,"Sep 6, 2022","Sep 16, 2022",10 days,3
21/22,flu,"Mar 14, 2022","Mar 18, 2022",4 days,1
20/21,Knock,"Feb 7, 2021","Mar 5, 2021",26 days,5
20/21,Corona virus,"Nov 2, 2020","Nov 17, 2020",15 days,3
20/21,Knock,"Sep 16, 2020","Oct 16, 2020",30 days,6
17/18,Hamstring strain,"Oct 31, 2017","Nov 5, 2017",5 days,1
