,Player Name,Player Number,Player,#,Nation,Pos,Age,Min,Touches,Def Pen,Def 3rd,Mid 3rd,Att 3rd,Att Pen,Live,Att,Succ,Succ%,Tkld,Tkld%,Carries,TotDist,PrgDist,PrgC,1/3,CPA,Mis,Dis,Rec,PrgR,Player Key,Player Link
0,Teemu Pukki,https://fbref.com/en/players/0745b37d/Teemu-Pukki,22,22,fi FIN,FW,30-275,90,28,1,2,10,16,11,27,1,1,100.0,0,0.0,13,69,32,2,0,1,1,1,18,6,https://fbref.com/en/players/0745b37d/Teemu-Pukki-Teemu Pukki,
1,Todd Cantwell,https://fbref.com/en/players/f63d8a4b/Todd-Cantwell,14,14,eng ENG,LW,22-306,88,61,0,10,31,21,3,61,0,0,,0,,38,276,179,6,2,2,0,0,48,6,https://fbref.com/en/players/f63d8a4b/Todd-Cantwell-Todd Cantwell,
2,Kieran Dowell,https://fbref.com/en/players/2f6ec02a/Kieran-Dowell,10,10,eng ENG,LW,23-080,2,4,0,0,2,2,0,4,0,0,,0,,3,22,17,1,0,0,1,1,3,0,https://fbref.com/en/players/2f6ec02a/Kieran-Dowell-Kieran Dowell,
3,Emi Buendía,https://fbref.com/en/players/66b76d44/Emi-Buendia,17,17,ar ARG,RW,24-004,90,84,2,7,36,42,4,84,0,0,,0,,34,275,189,5,1,1,2,1,55,7,https://fbref.com/en/players/66b76d44/Emi-Buendia-Emi Buendía,
4,Mario Vrančić,https://fbref.com/en/players/16fa6881/Mario-Vrancic,8,8,ba BIH,AM,31-220,90,74,1,11,31,32,9,74,0,0,,0,,35,220,126,3,4,2,3,1,54,9,https://fbref.com/en/players/16fa6881/Mario-Vrancic-Mario Vrančić,
5,Kenny McLean,https://fbref.com/en/players/471f16b3/Kenny-McLean,23,23,sct SCO,DM,28-356,90,76,0,14,49,13,3,76,1,0,0.0,1,100.0,37,294,139,3,1,0,2,0,58,5,https://fbref.com/en/players/471f16b3/Kenny-McLean-Kenny McLean,
6,Oliver Skipp,https://fbref.com/en/players/6250083a/Oliver-Skipp,20,20,eng ENG,DM,20-104,90,71,1,15,43,13,0,71,2,0,0.0,2,100.0,27,133,41,1,1,0,4,1,42,1,https://fbref.com/en/players/6250083a/Oliver-Skipp-Oliver Skipp,
7,Jakob Sørensen,https://fbref.com/en/players/953c30b0/Jakob-Sorensen,19,19,dk DEN,LB,22-301,88,70,3,28,21,22,2,70,0,0,,0,,34,144,73,2,0,1,0,0,39,9,https://fbref.com/en/players/953c30b0/Jakob-Sorensen-Jakob Sørensen,
8,Jordan Hugill,https://fbref.com/en/players/a36d4785/Jordan-Hugill,9,9,eng ENG,LB,28-208,2,3,0,0,1,2,1,3,0,0,,0,,1,3,0,0,0,0,1,0,3,0,https://fbref.com/en/players/a36d4785/Jordan-Hugill-Jordan Hugill,
9,Grant Hanley,https://fbref.com/en/players/e9254eec/Grant-Hanley,5,5,sct SCO,CB,29-039,90,76,14,44,29,3,2,76,1,1,100.0,0,0.0,38,131,47,0,0,0,1,1,45,1,https://fbref.com/en/players/e9254eec/Grant-Hanley-Grant Hanley,
10,Christoph Zimmermann,https://fbref.com/en/players/2d5f03bf/Christoph-Zimmermann,6,6,de GER,CB,27-352,90,74,12,47,27,0,0,74,0,0,,0,,42,266,152,0,0,0,0,0,55,0,https://fbref.com/en/players/2d5f03bf/Christoph-Zimmermann-Christoph Zimmermann,
11,Max Aarons,https://fbref.com/en/players/774cf58b/Max-Aarons,2,2,eng ENG,RB,20-360,90,80,1,21,33,27,8,80,1,0,0.0,1,100.0,44,349,183,7,1,2,2,1,56,8,https://fbref.com/en/players/774cf58b/Max-Aarons-Max Aarons,
12,Michael McGovern,https://fbref.com/en/players/51a19d04/Michael-McGovern,33,33,nir NIR,GK,36-170,45,23,21,23,0,0,0,23,0,0,,0,,8,27,12,0,0,0,0,0,12,0,https://fbref.com/en/players/51a19d04/Michael-McGovern-Michael McGovern,
13,Daniel Barden,https://fbref.com/en/players/f670e314/Daniel-Barden,50,50,wls WAL,GK,19-362,45,20,19,20,0,0,0,20,0,0,,0,,8,14,9,0,0,0,0,0,11,0,https://fbref.com/en/players/f670e314/Daniel-Barden-Daniel Barden,
