,Player Name,Player Number,Player,#,Nation,Pos,Age,Min,Att,Live,Dead,FK,TB,Sw,Crs,TI,CK,In,Out,Str,Cmp,Off,Blocks,Player Key,Player Link
0,Teemu Pukki,https://fbref.com/en/players/0745b37d/Teemu-Pukki,22,22,fi FIN,FW,30-275,90,17,14,2,0,0,0,2,0,0,0,0,0,12,1,1,https://fbref.com/en/players/0745b37d/Teemu-Pukki-Teemu Pukki,
1,Todd Cantwell,https://fbref.com/en/players/f63d8a4b/Todd-Cantwell,14,14,eng ENG,LW,22-306,88,56,55,1,0,1,1,0,1,0,0,0,0,50,0,0,https://fbref.com/en/players/f63d8a4b/Todd-Cantwell-Todd Cantwell,
2,Kieran Dowell,https://fbref.com/en/players/2f6ec02a/Kieran-Dowell,10,10,eng ENG,LW,23-080,2,3,2,1,0,0,0,1,0,1,1,0,0,1,0,1,https://fbref.com/en/players/2f6ec02a/Kieran-Dowell-Kieran Dowell,
3,Emi Buendía,https://fbref.com/en/players/66b76d44/Emi-Buendia,17,17,ar ARG,RW,24-004,90,69,57,11,2,0,0,9,2,7,3,3,1,50,1,0,https://fbref.com/en/players/66b76d44/Emi-Buendia-Emi Buendía,
4,Mario Vrančić,https://fbref.com/en/players/16fa6881/Mario-Vrancic,8,8,ba BIH,AM,31-220,90,60,58,1,1,1,0,2,0,0,0,0,0,44,1,1,https://fbref.com/en/players/16fa6881/Mario-Vrancic-Mario Vrančić,
5,Kenny McLean,https://fbref.com/en/players/471f16b3/Kenny-McLean,23,23,sct SCO,DM,28-356,90,66,64,2,1,1,1,1,1,0,0,0,0,52,0,0,https://fbref.com/en/players/471f16b3/Kenny-McLean-Kenny McLean,
6,Oliver Skipp,https://fbref.com/en/players/6250083a/Oliver-Skipp,20,20,eng ENG,DM,20-104,90,56,51,5,3,0,0,0,2,0,0,0,0,48,0,1,https://fbref.com/en/players/6250083a/Oliver-Skipp-Oliver Skipp,
7,Jakob Sørensen,https://fbref.com/en/players/953c30b0/Jakob-Sorensen,19,19,dk DEN,LB,22-301,88,60,53,7,0,0,2,1,7,0,0,0,0,45,0,2,https://fbref.com/en/players/953c30b0/Jakob-Sorensen-Jakob Sørensen,
8,Jordan Hugill,https://fbref.com/en/players/a36d4785/Jordan-Hugill,9,9,eng ENG,LB,28-208,2,1,1,0,0,0,0,0,0,0,0,0,0,1,0,0,https://fbref.com/en/players/a36d4785/Jordan-Hugill-Jordan Hugill,
9,Grant Hanley,https://fbref.com/en/players/e9254eec/Grant-Hanley,5,5,sct SCO,CB,29-039,90,64,59,5,4,0,1,0,1,0,0,0,0,56,0,0,https://fbref.com/en/players/e9254eec/Grant-Hanley-Grant Hanley,
10,Christoph Zimmermann,https://fbref.com/en/players/2d5f03bf/Christoph-Zimmermann,6,6,de GER,CB,27-352,90,66,63,3,3,0,0,0,0,0,0,0,0,57,0,0,https://fbref.com/en/players/2d5f03bf/Christoph-Zimmermann-Christoph Zimmermann,
11,Max Aarons,https://fbref.com/en/players/774cf58b/Max-Aarons,2,2,eng ENG,RB,20-360,90,69,65,4,1,0,0,7,3,0,0,0,0,57,0,1,https://fbref.com/en/players/774cf58b/Max-Aarons-Max Aarons,
12,Michael McGovern,https://fbref.com/en/players/51a19d04/Michael-McGovern,33,33,nir NIR,GK,36-170,45,22,15,7,4,0,0,0,0,0,0,0,0,17,0,0,https://fbref.com/en/players/51a19d04/Michael-McGovern-Michael McGovern,
13,Daniel Barden,https://fbref.com/en/players/f670e314/Daniel-Barden,50,50,wls WAL,GK,19-362,45,18,13,5,0,0,0,0,0,0,0,0,0,16,0,0,https://fbref.com/en/players/f670e314/Daniel-Barden-Daniel Barden,
