,Player Name,Player Number,Player,#,Nation,Pos,Age,Min,Gls,Ast,PK,PKatt,Sh,SoT,CrdY,CrdR,Touches,Tkl,Int,Blocks,xG,npxG,xAG,SCA,GCA,Cmp,Att,Cmp%,PrgP,Carries,PrgC,Att,Succ,Player Key,Player Link
0,Teemu Pukki,https://fbref.com/en/players/0745b37d/Teemu-Pukki,22,22,fi FIN,FW,30-275,90,1,0,1,1,3,2,0,0,28,0,0,2,1.4,0.6,0.1,3,0,12,17,70.6,0,13,2,1,1,https://fbref.com/en/players/0745b37d/Teemu-Pukki-Teemu Pukki,
1,Todd Cantwell,https://fbref.com/en/players/f63d8a4b/Todd-Cantwell,14,14,eng ENG,LW,22-306,88,0,0,0,0,0,0,0,0,61,1,0,0,0.0,0.0,0.5,6,1,50,56,89.3,11,38,6,0,0,https://fbref.com/en/players/f63d8a4b/Todd-Cantwell-Todd Cantwell,
2,Kieran Dowell,https://fbref.com/en/players/2f6ec02a/Kieran-Dowell,10,10,eng ENG,LW,23-080,2,0,0,0,0,0,0,0,0,4,0,0,0,0.0,0.0,0.0,0,0,1,3,33.3,0,3,1,0,0,https://fbref.com/en/players/2f6ec02a/Kieran-Dowell-Kieran Dowell,
3,Emi Buendía,https://fbref.com/en/players/66b76d44/Emi-Buendia,17,17,ar ARG,RW,24-004,90,0,0,0,0,5,3,0,0,84,0,1,1,0.4,0.4,0.3,8,0,50,69,72.5,13,34,5,0,0,https://fbref.com/en/players/66b76d44/Emi-Buendia-Emi Buendía,
4,Mario Vrančić,https://fbref.com/en/players/16fa6881/Mario-Vrancic,8,8,ba BIH,AM,31-220,90,0,0,0,0,6,1,0,0,74,3,1,1,0.3,0.3,0.1,10,1,44,60,73.3,6,35,3,0,0,https://fbref.com/en/players/16fa6881/Mario-Vrancic-Mario Vrančić,
5,Kenny McLean,https://fbref.com/en/players/471f16b3/Kenny-McLean,23,23,sct SCO,DM,28-356,90,0,0,0,0,3,0,1,0,76,2,2,0,0.2,0.2,0.1,5,0,52,66,78.8,4,37,3,1,0,https://fbref.com/en/players/471f16b3/Kenny-McLean-Kenny McLean,
6,Oliver Skipp,https://fbref.com/en/players/6250083a/Oliver-Skipp,20,20,eng ENG,DM,20-104,90,0,0,0,0,0,0,1,0,71,3,1,0,0.0,0.0,0.0,5,0,48,56,85.7,3,27,1,2,0,https://fbref.com/en/players/6250083a/Oliver-Skipp-Oliver Skipp,
7,Jakob Sørensen,https://fbref.com/en/players/953c30b0/Jakob-Sorensen,19,19,dk DEN,LB,22-301,88,0,0,0,0,1,0,0,0,70,2,3,2,0.0,0.0,0.0,2,0,45,60,75.0,3,34,2,0,0,https://fbref.com/en/players/953c30b0/Jakob-Sorensen-Jakob Sørensen,
8,Jordan Hugill,https://fbref.com/en/players/a36d4785/Jordan-Hugill,9,9,eng ENG,LB,28-208,2,0,0,0,0,1,1,0,0,3,0,0,0,0.0,0.0,0.0,0,0,1,1,100.0,0,1,0,0,0,https://fbref.com/en/players/a36d4785/Jordan-Hugill-Jordan Hugill,
9,Grant Hanley,https://fbref.com/en/players/e9254eec/Grant-Hanley,5,5,sct SCO,CB,29-039,90,0,0,0,0,2,0,0,0,76,1,3,1,0.1,0.1,0.0,0,0,56,64,87.5,1,38,0,1,1,https://fbref.com/en/players/e9254eec/Grant-Hanley-Grant Hanley,
10,Christoph Zimmermann,https://fbref.com/en/players/2d5f03bf/Christoph-Zimmermann,6,6,de GER,CB,27-352,90,0,0,0,0,0,0,1,0,74,0,1,1,0.0,0.0,0.0,0,0,57,66,86.4,3,42,0,0,0,https://fbref.com/en/players/2d5f03bf/Christoph-Zimmermann-Christoph Zimmermann,
11,Max Aarons,https://fbref.com/en/players/774cf58b/Max-Aarons,2,2,eng ENG,RB,20-360,90,0,0,0,0,1,0,0,0,80,1,2,0,0.1,0.1,0.3,5,0,57,69,82.6,8,44,7,1,0,https://fbref.com/en/players/774cf58b/Max-Aarons-Max Aarons,
12,Michael McGovern,https://fbref.com/en/players/51a19d04/Michael-McGovern,33,33,nir NIR,GK,36-170,45,0,0,0,0,0,0,0,0,23,0,0,0,0.0,0.0,0.0,0,0,17,22,77.3,0,8,0,0,0,https://fbref.com/en/players/51a19d04/Michael-McGovern-Michael McGovern,
13,Daniel Barden,https://fbref.com/en/players/f670e314/Daniel-Barden,50,50,wls WAL,GK,19-362,45,0,0,0,0,0,0,0,0,20,0,0,0,0.0,0.0,0.0,0,0,16,18,88.9,0,8,0,0,0,https://fbref.com/en/players/f670e314/Daniel-Barden-Daniel Barden,
