,Player Name,Player Number,Player,#,Nation,Pos,Age,Min,Tkl,TklW,Def 3rd,Mid 3rd,Att 3rd,Tkl,Att,Tkl%,Lost,Blocks,Sh,Pass,Int,Tkl+Int,Clr,Err,Player Key,Player Link
0,Bright Osayi-Samuel,https://fbref.com/en/players/03b6afa9/Bright-Osayi-Samuel,11,11,ng NGA,FW,22-364,90,2,0,0,2,0,1,2,50.0,1,0,0,0,0,2,0,0,https://fbref.com/en/players/03b6afa9/Bright-Osayi-Samuel-Bright Osayi-Samuel,
1,Lyndon Dykes,https://fbref.com/en/players/cd92357a/Lyndon-Dykes,9,9,sct SCO,LM,25-083,70,1,1,0,1,0,1,1,100.0,0,1,0,1,1,2,1,0,https://fbref.com/en/players/cd92357a/Lyndon-Dykes-Lyndon Dykes,
2,Macauley Bonne,https://fbref.com/en/players/9ca8b21c/Macauley-Bonne,7,7,zw ZIM,LM,25-064,20,0,0,0,0,0,0,0,,0,0,0,0,0,0,0,0,https://fbref.com/en/players/9ca8b21c/Macauley-Bonne-Macauley Bonne,
3,Tom Carroll,https://fbref.com/en/players/5a1900a4/Tom-Carroll,22,22,eng ENG,CM,28-215,90,0,0,0,0,0,0,0,,0,1,1,0,1,1,1,0,https://fbref.com/en/players/5a1900a4/Tom-Carroll-Tom Carroll,
4,Dominic Ball,https://fbref.com/en/players/79d61875/Dominic-Ball,12,12,eng ENG,CM,25-149,90,1,1,0,1,0,0,0,,0,0,0,0,1,2,3,0,https://fbref.com/en/players/79d61875/Dominic-Ball-Dominic Ball,
5,Ilias Chair,https://fbref.com/en/players/ad7873cb/Ilias-Chair,10,10,ma MAR,RM,23-060,70,1,1,1,0,0,0,0,,0,0,0,0,1,2,0,0,https://fbref.com/en/players/ad7873cb/Ilias-Chair-Ilias Chair,
6,Albert Adomah,https://fbref.com/en/players/c7174e81/Albert-Adomah,37,37,gh GHA,RM,33-016,20,1,0,1,0,0,1,1,100.0,0,0,0,0,0,1,0,0,https://fbref.com/en/players/c7174e81/Albert-Adomah-Albert Adomah,
7,Niko Hämäläinen,https://fbref.com/en/players/4435db1e/Niko-Hamalainen,25,25,fi FIN,LB,23-299,90,2,0,2,0,0,1,1,100.0,0,0,0,0,3,5,1,0,https://fbref.com/en/players/4435db1e/Niko-Hamalainen-Niko Hämäläinen,
8,Yoann Barbet,https://fbref.com/en/players/c52bbd2c/Yoann-Barbet,6,6,fr FRA,CB,27-233,90,0,0,0,0,0,0,1,0.0,1,1,1,0,3,3,7,0,https://fbref.com/en/players/c52bbd2c/Yoann-Barbet-Yoann Barbet,
9,Geoff Cameron,https://fbref.com/en/players/1a160ea3/Geoff-Cameron,20,20,us USA,CB,35-171,90,2,2,1,1,0,0,0,,0,5,4,1,2,4,4,0,https://fbref.com/en/players/1a160ea3/Geoff-Cameron-Geoff Cameron,
10,Robert Dickie,https://fbref.com/en/players/c7dfc411/Robert-Dickie,4,4,eng ENG,CB,24-301,90,1,1,1,0,0,0,0,,0,5,4,1,1,2,6,0,https://fbref.com/en/players/c7dfc411/Robert-Dickie-Robert Dickie,
11,Todd Kane,https://fbref.com/en/players/dd082c59/Todd-Kane,2,2,eng ENG,RB,27-103,90,0,0,0,0,0,0,0,,0,2,0,2,0,0,4,0,https://fbref.com/en/players/dd082c59/Todd-Kane-Todd Kane,
12,Seny Dieng,https://fbref.com/en/players/c135cddd/Seny-Dieng,13,13,sn SEN,GK,26-036,90,0,0,0,0,0,0,0,,0,0,0,0,0,0,0,0,https://fbref.com/en/players/c135cddd/Seny-Dieng-Seny Dieng,
