,Player Name,Player Number,Player,#,Nation,Pos,Age,Min,Touches,Def Pen,Def 3rd,Mid 3rd,Att 3rd,Att Pen,Live,Att,Succ,Succ%,Tkld,Tkld%,Carries,TotDist,PrgDist,PrgC,1/3,CPA,Mis,Dis,Rec,PrgR,Player Key,Player Link
0,Bright Osayi-Samuel,https://fbref.com/en/players/03b6afa9/Bright-Osayi-Samuel,11,11,ng NGA,FW,22-364,90,23,0,1,8,14,4,22,4,3,75.0,1,25.0,17,124,62,3,1,0,5,2,16,5,https://fbref.com/en/players/03b6afa9/Bright-Osayi-Samuel-Bright Osayi-Samuel,
1,Lyndon Dykes,https://fbref.com/en/players/cd92357a/Lyndon-Dykes,9,9,sct SCO,LM,25-083,70,26,1,3,15,9,3,26,0,0,,0,,11,39,16,1,0,0,4,2,20,1,https://fbref.com/en/players/cd92357a/Lyndon-Dykes-Lyndon Dykes,
2,Macauley Bonne,https://fbref.com/en/players/9ca8b21c/Macauley-Bonne,7,7,zw ZIM,LM,25-064,20,6,0,0,3,3,0,6,0,0,,0,,3,8,4,0,0,0,0,0,6,2,https://fbref.com/en/players/9ca8b21c/Macauley-Bonne-Macauley Bonne,
3,Tom Carroll,https://fbref.com/en/players/5a1900a4/Tom-Carroll,22,22,eng ENG,CM,28-215,90,63,4,18,29,16,2,63,0,0,,0,,29,79,34,0,1,0,1,1,40,0,https://fbref.com/en/players/5a1900a4/Tom-Carroll-Tom Carroll,
4,Dominic Ball,https://fbref.com/en/players/79d61875/Dominic-Ball,12,12,eng ENG,CM,25-149,90,37,6,10,21,6,1,37,0,0,,0,,16,74,25,0,1,0,2,1,22,2,https://fbref.com/en/players/79d61875/Dominic-Ball-Dominic Ball,
5,Ilias Chair,https://fbref.com/en/players/ad7873cb/Ilias-Chair,10,10,ma MAR,RM,23-060,70,40,1,9,11,20,2,40,2,2,100.0,0,0.0,17,98,43,1,1,1,3,2,26,7,https://fbref.com/en/players/ad7873cb/Ilias-Chair-Ilias Chair,
6,Albert Adomah,https://fbref.com/en/players/c7174e81/Albert-Adomah,37,37,gh GHA,RM,33-016,20,10,0,3,2,5,2,10,0,0,,0,,5,23,20,1,0,1,1,0,7,2,https://fbref.com/en/players/c7174e81/Albert-Adomah-Albert Adomah,
7,Niko Hämäläinen,https://fbref.com/en/players/4435db1e/Niko-Hamalainen,25,25,fi FIN,LB,23-299,90,58,2,26,18,14,0,58,0,0,,0,,19,49,15,0,1,0,1,0,23,5,https://fbref.com/en/players/4435db1e/Niko-Hamalainen-Niko Hämäläinen,
8,Yoann Barbet,https://fbref.com/en/players/c52bbd2c/Yoann-Barbet,6,6,fr FRA,CB,27-233,90,44,8,26,18,0,0,44,1,1,100.0,0,0.0,9,20,8,0,0,0,0,0,18,0,https://fbref.com/en/players/c52bbd2c/Yoann-Barbet-Yoann Barbet,
9,Geoff Cameron,https://fbref.com/en/players/1a160ea3/Geoff-Cameron,20,20,us USA,CB,35-171,90,38,10,19,18,1,1,38,1,0,0.0,1,100.0,7,21,13,0,0,0,0,0,10,0,https://fbref.com/en/players/1a160ea3/Geoff-Cameron-Geoff Cameron,
10,Robert Dickie,https://fbref.com/en/players/c7dfc411/Robert-Dickie,4,4,eng ENG,CB,24-301,90,50,13,27,20,3,1,50,0,0,,0,,23,152,102,0,0,0,1,1,25,0,https://fbref.com/en/players/c7dfc411/Robert-Dickie-Robert Dickie,
11,Todd Kane,https://fbref.com/en/players/dd082c59/Todd-Kane,2,2,eng ENG,RB,27-103,90,59,3,16,28,15,1,59,1,0,0.0,1,100.0,22,74,44,0,1,0,1,1,24,2,https://fbref.com/en/players/dd082c59/Todd-Kane-Todd Kane,
12,Seny Dieng,https://fbref.com/en/players/c135cddd/Seny-Dieng,13,13,sn SEN,GK,26-036,90,39,36,39,0,0,0,39,0,0,,0,,22,138,102,0,0,0,0,0,9,0,https://fbref.com/en/players/c135cddd/Seny-Dieng-Seny Dieng,
