,Minute,Player,Squad,xG,PSxG,Outcome,Distance,Body Part,Notes,SCA 1 Player,SCA 1 Event,SCA 2 Player,SCA 2 Event
0,6,Kenny McLean,Norwich City,0.03,,Blocked,25,Left Foot,Volley,Mario Vrančić,Pass (Live),Todd Cantwell,Pass (Live)
1,6,Emi Buendía,Norwich City,0.05,0.07,Saved,12,Right Foot,,Kenny McLean,Shot,,
2,13,Mario Vrančić,Norwich City,0.05,0.04,Saved,17,Right Foot,,Emi Buendía,Pass (Live),Oliver Skipp,Pass (Live)
3,14,Niko Hämäläinen,QPR,0.02,,Off Target,40,Left Foot,,Geoff Cameron,Interception,,
4,25,Mario Vrančić,Norwich City,0.06,,Off Target,16,Left Foot,,Max Aarons,Pass (Live),Mario Vrančić,Pass (Live)
5,26,Tom Carroll,QPR,0.06,,Off Target,10,Left Foot,,Ilias Chair,Pass (Live),Bright Osayi-Samuel,Pass (Live)
6,28,Max Aarons,Norwich City,0.06,,Blocked,13,Left Foot,,Emi Buendía,Pass (Live),Oliver Skipp,Pass (Live)
7,34,Emi Buendía,Norwich City,0.13,0.03,Saved,13,Left Foot,"Deflected, Volley",Kenny McLean,Pass (Live),Jakob Sørensen,Pass (Live)
8,34,Teemu Pukki,Norwich City,0.07,,Blocked,9,Right Foot,Volley,Max Aarons,Pass (Live),Mario Vrančić,Pass (Live)
9,35,Grant Hanley,Norwich City,0.06,,Off Target,10,Head,,Emi Buendía,Pass (Dead),Teemu Pukki,Shot
10,41,Ilias Chair,QPR,0.04,,Blocked,23,Right Foot,,Tom Carroll,Pass (Live),Ilias Chair,Take-On
11,41,Ilias Chair,QPR,0.06,0.12,Saved,10,Right Foot,,,,,
12,42,Robert Dickie,QPR,0.07,,Blocked,9,Right Foot,Volley,Ilias Chair,Pass (Dead),Ilias Chair,Shot
13,43,Bright Osayi-Samuel,QPR,0.04,,Blocked,18,Right Foot,,,,,
14,45,Kenny McLean,Norwich City,0.10,,Blocked,9,Left Foot,,Oliver Skipp,Pass (Live),Emi Buendía,Pass (Live)
15,45+1,Lyndon Dykes,QPR,0.04,,Off Target,17,Head,,Niko Hämäläinen,Pass (Live),Ilias Chair,Pass (Live)
16,,,,,,,,,,,,,
17,51,Teemu Pukki,Norwich City,0.43,0.48,Saved,17,Right Foot,,Todd Cantwell,Pass (Live),Kenny McLean,Pass (Live)
18,51,Kenny McLean,Norwich City,0.03,,Blocked,33,Left Foot,,Emi Buendía,Pass (Live),Mario Vrančić,Pass (Live)
19,52,Grant Hanley,Norwich City,0.05,,Off Target,13,Head,,Emi Buendía,Pass (Live),Kenny McLean,Pass (Live)
20,54,Emi Buendía,Norwich City,0.12,0.06,Saved,6,Right Foot,,Max Aarons,Pass (Live),Jakob Sørensen,Pass (Live)
21,55,Teemu Pukki,Norwich City,0.09,0.17,Saved,14,Left Foot,,Mario Vrančić,Pass (Live),Kenny McLean,Pass (Live)
22,56,Emi Buendía,Norwich City,0.03,,Off Target,25,Right Foot,,Todd Cantwell,Pass (Live),Oliver Skipp,Pass (Live)
23,58,Mario Vrančić,Norwich City,0.03,,Blocked,31,Left Foot,,Teemu Pukki,Pass (Live),Teemu Pukki,Take-On
24,66,Mario Vrančić,Norwich City,0.03,,Off Target,28,Left Foot,Volley,Todd Cantwell,Pass (Live),Mario Vrančić,Pass (Live)
25,67,Jakob Sørensen,Norwich City,0.04,,Blocked,15,Right Foot,,Max Aarons,Pass (Live),Emi Buendía,Pass (Live)
26,68,Mario Vrančić,Norwich City,0.02,,Blocked,29,Left Foot,,Todd Cantwell,Pass (Live),Mario Vrančić,Pass (Live)
27,69,Mario Vrančić,Norwich City,0.06,,Blocked,11,Left Foot,,Emi Buendía,Pass (Live),Oliver Skipp,Pass (Live)
28,69,Emi Buendía,Norwich City,0.04,,Blocked,21,Right Foot,,Mario Vrančić,Shot,,
29,75,Teemu Pukki(pen),Norwich City,0.79,0.99,Goal,13,Right Foot,,Todd Cantwell,Fouled,Mario Vrančić,Pass (Live)
30,79,Dominic Ball,QPR,0.08,0.04,Saved,8,Head,,Tom Carroll,Pass (Dead),Niko Hämäläinen,Pass (Dead)
31,82,Albert Adomah,QPR,0.04,,Off Target,10,Head,,Niko Hämäläinen,Pass (Live),Bright Osayi-Samuel,Pass (Live)
32,84,Bright Osayi-Samuel(pen),QPR,0.79,0.99,Goal,13,Right Foot,,Bright Osayi-Samuel,Fouled,Macauley Bonne,Pass (Live)
33,90+2,Jordan Hugill,Norwich City,0.04,0.26,Saved,14,Head,,Max Aarons,Pass (Live),Mario Vrančić,Pass (Live)
34,90+3,Bright Osayi-Samuel,QPR,0.84,,Off Target,2,Left Foot,,Albert Adomah,Pass (Live),Macauley Bonne,Pass (Live)
35,90+6,Todd Kane,QPR,0.02,,Off Target,30,Right Foot,,Bright Osayi-Samuel,Take-On,Tom Carroll,Pass (Live)
