,Player Name,Player Number,Player,#,Nation,Pos,Age,Min,Tkl,TklW,Def 3rd,Mid 3rd,Att 3rd,Tkl,Att,Tkl%,Lost,Blocks,Sh,Pass,Int,Tkl+Int,Clr,Err,Player Key,Player Link
0,Lyndon Dykes,https://fbref.com/en/players/cd92357a/Lyndon-Dykes,9,9,sct SCO,FW,25-185,90,1,1,0,1,0,0,0,,0,1,0,1,0,1,1,0,https://fbref.com/en/players/cd92357a/Lyndon-Dykes-Lyndon Dykes,
1,Ilias Chair,https://fbref.com/en/players/ad7873cb/Ilias-Chair,10,10,ma MAR,AM,23-162,75,0,0,0,0,0,0,0,,0,2,0,2,0,0,0,0,https://fbref.com/en/players/ad7873cb/Ilias-Chair-Ilias Chair,
2,George Thomas,https://fbref.com/en/players/7ef24097/George-Thomas,19,19,wls WAL,AM,24-017,15,0,0,0,0,0,0,0,,0,1,1,0,0,0,0,0,https://fbref.com/en/players/7ef24097/George-Thomas-George Thomas,
3,Chris Willock,https://fbref.com/en/players/be0bd828/Chris-Willock,21,21,eng ENG,AM,23-069,90,0,0,0,0,0,0,0,,0,0,0,0,0,0,0,0,https://fbref.com/en/players/be0bd828/Chris-Willock-Chris Willock,
4,Sam Field,https://fbref.com/en/players/bd8a7d05/Sam-Field,15,15,eng ENG,CM,22-337,80,2,2,1,1,0,0,0,,0,1,1,0,2,4,1,0,https://fbref.com/en/players/bd8a7d05/Sam-Field-Sam Field,
5,Dominic Ball,https://fbref.com/en/players/79d61875/Dominic-Ball,12,12,eng ENG,CM,25-251,10,0,0,0,0,0,0,0,,0,1,0,1,0,0,0,0,https://fbref.com/en/players/79d61875/Dominic-Ball-Dominic Ball,
6,Stefan Johansen,https://fbref.com/en/players/a48da055/Stefan-Johansen,14,14,no NOR,CM,30-092,80,1,1,1,0,0,0,1,0.0,1,1,1,0,1,2,0,0,https://fbref.com/en/players/a48da055/Stefan-Johansen-Stefan Johansen,
7,Faysal Bettache,https://fbref.com/en/players/34747acf/Faysal-Bettache,26,26,eng ENG,CM,20-277,10,0,0,0,0,0,0,0,,0,0,0,0,0,0,0,0,https://fbref.com/en/players/34747acf/Faysal-Bettache-Faysal Bettache,
8,Lee Wallace,https://fbref.com/en/players/c3a396e2/Lee-Wallace,3,3,sct SCO,WB,33-252,90,3,2,2,0,1,2,2,100.0,0,0,0,0,0,3,2,0,https://fbref.com/en/players/c3a396e2/Lee-Wallace-Lee Wallace,
9,Osman Kakay,https://fbref.com/en/players/0aed0751/Osman-Kakay,24,24,sl SLE,"WB,CB",23-228,90,2,1,1,1,0,2,2,100.0,0,1,1,0,0,2,3,0,https://fbref.com/en/players/0aed0751/Osman-Kakay-Osman Kakay,
10,Yoann Barbet,https://fbref.com/en/players/c52bbd2c/Yoann-Barbet,6,6,fr FRA,CB,27-335,90,2,2,2,0,0,1,2,50.0,1,0,0,0,4,6,8,0,https://fbref.com/en/players/c52bbd2c/Yoann-Barbet-Yoann Barbet,
11,Jordy de Wijs,https://fbref.com/en/players/3bb5b5d2/Jordy-de-Wijs,5,5,nl NED,CB,26-092,68,0,0,0,0,0,0,0,,0,1,1,0,0,0,7,0,https://fbref.com/en/players/3bb5b5d2/Jordy-de-Wijs-Jordy de Wijs,
12,Albert Adomah,https://fbref.com/en/players/c7174e81/Albert-Adomah,37,37,gh GHA,WB,33-118,22,2,1,0,0,2,1,1,100.0,0,1,0,1,1,3,0,0,https://fbref.com/en/players/c7174e81/Albert-Adomah-Albert Adomah,
13,Robert Dickie,https://fbref.com/en/players/c7dfc411/Robert-Dickie,4,4,eng ENG,CB,25-038,90,1,0,1,0,0,0,1,0.0,1,0,0,0,0,1,4,0,https://fbref.com/en/players/c7dfc411/Robert-Dickie-Robert Dickie,
14,Seny Dieng,https://fbref.com/en/players/c135cddd/Seny-Dieng,13,13,sn SEN,GK,26-138,90,0,0,0,0,0,0,0,,0,0,0,0,0,0,1,0,https://fbref.com/en/players/c135cddd/Seny-Dieng-Seny Dieng,
