,Player Name,Player Number,Player,#,Nation,Pos,Age,Min,Touches,Def Pen,Def 3rd,Mid 3rd,Att 3rd,Att Pen,Live,Att,Succ,Succ%,Tkld,Tkld%,Carries,TotDist,PrgDist,PrgC,1/3,CPA,Mis,Dis,Rec,PrgR,Player Key,Player Link
0,Lyndon Dykes,https://fbref.com/en/players/cd92357a/Lyndon-Dykes,9,9,sct SCO,FW,25-185,90,34,0,4,24,7,2,34,2,1,50.0,1,50.0,11,29,7,0,0,1,0,2,29,7,https://fbref.com/en/players/cd92357a/Lyndon-Dykes-Lyndon Dykes,
1,Ilias Chair,https://fbref.com/en/players/ad7873cb/Ilias-Chair,10,10,ma MAR,AM,23-162,75,49,0,2,21,26,2,49,0,0,,0,,28,167,69,1,4,1,3,0,38,10,https://fbref.com/en/players/ad7873cb/Ilias-Chair-Ilias Chair,
2,George Thomas,https://fbref.com/en/players/7ef24097/George-Thomas,19,19,wls WAL,AM,24-017,15,9,0,2,3,4,1,9,0,0,,0,,4,38,34,1,0,0,0,0,6,2,https://fbref.com/en/players/7ef24097/George-Thomas-George Thomas,
3,Chris Willock,https://fbref.com/en/players/be0bd828/Chris-Willock,21,21,eng ENG,AM,23-069,90,49,0,1,21,28,8,49,2,2,100.0,0,0.0,32,204,121,6,3,4,2,0,43,7,https://fbref.com/en/players/be0bd828/Chris-Willock-Chris Willock,
4,Sam Field,https://fbref.com/en/players/bd8a7d05/Sam-Field,15,15,eng ENG,CM,22-337,80,42,2,8,30,4,0,42,0,0,,0,,21,63,11,0,1,0,1,0,27,0,https://fbref.com/en/players/bd8a7d05/Sam-Field-Sam Field,
5,Dominic Ball,https://fbref.com/en/players/79d61875/Dominic-Ball,12,12,eng ENG,CM,25-251,10,8,0,4,3,1,0,8,0,0,,0,,3,10,2,0,0,0,0,0,6,0,https://fbref.com/en/players/79d61875/Dominic-Ball-Dominic Ball,
6,Stefan Johansen,https://fbref.com/en/players/a48da055/Stefan-Johansen,14,14,no NOR,CM,30-092,80,64,1,12,40,13,0,64,1,0,0.0,1,100.0,36,203,110,1,1,0,0,0,52,2,https://fbref.com/en/players/a48da055/Stefan-Johansen-Stefan Johansen,
7,Faysal Bettache,https://fbref.com/en/players/34747acf/Faysal-Bettache,26,26,eng ENG,CM,20-277,10,13,0,3,5,5,0,13,0,0,,0,,9,46,5,0,0,0,0,0,12,2,https://fbref.com/en/players/34747acf/Faysal-Bettache-Faysal Bettache,
8,Lee Wallace,https://fbref.com/en/players/c3a396e2/Lee-Wallace,3,3,sct SCO,WB,33-252,90,31,1,9,12,10,1,31,1,1,100.0,0,0.0,11,81,36,2,0,0,3,0,14,4,https://fbref.com/en/players/c3a396e2/Lee-Wallace-Lee Wallace,
9,Osman Kakay,https://fbref.com/en/players/0aed0751/Osman-Kakay,24,24,sl SLE,"WB,CB",23-228,90,58,5,15,34,9,3,58,2,1,50.0,1,50.0,28,104,31,0,0,0,1,2,38,3,https://fbref.com/en/players/0aed0751/Osman-Kakay-Osman Kakay,
10,Yoann Barbet,https://fbref.com/en/players/c52bbd2c/Yoann-Barbet,6,6,fr FRA,CB,27-335,90,75,7,37,32,6,0,75,0,0,,0,,39,166,84,3,3,0,0,0,52,0,https://fbref.com/en/players/c52bbd2c/Yoann-Barbet-Yoann Barbet,
11,Jordy de Wijs,https://fbref.com/en/players/3bb5b5d2/Jordy-de-Wijs,5,5,nl NED,CB,26-092,68,61,15,46,14,1,1,61,0,0,,0,,22,98,40,0,0,0,0,0,39,0,https://fbref.com/en/players/3bb5b5d2/Jordy-de-Wijs-Jordy de Wijs,
12,Albert Adomah,https://fbref.com/en/players/c7174e81/Albert-Adomah,37,37,gh GHA,WB,33-118,22,19,1,3,1,15,0,19,1,0,0.0,1,100.0,11,77,17,0,1,0,0,2,11,5,https://fbref.com/en/players/c7174e81/Albert-Adomah-Albert Adomah,
13,Robert Dickie,https://fbref.com/en/players/c7dfc411/Robert-Dickie,4,4,eng ENG,CB,25-038,90,69,9,41,22,6,0,69,0,0,,0,,34,146,91,1,0,0,0,0,52,0,https://fbref.com/en/players/c7dfc411/Robert-Dickie-Robert Dickie,
14,Seny Dieng,https://fbref.com/en/players/c135cddd/Seny-Dieng,13,13,sn SEN,GK,26-138,90,59,55,59,0,0,0,59,0,0,,0,,27,178,101,0,0,0,0,0,28,0,https://fbref.com/en/players/c135cddd/Seny-Dieng-Seny Dieng,
