,Player Name,Player Number,Player,#,Nation,Pos,Age,Min,Att,Live,Dead,FK,TB,Sw,Crs,TI,CK,In,Out,Str,Cmp,Off,Blocks,Player Key,Player Link
0,Jordan Rhodes,https://fbref.com/en/players/3b8b641c/Jordan-Rhodes,20,20,sct SCO,FW,31-064,70,18,17,1,0,0,1,0,1,0,0,0,0,13,0,0,https://fbref.com/en/players/3b8b641c/Jordan-Rhodes-Jordan Rhodes,
1,André Green,https://fbref.com/en/players/6e287b7a/Andre-Green,16,16,eng ENG,FW,22-258,20,3,3,0,0,0,0,1,0,0,0,0,0,1,0,0,https://fbref.com/en/players/6e287b7a/Andre-Green-André Green,
2,Callum Paterson,https://fbref.com/en/players/d2583bce/Callum-Paterson,5,5,sct SCO,FW,26-179,69,20,19,1,0,0,0,0,1,0,0,0,0,12,0,1,https://fbref.com/en/players/d2583bce/Callum-Paterson-Callum Paterson,
3,Elias Kachunga,https://fbref.com/en/players/5bddccc9/Elias-Kachunga,45,45,cd COD,FW,28-353,21,6,5,1,0,0,0,0,0,0,0,0,0,5,0,0,https://fbref.com/en/players/5bddccc9/Elias-Kachunga-Elias Kachunga,
4,Josh Windass,https://fbref.com/en/players/dc092f62/Josh-Windass,18,18,eng ENG,AM,27-091,90,39,38,1,0,0,1,4,0,0,0,0,0,32,0,2,https://fbref.com/en/players/dc092f62/Josh-Windass-Josh Windass,
5,Barry Bannan,https://fbref.com/en/players/9469fb13/Barry-Bannan,10,10,sct SCO,CM,31-130,90,91,85,6,2,0,0,9,0,4,2,2,0,74,0,1,https://fbref.com/en/players/9469fb13/Barry-Bannan-Barry Bannan,
6,Sam Hutchinson,https://fbref.com/en/players/800a3404/Sam-Hutchinson,6,6,eng ENG,CM,31-250,82,55,49,5,1,0,0,0,1,0,0,0,0,47,1,1,https://fbref.com/en/players/800a3404/Sam-Hutchinson-Sam Hutchinson,
7,Joey Pelupessy,https://fbref.com/en/players/f9575abf/Joey-Pelupessy,8,8,nl NED,CM,27-330,8,4,4,0,0,0,0,0,0,0,0,0,0,4,0,0,https://fbref.com/en/players/f9575abf/Joey-Pelupessy-Joey Pelupessy,
8,Adam Reach,https://fbref.com/en/players/33a2d4dc/Adam-Reach,11,11,eng ENG,WB,28-066,90,66,60,6,1,1,2,7,5,0,0,0,0,52,0,0,https://fbref.com/en/players/33a2d4dc/Adam-Reach-Adam Reach,
9,Liam Palmer,https://fbref.com/en/players/93affd76/Liam-Palmer,2,2,sct SCO,WB,29-203,90,43,38,4,0,0,0,5,4,0,0,0,0,32,1,0,https://fbref.com/en/players/93affd76/Liam-Palmer-Liam Palmer,
10,Julian Börner,https://fbref.com/en/players/a354cc49/Julian-Borner,13,13,de GER,CB,30-079,90,56,53,3,2,0,0,0,1,0,0,0,0,46,0,0,https://fbref.com/en/players/a354cc49/Julian-Borner-Julian Börner,
11,Tom Lees,https://fbref.com/en/players/8c9aab00/Tom-Lees,15,15,eng ENG,CB,30-133,90,53,51,1,1,0,0,0,0,0,0,0,0,47,1,0,https://fbref.com/en/players/8c9aab00/Tom-Lees-Tom Lees,
12,Osaze Urhoghide,https://fbref.com/en/players/1124ac8a/Osaze-Urhoghide,19,19,nl NED,CB,20-280,70,32,32,0,0,0,0,0,0,0,0,0,0,27,0,1,https://fbref.com/en/players/1124ac8a/Osaze-Urhoghide-Osaze Urhoghide,
13,Kadeem Harris,https://fbref.com/en/players/24396398/Kadeem-Harris,7,7,eng ENG,CB,27-306,20,1,1,0,0,0,0,1,0,0,0,0,0,0,0,0,https://fbref.com/en/players/24396398/Kadeem-Harris-Kadeem Harris,
14,Joe Wildsmith,https://fbref.com/en/players/aa61b4a3/Joe-Wildsmith,28,28,eng ENG,GK,25-103,90,39,20,19,4,0,1,0,0,0,0,0,0,29,0,0,https://fbref.com/en/players/aa61b4a3/Joe-Wildsmith-Joe Wildsmith,
