,Player Name,Player Number,Player,#,Nation,Pos,Age,Min,Gls,Ast,PK,PKatt,Sh,SoT,CrdY,CrdR,Touches,Tkl,Int,Blocks,xG,npxG,xAG,SCA,GCA,Cmp,Att,Cmp%,PrgP,Carries,PrgC,Att,Succ,Player Key,Player Link
0,Jordan Rhodes,https://fbref.com/en/players/3b8b641c/Jordan-Rhodes,20,20,sct SCO,FW,31-064,70,0,0,0,0,2,0,0,0,23,0,0,1,0.6,0.6,0.0,2,0,13,18,72.2,2,17,0,0,0,https://fbref.com/en/players/3b8b641c/Jordan-Rhodes-Jordan Rhodes,
1,André Green,https://fbref.com/en/players/6e287b7a/Andre-Green,16,16,eng ENG,FW,22-258,20,0,0,0,0,0,0,0,0,3,0,0,0,0.0,0.0,0.0,1,0,1,3,33.3,1,2,1,0,0,https://fbref.com/en/players/6e287b7a/Andre-Green-André Green,
2,Callum Paterson,https://fbref.com/en/players/d2583bce/Callum-Paterson,5,5,sct SCO,FW,26-179,69,0,0,0,0,2,0,0,0,30,1,1,0,0.2,0.2,0.0,1,0,12,20,60.0,3,18,0,1,0,https://fbref.com/en/players/d2583bce/Callum-Paterson-Callum Paterson,
3,Elias Kachunga,https://fbref.com/en/players/5bddccc9/Elias-Kachunga,45,45,cd COD,FW,28-353,21,0,0,0,0,1,0,0,0,10,1,0,0,0.5,0.5,0.0,2,0,5,6,83.3,1,5,1,1,0,https://fbref.com/en/players/5bddccc9/Elias-Kachunga-Elias Kachunga,
4,Josh Windass,https://fbref.com/en/players/dc092f62/Josh-Windass,18,18,eng ENG,AM,27-091,90,1,0,0,0,7,2,0,0,49,0,0,0,0.7,0.7,0.6,5,0,32,39,82.1,7,37,5,0,0,https://fbref.com/en/players/dc092f62/Josh-Windass-Josh Windass,
5,Barry Bannan,https://fbref.com/en/players/9469fb13/Barry-Bannan,10,10,sct SCO,CM,31-130,90,0,0,0,0,1,0,0,0,96,1,1,0,0.1,0.1,0.8,9,1,74,91,81.3,11,63,4,3,2,https://fbref.com/en/players/9469fb13/Barry-Bannan-Barry Bannan,
6,Sam Hutchinson,https://fbref.com/en/players/800a3404/Sam-Hutchinson,6,6,eng ENG,CM,31-250,82,0,0,0,0,1,0,0,0,60,0,3,0,0.0,0.0,0.0,0,0,47,55,85.5,3,31,0,0,0,https://fbref.com/en/players/800a3404/Sam-Hutchinson-Sam Hutchinson,
7,Joey Pelupessy,https://fbref.com/en/players/f9575abf/Joey-Pelupessy,8,8,nl NED,CM,27-330,8,0,0,0,0,0,0,0,0,5,0,1,0,0.0,0.0,0.0,0,0,4,4,100.0,0,4,0,0,0,https://fbref.com/en/players/f9575abf/Joey-Pelupessy-Joey Pelupessy,
8,Adam Reach,https://fbref.com/en/players/33a2d4dc/Adam-Reach,11,11,eng ENG,WB,28-066,90,0,1,0,0,3,0,0,0,79,3,0,1,0.1,0.1,0.7,8,1,52,66,78.8,7,41,3,2,1,https://fbref.com/en/players/33a2d4dc/Adam-Reach-Adam Reach,
9,Liam Palmer,https://fbref.com/en/players/93affd76/Liam-Palmer,2,2,sct SCO,WB,29-203,90,0,0,0,0,1,0,0,0,52,2,2,0,0.2,0.2,0.1,3,0,32,43,74.4,7,27,2,1,0,https://fbref.com/en/players/93affd76/Liam-Palmer-Liam Palmer,
10,Julian Börner,https://fbref.com/en/players/a354cc49/Julian-Borner,13,13,de GER,CB,30-079,90,0,0,0,0,0,0,0,0,64,1,2,0,0.0,0.0,0.0,1,0,46,56,82.1,8,34,2,0,0,https://fbref.com/en/players/a354cc49/Julian-Borner-Julian Börner,
11,Tom Lees,https://fbref.com/en/players/8c9aab00/Tom-Lees,15,15,eng ENG,CB,30-133,90,0,0,0,0,0,0,0,0,61,1,1,0,0.0,0.0,0.0,0,0,47,53,88.7,2,31,0,0,0,https://fbref.com/en/players/8c9aab00/Tom-Lees-Tom Lees,
12,Osaze Urhoghide,https://fbref.com/en/players/1124ac8a/Osaze-Urhoghide,19,19,nl NED,CB,20-280,70,0,0,0,0,0,0,0,0,35,0,0,0,0.0,0.0,0.0,0,0,27,32,84.4,1,23,2,0,0,https://fbref.com/en/players/1124ac8a/Osaze-Urhoghide-Osaze Urhoghide,
13,Kadeem Harris,https://fbref.com/en/players/24396398/Kadeem-Harris,7,7,eng ENG,CB,27-306,20,0,0,0,0,0,0,0,0,4,0,0,0,0.0,0.0,0.0,0,0,0,1,0.0,0,3,0,1,0,https://fbref.com/en/players/24396398/Kadeem-Harris-Kadeem Harris,
14,Joe Wildsmith,https://fbref.com/en/players/aa61b4a3/Joe-Wildsmith,28,28,eng ENG,GK,25-103,90,0,0,0,0,0,0,0,0,41,0,0,0,0.0,0.0,0.0,0,0,29,39,74.4,0,15,0,0,0,https://fbref.com/en/players/aa61b4a3/Joe-Wildsmith-Joe Wildsmith,
