,Player Name,Player Number,Player,#,Nation,Pos,Age,Min,Touches,Def Pen,Def 3rd,Mid 3rd,Att 3rd,Att Pen,Live,Att,Succ,Succ%,Tkld,Tkld%,Carries,TotDist,PrgDist,PrgC,1/3,CPA,Mis,Dis,Rec,PrgR,Player Key,Player Link
0,Jordan Rhodes,https://fbref.com/en/players/3b8b641c/Jordan-Rhodes,20,20,sct SCO,FW,31-064,70,23,0,2,11,10,4,23,0,0,,0,,17,42,7,0,0,0,1,2,19,7,https://fbref.com/en/players/3b8b641c/Jordan-Rhodes-Jordan Rhodes,
1,André Green,https://fbref.com/en/players/6e287b7a/Andre-Green,16,16,eng ENG,FW,22-258,20,3,0,0,1,2,0,3,0,0,,0,,2,38,20,1,0,0,0,0,3,1,https://fbref.com/en/players/6e287b7a/Andre-Green-André Green,
2,Callum Paterson,https://fbref.com/en/players/d2583bce/Callum-Paterson,5,5,sct SCO,FW,26-179,69,30,1,5,17,8,3,30,1,0,0.0,1,100.0,18,53,16,0,3,0,3,2,21,7,https://fbref.com/en/players/d2583bce/Callum-Paterson-Callum Paterson,
3,Elias Kachunga,https://fbref.com/en/players/5bddccc9/Elias-Kachunga,45,45,cd COD,FW,28-353,21,10,0,1,7,2,1,10,1,0,0.0,1,100.0,5,43,11,1,0,0,1,0,5,1,https://fbref.com/en/players/5bddccc9/Elias-Kachunga-Elias Kachunga,
4,Josh Windass,https://fbref.com/en/players/dc092f62/Josh-Windass,18,18,eng ENG,AM,27-091,90,49,0,3,18,28,9,49,0,0,,0,,37,211,107,5,2,2,3,2,47,13,https://fbref.com/en/players/dc092f62/Josh-Windass-Josh Windass,
5,Barry Bannan,https://fbref.com/en/players/9469fb13/Barry-Bannan,10,10,sct SCO,CM,31-130,90,96,1,21,49,26,2,96,3,2,66.7,1,33.3,63,277,118,4,3,0,1,1,70,4,https://fbref.com/en/players/9469fb13/Barry-Bannan-Barry Bannan,
6,Sam Hutchinson,https://fbref.com/en/players/800a3404/Sam-Hutchinson,6,6,eng ENG,CM,31-250,82,60,4,17,41,3,0,60,0,0,,0,,31,61,24,0,0,0,0,0,39,1,https://fbref.com/en/players/800a3404/Sam-Hutchinson-Sam Hutchinson,
7,Joey Pelupessy,https://fbref.com/en/players/f9575abf/Joey-Pelupessy,8,8,nl NED,CM,27-330,8,5,0,4,0,1,0,5,0,0,,0,,4,16,1,0,0,0,0,0,3,0,https://fbref.com/en/players/f9575abf/Joey-Pelupessy-Joey Pelupessy,
8,Adam Reach,https://fbref.com/en/players/33a2d4dc/Adam-Reach,11,11,eng ENG,WB,28-066,90,79,4,26,21,33,7,79,2,1,50.0,1,50.0,41,256,91,3,2,2,2,1,57,9,https://fbref.com/en/players/33a2d4dc/Adam-Reach-Adam Reach,
9,Liam Palmer,https://fbref.com/en/players/93affd76/Liam-Palmer,2,2,sct SCO,WB,29-203,90,52,4,14,17,21,5,52,1,0,0.0,1,100.0,27,98,66,2,0,1,0,0,28,7,https://fbref.com/en/players/93affd76/Liam-Palmer-Liam Palmer,
10,Julian Börner,https://fbref.com/en/players/a354cc49/Julian-Borner,13,13,de GER,CB,30-079,90,64,8,33,28,4,2,64,0,0,,0,,34,132,87,2,0,0,0,0,37,0,https://fbref.com/en/players/a354cc49/Julian-Borner-Julian Börner,
11,Tom Lees,https://fbref.com/en/players/8c9aab00/Tom-Lees,15,15,eng ENG,CB,30-133,90,61,9,34,25,2,1,61,0,0,,0,,31,114,76,0,0,0,0,0,37,2,https://fbref.com/en/players/8c9aab00/Tom-Lees-Tom Lees,
12,Osaze Urhoghide,https://fbref.com/en/players/1124ac8a/Osaze-Urhoghide,19,19,nl NED,CB,20-280,70,35,1,14,19,2,0,35,0,0,,0,,23,114,71,2,1,0,1,0,28,0,https://fbref.com/en/players/1124ac8a/Osaze-Urhoghide-Osaze Urhoghide,
13,Kadeem Harris,https://fbref.com/en/players/24396398/Kadeem-Harris,7,7,eng ENG,CB,27-306,20,4,1,1,0,3,1,4,1,0,0.0,1,100.0,3,20,0,0,0,0,1,0,3,1,https://fbref.com/en/players/24396398/Kadeem-Harris-Kadeem Harris,
14,Joe Wildsmith,https://fbref.com/en/players/aa61b4a3/Joe-Wildsmith,28,28,eng ENG,GK,25-103,90,41,39,41,0,0,0,41,0,0,,0,,15,54,3,0,0,0,0,0,17,0,https://fbref.com/en/players/aa61b4a3/Joe-Wildsmith-Joe Wildsmith,
