,Minute,Player,Squad,xG,PSxG,Outcome,Distance,Body Part,Notes,SCA 1 Player,SCA 1 Event,SCA 2 Player,SCA 2 Event
0,1,Jordy de Wijs,QPR,0.17,,Off Target,4,Head,,Chris Willock,Pass (Live),Ilias Chair,Pass (Live)
1,6,Chris Willock,QPR,0.07,0.03,Saved,14,Right Foot,Volley,Jordy de Wijs,Pass (Live),,
2,8,Adam Reach,Sheffield Weds,0.04,,Off Target,12,Left Foot,Volley,Liam Palmer,Pass (Live),Callum Paterson,Pass (Live)
3,8,Callum Paterson,Sheffield Weds,0.13,,Off Target,6,Head,,Barry Bannan,Pass (Live),Adam Reach,Shot
4,16,Josh Windass,Sheffield Weds,0.04,,Blocked,20,Right Foot,,Adam Reach,Pass (Live),Josh Windass,Pass (Live)
5,26,Adam Reach,Sheffield Weds,0.03,,Off Target,28,Left Foot,Volley,Jordan Rhodes,Pass (Live),Liam Palmer,Pass (Live)
6,27,Lyndon Dykes,QPR,0.03,0.25,Goal,17,Head,,Yoann Barbet,Pass (Live),Stefan Johansen,Pass (Live)
7,30,Josh Windass,Sheffield Weds,0.41,0.95,Goal,15,Right Foot,,Adam Reach,Pass (Live),Barry Bannan,Pass (Live)
8,43,Adam Reach,Sheffield Weds,0.02,,Blocked,28,Right Foot,,Adam Reach,Take-On,Barry Bannan,Pass (Live)
9,45,Josh Windass,Sheffield Weds,0.06,0.03,Saved,16,Right Foot,,Barry Bannan,Pass (Live),Josh Windass,Pass (Live)
10,45+1,Ilias Chair,QPR,0.04,0.42,Saved,27,Right Foot,,Stefan Johansen,Pass (Live),Ilias Chair,Pass (Live)
11,,,,,,,,,,,,,
12,50,Stefan Johansen,QPR,0.03,0.03,Goal,31,Left Foot,Deflected,Ilias Chair,Pass (Live),Chris Willock,Pass (Live)
13,51,Callum Paterson,Sheffield Weds,0.06,,Off Target,15,Left Foot,,Adam Reach,Pass (Live),Jordan Rhodes,Pass (Live)
14,56,Josh Windass,Sheffield Weds,0.05,,Off Target,19,Right Foot,,Liam Palmer,Pass (Live),Josh Windass,Pass (Live)
15,56,Jordan Rhodes,Sheffield Weds,0.11,,Off Target,10,Right Foot,Volley,Josh Windass,Shot,,
16,57,Barry Bannan,Sheffield Weds,0.06,,Off Target,12,Head,,Adam Reach,Pass (Live),Julian Börner,Pass (Live)
17,57,Jordan Rhodes,Sheffield Weds,0.47,,Off Target,8,Right Foot,,Barry Bannan,Shot,,
18,60,Lyndon Dykes,QPR,0.50,0.83,Goal,6,Head,,Chris Willock,Pass (Live),Robert Dickie,Pass (Live)
19,65,Liam Palmer,Sheffield Weds,0.16,,Off Target,8,Right Foot,Volley,Adam Reach,Pass (Live),Barry Bannan,Pass (Live)
20,67,Josh Windass,Sheffield Weds,0.04,,Blocked,16,Right Foot,,Barry Bannan,Pass (Live),Adam Reach,Pass (Live)
21,73,Elias Kachunga,Sheffield Weds,0.50,,Blocked,6,Head,,Josh Windass,Shot,,
22,73,Josh Windass,Sheffield Weds,0.10,,Off Target,9,Right Foot,Volley,Barry Bannan,Pass (Live),Elias Kachunga,Pass (Live)
23,75,Josh Windass,Sheffield Weds,0.03,,Off Target,25,Left Foot,Volley,Elias Kachunga,Shot,,
24,77,Chris Willock,QPR,0.05,,Woodwork,14,Right Foot,,George Thomas,Pass (Live),Yoann Barbet,Pass (Live)
25,78,Sam Hutchinson,Sheffield Weds,0.03,,Blocked,31,Right Foot,,Barry Bannan,Pass (Live),André Green,Pass (Live)
26,90+2,Chris Willock,QPR,0.44,0.50,Goal,10,Right Foot,,George Thomas,Pass (Live),Lyndon Dykes,Pass (Live)
27,90+5,Faysal Bettache,QPR,0.03,,Off Target,26,Left Foot,,Chris Willock,Pass (Live),Osman Kakay,Pass (Live)
