season,injury,from,until,days,missed_games
23/24,Toe injury,"Apr 1, 2024",,98 days,7
22/23,Hamstring injury,"Sep 17, 2022","Nov 18, 2022",62 days,14
20/21,Hamstring injury,"Mar 24, 2021","May 24, 2021",61 days,10
19/20,Achilles tendon rupture,"Mar 7, 2020","Dec 7, 2020",275 days,38
17/18,concussion,"Oct 9, 2017","Oct 19, 2017",10 days,1
15/16,Knee injury,"Feb 8, 2016","Feb 25, 2016",17 days,4
15/16,influenza,"Dec 31, 2015","Dec 31, 2015",0 days,-
15/16,Thigh problems,"Aug 3, 2015","Sep 17, 2015",45 days,8
14/15,Knock,"Dec 18, 2014","Jan 15, 2015",28 days,6
14/15,Knee problems,"Sep 11, 2014","Oct 13, 2014",32 days,11
13/14,Groin injury,"Nov 28, 2013","Jan 16, 2014",49 days,10
13/14,Hamstring strain,"Aug 26, 2013","Sep 16, 2013",21 days,7
12/13,Shoulder injury,"Mar 18, 2013","Jul 1, 2013",105 days,12
