,Player Name,Player Number,Player,#,Nation,Pos,Age,Min,Tkl,TklW,Def 3rd,Mid 3rd,Att 3rd,Tkl,Att,Tkl%,Lost,Blocks,Sh,Pass,Int,Tkl+Int,Clr,Err,Player Key,Player Link
0,Teemu Pukki,https://fbref.com/en/players/0745b37d/Teemu-Pukki,22,22,fi FIN,FW,31-026,84,1,1,1,0,0,0,0,,0,1,0,1,0,1,0,0,https://fbref.com/en/players/0745b37d/Teemu-Pukki-Teemu Pukki,
1,Jordan Hugill,https://fbref.com/en/players/a36d4785/Jordan-Hugill,9,9,eng ENG,FW,28-324,6,0,0,0,0,0,0,0,,0,0,0,0,0,0,0,0,https://fbref.com/en/players/a36d4785/Jordan-Hugill-Jordan Hugill,
2,Todd Cantwell,https://fbref.com/en/players/f63d8a4b/Todd-Cantwell,14,14,eng ENG,LW,23-056,84,2,2,1,0,1,2,7,28.6,5,1,0,1,2,4,0,0,https://fbref.com/en/players/f63d8a4b/Todd-Cantwell-Todd Cantwell,
3,Onel Hernández,https://fbref.com/en/players/007b39a5/Onel-Hernandez,25,25,cu CUB,LW,28-082,6,0,0,0,0,0,0,1,0.0,1,0,0,0,0,0,1,0,https://fbref.com/en/players/007b39a5/Onel-Hernandez-Onel Hernández,
4,Emi Buendía,https://fbref.com/en/players/66b76d44/Emi-Buendia,17,17,ar ARG,RW,24-120,88,3,3,1,2,0,1,3,33.3,2,2,0,2,0,3,1,0,https://fbref.com/en/players/66b76d44/Emi-Buendia-Emi Buendía,
5,Przemysław Płacheta,https://fbref.com/en/players/3c33f9d9/Przemyslaw-Placheta,11,11,pl POL,RW,23-032,2,0,0,0,0,0,0,0,,0,0,0,0,0,0,1,0,https://fbref.com/en/players/3c33f9d9/Przemyslaw-Placheta-Przemysław Płacheta,
6,Kieran Dowell,https://fbref.com/en/players/2f6ec02a/Kieran-Dowell,10,10,eng ENG,AM,23-196,73,0,0,0,0,0,0,2,0.0,2,0,0,0,0,0,0,0,https://fbref.com/en/players/2f6ec02a/Kieran-Dowell-Kieran Dowell,
7,Jakob Sørensen,https://fbref.com/en/players/953c30b0/Jakob-Sorensen,19,19,dk DEN,AM,23-052,17,0,0,0,0,0,0,0,,0,0,0,0,1,1,1,0,https://fbref.com/en/players/953c30b0/Jakob-Sorensen-Jakob Sørensen,
8,Kenny McLean,https://fbref.com/en/players/471f16b3/Kenny-McLean,23,23,sct SCO,DM,29-106,90,1,1,0,1,0,0,2,0.0,2,0,0,0,2,3,3,0,https://fbref.com/en/players/471f16b3/Kenny-McLean-Kenny McLean,
9,Oliver Skipp,https://fbref.com/en/players/6250083a/Oliver-Skipp,20,20,eng ENG,DM,20-220,90,4,3,1,3,0,1,4,25.0,3,1,0,1,3,7,3,0,https://fbref.com/en/players/6250083a/Oliver-Skipp-Oliver Skipp,
10,Xavi Quintillà,https://fbref.com/en/players/84fb6aff/Xavi-Quintilla,16,16,es ESP,LB,24-244,88,0,0,0,0,0,0,2,0.0,2,0,0,0,0,0,0,0,https://fbref.com/en/players/84fb6aff/Xavi-Quintilla-Xavi Quintillà,
11,Alexander Tettey,https://fbref.com/en/players/75566759/Alexander-Tettey,27,27,no NOR,LB,35-020,2,0,0,0,0,0,0,0,,0,0,0,0,0,0,0,0,https://fbref.com/en/players/75566759/Alexander-Tettey-Alexander Tettey,
12,Grant Hanley,https://fbref.com/en/players/e9254eec/Grant-Hanley,5,5,sct SCO,CB,29-155,90,1,0,1,0,0,1,1,100.0,0,0,0,0,1,2,4,0,https://fbref.com/en/players/e9254eec/Grant-Hanley-Grant Hanley,
13,Andrew Omobamidele,https://fbref.com/en/players/c393a6c4/Andrew-Omobamidele,44,44,ie IRL,CB,18-305,90,1,1,0,1,0,0,0,,0,1,1,0,1,2,8,0,https://fbref.com/en/players/c393a6c4/Andrew-Omobamidele-Andrew Omobamidele,
14,Max Aarons,https://fbref.com/en/players/774cf58b/Max-Aarons,2,2,eng ENG,RB,21-110,90,1,0,1,0,0,0,0,,0,0,0,0,1,2,1,0,https://fbref.com/en/players/774cf58b/Max-Aarons-Max Aarons,
15,Tim Krul,https://fbref.com/en/players/f23f9d20/Tim-Krul,1,1,nl NED,GK,33-021,90,0,0,0,0,0,0,0,,0,0,0,0,0,0,0,0,https://fbref.com/en/players/f23f9d20/Tim-Krul-Tim Krul,
