,Player Name,Player Number,Player,#,Nation,Pos,Age,Min,Gls,Ast,PK,PKatt,Sh,SoT,CrdY,CrdR,Touches,Tkl,Int,Blocks,xG,npxG,xAG,SCA,GCA,Cmp,Att,Cmp%,PrgP,Carries,PrgC,Att,Succ,Player Key,Player Link
0,Teemu Pukki,https://fbref.com/en/players/0745b37d/Teemu-Pukki,22,22,fi FIN,FW,31-026,84,0,0,0,0,3,0,0,0,24,1,0,1,0.6,0.6,0.1,1,0,11,15,73.3,0,10,1,2,0,https://fbref.com/en/players/0745b37d/Teemu-Pukki-Teemu Pukki,
1,Jordan Hugill,https://fbref.com/en/players/a36d4785/Jordan-Hugill,9,9,eng ENG,FW,28-324,6,0,0,0,0,0,0,0,0,4,0,0,0,0.0,0.0,0.0,0,0,2,3,66.7,1,1,0,0,0,https://fbref.com/en/players/a36d4785/Jordan-Hugill-Jordan Hugill,
2,Todd Cantwell,https://fbref.com/en/players/f63d8a4b/Todd-Cantwell,14,14,eng ENG,LW,23-056,84,0,0,0,0,3,0,0,0,65,2,2,1,0.1,0.1,0.0,3,1,48,54,88.9,9,37,1,3,2,https://fbref.com/en/players/f63d8a4b/Todd-Cantwell-Todd Cantwell,
3,Onel Hernández,https://fbref.com/en/players/007b39a5/Onel-Hernandez,25,25,cu CUB,LW,28-082,6,0,0,0,0,0,0,0,0,2,0,0,0,0.0,0.0,0.0,0,0,0,0,,0,1,0,0,0,https://fbref.com/en/players/007b39a5/Onel-Hernandez-Onel Hernández,
4,Emi Buendía,https://fbref.com/en/players/66b76d44/Emi-Buendia,17,17,ar ARG,RW,24-120,88,1,1,0,0,4,2,0,0,67,3,0,2,0.8,0.8,0.1,7,1,46,54,85.2,4,38,2,2,0,https://fbref.com/en/players/66b76d44/Emi-Buendia-Emi Buendía,
5,Przemysław Płacheta,https://fbref.com/en/players/3c33f9d9/Przemyslaw-Placheta,11,11,pl POL,RW,23-032,2,0,0,0,0,0,0,0,0,5,0,0,0,0.0,0.0,0.0,0,0,3,4,75.0,0,2,0,0,0,https://fbref.com/en/players/3c33f9d9/Przemyslaw-Placheta-Przemysław Płacheta,
6,Kieran Dowell,https://fbref.com/en/players/2f6ec02a/Kieran-Dowell,10,10,eng ENG,AM,23-196,73,0,0,0,0,4,3,0,0,34,0,0,0,0.2,0.2,0.7,6,0,25,29,86.2,4,24,2,1,0,https://fbref.com/en/players/2f6ec02a/Kieran-Dowell-Kieran Dowell,
7,Jakob Sørensen,https://fbref.com/en/players/953c30b0/Jakob-Sorensen,19,19,dk DEN,AM,23-052,17,0,0,0,0,1,0,0,0,10,0,1,0,0.1,0.1,0.0,0,0,5,7,71.4,1,6,0,1,1,https://fbref.com/en/players/953c30b0/Jakob-Sorensen-Jakob Sørensen,
8,Kenny McLean,https://fbref.com/en/players/471f16b3/Kenny-McLean,23,23,sct SCO,DM,29-106,90,0,2,0,0,0,0,0,0,73,1,2,0,0.0,0.0,0.7,4,2,53,60,88.3,8,32,1,2,1,https://fbref.com/en/players/471f16b3/Kenny-McLean-Kenny McLean,
9,Oliver Skipp,https://fbref.com/en/players/6250083a/Oliver-Skipp,20,20,eng ENG,DM,20-220,90,0,0,0,0,0,0,0,0,65,4,3,1,0.0,0.0,0.0,1,0,44,51,86.3,4,25,0,1,0,https://fbref.com/en/players/6250083a/Oliver-Skipp-Oliver Skipp,
10,Xavi Quintillà,https://fbref.com/en/players/84fb6aff/Xavi-Quintilla,16,16,es ESP,LB,24-244,88,1,0,0,0,1,1,0,0,78,0,0,0,0.0,0.0,0.1,4,1,66,75,88.0,2,32,1,0,0,https://fbref.com/en/players/84fb6aff/Xavi-Quintilla-Xavi Quintillà,
11,Alexander Tettey,https://fbref.com/en/players/75566759/Alexander-Tettey,27,27,no NOR,LB,35-020,2,0,0,0,0,0,0,0,0,2,0,0,0,0.0,0.0,0.0,0,0,2,2,100.0,0,1,0,0,0,https://fbref.com/en/players/75566759/Alexander-Tettey-Alexander Tettey,
12,Grant Hanley,https://fbref.com/en/players/e9254eec/Grant-Hanley,5,5,sct SCO,CB,29-155,90,0,0,0,0,0,0,0,0,62,1,1,0,0.0,0.0,0.0,1,0,44,55,80.0,3,28,0,0,0,https://fbref.com/en/players/e9254eec/Grant-Hanley-Grant Hanley,
13,Andrew Omobamidele,https://fbref.com/en/players/c393a6c4/Andrew-Omobamidele,44,44,ie IRL,CB,18-305,90,0,0,0,0,0,0,0,0,53,1,1,1,0.0,0.0,0.0,0,0,34,40,85.0,2,23,0,1,1,https://fbref.com/en/players/c393a6c4/Andrew-Omobamidele-Andrew Omobamidele,
14,Max Aarons,https://fbref.com/en/players/774cf58b/Max-Aarons,2,2,eng ENG,RB,21-110,90,1,0,0,0,3,1,0,0,75,1,1,0,0.2,0.2,0.0,2,1,51,65,78.5,7,44,3,1,0,https://fbref.com/en/players/774cf58b/Max-Aarons-Max Aarons,
15,Tim Krul,https://fbref.com/en/players/f23f9d20/Tim-Krul,1,1,nl NED,GK,33-021,90,0,0,0,0,0,0,0,0,51,0,0,0,0.0,0.0,0.0,1,0,35,46,76.1,0,23,0,0,0,https://fbref.com/en/players/f23f9d20/Tim-Krul-Tim Krul,
