,Player Name,Player Number,Player,#,Nation,Pos,Age,Min,Gls,Ast,PK,PKatt,Sh,SoT,CrdY,CrdR,Touches,Tkl,Int,Blocks,xG,npxG,xAG,SCA,GCA,Cmp,Att,Cmp%,PrgP,Carries,PrgC,Att,Succ,Player Key,Player Link
0,Lyndon Dykes,https://fbref.com/en/players/cd92357a/Lyndon-Dykes,9,9,sct SCO,FW,25-199,90,1,0,0,1,4,2,0,0,26,1,0,0,1.6,0.9,0.0,1,0,11,17,64.7,3,12,0,1,1,https://fbref.com/en/players/cd92357a/Lyndon-Dykes-Lyndon Dykes,
1,Ilias Chair,https://fbref.com/en/players/ad7873cb/Ilias-Chair,10,10,ma MAR,AM,23-176,65,0,0,0,0,1,0,0,0,38,1,0,1,0.0,0.0,0.3,6,0,29,32,90.6,6,26,5,1,0,https://fbref.com/en/players/ad7873cb/Ilias-Chair-Ilias Chair,
2,Charlie Austin,https://fbref.com/en/players/8d228291/Charlie-Austin,45,45,eng ENG,AM,31-293,25,0,1,0,0,2,1,0,0,9,0,0,0,0.2,0.2,0.4,0,0,2,5,40.0,0,4,1,1,0,https://fbref.com/en/players/8d228291/Charlie-Austin-Charlie Austin,
3,Chris Willock,https://fbref.com/en/players/be0bd828/Chris-Willock,21,21,eng ENG,AM,23-083,90,0,0,0,0,0,0,0,0,47,0,1,0,0.0,0.0,0.1,4,0,31,38,81.6,10,43,6,4,2,https://fbref.com/en/players/be0bd828/Chris-Willock-Chris Willock,
4,George Thomas,https://fbref.com/en/players/7ef24097/George-Thomas,19,19,wls WAL,CM,24-031,45,0,0,0,0,1,1,0,0,14,2,1,0,0.0,0.0,0.0,0,0,7,10,70.0,1,8,1,0,0,https://fbref.com/en/players/7ef24097/George-Thomas-George Thomas,
5,Sam Field,https://fbref.com/en/players/bd8a7d05/Sam-Field,15,15,eng ENG,CM,22-351,45,0,0,0,0,0,0,1,0,41,3,0,0,0.0,0.0,0.0,2,0,30,34,88.2,5,21,0,0,0,https://fbref.com/en/players/bd8a7d05/Sam-Field-Sam Field,
6,Stefan Johansen,https://fbref.com/en/players/a48da055/Stefan-Johansen,14,14,no NOR,CM,30-106,88,0,0,0,0,2,0,0,0,46,3,0,1,0.1,0.1,0.0,2,0,29,39,74.4,4,21,1,3,2,https://fbref.com/en/players/a48da055/Stefan-Johansen-Stefan Johansen,
7,Faysal Bettache,https://fbref.com/en/players/34747acf/Faysal-Bettache,26,26,eng ENG,CM,20-291,2,0,0,0,0,0,0,0,0,8,0,0,0,0.0,0.0,0.0,0,0,7,8,87.5,1,4,0,0,0,https://fbref.com/en/players/34747acf/Faysal-Bettache-Faysal Bettache,
8,Lee Wallace,https://fbref.com/en/players/c3a396e2/Lee-Wallace,3,3,sct SCO,WB,33-266,90,0,0,0,0,2,0,0,0,42,3,0,2,0.1,0.1,0.1,4,0,24,31,77.4,2,10,1,1,1,https://fbref.com/en/players/c3a396e2/Lee-Wallace-Lee Wallace,
9,Osman Kakay,https://fbref.com/en/players/0aed0751/Osman-Kakay,24,24,sl SLE,WB,23-242,65,0,0,0,0,1,0,0,0,34,3,0,0,0.0,0.0,0.0,1,0,13,23,56.5,2,15,2,2,2,https://fbref.com/en/players/0aed0751/Osman-Kakay-Osman Kakay,
10,Albert Adomah,https://fbref.com/en/players/c7174e81/Albert-Adomah,37,37,gh GHA,WB,33-132,25,0,0,0,0,0,0,0,0,15,0,0,0,0.0,0.0,0.1,2,0,11,15,73.3,1,10,3,3,3,https://fbref.com/en/players/c7174e81/Albert-Adomah-Albert Adomah,
11,Yoann Barbet,https://fbref.com/en/players/c52bbd2c/Yoann-Barbet,6,6,fr FRA,CB,27-349,90,0,0,0,0,0,0,0,0,59,0,4,3,0.0,0.0,0.0,2,0,37,48,77.1,5,29,1,2,2,https://fbref.com/en/players/c52bbd2c/Yoann-Barbet-Yoann Barbet,
12,Jordy de Wijs,https://fbref.com/en/players/3bb5b5d2/Jordy-de-Wijs,5,5,nl NED,CB,26-106,75,0,0,0,0,0,0,0,0,37,2,1,0,0.0,0.0,0.0,0,0,23,31,74.2,1,15,0,1,1,https://fbref.com/en/players/3bb5b5d2/Jordy-de-Wijs-Jordy de Wijs,
13,Dominic Ball,https://fbref.com/en/players/79d61875/Dominic-Ball,12,12,eng ENG,CB,25-265,15,0,0,0,0,0,0,0,0,15,0,0,0,0.0,0.0,0.0,0,0,13,15,86.7,0,5,0,0,0,https://fbref.com/en/players/79d61875/Dominic-Ball-Dominic Ball,
14,Robert Dickie,https://fbref.com/en/players/c7dfc411/Robert-Dickie,4,4,eng ENG,CB,25-052,90,0,0,0,0,0,0,0,0,45,0,3,0,0.0,0.0,0.1,1,0,32,41,78.0,1,25,2,3,3,https://fbref.com/en/players/c7dfc411/Robert-Dickie-Robert Dickie,
15,Seny Dieng,https://fbref.com/en/players/c135cddd/Seny-Dieng,13,13,sn SEN,GK,26-152,90,0,0,0,0,0,0,0,0,31,0,0,0,0.0,0.0,0.0,0,0,24,29,82.8,0,15,0,0,0,https://fbref.com/en/players/c135cddd/Seny-Dieng-Seny Dieng,
