,Player Name,Player Number,Player,#,Nation,Pos,Age,Min,Touches,Def Pen,Def 3rd,Mid 3rd,Att 3rd,Att Pen,Live,Att,Succ,Succ%,Tkld,Tkld%,Carries,TotDist,PrgDist,PrgC,1/3,CPA,Mis,Dis,Rec,PrgR,Player Key,Player Link
0,Lyndon Dykes,https://fbref.com/en/players/cd92357a/Lyndon-Dykes,9,9,sct SCO,FW,25-199,90,26,1,2,8,17,6,25,1,1,100.0,0,0.0,12,51,11,0,0,0,3,2,18,5,https://fbref.com/en/players/cd92357a/Lyndon-Dykes-Lyndon Dykes,
1,Ilias Chair,https://fbref.com/en/players/ad7873cb/Ilias-Chair,10,10,ma MAR,AM,23-176,65,38,0,2,19,18,4,38,1,0,0.0,1,100.0,26,242,135,5,3,3,0,1,26,7,https://fbref.com/en/players/ad7873cb/Ilias-Chair-Ilias Chair,
2,Charlie Austin,https://fbref.com/en/players/8d228291/Charlie-Austin,45,45,eng ENG,AM,31-293,25,9,0,0,0,9,5,9,1,0,0.0,1,100.0,4,12,6,1,0,1,0,0,6,2,https://fbref.com/en/players/8d228291/Charlie-Austin-Charlie Austin,
3,Chris Willock,https://fbref.com/en/players/be0bd828/Chris-Willock,21,21,eng ENG,AM,23-083,90,47,0,5,16,28,3,47,4,2,50.0,2,50.0,43,399,219,6,5,2,5,1,44,12,https://fbref.com/en/players/be0bd828/Chris-Willock-Chris Willock,
4,George Thomas,https://fbref.com/en/players/7ef24097/George-Thomas,19,19,wls WAL,CM,24-031,45,14,0,3,7,4,0,14,0,0,,0,,8,58,23,1,1,0,0,0,10,2,https://fbref.com/en/players/7ef24097/George-Thomas-George Thomas,
5,Sam Field,https://fbref.com/en/players/bd8a7d05/Sam-Field,15,15,eng ENG,CM,22-351,45,41,0,13,20,8,0,41,0,0,,0,,21,95,27,0,0,0,1,0,32,0,https://fbref.com/en/players/bd8a7d05/Sam-Field-Sam Field,
6,Stefan Johansen,https://fbref.com/en/players/a48da055/Stefan-Johansen,14,14,no NOR,CM,30-106,88,46,1,10,24,12,0,46,3,2,66.7,1,33.3,21,137,87,1,1,0,0,1,27,0,https://fbref.com/en/players/a48da055/Stefan-Johansen-Stefan Johansen,
7,Faysal Bettache,https://fbref.com/en/players/34747acf/Faysal-Bettache,26,26,eng ENG,CM,20-291,2,8,0,2,5,1,0,8,0,0,,0,,4,11,6,0,0,0,0,0,7,0,https://fbref.com/en/players/34747acf/Faysal-Bettache-Faysal Bettache,
8,Lee Wallace,https://fbref.com/en/players/c3a396e2/Lee-Wallace,3,3,sct SCO,WB,33-266,90,42,2,13,11,18,3,42,1,1,100.0,0,0.0,10,40,23,1,0,1,2,1,18,6,https://fbref.com/en/players/c3a396e2/Lee-Wallace-Lee Wallace,
9,Osman Kakay,https://fbref.com/en/players/0aed0751/Osman-Kakay,24,24,sl SLE,WB,23-242,65,34,4,11,8,15,3,34,2,2,100.0,0,0.0,15,91,35,2,1,1,3,0,18,4,https://fbref.com/en/players/0aed0751/Osman-Kakay-Osman Kakay,
10,Albert Adomah,https://fbref.com/en/players/c7174e81/Albert-Adomah,37,37,gh GHA,WB,33-132,25,15,0,3,3,9,0,15,3,3,100.0,0,0.0,10,105,56,3,0,0,0,1,11,3,https://fbref.com/en/players/c7174e81/Albert-Adomah-Albert Adomah,
11,Yoann Barbet,https://fbref.com/en/players/c52bbd2c/Yoann-Barbet,6,6,fr FRA,CB,27-349,90,59,3,22,30,9,1,59,2,2,100.0,0,0.0,29,149,78,1,1,0,0,1,36,0,https://fbref.com/en/players/c52bbd2c/Yoann-Barbet-Yoann Barbet,
12,Jordy de Wijs,https://fbref.com/en/players/3bb5b5d2/Jordy-de-Wijs,5,5,nl NED,CB,26-106,75,37,8,29,7,1,0,37,1,1,100.0,0,0.0,15,57,18,0,0,0,0,0,16,0,https://fbref.com/en/players/3bb5b5d2/Jordy-de-Wijs-Jordy de Wijs,
13,Dominic Ball,https://fbref.com/en/players/79d61875/Dominic-Ball,12,12,eng ENG,CB,25-265,15,15,2,11,4,0,0,15,0,0,,0,,5,16,0,0,0,0,0,0,11,0,https://fbref.com/en/players/79d61875/Dominic-Ball-Dominic Ball,
14,Robert Dickie,https://fbref.com/en/players/c7dfc411/Robert-Dickie,4,4,eng ENG,CB,25-052,90,45,4,21,16,8,0,45,3,3,100.0,0,0.0,25,165,96,2,0,0,0,1,32,1,https://fbref.com/en/players/c7dfc411/Robert-Dickie-Robert Dickie,
15,Seny Dieng,https://fbref.com/en/players/c135cddd/Seny-Dieng,13,13,sn SEN,GK,26-152,90,31,30,31,0,0,0,31,0,0,,0,,15,60,47,0,0,0,0,0,8,0,https://fbref.com/en/players/c135cddd/Seny-Dieng-Seny Dieng,
