,Minute,Player,Squad,xG,PSxG,Outcome,Distance,Body Part,Notes,SCA 1 Player,SCA 1 Event,SCA 2 Player,SCA 2 Event
0,1,Osman Kakay,QPR,0.05,,Off Target,15,Right Foot,,Osman Kakay,Tackle,,
1,2,Emi Buendía,Norwich City,0.23,,Off Target,14,Right Foot,,,,,
2,4,Teemu Pukki,Norwich City,0.04,,Off Target,25,Right Foot,,Grant Hanley,Pass (Live),Tim Krul,Pass (Live)
3,5,Lee Wallace,QPR,0.04,,Off Target,21,Left Foot,,Ilias Chair,Pass (Live),Yoann Barbet,Pass (Live)
4,10,Teemu Pukki,Norwich City,0.07,,Off Target,12,Left Foot,,Kieran Dowell,Pass (Live),Emi Buendía,Pass (Live)
5,12,Todd Cantwell,Norwich City,0.03,,Off Target,30,Right Foot,,Emi Buendía,Pass (Live),Xavi Quintillà,Pass (Live)
6,16,George Thomas,QPR,0.03,0.04,Saved,29,Right Foot,,Yoann Barbet,Pass (Live),Lee Wallace,Pass (Live)
7,20,Todd Cantwell,Norwich City,0.08,,Off Target,12,Left Foot,,Kieran Dowell,Pass (Live),Todd Cantwell,Pass (Live)
8,21,Kieran Dowell,Norwich City,0.05,,Off Target,19,Left Foot,,Xavi Quintillà,Pass (Live),Emi Buendía,Pass (Live)
9,22,Stefan Johansen,QPR,0.02,,Off Target,26,Right Foot,,Lee Wallace,Pass (Live),Ilias Chair,Pass (Dead)
10,25,Kieran Dowell,Norwich City,0.08,0.22,Saved,22,Right Foot,Deflected,Kenny McLean,Pass (Live),,
11,25,Lee Wallace,QPR,0.03,,Off Target,25,Left Foot,,Lyndon Dykes,Pass (Live),Ilias Chair,Pass (Live)
12,26,Emi Buendía,Norwich City,0.03,,Blocked,29,Right Foot,,Kieran Dowell,Pass (Dead),Kenny McLean,Fouled
13,32,Xavi Quintillà,Norwich City,0.03,0.11,Goal,29,Left Foot,,Emi Buendía,Pass (Live),Max Aarons,Pass (Live)
14,35,Kieran Dowell,Norwich City,0.03,0.07,Saved,28,Left Foot,,Oliver Skipp,Tackle,,
15,37,Lyndon Dykes,QPR,0.35,0.39,Saved,16,Right Foot,,Ilias Chair,Pass (Live),Lee Wallace,Pass (Live)
16,39,Lyndon Dykes,QPR,0.04,,Blocked,26,Right Foot,,Chris Willock,Pass (Live),Ilias Chair,Pass (Live)
17,42,Max Aarons,Norwich City,0.07,,Saved off Target,14,Left Foot,,Emi Buendía,Pass (Live),Kieran Dowell,Pass (Live)
18,,,,,,,,,,,,,
19,47,Emi Buendía,Norwich City,0.03,0.06,Saved,30,Right Foot,,,,,
20,47,Max Aarons,Norwich City,0.04,,Blocked,17,Left Foot,,Emi Buendía,Shot,,
21,49,Todd Cantwell,Norwich City,0.03,,Off Target,28,Right Foot,,Kieran Dowell,Pass (Live),,
22,51,Ilias Chair,QPR,0.03,,Off Target,27,Right Foot,,Chris Willock,Pass (Live),Sam Field,Pass (Live)
23,54,Kieran Dowell,Norwich City,0.06,0.16,Saved,16,Left Foot,,Xavi Quintillà,Pass (Live),Emi Buendía,Pass (Live)
24,55,Lyndon Dykes(pen),QPR,0.79,0.87,Saved,13,Right Foot,,Chris Willock,Fouled,Stefan Johansen,Pass (Live)
25,57,Max Aarons,Norwich City,0.11,0.13,Goal,4,Right Foot,Volley,Kenny McLean,Pass (Live),Xavi Quintillà,Pass (Live)
26,63,Stefan Johansen,QPR,0.07,,Off Target,28,Left Foot,Free kick,Ilias Chair,Fouled,Stefan Johansen,Pass (Live)
27,64,Teemu Pukki,Norwich City,0.47,,Off Target,16,Right Foot,,Kieran Dowell,Pass (Live),Todd Cantwell,Pass (Live)
28,71,Lyndon Dykes,QPR,0.36,0.50,Goal,3,Right Foot,Volley,,,,
29,77,Charlie Austin,QPR,0.09,,Off Target,6,Head,,Albert Adomah,Pass (Live),Chris Willock,Pass (Live)
30,80,Jakob Sørensen,Norwich City,0.05,,Blocked,21,Right Foot,,Teemu Pukki,Pass (Live),Max Aarons,Pass (Live)
31,82,Emi Buendía,Norwich City,0.48,0.93,Goal,8,Right Foot,,Kenny McLean,Pass (Live),Todd Cantwell,Pass (Live)
32,84,Charlie Austin,QPR,0.08,0.13,Saved,8,Right Foot,,Lee Wallace,Pass (Live),Sam Field,Pass (Live)
33,85,Lyndon Dykes,QPR,0.12,,Off Target,9,Right Foot,,Robert Dickie,Pass (Live),Albert Adomah,Pass (Live)
