,Player Name,Player Number,Player,#,Nation,Pos,Age,Min,Touches,Def Pen,Def 3rd,Mid 3rd,Att 3rd,Att Pen,Live,Att,Succ,Succ%,Tkld,Tkld%,Carries,TotDist,PrgDist,PrgC,1/3,CPA,Mis,Dis,Rec,PrgR,Player Key,Player Link
0,Nikola Stojiljković,https://fbref.com/en/players/ca3e2783/Nikola-Stojiljkovic,9,9,rs SRB,FW,28-202,78,16,0,0,8,8,3,16,1,0,0.0,1,100.0,4,19,0,0,0,1,2,1,7,2,https://fbref.com/en/players/ca3e2783/Nikola-Stojiljkovic-Nikola Stojiljković,
1,Pedro,https://fbref.com/en/players/17758df6/Pedro,96,96,br BRA,FW,24-119,12,4,0,0,3,1,0,4,0,0,,0,,3,11,0,0,0,0,0,0,3,1,https://fbref.com/en/players/17758df6/Pedro-Pedro,
2,Licá,https://fbref.com/en/players/41d84fed/Lica,88,88,pt POR,FW,32-180,90,29,0,0,12,18,1,29,1,0,0.0,1,100.0,11,84,27,1,3,0,3,0,16,4,https://fbref.com/en/players/41d84fed/Lica-Licá,
3,Bilel Aouacheria,https://fbref.com/en/players/77bbc5b1/Bilel-Aouacheria,26,26,fr FRA,LM,26-339,59,15,0,1,10,4,0,15,0,0,,0,,6,15,8,0,0,0,2,0,10,0,https://fbref.com/en/players/77bbc5b1/Bilel-Aouacheria-Bilel Aouacheria,
4,Claudio Falcão,https://fbref.com/en/players/56077210/Claudio-Falcao,29,29,br BRA,RM,26-247,31,25,0,2,20,3,1,25,1,0,0.0,1,100.0,9,20,3,0,0,0,0,0,15,0,https://fbref.com/en/players/56077210/Claudio-Falcao-Claudio Falcão,
5,Amine Oudrhiri,https://fbref.com/en/players/49c9c79a/Amine-Oudrhiri,5,5,ma MAR,CM,28-123,78,47,0,12,24,11,0,47,0,0,,0,,31,132,53,1,0,0,1,0,29,1,https://fbref.com/en/players/49c9c79a/Amine-Oudrhiri-Amine Oudrhiri,
6,Djalma Campos,https://fbref.com/en/players/bd9813b9/Djalma-Campos,20,20,ao ANG,CM,33-281,12,5,0,0,2,3,0,5,0,0,,0,,2,16,0,0,1,0,0,3,2,1,https://fbref.com/en/players/bd9813b9/Djalma-Campos-Djalma Campos,
7,Jonatan Lucca,https://fbref.com/en/players/b04f4533/Jonatan-Lucca,47,47,br BRA,CM,26-278,90,42,0,6,25,11,1,42,1,0,0.0,1,100.0,22,77,27,0,0,0,1,2,27,2,https://fbref.com/en/players/b04f4533/Jonatan-Lucca-Jonatan Lucca,
8,Hugo Seco,https://fbref.com/en/players/68ee9021/Hugo-Seco,7,7,pt POR,RM,32-263,59,11,0,1,5,5,1,11,4,2,50.0,2,50.0,5,54,2,0,0,1,0,4,8,3,https://fbref.com/en/players/68ee9021/Hugo-Seco-Hugo Seco,
9,Braian Mansilla,https://fbref.com/en/players/e4c37819/Braian-Mansilla,11,11,ar ARG,LM,23-325,31,15,0,2,4,9,1,15,1,0,0.0,1,100.0,9,66,21,3,0,1,3,1,8,5,https://fbref.com/en/players/e4c37819/Braian-Mansilla-Braian Mansilla,
10,Fábio Alexandre da Silva Nunes,https://fbref.com/en/players/7cfc2860/Fabio-Alexandre-da-Silva-Nunes,92,92,pt POR,LB,28-226,90,67,1,14,42,11,0,67,3,2,66.7,1,33.3,28,164,93,4,0,0,5,0,33,2,https://fbref.com/en/players/7cfc2860/Fabio-Alexandre-da-Silva-Nunes-Fábio Alexandre da Silva Nunes,
11,Eduardo Mancha,https://fbref.com/en/players/56e74f66/Eduardo-Mancha,95,95,br BRA,CB,25-103,90,58,3,34,23,2,2,58,2,2,100.0,0,0.0,34,294,196,0,0,0,1,1,36,0,https://fbref.com/en/players/56e74f66/Eduardo-Mancha-Eduardo Mancha,
12,Cássio,https://fbref.com/en/players/36334180/Cassio,41,41,br BRA,CB,27-063,90,57,11,35,21,1,1,57,0,0,,0,,21,68,31,0,0,0,0,0,30,0,https://fbref.com/en/players/36334180/Cassio-Cássio,
13,Tomás Tavares,https://fbref.com/en/players/0dce3356/Tomas-Tavares,84,84,pt POR,RB,20-000,90,55,1,10,26,20,1,55,2,0,0.0,2,100.0,23,129,43,0,3,1,1,3,29,2,https://fbref.com/en/players/0dce3356/Tomas-Tavares-Tomás Tavares,
14,Hugo Marques,https://fbref.com/en/players/789ee29d/Hugo-Marques,1,1,ao ANG,GK,35-051,90,42,37,42,0,0,0,42,0,0,,0,,24,154,99,0,0,0,0,0,24,0,https://fbref.com/en/players/789ee29d/Hugo-Marques-Hugo Marques,
