,Player Name,Player Number,Player,#,Nation,Pos,Age,Min,Gls,Ast,PK,PKatt,Sh,SoT,CrdY,CrdR,Touches,Tkl,Int,Blocks,xG,npxG,xAG,SCA,GCA,Cmp,Att,Cmp%,PrgP,Carries,PrgC,Att,Succ,Player Key,Player Link
0,Nikola Stojiljković,https://fbref.com/en/players/ca3e2783/Nikola-Stojiljkovic,9,9,rs SRB,FW,28-202,78,0,0,0,0,1,0,0,0,16,0,0,0,0.0,0.0,0.0,0,0,5,11,45.5,0,4,0,1,0,https://fbref.com/en/players/ca3e2783/Nikola-Stojiljkovic-Nikola Stojiljković,
1,Pedro,https://fbref.com/en/players/17758df6/Pedro,96,96,br BRA,FW,24-119,12,0,0,0,0,0,0,0,0,4,0,0,1,0.0,0.0,0.0,0,0,1,3,33.3,0,3,0,0,0,https://fbref.com/en/players/17758df6/Pedro-Pedro,
2,Licá,https://fbref.com/en/players/41d84fed/Lica,88,88,pt POR,FW,32-180,90,0,0,0,0,0,0,0,0,29,1,3,2,0.0,0.0,0.0,0,0,12,19,63.2,2,11,1,1,0,https://fbref.com/en/players/41d84fed/Lica-Licá,
3,Bilel Aouacheria,https://fbref.com/en/players/77bbc5b1/Bilel-Aouacheria,26,26,fr FRA,LM,26-339,59,0,0,0,0,1,0,0,0,15,1,0,0,0.0,0.0,0.0,0,0,8,11,72.7,0,6,0,0,0,https://fbref.com/en/players/77bbc5b1/Bilel-Aouacheria-Bilel Aouacheria,
4,Claudio Falcão,https://fbref.com/en/players/56077210/Claudio-Falcao,29,29,br BRA,RM,26-247,31,0,0,0,0,1,0,0,0,25,1,0,1,0.1,0.1,0.0,0,0,11,21,52.4,3,9,0,1,0,https://fbref.com/en/players/56077210/Claudio-Falcao-Claudio Falcão,
5,Amine Oudrhiri,https://fbref.com/en/players/49c9c79a/Amine-Oudrhiri,5,5,ma MAR,CM,28-123,78,0,0,0,0,0,0,0,0,47,0,0,0,0.0,0.0,0.0,2,0,34,44,77.3,2,31,1,0,0,https://fbref.com/en/players/49c9c79a/Amine-Oudrhiri-Amine Oudrhiri,
6,Djalma Campos,https://fbref.com/en/players/bd9813b9/Djalma-Campos,20,20,ao ANG,CM,33-281,12,0,0,0,0,0,0,0,0,5,1,0,0,0.0,0.0,0.0,0,0,2,4,50.0,0,2,0,0,0,https://fbref.com/en/players/bd9813b9/Djalma-Campos-Djalma Campos,
7,Jonatan Lucca,https://fbref.com/en/players/b04f4533/Jonatan-Lucca,47,47,br BRA,CM,26-278,90,0,0,0,0,0,0,0,0,42,1,0,0,0.0,0.0,0.5,2,0,27,37,73.0,3,22,0,1,0,https://fbref.com/en/players/b04f4533/Jonatan-Lucca-Jonatan Lucca,
8,Hugo Seco,https://fbref.com/en/players/68ee9021/Hugo-Seco,7,7,pt POR,RM,32-263,59,0,0,0,0,0,0,0,0,11,0,0,0,0.0,0.0,0.0,0,0,4,7,57.1,1,5,0,4,2,https://fbref.com/en/players/68ee9021/Hugo-Seco-Hugo Seco,
9,Braian Mansilla,https://fbref.com/en/players/e4c37819/Braian-Mansilla,11,11,ar ARG,LM,23-325,31,0,0,0,0,0,0,0,0,15,2,3,0,0.0,0.0,0.0,0,0,2,5,40.0,0,9,3,1,0,https://fbref.com/en/players/e4c37819/Braian-Mansilla-Braian Mansilla,
10,Fábio Alexandre da Silva Nunes,https://fbref.com/en/players/7cfc2860/Fabio-Alexandre-da-Silva-Nunes,92,92,pt POR,LB,28-226,90,0,0,0,0,1,0,0,0,67,2,1,1,0.0,0.0,0.0,1,0,45,57,78.9,5,28,4,3,2,https://fbref.com/en/players/7cfc2860/Fabio-Alexandre-da-Silva-Nunes-Fábio Alexandre da Silva Nunes,
11,Eduardo Mancha,https://fbref.com/en/players/56e74f66/Eduardo-Mancha,95,95,br BRA,CB,25-103,90,0,0,0,0,2,1,0,0,58,0,2,0,0.4,0.4,0.0,1,0,26,46,56.5,1,34,0,2,2,https://fbref.com/en/players/56e74f66/Eduardo-Mancha-Eduardo Mancha,
12,Cássio,https://fbref.com/en/players/36334180/Cassio,41,41,br BRA,CB,27-063,90,0,0,0,0,0,0,0,0,57,1,2,1,0.0,0.0,0.0,1,0,42,48,87.5,2,21,0,0,0,https://fbref.com/en/players/36334180/Cassio-Cássio,
13,Tomás Tavares,https://fbref.com/en/players/0dce3356/Tomas-Tavares,84,84,pt POR,RB,20-000,90,0,0,0,0,0,0,0,0,55,0,2,1,0.0,0.0,0.0,0,0,30,47,63.8,4,23,0,2,0,https://fbref.com/en/players/0dce3356/Tomas-Tavares-Tomás Tavares,
14,Hugo Marques,https://fbref.com/en/players/789ee29d/Hugo-Marques,1,1,ao ANG,GK,35-051,90,0,0,0,0,0,0,1,0,42,0,0,0,0.0,0.0,0.0,0,0,30,40,75.0,0,24,0,0,0,https://fbref.com/en/players/789ee29d/Hugo-Marques-Hugo Marques,
