,Player Name,Player Number,Player,#,Nation,Pos,Age,Min,CrdY,CrdR,2CrdY,Fls,Fld,Off,Crs,Int,TklW,PKwon,PKcon,OG,Recov,Won,Lost,Won%,Player Key,Player Link
0,Gelson,https://fbref.com/en/players/c69656cd/Gelson,7,7,ao ANG,"FW,RW",24-237,84,0,0,0,2,1,1,2,0,1,0,0,0,3,2,4,33.3,https://fbref.com/en/players/c69656cd/Gelson-Gelson,
1,Nélson Monte,https://fbref.com/en/players/8923dfec/Nelson-Monte,4,4,pt POR,"CB,LW",25-220,6,0,0,0,0,0,0,0,1,0,0,0,0,1,0,0,,https://fbref.com/en/players/8923dfec/Nelson-Monte-Nélson Monte,
2,Rafael Camacho,https://fbref.com/en/players/91b43c98/Rafael-Camacho,64,64,pt POR,LW,20-289,75,0,0,0,1,0,1,0,0,0,0,0,0,5,0,3,0.0,https://fbref.com/en/players/91b43c98/Rafael-Camacho-Rafael Camacho,
3,Ronan,https://fbref.com/en/players/466ffbcf/Ronan,19,19,br BRA,"FW,LW",25-319,15,1,0,0,2,1,0,0,0,0,0,0,0,1,3,1,75.0,https://fbref.com/en/players/466ffbcf/Ronan-Ronan,
4,Carlos Mané,https://fbref.com/en/players/7a854622/Carlos-Mane,21,21,gw GNB,"RW,LW",26-361,84,0,0,0,2,2,0,6,2,0,1,0,0,5,1,1,50.0,https://fbref.com/en/players/7a854622/Carlos-Mane-Carlos Mané,
5,Ricardo José Vaz Alves Monteiro,https://fbref.com/en/players/b35e9c40/Ricardo-Jose-Vaz-Alves-Monteiro,8,8,pt POR,"RM,RW",37-151,6,0,0,0,0,0,1,0,0,1,0,0,0,0,0,1,0.0,https://fbref.com/en/players/b35e9c40/Ricardo-Jose-Vaz-Alves-Monteiro-Ricardo José Vaz Alves Monteiro,
6,Francisco Geraldes,https://fbref.com/en/players/dbde9724/Francisco-Geraldes,11,11,pt POR,AM,25-323,65,1,0,0,2,0,0,0,3,2,0,0,0,6,0,1,0.0,https://fbref.com/en/players/dbde9724/Francisco-Geraldes-Francisco Geraldes,
7,Gonçalo Rodrigues,https://fbref.com/en/players/071b6ba9/Goncalo-Rodrigues,16,16,pt POR,"AM,LM",23-232,25,0,0,0,0,0,0,0,0,1,0,0,0,1,0,0,,https://fbref.com/en/players/071b6ba9/Goncalo-Rodrigues-Gonçalo Rodrigues,
8,Pelé,https://fbref.com/en/players/743fdcd3/Pele,18,18,gw GNB,"DM,CM",29-159,90,0,0,0,2,4,0,0,0,2,0,0,0,7,1,2,33.3,https://fbref.com/en/players/743fdcd3/Pele-Pelé,
9,Filipe Augusto,https://fbref.com/en/players/0e34de55/Filipe-Augusto,5,5,br BRA,"DM,CM",27-207,90,0,0,0,4,4,0,0,0,3,0,0,0,5,2,4,33.3,https://fbref.com/en/players/0e34de55/Filipe-Augusto-Filipe Augusto,
10,Savio,https://fbref.com/en/players/3e8c6e2c/Savio,36,36,br BRA,LB,25-285,75,0,0,0,0,0,0,0,2,1,0,0,0,4,1,3,25.0,https://fbref.com/en/players/3e8c6e2c/Savio-Savio,
11,Pedro Amaral,https://fbref.com/en/players/8dbc3f20/Pedro-Amaral,24,24,pt POR,LB,23-194,15,0,0,0,1,0,0,0,0,0,0,0,0,2,0,0,,https://fbref.com/en/players/8dbc3f20/Pedro-Amaral-Pedro Amaral,
12,Aderlan Santos,https://fbref.com/en/players/847e4cd8/Aderlan-Santos,33,33,br BRA,CB,31-332,90,0,0,0,1,1,0,0,1,0,0,0,0,4,4,0,100.0,https://fbref.com/en/players/847e4cd8/Aderlan-Santos-Aderlan Santos,
13,Toni Borevkovic,https://fbref.com/en/players/d05eeced/Toni-Borevkovic,6,6,hr CRO,CB,23-262,90,0,0,0,0,1,0,0,1,3,0,0,0,4,0,0,,https://fbref.com/en/players/d05eeced/Toni-Borevkovic-Toni Borevkovic,
14,Costinha,https://fbref.com/en/players/80bc5e71/Costinha,20,20,pt POR,RB,20-346,90,0,0,0,2,2,1,1,2,1,0,0,0,3,2,1,66.7,https://fbref.com/en/players/80bc5e71/Costinha-Costinha,
15,Paweł Kieszek,https://fbref.com/en/players/8dbddd2b/Pawel-Kieszek,1,1,pl POL,GK,36-325,90,0,0,0,0,0,0,0,0,0,0,0,0,1,0,0,,https://fbref.com/en/players/8dbddd2b/Pawel-Kieszek-Paweł Kieszek,
