,Minute,Player,Squad,xG,PSxG,Outcome,Distance,Body Part,Notes,SCA 1 Player,SCA 1 Event,SCA 2 Player,SCA 2 Event
0,1,Fábio Alexandre da Silva Nunes,Farense,0.03,,Off Target,28,Right Foot,,Cássio,Pass (Live),Amine Oudrhiri,Pass (Dead)
1,6,Francisco Geraldes,Rio Ave,0.05,,Off Target,14,Right Foot,,Carlos Mané,Pass (Live),Filipe Augusto,Pass (Live)
2,9,Bilel Aouacheria,Farense,0.04,,Off Target,25,Right Foot,,,,,
3,19,Francisco Geraldes,Rio Ave,0.02,0.16,Saved,37,Left Foot,,Paweł Kieszek,Pass (Live),,
4,27,Pelé(pen),Rio Ave,0.79,0.99,Goal,13,Right Foot,,Carlos Mané,Fouled,Carlos Mané,Take-On
5,33,Carlos Mané,Rio Ave,0.03,,Off Target,27,Left Foot,,Francisco Geraldes,Pass (Live),Gelson,Pass (Live)
6,38,Eduardo Mancha,Farense,0.40,,Off Target,6,Head,,Jonatan Lucca,Pass (Dead),,
7,41,Eduardo Mancha,Farense,0.02,0.03,Saved,43,Left Foot,,Eduardo Mancha,Take-On,Amine Oudrhiri,Pass (Live)
8,44,Nikola Stojiljković,Farense,0.03,,Off Target,26,Right Foot,Volley,,,,
9,,,,,,,,,,,,,
10,50,Rafael Camacho,Rio Ave,0.03,,Off Target,21,Right Foot,,Savio,Pass (Live),Paweł Kieszek,Pass (Live)
11,53,Filipe Augusto,Rio Ave,0.03,,Blocked,28,Left Foot,,Carlos Mané,Pass (Live),Rafael Camacho,Pass (Live)
12,55,Gelson,Rio Ave,0.03,,Off Target,27,Left Foot,,Filipe Augusto,Pass (Live),Francisco Geraldes,Pass (Live)
13,67,Gonçalo Rodrigues,Rio Ave,0.03,,Off Target,26,Right Foot,,Filipe Augusto,Pass (Live),Filipe Augusto,Take-On
14,70,Rafael Camacho,Rio Ave,0.25,0.22,Goal,14,Right Foot,,Gelson,Pass (Live),Carlos Mané,Pass (Live)
15,72,Gelson,Rio Ave,0.09,0.10,Saved,16,Left Foot,,Filipe Augusto,Pass (Live),Toni Borevkovic,Tackle
16,79,Claudio Falcão,Farense,0.08,,Off Target,9,Head,,Jonatan Lucca,Pass (Dead),Fábio Alexandre da Silva Nunes,Pass (Live)
