season,injury,from,until,days,missed_games
23/24,Muscle injury,"Dec 10, 2023","Jan 15, 2024",36 days,2
19/20,Hamstring injury,"Nov 1, 2019","Dec 5, 2019",34 days,5
17/18,Torn muscle fiber,"Nov 20, 2017","Dec 27, 2017",37 days,6
17/18,Ankle injury,"Aug 9, 2017","Sep 1, 2017",23 days,2
16/17,Achilles tendon problems,"Dec 11, 2016","Jan 4, 2017",24 days,1
15/16,Muscle injury,"Mar 30, 2016","Apr 9, 2016",10 days,2
14/15,Knee problems,"Aug 29, 2014","Oct 20, 2014",52 days,9
13/14,ankle sprain,"Jan 9, 2014","Feb 12, 2014",34 days,7
