season,injury,from,until,days,missed_games
23/24,depression,"Jan 15, 2024","Jun 30, 2024",167 days,-
23/24,Lower leg fracture,"Oct 8, 2023","Dec 25, 2023",78 days,11
23/24,Lower leg fracture,"Aug 14, 2023","Oct 2, 2023",49 days,8
22/23,unknown injury,"Aug 27, 2022","Sep 10, 2022",14 days,3
21/22,Corona virus,"Apr 11, 2022","Apr 22, 2022",11 days,3
21/22,Knock,"Jan 15, 2022","Feb 2, 2022",18 days,3
20/21,Muscle injury,"Apr 26, 2021","May 18, 2021",22 days,5
20/21,Corona virus,"Nov 3, 2020","Nov 18, 2020",15 days,2
18/19,Hamstring injury,"Jan 14, 2019","Feb 10, 2019",27 days,8
18/19,Hamstring injury,"Oct 26, 2018","Dec 3, 2018",38 days,10
18/19,Muscle injury,"Aug 7, 2018","Sep 10, 2018",34 days,5
17/18,Knock,"Apr 7, 2018","Apr 10, 2018",3 days,1
17/18,Hamstring injury,"Jan 19, 2018","Feb 28, 2018",40 days,10
17/18,muscular problems,"Sep 14, 2017","Sep 28, 2017",14 days,4
17/18,Muscle injury,"Aug 11, 2017","Sep 1, 2017",21 days,5
