season,injury,from,until,days,missed_games
23/24,Calf injury,"Oct 23, 2023","Nov 24, 2023",32 days,6
23/24,Tonsillitis,"Aug 19, 2023","Aug 25, 2023",6 days,1
22/23,Calf injury,"Mar 19, 2023","Apr 6, 2023",18 days,2
22/23,Hamstring muscle injury,"Feb 11, 2023","Mar 4, 2023",21 days,5
22/23,muscular problems,"Jul 14, 2022","Sep 13, 2022",61 days,11
21/22,Ill,"Mar 12, 2022","Mar 15, 2022",3 days,1
21/22,Broken ankle,"Sep 22, 2021","Nov 26, 2021",65 days,17
21/22,Fitness,"Jul 1, 2021","Jul 31, 2021",30 days,2
