,Player Name,Player Number,Player,#,Nation,Pos,Age,Min,Touches,Def Pen,Def 3rd,Mid 3rd,Att 3rd,Att Pen,Live,Att,Succ,Succ%,Tkld,Tkld%,Carries,TotDist,PrgDist,PrgC,1/3,CPA,Mis,Dis,Rec,PrgR,Player Key,Player Link
0,Ivan Toney,https://fbref.com/en/players/e09f279b/Ivan-Toney,17,17,eng ENG,FW,24-256,90,33,3,6,13,14,4,33,0,0,,0,,15,67,22,1,0,1,2,0,19,7,https://fbref.com/en/players/e09f279b/Ivan-Toney-Ivan Toney,
1,Tariqe Fosu,https://fbref.com/en/players/3dcef539/Tariqe-Fosu,24,24,gh GHA,LW,25-022,70,16,1,3,7,6,0,16,0,0,,0,,6,33,23,0,0,0,0,1,9,4,https://fbref.com/en/players/3dcef539/Tariqe-Fosu-Tariqe Fosu,
2,Sergi Canós,https://fbref.com/en/players/1137759d/Sergi-Canos,7,7,es ESP,"RM,LW",23-299,20,8,1,5,2,3,1,8,0,0,,0,,4,63,37,2,0,1,1,0,4,1,https://fbref.com/en/players/1137759d/Sergi-Canos-Sergi Canós,
3,Bryan Mbeumo,https://fbref.com/en/players/6afaebf2/Bryan-Mbeumo,19,19,cm CMR,RW,21-112,86,28,0,4,14,14,1,28,6,5,83.3,1,16.7,15,171,105,3,2,1,3,1,17,7,https://fbref.com/en/players/6afaebf2/Bryan-Mbeumo-Bryan Mbeumo,
4,Saman Ghoddos,https://fbref.com/en/players/f7b1d4e0/Saman-Ghoddos,20,20,ir IRN,RW,27-082,4,3,0,0,1,2,1,3,0,0,,0,,2,5,2,1,0,1,1,0,1,0,https://fbref.com/en/players/f7b1d4e0/Saman-Ghoddos-Saman Ghoddos,
5,Emiliano Marcondes,https://fbref.com/en/players/4d960fc3/Emiliano-Marcondes,9,9,dk DEN,"LM,RM",25-263,71,38,1,11,22,5,0,38,0,0,,0,,11,74,46,1,0,0,0,0,20,2,https://fbref.com/en/players/4d960fc3/Emiliano-Marcondes-Emiliano Marcondes,
6,Marcus Forss,https://fbref.com/en/players/82c215a0/Marcus-Forss,15,15,fi FIN,"LW,RM",21-162,19,9,0,1,4,4,1,9,0,0,,0,,4,25,18,1,0,1,1,0,5,2,https://fbref.com/en/players/82c215a0/Marcus-Forss-Marcus Forss,
7,Vitaly Janelt,https://fbref.com/en/players/8449d35e/Vitaly-Janelt,27,27,de GER,CM,22-201,90,44,1,16,25,3,0,44,0,0,,0,,16,62,19,0,0,0,0,0,26,2,https://fbref.com/en/players/8449d35e/Vitaly-Janelt-Vitaly Janelt,
8,Josh Dasilva,https://fbref.com/en/players/60344e4f/Josh-Dasilva,14,14,eng ENG,RM,22-035,45,36,1,12,25,1,0,36,3,3,100.0,0,0.0,23,185,69,2,1,0,2,0,26,0,https://fbref.com/en/players/60344e4f/Josh-Dasilva-Josh Dasilva,
9,Mathias Jensen,https://fbref.com/en/players/0f134faf/Mathias-Jensen,8,8,dk DEN,CM,24-331,45,20,0,4,12,4,0,20,0,0,,0,,9,38,25,0,0,0,0,1,12,1,https://fbref.com/en/players/0f134faf/Mathias-Jensen-Mathias Jensen,
10,Rico Henry,https://fbref.com/en/players/8a3c1dc7/Rico-Henry,3,3,eng ENG,"LM,LB",23-142,90,50,3,20,18,12,5,50,1,0,0.0,1,100.0,21,102,57,4,1,3,3,0,27,5,https://fbref.com/en/players/8a3c1dc7/Rico-Henry-Rico Henry,
11,Mads Bech Sørensen,https://fbref.com/en/players/30db8574/Mads-Bech-Sorensen,29,29,dk DEN,CB,21-325,90,69,8,49,16,4,1,69,0,0,,0,,31,144,96,0,0,0,0,0,41,1,https://fbref.com/en/players/30db8574/Mads-Bech-Sorensen-Mads Bech Sørensen,
12,Ethan Pinnock,https://fbref.com/en/players/e541326e/Ethan-Pinnock,5,5,jm JAM,CB,27-182,90,64,10,49,12,3,2,64,0,0,,0,,30,100,69,0,0,0,0,0,44,0,https://fbref.com/en/players/e541326e/Ethan-Pinnock-Ethan Pinnock,
13,Henrik Dalsgaard,https://fbref.com/en/players/563cbac0/Henrik-Dalsgaard,22,22,dk DEN,RB,31-123,45,45,1,17,22,6,0,45,0,0,,0,,14,112,87,1,0,0,1,0,26,1,https://fbref.com/en/players/563cbac0/Henrik-Dalsgaard-Henrik Dalsgaard,
14,Pontus Jansson,https://fbref.com/en/players/172e52d8/Pontus-Jansson,18,18,se SWE,CB,29-288,45,27,9,20,6,1,1,27,0,0,,0,,6,10,4,0,0,0,0,0,13,0,https://fbref.com/en/players/172e52d8/Pontus-Jansson-Pontus Jansson,
15,David Raya,https://fbref.com/en/players/98ea5115/David-Raya,1,1,es ESP,GK,25-073,90,37,32,37,0,0,0,37,0,0,,0,,16,101,38,0,0,0,0,0,18,0,https://fbref.com/en/players/98ea5115/David-Raya-David Raya,
