,Player Name,Player Number,Player,#,Nation,Pos,Age,Min,Tkl,TklW,Def 3rd,Mid 3rd,Att 3rd,Tkl,Att,Tkl%,Lost,Blocks,Sh,Pass,Int,Tkl+Int,Clr,Err,Player Key,Player Link
0,Ivan Toney,https://fbref.com/en/players/e09f279b/Ivan-Toney,17,17,eng ENG,FW,24-256,90,4,1,2,1,1,1,1,100.0,0,0,0,0,0,4,3,0,https://fbref.com/en/players/e09f279b/Ivan-Toney-Ivan Toney,
1,Tariqe Fosu,https://fbref.com/en/players/3dcef539/Tariqe-Fosu,24,24,gh GHA,LW,25-022,70,2,1,0,1,1,0,3,0.0,3,1,0,1,1,3,1,0,https://fbref.com/en/players/3dcef539/Tariqe-Fosu-Tariqe Fosu,
2,Sergi Canós,https://fbref.com/en/players/1137759d/Sergi-Canos,7,7,es ESP,"RM,LW",23-299,20,2,0,2,0,0,1,1,100.0,0,0,0,0,0,2,1,0,https://fbref.com/en/players/1137759d/Sergi-Canos-Sergi Canós,
3,Bryan Mbeumo,https://fbref.com/en/players/6afaebf2/Bryan-Mbeumo,19,19,cm CMR,RW,21-112,86,0,0,0,0,0,0,0,,0,2,0,2,0,0,0,0,https://fbref.com/en/players/6afaebf2/Bryan-Mbeumo-Bryan Mbeumo,
4,Saman Ghoddos,https://fbref.com/en/players/f7b1d4e0/Saman-Ghoddos,20,20,ir IRN,RW,27-082,4,0,0,0,0,0,0,0,,0,0,0,0,0,0,0,0,https://fbref.com/en/players/f7b1d4e0/Saman-Ghoddos-Saman Ghoddos,
5,Emiliano Marcondes,https://fbref.com/en/players/4d960fc3/Emiliano-Marcondes,9,9,dk DEN,"LM,RM",25-263,71,3,2,3,0,0,1,2,50.0,1,3,1,2,1,4,0,0,https://fbref.com/en/players/4d960fc3/Emiliano-Marcondes-Emiliano Marcondes,
6,Marcus Forss,https://fbref.com/en/players/82c215a0/Marcus-Forss,15,15,fi FIN,"LW,RM",21-162,19,0,0,0,0,0,0,1,0.0,1,0,0,0,2,2,0,0,https://fbref.com/en/players/82c215a0/Marcus-Forss-Marcus Forss,
7,Vitaly Janelt,https://fbref.com/en/players/8449d35e/Vitaly-Janelt,27,27,de GER,CM,22-201,90,3,3,1,2,0,1,2,50.0,1,1,1,0,2,5,1,0,https://fbref.com/en/players/8449d35e/Vitaly-Janelt-Vitaly Janelt,
8,Josh Dasilva,https://fbref.com/en/players/60344e4f/Josh-Dasilva,14,14,eng ENG,RM,22-035,45,0,0,0,0,0,0,0,,0,0,0,0,0,0,1,0,https://fbref.com/en/players/60344e4f/Josh-Dasilva-Josh Dasilva,
9,Mathias Jensen,https://fbref.com/en/players/0f134faf/Mathias-Jensen,8,8,dk DEN,CM,24-331,45,0,0,0,0,0,0,0,,0,1,0,1,0,0,0,0,https://fbref.com/en/players/0f134faf/Mathias-Jensen-Mathias Jensen,
10,Rico Henry,https://fbref.com/en/players/8a3c1dc7/Rico-Henry,3,3,eng ENG,"LM,LB",23-142,90,4,3,2,2,0,3,3,100.0,0,0,0,0,2,6,2,0,https://fbref.com/en/players/8a3c1dc7/Rico-Henry-Rico Henry,
11,Mads Bech Sørensen,https://fbref.com/en/players/30db8574/Mads-Bech-Sorensen,29,29,dk DEN,CB,21-325,90,1,1,1,0,0,1,2,50.0,1,3,1,2,0,1,7,0,https://fbref.com/en/players/30db8574/Mads-Bech-Sorensen-Mads Bech Sørensen,
12,Ethan Pinnock,https://fbref.com/en/players/e541326e/Ethan-Pinnock,5,5,jm JAM,CB,27-182,90,2,1,1,1,0,1,2,50.0,1,1,1,0,0,2,11,0,https://fbref.com/en/players/e541326e/Ethan-Pinnock-Ethan Pinnock,
13,Henrik Dalsgaard,https://fbref.com/en/players/563cbac0/Henrik-Dalsgaard,22,22,dk DEN,RB,31-123,45,1,1,1,0,0,0,0,,0,0,0,0,2,3,3,0,https://fbref.com/en/players/563cbac0/Henrik-Dalsgaard-Henrik Dalsgaard,
14,Pontus Jansson,https://fbref.com/en/players/172e52d8/Pontus-Jansson,18,18,se SWE,CB,29-288,45,0,0,0,0,0,0,0,,0,0,0,0,1,1,7,0,https://fbref.com/en/players/172e52d8/Pontus-Jansson-Pontus Jansson,
15,David Raya,https://fbref.com/en/players/98ea5115/David-Raya,1,1,es ESP,GK,25-073,90,0,0,0,0,0,0,0,,0,0,0,0,0,0,0,0,https://fbref.com/en/players/98ea5115/David-Raya-David Raya,
