,Player Name,Player Number,Player,#,Nation,Pos,Age,Min,Gls,Ast,PK,PKatt,Sh,SoT,CrdY,CrdR,Touches,Tkl,Int,Blocks,xG,npxG,xAG,SCA,GCA,Cmp,Att,Cmp%,PrgP,Carries,PrgC,Att,Succ,Player Key,Player Link
0,Lyndon Dykes,https://fbref.com/en/players/cd92357a/Lyndon-Dykes,9,9,sct SCO,FW,25-051,90,1,0,0,0,3,1,0,0,26,0,0,1,1.0,1.0,0.0,2,0,13,22,59.1,2,13,1,1,1,https://fbref.com/en/players/cd92357a/Lyndon-Dykes-Lyndon Dykes,
1,Chris Willock,https://fbref.com/en/players/be0bd828/Chris-Willock,21,21,eng ENG,LW,22-301,72,0,0,0,0,0,0,0,0,31,1,0,1,0.0,0.0,0.0,3,0,22,26,84.6,5,25,2,2,1,https://fbref.com/en/players/be0bd828/Chris-Willock-Chris Willock,
2,George Thomas,https://fbref.com/en/players/7ef24097/George-Thomas,19,19,wls WAL,LW,23-248,18,0,0,0,0,0,0,0,0,10,0,0,0,0.0,0.0,0.0,0,0,6,10,60.0,0,6,1,0,0,https://fbref.com/en/players/7ef24097/George-Thomas-George Thomas,
3,Bright Osayi-Samuel,https://fbref.com/en/players/03b6afa9/Bright-Osayi-Samuel,11,11,ng NGA,RW,22-332,90,0,1,0,0,0,0,0,0,38,1,0,0,0.0,0.0,0.6,4,2,18,25,72.0,3,27,2,10,4,https://fbref.com/en/players/03b6afa9/Bright-Osayi-Samuel-Bright Osayi-Samuel,
4,Ilias Chair,https://fbref.com/en/players/ad7873cb/Ilias-Chair,10,10,ma MAR,AM,23-028,90,0,0,0,0,1,1,0,0,52,1,0,1,0.0,0.0,0.1,4,0,34,46,73.9,3,25,0,0,0,https://fbref.com/en/players/ad7873cb/Ilias-Chair-Ilias Chair,
5,Tom Carroll,https://fbref.com/en/players/5a1900a4/Tom-Carroll,22,22,eng ENG,DM,28-183,90,0,0,0,0,0,0,0,0,81,0,1,1,0.0,0.0,0.0,1,0,60,71,84.5,9,40,0,1,0,https://fbref.com/en/players/5a1900a4/Tom-Carroll-Tom Carroll,
6,Dominic Ball,https://fbref.com/en/players/79d61875/Dominic-Ball,12,12,eng ENG,DM,25-117,79,0,0,0,0,1,0,1,0,52,1,0,0,0.0,0.0,0.5,2,0,39,42,92.9,3,26,0,2,2,https://fbref.com/en/players/79d61875/Dominic-Ball-Dominic Ball,
7,Albert Adomah,https://fbref.com/en/players/c7174e81/Albert-Adomah,37,37,gh GHA,DM,32-350,11,0,0,0,0,0,0,0,0,20,0,1,0,0.0,0.0,0.0,0,0,12,15,80.0,1,11,2,1,0,https://fbref.com/en/players/c7174e81/Albert-Adomah-Albert Adomah,
8,Niko Hämäläinen,https://fbref.com/en/players/4435db1e/Niko-Hamalainen,25,25,fi FIN,LB,23-267,84,0,0,0,0,0,0,1,0,46,0,1,0,0.0,0.0,0.0,2,0,30,41,73.2,3,20,0,0,0,https://fbref.com/en/players/4435db1e/Niko-Hamalainen-Niko Hämäläinen,
9,Macauley Bonne,https://fbref.com/en/players/9ca8b21c/Macauley-Bonne,7,7,zw ZIM,LB,25-032,6,0,0,0,0,0,0,0,0,3,0,0,0,0.0,0.0,0.0,0,0,2,3,66.7,0,2,0,0,0,https://fbref.com/en/players/9ca8b21c/Macauley-Bonne-Macauley Bonne,
10,Yoann Barbet,https://fbref.com/en/players/c52bbd2c/Yoann-Barbet,6,6,fr FRA,CB,27-201,90,0,0,0,0,3,0,0,0,58,0,1,2,0.2,0.2,0.0,1,0,39,48,81.3,4,30,0,0,0,https://fbref.com/en/players/c52bbd2c/Yoann-Barbet-Yoann Barbet,
11,Robert Dickie,https://fbref.com/en/players/c7dfc411/Robert-Dickie,4,4,eng ENG,CB,24-269,90,0,0,0,0,1,0,0,0,89,0,0,3,0.1,0.1,0.0,0,0,63,78,80.8,4,49,0,0,0,https://fbref.com/en/players/c7dfc411/Robert-Dickie-Robert Dickie,
12,Todd Kane,https://fbref.com/en/players/dd082c59/Todd-Kane,2,2,eng ENG,RB,27-071,83,0,0,0,0,1,0,2,1,77,1,0,1,0.0,0.0,0.0,0,0,55,69,79.7,4,35,1,0,0,https://fbref.com/en/players/dd082c59/Todd-Kane-Todd Kane,
13,Seny Dieng,https://fbref.com/en/players/c135cddd/Seny-Dieng,13,13,sn SEN,GK,26-004,90,0,0,0,0,0,0,0,0,31,0,0,0,0.0,0.0,0.0,0,0,22,30,73.3,0,22,0,0,0,https://fbref.com/en/players/c135cddd/Seny-Dieng-Seny Dieng,
