,Player Name,Player Number,Player,#,Nation,Pos,Age,Min,Att,Live,Dead,FK,TB,Sw,Crs,TI,CK,In,Out,Str,Cmp,Off,Blocks,Player Key,Player Link
0,Lyndon Dykes,https://fbref.com/en/players/cd92357a/Lyndon-Dykes,9,9,sct SCO,FW,25-051,90,22,22,0,0,0,0,1,0,0,0,0,0,13,0,2,https://fbref.com/en/players/cd92357a/Lyndon-Dykes-Lyndon Dykes,
1,Chris Willock,https://fbref.com/en/players/be0bd828/Chris-Willock,21,21,eng ENG,LW,22-301,72,26,26,0,0,0,0,2,0,0,0,0,0,22,0,1,https://fbref.com/en/players/be0bd828/Chris-Willock-Chris Willock,
2,George Thomas,https://fbref.com/en/players/7ef24097/George-Thomas,19,19,wls WAL,LW,23-248,18,10,10,0,0,0,0,0,0,0,0,0,0,6,0,2,https://fbref.com/en/players/7ef24097/George-Thomas-George Thomas,
3,Bright Osayi-Samuel,https://fbref.com/en/players/03b6afa9/Bright-Osayi-Samuel,11,11,ng NGA,RW,22-332,90,25,23,1,0,0,0,2,1,0,0,0,0,18,1,2,https://fbref.com/en/players/03b6afa9/Bright-Osayi-Samuel-Bright Osayi-Samuel,
4,Ilias Chair,https://fbref.com/en/players/ad7873cb/Ilias-Chair,10,10,ma MAR,AM,23-028,90,46,30,16,2,0,0,11,2,9,2,5,0,34,0,0,https://fbref.com/en/players/ad7873cb/Ilias-Chair-Ilias Chair,
5,Tom Carroll,https://fbref.com/en/players/5a1900a4/Tom-Carroll,22,22,eng ENG,DM,28-183,90,71,66,5,3,0,1,2,2,0,0,0,0,60,0,2,https://fbref.com/en/players/5a1900a4/Tom-Carroll-Tom Carroll,
6,Dominic Ball,https://fbref.com/en/players/79d61875/Dominic-Ball,12,12,eng ENG,DM,25-117,79,42,42,0,0,1,0,0,0,0,0,0,0,39,0,0,https://fbref.com/en/players/79d61875/Dominic-Ball-Dominic Ball,
7,Albert Adomah,https://fbref.com/en/players/c7174e81/Albert-Adomah,37,37,gh GHA,DM,32-350,11,15,12,3,0,0,0,2,3,0,0,0,0,12,0,0,https://fbref.com/en/players/c7174e81/Albert-Adomah-Albert Adomah,
8,Niko Hämäläinen,https://fbref.com/en/players/4435db1e/Niko-Hamalainen,25,25,fi FIN,LB,23-267,84,41,31,10,0,0,0,1,10,0,0,0,0,30,0,2,https://fbref.com/en/players/4435db1e/Niko-Hamalainen-Niko Hämäläinen,
9,Macauley Bonne,https://fbref.com/en/players/9ca8b21c/Macauley-Bonne,7,7,zw ZIM,LB,25-032,6,3,3,0,0,0,0,0,0,0,0,0,0,2,0,0,https://fbref.com/en/players/9ca8b21c/Macauley-Bonne-Macauley Bonne,
10,Yoann Barbet,https://fbref.com/en/players/c52bbd2c/Yoann-Barbet,6,6,fr FRA,CB,27-201,90,48,46,2,2,0,0,0,0,0,0,0,0,39,0,0,https://fbref.com/en/players/c52bbd2c/Yoann-Barbet-Yoann Barbet,
11,Robert Dickie,https://fbref.com/en/players/c7dfc411/Robert-Dickie,4,4,eng ENG,CB,24-269,90,78,77,0,0,0,0,1,0,0,0,0,0,63,1,0,https://fbref.com/en/players/c7dfc411/Robert-Dickie-Robert Dickie,
12,Todd Kane,https://fbref.com/en/players/dd082c59/Todd-Kane,2,2,eng ENG,RB,27-071,83,69,57,12,0,0,0,5,12,0,0,0,0,55,0,2,https://fbref.com/en/players/dd082c59/Todd-Kane-Todd Kane,
13,Seny Dieng,https://fbref.com/en/players/c135cddd/Seny-Dieng,13,13,sn SEN,GK,26-004,90,30,22,8,3,0,1,0,0,0,0,0,0,22,0,0,https://fbref.com/en/players/c135cddd/Seny-Dieng-Seny Dieng,
