,Player Name,Player Number,Player,#,Nation,Pos,Age,Min,CrdY,CrdR,2CrdY,Fls,Fld,Off,Crs,Int,TklW,PKwon,PKcon,OG,Recov,Won,Lost,Won%,Player Key,Player Link
0,Lyndon Dykes,https://fbref.com/en/players/cd92357a/Lyndon-Dykes,9,9,sct SCO,FW,25-051,90,0,0,0,0,2,1,1,0,0,0,0,0,2,2,3,40.0,https://fbref.com/en/players/cd92357a/Lyndon-Dykes-Lyndon Dykes,
1,Chris Willock,https://fbref.com/en/players/be0bd828/Chris-Willock,21,21,eng ENG,LW,22-301,72,0,0,0,1,0,0,2,0,1,0,0,0,2,0,0,,https://fbref.com/en/players/be0bd828/Chris-Willock-Chris Willock,
2,George Thomas,https://fbref.com/en/players/7ef24097/George-Thomas,19,19,wls WAL,LW,23-248,18,0,0,0,0,1,0,0,0,0,0,0,0,2,0,1,0.0,https://fbref.com/en/players/7ef24097/George-Thomas-George Thomas,
3,Bright Osayi-Samuel,https://fbref.com/en/players/03b6afa9/Bright-Osayi-Samuel,11,11,ng NGA,RW,22-332,90,0,0,0,2,0,0,2,0,0,0,0,0,4,0,3,0.0,https://fbref.com/en/players/03b6afa9/Bright-Osayi-Samuel-Bright Osayi-Samuel,
4,Ilias Chair,https://fbref.com/en/players/ad7873cb/Ilias-Chair,10,10,ma MAR,AM,23-028,90,0,0,0,1,0,1,11,0,1,0,0,0,2,0,2,0.0,https://fbref.com/en/players/ad7873cb/Ilias-Chair-Ilias Chair,
5,Tom Carroll,https://fbref.com/en/players/5a1900a4/Tom-Carroll,22,22,eng ENG,DM,28-183,90,0,0,0,2,0,0,2,1,0,0,0,0,1,1,0,100.0,https://fbref.com/en/players/5a1900a4/Tom-Carroll-Tom Carroll,
6,Dominic Ball,https://fbref.com/en/players/79d61875/Dominic-Ball,12,12,eng ENG,DM,25-117,79,1,0,0,2,0,0,0,0,0,0,0,0,1,1,2,33.3,https://fbref.com/en/players/79d61875/Dominic-Ball-Dominic Ball,
7,Albert Adomah,https://fbref.com/en/players/c7174e81/Albert-Adomah,37,37,gh GHA,DM,32-350,11,0,0,0,1,0,0,2,1,0,0,0,0,0,0,0,,https://fbref.com/en/players/c7174e81/Albert-Adomah-Albert Adomah,
8,Niko Hämäläinen,https://fbref.com/en/players/4435db1e/Niko-Hamalainen,25,25,fi FIN,LB,23-267,84,1,0,0,1,0,0,1,1,0,0,0,0,6,0,2,0.0,https://fbref.com/en/players/4435db1e/Niko-Hamalainen-Niko Hämäläinen,
9,Macauley Bonne,https://fbref.com/en/players/9ca8b21c/Macauley-Bonne,7,7,zw ZIM,LB,25-032,6,0,0,0,0,0,0,0,0,0,0,0,0,0,0,0,,https://fbref.com/en/players/9ca8b21c/Macauley-Bonne-Macauley Bonne,
10,Yoann Barbet,https://fbref.com/en/players/c52bbd2c/Yoann-Barbet,6,6,fr FRA,CB,27-201,90,0,0,0,0,3,0,0,1,0,0,0,0,4,4,1,80.0,https://fbref.com/en/players/c52bbd2c/Yoann-Barbet-Yoann Barbet,
11,Robert Dickie,https://fbref.com/en/players/c7dfc411/Robert-Dickie,4,4,eng ENG,CB,24-269,90,0,0,0,1,2,0,1,0,0,0,0,0,10,4,2,66.7,https://fbref.com/en/players/c7dfc411/Robert-Dickie-Robert Dickie,
12,Todd Kane,https://fbref.com/en/players/dd082c59/Todd-Kane,2,2,eng ENG,RB,27-071,83,2,1,1,2,0,0,5,0,1,0,0,0,2,0,0,,https://fbref.com/en/players/dd082c59/Todd-Kane-Todd Kane,
13,Seny Dieng,https://fbref.com/en/players/c135cddd/Seny-Dieng,13,13,sn SEN,GK,26-004,90,0,0,0,0,0,0,0,0,0,0,0,0,0,0,0,,https://fbref.com/en/players/c135cddd/Seny-Dieng-Seny Dieng,
