,Player Name,Player Number,Player,#,Nation,Pos,Age,Min,Touches,Def Pen,Def 3rd,Mid 3rd,Att 3rd,Att Pen,Live,Att,Succ,Succ%,Tkld,Tkld%,Carries,TotDist,PrgDist,PrgC,1/3,CPA,Mis,Dis,Rec,PrgR,Player Key,Player Link
0,Lyndon Dykes,https://fbref.com/en/players/cd92357a/Lyndon-Dykes,9,9,sct SCO,FW,25-051,90,26,0,0,12,14,3,26,1,1,100.0,0,0.0,13,65,29,1,1,0,0,0,21,5,https://fbref.com/en/players/cd92357a/Lyndon-Dykes-Lyndon Dykes,
1,Chris Willock,https://fbref.com/en/players/be0bd828/Chris-Willock,21,21,eng ENG,LW,22-301,72,31,1,3,12,16,2,31,2,1,50.0,1,50.0,25,192,72,2,1,2,1,2,26,5,https://fbref.com/en/players/be0bd828/Chris-Willock-Chris Willock,
2,George Thomas,https://fbref.com/en/players/7ef24097/George-Thomas,19,19,wls WAL,LW,23-248,18,10,0,0,6,4,0,10,0,0,,0,,6,26,8,1,0,0,0,0,7,2,https://fbref.com/en/players/7ef24097/George-Thomas-George Thomas,
3,Bright Osayi-Samuel,https://fbref.com/en/players/03b6afa9/Bright-Osayi-Samuel,11,11,ng NGA,RW,22-332,90,38,0,0,24,16,4,38,10,4,40.0,6,60.0,27,195,67,2,4,2,3,4,28,8,https://fbref.com/en/players/03b6afa9/Bright-Osayi-Samuel-Bright Osayi-Samuel,
4,Ilias Chair,https://fbref.com/en/players/ad7873cb/Ilias-Chair,10,10,ma MAR,AM,23-028,90,52,1,3,18,31,1,52,0,0,,0,,25,165,84,0,0,1,3,0,30,4,https://fbref.com/en/players/ad7873cb/Ilias-Chair-Ilias Chair,
5,Tom Carroll,https://fbref.com/en/players/5a1900a4/Tom-Carroll,22,22,eng ENG,DM,28-183,90,81,4,21,48,12,1,81,1,0,0.0,1,100.0,40,200,65,0,0,0,0,2,60,3,https://fbref.com/en/players/5a1900a4/Tom-Carroll-Tom Carroll,
6,Dominic Ball,https://fbref.com/en/players/79d61875/Dominic-Ball,12,12,eng ENG,DM,25-117,79,52,0,5,37,10,2,52,2,2,100.0,0,0.0,26,96,38,0,1,0,3,1,41,3,https://fbref.com/en/players/79d61875/Dominic-Ball-Dominic Ball,
7,Albert Adomah,https://fbref.com/en/players/c7174e81/Albert-Adomah,37,37,gh GHA,DM,32-350,11,20,0,3,9,8,1,20,1,0,0.0,1,100.0,11,71,37,2,1,0,0,0,14,2,https://fbref.com/en/players/c7174e81/Albert-Adomah-Albert Adomah,
8,Niko Hämäläinen,https://fbref.com/en/players/4435db1e/Niko-Hamalainen,25,25,fi FIN,LB,23-267,84,46,3,13,21,12,0,46,0,0,,0,,20,108,58,0,0,0,1,1,27,1,https://fbref.com/en/players/4435db1e/Niko-Hamalainen-Niko Hämäläinen,
9,Macauley Bonne,https://fbref.com/en/players/9ca8b21c/Macauley-Bonne,7,7,zw ZIM,LB,25-032,6,3,0,0,3,0,0,3,0,0,,0,,2,4,1,0,0,0,0,0,3,0,https://fbref.com/en/players/9ca8b21c/Macauley-Bonne-Macauley Bonne,
10,Yoann Barbet,https://fbref.com/en/players/c52bbd2c/Yoann-Barbet,6,6,fr FRA,CB,27-201,90,58,8,28,25,5,2,58,0,0,,0,,30,146,82,0,0,0,0,0,36,0,https://fbref.com/en/players/c52bbd2c/Yoann-Barbet-Yoann Barbet,
11,Robert Dickie,https://fbref.com/en/players/c7dfc411/Robert-Dickie,4,4,eng ENG,CB,24-269,90,89,9,46,41,3,2,89,0,0,,0,,49,201,103,0,1,0,0,2,58,0,https://fbref.com/en/players/c7dfc411/Robert-Dickie-Robert Dickie,
12,Todd Kane,https://fbref.com/en/players/dd082c59/Todd-Kane,2,2,eng ENG,RB,27-071,83,77,3,21,36,20,1,77,0,0,,0,,35,144,75,1,1,0,0,1,51,7,https://fbref.com/en/players/dd082c59/Todd-Kane-Todd Kane,
13,Seny Dieng,https://fbref.com/en/players/c135cddd/Seny-Dieng,13,13,sn SEN,GK,26-004,90,31,28,31,0,0,0,31,0,0,,0,,22,98,82,0,0,0,0,0,12,0,https://fbref.com/en/players/c135cddd/Seny-Dieng-Seny Dieng,
