,Minute,Player,Squad,xG,PSxG,Outcome,Distance,Body Part,Notes,SCA 1 Player,SCA 1 Event,SCA 2 Player,SCA 2 Event
0,10,Bryan Mbeumo,Brentford,0.02,0.14,Saved,29,Left Foot,,Rico Henry,Pass (Live),Emiliano Marcondes,Pass (Live)
1,14,Vitaly Janelt,Brentford,0.04,0.49,Goal,25,Left Foot,,Rico Henry,Pass (Live),Ivan Toney,Pass (Live)
2,19,Emiliano Marcondes,Brentford,0.04,0.06,Saved,22,Left Foot,,,,,
3,26,Lyndon Dykes,QPR,0.53,0.83,Goal,10,Left Foot,,Bright Osayi-Samuel,Pass (Live),Bright Osayi-Samuel,Take-On
4,38,Ivan Toney,Brentford,0.06,0.25,Saved,9,Head,,Henrik Dalsgaard,Pass (Live),Bryan Mbeumo,Pass (Live)
5,40,Yoann Barbet,QPR,0.08,,Blocked,20,Left Foot,Free kick,Lyndon Dykes,Fouled,Lyndon Dykes,Pass (Live)
6,41,Todd Kane,QPR,0.03,,Blocked,17,Head,,Chris Willock,Pass (Live),,
7,43,Ilias Chair,QPR,0.03,0.07,Saved,24,Right Foot,,Chris Willock,Pass (Live),Niko Hämäläinen,Pass (Live)
8,45,Lyndon Dykes,QPR,0.41,,Off Target,12,Left Foot,,Dominic Ball,Pass (Live),Chris Willock,Pass (Live)
9,,,,,,,,,,,,,
10,54,Yoann Barbet,QPR,0.06,,Off Target,9,Head,,Ilias Chair,Pass (Dead),Bright Osayi-Samuel,Pass (Live)
11,63,Mathias Jensen,Brentford,0.04,,Blocked,20,Right Foot,,Emiliano Marcondes,Pass (Live),Pontus Jansson,Pass (Live)
12,64,Ivan Toney,Brentford,0.38,0.27,Goal,6,Head,,Emiliano Marcondes,Pass (Dead),Bryan Mbeumo,Fouled
13,66,Pontus Jansson,Brentford,0.04,0.07,Saved,14,Head,,Bryan Mbeumo,Pass (Dead),Tariqe Fosu,Fouled
14,69,Robert Dickie,QPR,0.07,,Blocked,12,Right Foot,Deflected,Dominic Ball,Pass (Live),Ilias Chair,Pass (Dead)
15,70,Rico Henry,Brentford,0.05,,Blocked,17,Left Foot,,Ivan Toney,Pass (Live),Ethan Pinnock,Pass (Live)
16,72,Ethan Pinnock,Brentford,0.03,,Blocked,15,Head,,Mathias Jensen,Pass (Dead),Rico Henry,Shot
17,72,Sergi Canós,Brentford,0.04,,Blocked,18,Right Foot,,Marcus Forss,Pass (Live),,
18,75,Marcus Forss,Brentford,0.05,,Off Target,21,Right Foot,,Sergi Canós,Pass (Live),Vitaly Janelt,Tackle
19,78,Dominic Ball,QPR,0.03,,Off Target,28,Right Foot,,Niko Hämäläinen,Pass (Live),Tom Carroll,Pass (Live)
20,81,Lyndon Dykes,QPR,0.04,,Off Target,13,Head,,Ilias Chair,Pass (Dead),Ilias Chair,Pass (Live)
21,87,Marcus Forss,Brentford,0.12,,Blocked,16,Right Foot,,Ivan Toney,Pass (Live),Sergi Canós,Pass (Live)
22,89,Ivan Toney,Brentford,0.03,,Off Target,26,Right Foot,,Sergi Canós,Pass (Live),Saman Ghoddos,Pass (Live)
23,90+2,Yoann Barbet,QPR,0.03,,Blocked,32,Left Foot,,Bright Osayi-Samuel,Pass (Live),Yoann Barbet,Pass (Live)
24,90+2,Saman Ghoddos,Brentford,0.10,,Off Target,17,Right Foot,,Ivan Toney,Pass (Live),,
