season,injury,from,until,days,missed_games
20/21,Groin injury,"Nov 23, 2020","Dec 12, 2020",19 days,2
20/21,Knock,"Nov 1, 2020","Nov 21, 2020",20 days,4
19/20,Back injury,"Feb 26, 2020","Jun 28, 2020",123 days,12
19/20,concussion,"Oct 16, 2019","Oct 25, 2019",9 days,2
18/19,Back injury,"Mar 28, 2019","May 31, 2019",64 days,13
18/19,Knock,"Nov 17, 2018","Nov 29, 2018",12 days,3
17/18,Broken ankle,"Mar 14, 2018","Jul 1, 2018",109 days,15
17/18,Hamstring injury,"Feb 23, 2018","Mar 9, 2018",14 days,2
