season,injury,from,until,days,missed_games
23/24,Knee collateral ligament tear,"Aug 8, 2023","Sep 6, 2023",29 days,6
22/23,Knee injury,"Jul 8, 2022","Sep 12, 2022",66 days,7
21/22,Collateral ligament injury,"Mar 11, 2022","Apr 11, 2022",31 days,4
21/22,Hamstring strain,"Jan 16, 2022","Feb 14, 2022",29 days,4
20/21,Muscle injury,"Sep 30, 2020","Oct 16, 2020",16 days,2
19/20,Hip problems,"Jul 4, 2020","Jul 10, 2020",6 days,2
19/20,Muscle injury,"Oct 1, 2019","Oct 18, 2019",17 days,4
19/20,Knee injury,"Aug 29, 2019","Sep 10, 2019",12 days,2
18/19,Muscle injury,"Feb 15, 2019","Apr 6, 2019",50 days,13
18/19,Hamstring injury,"Dec 17, 2018","Feb 2, 2019",47 days,9
17/18,Ligament injury,"May 6, 2018","Jun 6, 2018",31 days,2
17/18,Hamstring injury,"Aug 9, 2017","Oct 16, 2017",68 days,12
