season,injury,from,until,days,missed_games
23/24,Foot injury,"Aug 15, 2023","Sep 18, 2023",34 days,7
21/22,Hamstring injury,"Dec 5, 2021","Mar 14, 2022",99 days,16
20/21,Chest injury,"Dec 21, 2020","Jan 15, 2021",25 days,4
20/21,Groin injury,"Oct 10, 2020","Nov 1, 2020",22 days,4
20/21,Calf strain,"Sep 8, 2020","Sep 18, 2020",10 days,2
19/20,Groin injury,"Nov 11, 2019","Nov 22, 2019",11 days,2
19/20,Groin injury,"Oct 1, 2019","Oct 17, 2019",16 days,4
18/19,Knee injury,"Dec 1, 2018","Jan 10, 2019",40 days,8
18/19,Hamstring injury,"Aug 19, 2018","Aug 30, 2018",11 days,4
