,Player Name,Player Number,Player,#,Nation,Pos,Age,Min,Att,Live,Dead,FK,TB,Sw,Crs,TI,CK,In,Out,Str,Cmp,Off,Blocks,Player Key,Player Link
0,Duván Zapata,https://fbref.com/en/players/d3de9af0/Duvan-Zapata,91,91,co COL,FW,29-234,66,26,23,3,0,0,0,0,2,0,0,0,0,18,0,0,https://fbref.com/en/players/d3de9af0/Duvan-Zapata-Duván Zapata,
1,Sam Lammers,https://fbref.com/en/players/c283ddef/Sam-Lammers,7,7,nl NED,FW,23-205,24,8,8,0,0,0,0,0,0,0,0,0,0,5,0,0,https://fbref.com/en/players/c283ddef/Sam-Lammers-Sam Lammers,
2,Papu Gómez,https://fbref.com/en/players/6e4df551/Papu-Gomez,10,10,ar ARG,AM,32-280,45,21,19,2,2,0,0,1,0,0,0,0,0,17,0,0,https://fbref.com/en/players/6e4df551/Papu-Gomez-Papu Gómez,
3,Mario Pašalić,https://fbref.com/en/players/e599253a/Mario-Pasalic,88,88,hr CRO,AM,25-286,45,16,16,0,0,0,1,1,0,0,0,0,0,14,0,0,https://fbref.com/en/players/e599253a/Mario-Pasalic-Mario Pašalić,
4,Josip Iličić,https://fbref.com/en/players/68252d6d/Josip-Ilicic,72,72,si SVN,"AM,FW",32-297,83,41,32,9,6,0,1,4,1,2,2,0,0,26,0,0,https://fbref.com/en/players/68252d6d/Josip-Ilicic-Josip Iličić,
5,Aleksei Miranchuk,https://fbref.com/en/players/a9aa0d1d/Aleksei-Miranchuk,59,59,ru RUS,FW,25-035,7,4,4,0,0,0,0,0,0,0,0,0,0,3,0,0,https://fbref.com/en/players/a9aa0d1d/Aleksei-Miranchuk-Aleksei Miranchuk,
6,Matteo Pessina,https://fbref.com/en/players/780e3631/Matteo-Pessina,32,32,it ITA,CM,23-214,90,52,50,1,1,0,0,2,0,0,0,0,0,43,1,0,https://fbref.com/en/players/780e3631/Matteo-Pessina-Matteo Pessina,
7,Marten de Roon,https://fbref.com/en/players/2a1beb34/Marten-de-Roon,15,15,nl NED,CM,29-237,90,57,52,4,3,0,0,1,1,0,0,0,0,43,1,1,https://fbref.com/en/players/2a1beb34/Marten-de-Roon-Marten de Roon,
8,Robin Gosens,https://fbref.com/en/players/2d970560/Robin-Gosens,8,8,de GER,WB,26-139,90,52,45,6,0,0,0,1,6,0,0,0,0,39,1,3,https://fbref.com/en/players/2d970560/Robin-Gosens-Robin Gosens,
9,Fabio Depaoli,https://fbref.com/en/players/d97f2e8d/Fabio-Depaoli,27,27,it ITA,WB,23-211,24,15,13,2,0,0,0,0,2,0,0,0,0,13,0,0,https://fbref.com/en/players/d97f2e8d/Fabio-Depaoli-Fabio Depaoli,
10,Cristiano Piccini,https://fbref.com/en/players/32c0491f/Cristiano-Piccini,21,21,it ITA,WB,28-056,59,18,12,6,0,0,0,0,6,0,0,0,0,14,0,1,https://fbref.com/en/players/32c0491f/Cristiano-Piccini-Cristiano Piccini,
11,Bosko Sutalo,https://fbref.com/en/players/1d0bb7e4/Bosko-Sutalo,4,4,hr CRO,WB,20-325,7,6,6,0,0,0,0,0,0,0,0,0,0,6,0,0,https://fbref.com/en/players/1d0bb7e4/Bosko-Sutalo-Bosko Sutalo,
12,José Luis Palomino,https://fbref.com/en/players/921f6058/Jose-Luis-Palomino,6,6,ar ARG,CB,30-321,90,52,49,2,0,0,0,3,2,0,0,0,0,37,1,0,https://fbref.com/en/players/921f6058/Jose-Luis-Palomino-José Luis Palomino,
13,Cristian Romero,https://fbref.com/en/players/a3d94a58/Cristian-Romero,17,17,ar ARG,CB,22-208,90,47,44,3,3,0,0,0,0,0,0,0,0,33,0,0,https://fbref.com/en/players/a3d94a58/Cristian-Romero-Cristian Romero,
14,Rafael Tolói,https://fbref.com/en/players/c56dc39e/Rafael-Toloi,2,2,it ITA,CB,30-042,90,53,51,1,1,0,0,0,0,0,0,0,0,40,1,0,https://fbref.com/en/players/c56dc39e/Rafael-Toloi-Rafael Tolói,
15,Pierluigi Gollini,https://fbref.com/en/players/f0f7f62f/Pierluigi-Gollini,95,95,it ITA,GK,25-248,90,32,23,9,5,0,0,0,0,0,0,0,0,17,0,0,https://fbref.com/en/players/f0f7f62f/Pierluigi-Gollini-Pierluigi Gollini,
