,Player Name,Player Number,Player,#,Nation,Pos,Age,Min,Touches,Def Pen,Def 3rd,Mid 3rd,Att 3rd,Att Pen,Live,Att,Succ,Succ%,Tkld,Tkld%,Carries,TotDist,PrgDist,PrgC,1/3,CPA,Mis,Dis,Rec,PrgR,Player Key,Player Link
0,Duván Zapata,https://fbref.com/en/players/d3de9af0/Duvan-Zapata,91,91,co COL,FW,29-234,66,38,1,3,16,19,4,38,1,0,0.0,1,100.0,19,67,27,1,1,0,3,3,30,8,https://fbref.com/en/players/d3de9af0/Duvan-Zapata-Duván Zapata,
1,Sam Lammers,https://fbref.com/en/players/c283ddef/Sam-Lammers,7,7,nl NED,FW,23-205,24,10,0,0,8,2,0,10,0,0,,0,,7,33,6,0,0,0,1,0,9,3,https://fbref.com/en/players/c283ddef/Sam-Lammers-Sam Lammers,
2,Papu Gómez,https://fbref.com/en/players/6e4df551/Papu-Gomez,10,10,ar ARG,AM,32-280,45,24,0,1,11,12,0,24,3,1,33.3,2,66.7,16,106,24,0,1,0,0,0,19,0,https://fbref.com/en/players/6e4df551/Papu-Gomez-Papu Gómez,
3,Mario Pašalić,https://fbref.com/en/players/e599253a/Mario-Pasalic,88,88,hr CRO,AM,25-286,45,25,1,1,15,10,4,25,2,1,50.0,0,0.0,12,54,14,1,1,1,3,1,16,5,https://fbref.com/en/players/e599253a/Mario-Pasalic-Mario Pašalić,
4,Josip Iličić,https://fbref.com/en/players/68252d6d/Josip-Ilicic,72,72,si SVN,"AM,FW",32-297,83,50,0,1,20,31,3,50,5,3,60.0,2,40.0,37,217,56,2,4,1,5,5,44,8,https://fbref.com/en/players/68252d6d/Josip-Ilicic-Josip Iličić,
5,Aleksei Miranchuk,https://fbref.com/en/players/a9aa0d1d/Aleksei-Miranchuk,59,59,ru RUS,FW,25-035,7,6,0,0,4,2,0,6,1,1,100.0,0,0.0,5,18,12,0,0,0,2,0,5,2,https://fbref.com/en/players/a9aa0d1d/Aleksei-Miranchuk-Aleksei Miranchuk,
6,Matteo Pessina,https://fbref.com/en/players/780e3631/Matteo-Pessina,32,32,it ITA,CM,23-214,90,66,3,18,38,10,0,66,3,2,66.7,1,33.3,27,219,51,1,0,0,2,0,36,1,https://fbref.com/en/players/780e3631/Matteo-Pessina-Matteo Pessina,
7,Marten de Roon,https://fbref.com/en/players/2a1beb34/Marten-de-Roon,15,15,nl NED,CM,29-237,90,67,5,17,39,11,1,67,0,0,,0,,20,114,54,2,1,0,0,0,33,1,https://fbref.com/en/players/2a1beb34/Marten-de-Roon-Marten de Roon,
8,Robin Gosens,https://fbref.com/en/players/2d970560/Robin-Gosens,8,8,de GER,WB,26-139,90,74,3,12,33,29,7,74,1,1,100.0,0,0.0,32,171,121,3,4,2,5,0,43,7,https://fbref.com/en/players/2d970560/Robin-Gosens-Robin Gosens,
9,Fabio Depaoli,https://fbref.com/en/players/d97f2e8d/Fabio-Depaoli,27,27,it ITA,WB,23-211,24,17,0,2,6,9,0,17,1,1,100.0,0,0.0,7,45,25,1,1,0,0,0,12,3,https://fbref.com/en/players/d97f2e8d/Fabio-Depaoli-Fabio Depaoli,
10,Cristiano Piccini,https://fbref.com/en/players/32c0491f/Cristiano-Piccini,21,21,it ITA,WB,28-056,59,25,0,4,14,7,1,25,3,1,33.3,2,66.7,9,57,11,1,0,0,0,2,14,3,https://fbref.com/en/players/32c0491f/Cristiano-Piccini-Cristiano Piccini,
11,Bosko Sutalo,https://fbref.com/en/players/1d0bb7e4/Bosko-Sutalo,4,4,hr CRO,WB,20-325,7,6,0,2,2,2,1,6,0,0,,0,,4,9,7,0,0,0,0,0,4,0,https://fbref.com/en/players/1d0bb7e4/Bosko-Sutalo-Bosko Sutalo,
12,José Luis Palomino,https://fbref.com/en/players/921f6058/Jose-Luis-Palomino,6,6,ar ARG,CB,30-321,90,61,4,21,33,7,0,61,0,0,,0,,21,84,42,0,0,0,0,0,33,3,https://fbref.com/en/players/921f6058/Jose-Luis-Palomino-José Luis Palomino,
13,Cristian Romero,https://fbref.com/en/players/a3d94a58/Cristian-Romero,17,17,ar ARG,CB,22-208,90,66,6,30,35,1,0,66,0,0,,0,,23,159,38,0,0,0,1,0,19,0,https://fbref.com/en/players/a3d94a58/Cristian-Romero-Cristian Romero,
14,Rafael Tolói,https://fbref.com/en/players/c56dc39e/Rafael-Toloi,2,2,it ITA,CB,30-042,90,63,4,29,29,6,1,63,0,0,,0,,30,134,61,1,0,0,0,1,32,1,https://fbref.com/en/players/c56dc39e/Rafael-Toloi-Rafael Tolói,
15,Pierluigi Gollini,https://fbref.com/en/players/f0f7f62f/Pierluigi-Gollini,95,95,it ITA,GK,25-248,90,33,24,33,0,0,0,33,0,0,,0,,16,74,50,0,0,0,0,0,16,0,https://fbref.com/en/players/f0f7f62f/Pierluigi-Gollini-Pierluigi Gollini,
