,Player Name,Player Number,Player,#,Nation,Pos,Age,Min,Gls,Ast,PK,PKatt,Sh,SoT,CrdY,CrdR,Touches,Tkl,Int,Blocks,xG,npxG,xAG,SCA,GCA,Cmp,Att,Cmp%,PrgP,Carries,PrgC,Att,Succ,Player Key,Player Link
0,Duván Zapata,https://fbref.com/en/players/d3de9af0/Duvan-Zapata,91,91,co COL,FW,29-234,66,0,0,0,0,2,0,0,0,38,0,0,0,0.6,0.6,0.0,1,0,18,26,69.2,1,19,1,1,0,https://fbref.com/en/players/d3de9af0/Duvan-Zapata-Duván Zapata,
1,Sam Lammers,https://fbref.com/en/players/c283ddef/Sam-Lammers,7,7,nl NED,FW,23-205,24,0,0,0,0,1,1,0,0,10,0,0,0,0.0,0.0,0.0,1,0,5,8,62.5,1,7,0,0,0,https://fbref.com/en/players/c283ddef/Sam-Lammers-Sam Lammers,
2,Papu Gómez,https://fbref.com/en/players/6e4df551/Papu-Gomez,10,10,ar ARG,AM,32-280,45,0,0,0,0,1,0,0,0,24,0,0,0,0.0,0.0,0.0,0,0,17,21,81.0,3,16,0,3,1,https://fbref.com/en/players/6e4df551/Papu-Gomez-Papu Gómez,
3,Mario Pašalić,https://fbref.com/en/players/e599253a/Mario-Pasalic,88,88,hr CRO,AM,25-286,45,0,0,0,0,2,2,1,0,25,0,0,2,0.5,0.5,0.3,1,0,14,16,87.5,3,12,1,2,1,https://fbref.com/en/players/e599253a/Mario-Pasalic-Mario Pašalić,
4,Josip Iličić,https://fbref.com/en/players/68252d6d/Josip-Ilicic,72,72,si SVN,"AM,FW",32-297,83,0,0,0,0,0,0,0,0,50,0,0,1,0.0,0.0,0.7,5,0,26,41,63.4,10,37,2,5,3,https://fbref.com/en/players/68252d6d/Josip-Ilicic-Josip Iličić,
5,Aleksei Miranchuk,https://fbref.com/en/players/a9aa0d1d/Aleksei-Miranchuk,59,59,ru RUS,FW,25-035,7,0,0,0,0,0,0,0,0,6,0,0,0,0.0,0.0,0.0,0,0,3,4,75.0,0,5,0,1,1,https://fbref.com/en/players/a9aa0d1d/Aleksei-Miranchuk-Aleksei Miranchuk,
6,Matteo Pessina,https://fbref.com/en/players/780e3631/Matteo-Pessina,32,32,it ITA,CM,23-214,90,0,0,0,0,0,0,1,0,66,0,3,2,0.0,0.0,0.0,1,0,43,52,82.7,4,27,1,3,2,https://fbref.com/en/players/780e3631/Matteo-Pessina-Matteo Pessina,
7,Marten de Roon,https://fbref.com/en/players/2a1beb34/Marten-de-Roon,15,15,nl NED,CM,29-237,90,0,0,0,0,0,0,0,0,67,1,3,1,0.0,0.0,0.0,1,0,43,57,75.4,4,20,2,0,0,https://fbref.com/en/players/2a1beb34/Marten-de-Roon-Marten de Roon,
8,Robin Gosens,https://fbref.com/en/players/2d970560/Robin-Gosens,8,8,de GER,WB,26-139,90,0,0,0,0,3,1,1,0,74,2,1,5,0.8,0.8,0.6,6,0,39,52,75.0,4,32,3,1,1,https://fbref.com/en/players/2d970560/Robin-Gosens-Robin Gosens,
9,Fabio Depaoli,https://fbref.com/en/players/d97f2e8d/Fabio-Depaoli,27,27,it ITA,WB,23-211,24,0,0,0,0,0,0,0,0,17,0,0,1,0.0,0.0,0.0,0,0,13,15,86.7,0,7,1,1,1,https://fbref.com/en/players/d97f2e8d/Fabio-Depaoli-Fabio Depaoli,
10,Cristiano Piccini,https://fbref.com/en/players/32c0491f/Cristiano-Piccini,21,21,it ITA,WB,28-056,59,0,0,0,0,1,0,0,0,25,1,0,1,0.1,0.1,0.0,0,0,14,18,77.8,2,9,1,3,1,https://fbref.com/en/players/32c0491f/Cristiano-Piccini-Cristiano Piccini,
11,Bosko Sutalo,https://fbref.com/en/players/1d0bb7e4/Bosko-Sutalo,4,4,hr CRO,WB,20-325,7,0,0,0,0,0,0,0,0,6,0,0,0,0.0,0.0,0.1,1,0,6,6,100.0,0,4,0,0,0,https://fbref.com/en/players/1d0bb7e4/Bosko-Sutalo-Bosko Sutalo,
12,José Luis Palomino,https://fbref.com/en/players/921f6058/Jose-Luis-Palomino,6,6,ar ARG,CB,30-321,90,0,0,0,0,0,0,0,0,61,3,3,0,0.0,0.0,0.0,0,0,37,52,71.2,4,21,0,0,0,https://fbref.com/en/players/921f6058/Jose-Luis-Palomino-José Luis Palomino,
13,Cristian Romero,https://fbref.com/en/players/a3d94a58/Cristian-Romero,17,17,ar ARG,CB,22-208,90,0,0,0,0,0,0,0,0,66,1,12,2,0.0,0.0,0.0,3,0,33,47,70.2,3,23,0,0,0,https://fbref.com/en/players/a3d94a58/Cristian-Romero-Cristian Romero,
14,Rafael Tolói,https://fbref.com/en/players/c56dc39e/Rafael-Toloi,2,2,it ITA,CB,30-042,90,0,0,0,0,1,0,0,0,63,1,4,1,0.0,0.0,0.0,0,0,40,53,75.5,6,30,1,0,0,https://fbref.com/en/players/c56dc39e/Rafael-Toloi-Rafael Tolói,
15,Pierluigi Gollini,https://fbref.com/en/players/f0f7f62f/Pierluigi-Gollini,95,95,it ITA,GK,25-248,90,0,0,0,0,0,0,0,0,33,0,0,0,0.0,0.0,0.0,0,0,17,32,53.1,0,16,0,0,0,https://fbref.com/en/players/f0f7f62f/Pierluigi-Gollini-Pierluigi Gollini,
