,Minute,Player,Squad,xG,PSxG,Outcome,Distance,Body Part,Notes,SCA 1 Player,SCA 1 Event,SCA 2 Player,SCA 2 Event
0,2,Diego Farias,Spezia,0.03,,Woodwork,26,Right Foot,,Luca Vignali,Pass (Live),,
1,6,Diego Farias,Spezia,0.07,,Off Target,18,Right Foot,,Diego Farias,Take-On,Nahuel Estévez,Pass (Live)
2,14,Robin Gosens,Atalanta,0.44,,Off Target,9,Right Foot,,Robin Gosens,Take-On,Duván Zapata,Pass (Live)
3,22,Duván Zapata,Atalanta,0.55,,Blocked,5,Right Foot,,Josip Iličić,Pass (Live),,
4,32,Tommaso Pobega,Spezia,0.03,,Blocked,22,Left Foot,,Diego Farias,Pass (Live),Tommaso Pobega,Pass (Live)
5,40,Duván Zapata,Atalanta,0.07,,Blocked,17,Right Foot,,Josip Iličić,Pass (Live),,
6,43,Papu Gómez,Atalanta,0.02,,Off Target,34,Right Foot,,Josip Iličić,Pass (Dead),Cristian Romero,Fouled
7,,,,,,,,,,,,,
8,54,Rafael Tolói,Atalanta,0.02,,Off Target,26,Right Foot,Volley,Cristian Romero,Pass (Live),Cristian Romero,Interception
9,61,Emmanuel Gyasi,Spezia,0.06,,Blocked,25,Left Foot,,M'Bala Nzola,Pass (Live),Emmanuel Gyasi,Pass (Live)
10,63,Emmanuel Gyasi,Spezia,0.05,0.15,Saved,12,Left Foot,,Emmanuel Gyasi,Take-On,Diego Farias,Pass (Live)
11,64,M'Bala Nzola,Spezia,0.07,,Blocked,18,Right Foot,,Diego Farias,Pass (Live),Nahuel Estévez,Pass (Live)
12,68,Sam Lammers,Atalanta,0.03,0.24,Saved,24,Right Foot,,Josip Iličić,Pass (Live),Marten de Roon,Pass (Live)
13,71,M'Bala Nzola,Spezia,0.05,,Off Target,14,Left Foot,,M'Bala Nzola,Pass (Live),Diego Farias,Pass (Live)
14,74,Cristiano Piccini,Atalanta,0.05,,Off Target,12,Head,,Robin Gosens,Pass (Live),Robin Gosens,Pass (Live)
15,80,Giulio Maggiore,Spezia,0.03,,Blocked,25,Left Foot,Volley,Julian Chabot,Take-On,Giulio Maggiore,Pass (Live)
16,81,M'Bala Nzola,Spezia,0.05,0.02,Saved,16,Left Foot,,Matteo Ricci,Pass (Live),,
17,84,Robin Gosens,Atalanta,0.27,0.33,Saved,11,Left Foot,,Josip Iličić,Pass (Live),Mario Pašalić,Pass (Live)
18,87,Mario Pašalić,Atalanta,0.32,0.58,Saved,16,Left Foot,,Robin Gosens,Pass (Live),Matteo Pessina,Pass (Live)
19,88,Mario Pašalić,Atalanta,0.22,0.10,Saved,16,Right Foot,,Robin Gosens,Pass (Live),Sam Lammers,Pass (Live)
20,90+2,Robin Gosens,Atalanta,0.10,,Blocked,4,Right Foot,,Bosko Sutalo,Pass (Live),Robin Gosens,Pass (Live)
