,Player Name,Player Number,Player,#,Nation,Pos,Age,Min,Touches,Def Pen,Def 3rd,Mid 3rd,Att 3rd,Att Pen,Live,Att,Succ,Succ%,Tkld,Tkld%,Carries,TotDist,PrgDist,PrgC,1/3,CPA,Mis,Dis,Rec,PrgR,Player Key,Player Link
0,M'Bala Nzola,https://fbref.com/en/players/a4948e67/MBala-Nzola,18,18,ao ANG,FW,24-095,90,47,1,3,24,20,7,47,4,3,75.0,1,25.0,26,115,24,1,3,0,9,2,38,9,https://fbref.com/en/players/a4948e67/MBala-Nzola-M'Bala Nzola,
1,Diego Farias,https://fbref.com/en/players/157d29b6/Diego-Farias,17,17,br BRA,LW,30-195,90,50,0,5,29,16,2,50,2,2,100.0,0,0.0,28,219,84,2,1,1,0,0,43,8,https://fbref.com/en/players/157d29b6/Diego-Farias-Diego Farias,
2,Emmanuel Gyasi,https://fbref.com/en/players/f9758dae/Emmanuel-Gyasi,11,11,gh GHA,RW,26-315,90,38,0,6,20,13,2,38,3,3,100.0,0,0.0,26,93,24,1,0,1,2,3,33,9,https://fbref.com/en/players/f9758dae/Emmanuel-Gyasi-Emmanuel Gyasi,
3,Tommaso Pobega,https://fbref.com/en/players/55a1cac2/Tommaso-Pobega,26,26,it ITA,LM,21-129,45,33,2,9,19,6,1,33,0,0,,0,,14,54,17,0,0,0,1,0,21,3,https://fbref.com/en/players/55a1cac2/Tommaso-Pobega-Tommaso Pobega,
4,Giulio Maggiore,https://fbref.com/en/players/957e4c87/Giulio-Maggiore,25,25,it ITA,LM,22-254,45,32,1,5,17,10,4,32,0,0,,0,,16,68,26,2,1,2,2,0,19,4,https://fbref.com/en/players/957e4c87/Giulio-Maggiore-Giulio Maggiore,
5,Matteo Ricci,https://fbref.com/en/players/3cf7dc7e/Matteo-Ricci,8,8,it ITA,CM,26-178,90,75,2,20,52,5,0,75,1,1,100.0,0,0.0,27,116,45,0,0,0,1,0,37,1,https://fbref.com/en/players/3cf7dc7e/Matteo-Ricci-Matteo Ricci,
6,Nahuel Estévez,https://fbref.com/en/players/cec60a2f/Nahuel-Estevez,24,24,ar ARG,RM,25-007,74,48,0,6,31,11,2,48,2,1,50.0,1,50.0,18,89,33,1,0,1,2,0,31,4,https://fbref.com/en/players/cec60a2f/Nahuel-Estevez-Nahuel Estévez,
7,Alessandro Deiola,https://fbref.com/en/players/7f267d66/Alessandro-Deiola,27,27,it ITA,RM,25-112,16,12,0,4,3,5,0,12,0,0,,0,,3,8,1,0,0,0,0,0,8,0,https://fbref.com/en/players/7f267d66/Alessandro-Deiola-Alessandro Deiola,
8,Simone Bastoni,https://fbref.com/en/players/1ac232b8/Simone-Bastoni,20,20,it ITA,LB,24-016,61,56,2,25,26,5,0,56,1,1,100.0,0,0.0,28,184,127,1,1,0,1,1,39,1,https://fbref.com/en/players/1ac232b8/Simone-Bastoni-Simone Bastoni,
9,Riccardo Marchizza,https://fbref.com/en/players/91d0fabf/Riccardo-Marchizza,5,5,it ITA,LB,22-240,29,28,0,13,8,7,2,28,0,0,,0,,16,86,53,1,0,1,0,0,21,2,https://fbref.com/en/players/91d0fabf/Riccardo-Marchizza-Riccardo Marchizza,
10,Claudio Terzi,https://fbref.com/en/players/5570e6fb/Claudio-Terzi,19,19,it ITA,CB,36-155,74,52,9,33,19,0,0,52,0,0,,0,,26,135,64,0,0,0,0,0,30,0,https://fbref.com/en/players/5570e6fb/Claudio-Terzi-Claudio Terzi,
11,Julian Chabot,https://fbref.com/en/players/ae7058f9/Julian-Chabot,22,22,de GER,CB,22-283,16,14,1,4,7,3,1,14,2,2,100.0,0,0.0,6,37,20,2,0,1,0,0,6,0,https://fbref.com/en/players/ae7058f9/Julian-Chabot-Julian Chabot,
12,Martin Erlic,https://fbref.com/en/players/0fee6bda/Martin-Erlic,28,28,hr CRO,CB,22-302,90,56,6,37,19,0,0,56,0,0,,0,,12,39,7,0,0,0,0,0,16,0,https://fbref.com/en/players/0fee6bda/Martin-Erlic-Martin Erlic,
13,Luca Vignali,https://fbref.com/en/players/c1e8e74e/Luca-Vignali,69,69,it ITA,RB,24-315,54,62,3,30,30,2,0,62,0,0,,0,,35,124,53,0,0,0,0,1,41,0,https://fbref.com/en/players/c1e8e74e/Luca-Vignali-Luca Vignali,
14,Federico Mattiello,https://fbref.com/en/players/fba81826/Federico-Mattiello,14,14,it ITA,RB,25-130,36,41,0,11,22,9,0,41,1,1,100.0,0,0.0,20,141,84,1,0,0,0,0,27,0,https://fbref.com/en/players/fba81826/Federico-Mattiello-Federico Mattiello,
15,Ivan Provedel,https://fbref.com/en/players/277da414/Ivan-Provedel,94,94,it ITA,GK,26-249,90,76,66,76,0,0,0,76,0,0,,0,,50,178,64,0,0,0,0,0,46,0,https://fbref.com/en/players/277da414/Ivan-Provedel-Ivan Provedel,
