,Player Name,Player Number,Player,#,Nation,Pos,Age,Min,Gls,Ast,PK,PKatt,Sh,SoT,CrdY,CrdR,Touches,Tkl,Int,Blocks,xG,npxG,xAG,SCA,GCA,Cmp,Att,Cmp%,PrgP,Carries,PrgC,Att,Succ,Player Key,Player Link
0,M'Bala Nzola,https://fbref.com/en/players/a4948e67/MBala-Nzola,18,18,ao ANG,FW,24-095,90,0,0,0,0,3,1,0,0,47,0,0,1,0.2,0.2,0.1,2,0,23,25,92.0,1,26,1,4,3,https://fbref.com/en/players/a4948e67/MBala-Nzola-M'Bala Nzola,
1,Diego Farias,https://fbref.com/en/players/157d29b6/Diego-Farias,17,17,br BRA,LW,30-195,90,0,0,0,0,2,0,0,0,50,0,1,0,0.1,0.1,0.1,5,0,41,46,89.1,7,28,2,2,2,https://fbref.com/en/players/157d29b6/Diego-Farias-Diego Farias,
2,Emmanuel Gyasi,https://fbref.com/en/players/f9758dae/Emmanuel-Gyasi,11,11,gh GHA,RW,26-315,90,0,0,0,0,2,1,0,0,38,0,1,0,0.1,0.1,0.0,2,0,29,33,87.9,3,26,1,3,3,https://fbref.com/en/players/f9758dae/Emmanuel-Gyasi-Emmanuel Gyasi,
3,Tommaso Pobega,https://fbref.com/en/players/55a1cac2/Tommaso-Pobega,26,26,it ITA,LM,21-129,45,0,0,0,0,1,0,0,0,33,0,0,2,0.0,0.0,0.0,1,0,19,28,67.9,4,14,0,0,0,https://fbref.com/en/players/55a1cac2/Tommaso-Pobega-Tommaso Pobega,
4,Giulio Maggiore,https://fbref.com/en/players/957e4c87/Giulio-Maggiore,25,25,it ITA,LM,22-254,45,0,0,0,0,1,0,0,0,32,2,0,1,0.0,0.0,0.0,1,0,13,23,56.5,2,16,2,0,0,https://fbref.com/en/players/957e4c87/Giulio-Maggiore-Giulio Maggiore,
5,Matteo Ricci,https://fbref.com/en/players/3cf7dc7e/Matteo-Ricci,8,8,it ITA,CM,26-178,90,0,0,0,0,0,0,1,0,75,2,2,1,0.0,0.0,0.0,1,0,58,67,86.6,6,27,0,1,1,https://fbref.com/en/players/3cf7dc7e/Matteo-Ricci-Matteo Ricci,
6,Nahuel Estévez,https://fbref.com/en/players/cec60a2f/Nahuel-Estevez,24,24,ar ARG,RM,25-007,74,0,0,0,0,0,0,1,0,48,0,0,0,0.0,0.0,0.1,2,0,27,41,65.9,4,18,1,2,1,https://fbref.com/en/players/cec60a2f/Nahuel-Estevez-Nahuel Estévez,
7,Alessandro Deiola,https://fbref.com/en/players/7f267d66/Alessandro-Deiola,27,27,it ITA,RM,25-112,16,0,0,0,0,0,0,0,0,12,1,0,0,0.0,0.0,0.0,0,0,7,11,63.6,0,3,0,0,0,https://fbref.com/en/players/7f267d66/Alessandro-Deiola-Alessandro Deiola,
8,Simone Bastoni,https://fbref.com/en/players/1ac232b8/Simone-Bastoni,20,20,it ITA,LB,24-016,61,0,0,0,0,0,0,0,0,56,7,0,0,0.0,0.0,0.0,0,0,36,47,76.6,3,28,1,1,1,https://fbref.com/en/players/1ac232b8/Simone-Bastoni-Simone Bastoni,
9,Riccardo Marchizza,https://fbref.com/en/players/91d0fabf/Riccardo-Marchizza,5,5,it ITA,LB,22-240,29,0,0,0,0,0,0,0,0,28,0,0,0,0.0,0.0,0.0,0,0,21,28,75.0,2,16,1,0,0,https://fbref.com/en/players/91d0fabf/Riccardo-Marchizza-Riccardo Marchizza,
10,Claudio Terzi,https://fbref.com/en/players/5570e6fb/Claudio-Terzi,19,19,it ITA,CB,36-155,74,0,0,0,0,0,0,1,0,52,3,3,1,0.0,0.0,0.0,0,0,34,40,85.0,2,26,0,0,0,https://fbref.com/en/players/5570e6fb/Claudio-Terzi-Claudio Terzi,
11,Julian Chabot,https://fbref.com/en/players/ae7058f9/Julian-Chabot,22,22,de GER,CB,22-283,16,0,0,0,0,0,0,0,0,14,1,1,0,0.0,0.0,0.0,1,0,8,10,80.0,1,6,2,2,2,https://fbref.com/en/players/ae7058f9/Julian-Chabot-Julian Chabot,
12,Martin Erlic,https://fbref.com/en/players/0fee6bda/Martin-Erlic,28,28,hr CRO,CB,22-302,90,0,0,0,0,0,0,0,0,56,2,2,2,0.0,0.0,0.0,0,0,31,42,73.8,0,12,0,0,0,https://fbref.com/en/players/0fee6bda/Martin-Erlic-Martin Erlic,
13,Luca Vignali,https://fbref.com/en/players/c1e8e74e/Luca-Vignali,69,69,it ITA,RB,24-315,54,0,0,0,0,0,0,0,0,62,2,0,0,0.0,0.0,0.0,1,0,37,57,64.9,4,35,0,0,0,https://fbref.com/en/players/c1e8e74e/Luca-Vignali-Luca Vignali,
14,Federico Mattiello,https://fbref.com/en/players/fba81826/Federico-Mattiello,14,14,it ITA,RB,25-130,36,0,0,0,0,0,0,0,0,41,0,0,0,0.0,0.0,0.0,0,0,27,41,65.9,2,20,1,1,1,https://fbref.com/en/players/fba81826/Federico-Mattiello-Federico Mattiello,
15,Ivan Provedel,https://fbref.com/en/players/277da414/Ivan-Provedel,94,94,it ITA,GK,26-249,90,0,0,0,0,0,0,0,0,76,0,0,0,0.0,0.0,0.0,0,0,50,70,71.4,0,50,0,0,0,https://fbref.com/en/players/277da414/Ivan-Provedel-Ivan Provedel,
