,Player Name,Player Number,Player,#,Nation,Pos,Age,Min,Tkl,TklW,Def 3rd,Mid 3rd,Att 3rd,Tkl,Att,Tkl%,Lost,Blocks,Sh,Pass,Int,Tkl+Int,Clr,Err,Player Key,Player Link
0,M'Bala Nzola,https://fbref.com/en/players/a4948e67/MBala-Nzola,18,18,ao ANG,FW,24-095,90,0,0,0,0,0,0,0,,0,1,0,1,0,0,1,0,https://fbref.com/en/players/a4948e67/MBala-Nzola-M'Bala Nzola,
1,Diego Farias,https://fbref.com/en/players/157d29b6/Diego-Farias,17,17,br BRA,LW,30-195,90,0,0,0,0,0,0,1,0.0,1,0,0,0,1,1,0,0,https://fbref.com/en/players/157d29b6/Diego-Farias-Diego Farias,
2,Emmanuel Gyasi,https://fbref.com/en/players/f9758dae/Emmanuel-Gyasi,11,11,gh GHA,RW,26-315,90,0,0,0,0,0,0,2,0.0,2,0,0,0,1,1,0,0,https://fbref.com/en/players/f9758dae/Emmanuel-Gyasi-Emmanuel Gyasi,
3,Tommaso Pobega,https://fbref.com/en/players/55a1cac2/Tommaso-Pobega,26,26,it ITA,LM,21-129,45,0,0,0,0,0,0,1,0.0,1,2,0,2,0,0,1,0,https://fbref.com/en/players/55a1cac2/Tommaso-Pobega-Tommaso Pobega,
4,Giulio Maggiore,https://fbref.com/en/players/957e4c87/Giulio-Maggiore,25,25,it ITA,LM,22-254,45,2,2,1,1,0,0,0,,0,1,0,1,0,2,1,0,https://fbref.com/en/players/957e4c87/Giulio-Maggiore-Giulio Maggiore,
5,Matteo Ricci,https://fbref.com/en/players/3cf7dc7e/Matteo-Ricci,8,8,it ITA,CM,26-178,90,2,1,0,2,0,1,2,50.0,1,1,1,0,2,4,0,0,https://fbref.com/en/players/3cf7dc7e/Matteo-Ricci-Matteo Ricci,
6,Nahuel Estévez,https://fbref.com/en/players/cec60a2f/Nahuel-Estevez,24,24,ar ARG,RM,25-007,74,0,0,0,0,0,0,0,,0,0,0,0,0,0,0,0,https://fbref.com/en/players/cec60a2f/Nahuel-Estevez-Nahuel Estévez,
7,Alessandro Deiola,https://fbref.com/en/players/7f267d66/Alessandro-Deiola,27,27,it ITA,RM,25-112,16,1,1,0,1,0,1,1,100.0,0,0,0,0,0,1,0,0,https://fbref.com/en/players/7f267d66/Alessandro-Deiola-Alessandro Deiola,
8,Simone Bastoni,https://fbref.com/en/players/1ac232b8/Simone-Bastoni,20,20,it ITA,LB,24-016,61,7,5,4,3,0,2,6,33.3,4,0,0,0,0,7,2,0,https://fbref.com/en/players/1ac232b8/Simone-Bastoni-Simone Bastoni,
9,Riccardo Marchizza,https://fbref.com/en/players/91d0fabf/Riccardo-Marchizza,5,5,it ITA,LB,22-240,29,0,0,0,0,0,0,1,0.0,1,0,0,0,0,0,0,0,https://fbref.com/en/players/91d0fabf/Riccardo-Marchizza-Riccardo Marchizza,
10,Claudio Terzi,https://fbref.com/en/players/5570e6fb/Claudio-Terzi,19,19,it ITA,CB,36-155,74,3,2,2,1,0,2,3,66.7,1,1,0,1,3,6,3,0,https://fbref.com/en/players/5570e6fb/Claudio-Terzi-Claudio Terzi,
11,Julian Chabot,https://fbref.com/en/players/ae7058f9/Julian-Chabot,22,22,de GER,CB,22-283,16,1,1,0,0,1,1,1,100.0,0,0,0,0,1,2,1,0,https://fbref.com/en/players/ae7058f9/Julian-Chabot-Julian Chabot,
12,Martin Erlic,https://fbref.com/en/players/0fee6bda/Martin-Erlic,28,28,hr CRO,CB,22-302,90,2,2,2,0,0,1,1,100.0,0,2,2,0,2,4,9,0,https://fbref.com/en/players/0fee6bda/Martin-Erlic-Martin Erlic,
13,Luca Vignali,https://fbref.com/en/players/c1e8e74e/Luca-Vignali,69,69,it ITA,RB,24-315,54,2,1,2,0,0,0,0,,0,0,0,0,0,2,2,0,https://fbref.com/en/players/c1e8e74e/Luca-Vignali-Luca Vignali,
14,Federico Mattiello,https://fbref.com/en/players/fba81826/Federico-Mattiello,14,14,it ITA,RB,25-130,36,0,0,0,0,0,0,0,,0,0,0,0,0,0,0,0,https://fbref.com/en/players/fba81826/Federico-Mattiello-Federico Mattiello,
15,Ivan Provedel,https://fbref.com/en/players/277da414/Ivan-Provedel,94,94,it ITA,GK,26-249,90,0,0,0,0,0,0,0,,0,0,0,0,0,0,2,0,https://fbref.com/en/players/277da414/Ivan-Provedel-Ivan Provedel,
