,Player Name,Player Number,Player,#,Nation,Pos,Age,Min,Touches,Def Pen,Def 3rd,Mid 3rd,Att 3rd,Att Pen,Live,Att,Succ,Succ%,Tkld,Tkld%,Carries,TotDist,PrgDist,PrgC,1/3,CPA,Mis,Dis,Rec,PrgR,Player Key,Player Link
0,Pedro,https://fbref.com/en/players/17758df6/Pedro,96,96,br BRA,FW,24-163,89,33,1,3,13,17,7,33,1,1,100.0,0,0.0,14,59,18,0,0,0,4,4,23,7,https://fbref.com/en/players/17758df6/Pedro-Pedro,
1,Miguel Bandarra,https://fbref.com/en/players/1e4684e8/Miguel-Bandarra,17,17,pt POR,FW,25-093,1,1,0,0,1,0,0,1,0,0,,0,,0,0,0,0,0,0,0,0,1,0,https://fbref.com/en/players/1e4684e8/Miguel-Bandarra-Miguel Bandarra,
2,Braian Mansilla,https://fbref.com/en/players/e4c37819/Braian-Mansilla,11,11,ar ARG,LM,24-004,86,33,0,3,10,21,5,33,3,3,100.0,0,0.0,19,135,43,2,1,1,3,4,21,10,https://fbref.com/en/players/e4c37819/Braian-Mansilla-Braian Mansilla,
3,André Almeida Pinto,https://fbref.com/en/players/ba6e52b0/Andre-Almeida-Pinto,25,25,pt POR,CB,31-197,4,4,0,4,0,0,0,4,0,0,,0,,1,1,0,0,0,0,0,0,0,0,https://fbref.com/en/players/ba6e52b0/Andre-Almeida-Pinto-André Almeida Pinto,
4,Jonatan Lucca,https://fbref.com/en/players/b04f4533/Jonatan-Lucca,47,47,br BRA,CM,26-322,90,48,1,4,30,15,1,48,0,0,,0,,14,69,59,1,2,0,1,0,22,2,https://fbref.com/en/players/b04f4533/Jonatan-Lucca-Jonatan Lucca,
5,Ryan Gauld,https://fbref.com/en/players/862e93c2/Ryan-Gauld,23,23,sct SCO,"CM,LM",25-125,90,54,0,1,24,31,5,53,2,2,100.0,0,0.0,32,311,190,6,3,1,7,2,32,3,https://fbref.com/en/players/862e93c2/Ryan-Gauld-Ryan Gauld,
6,Licá,https://fbref.com/en/players/41d84fed/Lica,88,88,pt POR,RM,32-224,14,2,0,0,1,2,1,2,0,0,,0,,1,27,27,1,1,0,0,0,1,1,https://fbref.com/en/players/41d84fed/Lica-Licá,
7,Fabrício Isidoro,https://fbref.com/en/players/b70ca4b5/Fabricio-Isidoro,14,14,br BRA,RM,29-082,76,34,0,6,13,16,3,34,0,0,,0,,16,61,28,0,1,0,1,0,19,5,https://fbref.com/en/players/b70ca4b5/Fabricio-Isidoro-Fabrício Isidoro,
8,Amine Oudrhiri,https://fbref.com/en/players/49c9c79a/Amine-Oudrhiri,5,5,ma MAR,"DM,CM",28-167,90,47,0,5,35,7,0,47,0,0,,0,,26,72,37,0,0,0,1,2,30,2,https://fbref.com/en/players/49c9c79a/Amine-Oudrhiri-Amine Oudrhiri,
9,Abner,https://fbref.com/en/players/8e562fe7/Abner,30,30,br BRA,LB,24-325,89,59,0,21,24,14,0,59,2,1,50.0,1,50.0,17,71,18,0,0,0,1,0,20,3,https://fbref.com/en/players/8e562fe7/Abner-Abner,
10,Fábio Alexandre da Silva Nunes,https://fbref.com/en/players/7cfc2860/Fabio-Alexandre-da-Silva-Nunes,92,92,pt POR,LB,28-270,1,0,0,0,0,0,0,0,0,0,,0,,1,3,0,0,0,0,0,0,1,0,https://fbref.com/en/players/7cfc2860/Fabio-Alexandre-da-Silva-Nunes-Fábio Alexandre da Silva Nunes,
11,Eduardo Mancha,https://fbref.com/en/players/56e74f66/Eduardo-Mancha,95,95,br BRA,CB,25-147,90,61,8,37,21,5,3,61,1,0,0.0,1,100.0,28,189,90,0,0,0,1,0,26,1,https://fbref.com/en/players/56e74f66/Eduardo-Mancha-Eduardo Mancha,
12,César,https://fbref.com/en/players/4dcde17a/Cesar,4,4,br BRA,CB,28-113,90,60,7,34,25,2,2,60,0,0,,0,,33,153,92,1,0,0,0,0,33,1,https://fbref.com/en/players/4dcde17a/Cesar-César,
13,Tomás Tavares,https://fbref.com/en/players/0dce3356/Tomas-Tavares,84,84,pt POR,RB,20-044,90,56,2,13,23,21,4,56,1,0,0.0,1,100.0,23,118,74,1,1,0,2,1,27,8,https://fbref.com/en/players/0dce3356/Tomas-Tavares-Tomás Tavares,
14,Beto,https://fbref.com/en/players/3b4941e4/Beto,3,3,pt POR,GK,38-354,90,40,33,39,1,0,0,40,0,0,,0,,24,133,92,0,0,0,0,0,19,0,https://fbref.com/en/players/3b4941e4/Beto-Beto,
