,Player Name,Player Number,Player,#,Nation,Pos,Age,Min,CrdY,CrdR,2CrdY,Fls,Fld,Off,Crs,Int,TklW,PKwon,PKcon,OG,Recov,Won,Lost,Won%,Player Key,Player Link
0,Pedro,https://fbref.com/en/players/17758df6/Pedro,96,96,br BRA,FW,24-163,89,0,0,0,1,2,0,0,0,1,0,0,0,1,7,11,38.9,https://fbref.com/en/players/17758df6/Pedro-Pedro,
1,Miguel Bandarra,https://fbref.com/en/players/1e4684e8/Miguel-Bandarra,17,17,pt POR,FW,25-093,1,0,0,0,0,0,0,0,0,0,0,0,0,0,1,0,100.0,https://fbref.com/en/players/1e4684e8/Miguel-Bandarra-Miguel Bandarra,
2,Braian Mansilla,https://fbref.com/en/players/e4c37819/Braian-Mansilla,11,11,ar ARG,LM,24-004,86,0,0,0,0,1,0,3,0,0,0,0,0,6,0,1,0.0,https://fbref.com/en/players/e4c37819/Braian-Mansilla-Braian Mansilla,
3,André Almeida Pinto,https://fbref.com/en/players/ba6e52b0/Andre-Almeida-Pinto,25,25,pt POR,CB,31-197,4,0,0,0,0,0,0,0,0,0,0,0,0,1,1,0,100.0,https://fbref.com/en/players/ba6e52b0/Andre-Almeida-Pinto-André Almeida Pinto,
4,Jonatan Lucca,https://fbref.com/en/players/b04f4533/Jonatan-Lucca,47,47,br BRA,CM,26-322,90,0,0,0,1,0,0,5,1,2,0,0,0,6,8,1,88.9,https://fbref.com/en/players/b04f4533/Jonatan-Lucca-Jonatan Lucca,
5,Ryan Gauld,https://fbref.com/en/players/862e93c2/Ryan-Gauld,23,23,sct SCO,"CM,LM",25-125,90,0,0,0,2,1,0,6,0,2,1,0,0,7,2,2,50.0,https://fbref.com/en/players/862e93c2/Ryan-Gauld-Ryan Gauld,
6,Licá,https://fbref.com/en/players/41d84fed/Lica,88,88,pt POR,RM,32-224,14,0,0,0,0,0,0,0,0,0,0,0,0,1,0,0,,https://fbref.com/en/players/41d84fed/Lica-Licá,
7,Fabrício Isidoro,https://fbref.com/en/players/b70ca4b5/Fabricio-Isidoro,14,14,br BRA,RM,29-082,76,0,0,0,0,2,0,1,0,0,0,0,0,5,0,1,0.0,https://fbref.com/en/players/b70ca4b5/Fabricio-Isidoro-Fabrício Isidoro,
8,Amine Oudrhiri,https://fbref.com/en/players/49c9c79a/Amine-Oudrhiri,5,5,ma MAR,"DM,CM",28-167,90,0,0,0,0,1,0,0,1,3,0,0,0,7,2,1,66.7,https://fbref.com/en/players/49c9c79a/Amine-Oudrhiri-Amine Oudrhiri,
9,Abner,https://fbref.com/en/players/8e562fe7/Abner,30,30,br BRA,LB,24-325,89,0,0,0,1,0,0,2,2,1,0,0,0,3,2,2,50.0,https://fbref.com/en/players/8e562fe7/Abner-Abner,
10,Fábio Alexandre da Silva Nunes,https://fbref.com/en/players/7cfc2860/Fabio-Alexandre-da-Silva-Nunes,92,92,pt POR,LB,28-270,1,0,0,0,0,1,0,0,0,0,0,0,0,0,0,0,,https://fbref.com/en/players/7cfc2860/Fabio-Alexandre-da-Silva-Nunes-Fábio Alexandre da Silva Nunes,
11,Eduardo Mancha,https://fbref.com/en/players/56e74f66/Eduardo-Mancha,95,95,br BRA,CB,25-147,90,0,0,0,1,0,0,0,3,1,0,0,0,2,11,4,73.3,https://fbref.com/en/players/56e74f66/Eduardo-Mancha-Eduardo Mancha,
12,César,https://fbref.com/en/players/4dcde17a/Cesar,4,4,br BRA,CB,28-113,90,1,0,0,2,0,0,0,0,1,0,0,0,5,7,4,63.6,https://fbref.com/en/players/4dcde17a/Cesar-César,
13,Tomás Tavares,https://fbref.com/en/players/0dce3356/Tomas-Tavares,84,84,pt POR,RB,20-044,90,0,0,0,0,0,0,3,0,0,0,0,0,4,1,3,25.0,https://fbref.com/en/players/0dce3356/Tomas-Tavares-Tomás Tavares,
14,Beto,https://fbref.com/en/players/3b4941e4/Beto,3,3,pt POR,GK,38-354,90,0,0,0,0,0,0,0,0,0,0,0,0,4,0,0,,https://fbref.com/en/players/3b4941e4/Beto-Beto,
