,Player Name,Player Number,Player,#,Nation,Pos,Age,Min,Att,Live,Dead,FK,TB,Sw,Crs,TI,CK,In,Out,Str,Cmp,Off,Blocks,Player Key,Player Link
0,Douglas Tanque,https://fbref.com/en/players/dbec03ba/Douglas-Tanque,99,99,br BRA,FW,27-175,90,27,24,3,0,0,0,0,0,0,0,0,0,16,0,1,https://fbref.com/en/players/dbec03ba/Douglas-Tanque-Douglas Tanque,
1,Hélder Ferreira,https://fbref.com/en/players/6407ce4d/Helder-Ferreira,7,7,pt POR,"LW,RW",24-015,77,23,22,1,0,0,1,1,1,0,0,0,0,14,0,1,https://fbref.com/en/players/6407ce4d/Helder-Ferreira-Hélder Ferreira,
2,Pedro Rebocho,https://fbref.com/en/players/276cce2e/Pedro-Rebocho,5,5,pt POR,LB,26-087,13,17,15,2,0,0,0,2,1,1,1,0,0,13,0,0,https://fbref.com/en/players/276cce2e/Pedro-Rebocho-Pedro Rebocho,
3,João Amaral,https://fbref.com/en/players/ebc533e5/Joao-Amaral,77,77,pt POR,RW,29-225,57,17,12,5,1,0,0,6,0,4,0,4,0,7,0,2,https://fbref.com/en/players/ebc533e5/Joao-Amaral-João Amaral,
4,Luther Singh,https://fbref.com/en/players/e4377b65/Luther-Singh,11,11,za RSA,"LW,RW",23-258,33,14,14,0,0,0,0,2,0,0,0,0,0,12,0,0,https://fbref.com/en/players/e4377b65/Luther-Singh-Luther Singh,
5,Bruno Xavier Almeida Costa,https://fbref.com/en/players/7b4c1f6e/Bruno-Xavier-Almeida-Costa,10,10,pt POR,LM,24-001,70,27,26,1,0,0,1,2,0,1,1,0,0,22,0,0,https://fbref.com/en/players/7b4c1f6e/Bruno-Xavier-Almeida-Costa-Bruno Xavier Almeida Costa,
6,João Pedro Sousa Silva,https://fbref.com/en/players/0629941f/Joao-Pedro-Sousa-Silva,45,45,gw GNB,LM,24-158,20,4,4,0,0,0,0,0,0,0,0,0,0,3,0,0,https://fbref.com/en/players/0629941f/Joao-Pedro-Sousa-Silva-João Pedro Sousa Silva,
7,Stephen Eustáquio,https://fbref.com/en/players/577efaec/Stephen-Eustaquio,46,46,ca CAN,CM,24-120,90,62,61,1,1,0,0,1,0,0,0,0,0,44,0,3,https://fbref.com/en/players/577efaec/Stephen-Eustaquio-Stephen Eustáquio,
8,Abbas Ibrahim,https://fbref.com/en/players/fe68a954/Abbas-Ibrahim,8,8,ng NGA,RM,23-108,57,23,23,0,0,0,0,2,0,0,0,0,0,18,0,0,https://fbref.com/en/players/fe68a954/Abbas-Ibrahim-Abbas Ibrahim,
9,Luíz Carlos,https://fbref.com/en/players/296f0b3f/Luiz-Carlos,22,22,br BRA,RM,35-289,33,19,19,0,0,0,1,0,0,0,0,0,0,19,0,0,https://fbref.com/en/players/296f0b3f/Luiz-Carlos-Luíz Carlos,
10,Zé Uilton,https://fbref.com/en/players/31737d6f/Ze-Uilton,9,9,br BRA,"LB,RW",28-269,90,47,37,9,1,0,0,5,8,0,0,0,0,30,1,2,https://fbref.com/en/players/31737d6f/Ze-Uilton-Zé Uilton,
11,Maracás,https://fbref.com/en/players/276127e4/Maracas,26,26,br BRA,CB,26-358,90,31,31,0,0,0,0,0,0,0,0,0,0,19,0,1,https://fbref.com/en/players/276127e4/Maracas-Maracás,
12,Marcelo dos Santos Ferreira,https://fbref.com/en/players/15a5e48c/Marcelo-dos-Santos-Ferreira,44,44,br BRA,CB,31-267,90,34,33,1,1,0,0,0,0,0,0,0,0,25,0,0,https://fbref.com/en/players/15a5e48c/Marcelo-dos-Santos-Ferreira-Marcelo dos Santos Ferreira,
13,Fernando Ferreira Fonseca,https://fbref.com/en/players/ed4fef1c/Fernando-Ferreira-Fonseca,29,29,pt POR,RB,24-037,90,48,39,9,1,0,1,2,8,0,0,0,0,30,0,1,https://fbref.com/en/players/ed4fef1c/Fernando-Ferreira-Fonseca-Fernando Ferreira Fonseca,
14,Jordi Almeida,https://fbref.com/en/players/774af19d/Jordi-Almeida,1,1,br BRA,GK,27-229,90,39,23,16,2,0,0,0,0,0,0,0,0,20,0,0,https://fbref.com/en/players/774af19d/Jordi-Almeida-Jordi Almeida,
