,Player Name,Player Number,Player,#,Nation,Pos,Age,Min,Tkl,TklW,Def 3rd,Mid 3rd,Att 3rd,Tkl,Att,Tkl%,Lost,Blocks,Sh,Pass,Int,Tkl+Int,Clr,Err,Player Key,Player Link
0,Douglas Tanque,https://fbref.com/en/players/dbec03ba/Douglas-Tanque,99,99,br BRA,FW,27-175,90,0,0,0,0,0,0,1,0.0,1,0,0,0,0,0,5,0,https://fbref.com/en/players/dbec03ba/Douglas-Tanque-Douglas Tanque,
1,Hélder Ferreira,https://fbref.com/en/players/6407ce4d/Helder-Ferreira,7,7,pt POR,"LW,RW",24-015,77,4,1,2,2,0,1,1,100.0,0,1,1,0,1,5,2,0,https://fbref.com/en/players/6407ce4d/Helder-Ferreira-Hélder Ferreira,
2,Pedro Rebocho,https://fbref.com/en/players/276cce2e/Pedro-Rebocho,5,5,pt POR,LB,26-087,13,0,0,0,0,0,0,0,,0,0,0,0,0,0,1,0,https://fbref.com/en/players/276cce2e/Pedro-Rebocho-Pedro Rebocho,
3,João Amaral,https://fbref.com/en/players/ebc533e5/Joao-Amaral,77,77,pt POR,RW,29-225,57,2,2,0,2,0,1,1,100.0,0,1,0,1,1,3,1,0,https://fbref.com/en/players/ebc533e5/Joao-Amaral-João Amaral,
4,Luther Singh,https://fbref.com/en/players/e4377b65/Luther-Singh,11,11,za RSA,"LW,RW",23-258,33,0,0,0,0,0,0,0,,0,0,0,0,0,0,0,0,https://fbref.com/en/players/e4377b65/Luther-Singh-Luther Singh,
5,Bruno Xavier Almeida Costa,https://fbref.com/en/players/7b4c1f6e/Bruno-Xavier-Almeida-Costa,10,10,pt POR,LM,24-001,70,1,0,0,1,0,0,0,,0,1,0,1,0,1,1,0,https://fbref.com/en/players/7b4c1f6e/Bruno-Xavier-Almeida-Costa-Bruno Xavier Almeida Costa,
6,João Pedro Sousa Silva,https://fbref.com/en/players/0629941f/Joao-Pedro-Sousa-Silva,45,45,gw GNB,LM,24-158,20,0,0,0,0,0,0,0,,0,0,0,0,1,1,0,0,https://fbref.com/en/players/0629941f/Joao-Pedro-Sousa-Silva-João Pedro Sousa Silva,
7,Stephen Eustáquio,https://fbref.com/en/players/577efaec/Stephen-Eustaquio,46,46,ca CAN,CM,24-120,90,1,0,1,0,0,0,2,0.0,2,1,0,1,1,2,0,0,https://fbref.com/en/players/577efaec/Stephen-Eustaquio-Stephen Eustáquio,
8,Abbas Ibrahim,https://fbref.com/en/players/fe68a954/Abbas-Ibrahim,8,8,ng NGA,RM,23-108,57,0,0,0,0,0,0,0,,0,1,0,1,2,2,1,0,https://fbref.com/en/players/fe68a954/Abbas-Ibrahim-Abbas Ibrahim,
9,Luíz Carlos,https://fbref.com/en/players/296f0b3f/Luiz-Carlos,22,22,br BRA,RM,35-289,33,2,0,0,2,0,1,3,33.3,2,0,0,0,0,2,1,0,https://fbref.com/en/players/296f0b3f/Luiz-Carlos-Luíz Carlos,
10,Zé Uilton,https://fbref.com/en/players/31737d6f/Ze-Uilton,9,9,br BRA,"LB,RW",28-269,90,1,1,1,0,0,0,0,,0,1,0,1,2,3,0,0,https://fbref.com/en/players/31737d6f/Ze-Uilton-Zé Uilton,
11,Maracás,https://fbref.com/en/players/276127e4/Maracas,26,26,br BRA,CB,26-358,90,0,0,0,0,0,0,0,,0,1,0,1,3,3,6,0,https://fbref.com/en/players/276127e4/Maracas-Maracás,
12,Marcelo dos Santos Ferreira,https://fbref.com/en/players/15a5e48c/Marcelo-dos-Santos-Ferreira,44,44,br BRA,CB,31-267,90,2,2,2,0,0,0,1,0.0,1,2,1,1,3,5,5,0,https://fbref.com/en/players/15a5e48c/Marcelo-dos-Santos-Ferreira-Marcelo dos Santos Ferreira,
13,Fernando Ferreira Fonseca,https://fbref.com/en/players/ed4fef1c/Fernando-Ferreira-Fonseca,29,29,pt POR,RB,24-037,90,3,1,2,1,0,0,1,0.0,1,3,1,2,2,5,1,0,https://fbref.com/en/players/ed4fef1c/Fernando-Ferreira-Fonseca-Fernando Ferreira Fonseca,
14,Jordi Almeida,https://fbref.com/en/players/774af19d/Jordi-Almeida,1,1,br BRA,GK,27-229,90,0,0,0,0,0,0,0,,0,0,0,0,0,0,0,0,https://fbref.com/en/players/774af19d/Jordi-Almeida-Jordi Almeida,
