,Player Name,Player Number,Player,#,Nation,Pos,Age,Min,Touches,Def Pen,Def 3rd,Mid 3rd,Att 3rd,Att Pen,Live,Att,Succ,Succ%,Tkld,Tkld%,Carries,TotDist,PrgDist,PrgC,1/3,CPA,Mis,Dis,Rec,PrgR,Player Key,Player Link
0,Douglas Tanque,https://fbref.com/en/players/dbec03ba/Douglas-Tanque,99,99,br BRA,FW,27-175,90,37,6,7,19,11,1,37,1,0,0.0,1,100.0,15,26,16,1,1,0,3,1,23,2,https://fbref.com/en/players/dbec03ba/Douglas-Tanque-Douglas Tanque,
1,Hélder Ferreira,https://fbref.com/en/players/6407ce4d/Helder-Ferreira,7,7,pt POR,"LW,RW",24-015,77,34,3,10,11,14,2,34,1,1,100.0,0,0.0,13,122,61,2,3,0,1,1,15,5,https://fbref.com/en/players/6407ce4d/Helder-Ferreira-Hélder Ferreira,
2,Pedro Rebocho,https://fbref.com/en/players/276cce2e/Pedro-Rebocho,5,5,pt POR,LB,26-087,13,18,1,3,11,4,0,18,0,0,,0,,12,52,36,1,1,0,0,0,12,1,https://fbref.com/en/players/276cce2e/Pedro-Rebocho-Pedro Rebocho,
3,João Amaral,https://fbref.com/en/players/ebc533e5/Joao-Amaral,77,77,pt POR,RW,29-225,57,29,1,5,13,13,1,29,4,2,50.0,2,50.0,17,121,19,0,2,0,3,3,14,2,https://fbref.com/en/players/ebc533e5/Joao-Amaral-João Amaral,
4,Luther Singh,https://fbref.com/en/players/e4377b65/Luther-Singh,11,11,za RSA,"LW,RW",23-258,33,16,0,1,8,7,0,16,1,1,100.0,0,0.0,16,68,19,0,1,0,1,3,18,6,https://fbref.com/en/players/e4377b65/Luther-Singh-Luther Singh,
5,Bruno Xavier Almeida Costa,https://fbref.com/en/players/7b4c1f6e/Bruno-Xavier-Almeida-Costa,10,10,pt POR,LM,24-001,70,35,0,10,17,9,0,35,1,1,100.0,0,0.0,19,97,41,0,0,0,3,2,19,0,https://fbref.com/en/players/7b4c1f6e/Bruno-Xavier-Almeida-Costa-Bruno Xavier Almeida Costa,
6,João Pedro Sousa Silva,https://fbref.com/en/players/0629941f/Joao-Pedro-Sousa-Silva,45,45,gw GNB,LM,24-158,20,8,0,1,2,5,1,8,2,1,50.0,1,50.0,4,16,11,0,0,0,1,0,5,2,https://fbref.com/en/players/0629941f/Joao-Pedro-Sousa-Silva-João Pedro Sousa Silva,
7,Stephen Eustáquio,https://fbref.com/en/players/577efaec/Stephen-Eustaquio,46,46,ca CAN,CM,24-120,90,71,2,19,37,17,0,71,2,2,100.0,0,0.0,38,196,62,0,2,0,0,1,49,4,https://fbref.com/en/players/577efaec/Stephen-Eustaquio-Stephen Eustáquio,
8,Abbas Ibrahim,https://fbref.com/en/players/fe68a954/Abbas-Ibrahim,8,8,ng NGA,RM,23-108,57,30,0,7,18,5,0,30,0,0,,0,,16,109,21,0,0,0,2,0,18,1,https://fbref.com/en/players/fe68a954/Abbas-Ibrahim-Abbas Ibrahim,
9,Luíz Carlos,https://fbref.com/en/players/296f0b3f/Luiz-Carlos,22,22,br BRA,RM,35-289,33,23,1,2,17,4,0,23,0,0,,0,,12,43,23,0,0,0,0,1,13,0,https://fbref.com/en/players/296f0b3f/Luiz-Carlos-Luíz Carlos,
10,Zé Uilton,https://fbref.com/en/players/31737d6f/Ze-Uilton,9,9,br BRA,"LB,RW",28-269,90,52,1,22,14,18,0,52,8,6,75.0,2,25.0,30,197,73,2,1,0,0,1,32,6,https://fbref.com/en/players/31737d6f/Ze-Uilton-Zé Uilton,
11,Maracás,https://fbref.com/en/players/276127e4/Maracas,26,26,br BRA,CB,26-358,90,41,11,31,9,1,0,41,0,0,,0,,18,48,10,0,0,0,0,0,16,0,https://fbref.com/en/players/276127e4/Maracas-Maracás,
12,Marcelo dos Santos Ferreira,https://fbref.com/en/players/15a5e48c/Marcelo-dos-Santos-Ferreira,44,44,br BRA,CB,31-267,90,48,8,29,19,0,0,48,0,0,,0,,15,71,44,0,0,0,2,0,16,0,https://fbref.com/en/players/15a5e48c/Marcelo-dos-Santos-Ferreira-Marcelo dos Santos Ferreira,
13,Fernando Ferreira Fonseca,https://fbref.com/en/players/ed4fef1c/Fernando-Ferreira-Fonseca,29,29,pt POR,RB,24-037,90,64,6,26,27,12,0,64,4,1,25.0,3,75.0,30,184,92,2,1,0,2,1,30,0,https://fbref.com/en/players/ed4fef1c/Fernando-Ferreira-Fonseca-Fernando Ferreira Fonseca,
14,Jordi Almeida,https://fbref.com/en/players/774af19d/Jordi-Almeida,1,1,br BRA,GK,27-229,90,43,40,43,0,0,0,43,0,0,,0,,18,119,81,0,0,0,0,0,9,0,https://fbref.com/en/players/774af19d/Jordi-Almeida-Jordi Almeida,
