,Minute,Player,Squad,xG,PSxG,Outcome,Distance,Body Part,Notes,SCA 1 Player,SCA 1 Event,SCA 2 Player,SCA 2 Event
0,2,Ryan Gauld,Farense,0.03,,Blocked,10,Head,,Jonatan Lucca,Pass (Dead),,
1,30,Bruno Xavier Almeida Costa,Paços,0.06,,Off Target,29,Right Foot,Free kick,Hélder Ferreira,Fouled,Hélder Ferreira,Take-On
2,32,Braian Mansilla,Farense,0.06,,Off Target,16,Left Foot,,Ryan Gauld,Pass (Live),Ryan Gauld,Take-On
3,38,João Amaral,Paços,0.04,,Off Target,14,Head,,Bruno Xavier Almeida Costa,Pass (Live),Zé Uilton,Pass (Live)
4,,,,,,,,,,,,,
5,48,Jonatan Lucca,Farense,0.08,,Blocked,14,Left Foot,,Eduardo Mancha,Pass (Live),Amine Oudrhiri,Pass (Live)
6,55,Pedro,Farense,0.03,,Off Target,22,Head,,Eduardo Mancha,Pass (Live),César,Pass (Live)
7,57,Stephen Eustáquio,Paços,0.03,,Off Target,25,Left Foot,Volley,Bruno Xavier Almeida Costa,Pass (Live),Bruno Xavier Almeida Costa,Take-On
8,62,Pedro,Farense,0.10,,Off Target,7,Head,,Braian Mansilla,Pass (Live),Eduardo Mancha,Pass (Dead)
9,68,Pedro,Farense,0.09,0.08,Saved,7,Head,,Ryan Gauld,Pass (Dead),,
10,71,Pedro,Farense,0.09,,Blocked,12,Right Foot,,Tomás Tavares,Pass (Live),Fabrício Isidoro,Pass (Live)
11,77,Ryan Gauld(pen),Farense,0.79,0.94,Goal,13,Left Foot,,Ryan Gauld,Fouled,Tomás Tavares,Pass (Live)
12,82,Eduardo Mancha,Farense,0.32,0.60,Saved,9,Head,,Ryan Gauld,Pass (Dead),,Fouled
13,82,Braian Mansilla,Farense,0.06,,Off Target,15,Left Foot,,Eduardo Mancha,Shot,,
14,82,Eduardo Mancha,Farense,0.06,0.09,Saved,17,Right Foot,Volley,Braian Mansilla,Shot,,
15,84,Pedro,Farense,0.31,0.31,Saved,12,Left Foot,,Pedro,Take-On,Braian Mansilla,Fouled
16,84,Ryan Gauld,Farense,0.37,,Blocked,12,Left Foot,,Pedro,Shot,,
17,84,Fabrício Isidoro,Farense,0.41,0.58,Goal,10,Left Foot,Deflected,Ryan Gauld,Shot,,
18,90+1,Luther Singh,Paços,0.03,0.10,Saved,26,Left Foot,,Stephen Eustáquio,Pass (Live),Fernando Ferreira Fonseca,Pass (Live)
19,90+6,Douglas Tanque,Paços,0.03,,Off Target,32,Left Foot,Volley,,,,
