,Player Name,Player Number,Player,#,Nation,Pos,Age,Min,Gls,Ast,PK,PKatt,Sh,SoT,CrdY,CrdR,Touches,Tkl,Int,Blocks,xG,npxG,xAG,SCA,GCA,Cmp,Att,Cmp%,PrgP,Carries,PrgC,Att,Succ,Player Key,Player Link
0,Duván Zapata,https://fbref.com/en/players/d3de9af0/Duvan-Zapata,91,91,co COL,FW,29-216,90,0,0,0,0,5,3,0,0,37,0,0,1,0.9,0.9,0.0,5,0,17,23,73.9,2,20,2,5,3,https://fbref.com/en/players/d3de9af0/Duvan-Zapata-Duván Zapata,
1,Luis Muriel,https://fbref.com/en/players/eb2fe5b6/Luis-Muriel,9,9,co COL,FW,29-201,52,0,0,0,0,2,2,0,0,25,2,0,0,0.1,0.1,0.0,0,0,8,16,50.0,2,14,0,1,1,https://fbref.com/en/players/eb2fe5b6/Luis-Muriel-Luis Muriel,
2,Matteo Pessina,https://fbref.com/en/players/780e3631/Matteo-Pessina,32,32,it ITA,CM,23-196,38,0,0,0,0,0,0,0,0,37,1,2,1,0.0,0.0,0.0,0,0,32,33,97.0,3,25,1,1,1,https://fbref.com/en/players/780e3631/Matteo-Pessina-Matteo Pessina,
3,Papu Gómez,https://fbref.com/en/players/6e4df551/Papu-Gomez,10,10,ar ARG,AM,32-262,80,0,0,0,0,0,0,0,0,51,1,0,0,0.0,0.0,0.5,5,0,38,49,77.6,4,35,1,1,1,https://fbref.com/en/players/6e4df551/Papu-Gomez-Papu Gómez,
4,Sam Lammers,https://fbref.com/en/players/c283ddef/Sam-Lammers,7,7,nl NED,FW,23-187,10,0,0,0,0,0,0,0,0,6,0,0,0,0.0,0.0,0.0,0,0,4,5,80.0,0,5,0,1,0,https://fbref.com/en/players/c283ddef/Sam-Lammers-Sam Lammers,
5,Remo Freuler,https://fbref.com/en/players/98d2c2c4/Remo-Freuler,11,11,ch SUI,CM,28-202,90,0,0,0,0,0,0,0,0,61,2,0,2,0.0,0.0,0.1,1,0,43,53,81.1,7,30,0,0,0,https://fbref.com/en/players/98d2c2c4/Remo-Freuler-Remo Freuler,
6,Mario Pašalić,https://fbref.com/en/players/e599253a/Mario-Pasalic,88,88,hr CRO,"CM,AM",25-268,62,0,0,0,0,0,0,0,0,36,0,1,1,0.0,0.0,0.0,0,0,23,31,74.2,2,21,0,0,0,https://fbref.com/en/players/e599253a/Mario-Pasalic-Mario Pašalić,
7,Ruslan Malinovskyi,https://fbref.com/en/players/48d5bd33/Ruslan-Malinovskyi,18,18,ua UKR,AM,27-183,28,0,0,0,0,1,1,0,0,29,2,0,1,0.0,0.0,0.5,4,0,21,26,80.8,2,18,0,0,0,https://fbref.com/en/players/48d5bd33/Ruslan-Malinovskyi-Ruslan Malinovskyi,
8,Johan Mojica,https://fbref.com/en/players/608f2092/Johan-Mojica,26,26,co COL,WB,28-074,80,0,0,0,0,0,0,0,0,47,0,1,1,0.0,0.0,0.0,1,0,33,42,78.6,0,35,4,2,1,https://fbref.com/en/players/608f2092/Johan-Mojica-Johan Mojica,
9,Matteo Ruggeri,https://fbref.com/en/players/ae9898c5/Matteo-Ruggeri,40,40,it ITA,WB,18-115,10,0,0,0,0,1,0,0,0,11,0,0,0,0.1,0.1,0.0,0,0,11,11,100.0,0,5,1,0,0,https://fbref.com/en/players/ae9898c5/Matteo-Ruggeri-Matteo Ruggeri,
10,Hans Hateboer,https://fbref.com/en/players/3b333ac3/Hans-Hateboer,33,33,nl NED,WB,26-299,80,0,0,0,0,0,0,0,0,45,1,1,2,0.0,0.0,0.0,0,0,29,35,82.9,4,23,2,1,0,https://fbref.com/en/players/3b333ac3/Hans-Hateboer-Hans Hateboer,
11,Fabio Depaoli,https://fbref.com/en/players/d97f2e8d/Fabio-Depaoli,27,27,it ITA,WB,23-193,10,0,0,0,0,0,0,0,0,10,0,0,0,0.0,0.0,0.0,0,0,4,8,50.0,0,5,0,1,0,https://fbref.com/en/players/d97f2e8d/Fabio-Depaoli-Fabio Depaoli,
12,Berat Djimsiti,https://fbref.com/en/players/6eee05f1/Berat-Djimsiti,19,19,al ALB,CB,27-258,90,0,0,0,0,0,0,0,0,57,1,7,0,0.0,0.0,0.0,0,0,37,45,82.2,3,21,0,0,0,https://fbref.com/en/players/6eee05f1/Berat-Djimsiti-Berat Djimsiti,
13,José Luis Palomino,https://fbref.com/en/players/921f6058/Jose-Luis-Palomino,6,6,ar ARG,CB,30-303,90,0,0,0,0,0,0,0,0,59,2,1,1,0.0,0.0,0.0,0,0,44,50,88.0,2,23,0,1,1,https://fbref.com/en/players/921f6058/Jose-Luis-Palomino-José Luis Palomino,
14,Rafael Tolói,https://fbref.com/en/players/c56dc39e/Rafael-Toloi,2,2,it ITA,CB,30-024,90,0,0,0,0,0,0,0,0,58,2,1,1,0.0,0.0,0.0,0,0,34,49,69.4,4,25,0,0,0,https://fbref.com/en/players/c56dc39e/Rafael-Toloi-Rafael Tolói,
15,Marco Sportiello,https://fbref.com/en/players/ac4003af/Marco-Sportiello,57,57,it ITA,GK,28-177,90,0,0,0,0,0,0,0,0,27,0,0,0,0.0,0.0,0.0,0,0,23,24,95.8,0,10,0,0,0,https://fbref.com/en/players/ac4003af/Marco-Sportiello-Marco Sportiello,
