,Player Name,Player Number,Player,#,Nation,Pos,Age,Min,Att,Live,Dead,FK,TB,Sw,Crs,TI,CK,In,Out,Str,Cmp,Off,Blocks,Player Key,Player Link
0,Duván Zapata,https://fbref.com/en/players/d3de9af0/Duvan-Zapata,91,91,co COL,FW,29-216,90,23,15,8,2,0,0,1,0,0,0,0,0,17,0,0,https://fbref.com/en/players/d3de9af0/Duvan-Zapata-Duván Zapata,
1,Luis Muriel,https://fbref.com/en/players/eb2fe5b6/Luis-Muriel,9,9,co COL,FW,29-201,52,16,16,0,0,0,1,2,0,0,0,0,0,8,0,0,https://fbref.com/en/players/eb2fe5b6/Luis-Muriel-Luis Muriel,
2,Matteo Pessina,https://fbref.com/en/players/780e3631/Matteo-Pessina,32,32,it ITA,CM,23-196,38,33,32,1,1,0,0,0,0,0,0,0,0,32,0,1,https://fbref.com/en/players/780e3631/Matteo-Pessina-Matteo Pessina,
3,Papu Gómez,https://fbref.com/en/players/6e4df551/Papu-Gomez,10,10,ar ARG,AM,32-262,80,49,44,4,1,1,0,2,0,3,2,0,0,38,1,1,https://fbref.com/en/players/6e4df551/Papu-Gomez-Papu Gómez,
4,Sam Lammers,https://fbref.com/en/players/c283ddef/Sam-Lammers,7,7,nl NED,FW,23-187,10,5,5,0,0,0,0,0,0,0,0,0,0,4,0,0,https://fbref.com/en/players/c283ddef/Sam-Lammers-Sam Lammers,
5,Remo Freuler,https://fbref.com/en/players/98d2c2c4/Remo-Freuler,11,11,ch SUI,CM,28-202,90,53,51,2,2,0,1,0,0,0,0,0,0,43,0,0,https://fbref.com/en/players/98d2c2c4/Remo-Freuler-Remo Freuler,
6,Mario Pašalić,https://fbref.com/en/players/e599253a/Mario-Pasalic,88,88,hr CRO,"CM,AM",25-268,62,31,30,0,0,0,0,0,0,0,0,0,0,23,1,0,https://fbref.com/en/players/e599253a/Mario-Pasalic-Mario Pašalić,
7,Ruslan Malinovskyi,https://fbref.com/en/players/48d5bd33/Ruslan-Malinovskyi,18,18,ua UKR,AM,27-183,28,26,23,3,0,0,1,3,0,3,0,3,0,21,0,1,https://fbref.com/en/players/48d5bd33/Ruslan-Malinovskyi-Ruslan Malinovskyi,
8,Johan Mojica,https://fbref.com/en/players/608f2092/Johan-Mojica,26,26,co COL,WB,28-074,80,42,37,5,1,0,0,4,4,0,0,0,0,33,0,1,https://fbref.com/en/players/608f2092/Johan-Mojica-Johan Mojica,
9,Matteo Ruggeri,https://fbref.com/en/players/ae9898c5/Matteo-Ruggeri,40,40,it ITA,WB,18-115,10,11,9,2,1,0,1,0,1,0,0,0,0,11,0,0,https://fbref.com/en/players/ae9898c5/Matteo-Ruggeri-Matteo Ruggeri,
10,Hans Hateboer,https://fbref.com/en/players/3b333ac3/Hans-Hateboer,33,33,nl NED,WB,26-299,80,35,31,4,0,0,0,1,4,0,0,0,0,29,0,0,https://fbref.com/en/players/3b333ac3/Hans-Hateboer-Hans Hateboer,
11,Fabio Depaoli,https://fbref.com/en/players/d97f2e8d/Fabio-Depaoli,27,27,it ITA,WB,23-193,10,8,5,2,1,0,0,2,1,0,0,0,0,4,1,0,https://fbref.com/en/players/d97f2e8d/Fabio-Depaoli-Fabio Depaoli,
12,Berat Djimsiti,https://fbref.com/en/players/6eee05f1/Berat-Djimsiti,19,19,al ALB,CB,27-258,90,45,41,4,0,0,1,0,4,0,0,0,0,37,0,1,https://fbref.com/en/players/6eee05f1/Berat-Djimsiti-Berat Djimsiti,
13,José Luis Palomino,https://fbref.com/en/players/921f6058/Jose-Luis-Palomino,6,6,ar ARG,CB,30-303,90,50,46,4,4,0,0,0,0,0,0,0,0,44,0,0,https://fbref.com/en/players/921f6058/Jose-Luis-Palomino-José Luis Palomino,
14,Rafael Tolói,https://fbref.com/en/players/c56dc39e/Rafael-Toloi,2,2,it ITA,CB,30-024,90,49,44,4,2,0,0,0,2,0,0,0,0,34,1,1,https://fbref.com/en/players/c56dc39e/Rafael-Toloi-Rafael Tolói,
15,Marco Sportiello,https://fbref.com/en/players/ac4003af/Marco-Sportiello,57,57,it ITA,GK,28-177,90,24,15,9,3,0,0,0,0,0,0,0,0,23,0,0,https://fbref.com/en/players/ac4003af/Marco-Sportiello-Marco Sportiello,
