,Player Name,Player Number,Player,#,Nation,Pos,Age,Min,Touches,Def Pen,Def 3rd,Mid 3rd,Att 3rd,Att Pen,Live,Att,Succ,Succ%,Tkld,Tkld%,Carries,TotDist,PrgDist,PrgC,1/3,CPA,Mis,Dis,Rec,PrgR,Player Key,Player Link
0,Duván Zapata,https://fbref.com/en/players/d3de9af0/Duvan-Zapata,91,91,co COL,FW,29-216,90,37,2,4,19,15,6,37,5,3,60.0,2,40.0,20,111,67,2,2,1,2,0,24,6,https://fbref.com/en/players/d3de9af0/Duvan-Zapata-Duván Zapata,
1,Luis Muriel,https://fbref.com/en/players/eb2fe5b6/Luis-Muriel,9,9,co COL,FW,29-201,52,25,0,1,6,18,2,25,1,1,100.0,0,0.0,14,47,10,0,0,0,3,0,19,9,https://fbref.com/en/players/eb2fe5b6/Luis-Muriel-Luis Muriel,
2,Matteo Pessina,https://fbref.com/en/players/780e3631/Matteo-Pessina,32,32,it ITA,CM,23-196,38,37,2,12,19,6,1,37,1,1,100.0,0,0.0,25,129,68,1,1,1,1,0,31,3,https://fbref.com/en/players/780e3631/Matteo-Pessina-Matteo Pessina,
3,Papu Gómez,https://fbref.com/en/players/6e4df551/Papu-Gomez,10,10,ar ARG,AM,32-262,80,51,2,3,31,17,1,51,1,1,100.0,0,0.0,35,214,105,1,2,1,0,0,39,2,https://fbref.com/en/players/6e4df551/Papu-Gomez-Papu Gómez,
4,Sam Lammers,https://fbref.com/en/players/c283ddef/Sam-Lammers,7,7,nl NED,FW,23-187,10,6,0,0,2,4,2,6,1,0,0.0,1,100.0,5,18,1,0,0,1,0,1,8,1,https://fbref.com/en/players/c283ddef/Sam-Lammers-Sam Lammers,
5,Remo Freuler,https://fbref.com/en/players/98d2c2c4/Remo-Freuler,11,11,ch SUI,CM,28-202,90,61,3,23,35,4,0,61,0,0,,0,,30,154,74,0,1,0,0,0,41,0,https://fbref.com/en/players/98d2c2c4/Remo-Freuler-Remo Freuler,
6,Mario Pašalić,https://fbref.com/en/players/e599253a/Mario-Pasalic,88,88,hr CRO,"CM,AM",25-268,62,36,1,9,18,9,1,36,0,0,,0,,21,75,32,0,1,0,0,0,30,2,https://fbref.com/en/players/e599253a/Mario-Pasalic-Mario Pašalić,
7,Ruslan Malinovskyi,https://fbref.com/en/players/48d5bd33/Ruslan-Malinovskyi,18,18,ua UKR,AM,27-183,28,29,0,4,16,9,0,29,0,0,,0,,18,48,16,0,0,0,0,0,21,0,https://fbref.com/en/players/48d5bd33/Ruslan-Malinovskyi-Ruslan Malinovskyi,
8,Johan Mojica,https://fbref.com/en/players/608f2092/Johan-Mojica,26,26,co COL,WB,28-074,80,47,3,10,23,14,0,47,2,1,50.0,1,50.0,35,283,151,4,0,0,2,1,37,2,https://fbref.com/en/players/608f2092/Johan-Mojica-Johan Mojica,
9,Matteo Ruggeri,https://fbref.com/en/players/ae9898c5/Matteo-Ruggeri,40,40,it ITA,WB,18-115,10,11,0,2,6,3,1,11,0,0,,0,,5,52,35,1,1,0,0,0,9,2,https://fbref.com/en/players/ae9898c5/Matteo-Ruggeri-Matteo Ruggeri,
10,Hans Hateboer,https://fbref.com/en/players/3b333ac3/Hans-Hateboer,33,33,nl NED,WB,26-299,80,45,2,8,17,20,1,45,1,0,0.0,1,100.0,23,95,50,2,1,0,0,1,27,4,https://fbref.com/en/players/3b333ac3/Hans-Hateboer-Hans Hateboer,
11,Fabio Depaoli,https://fbref.com/en/players/d97f2e8d/Fabio-Depaoli,27,27,it ITA,WB,23-193,10,10,1,1,3,6,2,10,1,0,0.0,1,100.0,5,23,6,0,0,0,0,0,6,2,https://fbref.com/en/players/d97f2e8d/Fabio-Depaoli-Fabio Depaoli,
12,Berat Djimsiti,https://fbref.com/en/players/6eee05f1/Berat-Djimsiti,19,19,al ALB,CB,27-258,90,57,6,28,28,1,1,57,0,0,,0,,21,124,37,0,1,0,1,0,30,1,https://fbref.com/en/players/6eee05f1/Berat-Djimsiti-Berat Djimsiti,
13,José Luis Palomino,https://fbref.com/en/players/921f6058/Jose-Luis-Palomino,6,6,ar ARG,CB,30-303,90,59,6,24,34,1,0,59,1,1,100.0,0,0.0,23,101,36,0,0,0,2,0,35,0,https://fbref.com/en/players/921f6058/Jose-Luis-Palomino-José Luis Palomino,
14,Rafael Tolói,https://fbref.com/en/players/c56dc39e/Rafael-Toloi,2,2,it ITA,CB,30-024,90,58,4,25,30,3,1,58,0,0,,0,,25,113,71,0,0,0,1,0,39,1,https://fbref.com/en/players/c56dc39e/Rafael-Toloi-Rafael Tolói,
15,Marco Sportiello,https://fbref.com/en/players/ac4003af/Marco-Sportiello,57,57,it ITA,GK,28-177,90,27,27,27,0,0,0,27,0,0,,0,,10,38,28,0,0,0,0,0,4,0,https://fbref.com/en/players/ac4003af/Marco-Sportiello-Marco Sportiello,
