,Player Name,Player Number,Player,#,Nation,Pos,Age,Min,Att,Live,Dead,FK,TB,Sw,Crs,TI,CK,In,Out,Str,Cmp,Off,Blocks,Player Key,Player Link
0,Diogo Jota,https://fbref.com/en/players/178ae8f8/Diogo-Jota,20,20,pt POR,FW,23-335,64,25,25,0,0,0,0,1,0,0,0,0,0,19,0,2,https://fbref.com/en/players/178ae8f8/Diogo-Jota-Diogo Jota,
1,Roberto Firmino,https://fbref.com/en/players/4c370d81/Roberto-Firmino,9,9,br BRA,FW,29-032,26,15,15,0,0,0,0,0,0,0,0,0,0,12,0,1,https://fbref.com/en/players/4c370d81/Roberto-Firmino-Roberto Firmino,
2,Sadio Mané,https://fbref.com/en/players/c691bfe2/Sadio-Mane,10,10,sn SEN,LW,28-207,90,44,42,2,0,1,0,2,2,0,0,0,0,35,0,1,https://fbref.com/en/players/c691bfe2/Sadio-Mane-Sadio Mané,
3,Mohamed Salah,https://fbref.com/en/players/e342ad68/Mohamed-Salah,11,11,eg EGY,RW,28-141,90,31,30,1,0,0,0,0,0,0,0,0,0,25,0,2,https://fbref.com/en/players/e342ad68/Mohamed-Salah-Mohamed Salah,
4,Georginio Wijnaldum,https://fbref.com/en/players/eb58eef0/Georginio-Wijnaldum,5,5,nl NED,"LM,CM",29-358,81,28,28,0,0,0,0,0,0,0,0,0,0,26,0,0,https://fbref.com/en/players/eb58eef0/Georginio-Wijnaldum-Georginio Wijnaldum,
5,Kostas Tsimikas,https://fbref.com/en/players/f315ca93/Kostas-Tsimikas,21,21,gr GRE,LB,24-175,9,11,9,2,1,0,0,1,1,0,0,0,0,9,0,0,https://fbref.com/en/players/f315ca93/Kostas-Tsimikas-Kostas Tsimikas,
6,Jordan Henderson,https://fbref.com/en/players/935e6b8f/Jordan-Henderson,14,14,eng ENG,CM,30-139,65,73,72,1,1,0,0,0,0,0,0,0,0,68,0,1,https://fbref.com/en/players/935e6b8f/Jordan-Henderson-Jordan Henderson,
7,James Milner,https://fbref.com/en/players/2f90f6b8/James-Milner,7,7,eng ENG,"LB,CM",34-304,25,31,27,4,1,0,0,2,2,1,0,0,0,28,0,0,https://fbref.com/en/players/2f90f6b8/James-Milner-James Milner,
8,Curtis Jones,https://fbref.com/en/players/4fb9c88f/Curtis-Jones,17,17,eng ENG,RM,19-278,90,76,75,1,1,0,0,0,0,0,0,0,0,71,0,0,https://fbref.com/en/players/4fb9c88f/Curtis-Jones-Curtis Jones,
9,Andrew Robertson,https://fbref.com/en/players/2e4f5f03/Andrew-Robertson,26,26,sct SCO,LB,26-237,65,74,64,9,0,0,2,2,6,3,1,1,0,59,1,1,https://fbref.com/en/players/2e4f5f03/Andrew-Robertson-Andrew Robertson,
10,Naby Keïta,https://fbref.com/en/players/f25c8e3a/Naby-Keita,8,8,gn GUI,LM,25-267,25,20,20,0,0,0,0,0,0,0,0,0,0,18,0,0,https://fbref.com/en/players/f25c8e3a/Naby-Keita-Naby Keïta,
11,Joe Gomez,https://fbref.com/en/players/7a11550b/Joe-Gomez,12,12,eng ENG,CB,23-164,90,55,54,1,1,1,0,0,0,0,0,0,0,53,0,0,https://fbref.com/en/players/7a11550b/Joe-Gomez-Joe Gomez,
12,Rhys Williams,https://fbref.com/en/players/012c975a/Rhys-Williams,46,46,eng ENG,CB,19-274,90,37,36,1,1,0,0,0,0,0,0,0,0,34,0,1,https://fbref.com/en/players/012c975a/Rhys-Williams-Rhys Williams,
13,Trent Alexander-Arnold,https://fbref.com/en/players/cd1acf9d/Trent-Alexander-Arnold,66,66,eng ENG,RB,22-027,81,78,65,12,2,1,3,5,8,2,0,2,0,55,1,0,https://fbref.com/en/players/cd1acf9d/Trent-Alexander-Arnold-Trent Alexander-Arnold,
14,Neco Williams,https://fbref.com/en/players/dd323728/Neco-Williams,76,76,wls WAL,RB,19-204,9,8,6,2,0,0,0,1,1,1,0,0,0,6,0,0,https://fbref.com/en/players/dd323728/Neco-Williams-Neco Williams,
15,Alisson,https://fbref.com/en/players/7a2e46a8/Alisson,1,1,br BRA,GK,28-032,90,40,36,4,2,0,0,0,0,0,0,0,0,34,0,0,https://fbref.com/en/players/7a2e46a8/Alisson-Alisson,
