,Player Name,Player Number,Player,#,Nation,Pos,Age,Min,Gls,Ast,PK,PKatt,Sh,SoT,CrdY,CrdR,Touches,Tkl,Int,Blocks,xG,npxG,xAG,SCA,GCA,Cmp,Att,Cmp%,PrgP,Carries,PrgC,Att,Succ,Player Key,Player Link
0,Diogo Jota,https://fbref.com/en/players/178ae8f8/Diogo-Jota,20,20,pt POR,FW,23-335,64,3,0,0,0,4,4,0,0,37,0,0,1,1.2,1.2,0.0,3,1,19,25,76.0,1,29,3,4,2,https://fbref.com/en/players/178ae8f8/Diogo-Jota-Diogo Jota,
1,Roberto Firmino,https://fbref.com/en/players/4c370d81/Roberto-Firmino,9,9,br BRA,FW,29-032,26,0,0,0,0,1,0,0,0,20,0,0,0,0.1,0.1,0.0,2,0,12,15,80.0,2,12,2,3,1,https://fbref.com/en/players/4c370d81/Roberto-Firmino-Roberto Firmino,
2,Sadio Mané,https://fbref.com/en/players/c691bfe2/Sadio-Mane,10,10,sn SEN,LW,28-207,90,1,1,0,0,4,4,0,0,52,0,0,1,0.6,0.6,0.3,1,1,35,44,79.5,5,41,7,1,1,https://fbref.com/en/players/c691bfe2/Sadio-Mane-Sadio Mané,
3,Mohamed Salah,https://fbref.com/en/players/e342ad68/Mohamed-Salah,11,11,eg EGY,RW,28-141,90,1,1,0,0,3,3,0,0,43,0,1,0,0.6,0.6,0.3,3,1,25,31,80.6,2,33,2,0,0,https://fbref.com/en/players/e342ad68/Mohamed-Salah-Mohamed Salah,
4,Georginio Wijnaldum,https://fbref.com/en/players/eb58eef0/Georginio-Wijnaldum,5,5,nl NED,"LM,CM",29-358,81,0,0,0,0,0,0,1,0,32,0,0,0,0.0,0.0,0.0,1,0,26,28,92.9,2,26,2,3,3,https://fbref.com/en/players/eb58eef0/Georginio-Wijnaldum-Georginio Wijnaldum,
5,Kostas Tsimikas,https://fbref.com/en/players/f315ca93/Kostas-Tsimikas,21,21,gr GRE,LB,24-175,9,0,0,0,0,0,0,0,0,13,1,0,0,0.0,0.0,0.0,0,0,9,11,81.8,1,7,1,0,0,https://fbref.com/en/players/f315ca93/Kostas-Tsimikas-Kostas Tsimikas,
6,Jordan Henderson,https://fbref.com/en/players/935e6b8f/Jordan-Henderson,14,14,eng ENG,CM,30-139,65,0,0,0,0,0,0,0,0,78,0,2,0,0.0,0.0,0.1,3,0,68,73,93.2,5,56,0,0,0,https://fbref.com/en/players/935e6b8f/Jordan-Henderson-Jordan Henderson,
7,James Milner,https://fbref.com/en/players/2f90f6b8/James-Milner,7,7,eng ENG,"LB,CM",34-304,25,0,0,0,0,1,0,0,0,34,2,0,0,0.0,0.0,0.2,1,0,28,31,90.3,1,26,1,0,0,https://fbref.com/en/players/2f90f6b8/James-Milner-James Milner,
8,Curtis Jones,https://fbref.com/en/players/4fb9c88f/Curtis-Jones,17,17,eng ENG,RM,19-278,90,0,1,0,0,1,1,1,0,86,1,1,2,0.1,0.1,0.5,4,2,71,76,93.4,6,62,2,3,2,https://fbref.com/en/players/4fb9c88f/Curtis-Jones-Curtis Jones,
9,Andrew Robertson,https://fbref.com/en/players/2e4f5f03/Andrew-Robertson,26,26,sct SCO,LB,26-237,65,0,0,0,0,1,0,0,0,85,0,4,0,0.0,0.0,0.0,0,0,59,74,79.7,6,60,4,1,0,https://fbref.com/en/players/2e4f5f03/Andrew-Robertson-Andrew Robertson,
10,Naby Keïta,https://fbref.com/en/players/f25c8e3a/Naby-Keita,8,8,gn GUI,LM,25-267,25,0,0,0,0,0,0,0,0,21,0,0,0,0.0,0.0,0.1,2,0,18,20,90.0,1,15,2,1,1,https://fbref.com/en/players/f25c8e3a/Naby-Keita-Naby Keïta,
11,Joe Gomez,https://fbref.com/en/players/7a11550b/Joe-Gomez,12,12,eng ENG,CB,23-164,90,0,1,0,0,0,0,0,0,63,1,1,0,0.0,0.0,0.1,1,1,53,55,96.4,2,38,0,1,0,https://fbref.com/en/players/7a11550b/Joe-Gomez-Joe Gomez,
12,Rhys Williams,https://fbref.com/en/players/012c975a/Rhys-Williams,46,46,eng ENG,CB,19-274,90,0,0,0,0,0,0,0,0,41,1,0,0,0.0,0.0,0.0,1,1,34,37,91.9,1,22,0,0,0,https://fbref.com/en/players/012c975a/Rhys-Williams-Rhys Williams,
13,Trent Alexander-Arnold,https://fbref.com/en/players/cd1acf9d/Trent-Alexander-Arnold,66,66,eng ENG,RB,22-027,81,0,1,0,0,0,0,0,0,80,1,1,1,0.0,0.0,0.5,3,2,55,78,70.5,5,56,3,2,1,https://fbref.com/en/players/cd1acf9d/Trent-Alexander-Arnold-Trent Alexander-Arnold,
14,Neco Williams,https://fbref.com/en/players/dd323728/Neco-Williams,76,76,wls WAL,RB,19-204,9,0,0,0,0,0,0,0,0,12,2,0,2,0.0,0.0,0.4,1,0,6,8,75.0,0,5,0,0,0,https://fbref.com/en/players/dd323728/Neco-Williams-Neco Williams,
15,Alisson,https://fbref.com/en/players/7a2e46a8/Alisson,1,1,br BRA,GK,28-032,90,0,0,0,0,0,0,0,0,43,0,0,0,0.0,0.0,0.0,0,0,34,40,85.0,0,32,0,0,0,https://fbref.com/en/players/7a2e46a8/Alisson-Alisson,
