,Player Name,Player Number,Player,#,Nation,Pos,Age,Min,Touches,Def Pen,Def 3rd,Mid 3rd,Att 3rd,Att Pen,Live,Att,Succ,Succ%,Tkld,Tkld%,Carries,TotDist,PrgDist,PrgC,1/3,CPA,Mis,Dis,Rec,PrgR,Player Key,Player Link
0,Diogo Jota,https://fbref.com/en/players/178ae8f8/Diogo-Jota,20,20,pt POR,FW,23-335,64,37,0,3,11,23,6,37,4,2,50.0,2,50.0,29,98,57,3,3,2,2,1,34,9,https://fbref.com/en/players/178ae8f8/Diogo-Jota-Diogo Jota,
1,Roberto Firmino,https://fbref.com/en/players/4c370d81/Roberto-Firmino,9,9,br BRA,FW,29-032,26,20,0,1,9,10,4,20,3,1,33.3,2,66.7,12,83,32,2,2,1,1,1,18,1,https://fbref.com/en/players/4c370d81/Roberto-Firmino-Roberto Firmino,
2,Sadio Mané,https://fbref.com/en/players/c691bfe2/Sadio-Mane,10,10,sn SEN,LW,28-207,90,52,0,7,28,18,3,52,1,1,100.0,0,0.0,41,296,171,7,4,1,0,2,44,7,https://fbref.com/en/players/c691bfe2/Sadio-Mane-Sadio Mané,
3,Mohamed Salah,https://fbref.com/en/players/e342ad68/Mohamed-Salah,11,11,eg EGY,RW,28-141,90,43,0,1,18,25,8,43,0,0,,0,,33,190,100,2,2,3,5,1,34,9,https://fbref.com/en/players/e342ad68/Mohamed-Salah-Mohamed Salah,
4,Georginio Wijnaldum,https://fbref.com/en/players/eb58eef0/Georginio-Wijnaldum,5,5,nl NED,"LM,CM",29-358,81,32,0,6,21,6,0,32,3,3,100.0,0,0.0,26,172,99,2,2,0,3,0,26,3,https://fbref.com/en/players/eb58eef0/Georginio-Wijnaldum-Georginio Wijnaldum,
5,Kostas Tsimikas,https://fbref.com/en/players/f315ca93/Kostas-Tsimikas,21,21,gr GRE,LB,24-175,9,13,2,8,4,1,0,13,0,0,,0,,7,45,17,1,1,0,0,0,9,0,https://fbref.com/en/players/f315ca93/Kostas-Tsimikas-Kostas Tsimikas,
6,Jordan Henderson,https://fbref.com/en/players/935e6b8f/Jordan-Henderson,14,14,eng ENG,CM,30-139,65,78,1,13,60,5,0,78,0,0,,0,,56,166,70,0,2,0,0,0,69,0,https://fbref.com/en/players/935e6b8f/Jordan-Henderson-Jordan Henderson,
7,James Milner,https://fbref.com/en/players/2f90f6b8/James-Milner,7,7,eng ENG,"LB,CM",34-304,25,34,1,12,13,9,1,34,0,0,,0,,26,81,46,1,0,0,0,0,27,1,https://fbref.com/en/players/2f90f6b8/James-Milner-James Milner,
8,Curtis Jones,https://fbref.com/en/players/4fb9c88f/Curtis-Jones,17,17,eng ENG,RM,19-278,90,86,5,12,49,27,2,86,3,2,66.7,1,33.3,62,307,146,2,2,2,2,0,69,5,https://fbref.com/en/players/4fb9c88f/Curtis-Jones-Curtis Jones,
9,Andrew Robertson,https://fbref.com/en/players/2e4f5f03/Andrew-Robertson,26,26,sct SCO,LB,26-237,65,85,6,28,42,16,1,85,1,0,0.0,1,100.0,60,353,236,4,5,0,0,1,57,2,https://fbref.com/en/players/2e4f5f03/Andrew-Robertson-Andrew Robertson,
10,Naby Keïta,https://fbref.com/en/players/f25c8e3a/Naby-Keita,8,8,gn GUI,LM,25-267,25,21,0,3,14,4,0,21,1,1,100.0,0,0.0,15,95,56,2,0,0,0,0,17,0,https://fbref.com/en/players/f25c8e3a/Naby-Keita-Naby Keïta,
11,Joe Gomez,https://fbref.com/en/players/7a11550b/Joe-Gomez,12,12,eng ENG,CB,23-164,90,63,8,35,28,0,0,63,1,0,0.0,1,100.0,38,154,40,0,0,0,0,0,39,0,https://fbref.com/en/players/7a11550b/Joe-Gomez-Joe Gomez,
12,Rhys Williams,https://fbref.com/en/players/012c975a/Rhys-Williams,46,46,eng ENG,CB,19-274,90,41,5,20,21,0,0,41,0,0,,0,,22,54,8,0,0,0,0,0,24,0,https://fbref.com/en/players/012c975a/Rhys-Williams-Rhys Williams,
13,Trent Alexander-Arnold,https://fbref.com/en/players/cd1acf9d/Trent-Alexander-Arnold,66,66,eng ENG,RB,22-027,81,80,1,16,50,16,1,80,2,1,50.0,1,50.0,56,309,218,3,4,1,0,0,51,1,https://fbref.com/en/players/cd1acf9d/Trent-Alexander-Arnold-Trent Alexander-Arnold,
14,Neco Williams,https://fbref.com/en/players/dd323728/Neco-Williams,76,76,wls WAL,RB,19-204,9,12,3,6,4,2,0,12,0,0,,0,,5,10,1,0,0,0,1,0,5,2,https://fbref.com/en/players/dd323728/Neco-Williams-Neco Williams,
15,Alisson,https://fbref.com/en/players/7a2e46a8/Alisson,1,1,br BRA,GK,28-032,90,43,36,42,1,0,0,43,0,0,,0,,32,129,89,0,0,0,0,0,25,0,https://fbref.com/en/players/7a2e46a8/Alisson-Alisson,
