,Minute,Player,Squad,xG,PSxG,Outcome,Distance,Body Part,Notes,SCA 1 Player,SCA 1 Event,SCA 2 Player,SCA 2 Event
0,2,Diogo Jota,Liverpool,0.38,0.35,Saved,12,Left Foot,,Diogo Jota,Take-On,Curtis Jones,Pass (Live)
1,13,Sadio Mané,Liverpool,0.04,0.04,Saved,22,Left Foot,,Mohamed Salah,Pass (Live),Diogo Jota,Pass (Live)
2,15,Luis Muriel,Atalanta,0.06,0.04,Saved,13,Left Foot,,Papu Gómez,Pass (Dead),Duván Zapata,Fouled
3,16,Curtis Jones,Liverpool,0.08,0.04,Saved,15,Left Foot,,Jordan Henderson,Pass (Live),Trent Alexander-Arnold,Pass (Live)
4,16,Diogo Jota,Liverpool,0.48,0.97,Goal,9,Left Foot,,Trent Alexander-Arnold,Pass (Live),Rhys Williams,Pass (Live)
5,19,Luis Muriel,Atalanta,0.04,0.02,Saved,22,Left Foot,,Remo Freuler,Pass (Live),Papu Gómez,Pass (Live)
6,24,Andrew Robertson,Liverpool,0.03,,Off Target,28,Left Foot,,Jordan Henderson,Pass (Live),Mohamed Salah,Pass (Live)
7,33,Diogo Jota,Liverpool,0.06,0.19,Goal,13,Right Foot,,Joe Gomez,Pass (Live),Curtis Jones,Pass (Live)
8,36,Sadio Mané,Liverpool,0.04,0.30,Saved,23,Right Foot,,,,,
9,,,,,,,,,,,,,
10,47,Mohamed Salah,Liverpool,0.10,0.30,Goal,17,Left Foot,,Curtis Jones,Pass (Live),,
11,49,Sadio Mané,Liverpool,0.29,0.33,Goal,13,Left Foot,,Mohamed Salah,Pass (Live),Trent Alexander-Arnold,Pass (Dead)
12,51,Duván Zapata,Atalanta,0.35,0.72,Saved,10,Other,,Papu Gómez,Pass (Dead),Johan Mojica,Pass (Live)
13,54,Diogo Jota,Liverpool,0.29,0.69,Goal,15,Left Foot,,Diogo Jota,Take-On,Sadio Mané,Pass (Live)
14,58,Mohamed Salah,Liverpool,0.02,0.03,Saved,39,Left Foot,,Jordan Henderson,Pass (Live),Georginio Wijnaldum,Pass (Live)
15,62,Duván Zapata,Atalanta,0.14,,Woodwork,14,Right Foot,,Duván Zapata,Take-On,Papu Gómez,Pass (Live)
16,68,Duván Zapata,Atalanta,0.08,0.20,Saved,14,Right Foot,,Duván Zapata,Take-On,Duván Zapata,Take-On
17,68,Ruslan Malinovskyi,Atalanta,0.02,0.07,Saved,25,Left Foot,,Papu Gómez,Pass (Live),Ruslan Malinovskyi,Pass (Live)
18,72,Roberto Firmino,Liverpool,0.08,,Blocked,19,Right Foot,,Roberto Firmino,Take-On,Naby Keïta,Pass (Live)
19,79,James Milner,Liverpool,0.04,,Blocked,17,Right Foot,,Roberto Firmino,Pass (Live),Naby Keïta,Pass (Live)
20,82,Duván Zapata,Atalanta,0.36,0.25,Saved,11,Right Foot,,Ruslan Malinovskyi,Pass (Live),,
21,83,Duván Zapata,Atalanta,0.03,,Blocked,14,Head,,Ruslan Malinovskyi,Pass (Dead),Duván Zapata,Shot
22,83,Mohamed Salah,Liverpool,0.43,0.76,Saved,14,Left Foot,,Neco Williams,Pass (Live),,
23,84,Sadio Mané,Liverpool,0.23,0.17,Saved,11,Head,,James Milner,Pass (Live),Curtis Jones,Pass (Live)
24,89,Matteo Ruggeri,Atalanta,0.08,,Blocked,11,Left Foot,Volley,Ruslan Malinovskyi,Pass (Dead),,
