season,injury,from,until,days,missed_games
22/23,unknown injury,"Jun 7, 2023","Jun 20, 2023",13 days,4
22/23,Groin injury,"May 23, 2023","Jun 2, 2023",10 days,3
22/23,Calf injury,"Mar 24, 2023","Apr 12, 2023",19 days,5
21/22,Cartilage damage,"Jul 7, 2021","Aug 20, 2021",44 days,14
20/21,Corona virus,"Nov 6, 2020","Nov 13, 2020",7 days,2
17/18,minor knock,"Jul 9, 2017","Aug 10, 2017",32 days,6
16/17,Hamstring injury,"Apr 9, 2017","May 13, 2017",34 days,6
15/16,Thigh problems,"Nov 1, 2015","Jan 9, 2016",69 days,16
15/16,Internal ligament strain,"Aug 29, 2015","Sep 19, 2015",21 days,5
14/15,Metatarsal fracture,"Apr 28, 2015","Aug 1, 2015",95 days,11
14/15,Hamstring injury,"Feb 19, 2015","Apr 27, 2015",67 days,15
13/14,Broken leg,"Jan 26, 2014","Sep 1, 2014",218 days,29
