season,injury,from,until,days,missed_games
23/24,Muscle injury,"Apr 5, 2024",,94 days,17
22/23,Groin injury,"Jun 12, 2023","Jun 23, 2023",11 days,2
22/23,Rest,"Jun 2, 2023","Jun 5, 2023",3 days,1
22/23,Back injury,"May 3, 2023","May 22, 2023",19 days,5
22/23,Muscle injury,"Mar 20, 2023","Apr 4, 2023",15 days,2
18/19,Muscle injury,"Apr 8, 2019","Apr 30, 2019",22 days,3
18/19,Groin injury,"Nov 6, 2018","Dec 31, 2018",55 days,1
18/19,Ankle injury,"Aug 10, 2018","Sep 20, 2018",41 days,6
17/18,Groin injury,"Apr 9, 2018","May 16, 2018",37 days,5
17/18,Muscle injury,"Mar 7, 2018","Mar 20, 2018",13 days,2
17/18,Hamstring injury,"Aug 21, 2017","Aug 31, 2017",10 days,2
16/17,Hamstring injury,"Nov 16, 2016","Dec 5, 2016",19 days,3
14/15,Hamstring injury,"Feb 15, 2015","Mar 16, 2015",29 days,5
