season,injury,from,until,days,missed_games
22/23,Ill,"Feb 21, 2023","Feb 24, 2023",3 days,1
22/23,Knee surgery,"Jun 30, 2022","Oct 3, 2022",95 days,15
20/21,Muscle strain,"Dec 28, 2020","Jan 18, 2021",21 days,5
20/21,Knock,"Oct 15, 2020","Oct 22, 2020",7 days,2
20/21,Corona virus,"Sep 7, 2020","Sep 28, 2020",21 days,4
19/20,Hamstring injury,"Feb 27, 2020","Jun 15, 2020",109 days,3
19/20,Knock,"Jan 23, 2020","Feb 20, 2020",28 days,4
19/20,Knee injury,"Aug 29, 2019","Jan 20, 2020",144 days,43
18/19,Muscle injury,"Feb 25, 2019","Mar 11, 2019",14 days,3
16/17,Groin injury,"Feb 20, 2017","Mar 6, 2017",14 days,4
16/17,muscular problems,"Nov 3, 2016","Nov 17, 2016",14 days,7
16/17,Ankle injury,"Oct 24, 2016","Oct 31, 2016",7 days,1
15/16,Broken fibula,"Mar 24, 2016","Jun 30, 2016",98 days,26
15/16,Knee injury,"Nov 5, 2015","Nov 19, 2015",14 days,7
14/15,muscular problems,"Sep 18, 2014","Sep 22, 2014",4 days,1
