season,injury,from,until,days,missed_games
23/24,unknown injury,"Jan 23, 2024","Feb 11, 2024",19 days,-
22/23,Ill,"Nov 9, 2022","Nov 18, 2022",9 days,3
21/22,Rest,"Jun 9, 2022","Jun 13, 2022",4 days,1
21/22,Hip flexor problems,"Mar 3, 2022","Mar 7, 2022",4 days,1
21/22,Hip flexor problems,"Jan 10, 2022","Jan 17, 2022",7 days,2
21/22,Arm injury,"Aug 26, 2021","Aug 30, 2021",4 days,1
20/21,Hip flexor problems,"Apr 15, 2021","Apr 19, 2021",4 days,1
20/21,Corona virus,"Oct 12, 2020","Oct 29, 2020",17 days,5
19/20,Adductor pain,"Sep 23, 2019","Sep 26, 2019",3 days,1
18/19,Hamstring injury,"Mar 25, 2019","Apr 8, 2019",14 days,3
17/18,Ankle injury,"May 7, 2018","May 14, 2018",7 days,2
16/17,Metacarpal fracture,"Jan 19, 2017","Jan 23, 2017",4 days,1
16/17,influenza,"Sep 15, 2016","Sep 19, 2016",4 days,1
16/17,Internal ligament strain,"Jul 11, 2016","Sep 8, 2016",59 days,5
15/16,Torn muscle fiber,"Apr 21, 2016","May 2, 2016",11 days,3
