season,injury,from,until,days,missed_games
23/24,Torn thigh muscle,"Feb 1, 2024","Feb 26, 2024",25 days,4
22/23,Elbow injury,"Jan 14, 2023","Nov 30, 2023",320 days,43
21/22,influenza,"Apr 17, 2022","Apr 20, 2022",3 days,1
21/22,Stomach flu,"Jan 31, 2022","Feb 3, 2022",3 days,1
21/22,Calf injury,"Jan 13, 2022","Jan 21, 2022",8 days,3
20/21,Muscle injury,"Apr 11, 2021","May 6, 2021",25 days,5
20/21,Finger injury,"Mar 30, 2021","Apr 3, 2021",4 days,1
20/21,Adductor pain,"Feb 13, 2021","Feb 26, 2021",13 days,4
20/21,muscular problems,"Nov 14, 2020","Nov 20, 2020",6 days,1
19/20,Muscle fatigue,"Jul 21, 2020","Jul 24, 2020",3 days,1
19/20,Head injury,"Jul 2, 2020","Jul 7, 2020",5 days,2
19/20,Stomach flu,"Jan 25, 2020","Jan 29, 2020",4 days,1
18/19,concussion,"Mar 18, 2019","Mar 27, 2019",9 days,2
18/19,Head injury,"Mar 17, 2019","Apr 6, 2019",20 days,5
17/18,Shoulder injury,"Jun 25, 2018","Jun 25, 2018",0 days,-
