season,injury,from,until,days,missed_games
22/23,Calf injury,"Jan 2, 2023","Feb 3, 2023",32 days,8
22/23,Thigh problems,"Dec 13, 2022","Dec 16, 2022",3 days,-
22/23,Hamstring injury,"Sep 25, 2022","Nov 4, 2022",40 days,9
22/23,Calf problems,"Aug 7, 2022","Aug 12, 2022",5 days,-
21/22,Calf problems,"Mar 9, 2022","Mar 31, 2022",22 days,4
20/21,Corona virus,"Nov 13, 2020","Nov 30, 2020",17 days,5
19/20,Calf problems,"Jun 19, 2020","Jul 4, 2020",15 days,4
19/20,Ankle sprain,"Jan 19, 2020","Feb 1, 2020",13 days,3
18/19,Muscle injury,"Apr 7, 2019","Apr 24, 2019",17 days,3
18/19,muscular problems,"Mar 10, 2019","Mar 14, 2019",4 days,2
18/19,muscular problems,"Oct 6, 2018","Oct 16, 2018",10 days,3
17/18,muscular problems,"Oct 7, 2017","Oct 29, 2017",22 days,4
16/17,Foot injury,"Mar 2, 2017","Mar 5, 2017",3 days,1
16/17,Broken toe,"Feb 7, 2017","Feb 26, 2017",19 days,3
16/17,Muscle fatigue,"Aug 15, 2016","Aug 21, 2016",6 days,1
