season,injury,from,until,days,missed_games
23/24,Muscle tear,"Jun 3, 2024",,35 days,-
23/24,minor knock,"May 6, 2024","May 12, 2024",6 days,1
23/24,unknown injury,"Feb 17, 2024","Feb 21, 2024",4 days,2
22/23,Muscle fatigue,"Jan 28, 2023","Feb 21, 2023",24 days,6
22/23,muscular problems,"Nov 25, 2022","Dec 4, 2022",9 days,3
22/23,Bruised ribs,"Sep 15, 2022","Sep 29, 2022",14 days,3
22/23,Bruised ribs,"Sep 5, 2022","Sep 12, 2022",7 days,2
20/21,muscular problems,"Apr 15, 2021","Apr 19, 2021",4 days,1
20/21,Muscle injury,"Jan 28, 2021","Feb 15, 2021",18 days,6
20/21,Corona virus,"Jan 14, 2021","Jan 21, 2021",7 days,2
20/21,muscular problems,"Oct 19, 2020","Oct 26, 2020",7 days,2
18/19,Hamstring strain,"Dec 17, 2018","Jan 28, 2019",42 days,10
18/19,minor knock,"Oct 15, 2018","Oct 25, 2018",10 days,2
17/18,Muscle injury,"May 7, 2018","May 21, 2018",14 days,1
17/18,Muscle injury,"Dec 4, 2017","Feb 1, 2018",59 days,12
