season,injury,from,until,days,missed_games
23/24,Torn thigh muscle,"May 31, 2024","Jun 30, 2024",30 days,3
23/24,Knee problems,"May 27, 2024","May 31, 2024",4 days,2
22/23,Inflammation in the head of the fibula,"Nov 9, 2022","Feb 22, 2023",105 days,19
20/21,Knock,"Jan 30, 2021","Feb 6, 2021",7 days,2
20/21,Corona virus,"Oct 2, 2020","Oct 16, 2020",14 days,2
19/20,Hamstring injury,"Jan 26, 2020","Feb 11, 2020",16 days,4
19/20,Muscle injury,"Jan 24, 2020","Feb 14, 2020",21 days,4
19/20,Hamstring strain,"Sep 23, 2019","Sep 27, 2019",4 days,1
18/19,Hand injury,"Apr 11, 2019","Apr 13, 2019",2 days,-
18/19,Foot injury,"Dec 3, 2018","Dec 7, 2018",4 days,1
18/19,Broken finger,"Oct 15, 2018","Oct 24, 2018",9 days,3
17/18,Hamstring injury,"Oct 9, 2017","Nov 2, 2017",24 days,5
16/17,Knee injury,"Apr 3, 2017","Jun 29, 2017",87 days,10
16/17,Shoulder injury,"Aug 15, 2016","Aug 22, 2016",7 days,1
14/15,Calf problems,"Jan 1, 2015","Jan 19, 2015",18 days,7
