season,injury,from,until,days,missed_games
23/24,unknown injury,"Apr 9, 2024","May 8, 2024",29 days,3
22/23,Hamstring injury,"Oct 3, 2022","Oct 17, 2022",14 days,2
21/22,Muscle injury,"Apr 1, 2022","Apr 20, 2022",19 days,3
21/22,Corona virus,"Jan 12, 2022","Jan 19, 2022",7 days,2
21/22,Muscle injury,"Jan 3, 2022","Jan 19, 2022",16 days,5
21/22,Calf injury,"Sep 12, 2021","Oct 3, 2021",21 days,4
20/21,Adductor injury,"Apr 3, 2021","Apr 24, 2021",21 days,4
20/21,Muscle injury,"Jan 30, 2021","Feb 13, 2021",14 days,5
20/21,Corona virus,"Jan 9, 2021","Jan 22, 2021",13 days,6
19/20,Torn muscle fiber,"Jul 5, 2020","Aug 5, 2020",31 days,5
17/18,Bruise on ankle,"Apr 2, 2018","Apr 13, 2018",11 days,2
