season,injury,from,until,days,missed_games
21/22,Muscle injury,"Jan 15, 2022","Feb 7, 2022",23 days,1
20/21,Ill,"Jan 15, 2021","Jan 25, 2021",10 days,2
19/20,muscular problems,"Jul 15, 2019","Jul 25, 2019",10 days,2
18/19,muscular problems,"Mar 31, 2019","Apr 10, 2019",10 days,2
17/18,muscular problems,"Mar 9, 2018","Mar 20, 2018",11 days,3
17/18,Herniated disc,"Aug 1, 2017","Sep 1, 2017",31 days,4
16/17,Muscle injury,"Apr 25, 2017","May 10, 2017",15 days,3
13/14,Thigh problems,"Oct 18, 2013","Oct 25, 2013",7 days,1
