,Player Name,Player Number,Player,#,Nation,Pos,Age,Min,Tkl,TklW,Def 3rd,Mid 3rd,Att 3rd,Tkl,Att,Tkl%,Lost,Blocks,Sh,Pass,Int,Tkl+Int,Clr,Err,Player Key,Player Link
0,Lois Diony,https://fbref.com/en/players/4be0b467/Lois-Diony,9,9,fr FRA,FW,28-073,65,0,0,0,0,0,0,1,0.0,1,0,0,0,0,0,0,0,https://fbref.com/en/players/4be0b467/Lois-Diony-Lois Diony,
1,Stéphane Bahoken,https://fbref.com/en/players/5046b7d4/Stephane-Bahoken,19,19,cm CMR,FW,28-279,25,1,1,0,1,0,1,2,50.0,1,0,0,0,0,1,0,0,https://fbref.com/en/players/5046b7d4/Stephane-Bahoken-Stéphane Bahoken,
2,Sofiane Boufal,https://fbref.com/en/players/b0c71810/Sofiane-Boufal,13,13,ma MAR,LM,27-167,76,3,3,1,1,1,0,0,,0,2,0,2,0,3,0,0,https://fbref.com/en/players/b0c71810/Sofiane-Boufal-Sofiane Boufal,
3,Pierrick Capelle,https://fbref.com/en/players/79b2399c/Pierrick-Capelle,15,15,fr FRA,"LM,RM",33-322,14,0,0,0,0,0,0,0,,0,0,0,0,0,0,0,0,https://fbref.com/en/players/79b2399c/Pierrick-Capelle-Pierrick Capelle,
4,Ibrahim Amadou,https://fbref.com/en/players/9260926b/Ibrahim-Amadou,18,18,fr FRA,CM,27-331,90,5,3,5,0,0,1,1,100.0,0,1,1,0,2,7,0,0,https://fbref.com/en/players/9260926b/Ibrahim-Amadou-Ibrahim Amadou,
5,Lassana Coulibaly,https://fbref.com/en/players/85a44ecc/Lassana-Coulibaly,14,14,ml MLI,CM,24-327,90,6,4,3,3,0,0,2,0.0,2,1,0,1,1,7,0,0,https://fbref.com/en/players/85a44ecc/Lassana-Coulibaly-Lassana Coulibaly,
6,Angelo Fulgini,https://fbref.com/en/players/4b96c347/Angelo-Fulgini,10,10,fr FRA,RM,24-195,88,1,0,0,1,0,1,1,100.0,0,1,0,1,0,1,0,0,https://fbref.com/en/players/4b96c347/Angelo-Fulgini-Angelo Fulgini,
7,Antonin Bobichon,https://fbref.com/en/players/7d937aa1/Antonin-Bobichon,23,23,fr FRA,LM,25-170,2,0,0,0,0,0,0,0,,0,0,0,0,0,0,0,0,https://fbref.com/en/players/7d937aa1/Antonin-Bobichon-Antonin Bobichon,
8,Souleyman Doumbia,https://fbref.com/en/players/9daeac61/Souleyman-Doumbia,3,3,ci CIV,LB,24-160,90,3,3,3,0,0,1,2,50.0,1,2,0,2,0,3,3,0,https://fbref.com/en/players/9daeac61/Souleyman-Doumbia-Souleyman Doumbia,
9,Romain Thomas,https://fbref.com/en/players/275e2c51/Romain-Thomas,24,24,fr FRA,CB,32-264,90,1,0,1,0,0,1,1,100.0,0,0,0,0,1,2,0,0,https://fbref.com/en/players/275e2c51/Romain-Thomas-Romain Thomas,
10,Mateo Pavlović,https://fbref.com/en/players/450e277f/Mateo-Pavlovic,4,4,ba BIH,CB,30-267,90,0,0,0,0,0,0,0,,0,3,3,0,0,0,7,0,https://fbref.com/en/players/450e277f/Mateo-Pavlovic-Mateo Pavlović,
11,Ismaël Traoré,https://fbref.com/en/players/b666421b/Ismael-Traore,8,8,ci CIV,CB,34-197,90,1,1,0,1,0,0,0,,0,2,1,1,1,2,1,0,https://fbref.com/en/players/b666421b/Ismael-Traore-Ismaël Traoré,
12,Mathias Pereira Lage,https://fbref.com/en/players/8846a40f/Mathias-Pereira-Lage,27,27,pt POR,RB,24-093,90,5,5,4,1,0,3,3,100.0,0,4,2,2,0,5,2,0,https://fbref.com/en/players/8846a40f/Mathias-Pereira-Lage-Mathias Pereira Lage,
13,Paul Bernardoni,https://fbref.com/en/players/28dabd43/Paul-Bernardoni,1,1,fr FRA,GK,23-319,90,0,0,0,0,0,0,0,,0,0,0,0,0,0,0,0,https://fbref.com/en/players/28dabd43/Paul-Bernardoni-Paul Bernardoni,
