,Player Name,Player Number,Player,#,Nation,Pos,Age,Min,Gls,Ast,PK,PKatt,Sh,SoT,CrdY,CrdR,Touches,Tkl,Int,Blocks,xG,npxG,xAG,SCA,GCA,Cmp,Att,Cmp%,PrgP,Carries,PrgC,Att,Succ,Player Key,Player Link
0,Lois Diony,https://fbref.com/en/players/4be0b467/Lois-Diony,9,9,fr FRA,FW,28-073,65,0,0,0,0,1,0,0,0,19,0,0,0,0.1,0.1,0.0,1,1,7,13,53.8,0,12,2,0,0,https://fbref.com/en/players/4be0b467/Lois-Diony-Lois Diony,
1,Stéphane Bahoken,https://fbref.com/en/players/5046b7d4/Stephane-Bahoken,19,19,cm CMR,FW,28-279,25,0,0,0,0,0,0,0,0,12,1,0,0,0.0,0.0,0.0,0,0,5,6,83.3,0,7,0,1,0,https://fbref.com/en/players/5046b7d4/Stephane-Bahoken-Stéphane Bahoken,
2,Sofiane Boufal,https://fbref.com/en/players/b0c71810/Sofiane-Boufal,13,13,ma MAR,LM,27-167,76,0,0,0,0,2,1,0,0,49,3,0,2,0.1,0.1,0.0,2,0,22,31,71.0,7,32,1,6,2,https://fbref.com/en/players/b0c71810/Sofiane-Boufal-Sofiane Boufal,
3,Pierrick Capelle,https://fbref.com/en/players/79b2399c/Pierrick-Capelle,15,15,fr FRA,"LM,RM",33-322,14,0,0,0,0,0,0,0,0,8,0,0,0,0.0,0.0,0.0,0,0,4,7,57.1,1,2,0,0,0,https://fbref.com/en/players/79b2399c/Pierrick-Capelle-Pierrick Capelle,
4,Ibrahim Amadou,https://fbref.com/en/players/9260926b/Ibrahim-Amadou,18,18,fr FRA,CM,27-331,90,0,0,0,0,0,0,0,0,42,5,2,1,0.0,0.0,0.1,1,0,32,35,91.4,4,19,3,1,1,https://fbref.com/en/players/9260926b/Ibrahim-Amadou-Ibrahim Amadou,
5,Lassana Coulibaly,https://fbref.com/en/players/85a44ecc/Lassana-Coulibaly,14,14,ml MLI,CM,24-327,90,0,0,0,0,1,1,0,0,39,6,1,1,0.0,0.0,0.0,0,0,20,26,76.9,1,12,0,1,0,https://fbref.com/en/players/85a44ecc/Lassana-Coulibaly-Lassana Coulibaly,
6,Angelo Fulgini,https://fbref.com/en/players/4b96c347/Angelo-Fulgini,10,10,fr FRA,RM,24-195,88,1,0,1,1,1,1,0,0,57,1,0,1,0.9,0.1,0.1,5,1,33,43,76.7,7,37,2,4,1,https://fbref.com/en/players/4b96c347/Angelo-Fulgini-Angelo Fulgini,
7,Antonin Bobichon,https://fbref.com/en/players/7d937aa1/Antonin-Bobichon,23,23,fr FRA,LM,25-170,2,0,0,0,0,0,0,0,0,1,0,0,0,0.0,0.0,0.0,0,0,1,1,100.0,0,1,0,0,0,https://fbref.com/en/players/7d937aa1/Antonin-Bobichon-Antonin Bobichon,
8,Souleyman Doumbia,https://fbref.com/en/players/9daeac61/Souleyman-Doumbia,3,3,ci CIV,LB,24-160,90,0,0,0,0,0,0,1,0,48,3,0,2,0.0,0.0,0.0,0,0,23,35,65.7,1,17,1,3,1,https://fbref.com/en/players/9daeac61/Souleyman-Doumbia-Souleyman Doumbia,
9,Romain Thomas,https://fbref.com/en/players/275e2c51/Romain-Thomas,24,24,fr FRA,CB,32-264,90,0,0,0,0,1,0,0,0,31,1,1,0,0.1,0.1,0.0,0,0,19,29,65.5,0,15,0,0,0,https://fbref.com/en/players/275e2c51/Romain-Thomas-Romain Thomas,
10,Mateo Pavlović,https://fbref.com/en/players/450e277f/Mateo-Pavlovic,4,4,ba BIH,CB,30-267,90,0,0,0,0,0,0,0,0,39,0,0,3,0.0,0.0,0.0,0,0,21,29,72.4,0,15,0,0,0,https://fbref.com/en/players/450e277f/Mateo-Pavlovic-Mateo Pavlović,
11,Ismaël Traoré,https://fbref.com/en/players/b666421b/Ismael-Traore,8,8,ci CIV,CB,34-197,90,0,0,0,0,0,0,0,0,35,1,1,2,0.0,0.0,0.0,1,0,25,30,83.3,3,19,1,0,0,https://fbref.com/en/players/b666421b/Ismael-Traore-Ismaël Traoré,
12,Mathias Pereira Lage,https://fbref.com/en/players/8846a40f/Mathias-Pereira-Lage,27,27,pt POR,RB,24-093,90,0,0,0,0,1,0,1,0,49,5,0,4,0.0,0.0,0.0,2,0,22,31,71.0,1,18,0,4,0,https://fbref.com/en/players/8846a40f/Mathias-Pereira-Lage-Mathias Pereira Lage,
13,Paul Bernardoni,https://fbref.com/en/players/28dabd43/Paul-Bernardoni,1,1,fr FRA,GK,23-319,90,0,0,0,0,0,0,0,0,33,0,0,0,0.0,0.0,0.0,0,0,15,32,46.9,0,13,0,0,0,https://fbref.com/en/players/28dabd43/Paul-Bernardoni-Paul Bernardoni,
