,Player Name,Player Number,Player,#,Nation,Pos,Age,Min,Touches,Def Pen,Def 3rd,Mid 3rd,Att 3rd,Att Pen,Live,Att,Succ,Succ%,Tkld,Tkld%,Carries,TotDist,PrgDist,PrgC,1/3,CPA,Mis,Dis,Rec,PrgR,Player Key,Player Link
0,Lois Diony,https://fbref.com/en/players/4be0b467/Lois-Diony,9,9,fr FRA,FW,28-073,65,19,0,0,13,6,3,19,0,0,,0,,12,69,28,2,0,3,2,1,15,9,https://fbref.com/en/players/4be0b467/Lois-Diony-Lois Diony,
1,Stéphane Bahoken,https://fbref.com/en/players/5046b7d4/Stephane-Bahoken,19,19,cm CMR,FW,28-279,25,12,0,0,9,3,0,12,1,0,0.0,1,100.0,7,26,0,0,0,0,5,0,11,2,https://fbref.com/en/players/5046b7d4/Stephane-Bahoken-Stéphane Bahoken,
2,Sofiane Boufal,https://fbref.com/en/players/b0c71810/Sofiane-Boufal,13,13,ma MAR,LM,27-167,76,49,0,7,27,15,1,49,6,2,33.3,4,66.7,32,155,43,1,1,0,4,1,38,3,https://fbref.com/en/players/b0c71810/Sofiane-Boufal-Sofiane Boufal,
3,Pierrick Capelle,https://fbref.com/en/players/79b2399c/Pierrick-Capelle,15,15,fr FRA,"LM,RM",33-322,14,8,0,0,6,2,1,8,0,0,,0,,2,3,0,0,0,0,0,0,5,0,https://fbref.com/en/players/79b2399c/Pierrick-Capelle-Pierrick Capelle,
4,Ibrahim Amadou,https://fbref.com/en/players/9260926b/Ibrahim-Amadou,18,18,fr FRA,CM,27-331,90,42,1,14,26,3,0,42,1,1,100.0,0,0.0,19,117,78,3,2,0,1,1,23,1,https://fbref.com/en/players/9260926b/Ibrahim-Amadou-Ibrahim Amadou,
5,Lassana Coulibaly,https://fbref.com/en/players/85a44ecc/Lassana-Coulibaly,14,14,ml MLI,CM,24-327,90,39,1,11,22,7,0,39,1,0,0.0,1,100.0,12,57,18,0,1,0,0,1,14,1,https://fbref.com/en/players/85a44ecc/Lassana-Coulibaly-Lassana Coulibaly,
6,Angelo Fulgini,https://fbref.com/en/players/4b96c347/Angelo-Fulgini,10,10,fr FRA,RM,24-195,88,57,0,5,36,17,5,56,4,1,25.0,3,75.0,37,191,67,2,1,2,2,2,41,3,https://fbref.com/en/players/4b96c347/Angelo-Fulgini-Angelo Fulgini,
7,Antonin Bobichon,https://fbref.com/en/players/7d937aa1/Antonin-Bobichon,23,23,fr FRA,LM,25-170,2,1,0,0,0,1,0,1,0,0,,0,,1,7,0,0,0,0,0,0,1,0,https://fbref.com/en/players/7d937aa1/Antonin-Bobichon-Antonin Bobichon,
8,Souleyman Doumbia,https://fbref.com/en/players/9daeac61/Souleyman-Doumbia,3,3,ci CIV,LB,24-160,90,48,1,22,16,12,0,48,3,1,33.3,2,66.7,17,92,57,1,1,0,4,2,20,4,https://fbref.com/en/players/9daeac61/Souleyman-Doumbia-Souleyman Doumbia,
9,Romain Thomas,https://fbref.com/en/players/275e2c51/Romain-Thomas,24,24,fr FRA,CB,32-264,90,31,6,17,13,1,1,31,0,0,,0,,15,39,24,0,0,0,0,0,15,0,https://fbref.com/en/players/275e2c51/Romain-Thomas-Romain Thomas,
10,Mateo Pavlović,https://fbref.com/en/players/450e277f/Mateo-Pavlovic,4,4,ba BIH,CB,30-267,90,39,12,30,9,0,0,39,0,0,,0,,15,26,15,0,0,0,0,0,18,0,https://fbref.com/en/players/450e277f/Mateo-Pavlovic-Mateo Pavlović,
11,Ismaël Traoré,https://fbref.com/en/players/b666421b/Ismael-Traore,8,8,ci CIV,CB,34-197,90,35,1,20,14,1,1,35,0,0,,0,,19,77,51,1,0,0,0,0,19,0,https://fbref.com/en/players/b666421b/Ismael-Traore-Ismaël Traoré,
12,Mathias Pereira Lage,https://fbref.com/en/players/8846a40f/Mathias-Pereira-Lage,27,27,pt POR,RB,24-093,90,49,4,23,17,9,0,49,4,0,0.0,4,100.0,18,56,17,0,1,0,0,0,19,1,https://fbref.com/en/players/8846a40f/Mathias-Pereira-Lage-Mathias Pereira Lage,
13,Paul Bernardoni,https://fbref.com/en/players/28dabd43/Paul-Bernardoni,1,1,fr FRA,GK,23-319,90,33,28,32,1,0,0,33,0,0,,0,,13,74,46,0,0,0,0,0,6,0,https://fbref.com/en/players/28dabd43/Paul-Bernardoni-Paul Bernardoni,
