,Player Name,Player Number,Player,#,Nation,Pos,Age,Min,Att,Live,Dead,FK,TB,Sw,Crs,TI,CK,In,Out,Str,Cmp,Off,Blocks,Player Key,Player Link
0,Lois Diony,https://fbref.com/en/players/4be0b467/Lois-Diony,9,9,fr FRA,FW,28-073,65,13,13,0,0,0,0,0,0,0,0,0,0,7,0,0,https://fbref.com/en/players/4be0b467/Lois-Diony-Lois Diony,
1,Stéphane Bahoken,https://fbref.com/en/players/5046b7d4/Stephane-Bahoken,19,19,cm CMR,FW,28-279,25,6,6,0,0,0,0,0,0,0,0,0,0,5,0,0,https://fbref.com/en/players/5046b7d4/Stephane-Bahoken-Stéphane Bahoken,
2,Sofiane Boufal,https://fbref.com/en/players/b0c71810/Sofiane-Boufal,13,13,ma MAR,LM,27-167,76,31,30,1,0,0,1,1,1,0,0,0,0,22,0,1,https://fbref.com/en/players/b0c71810/Sofiane-Boufal-Sofiane Boufal,
3,Pierrick Capelle,https://fbref.com/en/players/79b2399c/Pierrick-Capelle,15,15,fr FRA,"LM,RM",33-322,14,7,7,0,0,0,0,0,0,0,0,0,0,4,0,1,https://fbref.com/en/players/79b2399c/Pierrick-Capelle-Pierrick Capelle,
4,Ibrahim Amadou,https://fbref.com/en/players/9260926b/Ibrahim-Amadou,18,18,fr FRA,CM,27-331,90,35,34,1,1,0,0,0,0,0,0,0,0,32,0,0,https://fbref.com/en/players/9260926b/Ibrahim-Amadou-Ibrahim Amadou,
5,Lassana Coulibaly,https://fbref.com/en/players/85a44ecc/Lassana-Coulibaly,14,14,ml MLI,CM,24-327,90,26,25,1,1,0,0,1,0,0,0,0,0,20,0,0,https://fbref.com/en/players/85a44ecc/Lassana-Coulibaly-Lassana Coulibaly,
6,Angelo Fulgini,https://fbref.com/en/players/4b96c347/Angelo-Fulgini,10,10,fr FRA,RM,24-195,88,43,36,5,3,2,0,5,0,1,0,1,0,33,2,1,https://fbref.com/en/players/4b96c347/Angelo-Fulgini-Angelo Fulgini,
7,Antonin Bobichon,https://fbref.com/en/players/7d937aa1/Antonin-Bobichon,23,23,fr FRA,LM,25-170,2,1,1,0,0,0,0,0,0,0,0,0,0,1,0,0,https://fbref.com/en/players/7d937aa1/Antonin-Bobichon-Antonin Bobichon,
8,Souleyman Doumbia,https://fbref.com/en/players/9daeac61/Souleyman-Doumbia,3,3,ci CIV,LB,24-160,90,35,23,12,0,0,0,1,12,0,0,0,0,23,0,1,https://fbref.com/en/players/9daeac61/Souleyman-Doumbia-Souleyman Doumbia,
9,Romain Thomas,https://fbref.com/en/players/275e2c51/Romain-Thomas,24,24,fr FRA,CB,32-264,90,29,24,5,5,0,1,0,0,0,0,0,0,19,0,0,https://fbref.com/en/players/275e2c51/Romain-Thomas-Romain Thomas,
10,Mateo Pavlović,https://fbref.com/en/players/450e277f/Mateo-Pavlovic,4,4,ba BIH,CB,30-267,90,29,28,1,1,0,0,0,0,0,0,0,0,21,0,0,https://fbref.com/en/players/450e277f/Mateo-Pavlovic-Mateo Pavlović,
11,Ismaël Traoré,https://fbref.com/en/players/b666421b/Ismael-Traore,8,8,ci CIV,CB,34-197,90,30,29,1,1,0,0,0,0,0,0,0,0,25,0,0,https://fbref.com/en/players/b666421b/Ismael-Traore-Ismaël Traoré,
12,Mathias Pereira Lage,https://fbref.com/en/players/8846a40f/Mathias-Pereira-Lage,27,27,pt POR,RB,24-093,90,31,22,9,0,1,0,1,9,0,0,0,0,22,0,0,https://fbref.com/en/players/8846a40f/Mathias-Pereira-Lage-Mathias Pereira Lage,
13,Paul Bernardoni,https://fbref.com/en/players/28dabd43/Paul-Bernardoni,1,1,fr FRA,GK,23-319,90,32,13,19,7,0,0,0,0,0,0,0,0,15,0,0,https://fbref.com/en/players/28dabd43/Paul-Bernardoni-Paul Bernardoni,
