,Player Name,Player Number,Player,#,Nation,Pos,Age,Min,Touches,Def Pen,Def 3rd,Mid 3rd,Att 3rd,Att Pen,Live,Att,Succ,Succ%,Tkld,Tkld%,Carries,TotDist,PrgDist,PrgC,1/3,CPA,Mis,Dis,Rec,PrgR,Player Key,Player Link
0,Aaron Leya Iseka,https://fbref.com/en/players/29ef0f49/Aaron-Leya-Iseka,24,24,be BEL,FW,23-108,71,15,0,0,7,8,3,15,1,1,100.0,0,0.0,8,48,21,1,0,1,2,2,14,3,https://fbref.com/en/players/29ef0f49/Aaron-Leya-Iseka-Aaron Leya Iseka,
1,Thierry Ambrose,https://fbref.com/en/players/2945f4b7/Thierry-Ambrose,9,9,gp GLP,"FW,RW",23-340,19,10,0,0,4,6,1,10,0,0,,0,,8,74,35,2,5,0,1,2,11,4,https://fbref.com/en/players/2945f4b7/Thierry-Ambrose-Thierry Ambrose,
2,Lamine Gueye,https://fbref.com/en/players/9d5dcc23/Lamine-Gueye,13,13,sn SEN,FW,22-355,71,33,0,0,14,19,2,33,0,0,,0,,22,99,26,1,1,0,1,1,27,10,https://fbref.com/en/players/9d5dcc23/Lamine-Gueye-Lamine Gueye,
3,Papa Ndiaga Yade,https://fbref.com/en/players/87e9c7cd/Papa-Ndiaga-Yade,26,26,mr MTN,"FW,LW",21-057,19,3,0,0,2,1,0,3,0,0,,0,,2,16,14,1,0,0,0,0,3,1,https://fbref.com/en/players/87e9c7cd/Papa-Ndiaga-Yade-Papa Ndiaga Yade,
4,Farid Boulaya,https://fbref.com/en/players/a0791826/Farid-Boulaya,10,10,dz ALG,AM,28-006,90,70,0,6,37,29,0,70,2,1,50.0,1,50.0,50,380,156,4,5,0,2,4,52,4,https://fbref.com/en/players/a0791826/Farid-Boulaya-Farid Boulaya,
5,Pape Matar Sarr,https://fbref.com/en/players/feb5d972/Pape-Matar-Sarr,15,15,sn SEN,"CM,DM",18-170,90,92,1,12,68,12,0,92,0,0,,0,,68,409,165,1,1,0,2,2,66,1,https://fbref.com/en/players/feb5d972/Pape-Matar-Sarr-Pape Matar Sarr,
6,Vincent Pajot,https://fbref.com/en/players/f86ca403/Vincent-Pajot,14,14,fr FRA,CM,30-196,71,71,1,14,55,2,1,71,0,0,,0,,54,280,95,0,2,0,1,1,54,2,https://fbref.com/en/players/f86ca403/Vincent-Pajot-Vincent Pajot,
7,Victorien Angban,https://fbref.com/en/players/d8992b84/Victorien-Angban,5,5,ci CIV,"CM,DM",24-155,19,26,0,3,22,1,0,26,1,1,100.0,0,0.0,25,164,116,1,1,0,0,0,20,0,https://fbref.com/en/players/d8992b84/Victorien-Angban-Victorien Angban,
8,Matthieu Udol,https://fbref.com/en/players/cc41f558/Matthieu-Udol,3,3,fr FRA,"WB,LB",24-348,90,79,1,11,53,15,3,79,3,0,0.0,3,100.0,45,235,126,3,3,1,2,2,55,4,https://fbref.com/en/players/cc41f558/Matthieu-Udol-Matthieu Udol,
9,Fabien Centonze,https://fbref.com/en/players/3c6bbbab/Fabien-Centonze,18,18,fr FRA,WB,25-046,71,75,0,8,42,27,1,75,3,1,33.3,2,66.7,51,290,146,3,3,0,1,3,53,8,https://fbref.com/en/players/3c6bbbab/Fabien-Centonze-Fabien Centonze,
10,Thomas Delaine,https://fbref.com/en/players/8332db56/Thomas-Delaine,17,17,fr FRA,"RB,WB",28-344,19,16,0,3,8,5,0,16,1,0,0.0,1,100.0,13,86,43,2,0,0,1,0,14,4,https://fbref.com/en/players/8332db56/Thomas-Delaine-Thomas Delaine,
11,John Boye,https://fbref.com/en/players/861227d2/John-Boye,21,21,gh GHA,CB,33-314,90,62,1,22,39,1,0,62,0,0,,0,,43,112,49,1,1,0,0,0,46,0,https://fbref.com/en/players/861227d2/John-Boye-John Boye,
12,Boubakar Kouyaté,https://fbref.com/en/players/562a4799/Boubakar-Kouyate,23,23,ml MLI,CB,23-322,90,64,5,32,27,5,3,64,1,0,0.0,1,100.0,39,139,50,0,0,0,1,0,37,1,https://fbref.com/en/players/562a4799/Boubakar-Kouyate-Boubakar Kouyaté,
13,Dylan Bronn,https://fbref.com/en/players/edd81e2a/Dylan-Bronn,2,2,tn TUN,CB,25-257,82,85,3,24,56,6,0,85,1,1,100.0,0,0.0,60,315,252,3,1,0,0,1,69,0,https://fbref.com/en/players/edd81e2a/Dylan-Bronn-Dylan Bronn,
14,Vagner Gonçalves,https://fbref.com/en/players/743fd71f/Vagner-Goncalves,27,27,cv CPV,FW,25-052,8,2,0,0,0,2,0,2,0,0,,0,,1,0,0,0,0,0,0,0,1,0,https://fbref.com/en/players/743fd71f/Vagner-Goncalves-Vagner Gonçalves,
15,Alexandre Oukidja,https://fbref.com/en/players/ae7d0ecd/Alexandre-Oukidja,16,16,dz ALG,GK,32-227,89,28,23,28,0,0,0,28,0,0,,0,,18,127,95,0,0,0,0,0,9,0,https://fbref.com/en/players/ae7d0ecd/Alexandre-Oukidja-Alexandre Oukidja,
