,Player Name,Player Number,Player,#,Nation,Pos,Age,Min,CrdY,CrdR,2CrdY,Fls,Fld,Off,Crs,Int,TklW,PKwon,PKcon,OG,Recov,Won,Lost,Won%,Player Key,Player Link
0,Aaron Leya Iseka,https://fbref.com/en/players/29ef0f49/Aaron-Leya-Iseka,24,24,be BEL,FW,23-108,71,0,0,0,1,0,0,0,0,0,0,0,0,0,1,1,50.0,https://fbref.com/en/players/29ef0f49/Aaron-Leya-Iseka-Aaron Leya Iseka,
1,Thierry Ambrose,https://fbref.com/en/players/2945f4b7/Thierry-Ambrose,9,9,gp GLP,"FW,RW",23-340,19,1,0,0,2,0,0,0,0,0,0,0,0,0,0,0,,https://fbref.com/en/players/2945f4b7/Thierry-Ambrose-Thierry Ambrose,
2,Lamine Gueye,https://fbref.com/en/players/9d5dcc23/Lamine-Gueye,13,13,sn SEN,FW,22-355,71,0,0,0,0,0,1,3,0,0,0,0,0,2,2,2,50.0,https://fbref.com/en/players/9d5dcc23/Lamine-Gueye-Lamine Gueye,
3,Papa Ndiaga Yade,https://fbref.com/en/players/87e9c7cd/Papa-Ndiaga-Yade,26,26,mr MTN,"FW,LW",21-057,19,0,0,0,0,0,0,1,0,0,0,0,0,0,0,0,,https://fbref.com/en/players/87e9c7cd/Papa-Ndiaga-Yade-Papa Ndiaga Yade,
4,Farid Boulaya,https://fbref.com/en/players/a0791826/Farid-Boulaya,10,10,dz ALG,AM,28-006,90,0,0,0,1,4,0,9,0,2,0,0,0,5,0,3,0.0,https://fbref.com/en/players/a0791826/Farid-Boulaya-Farid Boulaya,
5,Pape Matar Sarr,https://fbref.com/en/players/feb5d972/Pape-Matar-Sarr,15,15,sn SEN,"CM,DM",18-170,90,0,0,0,1,0,0,0,1,4,0,0,0,9,4,3,57.1,https://fbref.com/en/players/feb5d972/Pape-Matar-Sarr-Pape Matar Sarr,
6,Vincent Pajot,https://fbref.com/en/players/f86ca403/Vincent-Pajot,14,14,fr FRA,CM,30-196,71,0,0,0,2,0,0,0,5,0,0,0,0,4,1,1,50.0,https://fbref.com/en/players/f86ca403/Vincent-Pajot-Vincent Pajot,
7,Victorien Angban,https://fbref.com/en/players/d8992b84/Victorien-Angban,5,5,ci CIV,"CM,DM",24-155,19,0,0,0,1,0,0,0,0,0,0,0,0,4,0,0,,https://fbref.com/en/players/d8992b84/Victorien-Angban-Victorien Angban,
8,Matthieu Udol,https://fbref.com/en/players/cc41f558/Matthieu-Udol,3,3,fr FRA,"WB,LB",24-348,90,0,0,0,0,2,0,0,1,2,0,0,0,5,2,1,66.7,https://fbref.com/en/players/cc41f558/Matthieu-Udol-Matthieu Udol,
9,Fabien Centonze,https://fbref.com/en/players/3c6bbbab/Fabien-Centonze,18,18,fr FRA,WB,25-046,71,0,0,0,2,0,1,5,0,3,0,0,0,9,1,1,50.0,https://fbref.com/en/players/3c6bbbab/Fabien-Centonze-Fabien Centonze,
10,Thomas Delaine,https://fbref.com/en/players/8332db56/Thomas-Delaine,17,17,fr FRA,"RB,WB",28-344,19,0,0,0,0,0,0,1,0,1,0,0,0,0,0,0,,https://fbref.com/en/players/8332db56/Thomas-Delaine-Thomas Delaine,
11,John Boye,https://fbref.com/en/players/861227d2/John-Boye,21,21,gh GHA,CB,33-314,90,0,0,0,4,1,0,0,2,0,0,0,0,4,1,0,100.0,https://fbref.com/en/players/861227d2/John-Boye-John Boye,
12,Boubakar Kouyaté,https://fbref.com/en/players/562a4799/Boubakar-Kouyate,23,23,ml MLI,CB,23-322,90,1,0,0,3,1,0,0,2,2,0,1,0,4,7,5,58.3,https://fbref.com/en/players/562a4799/Boubakar-Kouyate-Boubakar Kouyaté,
13,Dylan Bronn,https://fbref.com/en/players/edd81e2a/Dylan-Bronn,2,2,tn TUN,CB,25-257,82,0,0,0,1,0,0,1,1,2,0,0,0,7,1,1,50.0,https://fbref.com/en/players/edd81e2a/Dylan-Bronn-Dylan Bronn,
14,Vagner Gonçalves,https://fbref.com/en/players/743fd71f/Vagner-Goncalves,27,27,cv CPV,FW,25-052,8,0,0,0,0,0,0,0,0,0,0,0,0,0,0,0,,https://fbref.com/en/players/743fd71f/Vagner-Goncalves-Vagner Gonçalves,
15,Alexandre Oukidja,https://fbref.com/en/players/ae7d0ecd/Alexandre-Oukidja,16,16,dz ALG,GK,32-227,89,0,1,0,0,0,0,0,0,0,0,0,0,1,0,0,,https://fbref.com/en/players/ae7d0ecd/Alexandre-Oukidja-Alexandre Oukidja,
