,Minute,Player,Squad,xG,PSxG,Outcome,Distance,Body Part,Notes,SCA 1 Player,SCA 1 Event,SCA 2 Player,SCA 2 Event
0,6,Lassana Coulibaly,Angers,0.03,0.02,Saved,33,Right Foot,,,,,
1,12,Lamine Gueye,Metz,0.04,,Blocked,22,Left Foot,,Pape Matar Sarr,Pass (Live),Matthieu Udol,Pass (Live)
2,13,Lois Diony,Angers,0.07,,Off Target,13,Right Foot,Volley,,,,
3,16,Romain Thomas,Angers,0.08,,Off Target,10,Head,,Angelo Fulgini,Pass (Live),Ismaël Traoré,Pass (Live)
4,20,Aaron Leya Iseka,Metz,0.09,,Off Target,12,Left Foot,,Lamine Gueye,Pass (Live),Pape Matar Sarr,Pass (Live)
5,21,Mathias Pereira Lage,Angers,0.03,,Off Target,29,Left Foot,,Angelo Fulgini,Pass (Live),Mathias Pereira Lage,Pass (Live)
6,22,Lamine Gueye,Metz,0.03,,Off Target,20,Right Foot,Volley,Farid Boulaya,Pass (Live),Alexandre Oukidja,Pass (Live)
7,25,Vincent Pajot,Metz,0.08,,Off Target,9,Left Foot,Volley,Farid Boulaya,Pass (Live),Dylan Bronn,Pass (Live)
8,27,Matthieu Udol,Metz,0.05,,Blocked,8,Left Foot,Volley,Fabien Centonze,Pass (Live),Farid Boulaya,Pass (Live)
9,28,Pape Matar Sarr,Metz,0.03,,Blocked,27,Left Foot,Volley,Matthieu Udol,Shot,,
10,31,Pape Matar Sarr,Metz,0.03,,Blocked,29,Right Foot,,Farid Boulaya,Pass (Live),Dylan Bronn,Pass (Live)
11,33,Farid Boulaya,Metz,0.07,,Blocked,26,Right Foot,Free kick,Farid Boulaya,Fouled,Matthieu Udol,Pass (Live)
12,33,Pape Matar Sarr,Metz,0.03,,Off Target,27,Right Foot,,Farid Boulaya,Shot,,
13,40,Pape Matar Sarr,Metz,0.03,,Blocked,30,Right Foot,,Matthieu Udol,Pass (Live),Pape Matar Sarr,Pass (Live)
14,44,Angelo Fulgini(pen),Angers,0.79,0.97,Goal,13,Right Foot,,Lois Diony,Fouled,Angelo Fulgini,Pass (Live)
15,45+2,Sofiane Boufal,Angers,0.05,0.14,Saved,15,Right Foot,,Angelo Fulgini,Fouled,Mathias Pereira Lage,Pass (Dead)
16,,,,,,,,,,,,,
17,52,Matthieu Udol,Metz,0.03,0.22,Saved,17,Head,,Dylan Bronn,Pass (Live),,
18,54,Sofiane Boufal,Angers,0.03,,Off Target,25,Right Foot,,Angelo Fulgini,Pass (Live),Sofiane Boufal,Pass (Live)
19,56,Angelo Fulgini,Angers,0.07,0.23,Saved,13,Right Foot,,Ibrahim Amadou,Pass (Live),Sofiane Boufal,Pass (Live)
20,58,Aaron Leya Iseka,Metz,0.04,,Off Target,21,Right Foot,,Pape Matar Sarr,Tackle,,
21,63,Lamine Gueye,Metz,0.04,0.09,Saved,18,Left Foot,,Farid Boulaya,Pass (Live),Fabien Centonze,Pass (Live)
22,64,Aaron Leya Iseka,Metz,0.12,,Blocked,10,Left Foot,,Aaron Leya Iseka,Take-On,Matthieu Udol,Pass (Dead)
23,80,Farid Boulaya,Metz,0.05,,Off Target,33,Right Foot,Free kick,Farid Boulaya,Fouled,Farid Boulaya,Take-On
