season,injury,from,until,days,missed_games
21/22,Calf injury,"Jan 1, 2022","Feb 25, 2022",55 days,8
21/22,Corona virus,"Dec 11, 2021","Dec 27, 2021",16 days,3
21/22,Calf injury,"Sep 27, 2021","Nov 28, 2021",62 days,7
21/22,Calf injury,"Aug 6, 2021","Aug 22, 2021",16 days,1
20/21,Muscle injury,"Jan 18, 2021","Feb 5, 2021",18 days,4
20/21,Knee medial ligament tear,"Oct 26, 2020","Nov 23, 2020",28 days,3
19/20,Muscle injury,"Nov 18, 2019","Oct 18, 2019",31 days,-
18/19,ankle sprain,"Aug 9, 2018","Aug 30, 2018",21 days,2
17/18,muscular problems,"Oct 8, 2017","Oct 18, 2017",10 days,2
