season,injury,from,until,days,missed_games
21/22,Ankle injury,"Sep 1, 2021","Oct 2, 2021",31 days,4
19/20,Thigh problems,"Jun 13, 2020","Aug 31, 2020",79 days,10
19/20,Groin injury,"Jan 23, 2020","Jan 30, 2020",7 days,1
18/19,Knee injury,"Apr 6, 2019","Nov 4, 2019",212 days,18
18/19,Knock,"Dec 11, 2018","Jan 1, 2019",21 days,4
18/19,Cruciate ligament tear,"Jul 23, 2018","Dec 31, 2018",161 days,21
17/18,Ankle injury,"Aug 13, 2017","Sep 10, 2017",28 days,5
16/17,Muscle injury,"Apr 7, 2017","Apr 14, 2017",7 days,1
