season,injury,from,until,days,missed_games
23/24,muscular problems,"Sep 7, 2023","Sep 25, 2023",18 days,2
22/23,Dead leg,"Apr 15, 2023","May 10, 2023",25 days,4
22/23,Pelvic injury,"Oct 20, 2022","Nov 4, 2022",15 days,2
20/21,Hamstring strain,"May 9, 2021","May 16, 2021",7 days,2
20/21,Facial fracture,"Apr 11, 2021","Apr 25, 2021",14 days,3
20/21,Fitness,"Feb 3, 2021","Feb 21, 2021",18 days,4
20/21,Torn thigh muscle,"Jan 2, 2021","Feb 3, 2021",32 days,9
20/21,Hamstring strain,"Nov 5, 2020","Dec 23, 2020",48 days,9
19/20,Calf strain,"Jun 21, 2020","Jul 25, 2020",34 days,7
19/20,Hamstring injury,"Jan 27, 2020","Feb 13, 2020",17 days,4
19/20,Achilles tendon problems,"Oct 1, 2019","Dec 5, 2019",65 days,16
19/20,Knock,"Aug 16, 2019","Sep 3, 2019",18 days,-
18/19,Adductor pain,"Apr 1, 2019","Apr 10, 2019",9 days,1
18/19,Hip problems,"Oct 20, 2018","Nov 2, 2018",13 days,3
17/18,Hamstring injury,"Feb 5, 2018","Mar 8, 2018",31 days,4
