,Player Name,Player Number,Player,#,Nation,Pos,Age,Min,Tkl,TklW,Def 3rd,Mid 3rd,Att 3rd,Tkl,Att,Tkl%,Lost,Blocks,Sh,Pass,Int,Tkl+Int,Clr,Err,Player Key,Player Link
0,Samuel Di Carmine,https://fbref.com/en/players/ef94dc2f/Samuel-Di-Carmine,10,10,it ITA,FW,32-060,57,0,0,0,0,0,0,0,,0,0,0,0,0,0,0,0,https://fbref.com/en/players/ef94dc2f/Samuel-Di-Carmine-Samuel Di Carmine,
1,Eddie Salcedo,https://fbref.com/en/players/0489bb30/Eddie-Salcedo,9,9,it ITA,"AM,FW",19-058,33,0,0,0,0,0,0,0,,0,0,0,0,0,0,1,0,https://fbref.com/en/players/0489bb30/Eddie-Salcedo-Eddie Salcedo,
2,Mattia Zaccagni,https://fbref.com/en/players/d85c238b/Mattia-Zaccagni,20,20,it ITA,"AM,WB",25-165,90,3,1,3,0,0,2,2,100.0,0,1,0,1,5,8,0,0,https://fbref.com/en/players/d85c238b/Mattia-Zaccagni-Mattia Zaccagni,
3,Antonín Barák,https://fbref.com/en/players/01efac19/Antonin-Barak,7,7,cz CZE,"AM,CM",25-361,90,0,0,0,0,0,0,0,,0,0,0,0,1,1,1,0,https://fbref.com/en/players/01efac19/Antonin-Barak-Antonín Barák,
4,Ivan Ilić,https://fbref.com/en/players/bb376bed/Ivan-Ilic,14,14,rs SRB,CM,19-256,57,1,0,1,0,0,1,1,100.0,0,1,0,1,3,4,0,0,https://fbref.com/en/players/bb376bed/Ivan-Ilic-Ivan Ilić,
5,Ebrima Colley,https://fbref.com/en/players/bf356094/Ebrima-Colley,90,90,gm GAM,"AM,CM",20-301,33,1,0,0,1,0,0,0,,0,0,0,0,1,2,0,0,https://fbref.com/en/players/bf356094/Ebrima-Colley-Ebrima Colley,
6,Adrien Tameze,https://fbref.com/en/players/8da74c05/Adrien-Tameze,61,61,cm CMR,"CB,CM",26-298,90,2,0,2,0,0,1,1,100.0,0,2,1,1,1,3,5,0,https://fbref.com/en/players/8da74c05/Adrien-Tameze-Adrien Tameze,
7,Federico Dimarco,https://fbref.com/en/players/970b8574/Federico-Dimarco,3,3,it ITA,"WB,CB",23-018,90,3,1,3,0,0,2,3,66.7,1,1,0,1,1,4,4,0,https://fbref.com/en/players/970b8574/Federico-Dimarco-Federico Dimarco,
8,Davide Faraoni,https://fbref.com/en/players/aae9d04a/Davide-Faraoni,5,5,it ITA,WB,29-034,90,2,1,2,0,0,0,1,0.0,1,1,0,1,4,6,2,0,https://fbref.com/en/players/aae9d04a/Davide-Faraoni-Davide Faraoni,
9,Federico Ceccherini,https://fbref.com/en/players/d9624b51/Federico-Ceccherini,17,17,it ITA,CB,28-201,73,1,1,0,1,0,0,0,,0,0,0,0,2,3,3,0,https://fbref.com/en/players/d9624b51/Federico-Ceccherini-Federico Ceccherini,
10,Andrea Favilli,https://fbref.com/en/players/44510fde/Andrea-Favilli,11,11,it ITA,"FW,CB",23-195,17,0,0,0,0,0,0,0,,0,0,0,0,0,0,0,0,https://fbref.com/en/players/44510fde/Andrea-Favilli-Andrea Favilli,
11,Matteo Lovato,https://fbref.com/en/players/5fa57166/Matteo-Lovato,6,6,it ITA,CB,20-288,31,1,1,1,0,0,0,1,0.0,1,0,0,0,0,1,1,0,https://fbref.com/en/players/5fa57166/Matteo-Lovato-Matteo Lovato,
12,Andrea Danzi,https://fbref.com/en/players/263b855a/Andrea-Danzi,72,72,it ITA,CB,21-277,14,0,0,0,0,0,0,1,0.0,1,0,0,0,0,0,1,0,https://fbref.com/en/players/263b855a/Andrea-Danzi-Andrea Danzi,
13,Miguel Veloso,https://fbref.com/en/players/ab1ca213/Miguel-Veloso,4,4,pt POR,CM,34-201,45,2,0,2,0,0,2,2,100.0,0,0,0,0,0,2,0,0,https://fbref.com/en/players/ab1ca213/Miguel-Veloso-Miguel Veloso,
14,Paweł Dawidowicz,https://fbref.com/en/players/16bb656a/Pawel-Dawidowicz,27,27,pl POL,CB,25-192,90,4,2,2,2,0,0,0,,0,3,3,0,2,6,2,0,https://fbref.com/en/players/16bb656a/Pawel-Dawidowicz-Paweł Dawidowicz,
15,Marco Silvestri,https://fbref.com/en/players/0d422df7/Marco-Silvestri,1,1,it ITA,GK,29-271,90,0,0,0,0,0,0,0,,0,0,0,0,0,0,2,0,https://fbref.com/en/players/0d422df7/Marco-Silvestri-Marco Silvestri,
