,Player Name,Player Number,Player,#,Nation,Pos,Age,Min,Gls,Ast,PK,PKatt,Sh,SoT,CrdY,CrdR,Touches,Tkl,Int,Blocks,xG,npxG,xAG,SCA,GCA,Cmp,Att,Cmp%,PrgP,Carries,PrgC,Att,Succ,Player Key,Player Link
0,Luis Muriel,https://fbref.com/en/players/eb2fe5b6/Luis-Muriel,9,9,co COL,FW,30-002,67,0,0,0,0,3,0,0,0,45,1,0,3,0.1,0.1,0.1,1,0,25,34,73.5,4,23,2,3,2,https://fbref.com/en/players/eb2fe5b6/Luis-Muriel-Luis Muriel,
1,Josip Iličić,https://fbref.com/en/players/68252d6d/Josip-Ilicic,72,72,si SVN,FW,33-079,23,0,1,0,0,1,0,0,0,17,0,0,0,0.0,0.0,0.5,2,1,15,15,100.0,3,13,0,0,0,https://fbref.com/en/players/68252d6d/Josip-Ilicic-Josip Iličić,
2,Duván Zapata,https://fbref.com/en/players/d3de9af0/Duvan-Zapata,91,91,co COL,FW,30-017,90,0,0,0,0,3,0,0,0,44,2,0,2,0.5,0.5,0.0,2,0,16,23,69.6,3,21,0,4,0,https://fbref.com/en/players/d3de9af0/Duvan-Zapata-Duván Zapata,
3,Matteo Pessina,https://fbref.com/en/players/780e3631/Matteo-Pessina,32,32,it ITA,AM,23-362,45,0,0,0,0,1,0,0,0,23,0,0,2,0.1,0.1,0.1,3,0,14,19,73.7,0,15,1,0,0,https://fbref.com/en/players/780e3631/Matteo-Pessina-Matteo Pessina,
4,Mario Pašalić,https://fbref.com/en/players/e599253a/Mario-Pasalic,88,88,hr CRO,AM,26-068,45,0,0,0,0,1,0,0,0,21,3,1,0,0.1,0.1,0.0,1,0,10,10,100.0,2,12,1,2,0,https://fbref.com/en/players/e599253a/Mario-Pasalic-Mario Pašalić,
5,Remo Freuler,https://fbref.com/en/players/98d2c2c4/Remo-Freuler,11,11,ch SUI,CM,29-003,90,0,0,0,0,0,0,0,0,67,4,1,0,0.0,0.0,0.1,3,1,58,61,95.1,12,38,3,1,1,https://fbref.com/en/players/98d2c2c4/Remo-Freuler-Remo Freuler,
6,Marten de Roon,https://fbref.com/en/players/2a1beb34/Marten-de-Roon,15,15,nl NED,CM,30-020,90,0,0,0,0,0,0,0,0,59,2,5,0,0.0,0.0,0.1,4,0,46,49,93.9,1,25,1,1,0,https://fbref.com/en/players/2a1beb34/Marten-de-Roon-Marten de Roon,
7,Robin Gosens,https://fbref.com/en/players/2d970560/Robin-Gosens,8,8,de GER,WB,26-287,90,0,0,0,0,0,0,1,0,61,2,2,4,0.0,0.0,0.0,1,0,36,48,75.0,2,26,1,1,0,https://fbref.com/en/players/2d970560/Robin-Gosens-Robin Gosens,
8,Joakim Mæhle,https://fbref.com/en/players/c459a650/Joakim-Maehle,3,3,dk DEN,WB,23-333,71,0,0,0,0,1,0,0,0,48,0,0,1,0.0,0.0,0.0,3,0,33,37,89.2,3,28,4,3,1,https://fbref.com/en/players/c459a650/Joakim-Maehle-Joakim Mæhle,
9,Ruslan Malinovskyi,https://fbref.com/en/players/48d5bd33/Ruslan-Malinovskyi,18,18,ua UKR,WB,27-349,19,1,0,0,0,2,2,1,0,17,0,0,1,0.1,0.1,0.0,0,0,9,9,100.0,1,12,1,2,1,https://fbref.com/en/players/48d5bd33/Ruslan-Malinovskyi-Ruslan Malinovskyi,
10,Berat Djimsiti,https://fbref.com/en/players/6eee05f1/Berat-Djimsiti,19,19,al ALB,CB,28-058,90,0,0,0,0,0,0,1,0,73,1,1,3,0.0,0.0,0.0,2,0,55,59,93.2,3,35,2,0,0,https://fbref.com/en/players/6eee05f1/Berat-Djimsiti-Berat Djimsiti,
11,José Luis Palomino,https://fbref.com/en/players/921f6058/Jose-Luis-Palomino,6,6,ar ARG,CB,31-103,90,0,0,0,0,0,0,0,0,54,1,7,3,0.0,0.0,0.0,0,0,30,32,93.8,2,19,0,0,0,https://fbref.com/en/players/921f6058/Jose-Luis-Palomino-José Luis Palomino,
12,Rafael Tolói,https://fbref.com/en/players/c56dc39e/Rafael-Toloi,2,2,it ITA,CB,30-190,90,0,0,0,0,2,0,0,0,78,3,0,1,0.1,0.1,0.1,3,0,58,67,86.6,8,37,1,0,0,https://fbref.com/en/players/c56dc39e/Rafael-Toloi-Rafael Tolói,
13,Pierluigi Gollini,https://fbref.com/en/players/f0f7f62f/Pierluigi-Gollini,95,95,it ITA,GK,26-031,90,0,0,0,0,0,0,0,0,34,0,1,0,0.0,0.0,0.0,0,0,22,30,73.3,0,20,0,0,0,https://fbref.com/en/players/f0f7f62f/Pierluigi-Gollini-Pierluigi Gollini,
