,Player Name,Player Number,Player,#,Nation,Pos,Age,Min,CrdY,CrdR,2CrdY,Fls,Fld,Off,Crs,Int,TklW,PKwon,PKcon,OG,Recov,Won,Lost,Won%,Player Key,Player Link
0,Luis Muriel,https://fbref.com/en/players/eb2fe5b6/Luis-Muriel,9,9,co COL,FW,30-002,67,0,0,0,1,3,0,4,0,1,0,0,0,4,3,1,75.0,https://fbref.com/en/players/eb2fe5b6/Luis-Muriel-Luis Muriel,
1,Josip Iličić,https://fbref.com/en/players/68252d6d/Josip-Ilicic,72,72,si SVN,FW,33-079,23,0,0,0,0,1,0,1,0,0,0,0,0,0,0,0,,https://fbref.com/en/players/68252d6d/Josip-Ilicic-Josip Iličić,
2,Duván Zapata,https://fbref.com/en/players/d3de9af0/Duvan-Zapata,91,91,co COL,FW,30-017,90,0,0,0,2,3,0,3,0,2,0,0,0,2,3,3,50.0,https://fbref.com/en/players/d3de9af0/Duvan-Zapata-Duván Zapata,
3,Matteo Pessina,https://fbref.com/en/players/780e3631/Matteo-Pessina,32,32,it ITA,AM,23-362,45,0,0,0,0,0,0,1,0,0,0,0,0,2,0,0,,https://fbref.com/en/players/780e3631/Matteo-Pessina-Matteo Pessina,
4,Mario Pašalić,https://fbref.com/en/players/e599253a/Mario-Pasalic,88,88,hr CRO,AM,26-068,45,0,0,0,1,1,0,0,1,1,0,0,0,2,0,1,0.0,https://fbref.com/en/players/e599253a/Mario-Pasalic-Mario Pašalić,
5,Remo Freuler,https://fbref.com/en/players/98d2c2c4/Remo-Freuler,11,11,ch SUI,CM,29-003,90,0,0,0,0,3,0,0,1,3,0,0,0,6,0,1,0.0,https://fbref.com/en/players/98d2c2c4/Remo-Freuler-Remo Freuler,
6,Marten de Roon,https://fbref.com/en/players/2a1beb34/Marten-de-Roon,15,15,nl NED,CM,30-020,90,0,0,0,3,1,0,1,5,1,0,0,0,2,0,1,0.0,https://fbref.com/en/players/2a1beb34/Marten-de-Roon-Marten de Roon,
7,Robin Gosens,https://fbref.com/en/players/2d970560/Robin-Gosens,8,8,de GER,WB,26-287,90,1,0,0,4,1,0,5,2,2,0,0,0,6,1,0,100.0,https://fbref.com/en/players/2d970560/Robin-Gosens-Robin Gosens,
8,Joakim Mæhle,https://fbref.com/en/players/c459a650/Joakim-Maehle,3,3,dk DEN,WB,23-333,71,0,0,0,0,0,0,0,0,0,0,0,0,5,0,1,0.0,https://fbref.com/en/players/c459a650/Joakim-Maehle-Joakim Mæhle,
9,Ruslan Malinovskyi,https://fbref.com/en/players/48d5bd33/Ruslan-Malinovskyi,18,18,ua UKR,WB,27-349,19,1,0,0,3,2,0,0,0,0,0,0,0,3,0,1,0.0,https://fbref.com/en/players/48d5bd33/Ruslan-Malinovskyi-Ruslan Malinovskyi,
10,Berat Djimsiti,https://fbref.com/en/players/6eee05f1/Berat-Djimsiti,19,19,al ALB,CB,28-058,90,1,0,0,2,1,0,0,1,0,0,0,0,12,0,1,0.0,https://fbref.com/en/players/6eee05f1/Berat-Djimsiti-Berat Djimsiti,
11,José Luis Palomino,https://fbref.com/en/players/921f6058/Jose-Luis-Palomino,6,6,ar ARG,CB,31-103,90,0,0,0,2,0,0,0,7,1,0,0,0,5,1,1,50.0,https://fbref.com/en/players/921f6058/Jose-Luis-Palomino-José Luis Palomino,
12,Rafael Tolói,https://fbref.com/en/players/c56dc39e/Rafael-Toloi,2,2,it ITA,CB,30-190,90,0,0,0,0,0,0,3,0,2,0,0,0,7,3,0,100.0,https://fbref.com/en/players/c56dc39e/Rafael-Toloi-Rafael Tolói,
13,Pierluigi Gollini,https://fbref.com/en/players/f0f7f62f/Pierluigi-Gollini,95,95,it ITA,GK,26-031,90,0,0,0,0,0,0,0,1,0,0,0,0,1,0,0,,https://fbref.com/en/players/f0f7f62f/Pierluigi-Gollini-Pierluigi Gollini,
