,Player Name,Player Number,Player,#,Nation,Pos,Age,Min,Touches,Def Pen,Def 3rd,Mid 3rd,Att 3rd,Att Pen,Live,Att,Succ,Succ%,Tkld,Tkld%,Carries,TotDist,PrgDist,PrgC,1/3,CPA,Mis,Dis,Rec,PrgR,Player Key,Player Link
0,Luis Muriel,https://fbref.com/en/players/eb2fe5b6/Luis-Muriel,9,9,co COL,FW,30-002,67,45,1,3,14,30,4,45,3,2,66.7,1,33.3,23,124,61,2,3,2,2,2,30,6,https://fbref.com/en/players/eb2fe5b6/Luis-Muriel-Luis Muriel,
1,Josip Iličić,https://fbref.com/en/players/68252d6d/Josip-Ilicic,72,72,si SVN,FW,33-079,23,17,0,2,4,11,0,17,0,0,,0,,13,45,21,0,1,0,1,0,16,1,https://fbref.com/en/players/68252d6d/Josip-Ilicic-Josip Iličić,
2,Duván Zapata,https://fbref.com/en/players/d3de9af0/Duvan-Zapata,91,91,co COL,FW,30-017,90,44,1,4,9,31,6,44,4,0,0.0,4,100.0,21,130,33,0,1,0,3,3,32,8,https://fbref.com/en/players/d3de9af0/Duvan-Zapata-Duván Zapata,
3,Matteo Pessina,https://fbref.com/en/players/780e3631/Matteo-Pessina,32,32,it ITA,AM,23-362,45,23,0,2,4,17,4,23,0,0,,0,,15,51,16,1,0,1,1,0,20,5,https://fbref.com/en/players/780e3631/Matteo-Pessina-Matteo Pessina,
4,Mario Pašalić,https://fbref.com/en/players/e599253a/Mario-Pasalic,88,88,hr CRO,AM,26-068,45,21,1,8,5,8,1,21,2,0,0.0,2,100.0,12,40,31,1,0,0,3,1,13,3,https://fbref.com/en/players/e599253a/Mario-Pasalic-Mario Pašalić,
5,Remo Freuler,https://fbref.com/en/players/98d2c2c4/Remo-Freuler,11,11,ch SUI,CM,29-003,90,67,1,14,42,11,0,67,1,1,100.0,0,0.0,38,246,154,3,1,0,0,0,52,0,https://fbref.com/en/players/98d2c2c4/Remo-Freuler-Remo Freuler,
6,Marten de Roon,https://fbref.com/en/players/2a1beb34/Marten-de-Roon,15,15,nl NED,CM,30-020,90,59,3,15,36,10,0,59,1,0,0.0,1,100.0,25,178,122,1,2,0,0,2,39,0,https://fbref.com/en/players/2a1beb34/Marten-de-Roon-Marten de Roon,
7,Robin Gosens,https://fbref.com/en/players/2d970560/Robin-Gosens,8,8,de GER,WB,26-287,90,61,3,15,24,22,4,61,1,0,0.0,1,100.0,26,80,39,1,3,0,3,0,41,8,https://fbref.com/en/players/2d970560/Robin-Gosens-Robin Gosens,
8,Joakim Mæhle,https://fbref.com/en/players/c459a650/Joakim-Maehle,3,3,dk DEN,WB,23-333,71,48,2,4,18,26,0,48,3,1,33.3,2,66.7,28,180,122,4,3,0,3,1,38,9,https://fbref.com/en/players/c459a650/Joakim-Maehle-Joakim Mæhle,
9,Ruslan Malinovskyi,https://fbref.com/en/players/48d5bd33/Ruslan-Malinovskyi,18,18,ua UKR,WB,27-349,19,17,0,3,5,10,0,17,2,1,50.0,1,50.0,12,104,37,1,3,0,1,0,10,1,https://fbref.com/en/players/48d5bd33/Ruslan-Malinovskyi-Ruslan Malinovskyi,
10,Berat Djimsiti,https://fbref.com/en/players/6eee05f1/Berat-Djimsiti,19,19,al ALB,CB,28-058,90,73,9,31,38,6,1,73,0,0,,0,,35,203,121,2,3,0,0,1,42,1,https://fbref.com/en/players/6eee05f1/Berat-Djimsiti-Berat Djimsiti,
11,José Luis Palomino,https://fbref.com/en/players/921f6058/Jose-Luis-Palomino,6,6,ar ARG,CB,31-103,90,54,10,29,25,0,0,54,0,0,,0,,19,73,22,0,0,0,1,1,24,0,https://fbref.com/en/players/921f6058/Jose-Luis-Palomino-José Luis Palomino,
12,Rafael Tolói,https://fbref.com/en/players/c56dc39e/Rafael-Toloi,2,2,it ITA,CB,30-190,90,78,5,23,35,20,1,78,0,0,,0,,37,182,103,1,2,0,1,0,50,1,https://fbref.com/en/players/c56dc39e/Rafael-Toloi-Rafael Tolói,
13,Pierluigi Gollini,https://fbref.com/en/players/f0f7f62f/Pierluigi-Gollini,95,95,it ITA,GK,26-031,90,34,21,33,1,0,0,34,0,0,,0,,20,114,83,0,0,0,0,0,17,0,https://fbref.com/en/players/f0f7f62f/Pierluigi-Gollini-Pierluigi Gollini,
