,Player Name,Player Number,Player,#,Nation,Pos,Age,Min,Tkl,TklW,Def 3rd,Mid 3rd,Att 3rd,Tkl,Att,Tkl%,Lost,Blocks,Sh,Pass,Int,Tkl+Int,Clr,Err,Player Key,Player Link
0,Álvaro Morata,https://fbref.com/en/players/129af0db/Alvaro-Morata,9,9,es ESP,FW,28-177,90,1,1,0,1,0,0,1,0.0,1,0,0,0,0,1,1,0,https://fbref.com/en/players/129af0db/Alvaro-Morata-Álvaro Morata,
1,Paulo Dybala,https://fbref.com/en/players/e0921a4f/Paulo-Dybala,10,10,ar ARG,FW,27-154,67,0,0,0,0,0,0,0,,0,1,0,1,0,0,0,0,https://fbref.com/en/players/e0921a4f/Paulo-Dybala-Paulo Dybala,
2,Dejan Kulusevski,https://fbref.com/en/players/df3cda47/Dejan-Kulusevski,44,44,se SWE,FW,20-358,23,2,2,0,0,2,2,2,100.0,0,0,0,0,0,2,0,0,https://fbref.com/en/players/df3cda47/Dejan-Kulusevski-Dejan Kulusevski,
3,Federico Chiesa,https://fbref.com/en/players/b0f7e36c/Federico-Chiesa,22,22,it ITA,LM,23-175,57,3,3,1,0,2,1,1,100.0,0,0,0,0,0,3,0,0,https://fbref.com/en/players/b0f7e36c/Federico-Chiesa-Federico Chiesa,
4,Danilo,https://fbref.com/en/players/94b2001f/Danilo,13,13,br BRA,RB,29-277,33,3,1,2,0,1,2,2,100.0,0,0,0,0,0,3,1,0,https://fbref.com/en/players/94b2001f/Danilo-Danilo,
5,Adrien Rabiot,https://fbref.com/en/players/8794e251/Adrien-Rabiot,25,25,fr FRA,"CM,LM",26-015,90,0,0,0,0,0,0,0,,0,1,1,0,1,1,2,0,https://fbref.com/en/players/8794e251/Adrien-Rabiot-Adrien Rabiot,
6,Rodrigo Bentancur,https://fbref.com/en/players/3b8674e6/Rodrigo-Bentancur,30,30,uy URU,CM,23-297,90,2,1,2,0,0,1,1,100.0,0,2,0,2,2,4,0,0,https://fbref.com/en/players/3b8674e6/Rodrigo-Bentancur-Rodrigo Bentancur,
7,Weston McKennie,https://fbref.com/en/players/01c3aff5/Weston-McKennie,14,14,us USA,"RM,LM",22-233,76,3,1,0,1,2,1,2,50.0,1,0,0,0,1,4,1,0,https://fbref.com/en/players/01c3aff5/Weston-McKennie-Weston McKennie,
8,Arthur Melo,https://fbref.com/en/players/48b3dd60/Arthur-Melo,5,5,br BRA,CM,24-249,14,0,0,0,0,0,0,1,0.0,1,0,0,0,0,0,0,0,https://fbref.com/en/players/48b3dd60/Arthur-Melo-Arthur Melo,
9,Alex Sandro,https://fbref.com/en/players/0d82903c/Alex-Sandro,12,12,br BRA,LB,30-082,90,3,0,1,1,1,2,3,66.7,1,1,1,0,1,4,4,0,https://fbref.com/en/players/0d82903c/Alex-Sandro-Alex Sandro,
10,Giorgio Chiellini,https://fbref.com/en/players/e85fb9b8/Giorgio-Chiellini,3,3,it ITA,CB,36-247,90,2,1,2,0,0,1,1,100.0,0,2,1,1,4,6,4,0,https://fbref.com/en/players/e85fb9b8/Giorgio-Chiellini-Giorgio Chiellini,
11,Matthijs de Ligt,https://fbref.com/en/players/d6e53a3a/Matthijs-de-Ligt,4,4,nl NED,CB,21-249,90,2,2,2,0,0,1,1,100.0,0,3,3,0,2,4,1,0,https://fbref.com/en/players/d6e53a3a/Matthijs-de-Ligt-Matthijs de Ligt,
12,Juan Cuadrado,https://fbref.com/en/players/0ab1f153/Juan-Cuadrado,16,16,co COL,"RB,RM",32-327,90,2,2,1,1,0,1,2,50.0,1,1,0,1,1,3,0,0,https://fbref.com/en/players/0ab1f153/Juan-Cuadrado-Juan Cuadrado,
13,Wojciech Szczęsny,https://fbref.com/en/players/01b8a2b2/Wojciech-Szczesny,1,1,pl POL,GK,31-000,90,0,0,0,0,0,0,0,,0,0,0,0,0,0,0,0,https://fbref.com/en/players/01b8a2b2/Wojciech-Szczesny-Wojciech Szczęsny,
