,Player Name,Player Number,Player,#,Nation,Pos,Age,Min,Touches,Def Pen,Def 3rd,Mid 3rd,Att 3rd,Att Pen,Live,Att,Succ,Succ%,Tkld,Tkld%,Carries,TotDist,PrgDist,PrgC,1/3,CPA,Mis,Dis,Rec,PrgR,Player Key,Player Link
0,Álvaro Morata,https://fbref.com/en/players/129af0db/Alvaro-Morata,9,9,es ESP,FW,28-177,90,42,1,2,22,18,5,42,3,1,33.3,2,66.7,21,97,43,1,1,1,7,4,36,11,https://fbref.com/en/players/129af0db/Alvaro-Morata-Álvaro Morata,
1,Paulo Dybala,https://fbref.com/en/players/e0921a4f/Paulo-Dybala,10,10,ar ARG,FW,27-154,67,50,1,9,16,25,2,50,2,0,0.0,2,100.0,25,218,66,1,1,0,2,1,38,5,https://fbref.com/en/players/e0921a4f/Paulo-Dybala-Paulo Dybala,
2,Dejan Kulusevski,https://fbref.com/en/players/df3cda47/Dejan-Kulusevski,44,44,se SWE,FW,20-358,23,15,0,0,3,12,2,15,0,0,,0,,8,36,5,0,0,0,2,1,11,5,https://fbref.com/en/players/df3cda47/Dejan-Kulusevski-Dejan Kulusevski,
3,Federico Chiesa,https://fbref.com/en/players/b0f7e36c/Federico-Chiesa,22,22,it ITA,LM,23-175,57,27,0,6,4,17,2,27,1,0,0.0,1,100.0,16,62,40,0,0,0,0,0,19,4,https://fbref.com/en/players/b0f7e36c/Federico-Chiesa-Federico Chiesa,
4,Danilo,https://fbref.com/en/players/94b2001f/Danilo,13,13,br BRA,RB,29-277,33,42,2,14,17,12,1,42,0,0,,0,,28,166,124,0,1,0,0,0,30,0,https://fbref.com/en/players/94b2001f/Danilo-Danilo,
5,Adrien Rabiot,https://fbref.com/en/players/8794e251/Adrien-Rabiot,25,25,fr FRA,"CM,LM",26-015,90,70,5,17,34,21,2,70,3,2,66.7,1,33.3,41,245,80,4,2,0,0,1,48,3,https://fbref.com/en/players/8794e251/Adrien-Rabiot-Adrien Rabiot,
6,Rodrigo Bentancur,https://fbref.com/en/players/3b8674e6/Rodrigo-Bentancur,30,30,uy URU,CM,23-297,90,65,4,17,35,14,0,65,2,1,50.0,1,50.0,30,184,123,2,1,0,0,0,42,2,https://fbref.com/en/players/3b8674e6/Rodrigo-Bentancur-Rodrigo Bentancur,
7,Weston McKennie,https://fbref.com/en/players/01c3aff5/Weston-McKennie,14,14,us USA,"RM,LM",22-233,76,46,1,7,19,21,4,46,3,3,100.0,0,0.0,21,176,106,5,2,1,1,1,32,8,https://fbref.com/en/players/01c3aff5/Weston-McKennie-Weston McKennie,
8,Arthur Melo,https://fbref.com/en/players/48b3dd60/Arthur-Melo,5,5,br BRA,CM,24-249,14,18,0,2,10,6,1,18,2,2,100.0,0,0.0,13,49,15,1,1,1,1,1,16,1,https://fbref.com/en/players/48b3dd60/Arthur-Melo-Arthur Melo,
9,Alex Sandro,https://fbref.com/en/players/0d82903c/Alex-Sandro,12,12,br BRA,LB,30-082,90,90,5,30,46,14,0,90,1,1,100.0,0,0.0,51,320,190,4,2,0,0,1,64,1,https://fbref.com/en/players/0d82903c/Alex-Sandro-Alex Sandro,
10,Giorgio Chiellini,https://fbref.com/en/players/e85fb9b8/Giorgio-Chiellini,3,3,it ITA,CB,36-247,90,65,13,39,23,3,1,65,1,0,0.0,1,100.0,23,140,61,0,1,0,0,0,35,1,https://fbref.com/en/players/e85fb9b8/Giorgio-Chiellini-Giorgio Chiellini,
11,Matthijs de Ligt,https://fbref.com/en/players/d6e53a3a/Matthijs-de-Ligt,4,4,nl NED,CB,21-249,90,58,9,28,25,6,3,58,0,0,,0,,30,103,28,0,0,0,0,0,37,0,https://fbref.com/en/players/d6e53a3a/Matthijs-de-Ligt-Matthijs de Ligt,
12,Juan Cuadrado,https://fbref.com/en/players/0ab1f153/Juan-Cuadrado,16,16,co COL,"RB,RM",32-327,90,88,3,24,35,36,3,88,7,6,85.7,1,14.3,60,523,428,10,7,1,3,0,64,9,https://fbref.com/en/players/0ab1f153/Juan-Cuadrado-Juan Cuadrado,
13,Wojciech Szczęsny,https://fbref.com/en/players/01b8a2b2/Wojciech-Szczesny,1,1,pl POL,GK,31-000,90,42,29,42,0,0,0,42,1,1,100.0,0,0.0,32,168,101,0,0,0,0,0,31,0,https://fbref.com/en/players/01b8a2b2/Wojciech-Szczesny-Wojciech Szczęsny,
