,Minute,Player,Squad,xG,PSxG,Outcome,Distance,Body Part,Notes,SCA 1 Player,SCA 1 Event,SCA 2 Player,SCA 2 Event
0,9,Adrien Rabiot,Juventus,0.02,,Blocked,30,Left Foot,,Juan Cuadrado,Pass (Live),Weston McKennie,Pass (Live)
1,10,Adrien Rabiot,Juventus,0.04,,Blocked,19,Left Foot,,,,,
2,11,Luis Muriel,Atalanta,0.06,,Blocked,10,Head,,Matteo Pessina,Pass (Live),Rafael Tolói,Pass (Live)
3,13,Duván Zapata,Atalanta,0.02,,Off Target,27,Right Foot,,Matteo Pessina,Pass (Live),Duván Zapata,Pass (Live)
4,14,Juan Cuadrado,Juventus,0.06,,Blocked,11,Right Foot,,Paulo Dybala,Pass (Live),Juan Cuadrado,Pass (Live)
5,16,Federico Chiesa,Juventus,0.02,,Off Target,32,Right Foot,,Juan Cuadrado,Pass (Live),Álvaro Morata,Pass (Live)
6,19,Joakim Mæhle,Atalanta,0.03,,Blocked,23,Right Foot,,Matteo Pessina,Pass (Live),Duván Zapata,Pass (Live)
7,20,Rafael Tolói,Atalanta,0.03,,Blocked,15,Head,,Joakim Mæhle,Shot,,
8,23,Luis Muriel,Atalanta,0.03,,Blocked,25,Right Foot,,Berat Djimsiti,Pass (Live),Robin Gosens,Pass (Live)
9,24,Matteo Pessina,Atalanta,0.07,,Blocked,16,Left Foot,,Luis Muriel,Pass (Live),,
10,25,Duván Zapata,Atalanta,0.04,,Off Target,15,Head,,Marten de Roon,Pass (Live),Rafael Tolói,Pass (Live)
11,30,Matthijs de Ligt,Juventus,0.08,,Off Target,10,Head,,Paulo Dybala,Pass (Dead),,
12,30,Giorgio Chiellini,Juventus,0.05,,Blocked,13,Left Foot,,Matthijs de Ligt,Pass (Live),Matthijs de Ligt,Shot
13,34,Álvaro Morata,Juventus,0.29,,Off Target,10,Right Foot,,Federico Chiesa,Tackle,,
14,36,Rafael Tolói,Atalanta,0.02,,Off Target,30,Right Foot,,Remo Freuler,Pass (Live),Berat Djimsiti,Pass (Live)
15,39,Matthijs de Ligt,Juventus,0.04,,Off Target,13,Head,,Paulo Dybala,Pass (Dead),Weston McKennie,Take-On
16,44,Federico Chiesa,Juventus,0.08,,Blocked,14,Right Foot,,Juan Cuadrado,Pass (Live),Adrien Rabiot,Pass (Live)
17,45+1,Matthijs de Ligt,Juventus,0.08,,Off Target,10,Head,,Paulo Dybala,Pass (Dead),Paulo Dybala,Fouled
18,,,,,,,,,,,,,
19,59,Luis Muriel,Atalanta,0.03,,Off Target,22,Right Foot,,Remo Freuler,Pass (Live),Marten de Roon,Pass (Live)
20,61,Mario Pašalić,Atalanta,0.06,,Blocked,18,Right Foot,,Rafael Tolói,Pass (Live),Joakim Mæhle,Pass (Live)
21,69,Josip Iličić,Atalanta,0.03,,Blocked,30,Left Foot,,Marten de Roon,Pass (Live),,
22,70,Duván Zapata,Atalanta,0.46,,Off Target,6,Head,,Josip Iličić,Pass (Live),Joakim Mæhle,Pass (Live)
23,76,Álvaro Morata,Juventus,0.05,0.12,Saved,14,Right Foot,Volley,Dejan Kulusevski,Pass (Live),Weston McKennie,Pass (Live)
24,86,Ruslan Malinovskyi,Atalanta,0.04,0.37,Saved,35,Left Foot,Free kick,Mario Pašalić,Fouled,Marten de Roon,Pass (Live)
25,87,Ruslan Malinovskyi,Atalanta,0.02,0.12,Goal,26,Left Foot,Deflected,Josip Iličić,Pass (Live),Remo Freuler,Pass (Live)
