,Player Name,Player Number,Player,#,Nation,Pos,Age,Min,Att,Live,Dead,FK,TB,Sw,Crs,TI,CK,In,Out,Str,Cmp,Off,Blocks,Player Key,Player Link
0,Papu Gómez,https://fbref.com/en/players/6e4df551/Papu-Gomez,10,10,ar ARG,FW,32-284,90,64,60,4,1,1,5,5,0,2,2,0,0,51,0,1,https://fbref.com/en/players/6e4df551/Papu-Gomez-Papu Gómez,
1,Josip Iličić,https://fbref.com/en/players/68252d6d/Josip-Ilicic,72,72,si SVN,FW,32-301,69,43,41,1,0,0,2,1,1,0,0,0,0,35,1,2,https://fbref.com/en/players/68252d6d/Josip-Ilicic-Josip Iličić,
2,Duván Zapata,https://fbref.com/en/players/d3de9af0/Duvan-Zapata,91,91,co COL,FW,29-238,21,8,8,0,0,0,0,0,0,0,0,0,0,6,0,0,https://fbref.com/en/players/d3de9af0/Duvan-Zapata-Duván Zapata,
3,Matteo Pessina,https://fbref.com/en/players/780e3631/Matteo-Pessina,32,32,it ITA,AM,23-218,84,33,32,1,1,0,0,1,0,0,0,0,0,27,0,1,https://fbref.com/en/players/780e3631/Matteo-Pessina-Matteo Pessina,
4,Aleksei Miranchuk,https://fbref.com/en/players/a9aa0d1d/Aleksei-Miranchuk,59,59,ru RUS,AM,25-039,6,4,4,0,0,0,0,0,0,0,0,0,0,4,0,0,https://fbref.com/en/players/a9aa0d1d/Aleksei-Miranchuk-Aleksei Miranchuk,
5,Remo Freuler,https://fbref.com/en/players/98d2c2c4/Remo-Freuler,11,11,ch SUI,CM,28-224,90,72,71,1,1,0,1,1,0,0,0,0,0,62,0,0,https://fbref.com/en/players/98d2c2c4/Remo-Freuler-Remo Freuler,
6,Marten de Roon,https://fbref.com/en/players/2a1beb34/Marten-de-Roon,15,15,nl NED,CM,29-241,90,58,54,3,3,0,2,0,0,0,0,0,0,45,1,1,https://fbref.com/en/players/2a1beb34/Marten-de-Roon-Marten de Roon,
7,Robin Gosens,https://fbref.com/en/players/2d970560/Robin-Gosens,8,8,de GER,WB,26-143,74,54,48,6,0,0,0,1,6,0,0,0,0,41,0,1,https://fbref.com/en/players/2d970560/Robin-Gosens-Robin Gosens,
8,Johan Mojica,https://fbref.com/en/players/608f2092/Johan-Mojica,26,26,co COL,WB,28-096,16,11,11,0,0,0,0,0,0,0,0,0,0,10,0,0,https://fbref.com/en/players/608f2092/Johan-Mojica-Johan Mojica,
9,Hans Hateboer,https://fbref.com/en/players/3b333ac3/Hans-Hateboer,33,33,nl NED,WB,26-321,90,50,45,5,1,0,1,0,4,0,0,0,0,47,0,1,https://fbref.com/en/players/3b333ac3/Hans-Hateboer-Hans Hateboer,
10,Berat Djimsiti,https://fbref.com/en/players/6eee05f1/Berat-Djimsiti,19,19,al ALB,CB,27-280,90,53,48,5,1,0,0,0,4,0,0,0,0,42,0,1,https://fbref.com/en/players/6eee05f1/Berat-Djimsiti-Berat Djimsiti,
11,Cristian Romero,https://fbref.com/en/players/a3d94a58/Cristian-Romero,17,17,ar ARG,CB,22-212,90,56,55,1,1,0,1,0,0,0,0,0,0,49,0,1,https://fbref.com/en/players/a3d94a58/Cristian-Romero-Cristian Romero,
12,Rafael Tolói,https://fbref.com/en/players/c56dc39e/Rafael-Toloi,2,2,it ITA,CB,30-046,90,49,46,3,2,0,1,0,1,0,0,0,0,42,0,0,https://fbref.com/en/players/c56dc39e/Rafael-Toloi-Rafael Tolói,
13,Pierluigi Gollini,https://fbref.com/en/players/f0f7f62f/Pierluigi-Gollini,95,95,it ITA,GK,25-252,90,25,18,7,3,0,3,0,0,0,0,0,0,16,0,0,https://fbref.com/en/players/f0f7f62f/Pierluigi-Gollini-Pierluigi Gollini,
