,Player Name,Player Number,Player,#,Nation,Pos,Age,Min,Gls,Ast,PK,PKatt,Sh,SoT,CrdY,CrdR,Touches,Tkl,Int,Blocks,xG,npxG,xAG,SCA,GCA,Cmp,Att,Cmp%,PrgP,Carries,PrgC,Att,Succ,Player Key,Player Link
0,Papu Gómez,https://fbref.com/en/players/6e4df551/Papu-Gomez,10,10,ar ARG,FW,32-284,90,0,1,0,0,2,1,0,0,70,0,0,1,0.1,0.1,0.5,3,2,51,64,79.7,8,49,4,0,0,https://fbref.com/en/players/6e4df551/Papu-Gomez-Papu Gómez,
1,Josip Iličić,https://fbref.com/en/players/68252d6d/Josip-Ilicic,72,72,si SVN,FW,32-301,69,1,0,0,0,3,1,0,0,57,1,1,0,0.6,0.6,0.0,0,0,35,43,81.4,8,40,2,2,1,https://fbref.com/en/players/68252d6d/Josip-Ilicic-Josip Iličić,
2,Duván Zapata,https://fbref.com/en/players/d3de9af0/Duvan-Zapata,91,91,co COL,FW,29-238,21,0,0,0,0,1,0,0,0,13,0,0,0,0.1,0.1,0.0,0,0,6,8,75.0,0,10,0,3,2,https://fbref.com/en/players/d3de9af0/Duvan-Zapata-Duván Zapata,
3,Matteo Pessina,https://fbref.com/en/players/780e3631/Matteo-Pessina,32,32,it ITA,AM,23-218,84,0,0,0,0,0,0,0,0,48,3,2,3,0.0,0.0,0.1,2,1,27,33,81.8,2,23,1,1,0,https://fbref.com/en/players/780e3631/Matteo-Pessina-Matteo Pessina,
4,Aleksei Miranchuk,https://fbref.com/en/players/a9aa0d1d/Aleksei-Miranchuk,59,59,ru RUS,AM,25-039,6,0,0,0,0,0,0,0,0,7,0,2,0,0.0,0.0,0.0,0,0,4,4,100.0,1,4,1,1,1,https://fbref.com/en/players/a9aa0d1d/Aleksei-Miranchuk-Aleksei Miranchuk,
5,Remo Freuler,https://fbref.com/en/players/98d2c2c4/Remo-Freuler,11,11,ch SUI,CM,28-224,90,0,0,0,0,0,0,0,0,86,3,2,1,0.0,0.0,0.0,2,0,62,72,86.1,4,41,4,1,1,https://fbref.com/en/players/98d2c2c4/Remo-Freuler-Remo Freuler,
6,Marten de Roon,https://fbref.com/en/players/2a1beb34/Marten-de-Roon,15,15,nl NED,CM,29-241,90,0,0,0,0,0,0,1,0,66,5,3,1,0.0,0.0,0.0,0,0,45,58,77.6,4,33,0,0,0,https://fbref.com/en/players/2a1beb34/Marten-de-Roon-Marten de Roon,
7,Robin Gosens,https://fbref.com/en/players/2d970560/Robin-Gosens,8,8,de GER,WB,26-143,74,1,0,0,0,2,2,0,0,66,4,0,1,0.5,0.5,0.0,2,0,41,54,75.9,5,32,2,2,1,https://fbref.com/en/players/2d970560/Robin-Gosens-Robin Gosens,
8,Johan Mojica,https://fbref.com/en/players/608f2092/Johan-Mojica,26,26,co COL,WB,28-096,16,0,0,0,0,0,0,0,0,12,0,1,0,0.0,0.0,0.0,0,0,10,11,90.9,1,4,1,0,0,https://fbref.com/en/players/608f2092/Johan-Mojica-Johan Mojica,
9,Hans Hateboer,https://fbref.com/en/players/3b333ac3/Hans-Hateboer,33,33,nl NED,WB,26-321,90,0,1,0,0,0,0,0,0,58,3,1,0,0.0,0.0,0.5,1,1,47,50,94.0,2,27,2,0,0,https://fbref.com/en/players/3b333ac3/Hans-Hateboer-Hans Hateboer,
10,Berat Djimsiti,https://fbref.com/en/players/6eee05f1/Berat-Djimsiti,19,19,al ALB,CB,27-280,90,0,0,0,0,0,0,0,0,63,2,4,0,0.0,0.0,0.0,0,0,42,53,79.2,2,22,1,1,1,https://fbref.com/en/players/6eee05f1/Berat-Djimsiti-Berat Djimsiti,
11,Cristian Romero,https://fbref.com/en/players/a3d94a58/Cristian-Romero,17,17,ar ARG,CB,22-212,90,0,0,0,0,0,0,0,0,71,0,4,1,0.0,0.0,0.0,1,0,49,56,87.5,1,37,0,0,0,https://fbref.com/en/players/a3d94a58/Cristian-Romero-Cristian Romero,
12,Rafael Tolói,https://fbref.com/en/players/c56dc39e/Rafael-Toloi,2,2,it ITA,CB,30-046,90,0,0,0,0,0,0,0,0,57,2,2,2,0.0,0.0,0.0,1,0,42,49,85.7,1,28,2,0,0,https://fbref.com/en/players/c56dc39e/Rafael-Toloi-Rafael Tolói,
13,Pierluigi Gollini,https://fbref.com/en/players/f0f7f62f/Pierluigi-Gollini,95,95,it ITA,GK,25-252,90,0,0,0,0,0,0,0,0,28,0,0,0,0.0,0.0,0.0,0,0,16,25,64.0,0,14,0,0,0,https://fbref.com/en/players/f0f7f62f/Pierluigi-Gollini-Pierluigi Gollini,
