,Player Name,Player Number,Player,#,Nation,Pos,Age,Min,Touches,Def Pen,Def 3rd,Mid 3rd,Att 3rd,Att Pen,Live,Att,Succ,Succ%,Tkld,Tkld%,Carries,TotDist,PrgDist,PrgC,1/3,CPA,Mis,Dis,Rec,PrgR,Player Key,Player Link
0,Papu Gómez,https://fbref.com/en/players/6e4df551/Papu-Gomez,10,10,ar ARG,FW,32-284,90,70,0,5,31,35,2,70,0,0,,0,,49,328,165,4,4,2,3,1,58,12,https://fbref.com/en/players/6e4df551/Papu-Gomez-Papu Gómez,
1,Josip Iličić,https://fbref.com/en/players/68252d6d/Josip-Ilicic,72,72,si SVN,FW,32-301,69,57,0,3,27,27,1,57,2,1,50.0,1,50.0,40,161,87,2,2,0,4,2,49,3,https://fbref.com/en/players/68252d6d/Josip-Ilicic-Josip Iličić,
2,Duván Zapata,https://fbref.com/en/players/d3de9af0/Duvan-Zapata,91,91,co COL,FW,29-238,21,13,0,0,9,4,1,13,3,2,66.7,1,33.3,10,33,9,0,0,0,1,1,10,1,https://fbref.com/en/players/d3de9af0/Duvan-Zapata-Duván Zapata,
3,Matteo Pessina,https://fbref.com/en/players/780e3631/Matteo-Pessina,32,32,it ITA,AM,23-218,84,48,1,10,18,20,3,48,1,0,0.0,1,100.0,23,71,13,1,1,1,3,3,31,4,https://fbref.com/en/players/780e3631/Matteo-Pessina-Matteo Pessina,
4,Aleksei Miranchuk,https://fbref.com/en/players/a9aa0d1d/Aleksei-Miranchuk,59,59,ru RUS,AM,25-039,6,7,0,1,5,1,0,7,1,1,100.0,0,0.0,4,31,17,1,1,0,1,0,3,0,https://fbref.com/en/players/a9aa0d1d/Aleksei-Miranchuk-Aleksei Miranchuk,
5,Remo Freuler,https://fbref.com/en/players/98d2c2c4/Remo-Freuler,11,11,ch SUI,CM,28-224,90,86,6,20,47,19,2,86,1,1,100.0,0,0.0,41,207,119,4,3,1,3,4,63,0,https://fbref.com/en/players/98d2c2c4/Remo-Freuler-Remo Freuler,
6,Marten de Roon,https://fbref.com/en/players/2a1beb34/Marten-de-Roon,15,15,nl NED,CM,29-241,90,66,0,12,48,7,0,66,0,0,,0,,33,136,80,0,1,0,1,1,40,0,https://fbref.com/en/players/2a1beb34/Marten-de-Roon-Marten de Roon,
7,Robin Gosens,https://fbref.com/en/players/2d970560/Robin-Gosens,8,8,de GER,WB,26-143,74,66,1,16,32,18,6,66,2,1,50.0,1,50.0,32,122,73,2,1,1,2,0,47,9,https://fbref.com/en/players/2d970560/Robin-Gosens-Robin Gosens,
8,Johan Mojica,https://fbref.com/en/players/608f2092/Johan-Mojica,26,26,co COL,WB,28-096,16,12,0,4,6,2,0,12,0,0,,0,,4,18,7,1,0,0,0,0,9,0,https://fbref.com/en/players/608f2092/Johan-Mojica-Johan Mojica,
9,Hans Hateboer,https://fbref.com/en/players/3b333ac3/Hans-Hateboer,33,33,nl NED,WB,26-321,90,58,2,16,22,20,1,58,0,0,,0,,27,100,40,2,2,0,1,1,40,8,https://fbref.com/en/players/3b333ac3/Hans-Hateboer-Hans Hateboer,
10,Berat Djimsiti,https://fbref.com/en/players/6eee05f1/Berat-Djimsiti,19,19,al ALB,CB,27-280,90,63,6,39,19,5,0,63,1,1,100.0,0,0.0,22,91,60,1,2,0,0,0,36,1,https://fbref.com/en/players/6eee05f1/Berat-Djimsiti-Berat Djimsiti,
11,Cristian Romero,https://fbref.com/en/players/a3d94a58/Cristian-Romero,17,17,ar ARG,CB,22-212,90,71,11,39,32,0,0,71,0,0,,0,,37,245,136,0,0,0,0,1,40,0,https://fbref.com/en/players/a3d94a58/Cristian-Romero-Cristian Romero,
12,Rafael Tolói,https://fbref.com/en/players/c56dc39e/Rafael-Toloi,2,2,it ITA,CB,30-046,90,57,4,19,32,8,0,57,0,0,,0,,28,140,65,2,1,0,1,0,37,0,https://fbref.com/en/players/c56dc39e/Rafael-Toloi-Rafael Tolói,
13,Pierluigi Gollini,https://fbref.com/en/players/f0f7f62f/Pierluigi-Gollini,95,95,it ITA,GK,25-252,90,28,23,28,0,0,0,28,0,0,,0,,14,75,42,0,0,0,0,0,12,0,https://fbref.com/en/players/f0f7f62f/Pierluigi-Gollini-Pierluigi Gollini,
