,Player Name,Player Number,Player,#,Nation,Pos,Age,Min,Gls,Ast,PK,PKatt,Sh,SoT,CrdY,CrdR,Touches,Tkl,Int,Blocks,xG,npxG,xAG,SCA,GCA,Cmp,Att,Cmp%,PrgP,Carries,PrgC,Att,Succ,Player Key,Player Link
0,Divock Origi,https://fbref.com/en/players/43a166b4/Divock-Origi,27,27,be BEL,FW,25-221,60,0,0,0,0,0,0,0,0,21,0,0,1,0.0,0.0,0.0,0,0,9,12,75.0,1,14,0,3,0,https://fbref.com/en/players/43a166b4/Divock-Origi-Divock Origi,
1,Diogo Jota,https://fbref.com/en/players/178ae8f8/Diogo-Jota,20,20,pt POR,"RW,LW",23-357,30,0,0,0,0,0,0,0,0,17,0,0,0,0.0,0.0,0.0,0,0,10,14,71.4,1,14,1,1,0,https://fbref.com/en/players/178ae8f8/Diogo-Jota-Diogo Jota,
2,Sadio Mané,https://fbref.com/en/players/c691bfe2/Sadio-Mane,10,10,sn SEN,"LW,RW",28-229,90,0,0,0,0,0,0,0,0,40,2,0,3,0.0,0.0,0.0,0,0,16,25,64.0,1,28,0,4,1,https://fbref.com/en/players/c691bfe2/Sadio-Mane-Sadio Mané,
3,Mohamed Salah,https://fbref.com/en/players/e342ad68/Mohamed-Salah,11,11,eg EGY,RW,28-163,60,0,0,0,0,1,0,0,0,26,0,0,0,0.1,0.1,0.0,1,0,15,21,71.4,2,17,3,3,3,https://fbref.com/en/players/e342ad68/Mohamed-Salah-Mohamed Salah,
4,Roberto Firmino,https://fbref.com/en/players/4c370d81/Roberto-Firmino,9,9,br BRA,"FW,LM",29-054,30,0,0,0,0,0,0,0,0,18,1,1,0,0.0,0.0,0.0,0,0,12,14,85.7,1,14,1,1,1,https://fbref.com/en/players/4c370d81/Roberto-Firmino-Roberto Firmino,
5,James Milner,https://fbref.com/en/players/2f90f6b8/James-Milner,7,7,eng ENG,"LM,CM",34-326,90,0,0,0,0,1,0,0,0,81,2,0,2,0.0,0.0,0.0,1,0,56,70,80.0,4,49,2,1,1,https://fbref.com/en/players/2f90f6b8/James-Milner-James Milner,
6,Georginio Wijnaldum,https://fbref.com/en/players/eb58eef0/Georginio-Wijnaldum,5,5,nl NED,CM,30-014,60,0,0,0,0,0,0,0,0,40,2,0,0,0.0,0.0,0.0,0,0,34,36,94.4,1,28,2,0,0,https://fbref.com/en/players/eb58eef0/Georginio-Wijnaldum-Georginio Wijnaldum,
7,Fabinho,https://fbref.com/en/players/7f3b388c/Fabinho,3,3,br BRA,"CM,CB",27-033,30,0,0,0,0,0,0,0,0,39,2,0,0,0.0,0.0,0.0,0,0,33,37,89.2,0,30,0,0,0,https://fbref.com/en/players/7f3b388c/Fabinho-Fabinho,
8,Curtis Jones,https://fbref.com/en/players/4fb9c88f/Curtis-Jones,17,17,eng ENG,RM,19-300,90,0,0,0,0,0,0,0,0,83,4,1,0,0.0,0.0,0.0,2,0,65,69,94.2,7,59,3,0,0,https://fbref.com/en/players/4fb9c88f/Curtis-Jones-Curtis Jones,
9,Kostas Tsimikas,https://fbref.com/en/players/f315ca93/Kostas-Tsimikas,21,21,gr GRE,LB,24-197,60,0,0,0,0,0,0,1,0,49,1,1,0,0.0,0.0,0.0,0,0,33,45,73.3,3,35,8,1,1,https://fbref.com/en/players/f315ca93/Kostas-Tsimikas-Kostas Tsimikas,
10,Andrew Robertson,https://fbref.com/en/players/2e4f5f03/Andrew-Robertson,26,26,sct SCO,LB,26-259,30,0,0,0,0,0,0,0,0,44,0,0,1,0.0,0.0,0.1,2,0,33,43,76.7,1,32,5,0,0,https://fbref.com/en/players/2e4f5f03/Andrew-Robertson-Andrew Robertson,
11,Rhys Williams,https://fbref.com/en/players/012c975a/Rhys-Williams,46,46,eng ENG,CB,19-296,90,0,0,0,0,0,0,0,0,84,0,3,0,0.0,0.0,0.0,0,0,72,78,92.3,1,64,0,0,0,https://fbref.com/en/players/012c975a/Rhys-Williams-Rhys Williams,
12,Joël Matip,https://fbref.com/en/players/b217ef29/Joel-Matip,32,32,cm CMR,CB,29-109,84,0,0,0,0,1,0,0,0,87,2,0,0,0.1,0.1,0.0,1,0,69,79,87.3,7,69,1,0,0,https://fbref.com/en/players/b217ef29/Joel-Matip-Joël Matip,
13,Takumi Minamino,https://fbref.com/en/players/f833a830/Takumi-Minamino,18,18,jp JPN,FW,25-314,6,0,0,0,0,0,0,0,0,3,0,0,0,0.0,0.0,0.0,0,0,3,3,100.0,1,3,0,0,0,https://fbref.com/en/players/f833a830/Takumi-Minamino-Takumi Minamino,
14,Neco Williams,https://fbref.com/en/players/dd323728/Neco-Williams,76,76,wls WAL,RB,19-226,90,0,0,0,0,1,0,0,0,105,2,5,1,0.0,0.0,0.0,1,0,68,90,75.6,11,72,0,2,1,https://fbref.com/en/players/dd323728/Neco-Williams-Neco Williams,
15,Alisson,https://fbref.com/en/players/7a2e46a8/Alisson,1,1,br BRA,GK,28-054,90,0,0,0,0,0,0,0,0,40,0,0,0,0.0,0.0,0.0,0,0,36,39,92.3,0,22,0,0,0,https://fbref.com/en/players/7a2e46a8/Alisson-Alisson,
