,Player Name,Player Number,Player,#,Nation,Pos,Age,Min,Touches,Def Pen,Def 3rd,Mid 3rd,Att 3rd,Att Pen,Live,Att,Succ,Succ%,Tkld,Tkld%,Carries,TotDist,PrgDist,PrgC,1/3,CPA,Mis,Dis,Rec,PrgR,Player Key,Player Link
0,Divock Origi,https://fbref.com/en/players/43a166b4/Divock-Origi,27,27,be BEL,FW,25-221,60,21,1,2,7,12,0,21,3,0,0.0,3,100.0,14,58,14,0,0,0,2,0,15,2,https://fbref.com/en/players/43a166b4/Divock-Origi-Divock Origi,
1,Diogo Jota,https://fbref.com/en/players/178ae8f8/Diogo-Jota,20,20,pt POR,"RW,LW",23-357,30,17,0,1,9,8,1,17,1,0,0.0,1,100.0,14,74,39,1,0,0,0,1,17,7,https://fbref.com/en/players/178ae8f8/Diogo-Jota-Diogo Jota,
2,Sadio Mané,https://fbref.com/en/players/c691bfe2/Sadio-Mane,10,10,sn SEN,"LW,RW",28-229,90,40,0,2,17,22,1,40,4,1,25.0,3,75.0,28,135,59,0,1,0,5,2,27,5,https://fbref.com/en/players/c691bfe2/Sadio-Mane-Sadio Mané,
3,Mohamed Salah,https://fbref.com/en/players/e342ad68/Mohamed-Salah,11,11,eg EGY,RW,28-163,60,26,1,3,12,13,4,26,3,3,100.0,0,0.0,17,94,50,3,1,2,2,2,18,9,https://fbref.com/en/players/e342ad68/Mohamed-Salah-Mohamed Salah,
4,Roberto Firmino,https://fbref.com/en/players/4c370d81/Roberto-Firmino,9,9,br BRA,"FW,LM",29-054,30,18,0,1,10,7,2,18,1,1,100.0,0,0.0,14,42,17,1,1,0,2,1,14,3,https://fbref.com/en/players/4c370d81/Roberto-Firmino-Roberto Firmino,
5,James Milner,https://fbref.com/en/players/2f90f6b8/James-Milner,7,7,eng ENG,"LM,CM",34-326,90,81,0,9,53,21,1,81,1,1,100.0,0,0.0,49,243,143,2,3,0,1,0,53,0,https://fbref.com/en/players/2f90f6b8/James-Milner-James Milner,
6,Georginio Wijnaldum,https://fbref.com/en/players/eb58eef0/Georginio-Wijnaldum,5,5,nl NED,CM,30-014,60,40,1,5,32,3,0,40,0,0,,0,,28,120,45,2,1,0,1,2,27,0,https://fbref.com/en/players/eb58eef0/Georginio-Wijnaldum-Georginio Wijnaldum,
7,Fabinho,https://fbref.com/en/players/7f3b388c/Fabinho,3,3,br BRA,"CM,CB",27-033,30,39,0,3,35,2,0,39,0,0,,0,,30,122,49,0,0,0,0,0,29,0,https://fbref.com/en/players/7f3b388c/Fabinho-Fabinho,
8,Curtis Jones,https://fbref.com/en/players/4fb9c88f/Curtis-Jones,17,17,eng ENG,RM,19-300,90,83,0,8,51,24,2,83,0,0,,0,,59,239,59,3,3,1,3,3,64,8,https://fbref.com/en/players/4fb9c88f/Curtis-Jones-Curtis Jones,
9,Kostas Tsimikas,https://fbref.com/en/players/f315ca93/Kostas-Tsimikas,21,21,gr GRE,LB,24-197,60,49,2,9,28,12,1,49,1,1,100.0,0,0.0,35,323,243,8,5,0,0,1,32,2,https://fbref.com/en/players/f315ca93/Kostas-Tsimikas-Kostas Tsimikas,
10,Andrew Robertson,https://fbref.com/en/players/2e4f5f03/Andrew-Robertson,26,26,sct SCO,LB,26-259,30,44,1,5,22,17,0,44,0,0,,0,,32,266,213,5,7,0,0,0,31,2,https://fbref.com/en/players/2e4f5f03/Andrew-Robertson-Andrew Robertson,
11,Rhys Williams,https://fbref.com/en/players/012c975a/Rhys-Williams,46,46,eng ENG,CB,19-296,90,84,1,25,57,2,1,84,0,0,,0,,64,180,65,0,1,0,0,0,68,1,https://fbref.com/en/players/012c975a/Rhys-Williams-Rhys Williams,
12,Joël Matip,https://fbref.com/en/players/b217ef29/Joel-Matip,32,32,cm CMR,CB,29-109,84,87,5,37,49,1,1,87,0,0,,0,,69,323,206,1,0,0,0,0,70,0,https://fbref.com/en/players/b217ef29/Joel-Matip-Joël Matip,
13,Takumi Minamino,https://fbref.com/en/players/f833a830/Takumi-Minamino,18,18,jp JPN,FW,25-314,6,3,0,0,3,0,0,3,0,0,,0,,3,8,6,0,0,0,0,1,3,1,https://fbref.com/en/players/f833a830/Takumi-Minamino-Takumi Minamino,
14,Neco Williams,https://fbref.com/en/players/dd323728/Neco-Williams,76,76,wls WAL,RB,19-226,90,105,4,21,61,23,0,105,2,1,50.0,1,50.0,72,357,188,0,3,0,2,2,71,2,https://fbref.com/en/players/dd323728/Neco-Williams-Neco Williams,
15,Alisson,https://fbref.com/en/players/7a2e46a8/Alisson,1,1,br BRA,GK,28-054,90,40,29,40,0,0,0,40,0,0,,0,,22,89,62,0,0,0,0,0,24,0,https://fbref.com/en/players/7a2e46a8/Alisson-Alisson,
