,Player Name,Player Number,Player,#,Nation,Pos,Age,Min,Att,Live,Dead,FK,TB,Sw,Crs,TI,CK,In,Out,Str,Cmp,Off,Blocks,Player Key,Player Link
0,Divock Origi,https://fbref.com/en/players/43a166b4/Divock-Origi,27,27,be BEL,FW,25-221,60,12,12,0,0,0,0,0,0,0,0,0,0,9,0,1,https://fbref.com/en/players/43a166b4/Divock-Origi-Divock Origi,
1,Diogo Jota,https://fbref.com/en/players/178ae8f8/Diogo-Jota,20,20,pt POR,"RW,LW",23-357,30,14,14,0,0,0,0,1,0,0,0,0,0,10,0,0,https://fbref.com/en/players/178ae8f8/Diogo-Jota-Diogo Jota,
2,Sadio Mané,https://fbref.com/en/players/c691bfe2/Sadio-Mane,10,10,sn SEN,"LW,RW",28-229,90,25,25,0,0,0,1,0,0,0,0,0,0,16,0,2,https://fbref.com/en/players/c691bfe2/Sadio-Mane-Sadio Mané,
3,Mohamed Salah,https://fbref.com/en/players/e342ad68/Mohamed-Salah,11,11,eg EGY,RW,28-163,60,21,21,0,0,0,0,0,0,0,0,0,0,15,0,0,https://fbref.com/en/players/e342ad68/Mohamed-Salah-Mohamed Salah,
4,Roberto Firmino,https://fbref.com/en/players/4c370d81/Roberto-Firmino,9,9,br BRA,"FW,LM",29-054,30,14,13,1,0,0,0,0,0,0,0,0,0,12,0,0,https://fbref.com/en/players/4c370d81/Roberto-Firmino-Roberto Firmino,
5,James Milner,https://fbref.com/en/players/2f90f6b8/James-Milner,7,7,eng ENG,"LM,CM",34-326,90,70,61,9,7,0,1,1,0,0,0,0,0,56,0,3,https://fbref.com/en/players/2f90f6b8/James-Milner-James Milner,
6,Georginio Wijnaldum,https://fbref.com/en/players/eb58eef0/Georginio-Wijnaldum,5,5,nl NED,CM,30-014,60,36,34,2,2,0,0,0,0,0,0,0,0,34,0,0,https://fbref.com/en/players/eb58eef0/Georginio-Wijnaldum-Georginio Wijnaldum,
7,Fabinho,https://fbref.com/en/players/7f3b388c/Fabinho,3,3,br BRA,"CM,CB",27-033,30,37,36,1,1,0,0,0,0,0,0,0,0,33,0,0,https://fbref.com/en/players/7f3b388c/Fabinho-Fabinho,
8,Curtis Jones,https://fbref.com/en/players/4fb9c88f/Curtis-Jones,17,17,eng ENG,RM,19-300,90,69,66,3,1,0,0,1,2,0,0,0,0,65,0,0,https://fbref.com/en/players/4fb9c88f/Curtis-Jones-Curtis Jones,
9,Kostas Tsimikas,https://fbref.com/en/players/f315ca93/Kostas-Tsimikas,21,21,gr GRE,LB,24-197,60,45,40,5,1,0,0,4,4,0,0,0,0,33,0,0,https://fbref.com/en/players/f315ca93/Kostas-Tsimikas-Kostas Tsimikas,
10,Andrew Robertson,https://fbref.com/en/players/2e4f5f03/Andrew-Robertson,26,26,sct SCO,LB,26-259,30,43,37,6,2,0,1,6,2,2,0,1,0,33,0,0,https://fbref.com/en/players/2e4f5f03/Andrew-Robertson-Andrew Robertson,
11,Rhys Williams,https://fbref.com/en/players/012c975a/Rhys-Williams,46,46,eng ENG,CB,19-296,90,78,78,0,0,0,0,0,0,0,0,0,0,72,0,0,https://fbref.com/en/players/012c975a/Rhys-Williams-Rhys Williams,
12,Joël Matip,https://fbref.com/en/players/b217ef29/Joel-Matip,32,32,cm CMR,CB,29-109,84,79,78,1,0,0,0,0,1,0,0,0,0,69,0,0,https://fbref.com/en/players/b217ef29/Joel-Matip-Joël Matip,
13,Takumi Minamino,https://fbref.com/en/players/f833a830/Takumi-Minamino,18,18,jp JPN,FW,25-314,6,3,3,0,0,0,0,0,0,0,0,0,0,3,0,0,https://fbref.com/en/players/f833a830/Takumi-Minamino-Takumi Minamino,
14,Neco Williams,https://fbref.com/en/players/dd323728/Neco-Williams,76,76,wls WAL,RB,19-226,90,90,73,15,1,0,1,3,14,0,0,0,0,68,2,3,https://fbref.com/en/players/dd323728/Neco-Williams-Neco Williams,
15,Alisson,https://fbref.com/en/players/7a2e46a8/Alisson,1,1,br BRA,GK,28-054,90,39,30,9,2,0,0,0,0,0,0,0,0,36,0,0,https://fbref.com/en/players/7a2e46a8/Alisson-Alisson,
