,Minute,Player,Squad,xG,PSxG,Outcome,Distance,Body Part,Notes,SCA 1 Player,SCA 1 Event,SCA 2 Player,SCA 2 Event
0,4,Josip Iličić,Atalanta,0.04,,Off Target,25,Left Foot,,,,,
1,9,Robin Gosens,Atalanta,0.04,0.22,Saved,20,Left Foot,,Cristian Romero,Pass (Live),Rafael Tolói,Pass (Live)
2,10,Papu Gómez,Atalanta,0.05,,Off Target,18,Right Foot,,,,,
3,21,Josip Iličić,Atalanta,0.05,,Off Target,21,Left Foot,,Papu Gómez,Pass (Live),Robin Gosens,Pass (Live)
4,44,Mohamed Salah,Liverpool,0.05,,Off Target,14,Right Foot,,Curtis Jones,Pass (Live),James Milner,Pass (Dead)
5,,,,,,,,,,,,,
6,48,Papu Gómez,Atalanta,0.02,0.29,Saved,30,Right Foot,,Remo Freuler,Pass (Dead),Robin Gosens,Fouled
7,50,Neco Williams,Liverpool,0.04,,Off Target,23,Right Foot,,Mohamed Salah,Pass (Live),Neco Williams,Pass (Live)
8,60,Josip Iličić,Atalanta,0.51,0.71,Goal,7,Right Foot,Volley,Papu Gómez,Pass (Live),Matteo Pessina,Pass (Live)
9,63,James Milner,Liverpool,0.02,,Blocked,28,Right Foot,,Curtis Jones,Pass (Live),Andrew Robertson,Pass (Dead)
10,64,Robin Gosens,Atalanta,0.48,0.90,Goal,10,Left Foot,Volley,Hans Hateboer,Pass (Live),Papu Gómez,Pass (Live)
11,68,Joël Matip,Liverpool,0.05,,Off Target,11,Head,,Andrew Robertson,Pass (Dead),Joël Matip,Pass (Live)
12,82,Duván Zapata,Atalanta,0.07,,Off Target,17,Right Foot,,Matteo Pessina,Pass (Live),Remo Freuler,Pass (Live)
