,Player Name,Player Number,Player,#,Nation,Pos,Age,Min,Att,Live,Dead,FK,TB,Sw,Crs,TI,CK,In,Out,Str,Cmp,Off,Blocks,Player Key,Player Link
0,Duván Zapata,https://fbref.com/en/players/d3de9af0/Duvan-Zapata,91,91,co COL,FW,29-354,76,16,16,0,0,0,0,1,0,0,0,0,0,11,0,0,https://fbref.com/en/players/d3de9af0/Duvan-Zapata-Duván Zapata,
1,Luis Muriel,https://fbref.com/en/players/eb2fe5b6/Luis-Muriel,9,9,co COL,FW,29-339,14,5,5,0,0,0,0,0,0,0,0,0,0,3,0,1,https://fbref.com/en/players/eb2fe5b6/Luis-Muriel-Luis Muriel,
2,Aleksei Miranchuk,https://fbref.com/en/players/a9aa0d1d/Aleksei-Miranchuk,59,59,ru RUS,LW,25-155,63,28,27,1,0,0,0,1,1,0,0,0,0,17,0,1,https://fbref.com/en/players/a9aa0d1d/Aleksei-Miranchuk-Aleksei Miranchuk,
3,Mario Pašalić,https://fbref.com/en/players/e599253a/Mario-Pasalic,88,88,hr CRO,LW,26-040,27,15,15,0,0,0,0,0,0,0,0,0,0,9,0,0,https://fbref.com/en/players/e599253a/Mario-Pasalic-Mario Pašalić,
4,Ruslan Malinovskyi,https://fbref.com/en/players/48d5bd33/Ruslan-Malinovskyi,18,18,ua UKR,RW,27-321,86,47,36,10,4,1,3,9,0,6,2,4,0,29,1,0,https://fbref.com/en/players/48d5bd33/Ruslan-Malinovskyi-Ruslan Malinovskyi,
5,Viktor Kovalenko,https://fbref.com/en/players/9d60028d/Viktor-Kovalenko,20,20,ua UKR,RW,25-035,4,1,1,0,0,0,0,0,0,0,0,0,0,1,0,0,https://fbref.com/en/players/9d60028d/Viktor-Kovalenko-Viktor Kovalenko,
6,Matteo Pessina,https://fbref.com/en/players/780e3631/Matteo-Pessina,32,32,it ITA,AM,23-334,76,24,23,1,0,0,0,2,0,0,0,0,0,11,0,0,https://fbref.com/en/players/780e3631/Matteo-Pessina-Matteo Pessina,
7,Josip Iličić,https://fbref.com/en/players/68252d6d/Josip-Ilicic,72,72,si SVN,AM,33-051,14,17,16,1,0,0,0,2,0,1,1,0,0,10,0,1,https://fbref.com/en/players/68252d6d/Josip-Ilicic-Josip Iličić,
8,Remo Freuler,https://fbref.com/en/players/98d2c2c4/Remo-Freuler,11,11,ch SUI,DM,28-340,90,40,35,5,5,0,0,1,0,0,0,0,0,27,0,0,https://fbref.com/en/players/98d2c2c4/Remo-Freuler-Remo Freuler,
9,Marten de Roon,https://fbref.com/en/players/2a1beb34/Marten-de-Roon,15,15,nl NED,DM,29-357,90,45,44,1,1,0,1,0,0,0,0,0,0,29,0,1,https://fbref.com/en/players/2a1beb34/Marten-de-Roon-Marten de Roon,
10,Berat Djimsiti,https://fbref.com/en/players/6eee05f1/Berat-Djimsiti,19,19,al ALB,LB,28-030,90,51,42,9,1,0,0,1,8,0,0,0,0,38,0,0,https://fbref.com/en/players/6eee05f1/Berat-Djimsiti-Berat Djimsiti,
11,José Luis Palomino,https://fbref.com/en/players/921f6058/Jose-Luis-Palomino,6,6,ar ARG,CB,31-075,90,34,30,4,3,0,0,1,1,0,0,0,0,23,0,0,https://fbref.com/en/players/921f6058/Jose-Luis-Palomino-José Luis Palomino,
12,Cristian Romero,https://fbref.com/en/players/a3d94a58/Cristian-Romero,17,17,ar ARG,CB,22-328,90,43,40,3,3,0,0,0,0,0,0,0,0,31,0,0,https://fbref.com/en/players/a3d94a58/Cristian-Romero-Cristian Romero,
13,Rafael Tolói,https://fbref.com/en/players/c56dc39e/Rafael-Toloi,2,2,it ITA,RB,30-162,63,27,23,4,1,0,0,0,3,0,0,0,0,17,0,0,https://fbref.com/en/players/c56dc39e/Rafael-Toloi-Rafael Tolói,
14,Joakim Mæhle,https://fbref.com/en/players/c459a650/Joakim-Maehle,3,3,dk DEN,RB,23-305,27,22,19,3,1,0,0,0,2,0,0,0,0,17,0,0,https://fbref.com/en/players/c459a650/Joakim-Maehle-Joakim Mæhle,
15,Pierluigi Gollini,https://fbref.com/en/players/f0f7f62f/Pierluigi-Gollini,95,95,it ITA,GK,26-003,90,30,18,10,5,0,0,0,0,0,0,0,0,20,2,0,https://fbref.com/en/players/f0f7f62f/Pierluigi-Gollini-Pierluigi Gollini,
