,Player Name,Player Number,Player,#,Nation,Pos,Age,Min,Touches,Def Pen,Def 3rd,Mid 3rd,Att 3rd,Att Pen,Live,Att,Succ,Succ%,Tkld,Tkld%,Carries,TotDist,PrgDist,PrgC,1/3,CPA,Mis,Dis,Rec,PrgR,Player Key,Player Link
0,Duván Zapata,https://fbref.com/en/players/d3de9af0/Duvan-Zapata,91,91,co COL,FW,29-354,76,27,0,0,12,16,7,27,4,2,50.0,2,50.0,23,180,86,6,2,5,3,3,30,10,https://fbref.com/en/players/d3de9af0/Duvan-Zapata-Duván Zapata,
1,Luis Muriel,https://fbref.com/en/players/eb2fe5b6/Luis-Muriel,9,9,co COL,FW,29-339,14,9,0,1,2,6,1,9,1,1,100.0,0,0.0,5,39,35,1,0,2,1,1,9,4,https://fbref.com/en/players/eb2fe5b6/Luis-Muriel-Luis Muriel,
2,Aleksei Miranchuk,https://fbref.com/en/players/a9aa0d1d/Aleksei-Miranchuk,59,59,ru RUS,LW,25-155,63,38,0,7,21,10,1,38,1,0,0.0,1,100.0,16,57,16,0,1,0,0,3,19,1,https://fbref.com/en/players/a9aa0d1d/Aleksei-Miranchuk-Aleksei Miranchuk,
3,Mario Pašalić,https://fbref.com/en/players/e599253a/Mario-Pasalic,88,88,hr CRO,LW,26-040,27,18,0,2,9,7,0,18,1,0,0.0,1,100.0,8,48,3,0,0,0,0,0,13,6,https://fbref.com/en/players/e599253a/Mario-Pasalic-Mario Pašalić,
4,Ruslan Malinovskyi,https://fbref.com/en/players/48d5bd33/Ruslan-Malinovskyi,18,18,ua UKR,RW,27-321,86,55,1,8,28,21,2,54,4,2,50.0,2,50.0,29,149,70,3,0,0,1,1,36,4,https://fbref.com/en/players/48d5bd33/Ruslan-Malinovskyi-Ruslan Malinovskyi,
5,Viktor Kovalenko,https://fbref.com/en/players/9d60028d/Viktor-Kovalenko,20,20,ua UKR,RW,25-035,4,4,1,2,2,0,0,4,0,0,,0,,1,4,0,0,0,0,1,0,2,1,https://fbref.com/en/players/9d60028d/Viktor-Kovalenko-Viktor Kovalenko,
6,Matteo Pessina,https://fbref.com/en/players/780e3631/Matteo-Pessina,32,32,it ITA,AM,23-334,76,28,0,0,21,7,2,28,1,0,0.0,1,100.0,17,85,15,0,0,0,0,1,22,6,https://fbref.com/en/players/780e3631/Matteo-Pessina-Matteo Pessina,
7,Josip Iličić,https://fbref.com/en/players/68252d6d/Josip-Ilicic,72,72,si SVN,AM,33-051,14,22,0,4,8,10,0,22,0,0,,0,,14,72,50,1,1,0,1,0,15,2,https://fbref.com/en/players/68252d6d/Josip-Ilicic-Josip Iličić,
8,Remo Freuler,https://fbref.com/en/players/98d2c2c4/Remo-Freuler,11,11,ch SUI,DM,28-340,90,55,1,19,29,7,0,55,1,1,100.0,0,0.0,28,73,19,0,0,0,1,0,29,2,https://fbref.com/en/players/98d2c2c4/Remo-Freuler-Remo Freuler,
9,Marten de Roon,https://fbref.com/en/players/2a1beb34/Marten-de-Roon,15,15,nl NED,DM,29-357,90,50,3,18,29,3,0,50,0,0,,0,,15,42,18,0,0,0,0,0,18,0,https://fbref.com/en/players/2a1beb34/Marten-de-Roon-Marten de Roon,
10,Berat Djimsiti,https://fbref.com/en/players/6eee05f1/Berat-Djimsiti,19,19,al ALB,LB,28-030,90,62,6,26,25,12,2,62,2,2,100.0,0,0.0,27,106,40,1,0,0,0,0,29,1,https://fbref.com/en/players/6eee05f1/Berat-Djimsiti-Berat Djimsiti,
11,José Luis Palomino,https://fbref.com/en/players/921f6058/Jose-Luis-Palomino,6,6,ar ARG,CB,31-075,90,43,2,29,11,4,1,43,0,0,,0,,20,114,58,0,1,0,1,0,13,0,https://fbref.com/en/players/921f6058/Jose-Luis-Palomino-José Luis Palomino,
12,Cristian Romero,https://fbref.com/en/players/a3d94a58/Cristian-Romero,17,17,ar ARG,CB,22-328,90,59,3,32,22,6,3,59,1,0,0.0,1,100.0,14,71,34,1,0,0,0,0,15,0,https://fbref.com/en/players/a3d94a58/Cristian-Romero-Cristian Romero,
13,Rafael Tolói,https://fbref.com/en/players/c56dc39e/Rafael-Toloi,2,2,it ITA,RB,30-162,63,32,2,14,14,5,1,32,0,0,,0,,13,54,30,0,0,0,0,0,19,1,https://fbref.com/en/players/c56dc39e/Rafael-Toloi-Rafael Tolói,
14,Joakim Mæhle,https://fbref.com/en/players/c459a650/Joakim-Maehle,3,3,dk DEN,RB,23-305,27,23,0,10,10,5,0,23,0,0,,0,,7,10,4,0,0,0,1,0,9,0,https://fbref.com/en/players/c459a650/Joakim-Maehle-Joakim Mæhle,
15,Pierluigi Gollini,https://fbref.com/en/players/f0f7f62f/Pierluigi-Gollini,95,95,it ITA,GK,26-003,90,32,19,31,1,0,0,32,0,0,,0,,17,109,56,0,0,0,0,0,15,0,https://fbref.com/en/players/f0f7f62f/Pierluigi-Gollini-Pierluigi Gollini,
