,Player Name,Player Number,Player,#,Nation,Pos,Age,Min,Touches,Def Pen,Def 3rd,Mid 3rd,Att 3rd,Att Pen,Live,Att,Succ,Succ%,Tkld,Tkld%,Carries,TotDist,PrgDist,PrgC,1/3,CPA,Mis,Dis,Rec,PrgR,Player Key,Player Link
0,Kevin Lasagna,https://fbref.com/en/players/09538fdb/Kevin-Lasagna,92,92,it ITA,FW,28-223,60,22,0,0,12,10,1,22,0,0,,0,,11,52,4,0,0,0,0,2,16,8,https://fbref.com/en/players/09538fdb/Kevin-Lasagna-Kevin Lasagna,
1,Andrea Favilli,https://fbref.com/en/players/44510fde/Andrea-Favilli,11,11,it ITA,FW,23-308,30,16,0,0,7,9,0,16,0,0,,0,,7,47,5,1,1,0,2,1,13,3,https://fbref.com/en/players/44510fde/Andrea-Favilli-Andrea Favilli,
2,Mattia Zaccagni,https://fbref.com/en/players/d85c238b/Mattia-Zaccagni,20,20,it ITA,"AM,FW",25-278,90,37,0,1,18,18,2,37,6,2,33.3,4,66.7,33,121,29,1,0,0,1,6,37,8,https://fbref.com/en/players/d85c238b/Mattia-Zaccagni-Mattia Zaccagni,
3,Antonín Barák,https://fbref.com/en/players/01efac19/Antonin-Barak,7,7,cz CZE,"AM,CM",26-108,78,43,1,5,32,7,0,43,1,0,0.0,1,100.0,25,107,9,1,0,0,2,1,26,3,https://fbref.com/en/players/01efac19/Antonin-Barak-Antonín Barák,
4,Ivan Ilić,https://fbref.com/en/players/bb376bed/Ivan-Ilic,14,14,rs SRB,CM,20-004,12,13,0,0,9,4,0,13,0,0,,0,,6,39,25,0,0,0,0,0,8,0,https://fbref.com/en/players/bb376bed/Ivan-Ilic-Ivan Ilić,
5,Miguel Veloso,https://fbref.com/en/players/ab1ca213/Miguel-Veloso,4,4,pt POR,CM,34-314,45,32,0,6,25,1,0,32,0,0,,0,,13,34,11,0,0,0,1,0,18,0,https://fbref.com/en/players/ab1ca213/Miguel-Veloso-Miguel Veloso,
6,Stefano Sturaro,https://fbref.com/en/players/2334478a/Stefano-Sturaro,33,33,it ITA,CM,28-012,45,21,3,6,12,3,0,21,0,0,,0,,10,18,7,0,1,0,0,1,12,1,https://fbref.com/en/players/2334478a/Stefano-Sturaro-Stefano Sturaro,
7,Adrien Tameze,https://fbref.com/en/players/8da74c05/Adrien-Tameze,61,61,cm CMR,"CM,DM",27-045,90,54,3,19,31,4,0,54,0,0,,0,,24,63,8,0,0,0,0,2,25,1,https://fbref.com/en/players/8da74c05/Adrien-Tameze-Adrien Tameze,
8,Federico Dimarco,https://fbref.com/en/players/970b8574/Federico-Dimarco,3,3,it ITA,WB,23-131,45,28,1,10,15,3,0,28,0,0,,0,,16,30,23,0,0,0,0,0,18,0,https://fbref.com/en/players/970b8574/Federico-Dimarco-Federico Dimarco,
9,Darko Lazović,https://fbref.com/en/players/5128bde4/Darko-Lazovic,8,8,rs SRB,"LW,WB",30-187,45,44,1,5,17,22,1,44,1,1,100.0,0,0.0,22,123,65,2,2,0,1,0,24,3,https://fbref.com/en/players/5128bde4/Darko-Lazovic-Darko Lazović,
10,Davide Faraoni,https://fbref.com/en/players/aae9d04a/Davide-Faraoni,5,5,it ITA,"WB,RW",29-147,90,59,7,18,26,16,2,59,1,0,0.0,1,100.0,28,215,63,1,1,1,5,0,31,4,https://fbref.com/en/players/aae9d04a/Davide-Faraoni-Davide Faraoni,
11,Federico Ceccherini,https://fbref.com/en/players/d9624b51/Federico-Ceccherini,17,17,it ITA,CB,28-314,45,33,6,25,7,1,1,33,0,0,,0,,21,63,22,0,0,0,0,0,21,1,https://fbref.com/en/players/d9624b51/Federico-Ceccherini-Federico Ceccherini,
12,Destiny Udogie,https://fbref.com/en/players/7cd520e8/Destiny-Udogie,13,13,it ITA,CB,18-113,45,43,2,18,20,5,0,43,2,2,100.0,0,0.0,19,83,8,0,0,0,0,0,22,0,https://fbref.com/en/players/7cd520e8/Destiny-Udogie-Destiny Udogie,
13,Matteo Lovato,https://fbref.com/en/players/5fa57166/Matteo-Lovato,6,6,it ITA,CB,21-035,90,52,6,36,16,0,0,52,0,0,,0,,16,88,24,0,0,0,2,0,7,0,https://fbref.com/en/players/5fa57166/Matteo-Lovato-Matteo Lovato,
14,Paweł Dawidowicz,https://fbref.com/en/players/16bb656a/Pawel-Dawidowicz,27,27,pl POL,CB,25-305,90,47,1,26,21,0,0,47,0,0,,0,,17,47,12,0,0,0,0,0,18,0,https://fbref.com/en/players/16bb656a/Pawel-Dawidowicz-Paweł Dawidowicz,
15,Marco Silvestri,https://fbref.com/en/players/0d422df7/Marco-Silvestri,1,1,it ITA,GK,30-019,90,49,26,49,0,0,0,49,0,0,,0,,33,297,278,0,0,0,0,0,23,0,https://fbref.com/en/players/0d422df7/Marco-Silvestri-Marco Silvestri,
