,Player Name,Player Number,Player,#,Nation,Pos,Age,Min,Gls,Ast,PK,PKatt,Sh,SoT,CrdY,CrdR,Touches,Tkl,Int,Blocks,xG,npxG,xAG,SCA,GCA,Cmp,Att,Cmp%,PrgP,Carries,PrgC,Att,Succ,Player Key,Player Link
0,Kevin Lasagna,https://fbref.com/en/players/09538fdb/Kevin-Lasagna,92,92,it ITA,FW,28-223,60,0,0,0,0,0,0,0,0,22,0,0,0,0.0,0.0,0.1,1,0,11,17,64.7,0,11,0,0,0,https://fbref.com/en/players/09538fdb/Kevin-Lasagna-Kevin Lasagna,
1,Andrea Favilli,https://fbref.com/en/players/44510fde/Andrea-Favilli,11,11,it ITA,FW,23-308,30,0,0,0,0,0,0,0,0,16,0,0,1,0.0,0.0,0.0,0,0,6,13,46.2,0,7,1,0,0,https://fbref.com/en/players/44510fde/Andrea-Favilli-Andrea Favilli,
2,Mattia Zaccagni,https://fbref.com/en/players/d85c238b/Mattia-Zaccagni,20,20,it ITA,"AM,FW",25-278,90,0,0,0,0,0,0,0,0,37,0,1,0,0.0,0.0,0.0,1,0,18,29,62.1,2,33,1,6,2,https://fbref.com/en/players/d85c238b/Mattia-Zaccagni-Mattia Zaccagni,
3,Antonín Barák,https://fbref.com/en/players/01efac19/Antonin-Barak,7,7,cz CZE,"AM,CM",26-108,78,0,0,0,0,0,0,0,0,43,1,1,1,0.0,0.0,0.0,0,0,28,33,84.8,6,25,1,1,0,https://fbref.com/en/players/01efac19/Antonin-Barak-Antonín Barák,
4,Ivan Ilić,https://fbref.com/en/players/bb376bed/Ivan-Ilic,14,14,rs SRB,CM,20-004,12,0,0,0,0,0,0,0,0,13,0,0,0,0.0,0.0,0.0,0,0,10,12,83.3,4,6,0,0,0,https://fbref.com/en/players/bb376bed/Ivan-Ilic-Ivan Ilić,
5,Miguel Veloso,https://fbref.com/en/players/ab1ca213/Miguel-Veloso,4,4,pt POR,CM,34-314,45,0,0,0,0,1,0,0,0,32,2,0,0,0.0,0.0,0.0,0,0,20,26,76.9,1,13,0,0,0,https://fbref.com/en/players/ab1ca213/Miguel-Veloso-Miguel Veloso,
6,Stefano Sturaro,https://fbref.com/en/players/2334478a/Stefano-Sturaro,33,33,it ITA,CM,28-012,45,0,0,0,0,0,0,1,0,21,0,0,0,0.0,0.0,0.0,0,0,10,16,62.5,1,10,0,0,0,https://fbref.com/en/players/2334478a/Stefano-Sturaro-Stefano Sturaro,
7,Adrien Tameze,https://fbref.com/en/players/8da74c05/Adrien-Tameze,61,61,cm CMR,"CM,DM",27-045,90,0,0,0,0,0,0,0,0,54,2,3,2,0.0,0.0,0.0,0,0,29,40,72.5,2,24,0,0,0,https://fbref.com/en/players/8da74c05/Adrien-Tameze-Adrien Tameze,
8,Federico Dimarco,https://fbref.com/en/players/970b8574/Federico-Dimarco,3,3,it ITA,WB,23-131,45,0,0,0,0,0,0,0,0,28,0,0,0,0.0,0.0,0.0,0,0,18,26,69.2,2,16,0,0,0,https://fbref.com/en/players/970b8574/Federico-Dimarco-Federico Dimarco,
9,Darko Lazović,https://fbref.com/en/players/5128bde4/Darko-Lazovic,8,8,rs SRB,"LW,WB",30-187,45,0,0,0,0,1,1,0,0,44,1,1,0,0.4,0.4,0.0,0,0,21,39,53.8,4,22,2,1,1,https://fbref.com/en/players/5128bde4/Darko-Lazovic-Darko Lazović,
10,Davide Faraoni,https://fbref.com/en/players/aae9d04a/Davide-Faraoni,5,5,it ITA,"WB,RW",29-147,90,0,0,0,0,1,0,0,0,59,1,1,3,0.1,0.1,0.0,0,0,26,42,61.9,5,28,1,1,0,https://fbref.com/en/players/aae9d04a/Davide-Faraoni-Davide Faraoni,
11,Federico Ceccherini,https://fbref.com/en/players/d9624b51/Federico-Ceccherini,17,17,it ITA,CB,28-314,45,0,0,0,0,0,0,1,0,33,0,1,0,0.0,0.0,0.0,0,0,21,28,75.0,1,21,0,0,0,https://fbref.com/en/players/d9624b51/Federico-Ceccherini-Federico Ceccherini,
12,Destiny Udogie,https://fbref.com/en/players/7cd520e8/Destiny-Udogie,13,13,it ITA,CB,18-113,45,0,0,0,0,0,0,0,0,43,1,2,1,0.0,0.0,0.0,0,0,30,37,81.1,2,19,0,2,2,https://fbref.com/en/players/7cd520e8/Destiny-Udogie-Destiny Udogie,
13,Matteo Lovato,https://fbref.com/en/players/5fa57166/Matteo-Lovato,6,6,it ITA,CB,21-035,90,0,0,0,0,0,0,0,0,52,4,5,2,0.0,0.0,0.0,0,0,26,38,68.4,0,16,0,0,0,https://fbref.com/en/players/5fa57166/Matteo-Lovato-Matteo Lovato,
14,Paweł Dawidowicz,https://fbref.com/en/players/16bb656a/Pawel-Dawidowicz,27,27,pl POL,CB,25-305,90,0,0,0,0,0,0,1,0,47,5,0,0,0.0,0.0,0.0,0,0,31,41,75.6,2,17,0,0,0,https://fbref.com/en/players/16bb656a/Pawel-Dawidowicz-Paweł Dawidowicz,
15,Marco Silvestri,https://fbref.com/en/players/0d422df7/Marco-Silvestri,1,1,it ITA,GK,30-019,90,0,0,0,0,0,0,0,0,49,0,0,0,0.0,0.0,0.0,0,0,19,47,40.4,0,33,0,0,0,https://fbref.com/en/players/0d422df7/Marco-Silvestri-Marco Silvestri,
