,Minute,Player,Squad,xG,PSxG,Outcome,Distance,Body Part,Notes,SCA 1 Player,SCA 1 Event,SCA 2 Player,SCA 2 Event
0,3,Rafael Tolói,Atalanta,0.06,0.50,Saved,13,Head,,Ruslan Malinovskyi,Pass (Live),Marten de Roon,Pass (Live)
1,14,Duván Zapata,Atalanta,0.11,,Blocked,10,Right Foot,,Duván Zapata,Take-On,Aleksei Miranchuk,Pass (Live)
2,17,Miguel Veloso,Hellas Verona,0.03,,Off Target,29,Left Foot,,Mattia Zaccagni,Fouled,,
3,24,Cristian Romero,Atalanta,0.17,0.21,Saved,9,Head,,Ruslan Malinovskyi,Pass (Dead),Ruslan Malinovskyi,Fouled
4,28,Davide Faraoni,Hellas Verona,0.05,,Blocked,18,Right Foot,,Kevin Lasagna,Pass (Live),,
5,30,Ruslan Malinovskyi,Atalanta,0.09,,Blocked,22,Left Foot,Free kick,Ruslan Malinovskyi,Fouled,Cristian Romero,Pass (Live)
6,31,Duván Zapata,Atalanta,0.04,0.06,Saved,15,Right Foot,,Marten de Roon,Pass (Live),,
7,31,Aleksei Miranchuk,Atalanta,0.04,,Blocked,14,Left Foot,,Rafael Tolói,Pass (Live),Duván Zapata,Shot
8,33,Ruslan Malinovskyi(pen),Atalanta,0.79,0.99,Goal,13,Left Foot,,,Fouled,Aleksei Miranchuk,Shot
9,37,Duván Zapata,Atalanta,0.09,,Blocked,9,Left Foot,,Matteo Pessina,Pass (Live),Duván Zapata,Pass (Live)
10,42,Duván Zapata,Atalanta,0.06,0.24,Goal,12,Right Foot,,Ruslan Malinovskyi,Pass (Live),Pierluigi Gollini,Pass (Dead)
11,,,,,,,,,,,,,
12,66,Duván Zapata,Atalanta,0.07,,Blocked,16,Right Foot,,Ruslan Malinovskyi,Pass (Live),Cristian Romero,Pass (Live)
13,67,Ruslan Malinovskyi,Atalanta,0.04,,Off Target,13,Head,,Berat Djimsiti,Pass (Live),Duván Zapata,Pass (Live)
14,73,Darko Lazović,Hellas Verona,0.40,0.95,Saved,8,Right Foot,,,,,
15,77,Berat Djimsiti,Atalanta,0.04,,Off Target,20,Right Foot,Volley,Remo Freuler,Pass (Live),Joakim Mæhle,Pass (Live)
16,79,Luis Muriel,Atalanta,0.04,,Off Target,20,Right Foot,,Josip Iličić,Pass (Live),Ruslan Malinovskyi,Pass (Live)
17,85,Josip Iličić,Atalanta,0.06,0.03,Saved,23,Left Foot,,Luis Muriel,Pass (Live),Ruslan Malinovskyi,Pass (Live)
18,87,Luis Muriel,Atalanta,0.37,,Off Target,11,Right Foot,,Luis Muriel,Take-On,Ruslan Malinovskyi,Pass (Live)
19,90+1,Josip Iličić,Atalanta,0.03,,Woodwork,24,Left Foot,,Pierluigi Gollini,Pass (Live),,
