,Player Name,Player Number,Player,#,Nation,Pos,Age,Min,CrdY,CrdR,2CrdY,Fls,Fld,Off,Crs,Int,TklW,PKwon,PKcon,OG,Recov,Won,Lost,Won%,Player Key,Player Link
0,Nikola Stojiljković,https://fbref.com/en/players/ca3e2783/Nikola-Stojiljkovic,9,9,rs SRB,FW,28-140,75,1,0,0,4,1,0,0,0,0,0,0,0,1,6,4,60.0,https://fbref.com/en/players/ca3e2783/Nikola-Stojiljkovic-Nikola Stojiljković,
1,Patrick,https://fbref.com/en/players/867b60b4/Patrick,19,19,cv CPV,FW,27-022,15,0,0,0,1,0,0,0,0,0,0,0,0,2,0,3,0.0,https://fbref.com/en/players/867b60b4/Patrick-Patrick,
2,Licá,https://fbref.com/en/players/41d84fed/Lica,88,88,pt POR,"LW,AM",32-118,80,0,0,0,1,4,1,0,0,1,0,0,0,2,3,2,60.0,https://fbref.com/en/players/41d84fed/Lica-Licá,
3,Braian Mansilla,https://fbref.com/en/players/e4c37819/Braian-Mansilla,11,11,ar ARG,RW,23-263,10,0,0,0,0,0,0,2,0,0,0,0,0,0,0,1,0.0,https://fbref.com/en/players/e4c37819/Braian-Mansilla-Braian Mansilla,
4,Hugo Seco,https://fbref.com/en/players/68ee9021/Hugo-Seco,7,7,pt POR,RW,32-201,75,0,0,0,0,1,0,0,0,1,0,0,0,4,0,2,0.0,https://fbref.com/en/players/68ee9021/Hugo-Seco-Hugo Seco,
5,Madi Queita,https://fbref.com/en/players/13ab460a/Madi-Queita,10,10,gw GNB,"AM,RW",22-075,15,0,0,0,0,2,0,0,0,0,0,0,0,0,0,1,0.0,https://fbref.com/en/players/13ab460a/Madi-Queita-Madi Queita,
6,Ryan Gauld,https://fbref.com/en/players/862e93c2/Ryan-Gauld,23,23,sct SCO,"DM,AM",25-019,90,0,0,0,0,0,0,3,4,1,0,0,0,7,4,2,66.7,https://fbref.com/en/players/862e93c2/Ryan-Gauld-Ryan Gauld,
7,Fabrício Isidoro,https://fbref.com/en/players/b70ca4b5/Fabricio-Isidoro,14,14,br BRA,DM,28-342,90,0,0,0,0,3,0,0,0,1,0,0,0,8,1,1,50.0,https://fbref.com/en/players/b70ca4b5/Fabricio-Isidoro-Fabrício Isidoro,
8,Filipe Melo,https://fbref.com/en/players/3220a3ef/Filipe-Melo,6,6,pt POR,"CB,DM",31-062,90,0,0,0,1,2,0,0,4,2,0,0,0,4,5,4,55.6,https://fbref.com/en/players/3220a3ef/Filipe-Melo-Filipe Melo,
9,Fábio Alexandre da Silva Nunes,https://fbref.com/en/players/7cfc2860/Fabio-Alexandre-da-Silva-Nunes,92,92,pt POR,LB,28-164,90,0,0,0,1,3,0,5,4,2,0,0,0,11,1,0,100.0,https://fbref.com/en/players/7cfc2860/Fabio-Alexandre-da-Silva-Nunes-Fábio Alexandre da Silva Nunes,
10,Claudio Falcão,https://fbref.com/en/players/56077210/Claudio-Falcao,29,29,br BRA,CB,26-185,18,0,0,0,0,1,0,0,0,0,0,0,0,2,0,0,,https://fbref.com/en/players/56077210/Claudio-Falcao-Claudio Falcão,
11,Burá,https://fbref.com/en/players/8e72cba8/Bura,13,13,gw GNB,CB,25-013,72,0,0,0,2,0,0,0,0,0,0,0,0,3,2,1,66.7,https://fbref.com/en/players/8e72cba8/Bura-Burá,
12,César,https://fbref.com/en/players/4dcde17a/Cesar,4,4,br BRA,CB,28-007,45,0,0,0,0,0,0,0,1,0,0,0,0,0,2,1,66.7,https://fbref.com/en/players/4dcde17a/Cesar-César,
13,Bilel Aouacheria,https://fbref.com/en/players/77bbc5b1/Bilel-Aouacheria,26,26,fr FRA,LW,26-277,45,0,0,0,0,1,0,3,0,1,0,0,0,5,0,0,,https://fbref.com/en/players/77bbc5b1/Bilel-Aouacheria-Bilel Aouacheria,
14,Alexandre Pinto,https://fbref.com/en/players/b05d8d93/Alexandre-Pinto,78,78,pt POR,RB,22-180,90,1,0,0,1,1,0,1,1,0,0,0,0,6,6,0,100.0,https://fbref.com/en/players/b05d8d93/Alexandre-Pinto-Alexandre Pinto,
15,Rafael Defendi,https://fbref.com/en/players/317d3e7b/Rafael-Defendi,12,12,br BRA,GK,37-013,90,0,0,0,0,1,0,0,0,0,0,0,0,0,0,0,,https://fbref.com/en/players/317d3e7b/Rafael-Defendi-Rafael Defendi,
