,Player Name,Player Number,Player,#,Nation,Pos,Age,Min,Touches,Def Pen,Def 3rd,Mid 3rd,Att 3rd,Att Pen,Live,Att,Succ,Succ%,Tkld,Tkld%,Carries,TotDist,PrgDist,PrgC,1/3,CPA,Mis,Dis,Rec,PrgR,Player Key,Player Link
0,Beto,https://fbref.com/en/players/ed5c0319/Beto,14,14,gw GNB,FW,22-339,89,36,0,0,13,23,8,36,0,0,,0,,23,77,47,1,1,1,6,2,29,10,https://fbref.com/en/players/ed5c0319/Beto-Beto,
1,Fabrício dos Santos Messias,https://fbref.com/en/players/9e9f2dac/Fabricio-dos-Santos-Messias,9,9,br BRA,FW,30-282,1,1,0,0,1,0,0,1,0,0,,0,,0,0,0,0,0,0,0,0,0,0,https://fbref.com/en/players/9e9f2dac/Fabricio-dos-Santos-Messias-Fabrício dos Santos Messias,
2,Anderson,https://fbref.com/en/players/4242a0a1/Anderson,11,11,br BRA,LW,22-172,89,53,2,7,24,25,4,53,5,3,60.0,2,40.0,36,252,140,5,3,0,6,1,35,6,https://fbref.com/en/players/4242a0a1/Anderson-Anderson,
3,Fernando Medeiros,https://fbref.com/en/players/7ddce31e/Fernando-Medeiros,96,96,br BRA,RW,24-329,1,0,0,0,0,0,0,0,0,0,,0,,0,0,0,0,0,0,0,0,0,0,https://fbref.com/en/players/7ddce31e/Fernando-Medeiros-Fernando Medeiros,
4,Aylton Boa Morte,https://fbref.com/en/players/b0332f23/Aylton-Boa-Morte,77,77,pt POR,RW,27-103,89,36,0,5,11,20,4,36,3,2,66.7,1,33.3,23,114,58,3,1,1,2,2,21,7,https://fbref.com/en/players/b0332f23/Aylton-Boa-Morte-Aylton Boa Morte,
5,Henrique,https://fbref.com/en/players/031a71b4/Henrique,19,19,br BRA,LW,25-365,1,2,0,1,0,1,0,2,0,0,,0,,1,1,1,0,0,0,0,0,1,0,https://fbref.com/en/players/031a71b4/Henrique-Henrique,
6,Luquinha,https://fbref.com/en/players/2e25fa84/Luquinha,20,20,br BRA,LM,20-093,90,67,0,6,22,40,2,67,5,2,40.0,3,60.0,40,187,79,3,4,1,4,1,47,4,https://fbref.com/en/players/2e25fa84/Luquinha-Luquinha,
7,Willyan,https://fbref.com/en/players/577d7bf9/Willyan,28,28,br BRA,CM,25-343,90,74,4,22,50,2,0,74,0,0,,0,,36,248,50,0,0,0,0,0,39,5,https://fbref.com/en/players/577d7bf9/Willyan-Willyan,
8,Dener,https://fbref.com/en/players/3b570c74/Dener,7,7,br BRA,RM,28-297,90,83,3,14,54,19,1,83,5,4,80.0,1,20.0,47,245,81,2,2,0,0,1,51,2,https://fbref.com/en/players/3b570c74/Dener-Dener,
9,Koki Anzai,https://fbref.com/en/players/d3c53a16/Koki-Anzai,22,22,jp JPN,LB,25-218,90,60,0,20,26,16,1,60,1,0,0.0,1,100.0,31,169,88,3,1,0,1,0,31,5,https://fbref.com/en/players/d3c53a16/Koki-Anzai-Koki Anzai,
10,Maurício Antônio,https://fbref.com/en/players/0bd71531/Mauricio-Antonio,2,2,br BRA,CB,28-333,90,83,4,45,39,0,0,83,0,0,,0,,59,266,159,1,0,0,1,0,62,0,https://fbref.com/en/players/0bd71531/Mauricio-Antonio-Maurício Antônio,
11,Lucas Possignolo,https://fbref.com/en/players/2118c8c0/Lucas-Possignolo,3,3,pt POR,CB,26-238,90,84,4,36,45,4,2,84,0,0,,0,,59,294,168,1,1,0,1,0,57,0,https://fbref.com/en/players/2118c8c0/Lucas-Possignolo-Lucas Possignolo,
12,Fahd Moufi,https://fbref.com/en/players/158cef0b/Fahd-Moufi,18,18,ma MAR,RB,24-244,90,70,2,14,22,35,1,70,4,3,75.0,1,25.0,28,114,65,2,2,0,1,0,31,6,https://fbref.com/en/players/158cef0b/Fahd-Moufi-Fahd Moufi,
13,Samuel Portugal,https://fbref.com/en/players/554067e3/Samuel-Portugal,94,94,br BRA,GK,26-281,90,36,28,36,0,0,0,36,0,0,,0,,22,95,50,0,0,0,0,0,19,0,https://fbref.com/en/players/554067e3/Samuel-Portugal-Samuel Portugal,
