,Player Name,Player Number,Player,#,Nation,Pos,Age,Min,Gls,Ast,PK,PKatt,Sh,SoT,CrdY,CrdR,Touches,Tkl,Int,Blocks,xG,npxG,xAG,SCA,GCA,Cmp,Att,Cmp%,PrgP,Carries,PrgC,Att,Succ,Player Key,Player Link
0,Beto,https://fbref.com/en/players/ed5c0319/Beto,14,14,gw GNB,FW,22-339,89,2,0,0,0,5,3,0,0,36,0,0,1,0.9,0.9,0.0,1,0,15,20,75.0,1,23,1,0,0,https://fbref.com/en/players/ed5c0319/Beto-Beto,
1,Fabrício dos Santos Messias,https://fbref.com/en/players/9e9f2dac/Fabricio-dos-Santos-Messias,9,9,br BRA,FW,30-282,1,0,0,0,0,0,0,0,0,1,0,0,0,0.0,0.0,0.0,0,0,0,1,0.0,0,0,0,0,0,https://fbref.com/en/players/9e9f2dac/Fabricio-dos-Santos-Messias-Fabrício dos Santos Messias,
2,Anderson,https://fbref.com/en/players/4242a0a1/Anderson,11,11,br BRA,LW,22-172,89,0,1,0,0,1,0,0,0,53,1,0,0,0.0,0.0,0.4,1,1,36,40,90.0,5,36,5,5,3,https://fbref.com/en/players/4242a0a1/Anderson-Anderson,
3,Fernando Medeiros,https://fbref.com/en/players/7ddce31e/Fernando-Medeiros,96,96,br BRA,RW,24-329,1,0,0,0,0,0,0,0,0,0,0,0,0,0.0,0.0,0.0,0,0,0,0,,0,0,0,0,0,https://fbref.com/en/players/7ddce31e/Fernando-Medeiros-Fernando Medeiros,
4,Aylton Boa Morte,https://fbref.com/en/players/b0332f23/Aylton-Boa-Morte,77,77,pt POR,RW,27-103,89,0,0,0,0,0,0,0,0,36,2,0,2,0.0,0.0,0.1,2,0,18,27,66.7,4,23,3,3,2,https://fbref.com/en/players/b0332f23/Aylton-Boa-Morte-Aylton Boa Morte,
5,Henrique,https://fbref.com/en/players/031a71b4/Henrique,19,19,br BRA,LW,25-365,1,0,0,0,0,0,0,0,0,2,0,0,0,0.0,0.0,0.0,0,0,0,1,0.0,0,1,0,0,0,https://fbref.com/en/players/031a71b4/Henrique-Henrique,
6,Luquinha,https://fbref.com/en/players/2e25fa84/Luquinha,20,20,br BRA,LM,20-093,90,0,1,0,0,3,1,1,0,67,1,0,0,0.1,0.1,0.2,6,2,40,55,72.7,9,40,3,5,2,https://fbref.com/en/players/2e25fa84/Luquinha-Luquinha,
7,Willyan,https://fbref.com/en/players/577d7bf9/Willyan,28,28,br BRA,CM,25-343,90,0,0,0,0,0,0,1,0,74,5,1,3,0.0,0.0,0.0,0,0,37,56,66.1,4,36,0,0,0,https://fbref.com/en/players/577d7bf9/Willyan-Willyan,
8,Dener,https://fbref.com/en/players/3b570c74/Dener,7,7,br BRA,RM,28-297,90,0,0,0,0,2,0,1,0,83,2,0,3,0.1,0.1,0.0,4,1,51,68,75.0,5,47,2,5,4,https://fbref.com/en/players/3b570c74/Dener-Dener,
9,Koki Anzai,https://fbref.com/en/players/d3c53a16/Koki-Anzai,22,22,jp JPN,LB,25-218,90,0,0,0,0,0,0,0,0,60,1,2,1,0.0,0.0,0.1,2,0,35,52,67.3,0,31,3,1,0,https://fbref.com/en/players/d3c53a16/Koki-Anzai-Koki Anzai,
10,Maurício Antônio,https://fbref.com/en/players/0bd71531/Mauricio-Antonio,2,2,br BRA,CB,28-333,90,0,0,0,0,0,0,0,0,83,0,0,0,0.0,0.0,0.0,0,0,67,77,87.0,3,59,1,0,0,https://fbref.com/en/players/0bd71531/Mauricio-Antonio-Maurício Antônio,
11,Lucas Possignolo,https://fbref.com/en/players/2118c8c0/Lucas-Possignolo,3,3,pt POR,CB,26-238,90,0,0,0,0,2,1,0,0,84,0,2,0,0.1,0.1,0.0,3,0,63,74,85.1,10,59,1,0,0,https://fbref.com/en/players/2118c8c0/Lucas-Possignolo-Lucas Possignolo,
12,Fahd Moufi,https://fbref.com/en/players/158cef0b/Fahd-Moufi,18,18,ma MAR,RB,24-244,90,0,0,0,0,0,0,0,0,70,2,4,1,0.0,0.0,0.4,4,0,42,56,75.0,4,28,2,4,3,https://fbref.com/en/players/158cef0b/Fahd-Moufi-Fahd Moufi,
13,Samuel Portugal,https://fbref.com/en/players/554067e3/Samuel-Portugal,94,94,br BRA,GK,26-281,90,0,0,0,0,0,0,0,0,36,0,0,0,0.0,0.0,0.0,0,0,21,35,60.0,0,22,0,0,0,https://fbref.com/en/players/554067e3/Samuel-Portugal-Samuel Portugal,
