,Minute,Player,Squad,xG,PSxG,Outcome,Distance,Body Part,Notes,SCA 1 Player,SCA 1 Event,SCA 2 Player,SCA 2 Event
0,12,Lucas Possignolo,Portimonense,0.04,,Off Target,16,Head,,Luquinha,Pass (Live),Fahd Moufi,Pass (Dead)
1,18,Luquinha,Portimonense,0.06,,Off Target,16,Right Foot,,Aylton Boa Morte,Pass (Live),Luquinha,Pass (Live)
2,29,Anderson,Portimonense,0.02,,Off Target,38,Right Foot,,Dener,Pass (Live),Lucas Possignolo,Pass (Live)
3,34,Dener,Portimonense,0.07,,Off Target,10,Head,,Fahd Moufi,Pass (Live),Fahd Moufi,Take-On
4,41,Dener,Portimonense,0.03,,Blocked,26,Right Foot,,Dener,Take-On,Lucas Possignolo,Pass (Live)
5,44,Lucas Possignolo,Portimonense,0.04,0.57,Saved,13,Head,,Luquinha,Pass (Dead),,
6,,,,,,,,,,,,,
7,47,Beto,Portimonense,0.06,,Off Target,12,Head,,Koki Anzai,Pass (Live),Dener,Pass (Live)
8,56,Fábio Alexandre da Silva Nunes,Farense,0.03,,Off Target,31,Left Foot,,Fabrício Isidoro,Pass (Live),Burá,Pass (Live)
9,58,Luquinha,Portimonense,0.03,,Off Target,40,Right Foot,Free kick,Koki Anzai,Fouled,Luquinha,Pass (Live)
10,61,Beto,Portimonense,0.04,0.07,Saved,20,Right Foot,,,,,
11,64,Nikola Stojiljković,Farense,0.07,,Off Target,6,Head,,Ryan Gauld,Pass (Dead),Fábio Alexandre da Silva Nunes,Pass (Live)
12,64,Alexandre Pinto,Farense,0.06,,Off Target,5,Head,,Nikola Stojiljković,Shot,,
13,70,Licá,Farense,0.04,,Off Target,11,Head,,Fábio Alexandre da Silva Nunes,Pass (Live),Ryan Gauld,Pass (Live)
14,71,Beto,Portimonense,0.09,0.61,Goal,13,Right Foot,,Luquinha,Pass (Live),Luquinha,Take-On
15,85,Fabrício Isidoro,Farense,0.03,,Off Target,29,Right Foot,,Braian Mansilla,Pass (Live),Fábio Alexandre da Silva Nunes,Pass (Dead)
16,86,Fábio Alexandre da Silva Nunes,Farense,0.04,,Blocked,21,Left Foot,,Bilel Aouacheria,Pass (Live),Fábio Alexandre da Silva Nunes,Pass (Live)
17,87,Ryan Gauld,Farense,0.03,,Off Target,26,Left Foot,,Fábio Alexandre da Silva Nunes,Shot,,
18,88,Luquinha,Portimonense,0.03,0.05,Saved,29,Right Foot,,Beto,Pass (Live),Lucas Possignolo,Pass (Live)
19,89,Beto,Portimonense,0.35,,Blocked,13,Right Foot,Volley,Fahd Moufi,Pass (Live),Aylton Boa Morte,Pass (Live)
20,90+1,Beto,Portimonense,0.39,0.44,Goal,15,Left Foot,,Anderson,Pass (Live),Dener,Pass (Live)
