,Player Name,Player Number,Player,#,Nation,Pos,Age,Min,Tkl,TklW,Def 3rd,Mid 3rd,Att 3rd,Tkl,Att,Tkl%,Lost,Blocks,Sh,Pass,Int,Tkl+Int,Clr,Err,Player Key,Player Link
0,Daryl Dike,https://fbref.com/en/players/d4cfc93c/Daryl-Dike,10,10,us USA,FW,20-273,55,0,0,0,0,0,0,0,,0,1,0,1,0,0,2,0,https://fbref.com/en/players/d4cfc93c/Daryl-Dike-Daryl Dike,
1,Victor Adeboyejo,https://fbref.com/en/players/e3c24495/Victor-Adeboyejo,29,29,eng ENG,LW,23-050,35,0,0,0,0,0,0,0,,0,0,0,0,0,0,0,0,https://fbref.com/en/players/e3c24495/Victor-Adeboyejo-Victor Adeboyejo,
2,Cauley Woodrow,https://fbref.com/en/players/d3085b49/Cauley-Woodrow,9,9,eng ENG,LW,26-091,55,1,0,1,0,0,0,0,,0,2,0,2,0,1,0,0,https://fbref.com/en/players/d3085b49/Cauley-Woodrow-Cauley Woodrow,
3,Carlton Morris,https://fbref.com/en/players/2da834f1/Carlton-Morris,14,14,eng ENG,FW,25-077,35,2,1,0,1,1,0,1,0.0,1,0,0,0,0,2,0,0,https://fbref.com/en/players/2da834f1/Carlton-Morris-Carlton Morris,
4,Conor Chaplin,https://fbref.com/en/players/4ec55b87/Conor-Chaplin,11,11,eng ENG,RW,24-015,55,0,0,0,0,0,0,1,0.0,1,0,0,0,0,0,0,0,https://fbref.com/en/players/4ec55b87/Conor-Chaplin-Conor Chaplin,
5,Dominik Frieser,https://fbref.com/en/players/59a7d912/Dominik-Frieser,28,28,at AUT,RW,27-175,35,0,0,0,0,0,0,2,0.0,2,0,0,0,0,0,0,0,https://fbref.com/en/players/59a7d912/Dominik-Frieser-Dominik Frieser,
6,Callum Styles,https://fbref.com/en/players/e96d5560/Callum-Styles,4,4,hu HUN,LM,20-340,89,2,2,0,2,0,0,0,,0,2,0,2,2,4,4,0,https://fbref.com/en/players/e96d5560/Callum-Styles-Callum Styles,
7,Jordan Williams,https://fbref.com/en/players/686e3e0b/Jordan-Williams,2,2,eng ENG,LM,21-132,1,0,0,0,0,0,0,0,,0,1,0,1,0,0,0,0,https://fbref.com/en/players/686e3e0b/Jordan-Williams-Jordan Williams,
8,Alex Mowatt,https://fbref.com/en/players/361b8b6c/Alex-Mowatt,27,27,eng ENG,CM,26-018,90,1,0,0,0,1,0,2,0.0,2,3,0,3,3,4,3,0,https://fbref.com/en/players/361b8b6c/Alex-Mowatt-Alex Mowatt,
9,Romal Palmer,https://fbref.com/en/players/ff1becbe/Romal-Palmer,21,21,eng ENG,CM,21-154,69,1,1,1,0,0,0,0,,0,1,0,1,1,2,1,0,https://fbref.com/en/players/ff1becbe/Romal-Palmer-Romal Palmer,
10,Aapo Halme,https://fbref.com/en/players/02b952ce/Aapo-Halme,24,24,fi FIN,CM,22-285,21,0,0,0,0,0,0,2,0.0,2,0,0,0,0,0,1,0,https://fbref.com/en/players/02b952ce/Aapo-Halme-Aapo Halme,
11,Callum Brittain,https://fbref.com/en/players/95869fab/Callum-Brittain,7,7,eng ENG,RM,22-356,90,1,1,1,0,0,0,0,,0,1,0,1,1,2,2,0,https://fbref.com/en/players/95869fab/Callum-Brittain-Callum Brittain,
12,Mads Juel Andersen,https://fbref.com/en/players/f098c03e/Mads-Juel-Andersen,6,6,dk DEN,CB,23-066,90,3,3,2,1,0,2,2,100.0,0,2,0,2,3,6,7,0,https://fbref.com/en/players/f098c03e/Mads-Juel-Andersen-Mads Juel Andersen,
13,Michał Helik,https://fbref.com/en/players/1d031d1f/Michal-Helik,30,30,pl POL,CB,25-175,90,2,0,2,0,0,2,2,100.0,0,1,0,1,2,4,6,0,https://fbref.com/en/players/1d031d1f/Michal-Helik-Michał Helik,
14,Toby Sibbick,https://fbref.com/en/players/90359f26/Toby-Sibbick,20,20,ug UGA,CB,21-284,90,5,3,5,0,0,3,5,60.0,2,2,1,1,0,5,1,0,https://fbref.com/en/players/90359f26/Toby-Sibbick-Toby Sibbick,
15,Bradley Collins,https://fbref.com/en/players/f679abe1/Bradley-Collins,40,40,eng ENG,GK,24-013,90,0,0,0,0,0,0,0,,0,0,0,0,0,0,3,0,https://fbref.com/en/players/f679abe1/Bradley-Collins-Bradley Collins,
