,Player Name,Player Number,Player,#,Nation,Pos,Age,Min,Touches,Def Pen,Def 3rd,Mid 3rd,Att 3rd,Att Pen,Live,Att,Succ,Succ%,Tkld,Tkld%,Carries,TotDist,PrgDist,PrgC,1/3,CPA,Mis,Dis,Rec,PrgR,Player Key,Player Link
0,Daryl Dike,https://fbref.com/en/players/d4cfc93c/Daryl-Dike,10,10,us USA,FW,20-273,55,26,2,3,8,15,2,26,0,0,,0,,8,19,8,1,1,1,2,1,18,5,https://fbref.com/en/players/d4cfc93c/Daryl-Dike-Daryl Dike,
1,Victor Adeboyejo,https://fbref.com/en/players/e3c24495/Victor-Adeboyejo,29,29,eng ENG,LW,23-050,35,8,0,0,4,4,2,8,1,0,0.0,1,100.0,2,5,0,0,0,0,2,0,5,1,https://fbref.com/en/players/e3c24495/Victor-Adeboyejo-Victor Adeboyejo,
2,Cauley Woodrow,https://fbref.com/en/players/d3085b49/Cauley-Woodrow,9,9,eng ENG,LW,26-091,55,30,1,5,11,15,2,30,0,0,,0,,18,87,27,0,1,0,1,0,20,8,https://fbref.com/en/players/d3085b49/Cauley-Woodrow-Cauley Woodrow,
3,Carlton Morris,https://fbref.com/en/players/2da834f1/Carlton-Morris,14,14,eng ENG,FW,25-077,35,16,0,0,8,9,2,16,1,0,0.0,1,100.0,11,69,45,2,1,1,1,2,14,3,https://fbref.com/en/players/2da834f1/Carlton-Morris-Carlton Morris,
4,Conor Chaplin,https://fbref.com/en/players/4ec55b87/Conor-Chaplin,11,11,eng ENG,RW,24-015,55,29,0,1,11,17,3,29,1,0,0.0,1,100.0,16,72,22,0,0,0,2,0,23,9,https://fbref.com/en/players/4ec55b87/Conor-Chaplin-Conor Chaplin,
5,Dominik Frieser,https://fbref.com/en/players/59a7d912/Dominik-Frieser,28,28,at AUT,RW,27-175,35,12,0,1,6,5,1,12,0,0,,0,,3,30,20,1,1,1,1,1,4,1,https://fbref.com/en/players/59a7d912/Dominik-Frieser-Dominik Frieser,
6,Callum Styles,https://fbref.com/en/players/e96d5560/Callum-Styles,4,4,hu HUN,LM,20-340,89,57,6,18,30,9,1,57,2,1,50.0,1,50.0,20,59,25,1,0,1,1,1,17,1,https://fbref.com/en/players/e96d5560/Callum-Styles-Callum Styles,
7,Jordan Williams,https://fbref.com/en/players/686e3e0b/Jordan-Williams,2,2,eng ENG,LM,21-132,1,2,0,0,0,2,0,2,0,0,,0,,0,0,0,0,0,0,0,0,0,0,https://fbref.com/en/players/686e3e0b/Jordan-Williams-Jordan Williams,
8,Alex Mowatt,https://fbref.com/en/players/361b8b6c/Alex-Mowatt,27,27,eng ENG,CM,26-018,90,63,3,16,31,17,1,63,0,0,,0,,30,92,37,1,0,0,0,1,27,3,https://fbref.com/en/players/361b8b6c/Alex-Mowatt-Alex Mowatt,
9,Romal Palmer,https://fbref.com/en/players/ff1becbe/Romal-Palmer,21,21,eng ENG,CM,21-154,69,31,1,6,17,8,2,31,0,0,,0,,12,72,26,1,2,0,0,0,14,1,https://fbref.com/en/players/ff1becbe/Romal-Palmer-Romal Palmer,
10,Aapo Halme,https://fbref.com/en/players/02b952ce/Aapo-Halme,24,24,fi FIN,CM,22-285,21,6,1,2,3,1,0,6,0,0,,0,,0,0,0,0,0,0,0,0,0,0,https://fbref.com/en/players/02b952ce/Aapo-Halme-Aapo Halme,
11,Callum Brittain,https://fbref.com/en/players/95869fab/Callum-Brittain,7,7,eng ENG,RM,22-356,90,47,1,15,21,13,0,47,0,0,,0,,12,113,74,3,1,0,3,0,11,2,https://fbref.com/en/players/95869fab/Callum-Brittain-Callum Brittain,
12,Mads Juel Andersen,https://fbref.com/en/players/f098c03e/Mads-Juel-Andersen,6,6,dk DEN,CB,23-066,90,52,5,20,31,1,1,52,1,1,100.0,0,0.0,6,22,14,0,0,0,4,0,3,0,https://fbref.com/en/players/f098c03e/Mads-Juel-Andersen-Mads Juel Andersen,
13,Michał Helik,https://fbref.com/en/players/1d031d1f/Michal-Helik,30,30,pl POL,CB,25-175,90,44,6,25,19,0,0,44,0,0,,0,,7,19,2,0,0,0,0,0,4,0,https://fbref.com/en/players/1d031d1f/Michal-Helik-Michał Helik,
14,Toby Sibbick,https://fbref.com/en/players/90359f26/Toby-Sibbick,20,20,ug UGA,CB,21-284,90,36,2,18,17,1,0,36,0,0,,0,,4,14,5,0,0,0,0,2,4,0,https://fbref.com/en/players/90359f26/Toby-Sibbick-Toby Sibbick,
15,Bradley Collins,https://fbref.com/en/players/f679abe1/Bradley-Collins,40,40,eng ENG,GK,24-013,90,45,21,39,7,0,0,45,0,0,,0,,13,107,89,0,0,0,0,0,6,0,https://fbref.com/en/players/f679abe1/Bradley-Collins-Bradley Collins,
