,Player Name,Player Number,Player,#,Nation,Pos,Age,Min,Touches,Def Pen,Def 3rd,Mid 3rd,Att 3rd,Att Pen,Live,Att,Succ,Succ%,Tkld,Tkld%,Carries,TotDist,PrgDist,PrgC,1/3,CPA,Mis,Dis,Rec,PrgR,Player Key,Player Link
0,Lyndon Dykes,https://fbref.com/en/players/cd92357a/Lyndon-Dykes,9,9,sct SCO,FW,25-147,65,30,0,2,16,12,4,30,3,1,33.3,2,66.7,9,48,19,2,0,2,0,2,17,3,https://fbref.com/en/players/cd92357a/Lyndon-Dykes-Lyndon Dykes,
1,Chris Willock,https://fbref.com/en/players/be0bd828/Chris-Willock,21,21,eng ENG,FW,23-031,25,10,1,1,3,6,2,10,1,0,0.0,1,100.0,4,37,29,2,1,1,1,0,7,3,https://fbref.com/en/players/be0bd828/Chris-Willock-Chris Willock,
2,Charlie Austin,https://fbref.com/en/players/8d228291/Charlie-Austin,45,45,eng ENG,FW,31-241,86,35,0,2,18,15,4,35,1,0,0.0,1,100.0,10,31,10,0,0,0,1,0,22,4,https://fbref.com/en/players/8d228291/Charlie-Austin-Charlie Austin,
3,Macauley Bonne,https://fbref.com/en/players/9ca8b21c/Macauley-Bonne,7,7,zw ZIM,FW,25-128,4,4,0,0,1,3,1,4,0,0,,0,,1,5,0,0,0,0,1,0,4,1,https://fbref.com/en/players/9ca8b21c/Macauley-Bonne-Macauley Bonne,
4,Ilias Chair,https://fbref.com/en/players/ad7873cb/Ilias-Chair,10,10,ma MAR,AM,23-124,86,34,0,3,14,17,0,34,1,1,100.0,0,0.0,18,164,65,3,3,0,0,4,24,7,https://fbref.com/en/players/ad7873cb/Ilias-Chair-Ilias Chair,
5,Charlie Kelman,https://fbref.com/en/players/d7cf39b1/Charlie-Kelman,29,29,us USA,AM,19-121,4,1,0,0,1,0,0,1,0,0,,0,,0,0,0,0,0,0,1,0,1,0,https://fbref.com/en/players/d7cf39b1/Charlie-Kelman-Charlie Kelman,
6,Stefan Johansen,https://fbref.com/en/players/a48da055/Stefan-Johansen,14,14,no NOR,CM,30-054,90,72,2,11,44,17,3,72,2,1,50.0,1,50.0,17,166,75,2,1,1,2,0,38,3,https://fbref.com/en/players/a48da055/Stefan-Johansen-Stefan Johansen,
7,Dominic Ball,https://fbref.com/en/players/79d61875/Dominic-Ball,12,12,eng ENG,CM,25-213,66,32,1,12,18,2,0,32,1,1,100.0,0,0.0,8,23,9,0,0,0,3,1,17,0,https://fbref.com/en/players/79d61875/Dominic-Ball-Dominic Ball,
8,Sam Field,https://fbref.com/en/players/bd8a7d05/Sam-Field,15,15,eng ENG,CM,22-299,24,23,1,5,13,5,1,23,0,0,,0,,4,22,6,0,0,0,1,0,10,0,https://fbref.com/en/players/bd8a7d05/Sam-Field-Sam Field,
9,Lee Wallace,https://fbref.com/en/players/c3a396e2/Lee-Wallace,3,3,sct SCO,WB,33-214,90,65,0,16,30,20,2,65,4,2,50.0,2,50.0,21,147,99,3,0,0,1,0,33,6,https://fbref.com/en/players/c3a396e2/Lee-Wallace-Lee Wallace,
10,Todd Kane,https://fbref.com/en/players/dd082c59/Todd-Kane,2,2,eng ENG,WB,27-167,65,50,1,18,23,10,0,50,0,0,,0,,12,38,11,0,0,0,1,1,21,1,https://fbref.com/en/players/dd082c59/Todd-Kane-Todd Kane,
11,Albert Adomah,https://fbref.com/en/players/c7174e81/Albert-Adomah,37,37,gh GHA,WB,33-080,25,20,0,5,8,8,1,20,2,2,100.0,0,0.0,8,50,30,0,0,0,0,1,12,4,https://fbref.com/en/players/c7174e81/Albert-Adomah-Albert Adomah,
12,Yoann Barbet,https://fbref.com/en/players/c52bbd2c/Yoann-Barbet,6,6,fr FRA,CB,27-297,90,71,7,42,23,6,1,71,1,1,100.0,0,0.0,22,113,79,0,0,0,1,0,29,0,https://fbref.com/en/players/c52bbd2c/Yoann-Barbet-Yoann Barbet,
13,Geoff Cameron,https://fbref.com/en/players/1a160ea3/Geoff-Cameron,20,20,us USA,CB,35-235,90,70,6,44,25,1,1,70,0,0,,0,,13,89,42,0,0,0,0,0,18,0,https://fbref.com/en/players/1a160ea3/Geoff-Cameron-Geoff Cameron,
14,Robert Dickie,https://fbref.com/en/players/c7dfc411/Robert-Dickie,4,4,eng ENG,CB,25-000,90,63,4,34,27,2,1,63,1,1,100.0,0,0.0,21,104,62,0,0,0,1,2,32,1,https://fbref.com/en/players/c7dfc411/Robert-Dickie-Robert Dickie,
15,Seny Dieng,https://fbref.com/en/players/c135cddd/Seny-Dieng,13,13,sn SEN,GK,26-100,90,47,42,47,0,0,0,47,0,0,,0,,28,160,82,0,0,0,0,0,18,0,https://fbref.com/en/players/c135cddd/Seny-Dieng-Seny Dieng,
