,Player Name,Player Number,Player,#,Nation,Pos,Age,Min,CrdY,CrdR,2CrdY,Fls,Fld,Off,Crs,Int,TklW,PKwon,PKcon,OG,Recov,Won,Lost,Won%,Player Key,Player Link
0,Lyndon Dykes,https://fbref.com/en/players/cd92357a/Lyndon-Dykes,9,9,sct SCO,FW,25-147,65,0,0,0,0,1,0,0,0,0,0,0,0,0,3,12,20.0,https://fbref.com/en/players/cd92357a/Lyndon-Dykes-Lyndon Dykes,
1,Chris Willock,https://fbref.com/en/players/be0bd828/Chris-Willock,21,21,eng ENG,FW,23-031,25,0,0,0,0,0,2,2,0,1,0,0,0,1,0,3,0.0,https://fbref.com/en/players/be0bd828/Chris-Willock-Chris Willock,
2,Charlie Austin,https://fbref.com/en/players/8d228291/Charlie-Austin,45,45,eng ENG,FW,31-241,86,0,0,0,0,2,2,2,0,0,0,0,0,2,1,5,16.7,https://fbref.com/en/players/8d228291/Charlie-Austin-Charlie Austin,
3,Macauley Bonne,https://fbref.com/en/players/9ca8b21c/Macauley-Bonne,7,7,zw ZIM,FW,25-128,4,0,0,0,0,0,1,0,0,0,0,0,0,0,0,1,0.0,https://fbref.com/en/players/9ca8b21c/Macauley-Bonne-Macauley Bonne,
4,Ilias Chair,https://fbref.com/en/players/ad7873cb/Ilias-Chair,10,10,ma MAR,AM,23-124,86,0,0,0,0,1,0,5,0,0,0,0,0,3,1,1,50.0,https://fbref.com/en/players/ad7873cb/Ilias-Chair-Ilias Chair,
5,Charlie Kelman,https://fbref.com/en/players/d7cf39b1/Charlie-Kelman,29,29,us USA,AM,19-121,4,0,0,0,0,0,0,0,0,0,0,0,0,0,0,0,,https://fbref.com/en/players/d7cf39b1/Charlie-Kelman-Charlie Kelman,
6,Stefan Johansen,https://fbref.com/en/players/a48da055/Stefan-Johansen,14,14,no NOR,CM,30-054,90,0,0,0,2,2,0,2,0,1,0,0,0,12,1,0,100.0,https://fbref.com/en/players/a48da055/Stefan-Johansen-Stefan Johansen,
7,Dominic Ball,https://fbref.com/en/players/79d61875/Dominic-Ball,12,12,eng ENG,CM,25-213,66,0,0,0,2,1,0,0,0,0,0,0,0,5,4,4,50.0,https://fbref.com/en/players/79d61875/Dominic-Ball-Dominic Ball,
8,Sam Field,https://fbref.com/en/players/bd8a7d05/Sam-Field,15,15,eng ENG,CM,22-299,24,0,0,0,1,0,0,0,1,1,0,0,0,1,3,0,100.0,https://fbref.com/en/players/bd8a7d05/Sam-Field-Sam Field,
9,Lee Wallace,https://fbref.com/en/players/c3a396e2/Lee-Wallace,3,3,sct SCO,WB,33-214,90,0,0,0,0,0,0,2,0,0,0,0,0,5,3,3,50.0,https://fbref.com/en/players/c3a396e2/Lee-Wallace-Lee Wallace,
10,Todd Kane,https://fbref.com/en/players/dd082c59/Todd-Kane,2,2,eng ENG,WB,27-167,65,0,0,0,0,0,0,2,0,2,0,0,0,4,0,1,0.0,https://fbref.com/en/players/dd082c59/Todd-Kane-Todd Kane,
11,Albert Adomah,https://fbref.com/en/players/c7174e81/Albert-Adomah,37,37,gh GHA,WB,33-080,25,0,0,0,0,0,0,2,0,0,0,0,0,3,1,1,50.0,https://fbref.com/en/players/c7174e81/Albert-Adomah-Albert Adomah,
12,Yoann Barbet,https://fbref.com/en/players/c52bbd2c/Yoann-Barbet,6,6,fr FRA,CB,27-297,90,0,0,0,0,0,0,1,0,1,0,0,0,8,3,3,50.0,https://fbref.com/en/players/c52bbd2c/Yoann-Barbet-Yoann Barbet,
13,Geoff Cameron,https://fbref.com/en/players/1a160ea3/Geoff-Cameron,20,20,us USA,CB,35-235,90,0,0,0,1,0,0,0,0,2,0,0,0,8,5,3,62.5,https://fbref.com/en/players/1a160ea3/Geoff-Cameron-Geoff Cameron,
14,Robert Dickie,https://fbref.com/en/players/c7dfc411/Robert-Dickie,4,4,eng ENG,CB,25-000,90,1,0,0,2,2,0,0,0,0,0,0,0,3,6,2,75.0,https://fbref.com/en/players/c7dfc411/Robert-Dickie-Robert Dickie,
15,Seny Dieng,https://fbref.com/en/players/c135cddd/Seny-Dieng,13,13,sn SEN,GK,26-100,90,0,0,0,0,0,0,0,0,0,0,0,0,1,2,0,100.0,https://fbref.com/en/players/c135cddd/Seny-Dieng-Seny Dieng,
