,Minute,Player,Squad,xG,PSxG,Outcome,Distance,Body Part,Notes,SCA 1 Player,SCA 1 Event,SCA 2 Player,SCA 2 Event
0,4,Charlie Austin,QPR,0.05,,Woodwork,14,Right Foot,,Stefan Johansen,Pass (Live),Lee Wallace,Pass (Live)
1,9,Lyndon Dykes,QPR,0.32,,Off Target,10,Left Foot,,Todd Kane,Pass (Live),Geoff Cameron,Pass (Live)
2,20,Cauley Woodrow,Barnsley,0.04,,Blocked,14,Right Foot,,Callum Brittain,Pass (Live),,
3,22,Romal Palmer,Barnsley,0.07,0.04,Saved,17,Right Foot,,Daryl Dike,Pass (Live),Callum Brittain,Pass (Live)
4,23,Daryl Dike,Barnsley,0.13,0.14,Goal,3,Head,,Alex Mowatt,Pass (Dead),Romal Palmer,Shot
5,26,Yoann Barbet,QPR,0.04,0.06,Saved,17,Left Foot,Volley,Stefan Johansen,Fouled,,
6,27,Charlie Austin,QPR,0.46,0.59,Goal,7,Right Foot,,Yoann Barbet,Shot,,
7,29,Alex Mowatt,Barnsley,0.08,0.57,Goal,25,Left Foot,Free kick,Romal Palmer,Fouled,Cauley Woodrow,Pass (Live)
8,33,Callum Brittain,Barnsley,0.04,,Off Target,23,Right Foot,,Daryl Dike,Pass (Live),Daryl Dike,Pass (Live)
9,37,Geoff Cameron,QPR,0.05,,Blocked,12,Head,,Ilias Chair,Pass (Dead),Ilias Chair,Fouled
10,40,Charlie Austin,QPR,0.09,,Blocked,10,Right Foot,Volley,Robert Dickie,Pass (Live),Yoann Barbet,Pass (Live)
11,41,Robert Dickie,QPR,0.04,,Off Target,12,Head,,Charlie Austin,Pass (Live),Charlie Austin,Shot
12,43,Callum Styles,Barnsley,0.09,0.14,Saved,17,Left Foot,Deflected,Callum Styles,Take-On,Conor Chaplin,Pass (Live)
13,45+1,Romal Palmer,Barnsley,0.03,,Off Target,29,Left Foot,,Cauley Woodrow,Pass (Live),Alex Mowatt,Pass (Live)
14,,,,,,,,,,,,,
15,48,Alex Mowatt,Barnsley,0.02,,Blocked,33,Left Foot,,Romal Palmer,Pass (Dead),Romal Palmer,Fouled
16,54,Yoann Barbet,QPR,0.02,,Off Target,30,Left Foot,Volley,,,,
17,57,Carlton Morris,Barnsley,0.42,0.32,Goal,13,Right Foot,,Alex Mowatt,Pass (Live),Dominik Frieser,Pass (Live)
18,66,Victor Adeboyejo,Barnsley,0.08,,Off Target,12,Right Foot,Volley,,,,
19,67,Sam Field,QPR,0.03,,Off Target,32,Right Foot,,,,,
20,78,Charlie Austin,QPR,0.06,,Off Target,13,Right Foot,Volley,Stefan Johansen,Pass (Live),Yoann Barbet,Pass (Live)
21,83,Dominik Frieser,Barnsley,0.04,,Off Target,22,Right Foot,,Carlton Morris,Pass (Live),Callum Styles,Pass (Dead)
22,88,Alex Mowatt,Barnsley,0.35,,Saved off Target,11,Left Foot,,Dominik Frieser,Pass (Live),Carlton Morris,Pass (Live)
23,90,Alex Mowatt,Barnsley,0.08,,Off Target,24,Left Foot,Free kick,Carlton Morris,Fouled,Callum Brittain,Pass (Live)
24,90+3,Sam Field,QPR,0.06,0.07,Saved,11,Left Foot,,Lee Wallace,Pass (Live),Stefan Johansen,Pass (Live)
25,90+5,Stefan Johansen,QPR,0.05,0.05,Saved,15,Left Foot,,Stefan Johansen,Take-On,Lee Wallace,Pass (Dead)
26,90+5,Albert Adomah,QPR,0.09,,Off Target,8,Right Foot,Volley,Stefan Johansen,Shot,,
