,Player Name,Player Number,Player,#,Nation,Pos,Age,Min,Att,Live,Dead,FK,TB,Sw,Crs,TI,CK,In,Out,Str,Cmp,Off,Blocks,Player Key,Player Link
0,Licá,https://fbref.com/en/players/41d84fed/Lica,88,88,pt POR,FW,32-144,77,17,15,2,0,0,0,0,0,0,0,0,0,13,0,2,https://fbref.com/en/players/41d84fed/Lica-Licá,
1,Hugo Seco,https://fbref.com/en/players/68ee9021/Hugo-Seco,7,7,pt POR,"LM,FW",32-227,13,4,4,0,0,0,0,0,0,0,0,0,0,1,0,1,https://fbref.com/en/players/68ee9021/Hugo-Seco-Hugo Seco,
2,Ryan Gauld,https://fbref.com/en/players/862e93c2/Ryan-Gauld,23,23,sct SCO,"LW,CM,LM",25-045,90,38,32,6,4,0,1,9,0,2,2,0,0,22,0,0,https://fbref.com/en/players/862e93c2/Ryan-Gauld-Ryan Gauld,
3,Madi Queita,https://fbref.com/en/players/13ab460a/Madi-Queita,10,10,gw GNB,RW,22-101,68,11,11,0,0,0,0,1,0,0,0,0,0,4,0,2,https://fbref.com/en/players/13ab460a/Madi-Queita-Madi Queita,
4,Jonatan Lucca,https://fbref.com/en/players/b04f4533/Jonatan-Lucca,47,47,br BRA,CM,26-242,22,18,13,5,2,0,0,3,0,3,2,0,0,11,0,1,https://fbref.com/en/players/b04f4533/Jonatan-Lucca-Jonatan Lucca,
5,Fábio Alexandre da Silva Nunes,https://fbref.com/en/players/7cfc2860/Fabio-Alexandre-da-Silva-Nunes,92,92,pt POR,"LM,LB",28-190,90,45,29,15,1,0,1,4,14,0,0,0,0,20,1,1,https://fbref.com/en/players/7cfc2860/Fabio-Alexandre-da-Silva-Nunes-Fábio Alexandre da Silva Nunes,
6,Amine Oudrhiri,https://fbref.com/en/players/49c9c79a/Amine-Oudrhiri,5,5,ma MAR,"CM,RB",28-087,90,52,39,13,8,0,1,1,5,0,0,0,0,45,0,0,https://fbref.com/en/players/49c9c79a/Amine-Oudrhiri-Amine Oudrhiri,
7,Claudio Falcão,https://fbref.com/en/players/56077210/Claudio-Falcao,29,29,br BRA,"CM,CB",26-211,90,40,40,0,0,0,2,0,0,0,0,0,0,33,0,0,https://fbref.com/en/players/56077210/Claudio-Falcao-Claudio Falcão,
8,Tomás Tavares,https://fbref.com/en/players/0dce3356/Tomas-Tavares,84,84,pt POR,RM,19-329,67,49,33,16,0,0,0,2,16,0,0,0,0,28,0,2,https://fbref.com/en/players/0dce3356/Tomas-Tavares-Tomás Tavares,
9,Braian Mansilla,https://fbref.com/en/players/e4c37819/Braian-Mansilla,11,11,ar ARG,RM,23-289,23,8,8,0,0,0,0,2,0,0,0,0,0,3,0,1,https://fbref.com/en/players/e4c37819/Braian-Mansilla-Braian Mansilla,
10,Cássio,https://fbref.com/en/players/36334180/Cassio,41,41,br BRA,CB,27-027,90,40,38,2,2,0,1,0,0,0,0,0,0,27,0,0,https://fbref.com/en/players/36334180/Cassio-Cássio,
11,André Almeida Pinto,https://fbref.com/en/players/ba6e52b0/Andre-Almeida-Pinto,25,25,pt POR,CB,31-117,61,22,21,1,1,0,1,0,0,0,0,0,0,17,0,0,https://fbref.com/en/players/ba6e52b0/Andre-Almeida-Pinto-André Almeida Pinto,
12,Nikola Stojiljković,https://fbref.com/en/players/ca3e2783/Nikola-Stojiljkovic,9,9,rs SRB,"FW,CB",28-166,29,8,7,1,0,0,0,0,0,0,0,0,0,2,0,0,https://fbref.com/en/players/ca3e2783/Nikola-Stojiljkovic-Nikola Stojiljković,
13,Burá,https://fbref.com/en/players/8e72cba8/Bura,13,13,gw GNB,CB,25-039,77,38,36,2,2,0,0,0,0,0,0,0,0,32,0,1,https://fbref.com/en/players/8e72cba8/Bura-Burá,
14,Pedro,https://fbref.com/en/players/17758df6/Pedro,96,96,br BRA,"FW,CB",24-083,13,5,5,0,0,0,0,0,0,0,0,0,0,2,0,0,https://fbref.com/en/players/17758df6/Pedro-Pedro,
15,Rafael Defendi,https://fbref.com/en/players/317d3e7b/Rafael-Defendi,12,12,br BRA,GK,37-039,90,32,21,11,4,0,0,0,0,0,0,0,0,22,0,0,https://fbref.com/en/players/317d3e7b/Rafael-Defendi-Rafael Defendi,
