,Player Name,Player Number,Player,#,Nation,Pos,Age,Min,Touches,Def Pen,Def 3rd,Mid 3rd,Att 3rd,Att Pen,Live,Att,Succ,Succ%,Tkld,Tkld%,Carries,TotDist,PrgDist,PrgC,1/3,CPA,Mis,Dis,Rec,PrgR,Player Key,Player Link
0,Licá,https://fbref.com/en/players/41d84fed/Lica,88,88,pt POR,FW,32-144,77,20,1,2,8,10,4,20,0,0,,0,,4,8,5,0,0,0,1,0,12,0,https://fbref.com/en/players/41d84fed/Lica-Licá,
1,Hugo Seco,https://fbref.com/en/players/68ee9021/Hugo-Seco,7,7,pt POR,"LM,FW",32-227,13,5,1,1,3,2,1,5,0,0,,0,,4,46,32,0,0,0,0,0,4,0,https://fbref.com/en/players/68ee9021/Hugo-Seco-Hugo Seco,
2,Ryan Gauld,https://fbref.com/en/players/862e93c2/Ryan-Gauld,23,23,sct SCO,"LW,CM,LM",25-045,90,51,0,5,16,30,3,51,2,1,50.0,1,50.0,20,122,57,1,1,0,3,1,26,5,https://fbref.com/en/players/862e93c2/Ryan-Gauld-Ryan Gauld,
3,Madi Queita,https://fbref.com/en/players/13ab460a/Madi-Queita,10,10,gw GNB,RW,22-101,68,22,0,2,6,14,1,22,0,0,,0,,19,118,37,1,2,0,3,4,20,9,https://fbref.com/en/players/13ab460a/Madi-Queita-Madi Queita,
4,Jonatan Lucca,https://fbref.com/en/players/b04f4533/Jonatan-Lucca,47,47,br BRA,CM,26-242,22,18,0,3,9,6,0,18,0,0,,0,,4,27,8,0,0,0,1,0,8,2,https://fbref.com/en/players/b04f4533/Jonatan-Lucca-Jonatan Lucca,
5,Fábio Alexandre da Silva Nunes,https://fbref.com/en/players/7cfc2860/Fabio-Alexandre-da-Silva-Nunes,92,92,pt POR,"LM,LB",28-190,90,52,0,9,25,19,2,52,2,2,100.0,0,0.0,18,144,85,4,4,1,4,2,25,5,https://fbref.com/en/players/7cfc2860/Fabio-Alexandre-da-Silva-Nunes-Fábio Alexandre da Silva Nunes,
6,Amine Oudrhiri,https://fbref.com/en/players/49c9c79a/Amine-Oudrhiri,5,5,ma MAR,"CM,RB",28-087,90,56,0,18,30,9,0,56,0,0,,0,,17,76,38,0,1,0,0,1,29,0,https://fbref.com/en/players/49c9c79a/Amine-Oudrhiri-Amine Oudrhiri,
7,Claudio Falcão,https://fbref.com/en/players/56077210/Claudio-Falcao,29,29,br BRA,"CM,CB",26-211,90,51,1,22,25,5,2,51,0,0,,0,,17,66,12,0,0,0,2,1,27,0,https://fbref.com/en/players/56077210/Claudio-Falcao-Claudio Falcão,
8,Tomás Tavares,https://fbref.com/en/players/0dce3356/Tomas-Tavares,84,84,pt POR,RM,19-329,67,54,0,10,25,19,2,54,1,0,0.0,1,100.0,17,57,24,0,0,0,2,1,24,1,https://fbref.com/en/players/0dce3356/Tomas-Tavares-Tomás Tavares,
9,Braian Mansilla,https://fbref.com/en/players/e4c37819/Braian-Mansilla,11,11,ar ARG,RM,23-289,23,9,0,0,5,4,1,9,1,0,0.0,1,100.0,5,35,18,1,0,1,0,0,9,5,https://fbref.com/en/players/e4c37819/Braian-Mansilla-Braian Mansilla,
10,Cássio,https://fbref.com/en/players/36334180/Cassio,41,41,br BRA,CB,27-027,90,46,4,22,23,2,1,46,0,0,,0,,15,33,13,0,0,0,1,0,27,0,https://fbref.com/en/players/36334180/Cassio-Cássio,
11,André Almeida Pinto,https://fbref.com/en/players/ba6e52b0/Andre-Almeida-Pinto,25,25,pt POR,CB,31-117,61,26,3,14,11,1,1,26,0,0,,0,,6,17,7,0,0,0,0,1,13,0,https://fbref.com/en/players/ba6e52b0/Andre-Almeida-Pinto-André Almeida Pinto,
12,Nikola Stojiljković,https://fbref.com/en/players/ca3e2783/Nikola-Stojiljkovic,9,9,rs SRB,"FW,CB",28-166,29,10,0,0,5,5,1,10,0,0,,0,,2,1,0,0,0,0,0,0,5,0,https://fbref.com/en/players/ca3e2783/Nikola-Stojiljkovic-Nikola Stojiljković,
13,Burá,https://fbref.com/en/players/8e72cba8/Bura,13,13,gw GNB,CB,25-039,77,45,2,30,15,1,0,45,0,0,,0,,10,23,6,0,0,0,0,0,28,0,https://fbref.com/en/players/8e72cba8/Bura-Burá,
14,Pedro,https://fbref.com/en/players/17758df6/Pedro,96,96,br BRA,"FW,CB",24-083,13,6,0,0,0,6,4,6,0,0,,0,,4,22,7,0,0,0,1,0,6,1,https://fbref.com/en/players/17758df6/Pedro-Pedro,
15,Rafael Defendi,https://fbref.com/en/players/317d3e7b/Rafael-Defendi,12,12,br BRA,GK,37-039,90,32,28,32,0,0,0,32,0,0,,0,,6,31,15,0,0,0,0,0,16,0,https://fbref.com/en/players/317d3e7b/Rafael-Defendi-Rafael Defendi,
