,Minute,Player,Squad,xG,PSxG,Outcome,Distance,Body Part,Notes,SCA 1 Player,SCA 1 Event,SCA 2 Player,SCA 2 Event
0,1,Ryan Gauld,Farense,0.04,,Off Target,23,Left Foot,Volley,Tomás Tavares,Pass (Live),Madi Queita,Pass (Live)
1,11,Jaume Grau,Tondela,0.05,,Off Target,21,Left Foot,,Salvador Agra,Pass (Live),Filipe Ferreira,Pass (Live)
2,19,Ryan Gauld,Farense,0.08,0.10,Saved,9,Right Foot,,Fábio Alexandre da Silva Nunes,Take-On,,
3,22,Licá,Farense,0.14,,Off Target,6,Right Foot,,Fábio Alexandre da Silva Nunes,Pass (Live),Madi Queita,Pass (Live)
4,31,Salvador Agra,Tondela,0.05,,Blocked,30,Right Foot,Free kick,Mario González,Fouled,Enzo Martínez,Pass (Live)
5,35,Claudio Falcão,Farense,0.05,,Off Target,12,Head,,Ryan Gauld,Pass (Dead),Ryan Gauld,Fouled
6,37,Claudio Falcão,Farense,0.06,,Off Target,9,Head,,Amine Oudrhiri,Pass (Dead),Madi Queita,Fouled
7,43,Enzo Martínez,Tondela,0.05,,Blocked,30,Left Foot,Free kick,Jhon Murillo,Fouled,João Pedro,Pass (Live)
8,,,,,,,,,,,,,
9,46,João Pedro,Tondela,0.06,0.37,Goal,16,Right Foot,,Jhon Murillo,Pass (Live),João Pedro,Pass (Live)
10,52,Madi Queita,Farense,0.03,,Off Target,25,Right Foot,Volley,,,,
11,57,Jhon Murillo,Tondela,0.02,,Off Target,27,Right Foot,,Filipe Ferreira,Pass (Dead),,
12,63,Abdel Jalil Medioub,Tondela,0.24,,Off Target,4,Head,,João Pedro,Pass (Dead),Salvador Agra,Pass (Live)
13,73,Fábio Alexandre da Silva Nunes,Farense,0.03,,Off Target,31,Left Foot,,Claudio Falcão,Pass (Live),,
14,79,Ryan Gauld,Farense,0.03,,Blocked,29,Left Foot,,Jonatan Lucca,Pass (Live),Pedro,Pass (Live)
15,84,Amine Oudrhiri,Farense,0.02,0.02,Saved,32,Right Foot,Volley,Claudio Falcão,Pass (Live),Ryan Gauld,Pass (Live)
16,90+3,Cássio,Farense,0.03,,Blocked,23,Left Foot,,Amine Oudrhiri,Pass (Dead),Pedro,Fouled
17,90+3,Rafael Barbosa,Tondela,0.42,0.27,Goal,11,Left Foot,,Mario González,Pass (Live),Jhon Murillo,Pass (Live)
