,Player Name,Player Number,Player,#,Nation,Pos,Age,Min,Gls,Ast,PK,PKatt,Sh,SoT,CrdY,CrdR,Touches,Tkl,Int,Blocks,xG,npxG,xAG,SCA,GCA,Cmp,Att,Cmp%,PrgP,Carries,PrgC,Att,Succ,Player Key,Player Link
0,Mario González,https://fbref.com/en/players/d189e48f/Mario-Gonzalez,17,17,es ESP,FW,24-340,90,0,1,0,0,0,0,0,0,36,2,0,1,0.0,0.0,0.4,2,1,14,23,60.9,2,16,3,1,1,https://fbref.com/en/players/d189e48f/Mario-Gonzalez-Mario González,
1,Salvador Agra,https://fbref.com/en/players/a130741a/Salvador-Agra,7,7,pt POR,LW,29-080,73,0,0,0,0,1,0,0,0,41,0,0,1,0.1,0.1,0.1,2,0,26,33,78.8,2,19,2,2,1,https://fbref.com/en/players/a130741a/Salvador-Agra-Salvador Agra,
2,Rafael Barbosa,https://fbref.com/en/players/2a34574e/Rafael-Barbosa,70,70,pt POR,LW,24-307,17,1,0,0,0,1,1,1,0,10,0,0,0,0.4,0.4,0.0,0,0,3,5,60.0,1,6,0,1,0,https://fbref.com/en/players/2a34574e/Rafael-Barbosa-Rafael Barbosa,
3,Jhon Murillo,https://fbref.com/en/players/0d93febc/Jhon-Murillo,10,10,ve VEN,RW,25-070,89,0,1,0,0,1,0,1,0,30,1,0,0,0.0,0.0,0.1,3,2,19,23,82.6,3,18,4,1,0,https://fbref.com/en/players/0d93febc/Jhon-Murillo-Jhon Murillo,
4,Telmo Arcanjo,https://fbref.com/en/players/c692cef2/Telmo-Arcanjo,80,80,cv CPV,RW,19-223,1,0,0,0,0,0,0,0,0,0,0,0,0,0.0,0.0,0.0,0,0,0,0,,0,0,0,0,0,https://fbref.com/en/players/c692cef2/Telmo-Arcanjo-Telmo Arcanjo,
5,Jaume Grau,https://fbref.com/en/players/fc3d2006/Jaume-Grau,14,14,es ESP,LM,23-270,90,0,0,0,0,1,0,0,0,43,0,1,3,0.1,0.1,0.0,0,0,29,34,85.3,4,11,0,0,0,https://fbref.com/en/players/fc3d2006/Jaume-Grau-Jaume Grau,
6,Pedro Borges,https://fbref.com/en/players/5bb699c4/Pedro-Borges,6,6,br BRA,CM,23-333,90,0,0,0,0,0,0,0,0,44,4,0,1,0.0,0.0,0.0,0,0,28,32,87.5,2,15,1,1,1,https://fbref.com/en/players/5bb699c4/Pedro-Borges-Pedro Borges,
7,João Pedro,https://fbref.com/en/players/c51a704e/Joao-Pedro,8,8,pt POR,RM,27-302,85,1,0,0,0,1,1,0,0,43,0,2,0,0.1,0.1,0.2,3,1,24,35,68.6,5,10,1,0,0,https://fbref.com/en/players/c51a704e/Joao-Pedro-João Pedro,
8,Naoufel Khacef,https://fbref.com/en/players/a9b1ac11/Naoufel-Khacef,24,24,dz ALG,RM,23-095,5,0,0,0,0,0,0,0,0,3,0,0,0,0.0,0.0,0.0,0,0,0,1,0.0,0,2,0,0,0,https://fbref.com/en/players/a9b1ac11/Naoufel-Khacef-Naoufel Khacef,
9,Filipe Ferreira,https://fbref.com/en/players/12f1293b/Filipe-Ferreira,20,20,pt POR,LB,30-125,85,0,0,0,0,0,0,0,0,66,2,2,3,0.0,0.0,0.0,2,0,40,52,76.9,3,21,0,1,0,https://fbref.com/en/players/12f1293b/Filipe-Ferreira-Filipe Ferreira,
10,Ricardo Miguel Martins Alves,https://fbref.com/en/players/cc5eeb16/Ricardo-Miguel-Martins-Alves,34,34,pt POR,LB,29-266,5,0,0,0,0,0,0,0,0,4,0,0,0,0.0,0.0,0.0,0,0,0,3,0.0,0,0,0,0,0,https://fbref.com/en/players/cc5eeb16/Ricardo-Miguel-Martins-Alves-Ricardo Miguel Martins Alves,
11,Enzo Martínez,https://fbref.com/en/players/88473525/Enzo-Martinez,21,21,uy URU,CB,22-276,90,0,0,0,0,1,0,1,0,87,2,1,2,0.1,0.1,0.0,1,0,56,67,83.6,4,36,0,1,0,https://fbref.com/en/players/88473525/Enzo-Martinez-Enzo Martínez,
12,Abdel Jalil Medioub,https://fbref.com/en/players/4937a9f7/Abdel-Jalil-Medioub,28,28,dz ALG,CB,23-155,90,0,0,0,0,1,0,0,0,68,0,0,0,0.2,0.2,0.0,0,0,52,63,82.5,2,26,0,0,0,https://fbref.com/en/players/4937a9f7/Abdel-Jalil-Medioub-Abdel Jalil Medioub,
13,Bebeto,https://fbref.com/en/players/835e8327/Bebeto,2,2,br BRA,RB,31-029,90,0,0,0,0,0,0,1,0,71,3,3,2,0.0,0.0,0.0,0,0,39,57,68.4,2,28,1,0,0,https://fbref.com/en/players/835e8327/Bebeto-Bebeto,
14,Babacar Niasse,https://fbref.com/en/players/5c8beb50/Babacar-Niasse,99,99,mr MTN,GK,24-041,90,0,0,0,0,0,0,1,0,51,0,0,0,0.0,0.0,0.0,0,0,27,48,56.3,0,21,0,0,0,https://fbref.com/en/players/5c8beb50/Babacar-Niasse-Babacar Niasse,
