,Player Name,Player Number,Player,#,Nation,Pos,Age,Min,CrdY,CrdR,2CrdY,Fls,Fld,Off,Crs,Int,TklW,PKwon,PKcon,OG,Recov,Won,Lost,Won%,Player Key,Player Link
0,Mario González,https://fbref.com/en/players/d189e48f/Mario-Gonzalez,17,17,es ESP,FW,24-340,90,0,0,0,1,2,0,0,0,1,0,0,0,2,5,4,55.6,https://fbref.com/en/players/d189e48f/Mario-Gonzalez-Mario González,
1,Salvador Agra,https://fbref.com/en/players/a130741a/Salvador-Agra,7,7,pt POR,LW,29-080,73,0,0,0,1,0,1,4,0,0,0,0,0,3,0,0,,https://fbref.com/en/players/a130741a/Salvador-Agra-Salvador Agra,
2,Rafael Barbosa,https://fbref.com/en/players/2a34574e/Rafael-Barbosa,70,70,pt POR,LW,24-307,17,1,0,0,3,1,0,0,0,0,0,0,0,2,0,0,,https://fbref.com/en/players/2a34574e/Rafael-Barbosa-Rafael Barbosa,
3,Jhon Murillo,https://fbref.com/en/players/0d93febc/Jhon-Murillo,10,10,ve VEN,RW,25-070,89,1,0,0,1,2,0,1,0,1,0,0,0,5,1,1,50.0,https://fbref.com/en/players/0d93febc/Jhon-Murillo-Jhon Murillo,
4,Telmo Arcanjo,https://fbref.com/en/players/c692cef2/Telmo-Arcanjo,80,80,cv CPV,RW,19-223,1,0,0,0,0,0,0,0,0,0,0,0,0,0,0,0,,https://fbref.com/en/players/c692cef2/Telmo-Arcanjo-Telmo Arcanjo,
5,Jaume Grau,https://fbref.com/en/players/fc3d2006/Jaume-Grau,14,14,es ESP,LM,23-270,90,0,0,0,2,1,0,0,1,0,0,0,0,11,1,2,33.3,https://fbref.com/en/players/fc3d2006/Jaume-Grau-Jaume Grau,
6,Pedro Borges,https://fbref.com/en/players/5bb699c4/Pedro-Borges,6,6,br BRA,CM,23-333,90,0,0,0,2,0,0,1,0,4,0,0,0,4,2,3,40.0,https://fbref.com/en/players/5bb699c4/Pedro-Borges-Pedro Borges,
7,João Pedro,https://fbref.com/en/players/c51a704e/Joao-Pedro,8,8,pt POR,RM,27-302,85,0,0,0,1,3,0,2,2,0,0,0,0,3,2,0,100.0,https://fbref.com/en/players/c51a704e/Joao-Pedro-João Pedro,
8,Naoufel Khacef,https://fbref.com/en/players/a9b1ac11/Naoufel-Khacef,24,24,dz ALG,RM,23-095,5,0,0,0,1,0,0,0,0,0,0,0,0,1,0,0,,https://fbref.com/en/players/a9b1ac11/Naoufel-Khacef-Naoufel Khacef,
9,Filipe Ferreira,https://fbref.com/en/players/12f1293b/Filipe-Ferreira,20,20,pt POR,LB,30-125,85,0,0,0,3,1,0,3,2,1,0,0,0,6,0,2,0.0,https://fbref.com/en/players/12f1293b/Filipe-Ferreira-Filipe Ferreira,
10,Ricardo Miguel Martins Alves,https://fbref.com/en/players/cc5eeb16/Ricardo-Miguel-Martins-Alves,34,34,pt POR,LB,29-266,5,0,0,0,0,0,0,0,0,0,0,0,0,0,2,0,100.0,https://fbref.com/en/players/cc5eeb16/Ricardo-Miguel-Martins-Alves-Ricardo Miguel Martins Alves,
11,Enzo Martínez,https://fbref.com/en/players/88473525/Enzo-Martinez,21,21,uy URU,CB,22-276,90,1,0,0,3,3,0,0,1,1,0,0,0,10,3,5,37.5,https://fbref.com/en/players/88473525/Enzo-Martinez-Enzo Martínez,
12,Abdel Jalil Medioub,https://fbref.com/en/players/4937a9f7/Abdel-Jalil-Medioub,28,28,dz ALG,CB,23-155,90,0,0,0,1,0,0,0,0,0,0,0,0,2,5,0,100.0,https://fbref.com/en/players/4937a9f7/Abdel-Jalil-Medioub-Abdel Jalil Medioub,
13,Bebeto,https://fbref.com/en/players/835e8327/Bebeto,2,2,br BRA,RB,31-029,90,1,0,0,4,1,0,4,3,1,0,0,0,11,1,1,50.0,https://fbref.com/en/players/835e8327/Bebeto-Bebeto,
14,Babacar Niasse,https://fbref.com/en/players/5c8beb50/Babacar-Niasse,99,99,mr MTN,GK,24-041,90,1,0,0,0,0,0,0,0,0,0,0,0,1,0,0,,https://fbref.com/en/players/5c8beb50/Babacar-Niasse-Babacar Niasse,
