,Player Name,Player Number,Player,#,Nation,Pos,Age,Min,Touches,Def Pen,Def 3rd,Mid 3rd,Att 3rd,Att Pen,Live,Att,Succ,Succ%,Tkld,Tkld%,Carries,TotDist,PrgDist,PrgC,1/3,CPA,Mis,Dis,Rec,PrgR,Player Key,Player Link
0,Mario González,https://fbref.com/en/players/d189e48f/Mario-Gonzalez,17,17,es ESP,FW,24-340,90,36,3,3,22,11,4,36,1,1,100.0,0,0.0,16,102,50,3,0,2,6,1,27,6,https://fbref.com/en/players/d189e48f/Mario-Gonzalez-Mario González,
1,Salvador Agra,https://fbref.com/en/players/a130741a/Salvador-Agra,7,7,pt POR,LW,29-080,73,41,0,5,15,21,3,41,2,1,50.0,1,50.0,19,82,50,2,0,2,3,0,32,9,https://fbref.com/en/players/a130741a/Salvador-Agra-Salvador Agra,
2,Rafael Barbosa,https://fbref.com/en/players/2a34574e/Rafael-Barbosa,70,70,pt POR,LW,24-307,17,10,1,1,4,5,1,10,1,0,0.0,1,100.0,6,32,19,0,0,0,1,0,7,2,https://fbref.com/en/players/2a34574e/Rafael-Barbosa-Rafael Barbosa,
3,Jhon Murillo,https://fbref.com/en/players/0d93febc/Jhon-Murillo,10,10,ve VEN,RW,25-070,89,30,0,6,11,14,3,30,1,0,0.0,1,100.0,18,122,93,4,0,2,4,0,22,8,https://fbref.com/en/players/0d93febc/Jhon-Murillo-Jhon Murillo,
4,Telmo Arcanjo,https://fbref.com/en/players/c692cef2/Telmo-Arcanjo,80,80,cv CPV,RW,19-223,1,0,0,0,0,0,0,0,0,0,,0,,0,0,0,0,0,0,0,0,0,0,https://fbref.com/en/players/c692cef2/Telmo-Arcanjo-Telmo Arcanjo,
5,Jaume Grau,https://fbref.com/en/players/fc3d2006/Jaume-Grau,14,14,es ESP,LM,23-270,90,43,4,18,21,4,0,43,0,0,,0,,11,70,19,0,0,0,1,0,23,0,https://fbref.com/en/players/fc3d2006/Jaume-Grau-Jaume Grau,
6,Pedro Borges,https://fbref.com/en/players/5bb699c4/Pedro-Borges,6,6,br BRA,CM,23-333,90,44,5,14,26,4,0,44,1,1,100.0,0,0.0,15,89,33,1,0,0,1,3,25,0,https://fbref.com/en/players/5bb699c4/Pedro-Borges-Pedro Borges,
7,João Pedro,https://fbref.com/en/players/c51a704e/Joao-Pedro,8,8,pt POR,RM,27-302,85,43,3,11,23,9,2,43,0,0,,0,,10,23,17,1,1,0,2,0,28,1,https://fbref.com/en/players/c51a704e/Joao-Pedro-João Pedro,
8,Naoufel Khacef,https://fbref.com/en/players/a9b1ac11/Naoufel-Khacef,24,24,dz ALG,RM,23-095,5,3,2,2,1,0,0,3,0,0,,0,,2,9,0,0,0,0,0,0,1,0,https://fbref.com/en/players/a9b1ac11/Naoufel-Khacef-Naoufel Khacef,
9,Filipe Ferreira,https://fbref.com/en/players/12f1293b/Filipe-Ferreira,20,20,pt POR,LB,30-125,85,66,4,30,30,6,0,66,1,0,0.0,1,100.0,21,71,17,0,1,0,1,0,37,2,https://fbref.com/en/players/12f1293b/Filipe-Ferreira-Filipe Ferreira,
10,Ricardo Miguel Martins Alves,https://fbref.com/en/players/cc5eeb16/Ricardo-Miguel-Martins-Alves,34,34,pt POR,LB,29-266,5,4,1,4,0,0,0,4,0,0,,0,,0,0,0,0,0,0,0,0,0,0,https://fbref.com/en/players/cc5eeb16/Ricardo-Miguel-Martins-Alves-Ricardo Miguel Martins Alves,
11,Enzo Martínez,https://fbref.com/en/players/88473525/Enzo-Martinez,21,21,uy URU,CB,22-276,90,87,11,52,34,1,0,87,1,0,0.0,1,100.0,36,204,95,0,0,0,2,0,45,0,https://fbref.com/en/players/88473525/Enzo-Martinez-Enzo Martínez,
12,Abdel Jalil Medioub,https://fbref.com/en/players/4937a9f7/Abdel-Jalil-Medioub,28,28,dz ALG,CB,23-155,90,68,7,43,22,3,2,68,0,0,,0,,26,63,36,0,0,0,0,0,52,0,https://fbref.com/en/players/4937a9f7/Abdel-Jalil-Medioub-Abdel Jalil Medioub,
13,Bebeto,https://fbref.com/en/players/835e8327/Bebeto,2,2,br BRA,RB,31-029,90,71,4,36,25,10,1,71,0,0,,0,,28,155,88,1,2,1,1,1,32,2,https://fbref.com/en/players/835e8327/Bebeto-Bebeto,
14,Babacar Niasse,https://fbref.com/en/players/5c8beb50/Babacar-Niasse,99,99,mr MTN,GK,24-041,90,51,42,51,0,0,0,51,0,0,,0,,21,136,110,0,0,0,0,0,24,0,https://fbref.com/en/players/5c8beb50/Babacar-Niasse-Babacar Niasse,
