season,injury,from,until,days,missed_games
23/24,Muscle injury,"Jul 13, 2023","Aug 9, 2023",27 days,-
21/22,unknown injury,"Dec 14, 2021","Dec 31, 2021",17 days,2
21/22,Ill,"Oct 29, 2021","Nov 5, 2021",7 days,2
21/22,Meniscus injury,"Aug 9, 2021","Sep 25, 2021",47 days,13
20/21,Ill,"May 10, 2021","May 14, 2021",4 days,1
19/20,Inner ligament injury,"Jun 12, 2020","Sep 1, 2020",81 days,18
19/20,strain,"Feb 19, 2020","Feb 29, 2020",10 days,3
19/20,unknown injury,"Oct 1, 2019","Oct 4, 2019",3 days,1
19/20,Ill,"Sep 18, 2019","Sep 24, 2019",6 days,2
18/19,unknown injury,"May 8, 2019","May 13, 2019",5 days,1
