season,injury,from,until,days,missed_games
23/24,heart problems,"Jun 18, 2024",,20 days,-
23/24,Calf injury,"Sep 4, 2023","Oct 9, 2023",35 days,8
20/21,Groin surgery,"Mar 16, 2021","Jun 30, 2021",106 days,14
20/21,Groin problems,"Mar 5, 2021","Mar 15, 2021",10 days,2
19/20,Meniscus tear,"Sep 2, 2019","Nov 20, 2019",79 days,14
18/19,Groin problems,"Mar 14, 2019","Mar 18, 2019",4 days,1
18/19,Back injury,"Feb 21, 2019","Feb 22, 2019",1 days,-
18/19,Hamstring injury,"Jan 16, 2019","Jan 24, 2019",8 days,1
17/18,Inflammation of pubic bone,"Nov 6, 2017","Dec 31, 2017",55 days,9
17/18,Groin problems,"Oct 2, 2017","Oct 12, 2017",10 days,1
17/18,muscle stiffness,"Sep 21, 2017","Sep 28, 2017",7 days,1
16/17,Ankle injury,"Jun 8, 2017","Jun 8, 2017",0 days,-
16/17,Stomach flu,"Feb 13, 2017","Feb 16, 2017",3 days,1
16/17,influenza,"Dec 8, 2016","Dec 8, 2016",0 days,1
15/16,Knee surgery,"Mar 17, 2016","May 16, 2016",60 days,11
