season,injury,from,until,days,missed_games
20/21,Corona virus,"Oct 19, 2020","Nov 5, 2020",17 days,5
19/20,Cruciate ligament tear,"Aug 21, 2019","Mar 21, 2020",213 days,25
18/19,Foot injury,"May 14, 2018","Jul 24, 2018",71 days,-
17/18,Broken toe,"Oct 24, 2017","Dec 1, 2017",38 days,6
16/17,Thigh problems,"Dec 3, 2016","Dec 15, 2016",12 days,3
16/17,Knee injury,"Oct 14, 2016","Oct 27, 2016",13 days,3
15/16,Adductor injury,"Jan 1, 2016","Jan 14, 2016",13 days,3
12/13,strain,"Feb 14, 2013","Mar 27, 2013",41 days,7
09/10,Cruciate ligament tear,"Sep 18, 2009","Apr 18, 2010",212 days,39
