season,injury,from,until,days,missed_games
23/24,Knee surgery,"Feb 15, 2024",,144 days,17
23/24,Knee injury,"Feb 3, 2024","Feb 14, 2024",11 days,3
23/24,concussion,"Sep 27, 2023","Oct 6, 2023",9 days,2
22/23,Hamstring injury,"Feb 15, 2023","Feb 23, 2023",8 days,1
22/23,unknown injury,"Nov 4, 2022","Nov 9, 2022",5 days,3
21/22,Broken toe,"Jan 17, 2022","May 1, 2022",104 days,21
21/22,stomach problems,"Jan 4, 2022","Jan 7, 2022",3 days,1
21/22,Corona virus,"Dec 29, 2021","Jan 1, 2022",3 days,-
20/21,stomach problems,"Jan 2, 2021","Jan 5, 2021",3 days,1
20/21,Knee injury,"Sep 10, 2020","Dec 8, 2020",89 days,16
20/21,Corona virus,"Aug 14, 2020","Sep 9, 2020",26 days,1
20/21,Knee problems,"Jul 3, 2020","Sep 9, 2020",68 days,7
19/20,Calf injury,"May 9, 2020","Jun 1, 2020",23 days,-
19/20,Knee problems,"Oct 22, 2019","Nov 4, 2019",13 days,3
19/20,Foot injury,"Sep 6, 2019","Oct 18, 2019",42 days,10
