,Player Name,Player Number,Player,#,Nation,Pos,Age,Min,Att,Live,Dead,FK,TB,Sw,Crs,TI,CK,In,Out,Str,Cmp,Off,Blocks,Player Key,Player Link
0,Luis Muriel,https://fbref.com/en/players/eb2fe5b6/Luis-Muriel,9,9,co COL,FW,29-251,64,31,27,4,0,0,0,3,0,3,3,0,0,22,0,1,https://fbref.com/en/players/eb2fe5b6/Luis-Muriel-Luis Muriel,
1,Duván Zapata,https://fbref.com/en/players/d3de9af0/Duvan-Zapata,91,91,co COL,FW,29-266,26,8,6,2,1,0,0,0,0,0,0,0,0,8,0,0,https://fbref.com/en/players/d3de9af0/Duvan-Zapata-Duván Zapata,
2,Josip Iličić,https://fbref.com/en/players/68252d6d/Josip-Ilicic,72,72,si SVN,FW,32-329,45,22,21,1,0,0,0,2,0,1,1,0,0,17,0,0,https://fbref.com/en/players/68252d6d/Josip-Ilicic-Josip Iličić,
3,Aleksei Miranchuk,https://fbref.com/en/players/a9aa0d1d/Aleksei-Miranchuk,59,59,ru RUS,FW,25-067,45,31,30,1,0,0,0,1,0,1,0,1,0,30,0,0,https://fbref.com/en/players/a9aa0d1d/Aleksei-Miranchuk-Aleksei Miranchuk,
4,Matteo Pessina,https://fbref.com/en/players/780e3631/Matteo-Pessina,32,32,it ITA,AM,23-246,90,44,42,1,0,0,0,0,0,0,0,0,0,37,1,0,https://fbref.com/en/players/780e3631/Matteo-Pessina-Matteo Pessina,
5,Remo Freuler,https://fbref.com/en/players/98d2c2c4/Remo-Freuler,11,11,ch SUI,CM,28-252,83,59,57,2,1,0,0,0,1,0,0,0,0,51,0,1,https://fbref.com/en/players/98d2c2c4/Remo-Freuler-Remo Freuler,
6,Ruslan Malinovskyi,https://fbref.com/en/players/48d5bd33/Ruslan-Malinovskyi,18,18,ua UKR,CM,27-233,7,5,5,0,0,0,0,0,0,0,0,0,0,1,0,1,https://fbref.com/en/players/48d5bd33/Ruslan-Malinovskyi-Ruslan Malinovskyi,
7,Marten de Roon,https://fbref.com/en/players/2a1beb34/Marten-de-Roon,15,15,nl NED,CM,29-269,90,81,78,2,2,0,0,0,0,0,0,0,0,72,1,1,https://fbref.com/en/players/2a1beb34/Marten-de-Roon-Marten de Roon,
8,Robin Gosens,https://fbref.com/en/players/2d970560/Robin-Gosens,8,8,de GER,WB,26-171,84,54,47,7,0,0,0,4,7,0,0,0,0,42,0,2,https://fbref.com/en/players/2d970560/Robin-Gosens-Robin Gosens,
9,Johan Mojica,https://fbref.com/en/players/608f2092/Johan-Mojica,26,26,co COL,WB,28-124,6,9,8,1,0,0,0,2,1,0,0,0,0,5,0,1,https://fbref.com/en/players/608f2092/Johan-Mojica-Johan Mojica,
10,Hans Hateboer,https://fbref.com/en/players/3b333ac3/Hans-Hateboer,33,33,nl NED,WB,26-349,90,60,51,9,2,0,0,3,7,0,0,0,0,53,0,0,https://fbref.com/en/players/3b333ac3/Hans-Hateboer-Hans Hateboer,
11,Berat Djimsiti,https://fbref.com/en/players/6eee05f1/Berat-Djimsiti,19,19,al ALB,CB,27-308,90,57,56,1,1,0,0,0,0,0,0,0,0,51,0,0,https://fbref.com/en/players/6eee05f1/Berat-Djimsiti-Berat Djimsiti,
12,Cristian Romero,https://fbref.com/en/players/a3d94a58/Cristian-Romero,17,17,ar ARG,CB,22-240,90,43,40,3,3,0,0,0,0,0,0,0,0,32,0,2,https://fbref.com/en/players/a3d94a58/Cristian-Romero-Cristian Romero,
13,Rafael Tolói,https://fbref.com/en/players/c56dc39e/Rafael-Toloi,2,2,it ITA,CB,30-074,35,26,23,3,1,0,0,2,2,0,0,0,0,23,0,0,https://fbref.com/en/players/c56dc39e/Rafael-Toloi-Rafael Tolói,
14,José Luis Palomino,https://fbref.com/en/players/921f6058/Jose-Luis-Palomino,6,6,ar ARG,CB,30-353,55,43,43,0,0,0,0,0,0,0,0,0,0,37,0,0,https://fbref.com/en/players/921f6058/Jose-Luis-Palomino-José Luis Palomino,
15,Pierluigi Gollini,https://fbref.com/en/players/f0f7f62f/Pierluigi-Gollini,95,95,it ITA,GK,25-280,90,35,31,4,0,0,0,0,0,0,0,0,0,24,0,0,https://fbref.com/en/players/f0f7f62f/Pierluigi-Gollini-Pierluigi Gollini,
