,Player Name,Player Number,Player,#,Nation,Pos,Age,Min,Touches,Def Pen,Def 3rd,Mid 3rd,Att 3rd,Att Pen,Live,Att,Succ,Succ%,Tkld,Tkld%,Carries,TotDist,PrgDist,PrgC,1/3,CPA,Mis,Dis,Rec,PrgR,Player Key,Player Link
0,Luis Muriel,https://fbref.com/en/players/eb2fe5b6/Luis-Muriel,9,9,co COL,FW,29-251,64,44,0,3,16,25,4,43,3,3,100.0,0,0.0,27,172,38,1,0,0,2,1,32,13,https://fbref.com/en/players/eb2fe5b6/Luis-Muriel-Luis Muriel,
1,Duván Zapata,https://fbref.com/en/players/d3de9af0/Duvan-Zapata,91,91,co COL,FW,29-266,26,13,0,1,2,10,2,13,1,0,0.0,1,100.0,8,25,1,0,0,0,0,0,10,4,https://fbref.com/en/players/d3de9af0/Duvan-Zapata-Duván Zapata,
2,Josip Iličić,https://fbref.com/en/players/68252d6d/Josip-Ilicic,72,72,si SVN,FW,32-329,45,28,0,3,14,11,3,28,2,2,100.0,0,0.0,22,150,84,3,2,2,2,1,29,9,https://fbref.com/en/players/68252d6d/Josip-Ilicic-Josip Iličić,
3,Aleksei Miranchuk,https://fbref.com/en/players/a9aa0d1d/Aleksei-Miranchuk,59,59,ru RUS,FW,25-067,45,34,0,0,13,21,1,34,1,1,100.0,0,0.0,30,138,47,1,2,0,2,0,30,5,https://fbref.com/en/players/a9aa0d1d/Aleksei-Miranchuk-Aleksei Miranchuk,
4,Matteo Pessina,https://fbref.com/en/players/780e3631/Matteo-Pessina,32,32,it ITA,AM,23-246,90,61,1,6,22,33,3,61,3,1,33.3,2,66.7,38,171,55,1,2,0,2,1,39,6,https://fbref.com/en/players/780e3631/Matteo-Pessina-Matteo Pessina,
5,Remo Freuler,https://fbref.com/en/players/98d2c2c4/Remo-Freuler,11,11,ch SUI,CM,28-252,83,66,0,12,42,13,3,66,2,1,50.0,1,50.0,48,226,144,4,3,1,1,0,51,4,https://fbref.com/en/players/98d2c2c4/Remo-Freuler-Remo Freuler,
6,Ruslan Malinovskyi,https://fbref.com/en/players/48d5bd33/Ruslan-Malinovskyi,18,18,ua UKR,CM,27-233,7,7,0,0,1,6,0,7,1,1,100.0,0,0.0,5,52,4,0,0,0,0,0,6,2,https://fbref.com/en/players/48d5bd33/Ruslan-Malinovskyi-Ruslan Malinovskyi,
7,Marten de Roon,https://fbref.com/en/players/2a1beb34/Marten-de-Roon,15,15,nl NED,CM,29-269,90,86,0,14,58,16,0,86,1,0,0.0,1,100.0,58,243,117,1,2,0,0,1,64,2,https://fbref.com/en/players/2a1beb34/Marten-de-Roon-Marten de Roon,
8,Robin Gosens,https://fbref.com/en/players/2d970560/Robin-Gosens,8,8,de GER,WB,26-171,84,65,3,12,31,23,2,65,2,2,100.0,0,0.0,44,187,92,2,3,1,4,1,42,10,https://fbref.com/en/players/2d970560/Robin-Gosens-Robin Gosens,
9,Johan Mojica,https://fbref.com/en/players/608f2092/Johan-Mojica,26,26,co COL,WB,28-124,6,11,0,2,2,7,0,11,1,0,0.0,1,100.0,9,33,6,1,0,0,0,1,9,4,https://fbref.com/en/players/608f2092/Johan-Mojica-Johan Mojica,
10,Hans Hateboer,https://fbref.com/en/players/3b333ac3/Hans-Hateboer,33,33,nl NED,WB,26-349,90,66,0,12,29,26,3,66,0,0,,0,,46,283,186,4,4,1,0,1,46,13,https://fbref.com/en/players/3b333ac3/Hans-Hateboer-Hans Hateboer,
11,Berat Djimsiti,https://fbref.com/en/players/6eee05f1/Berat-Djimsiti,19,19,al ALB,CB,27-308,90,60,1,17,35,8,2,60,0,0,,0,,49,231,125,2,1,0,1,0,52,1,https://fbref.com/en/players/6eee05f1/Berat-Djimsiti-Berat Djimsiti,
12,Cristian Romero,https://fbref.com/en/players/a3d94a58/Cristian-Romero,17,17,ar ARG,CB,22-240,90,60,3,30,26,5,1,60,0,0,,0,,28,159,73,4,2,0,1,0,19,1,https://fbref.com/en/players/a3d94a58/Cristian-Romero-Cristian Romero,
13,Rafael Tolói,https://fbref.com/en/players/c56dc39e/Rafael-Toloi,2,2,it ITA,CB,30-074,35,31,2,16,6,9,1,31,1,0,0.0,1,100.0,14,55,23,0,1,0,0,1,18,2,https://fbref.com/en/players/c56dc39e/Rafael-Toloi-Rafael Tolói,
14,José Luis Palomino,https://fbref.com/en/players/921f6058/Jose-Luis-Palomino,6,6,ar ARG,CB,30-353,55,47,2,12,27,8,0,47,0,0,,0,,35,163,84,1,2,0,0,0,35,0,https://fbref.com/en/players/921f6058/Jose-Luis-Palomino-José Luis Palomino,
15,Pierluigi Gollini,https://fbref.com/en/players/f0f7f62f/Pierluigi-Gollini,95,95,it ITA,GK,25-280,90,35,33,34,1,0,0,35,0,0,,0,,29,114,74,0,0,0,0,0,20,0,https://fbref.com/en/players/f0f7f62f/Pierluigi-Gollini-Pierluigi Gollini,
