,Player Name,Player Number,Player,#,Nation,Pos,Age,Min,Touches,Def Pen,Def 3rd,Mid 3rd,Att 3rd,Att Pen,Live,Att,Succ,Succ%,Tkld,Tkld%,Carries,TotDist,PrgDist,PrgC,1/3,CPA,Mis,Dis,Rec,PrgR,Player Key,Player Link
0,Rodrigo Palacio,https://fbref.com/en/players/8d8178ac/Rodrigo-Palacio,24,24,ar ARG,FW,38-322,90,48,1,3,23,22,3,48,10,4,40.0,6,60.0,33,213,64,3,2,2,5,2,43,8,https://fbref.com/en/players/8d8178ac/Rodrigo-Palacio-Rodrigo Palacio,
1,Musa Barrow,https://fbref.com/en/players/e5bf73f3/Musa-Barrow,99,99,gm GAM,LW,22-039,64,34,1,9,15,10,2,34,1,0,0.0,1,100.0,21,93,21,0,0,0,1,1,26,1,https://fbref.com/en/players/e5bf73f3/Musa-Barrow-Musa Barrow,
2,Riccardo Orsolini,https://fbref.com/en/players/e14ec482/Riccardo-Orsolini,7,7,it ITA,LW,23-334,26,17,0,4,7,6,1,17,0,0,,0,,5,33,14,0,0,0,0,0,9,2,https://fbref.com/en/players/e14ec482/Riccardo-Orsolini-Riccardo Orsolini,
3,Emanuel Vignato,https://fbref.com/en/players/ec5dae45/Emanuel-Vignato,55,55,it ITA,RW,20-121,90,49,2,13,28,8,1,49,1,0,0.0,1,100.0,22,260,41,0,1,0,0,0,34,5,https://fbref.com/en/players/ec5dae45/Emanuel-Vignato-Emanuel Vignato,
4,Roberto Soriano,https://fbref.com/en/players/9d4c45d6/Roberto-Soriano,21,21,it ITA,AM,29-319,90,50,0,4,36,10,1,50,2,1,50.0,1,50.0,25,98,16,0,0,0,3,2,39,6,https://fbref.com/en/players/9d4c45d6/Roberto-Soriano-Roberto Soriano,
5,Andri Fannar Baldursson,https://fbref.com/en/players/61f2f56a/Andri-Fannar-Baldursson,18,18,is ISL,DM,18-348,64,27,1,9,15,4,0,27,1,0,0.0,1,100.0,12,90,20,1,0,0,3,1,16,1,https://fbref.com/en/players/61f2f56a/Andri-Fannar-Baldursson-Andri Fannar Baldursson,
6,Mattias Svanberg,https://fbref.com/en/players/92d83c27/Mattias-Svanberg,32,32,se SWE,DM,21-353,26,10,0,0,8,2,0,10,0,0,,0,,4,15,5,0,0,0,1,1,6,1,https://fbref.com/en/players/92d83c27/Mattias-Svanberg-Mattias Svanberg,
7,Jerdy Schouten,https://fbref.com/en/players/2cfae697/Jerdy-Schouten,30,30,nl NED,DM,23-346,75,48,4,15,32,1,0,48,0,0,,0,,19,78,23,0,0,0,2,0,31,0,https://fbref.com/en/players/2cfae697/Jerdy-Schouten-Jerdy Schouten,
8,Nicolás Domínguez,https://fbref.com/en/players/20b3a502/Nicolas-Dominguez,8,8,ar ARG,DM,22-178,15,11,3,7,3,1,0,11,0,0,,0,,1,13,1,0,0,0,0,0,3,0,https://fbref.com/en/players/20b3a502/Nicolas-Dominguez-Nicolás Domínguez,
9,Mitchell Dijks,https://fbref.com/en/players/0a3065c8/Mitchell-Dijks,35,35,nl NED,LB,27-318,77,55,3,25,20,10,1,55,3,1,33.3,2,66.7,29,205,126,2,2,0,2,0,37,3,https://fbref.com/en/players/0a3065c8/Mitchell-Dijks-Mitchell Dijks,
10,Nehuén Paz,https://fbref.com/en/players/42b1a58a/Nehuen-Paz,6,6,ar ARG,LB,27-239,13,6,1,3,2,1,1,6,0,0,,0,,2,7,1,0,0,0,0,0,4,0,https://fbref.com/en/players/42b1a58a/Nehuen-Paz-Nehuén Paz,
11,Gary Medel,https://fbref.com/en/players/563a68ad/Gary-Medel,17,17,cl CHI,CB,33-142,90,59,11,37,23,1,0,59,0,0,,0,,25,174,111,0,2,0,0,0,31,0,https://fbref.com/en/players/563a68ad/Gary-Medel-Gary Medel,
12,Danilo Larangeira,https://fbref.com/en/players/fed5f993/Danilo-Larangeira,23,23,br BRA,CB,36-227,90,59,9,32,27,0,0,59,0,0,,0,,22,90,48,0,0,0,1,0,32,0,https://fbref.com/en/players/fed5f993/Danilo-Larangeira-Danilo Larangeira,
13,Takehiro Tomiyasu,https://fbref.com/en/players/b3af9be1/Takehiro-Tomiyasu,14,14,jp JPN,RB,22-048,90,108,2,45,50,13,1,108,0,0,,0,,49,320,200,5,2,0,3,0,74,4,https://fbref.com/en/players/b3af9be1/Takehiro-Tomiyasu-Takehiro Tomiyasu,
14,Angelo da Costa Júnior,https://fbref.com/en/players/18736214/Angelo-da-Costa-Junior,1,1,br BRA,GK,37-041,90,63,52,63,0,0,0,63,0,0,,0,,39,284,235,0,0,0,0,0,38,0,https://fbref.com/en/players/18736214/Angelo-da-Costa-Junior-Angelo da Costa Júnior,
