,Player Name,Player Number,Player,#,Nation,Pos,Age,Min,Gls,Ast,PK,PKatt,Sh,SoT,CrdY,CrdR,Touches,Tkl,Int,Blocks,xG,npxG,xAG,SCA,GCA,Cmp,Att,Cmp%,PrgP,Carries,PrgC,Att,Succ,Player Key,Player Link
0,Rodrigo Palacio,https://fbref.com/en/players/8d8178ac/Rodrigo-Palacio,24,24,ar ARG,FW,38-322,90,0,1,0,0,0,0,1,0,48,0,0,1,0.0,0.0,0.3,3,1,26,33,78.8,1,33,3,10,4,https://fbref.com/en/players/8d8178ac/Rodrigo-Palacio-Rodrigo Palacio,
1,Musa Barrow,https://fbref.com/en/players/e5bf73f3/Musa-Barrow,99,99,gm GAM,LW,22-039,64,0,0,0,0,2,0,0,0,34,0,0,1,0.1,0.1,0.0,0,0,20,27,74.1,3,21,0,1,0,https://fbref.com/en/players/e5bf73f3/Musa-Barrow-Musa Barrow,
2,Riccardo Orsolini,https://fbref.com/en/players/e14ec482/Riccardo-Orsolini,7,7,it ITA,LW,23-334,26,0,1,0,0,2,0,0,0,17,0,0,2,0.3,0.3,0.4,2,1,8,12,66.7,1,5,0,0,0,https://fbref.com/en/players/e14ec482/Riccardo-Orsolini-Riccardo Orsolini,
3,Emanuel Vignato,https://fbref.com/en/players/ec5dae45/Emanuel-Vignato,55,55,it ITA,RW,20-121,90,0,0,0,0,1,0,0,0,49,1,3,0,0.0,0.0,0.2,2,1,30,43,69.8,3,22,0,1,0,https://fbref.com/en/players/ec5dae45/Emanuel-Vignato-Emanuel Vignato,
4,Roberto Soriano,https://fbref.com/en/players/9d4c45d6/Roberto-Soriano,21,21,it ITA,AM,29-319,90,0,0,0,0,1,0,0,0,50,2,0,1,0.0,0.0,0.0,3,0,32,40,80.0,4,25,0,2,1,https://fbref.com/en/players/9d4c45d6/Roberto-Soriano-Roberto Soriano,
5,Andri Fannar Baldursson,https://fbref.com/en/players/61f2f56a/Andri-Fannar-Baldursson,18,18,is ISL,DM,18-348,64,0,0,0,0,0,0,0,0,27,3,0,1,0.0,0.0,0.0,0,0,12,18,66.7,1,12,1,1,0,https://fbref.com/en/players/61f2f56a/Andri-Fannar-Baldursson-Andri Fannar Baldursson,
6,Mattias Svanberg,https://fbref.com/en/players/92d83c27/Mattias-Svanberg,32,32,se SWE,DM,21-353,26,0,0,0,0,1,1,0,0,10,0,0,0,0.0,0.0,0.0,0,0,6,7,85.7,0,4,0,0,0,https://fbref.com/en/players/92d83c27/Mattias-Svanberg-Mattias Svanberg,
7,Jerdy Schouten,https://fbref.com/en/players/2cfae697/Jerdy-Schouten,30,30,nl NED,DM,23-346,75,0,0,0,0,0,0,0,0,48,2,0,0,0.0,0.0,0.0,0,0,36,40,90.0,4,19,0,0,0,https://fbref.com/en/players/2cfae697/Jerdy-Schouten-Jerdy Schouten,
8,Nicolás Domínguez,https://fbref.com/en/players/20b3a502/Nicolas-Dominguez,8,8,ar ARG,DM,22-178,15,0,0,0,0,0,0,0,0,11,2,1,2,0.0,0.0,0.0,1,0,5,7,71.4,0,1,0,0,0,https://fbref.com/en/players/20b3a502/Nicolas-Dominguez-Nicolás Domínguez,
9,Mitchell Dijks,https://fbref.com/en/players/0a3065c8/Mitchell-Dijks,35,35,nl NED,LB,27-318,77,0,0,0,0,0,0,0,0,55,0,0,0,0.0,0.0,0.0,1,0,43,49,87.8,2,29,2,3,1,https://fbref.com/en/players/0a3065c8/Mitchell-Dijks-Mitchell Dijks,
10,Nehuén Paz,https://fbref.com/en/players/42b1a58a/Nehuen-Paz,6,6,ar ARG,LB,27-239,13,1,0,0,0,1,1,0,0,6,0,0,0,0.3,0.3,0.0,0,0,5,5,100.0,1,2,0,0,0,https://fbref.com/en/players/42b1a58a/Nehuen-Paz-Nehuén Paz,
11,Gary Medel,https://fbref.com/en/players/563a68ad/Gary-Medel,17,17,cl CHI,CB,33-142,90,0,0,0,0,0,0,0,0,59,2,4,1,0.0,0.0,0.0,0,0,41,47,87.2,1,25,0,0,0,https://fbref.com/en/players/563a68ad/Gary-Medel-Gary Medel,
12,Danilo Larangeira,https://fbref.com/en/players/fed5f993/Danilo-Larangeira,23,23,br BRA,CB,36-227,90,0,0,0,0,0,0,0,0,59,2,3,2,0.0,0.0,0.0,0,0,36,47,76.6,3,22,0,0,0,https://fbref.com/en/players/fed5f993/Danilo-Larangeira-Danilo Larangeira,
13,Takehiro Tomiyasu,https://fbref.com/en/players/b3af9be1/Takehiro-Tomiyasu,14,14,jp JPN,RB,22-048,90,1,0,0,0,1,1,0,0,108,1,2,1,0.4,0.4,0.0,2,1,74,97,76.3,7,49,5,0,0,https://fbref.com/en/players/b3af9be1/Takehiro-Tomiyasu-Takehiro Tomiyasu,
14,Angelo da Costa Júnior,https://fbref.com/en/players/18736214/Angelo-da-Costa-Junior,1,1,br BRA,GK,37-041,90,0,0,0,0,0,0,1,0,63,0,0,0,0.0,0.0,0.0,0,0,55,60,91.7,0,39,0,0,0,https://fbref.com/en/players/18736214/Angelo-da-Costa-Junior-Angelo da Costa Júnior,
