,Minute,Player,Squad,xG,PSxG,Outcome,Distance,Body Part,Notes,SCA 1 Player,SCA 1 Event,SCA 2 Player,SCA 2 Event
0,10,Musa Barrow,Bologna,0.04,,Blocked,17,Right Foot,,Mitchell Dijks,Pass (Dead),,
1,22,Luis Muriel(pen),Atalanta,0.79,0.98,Goal,13,Right Foot,,Josip Iličić,Fouled,Rafael Tolói,Pass (Live)
2,23,Luis Muriel,Atalanta,0.08,0.39,Goal,12,Left Foot,Volley,Luis Muriel,Take-On,Matteo Pessina,Pass (Live)
3,25,Hans Hateboer,Atalanta,0.05,0.08,Saved,14,Right Foot,Volley,Luis Muriel,Pass (Live),Marten de Roon,Pass (Live)
4,26,Josip Iličić,Atalanta,0.04,0.11,Saved,17,Right Foot,,Cristian Romero,Pass (Live),Cristian Romero,Interception
5,28,Josip Iličić,Atalanta,0.04,,Blocked,18,Left Foot,,Luis Muriel,Pass (Live),Remo Freuler,Pass (Live)
6,31,Matteo Pessina,Atalanta,0.08,0.13,Saved,9,Left Foot,,Robin Gosens,Pass (Live),Luis Muriel,Pass (Live)
7,42,Robin Gosens,Atalanta,0.06,,Off Target,15,Left Foot,,Berat Djimsiti,Pass (Live),Josip Iličić,Pass (Live)
8,45,Emanuel Vignato,Bologna,0.03,,Blocked,26,Left Foot,,Roberto Soriano,Pass (Live),Rodrigo Palacio,Pass (Live)
9,,,,,,,,,,,,,
10,50,Luis Muriel,Atalanta,0.02,0.15,Saved,24,Right Foot,,Remo Freuler,Pass (Live),Aleksei Miranchuk,Pass (Live)
11,62,Musa Barrow,Bologna,0.04,,Off Target,22,Right Foot,,Rodrigo Palacio,Pass (Live),,
12,69,Mattias Svanberg,Bologna,0.03,0.23,Saved,26,Right Foot,,Roberto Soriano,Pass (Live),Takehiro Tomiyasu,Pass (Live)
13,71,Duván Zapata,Atalanta,0.07,,Blocked,16,Right Foot,,Marten de Roon,Pass (Live),,
14,73,Takehiro Tomiyasu,Bologna,0.36,0.79,Goal,11,Right Foot,,Riccardo Orsolini,Pass (Live),Takehiro Tomiyasu,Pass (Live)
15,75,Berat Djimsiti,Atalanta,0.07,,Off Target,9,Head,,Aleksei Miranchuk,Pass (Dead),Remo Freuler,Take-On
16,76,Cristian Romero,Atalanta,0.06,,Off Target,16,Right Foot,,Duván Zapata,Pass (Live),Hans Hateboer,Pass (Live)
17,81,Riccardo Orsolini,Bologna,0.07,,Blocked,28,Left Foot,Free kick,Nicolás Domínguez,Fouled,,
18,81,Riccardo Orsolini,Bologna,0.21,,Blocked,8,Head,,Emanuel Vignato,Pass (Live),Riccardo Orsolini,Shot
19,82,Nehuén Paz,Bologna,0.28,0.61,Goal,4,Head,,Rodrigo Palacio,Pass (Live),Emanuel Vignato,Pass (Dead)
20,90+2,Ruslan Malinovskyi,Atalanta,0.03,,Blocked,29,Left Foot,,Hans Hateboer,Pass (Live),Cristian Romero,Pass (Live)
21,90+2,Roberto Soriano,Bologna,0.05,,Off Target,12,Right Foot,,Roberto Soriano,Pass (Live),,
