season,injury,from,until,days,missed_games
23/24,Hamstring injury,"Nov 12, 2023","Feb 5, 2024",85 days,17
21/22,Calf injury,"Jan 28, 2022","Feb 21, 2022",24 days,7
20/21,Muscle injury,"Jan 18, 2021","Feb 11, 2021",24 days,6
20/21,Calf problems,"Dec 21, 2020","Dec 31, 2020",10 days,2
20/21,muscular problems,"Nov 23, 2020","Dec 14, 2020",21 days,4
20/21,Knee problems,"Sep 25, 2020","Oct 15, 2020",20 days,5
18/19,Fitness,"Apr 4, 2019","May 12, 2019",38 days,9
18/19,Achilles tendon rupture,"Aug 20, 2018","Apr 3, 2019",226 days,55
16/17,Calf muscle tear,"Apr 27, 2017","Jun 23, 2017",57 days,11
15/16,Calf injury,"May 2, 2016","May 19, 2016",17 days,2
15/16,Torn muscle bundle,"Sep 7, 2015","Oct 1, 2015",24 days,6
13/14,Torn muscle fiber,"Mar 3, 2014","Mar 13, 2014",10 days,2
12/13,Broken arm,"Sep 27, 2012","Nov 19, 2012",53 days,11
09/10,Knee injury,"Mar 29, 2010","May 13, 2010",45 days,8
08/09,Calf problems,"May 24, 2009","Jun 2, 2009",9 days,3
