season,injury,from,until,days,missed_games
21/22,Muscle injury,"Dec 17, 2021","Jan 3, 2022",17 days,2
20/21,Ankle sprain,"Oct 25, 2020","Nov 20, 2020",26 days,6
19/20,Corona virus,"Mar 14, 2020","Apr 5, 2020",22 days,-
19/20,Broken cheekbone,"Nov 25, 2019","Dec 12, 2019",17 days,3
18/19,fracture,"May 5, 2019","May 17, 2019",12 days,2
18/19,Knee injury,"Feb 9, 2019","Feb 25, 2019",16 days,3
18/19,Hamstring muscle injury,"Nov 14, 2018","Nov 26, 2018",12 days,3
14/15,Lumbar vertebra problems,"Feb 21, 2015","Mar 15, 2015",22 days,5
