season,injury,from,until,days,missed_games
22/23,unknown injury,"Mar 8, 2023","Apr 7, 2023",30 days,5
22/23,Muscle injury,"Sep 27, 2022","Oct 19, 2022",22 days,5
19/20,Hamstring injury,"Dec 6, 2019","Jan 14, 2020",39 days,9
19/20,Hamstring injury,"Nov 24, 2019","Dec 4, 2019",10 days,2
18/19,Cruciate ligament tear,"Jan 19, 2019","Sep 16, 2019",240 days,31
18/19,Calf strain,"Dec 16, 2018","Jan 11, 2019",26 days,7
18/19,Muscle injury,"Oct 29, 2018","Nov 2, 2018",4 days,1
16/17,Ankle injury,"Jan 6, 2017","Jan 16, 2017",10 days,2
16/17,Ankle injury,"Nov 7, 2016","Dec 10, 2016",33 days,9
15/16,Groin problems,"Nov 2, 2015","Nov 18, 2015",16 days,5
