season,injury,from,until,days,missed_games
23/24,Broken fibula,"May 17, 2024","Aug 17, 2024",92 days,3
23/24,Torn muscle bundle,"Feb 4, 2024","Mar 24, 2024",49 days,9
21/22,influenza,"May 2, 2022","May 19, 2022",17 days,4
21/22,Ill,"Apr 11, 2022","Apr 14, 2022",3 days,1
21/22,Back problems,"Mar 31, 2022","Apr 7, 2022",7 days,2
21/22,Corona virus,"Dec 16, 2021","Dec 30, 2021",14 days,2
21/22,Back problems,"Oct 4, 2021","Oct 28, 2021",24 days,3
20/21,minor knock,"Feb 4, 2021","Feb 8, 2021",4 days,1
20/21,ankle sprain,"Sep 7, 2020","Sep 24, 2020",17 days,1
19/20,Muscle injury,"Jun 18, 2020","Jun 22, 2020",4 days,2
19/20,Lumbago,"Mar 9, 2020","Mar 12, 2020",3 days,-
19/20,Hamstring muscle injury,"Aug 29, 2019","Sep 30, 2019",32 days,6
18/19,Back problems,"Feb 7, 2019","Feb 25, 2019",18 days,4
18/19,Appendicitis,"Sep 24, 2018","Oct 18, 2018",24 days,6
17/18,Shoulder injury,"Apr 26, 2018","May 10, 2018",14 days,4
