season,injury,from,until,days,missed_games
23/24,Achilles tendon surgery,"Oct 9, 2023","Mar 6, 2024",149 days,27
22/23,Calf injury,"May 30, 2023","Jun 7, 2023",8 days,3
22/23,Nose surgery,"Nov 28, 2022","Dec 13, 2022",15 days,-
21/22,Muscle injury,"Sep 14, 2021","Sep 24, 2021",10 days,3
20/21,Heel problems,"Dec 20, 2020","Mar 15, 2021",85 days,18
19/20,Muscle injury,"Nov 21, 2019","Nov 28, 2019",7 days,1
18/19,Muscle injury,"Feb 8, 2019","Feb 16, 2019",8 days,2
17/18,Groin problems,"Dec 7, 2017","Dec 7, 2017",0 days,-
17/18,Adductor pain,"Sep 11, 2017","Sep 21, 2017",10 days,3
16/17,minor knock,"May 29, 2017","Jun 12, 2017",14 days,2
16/17,Arm injury,"Apr 10, 2017","May 8, 2017",28 days,7
16/17,cold,"Dec 12, 2016","Dec 15, 2016",3 days,-
16/17,Fever,"Dec 12, 2016","Dec 15, 2016",3 days,-
16/17,Adductor pain,"Oct 24, 2016","Oct 27, 2016",3 days,1
16/17,Adductor injury,"Sep 22, 2016","Oct 10, 2016",18 days,5
