season,injury,from,until,days,missed_games
23/24,Broken nose bone,"Feb 24, 2024","Mar 8, 2024",13 days,2
23/24,Knee injury,"Aug 15, 2023","Oct 30, 2023",76 days,13
22/23,Cruciate ligament tear,"Feb 27, 2023","Sep 17, 2023",202 days,22
22/23,Muscle injury,"Jan 16, 2023","Jan 25, 2023",9 days,2
22/23,Calf muscle tear,"Sep 3, 2022","Oct 1, 2022",28 days,5
20/21,Muscle injury,"Feb 19, 2021","Mar 3, 2021",12 days,2
20/21,muscular problems,"Nov 5, 2020","Nov 29, 2020",24 days,2
19/20,muscular problems,"Dec 7, 2019","Dec 14, 2019",7 days,1
19/20,muscular problems,"Sep 21, 2019","Oct 3, 2019",12 days,2
17/18,Knee bruise,"Feb 26, 2018","Apr 2, 2018",35 days,9
16/17,Knee injury,"Aug 28, 2016","Sep 20, 2016",23 days,5
15/16,Cruciate ligament tear,"Sep 7, 2015","Apr 7, 2016",213 days,45
