season,injury,from,until,days,missed_games
22/23,Hamstring muscle injury,"Nov 14, 2022","Nov 25, 2022",11 days,-
22/23,Contracture,"Oct 23, 2022","Oct 28, 2022",5 days,1
22/23,muscular problems,"Aug 9, 2022","Aug 30, 2022",21 days,5
21/22,muscular problems,"Jan 23, 2022","Jan 26, 2022",3 days,1
21/22,Corona virus,"Dec 31, 2021","Jan 9, 2022",9 days,1
21/22,muscular problems,"Nov 25, 2021","Nov 29, 2021",4 days,2
21/22,muscular problems,"Nov 7, 2021","Nov 16, 2021",9 days,1
21/22,Quarantine,"Jul 21, 2021","Jul 31, 2021",10 days,2
20/21,Hamstring strain,"May 12, 2021","May 21, 2021",9 days,2
20/21,Calf injury,"Sep 11, 2020","Sep 30, 2020",19 days,4
19/20,Muscle strain,"Jun 19, 2020","Jun 24, 2020",5 days,1
19/20,Knee injury,"Feb 22, 2020","Feb 22, 2020",0 days,-
19/20,Ill,"Jan 17, 2020","Jan 22, 2020",5 days,2
19/20,concussion,"Dec 27, 2019","Dec 30, 2019",3 days,1
19/20,Rest,"Oct 23, 2019","Oct 25, 2019",2 days,1
