season,injury,from,until,days,missed_games
23/24,unknown injury,"Feb 15, 2024","Feb 19, 2024",4 days,2
23/24,Inflammation of the biceps tendon in the thigh,"Nov 27, 2023","Dec 14, 2023",17 days,5
20/21,muscular problems,"Dec 27, 2020","Jan 11, 2021",15 days,4
19/20,Ill,"Jun 14, 2020","Jun 20, 2020",6 days,2
19/20,muscular problems,"Feb 24, 2020","May 24, 2020",90 days,2
19/20,Muscle injury,"Oct 3, 2019","Feb 6, 2020",126 days,22
18/19,Broken nose bone,"Apr 16, 2019","May 11, 2019",25 days,4
18/19,Hamstring injury,"Jan 31, 2019","Feb 6, 2019",6 days,1
18/19,Leg injury,"Sep 11, 2018","Sep 28, 2018",17 days,4
17/18,muscular problems,"Apr 6, 2018","May 3, 2018",27 days,6
17/18,Hamstring injury,"Mar 20, 2018","Apr 3, 2018",14 days,3
17/18,influenza,"Feb 24, 2018","Feb 28, 2018",4 days,1
17/18,Thigh problems,"Feb 5, 2018","Feb 9, 2018",4 days,1
17/18,minor knock,"Oct 30, 2017","Nov 15, 2017",16 days,4
17/18,Muscle injury,"Aug 14, 2017","Aug 24, 2017",10 days,3
