season,injury,from,until,days,missed_games
23/24,unknown injury,"Sep 24, 2023","Oct 3, 2023",9 days,3
21/22,Torn muscle fiber,"Jan 4, 2022","Jan 17, 2022",13 days,3
20/21,Corona virus,"Sep 9, 2020","Sep 29, 2020",20 days,4
18/19,Muscle injury,"Mar 4, 2019","Mar 28, 2019",24 days,2
18/19,Torn muscle fiber,"Sep 1, 2018","Sep 20, 2018",19 days,1
17/18,Metatarsal bruise,"Feb 5, 2018","Mar 2, 2018",25 days,6
16/17,Hamstring injury,"Apr 27, 2017","May 11, 2017",14 days,2
16/17,Muscle injury,"Feb 11, 2017","Mar 30, 2017",47 days,6
16/17,Ankle injury,"Dec 11, 2016","Dec 19, 2016",8 days,1
