season,injury,from,until,days,missed_games
22/23,Hamstring injury,"Apr 12, 2023","May 20, 2023",38 days,7
21/22,Corona virus,"Jan 7, 2022","Jan 16, 2022",9 days,4
21/22,Hamstring muscle injury,"Dec 1, 2021","Jan 2, 2022",32 days,6
20/21,Leg injury,"May 4, 2021","May 24, 2021",20 days,4
20/21,Corona virus,"Feb 5, 2021","Feb 19, 2021",14 days,4
20/21,Muscle injury,"Dec 20, 2020","Jan 9, 2021",20 days,4
19/20,Thigh problems,"Feb 15, 2020","Mar 4, 2020",18 days,4
19/20,Hamstring muscle injury,"Dec 15, 2019","Jan 30, 2020",46 days,7
16/17,Knee collateral ligament strain,"Dec 11, 2016","Dec 26, 2016",15 days,3
14/15,Knock,"Mar 13, 2015","Mar 20, 2015",7 days,2
11/12,Metatarsal fracture,"Apr 11, 2012","May 25, 2012",44 days,9
