season,injury,from,until,days,missed_games
23/24,Fitness,"May 24, 2024","May 30, 2024",6 days,1
23/24,Knee injury,"May 23, 2024","May 27, 2024",4 days,2
21/22,Leg injury,"Dec 12, 2021","Jan 22, 2022",41 days,1
21/22,Muscle injury,"Oct 20, 2021","Nov 1, 2021",12 days,3
21/22,concussion,"Aug 15, 2021","Aug 19, 2021",4 days,1
20/21,Knee injury,"Feb 15, 2021","Mar 15, 2021",28 days,4
20/21,Knee collateral ligament strain,"Oct 15, 2020","Nov 13, 2020",29 days,7
20/21,Bruised ribs,"Sep 26, 2020","Oct 1, 2020",5 days,1
19/20,Hip injury,"Aug 15, 2019","Dec 23, 2019",130 days,26
18/19,ankle sprain,"Dec 6, 2018","Jan 5, 2019",30 days,4
18/19,Ligament stretching,"Sep 3, 2018","Sep 25, 2018",22 days,3
