season,injury,from,until,days,missed_games
23/24,Cruciate ligament tear,"Oct 19, 2023","Jul 16, 2024",271 days,41
23/24,muscular problems,"Aug 4, 2023","Sep 3, 2023",30 days,7
22/23,Ankle surgery,"Feb 20, 2023","Jun 30, 2023",130 days,15
22/23,Ankle injury,"Nov 25, 2022","Dec 4, 2022",9 days,2
21/22,Ankle injury,"Nov 29, 2021","Feb 13, 2022",76 days,15
21/22,Adductor pain,"Nov 15, 2021","Nov 18, 2021",3 days,1
21/22,Adductor pain,"Oct 16, 2021","Oct 23, 2021",7 days,1
21/22,Fitness,"Aug 1, 2021","Aug 26, 2021",25 days,4
20/21,Adductor pain,"Feb 11, 2021","Mar 19, 2021",36 days,9
20/21,Ankle problems,"Dec 14, 2020","Jan 10, 2021",27 days,5
20/21,Rest,"Dec 5, 2020","Dec 6, 2020",1 days,1
20/21,Adductor pain,"Oct 28, 2020","Nov 19, 2020",22 days,6
20/21,Corona virus,"Sep 2, 2020","Sep 11, 2020",9 days,1
19/20,Bruised ribs,"Feb 3, 2020","Feb 16, 2020",13 days,4
19/20,Hamstring injury,"Oct 14, 2019","Nov 20, 2019",37 days,8
