season,injury,from,until,days,missed_games
22/23,Stomach flu,"Feb 19, 2023","Feb 25, 2023",6 days,2
20/21,Broken nose bone,"May 16, 2021","May 24, 2021",8 days,2
20/21,Broken nose bone,"May 8, 2021","May 13, 2021",5 days,2
20/21,Corona virus,"Nov 18, 2020","Nov 25, 2020",7 days,2
20/21,Knock,"Oct 20, 2020","Oct 26, 2020",6 days,2
19/20,Groin injury,"Aug 7, 2019","Aug 22, 2019",15 days,-
18/19,Ankle injury,"Jun 3, 2019","Jun 11, 2019",8 days,2
18/19,Ankle injury,"Apr 24, 2019","May 13, 2019",19 days,4
18/19,Adductor injury,"Feb 7, 2019","Feb 19, 2019",12 days,3
18/19,Inflammation in the knee,"Nov 11, 2018","Nov 20, 2018",9 days,3
17/18,Muscle fatigue,"Mar 19, 2018","Mar 27, 2018",8 days,2
17/18,muscular problems,"Mar 14, 2018","Mar 17, 2018",3 days,1
17/18,Hamstring injury,"Sep 20, 2017","Sep 28, 2017",8 days,3
16/17,muscular problems,"Oct 20, 2016","Oct 26, 2016",6 days,2
15/16,Thigh problems,"Mar 12, 2016","Apr 9, 2016",28 days,6
