,Player Name,Player Number,Player,#,Nation,Pos,Age,Min,Gls,Ast,PK,PKatt,Sh,SoT,CrdY,CrdR,Touches,Tkl,Int,Blocks,xG,npxG,xAG,SCA,GCA,Cmp,Att,Cmp%,PrgP,Carries,PrgC,Att,Succ,Player Key,Player Link
0,Macauley Bonne,https://fbref.com/en/players/9ca8b21c/Macauley-Bonne,7,7,zw ZIM,FW,25-026,55,0,0,0,0,4,0,0,0,17,0,0,1,0.6,0.6,0.0,1,0,8,11,72.7,0,11,0,0,0,https://fbref.com/en/players/9ca8b21c/Macauley-Bonne-Macauley Bonne,
1,Lyndon Dykes,https://fbref.com/en/players/cd92357a/Lyndon-Dykes,9,9,sct SCO,FW,25-045,35,0,1,0,0,0,0,1,0,8,0,0,0,0.0,0.0,0.3,1,1,4,7,57.1,1,6,0,0,0,https://fbref.com/en/players/cd92357a/Lyndon-Dykes-Lyndon Dykes,
2,Ilias Chair,https://fbref.com/en/players/ad7873cb/Ilias-Chair,10,10,ma MAR,LW,23-022,90,1,0,0,0,2,1,0,0,57,1,0,1,0.3,0.3,0.6,5,0,35,48,72.9,3,38,5,0,0,https://fbref.com/en/players/ad7873cb/Ilias-Chair-Ilias Chair,
3,Bright Osayi-Samuel,https://fbref.com/en/players/03b6afa9/Bright-Osayi-Samuel,11,11,ng NGA,RW,22-326,68,0,0,0,0,0,0,0,0,25,1,1,0,0.0,0.0,0.1,4,0,13,19,68.4,1,23,5,5,4,https://fbref.com/en/players/03b6afa9/Bright-Osayi-Samuel-Bright Osayi-Samuel,
4,Albert Adomah,https://fbref.com/en/players/c7174e81/Albert-Adomah,37,37,gh GHA,RW,32-344,22,0,0,0,0,0,0,0,0,14,0,0,1,0.0,0.0,0.0,0,0,8,12,66.7,2,10,1,1,0,https://fbref.com/en/players/c7174e81/Albert-Adomah-Albert Adomah,
5,Dominic Ball,https://fbref.com/en/players/79d61875/Dominic-Ball,12,12,eng ENG,AM,25-111,55,0,0,0,0,2,1,0,0,26,0,0,0,0.5,0.5,0.0,1,0,17,22,77.3,2,21,0,0,0,https://fbref.com/en/players/79d61875/Dominic-Ball-Dominic Ball,
6,Chris Willock,https://fbref.com/en/players/be0bd828/Chris-Willock,21,21,eng ENG,AM,22-295,35,0,0,0,0,0,0,0,0,17,0,1,0,0.0,0.0,0.0,1,0,15,16,93.8,4,16,0,0,0,https://fbref.com/en/players/be0bd828/Chris-Willock-Chris Willock,
7,Tom Carroll,https://fbref.com/en/players/5a1900a4/Tom-Carroll,22,22,eng ENG,DM,28-177,90,0,0,0,0,0,0,0,0,93,2,2,1,0.0,0.0,0.5,6,0,67,84,79.8,13,72,2,2,1,https://fbref.com/en/players/5a1900a4/Tom-Carroll-Tom Carroll,
8,Geoff Cameron,https://fbref.com/en/players/1a160ea3/Geoff-Cameron,20,20,us USA,DM,35-133,90,0,0,0,0,2,0,0,0,56,3,1,2,0.1,0.1,0.0,1,0,37,46,80.4,9,41,0,2,2,https://fbref.com/en/players/1a160ea3/Geoff-Cameron-Geoff Cameron,
9,Lee Wallace,https://fbref.com/en/players/c3a396e2/Lee-Wallace,3,3,sct SCO,LB,33-112,45,0,0,0,0,1,0,0,0,41,0,1,0,0.1,0.1,0.0,2,0,31,36,86.1,0,25,5,0,0,https://fbref.com/en/players/c3a396e2/Lee-Wallace-Lee Wallace,
10,Niko Hämäläinen,https://fbref.com/en/players/4435db1e/Niko-Hamalainen,25,25,fi FIN,LB,23-261,45,0,0,0,0,0,0,0,0,33,2,1,0,0.0,0.0,0.0,1,1,22,29,75.9,5,20,1,0,0,https://fbref.com/en/players/4435db1e/Niko-Hamalainen-Niko Hämäläinen,
11,Yoann Barbet,https://fbref.com/en/players/c52bbd2c/Yoann-Barbet,6,6,fr FRA,CB,27-195,90,0,0,0,0,2,0,0,0,54,0,1,3,0.1,0.1,0.0,1,0,36,44,81.8,2,27,0,1,1,https://fbref.com/en/players/c52bbd2c/Yoann-Barbet-Yoann Barbet,
12,Conor Masterson,https://fbref.com/en/players/db975607/Conor-Masterson,23,23,ie IRL,CB,22-074,90,0,0,0,0,1,0,0,0,52,0,0,1,0.1,0.1,0.0,1,0,33,44,75.0,2,27,0,0,0,https://fbref.com/en/players/db975607/Conor-Masterson-Conor Masterson,
13,Todd Kane,https://fbref.com/en/players/dd082c59/Todd-Kane,2,2,eng ENG,RB,27-065,90,0,0,0,0,0,0,0,0,78,2,2,3,0.0,0.0,0.0,1,0,49,67,73.1,8,43,4,1,1,https://fbref.com/en/players/dd082c59/Todd-Kane-Todd Kane,
14,Seny Dieng,https://fbref.com/en/players/c135cddd/Seny-Dieng,13,13,sn SEN,GK,25-364,90,0,0,0,0,0,0,0,0,28,0,0,0,0.0,0.0,0.0,0,0,22,26,84.6,0,10,0,0,0,https://fbref.com/en/players/c135cddd/Seny-Dieng-Seny Dieng,
