,Player Name,Player Number,Player,#,Nation,Pos,Age,Min,CrdY,CrdR,2CrdY,Fls,Fld,Off,Crs,Int,TklW,PKwon,PKcon,OG,Recov,Won,Lost,Won%,Player Key,Player Link
0,Macauley Bonne,https://fbref.com/en/players/9ca8b21c/Macauley-Bonne,7,7,zw ZIM,FW,25-026,55,0,0,0,0,0,0,0,0,0,0,0,0,3,3,2,60.0,https://fbref.com/en/players/9ca8b21c/Macauley-Bonne-Macauley Bonne,
1,Lyndon Dykes,https://fbref.com/en/players/cd92357a/Lyndon-Dykes,9,9,sct SCO,FW,25-045,35,1,0,0,1,0,0,0,0,0,0,0,0,1,2,3,40.0,https://fbref.com/en/players/cd92357a/Lyndon-Dykes-Lyndon Dykes,
2,Ilias Chair,https://fbref.com/en/players/ad7873cb/Ilias-Chair,10,10,ma MAR,LW,23-022,90,0,0,0,0,1,0,10,0,0,0,0,0,2,2,2,50.0,https://fbref.com/en/players/ad7873cb/Ilias-Chair-Ilias Chair,
3,Bright Osayi-Samuel,https://fbref.com/en/players/03b6afa9/Bright-Osayi-Samuel,11,11,ng NGA,RW,22-326,68,0,0,0,2,2,0,4,1,1,0,0,0,1,0,1,0.0,https://fbref.com/en/players/03b6afa9/Bright-Osayi-Samuel-Bright Osayi-Samuel,
4,Albert Adomah,https://fbref.com/en/players/c7174e81/Albert-Adomah,37,37,gh GHA,RW,32-344,22,0,0,0,0,0,0,3,0,0,0,0,0,0,0,0,,https://fbref.com/en/players/c7174e81/Albert-Adomah-Albert Adomah,
5,Dominic Ball,https://fbref.com/en/players/79d61875/Dominic-Ball,12,12,eng ENG,AM,25-111,55,0,0,0,3,1,1,0,0,0,0,0,0,2,0,0,,https://fbref.com/en/players/79d61875/Dominic-Ball-Dominic Ball,
6,Chris Willock,https://fbref.com/en/players/be0bd828/Chris-Willock,21,21,eng ENG,AM,22-295,35,0,0,0,0,1,0,1,1,0,0,0,0,0,0,0,,https://fbref.com/en/players/be0bd828/Chris-Willock-Chris Willock,
7,Tom Carroll,https://fbref.com/en/players/5a1900a4/Tom-Carroll,22,22,eng ENG,DM,28-177,90,0,0,0,2,2,0,8,2,2,0,0,0,6,2,1,66.7,https://fbref.com/en/players/5a1900a4/Tom-Carroll-Tom Carroll,
8,Geoff Cameron,https://fbref.com/en/players/1a160ea3/Geoff-Cameron,20,20,us USA,DM,35-133,90,0,0,0,3,4,0,1,1,1,0,0,0,12,3,1,75.0,https://fbref.com/en/players/1a160ea3/Geoff-Cameron-Geoff Cameron,
9,Lee Wallace,https://fbref.com/en/players/c3a396e2/Lee-Wallace,3,3,sct SCO,LB,33-112,45,0,0,0,1,0,0,3,1,0,0,0,0,3,0,1,0.0,https://fbref.com/en/players/c3a396e2/Lee-Wallace-Lee Wallace,
10,Niko Hämäläinen,https://fbref.com/en/players/4435db1e/Niko-Hamalainen,25,25,fi FIN,LB,23-261,45,0,0,0,0,0,0,3,1,2,0,0,0,5,1,2,33.3,https://fbref.com/en/players/4435db1e/Niko-Hamalainen-Niko Hämäläinen,
11,Yoann Barbet,https://fbref.com/en/players/c52bbd2c/Yoann-Barbet,6,6,fr FRA,CB,27-195,90,0,0,0,2,0,0,0,1,0,0,0,0,4,1,0,100.0,https://fbref.com/en/players/c52bbd2c/Yoann-Barbet-Yoann Barbet,
12,Conor Masterson,https://fbref.com/en/players/db975607/Conor-Masterson,23,23,ie IRL,CB,22-074,90,0,0,0,0,0,0,0,0,0,0,0,0,2,2,3,40.0,https://fbref.com/en/players/db975607/Conor-Masterson-Conor Masterson,
13,Todd Kane,https://fbref.com/en/players/dd082c59/Todd-Kane,2,2,eng ENG,RB,27-065,90,0,0,0,0,1,0,5,2,1,0,0,0,7,0,1,0.0,https://fbref.com/en/players/dd082c59/Todd-Kane-Todd Kane,
14,Seny Dieng,https://fbref.com/en/players/c135cddd/Seny-Dieng,13,13,sn SEN,GK,25-364,90,0,0,0,0,0,0,0,0,0,0,0,0,0,0,0,,https://fbref.com/en/players/c135cddd/Seny-Dieng-Seny Dieng,
