,Player Name,Player Number,Player,#,Nation,Pos,Age,Min,Touches,Def Pen,Def 3rd,Mid 3rd,Att 3rd,Att Pen,Live,Att,Succ,Succ%,Tkld,Tkld%,Carries,TotDist,PrgDist,PrgC,1/3,CPA,Mis,Dis,Rec,PrgR,Player Key,Player Link
0,Macauley Bonne,https://fbref.com/en/players/9ca8b21c/Macauley-Bonne,7,7,zw ZIM,FW,25-026,55,17,0,5,2,11,5,17,0,0,,0,,11,61,13,0,1,0,1,1,11,2,https://fbref.com/en/players/9ca8b21c/Macauley-Bonne-Macauley Bonne,
1,Lyndon Dykes,https://fbref.com/en/players/cd92357a/Lyndon-Dykes,9,9,sct SCO,FW,25-045,35,8,0,0,4,4,1,8,0,0,,0,,6,32,2,0,0,1,1,0,8,2,https://fbref.com/en/players/cd92357a/Lyndon-Dykes-Lyndon Dykes,
2,Ilias Chair,https://fbref.com/en/players/ad7873cb/Ilias-Chair,10,10,ma MAR,LW,23-022,90,57,0,2,19,36,5,57,0,0,,0,,38,219,101,5,1,2,3,3,37,8,https://fbref.com/en/players/ad7873cb/Ilias-Chair-Ilias Chair,
3,Bright Osayi-Samuel,https://fbref.com/en/players/03b6afa9/Bright-Osayi-Samuel,11,11,ng NGA,RW,22-326,68,25,0,1,6,18,5,25,5,4,80.0,1,20.0,23,204,113,5,2,4,2,2,24,11,https://fbref.com/en/players/03b6afa9/Bright-Osayi-Samuel-Bright Osayi-Samuel,
4,Albert Adomah,https://fbref.com/en/players/c7174e81/Albert-Adomah,37,37,gh GHA,RW,32-344,22,14,0,0,2,12,1,14,1,0,0.0,1,100.0,10,46,19,1,0,1,0,0,11,6,https://fbref.com/en/players/c7174e81/Albert-Adomah-Albert Adomah,
5,Dominic Ball,https://fbref.com/en/players/79d61875/Dominic-Ball,12,12,eng ENG,AM,25-111,55,26,0,7,8,11,2,26,0,0,,0,,21,60,13,0,0,0,2,1,20,2,https://fbref.com/en/players/79d61875/Dominic-Ball-Dominic Ball,
6,Chris Willock,https://fbref.com/en/players/be0bd828/Chris-Willock,21,21,eng ENG,AM,22-295,35,17,0,1,3,13,1,17,0,0,,0,,16,87,33,0,2,0,0,0,16,7,https://fbref.com/en/players/be0bd828/Chris-Willock-Chris Willock,
7,Tom Carroll,https://fbref.com/en/players/5a1900a4/Tom-Carroll,22,22,eng ENG,DM,28-177,90,93,4,26,30,38,3,93,2,1,50.0,1,50.0,72,289,191,2,4,0,0,1,76,3,https://fbref.com/en/players/5a1900a4/Tom-Carroll-Tom Carroll,
8,Geoff Cameron,https://fbref.com/en/players/1a160ea3/Geoff-Cameron,20,20,us USA,DM,35-133,90,56,3,10,35,13,1,56,2,2,100.0,0,0.0,41,154,53,0,1,0,0,1,36,0,https://fbref.com/en/players/1a160ea3/Geoff-Cameron-Geoff Cameron,
9,Lee Wallace,https://fbref.com/en/players/c3a396e2/Lee-Wallace,3,3,sct SCO,LB,33-112,45,41,2,13,10,19,2,41,0,0,,0,,25,114,88,5,2,0,0,0,24,4,https://fbref.com/en/players/c3a396e2/Lee-Wallace-Lee Wallace,
10,Niko Hämäläinen,https://fbref.com/en/players/4435db1e/Niko-Hamalainen,25,25,fi FIN,LB,23-261,45,33,0,13,15,5,0,33,0,0,,0,,20,74,38,1,1,0,0,0,17,2,https://fbref.com/en/players/4435db1e/Niko-Hamalainen-Niko Hämäläinen,
11,Yoann Barbet,https://fbref.com/en/players/c52bbd2c/Yoann-Barbet,6,6,fr FRA,CB,27-195,90,54,11,33,18,4,1,54,1,1,100.0,0,0.0,27,104,85,0,0,0,0,0,27,1,https://fbref.com/en/players/c52bbd2c/Yoann-Barbet-Yoann Barbet,
12,Conor Masterson,https://fbref.com/en/players/db975607/Conor-Masterson,23,23,ie IRL,CB,22-074,90,52,11,32,15,5,3,52,0,0,,0,,27,162,114,0,0,0,1,0,32,0,https://fbref.com/en/players/db975607/Conor-Masterson-Conor Masterson,
13,Todd Kane,https://fbref.com/en/players/dd082c59/Todd-Kane,2,2,eng ENG,RB,27-065,90,78,6,22,31,25,0,78,1,1,100.0,0,0.0,43,256,177,4,2,0,0,1,43,4,https://fbref.com/en/players/dd082c59/Todd-Kane-Todd Kane,
14,Seny Dieng,https://fbref.com/en/players/c135cddd/Seny-Dieng,13,13,sn SEN,GK,25-364,90,28,27,28,0,0,0,28,0,0,,0,,10,30,13,0,0,0,0,0,11,0,https://fbref.com/en/players/c135cddd/Seny-Dieng-Seny Dieng,
