,Minute,Player,Squad,xG,PSxG,Outcome,Distance,Body Part,Notes,SCA 1 Player,SCA 1 Event,SCA 2 Player,SCA 2 Event
0,3,Ben Wilmot,Watford,0.83,0.93,Goal,2,Right Foot,,Ken Sema,Pass (Live),João Pedro,Pass (Dead)
1,4,Macauley Bonne,QPR,0.08,,Blocked,8,Head,,Tom Carroll,Pass (Live),Conor Masterson,Pass (Live)
2,7,Andre Gray,Watford,0.04,,Off Target,14,Head,,Kiko Femenía,Pass (Live),Andre Gray,Pass (Live)
3,9,William Troost-Ekong,Watford,0.08,,Off Target,10,Head,,Kiko Femenía,Pass (Dead),Kiko Femenía,Fouled
4,14,Ilias Chair,QPR,0.05,,Off Target,29,Right Foot,Free kick,Geoff Cameron,Fouled,Macauley Bonne,Pass (Live)
5,16,Dominic Ball,QPR,0.04,,Off Target,9,Head,,Ilias Chair,Pass (Live),Bright Osayi-Samuel,Pass (Live)
6,25,Ismaila Sarr,Watford,0.06,,Blocked,16,Right Foot,,João Pedro,Pass (Live),Craig Cathcart,Pass (Live)
7,26,Andre Gray,Watford,0.22,0.10,Saved,5,Right Foot,Deflected,Kiko Femenía,Pass (Live),Ismaila Sarr,Pass (Live)
8,33,Yoann Barbet,QPR,0.06,,Off Target,28,Left Foot,Free kick,Dominic Ball,Fouled,Tom Carroll,Pass (Live)
9,34,João Pedro,Watford,0.07,,Blocked,17,Right Foot,,Ismaila Sarr,Pass (Live),Kiko Femenía,Pass (Live)
10,35,Macauley Bonne,QPR,0.12,,Blocked,9,Right Foot,,Bright Osayi-Samuel,Pass (Live),Bright Osayi-Samuel,Take-On
11,37,Dominic Ball,QPR,0.47,0.42,Saved,8,Right Foot,Deflected,Ilias Chair,Pass (Live),Lee Wallace,Pass (Live)
12,38,Lee Wallace,QPR,0.08,,Blocked,10,Right Foot,Volley,Ilias Chair,Pass (Live),Ilias Chair,Pass (Live)
13,42,Macauley Bonne,QPR,0.29,,Off Target,9,Head,,Tom Carroll,Pass (Live),Lee Wallace,Pass (Live)
14,43,Ismaila Sarr,Watford,0.25,0.42,Saved,12,Right Foot,,João Pedro,Pass (Live),Andre Gray,Pass (Live)
15,,,,,,,,,,,,,
16,47,Macauley Bonne,QPR,0.07,,Blocked,10,Head,,,,,
17,60,Conor Masterson,QPR,0.05,,Woodwork,7,Head,,Tom Carroll,Pass (Dead),Bright Osayi-Samuel,Fouled
18,62,Geoff Cameron,QPR,0.03,,Blocked,30,Right Foot,,Chris Willock,Pass (Live),Tom Carroll,Pass (Live)
19,63,Geoff Cameron,QPR,0.05,,Off Target,11,Head,,Ilias Chair,Pass (Dead),Todd Kane,Pass (Live)
20,68,Domingos Quina,Watford,0.05,,Blocked,27,Right Foot,Free kick,Étienne Capoue,Fouled,Kiko Femenía,Pass (Live)
21,69,Ben Wilmot,Watford,0.07,,Off Target,9,Head,,Domingos Quina,Pass (Dead),Domingos Quina,Shot
22,72,Ismaila Sarr,Watford,0.05,,Off Target,21,Right Foot,,Ken Sema,Pass (Live),Étienne Capoue,Pass (Dead)
23,77,Ilias Chair,QPR,0.30,0.87,Goal,11,Left Foot,,Lyndon Dykes,Pass (Live),Niko Hämäläinen,Pass (Live)
24,89,Yoann Barbet,QPR,0.08,,Off Target,6,Head,,Yoann Barbet,Take-On,Tom Carroll,Pass (Live)
