,Player Name,Player Number,Player,#,Nation,Pos,Age,Min,Touches,Def Pen,Def 3rd,Mid 3rd,Att 3rd,Att Pen,Live,Att,Succ,Succ%,Tkld,Tkld%,Carries,TotDist,PrgDist,PrgC,1/3,CPA,Mis,Dis,Rec,PrgR,Player Key,Player Link
0,Andre Gray,https://fbref.com/en/players/c24dba2a/Andre-Gray,18,18,jm JAM,FW,29-148,45,15,0,2,6,7,2,15,1,1,100.0,0,0.0,6,20,11,0,0,0,1,0,10,1,https://fbref.com/en/players/c24dba2a/Andre-Gray-Andre Gray,
1,Troy Deeney,https://fbref.com/en/players/82e34b69/Troy-Deeney,9,9,eng ENG,FW,32-145,45,21,2,4,13,4,0,21,0,0,,0,,6,35,14,1,0,0,0,1,18,1,https://fbref.com/en/players/82e34b69/Troy-Deeney-Troy Deeney,
2,João Pedro,https://fbref.com/en/players/e8832875/Joao-Pedro,10,10,br BRA,FW,19-056,45,23,0,5,7,11,1,23,0,0,,0,,7,40,28,1,0,0,2,0,14,2,https://fbref.com/en/players/e8832875/Joao-Pedro-João Pedro,
3,Domingos Quina,https://fbref.com/en/players/41fb0f4e/Domingos-Quina,20,20,pt POR,FW,21-003,45,23,0,8,10,6,0,23,1,1,100.0,0,0.0,14,93,33,0,1,0,2,2,10,1,https://fbref.com/en/players/41fb0f4e/Domingos-Quina-Domingos Quina,
4,Nathaniel Chalobah,https://fbref.com/en/players/422862ea/Nathaniel-Chalobah,14,14,eng ENG,CM,25-345,90,42,6,19,15,8,2,42,0,0,,0,,13,73,28,2,0,1,1,0,25,1,https://fbref.com/en/players/422862ea/Nathaniel-Chalobah-Nathaniel Chalobah,
5,Étienne Capoue,https://fbref.com/en/players/5acc4a10/Etienne-Capoue,29,29,fr FRA,CM,32-133,90,51,4,23,24,4,1,51,1,1,100.0,0,0.0,17,79,40,2,1,1,0,2,35,0,https://fbref.com/en/players/5acc4a10/Etienne-Capoue-Étienne Capoue,
6,Ismaila Sarr,https://fbref.com/en/players/bfdb33aa/Ismaila-Sarr,23,23,sn SEN,CM,22-270,90,35,0,3,12,22,6,35,1,1,100.0,0,0.0,22,207,149,7,3,4,2,1,27,9,https://fbref.com/en/players/bfdb33aa/Ismaila-Sarr-Ismaila Sarr,
7,Ken Sema,https://fbref.com/en/players/1770bd68/Ken-Sema,12,12,se SWE,WB,27-052,90,50,8,20,10,20,4,50,4,1,25.0,3,75.0,20,130,70,3,0,2,1,1,29,5,https://fbref.com/en/players/1770bd68/Ken-Sema-Ken Sema,
8,Kiko Femenía,https://fbref.com/en/players/e5d01ecf/Kiko-Femenia,21,21,es ESP,WB,29-293,90,61,2,10,24,27,2,61,0,0,,0,,21,156,117,5,2,2,0,1,33,5,https://fbref.com/en/players/e5d01ecf/Kiko-Femenia-Kiko Femenía,
9,Craig Cathcart,https://fbref.com/en/players/89e4b358/Craig-Cathcart,15,15,nir NIR,CB,31-289,90,66,16,49,17,0,0,66,0,0,,0,,14,31,14,0,0,0,0,0,24,0,https://fbref.com/en/players/89e4b358/Craig-Cathcart-Craig Cathcart,
10,William Troost-Ekong,https://fbref.com/en/players/7ed4921e/William-Troost-Ekong,5,5,ng NGA,CB,27-081,90,42,9,28,13,1,1,42,0,0,,0,,20,95,56,0,0,0,0,0,30,0,https://fbref.com/en/players/7ed4921e/William-Troost-Ekong-William Troost-Ekong,
11,Ben Wilmot,https://fbref.com/en/players/2876eaa3/Ben-Wilmot,6,6,eng ENG,CB,21-017,90,58,10,30,25,3,2,58,0,0,,0,,21,159,120,0,0,0,0,0,37,0,https://fbref.com/en/players/2876eaa3/Ben-Wilmot-Ben Wilmot,
12,Ben Foster,https://fbref.com/en/players/d0b3ceb9/Ben-Foster,1,1,eng ENG,GK,37-232,90,34,33,34,0,0,0,34,0,0,,0,,11,65,32,0,0,0,0,0,12,0,https://fbref.com/en/players/d0b3ceb9/Ben-Foster-Ben Foster,
