,Player Name,Player Number,Player,#,Nation,Pos,Age,Min,Att,Live,Dead,FK,TB,Sw,Crs,TI,CK,In,Out,Str,Cmp,Off,Blocks,Player Key,Player Link
0,Andre Gray,https://fbref.com/en/players/c24dba2a/Andre-Gray,18,18,jm JAM,FW,29-148,45,11,9,2,0,0,1,1,1,0,0,0,0,8,0,1,https://fbref.com/en/players/c24dba2a/Andre-Gray-Andre Gray,
1,Troy Deeney,https://fbref.com/en/players/82e34b69/Troy-Deeney,9,9,eng ENG,FW,32-145,45,19,17,1,0,0,1,0,0,0,0,0,0,12,1,1,https://fbref.com/en/players/82e34b69/Troy-Deeney-Troy Deeney,
2,João Pedro,https://fbref.com/en/players/e8832875/Joao-Pedro,10,10,br BRA,FW,19-056,45,19,15,3,0,0,0,0,0,3,0,0,0,15,1,0,https://fbref.com/en/players/e8832875/Joao-Pedro-João Pedro,
3,Domingos Quina,https://fbref.com/en/players/41fb0f4e/Domingos-Quina,20,20,pt POR,FW,21-003,45,14,13,1,0,0,1,1,0,1,0,1,0,10,0,0,https://fbref.com/en/players/41fb0f4e/Domingos-Quina-Domingos Quina,
4,Nathaniel Chalobah,https://fbref.com/en/players/422862ea/Nathaniel-Chalobah,14,14,eng ENG,CM,25-345,90,33,32,1,1,0,0,1,0,0,0,0,0,24,0,2,https://fbref.com/en/players/422862ea/Nathaniel-Chalobah-Nathaniel Chalobah,
5,Étienne Capoue,https://fbref.com/en/players/5acc4a10/Etienne-Capoue,29,29,fr FRA,CM,32-133,90,42,39,3,3,0,3,0,0,0,0,0,0,37,0,1,https://fbref.com/en/players/5acc4a10/Etienne-Capoue-Étienne Capoue,
6,Ismaila Sarr,https://fbref.com/en/players/bfdb33aa/Ismaila-Sarr,23,23,sn SEN,CM,22-270,90,25,23,2,0,0,1,1,0,2,0,0,0,17,0,3,https://fbref.com/en/players/bfdb33aa/Ismaila-Sarr-Ismaila Sarr,
7,Ken Sema,https://fbref.com/en/players/1770bd68/Ken-Sema,12,12,se SWE,WB,27-052,90,34,29,5,0,0,0,7,4,1,1,0,0,18,0,4,https://fbref.com/en/players/1770bd68/Ken-Sema-Ken Sema,
8,Kiko Femenía,https://fbref.com/en/players/e5d01ecf/Kiko-Femenia,21,21,es ESP,WB,29-293,90,55,46,9,3,0,0,9,6,0,0,0,0,35,0,0,https://fbref.com/en/players/e5d01ecf/Kiko-Femenia-Kiko Femenía,
9,Craig Cathcart,https://fbref.com/en/players/89e4b358/Craig-Cathcart,15,15,nir NIR,CB,31-289,90,53,41,11,2,0,2,0,9,0,0,0,0,41,1,0,https://fbref.com/en/players/89e4b358/Craig-Cathcart-Craig Cathcart,
10,William Troost-Ekong,https://fbref.com/en/players/7ed4921e/William-Troost-Ekong,5,5,ng NGA,CB,27-081,90,33,33,0,0,0,1,0,0,0,0,0,0,26,0,0,https://fbref.com/en/players/7ed4921e/William-Troost-Ekong-William Troost-Ekong,
11,Ben Wilmot,https://fbref.com/en/players/2876eaa3/Ben-Wilmot,6,6,eng ENG,CB,21-017,90,48,40,8,1,0,2,0,7,0,0,0,0,34,0,0,https://fbref.com/en/players/2876eaa3/Ben-Wilmot-Ben Wilmot,
12,Ben Foster,https://fbref.com/en/players/d0b3ceb9/Ben-Foster,1,1,eng ENG,GK,37-232,90,32,17,15,4,0,0,0,0,0,0,0,0,30,0,0,https://fbref.com/en/players/d0b3ceb9/Ben-Foster-Ben Foster,
