,Player Name,Player Number,Player,#,Nation,Pos,Age,Min,CrdY,CrdR,2CrdY,Fls,Fld,Off,Crs,Int,TklW,PKwon,PKcon,OG,Recov,Won,Lost,Won%,Player Key,Player Link
0,Andre Gray,https://fbref.com/en/players/c24dba2a/Andre-Gray,18,18,jm JAM,FW,29-148,45,0,0,0,0,0,2,1,0,0,0,0,0,0,1,1,50.0,https://fbref.com/en/players/c24dba2a/Andre-Gray-Andre Gray,
1,Troy Deeney,https://fbref.com/en/players/82e34b69/Troy-Deeney,9,9,eng ENG,FW,32-145,45,0,0,0,0,0,0,0,0,0,0,0,0,0,3,2,60.0,https://fbref.com/en/players/82e34b69/Troy-Deeney-Troy Deeney,
2,João Pedro,https://fbref.com/en/players/e8832875/Joao-Pedro,10,10,br BRA,FW,19-056,45,0,0,0,0,0,0,0,0,0,0,0,0,2,1,0,100.0,https://fbref.com/en/players/e8832875/Joao-Pedro-João Pedro,
3,Domingos Quina,https://fbref.com/en/players/41fb0f4e/Domingos-Quina,20,20,pt POR,FW,21-003,45,0,0,0,1,1,0,1,1,1,0,0,0,5,1,1,50.0,https://fbref.com/en/players/41fb0f4e/Domingos-Quina-Domingos Quina,
4,Nathaniel Chalobah,https://fbref.com/en/players/422862ea/Nathaniel-Chalobah,14,14,eng ENG,CM,25-345,90,0,0,0,3,2,0,1,2,1,0,0,0,5,2,1,66.7,https://fbref.com/en/players/422862ea/Nathaniel-Chalobah-Nathaniel Chalobah,
5,Étienne Capoue,https://fbref.com/en/players/5acc4a10/Etienne-Capoue,29,29,fr FRA,CM,32-133,90,0,0,0,0,4,0,0,4,0,0,0,0,8,0,0,,https://fbref.com/en/players/5acc4a10/Etienne-Capoue-Étienne Capoue,
6,Ismaila Sarr,https://fbref.com/en/players/bfdb33aa/Ismaila-Sarr,23,23,sn SEN,CM,22-270,90,0,0,0,0,3,1,1,1,0,0,0,0,5,1,1,50.0,https://fbref.com/en/players/bfdb33aa/Ismaila-Sarr-Ismaila Sarr,
7,Ken Sema,https://fbref.com/en/players/1770bd68/Ken-Sema,12,12,se SWE,WB,27-052,90,1,0,0,3,0,0,7,1,1,0,0,0,3,1,1,50.0,https://fbref.com/en/players/1770bd68/Ken-Sema-Ken Sema,
8,Kiko Femenía,https://fbref.com/en/players/e5d01ecf/Kiko-Femenia,21,21,es ESP,WB,29-293,90,0,0,0,1,2,0,9,0,1,0,0,0,7,2,2,50.0,https://fbref.com/en/players/e5d01ecf/Kiko-Femenia-Kiko Femenía,
9,Craig Cathcart,https://fbref.com/en/players/89e4b358/Craig-Cathcart,15,15,nir NIR,CB,31-289,90,1,0,0,4,0,0,0,1,3,0,0,0,6,2,0,100.0,https://fbref.com/en/players/89e4b358/Craig-Cathcart-Craig Cathcart,
10,William Troost-Ekong,https://fbref.com/en/players/7ed4921e/William-Troost-Ekong,5,5,ng NGA,CB,27-081,90,0,0,0,0,0,0,0,0,0,0,0,0,0,2,4,33.3,https://fbref.com/en/players/7ed4921e/William-Troost-Ekong-William Troost-Ekong,
11,Ben Wilmot,https://fbref.com/en/players/2876eaa3/Ben-Wilmot,6,6,eng ENG,CB,21-017,90,0,0,0,0,0,0,0,1,0,0,0,0,3,1,3,25.0,https://fbref.com/en/players/2876eaa3/Ben-Wilmot-Ben Wilmot,
12,Ben Foster,https://fbref.com/en/players/d0b3ceb9/Ben-Foster,1,1,eng ENG,GK,37-232,90,0,0,0,0,0,0,0,0,0,0,0,0,0,0,0,,https://fbref.com/en/players/d0b3ceb9/Ben-Foster-Ben Foster,
