,Player Name,Player Number,Player,#,Nation,Pos,Age,Min,Gls,Ast,PK,PKatt,Sh,SoT,CrdY,CrdR,Touches,Tkl,Int,Blocks,xG,npxG,xAG,SCA,GCA,Cmp,Att,Cmp%,PrgP,Carries,PrgC,Att,Succ,Player Key,Player Link
0,Andre Gray,https://fbref.com/en/players/c24dba2a/Andre-Gray,18,18,jm JAM,FW,29-148,45,0,0,0,0,2,1,0,0,15,0,0,1,0.3,0.3,0.0,2,0,8,11,72.7,1,6,0,1,1,https://fbref.com/en/players/c24dba2a/Andre-Gray-Andre Gray,
1,Troy Deeney,https://fbref.com/en/players/82e34b69/Troy-Deeney,9,9,eng ENG,FW,32-145,45,0,0,0,0,0,0,0,0,21,0,0,0,0.0,0.0,0.0,0,0,12,19,63.2,4,6,1,0,0,https://fbref.com/en/players/82e34b69/Troy-Deeney-Troy Deeney,
2,João Pedro,https://fbref.com/en/players/e8832875/Joao-Pedro,10,10,br BRA,FW,19-056,45,0,0,0,0,1,0,0,0,23,1,0,0,0.1,0.1,0.3,3,1,15,19,78.9,3,7,1,0,0,https://fbref.com/en/players/e8832875/Joao-Pedro-João Pedro,
3,Domingos Quina,https://fbref.com/en/players/41fb0f4e/Domingos-Quina,20,20,pt POR,FW,21-003,45,0,0,0,0,1,0,0,0,23,3,1,0,0.1,0.1,0.1,2,0,10,14,71.4,3,14,0,1,1,https://fbref.com/en/players/41fb0f4e/Domingos-Quina-Domingos Quina,
4,Nathaniel Chalobah,https://fbref.com/en/players/422862ea/Nathaniel-Chalobah,14,14,eng ENG,CM,25-345,90,0,0,0,0,0,0,0,0,42,1,2,0,0.0,0.0,0.0,0,0,24,33,72.7,3,13,2,0,0,https://fbref.com/en/players/422862ea/Nathaniel-Chalobah-Nathaniel Chalobah,
5,Étienne Capoue,https://fbref.com/en/players/5acc4a10/Etienne-Capoue,29,29,fr FRA,CM,32-133,90,0,0,0,0,0,0,0,0,51,0,4,2,0.0,0.0,0.0,2,0,37,42,88.1,2,17,2,1,1,https://fbref.com/en/players/5acc4a10/Etienne-Capoue-Étienne Capoue,
6,Ismaila Sarr,https://fbref.com/en/players/bfdb33aa/Ismaila-Sarr,23,23,sn SEN,CM,22-270,90,0,0,0,0,3,1,0,0,35,0,1,2,0.4,0.4,0.1,2,0,17,25,68.0,3,22,7,1,1,https://fbref.com/en/players/bfdb33aa/Ismaila-Sarr-Ismaila Sarr,
7,Ken Sema,https://fbref.com/en/players/1770bd68/Ken-Sema,12,12,se SWE,WB,27-052,90,0,1,0,0,0,0,1,0,50,2,1,1,0.0,0.0,0.9,2,1,18,34,52.9,2,20,3,4,1,https://fbref.com/en/players/1770bd68/Ken-Sema-Ken Sema,
8,Kiko Femenía,https://fbref.com/en/players/e5d01ecf/Kiko-Femenia,21,21,es ESP,WB,29-293,90,0,0,0,0,0,0,0,0,61,1,0,1,0.0,0.0,0.3,6,0,35,55,63.6,2,21,5,0,0,https://fbref.com/en/players/e5d01ecf/Kiko-Femenia-Kiko Femenía,
9,Craig Cathcart,https://fbref.com/en/players/89e4b358/Craig-Cathcart,15,15,nir NIR,CB,31-289,90,0,0,0,0,0,0,1,0,66,5,1,1,0.0,0.0,0.0,1,0,41,53,77.4,0,14,0,0,0,https://fbref.com/en/players/89e4b358/Craig-Cathcart-Craig Cathcart,
10,William Troost-Ekong,https://fbref.com/en/players/7ed4921e/William-Troost-Ekong,5,5,ng NGA,CB,27-081,90,0,0,0,0,1,0,0,0,42,0,0,1,0.1,0.1,0.0,0,0,26,33,78.8,0,20,0,0,0,https://fbref.com/en/players/7ed4921e/William-Troost-Ekong-William Troost-Ekong,
11,Ben Wilmot,https://fbref.com/en/players/2876eaa3/Ben-Wilmot,6,6,eng ENG,CB,21-017,90,1,0,0,0,2,1,0,0,58,0,1,2,0.9,0.9,0.0,0,0,34,48,70.8,2,21,0,0,0,https://fbref.com/en/players/2876eaa3/Ben-Wilmot-Ben Wilmot,
12,Ben Foster,https://fbref.com/en/players/d0b3ceb9/Ben-Foster,1,1,eng ENG,GK,37-232,90,0,0,0,0,0,0,0,0,34,0,0,0,0.0,0.0,0.0,0,0,30,32,93.8,0,11,0,0,0,https://fbref.com/en/players/d0b3ceb9/Ben-Foster-Ben Foster,
