season,injury,from,until,days,missed_games
23/24,heart problems,"Oct 30, 2023",,252 days,-
22/23,Hamstring injury,"May 7, 2023","May 30, 2023",23 days,3
22/23,Thigh problems,"Mar 15, 2023","Mar 26, 2023",11 days,1
22/23,Foot injury,"Jan 23, 2023","Mar 9, 2023",45 days,9
22/23,unknown injury,"Oct 26, 2022","Nov 1, 2022",6 days,1
20/21,Hamstring injury,"Feb 25, 2021","Mar 13, 2021",16 days,4
19/20,Quarantine,"Mar 19, 2020","Apr 2, 2020",14 days,-
19/20,Adductor pain,"Feb 19, 2020","Apr 1, 2020",42 days,6
19/20,Stomach flu,"Jan 31, 2020","Feb 12, 2020",12 days,3
19/20,Groin problems,"Nov 26, 2019","Dec 13, 2019",17 days,4
19/20,Adductor pain,"Oct 23, 2019","Oct 29, 2019",6 days,2
19/20,muscular problems,"Oct 5, 2019","Oct 15, 2019",10 days,1
18/19,Knee injury,"Mar 28, 2019","May 2, 2019",35 days,6
18/19,Knee bruise,"Mar 8, 2019","Mar 13, 2019",5 days,1
18/19,concussion,"Jan 5, 2019","Jan 8, 2019",3 days,1
