season,injury,from,until,days,missed_games
23/24,Groin injury,"Feb 28, 2024","Mar 6, 2024",7 days,1
23/24,Groin injury,"Feb 13, 2024","Feb 19, 2024",6 days,1
23/24,Ill,"Oct 28, 2023","Nov 3, 2023",6 days,1
23/24,Knee injury,"Sep 2, 2023","Sep 20, 2023",18 days,1
22/23,unknown injury,"Apr 22, 2023","May 2, 2023",10 days,2
22/23,Knee problems,"Nov 8, 2022","Dec 12, 2022",34 days,2
21/22,unknown injury,"Mar 19, 2022","Apr 1, 2022",13 days,1
21/22,unknown injury,"Feb 12, 2022","Mar 11, 2022",27 days,4
20/21,bruise,"May 11, 2021","May 23, 2021",12 days,3
20/21,unknown injury,"Apr 15, 2021","Apr 16, 2021",1 days,-
20/21,unknown injury,"Apr 3, 2021","Apr 10, 2021",7 days,2
20/21,Calf injury,"Dec 12, 2020","Jan 19, 2021",38 days,8
20/21,muscular problems,"Oct 17, 2020","Oct 31, 2020",14 days,3
19/20,Ankle sprain,"Jul 27, 2020","Aug 15, 2020",19 days,2
18/19,Hamstring injury,"Mar 9, 2019","Apr 16, 2019",38 days,5
