season,injury,from,until,days,missed_games
23/24,Ill,"May 4, 2024","May 8, 2024",4 days,1
23/24,Hamstring injury,"Sep 24, 2023","Oct 15, 2023",21 days,2
21/22,Calf injury,"Feb 12, 2022","Apr 1, 2022",48 days,9
21/22,Hamstring injury,"Jan 20, 2022","Feb 11, 2022",22 days,4
21/22,Corona virus,"Jan 11, 2022","Jan 15, 2022",4 days,-
20/21,Corona virus,"May 28, 2021","Jul 12, 2021",45 days,6
20/21,Knee injury,"Mar 24, 2021","Apr 26, 2021",33 days,7
20/21,Muscle injury,"Nov 6, 2020","Feb 15, 2021",101 days,22
19/20,Hip injury,"Jan 24, 2020","Feb 17, 2020",24 days,6
19/20,Calf injury,"Dec 8, 2019","Jan 2, 2020",25 days,3
19/20,Knock,"Oct 26, 2019","Oct 29, 2019",3 days,1
18/19,Hip injury,"Mar 29, 2019","Apr 5, 2019",7 days,2
18/19,Torn muscle bundle,"Feb 1, 2019","Feb 26, 2019",25 days,6
18/19,Leg injury,"Nov 26, 2018","Dec 4, 2018",8 days,2
18/19,Bruised ribs,"Aug 22, 2018","Sep 1, 2018",10 days,1
