season,injury,from,until,days,missed_games
23/24,unknown injury,"Mar 31, 2024","Apr 17, 2024",17 days,3
23/24,Hamstring injury,"Jan 8, 2024","Feb 14, 2024",37 days,7
23/24,Ankle injury,"Aug 22, 2023","Sep 10, 2023",19 days,2
22/23,Ankle injury,"Mar 6, 2023","Mar 15, 2023",9 days,1
22/23,Thigh problems,"Feb 6, 2023","Feb 10, 2023",4 days,1
20/21,Corona virus,"Sep 27, 2020","Oct 14, 2020",17 days,1
19/20,muscular problems,"Feb 10, 2020","Feb 20, 2020",10 days,1
18/19,Groin problems,"Dec 1, 2018","Dec 7, 2018",6 days,1
17/18,Back problems,"Feb 19, 2018","Mar 1, 2018",10 days,1
16/17,Rest,"Dec 8, 2016","Dec 8, 2016",0 days,1
16/17,Rest,"Oct 26, 2016","Oct 26, 2016",0 days,1
16/17,Foot injury,"Oct 17, 2016","Oct 21, 2016",4 days,1
14/15,Groin injury,"Sep 18, 2014","Sep 29, 2014",11 days,5
13/14,Tonsillitis,"May 2, 2014","May 9, 2014",7 days,1
13/14,Ankle injury,"Feb 20, 2014","Mar 6, 2014",14 days,6
