season,injury,from,until,days,missed_games
23/24,Hamstring injury,"Apr 28, 2024",,71 days,5
23/24,Knee injury,"Oct 15, 2023","Nov 25, 2023",41 days,4
23/24,open wound,"Aug 1, 2023","Sep 20, 2023",50 days,5
22/23,unknown injury,"Apr 13, 2023","Apr 19, 2023",6 days,1
22/23,Ill,"Feb 2, 2023","Feb 6, 2023",4 days,1
22/23,Fitness,"Aug 11, 2022","Oct 13, 2022",63 days,8
21/22,Fitness,"Jan 31, 2022","Apr 23, 2022",82 days,13
21/22,Ankle injury,"Sep 25, 2021","Jan 1, 2022",98 days,13
20/21,Ankle surgery,"Sep 5, 2020","Apr 4, 2021",211 days,47
19/20,Meniscus injury,"Dec 10, 2019","Sep 5, 2020",270 days,14
19/20,Knee injury,"Oct 20, 2019","Dec 10, 2019",51 days,9
17/18,Knee surgery,"May 7, 2018","Oct 26, 2018",172 days,24
17/18,Ankle injury,"Mar 19, 2018","Apr 6, 2018",18 days,1
17/18,Broken collarbone,"Nov 24, 2017","Jan 1, 2018",38 days,7
17/18,Hamstring injury,"Sep 22, 2017","Oct 12, 2017",20 days,4
