,Player Name,Player Number,Player,#,Nation,Pos,Age,Min,Touches,Def Pen,Def 3rd,Mid 3rd,Att 3rd,Att Pen,Live,Att,Succ,Succ%,Tkld,Tkld%,Carries,TotDist,PrgDist,PrgC,1/3,CPA,Mis,Dis,Rec,PrgR,Player Key,Player Link
0,Rafael Martins,https://fbref.com/en/players/b7e1c3b5/Rafael-Martins,99,99,br BRA,FW,32-019,68,11,0,0,6,5,3,11,0,0,,0,,5,11,5,0,1,0,3,0,6,5,https://fbref.com/en/players/b7e1c3b5/Rafael-Martins-Rafael Martins,
1,André Luis,https://fbref.com/en/players/2962bf2e/Andre-Luis,12,12,br BRA,FW,27-027,22,12,1,2,5,5,0,12,3,1,33.3,2,66.7,3,14,0,0,0,0,0,0,6,0,https://fbref.com/en/players/2962bf2e/Andre-Luis-André Luis,
2,Filipe Soares,https://fbref.com/en/players/c6a3b58d/Filipe-Soares,21,21,pt POR,FW,21-320,90,30,0,5,15,11,0,30,5,2,40.0,3,60.0,23,150,75,2,4,0,1,1,24,3,https://fbref.com/en/players/c6a3b58d/Filipe-Soares-Filipe Soares,
3,Felipe Pires,https://fbref.com/en/players/2cd3d3ce/Felipe-Pires,10,10,br BRA,LM,25-352,67,25,0,3,11,12,1,25,3,1,33.3,2,66.7,21,123,43,2,1,1,0,3,19,4,https://fbref.com/en/players/2cd3d3ce/Felipe-Pires-Felipe Pires,
4,Yan Matheus,https://fbref.com/en/players/d44efa12/Yan-Matheus,17,17,br BRA,LM,22-213,23,13,0,2,3,9,1,13,2,2,100.0,0,0.0,8,23,2,0,0,0,0,0,7,0,https://fbref.com/en/players/d44efa12/Yan-Matheus-Yan Matheus,
5,Gonçalo Franco,https://fbref.com/en/players/9029d5f2/Goncalo-Franco,88,88,pt POR,CM,20-139,74,39,0,9,28,2,0,39,4,2,50.0,2,50.0,25,141,53,1,1,0,1,5,22,1,https://fbref.com/en/players/9029d5f2/Goncalo-Franco-Gonçalo Franco,
6,David Simão,https://fbref.com/en/players/fcef3903/David-Simao,22,22,pt POR,CM,30-325,16,11,0,2,7,2,0,11,0,0,,0,,6,19,3,0,0,0,1,0,9,0,https://fbref.com/en/players/fcef3903/David-Simao-David Simão,
7,Fábio Pacheco,https://fbref.com/en/players/b74fb61f/Fabio-Pacheco,6,6,pt POR,CM,32-314,90,48,5,15,24,9,0,48,1,0,0.0,1,100.0,21,44,15,0,0,0,1,0,24,0,https://fbref.com/en/players/b74fb61f/Fabio-Pacheco-Fábio Pacheco,
8,Walterson,https://fbref.com/en/players/8eebb330/Walterson,77,77,br BRA,RM,26-098,90,36,2,5,14,18,2,36,5,2,40.0,3,60.0,26,189,34,2,1,0,1,1,21,4,https://fbref.com/en/players/8eebb330/Walterson-Walterson,
9,Abdu Conté,https://fbref.com/en/players/cfa49cc1/Abdu-Conte,5,5,pt POR,LB,23-012,90,66,2,20,30,16,0,66,1,1,100.0,0,0.0,32,192,127,1,1,0,2,0,36,5,https://fbref.com/en/players/cfa49cc1/Abdu-Conte-Abdu Conté,
10,Abdoulaye Ba,https://fbref.com/en/players/1f54ed90/Abdoulaye-Ba,23,23,sn SEN,CB,30-094,52,21,6,13,7,1,0,21,0,0,,0,,5,21,5,0,0,0,0,0,8,0,https://fbref.com/en/players/1f54ed90/Abdoulaye-Ba-Abdoulaye Ba,
11,Steven Vitória,https://fbref.com/en/players/9bc450e6/Steven-Vitoria,19,19,ca CAN,CB,34-084,38,19,1,9,10,0,0,19,0,0,,0,,10,37,11,0,0,0,0,0,12,0,https://fbref.com/en/players/9bc450e6/Steven-Vitoria-Steven Vitória,
12,Lazar Rosić,https://fbref.com/en/players/3c285843/Lazar-Rosic,3,3,rs SRB,CB,27-280,90,55,10,38,16,1,1,55,0,0,,0,,32,136,48,0,0,0,1,0,27,0,https://fbref.com/en/players/3c285843/Lazar-Rosic-Lazar Rosić,
13,Matheus Silva,https://fbref.com/en/players/79ccb6eb/Matheus-Silva,13,13,br BRA,RB,23-184,74,41,1,17,17,8,0,41,0,0,,0,,21,111,54,1,1,0,1,0,22,0,https://fbref.com/en/players/79ccb6eb/Matheus-Silva-Matheus Silva,
14,Anthony D'Alberto,https://fbref.com/en/players/98684b0c/Anthony-DAlberto,2,2,be BEL,RB,26-174,16,13,1,5,8,0,0,13,0,0,,0,,10,50,45,0,0,0,0,0,10,0,https://fbref.com/en/players/98684b0c/Anthony-DAlberto-Anthony D'Alberto,
15,Mateus Pasinato,https://fbref.com/en/players/f16f9b47/Mateus-Pasinato,14,14,br BRA,GK,28-281,90,37,34,37,0,0,0,37,0,0,,0,,20,75,35,0,0,0,0,0,15,0,https://fbref.com/en/players/f16f9b47/Mateus-Pasinato-Mateus Pasinato,
