,Player Name,Player Number,Player,#,Nation,Pos,Age,Min,Att,Live,Dead,FK,TB,Sw,Crs,TI,CK,In,Out,Str,Cmp,Off,Blocks,Player Key,Player Link
0,Rafael Martins,https://fbref.com/en/players/b7e1c3b5/Rafael-Martins,99,99,br BRA,FW,32-019,68,7,6,1,0,0,0,0,0,0,0,0,0,6,0,0,https://fbref.com/en/players/b7e1c3b5/Rafael-Martins-Rafael Martins,
1,André Luis,https://fbref.com/en/players/2962bf2e/Andre-Luis,12,12,br BRA,FW,27-027,22,8,8,0,0,0,0,0,0,0,0,0,0,5,0,0,https://fbref.com/en/players/2962bf2e/Andre-Luis-André Luis,
2,Filipe Soares,https://fbref.com/en/players/c6a3b58d/Filipe-Soares,21,21,pt POR,FW,21-320,90,24,22,1,0,0,0,0,0,0,0,0,0,19,1,0,https://fbref.com/en/players/c6a3b58d/Filipe-Soares-Filipe Soares,
3,Felipe Pires,https://fbref.com/en/players/2cd3d3ce/Felipe-Pires,10,10,br BRA,LM,25-352,67,20,19,1,0,0,0,0,1,0,0,0,0,15,0,0,https://fbref.com/en/players/2cd3d3ce/Felipe-Pires-Felipe Pires,
4,Yan Matheus,https://fbref.com/en/players/d44efa12/Yan-Matheus,17,17,br BRA,LM,22-213,23,11,11,0,0,0,0,1,0,0,0,0,0,7,0,2,https://fbref.com/en/players/d44efa12/Yan-Matheus-Yan Matheus,
5,Gonçalo Franco,https://fbref.com/en/players/9029d5f2/Goncalo-Franco,88,88,pt POR,CM,20-139,74,30,29,1,1,0,1,0,0,0,0,0,0,22,0,1,https://fbref.com/en/players/9029d5f2/Goncalo-Franco-Gonçalo Franco,
6,David Simão,https://fbref.com/en/players/fcef3903/David-Simao,22,22,pt POR,CM,30-325,16,9,8,1,1,0,1,1,0,0,0,0,0,8,0,0,https://fbref.com/en/players/fcef3903/David-Simao-David Simão,
7,Fábio Pacheco,https://fbref.com/en/players/b74fb61f/Fabio-Pacheco,6,6,pt POR,CM,32-314,90,30,30,0,0,0,0,0,0,0,0,0,0,23,0,0,https://fbref.com/en/players/b74fb61f/Fabio-Pacheco-Fábio Pacheco,
8,Walterson,https://fbref.com/en/players/8eebb330/Walterson,77,77,br BRA,RM,26-098,90,21,21,0,0,0,1,2,0,0,0,0,0,10,0,3,https://fbref.com/en/players/8eebb330/Walterson-Walterson,
9,Abdu Conté,https://fbref.com/en/players/cfa49cc1/Abdu-Conte,5,5,pt POR,LB,23-012,90,62,41,20,4,0,1,8,14,2,1,1,0,45,1,1,https://fbref.com/en/players/cfa49cc1/Abdu-Conte-Abdu Conté,
10,Abdoulaye Ba,https://fbref.com/en/players/1f54ed90/Abdoulaye-Ba,23,23,sn SEN,CB,30-094,52,14,13,1,1,0,0,0,0,0,0,0,0,11,0,0,https://fbref.com/en/players/1f54ed90/Abdoulaye-Ba-Abdoulaye Ba,
11,Steven Vitória,https://fbref.com/en/players/9bc450e6/Steven-Vitoria,19,19,ca CAN,CB,34-084,38,17,16,1,1,0,0,0,0,0,0,0,0,15,0,0,https://fbref.com/en/players/9bc450e6/Steven-Vitoria-Steven Vitória,
12,Lazar Rosić,https://fbref.com/en/players/3c285843/Lazar-Rosic,3,3,rs SRB,CB,27-280,90,40,36,4,4,0,1,0,0,0,0,0,0,30,0,0,https://fbref.com/en/players/3c285843/Lazar-Rosic-Lazar Rosić,
13,Matheus Silva,https://fbref.com/en/players/79ccb6eb/Matheus-Silva,13,13,br BRA,RB,23-184,74,36,27,9,1,0,1,1,8,0,0,0,0,25,0,2,https://fbref.com/en/players/79ccb6eb/Matheus-Silva-Matheus Silva,
14,Anthony D'Alberto,https://fbref.com/en/players/98684b0c/Anthony-DAlberto,2,2,be BEL,RB,26-174,16,10,10,0,0,0,1,0,0,0,0,0,0,8,0,0,https://fbref.com/en/players/98684b0c/Anthony-DAlberto-Anthony D'Alberto,
15,Mateus Pasinato,https://fbref.com/en/players/f16f9b47/Mateus-Pasinato,14,14,br BRA,GK,28-281,90,36,23,13,4,0,0,0,0,0,0,0,0,22,0,0,https://fbref.com/en/players/f16f9b47/Mateus-Pasinato-Mateus Pasinato,
