,Minute,Player,Squad,xG,PSxG,Outcome,Distance,Body Part,Notes,SCA 1 Player,SCA 1 Event,SCA 2 Player,SCA 2 Event
0,9,Rafael Martins,Moreirense,0.30,,Off Target,18,Right Foot,,Gonçalo Franco,Pass (Live),,
1,17,Pedro Porro,Sporting CP,0.04,,Off Target,21,Right Foot,,Daniel Bragança,Pass (Live),Nuno Mendes,Pass (Live)
2,20,Paulinho,Sporting CP,0.37,0.38,Saved,4,Head,,Daniel Bragança,Pass (Live),Pedro Porro,Pass (Live)
3,21,Paulinho,Sporting CP,0.66,0.87,Goal,3,Right Foot,,Paulinho,Shot,,
4,45+3,Felipe Pires,Moreirense,0.04,,Off Target,19,Right Foot,,Matheus Silva,Pass (Live),Mateus Pasinato,Pass (Live)
5,,,,,,,,,,,,,
6,48,Sebastián Coates,Sporting CP,0.05,,Off Target,13,Head,,Pedro Porro,Pass (Dead),Pedro Porro,Fouled
7,50,Pedro Gonçalves,Sporting CP,0.11,,Blocked,12,Left Foot,,Paulinho,Pass (Live),Pedro Porro,Pass (Live)
8,50,João Palhinha,Sporting CP,0.05,0.02,Saved,24,Right Foot,,João Mário,Pass (Live),Pedro Gonçalves,Pass (Live)
9,51,Filipe Soares,Moreirense,0.03,,Off Target,31,Right Foot,,Gonçalo Franco,Pass (Live),Gonçalo Franco,Tackle
10,58,Daniel Bragança,Sporting CP,0.03,,Blocked,22,Left Foot,Volley,,,,
11,64,Matheus Silva,Moreirense,0.04,,Blocked,22,Left Foot,,Rafael Martins,Pass (Live),Walterson,Pass (Live)
12,78,Pedro Gonçalves,Sporting CP,0.04,,Blocked,19,Right Foot,,João Mário,Pass (Live),Pedro Gonçalves,Pass (Live)
13,80,Zouhair Feddal,Sporting CP,0.30,,Off Target,9,Head,,João Mário,Pass (Dead),,
14,84,João Palhinha,Sporting CP,0.10,,Off Target,7,Other,,João Mário,Pass (Dead),Paulinho,Pass (Live)
15,90,Walterson,Moreirense,0.04,0.39,Goal,21,Left Foot,,Steven Vitória,Pass (Live),David Simão,Pass (Live)
