,Player Name,Player Number,Player,#,Nation,Pos,Age,Min,Touches,Def Pen,Def 3rd,Mid 3rd,Att 3rd,Att Pen,Live,Att,Succ,Succ%,Tkld,Tkld%,Carries,TotDist,PrgDist,PrgC,1/3,CPA,Mis,Dis,Rec,PrgR,Player Key,Player Link
0,Pedro Gonçalves,https://fbref.com/en/players/c275947b/Pedro-Goncalves,28,28,pt POR,"FW,CM",22-281,84,41,0,3,22,17,4,41,3,2,66.7,1,33.3,24,120,29,2,1,2,4,1,29,4,https://fbref.com/en/players/c275947b/Pedro-Goncalves-Pedro Gonçalves,
1,Matheus Nunes,https://fbref.com/en/players/e6af02e0/Matheus-Nunes,8,8,pt POR,CM,22-221,6,5,0,3,2,0,0,5,1,1,100.0,0,0.0,3,20,2,0,0,0,0,0,2,0,https://fbref.com/en/players/e6af02e0/Matheus-Nunes-Matheus Nunes,
2,Paulinho,https://fbref.com/en/players/a62c16d0/Paulinho,21,21,pt POR,FW,28-147,90,48,2,7,25,16,5,48,2,1,50.0,1,50.0,25,107,21,1,0,0,3,2,30,7,https://fbref.com/en/players/a62c16d0/Paulinho-Paulinho,
3,João Mário,https://fbref.com/en/players/f0021247/Joao-Mario,17,17,pt POR,CM,28-076,90,64,1,11,35,20,2,64,10,6,60.0,4,40.0,39,306,166,6,1,0,2,3,36,6,https://fbref.com/en/players/f0021247/Joao-Mario-João Mário,
4,Daniel Bragança,https://fbref.com/en/players/0c152537/Daniel-Braganca,68,68,pt POR,CM,21-313,59,37,0,5,18,14,3,37,1,0,0.0,1,100.0,25,100,41,1,0,0,3,1,24,5,https://fbref.com/en/players/0c152537/Daniel-Braganca-Daniel Bragança,
5,Tiago Tomás,https://fbref.com/en/players/b492126a/Tiago-Tomas,19,19,pt POR,FW,18-293,31,9,0,0,4,5,1,9,0,0,,0,,4,9,0,0,0,0,1,0,8,3,https://fbref.com/en/players/b492126a/Tiago-Tomas-Tiago Tomás,
6,João Palhinha,https://fbref.com/en/players/a78ff07f/Joao-Palhinha,6,6,pt POR,CM,25-270,90,62,0,19,36,7,2,62,1,1,100.0,0,0.0,32,122,35,1,0,0,1,0,38,0,https://fbref.com/en/players/a78ff07f/Joao-Palhinha-João Palhinha,
7,Nuno Mendes,https://fbref.com/en/players/f20e4cc9/Nuno-Mendes,5,5,pt POR,WB,18-290,38,26,1,12,10,4,1,26,1,1,100.0,0,0.0,13,68,24,0,0,0,2,0,12,3,https://fbref.com/en/players/f20e4cc9/Nuno-Mendes-Nuno Mendes,
8,Matheus Reis,https://fbref.com/en/players/ae1159bf/Matheus-Reis,2,2,br BRA,WB,26-046,52,27,0,6,12,9,1,27,3,1,33.3,2,66.7,16,128,84,3,2,0,0,0,18,3,https://fbref.com/en/players/ae1159bf/Matheus-Reis-Matheus Reis,
9,Pedro Porro,https://fbref.com/en/players/27d0a506/Pedro-Porro,24,24,es ESP,WB,21-204,90,63,2,18,23,22,1,63,1,0,0.0,1,100.0,30,200,73,3,1,0,1,0,29,3,https://fbref.com/en/players/27d0a506/Pedro-Porro-Pedro Porro,
10,Zouhair Feddal,https://fbref.com/en/players/89151b16/Zouhair-Feddal,3,3,ma MAR,CB,32-094,90,82,4,46,32,4,1,82,0,0,,0,,55,267,174,3,0,0,2,0,60,0,https://fbref.com/en/players/89151b16/Zouhair-Feddal-Zouhair Feddal,
11,Sebastián Coates,https://fbref.com/en/players/1fbbfbde/Sebastian-Coates,4,4,uy URU,CB,30-180,90,74,1,45,27,3,1,74,0,0,,0,,53,278,133,0,0,0,0,0,61,0,https://fbref.com/en/players/1fbbfbde/Sebastian-Coates-Sebastián Coates,
12,Gonçalo Inácio,https://fbref.com/en/players/33651873/Goncalo-Inacio,52,52,pt POR,CB,19-223,90,77,5,36,39,2,0,77,1,0,0.0,1,100.0,63,317,209,3,1,0,1,0,61,0,https://fbref.com/en/players/33651873/Goncalo-Inacio-Gonçalo Inácio,
13,Antonio Adán,https://fbref.com/en/players/65d62814/Antonio-Adan,1,1,es ESP,GK,33-327,90,26,24,26,0,0,0,26,0,0,,0,,17,40,15,0,0,0,0,0,16,0,https://fbref.com/en/players/65d62814/Antonio-Adan-Antonio Adán,
