,Player Name,Player Number,Player,#,Nation,Pos,Age,Min,CrdY,CrdR,2CrdY,Fls,Fld,Off,Crs,Int,TklW,PKwon,PKcon,OG,Recov,Won,Lost,Won%,Player Key,Player Link
0,Pedro Gonçalves,https://fbref.com/en/players/c275947b/Pedro-Goncalves,28,28,pt POR,"FW,CM",22-281,84,0,0,0,1,0,4,1,2,0,0,0,0,3,0,3,0.0,https://fbref.com/en/players/c275947b/Pedro-Goncalves-Pedro Gonçalves,
1,Matheus Nunes,https://fbref.com/en/players/e6af02e0/Matheus-Nunes,8,8,pt POR,CM,22-221,6,0,0,0,0,1,0,0,0,1,0,0,0,1,0,0,,https://fbref.com/en/players/e6af02e0/Matheus-Nunes-Matheus Nunes,
2,Paulinho,https://fbref.com/en/players/a62c16d0/Paulinho,21,21,pt POR,FW,28-147,90,0,0,0,1,2,0,0,0,2,0,0,0,1,2,4,33.3,https://fbref.com/en/players/a62c16d0/Paulinho-Paulinho,
3,João Mário,https://fbref.com/en/players/f0021247/Joao-Mario,17,17,pt POR,CM,28-076,90,0,0,0,0,1,0,4,0,1,0,0,0,10,0,0,,https://fbref.com/en/players/f0021247/Joao-Mario-João Mário,
4,Daniel Bragança,https://fbref.com/en/players/0c152537/Daniel-Braganca,68,68,pt POR,CM,21-313,59,0,0,0,0,1,0,1,0,3,0,0,0,5,2,0,100.0,https://fbref.com/en/players/0c152537/Daniel-Braganca-Daniel Bragança,
5,Tiago Tomás,https://fbref.com/en/players/b492126a/Tiago-Tomas,19,19,pt POR,FW,18-293,31,1,0,0,2,0,0,1,0,0,0,0,0,1,1,0,100.0,https://fbref.com/en/players/b492126a/Tiago-Tomas-Tiago Tomás,
6,João Palhinha,https://fbref.com/en/players/a78ff07f/Joao-Palhinha,6,6,pt POR,CM,25-270,90,0,0,0,4,6,0,0,2,4,0,0,0,3,6,2,75.0,https://fbref.com/en/players/a78ff07f/Joao-Palhinha-João Palhinha,
7,Nuno Mendes,https://fbref.com/en/players/f20e4cc9/Nuno-Mendes,5,5,pt POR,WB,18-290,38,0,0,0,1,2,0,2,1,2,0,0,0,2,1,1,50.0,https://fbref.com/en/players/f20e4cc9/Nuno-Mendes-Nuno Mendes,
8,Matheus Reis,https://fbref.com/en/players/ae1159bf/Matheus-Reis,2,2,br BRA,WB,26-046,52,0,0,0,1,1,0,1,0,0,0,0,0,0,0,1,0.0,https://fbref.com/en/players/ae1159bf/Matheus-Reis-Matheus Reis,
9,Pedro Porro,https://fbref.com/en/players/27d0a506/Pedro-Porro,24,24,es ESP,WB,21-204,90,0,0,0,1,1,0,10,0,1,0,0,0,9,0,1,0.0,https://fbref.com/en/players/27d0a506/Pedro-Porro-Pedro Porro,
10,Zouhair Feddal,https://fbref.com/en/players/89151b16/Zouhair-Feddal,3,3,ma MAR,CB,32-094,90,0,0,0,0,0,0,1,4,1,0,0,0,6,2,0,100.0,https://fbref.com/en/players/89151b16/Zouhair-Feddal-Zouhair Feddal,
11,Sebastián Coates,https://fbref.com/en/players/1fbbfbde/Sebastian-Coates,4,4,uy URU,CB,30-180,90,0,0,0,0,0,0,0,1,1,0,0,0,4,1,0,100.0,https://fbref.com/en/players/1fbbfbde/Sebastian-Coates-Sebastián Coates,
12,Gonçalo Inácio,https://fbref.com/en/players/33651873/Goncalo-Inacio,52,52,pt POR,CB,19-223,90,1,0,0,2,1,0,0,3,0,0,0,0,9,1,0,100.0,https://fbref.com/en/players/33651873/Goncalo-Inacio-Gonçalo Inácio,
13,Antonio Adán,https://fbref.com/en/players/65d62814/Antonio-Adan,1,1,es ESP,GK,33-327,90,0,0,0,0,0,0,0,0,0,0,0,0,1,0,0,,https://fbref.com/en/players/65d62814/Antonio-Adan-Antonio Adán,
