,Player Name,Player Number,Player,#,Nation,Pos,Age,Min,Gls,Ast,PK,PKatt,Sh,SoT,CrdY,CrdR,Touches,Tkl,Int,Blocks,xG,npxG,xAG,SCA,GCA,Cmp,Att,Cmp%,PrgP,Carries,PrgC,Att,Succ,Player Key,Player Link
0,Pedro Gonçalves,https://fbref.com/en/players/c275947b/Pedro-Goncalves,28,28,pt POR,"FW,CM",22-281,84,0,0,0,0,2,0,0,0,41,0,2,0,0.2,0.2,0.0,2,0,19,27,70.4,1,24,2,3,2,https://fbref.com/en/players/c275947b/Pedro-Goncalves-Pedro Gonçalves,
1,Matheus Nunes,https://fbref.com/en/players/e6af02e0/Matheus-Nunes,8,8,pt POR,CM,22-221,6,0,0,0,0,0,0,0,0,5,1,0,1,0.0,0.0,0.0,0,0,2,2,100.0,0,3,0,1,1,https://fbref.com/en/players/e6af02e0/Matheus-Nunes-Matheus Nunes,
2,Paulinho,https://fbref.com/en/players/a62c16d0/Paulinho,21,21,pt POR,FW,28-147,90,1,0,0,0,2,2,0,0,48,2,0,1,0.8,0.8,0.1,3,1,25,33,75.8,4,25,1,2,1,https://fbref.com/en/players/a62c16d0/Paulinho-Paulinho,
3,João Mário,https://fbref.com/en/players/f0021247/Joao-Mario,17,17,pt POR,CM,28-076,90,0,0,0,0,0,0,0,0,64,1,0,1,0.0,0.0,0.5,4,0,44,51,86.3,7,39,6,10,6,https://fbref.com/en/players/f0021247/Joao-Mario-João Mário,
4,Daniel Bragança,https://fbref.com/en/players/0c152537/Daniel-Braganca,68,68,pt POR,CM,21-313,59,0,0,0,0,1,0,0,0,37,4,0,0,0.0,0.0,0.4,2,0,25,29,86.2,3,25,1,1,0,https://fbref.com/en/players/0c152537/Daniel-Braganca-Daniel Bragança,
5,Tiago Tomás,https://fbref.com/en/players/b492126a/Tiago-Tomas,19,19,pt POR,FW,18-293,31,0,0,0,0,0,0,1,0,9,0,0,1,0.0,0.0,0.0,0,0,6,6,100.0,0,4,0,0,0,https://fbref.com/en/players/b492126a/Tiago-Tomas-Tiago Tomás,
6,João Palhinha,https://fbref.com/en/players/a78ff07f/Joao-Palhinha,6,6,pt POR,CM,25-270,90,0,0,0,0,2,1,0,0,62,7,2,0,0.1,0.1,0.0,0,0,39,50,78.0,3,32,1,1,1,https://fbref.com/en/players/a78ff07f/Joao-Palhinha-João Palhinha,
7,Nuno Mendes,https://fbref.com/en/players/f20e4cc9/Nuno-Mendes,5,5,pt POR,WB,18-290,38,0,0,0,0,0,0,0,0,26,3,1,0,0.0,0.0,0.0,1,0,13,17,76.5,3,13,0,1,1,https://fbref.com/en/players/f20e4cc9/Nuno-Mendes-Nuno Mendes,
8,Matheus Reis,https://fbref.com/en/players/ae1159bf/Matheus-Reis,2,2,br BRA,WB,26-046,52,0,0,0,0,0,0,0,0,27,0,0,2,0.0,0.0,0.0,0,0,17,22,77.3,2,16,3,3,1,https://fbref.com/en/players/ae1159bf/Matheus-Reis-Matheus Reis,
9,Pedro Porro,https://fbref.com/en/players/27d0a506/Pedro-Porro,24,24,es ESP,WB,21-204,90,0,0,0,0,1,0,0,0,63,3,0,1,0.0,0.0,0.1,4,0,35,53,66.0,4,30,3,1,0,https://fbref.com/en/players/27d0a506/Pedro-Porro-Pedro Porro,
10,Zouhair Feddal,https://fbref.com/en/players/89151b16/Zouhair-Feddal,3,3,ma MAR,CB,32-094,90,0,0,0,0,1,0,0,0,82,1,4,0,0.3,0.3,0.0,0,0,56,70,80.0,3,55,3,0,0,https://fbref.com/en/players/89151b16/Zouhair-Feddal-Zouhair Feddal,
11,Sebastián Coates,https://fbref.com/en/players/1fbbfbde/Sebastian-Coates,4,4,uy URU,CB,30-180,90,0,0,0,0,1,0,0,0,74,1,1,0,0.1,0.1,0.0,0,0,61,70,87.1,1,53,0,0,0,https://fbref.com/en/players/1fbbfbde/Sebastian-Coates-Sebastián Coates,
12,Gonçalo Inácio,https://fbref.com/en/players/33651873/Goncalo-Inacio,52,52,pt POR,CB,19-223,90,0,0,0,0,0,0,1,0,77,0,3,0,0.0,0.0,0.0,0,0,64,72,88.9,4,63,3,1,0,https://fbref.com/en/players/33651873/Goncalo-Inacio-Gonçalo Inácio,
13,Antonio Adán,https://fbref.com/en/players/65d62814/Antonio-Adan,1,1,es ESP,GK,33-327,90,0,0,0,0,0,0,0,0,26,0,0,0,0.0,0.0,0.0,0,0,21,26,80.8,0,17,0,0,0,https://fbref.com/en/players/65d62814/Antonio-Adan-Antonio Adán,
