,Player Name,Player Number,Player,#,Nation,Pos,Age,Min,Att,Live,Dead,FK,TB,Sw,Crs,TI,CK,In,Out,Str,Cmp,Off,Blocks,Player Key,Player Link
0,Pedro Gonçalves,https://fbref.com/en/players/c275947b/Pedro-Goncalves,28,28,pt POR,"FW,CM",22-281,84,27,27,0,0,0,0,1,0,0,0,0,0,19,0,2,https://fbref.com/en/players/c275947b/Pedro-Goncalves-Pedro Gonçalves,
1,Matheus Nunes,https://fbref.com/en/players/e6af02e0/Matheus-Nunes,8,8,pt POR,CM,22-221,6,2,2,0,0,0,0,0,0,0,0,0,0,2,0,0,https://fbref.com/en/players/e6af02e0/Matheus-Nunes-Matheus Nunes,
2,Paulinho,https://fbref.com/en/players/a62c16d0/Paulinho,21,21,pt POR,FW,28-147,90,33,30,2,0,0,0,0,0,0,0,0,0,25,1,1,https://fbref.com/en/players/a62c16d0/Paulinho-Paulinho,
3,João Mário,https://fbref.com/en/players/f0021247/Joao-Mario,17,17,pt POR,CM,28-076,90,51,45,6,4,0,0,4,0,2,2,0,0,44,0,0,https://fbref.com/en/players/f0021247/Joao-Mario-João Mário,
4,Daniel Bragança,https://fbref.com/en/players/0c152537/Daniel-Braganca,68,68,pt POR,CM,21-313,59,29,28,1,1,0,0,1,0,0,0,0,0,25,0,0,https://fbref.com/en/players/0c152537/Daniel-Braganca-Daniel Bragança,
5,Tiago Tomás,https://fbref.com/en/players/b492126a/Tiago-Tomas,19,19,pt POR,FW,18-293,31,6,6,0,0,0,0,1,0,0,0,0,0,6,0,0,https://fbref.com/en/players/b492126a/Tiago-Tomas-Tiago Tomás,
6,João Palhinha,https://fbref.com/en/players/a78ff07f/Joao-Palhinha,6,6,pt POR,CM,25-270,90,50,45,5,5,0,1,0,0,0,0,0,0,39,0,0,https://fbref.com/en/players/a78ff07f/Joao-Palhinha-João Palhinha,
7,Nuno Mendes,https://fbref.com/en/players/f20e4cc9/Nuno-Mendes,5,5,pt POR,WB,18-290,38,17,15,2,0,0,0,2,2,0,0,0,0,13,0,0,https://fbref.com/en/players/f20e4cc9/Nuno-Mendes-Nuno Mendes,
8,Matheus Reis,https://fbref.com/en/players/ae1159bf/Matheus-Reis,2,2,br BRA,WB,26-046,52,22,19,3,0,0,0,1,3,0,0,0,0,17,0,1,https://fbref.com/en/players/ae1159bf/Matheus-Reis-Matheus Reis,
9,Pedro Porro,https://fbref.com/en/players/27d0a506/Pedro-Porro,24,24,es ESP,WB,21-204,90,53,36,16,3,0,0,10,11,2,0,2,0,35,1,2,https://fbref.com/en/players/27d0a506/Pedro-Porro-Pedro Porro,
10,Zouhair Feddal,https://fbref.com/en/players/89151b16/Zouhair-Feddal,3,3,ma MAR,CB,32-094,90,70,68,1,1,0,1,1,0,0,0,0,0,56,1,0,https://fbref.com/en/players/89151b16/Zouhair-Feddal-Zouhair Feddal,
11,Sebastián Coates,https://fbref.com/en/players/1fbbfbde/Sebastian-Coates,4,4,uy URU,CB,30-180,90,70,69,1,1,0,0,0,0,0,0,0,0,61,0,0,https://fbref.com/en/players/1fbbfbde/Sebastian-Coates-Sebastián Coates,
12,Gonçalo Inácio,https://fbref.com/en/players/33651873/Goncalo-Inacio,52,52,pt POR,CB,19-223,90,72,68,3,3,0,2,0,0,0,0,0,0,64,1,1,https://fbref.com/en/players/33651873/Goncalo-Inacio-Gonçalo Inácio,
13,Antonio Adán,https://fbref.com/en/players/65d62814/Antonio-Adan,1,1,es ESP,GK,33-327,90,26,19,7,0,0,0,0,0,0,0,0,0,21,0,0,https://fbref.com/en/players/65d62814/Antonio-Adan-Antonio Adán,
