,Player Name,Player Number,Player,#,Nation,Pos,Age,Min,Touches,Def Pen,Def 3rd,Mid 3rd,Att 3rd,Att Pen,Live,Att,Succ,Succ%,Tkld,Tkld%,Carries,TotDist,PrgDist,PrgC,1/3,CPA,Mis,Dis,Rec,PrgR,Player Key,Player Link
0,Ivan Toney,https://fbref.com/en/players/e09f279b/Ivan-Toney,17,17,eng ENG,FW,24-338,90,24,0,0,14,10,4,24,2,1,50.0,1,50.0,13,63,44,1,1,0,4,1,19,1,https://fbref.com/en/players/e09f279b/Ivan-Toney-Ivan Toney,
1,Sergi Canós,https://fbref.com/en/players/1137759d/Sergi-Canos,7,7,es ESP,LW,24-015,90,31,0,6,10,16,6,31,3,2,66.7,1,33.3,19,155,72,4,2,4,2,1,18,4,https://fbref.com/en/players/1137759d/Sergi-Canos-Sergi Canós,
2,Tariqe Fosu,https://fbref.com/en/players/3dcef539/Tariqe-Fosu,24,24,gh GHA,RW,25-104,57,21,0,3,7,11,4,21,3,1,33.3,2,66.7,11,94,28,3,2,1,2,0,15,6,https://fbref.com/en/players/3dcef539/Tariqe-Fosu-Tariqe Fosu,
3,Bryan Mbeumo,https://fbref.com/en/players/6afaebf2/Bryan-Mbeumo,19,19,cm CMR,RW,21-194,33,4,0,1,0,4,2,4,0,0,,0,,1,7,0,0,0,0,0,1,2,0,https://fbref.com/en/players/6afaebf2/Bryan-Mbeumo-Bryan Mbeumo,
4,Mathias Jensen,https://fbref.com/en/players/0f134faf/Mathias-Jensen,8,8,dk DEN,LM,25-047,90,61,4,21,31,10,1,61,4,3,75.0,1,25.0,24,188,59,0,0,0,2,1,29,4,https://fbref.com/en/players/0f134faf/Mathias-Jensen-Mathias Jensen,
5,Vitaly Janelt,https://fbref.com/en/players/8449d35e/Vitaly-Janelt,27,27,de GER,CM,22-283,82,39,4,17,18,4,0,39,0,0,,0,,13,82,27,0,0,0,0,0,22,2,https://fbref.com/en/players/8449d35e/Vitaly-Janelt-Vitaly Janelt,
6,Marcus Forss,https://fbref.com/en/players/82c215a0/Marcus-Forss,15,15,fi FIN,CM,21-244,8,2,0,0,1,1,0,2,0,0,,0,,1,1,1,0,0,0,0,0,2,0,https://fbref.com/en/players/82c215a0/Marcus-Forss-Marcus Forss,
7,Josh Dasilva,https://fbref.com/en/players/60344e4f/Josh-Dasilva,14,14,eng ENG,RM,22-117,74,28,2,11,15,4,1,28,0,0,,0,,18,112,39,2,0,1,0,0,20,0,https://fbref.com/en/players/60344e4f/Josh-Dasilva-Josh Dasilva,
8,Saman Ghoddos,https://fbref.com/en/players/f7b1d4e0/Saman-Ghoddos,20,20,ir IRN,RM,27-164,16,8,1,3,3,2,0,8,0,0,,0,,1,4,4,0,0,0,1,0,3,0,https://fbref.com/en/players/f7b1d4e0/Saman-Ghoddos-Saman Ghoddos,
9,Rico Henry,https://fbref.com/en/players/8a3c1dc7/Rico-Henry,3,3,eng ENG,LB,23-224,90,53,5,25,21,7,0,53,2,1,50.0,1,50.0,21,109,65,2,1,0,0,0,25,5,https://fbref.com/en/players/8a3c1dc7/Rico-Henry-Rico Henry,
10,Mads Bech Sørensen,https://fbref.com/en/players/30db8574/Mads-Bech-Sorensen,29,29,dk DEN,CB,22-041,90,59,11,49,9,2,0,59,1,1,100.0,0,0.0,36,167,88,1,0,0,0,0,35,0,https://fbref.com/en/players/30db8574/Mads-Bech-Sorensen-Mads Bech Sørensen,
11,Winston Reid,https://fbref.com/en/players/562eed5c/Winston-Reid,23,23,nz NZL,CB,32-229,90,61,12,44,17,0,0,61,0,0,,0,,27,138,73,0,0,0,0,0,31,0,https://fbref.com/en/players/562eed5c/Winston-Reid-Winston Reid,
12,Henrik Dalsgaard,https://fbref.com/en/players/563cbac0/Henrik-Dalsgaard,22,22,dk DEN,RB,31-205,82,45,4,19,24,3,0,45,0,0,,0,,16,83,46,2,1,0,1,0,18,1,https://fbref.com/en/players/563cbac0/Henrik-Dalsgaard-Henrik Dalsgaard,
13,Mads Roerslev,https://fbref.com/en/players/57c94db2/Mads-Roerslev,30,30,dk DEN,RB,21-238,8,6,0,3,3,0,0,6,0,0,,0,,3,15,13,0,0,0,0,0,4,1,https://fbref.com/en/players/57c94db2/Mads-Roerslev-Mads Roerslev,
14,David Raya,https://fbref.com/en/players/98ea5115/David-Raya,1,1,es ESP,GK,25-155,90,45,37,45,0,0,0,45,0,0,,0,,27,151,114,0,0,0,0,0,21,0,https://fbref.com/en/players/98ea5115/David-Raya-David Raya,
