,Player Name,Player Number,Player,#,Nation,Pos,Age,Min,CrdY,CrdR,2CrdY,Fls,Fld,Off,Crs,Int,TklW,PKwon,PKcon,OG,Recov,Won,Lost,Won%,Player Key,Player Link
0,Ivan Toney,https://fbref.com/en/players/e09f279b/Ivan-Toney,17,17,eng ENG,FW,24-338,90,1,0,0,7,5,2,0,0,0,0,0,0,2,2,2,50.0,https://fbref.com/en/players/e09f279b/Ivan-Toney-Ivan Toney,
1,Sergi Canós,https://fbref.com/en/players/1137759d/Sergi-Canos,7,7,es ESP,LW,24-015,90,0,0,0,1,1,0,4,1,1,0,0,0,8,0,2,0.0,https://fbref.com/en/players/1137759d/Sergi-Canos-Sergi Canós,
2,Tariqe Fosu,https://fbref.com/en/players/3dcef539/Tariqe-Fosu,24,24,gh GHA,RW,25-104,57,0,0,0,1,2,0,2,0,0,0,0,0,3,1,4,20.0,https://fbref.com/en/players/3dcef539/Tariqe-Fosu-Tariqe Fosu,
3,Bryan Mbeumo,https://fbref.com/en/players/6afaebf2/Bryan-Mbeumo,19,19,cm CMR,RW,21-194,33,0,0,0,1,0,0,1,0,0,0,0,0,1,0,1,0.0,https://fbref.com/en/players/6afaebf2/Bryan-Mbeumo-Bryan Mbeumo,
4,Mathias Jensen,https://fbref.com/en/players/0f134faf/Mathias-Jensen,8,8,dk DEN,LM,25-047,90,0,0,0,1,1,0,5,1,0,0,0,0,11,1,2,33.3,https://fbref.com/en/players/0f134faf/Mathias-Jensen-Mathias Jensen,
5,Vitaly Janelt,https://fbref.com/en/players/8449d35e/Vitaly-Janelt,27,27,de GER,CM,22-283,82,0,0,0,1,3,0,1,3,0,0,0,0,3,1,0,100.0,https://fbref.com/en/players/8449d35e/Vitaly-Janelt-Vitaly Janelt,
6,Marcus Forss,https://fbref.com/en/players/82c215a0/Marcus-Forss,15,15,fi FIN,CM,21-244,8,0,0,0,1,0,0,0,0,0,0,0,0,1,0,0,,https://fbref.com/en/players/82c215a0/Marcus-Forss-Marcus Forss,
7,Josh Dasilva,https://fbref.com/en/players/60344e4f/Josh-Dasilva,14,14,eng ENG,RM,22-117,74,0,0,0,0,1,0,0,1,0,0,0,0,6,1,2,33.3,https://fbref.com/en/players/60344e4f/Josh-Dasilva-Josh Dasilva,
8,Saman Ghoddos,https://fbref.com/en/players/f7b1d4e0/Saman-Ghoddos,20,20,ir IRN,RM,27-164,16,0,0,0,0,0,0,0,0,0,0,0,0,0,2,0,100.0,https://fbref.com/en/players/f7b1d4e0/Saman-Ghoddos-Saman Ghoddos,
9,Rico Henry,https://fbref.com/en/players/8a3c1dc7/Rico-Henry,3,3,eng ENG,LB,23-224,90,0,0,0,1,1,0,4,2,0,0,0,0,3,0,3,0.0,https://fbref.com/en/players/8a3c1dc7/Rico-Henry-Rico Henry,
10,Mads Bech Sørensen,https://fbref.com/en/players/30db8574/Mads-Bech-Sorensen,29,29,dk DEN,CB,22-041,90,0,0,0,0,0,0,0,0,1,0,0,0,5,1,6,14.3,https://fbref.com/en/players/30db8574/Mads-Bech-Sorensen-Mads Bech Sørensen,
11,Winston Reid,https://fbref.com/en/players/562eed5c/Winston-Reid,23,23,nz NZL,CB,32-229,90,0,0,0,1,1,0,0,2,0,0,0,0,1,3,5,37.5,https://fbref.com/en/players/562eed5c/Winston-Reid-Winston Reid,
12,Henrik Dalsgaard,https://fbref.com/en/players/563cbac0/Henrik-Dalsgaard,22,22,dk DEN,RB,31-205,82,0,0,0,0,1,0,0,0,0,0,0,0,1,2,2,50.0,https://fbref.com/en/players/563cbac0/Henrik-Dalsgaard-Henrik Dalsgaard,
13,Mads Roerslev,https://fbref.com/en/players/57c94db2/Mads-Roerslev,30,30,dk DEN,RB,21-238,8,0,0,0,0,0,0,0,0,0,0,0,0,0,0,0,,https://fbref.com/en/players/57c94db2/Mads-Roerslev-Mads Roerslev,
14,David Raya,https://fbref.com/en/players/98ea5115/David-Raya,1,1,es ESP,GK,25-155,90,0,0,0,1,1,0,0,0,0,0,0,0,0,1,0,100.0,https://fbref.com/en/players/98ea5115/David-Raya-David Raya,
