,Player Name,Player Number,Player,#,Nation,Pos,Age,Min,Att,Live,Dead,FK,TB,Sw,Crs,TI,CK,In,Out,Str,Cmp,Off,Blocks,Player Key,Player Link
0,Lyndon Dykes,https://fbref.com/en/players/cd92357a/Lyndon-Dykes,9,9,sct SCO,FW,25-133,64,20,20,0,0,0,0,1,0,0,0,0,0,8,0,0,https://fbref.com/en/players/cd92357a/Lyndon-Dykes-Lyndon Dykes,
1,Chris Willock,https://fbref.com/en/players/be0bd828/Chris-Willock,21,21,eng ENG,FW,23-017,26,2,2,0,0,0,0,0,0,0,0,0,0,2,0,0,https://fbref.com/en/players/be0bd828/Chris-Willock-Chris Willock,
2,Charlie Austin,https://fbref.com/en/players/8d228291/Charlie-Austin,45,45,eng ENG,FW,31-227,90,24,24,0,0,0,1,2,0,0,0,0,0,11,0,0,https://fbref.com/en/players/8d228291/Charlie-Austin-Charlie Austin,
3,Ilias Chair,https://fbref.com/en/players/ad7873cb/Ilias-Chair,10,10,ma MAR,AM,23-110,90,32,24,8,0,0,0,5,1,5,2,2,1,24,0,0,https://fbref.com/en/players/ad7873cb/Ilias-Chair-Ilias Chair,
4,Stefan Johansen,https://fbref.com/en/players/a48da055/Stefan-Johansen,14,14,no NOR,CM,30-040,90,42,38,3,3,0,1,1,0,0,0,0,0,37,1,0,https://fbref.com/en/players/a48da055/Stefan-Johansen-Stefan Johansen,
5,Dominic Ball,https://fbref.com/en/players/79d61875/Dominic-Ball,12,12,eng ENG,CM,25-199,55,18,18,0,0,0,0,0,0,0,0,0,0,18,0,0,https://fbref.com/en/players/79d61875/Dominic-Ball-Dominic Ball,
6,Sam Field,https://fbref.com/en/players/bd8a7d05/Sam-Field,15,15,eng ENG,CM,22-285,35,11,11,0,0,0,0,0,0,0,0,0,0,6,0,0,https://fbref.com/en/players/bd8a7d05/Sam-Field-Sam Field,
7,Lee Wallace,https://fbref.com/en/players/c3a396e2/Lee-Wallace,3,3,sct SCO,WB,33-200,78,41,33,8,0,0,0,8,8,0,0,0,0,28,0,1,https://fbref.com/en/players/c3a396e2/Lee-Wallace-Lee Wallace,
8,Osman Kakay,https://fbref.com/en/players/0aed0751/Osman-Kakay,24,24,sl SLE,WB,23-176,12,3,2,1,0,0,0,0,1,0,0,0,0,3,0,0,https://fbref.com/en/players/0aed0751/Osman-Kakay-Osman Kakay,
9,Todd Kane,https://fbref.com/en/players/dd082c59/Todd-Kane,2,2,eng ENG,WB,27-153,90,46,37,9,0,0,3,7,9,0,0,0,0,26,0,2,https://fbref.com/en/players/dd082c59/Todd-Kane-Todd Kane,
10,Yoann Barbet,https://fbref.com/en/players/c52bbd2c/Yoann-Barbet,6,6,fr FRA,CB,27-283,90,69,65,4,3,1,1,3,1,0,0,0,0,48,0,1,https://fbref.com/en/players/c52bbd2c/Yoann-Barbet-Yoann Barbet,
11,Geoff Cameron,https://fbref.com/en/players/1a160ea3/Geoff-Cameron,20,20,us USA,CB,35-221,90,35,35,0,0,0,0,0,0,0,0,0,0,26,0,0,https://fbref.com/en/players/1a160ea3/Geoff-Cameron-Geoff Cameron,
12,Robert Dickie,https://fbref.com/en/players/c7dfc411/Robert-Dickie,4,4,eng ENG,CB,24-351,90,43,39,4,3,0,0,0,1,0,0,0,0,34,0,0,https://fbref.com/en/players/c7dfc411/Robert-Dickie-Robert Dickie,
13,Seny Dieng,https://fbref.com/en/players/c135cddd/Seny-Dieng,13,13,sn SEN,GK,26-086,90,41,18,23,8,0,0,0,0,0,0,0,0,25,0,0,https://fbref.com/en/players/c135cddd/Seny-Dieng-Seny Dieng,
