,Player Name,Player Number,Player,#,Nation,Pos,Age,Min,Touches,Def Pen,Def 3rd,Mid 3rd,Att 3rd,Att Pen,Live,Att,Succ,Succ%,Tkld,Tkld%,Carries,TotDist,PrgDist,PrgC,1/3,CPA,Mis,Dis,Rec,PrgR,Player Key,Player Link
0,Lyndon Dykes,https://fbref.com/en/players/cd92357a/Lyndon-Dykes,9,9,sct SCO,FW,25-133,64,28,0,0,11,17,6,28,0,0,,0,,10,56,12,0,0,1,5,0,21,3,https://fbref.com/en/players/cd92357a/Lyndon-Dykes-Lyndon Dykes,
1,Chris Willock,https://fbref.com/en/players/be0bd828/Chris-Willock,21,21,eng ENG,FW,23-017,26,7,0,1,2,5,0,7,1,0,0.0,1,100.0,4,34,28,1,0,0,3,0,5,3,https://fbref.com/en/players/be0bd828/Chris-Willock-Chris Willock,
2,Charlie Austin,https://fbref.com/en/players/8d228291/Charlie-Austin,45,45,eng ENG,FW,31-227,90,37,2,4,13,20,6,37,3,2,66.7,1,33.3,15,69,27,1,2,1,2,2,24,5,https://fbref.com/en/players/8d228291/Charlie-Austin-Charlie Austin,
3,Ilias Chair,https://fbref.com/en/players/ad7873cb/Ilias-Chair,10,10,ma MAR,AM,23-110,90,40,1,2,17,21,3,40,0,0,,0,,22,181,72,3,4,1,3,2,25,3,https://fbref.com/en/players/ad7873cb/Ilias-Chair-Ilias Chair,
4,Stefan Johansen,https://fbref.com/en/players/a48da055/Stefan-Johansen,14,14,no NOR,CM,30-040,90,46,0,8,24,14,0,46,0,0,,0,,20,90,55,2,0,0,0,0,33,2,https://fbref.com/en/players/a48da055/Stefan-Johansen-Stefan Johansen,
5,Dominic Ball,https://fbref.com/en/players/79d61875/Dominic-Ball,12,12,eng ENG,CM,25-199,55,21,1,6,12,3,0,21,1,1,100.0,0,0.0,7,82,54,2,1,0,1,0,14,1,https://fbref.com/en/players/79d61875/Dominic-Ball-Dominic Ball,
6,Sam Field,https://fbref.com/en/players/bd8a7d05/Sam-Field,15,15,eng ENG,CM,22-285,35,18,3,3,11,4,2,18,0,0,,0,,4,22,11,1,0,1,0,0,7,0,https://fbref.com/en/players/bd8a7d05/Sam-Field-Sam Field,
7,Lee Wallace,https://fbref.com/en/players/c3a396e2/Lee-Wallace,3,3,sct SCO,WB,33-200,78,45,1,9,17,20,1,45,1,0,0.0,1,100.0,20,98,52,2,1,0,0,0,30,7,https://fbref.com/en/players/c3a396e2/Lee-Wallace-Lee Wallace,
8,Osman Kakay,https://fbref.com/en/players/0aed0751/Osman-Kakay,24,24,sl SLE,WB,23-176,12,3,0,1,1,1,0,3,0,0,,0,,0,0,0,0,0,0,0,0,0,0,https://fbref.com/en/players/0aed0751/Osman-Kakay-Osman Kakay,
9,Todd Kane,https://fbref.com/en/players/dd082c59/Todd-Kane,2,2,eng ENG,WB,27-153,90,47,1,6,18,23,1,47,0,0,,0,,14,100,66,3,2,0,0,0,30,3,https://fbref.com/en/players/dd082c59/Todd-Kane-Todd Kane,
10,Yoann Barbet,https://fbref.com/en/players/c52bbd2c/Yoann-Barbet,6,6,fr FRA,CB,27-283,90,72,3,37,31,6,3,72,0,0,,0,,34,194,128,0,0,0,0,0,43,0,https://fbref.com/en/players/c52bbd2c/Yoann-Barbet-Yoann Barbet,
11,Geoff Cameron,https://fbref.com/en/players/1a160ea3/Geoff-Cameron,20,20,us USA,CB,35-221,90,46,7,25,21,0,0,46,0,0,,0,,18,112,78,0,1,0,2,0,28,0,https://fbref.com/en/players/1a160ea3/Geoff-Cameron-Geoff Cameron,
12,Robert Dickie,https://fbref.com/en/players/c7dfc411/Robert-Dickie,4,4,eng ENG,CB,24-351,90,56,8,31,22,5,1,56,0,0,,0,,16,104,80,0,1,0,3,1,21,0,https://fbref.com/en/players/c7dfc411/Robert-Dickie-Robert Dickie,
13,Seny Dieng,https://fbref.com/en/players/c135cddd/Seny-Dieng,13,13,sn SEN,GK,26-086,90,42,34,41,1,0,0,42,0,0,,0,,16,104,61,0,0,0,0,0,11,0,https://fbref.com/en/players/c135cddd/Seny-Dieng-Seny Dieng,
