,Minute,Player,Squad,xG,PSxG,Outcome,Distance,Body Part,Notes,SCA 1 Player,SCA 1 Event,SCA 2 Player,SCA 2 Event
0,5,Tariqe Fosu,Brentford,0.07,,Off Target,10,Right Foot,Volley,Mathias Jensen,Pass (Live),Rico Henry,Pass (Live)
1,16,Henrik Dalsgaard,Brentford,0.04,,Off Target,22,Right Foot,Volley,Tariqe Fosu,Pass (Live),Rico Henry,Pass (Live)
2,24,Charlie Austin,QPR,0.04,,Off Target,19,Left Foot,,Charlie Austin,Take-On,Lyndon Dykes,Pass (Live)
3,30,Ivan Toney,Brentford,0.08,0.12,Goal,7,Right Foot,Volley,Mathias Jensen,Pass (Dead),Rico Henry,Fouled
4,37,Ilias Chair,QPR,0.04,,Off Target,25,Right Foot,,Dominic Ball,Pass (Live),Todd Kane,Pass (Live)
5,40,Ivan Toney,Brentford,0.06,,Blocked,27,Right Foot,Free kick,Ivan Toney,Fouled,,
6,41,Mathias Jensen,Brentford,0.01,0.06,Saved,106,Right Foot,,Mathias Jensen,Take-On,Mathias Jensen,Take-On
7,42,Lyndon Dykes,QPR,0.03,,Blocked,17,Head,,Todd Kane,Pass (Live),Ilias Chair,Pass (Live)
8,45,Yoann Barbet,QPR,0.04,0.14,Saved,15,Right Foot,Volley,Dominic Ball,Pass (Live),Ilias Chair,Pass (Live)
9,45,Charlie Austin,QPR,0.14,,Blocked,5,Left Foot,Volley,Yoann Barbet,Shot,,
10,,,,,,,,,,,,,
11,49,Robert Dickie,QPR,0.04,,Blocked,15,Left Foot,Volley,Stefan Johansen,Pass (Dead),Lyndon Dykes,Fouled
12,52,Stefan Johansen,QPR,0.05,,Off Target,30,Left Foot,Free kick,Yoann Barbet,Fouled,Yoann Barbet,Pass (Live)
13,54,Tariqe Fosu,Brentford,0.05,,Off Target,32,Right Foot,,Mads Bech Sørensen,Pass (Live),Mads Bech Sørensen,Take-On
14,59,Mathias Jensen,Brentford,0.06,,Off Target,12,Right Foot,,Sergi Canós,Pass (Live),Sergi Canós,Interception
15,72,Sam Field,QPR,0.08,0.26,Goal,13,Left Foot,,Ilias Chair,Pass (Live),Chris Willock,Pass (Live)
16,76,Charlie Austin,QPR,0.11,0.53,Goal,10,Left Foot,Deflected,Lee Wallace,Pass (Live),Todd Kane,Pass (Live)
17,81,Sergi Canós,Brentford,0.04,,Blocked,22,Right Foot,,Ivan Toney,Pass (Live),Vitaly Janelt,Pass (Live)
18,82,Ivan Toney,Brentford,0.07,,Off Target,8,Head,,Mathias Jensen,Pass (Dead),Sergi Canós,Shot
19,90+5,Bryan Mbeumo,Brentford,0.07,,Blocked,14,Left Foot,,Mathias Jensen,Pass (Live),Winston Reid,Pass (Live)
