,Player Name,Player Number,Player,#,Nation,Pos,Age,Min,Touches,Def Pen,Def 3rd,Mid 3rd,Att 3rd,Att Pen,Live,Att,Succ,Succ%,Tkld,Tkld%,Carries,TotDist,PrgDist,PrgC,1/3,CPA,Mis,Dis,Rec,PrgR,Player Key,Player Link
0,Mason Bennett,https://fbref.com/en/players/aba031ad/Mason-Bennett,20,20,eng ENG,FW,24-245,76,28,0,3,12,13,6,28,1,0,0.0,1,100.0,14,51,35,2,0,2,3,0,21,5,https://fbref.com/en/players/aba031ad/Mason-Bennett-Mason Bennett,
1,Jón Daði Böðvarsson,https://fbref.com/en/players/b62006f1/Jon-Dadi-Bodvarsson,22,22,is ISL,FW,28-296,14,5,0,1,2,2,0,5,0,0,,0,,1,2,0,0,0,0,1,0,4,1,https://fbref.com/en/players/b62006f1/Jon-Dadi-Bodvarsson-Jón Daði Böðvarsson,
2,Jed Wallace,https://fbref.com/en/players/45194ce9/Jed-Wallace,7,7,eng ENG,"FW,RM",26-356,90,65,0,7,35,25,5,65,4,3,75.0,1,25.0,31,283,122,7,4,3,3,0,38,12,https://fbref.com/en/players/45194ce9/Jed-Wallace-Jed Wallace,
3,Ben Thompson,https://fbref.com/en/players/ed8c9785/Ben-Thompson,8,8,eng ENG,CM,25-165,76,33,0,3,24,7,0,33,3,1,33.3,2,66.7,12,77,39,1,0,0,2,1,15,3,https://fbref.com/en/players/ed8c9785/Ben-Thompson-Ben Thompson,
4,Shaun Williams,https://fbref.com/en/players/29ebbf1a/Shaun-Williams,6,6,ie IRL,CM,34-149,14,17,0,2,14,1,0,17,0,0,,0,,6,41,30,1,0,0,0,0,13,0,https://fbref.com/en/players/29ebbf1a/Shaun-Williams-Shaun Williams,
5,George Evans,https://fbref.com/en/players/40302e12/George-Evans,28,28,eng ENG,CM,26-094,89,54,1,13,29,12,0,54,1,1,100.0,0,0.0,22,91,44,1,0,0,0,0,34,0,https://fbref.com/en/players/40302e12/George-Evans-George Evans,
6,Tom Bradshaw,https://fbref.com/en/players/a9d071f8/Tom-Bradshaw,9,9,wls WAL,FW,28-233,1,1,0,0,0,1,0,1,0,0,,0,,1,0,0,0,0,0,0,0,1,0,https://fbref.com/en/players/a9d071f8/Tom-Bradshaw-Tom Bradshaw,
7,Ryan Woods,https://fbref.com/en/players/ebf5f33d/Ryan-Woods,19,19,eng ENG,CM,27-094,76,48,2,15,27,6,0,48,0,0,,0,,22,99,47,0,1,0,0,2,29,0,https://fbref.com/en/players/ebf5f33d/Ryan-Woods-Ryan Woods,
8,Billy Mitchell,https://fbref.com/en/players/88ff9db9/Billy-Mitchell,24,24,eng ENG,CM,20-329,14,13,1,5,6,2,0,13,0,0,,0,,8,66,42,1,0,0,0,0,9,0,https://fbref.com/en/players/88ff9db9/Billy-Mitchell-Billy Mitchell,
9,Scott Malone,https://fbref.com/en/players/f15a50e8/Scott-Malone,14,14,eng ENG,"WB,LB",29-357,90,44,0,12,16,16,2,44,1,0,0.0,1,100.0,12,59,48,2,2,0,1,0,22,1,https://fbref.com/en/players/f15a50e8/Scott-Malone-Scott Malone,
10,Mahlon Romeo,https://fbref.com/en/players/fa0a69e4/Mahlon-Romeo,12,12,ag ATG,"WB,RB",25-179,90,37,2,11,15,12,0,37,2,1,50.0,1,50.0,18,128,72,3,2,0,0,1,24,1,https://fbref.com/en/players/fa0a69e4/Mahlon-Romeo-Mahlon Romeo,
11,Jake Cooper,https://fbref.com/en/players/aa7dfc40/Jake-Cooper,5,5,eng ENG,CB,26-042,90,49,8,27,18,5,4,49,1,0,0.0,1,100.0,11,53,25,0,0,0,0,0,22,0,https://fbref.com/en/players/aa7dfc40/Jake-Cooper-Jake Cooper,
12,Alex Pearce,https://fbref.com/en/players/66e0514a/Alex-Pearce,15,15,ie IRL,CB,32-128,89,44,2,31,13,0,0,44,0,0,,0,,13,44,16,0,0,0,1,0,19,0,https://fbref.com/en/players/66e0514a/Alex-Pearce-Alex Pearce,
13,Tyler Burey,https://fbref.com/en/players/0daa8ef1/Tyler-Burey,32,32,eng ENG,LM,19-127,1,3,0,1,0,2,0,3,0,0,,0,,1,8,3,0,0,0,0,0,3,0,https://fbref.com/en/players/0daa8ef1/Tyler-Burey-Tyler Burey,
14,Shaun Hutchinson,https://fbref.com/en/players/64400baf/Shaun-Hutchinson,4,4,eng ENG,CB,30-114,90,69,14,40,20,9,4,69,0,0,,0,,22,91,33,0,1,0,0,0,30,1,https://fbref.com/en/players/64400baf/Shaun-Hutchinson-Shaun Hutchinson,
15,Bartosz Białkowski,https://fbref.com/en/players/4b5e809f/Bartosz-Bialkowski,33,33,pl POL,GK,33-254,90,28,26,28,0,0,0,28,0,0,,0,,11,111,59,0,0,0,0,0,3,0,https://fbref.com/en/players/4b5e809f/Bartosz-Bialkowski-Bartosz Białkowski,
