,Player Name,Player Number,Player,#,Nation,Pos,Age,Min,Gls,Ast,PK,PKatt,Sh,SoT,CrdY,CrdR,Touches,Tkl,Int,Blocks,xG,npxG,xAG,SCA,GCA,Cmp,Att,Cmp%,PrgP,Carries,PrgC,Att,Succ,Player Key,Player Link
0,Mason Bennett,https://fbref.com/en/players/aba031ad/Mason-Bennett,20,20,eng ENG,FW,24-245,76,1,0,0,0,4,2,0,0,28,0,0,0,0.8,0.8,0.0,0,0,11,17,64.7,2,14,2,1,0,https://fbref.com/en/players/aba031ad/Mason-Bennett-Mason Bennett,
1,Jón Daði Böðvarsson,https://fbref.com/en/players/b62006f1/Jon-Dadi-Bodvarsson,22,22,is ISL,FW,28-296,14,0,0,0,0,0,0,0,0,5,0,0,0,0.0,0.0,0.0,0,0,2,4,50.0,0,1,0,0,0,https://fbref.com/en/players/b62006f1/Jon-Dadi-Bodvarsson-Jón Daði Böðvarsson,
2,Jed Wallace,https://fbref.com/en/players/45194ce9/Jed-Wallace,7,7,eng ENG,"FW,RM",26-356,90,1,0,0,0,3,1,0,0,65,1,0,1,0.2,0.2,0.6,6,0,42,56,75.0,4,31,7,4,3,https://fbref.com/en/players/45194ce9/Jed-Wallace-Jed Wallace,
3,Ben Thompson,https://fbref.com/en/players/ed8c9785/Ben-Thompson,8,8,eng ENG,CM,25-165,76,0,0,0,0,0,0,0,0,33,2,2,2,0.0,0.0,0.0,2,0,15,18,83.3,2,12,1,3,1,https://fbref.com/en/players/ed8c9785/Ben-Thompson-Ben Thompson,
4,Shaun Williams,https://fbref.com/en/players/29ebbf1a/Shaun-Williams,6,6,ie IRL,CM,34-149,14,0,0,0,0,0,0,0,0,17,0,1,0,0.0,0.0,0.0,0,0,10,16,62.5,0,6,1,0,0,https://fbref.com/en/players/29ebbf1a/Shaun-Williams-Shaun Williams,
5,George Evans,https://fbref.com/en/players/40302e12/George-Evans,28,28,eng ENG,CM,26-094,89,0,0,0,0,1,0,0,0,54,4,2,2,0.0,0.0,0.0,0,0,27,41,65.9,3,22,1,1,1,https://fbref.com/en/players/40302e12/George-Evans-George Evans,
6,Tom Bradshaw,https://fbref.com/en/players/a9d071f8/Tom-Bradshaw,9,9,wls WAL,FW,28-233,1,0,0,0,0,0,0,0,0,1,0,0,0,0.0,0.0,0.0,0,0,1,1,100.0,0,1,0,0,0,https://fbref.com/en/players/a9d071f8/Tom-Bradshaw-Tom Bradshaw,
7,Ryan Woods,https://fbref.com/en/players/ebf5f33d/Ryan-Woods,19,19,eng ENG,CM,27-094,76,0,1,0,0,0,0,0,0,48,2,1,1,0.0,0.0,0.6,3,1,34,42,81.0,5,22,0,0,0,https://fbref.com/en/players/ebf5f33d/Ryan-Woods-Ryan Woods,
8,Billy Mitchell,https://fbref.com/en/players/88ff9db9/Billy-Mitchell,24,24,eng ENG,CM,20-329,14,0,0,0,0,0,0,0,0,13,0,0,1,0.0,0.0,0.0,1,0,9,12,75.0,0,8,1,0,0,https://fbref.com/en/players/88ff9db9/Billy-Mitchell-Billy Mitchell,
9,Scott Malone,https://fbref.com/en/players/f15a50e8/Scott-Malone,14,14,eng ENG,"WB,LB",29-357,90,0,0,0,0,2,1,0,0,44,1,1,1,0.1,0.1,0.0,1,0,26,39,66.7,2,12,2,1,0,https://fbref.com/en/players/f15a50e8/Scott-Malone-Scott Malone,
10,Mahlon Romeo,https://fbref.com/en/players/fa0a69e4/Mahlon-Romeo,12,12,ag ATG,"WB,RB",25-179,90,0,0,0,0,1,0,0,0,37,1,0,1,0.0,0.0,0.0,5,1,20,27,74.1,1,18,3,2,1,https://fbref.com/en/players/fa0a69e4/Mahlon-Romeo-Mahlon Romeo,
11,Jake Cooper,https://fbref.com/en/players/aa7dfc40/Jake-Cooper,5,5,eng ENG,CB,26-042,90,0,1,0,0,1,0,0,0,49,2,2,3,0.0,0.0,0.5,3,1,28,34,82.4,3,11,0,1,0,https://fbref.com/en/players/aa7dfc40/Jake-Cooper-Jake Cooper,
12,Alex Pearce,https://fbref.com/en/players/66e0514a/Alex-Pearce,15,15,ie IRL,CB,32-128,89,0,0,0,0,0,0,0,0,44,0,1,0,0.0,0.0,0.0,0,0,21,34,61.8,1,13,0,0,0,https://fbref.com/en/players/66e0514a/Alex-Pearce-Alex Pearce,
13,Tyler Burey,https://fbref.com/en/players/0daa8ef1/Tyler-Burey,32,32,eng ENG,LM,19-127,1,0,0,0,0,0,0,0,0,3,0,0,0,0.0,0.0,0.0,0,0,1,3,33.3,0,1,0,0,0,https://fbref.com/en/players/0daa8ef1/Tyler-Burey-Tyler Burey,
14,Shaun Hutchinson,https://fbref.com/en/players/64400baf/Shaun-Hutchinson,4,4,eng ENG,CB,30-114,90,0,0,0,0,2,0,0,0,69,2,4,5,0.7,0.7,0.0,0,0,33,49,67.3,1,22,0,0,0,https://fbref.com/en/players/64400baf/Shaun-Hutchinson-Shaun Hutchinson,
15,Bartosz Białkowski,https://fbref.com/en/players/4b5e809f/Bartosz-Bialkowski,33,33,pl POL,GK,33-254,90,0,0,0,0,0,0,0,0,28,0,0,0,0.0,0.0,0.0,0,0,9,26,34.6,0,11,0,0,0,https://fbref.com/en/players/4b5e809f/Bartosz-Bialkowski-Bartosz Białkowski,
