,Player Name,Player Number,Player,#,Nation,Pos,Age,Min,Att,Live,Dead,FK,TB,Sw,Crs,TI,CK,In,Out,Str,Cmp,Off,Blocks,Player Key,Player Link
0,Mason Bennett,https://fbref.com/en/players/aba031ad/Mason-Bennett,20,20,eng ENG,FW,24-245,76,17,17,0,0,0,0,0,0,0,0,0,0,11,0,2,https://fbref.com/en/players/aba031ad/Mason-Bennett-Mason Bennett,
1,Jón Daði Böðvarsson,https://fbref.com/en/players/b62006f1/Jon-Dadi-Bodvarsson,22,22,is ISL,FW,28-296,14,4,4,0,0,0,0,0,0,0,0,0,0,2,0,0,https://fbref.com/en/players/b62006f1/Jon-Dadi-Bodvarsson-Jón Daði Böðvarsson,
2,Jed Wallace,https://fbref.com/en/players/45194ce9/Jed-Wallace,7,7,eng ENG,"FW,RM",26-356,90,56,45,11,5,0,2,5,0,2,1,1,0,42,0,1,https://fbref.com/en/players/45194ce9/Jed-Wallace-Jed Wallace,
3,Ben Thompson,https://fbref.com/en/players/ed8c9785/Ben-Thompson,8,8,eng ENG,CM,25-165,76,18,18,0,0,0,0,0,0,0,0,0,0,15,0,0,https://fbref.com/en/players/ed8c9785/Ben-Thompson-Ben Thompson,
4,Shaun Williams,https://fbref.com/en/players/29ebbf1a/Shaun-Williams,6,6,ie IRL,CM,34-149,14,16,16,0,0,0,0,0,0,0,0,0,0,10,0,0,https://fbref.com/en/players/29ebbf1a/Shaun-Williams-Shaun Williams,
5,George Evans,https://fbref.com/en/players/40302e12/George-Evans,28,28,eng ENG,CM,26-094,89,41,39,2,1,0,1,2,1,0,0,0,0,27,0,0,https://fbref.com/en/players/40302e12/George-Evans-George Evans,
6,Tom Bradshaw,https://fbref.com/en/players/a9d071f8/Tom-Bradshaw,9,9,wls WAL,FW,28-233,1,1,1,0,0,0,0,0,0,0,0,0,0,1,0,0,https://fbref.com/en/players/a9d071f8/Tom-Bradshaw-Tom Bradshaw,
7,Ryan Woods,https://fbref.com/en/players/ebf5f33d/Ryan-Woods,19,19,eng ENG,CM,27-094,76,42,41,1,0,0,0,0,1,0,0,0,0,34,0,2,https://fbref.com/en/players/ebf5f33d/Ryan-Woods-Ryan Woods,
8,Billy Mitchell,https://fbref.com/en/players/88ff9db9/Billy-Mitchell,24,24,eng ENG,CM,20-329,14,12,12,0,0,0,1,0,0,0,0,0,0,9,0,0,https://fbref.com/en/players/88ff9db9/Billy-Mitchell-Billy Mitchell,
9,Scott Malone,https://fbref.com/en/players/f15a50e8/Scott-Malone,14,14,eng ENG,"WB,LB",29-357,90,39,28,11,2,0,0,3,9,0,0,0,0,26,0,0,https://fbref.com/en/players/f15a50e8/Scott-Malone-Scott Malone,
10,Mahlon Romeo,https://fbref.com/en/players/fa0a69e4/Mahlon-Romeo,12,12,ag ATG,"WB,RB",25-179,90,27,25,2,0,0,0,2,2,0,0,0,0,20,0,2,https://fbref.com/en/players/fa0a69e4/Mahlon-Romeo-Mahlon Romeo,
11,Jake Cooper,https://fbref.com/en/players/aa7dfc40/Jake-Cooper,5,5,eng ENG,CB,26-042,90,34,34,0,0,0,0,0,0,0,0,0,0,28,0,0,https://fbref.com/en/players/aa7dfc40/Jake-Cooper-Jake Cooper,
12,Alex Pearce,https://fbref.com/en/players/66e0514a/Alex-Pearce,15,15,ie IRL,CB,32-128,89,34,34,0,0,0,0,0,0,0,0,0,0,21,0,0,https://fbref.com/en/players/66e0514a/Alex-Pearce-Alex Pearce,
13,Tyler Burey,https://fbref.com/en/players/0daa8ef1/Tyler-Burey,32,32,eng ENG,LM,19-127,1,3,3,0,0,0,1,0,0,0,0,0,0,1,0,1,https://fbref.com/en/players/0daa8ef1/Tyler-Burey-Tyler Burey,
14,Shaun Hutchinson,https://fbref.com/en/players/64400baf/Shaun-Hutchinson,4,4,eng ENG,CB,30-114,90,49,43,6,0,0,0,0,6,0,0,0,0,33,0,1,https://fbref.com/en/players/64400baf/Shaun-Hutchinson-Shaun Hutchinson,
15,Bartosz Białkowski,https://fbref.com/en/players/4b5e809f/Bartosz-Bialkowski,33,33,pl POL,GK,33-254,90,26,11,15,6,0,0,0,0,0,0,0,0,9,0,0,https://fbref.com/en/players/4b5e809f/Bartosz-Bialkowski-Bartosz Białkowski,
