,Player Name,Player Number,Player,#,Nation,Pos,Age,Min,Gls,Ast,PK,PKatt,Sh,SoT,CrdY,CrdR,Touches,Tkl,Int,Blocks,xG,npxG,xAG,SCA,GCA,Cmp,Att,Cmp%,PrgP,Carries,PrgC,Att,Succ,Player Key,Player Link
0,Lyndon Dykes,https://fbref.com/en/players/cd92357a/Lyndon-Dykes,9,9,sct SCO,"FW,AM",25-161,89,0,0,0,0,0,0,0,0,38,0,1,2,0.0,0.0,0.3,7,0,20,30,66.7,2,17,2,1,1,https://fbref.com/en/players/cd92357a/Lyndon-Dykes-Lyndon Dykes,
1,Dominic Ball,https://fbref.com/en/players/79d61875/Dominic-Ball,12,12,eng ENG,AM,25-227,1,0,0,0,0,0,0,0,0,2,0,0,1,0.0,0.0,0.0,0,0,0,1,0.0,0,1,0,0,0,https://fbref.com/en/players/79d61875/Dominic-Ball-Dominic Ball,
2,Charlie Austin,https://fbref.com/en/players/8d228291/Charlie-Austin,45,45,eng ENG,FW,31-255,77,1,0,0,0,3,3,0,0,36,1,1,0,0.2,0.2,0.0,3,0,18,25,72.0,5,30,0,1,0,https://fbref.com/en/players/8d228291/Charlie-Austin-Charlie Austin,
3,Macauley Bonne,https://fbref.com/en/players/9ca8b21c/Macauley-Bonne,7,7,zw ZIM,FW,25-142,13,0,0,0,0,1,0,0,0,5,0,0,0,0.1,0.1,0.0,1,1,3,4,75.0,0,2,0,0,0,https://fbref.com/en/players/9ca8b21c/Macauley-Bonne-Macauley Bonne,
4,Chris Willock,https://fbref.com/en/players/be0bd828/Chris-Willock,21,21,eng ENG,AM,23-045,68,0,0,0,0,2,1,0,0,42,1,0,1,0.1,0.1,0.0,2,0,28,34,82.4,5,29,2,3,3,https://fbref.com/en/players/be0bd828/Chris-Willock-Chris Willock,
5,Ilias Chair,https://fbref.com/en/players/ad7873cb/Ilias-Chair,10,10,ma MAR,AM,23-138,22,0,1,0,0,0,0,0,0,16,0,0,0,0.0,0.0,0.1,3,1,9,13,69.2,2,10,1,0,0,https://fbref.com/en/players/ad7873cb/Ilias-Chair-Ilias Chair,
6,Geoff Cameron,https://fbref.com/en/players/1a160ea3/Geoff-Cameron,20,20,us USA,CM,35-249,69,0,1,0,0,1,0,0,0,55,2,2,1,0.0,0.0,0.1,2,1,42,47,89.4,5,40,0,0,0,https://fbref.com/en/players/1a160ea3/Geoff-Cameron-Geoff Cameron,
7,Sam Field,https://fbref.com/en/players/bd8a7d05/Sam-Field,15,15,eng ENG,CM,22-313,21,0,0,0,0,0,0,0,0,19,0,0,1,0.0,0.0,0.0,0,0,14,17,82.4,1,12,0,0,0,https://fbref.com/en/players/bd8a7d05/Sam-Field-Sam Field,
8,Stefan Johansen,https://fbref.com/en/players/a48da055/Stefan-Johansen,14,14,no NOR,CM,30-068,90,1,0,0,0,1,1,1,0,87,1,0,0,0.7,0.7,0.1,4,1,67,85,78.8,14,61,4,1,1,https://fbref.com/en/players/a48da055/Stefan-Johansen-Stefan Johansen,
9,Lee Wallace,https://fbref.com/en/players/c3a396e2/Lee-Wallace,3,3,sct SCO,WB,33-228,90,0,1,0,0,4,1,0,0,51,2,0,0,0.2,0.2,0.7,3,0,28,42,66.7,0,33,2,3,2,https://fbref.com/en/players/c3a396e2/Lee-Wallace-Lee Wallace,
10,Todd Kane,https://fbref.com/en/players/dd082c59/Todd-Kane,2,2,eng ENG,WB,27-181,77,0,0,0,0,0,0,0,0,42,2,0,0,0.0,0.0,0.0,0,0,25,38,65.8,1,32,2,0,0,https://fbref.com/en/players/dd082c59/Todd-Kane-Todd Kane,
11,Albert Adomah,https://fbref.com/en/players/c7174e81/Albert-Adomah,37,37,gh GHA,WB,33-094,13,0,0,0,0,0,0,0,0,7,1,0,0,0.0,0.0,0.1,1,0,4,6,66.7,0,4,0,0,0,https://fbref.com/en/players/c7174e81/Albert-Adomah-Albert Adomah,
12,Yoann Barbet,https://fbref.com/en/players/c52bbd2c/Yoann-Barbet,6,6,fr FRA,CB,27-311,90,0,0,0,0,1,0,0,0,98,1,2,2,0.0,0.0,0.0,1,0,75,89,84.3,8,71,2,0,0,https://fbref.com/en/players/c52bbd2c/Yoann-Barbet-Yoann Barbet,
13,Jordy de Wijs,https://fbref.com/en/players/3bb5b5d2/Jordy-de-Wijs,5,5,nl NED,CB,26-068,90,1,0,0,0,2,1,1,0,90,0,0,3,0.1,0.1,0.0,0,0,74,85,87.1,5,59,1,0,0,https://fbref.com/en/players/3bb5b5d2/Jordy-de-Wijs-Jordy de Wijs,
14,Robert Dickie,https://fbref.com/en/players/c7dfc411/Robert-Dickie,4,4,eng ENG,CB,25-014,90,0,0,0,0,1,1,0,0,86,0,5,0,0.1,0.1,0.0,0,0,57,75,76.0,4,57,1,1,0,https://fbref.com/en/players/c7dfc411/Robert-Dickie-Robert Dickie,
15,Seny Dieng,https://fbref.com/en/players/c135cddd/Seny-Dieng,13,13,sn SEN,GK,26-114,90,0,0,0,0,0,0,0,0,49,0,0,0,0.0,0.0,0.0,1,0,35,46,76.1,0,38,0,0,0,https://fbref.com/en/players/c135cddd/Seny-Dieng-Seny Dieng,
