,Player Name,Player Number,Player,#,Nation,Pos,Age,Min,CrdY,CrdR,2CrdY,Fls,Fld,Off,Crs,Int,TklW,PKwon,PKcon,OG,Recov,Won,Lost,Won%,Player Key,Player Link
0,Lyndon Dykes,https://fbref.com/en/players/cd92357a/Lyndon-Dykes,9,9,sct SCO,"FW,AM",25-161,89,0,0,0,1,1,0,2,1,0,0,0,0,3,4,6,40.0,https://fbref.com/en/players/cd92357a/Lyndon-Dykes-Lyndon Dykes,
1,Dominic Ball,https://fbref.com/en/players/79d61875/Dominic-Ball,12,12,eng ENG,AM,25-227,1,0,0,0,0,0,0,0,0,0,0,0,0,0,0,0,,https://fbref.com/en/players/79d61875/Dominic-Ball-Dominic Ball,
2,Charlie Austin,https://fbref.com/en/players/8d228291/Charlie-Austin,45,45,eng ENG,FW,31-255,77,0,0,0,1,2,0,0,1,0,0,0,0,0,1,2,33.3,https://fbref.com/en/players/8d228291/Charlie-Austin-Charlie Austin,
3,Macauley Bonne,https://fbref.com/en/players/9ca8b21c/Macauley-Bonne,7,7,zw ZIM,FW,25-142,13,0,0,0,0,0,0,0,0,0,0,0,0,0,0,3,0.0,https://fbref.com/en/players/9ca8b21c/Macauley-Bonne-Macauley Bonne,
4,Chris Willock,https://fbref.com/en/players/be0bd828/Chris-Willock,21,21,eng ENG,AM,23-045,68,0,0,0,1,1,0,2,0,0,0,0,0,0,2,4,33.3,https://fbref.com/en/players/be0bd828/Chris-Willock-Chris Willock,
5,Ilias Chair,https://fbref.com/en/players/ad7873cb/Ilias-Chair,10,10,ma MAR,AM,23-138,22,0,0,0,1,0,0,2,0,0,0,0,0,1,1,0,100.0,https://fbref.com/en/players/ad7873cb/Ilias-Chair-Ilias Chair,
6,Geoff Cameron,https://fbref.com/en/players/1a160ea3/Geoff-Cameron,20,20,us USA,CM,35-249,69,0,0,0,2,2,0,0,2,0,0,0,0,2,3,1,75.0,https://fbref.com/en/players/1a160ea3/Geoff-Cameron-Geoff Cameron,
7,Sam Field,https://fbref.com/en/players/bd8a7d05/Sam-Field,15,15,eng ENG,CM,22-313,21,0,0,0,1,0,0,0,0,0,0,0,0,2,0,2,0.0,https://fbref.com/en/players/bd8a7d05/Sam-Field-Sam Field,
8,Stefan Johansen,https://fbref.com/en/players/a48da055/Stefan-Johansen,14,14,no NOR,CM,30-068,90,1,0,0,1,1,1,5,0,1,0,0,0,9,1,0,100.0,https://fbref.com/en/players/a48da055/Stefan-Johansen-Stefan Johansen,
9,Lee Wallace,https://fbref.com/en/players/c3a396e2/Lee-Wallace,3,3,sct SCO,WB,33-228,90,0,0,0,1,0,1,5,0,1,0,0,0,2,2,0,100.0,https://fbref.com/en/players/c3a396e2/Lee-Wallace-Lee Wallace,
10,Todd Kane,https://fbref.com/en/players/dd082c59/Todd-Kane,2,2,eng ENG,WB,27-181,77,0,0,0,0,0,0,5,0,2,0,0,0,4,0,2,0.0,https://fbref.com/en/players/dd082c59/Todd-Kane-Todd Kane,
11,Albert Adomah,https://fbref.com/en/players/c7174e81/Albert-Adomah,37,37,gh GHA,WB,33-094,13,0,0,0,0,0,0,1,0,1,0,0,0,1,0,0,,https://fbref.com/en/players/c7174e81/Albert-Adomah-Albert Adomah,
12,Yoann Barbet,https://fbref.com/en/players/c52bbd2c/Yoann-Barbet,6,6,fr FRA,CB,27-311,90,0,0,0,0,0,0,2,2,1,0,0,0,12,2,0,100.0,https://fbref.com/en/players/c52bbd2c/Yoann-Barbet-Yoann Barbet,
13,Jordy de Wijs,https://fbref.com/en/players/3bb5b5d2/Jordy-de-Wijs,5,5,nl NED,CB,26-068,90,1,0,0,1,0,0,0,0,0,0,0,0,6,3,1,75.0,https://fbref.com/en/players/3bb5b5d2/Jordy-de-Wijs-Jordy de Wijs,
14,Robert Dickie,https://fbref.com/en/players/c7dfc411/Robert-Dickie,4,4,eng ENG,CB,25-014,90,0,0,0,1,0,1,0,5,0,0,0,0,7,15,6,71.4,https://fbref.com/en/players/c7dfc411/Robert-Dickie-Robert Dickie,
15,Seny Dieng,https://fbref.com/en/players/c135cddd/Seny-Dieng,13,13,sn SEN,GK,26-114,90,0,0,0,0,1,0,0,0,0,0,0,0,0,3,0,100.0,https://fbref.com/en/players/c135cddd/Seny-Dieng-Seny Dieng,
