,Minute,Player,Squad,xG,PSxG,Outcome,Distance,Body Part,Notes,SCA 1 Player,SCA 1 Event,SCA 2 Player,SCA 2 Event
0,2,Mason Bennett,Millwall,0.05,,Off Target,13,Head,,Jed Wallace,Pass (Dead),Ben Thompson,Fouled
1,3,Charlie Austin,QPR,0.05,0.02,Saved,17,Left Foot,Volley,Lee Wallace,Pass (Live),Charlie Austin,Pass (Live)
2,4,Jed Wallace,Millwall,0.04,,Off Target,16,Right Foot,,,,,
3,6,Jed Wallace,Millwall,0.10,0.25,Goal,16,Right Foot,,Ryan Woods,Pass (Live),,
4,14,Jordy de Wijs,QPR,0.06,,Blocked,11,Head,,Lyndon Dykes,Pass (Dead),Charlie Austin,Pass (Live)
5,18,Robert Dickie,QPR,0.13,0.10,Saved,4,Head,,Lyndon Dykes,Pass (Dead),Chris Willock,Pass (Live)
6,19,Chris Willock,QPR,0.05,,Off Target,14,Head,,Stefan Johansen,Pass (Dead),Chris Willock,Fouled
7,30,Lee Wallace,QPR,0.05,,Blocked,14,Left Foot,,Lyndon Dykes,Pass (Live),Seny Dieng,Pass (Live)
8,30,Lee Wallace,QPR,0.03,,Blocked,24,Right Foot,,Lee Wallace,Shot,,
9,35,Jake Cooper,Millwall,0.04,,Off Target,11,Head,,Jed Wallace,Pass (Dead),,
10,35,Jed Wallace,Millwall,0.03,,Off Target,14,Right Foot,Volley,Jake Cooper,Shot,,
11,37,Chris Willock,QPR,0.03,0.27,Saved,28,Right Foot,,Yoann Barbet,Pass (Live),Geoff Cameron,Pass (Live)
12,38,George Evans,Millwall,0.04,,Blocked,23,Left Foot,,Ben Thompson,Pass (Live),Mahlon Romeo,Pass (Live)
13,38,Mason Bennett,Millwall,0.51,0.46,Saved,9,Right Foot,,Ryan Woods,Pass (Live),Mahlon Romeo,Pass (Live)
14,39,Mason Bennett,Millwall,0.12,0.08,Goal,9,Right Foot,Volley,Jake Cooper,Pass (Live),Mahlon Romeo,Pass (Dead)
15,41,Geoff Cameron,QPR,0.04,,Off Target,22,Right Foot,,Lyndon Dykes,Pass (Dead),Lyndon Dykes,Take-On
16,,,,,,,,,,,,,
17,48,Shaun Hutchinson,Millwall,0.38,,Off Target,10,Left Foot,,Jake Cooper,Pass (Live),Jed Wallace,Pass (Dead)
18,51,Charlie Austin,QPR,0.06,0.35,Goal,13,Head,,Geoff Cameron,Pass (Live),Stefan Johansen,Pass (Live)
19,52,Lee Wallace,QPR,0.07,,Off Target,16,Right Foot,,Lee Wallace,Take-On,Stefan Johansen,Pass (Live)
20,57,Shaun Hutchinson,Millwall,0.36,,Off Target,10,Right Foot,Volley,Jed Wallace,Pass (Dead),Mahlon Romeo,Fouled
21,62,Scott Malone,Millwall,0.04,0.11,Saved,19,Left Foot,,,,,
22,67,Stefan Johansen,QPR,0.66,0.84,Goal,6,Left Foot,,,,,
23,72,Charlie Austin,QPR,0.06,0.11,Saved,8,Left Foot,,Ilias Chair,Pass (Live),Lyndon Dykes,Pass (Live)
24,72,Yoann Barbet,QPR,0.04,,Blocked,17,Right Foot,,Charlie Austin,Shot,,
25,73,Mason Bennett,Millwall,0.10,,Blocked,17,Right Foot,,Jed Wallace,Pass (Live),Scott Malone,Pass (Live)
26,76,Mahlon Romeo,Millwall,0.03,,Blocked,32,Right Foot,,Ryan Woods,Pass (Live),Jed Wallace,Pass (Live)
27,85,Lee Wallace,QPR,0.10,0.05,Saved,6,Left Foot,,Albert Adomah,Pass (Live),Ilias Chair,Pass (Live)
28,86,Macauley Bonne,QPR,0.05,,Blocked,22,Left Foot,Volley,Lyndon Dykes,Pass (Live),Stefan Johansen,Pass (Live)
29,86,Jordy de Wijs,QPR,0.07,0.64,Goal,7,Head,,Ilias Chair,Pass (Dead),Macauley Bonne,Shot
30,90+6,Scott Malone,Millwall,0.06,,Off Target,17,Right Foot,Volley,Mahlon Romeo,Pass (Live),Billy Mitchell,Pass (Live)
