season,injury,from,until,days,missed_games
22/23,Ankle injury,"Sep 2, 2022","Jan 6, 2023",126 days,14
20/21,Knock,"Nov 19, 2020","Nov 25, 2020",6 days,1
19/20,Ankle injury,"Dec 6, 2019","Dec 14, 2019",8 days,2
18/19,Groin surgery,"Apr 13, 2019","May 31, 2019",48 days,9
18/19,Groin injury,"Mar 1, 2019","Apr 3, 2019",33 days,7
17/18,Ankle injury,"Mar 20, 2018","Aug 17, 2018",150 days,23
17/18,Ankle injury,"Jan 5, 2018","Feb 3, 2018",29 days,5
17/18,Ill,"Nov 25, 2017","Nov 29, 2017",4 days,2
17/18,Ankle injury,"Nov 6, 2017","Nov 13, 2017",7 days,2
16/17,Ankle injury,"Apr 3, 2017","Jun 1, 2017",59 days,10
