season,injury,from,until,days,missed_games
23/24,Knee injury,"Dec 9, 2023","Jan 22, 2024",44 days,10
21/22,Knee injury,"Mar 7, 2022","Apr 25, 2022",49 days,11
21/22,Hamstring injury,"Dec 27, 2021","Feb 24, 2022",59 days,10
20/21,Groin surgery,"Jan 21, 2021","Feb 4, 2021",14 days,4
20/21,Groin injury,"Jan 4, 2021","Jan 14, 2021",10 days,1
20/21,Calf strain,"Oct 19, 2020","Oct 22, 2020",3 days,1
19/20,Strain in the thigh and gluteal muscles,"Jan 23, 2020","Jan 30, 2020",7 days,2
19/20,Muscle injury,"Dec 30, 2019","Jan 6, 2020",7 days,2
18/19,Head injury,"Mar 4, 2019","Mar 7, 2019",3 days,-
18/19,Groin injury,"Dec 17, 2018","Dec 20, 2018",3 days,1
18/19,Groin strain,"Dec 3, 2018","Dec 13, 2018",10 days,2
18/19,Groin strain,"Nov 12, 2018","Nov 22, 2018",10 days,-
18/19,Ill,"Oct 22, 2018","Oct 25, 2018",3 days,1
15/16,Groin injury,"Jan 4, 2016","Jan 14, 2016",10 days,2
15/16,minor knock,"Nov 9, 2015","Nov 19, 2015",10 days,2
