season,injury,from,until,days,missed_games
20/21,Knee injury,"Dec 20, 2020","Feb 5, 2021",47 days,9
19/20,Knock,"Jun 29, 2020","Jul 11, 2020",12 days,2
19/20,Head injury,"Jan 23, 2020","Jan 31, 2020",8 days,1
19/20,Ill,"Nov 26, 2019","Dec 7, 2019",11 days,2
18/19,Groin strain,"Apr 14, 2019","May 31, 2019",47 days,5
18/19,Groin problems,"Mar 30, 2019","Apr 5, 2019",6 days,2
18/19,Ill,"Aug 13, 2018","Aug 24, 2018",11 days,1
17/18,Ankle injury,"Mar 10, 2018","Apr 4, 2018",25 days,5
17/18,Ill,"Nov 30, 2017","Nov 30, 2017",0 days,-
15/16,cold,"Oct 15, 2015","Oct 19, 2015",4 days,1
14/15,Knee problems,"Apr 20, 2015","May 4, 2015",14 days,2
14/15,cold,"Apr 6, 2015","Apr 9, 2015",3 days,-
12/13,Outer ligament tear,"Nov 8, 2012","Dec 31, 2012",53 days,12
