season,injury,from,until,days,missed_games
23/24,unknown injury,"Dec 29, 2023","Mar 3, 2024",65 days,22
21/22,Knee injury,"Mar 17, 2022","May 30, 2022",74 days,20
20/21,Hamstring strain,"Jan 28, 2021","Feb 8, 2021",11 days,3
20/21,Adductor injury,"Sep 21, 2020","Dec 3, 2020",73 days,18
19/20,Knee problems,"Jan 30, 2020","Feb 27, 2020",28 days,3
19/20,Knee injury,"Jan 9, 2020","Jan 20, 2020",11 days,2
19/20,Hamstring injury,"Aug 26, 2019","Aug 29, 2019",3 days,1
18/19,Knee injury,"Dec 17, 2018","Dec 20, 2018",3 days,1
17/18,Hamstring injury,"Apr 30, 2018","May 31, 2018",31 days,4
