,Player Name,Player Number,Player,#,Nation,Pos,Age,Min,Touches,Def Pen,Def 3rd,Mid 3rd,Att 3rd,Att Pen,Live,Att,Succ,Succ%,Tkld,Tkld%,Carries,TotDist,PrgDist,PrgC,1/3,CPA,Mis,Dis,Rec,PrgR,Player Key,Player Link
0,Luis Muriel,https://fbref.com/en/players/eb2fe5b6/Luis-Muriel,9,9,co COL,FW,29-360,62,49,0,3,27,20,3,49,3,1,33.3,2,66.7,27,115,32,0,0,0,1,2,33,3,https://fbref.com/en/players/eb2fe5b6/Luis-Muriel-Luis Muriel,
1,Joakim Mæhle,https://fbref.com/en/players/c459a650/Joakim-Maehle,3,3,dk DEN,WB,23-326,28,17,0,5,8,4,1,17,0,0,,0,,11,34,21,0,1,0,0,0,10,2,https://fbref.com/en/players/c459a650/Joakim-Maehle-Joakim Mæhle,
2,Duván Zapata,https://fbref.com/en/players/d3de9af0/Duvan-Zapata,91,91,co COL,FW,30-010,86,44,0,1,19,26,8,44,2,0,0.0,2,100.0,30,191,123,4,3,2,7,1,35,14,https://fbref.com/en/players/d3de9af0/Duvan-Zapata-Duván Zapata,
3,Aleksei Miranchuk,https://fbref.com/en/players/a9aa0d1d/Aleksei-Miranchuk,59,59,ru RUS,FW,25-176,4,7,0,1,3,3,0,7,1,0,0.0,1,100.0,5,10,0,0,0,0,0,0,5,1,https://fbref.com/en/players/a9aa0d1d/Aleksei-Miranchuk-Aleksei Miranchuk,
4,Mario Pašalić,https://fbref.com/en/players/e599253a/Mario-Pasalic,88,88,hr CRO,AM,26-061,90,48,0,4,24,20,3,48,4,0,0.0,4,100.0,27,118,25,1,2,0,1,2,35,11,https://fbref.com/en/players/e599253a/Mario-Pasalic-Mario Pašalić,
5,Remo Freuler,https://fbref.com/en/players/98d2c2c4/Remo-Freuler,11,11,ch SUI,CM,28-361,90,87,2,22,53,14,0,87,5,4,80.0,1,20.0,47,208,127,3,1,0,1,0,60,2,https://fbref.com/en/players/98d2c2c4/Remo-Freuler-Remo Freuler,
6,Marten de Roon,https://fbref.com/en/players/2a1beb34/Marten-de-Roon,15,15,nl NED,CM,30-013,90,75,3,23,42,10,0,75,0,0,,0,,43,114,69,0,0,0,0,0,47,0,https://fbref.com/en/players/2a1beb34/Marten-de-Roon-Marten de Roon,
7,Robin Gosens,https://fbref.com/en/players/2d970560/Robin-Gosens,8,8,de GER,WB,26-280,90,80,1,19,47,14,6,80,0,0,,0,,54,183,134,5,1,0,2,0,60,7,https://fbref.com/en/players/2d970560/Robin-Gosens-Robin Gosens,
8,Ruslan Malinovskyi,https://fbref.com/en/players/48d5bd33/Ruslan-Malinovskyi,18,18,ua UKR,WB,27-342,63,45,0,2,21,24,2,45,5,3,60.0,2,40.0,32,247,90,4,1,2,3,0,36,4,https://fbref.com/en/players/48d5bd33/Ruslan-Malinovskyi-Ruslan Malinovskyi,
9,Josip Iličić,https://fbref.com/en/players/68252d6d/Josip-Ilicic,72,72,si SVN,AM,33-072,27,24,0,1,8,15,3,23,1,0,0.0,1,100.0,19,107,62,3,4,0,0,1,19,1,https://fbref.com/en/players/68252d6d/Josip-Ilicic-Josip Iličić,
10,José Luis Palomino,https://fbref.com/en/players/921f6058/Jose-Luis-Palomino,6,6,ar ARG,CB,31-096,90,84,8,54,26,4,0,84,0,0,,0,,51,177,76,1,0,0,0,0,49,0,https://fbref.com/en/players/921f6058/Jose-Luis-Palomino-José Luis Palomino,
11,Cristian Romero,https://fbref.com/en/players/a3d94a58/Cristian-Romero,17,17,ar ARG,CB,22-349,45,31,1,20,11,1,1,31,0,0,,0,,18,109,77,0,0,0,0,0,17,1,https://fbref.com/en/players/a3d94a58/Cristian-Romero-Cristian Romero,
12,Berat Djimsiti,https://fbref.com/en/players/6eee05f1/Berat-Djimsiti,19,19,al ALB,CB,28-051,45,29,5,21,7,1,1,29,0,0,,0,,20,45,17,0,0,0,0,0,17,0,https://fbref.com/en/players/6eee05f1/Berat-Djimsiti-Berat Djimsiti,
13,Rafael Tolói,https://fbref.com/en/players/c56dc39e/Rafael-Toloi,2,2,it ITA,CB,30-183,90,84,2,28,39,18,2,84,0,0,,0,,54,156,87,0,1,0,0,1,65,2,https://fbref.com/en/players/c56dc39e/Rafael-Toloi-Rafael Tolói,
14,Pierluigi Gollini,https://fbref.com/en/players/f0f7f62f/Pierluigi-Gollini,95,95,it ITA,GK,26-024,90,39,33,39,0,0,0,39,0,0,,0,,22,75,41,0,0,0,0,0,25,0,https://fbref.com/en/players/f0f7f62f/Pierluigi-Gollini-Pierluigi Gollini,
