,Player Name,Player Number,Player,#,Nation,Pos,Age,Min,Att,Live,Dead,FK,TB,Sw,Crs,TI,CK,In,Out,Str,Cmp,Off,Blocks,Player Key,Player Link
0,Luis Muriel,https://fbref.com/en/players/eb2fe5b6/Luis-Muriel,9,9,co COL,FW,29-360,62,37,34,2,1,0,0,3,0,1,1,0,0,23,1,2,https://fbref.com/en/players/eb2fe5b6/Luis-Muriel-Luis Muriel,
1,Joakim Mæhle,https://fbref.com/en/players/c459a650/Joakim-Maehle,3,3,dk DEN,WB,23-326,28,14,14,0,0,0,0,0,0,0,0,0,0,9,0,1,https://fbref.com/en/players/c459a650/Joakim-Maehle-Joakim Mæhle,
2,Duván Zapata,https://fbref.com/en/players/d3de9af0/Duvan-Zapata,91,91,co COL,FW,30-010,86,27,24,3,0,0,0,4,0,0,0,0,0,19,0,2,https://fbref.com/en/players/d3de9af0/Duvan-Zapata-Duván Zapata,
3,Aleksei Miranchuk,https://fbref.com/en/players/a9aa0d1d/Aleksei-Miranchuk,59,59,ru RUS,FW,25-176,4,5,5,0,0,0,0,0,0,0,0,0,0,4,0,0,https://fbref.com/en/players/a9aa0d1d/Aleksei-Miranchuk-Aleksei Miranchuk,
4,Mario Pašalić,https://fbref.com/en/players/e599253a/Mario-Pasalic,88,88,hr CRO,AM,26-061,90,33,33,0,0,0,0,1,0,0,0,0,0,30,0,0,https://fbref.com/en/players/e599253a/Mario-Pasalic-Mario Pašalić,
5,Remo Freuler,https://fbref.com/en/players/98d2c2c4/Remo-Freuler,11,11,ch SUI,CM,28-361,90,80,78,2,2,0,0,1,0,0,0,0,0,75,0,1,https://fbref.com/en/players/98d2c2c4/Remo-Freuler-Remo Freuler,
6,Marten de Roon,https://fbref.com/en/players/2a1beb34/Marten-de-Roon,15,15,nl NED,CM,30-013,90,69,65,4,3,0,0,0,1,0,0,0,0,60,0,0,https://fbref.com/en/players/2a1beb34/Marten-de-Roon-Marten de Roon,
7,Robin Gosens,https://fbref.com/en/players/2d970560/Robin-Gosens,8,8,de GER,WB,26-280,90,70,63,7,0,0,1,2,7,0,0,0,0,59,0,1,https://fbref.com/en/players/2d970560/Robin-Gosens-Robin Gosens,
8,Ruslan Malinovskyi,https://fbref.com/en/players/48d5bd33/Ruslan-Malinovskyi,18,18,ua UKR,WB,27-342,63,37,31,5,0,1,1,5,0,5,4,0,0,30,1,0,https://fbref.com/en/players/48d5bd33/Ruslan-Malinovskyi-Ruslan Malinovskyi,
9,Josip Iličić,https://fbref.com/en/players/68252d6d/Josip-Ilicic,72,72,si SVN,AM,33-072,27,19,19,0,0,2,0,0,0,0,0,0,0,17,0,0,https://fbref.com/en/players/68252d6d/Josip-Ilicic-Josip Iličić,
10,José Luis Palomino,https://fbref.com/en/players/921f6058/Jose-Luis-Palomino,6,6,ar ARG,CB,31-096,90,71,70,1,1,0,0,1,0,0,0,0,0,57,0,1,https://fbref.com/en/players/921f6058/Jose-Luis-Palomino-José Luis Palomino,
11,Cristian Romero,https://fbref.com/en/players/a3d94a58/Cristian-Romero,17,17,ar ARG,CB,22-349,45,28,27,1,1,0,0,0,0,0,0,0,0,23,0,0,https://fbref.com/en/players/a3d94a58/Cristian-Romero-Cristian Romero,
12,Berat Djimsiti,https://fbref.com/en/players/6eee05f1/Berat-Djimsiti,19,19,al ALB,CB,28-051,45,21,20,1,0,0,0,0,1,0,0,0,0,18,0,0,https://fbref.com/en/players/6eee05f1/Berat-Djimsiti-Berat Djimsiti,
13,Rafael Tolói,https://fbref.com/en/players/c56dc39e/Rafael-Toloi,2,2,it ITA,CB,30-183,90,78,72,6,2,0,1,0,4,0,0,0,0,63,0,1,https://fbref.com/en/players/c56dc39e/Rafael-Toloi-Rafael Tolói,
14,Pierluigi Gollini,https://fbref.com/en/players/f0f7f62f/Pierluigi-Gollini,95,95,it ITA,GK,26-024,90,38,27,11,4,0,0,0,0,0,0,0,0,29,0,0,https://fbref.com/en/players/f0f7f62f/Pierluigi-Gollini-Pierluigi Gollini,
