,Player Name,Player Number,Player,#,Nation,Pos,Age,Min,Tkl,TklW,Def 3rd,Mid 3rd,Att 3rd,Tkl,Att,Tkl%,Lost,Blocks,Sh,Pass,Int,Tkl+Int,Clr,Err,Player Key,Player Link
0,Luis Muriel,https://fbref.com/en/players/eb2fe5b6/Luis-Muriel,9,9,co COL,FW,29-360,62,1,1,0,0,1,1,2,50.0,1,2,0,2,1,2,0,0,https://fbref.com/en/players/eb2fe5b6/Luis-Muriel-Luis Muriel,
1,Joakim Mæhle,https://fbref.com/en/players/c459a650/Joakim-Maehle,3,3,dk DEN,WB,23-326,28,1,1,1,0,0,0,0,,0,1,0,1,0,1,0,0,https://fbref.com/en/players/c459a650/Joakim-Maehle-Joakim Mæhle,
2,Duván Zapata,https://fbref.com/en/players/d3de9af0/Duvan-Zapata,91,91,co COL,FW,30-010,86,0,0,0,0,0,0,2,0.0,2,0,0,0,0,0,0,0,https://fbref.com/en/players/d3de9af0/Duvan-Zapata-Duván Zapata,
3,Aleksei Miranchuk,https://fbref.com/en/players/a9aa0d1d/Aleksei-Miranchuk,59,59,ru RUS,FW,25-176,4,1,1,0,1,0,0,0,,0,0,0,0,0,1,0,0,https://fbref.com/en/players/a9aa0d1d/Aleksei-Miranchuk-Aleksei Miranchuk,
4,Mario Pašalić,https://fbref.com/en/players/e599253a/Mario-Pasalic,88,88,hr CRO,AM,26-061,90,2,2,0,2,0,1,2,50.0,1,1,1,0,1,3,0,0,https://fbref.com/en/players/e599253a/Mario-Pasalic-Mario Pašalić,
5,Remo Freuler,https://fbref.com/en/players/98d2c2c4/Remo-Freuler,11,11,ch SUI,CM,28-361,90,1,1,0,1,0,0,4,0.0,4,1,0,1,2,3,0,0,https://fbref.com/en/players/98d2c2c4/Remo-Freuler-Remo Freuler,
6,Marten de Roon,https://fbref.com/en/players/2a1beb34/Marten-de-Roon,15,15,nl NED,CM,30-013,90,1,1,0,1,0,1,3,33.3,2,2,0,2,2,3,2,0,https://fbref.com/en/players/2a1beb34/Marten-de-Roon-Marten de Roon,
7,Robin Gosens,https://fbref.com/en/players/2d970560/Robin-Gosens,8,8,de GER,WB,26-280,90,1,0,0,1,0,1,2,50.0,1,0,0,0,1,2,1,0,https://fbref.com/en/players/2d970560/Robin-Gosens-Robin Gosens,
8,Ruslan Malinovskyi,https://fbref.com/en/players/48d5bd33/Ruslan-Malinovskyi,18,18,ua UKR,WB,27-342,63,0,0,0,0,0,0,0,,0,1,0,1,0,0,0,0,https://fbref.com/en/players/48d5bd33/Ruslan-Malinovskyi-Ruslan Malinovskyi,
9,Josip Iličić,https://fbref.com/en/players/68252d6d/Josip-Ilicic,72,72,si SVN,AM,33-072,27,0,0,0,0,0,0,0,,0,0,0,0,0,0,0,0,https://fbref.com/en/players/68252d6d/Josip-Ilicic-Josip Iličić,
10,José Luis Palomino,https://fbref.com/en/players/921f6058/Jose-Luis-Palomino,6,6,ar ARG,CB,31-096,90,2,2,2,0,0,0,1,0.0,1,0,0,0,6,8,4,0,https://fbref.com/en/players/921f6058/Jose-Luis-Palomino-José Luis Palomino,
11,Cristian Romero,https://fbref.com/en/players/a3d94a58/Cristian-Romero,17,17,ar ARG,CB,22-349,45,0,0,0,0,0,0,1,0.0,1,0,0,0,0,0,2,0,https://fbref.com/en/players/a3d94a58/Cristian-Romero-Cristian Romero,
12,Berat Djimsiti,https://fbref.com/en/players/6eee05f1/Berat-Djimsiti,19,19,al ALB,CB,28-051,45,1,1,0,1,0,0,1,0.0,1,1,1,0,1,2,3,0,https://fbref.com/en/players/6eee05f1/Berat-Djimsiti-Berat Djimsiti,
13,Rafael Tolói,https://fbref.com/en/players/c56dc39e/Rafael-Toloi,2,2,it ITA,CB,30-183,90,1,0,0,1,0,0,1,0.0,1,2,1,1,1,2,0,0,https://fbref.com/en/players/c56dc39e/Rafael-Toloi-Rafael Tolói,
14,Pierluigi Gollini,https://fbref.com/en/players/f0f7f62f/Pierluigi-Gollini,95,95,it ITA,GK,26-024,90,0,0,0,0,0,0,0,,0,0,0,0,0,0,1,0,https://fbref.com/en/players/f0f7f62f/Pierluigi-Gollini-Pierluigi Gollini,
