,Player Name,Player Number,Player,#,Nation,Pos,Age,Min,Tkl,TklW,Def 3rd,Mid 3rd,Att 3rd,Tkl,Att,Tkl%,Lost,Blocks,Sh,Pass,Int,Tkl+Int,Clr,Err,Player Key,Player Link
0,Dušan Vlahović,https://fbref.com/en/players/79443529/Dusan-Vlahovic,9,9,rs SRB,FW,21-073,90,0,0,0,0,0,0,0,,0,1,1,0,0,0,0,0,https://fbref.com/en/players/79443529/Dusan-Vlahovic-Dušan Vlahović,
1,Christian Kouamé,https://fbref.com/en/players/58e933d2/Christian-Kouame,11,11,ci CIV,FW,23-126,90,1,1,0,0,1,0,0,,0,2,1,1,1,2,1,0,https://fbref.com/en/players/58e933d2/Christian-Kouame-Christian Kouamé,
2,Gaetano Castrovilli,https://fbref.com/en/players/0728bebe/Gaetano-Castrovilli,10,10,it ITA,CM,24-053,70,2,2,1,1,0,1,4,25.0,3,1,0,1,0,2,0,0,https://fbref.com/en/players/0728bebe/Gaetano-Castrovilli-Gaetano Castrovilli,
3,Valentin Eysseric,https://fbref.com/en/players/ae82fa48/Valentin-Eysseric,92,92,fr FRA,CM,29-017,20,1,0,0,1,0,1,1,100.0,0,0,0,0,0,1,1,0,https://fbref.com/en/players/ae82fa48/Valentin-Eysseric-Valentin Eysseric,
4,Sofyan Amrabat,https://fbref.com/en/players/5a2cb25d/Sofyan-Amrabat,34,34,ma MAR,CM,24-233,70,1,1,0,1,0,1,1,100.0,0,2,0,2,3,4,0,0,https://fbref.com/en/players/5a2cb25d/Sofyan-Amrabat-Sofyan Amrabat,
5,Borja Valero,https://fbref.com/en/players/0e21fc3c/Borja-Valero,6,6,es ESP,CM,36-089,20,1,1,1,0,0,0,1,0.0,1,1,0,1,1,2,0,0,https://fbref.com/en/players/0e21fc3c/Borja-Valero-Borja Valero,
6,Giacomo Bonaventura,https://fbref.com/en/players/d995ed27/Giacomo-Bonaventura,5,5,it ITA,CM,31-232,76,2,1,0,2,0,1,2,50.0,1,1,0,1,1,3,1,0,https://fbref.com/en/players/d995ed27/Giacomo-Bonaventura-Giacomo Bonaventura,
7,José Callejón,https://fbref.com/en/players/78841da9/Jose-Callejon,77,77,es ESP,CM,34-059,14,0,0,0,0,0,0,0,,0,0,0,0,0,0,0,0,https://fbref.com/en/players/78841da9/Jose-Callejon-José Callejón,
8,Cristiano Biraghi,https://fbref.com/en/players/9e1577aa/Cristiano-Biraghi,3,3,it ITA,WB,28-222,90,1,1,0,1,0,1,1,100.0,0,0,0,0,0,1,1,0,https://fbref.com/en/players/9e1577aa/Cristiano-Biraghi-Cristiano Biraghi,
9,Martín Cáceres,https://fbref.com/en/players/e94d79e3/Martin-Caceres,22,22,uy URU,"WB,CB",34-004,90,2,0,0,2,0,1,2,50.0,1,0,0,0,1,3,0,0,https://fbref.com/en/players/e94d79e3/Martin-Caceres-Martín Cáceres,
10,Lucas Martínez Quarta,https://fbref.com/en/players/3ec3c1c9/Lucas-Martinez-Quarta,2,2,ar ARG,CB,24-336,76,3,1,3,0,0,3,3,100.0,0,0,0,0,3,6,0,0,https://fbref.com/en/players/3ec3c1c9/Lucas-Martinez-Quarta-Lucas Martínez Quarta,
11,Lorenzo Venuti,https://fbref.com/en/players/983ff2c7/Lorenzo-Venuti,23,23,it ITA,WB,25-364,14,0,0,0,0,0,0,0,,0,0,0,0,0,0,0,0,https://fbref.com/en/players/983ff2c7/Lorenzo-Venuti-Lorenzo Venuti,
12,Germán Pezzella,https://fbref.com/en/players/8c725b43/German-Pezzella,20,20,ar ARG,CB,29-288,90,1,0,0,1,0,0,0,,0,1,0,1,3,4,5,0,https://fbref.com/en/players/8c725b43/German-Pezzella-Germán Pezzella,
13,Nikola Milenković,https://fbref.com/en/players/bee704fc/Nikola-Milenkovic,4,4,rs SRB,CB,23-181,90,5,4,4,1,0,4,6,66.7,2,0,0,0,1,6,6,0,https://fbref.com/en/players/bee704fc/Nikola-Milenkovic-Nikola Milenković,
14,Bartłomiej Drągowski,https://fbref.com/en/players/085e71a7/Bartlomiej-Dragowski,69,69,pl POL,GK,23-235,90,0,0,0,0,0,0,0,,0,0,0,0,0,0,1,0,https://fbref.com/en/players/085e71a7/Bartlomiej-Dragowski-Bartłomiej Drągowski,
