,Player Name,Player Number,Player,#,Nation,Pos,Age,Min,Att,Live,Dead,FK,TB,Sw,Crs,TI,CK,In,Out,Str,Cmp,Off,Blocks,Player Key,Player Link
0,Dušan Vlahović,https://fbref.com/en/players/79443529/Dusan-Vlahovic,9,9,rs SRB,FW,21-073,90,18,17,1,0,0,1,0,0,0,0,0,0,12,0,2,https://fbref.com/en/players/79443529/Dusan-Vlahovic-Dušan Vlahović,
1,Christian Kouamé,https://fbref.com/en/players/58e933d2/Christian-Kouame,11,11,ci CIV,FW,23-126,90,28,26,2,0,0,0,0,0,0,0,0,0,18,0,0,https://fbref.com/en/players/58e933d2/Christian-Kouame-Christian Kouamé,
2,Gaetano Castrovilli,https://fbref.com/en/players/0728bebe/Gaetano-Castrovilli,10,10,it ITA,CM,24-053,70,18,17,1,1,0,0,1,0,0,0,0,0,14,0,0,https://fbref.com/en/players/0728bebe/Gaetano-Castrovilli-Gaetano Castrovilli,
3,Valentin Eysseric,https://fbref.com/en/players/ae82fa48/Valentin-Eysseric,92,92,fr FRA,CM,29-017,20,10,10,0,0,0,0,0,0,0,0,0,0,9,0,0,https://fbref.com/en/players/ae82fa48/Valentin-Eysseric-Valentin Eysseric,
4,Sofyan Amrabat,https://fbref.com/en/players/5a2cb25d/Sofyan-Amrabat,34,34,ma MAR,CM,24-233,70,27,26,1,0,0,0,0,0,0,0,0,0,21,0,2,https://fbref.com/en/players/5a2cb25d/Sofyan-Amrabat-Sofyan Amrabat,
5,Borja Valero,https://fbref.com/en/players/0e21fc3c/Borja-Valero,6,6,es ESP,CM,36-089,20,19,18,1,1,0,0,0,0,0,0,0,0,17,0,0,https://fbref.com/en/players/0e21fc3c/Borja-Valero-Borja Valero,
6,Giacomo Bonaventura,https://fbref.com/en/players/d995ed27/Giacomo-Bonaventura,5,5,it ITA,CM,31-232,76,32,30,1,1,0,0,0,0,0,0,0,0,19,1,3,https://fbref.com/en/players/d995ed27/Giacomo-Bonaventura-Giacomo Bonaventura,
7,José Callejón,https://fbref.com/en/players/78841da9/Jose-Callejon,77,77,es ESP,CM,34-059,14,9,9,0,0,0,0,1,0,0,0,0,0,7,0,0,https://fbref.com/en/players/78841da9/Jose-Callejon-José Callejón,
8,Cristiano Biraghi,https://fbref.com/en/players/9e1577aa/Cristiano-Biraghi,3,3,it ITA,WB,28-222,90,46,41,5,1,0,0,6,4,0,0,0,0,34,0,1,https://fbref.com/en/players/9e1577aa/Cristiano-Biraghi-Cristiano Biraghi,
9,Martín Cáceres,https://fbref.com/en/players/e94d79e3/Martin-Caceres,22,22,uy URU,"WB,CB",34-004,90,42,36,6,1,0,0,3,5,0,0,0,0,25,0,1,https://fbref.com/en/players/e94d79e3/Martin-Caceres-Martín Cáceres,
10,Lucas Martínez Quarta,https://fbref.com/en/players/3ec3c1c9/Lucas-Martinez-Quarta,2,2,ar ARG,CB,24-336,76,45,44,1,1,0,1,0,0,0,0,0,0,38,0,0,https://fbref.com/en/players/3ec3c1c9/Lucas-Martinez-Quarta-Lucas Martínez Quarta,
11,Lorenzo Venuti,https://fbref.com/en/players/983ff2c7/Lorenzo-Venuti,23,23,it ITA,WB,25-364,14,9,7,2,1,0,0,0,1,0,0,0,0,9,0,0,https://fbref.com/en/players/983ff2c7/Lorenzo-Venuti-Lorenzo Venuti,
12,Germán Pezzella,https://fbref.com/en/players/8c725b43/German-Pezzella,20,20,ar ARG,CB,29-288,90,36,36,0,0,0,0,0,0,0,0,0,0,30,0,0,https://fbref.com/en/players/8c725b43/German-Pezzella-Germán Pezzella,
13,Nikola Milenković,https://fbref.com/en/players/bee704fc/Nikola-Milenkovic,4,4,rs SRB,CB,23-181,90,45,40,4,2,0,1,0,2,0,0,0,0,40,1,0,https://fbref.com/en/players/bee704fc/Nikola-Milenkovic-Nikola Milenković,
14,Bartłomiej Drągowski,https://fbref.com/en/players/085e71a7/Bartlomiej-Dragowski,69,69,pl POL,GK,23-235,90,36,23,13,5,0,0,0,0,0,0,0,0,22,0,0,https://fbref.com/en/players/085e71a7/Bartlomiej-Dragowski-Bartłomiej Drągowski,
