,Player Name,Player Number,Player,#,Nation,Pos,Age,Min,Touches,Def Pen,Def 3rd,Mid 3rd,Att 3rd,Att Pen,Live,Att,Succ,Succ%,Tkld,Tkld%,Carries,TotDist,PrgDist,PrgC,1/3,CPA,Mis,Dis,Rec,PrgR,Player Key,Player Link
0,Dušan Vlahović,https://fbref.com/en/players/79443529/Dusan-Vlahovic,9,9,rs SRB,FW,21-073,90,33,0,2,7,25,6,33,3,3,100.0,0,0.0,20,106,50,2,1,1,5,1,27,7,https://fbref.com/en/players/79443529/Dusan-Vlahovic-Dušan Vlahović,
1,Christian Kouamé,https://fbref.com/en/players/58e933d2/Christian-Kouame,11,11,ci CIV,FW,23-126,90,38,1,5,21,13,3,38,4,4,100.0,0,0.0,18,109,32,2,0,1,2,2,27,5,https://fbref.com/en/players/58e933d2/Christian-Kouame-Christian Kouamé,
2,Gaetano Castrovilli,https://fbref.com/en/players/0728bebe/Gaetano-Castrovilli,10,10,it ITA,CM,24-053,70,29,0,4,19,6,0,29,3,1,33.3,2,66.7,21,163,101,3,2,0,4,1,20,2,https://fbref.com/en/players/0728bebe/Gaetano-Castrovilli-Gaetano Castrovilli,
3,Valentin Eysseric,https://fbref.com/en/players/ae82fa48/Valentin-Eysseric,92,92,fr FRA,CM,29-017,20,13,1,2,7,4,0,13,0,0,,0,,10,29,16,1,0,0,0,1,10,2,https://fbref.com/en/players/ae82fa48/Valentin-Eysseric-Valentin Eysseric,
4,Sofyan Amrabat,https://fbref.com/en/players/5a2cb25d/Sofyan-Amrabat,34,34,ma MAR,CM,24-233,70,33,1,10,22,1,0,33,1,1,100.0,0,0.0,25,132,60,0,0,0,0,1,16,0,https://fbref.com/en/players/5a2cb25d/Sofyan-Amrabat-Sofyan Amrabat,
5,Borja Valero,https://fbref.com/en/players/0e21fc3c/Borja-Valero,6,6,es ESP,CM,36-089,20,21,1,5,12,4,0,21,0,0,,0,,17,95,20,1,1,0,0,1,15,0,https://fbref.com/en/players/0e21fc3c/Borja-Valero-Borja Valero,
6,Giacomo Bonaventura,https://fbref.com/en/players/d995ed27/Giacomo-Bonaventura,5,5,it ITA,CM,31-232,76,46,1,15,22,10,1,46,4,4,100.0,0,0.0,30,174,76,2,2,0,0,1,25,3,https://fbref.com/en/players/d995ed27/Giacomo-Bonaventura-Giacomo Bonaventura,
7,José Callejón,https://fbref.com/en/players/78841da9/Jose-Callejon,77,77,es ESP,CM,34-059,14,11,0,2,5,4,0,11,0,0,,0,,9,36,14,1,0,0,0,0,7,2,https://fbref.com/en/players/78841da9/Jose-Callejon-José Callejón,
8,Cristiano Biraghi,https://fbref.com/en/players/9e1577aa/Cristiano-Biraghi,3,3,it ITA,WB,28-222,90,52,2,11,22,20,1,52,0,0,,0,,35,154,96,4,3,0,2,0,39,1,https://fbref.com/en/players/9e1577aa/Cristiano-Biraghi-Cristiano Biraghi,
9,Martín Cáceres,https://fbref.com/en/players/e94d79e3/Martin-Caceres,22,22,uy URU,"WB,CB",34-004,90,48,3,12,28,10,2,48,1,0,0.0,1,100.0,33,83,40,1,3,1,0,0,26,2,https://fbref.com/en/players/e94d79e3/Martin-Caceres-Martín Cáceres,
10,Lucas Martínez Quarta,https://fbref.com/en/players/3ec3c1c9/Lucas-Martinez-Quarta,2,2,ar ARG,CB,24-336,76,54,2,33,18,4,0,54,1,0,0.0,1,100.0,30,215,134,1,2,1,1,0,31,1,https://fbref.com/en/players/3ec3c1c9/Lucas-Martinez-Quarta-Lucas Martínez Quarta,
11,Lorenzo Venuti,https://fbref.com/en/players/983ff2c7/Lorenzo-Venuti,23,23,it ITA,WB,25-364,14,9,0,2,6,2,0,9,0,0,,0,,4,28,9,1,1,0,0,0,4,0,https://fbref.com/en/players/983ff2c7/Lorenzo-Venuti-Lorenzo Venuti,
12,Germán Pezzella,https://fbref.com/en/players/8c725b43/German-Pezzella,20,20,ar ARG,CB,29-288,90,46,2,35,11,0,0,46,0,0,,0,,28,101,43,1,0,0,1,0,18,0,https://fbref.com/en/players/8c725b43/German-Pezzella-Germán Pezzella,
13,Nikola Milenković,https://fbref.com/en/players/bee704fc/Nikola-Milenkovic,4,4,rs SRB,CB,23-181,90,57,10,33,25,1,0,57,2,2,100.0,0,0.0,28,96,33,0,0,0,0,0,28,0,https://fbref.com/en/players/bee704fc/Nikola-Milenkovic-Nikola Milenković,
14,Bartłomiej Drągowski,https://fbref.com/en/players/085e71a7/Bartlomiej-Dragowski,69,69,pl POL,GK,23-235,90,42,33,42,0,0,0,42,0,0,,0,,20,125,82,0,0,0,0,0,17,0,https://fbref.com/en/players/085e71a7/Bartlomiej-Dragowski-Bartłomiej Drągowski,
