,Player Name,Player Number,Player,#,Nation,Pos,Age,Min,Gls,Ast,PK,PKatt,Sh,SoT,CrdY,CrdR,Touches,Tkl,Int,Blocks,xG,npxG,xAG,SCA,GCA,Cmp,Att,Cmp%,PrgP,Carries,PrgC,Att,Succ,Player Key,Player Link
0,Dušan Vlahović,https://fbref.com/en/players/79443529/Dusan-Vlahovic,9,9,rs SRB,FW,21-073,90,2,0,0,0,5,2,0,0,33,0,0,1,1.1,1.1,0.1,4,0,12,18,66.7,1,20,2,3,3,https://fbref.com/en/players/79443529/Dusan-Vlahovic-Dušan Vlahović,
1,Christian Kouamé,https://fbref.com/en/players/58e933d2/Christian-Kouame,11,11,ci CIV,FW,23-126,90,0,1,0,0,1,0,0,0,38,1,1,2,0.1,0.1,0.6,3,2,18,28,64.3,0,18,2,4,4,https://fbref.com/en/players/58e933d2/Christian-Kouame-Christian Kouamé,
2,Gaetano Castrovilli,https://fbref.com/en/players/0728bebe/Gaetano-Castrovilli,10,10,it ITA,CM,24-053,70,0,0,0,0,1,0,0,0,29,2,0,1,0.0,0.0,0.0,0,0,14,18,77.8,3,21,3,3,1,https://fbref.com/en/players/0728bebe/Gaetano-Castrovilli-Gaetano Castrovilli,
3,Valentin Eysseric,https://fbref.com/en/players/ae82fa48/Valentin-Eysseric,92,92,fr FRA,CM,29-017,20,0,0,0,0,0,0,0,0,13,1,0,0,0.0,0.0,0.0,0,0,9,10,90.0,2,10,1,0,0,https://fbref.com/en/players/ae82fa48/Valentin-Eysseric-Valentin Eysseric,
4,Sofyan Amrabat,https://fbref.com/en/players/5a2cb25d/Sofyan-Amrabat,34,34,ma MAR,CM,24-233,70,0,0,0,0,0,0,1,0,33,1,3,2,0.0,0.0,0.0,0,0,21,27,77.8,0,25,0,1,1,https://fbref.com/en/players/5a2cb25d/Sofyan-Amrabat-Sofyan Amrabat,
5,Borja Valero,https://fbref.com/en/players/0e21fc3c/Borja-Valero,6,6,es ESP,CM,36-089,20,0,0,0,0,0,0,0,0,21,1,1,1,0.0,0.0,0.0,1,0,17,19,89.5,0,17,1,0,0,https://fbref.com/en/players/0e21fc3c/Borja-Valero-Borja Valero,
6,Giacomo Bonaventura,https://fbref.com/en/players/d995ed27/Giacomo-Bonaventura,5,5,it ITA,CM,31-232,76,0,0,0,0,1,0,0,0,46,2,1,1,0.0,0.0,0.0,0,0,19,32,59.4,0,30,2,4,4,https://fbref.com/en/players/d995ed27/Giacomo-Bonaventura-Giacomo Bonaventura,
7,José Callejón,https://fbref.com/en/players/78841da9/Jose-Callejon,77,77,es ESP,CM,34-059,14,0,0,0,0,0,0,0,0,11,0,0,0,0.0,0.0,0.0,0,0,7,9,77.8,1,9,1,0,0,https://fbref.com/en/players/78841da9/Jose-Callejon-José Callejón,
8,Cristiano Biraghi,https://fbref.com/en/players/9e1577aa/Cristiano-Biraghi,3,3,it ITA,WB,28-222,90,0,0,0,0,1,0,0,0,52,1,0,0,0.1,0.1,0.2,5,1,34,46,73.9,6,35,4,0,0,https://fbref.com/en/players/9e1577aa/Cristiano-Biraghi-Cristiano Biraghi,
9,Martín Cáceres,https://fbref.com/en/players/e94d79e3/Martin-Caceres,22,22,uy URU,"WB,CB",34-004,90,0,1,0,0,1,0,0,0,48,2,1,0,0.1,0.1,0.4,2,1,25,42,59.5,6,33,1,1,0,https://fbref.com/en/players/e94d79e3/Martin-Caceres-Martín Cáceres,
10,Lucas Martínez Quarta,https://fbref.com/en/players/3ec3c1c9/Lucas-Martinez-Quarta,2,2,ar ARG,CB,24-336,76,0,0,0,0,0,0,0,0,54,3,3,0,0.0,0.0,0.0,1,0,38,45,84.4,0,30,1,1,0,https://fbref.com/en/players/3ec3c1c9/Lucas-Martinez-Quarta-Lucas Martínez Quarta,
11,Lorenzo Venuti,https://fbref.com/en/players/983ff2c7/Lorenzo-Venuti,23,23,it ITA,WB,25-364,14,0,0,0,0,0,0,0,0,9,0,0,0,0.0,0.0,0.0,0,0,9,9,100.0,2,4,1,0,0,https://fbref.com/en/players/983ff2c7/Lorenzo-Venuti-Lorenzo Venuti,
12,Germán Pezzella,https://fbref.com/en/players/8c725b43/German-Pezzella,20,20,ar ARG,CB,29-288,90,0,0,0,0,0,0,1,0,46,1,3,1,0.0,0.0,0.0,0,0,30,36,83.3,2,28,1,0,0,https://fbref.com/en/players/8c725b43/German-Pezzella-Germán Pezzella,
13,Nikola Milenković,https://fbref.com/en/players/bee704fc/Nikola-Milenkovic,4,4,rs SRB,CB,23-181,90,0,0,0,0,0,0,1,0,57,5,1,0,0.0,0.0,0.0,2,0,40,45,88.9,2,28,0,2,2,https://fbref.com/en/players/bee704fc/Nikola-Milenkovic-Nikola Milenković,
14,Bartłomiej Drągowski,https://fbref.com/en/players/085e71a7/Bartlomiej-Dragowski,69,69,pl POL,GK,23-235,90,0,0,0,0,0,0,0,0,42,0,0,0,0.0,0.0,0.0,0,0,22,36,61.1,0,20,0,0,0,https://fbref.com/en/players/085e71a7/Bartlomiej-Dragowski-Bartłomiej Drągowski,
