,Minute,Player,Squad,xG,PSxG,Outcome,Distance,Body Part,Notes,SCA 1 Player,SCA 1 Event,SCA 2 Player,SCA 2 Event
0,1,Ruslan Malinovskyi,Atalanta,0.02,,Off Target,31,Left Foot,,Marten de Roon,Pass (Live),Mario Pašalić,Pass (Live)
1,13,Duván Zapata,Atalanta,0.09,0.14,Goal,9,Head,,Ruslan Malinovskyi,Pass (Dead),Marten de Roon,Pass (Live)
2,15,Robin Gosens,Atalanta,0.05,0.04,Saved,7,Head,,Ruslan Malinovskyi,Pass (Dead),,
3,15,Robin Gosens,Atalanta,0.05,,Off Target,13,Left Foot,Volley,Robin Gosens,Shot,,
4,19,Ruslan Malinovskyi,Atalanta,0.06,,Blocked,31,Left Foot,Free kick,Luis Muriel,Fouled,Ruslan Malinovskyi,Pass (Live)
5,19,Duván Zapata,Atalanta,0.09,0.19,Saved,10,Right Foot,Volley,Luis Muriel,Pass (Live),Ruslan Malinovskyi,Shot
6,26,Martín Cáceres,Fiorentina,0.12,,Off Target,10,Head,,Cristiano Biraghi,Pass (Dead),Dušan Vlahović,Fouled
7,27,Dušan Vlahović,Fiorentina,0.07,,Off Target,17,Left Foot,,Christian Kouamé,Pass (Live),Cristiano Biraghi,Pass (Live)
8,30,Duván Zapata,Atalanta,0.24,0.31,Saved,16,Left Foot,,Mario Pašalić,Pass (Live),Ruslan Malinovskyi,Pass (Live)
9,37,Dušan Vlahović,Fiorentina,0.06,,Off Target,18,Right Foot,,Dušan Vlahović,Take-On,Cristiano Biraghi,Pass (Live)
10,40,Duván Zapata,Atalanta,0.50,0.79,Goal,12,Right Foot,,Ruslan Malinovskyi,Pass (Live),Luis Muriel,Pass (Live)
11,45+2,Gaetano Castrovilli,Fiorentina,0.03,,Off Target,21,Left Foot,,Nikola Milenković,Pass (Live),Nikola Milenković,Take-On
12,,,,,,,,,,,,,
13,49,Christian Kouamé,Fiorentina,0.07,,Blocked,13,Left Foot,,Dušan Vlahović,Pass (Live),,
14,57,Dušan Vlahović,Fiorentina,0.38,0.55,Goal,12,Left Foot,Volley,Martín Cáceres,Pass (Live),Cristiano Biraghi,Pass (Live)
15,59,Luis Muriel,Atalanta,0.06,,Blocked,31,Right Foot,Free kick,Ruslan Malinovskyi,Fouled,Duván Zapata,Pass (Dead)
16,60,Berat Djimsiti,Atalanta,0.10,,Off Target,8,Head,,Luis Muriel,Pass (Dead),Luis Muriel,Shot
17,60,Rafael Tolói,Atalanta,0.17,0.28,Saved,5,Left Foot,,Berat Djimsiti,Shot,,
18,61,Giacomo Bonaventura,Fiorentina,0.03,,Blocked,26,Left Foot,,Martín Cáceres,Pass (Live),Dušan Vlahović,Pass (Live)
19,67,Dušan Vlahović,Fiorentina,0.51,0.78,Goal,11,Left Foot,,Christian Kouamé,Pass (Live),Christian Kouamé,Take-On
20,70,Josip Iličić(pen),Atalanta,0.79,0.95,Goal,13,Left Foot,,,Fouled,,
21,74,Dušan Vlahović,Fiorentina,0.06,,Off Target,10,Head,,Cristiano Biraghi,Pass (Live),Lucas Martínez Quarta,Pass (Live)
22,78,Duván Zapata,Atalanta,0.04,,Off Target,15,Right Foot,,,,,
23,83,Mario Pašalić,Atalanta,0.31,,Off Target,16,Right Foot,,Josip Iličić,Pass (Live),,
24,85,Duván Zapata,Atalanta,0.43,0.61,Saved,23,Right Foot,,Josip Iličić,Pass (Live),,
25,90+4,Cristiano Biraghi,Fiorentina,0.06,,Blocked,32,Left Foot,Free kick,Borja Valero,Fouled,,
