,Player Name,Player Number,Player,#,Nation,Pos,Age,Min,Gls,Ast,PK,PKatt,Sh,SoT,CrdY,CrdR,Touches,Tkl,Int,Blocks,xG,npxG,xAG,SCA,GCA,Cmp,Att,Cmp%,PrgP,Carries,PrgC,Att,Succ,Player Key,Player Link
0,Irvin Cardona,https://fbref.com/en/players/5e080f73/Irvin-Cardona,14,14,fr FRA,FW,23-113,80,2,0,0,0,3,2,1,0,38,0,1,1,0.7,0.7,0.0,2,0,15,24,62.5,1,25,2,3,1,https://fbref.com/en/players/5e080f73/Irvin-Cardona-Irvin Cardona,
1,Jérémy Le Douaron,https://fbref.com/en/players/88c4d190/Jeremy-Le-Douaron,26,26,fr FRA,FW,22-222,10,0,0,0,0,0,0,0,0,7,0,0,0,0.0,0.0,0.0,0,0,3,6,50.0,0,3,1,0,0,https://fbref.com/en/players/88c4d190/Jeremy-Le-Douaron-Jérémy Le Douaron,
2,Steve Mounié,https://fbref.com/en/players/19ba6c6d/Steve-Mounie,15,15,bj BEN,FW,26-061,90,0,0,0,0,0,0,0,0,39,1,0,1,0.0,0.0,0.0,2,0,18,26,69.2,2,20,1,1,0,https://fbref.com/en/players/19ba6c6d/Steve-Mounie-Steve Mounié,
3,Romain Faivre,https://fbref.com/en/players/745ca0a3/Romain-Faivre,21,21,fr FRA,LM,22-138,89,0,1,0,0,1,0,0,0,84,3,4,0,0.0,0.0,0.1,5,1,56,65,86.2,8,54,2,6,4,https://fbref.com/en/players/745ca0a3/Romain-Faivre-Romain Faivre,
4,Gaëtan Charbonnier,https://fbref.com/en/players/18ebca4b/Gaetan-Charbonnier,10,10,fr FRA,LM,31-338,1,0,0,0,0,0,0,0,0,4,0,0,0,0.0,0.0,0.0,0,0,2,4,50.0,0,1,0,0,0,https://fbref.com/en/players/18ebca4b/Gaetan-Charbonnier-Gaëtan Charbonnier,
5,Paul Lasne,https://fbref.com/en/players/542cc80f/Paul-Lasne,8,8,fr FRA,CM,31-318,90,0,0,0,0,1,1,0,0,73,3,3,1,0.6,0.6,0.1,2,0,55,64,85.9,1,34,0,0,0,https://fbref.com/en/players/542cc80f/Paul-Lasne-Paul Lasne,
6,Haris Belkebla,https://fbref.com/en/players/2b1bed19/Haris-Belkebla,7,7,dz ALG,CM,26-306,90,0,0,0,0,1,0,0,0,51,5,1,2,0.0,0.0,0.5,2,0,38,41,92.7,2,33,1,1,0,https://fbref.com/en/players/2b1bed19/Haris-Belkebla-Haris Belkebla,
7,Franck Honorat,https://fbref.com/en/players/db7849ca/Franck-Honorat,9,9,fr FRA,RM,24-110,80,0,0,0,0,1,0,0,0,53,0,0,2,0.0,0.0,0.8,5,1,32,44,72.7,5,27,3,2,0,https://fbref.com/en/players/db7849ca/Franck-Honorat-Franck Honorat,
8,Cristian Battocchio,https://fbref.com/en/players/0f9b8301/Cristian-Battocchio,11,11,it ITA,RM,28-293,10,0,0,0,0,0,0,0,0,17,0,0,0,0.0,0.0,0.0,0,0,17,18,94.4,2,4,0,0,0,https://fbref.com/en/players/0f9b8301/Cristian-Battocchio-Cristian Battocchio,
9,Romain Perraud,https://fbref.com/en/players/6dfd8f05/Romain-Perraud,18,18,fr FRA,LB,23-068,90,0,0,0,0,2,0,0,0,68,5,2,0,0.1,0.1,0.0,2,1,45,55,81.8,5,37,4,0,0,https://fbref.com/en/players/6dfd8f05/Romain-Perraud-Romain Perraud,
10,Jean-Kevin Duverne,https://fbref.com/en/players/0cbc8baa/Jean-Kevin-Duverne,2,2,ht HAI,CB,23-140,90,0,0,0,0,1,0,0,0,75,2,0,1,0.1,0.1,0.0,1,0,59,67,88.1,4,39,1,1,1,https://fbref.com/en/players/0cbc8baa/Jean-Kevin-Duverne-Jean-Kevin Duverne,
11,Brendan Chardonnet,https://fbref.com/en/players/16aa7d4c/Brendan-Chardonnet,5,5,fr FRA,CB,25-343,90,0,0,0,0,1,1,0,0,71,3,0,1,0.1,0.1,0.0,0,0,43,55,78.2,3,30,2,0,0,https://fbref.com/en/players/16aa7d4c/Brendan-Chardonnet-Brendan Chardonnet,
12,Ronaël Pierre-Gabriel,https://fbref.com/en/players/64ba07c0/Ronael-Pierre-Gabriel,20,20,fr FRA,RB,22-169,90,0,0,0,0,0,0,0,0,72,4,1,3,0.0,0.0,0.0,0,0,53,60,88.3,5,33,1,2,1,https://fbref.com/en/players/64ba07c0/Ronael-Pierre-Gabriel-Ronaël Pierre-Gabriel,
13,Gautier Larsonneur,https://fbref.com/en/players/b49729cb/Gautier-Larsonneur,1,1,fr FRA,GK,23-280,90,0,0,0,0,0,0,0,0,53,0,0,0,0.0,0.0,0.0,0,0,44,47,93.6,0,34,0,0,0,https://fbref.com/en/players/b49729cb/Gautier-Larsonneur-Gautier Larsonneur,
