,Player Name,Player Number,Player,#,Nation,Pos,Age,Min,Att,Live,Dead,FK,TB,Sw,Crs,TI,CK,In,Out,Str,Cmp,Off,Blocks,Player Key,Player Link
0,Irvin Cardona,https://fbref.com/en/players/5e080f73/Irvin-Cardona,14,14,fr FRA,FW,23-113,80,24,23,1,0,1,1,0,0,0,0,0,0,15,0,1,https://fbref.com/en/players/5e080f73/Irvin-Cardona-Irvin Cardona,
1,Jérémy Le Douaron,https://fbref.com/en/players/88c4d190/Jeremy-Le-Douaron,26,26,fr FRA,FW,22-222,10,6,6,0,0,0,0,1,0,0,0,0,0,3,0,0,https://fbref.com/en/players/88c4d190/Jeremy-Le-Douaron-Jérémy Le Douaron,
2,Steve Mounié,https://fbref.com/en/players/19ba6c6d/Steve-Mounie,15,15,bj BEN,FW,26-061,90,26,26,0,0,0,0,0,0,0,0,0,0,18,0,0,https://fbref.com/en/players/19ba6c6d/Steve-Mounie-Steve Mounié,
3,Romain Faivre,https://fbref.com/en/players/745ca0a3/Romain-Faivre,21,21,fr FRA,LM,22-138,89,65,57,8,2,0,1,6,1,5,3,2,0,56,0,1,https://fbref.com/en/players/745ca0a3/Romain-Faivre-Romain Faivre,
4,Gaëtan Charbonnier,https://fbref.com/en/players/18ebca4b/Gaetan-Charbonnier,10,10,fr FRA,LM,31-338,1,4,3,0,0,0,0,0,0,0,0,0,0,2,1,0,https://fbref.com/en/players/18ebca4b/Gaetan-Charbonnier-Gaëtan Charbonnier,
5,Paul Lasne,https://fbref.com/en/players/542cc80f/Paul-Lasne,8,8,fr FRA,CM,31-318,90,64,63,1,1,0,0,0,0,0,0,0,0,55,0,0,https://fbref.com/en/players/542cc80f/Paul-Lasne-Paul Lasne,
6,Haris Belkebla,https://fbref.com/en/players/2b1bed19/Haris-Belkebla,7,7,dz ALG,CM,26-306,90,41,41,0,0,0,0,0,0,0,0,0,0,38,0,0,https://fbref.com/en/players/2b1bed19/Haris-Belkebla-Haris Belkebla,
7,Franck Honorat,https://fbref.com/en/players/db7849ca/Franck-Honorat,9,9,fr FRA,RM,24-110,80,44,42,2,2,0,2,5,0,0,0,0,0,32,0,2,https://fbref.com/en/players/db7849ca/Franck-Honorat-Franck Honorat,
8,Cristian Battocchio,https://fbref.com/en/players/0f9b8301/Cristian-Battocchio,11,11,it ITA,RM,28-293,10,18,16,2,2,0,0,1,0,0,0,0,0,17,0,0,https://fbref.com/en/players/0f9b8301/Cristian-Battocchio-Cristian Battocchio,
9,Romain Perraud,https://fbref.com/en/players/6dfd8f05/Romain-Perraud,18,18,fr FRA,LB,23-068,90,55,49,6,0,0,0,2,6,0,0,0,0,45,0,1,https://fbref.com/en/players/6dfd8f05/Romain-Perraud-Romain Perraud,
10,Jean-Kevin Duverne,https://fbref.com/en/players/0cbc8baa/Jean-Kevin-Duverne,2,2,ht HAI,CB,23-140,90,67,67,0,0,0,0,0,0,0,0,0,0,59,0,0,https://fbref.com/en/players/0cbc8baa/Jean-Kevin-Duverne-Jean-Kevin Duverne,
11,Brendan Chardonnet,https://fbref.com/en/players/16aa7d4c/Brendan-Chardonnet,5,5,fr FRA,CB,25-343,90,55,54,0,0,0,1,0,0,0,0,0,0,43,1,0,https://fbref.com/en/players/16aa7d4c/Brendan-Chardonnet-Brendan Chardonnet,
12,Ronaël Pierre-Gabriel,https://fbref.com/en/players/64ba07c0/Ronael-Pierre-Gabriel,20,20,fr FRA,RB,22-169,90,60,49,11,0,0,0,2,11,0,0,0,0,53,0,2,https://fbref.com/en/players/64ba07c0/Ronael-Pierre-Gabriel-Ronaël Pierre-Gabriel,
13,Gautier Larsonneur,https://fbref.com/en/players/b49729cb/Gautier-Larsonneur,1,1,fr FRA,GK,23-280,90,47,38,9,4,0,0,0,0,0,0,0,0,44,0,0,https://fbref.com/en/players/b49729cb/Gautier-Larsonneur-Gautier Larsonneur,
