,Player Name,Player Number,Player,#,Nation,Pos,Age,Min,Gls,Ast,PK,PKatt,Sh,SoT,CrdY,CrdR,Touches,Tkl,Int,Blocks,xG,npxG,xAG,SCA,GCA,Cmp,Att,Cmp%,PrgP,Carries,PrgC,Att,Succ,Player Key,Player Link
0,Opa Nguette,https://fbref.com/en/players/75a63397/Opa-Nguette,11,11,sn SEN,FW,26-144,81,0,0,0,0,2,2,0,0,28,0,0,2,0.2,0.2,0.0,3,0,15,18,83.3,0,21,2,1,1,https://fbref.com/en/players/75a63397/Opa-Nguette-Opa Nguette,
1,Aaron Leya Iseka,https://fbref.com/en/players/29ef0f49/Aaron-Leya-Iseka,24,24,be BEL,FW,23-014,9,0,0,0,0,0,0,0,0,2,0,0,0,0.0,0.0,0.0,0,0,0,2,0.0,0,1,1,0,0,https://fbref.com/en/players/29ef0f49/Aaron-Leya-Iseka-Aaron Leya Iseka,
2,Vagner Gonçalves,https://fbref.com/en/players/743fd71f/Vagner-Goncalves,27,27,cv CPV,LW,24-324,54,0,0,0,0,1,0,0,0,23,1,0,0,0.1,0.1,0.0,1,0,10,16,62.5,2,16,0,1,0,https://fbref.com/en/players/743fd71f/Vagner-Goncalves-Vagner Gonçalves,
3,Papa Ndiaga Yade,https://fbref.com/en/players/87e9c7cd/Papa-Ndiaga-Yade,26,26,mr MTN,LW,20-329,36,0,0,0,0,0,0,0,0,19,1,1,1,0.0,0.0,0.0,0,0,8,13,61.5,1,11,2,1,0,https://fbref.com/en/players/87e9c7cd/Papa-Ndiaga-Yade-Papa Ndiaga Yade,
4,Lamine Gueye,https://fbref.com/en/players/9d5dcc23/Lamine-Gueye,13,13,sn SEN,RW,22-261,55,0,0,0,0,3,1,0,0,37,1,0,1,0.1,0.1,0.0,2,0,22,27,81.5,0,20,1,2,2,https://fbref.com/en/players/9d5dcc23/Lamine-Gueye-Lamine Gueye,
5,Thierry Ambrose,https://fbref.com/en/players/2945f4b7/Thierry-Ambrose,9,9,gp GLP,RW,23-246,35,0,0,0,0,0,0,0,0,13,1,2,0,0.0,0.0,0.1,1,0,6,10,60.0,1,10,4,3,3,https://fbref.com/en/players/2945f4b7/Thierry-Ambrose-Thierry Ambrose,
6,Farid Boulaya,https://fbref.com/en/players/a0791826/Farid-Boulaya,10,10,dz ALG,AM,27-278,90,0,0,0,0,4,2,0,0,78,1,0,0,0.2,0.2,0.4,10,0,57,71,80.3,16,47,6,4,3,https://fbref.com/en/players/a0791826/Farid-Boulaya-Farid Boulaya,
7,Mamadou Fofana,https://fbref.com/en/players/4c4ffacc/Mamadou-Fofana,6,6,ml MLI,DM,22-313,54,0,0,0,0,0,0,0,0,32,1,0,0,0.0,0.0,0.0,2,0,24,31,77.4,1,13,0,0,0,https://fbref.com/en/players/4c4ffacc/Mamadou-Fofana-Mamadou Fofana,
8,Pape Matar Sarr,https://fbref.com/en/players/feb5d972/Pape-Matar-Sarr,15,15,sn SEN,DM,18-076,36,0,0,0,0,0,0,0,0,31,1,1,2,0.0,0.0,0.0,0,0,24,27,88.9,3,26,1,0,0,https://fbref.com/en/players/feb5d972/Pape-Matar-Sarr-Pape Matar Sarr,
9,Victorien Angban,https://fbref.com/en/players/d8992b84/Victorien-Angban,5,5,ci CIV,DM,24-061,72,0,0,0,0,1,1,0,0,53,0,1,0,0.1,0.1,0.0,4,0,48,52,92.3,5,29,2,1,1,https://fbref.com/en/players/d8992b84/Victorien-Angban-Victorien Angban,
10,Youssef Maziz,https://fbref.com/en/players/514270e8/Youssef-Maziz,22,22,fr FRA,DM,22-158,18,0,0,0,0,1,0,0,0,13,0,0,0,0.0,0.0,0.0,0,0,7,8,87.5,2,9,1,2,0,https://fbref.com/en/players/514270e8/Youssef-Maziz-Youssef Maziz,
11,Thomas Delaine,https://fbref.com/en/players/8332db56/Thomas-Delaine,17,17,fr FRA,LB,28-250,90,0,0,0,0,0,0,0,0,65,1,3,0,0.0,0.0,0.0,0,0,37,52,71.2,11,37,7,3,2,https://fbref.com/en/players/8332db56/Thomas-Delaine-Thomas Delaine,
12,John Boye,https://fbref.com/en/players/861227d2/John-Boye,21,21,gh GHA,CB,33-220,90,0,0,0,0,1,0,0,0,44,1,2,0,0.1,0.1,0.0,0,0,30,37,81.1,1,23,0,0,0,https://fbref.com/en/players/861227d2/John-Boye-John Boye,
13,Dylan Bronn,https://fbref.com/en/players/edd81e2a/Dylan-Bronn,2,2,tn TUN,CB,25-163,90,0,0,0,0,1,0,0,0,49,1,3,0,0.0,0.0,0.0,2,0,42,45,93.3,9,30,1,0,0,https://fbref.com/en/players/edd81e2a/Dylan-Bronn-Dylan Bronn,
14,Fabien Centonze,https://fbref.com/en/players/3c6bbbab/Fabien-Centonze,18,18,fr FRA,RB,24-318,90,0,0,0,0,1,0,1,0,73,4,4,2,0.0,0.0,0.0,1,0,47,60,78.3,6,41,1,2,2,https://fbref.com/en/players/3c6bbbab/Fabien-Centonze-Fabien Centonze,
15,Alexandre Oukidja,https://fbref.com/en/players/ae7d0ecd/Alexandre-Oukidja,16,16,dz ALG,GK,32-133,90,0,0,0,0,0,0,1,0,27,0,0,1,0.0,0.0,0.0,0,0,20,25,80.0,0,10,0,0,0,https://fbref.com/en/players/ae7d0ecd/Alexandre-Oukidja-Alexandre Oukidja,
