,Player Name,Player Number,Player,#,Nation,Pos,Age,Min,Att,Live,Dead,FK,TB,Sw,Crs,TI,CK,In,Out,Str,Cmp,Off,Blocks,Player Key,Player Link
0,Opa Nguette,https://fbref.com/en/players/75a63397/Opa-Nguette,11,11,sn SEN,FW,26-144,81,18,18,0,0,0,0,0,0,0,0,0,0,15,0,1,https://fbref.com/en/players/75a63397/Opa-Nguette-Opa Nguette,
1,Aaron Leya Iseka,https://fbref.com/en/players/29ef0f49/Aaron-Leya-Iseka,24,24,be BEL,FW,23-014,9,2,2,0,0,0,0,0,0,0,0,0,0,0,0,0,https://fbref.com/en/players/29ef0f49/Aaron-Leya-Iseka-Aaron Leya Iseka,
2,Vagner Gonçalves,https://fbref.com/en/players/743fd71f/Vagner-Goncalves,27,27,cv CPV,LW,24-324,54,16,16,0,0,1,0,0,0,0,0,0,0,10,0,2,https://fbref.com/en/players/743fd71f/Vagner-Goncalves-Vagner Gonçalves,
3,Papa Ndiaga Yade,https://fbref.com/en/players/87e9c7cd/Papa-Ndiaga-Yade,26,26,mr MTN,LW,20-329,36,13,13,0,0,0,0,2,0,0,0,0,0,8,0,1,https://fbref.com/en/players/87e9c7cd/Papa-Ndiaga-Yade-Papa Ndiaga Yade,
4,Lamine Gueye,https://fbref.com/en/players/9d5dcc23/Lamine-Gueye,13,13,sn SEN,RW,22-261,55,27,25,2,0,0,0,2,1,1,1,0,0,22,0,0,https://fbref.com/en/players/9d5dcc23/Lamine-Gueye-Lamine Gueye,
5,Thierry Ambrose,https://fbref.com/en/players/2945f4b7/Thierry-Ambrose,9,9,gp GLP,RW,23-246,35,10,10,0,0,0,0,1,0,0,0,0,0,6,0,2,https://fbref.com/en/players/2945f4b7/Thierry-Ambrose-Thierry Ambrose,
6,Farid Boulaya,https://fbref.com/en/players/a0791826/Farid-Boulaya,10,10,dz ALG,AM,27-278,90,71,57,14,2,0,0,7,0,9,4,3,0,57,0,3,https://fbref.com/en/players/a0791826/Farid-Boulaya-Farid Boulaya,
7,Mamadou Fofana,https://fbref.com/en/players/4c4ffacc/Mamadou-Fofana,6,6,ml MLI,DM,22-313,54,31,28,3,3,0,0,0,0,0,0,0,0,24,0,0,https://fbref.com/en/players/4c4ffacc/Mamadou-Fofana-Mamadou Fofana,
8,Pape Matar Sarr,https://fbref.com/en/players/feb5d972/Pape-Matar-Sarr,15,15,sn SEN,DM,18-076,36,27,27,0,0,0,1,0,0,0,0,0,0,24,0,0,https://fbref.com/en/players/feb5d972/Pape-Matar-Sarr-Pape Matar Sarr,
9,Victorien Angban,https://fbref.com/en/players/d8992b84/Victorien-Angban,5,5,ci CIV,DM,24-061,72,52,50,2,1,0,0,0,1,0,0,0,0,48,0,0,https://fbref.com/en/players/d8992b84/Victorien-Angban-Victorien Angban,
10,Youssef Maziz,https://fbref.com/en/players/514270e8/Youssef-Maziz,22,22,fr FRA,DM,22-158,18,8,8,0,0,0,1,1,0,0,0,0,0,7,0,0,https://fbref.com/en/players/514270e8/Youssef-Maziz-Youssef Maziz,
11,Thomas Delaine,https://fbref.com/en/players/8332db56/Thomas-Delaine,17,17,fr FRA,LB,28-250,90,52,49,3,0,0,0,7,3,0,0,0,0,37,0,1,https://fbref.com/en/players/8332db56/Thomas-Delaine-Thomas Delaine,
12,John Boye,https://fbref.com/en/players/861227d2/John-Boye,21,21,gh GHA,CB,33-220,90,37,36,1,1,0,0,0,0,0,0,0,0,30,0,0,https://fbref.com/en/players/861227d2/John-Boye-John Boye,
13,Dylan Bronn,https://fbref.com/en/players/edd81e2a/Dylan-Bronn,2,2,tn TUN,CB,25-163,90,45,44,1,1,0,0,0,0,0,0,0,0,42,0,0,https://fbref.com/en/players/edd81e2a/Dylan-Bronn-Dylan Bronn,
14,Fabien Centonze,https://fbref.com/en/players/3c6bbbab/Fabien-Centonze,18,18,fr FRA,RB,24-318,90,60,58,2,0,0,0,8,2,0,0,0,0,47,0,2,https://fbref.com/en/players/3c6bbbab/Fabien-Centonze-Fabien Centonze,
15,Alexandre Oukidja,https://fbref.com/en/players/ae7d0ecd/Alexandre-Oukidja,16,16,dz ALG,GK,32-133,90,25,16,9,2,0,1,0,0,0,0,0,0,20,0,0,https://fbref.com/en/players/ae7d0ecd/Alexandre-Oukidja-Alexandre Oukidja,
