,Minute,Player,Squad,xG,PSxG,Outcome,Distance,Body Part,Notes,SCA 1 Player,SCA 1 Event,SCA 2 Player,SCA 2 Event
0,4,Vagner Gonçalves,Metz,0.09,,Blocked,10,Right Foot,Volley,Farid Boulaya,Pass (Dead),,
1,8,Lamine Gueye,Metz,0.05,0.04,Saved,15,Right Foot,,Opa Nguette,Pass (Live),Fabien Centonze,Pass (Live)
2,11,Farid Boulaya,Metz,0.02,0.02,Saved,34,Right Foot,,Mamadou Fofana,Pass (Live),Victorien Angban,Pass (Live)
3,12,Irvin Cardona,Brest,0.04,0.16,Goal,9,Head,,Romain Faivre,Pass (Dead),,
4,19,Jean-Kevin Duverne,Brest,0.05,,Blocked,14,Right Foot,,Jean-Kevin Duverne,Take-On,Paul Lasne,Pass (Live)
5,20,Opa Nguette,Metz,0.16,0.08,Saved,5,Right Foot,,Opa Nguette,Take-On,Farid Boulaya,Pass (Live)
6,21,Farid Boulaya,Metz,0.04,,Off Target,34,Right Foot,Free kick,Farid Boulaya,Fouled,,
7,23,Irvin Cardona,Brest,0.48,,Off Target,9,Right Foot,,Haris Belkebla,Pass (Live),Steve Mounié,Pass (Live)
8,25,Franck Honorat,Brest,0.04,,Blocked,22,Right Foot,,Romain Faivre,Pass (Live),Irvin Cardona,Pass (Live)
9,26,Romain Faivre,Brest,0.02,,Off Target,31,Left Foot,,Haris Belkebla,Pass (Live),Irvin Cardona,Pass (Live)
10,33,Romain Perraud,Brest,0.03,,Off Target,23,Left Foot,,Franck Honorat,Pass (Dead),Romain Faivre,Fouled
11,34,Lamine Gueye,Metz,0.03,,Blocked,25,Left Foot,,Victorien Angban,Pass (Live),Farid Boulaya,Pass (Live)
12,35,Farid Boulaya,Metz,0.06,,Blocked,29,Right Foot,Free kick,Victorien Angban,Fouled,Victorien Angban,Pass (Live)
13,41,Opa Nguette,Metz,0.03,0.08,Saved,30,Right Foot,,Lamine Gueye,Pass (Live),Vagner Gonçalves,Pass (Live)
14,42,Dylan Bronn,Metz,0.03,,Off Target,30,Right Foot,,Dylan Bronn,Pass (Live),Mamadou Fofana,Pass (Live)
15,42,Victorien Angban,Metz,0.06,0.12,Saved,14,Right Foot,Volley,Dylan Bronn,Shot,,
16,43,Lamine Gueye,Metz,0.03,,Blocked,21,Right Foot,,Farid Boulaya,Pass (Live),Lamine Gueye,Pass (Live)
17,,,,,,,,,,,,,
18,53,Haris Belkebla,Brest,0.03,,Off Target,28,Right Foot,,Paul Lasne,Pass (Dead),Franck Honorat,Fouled
19,55,John Boye,Metz,0.14,,Off Target,8,Head,,Farid Boulaya,Pass (Dead),Farid Boulaya,Fouled
20,57,Fabien Centonze,Metz,0.02,,Off Target,32,Right Foot,,Opa Nguette,Pass (Live),Farid Boulaya,Pass (Live)
21,60,Romain Perraud,Brest,0.04,,Off Target,18,Left Foot,,Franck Honorat,Pass (Live),Romain Perraud,Pass (Live)
22,63,Brendan Chardonnet,Brest,0.06,0.03,Saved,14,Head,,Romain Faivre,Pass (Dead),Steve Mounié,Fouled
23,64,Irvin Cardona,Brest,0.16,0.12,Goal,8,Right Foot,Deflected,Franck Honorat,Pass (Live),Romain Perraud,Pass (Live)
24,67,Paul Lasne,Brest,0.59,0.83,Saved,3,Head,,Franck Honorat,Pass (Dead),Romain Faivre,Fouled
25,82,Farid Boulaya,Metz,0.07,0.03,Saved,13,Left Foot,,Farid Boulaya,Take-On,Thierry Ambrose,Pass (Live)
26,82,Youssef Maziz,Metz,0.04,,Off Target,11,Head,,Farid Boulaya,Shot,,
