season,injury,from,until,days,missed_games
23/24,Adductor injury,"Sep 17, 2023","Dec 31, 2023",105 days,5
22/23,Leg injury,"May 9, 2023","May 30, 2023",21 days,4
20/21,Adductor injury,"May 3, 2021","May 24, 2021",21 days,3
20/21,Ankle injury,"Sep 28, 2020","Nov 12, 2020",45 days,5
19/20,Torn muscle fiber in the adductor area,"Sep 9, 2019","Oct 1, 2019",22 days,4
16/17,Fitness,"Nov 21, 2016","Dec 3, 2016",12 days,2
16/17,Ligament injury,"Oct 23, 2016","Nov 20, 2016",28 days,6
15/16,Adductor pain,"Feb 15, 2016","Mar 14, 2016",28 days,5
15/16,Ankle problems,"Jan 25, 2016","Jan 28, 2016",3 days,-
