season,injury,from,until,days,missed_games
23/24,Ill,"Mar 28, 2024",,102 days,18
23/24,Ankle injury,"Feb 5, 2024","Mar 27, 2024",51 days,5
22/23,Neck injury,"May 29, 2023","Jun 7, 2023",9 days,2
21/22,Ankle injury,"Jul 19, 2021","Aug 20, 2021",32 days,7
20/21,Leg injury,"May 1, 2021","May 15, 2021",14 days,3
19/20,Hamstring injury,"Aug 26, 2020","Sep 21, 2020",26 days,6
18/19,Pneumothorax,"Jul 29, 2019","Aug 29, 2019",31 days,5
17/18,Knee injury,"Mar 1, 2018","Jun 30, 2018",121 days,14
15/16,muscular problems,"Apr 2, 2016","Apr 7, 2016",5 days,2
14/15,Ankle injury,"May 25, 2015","Jun 22, 2015",28 days,-
14/15,minor knock,"May 11, 2015","May 18, 2015",7 days,1
14/15,minor knock,"Mar 23, 2015","Mar 30, 2015",7 days,-
14/15,minor knock,"Dec 1, 2014","Dec 8, 2014",7 days,1
