,Player Name,Player Number,Player,#,Nation,Pos,Age,Min,Touches,Def Pen,Def 3rd,Mid 3rd,Att 3rd,Att Pen,Live,Att,Succ,Succ%,Tkld,Tkld%,Carries,TotDist,PrgDist,PrgC,1/3,CPA,Mis,Dis,Rec,PrgR,Player Key,Player Link
0,Vagner Gonçalves,https://fbref.com/en/players/743fd71f/Vagner-Goncalves,27,27,cv CPV,FW,25-035,62,26,1,2,11,14,2,26,1,1,100.0,0,0.0,18,113,46,1,0,0,4,1,20,4,https://fbref.com/en/players/743fd71f/Vagner-Goncalves-Vagner Gonçalves,
1,Aaron Leya Iseka,https://fbref.com/en/players/29ef0f49/Aaron-Leya-Iseka,24,24,be BEL,FW,23-091,28,11,1,2,4,5,1,11,0,0,,0,,7,8,0,0,0,0,3,2,10,1,https://fbref.com/en/players/29ef0f49/Aaron-Leya-Iseka-Aaron Leya Iseka,
2,Farid Boulaya,https://fbref.com/en/players/a0791826/Farid-Boulaya,10,10,dz ALG,AM,27-355,90,57,0,6,26,25,0,57,3,2,66.7,1,33.3,30,203,105,5,4,0,5,0,37,3,https://fbref.com/en/players/a0791826/Farid-Boulaya-Farid Boulaya,
3,Papa Ndiaga Yade,https://fbref.com/en/players/87e9c7cd/Papa-Ndiaga-Yade,26,26,mr MTN,AM,21-040,62,24,1,2,11,12,4,24,1,1,100.0,0,0.0,14,131,69,1,1,0,4,2,19,5,https://fbref.com/en/players/87e9c7cd/Papa-Ndiaga-Yade-Papa Ndiaga Yade,
4,Youssef Maziz,https://fbref.com/en/players/514270e8/Youssef-Maziz,22,22,fr FRA,AM,22-235,28,14,1,4,8,2,0,14,0,0,,0,,5,23,11,0,0,0,1,0,4,0,https://fbref.com/en/players/514270e8/Youssef-Maziz-Youssef Maziz,
5,Habib Maïga,https://fbref.com/en/players/e768de1f/Habib-Maiga,19,19,ci CIV,CM,25-044,90,57,3,22,30,6,4,57,2,0,0.0,2,100.0,34,124,67,0,2,0,2,0,33,0,https://fbref.com/en/players/e768de1f/Habib-Maiga-Habib Maïga,
6,Pape Matar Sarr,https://fbref.com/en/players/feb5d972/Pape-Matar-Sarr,15,15,sn SEN,CM,18-153,36,20,2,6,9,5,0,20,1,1,100.0,0,0.0,10,99,19,1,1,0,2,1,11,1,https://fbref.com/en/players/feb5d972/Pape-Matar-Sarr-Pape Matar Sarr,
7,Warren Tchimbembé,https://fbref.com/en/players/93b8f9f4/Warren-Tchimbembe,12,12,cg CGO,CM,22-299,54,36,0,12,22,2,1,36,0,0,,0,,20,52,23,0,0,0,2,0,25,2,https://fbref.com/en/players/93b8f9f4/Warren-Tchimbembe-Warren Tchimbembé,
8,Thomas Delaine,https://fbref.com/en/players/8332db56/Thomas-Delaine,17,17,fr FRA,WB,28-327,90,74,5,25,30,21,3,74,5,3,60.0,2,40.0,47,404,272,8,4,3,0,2,50,6,https://fbref.com/en/players/8332db56/Thomas-Delaine-Thomas Delaine,
9,Fabien Centonze,https://fbref.com/en/players/3c6bbbab/Fabien-Centonze,18,18,fr FRA,WB,25-029,90,54,1,9,36,9,1,54,5,2,40.0,3,60.0,29,186,65,1,2,0,1,1,30,3,https://fbref.com/en/players/3c6bbbab/Fabien-Centonze-Fabien Centonze,
10,John Boye,https://fbref.com/en/players/861227d2/John-Boye,21,21,gh GHA,CB,33-297,90,44,11,29,15,0,0,44,0,0,,0,,17,38,13,0,0,0,0,0,16,0,https://fbref.com/en/players/861227d2/John-Boye-John Boye,
11,Boubakar Kouyaté,https://fbref.com/en/players/562a4799/Boubakar-Kouyate,23,23,ml MLI,CB,23-305,90,62,6,49,12,1,1,62,0,0,,0,,30,168,91,0,0,0,0,0,37,0,https://fbref.com/en/players/562a4799/Boubakar-Kouyate-Boubakar Kouyaté,
12,Dylan Bronn,https://fbref.com/en/players/edd81e2a/Dylan-Bronn,2,2,tn TUN,CB,25-240,90,52,7,34,17,1,0,52,0,0,,0,,21,70,6,0,0,0,1,1,21,0,https://fbref.com/en/players/edd81e2a/Dylan-Bronn-Dylan Bronn,
13,Alexandre Oukidja,https://fbref.com/en/players/ae7d0ecd/Alexandre-Oukidja,16,16,dz ALG,GK,32-210,90,32,26,31,1,0,0,32,0,0,,0,,17,91,64,0,0,0,0,0,12,0,https://fbref.com/en/players/ae7d0ecd/Alexandre-Oukidja-Alexandre Oukidja,
