,Player Name,Player Number,Player,#,Nation,Pos,Age,Min,CrdY,CrdR,2CrdY,Fls,Fld,Off,Crs,Int,TklW,PKwon,PKcon,OG,Recov,Won,Lost,Won%,Player Key,Player Link
0,Vagner Gonçalves,https://fbref.com/en/players/743fd71f/Vagner-Goncalves,27,27,cv CPV,FW,25-035,62,0,0,0,1,2,1,3,0,2,0,0,0,4,1,5,16.7,https://fbref.com/en/players/743fd71f/Vagner-Goncalves-Vagner Gonçalves,
1,Aaron Leya Iseka,https://fbref.com/en/players/29ef0f49/Aaron-Leya-Iseka,24,24,be BEL,FW,23-091,28,0,0,0,2,0,0,1,0,0,0,0,0,1,3,1,75.0,https://fbref.com/en/players/29ef0f49/Aaron-Leya-Iseka-Aaron Leya Iseka,
2,Farid Boulaya,https://fbref.com/en/players/a0791826/Farid-Boulaya,10,10,dz ALG,AM,27-355,90,0,0,0,1,0,0,9,0,1,0,0,0,5,0,0,,https://fbref.com/en/players/a0791826/Farid-Boulaya-Farid Boulaya,
3,Papa Ndiaga Yade,https://fbref.com/en/players/87e9c7cd/Papa-Ndiaga-Yade,26,26,mr MTN,AM,21-040,62,0,0,0,2,0,0,0,0,0,0,0,0,1,1,2,33.3,https://fbref.com/en/players/87e9c7cd/Papa-Ndiaga-Yade-Papa Ndiaga Yade,
4,Youssef Maziz,https://fbref.com/en/players/514270e8/Youssef-Maziz,22,22,fr FRA,AM,22-235,28,0,0,0,0,0,0,0,2,0,0,0,0,1,2,0,100.0,https://fbref.com/en/players/514270e8/Youssef-Maziz-Youssef Maziz,
5,Habib Maïga,https://fbref.com/en/players/e768de1f/Habib-Maiga,19,19,ci CIV,CM,25-044,90,0,0,0,2,4,0,0,4,2,0,0,0,10,4,2,66.7,https://fbref.com/en/players/e768de1f/Habib-Maiga-Habib Maïga,
6,Pape Matar Sarr,https://fbref.com/en/players/feb5d972/Pape-Matar-Sarr,15,15,sn SEN,CM,18-153,36,0,0,0,1,1,0,0,0,0,0,0,0,2,1,0,100.0,https://fbref.com/en/players/feb5d972/Pape-Matar-Sarr-Pape Matar Sarr,
7,Warren Tchimbembé,https://fbref.com/en/players/93b8f9f4/Warren-Tchimbembe,12,12,cg CGO,CM,22-299,54,0,0,0,0,0,0,0,0,0,0,0,0,1,3,1,75.0,https://fbref.com/en/players/93b8f9f4/Warren-Tchimbembe-Warren Tchimbembé,
8,Thomas Delaine,https://fbref.com/en/players/8332db56/Thomas-Delaine,17,17,fr FRA,WB,28-327,90,1,0,0,2,1,0,3,0,1,0,0,0,7,0,1,0.0,https://fbref.com/en/players/8332db56/Thomas-Delaine-Thomas Delaine,
9,Fabien Centonze,https://fbref.com/en/players/3c6bbbab/Fabien-Centonze,18,18,fr FRA,WB,25-029,90,0,0,0,0,2,0,1,2,0,0,0,0,8,0,1,0.0,https://fbref.com/en/players/3c6bbbab/Fabien-Centonze-Fabien Centonze,
10,John Boye,https://fbref.com/en/players/861227d2/John-Boye,21,21,gh GHA,CB,33-297,90,0,0,0,0,0,0,0,3,1,0,0,0,6,4,4,50.0,https://fbref.com/en/players/861227d2/John-Boye-John Boye,
11,Boubakar Kouyaté,https://fbref.com/en/players/562a4799/Boubakar-Kouyate,23,23,ml MLI,CB,23-305,90,1,0,0,2,1,0,0,3,1,0,0,0,5,4,2,66.7,https://fbref.com/en/players/562a4799/Boubakar-Kouyate-Boubakar Kouyaté,
12,Dylan Bronn,https://fbref.com/en/players/edd81e2a/Dylan-Bronn,2,2,tn TUN,CB,25-240,90,0,0,0,0,0,0,0,1,1,0,0,0,11,3,3,50.0,https://fbref.com/en/players/edd81e2a/Dylan-Bronn-Dylan Bronn,
13,Alexandre Oukidja,https://fbref.com/en/players/ae7d0ecd/Alexandre-Oukidja,16,16,dz ALG,GK,32-210,90,0,0,0,0,0,0,0,0,0,0,0,0,0,1,0,100.0,https://fbref.com/en/players/ae7d0ecd/Alexandre-Oukidja-Alexandre Oukidja,
