,Player Name,Player Number,Player,#,Nation,Pos,Age,Min,Gls,Ast,PK,PKatt,Sh,SoT,CrdY,CrdR,Touches,Tkl,Int,Blocks,xG,npxG,xAG,SCA,GCA,Cmp,Att,Cmp%,PrgP,Carries,PrgC,Att,Succ,Player Key,Player Link
0,Vagner Gonçalves,https://fbref.com/en/players/743fd71f/Vagner-Goncalves,27,27,cv CPV,FW,25-035,62,0,0,0,0,2,0,0,0,26,2,0,0,0.1,0.1,0.7,5,0,13,18,72.2,1,18,1,1,1,https://fbref.com/en/players/743fd71f/Vagner-Goncalves-Vagner Gonçalves,
1,Aaron Leya Iseka,https://fbref.com/en/players/29ef0f49/Aaron-Leya-Iseka,24,24,be BEL,FW,23-091,28,0,0,0,0,0,0,0,0,11,0,0,0,0.0,0.0,0.0,0,0,0,5,0.0,0,7,0,0,0,https://fbref.com/en/players/29ef0f49/Aaron-Leya-Iseka-Aaron Leya Iseka,
2,Farid Boulaya,https://fbref.com/en/players/a0791826/Farid-Boulaya,10,10,dz ALG,AM,27-355,90,0,0,0,0,3,0,0,0,57,1,0,0,0.1,0.1,0.3,6,0,31,47,66.0,6,30,5,3,2,https://fbref.com/en/players/a0791826/Farid-Boulaya-Farid Boulaya,
3,Papa Ndiaga Yade,https://fbref.com/en/players/87e9c7cd/Papa-Ndiaga-Yade,26,26,mr MTN,AM,21-040,62,0,1,0,0,2,0,0,0,24,0,0,0,0.1,0.1,0.5,4,2,10,13,76.9,2,14,1,1,1,https://fbref.com/en/players/87e9c7cd/Papa-Ndiaga-Yade-Papa Ndiaga Yade,
4,Youssef Maziz,https://fbref.com/en/players/514270e8/Youssef-Maziz,22,22,fr FRA,AM,22-235,28,0,0,0,0,1,0,0,0,14,0,2,1,0.0,0.0,0.0,0,0,6,9,66.7,1,5,0,0,0,https://fbref.com/en/players/514270e8/Youssef-Maziz-Youssef Maziz,
5,Habib Maïga,https://fbref.com/en/players/e768de1f/Habib-Maiga,19,19,ci CIV,CM,25-044,90,0,0,0,0,3,0,0,0,57,3,4,1,0.2,0.2,0.1,6,0,34,41,82.9,4,34,0,2,0,https://fbref.com/en/players/e768de1f/Habib-Maiga-Habib Maïga,
6,Pape Matar Sarr,https://fbref.com/en/players/feb5d972/Pape-Matar-Sarr,15,15,sn SEN,CM,18-153,36,0,0,0,0,0,0,0,0,20,0,0,1,0.0,0.0,0.0,1,0,13,14,92.9,2,10,1,1,1,https://fbref.com/en/players/feb5d972/Pape-Matar-Sarr-Pape Matar Sarr,
7,Warren Tchimbembé,https://fbref.com/en/players/93b8f9f4/Warren-Tchimbembe,12,12,cg CGO,CM,22-299,54,0,0,0,0,0,0,0,0,36,1,0,0,0.0,0.0,0.0,1,0,25,31,80.6,3,20,0,0,0,https://fbref.com/en/players/93b8f9f4/Warren-Tchimbembe-Warren Tchimbembé,
8,Thomas Delaine,https://fbref.com/en/players/8332db56/Thomas-Delaine,17,17,fr FRA,WB,28-327,90,1,0,0,0,2,2,1,0,74,2,0,1,1.0,1.0,0.1,3,0,52,66,78.8,2,47,8,5,3,https://fbref.com/en/players/8332db56/Thomas-Delaine-Thomas Delaine,
9,Fabien Centonze,https://fbref.com/en/players/3c6bbbab/Fabien-Centonze,18,18,fr FRA,WB,25-029,90,0,0,0,0,0,0,0,0,54,0,2,1,0.0,0.0,0.0,0,0,30,42,71.4,2,29,1,5,2,https://fbref.com/en/players/3c6bbbab/Fabien-Centonze-Fabien Centonze,
10,John Boye,https://fbref.com/en/players/861227d2/John-Boye,21,21,gh GHA,CB,33-297,90,0,0,0,0,0,0,0,0,44,2,3,1,0.0,0.0,0.0,0,0,24,30,80.0,1,17,0,0,0,https://fbref.com/en/players/861227d2/John-Boye-John Boye,
11,Boubakar Kouyaté,https://fbref.com/en/players/562a4799/Boubakar-Kouyate,23,23,ml MLI,CB,23-305,90,0,0,0,0,1,0,1,0,62,1,3,2,0.2,0.2,0.0,1,0,37,51,72.5,0,30,0,0,0,https://fbref.com/en/players/562a4799/Boubakar-Kouyate-Boubakar Kouyaté,
12,Dylan Bronn,https://fbref.com/en/players/edd81e2a/Dylan-Bronn,2,2,tn TUN,CB,25-240,90,0,0,0,0,0,0,0,0,52,2,1,1,0.0,0.0,0.1,1,0,33,43,76.7,1,21,0,0,0,https://fbref.com/en/players/edd81e2a/Dylan-Bronn-Dylan Bronn,
13,Alexandre Oukidja,https://fbref.com/en/players/ae7d0ecd/Alexandre-Oukidja,16,16,dz ALG,GK,32-210,90,0,0,0,0,0,0,0,0,32,0,0,0,0.0,0.0,0.0,0,0,21,32,65.6,0,17,0,0,0,https://fbref.com/en/players/ae7d0ecd/Alexandre-Oukidja-Alexandre Oukidja,
