,Minute,Player,Squad,xG,PSxG,Outcome,Distance,Body Part,Notes,SCA 1 Player,SCA 1 Event,SCA 2 Player,SCA 2 Event
0,2,Habib Maïga,Metz,0.02,,Blocked,33,Right Foot,,Thomas Delaine,Pass (Live),Pape Matar Sarr,Pass (Live)
1,5,Habib Maïga,Metz,0.08,,Off Target,8,Head,,Farid Boulaya,Pass (Dead),Papa Ndiaga Yade,Pass (Live)
2,8,Vagner Gonçalves,Metz,0.06,,Off Target,20,Right Foot,Volley,Dylan Bronn,Pass (Live),Boubakar Kouyaté,Pass (Live)
3,15,Habib Diallo,Strasbourg,0.08,,Blocked,13,Left Foot,,Adrien Thomasson,Pass (Live),Jean-Eudes Aholou,Pass (Live)
4,17,Thomas Delaine,Metz,0.42,0.81,Goal,16,Right Foot,,Papa Ndiaga Yade,Pass (Live),Papa Ndiaga Yade,Take-On
5,20,Frederic Guilbert,Strasbourg,0.03,,Blocked,17,Head,,Ludovic Ajorque,Pass (Live),Frederic Guilbert,Pass (Live)
6,32,Jean-Eudes Aholou,Strasbourg,0.04,,Blocked,20,Left Foot,,Habib Diallo,Pass (Live),Dimitri Liénard,Pass (Dead)
7,33,Adrien Thomasson,Strasbourg,0.81,0.94,Goal,6,Right Foot,,Adrien Thomasson,Take-On,Jean-Eudes Aholou,Pass (Live)
8,36,Farid Boulaya,Metz,0.04,,Blocked,22,Right Foot,,Papa Ndiaga Yade,Pass (Live),Farid Boulaya,Pass (Live)
9,41,Papa Ndiaga Yade,Metz,0.08,,Off Target,10,Head,,Thomas Delaine,Pass (Live),Farid Boulaya,Pass (Live)
10,43,Farid Boulaya,Metz,0.06,,Blocked,29,Right Foot,Free kick,Vagner Gonçalves,Fouled,Vagner Gonçalves,Tackle
11,45,Dimitri Liénard,Strasbourg,0.04,,Off Target,31,Left Foot,Free kick,Ludovic Ajorque,Fouled,,
12,,,,,,,,,,,,,
13,47,Papa Ndiaga Yade,Metz,0.05,,Off Target,13,Head,,Vagner Gonçalves,Pass (Dead),Vagner Gonçalves,Fouled
14,49,Habib Diallo,Strasbourg,0.18,,Off Target,8,Head,,Ludovic Ajorque,Fouled,Dimitri Liénard,Pass (Live)
15,56,Dimitri Liénard,Strasbourg,0.01,,Off Target,51,Left Foot,,Adrien Thomasson,Pass (Live),Habib Diallo,Pass (Live)
16,58,Vagner Gonçalves,Metz,0.03,,Blocked,25,Right Foot,,Habib Maïga,Pass (Live),Habib Maïga,Interception
17,60,Thomas Delaine,Metz,0.60,0.58,Saved,4,Left Foot,,Vagner Gonçalves,Pass (Live),Warren Tchimbembé,Pass (Live)
18,60,Habib Maïga,Metz,0.07,,Off Target,6,Head,,Farid Boulaya,Pass (Dead),Thomas Delaine,Shot
19,61,Ludovic Ajorque,Strasbourg,0.06,,Blocked,14,Left Foot,,Adrien Thomasson,Pass (Live),Adrien Thomasson,Take-On
20,61,Habib Diallo,Strasbourg,0.06,,Blocked,14,Right Foot,Volley,Ludovic Ajorque,Shot,,
21,72,Stefan Mitrović,Strasbourg,0.09,,Blocked,13,Right Foot,,Dimitri Liénard,Pass (Dead),Ibrahima Sissoko,Pass (Live)
22,73,Frederic Guilbert,Strasbourg,0.03,,Off Target,28,Right Foot,,,,,
23,81,Jean-Eudes Aholou,Strasbourg,0.07,,Off Target,14,Right Foot,,Adrien Thomasson,Pass (Live),Jean-Eudes Aholou,Interception
24,82,Farid Boulaya,Metz,0.02,,Blocked,35,Right Foot,,Habib Maïga,Pass (Live),Habib Maïga,Pass (Live)
25,84,Adrien Thomasson,Strasbourg,0.04,0.32,Goal,16,Head,,Frederic Guilbert,Pass (Live),Jean-Ricner Bellegarde,Pass (Live)
26,87,Youssef Maziz,Metz,0.03,,Off Target,27,Left Foot,,Farid Boulaya,Pass (Dead),Habib Maïga,Fouled
27,90+3,Boubakar Kouyaté,Metz,0.18,,Off Target,5,Head,,Farid Boulaya,Pass (Live),Habib Maïga,Pass (Live)
