,Player Name,Player Number,Player,#,Nation,Pos,Age,Min,Tkl,TklW,Def 3rd,Mid 3rd,Att 3rd,Tkl,Att,Tkl%,Lost,Blocks,Sh,Pass,Int,Tkl+Int,Clr,Err,Player Key,Player Link
0,Ludovic Ajorque,https://fbref.com/en/players/462475ed/Ludovic-Ajorque,25,25,fr FRA,FW,26-355,90,1,1,0,1,0,0,0,,0,0,0,0,1,2,3,0,https://fbref.com/en/players/462475ed/Ludovic-Ajorque-Ludovic Ajorque,
1,Habib Diallo,https://fbref.com/en/players/6605d143/Habib-Diallo,28,28,sn SEN,FW,25-241,90,0,0,0,0,0,0,1,0.0,1,0,0,0,0,0,0,0,https://fbref.com/en/players/6605d143/Habib-Diallo-Habib Diallo,
2,Adrien Thomasson,https://fbref.com/en/players/c76b7567/Adrien-Thomasson,26,26,fr FRA,AM,27-066,90,2,1,0,2,0,2,3,66.7,1,4,1,3,0,2,0,0,https://fbref.com/en/players/c76b7567/Adrien-Thomasson-Adrien Thomasson,
3,Dimitri Liénard,https://fbref.com/en/players/f7691f63/Dimitri-Lienard,11,11,fr FRA,LM,33-001,80,4,3,1,3,0,2,4,50.0,2,0,0,0,3,7,1,0,https://fbref.com/en/players/f7691f63/Dimitri-Lienard-Dimitri Liénard,
4,Jean-Ricner Bellegarde,https://fbref.com/en/players/10f0fdd3/Jean-Ricner-Bellegarde,17,17,fr FRA,LM,22-232,10,0,0,0,0,0,0,0,,0,0,0,0,0,0,0,0,https://fbref.com/en/players/10f0fdd3/Jean-Ricner-Bellegarde-Jean-Ricner Bellegarde,
5,Ibrahima Sissoko,https://fbref.com/en/players/0f8418aa/Ibrahima-Sissoko,27,27,ml MLI,RM,23-110,90,3,2,1,2,0,0,0,,0,1,1,0,2,5,1,0,https://fbref.com/en/players/0f8418aa/Ibrahima-Sissoko-Ibrahima Sissoko,
6,Jean-Eudes Aholou,https://fbref.com/en/players/48b28bfd/Jean-Eudes-Aholou,6,6,ci CIV,DM,26-331,90,2,0,0,2,0,1,3,33.3,2,2,1,1,2,4,0,0,https://fbref.com/en/players/48b28bfd/Jean-Eudes-Aholou-Jean-Eudes Aholou,
7,Anthony Caci,https://fbref.com/en/players/0118c54c/Anthony-Caci,19,19,fr FRA,LB,23-228,90,1,0,0,1,0,1,2,50.0,1,1,0,1,2,3,1,0,https://fbref.com/en/players/0118c54c/Anthony-Caci-Anthony Caci,
8,Alexander Djiku,https://fbref.com/en/players/43e7a164/Alexander-Djiku,24,24,gh GHA,CB,26-189,90,2,2,0,2,0,0,1,0.0,1,3,1,2,4,6,3,0,https://fbref.com/en/players/43e7a164/Alexander-Djiku-Alexander Djiku,
9,Stefan Mitrović,https://fbref.com/en/players/e6777e6b/Stefan-Mitrovic,13,13,rs SRB,CB,30-268,90,0,0,0,0,0,0,0,,0,1,1,0,1,1,4,0,https://fbref.com/en/players/e6777e6b/Stefan-Mitrovic-Stefan Mitrović,
10,Frederic Guilbert,https://fbref.com/en/players/5d8d7454/Frederic-Guilbert,4,4,fr FRA,RB,26-052,90,3,2,1,2,0,2,4,50.0,2,0,0,0,1,4,2,0,https://fbref.com/en/players/5d8d7454/Frederic-Guilbert-Frederic Guilbert,
11,Eiji Kawashima,https://fbref.com/en/players/a4527d33/Eiji-Kawashima,16,16,jp JPN,GK,37-331,90,0,0,0,0,0,0,0,,0,0,0,0,0,0,0,0,https://fbref.com/en/players/a4527d33/Eiji-Kawashima-Eiji Kawashima,
