,Player Name,Player Number,Player,#,Nation,Pos,Age,Min,Att,Live,Dead,FK,TB,Sw,Crs,TI,CK,In,Out,Str,Cmp,Off,Blocks,Player Key,Player Link
0,Ludovic Ajorque,https://fbref.com/en/players/462475ed/Ludovic-Ajorque,25,25,fr FRA,FW,26-355,90,36,34,2,0,0,1,2,0,0,0,0,0,22,0,1,https://fbref.com/en/players/462475ed/Ludovic-Ajorque-Ludovic Ajorque,
1,Habib Diallo,https://fbref.com/en/players/6605d143/Habib-Diallo,28,28,sn SEN,FW,25-241,90,27,27,0,0,0,1,2,0,0,0,0,0,18,0,0,https://fbref.com/en/players/6605d143/Habib-Diallo-Habib Diallo,
2,Adrien Thomasson,https://fbref.com/en/players/c76b7567/Adrien-Thomasson,26,26,fr FRA,AM,27-066,90,38,37,0,0,0,0,0,0,0,0,0,0,30,1,2,https://fbref.com/en/players/c76b7567/Adrien-Thomasson-Adrien Thomasson,
3,Dimitri Liénard,https://fbref.com/en/players/f7691f63/Dimitri-Lienard,11,11,fr FRA,LM,33-001,80,49,39,10,4,0,2,14,1,5,3,2,0,33,0,1,https://fbref.com/en/players/f7691f63/Dimitri-Lienard-Dimitri Liénard,
4,Jean-Ricner Bellegarde,https://fbref.com/en/players/10f0fdd3/Jean-Ricner-Bellegarde,17,17,fr FRA,LM,22-232,10,4,2,2,0,0,0,0,0,2,0,0,0,4,0,0,https://fbref.com/en/players/10f0fdd3/Jean-Ricner-Bellegarde-Jean-Ricner Bellegarde,
5,Ibrahima Sissoko,https://fbref.com/en/players/0f8418aa/Ibrahima-Sissoko,27,27,ml MLI,RM,23-110,90,45,44,1,1,0,0,3,0,0,0,0,0,31,0,3,https://fbref.com/en/players/0f8418aa/Ibrahima-Sissoko-Ibrahima Sissoko,
6,Jean-Eudes Aholou,https://fbref.com/en/players/48b28bfd/Jean-Eudes-Aholou,6,6,ci CIV,DM,26-331,90,33,32,1,1,0,0,0,0,0,0,0,0,27,0,0,https://fbref.com/en/players/48b28bfd/Jean-Eudes-Aholou-Jean-Eudes Aholou,
7,Anthony Caci,https://fbref.com/en/players/0118c54c/Anthony-Caci,19,19,fr FRA,LB,23-228,90,89,73,16,1,0,1,0,15,0,0,0,0,64,0,1,https://fbref.com/en/players/0118c54c/Anthony-Caci-Anthony Caci,
8,Alexander Djiku,https://fbref.com/en/players/43e7a164/Alexander-Djiku,24,24,gh GHA,CB,26-189,90,67,66,1,1,0,0,0,0,0,0,0,0,61,0,0,https://fbref.com/en/players/43e7a164/Alexander-Djiku-Alexander Djiku,
9,Stefan Mitrović,https://fbref.com/en/players/e6777e6b/Stefan-Mitrovic,13,13,rs SRB,CB,30-268,90,53,50,3,3,0,1,0,0,0,0,0,0,45,0,0,https://fbref.com/en/players/e6777e6b/Stefan-Mitrovic-Stefan Mitrović,
10,Frederic Guilbert,https://fbref.com/en/players/5d8d7454/Frederic-Guilbert,4,4,fr FRA,RB,26-052,90,64,51,13,1,0,0,4,12,0,0,0,0,44,0,0,https://fbref.com/en/players/5d8d7454/Frederic-Guilbert-Frederic Guilbert,
11,Eiji Kawashima,https://fbref.com/en/players/a4527d33/Eiji-Kawashima,16,16,jp JPN,GK,37-331,90,29,22,7,1,0,0,0,0,0,0,0,0,28,0,0,https://fbref.com/en/players/a4527d33/Eiji-Kawashima-Eiji Kawashima,
