,Player Name,Player Number,Player,#,Nation,Pos,Age,Min,Touches,Def Pen,Def 3rd,Mid 3rd,Att 3rd,Att Pen,Live,Att,Succ,Succ%,Tkld,Tkld%,Carries,TotDist,PrgDist,PrgC,1/3,CPA,Mis,Dis,Rec,PrgR,Player Key,Player Link
0,Ludovic Ajorque,https://fbref.com/en/players/462475ed/Ludovic-Ajorque,25,25,fr FRA,FW,26-355,90,48,4,4,24,20,7,48,0,0,,0,,24,88,17,0,0,0,4,3,41,13,https://fbref.com/en/players/462475ed/Ludovic-Ajorque-Ludovic Ajorque,
1,Habib Diallo,https://fbref.com/en/players/6605d143/Habib-Diallo,28,28,sn SEN,FW,25-241,90,43,0,0,17,26,10,43,1,1,100.0,0,0.0,25,111,16,2,0,1,8,3,33,9,https://fbref.com/en/players/6605d143/Habib-Diallo-Habib Diallo,
2,Adrien Thomasson,https://fbref.com/en/players/c76b7567/Adrien-Thomasson,26,26,fr FRA,AM,27-066,90,51,0,4,25,23,5,51,4,3,75.0,1,25.0,24,119,53,2,0,0,3,0,29,7,https://fbref.com/en/players/c76b7567/Adrien-Thomasson-Adrien Thomasson,
3,Dimitri Liénard,https://fbref.com/en/players/f7691f63/Dimitri-Lienard,11,11,fr FRA,LM,33-001,80,58,0,7,34,18,0,58,0,0,,0,,31,150,51,1,1,0,1,0,40,9,https://fbref.com/en/players/f7691f63/Dimitri-Lienard-Dimitri Liénard,
4,Jean-Ricner Bellegarde,https://fbref.com/en/players/10f0fdd3/Jean-Ricner-Bellegarde,17,17,fr FRA,LM,22-232,10,5,0,0,1,4,0,5,0,0,,0,,0,0,0,0,0,0,0,0,3,0,https://fbref.com/en/players/10f0fdd3/Jean-Ricner-Bellegarde-Jean-Ricner Bellegarde,
5,Ibrahima Sissoko,https://fbref.com/en/players/0f8418aa/Ibrahima-Sissoko,27,27,ml MLI,RM,23-110,90,55,1,8,39,9,0,55,2,2,100.0,0,0.0,27,92,16,0,0,0,1,2,31,5,https://fbref.com/en/players/0f8418aa/Ibrahima-Sissoko-Ibrahima Sissoko,
6,Jean-Eudes Aholou,https://fbref.com/en/players/48b28bfd/Jean-Eudes-Aholou,6,6,ci CIV,DM,26-331,90,47,1,4,31,12,2,47,2,1,50.0,1,50.0,22,118,44,1,2,0,2,3,24,4,https://fbref.com/en/players/48b28bfd/Jean-Eudes-Aholou-Jean-Eudes Aholou,
7,Anthony Caci,https://fbref.com/en/players/0118c54c/Anthony-Caci,19,19,fr FRA,LB,23-228,90,97,0,22,67,11,0,97,3,3,100.0,0,0.0,50,233,118,2,3,0,1,0,56,1,https://fbref.com/en/players/0118c54c/Anthony-Caci-Anthony Caci,
8,Alexander Djiku,https://fbref.com/en/players/43e7a164/Alexander-Djiku,24,24,gh GHA,CB,26-189,90,76,3,50,27,1,0,76,0,0,,0,,42,214,127,0,0,0,0,0,50,0,https://fbref.com/en/players/43e7a164/Alexander-Djiku-Alexander Djiku,
9,Stefan Mitrović,https://fbref.com/en/players/e6777e6b/Stefan-Mitrovic,13,13,rs SRB,CB,30-268,90,61,6,36,24,1,1,61,0,0,,0,,35,177,119,1,0,0,1,0,41,0,https://fbref.com/en/players/e6777e6b/Stefan-Mitrovic-Stefan Mitrović,
10,Frederic Guilbert,https://fbref.com/en/players/5d8d7454/Frederic-Guilbert,4,4,fr FRA,RB,26-052,90,72,2,18,34,21,1,72,1,0,0.0,1,100.0,29,131,69,1,1,0,0,0,41,2,https://fbref.com/en/players/5d8d7454/Frederic-Guilbert-Frederic Guilbert,
11,Eiji Kawashima,https://fbref.com/en/players/a4527d33/Eiji-Kawashima,16,16,jp JPN,GK,37-331,90,31,26,31,0,0,0,31,0,0,,0,,19,93,27,0,0,0,0,0,17,0,https://fbref.com/en/players/a4527d33/Eiji-Kawashima-Eiji Kawashima,
