,Player Name,Player Number,Player,#,Nation,Pos,Age,Min,Gls,Ast,PK,PKatt,Sh,SoT,CrdY,CrdR,Touches,Tkl,Int,Blocks,xG,npxG,xAG,SCA,GCA,Cmp,Att,Cmp%,PrgP,Carries,PrgC,Att,Succ,Player Key,Player Link
0,Darwin Núñez,https://fbref.com/en/players/4d77b365/Darwin-Nunez,9,9,uy URU,FW,21-102,87,0,1,0,0,3,1,0,0,21,0,0,0,0.5,0.5,0.6,4,2,7,11,63.6,1,12,1,3,3,https://fbref.com/en/players/4d77b365/Darwin-Nunez-Darwin Núñez,
1,Chiquinho,https://fbref.com/en/players/262e5a82/Chiquinho,19,19,pt POR,FW,25-077,3,0,0,0,0,0,0,0,0,6,0,0,0,0.0,0.0,0.0,0,0,4,5,80.0,0,1,0,0,0,https://fbref.com/en/players/262e5a82/Chiquinho-Chiquinho,
2,Luca Waldschmidt,https://fbref.com/en/players/e5a35ae9/Luca-Waldschmidt,10,10,de GER,FW,24-138,54,0,0,0,0,1,1,0,0,18,0,0,0,0.1,0.1,0.4,2,0,10,16,62.5,4,10,5,1,1,https://fbref.com/en/players/e5a35ae9/Luca-Waldschmidt-Luca Waldschmidt,
3,Haris Seferović,https://fbref.com/en/players/a45eac1f/Haris-Seferovic,14,14,ch SUI,FW,28-225,36,2,0,0,0,2,2,0,0,17,0,0,0,1.0,1.0,0.0,1,0,5,11,45.5,0,9,1,1,0,https://fbref.com/en/players/a45eac1f/Haris-Seferovic-Haris Seferović,
4,Everton Soares,https://fbref.com/en/players/b1cbc666/Everton-Soares,7,7,br BRA,LM,24-196,90,0,0,0,0,1,1,0,0,39,3,0,0,0.1,0.1,0.0,3,0,17,26,65.4,4,19,1,6,2,https://fbref.com/en/players/b1cbc666/Everton-Soares-Everton Soares,
5,Gabriel,https://fbref.com/en/players/0d10333c/Gabriel,8,8,br BRA,CM,27-016,54,0,0,0,0,0,0,1,0,59,1,3,0,0.0,0.0,0.0,1,0,43,50,86.0,7,35,0,3,3,https://fbref.com/en/players/0d10333c/Gabriel-Gabriel,
6,Julian Weigl,https://fbref.com/en/players/346d51d9/Julian-Weigl,28,28,de GER,CM,25-026,36,0,0,0,0,0,0,0,0,45,1,1,1,0.0,0.0,0.0,1,0,30,37,81.1,4,21,0,1,1,https://fbref.com/en/players/346d51d9/Julian-Weigl-Julian Weigl,
7,Pizzi,https://fbref.com/en/players/96094cbc/Pizzi,21,21,pt POR,CM,30-364,90,1,0,0,0,2,1,0,0,92,2,0,1,0.2,0.2,0.0,2,0,65,80,81.3,7,46,0,1,1,https://fbref.com/en/players/96094cbc/Pizzi-Pizzi,
8,Rafa Silva,https://fbref.com/en/players/70cf63ca/Rafa-Silva,27,27,pt POR,RM,27-140,54,0,1,0,0,0,0,0,0,25,1,3,2,0.0,0.0,0.2,3,2,11,18,61.1,2,18,3,3,2,https://fbref.com/en/players/70cf63ca/Rafa-Silva-Rafa Silva,
9,Pedrinho,https://fbref.com/en/players/6796e284/Pedrinho,38,38,br BRA,RM,22-174,36,0,0,0,0,2,1,0,0,33,0,0,1,0.1,0.1,0.0,0,0,21,24,87.5,1,23,0,0,0,https://fbref.com/en/players/6796e284/Pedrinho-Pedrinho,
10,Álex Grimaldo,https://fbref.com/en/players/b1f4086c/Alex-Grimaldo,3,3,es ESP,LB,25-014,90,0,1,0,0,0,0,0,0,59,3,0,1,0.0,0.0,0.5,2,1,40,49,81.6,4,29,0,1,0,https://fbref.com/en/players/b1f4086c/Alex-Grimaldo-Álex Grimaldo,
11,Jardel,https://fbref.com/en/players/ce9e8024/Jardel,33,33,br BRA,CB,34-189,73,0,0,0,0,0,0,0,0,70,0,3,2,0.0,0.0,0.0,0,0,49,61,80.3,3,38,2,0,0,https://fbref.com/en/players/ce9e8024/Jardel-Jardel,
12,Francisco Reis Ferreira,https://fbref.com/en/players/4b3c863f/Francisco-Reis-Ferreira,97,97,pt POR,CB,23-192,17,0,0,0,0,1,0,0,0,17,1,1,0,0.0,0.0,0.0,1,1,14,14,100.0,5,9,0,0,0,https://fbref.com/en/players/4b3c863f/Francisco-Reis-Ferreira-Francisco Reis Ferreira,
13,Nicolás Otamendi,https://fbref.com/en/players/0d267745/Nicolas-Otamendi,30,30,ar ARG,CB,32-235,90,0,0,0,0,0,0,1,0,72,4,5,1,0.0,0.0,0.0,0,0,53,60,88.3,6,42,2,0,0,https://fbref.com/en/players/0d267745/Nicolas-Otamendi-Nicolás Otamendi,
14,André Almeida,https://fbref.com/en/players/67b3d74b/Andre-Almeida,34,34,pt POR,RB,30-024,90,0,0,0,0,0,0,1,0,83,1,5,1,0.0,0.0,0.1,4,0,61,70,87.1,7,34,2,2,1,https://fbref.com/en/players/67b3d74b/Andre-Almeida-André Almeida,
15,Odisseas Vlachodimos,https://fbref.com/en/players/03df04ff/Odisseas-Vlachodimos,99,99,gr GRE,GK,26-161,90,0,0,0,0,0,0,0,0,44,0,0,0,0.0,0.0,0.0,0,0,21,38,55.3,0,24,0,0,0,https://fbref.com/en/players/03df04ff/Odisseas-Vlachodimos-Odisseas Vlachodimos,
