,Player Name,Player Number,Player,#,Nation,Pos,Age,Min,Touches,Def Pen,Def 3rd,Mid 3rd,Att 3rd,Att Pen,Live,Att,Succ,Succ%,Tkld,Tkld%,Carries,TotDist,PrgDist,PrgC,1/3,CPA,Mis,Dis,Rec,PrgR,Player Key,Player Link
0,Darwin Núñez,https://fbref.com/en/players/4d77b365/Darwin-Nunez,9,9,uy URU,FW,21-102,87,21,1,1,6,14,6,21,3,3,100.0,0,0.0,12,103,23,1,1,1,1,2,15,7,https://fbref.com/en/players/4d77b365/Darwin-Nunez-Darwin Núñez,
1,Chiquinho,https://fbref.com/en/players/262e5a82/Chiquinho,19,19,pt POR,FW,25-077,3,6,0,0,2,4,1,6,0,0,,0,,1,15,5,0,1,0,1,0,2,0,https://fbref.com/en/players/262e5a82/Chiquinho-Chiquinho,
2,Luca Waldschmidt,https://fbref.com/en/players/e5a35ae9/Luca-Waldschmidt,10,10,de GER,FW,24-138,54,18,0,0,8,10,3,18,1,1,100.0,0,0.0,10,100,57,5,1,3,0,0,14,7,https://fbref.com/en/players/e5a35ae9/Luca-Waldschmidt-Luca Waldschmidt,
3,Haris Seferović,https://fbref.com/en/players/a45eac1f/Haris-Seferovic,14,14,ch SUI,FW,28-225,36,17,0,0,6,11,5,17,1,0,0.0,1,100.0,9,41,12,1,0,1,0,1,13,3,https://fbref.com/en/players/a45eac1f/Haris-Seferovic-Haris Seferović,
4,Everton Soares,https://fbref.com/en/players/b1cbc666/Everton-Soares,7,7,br BRA,LM,24-196,90,39,0,0,17,23,4,39,6,2,33.3,4,66.7,19,96,44,1,2,0,2,3,25,7,https://fbref.com/en/players/b1cbc666/Everton-Soares-Everton Soares,
5,Gabriel,https://fbref.com/en/players/0d10333c/Gabriel,8,8,br BRA,CM,27-016,54,59,0,19,37,3,0,59,3,3,100.0,0,0.0,35,213,98,0,0,0,1,1,44,0,https://fbref.com/en/players/0d10333c/Gabriel-Gabriel,
6,Julian Weigl,https://fbref.com/en/players/346d51d9/Julian-Weigl,28,28,de GER,CM,25-026,36,45,2,11,28,6,0,45,1,1,100.0,0,0.0,21,75,33,0,2,0,1,0,27,0,https://fbref.com/en/players/346d51d9/Julian-Weigl-Julian Weigl,
7,Pizzi,https://fbref.com/en/players/96094cbc/Pizzi,21,21,pt POR,CM,30-364,90,92,1,11,52,31,3,92,1,1,100.0,0,0.0,46,145,39,0,3,0,4,0,71,7,https://fbref.com/en/players/96094cbc/Pizzi-Pizzi,
8,Rafa Silva,https://fbref.com/en/players/70cf63ca/Rafa-Silva,27,27,pt POR,RM,27-140,54,25,1,5,11,12,4,25,3,2,66.7,1,33.3,18,154,122,3,2,1,1,2,14,3,https://fbref.com/en/players/70cf63ca/Rafa-Silva-Rafa Silva,
9,Pedrinho,https://fbref.com/en/players/6796e284/Pedrinho,38,38,br BRA,RM,22-174,36,33,1,1,8,25,1,33,0,0,,0,,23,103,33,0,2,0,3,4,30,5,https://fbref.com/en/players/6796e284/Pedrinho-Pedrinho,
10,Álex Grimaldo,https://fbref.com/en/players/b1f4086c/Alex-Grimaldo,3,3,es ESP,LB,25-014,90,59,2,21,23,17,1,59,1,0,0.0,1,100.0,29,157,65,0,2,0,2,1,34,8,https://fbref.com/en/players/b1f4086c/Alex-Grimaldo-Álex Grimaldo,
11,Jardel,https://fbref.com/en/players/ce9e8024/Jardel,33,33,br BRA,CB,34-189,73,70,9,34,37,0,0,70,0,0,,0,,38,228,146,2,0,0,0,0,47,0,https://fbref.com/en/players/ce9e8024/Jardel-Jardel,
12,Francisco Reis Ferreira,https://fbref.com/en/players/4b3c863f/Francisco-Reis-Ferreira,97,97,pt POR,CB,23-192,17,17,1,6,10,1,0,17,0,0,,0,,9,34,17,0,0,0,0,0,12,0,https://fbref.com/en/players/4b3c863f/Francisco-Reis-Ferreira-Francisco Reis Ferreira,
13,Nicolás Otamendi,https://fbref.com/en/players/0d267745/Nicolas-Otamendi,30,30,ar ARG,CB,32-235,90,72,7,34,38,1,0,72,0,0,,0,,42,275,218,2,0,0,1,0,49,1,https://fbref.com/en/players/0d267745/Nicolas-Otamendi-Nicolás Otamendi,
14,André Almeida,https://fbref.com/en/players/67b3d74b/Andre-Almeida,34,34,pt POR,RB,30-024,90,83,5,29,33,24,2,83,2,1,50.0,1,50.0,34,177,92,2,2,0,2,0,36,7,https://fbref.com/en/players/67b3d74b/Andre-Almeida-André Almeida,
15,Odisseas Vlachodimos,https://fbref.com/en/players/03df04ff/Odisseas-Vlachodimos,99,99,gr GRE,GK,26-161,90,44,40,44,0,0,0,44,0,0,,0,,24,72,40,0,0,0,0,0,17,0,https://fbref.com/en/players/03df04ff/Odisseas-Vlachodimos-Odisseas Vlachodimos,
