,Player Name,Player Number,Player,#,Nation,Pos,Age,Min,Touches,Def Pen,Def 3rd,Mid 3rd,Att 3rd,Att Pen,Live,Att,Succ,Succ%,Tkld,Tkld%,Carries,TotDist,PrgDist,PrgC,1/3,CPA,Mis,Dis,Rec,PrgR,Player Key,Player Link
0,Nikola Stojiljković,https://fbref.com/en/players/ca3e2783/Nikola-Stojiljkovic,9,9,rs SRB,FW,28-048,80,26,0,0,12,14,8,26,0,0,,0,,5,12,1,0,0,0,1,1,12,2,https://fbref.com/en/players/ca3e2783/Nikola-Stojiljkovic-Nikola Stojiljković,
1,Patrick,https://fbref.com/en/players/867b60b4/Patrick,19,19,cv CPV,FW,26-296,10,8,0,1,5,3,0,8,2,1,50.0,1,50.0,5,24,11,0,1,0,0,0,4,1,https://fbref.com/en/players/867b60b4/Patrick-Patrick,
2,Ryan Gauld,https://fbref.com/en/players/862e93c2/Ryan-Gauld,23,23,sct SCO,"LW,RW",24-293,90,40,1,6,18,18,4,39,3,1,33.3,2,66.7,24,113,23,0,1,0,0,1,26,8,https://fbref.com/en/players/862e93c2/Ryan-Gauld-Ryan Gauld,
3,Amine Oudrhiri,https://fbref.com/en/players/49c9c79a/Amine-Oudrhiri,5,5,ma MAR,"RW,CM",27-335,90,53,2,16,27,10,2,53,0,0,,0,,34,192,82,1,2,0,0,2,36,1,https://fbref.com/en/players/49c9c79a/Amine-Oudrhiri-Amine Oudrhiri,
4,Fabrício Isidoro,https://fbref.com/en/players/b70ca4b5/Fabricio-Isidoro,14,14,br BRA,CM,28-250,81,51,2,11,29,11,1,51,1,0,0.0,1,100.0,32,186,93,0,2,0,4,0,34,2,https://fbref.com/en/players/b70ca4b5/Fabricio-Isidoro-Fabrício Isidoro,
5,Hugo Seco,https://fbref.com/en/players/68ee9021/Hugo-Seco,7,7,pt POR,CM,32-109,9,6,0,2,2,2,2,6,1,1,100.0,0,0.0,2,3,0,0,0,0,1,1,1,0,https://fbref.com/en/players/68ee9021/Hugo-Seco-Hugo Seco,
6,Claudio Falcão,https://fbref.com/en/players/56077210/Claudio-Falcao,29,29,br BRA,CM,26-093,66,42,2,13,24,6,1,42,2,1,50.0,1,50.0,18,60,20,0,1,0,0,0,24,2,https://fbref.com/en/players/56077210/Claudio-Falcao-Claudio Falcão,
7,Braian Mansilla,https://fbref.com/en/players/e4c37819/Braian-Mansilla,11,11,ar ARG,"LW,RW,CM",23-171,24,13,0,5,7,3,0,13,2,0,0.0,2,100.0,7,53,32,0,0,0,1,2,7,0,https://fbref.com/en/players/e4c37819/Braian-Mansilla-Braian Mansilla,
8,Jonatan Lucca,https://fbref.com/en/players/b04f4533/Jonatan-Lucca,47,47,br BRA,CM,26-124,90,41,1,5,20,16,3,41,3,3,100.0,0,0.0,24,187,118,3,1,1,2,1,26,6,https://fbref.com/en/players/b04f4533/Jonatan-Lucca-Jonatan Lucca,
9,Fábio Alexandre da Silva Nunes,https://fbref.com/en/players/7cfc2860/Fabio-Alexandre-da-Silva-Nunes,92,92,pt POR,LB,28-072,90,82,0,25,36,21,1,82,2,1,50.0,1,50.0,34,149,52,0,1,0,4,0,34,6,https://fbref.com/en/players/7cfc2860/Fabio-Alexandre-da-Silva-Nunes-Fábio Alexandre da Silva Nunes,
10,Cássio,https://fbref.com/en/players/36334180/Cassio,41,41,br BRA,CB,26-275,89,40,2,25,15,1,0,40,0,0,,0,,21,137,55,1,1,0,0,0,25,0,https://fbref.com/en/players/36334180/Cassio-Cássio,
11,Burá,https://fbref.com/en/players/8e72cba8/Bura,13,13,gw GNB,CB,24-287,1,3,1,2,1,0,0,3,0,0,,0,,0,0,0,0,0,0,0,0,0,0,https://fbref.com/en/players/8e72cba8/Bura-Burá,
12,César,https://fbref.com/en/players/4dcde17a/Cesar,4,4,br BRA,CB,27-281,90,53,9,36,16,1,1,53,1,1,100.0,0,0.0,26,131,51,1,0,0,0,0,18,0,https://fbref.com/en/players/4dcde17a/Cesar-César,
13,Alexandre Pinto,https://fbref.com/en/players/b05d8d93/Alexandre-Pinto,78,78,pt POR,RB,22-088,89,48,4,18,17,13,1,48,1,0,0.0,1,100.0,18,120,101,2,0,0,1,0,21,3,https://fbref.com/en/players/b05d8d93/Alexandre-Pinto-Alexandre Pinto,
14,Pedro,https://fbref.com/en/players/17758df6/Pedro,96,96,br BRA,RB,23-331,1,1,0,0,1,0,0,1,0,0,,0,,0,0,0,0,0,0,0,0,1,0,https://fbref.com/en/players/17758df6/Pedro-Pedro,
15,Rafael Defendi,https://fbref.com/en/players/317d3e7b/Rafael-Defendi,12,12,br BRA,GK,36-287,90,43,35,43,0,0,0,43,0,0,,0,,33,224,125,0,0,0,0,0,19,0,https://fbref.com/en/players/317d3e7b/Rafael-Defendi-Rafael Defendi,
