,Player Name,Player Number,Player,#,Nation,Pos,Age,Min,CrdY,CrdR,2CrdY,Fls,Fld,Off,Crs,Int,TklW,PKwon,PKcon,OG,Recov,Won,Lost,Won%,Player Key,Player Link
0,Nikola Stojiljković,https://fbref.com/en/players/ca3e2783/Nikola-Stojiljkovic,9,9,rs SRB,FW,28-048,80,0,0,0,3,1,1,1,0,1,1,0,0,2,6,9,40.0,https://fbref.com/en/players/ca3e2783/Nikola-Stojiljkovic-Nikola Stojiljković,
1,Patrick,https://fbref.com/en/players/867b60b4/Patrick,19,19,cv CPV,FW,26-296,10,0,0,0,1,0,0,0,0,0,0,0,0,1,1,0,100.0,https://fbref.com/en/players/867b60b4/Patrick-Patrick,
2,Ryan Gauld,https://fbref.com/en/players/862e93c2/Ryan-Gauld,23,23,sct SCO,"LW,RW",24-293,90,0,0,0,0,1,2,3,0,0,0,0,0,6,1,1,50.0,https://fbref.com/en/players/862e93c2/Ryan-Gauld-Ryan Gauld,
3,Amine Oudrhiri,https://fbref.com/en/players/49c9c79a/Amine-Oudrhiri,5,5,ma MAR,"RW,CM",27-335,90,0,0,0,0,0,0,2,0,1,0,0,0,8,2,0,100.0,https://fbref.com/en/players/49c9c79a/Amine-Oudrhiri-Amine Oudrhiri,
4,Fabrício Isidoro,https://fbref.com/en/players/b70ca4b5/Fabricio-Isidoro,14,14,br BRA,CM,28-250,81,0,0,0,1,2,0,0,4,1,0,0,0,3,0,1,0.0,https://fbref.com/en/players/b70ca4b5/Fabricio-Isidoro-Fabrício Isidoro,
5,Hugo Seco,https://fbref.com/en/players/68ee9021/Hugo-Seco,7,7,pt POR,CM,32-109,9,0,0,0,0,0,0,0,0,0,0,0,0,0,0,0,,https://fbref.com/en/players/68ee9021/Hugo-Seco-Hugo Seco,
6,Claudio Falcão,https://fbref.com/en/players/56077210/Claudio-Falcao,29,29,br BRA,CM,26-093,66,0,0,0,1,0,0,1,1,4,0,0,0,4,2,0,100.0,https://fbref.com/en/players/56077210/Claudio-Falcao-Claudio Falcão,
7,Braian Mansilla,https://fbref.com/en/players/e4c37819/Braian-Mansilla,11,11,ar ARG,"LW,RW,CM",23-171,24,0,0,0,0,0,0,0,0,1,0,0,0,3,1,0,100.0,https://fbref.com/en/players/e4c37819/Braian-Mansilla-Braian Mansilla,
8,Jonatan Lucca,https://fbref.com/en/players/b04f4533/Jonatan-Lucca,47,47,br BRA,CM,26-124,90,0,0,0,1,1,0,4,3,1,0,0,0,3,2,1,66.7,https://fbref.com/en/players/b04f4533/Jonatan-Lucca-Jonatan Lucca,
9,Fábio Alexandre da Silva Nunes,https://fbref.com/en/players/7cfc2860/Fabio-Alexandre-da-Silva-Nunes,92,92,pt POR,LB,28-072,90,1,0,0,1,3,0,3,2,0,0,0,0,11,2,4,33.3,https://fbref.com/en/players/7cfc2860/Fabio-Alexandre-da-Silva-Nunes-Fábio Alexandre da Silva Nunes,
10,Cássio,https://fbref.com/en/players/36334180/Cassio,41,41,br BRA,CB,26-275,89,1,0,0,1,1,0,1,1,0,0,0,0,4,0,0,,https://fbref.com/en/players/36334180/Cassio-Cássio,
11,Burá,https://fbref.com/en/players/8e72cba8/Bura,13,13,gw GNB,CB,24-287,1,0,0,0,0,0,0,0,0,0,0,0,0,0,0,0,,https://fbref.com/en/players/8e72cba8/Bura-Burá,
12,César,https://fbref.com/en/players/4dcde17a/Cesar,4,4,br BRA,CB,27-281,90,1,0,0,1,0,0,0,5,1,0,0,0,9,3,0,100.0,https://fbref.com/en/players/4dcde17a/Cesar-César,
13,Alexandre Pinto,https://fbref.com/en/players/b05d8d93/Alexandre-Pinto,78,78,pt POR,RB,22-088,89,0,0,0,1,1,1,1,1,2,0,0,0,4,1,0,100.0,https://fbref.com/en/players/b05d8d93/Alexandre-Pinto-Alexandre Pinto,
14,Pedro,https://fbref.com/en/players/17758df6/Pedro,96,96,br BRA,RB,23-331,1,0,0,0,0,0,0,0,0,0,0,0,0,0,0,0,,https://fbref.com/en/players/17758df6/Pedro-Pedro,
15,Rafael Defendi,https://fbref.com/en/players/317d3e7b/Rafael-Defendi,12,12,br BRA,GK,36-287,90,0,0,0,0,0,0,0,0,0,0,0,0,0,1,0,100.0,https://fbref.com/en/players/317d3e7b/Rafael-Defendi-Rafael Defendi,
