,Minute,Player,Squad,xG,PSxG,Outcome,Distance,Body Part,Notes,SCA 1 Player,SCA 1 Event,SCA 2 Player,SCA 2 Event
0,4,Amine Oudrhiri,Farense,0.07,0.03,Saved,5,Head,,Fabrício Isidoro,Fouled,,
1,4,César,Farense,0.25,0.57,Saved,4,Head,,Amine Oudrhiri,Shot,,
2,6,Jonatan Lucca,Farense,0.04,0.09,Saved,20,Right Foot,,Alexandre Pinto,Pass (Live),Rafael Defendi,Pass (Live)
3,8,Darwin Núñez,Benfica,0.41,0.29,Saved,11,Right Foot,,Luca Waldschmidt,Pass (Live),Everton Soares,Pass (Live)
4,8,Luca Waldschmidt,Benfica,0.05,0.09,Saved,19,Left Foot,,Luca Waldschmidt,Take-On,Rafa Silva,Pass (Live)
5,12,Darwin Núñez,Benfica,0.03,,Off Target,30,Right Foot,,Gabriel,Pass (Live),André Almeida,Pass (Live)
6,14,Pizzi,Benfica,0.04,,Off Target,24,Right Foot,,Everton Soares,Pass (Live),Álex Grimaldo,Pass (Dead)
7,15,Pizzi,Benfica,0.12,0.05,Goal,17,Right Foot,Deflected,Rafa Silva,Pass (Live),Rafa Silva,Interception
8,19,Nikola Stojiljković,Farense,0.06,,Blocked,17,Right Foot,,Jonatan Lucca,Pass (Live),Amine Oudrhiri,Pass (Live)
9,21,Everton Soares,Benfica,0.12,0.21,Saved,17,Right Foot,,Darwin Núñez,Pass (Live),Everton Soares,Pass (Live)
10,27,Nikola Stojiljković,Farense,0.04,0.25,Saved,12,Head,,Ryan Gauld,Pass (Live),Fabrício Isidoro,Pass (Live)
11,28,Nikola Stojiljković,Farense,0.04,,Off Target,17,Head,,Cássio,Pass (Live),Claudio Falcão,Pass (Live)
12,35,Nikola Stojiljković,Farense,0.30,0.20,Saved,13,Right Foot,,,,,
13,41,Claudio Falcão,Farense,0.06,,Blocked,8,Head,,Jonatan Lucca,Pass (Dead),Fábio Alexandre da Silva Nunes,Fouled
14,,,,,,,,,,,,,
15,48,Fabrício Isidoro,Farense,0.03,,Off Target,30,Right Foot,,Ryan Gauld,Pass (Live),Fábio Alexandre da Silva Nunes,Pass (Live)
16,54,Ryan Gauld(pen),Farense,0.79,0.99,Saved,13,Left Foot,,Nikola Stojiljković,Fouled,,
17,54,Jonatan Lucca,Farense,0.31,0.71,Goal,9,Head,,Ryan Gauld,Pass (Dead),Ryan Gauld,Shot
18,55,Pedrinho,Benfica,0.02,,Blocked,37,Left Foot,,André Almeida,Pass (Live),Pizzi,Pass (Live)
19,58,Alexandre Pinto,Farense,0.06,,Blocked,15,Right Foot,,Jonatan Lucca,Pass (Live),Claudio Falcão,Pass (Live)
20,61,Nikola Stojiljković,Farense,0.13,0.38,Saved,7,Head,,Alexandre Pinto,Pass (Live),Jonatan Lucca,Pass (Live)
21,76,Pedrinho,Benfica,0.03,0.44,Saved,24,Left Foot,,André Almeida,Pass (Live),Julian Weigl,Pass (Live)
22,79,Haris Seferović,Benfica,0.49,0.73,Goal,6,Head,,Álex Grimaldo,Pass (Live),Francisco Reis Ferreira,Pass (Live)
23,84,Darwin Núñez,Benfica,0.05,,Blocked,20,Right Foot,,Darwin Núñez,Take-On,André Almeida,Pass (Live)
24,87,Haris Seferović,Benfica,0.49,0.97,Goal,13,Left Foot,,Darwin Núñez,Pass (Live),Darwin Núñez,Take-On
25,90+4,Francisco Reis Ferreira,Benfica,0.03,,Blocked,22,Right Foot,,Pizzi,Take-On,Haris Seferović,Pass (Live)
26,90+5,Patrick,Farense,0.25,0.37,Goal,20,Right Foot,,,,,
