,Player Name,Player Number,Player,#,Nation,Pos,Age,Min,Touches,Def Pen,Def 3rd,Mid 3rd,Att 3rd,Att Pen,Live,Att,Succ,Succ%,Tkld,Tkld%,Carries,TotDist,PrgDist,PrgC,1/3,CPA,Mis,Dis,Rec,PrgR,Player Key,Player Link
0,Memphis,https://fbref.com/en/players/8f696594/Memphis,10,10,nl NED,FW,26-339,90,44,0,0,11,33,8,44,5,1,20.0,4,80.0,27,172,108,6,2,4,3,4,33,13,https://fbref.com/en/players/8f696594/Memphis-Memphis,
1,Karl Toko Ekambi,https://fbref.com/en/players/5ceba7fc/Karl-Toko-Ekambi,7,7,cm CMR,LW,28-125,75,38,0,3,19,16,5,38,4,2,50.0,2,50.0,30,176,56,2,1,1,1,0,36,9,https://fbref.com/en/players/5ceba7fc/Karl-Toko-Ekambi-Karl Toko Ekambi,
2,Rayan Cherki,https://fbref.com/en/players/b34c63a5/Rayan-Cherki,18,18,fr FRA,LW,17-153,15,12,0,0,7,7,1,12,1,1,100.0,0,0.0,10,90,50,2,2,0,0,1,10,0,https://fbref.com/en/players/b34c63a5/Rayan-Cherki-Rayan Cherki,
3,Tino Kadewere,https://fbref.com/en/players/7d08063d/Tino-Kadewere,11,11,zw ZIM,RW,25-012,76,36,1,2,10,24,5,36,2,1,50.0,1,50.0,29,147,69,1,0,0,3,4,29,12,https://fbref.com/en/players/7d08063d/Tino-Kadewere-Tino Kadewere,
4,Islam Slimani,https://fbref.com/en/players/ffec9769/Islam-Slimani,20,20,dz ALG,RW,32-213,14,11,0,0,5,6,2,11,0,0,,0,,5,6,2,0,0,0,0,0,8,3,https://fbref.com/en/players/ffec9769/Islam-Slimani-Islam Slimani,
5,Maxence Caqueret,https://fbref.com/en/players/f81ef10d/Maxence-Caqueret,25,25,fr FRA,LM,20-337,89,67,1,11,39,17,0,67,1,1,100.0,0,0.0,33,182,85,0,0,0,3,2,45,3,https://fbref.com/en/players/f81ef10d/Maxence-Caqueret-Maxence Caqueret,
6,Bruno Guimarães,https://fbref.com/en/players/82518f62/Bruno-Guimaraes,39,39,br BRA,LM,23-062,1,2,0,0,1,1,0,2,0,0,,0,,2,16,7,0,0,0,0,0,2,0,https://fbref.com/en/players/82518f62/Bruno-Guimaraes-Bruno Guimarães,
7,Thiago Mendes,https://fbref.com/en/players/c6e5d20f/Thiago-Mendes,23,23,br BRA,CM,28-308,90,66,0,6,51,9,4,66,1,0,0.0,1,100.0,49,150,46,0,0,0,1,2,48,4,https://fbref.com/en/players/c6e5d20f/Thiago-Mendes-Thiago Mendes,
8,Lucas Paquetá,https://fbref.com/en/players/9b6f7fd5/Lucas-Paqueta,12,12,br BRA,RM,23-143,67,52,1,6,31,15,2,52,2,1,50.0,1,50.0,31,151,51,0,0,0,0,2,37,5,https://fbref.com/en/players/9b6f7fd5/Lucas-Paqueta-Lucas Paquetá,
9,Houssem Aouar,https://fbref.com/en/players/a5db0bec/Houssem-Aouar,8,8,dz ALG,RM,22-201,23,17,0,0,8,9,1,17,1,0,0.0,1,100.0,15,107,38,1,1,1,1,2,17,5,https://fbref.com/en/players/a5db0bec/Houssem-Aouar-Houssem Aouar,
10,Mattia De Sciglio,https://fbref.com/en/players/ae4e2852/Mattia-De-Sciglio,22,22,it ITA,LB,28-089,67,57,3,13,31,13,1,57,2,1,50.0,1,50.0,29,98,43,1,1,0,0,1,29,6,https://fbref.com/en/players/ae4e2852/Mattia-De-Sciglio-Mattia De Sciglio,
11,Maxwel Cornet,https://fbref.com/en/players/beb391dd/Maxwel-Cornet,27,27,ci CIV,LB,24-112,23,27,2,9,11,7,1,27,0,0,,0,,8,53,21,1,0,1,1,1,7,0,https://fbref.com/en/players/beb391dd/Maxwel-Cornet-Maxwel Cornet,
12,Jason Denayer,https://fbref.com/en/players/47af88b8/Jason-Denayer,5,5,be BEL,CB,25-203,90,73,7,32,39,4,0,73,1,1,100.0,0,0.0,55,377,299,3,3,0,0,0,47,0,https://fbref.com/en/players/47af88b8/Jason-Denayer-Jason Denayer,
13,Marcelo,https://fbref.com/en/players/e3d0b0c4/Marcelo,6,6,br BRA,CB,33-242,90,86,4,34,48,4,4,86,0,0,,0,,69,416,314,1,0,0,1,0,70,0,https://fbref.com/en/players/e3d0b0c4/Marcelo-Marcelo,
14,Leo Dubois,https://fbref.com/en/players/ff0ab48c/Leo-Dubois,14,14,fr FRA,RB,26-125,90,83,4,22,32,29,4,83,3,3,100.0,0,0.0,51,273,194,5,0,3,2,0,55,5,https://fbref.com/en/players/ff0ab48c/Leo-Dubois-Leo Dubois,
15,Anthony Lopes,https://fbref.com/en/players/f00de885/Anthony-Lopes,1,1,pt POR,GK,30-108,90,35,24,34,1,0,0,35,0,0,,0,,23,134,91,0,0,0,0,0,13,0,https://fbref.com/en/players/f00de885/Anthony-Lopes-Anthony Lopes,
