,Player Name,Player Number,Player,#,Nation,Pos,Age,Min,Att,Live,Dead,FK,TB,Sw,Crs,TI,CK,In,Out,Str,Cmp,Off,Blocks,Player Key,Player Link
0,Memphis,https://fbref.com/en/players/8f696594/Memphis,10,10,nl NED,FW,26-339,90,32,23,9,3,1,0,7,0,6,4,0,0,20,0,0,https://fbref.com/en/players/8f696594/Memphis-Memphis,
1,Karl Toko Ekambi,https://fbref.com/en/players/5ceba7fc/Karl-Toko-Ekambi,7,7,cm CMR,LW,28-125,75,30,30,0,0,0,0,1,0,0,0,0,0,25,0,0,https://fbref.com/en/players/5ceba7fc/Karl-Toko-Ekambi-Karl Toko Ekambi,
2,Rayan Cherki,https://fbref.com/en/players/b34c63a5/Rayan-Cherki,18,18,fr FRA,LW,17-153,15,11,11,0,0,0,0,0,0,0,0,0,0,9,0,0,https://fbref.com/en/players/b34c63a5/Rayan-Cherki-Rayan Cherki,
3,Tino Kadewere,https://fbref.com/en/players/7d08063d/Tino-Kadewere,11,11,zw ZIM,RW,25-012,76,22,22,0,0,0,0,2,0,0,0,0,0,18,0,0,https://fbref.com/en/players/7d08063d/Tino-Kadewere-Tino Kadewere,
4,Islam Slimani,https://fbref.com/en/players/ffec9769/Islam-Slimani,20,20,dz ALG,RW,32-213,14,11,9,2,0,0,0,0,1,0,0,0,0,7,0,1,https://fbref.com/en/players/ffec9769/Islam-Slimani-Islam Slimani,
5,Maxence Caqueret,https://fbref.com/en/players/f81ef10d/Maxence-Caqueret,25,25,fr FRA,LM,20-337,89,57,57,0,0,0,0,0,0,0,0,0,0,49,0,3,https://fbref.com/en/players/f81ef10d/Maxence-Caqueret-Maxence Caqueret,
6,Bruno Guimarães,https://fbref.com/en/players/82518f62/Bruno-Guimaraes,39,39,br BRA,LM,23-062,1,2,2,0,0,0,0,0,0,0,0,0,0,2,0,0,https://fbref.com/en/players/82518f62/Bruno-Guimaraes-Bruno Guimarães,
7,Thiago Mendes,https://fbref.com/en/players/c6e5d20f/Thiago-Mendes,23,23,br BRA,CM,28-308,90,59,57,1,1,0,0,0,0,0,0,0,0,49,1,0,https://fbref.com/en/players/c6e5d20f/Thiago-Mendes-Thiago Mendes,
8,Lucas Paquetá,https://fbref.com/en/players/9b6f7fd5/Lucas-Paqueta,12,12,br BRA,RM,23-143,67,42,40,2,1,0,0,2,0,0,0,0,0,33,0,2,https://fbref.com/en/players/9b6f7fd5/Lucas-Paqueta-Lucas Paquetá,
9,Houssem Aouar,https://fbref.com/en/players/a5db0bec/Houssem-Aouar,8,8,dz ALG,RM,22-201,23,14,14,0,0,0,0,0,0,0,0,0,0,11,0,1,https://fbref.com/en/players/a5db0bec/Houssem-Aouar-Houssem Aouar,
10,Mattia De Sciglio,https://fbref.com/en/players/ae4e2852/Mattia-De-Sciglio,22,22,it ITA,LB,28-089,67,50,38,12,1,0,1,1,11,0,0,0,0,43,0,1,https://fbref.com/en/players/ae4e2852/Mattia-De-Sciglio-Mattia De Sciglio,
11,Maxwel Cornet,https://fbref.com/en/players/beb391dd/Maxwel-Cornet,27,27,ci CIV,LB,24-112,23,15,11,4,0,0,0,0,4,0,0,0,0,12,0,0,https://fbref.com/en/players/beb391dd/Maxwel-Cornet-Maxwel Cornet,
12,Jason Denayer,https://fbref.com/en/players/47af88b8/Jason-Denayer,5,5,be BEL,CB,25-203,90,67,66,1,1,0,0,0,0,0,0,0,0,60,0,0,https://fbref.com/en/players/47af88b8/Jason-Denayer-Jason Denayer,
13,Marcelo,https://fbref.com/en/players/e3d0b0c4/Marcelo,6,6,br BRA,CB,33-242,90,78,77,1,1,0,1,0,0,0,0,0,0,68,0,0,https://fbref.com/en/players/e3d0b0c4/Marcelo-Marcelo,
14,Leo Dubois,https://fbref.com/en/players/ff0ab48c/Leo-Dubois,14,14,fr FRA,RB,26-125,90,75,64,11,2,0,0,10,6,3,0,2,0,52,0,4,https://fbref.com/en/players/ff0ab48c/Leo-Dubois-Leo Dubois,
15,Anthony Lopes,https://fbref.com/en/players/f00de885/Anthony-Lopes,1,1,pt POR,GK,30-108,90,33,27,6,1,0,0,0,0,0,0,0,0,31,0,0,https://fbref.com/en/players/f00de885/Anthony-Lopes-Anthony Lopes,
