,Player Name,Player Number,Player,#,Nation,Pos,Age,Min,Gls,Ast,PK,PKatt,Sh,SoT,CrdY,CrdR,Touches,Tkl,Int,Blocks,xG,npxG,xAG,SCA,GCA,Cmp,Att,Cmp%,PrgP,Carries,PrgC,Att,Succ,Player Key,Player Link
0,Memphis,https://fbref.com/en/players/8f696594/Memphis,10,10,nl NED,FW,26-339,90,0,0,0,0,4,1,0,0,44,0,0,1,0.2,0.2,0.2,7,0,20,32,62.5,4,27,6,5,1,https://fbref.com/en/players/8f696594/Memphis-Memphis,
1,Karl Toko Ekambi,https://fbref.com/en/players/5ceba7fc/Karl-Toko-Ekambi,7,7,cm CMR,LW,28-125,75,0,0,0,0,3,1,0,0,38,0,0,0,0.2,0.2,0.0,4,0,25,30,83.3,1,30,2,4,2,https://fbref.com/en/players/5ceba7fc/Karl-Toko-Ekambi-Karl Toko Ekambi,
2,Rayan Cherki,https://fbref.com/en/players/b34c63a5/Rayan-Cherki,18,18,fr FRA,LW,17-153,15,0,0,0,0,1,0,0,0,12,0,0,0,0.1,0.1,0.0,1,0,9,11,81.8,3,10,2,1,1,https://fbref.com/en/players/b34c63a5/Rayan-Cherki-Rayan Cherki,
3,Tino Kadewere,https://fbref.com/en/players/7d08063d/Tino-Kadewere,11,11,zw ZIM,RW,25-012,76,0,0,0,0,3,0,0,0,36,0,1,1,0.2,0.2,0.1,5,0,18,22,81.8,4,29,1,2,1,https://fbref.com/en/players/7d08063d/Tino-Kadewere-Tino Kadewere,
4,Islam Slimani,https://fbref.com/en/players/ffec9769/Islam-Slimani,20,20,dz ALG,RW,32-213,14,0,0,0,0,0,0,0,0,11,0,0,0,0.0,0.0,0.4,1,0,7,11,63.6,0,5,0,0,0,https://fbref.com/en/players/ffec9769/Islam-Slimani-Islam Slimani,
5,Maxence Caqueret,https://fbref.com/en/players/f81ef10d/Maxence-Caqueret,25,25,fr FRA,LM,20-337,89,0,0,0,0,1,0,0,0,67,4,2,1,0.0,0.0,0.1,8,0,49,57,86.0,9,33,0,1,1,https://fbref.com/en/players/f81ef10d/Maxence-Caqueret-Maxence Caqueret,
6,Bruno Guimarães,https://fbref.com/en/players/82518f62/Bruno-Guimaraes,39,39,br BRA,LM,23-062,1,0,0,0,0,0,0,0,0,2,0,0,0,0.0,0.0,0.0,0,0,2,2,100.0,0,2,0,0,0,https://fbref.com/en/players/82518f62/Bruno-Guimaraes-Bruno Guimarães,
7,Thiago Mendes,https://fbref.com/en/players/c6e5d20f/Thiago-Mendes,23,23,br BRA,CM,28-308,90,0,0,0,0,2,1,0,0,66,1,0,0,0.1,0.1,0.0,2,0,49,59,83.1,11,49,0,1,0,https://fbref.com/en/players/c6e5d20f/Thiago-Mendes-Thiago Mendes,
8,Lucas Paquetá,https://fbref.com/en/players/9b6f7fd5/Lucas-Paqueta,12,12,br BRA,RM,23-143,67,0,0,0,0,1,0,0,0,52,2,2,0,0.0,0.0,0.2,3,0,33,42,78.6,5,31,0,2,1,https://fbref.com/en/players/9b6f7fd5/Lucas-Paqueta-Lucas Paquetá,
9,Houssem Aouar,https://fbref.com/en/players/a5db0bec/Houssem-Aouar,8,8,dz ALG,RM,22-201,23,0,0,0,0,1,1,0,0,17,0,0,0,0.4,0.4,0.0,1,0,11,14,78.6,2,15,1,1,0,https://fbref.com/en/players/a5db0bec/Houssem-Aouar-Houssem Aouar,
10,Mattia De Sciglio,https://fbref.com/en/players/ae4e2852/Mattia-De-Sciglio,22,22,it ITA,LB,28-089,67,0,0,0,0,0,0,0,0,57,2,0,3,0.0,0.0,0.0,1,0,43,50,86.0,4,29,1,2,1,https://fbref.com/en/players/ae4e2852/Mattia-De-Sciglio-Mattia De Sciglio,
11,Maxwel Cornet,https://fbref.com/en/players/beb391dd/Maxwel-Cornet,27,27,ci CIV,LB,24-112,23,0,0,0,0,1,1,0,0,27,3,0,1,0.0,0.0,0.0,2,0,12,15,80.0,4,8,1,0,0,https://fbref.com/en/players/beb391dd/Maxwel-Cornet-Maxwel Cornet,
12,Jason Denayer,https://fbref.com/en/players/47af88b8/Jason-Denayer,5,5,be BEL,CB,25-203,90,0,0,0,0,0,0,0,0,73,0,0,3,0.0,0.0,0.0,2,0,60,67,89.6,5,55,3,1,1,https://fbref.com/en/players/47af88b8/Jason-Denayer-Jason Denayer,
13,Marcelo,https://fbref.com/en/players/e3d0b0c4/Marcelo,6,6,br BRA,CB,33-242,90,0,0,0,0,3,0,0,0,86,0,0,3,0.3,0.3,0.0,2,0,68,78,87.2,8,69,1,0,0,https://fbref.com/en/players/e3d0b0c4/Marcelo-Marcelo,
14,Leo Dubois,https://fbref.com/en/players/ff0ab48c/Leo-Dubois,14,14,fr FRA,RB,26-125,90,0,0,0,0,3,0,1,0,83,0,0,0,0.1,0.1,0.1,3,0,52,75,69.3,4,51,5,3,3,https://fbref.com/en/players/ff0ab48c/Leo-Dubois-Leo Dubois,
15,Anthony Lopes,https://fbref.com/en/players/f00de885/Anthony-Lopes,1,1,pt POR,GK,30-108,90,0,0,0,0,0,0,0,0,35,0,0,0,0.0,0.0,0.0,0,0,31,33,93.9,1,23,0,0,0,https://fbref.com/en/players/f00de885/Anthony-Lopes-Anthony Lopes,
