,Player Name,Player Number,Player,#,Nation,Pos,Age,Min,Touches,Def Pen,Def 3rd,Mid 3rd,Att 3rd,Att Pen,Live,Att,Succ,Succ%,Tkld,Tkld%,Carries,TotDist,PrgDist,PrgC,1/3,CPA,Mis,Dis,Rec,PrgR,Player Key,Player Link
0,Vagner Gonçalves,https://fbref.com/en/players/743fd71f/Vagner-Goncalves,27,27,cv CPV,FW,25-007,60,20,0,0,14,6,1,20,1,1,100.0,0,0.0,14,40,2,0,0,0,5,0,16,4,https://fbref.com/en/players/743fd71f/Vagner-Goncalves-Vagner Gonçalves,
1,Papa Ndiaga Yade,https://fbref.com/en/players/87e9c7cd/Papa-Ndiaga-Yade,26,26,mr MTN,FW,21-012,30,17,0,0,9,8,1,17,2,2,100.0,0,0.0,8,84,44,2,1,0,1,1,11,3,https://fbref.com/en/players/87e9c7cd/Papa-Ndiaga-Yade-Papa Ndiaga Yade,
2,Lamine Gueye,https://fbref.com/en/players/9d5dcc23/Lamine-Gueye,13,13,sn SEN,FW,22-310,60,32,1,6,16,12,3,32,2,2,100.0,0,0.0,21,127,66,3,3,1,0,1,26,5,https://fbref.com/en/players/9d5dcc23/Lamine-Gueye-Lamine Gueye,
3,Aaron Leya Iseka,https://fbref.com/en/players/29ef0f49/Aaron-Leya-Iseka,24,24,be BEL,FW,23-063,30,15,0,0,9,6,2,15,1,1,100.0,0,0.0,7,28,16,0,0,0,0,0,11,3,https://fbref.com/en/players/29ef0f49/Aaron-Leya-Iseka-Aaron Leya Iseka,
4,Farid Boulaya,https://fbref.com/en/players/a0791826/Farid-Boulaya,10,10,dz ALG,AM,27-327,90,40,0,2,20,18,4,40,4,2,50.0,2,50.0,26,193,116,6,4,3,3,3,26,3,https://fbref.com/en/players/a0791826/Farid-Boulaya-Farid Boulaya,
5,Habib Maïga,https://fbref.com/en/players/e768de1f/Habib-Maiga,19,19,ci CIV,CM,25-016,90,46,2,19,19,10,3,46,1,1,100.0,0,0.0,27,140,92,4,2,1,1,2,27,1,https://fbref.com/en/players/e768de1f/Habib-Maiga-Habib Maïga,
6,Victorien Angban,https://fbref.com/en/players/d8992b84/Victorien-Angban,5,5,ci CIV,CM,24-110,75,30,1,9,18,3,1,30,0,0,,0,,18,83,30,0,0,0,0,0,17,0,https://fbref.com/en/players/d8992b84/Victorien-Angban-Victorien Angban,
7,Pape Matar Sarr,https://fbref.com/en/players/feb5d972/Pape-Matar-Sarr,15,15,sn SEN,CM,18-125,15,5,0,0,3,2,0,5,0,0,,0,,4,33,32,1,1,0,0,0,4,0,https://fbref.com/en/players/feb5d972/Pape-Matar-Sarr-Pape Matar Sarr,
8,Thomas Delaine,https://fbref.com/en/players/8332db56/Thomas-Delaine,17,17,fr FRA,WB,28-299,53,24,3,6,8,10,0,24,0,0,,0,,15,179,137,5,4,0,1,0,12,4,https://fbref.com/en/players/8332db56/Thomas-Delaine-Thomas Delaine,
9,Matthieu Udol,https://fbref.com/en/players/cc41f558/Matthieu-Udol,3,3,fr FRA,WB,24-303,37,16,1,10,4,3,1,16,0,0,,0,,5,42,33,0,1,0,0,0,3,0,https://fbref.com/en/players/cc41f558/Matthieu-Udol-Matthieu Udol,
10,Fabien Centonze,https://fbref.com/en/players/3c6bbbab/Fabien-Centonze,18,18,fr FRA,WB,25-001,90,69,10,41,20,9,1,69,2,1,50.0,1,50.0,31,217,115,2,0,0,1,2,26,1,https://fbref.com/en/players/3c6bbbab/Fabien-Centonze-Fabien Centonze,
11,John Boye,https://fbref.com/en/players/861227d2/John-Boye,21,21,gh GHA,CB,33-269,90,34,7,22,12,0,0,34,0,0,,0,,19,63,37,0,0,0,0,0,16,0,https://fbref.com/en/players/861227d2/John-Boye-John Boye,
12,Boubakar Kouyaté,https://fbref.com/en/players/562a4799/Boubakar-Kouyate,23,23,ml MLI,CB,23-277,90,47,10,37,10,0,0,47,0,0,,0,,18,91,56,0,0,0,0,0,12,0,https://fbref.com/en/players/562a4799/Boubakar-Kouyate-Boubakar Kouyaté,
13,Dylan Bronn,https://fbref.com/en/players/edd81e2a/Dylan-Bronn,2,2,tn TUN,CB,25-212,90,47,8,34,12,1,0,47,0,0,,0,,28,109,84,1,0,0,0,0,28,0,https://fbref.com/en/players/edd81e2a/Dylan-Bronn-Dylan Bronn,
14,Alexandre Oukidja,https://fbref.com/en/players/ae7d0ecd/Alexandre-Oukidja,16,16,dz ALG,GK,32-182,90,47,45,47,0,0,0,47,0,0,,0,,18,141,84,0,0,0,0,0,8,0,https://fbref.com/en/players/ae7d0ecd/Alexandre-Oukidja-Alexandre Oukidja,
