,Player Name,Player Number,Player,#,Nation,Pos,Age,Min,Gls,Ast,PK,PKatt,Sh,SoT,CrdY,CrdR,Touches,Tkl,Int,Blocks,xG,npxG,xAG,SCA,GCA,Cmp,Att,Cmp%,PrgP,Carries,PrgC,Att,Succ,Player Key,Player Link
0,Vagner Gonçalves,https://fbref.com/en/players/743fd71f/Vagner-Goncalves,27,27,cv CPV,FW,25-007,60,0,0,0,0,2,0,0,0,20,1,0,0,0.1,0.1,0.0,0,0,7,11,63.6,0,14,0,1,1,https://fbref.com/en/players/743fd71f/Vagner-Goncalves-Vagner Gonçalves,
1,Papa Ndiaga Yade,https://fbref.com/en/players/87e9c7cd/Papa-Ndiaga-Yade,26,26,mr MTN,FW,21-012,30,0,0,0,0,1,0,0,0,17,0,0,0,0.0,0.0,0.1,4,0,7,12,58.3,1,8,2,2,2,https://fbref.com/en/players/87e9c7cd/Papa-Ndiaga-Yade-Papa Ndiaga Yade,
2,Lamine Gueye,https://fbref.com/en/players/9d5dcc23/Lamine-Gueye,13,13,sn SEN,FW,22-310,60,0,0,0,0,4,0,0,0,32,2,1,1,0.3,0.3,0.0,2,0,15,22,68.2,1,21,3,2,2,https://fbref.com/en/players/9d5dcc23/Lamine-Gueye-Lamine Gueye,
3,Aaron Leya Iseka,https://fbref.com/en/players/29ef0f49/Aaron-Leya-Iseka,24,24,be BEL,FW,23-063,30,1,0,0,0,3,1,1,0,15,0,0,0,0.7,0.7,0.0,1,1,5,11,45.5,1,7,0,1,1,https://fbref.com/en/players/29ef0f49/Aaron-Leya-Iseka-Aaron Leya Iseka,
4,Farid Boulaya,https://fbref.com/en/players/a0791826/Farid-Boulaya,10,10,dz ALG,AM,27-327,90,0,1,0,0,2,1,0,0,40,3,0,0,0.1,0.1,0.8,9,1,18,31,58.1,10,26,6,4,2,https://fbref.com/en/players/a0791826/Farid-Boulaya-Farid Boulaya,
5,Habib Maïga,https://fbref.com/en/players/e768de1f/Habib-Maiga,19,19,ci CIV,CM,25-016,90,0,0,0,0,2,0,0,0,46,3,1,0,0.1,0.1,0.1,4,0,29,36,80.6,5,27,4,1,1,https://fbref.com/en/players/e768de1f/Habib-Maiga-Habib Maïga,
6,Victorien Angban,https://fbref.com/en/players/d8992b84/Victorien-Angban,5,5,ci CIV,CM,24-110,75,0,0,0,0,1,0,0,0,30,2,1,0,0.3,0.3,0.0,0,0,21,23,91.3,1,18,0,0,0,https://fbref.com/en/players/d8992b84/Victorien-Angban-Victorien Angban,
7,Pape Matar Sarr,https://fbref.com/en/players/feb5d972/Pape-Matar-Sarr,15,15,sn SEN,CM,18-125,15,0,0,0,0,1,0,0,0,5,0,0,1,0.0,0.0,0.0,1,0,2,3,66.7,0,4,1,0,0,https://fbref.com/en/players/feb5d972/Pape-Matar-Sarr-Pape Matar Sarr,
8,Thomas Delaine,https://fbref.com/en/players/8332db56/Thomas-Delaine,17,17,fr FRA,WB,28-299,53,0,0,0,0,1,0,0,0,24,0,1,3,0.0,0.0,0.1,2,0,9,15,60.0,2,15,5,0,0,https://fbref.com/en/players/8332db56/Thomas-Delaine-Thomas Delaine,
9,Matthieu Udol,https://fbref.com/en/players/cc41f558/Matthieu-Udol,3,3,fr FRA,WB,24-303,37,0,0,0,0,0,0,0,0,16,0,1,1,0.0,0.0,0.3,2,0,6,11,54.5,0,5,0,0,0,https://fbref.com/en/players/cc41f558/Matthieu-Udol-Matthieu Udol,
10,Fabien Centonze,https://fbref.com/en/players/3c6bbbab/Fabien-Centonze,18,18,fr FRA,WB,25-001,90,0,0,0,0,1,1,0,0,69,5,5,2,0.1,0.1,0.0,3,0,36,46,78.3,1,31,2,2,1,https://fbref.com/en/players/3c6bbbab/Fabien-Centonze-Fabien Centonze,
11,John Boye,https://fbref.com/en/players/861227d2/John-Boye,21,21,gh GHA,CB,33-269,90,0,0,0,0,0,0,1,0,34,1,2,4,0.0,0.0,0.0,0,0,19,21,90.5,1,19,0,0,0,https://fbref.com/en/players/861227d2/John-Boye-John Boye,
12,Boubakar Kouyaté,https://fbref.com/en/players/562a4799/Boubakar-Kouyate,23,23,ml MLI,CB,23-277,90,0,0,0,0,0,0,1,0,47,9,4,2,0.0,0.0,0.0,1,0,17,23,73.9,0,18,0,0,0,https://fbref.com/en/players/562a4799/Boubakar-Kouyate-Boubakar Kouyaté,
13,Dylan Bronn,https://fbref.com/en/players/edd81e2a/Dylan-Bronn,2,2,tn TUN,CB,25-212,90,0,0,0,0,0,0,0,0,47,4,0,1,0.0,0.0,0.0,1,0,28,38,73.7,1,28,1,0,0,https://fbref.com/en/players/edd81e2a/Dylan-Bronn-Dylan Bronn,
14,Alexandre Oukidja,https://fbref.com/en/players/ae7d0ecd/Alexandre-Oukidja,16,16,dz ALG,GK,32-182,90,0,0,0,0,0,0,0,0,47,0,0,0,0.0,0.0,0.0,0,0,25,40,62.5,0,18,0,0,0,https://fbref.com/en/players/ae7d0ecd/Alexandre-Oukidja-Alexandre Oukidja,
