,Minute,Player,Squad,xG,PSxG,Outcome,Distance,Body Part,Notes,SCA 1 Player,SCA 1 Event,SCA 2 Player,SCA 2 Event
0,2,Tino Kadewere,Lyon,0.06,,Off Target,10,Head,,Lucas Paquetá,Pass (Live),Memphis,Pass (Live)
1,7,Marcelo,Lyon,0.06,,Off Target,11,Head,,Leo Dubois,Pass (Dead),Tino Kadewere,Pass (Live)
2,18,Marcelo,Lyon,0.14,,Off Target,5,Head,,Tino Kadewere,Fouled,Marcelo,Pass (Live)
3,31,Habib Maïga,Metz,0.08,,Off Target,12,Head,,Farid Boulaya,Pass (Dead),,Fouled
4,36,Karl Toko Ekambi,Lyon,0.05,0.33,Saved,19,Right Foot,,Memphis,Pass (Live),Leo Dubois,Pass (Live)
5,36,Lucas Paquetá,Lyon,0.05,,Blocked,15,Left Foot,,Karl Toko Ekambi,Shot,,
6,36,Thomas Delaine,Metz,0.03,,Off Target,28,Right Foot,,Farid Boulaya,Pass (Live),Lamine Gueye,Pass (Live)
7,37,Karl Toko Ekambi,Lyon,0.07,,Off Target,14,Right Foot,,Memphis,Pass (Live),Jason Denayer,Pass (Live)
8,39,Karl Toko Ekambi,Lyon,0.07,,Off Target,13,Left Foot,,Tino Kadewere,Pass (Live),Maxence Caqueret,Pass (Live)
9,40,Lamine Gueye,Metz,0.02,,Blocked,36,Right Foot,,Fabien Centonze,Pass (Dead),,
10,42,Lamine Gueye,Metz,0.20,,Blocked,8,Right Foot,Volley,Farid Boulaya,Take-On,Thomas Delaine,Pass (Live)
11,42,Lamine Gueye,Metz,0.04,,Blocked,19,Left Foot,,Habib Maïga,Pass (Live),Fabien Centonze,Interception
12,42,Farid Boulaya,Metz,0.05,0.04,Saved,19,Right Foot,,Habib Maïga,Pass (Live),Farid Boulaya,Pass (Live)
13,43,Memphis,Lyon,0.05,,Blocked,13,Right Foot,,Lucas Paquetá,Pass (Live),Marcelo,Pass (Live)
14,43,Thiago Mendes,Lyon,0.02,,Off Target,30,Right Foot,,Maxence Caqueret,Pass (Live),Memphis,Pass (Dead)
15,44,Tino Kadewere,Lyon,0.06,,Off Target,13,Right Foot,Volley,Tino Kadewere,Pass (Live),Thiago Mendes,Pass (Live)
16,45+2,Memphis,Lyon,0.03,,Blocked,27,Left Foot,,Mattia De Sciglio,Pass (Live),Maxence Caqueret,Pass (Live)
17,,,,,,,,,,,,,
18,50,Habib Maïga,Metz,0.06,,Off Target,17,Left Foot,,,,,
19,51,Leo Dubois,Lyon,0.03,,Blocked,28,Right Foot,,Thiago Mendes,Pass (Live),Maxence Caqueret,Pass (Live)
20,51,Vagner Gonçalves,Metz,0.12,,Off Target,15,Left Foot,Volley,Thomas Delaine,Pass (Live),Farid Boulaya,Pass (Live)
21,52,Tino Kadewere,Lyon,0.08,,Blocked,13,Right Foot,,Lucas Paquetá,Pass (Live),Karl Toko Ekambi,Pass (Live)
22,54,Leo Dubois,Lyon,0.03,,Blocked,26,Right Foot,,Tino Kadewere,Shot,,
23,58,Vagner Gonçalves,Metz,0.02,,Off Target,41,Right Foot,,,,,
24,59,Lamine Gueye,Metz,0.04,,Off Target,22,Right Foot,,Lamine Gueye,Take-On,Dylan Bronn,Tackle
25,64,Aaron Leya Iseka,Metz,0.04,,Blocked,22,Right Foot,,Farid Boulaya,Pass (Live),Matthieu Udol,Pass (Live)
26,66,Leo Dubois,Lyon,0.05,,Blocked,21,Left Foot,,Karl Toko Ekambi,Take-On,,
27,67,Victorien Angban,Metz,0.33,,Off Target,5,Right Foot,,Matthieu Udol,Pass (Live),Farid Boulaya,Pass (Live)
28,70,Maxwel Cornet,Lyon,0.03,0.21,Saved,18,Right Foot,,Maxence Caqueret,Pass (Live),Leo Dubois,Pass (Live)
29,70,Marcelo,Lyon,0.07,,Off Target,7,Head,,Memphis,Pass (Dead),Maxwel Cornet,Shot
30,72,Maxence Caqueret,Lyon,0.04,,Off Target,25,Right Foot,,Karl Toko Ekambi,Pass (Live),Jason Denayer,Pass (Live)
31,74,Thiago Mendes,Lyon,0.06,0.08,Saved,11,Right Foot,,Memphis,Pass (Live),Maxence Caqueret,Pass (Live)
32,78,Farid Boulaya,Metz,0.03,,Blocked,26,Left Foot,,Habib Maïga,Pass (Live),Boubakar Kouyaté,Pass (Live)
33,78,Fabien Centonze,Metz,0.10,0.29,Saved,12,Left Foot,,Fabien Centonze,Take-On,Papa Ndiaga Yade,Pass (Live)
34,81,Papa Ndiaga Yade,Metz,0.03,,Blocked,27,Left Foot,,Habib Maïga,Pass (Live),Pape Matar Sarr,Pass (Live)
35,85,Memphis,Lyon,0.05,,Off Target,11,Right Foot,,Maxence Caqueret,Pass (Live),Maxwel Cornet,Pass (Live)
36,85,Houssem Aouar,Lyon,0.40,0.70,Saved,9,Right Foot,,Islam Slimani,Pass (Live),Memphis,Shot
37,85,Rayan Cherki,Lyon,0.05,,Off Target,17,Left Foot,,Houssem Aouar,Shot,,
38,86,Aaron Leya Iseka,Metz,0.34,,Off Target,8,Head,,Farid Boulaya,Pass (Live),Papa Ndiaga Yade,Pass (Live)
39,89,Pape Matar Sarr,Metz,0.03,,Woodwork,31,Right Foot,,Papa Ndiaga Yade,Pass (Live),Papa Ndiaga Yade,Take-On
40,89,Memphis,Lyon,0.04,0.03,Saved,18,Right Foot,Deflected,Rayan Cherki,Pass (Live),Maxence Caqueret,Pass (Live)
41,90,Aaron Leya Iseka,Metz,0.34,0.21,Goal,14,Right Foot,,Aaron Leya Iseka,Take-On,Farid Boulaya,Pass (Live)
