,Player Name,Player Number,Player,#,Nation,Pos,Age,Min,CrdY,CrdR,2CrdY,Fls,Fld,Off,Crs,Int,TklW,PKwon,PKcon,OG,Recov,Won,Lost,Won%,Player Key,Player Link
0,Irvin Cardona,https://fbref.com/en/players/5e080f73/Irvin-Cardona,14,14,fr FRA,FW,23-176,80,0,0,0,1,1,1,4,0,1,0,0,0,3,0,0,,https://fbref.com/en/players/5e080f73/Irvin-Cardona-Irvin Cardona,
1,Jérémy Le Douaron,https://fbref.com/en/players/88c4d190/Jeremy-Le-Douaron,26,26,fr FRA,FW,22-285,10,0,0,0,0,1,0,0,0,0,0,0,0,0,0,0,,https://fbref.com/en/players/88c4d190/Jeremy-Le-Douaron-Jérémy Le Douaron,
2,Steve Mounié,https://fbref.com/en/players/19ba6c6d/Steve-Mounie,15,15,bj BEN,FW,26-124,90,0,0,0,3,1,1,0,0,1,0,0,0,3,5,0,100.0,https://fbref.com/en/players/19ba6c6d/Steve-Mounie-Steve Mounié,
3,Romain Faivre,https://fbref.com/en/players/745ca0a3/Romain-Faivre,21,21,fr FRA,LM,22-201,88,0,0,0,3,1,0,2,0,0,0,0,0,4,0,0,,https://fbref.com/en/players/745ca0a3/Romain-Faivre-Romain Faivre,
4,Gaëtan Charbonnier,https://fbref.com/en/players/18ebca4b/Gaetan-Charbonnier,10,10,fr FRA,LM,32-035,2,0,0,0,0,0,0,0,0,0,0,0,0,0,0,0,,https://fbref.com/en/players/18ebca4b/Gaetan-Charbonnier-Gaëtan Charbonnier,
5,Paul Lasne,https://fbref.com/en/players/542cc80f/Paul-Lasne,8,8,fr FRA,CM,32-015,80,0,0,0,0,3,0,1,1,2,0,0,0,5,1,1,50.0,https://fbref.com/en/players/542cc80f/Paul-Lasne-Paul Lasne,
6,Jean Lucas,https://fbref.com/en/players/a99138af/Jean-Lucas,6,6,br BRA,CM,22-223,10,0,0,0,0,0,0,0,0,0,0,0,0,2,0,0,,https://fbref.com/en/players/a99138af/Jean-Lucas-Jean Lucas,
7,Haris Belkebla,https://fbref.com/en/players/2b1bed19/Haris-Belkebla,7,7,dz ALG,CM,27-003,90,0,0,0,3,1,0,0,1,1,0,1,0,4,0,2,0.0,https://fbref.com/en/players/2b1bed19/Haris-Belkebla-Haris Belkebla,
8,Franck Honorat,https://fbref.com/en/players/db7849ca/Franck-Honorat,9,9,fr FRA,RM,24-173,90,0,0,0,0,0,0,8,1,1,0,0,0,7,0,1,0.0,https://fbref.com/en/players/db7849ca/Franck-Honorat-Franck Honorat,
9,Romain Perraud,https://fbref.com/en/players/6dfd8f05/Romain-Perraud,18,18,fr FRA,LB,23-131,73,1,0,0,3,2,0,5,0,1,0,0,0,3,1,1,50.0,https://fbref.com/en/players/6dfd8f05/Romain-Perraud-Romain Perraud,
10,Ludovic Baal,https://fbref.com/en/players/d3ce9f1f/Ludovic-Baal,24,24,gf GUF,LB,34-252,17,0,0,0,0,1,0,0,0,0,0,0,0,1,3,0,100.0,https://fbref.com/en/players/d3ce9f1f/Ludovic-Baal-Ludovic Baal,
11,Jean-Kevin Duverne,https://fbref.com/en/players/0cbc8baa/Jean-Kevin-Duverne,2,2,ht HAI,CB,23-203,90,0,0,0,0,2,0,0,0,1,0,0,0,6,1,3,25.0,https://fbref.com/en/players/0cbc8baa/Jean-Kevin-Duverne-Jean-Kevin Duverne,
12,Brendan Chardonnet,https://fbref.com/en/players/16aa7d4c/Brendan-Chardonnet,5,5,fr FRA,CB,26-040,90,0,0,0,0,1,0,0,3,1,0,0,0,6,1,0,100.0,https://fbref.com/en/players/16aa7d4c/Brendan-Chardonnet-Brendan Chardonnet,
13,Ronaël Pierre-Gabriel,https://fbref.com/en/players/64ba07c0/Ronael-Pierre-Gabriel,20,20,fr FRA,RB,22-232,88,0,0,0,0,0,0,1,0,0,0,0,0,4,0,0,,https://fbref.com/en/players/64ba07c0/Ronael-Pierre-Gabriel-Ronaël Pierre-Gabriel,
14,Julien Faussurier,https://fbref.com/en/players/767212e6/Julien-Faussurier,22,22,fr FRA,RB,34-017,2,0,0,0,0,0,0,1,0,0,0,0,0,1,0,0,,https://fbref.com/en/players/767212e6/Julien-Faussurier-Julien Faussurier,
15,Gautier Larsonneur,https://fbref.com/en/players/b49729cb/Gautier-Larsonneur,1,1,fr FRA,GK,23-343,90,0,0,0,0,0,0,0,0,0,0,0,0,2,0,0,,https://fbref.com/en/players/b49729cb/Gautier-Larsonneur-Gautier Larsonneur,
