,Player Name,Player Number,Player,#,Nation,Pos,Age,Min,Touches,Def Pen,Def 3rd,Mid 3rd,Att 3rd,Att Pen,Live,Att,Succ,Succ%,Tkld,Tkld%,Carries,TotDist,PrgDist,PrgC,1/3,CPA,Mis,Dis,Rec,PrgR,Player Key,Player Link
0,Irvin Cardona,https://fbref.com/en/players/5e080f73/Irvin-Cardona,14,14,fr FRA,FW,23-176,80,39,0,3,17,21,4,39,3,2,66.7,1,33.3,25,84,19,2,0,0,1,0,31,9,https://fbref.com/en/players/5e080f73/Irvin-Cardona-Irvin Cardona,
1,Jérémy Le Douaron,https://fbref.com/en/players/88c4d190/Jeremy-Le-Douaron,26,26,fr FRA,FW,22-285,10,8,0,0,3,5,0,8,0,0,,0,,6,35,4,0,0,0,1,0,6,3,https://fbref.com/en/players/88c4d190/Jeremy-Le-Douaron-Jérémy Le Douaron,
2,Steve Mounié,https://fbref.com/en/players/19ba6c6d/Steve-Mounie,15,15,bj BEN,FW,26-124,90,30,0,4,14,12,4,30,0,0,,0,,22,109,24,1,0,0,0,3,29,4,https://fbref.com/en/players/19ba6c6d/Steve-Mounie-Steve Mounié,
3,Romain Faivre,https://fbref.com/en/players/745ca0a3/Romain-Faivre,21,21,fr FRA,LM,22-201,88,62,0,7,36,19,2,62,6,3,50.0,3,50.0,42,210,98,3,1,0,4,0,44,11,https://fbref.com/en/players/745ca0a3/Romain-Faivre-Romain Faivre,
4,Gaëtan Charbonnier,https://fbref.com/en/players/18ebca4b/Gaetan-Charbonnier,10,10,fr FRA,LM,32-035,2,2,0,0,2,0,0,2,0,0,,0,,2,8,5,0,0,0,0,0,2,1,https://fbref.com/en/players/18ebca4b/Gaetan-Charbonnier-Gaëtan Charbonnier,
5,Paul Lasne,https://fbref.com/en/players/542cc80f/Paul-Lasne,8,8,fr FRA,CM,32-015,80,74,1,19,48,9,1,74,0,0,,0,,50,191,105,1,4,0,0,0,58,2,https://fbref.com/en/players/542cc80f/Paul-Lasne-Paul Lasne,
6,Jean Lucas,https://fbref.com/en/players/a99138af/Jean-Lucas,6,6,br BRA,CM,22-223,10,14,0,0,11,3,0,14,0,0,,0,,11,72,48,1,0,0,0,1,12,0,https://fbref.com/en/players/a99138af/Jean-Lucas-Jean Lucas,
7,Haris Belkebla,https://fbref.com/en/players/2b1bed19/Haris-Belkebla,7,7,dz ALG,CM,27-003,90,75,0,17,53,6,0,75,0,0,,0,,54,217,105,4,0,0,0,0,63,1,https://fbref.com/en/players/2b1bed19/Haris-Belkebla-Haris Belkebla,
8,Franck Honorat,https://fbref.com/en/players/db7849ca/Franck-Honorat,9,9,fr FRA,RM,24-173,90,61,0,3,25,33,7,61,3,2,66.7,1,33.3,38,239,133,5,3,3,2,1,37,16,https://fbref.com/en/players/db7849ca/Franck-Honorat-Franck Honorat,
9,Romain Perraud,https://fbref.com/en/players/6dfd8f05/Romain-Perraud,18,18,fr FRA,LB,23-131,73,56,3,17,15,24,1,56,0,0,,0,,33,174,111,3,1,0,1,1,37,10,https://fbref.com/en/players/6dfd8f05/Romain-Perraud-Romain Perraud,
10,Ludovic Baal,https://fbref.com/en/players/d3ce9f1f/Ludovic-Baal,24,24,gf GUF,LB,34-252,17,22,0,3,17,2,0,22,0,0,,0,,14,108,81,2,0,0,0,0,18,1,https://fbref.com/en/players/d3ce9f1f/Ludovic-Baal-Ludovic Baal,
11,Jean-Kevin Duverne,https://fbref.com/en/players/0cbc8baa/Jean-Kevin-Duverne,2,2,ht HAI,CB,23-203,90,85,4,44,40,2,0,85,2,2,100.0,0,0.0,61,290,180,0,0,0,0,0,61,1,https://fbref.com/en/players/0cbc8baa/Jean-Kevin-Duverne-Jean-Kevin Duverne,
12,Brendan Chardonnet,https://fbref.com/en/players/16aa7d4c/Brendan-Chardonnet,5,5,fr FRA,CB,26-040,90,103,6,52,48,3,0,103,0,0,,0,,75,370,235,6,2,0,0,1,79,0,https://fbref.com/en/players/16aa7d4c/Brendan-Chardonnet-Brendan Chardonnet,
13,Ronaël Pierre-Gabriel,https://fbref.com/en/players/64ba07c0/Ronael-Pierre-Gabriel,20,20,fr FRA,RB,22-232,88,68,3,19,34,15,1,68,5,3,60.0,2,40.0,49,188,89,0,1,0,1,2,49,1,https://fbref.com/en/players/64ba07c0/Ronael-Pierre-Gabriel-Ronaël Pierre-Gabriel,
14,Julien Faussurier,https://fbref.com/en/players/767212e6/Julien-Faussurier,22,22,fr FRA,RB,34-017,2,7,0,3,3,1,1,7,0,0,,0,,4,19,14,1,0,0,0,0,3,0,https://fbref.com/en/players/767212e6/Julien-Faussurier-Julien Faussurier,
15,Gautier Larsonneur,https://fbref.com/en/players/b49729cb/Gautier-Larsonneur,1,1,fr FRA,GK,23-343,90,46,39,46,0,0,0,46,0,0,,0,,28,115,66,0,0,0,0,0,23,0,https://fbref.com/en/players/b49729cb/Gautier-Larsonneur-Gautier Larsonneur,
