,Player Name,Player Number,Player,#,Nation,Pos,Age,Min,Att,Live,Dead,FK,TB,Sw,Crs,TI,CK,In,Out,Str,Cmp,Off,Blocks,Player Key,Player Link
0,Irvin Cardona,https://fbref.com/en/players/5e080f73/Irvin-Cardona,14,14,fr FRA,FW,23-176,80,32,30,2,0,0,0,4,0,0,0,0,0,22,0,1,https://fbref.com/en/players/5e080f73/Irvin-Cardona-Irvin Cardona,
1,Jérémy Le Douaron,https://fbref.com/en/players/88c4d190/Jeremy-Le-Douaron,26,26,fr FRA,FW,22-285,10,6,4,2,0,0,0,0,0,0,0,0,0,5,0,0,https://fbref.com/en/players/88c4d190/Jeremy-Le-Douaron-Jérémy Le Douaron,
2,Steve Mounié,https://fbref.com/en/players/19ba6c6d/Steve-Mounie,15,15,bj BEN,FW,26-124,90,24,24,0,0,0,1,0,0,0,0,0,0,17,0,0,https://fbref.com/en/players/19ba6c6d/Steve-Mounie-Steve Mounié,
3,Romain Faivre,https://fbref.com/en/players/745ca0a3/Romain-Faivre,21,21,fr FRA,LM,22-201,88,49,44,4,1,0,0,2,1,1,1,0,0,39,1,1,https://fbref.com/en/players/745ca0a3/Romain-Faivre-Romain Faivre,
4,Gaëtan Charbonnier,https://fbref.com/en/players/18ebca4b/Gaetan-Charbonnier,10,10,fr FRA,LM,32-035,2,2,2,0,0,0,0,0,0,0,0,0,0,1,0,0,https://fbref.com/en/players/18ebca4b/Gaetan-Charbonnier-Gaëtan Charbonnier,
5,Paul Lasne,https://fbref.com/en/players/542cc80f/Paul-Lasne,8,8,fr FRA,CM,32-015,80,64,64,0,0,0,0,1,0,0,0,0,0,55,0,1,https://fbref.com/en/players/542cc80f/Paul-Lasne-Paul Lasne,
6,Jean Lucas,https://fbref.com/en/players/a99138af/Jean-Lucas,6,6,br BRA,CM,22-223,10,15,14,1,1,0,0,0,0,0,0,0,0,12,0,0,https://fbref.com/en/players/a99138af/Jean-Lucas-Jean Lucas,
7,Haris Belkebla,https://fbref.com/en/players/2b1bed19/Haris-Belkebla,7,7,dz ALG,CM,27-003,90,69,66,3,3,0,0,0,0,0,0,0,0,63,0,1,https://fbref.com/en/players/2b1bed19/Haris-Belkebla-Haris Belkebla,
8,Franck Honorat,https://fbref.com/en/players/db7849ca/Franck-Honorat,9,9,fr FRA,RM,24-173,90,51,46,5,0,0,0,8,2,3,2,0,0,43,0,1,https://fbref.com/en/players/db7849ca/Franck-Honorat-Franck Honorat,
9,Romain Perraud,https://fbref.com/en/players/6dfd8f05/Romain-Perraud,18,18,fr FRA,LB,23-131,73,51,42,9,0,0,0,5,9,0,0,0,0,41,0,1,https://fbref.com/en/players/6dfd8f05/Romain-Perraud-Romain Perraud,
10,Ludovic Baal,https://fbref.com/en/players/d3ce9f1f/Ludovic-Baal,24,24,gf GUF,LB,34-252,17,22,21,1,1,0,0,0,0,0,0,0,0,17,0,1,https://fbref.com/en/players/d3ce9f1f/Ludovic-Baal-Ludovic Baal,
11,Jean-Kevin Duverne,https://fbref.com/en/players/0cbc8baa/Jean-Kevin-Duverne,2,2,ht HAI,CB,23-203,90,81,76,5,5,0,0,0,0,0,0,0,0,76,0,0,https://fbref.com/en/players/0cbc8baa/Jean-Kevin-Duverne-Jean-Kevin Duverne,
12,Brendan Chardonnet,https://fbref.com/en/players/16aa7d4c/Brendan-Chardonnet,5,5,fr FRA,CB,26-040,90,91,89,1,1,0,0,0,0,0,0,0,0,76,1,0,https://fbref.com/en/players/16aa7d4c/Brendan-Chardonnet-Brendan Chardonnet,
13,Ronaël Pierre-Gabriel,https://fbref.com/en/players/64ba07c0/Ronael-Pierre-Gabriel,20,20,fr FRA,RB,22-232,88,60,52,8,1,0,0,1,7,0,0,0,0,47,0,1,https://fbref.com/en/players/64ba07c0/Ronael-Pierre-Gabriel-Ronaël Pierre-Gabriel,
14,Julien Faussurier,https://fbref.com/en/players/767212e6/Julien-Faussurier,22,22,fr FRA,RB,34-017,2,6,5,1,0,0,0,1,1,0,0,0,0,4,0,0,https://fbref.com/en/players/767212e6/Julien-Faussurier-Julien Faussurier,
15,Gautier Larsonneur,https://fbref.com/en/players/b49729cb/Gautier-Larsonneur,1,1,fr FRA,GK,23-343,90,43,29,14,1,0,0,0,0,0,0,0,0,38,0,0,https://fbref.com/en/players/b49729cb/Gautier-Larsonneur-Gautier Larsonneur,
