,Player Name,Player Number,Player,#,Nation,Pos,Age,Min,Gls,Ast,PK,PKatt,Sh,SoT,CrdY,CrdR,Touches,Tkl,Int,Blocks,xG,npxG,xAG,SCA,GCA,Cmp,Att,Cmp%,PrgP,Carries,PrgC,Att,Succ,Player Key,Player Link
0,Irvin Cardona,https://fbref.com/en/players/5e080f73/Irvin-Cardona,14,14,fr FRA,FW,23-176,80,1,0,0,0,2,1,0,0,39,1,0,2,0.4,0.4,0.0,0,0,22,32,68.8,2,25,2,3,2,https://fbref.com/en/players/5e080f73/Irvin-Cardona-Irvin Cardona,
1,Jérémy Le Douaron,https://fbref.com/en/players/88c4d190/Jeremy-Le-Douaron,26,26,fr FRA,FW,22-285,10,0,0,0,0,0,0,0,0,8,1,0,0,0.0,0.0,0.0,0,0,5,6,83.3,0,6,0,0,0,https://fbref.com/en/players/88c4d190/Jeremy-Le-Douaron-Jérémy Le Douaron,
2,Steve Mounié,https://fbref.com/en/players/19ba6c6d/Steve-Mounie,15,15,bj BEN,FW,26-124,90,0,1,0,0,4,1,0,0,30,1,0,1,0.6,0.6,0.4,1,1,17,24,70.8,1,22,1,0,0,https://fbref.com/en/players/19ba6c6d/Steve-Mounie-Steve Mounié,
3,Romain Faivre,https://fbref.com/en/players/745ca0a3/Romain-Faivre,21,21,fr FRA,LM,22-201,88,0,0,0,0,1,1,0,0,62,2,0,1,0.1,0.1,0.0,1,0,39,49,79.6,2,42,3,6,3,https://fbref.com/en/players/745ca0a3/Romain-Faivre-Romain Faivre,
4,Gaëtan Charbonnier,https://fbref.com/en/players/18ebca4b/Gaetan-Charbonnier,10,10,fr FRA,LM,32-035,2,0,0,0,0,0,0,0,0,2,0,0,0,0.0,0.0,0.0,0,0,1,2,50.0,0,2,0,0,0,https://fbref.com/en/players/18ebca4b/Gaetan-Charbonnier-Gaëtan Charbonnier,
5,Paul Lasne,https://fbref.com/en/players/542cc80f/Paul-Lasne,8,8,fr FRA,CM,32-015,80,0,0,0,0,0,0,0,0,74,4,1,2,0.0,0.0,0.0,1,0,55,64,85.9,7,50,1,0,0,https://fbref.com/en/players/542cc80f/Paul-Lasne-Paul Lasne,
6,Jean Lucas,https://fbref.com/en/players/a99138af/Jean-Lucas,6,6,br BRA,CM,22-223,10,0,0,0,0,0,0,0,0,14,0,0,0,0.0,0.0,0.0,0,0,12,15,80.0,1,11,1,0,0,https://fbref.com/en/players/a99138af/Jean-Lucas-Jean Lucas,
7,Haris Belkebla,https://fbref.com/en/players/2b1bed19/Haris-Belkebla,7,7,dz ALG,CM,27-003,90,0,0,0,0,0,0,0,0,75,3,1,2,0.0,0.0,0.0,0,0,63,69,91.3,10,54,4,0,0,https://fbref.com/en/players/2b1bed19/Haris-Belkebla-Haris Belkebla,
8,Franck Honorat,https://fbref.com/en/players/db7849ca/Franck-Honorat,9,9,fr FRA,RM,24-173,90,1,0,0,0,3,2,0,0,61,2,1,0,0.2,0.2,0.7,6,0,43,51,84.3,5,38,5,3,2,https://fbref.com/en/players/db7849ca/Franck-Honorat-Franck Honorat,
9,Romain Perraud,https://fbref.com/en/players/6dfd8f05/Romain-Perraud,18,18,fr FRA,LB,23-131,73,0,0,0,0,0,0,1,0,56,2,0,2,0.0,0.0,0.0,3,2,41,51,80.4,8,33,3,0,0,https://fbref.com/en/players/6dfd8f05/Romain-Perraud-Romain Perraud,
10,Ludovic Baal,https://fbref.com/en/players/d3ce9f1f/Ludovic-Baal,24,24,gf GUF,LB,34-252,17,0,0,0,0,0,0,0,0,22,0,0,0,0.0,0.0,0.0,1,0,17,22,77.3,3,14,2,0,0,https://fbref.com/en/players/d3ce9f1f/Ludovic-Baal-Ludovic Baal,
11,Jean-Kevin Duverne,https://fbref.com/en/players/0cbc8baa/Jean-Kevin-Duverne,2,2,ht HAI,CB,23-203,90,0,0,0,0,0,0,0,0,85,2,0,1,0.0,0.0,0.0,1,1,76,81,93.8,9,61,0,2,2,https://fbref.com/en/players/0cbc8baa/Jean-Kevin-Duverne-Jean-Kevin Duverne,
12,Brendan Chardonnet,https://fbref.com/en/players/16aa7d4c/Brendan-Chardonnet,5,5,fr FRA,CB,26-040,90,0,0,0,0,0,0,0,0,103,2,3,2,0.0,0.0,0.0,1,0,76,91,83.5,6,75,6,0,0,https://fbref.com/en/players/16aa7d4c/Brendan-Chardonnet-Brendan Chardonnet,
13,Ronaël Pierre-Gabriel,https://fbref.com/en/players/64ba07c0/Ronael-Pierre-Gabriel,20,20,fr FRA,RB,22-232,88,0,0,0,0,0,0,0,0,68,0,0,0,0.0,0.0,0.0,2,0,47,60,78.3,5,49,0,5,3,https://fbref.com/en/players/64ba07c0/Ronael-Pierre-Gabriel-Ronaël Pierre-Gabriel,
14,Julien Faussurier,https://fbref.com/en/players/767212e6/Julien-Faussurier,22,22,fr FRA,RB,34-017,2,0,0,0,0,0,0,0,0,7,0,0,0,0.0,0.0,0.0,0,0,4,6,66.7,1,4,1,0,0,https://fbref.com/en/players/767212e6/Julien-Faussurier-Julien Faussurier,
15,Gautier Larsonneur,https://fbref.com/en/players/b49729cb/Gautier-Larsonneur,1,1,fr FRA,GK,23-343,90,0,0,0,0,0,0,0,0,46,0,0,0,0.0,0.0,0.0,0,0,38,43,88.4,0,28,0,0,0,https://fbref.com/en/players/b49729cb/Gautier-Larsonneur-Gautier Larsonneur,
