,Player Name,Player Number,Player,#,Nation,Pos,Age,Min,Tkl,TklW,Def 3rd,Mid 3rd,Att 3rd,Tkl,Att,Tkl%,Lost,Blocks,Sh,Pass,Int,Tkl+Int,Clr,Err,Player Key,Player Link
0,Thierry Ambrose,https://fbref.com/en/players/2945f4b7/Thierry-Ambrose,9,9,gp GLP,FW,23-309,67,1,1,0,0,1,0,0,,0,0,0,0,0,1,0,0,https://fbref.com/en/players/2945f4b7/Thierry-Ambrose-Thierry Ambrose,
1,Vagner Gonçalves,https://fbref.com/en/players/743fd71f/Vagner-Goncalves,27,27,cv CPV,FW,25-021,23,1,1,0,0,1,0,0,,0,0,0,0,0,1,0,0,https://fbref.com/en/players/743fd71f/Vagner-Goncalves-Vagner Gonçalves,
2,Lamine Gueye,https://fbref.com/en/players/9d5dcc23/Lamine-Gueye,13,13,sn SEN,FW,22-324,54,0,0,0,0,0,0,1,0.0,1,0,0,0,1,1,0,0,https://fbref.com/en/players/9d5dcc23/Lamine-Gueye-Lamine Gueye,
3,Papa Ndiaga Yade,https://fbref.com/en/players/87e9c7cd/Papa-Ndiaga-Yade,26,26,mr MTN,FW,21-026,36,0,0,0,0,0,0,1,0.0,1,0,0,0,0,0,0,0,https://fbref.com/en/players/87e9c7cd/Papa-Ndiaga-Yade-Papa Ndiaga Yade,
4,Farid Boulaya,https://fbref.com/en/players/a0791826/Farid-Boulaya,10,10,dz ALG,AM,27-341,89,0,0,0,0,0,0,1,0.0,1,0,0,0,0,0,0,0,https://fbref.com/en/players/a0791826/Farid-Boulaya-Farid Boulaya,
5,Youssef Maziz,https://fbref.com/en/players/514270e8/Youssef-Maziz,22,22,fr FRA,AM,22-221,1,0,0,0,0,0,0,0,,0,0,0,0,0,0,0,0,https://fbref.com/en/players/514270e8/Youssef-Maziz-Youssef Maziz,
6,Pape Matar Sarr,https://fbref.com/en/players/feb5d972/Pape-Matar-Sarr,15,15,sn SEN,CM,18-139,90,1,1,1,0,0,1,4,25.0,3,2,0,2,3,4,1,0,https://fbref.com/en/players/feb5d972/Pape-Matar-Sarr-Pape Matar Sarr,
7,Victorien Angban,https://fbref.com/en/players/d8992b84/Victorien-Angban,5,5,ci CIV,CM,24-124,54,2,2,1,1,0,1,2,50.0,1,1,0,1,0,2,1,0,https://fbref.com/en/players/d8992b84/Victorien-Angban-Victorien Angban,
8,Warren Tchimbembé,https://fbref.com/en/players/93b8f9f4/Warren-Tchimbembe,12,12,cg CGO,CM,22-285,36,1,1,1,0,0,0,0,,0,0,0,0,0,1,0,0,https://fbref.com/en/players/93b8f9f4/Warren-Tchimbembe-Warren Tchimbembé,
9,Matthieu Udol,https://fbref.com/en/players/cc41f558/Matthieu-Udol,3,3,fr FRA,WB,24-317,90,2,2,1,1,0,2,5,40.0,3,1,0,1,1,3,1,0,https://fbref.com/en/players/cc41f558/Matthieu-Udol-Matthieu Udol,
10,Fabien Centonze,https://fbref.com/en/players/3c6bbbab/Fabien-Centonze,18,18,fr FRA,WB,25-015,90,2,2,2,0,0,0,0,,0,0,0,0,0,2,6,0,https://fbref.com/en/players/3c6bbbab/Fabien-Centonze-Fabien Centonze,
11,Mamadou Fofana,https://fbref.com/en/players/4c4ffacc/Mamadou-Fofana,6,6,ml MLI,CB,23-010,90,3,2,3,0,0,1,2,50.0,1,1,0,1,1,4,3,0,https://fbref.com/en/players/4c4ffacc/Mamadou-Fofana-Mamadou Fofana,
12,John Boye,https://fbref.com/en/players/861227d2/John-Boye,21,21,gh GHA,CB,33-283,90,2,1,2,0,0,1,2,50.0,1,1,0,1,3,5,7,0,https://fbref.com/en/players/861227d2/John-Boye-John Boye,
13,Dylan Bronn,https://fbref.com/en/players/edd81e2a/Dylan-Bronn,2,2,tn TUN,CB,25-226,90,1,0,1,0,0,1,1,100.0,0,1,1,0,2,3,6,0,https://fbref.com/en/players/edd81e2a/Dylan-Bronn-Dylan Bronn,
14,Alexandre Oukidja,https://fbref.com/en/players/ae7d0ecd/Alexandre-Oukidja,16,16,dz ALG,GK,32-196,90,0,0,0,0,0,0,0,,0,0,0,0,0,0,0,1,https://fbref.com/en/players/ae7d0ecd/Alexandre-Oukidja-Alexandre Oukidja,
