,Player Name,Player Number,Player,#,Nation,Pos,Age,Min,Att,Live,Dead,FK,TB,Sw,Crs,TI,CK,In,Out,Str,Cmp,Off,Blocks,Player Key,Player Link
0,Thierry Ambrose,https://fbref.com/en/players/2945f4b7/Thierry-Ambrose,9,9,gp GLP,FW,23-309,67,26,23,3,0,0,1,0,0,0,0,0,0,18,0,2,https://fbref.com/en/players/2945f4b7/Thierry-Ambrose-Thierry Ambrose,
1,Vagner Gonçalves,https://fbref.com/en/players/743fd71f/Vagner-Goncalves,27,27,cv CPV,FW,25-021,23,5,5,0,0,0,0,0,0,0,0,0,0,3,0,0,https://fbref.com/en/players/743fd71f/Vagner-Goncalves-Vagner Gonçalves,
2,Lamine Gueye,https://fbref.com/en/players/9d5dcc23/Lamine-Gueye,13,13,sn SEN,FW,22-324,54,20,19,1,0,0,0,2,1,0,0,0,0,13,0,1,https://fbref.com/en/players/9d5dcc23/Lamine-Gueye-Lamine Gueye,
3,Papa Ndiaga Yade,https://fbref.com/en/players/87e9c7cd/Papa-Ndiaga-Yade,26,26,mr MTN,FW,21-026,36,8,8,0,0,0,0,0,0,0,0,0,0,6,0,1,https://fbref.com/en/players/87e9c7cd/Papa-Ndiaga-Yade-Papa Ndiaga Yade,
4,Farid Boulaya,https://fbref.com/en/players/a0791826/Farid-Boulaya,10,10,dz ALG,AM,27-341,89,48,44,4,1,0,1,0,2,1,0,0,0,34,0,0,https://fbref.com/en/players/a0791826/Farid-Boulaya-Farid Boulaya,
5,Youssef Maziz,https://fbref.com/en/players/514270e8/Youssef-Maziz,22,22,fr FRA,AM,22-221,1,0,0,0,0,0,0,0,0,0,0,0,0,0,0,0,https://fbref.com/en/players/514270e8/Youssef-Maziz-Youssef Maziz,
6,Pape Matar Sarr,https://fbref.com/en/players/feb5d972/Pape-Matar-Sarr,15,15,sn SEN,CM,18-139,90,46,45,1,1,0,0,0,0,0,0,0,0,41,0,1,https://fbref.com/en/players/feb5d972/Pape-Matar-Sarr-Pape Matar Sarr,
7,Victorien Angban,https://fbref.com/en/players/d8992b84/Victorien-Angban,5,5,ci CIV,CM,24-124,54,27,27,0,0,0,0,0,0,0,0,0,0,23,0,1,https://fbref.com/en/players/d8992b84/Victorien-Angban-Victorien Angban,
8,Warren Tchimbembé,https://fbref.com/en/players/93b8f9f4/Warren-Tchimbembe,12,12,cg CGO,CM,22-285,36,26,25,1,1,0,0,0,0,0,0,0,0,23,0,0,https://fbref.com/en/players/93b8f9f4/Warren-Tchimbembe-Warren Tchimbembé,
9,Matthieu Udol,https://fbref.com/en/players/cc41f558/Matthieu-Udol,3,3,fr FRA,WB,24-317,90,45,34,11,1,0,0,5,10,0,0,0,0,33,0,2,https://fbref.com/en/players/cc41f558/Matthieu-Udol-Matthieu Udol,
10,Fabien Centonze,https://fbref.com/en/players/3c6bbbab/Fabien-Centonze,18,18,fr FRA,WB,25-015,90,49,35,14,1,0,1,1,13,0,0,0,0,40,0,2,https://fbref.com/en/players/3c6bbbab/Fabien-Centonze-Fabien Centonze,
11,Mamadou Fofana,https://fbref.com/en/players/4c4ffacc/Mamadou-Fofana,6,6,ml MLI,CB,23-010,90,28,28,0,0,0,0,0,0,0,0,0,0,23,0,0,https://fbref.com/en/players/4c4ffacc/Mamadou-Fofana-Mamadou Fofana,
12,John Boye,https://fbref.com/en/players/861227d2/John-Boye,21,21,gh GHA,CB,33-283,90,20,20,0,0,0,0,0,0,0,0,0,0,17,0,0,https://fbref.com/en/players/861227d2/John-Boye-John Boye,
13,Dylan Bronn,https://fbref.com/en/players/edd81e2a/Dylan-Bronn,2,2,tn TUN,CB,25-226,90,31,27,4,4,0,0,0,0,0,0,0,0,27,0,0,https://fbref.com/en/players/edd81e2a/Dylan-Bronn-Dylan Bronn,
14,Alexandre Oukidja,https://fbref.com/en/players/ae7d0ecd/Alexandre-Oukidja,16,16,dz ALG,GK,32-196,90,22,9,13,4,0,0,0,0,0,0,0,0,15,0,0,https://fbref.com/en/players/ae7d0ecd/Alexandre-Oukidja-Alexandre Oukidja,
