,Player Name,Player Number,Player,#,Nation,Pos,Age,Min,Gls,Ast,PK,PKatt,Sh,SoT,CrdY,CrdR,Touches,Tkl,Int,Blocks,xG,npxG,xAG,SCA,GCA,Cmp,Att,Cmp%,PrgP,Carries,PrgC,Att,Succ,Player Key,Player Link
0,Thierry Ambrose,https://fbref.com/en/players/2945f4b7/Thierry-Ambrose,9,9,gp GLP,FW,23-309,67,0,0,0,0,5,2,0,0,38,1,0,0,0.2,0.2,0.0,3,1,18,26,69.2,4,18,1,2,0,https://fbref.com/en/players/2945f4b7/Thierry-Ambrose-Thierry Ambrose,
1,Vagner Gonçalves,https://fbref.com/en/players/743fd71f/Vagner-Goncalves,27,27,cv CPV,FW,25-021,23,1,1,1,1,0,0,0,0,10,1,0,0,0.8,0.0,0.3,3,3,3,5,60.0,1,4,2,1,1,https://fbref.com/en/players/743fd71f/Vagner-Goncalves-Vagner Gonçalves,
2,Lamine Gueye,https://fbref.com/en/players/9d5dcc23/Lamine-Gueye,13,13,sn SEN,FW,22-324,54,0,0,0,0,2,0,0,0,27,0,1,0,0.1,0.1,0.0,1,0,13,20,65.0,1,17,1,1,0,https://fbref.com/en/players/9d5dcc23/Lamine-Gueye-Lamine Gueye,
3,Papa Ndiaga Yade,https://fbref.com/en/players/87e9c7cd/Papa-Ndiaga-Yade,26,26,mr MTN,FW,21-026,36,1,0,0,0,2,1,1,0,15,0,0,0,0.3,0.3,0.0,0,0,6,8,75.0,0,10,1,2,1,https://fbref.com/en/players/87e9c7cd/Papa-Ndiaga-Yade-Papa Ndiaga Yade,
4,Farid Boulaya,https://fbref.com/en/players/a0791826/Farid-Boulaya,10,10,dz ALG,AM,27-341,89,1,0,0,0,2,1,1,0,54,0,0,0,0.1,0.1,0.0,3,1,34,48,70.8,7,33,4,0,0,https://fbref.com/en/players/a0791826/Farid-Boulaya-Farid Boulaya,
5,Youssef Maziz,https://fbref.com/en/players/514270e8/Youssef-Maziz,22,22,fr FRA,AM,22-221,1,0,0,0,0,0,0,0,0,0,0,0,0,0.0,0.0,0.0,0,0,0,0,,0,0,0,0,0,https://fbref.com/en/players/514270e8/Youssef-Maziz-Youssef Maziz,
6,Pape Matar Sarr,https://fbref.com/en/players/feb5d972/Pape-Matar-Sarr,15,15,sn SEN,CM,18-139,90,1,0,0,0,1,1,0,0,58,1,3,2,0.0,0.0,0.1,6,2,41,46,89.1,6,37,2,1,0,https://fbref.com/en/players/feb5d972/Pape-Matar-Sarr-Pape Matar Sarr,
7,Victorien Angban,https://fbref.com/en/players/d8992b84/Victorien-Angban,5,5,ci CIV,CM,24-124,54,0,0,0,0,0,0,0,0,32,2,0,1,0.0,0.0,0.0,1,0,23,27,85.2,4,22,1,0,0,https://fbref.com/en/players/d8992b84/Victorien-Angban-Victorien Angban,
8,Warren Tchimbembé,https://fbref.com/en/players/93b8f9f4/Warren-Tchimbembe,12,12,cg CGO,CM,22-285,36,0,0,0,0,1,0,0,0,28,1,0,0,0.0,0.0,0.0,3,1,23,26,88.5,2,20,0,1,1,https://fbref.com/en/players/93b8f9f4/Warren-Tchimbembe-Warren Tchimbembé,
9,Matthieu Udol,https://fbref.com/en/players/cc41f558/Matthieu-Udol,3,3,fr FRA,WB,24-317,90,0,0,0,0,0,0,0,0,57,2,1,1,0.0,0.0,0.1,2,0,33,45,73.3,2,31,3,1,0,https://fbref.com/en/players/cc41f558/Matthieu-Udol-Matthieu Udol,
10,Fabien Centonze,https://fbref.com/en/players/3c6bbbab/Fabien-Centonze,18,18,fr FRA,WB,25-015,90,0,0,0,0,1,0,0,0,61,2,0,0,0.0,0.0,0.0,2,0,40,49,81.6,4,33,3,3,2,https://fbref.com/en/players/3c6bbbab/Fabien-Centonze-Fabien Centonze,
11,Mamadou Fofana,https://fbref.com/en/players/4c4ffacc/Mamadou-Fofana,6,6,ml MLI,CB,23-010,90,0,0,0,0,0,0,1,0,40,3,1,1,0.0,0.0,0.0,1,0,23,28,82.1,1,22,0,1,1,https://fbref.com/en/players/4c4ffacc/Mamadou-Fofana-Mamadou Fofana,
12,John Boye,https://fbref.com/en/players/861227d2/John-Boye,21,21,gh GHA,CB,33-283,90,0,0,0,0,0,0,0,0,32,2,3,1,0.0,0.0,0.0,0,0,17,20,85.0,1,17,0,0,0,https://fbref.com/en/players/861227d2/John-Boye-John Boye,
13,Dylan Bronn,https://fbref.com/en/players/edd81e2a/Dylan-Bronn,2,2,tn TUN,CB,25-226,90,0,0,0,0,0,0,0,0,42,1,2,1,0.0,0.0,0.0,1,0,27,31,87.1,1,24,2,2,2,https://fbref.com/en/players/edd81e2a/Dylan-Bronn-Dylan Bronn,
14,Alexandre Oukidja,https://fbref.com/en/players/ae7d0ecd/Alexandre-Oukidja,16,16,dz ALG,GK,32-196,90,0,0,0,0,0,0,0,0,24,0,0,0,0.0,0.0,0.0,0,0,15,22,68.2,0,10,0,0,0,https://fbref.com/en/players/ae7d0ecd/Alexandre-Oukidja-Alexandre Oukidja,
