,Minute,Player,Squad,xG,PSxG,Outcome,Distance,Body Part,Notes,SCA 1 Player,SCA 1 Event,SCA 2 Player,SCA 2 Event
0,1,Farid Boulaya,Metz,0.03,,Off Target,28,Left Foot,,,,,
1,2,Irvin Cardona,Brest,0.07,,Off Target,9,Right Foot,,,,,
2,5,Thierry Ambrose,Metz,0.03,0.04,Saved,21,Left Foot,,Victorien Angban,Pass (Live),Lamine Gueye,Pass (Live)
3,11,Lamine Gueye,Metz,0.04,,Off Target,23,Left Foot,,Thierry Ambrose,Pass (Live),Farid Boulaya,Pass (Live)
4,16,Steve Mounié,Brest,0.43,0.37,Saved,13,Left Foot,,Franck Honorat,Pass (Live),,
5,20,Lamine Gueye,Metz,0.03,,Blocked,24,Right Foot,,Fabien Centonze,Pass (Dead),,
6,30,Thierry Ambrose,Metz,0.03,,Off Target,28,Right Foot,,Farid Boulaya,Pass (Live),Mamadou Fofana,Pass (Live)
7,33,Franck Honorat,Brest,0.05,0.37,Goal,20,Right Foot,Deflected,Jean-Kevin Duverne,Pass (Live),Romain Perraud,Pass (Dead)
8,37,Farid Boulaya,Metz,0.05,0.09,Goal,32,Right Foot,Free kick,Farid Boulaya,Fouled,Thierry Ambrose,Pass (Live)
9,41,Steve Mounié,Brest,0.10,,Off Target,17,Right Foot,,Franck Honorat,Pass (Live),Ronaël Pierre-Gabriel,Pass (Live)
10,43,Romain Faivre,Brest,0.06,0.03,Saved,12,Head,,Franck Honorat,Pass (Live),Franck Honorat,Take-On
11,,,,,,,,,,,,,
12,47,Irvin Cardona,Brest,0.37,0.74,Goal,8,Head,,Steve Mounié,Pass (Live),Romain Perraud,Pass (Live)
13,50,Thierry Ambrose,Metz,0.06,,Off Target,17,Right Foot,,Matthieu Udol,Pass (Live),Thierry Ambrose,Pass (Live)
14,57,Thierry Ambrose,Metz,0.08,,Blocked,13,Left Foot,,Matthieu Udol,Pass (Live),Warren Tchimbembé,Pass (Live)
15,66,Franck Honorat,Brest,0.07,0.04,Saved,11,Right Foot,,Romain Perraud,Pass (Live),Franck Honorat,Pass (Live)
16,66,Fabien Centonze,Metz,0.04,,Off Target,16,Right Foot,,Pape Matar Sarr,Pass (Live),Warren Tchimbembé,Pass (Live)
17,67,Thierry Ambrose,Metz,0.02,0.02,Saved,34,Left Foot,,Pape Matar Sarr,Pass (Live),Fabien Centonze,Pass (Live)
18,71,Warren Tchimbembé,Metz,0.03,,Off Target,28,Left Foot,,Pape Matar Sarr,Pass (Live),,
19,72,Franck Honorat,Brest,0.04,,Blocked,23,Right Foot,,Romain Faivre,Pass (Live),Paul Lasne,Tackle
20,73,Pape Matar Sarr,Metz,0.04,0.02,Goal,22,Right Foot,"Deflected, Volley",Pape Matar Sarr,Pass (Live),Warren Tchimbembé,Pass (Live)
21,76,Steve Mounié,Brest,0.07,,Off Target,17,Right Foot,,Franck Honorat,Pass (Live),Ludovic Baal,Pass (Live)
22,77,Papa Ndiaga Yade,Metz,0.03,,Off Target,32,Left Foot,,Pape Matar Sarr,Pass (Live),Dylan Bronn,Pass (Live)
23,79,Steve Mounié,Brest,0.03,,Off Target,25,Left Foot,,Ronaël Pierre-Gabriel,Pass (Dead),Brendan Chardonnet,Pass (Live)
24,81,Papa Ndiaga Yade,Metz,0.26,0.61,Goal,12,Left Foot,,Vagner Gonçalves,Pass (Live),Pape Matar Sarr,Pass (Live)
25,87,Vagner Gonçalves(pen),Metz,0.79,0.99,Goal,13,Right Foot,,Vagner Gonçalves,Fouled,Vagner Gonçalves,Take-On
