,Player Name,Player Number,Player,#,Nation,Pos,Age,Min,Att,Live,Dead,FK,TB,Sw,Crs,TI,CK,In,Out,Str,Cmp,Off,Blocks,Player Key,Player Link
0,Habib Diallo,https://fbref.com/en/players/6605d143/Habib-Diallo,20,20,sn SEN,FW,25-090,72,13,12,1,0,0,0,0,0,0,0,0,0,8,0,1,https://fbref.com/en/players/6605d143/Habib-Diallo-Habib Diallo,
1,Opa Nguette,https://fbref.com/en/players/75a63397/Opa-Nguette,11,11,sn SEN,FW,26-070,18,6,6,0,0,0,0,0,0,0,0,0,0,5,0,0,https://fbref.com/en/players/75a63397/Opa-Nguette-Opa Nguette,
2,Ibrahima Niane,https://fbref.com/en/players/46faabfa/Ibrahima-Niane,7,7,sn SEN,FW,21-189,81,15,15,0,0,0,0,1,0,0,0,0,0,7,0,2,https://fbref.com/en/players/46faabfa/Ibrahima-Niane-Ibrahima Niane,
3,Thierry Ambrose,https://fbref.com/en/players/2945f4b7/Thierry-Ambrose,9,9,gp GLP,FW,23-172,9,3,3,0,0,0,0,0,0,0,0,0,0,1,0,0,https://fbref.com/en/players/2945f4b7/Thierry-Ambrose-Thierry Ambrose,
4,Farid Boulaya,https://fbref.com/en/players/a0791826/Farid-Boulaya,10,10,dz ALG,AM,27-204,81,35,31,3,1,1,0,3,0,2,1,1,0,19,1,1,https://fbref.com/en/players/a0791826/Farid-Boulaya-Farid Boulaya,
5,Youssef Maziz,https://fbref.com/en/players/514270e8/Youssef-Maziz,22,22,fr FRA,AM,22-084,9,5,4,1,0,0,0,0,0,0,0,0,0,4,0,0,https://fbref.com/en/players/514270e8/Youssef-Maziz-Youssef Maziz,
6,Habib Maïga,https://fbref.com/en/players/e768de1f/Habib-Maiga,19,19,ci CIV,CM,24-259,90,30,30,0,0,0,2,1,0,0,0,0,0,22,0,2,https://fbref.com/en/players/e768de1f/Habib-Maiga-Habib Maïga,
7,Vincent Pajot,https://fbref.com/en/players/f86ca403/Vincent-Pajot,14,14,fr FRA,CM,30-028,85,22,22,0,0,0,0,1,0,0,0,0,0,21,0,0,https://fbref.com/en/players/f86ca403/Vincent-Pajot-Vincent Pajot,
8,Victorien Angban,https://fbref.com/en/players/d8992b84/Victorien-Angban,5,5,ci CIV,CM,23-353,5,4,4,0,0,0,0,0,0,0,0,0,0,4,0,0,https://fbref.com/en/players/d8992b84/Victorien-Angban-Victorien Angban,
9,Thomas Delaine,https://fbref.com/en/players/8332db56/Thomas-Delaine,17,17,fr FRA,WB,28-176,90,34,23,10,0,0,0,2,10,0,0,0,0,24,1,0,https://fbref.com/en/players/8332db56/Thomas-Delaine-Thomas Delaine,
10,Fabien Centonze,https://fbref.com/en/players/3c6bbbab/Fabien-Centonze,18,18,fr FRA,WB,24-244,90,24,15,9,1,0,0,1,8,0,0,0,0,22,0,0,https://fbref.com/en/players/3c6bbbab/Fabien-Centonze-Fabien Centonze,
11,Mamadou Fofana,https://fbref.com/en/players/4c4ffacc/Mamadou-Fofana,6,6,ml MLI,CB,22-239,90,21,21,0,0,0,0,0,0,0,0,0,0,15,0,0,https://fbref.com/en/players/4c4ffacc/Mamadou-Fofana-Mamadou Fofana,
12,John Boye,https://fbref.com/en/players/861227d2/John-Boye,21,21,gh GHA,CB,33-146,90,15,15,0,0,0,0,0,0,0,0,0,0,10,0,0,https://fbref.com/en/players/861227d2/John-Boye-John Boye,
13,Dylan Bronn,https://fbref.com/en/players/edd81e2a/Dylan-Bronn,2,2,tn TUN,CB,25-089,90,19,16,2,2,0,0,0,0,0,0,0,0,13,1,0,https://fbref.com/en/players/edd81e2a/Dylan-Bronn-Dylan Bronn,
14,Alexandre Oukidja,https://fbref.com/en/players/ae7d0ecd/Alexandre-Oukidja,16,16,dz ALG,GK,32-059,90,39,17,22,4,0,0,0,0,0,0,0,0,15,0,0,https://fbref.com/en/players/ae7d0ecd/Alexandre-Oukidja-Alexandre Oukidja,
