,Player Name,Player Number,Player,#,Nation,Pos,Age,Min,Touches,Def Pen,Def 3rd,Mid 3rd,Att 3rd,Att Pen,Live,Att,Succ,Succ%,Tkld,Tkld%,Carries,TotDist,PrgDist,PrgC,1/3,CPA,Mis,Dis,Rec,PrgR,Player Key,Player Link
0,Habib Diallo,https://fbref.com/en/players/6605d143/Habib-Diallo,20,20,sn SEN,FW,25-090,72,25,3,6,10,10,4,25,1,0,0.0,1,100.0,13,55,22,0,1,0,4,1,13,5,https://fbref.com/en/players/6605d143/Habib-Diallo-Habib Diallo,
1,Opa Nguette,https://fbref.com/en/players/75a63397/Opa-Nguette,11,11,sn SEN,FW,26-070,18,12,0,0,6,9,0,12,3,1,33.3,2,66.7,10,95,64,2,2,0,1,0,8,0,https://fbref.com/en/players/75a63397/Opa-Nguette-Opa Nguette,
2,Ibrahima Niane,https://fbref.com/en/players/46faabfa/Ibrahima-Niane,7,7,sn SEN,FW,21-189,81,25,0,0,17,8,1,25,1,1,100.0,0,0.0,12,57,8,1,0,0,6,1,18,4,https://fbref.com/en/players/46faabfa/Ibrahima-Niane-Ibrahima Niane,
3,Thierry Ambrose,https://fbref.com/en/players/2945f4b7/Thierry-Ambrose,9,9,gp GLP,FW,23-172,9,6,0,0,2,4,0,6,0,0,,0,,4,11,3,0,1,0,2,1,5,1,https://fbref.com/en/players/2945f4b7/Thierry-Ambrose-Thierry Ambrose,
4,Farid Boulaya,https://fbref.com/en/players/a0791826/Farid-Boulaya,10,10,dz ALG,AM,27-204,81,40,0,4,23,15,3,40,3,3,100.0,0,0.0,25,176,67,4,2,1,2,0,29,4,https://fbref.com/en/players/a0791826/Farid-Boulaya-Farid Boulaya,
5,Youssef Maziz,https://fbref.com/en/players/514270e8/Youssef-Maziz,22,22,fr FRA,AM,22-084,9,7,0,0,5,2,0,7,0,0,,0,,4,11,0,0,0,0,0,1,6,1,https://fbref.com/en/players/514270e8/Youssef-Maziz-Youssef Maziz,
6,Habib Maïga,https://fbref.com/en/players/e768de1f/Habib-Maiga,19,19,ci CIV,CM,24-259,90,42,3,13,19,11,0,42,4,2,50.0,2,50.0,23,128,75,1,2,0,2,2,23,1,https://fbref.com/en/players/e768de1f/Habib-Maiga-Habib Maïga,
7,Vincent Pajot,https://fbref.com/en/players/f86ca403/Vincent-Pajot,14,14,fr FRA,CM,30-028,85,25,1,9,13,3,0,25,1,1,100.0,0,0.0,16,51,26,0,1,0,0,0,19,0,https://fbref.com/en/players/f86ca403/Vincent-Pajot-Vincent Pajot,
8,Victorien Angban,https://fbref.com/en/players/d8992b84/Victorien-Angban,5,5,ci CIV,CM,23-353,5,4,0,2,1,1,0,4,0,0,,0,,2,8,0,0,0,0,0,0,3,0,https://fbref.com/en/players/d8992b84/Victorien-Angban-Victorien Angban,
9,Thomas Delaine,https://fbref.com/en/players/8332db56/Thomas-Delaine,17,17,fr FRA,WB,28-176,90,47,3,17,16,15,1,47,4,3,75.0,1,25.0,21,232,178,4,4,1,1,0,16,1,https://fbref.com/en/players/8332db56/Thomas-Delaine-Thomas Delaine,
10,Fabien Centonze,https://fbref.com/en/players/3c6bbbab/Fabien-Centonze,18,18,fr FRA,WB,24-244,90,38,6,14,15,9,0,38,1,1,100.0,0,0.0,14,105,66,1,2,0,0,0,12,3,https://fbref.com/en/players/3c6bbbab/Fabien-Centonze-Fabien Centonze,
11,Mamadou Fofana,https://fbref.com/en/players/4c4ffacc/Mamadou-Fofana,6,6,ml MLI,CB,22-239,90,29,8,21,7,1,0,29,0,0,,0,,6,26,4,0,0,0,0,0,10,0,https://fbref.com/en/players/4c4ffacc/Mamadou-Fofana-Mamadou Fofana,
12,John Boye,https://fbref.com/en/players/861227d2/John-Boye,21,21,gh GHA,CB,33-146,90,26,12,17,9,1,0,26,1,1,100.0,0,0.0,8,48,26,1,1,0,0,0,7,0,https://fbref.com/en/players/861227d2/John-Boye-John Boye,
13,Dylan Bronn,https://fbref.com/en/players/edd81e2a/Dylan-Bronn,2,2,tn TUN,CB,25-089,90,28,5,14,14,0,0,28,0,0,,0,,13,95,5,0,0,0,0,0,10,0,https://fbref.com/en/players/edd81e2a/Dylan-Bronn-Dylan Bronn,
14,Alexandre Oukidja,https://fbref.com/en/players/ae7d0ecd/Alexandre-Oukidja,16,16,dz ALG,GK,32-059,90,46,41,46,0,0,0,46,0,0,,0,,13,99,45,0,0,0,1,0,9,0,https://fbref.com/en/players/ae7d0ecd/Alexandre-Oukidja-Alexandre Oukidja,
