,Player Name,Player Number,Player,#,Nation,Pos,Age,Min,Gls,Ast,PK,PKatt,Sh,SoT,CrdY,CrdR,Touches,Tkl,Int,Blocks,xG,npxG,xAG,SCA,GCA,Cmp,Att,Cmp%,PrgP,Carries,PrgC,Att,Succ,Player Key,Player Link
0,Habib Diallo,https://fbref.com/en/players/6605d143/Habib-Diallo,20,20,sn SEN,FW,25-090,72,0,0,0,0,1,0,0,0,25,0,0,0,0.3,0.3,0.4,1,0,8,13,61.5,2,13,0,1,0,https://fbref.com/en/players/6605d143/Habib-Diallo-Habib Diallo,
1,Opa Nguette,https://fbref.com/en/players/75a63397/Opa-Nguette,11,11,sn SEN,FW,26-070,18,0,0,0,0,1,0,0,0,12,0,0,0,0.0,0.0,0.0,0,0,5,6,83.3,0,10,2,3,1,https://fbref.com/en/players/75a63397/Opa-Nguette-Opa Nguette,
2,Ibrahima Niane,https://fbref.com/en/players/46faabfa/Ibrahima-Niane,7,7,sn SEN,FW,21-189,81,0,0,0,0,1,0,0,0,25,1,0,1,0.1,0.1,0.0,2,0,7,15,46.7,2,12,1,1,1,https://fbref.com/en/players/46faabfa/Ibrahima-Niane-Ibrahima Niane,
3,Thierry Ambrose,https://fbref.com/en/players/2945f4b7/Thierry-Ambrose,9,9,gp GLP,FW,23-172,9,0,0,0,0,0,0,0,0,6,0,0,0,0.0,0.0,0.0,0,0,1,3,33.3,0,4,0,0,0,https://fbref.com/en/players/2945f4b7/Thierry-Ambrose-Thierry Ambrose,
4,Farid Boulaya,https://fbref.com/en/players/a0791826/Farid-Boulaya,10,10,dz ALG,AM,27-204,81,0,0,0,0,2,1,0,0,40,2,0,0,0.4,0.4,0.4,3,0,19,35,54.3,3,25,4,3,3,https://fbref.com/en/players/a0791826/Farid-Boulaya-Farid Boulaya,
5,Youssef Maziz,https://fbref.com/en/players/514270e8/Youssef-Maziz,22,22,fr FRA,AM,22-084,9,0,0,0,0,1,0,0,0,7,1,0,0,0.1,0.1,0.0,0,0,4,5,80.0,0,4,0,0,0,https://fbref.com/en/players/514270e8/Youssef-Maziz-Youssef Maziz,
6,Habib Maïga,https://fbref.com/en/players/e768de1f/Habib-Maiga,19,19,ci CIV,CM,24-259,90,0,0,0,0,0,0,1,0,42,5,0,0,0.0,0.0,0.1,3,0,22,30,73.3,6,23,1,4,2,https://fbref.com/en/players/e768de1f/Habib-Maiga-Habib Maïga,
7,Vincent Pajot,https://fbref.com/en/players/f86ca403/Vincent-Pajot,14,14,fr FRA,CM,30-028,85,0,0,0,0,0,0,0,0,25,1,0,1,0.0,0.0,0.0,0,0,21,22,95.5,1,16,0,1,1,https://fbref.com/en/players/f86ca403/Vincent-Pajot-Vincent Pajot,
8,Victorien Angban,https://fbref.com/en/players/d8992b84/Victorien-Angban,5,5,ci CIV,CM,23-353,5,0,0,0,0,0,0,0,0,4,0,0,0,0.0,0.0,0.0,0,0,4,4,100.0,0,2,0,0,0,https://fbref.com/en/players/d8992b84/Victorien-Angban-Victorien Angban,
9,Thomas Delaine,https://fbref.com/en/players/8332db56/Thomas-Delaine,17,17,fr FRA,WB,28-176,90,0,0,0,0,1,0,0,0,47,3,2,3,0.0,0.0,0.0,0,0,24,34,70.6,2,21,4,4,3,https://fbref.com/en/players/8332db56/Thomas-Delaine-Thomas Delaine,
10,Fabien Centonze,https://fbref.com/en/players/3c6bbbab/Fabien-Centonze,18,18,fr FRA,WB,24-244,90,0,0,0,0,0,0,1,0,38,2,5,2,0.0,0.0,0.0,2,0,22,24,91.7,1,14,1,1,1,https://fbref.com/en/players/3c6bbbab/Fabien-Centonze-Fabien Centonze,
11,Mamadou Fofana,https://fbref.com/en/players/4c4ffacc/Mamadou-Fofana,6,6,ml MLI,CB,22-239,90,0,0,0,0,0,0,0,0,29,1,1,0,0.0,0.0,0.0,1,0,15,21,71.4,1,6,0,0,0,https://fbref.com/en/players/4c4ffacc/Mamadou-Fofana-Mamadou Fofana,
12,John Boye,https://fbref.com/en/players/861227d2/John-Boye,21,21,gh GHA,CB,33-146,90,0,0,0,0,0,0,0,0,26,0,3,1,0.0,0.0,0.0,1,0,10,15,66.7,0,8,1,1,1,https://fbref.com/en/players/861227d2/John-Boye-John Boye,
13,Dylan Bronn,https://fbref.com/en/players/edd81e2a/Dylan-Bronn,2,2,tn TUN,CB,25-089,90,0,0,0,0,0,0,0,0,28,0,2,1,0.0,0.0,0.0,0,0,13,19,68.4,2,13,0,0,0,https://fbref.com/en/players/edd81e2a/Dylan-Bronn-Dylan Bronn,
14,Alexandre Oukidja,https://fbref.com/en/players/ae7d0ecd/Alexandre-Oukidja,16,16,dz ALG,GK,32-059,90,0,0,0,0,0,0,0,0,46,0,0,0,0.0,0.0,0.0,1,0,15,39,38.5,0,13,0,0,0,https://fbref.com/en/players/ae7d0ecd/Alexandre-Oukidja-Alexandre Oukidja,
