,Player Name,Player Number,Player,#,Nation,Pos,Age,Min,Touches,Def Pen,Def 3rd,Mid 3rd,Att 3rd,Att Pen,Live,Att,Succ,Succ%,Tkld,Tkld%,Carries,TotDist,PrgDist,PrgC,1/3,CPA,Mis,Dis,Rec,PrgR,Player Key,Player Link
0,Mauro Icardi,https://fbref.com/en/players/43b78598/Mauro-Icardi,9,9,ar ARG,"FW,LW",27-210,90,17,0,0,6,11,7,17,0,0,,0,,9,28,10,0,1,0,0,0,14,5,https://fbref.com/en/players/43b78598/Mauro-Icardi-Mauro Icardi,
1,Ángel Di María,https://fbref.com/en/players/19cda00b/Angel-Di-Maria,11,11,ar ARG,"LW,RW,LM",32-215,90,91,1,4,36,52,4,91,7,4,57.1,3,42.9,66,427,199,6,8,1,5,2,79,10,https://fbref.com/en/players/19cda00b/Angel-Di-Maria-Ángel Di María,
2,Pablo Sarabia,https://fbref.com/en/players/9744ff80/Pablo-Sarabia,19,19,es ESP,RW,28-128,68,33,0,0,15,18,7,33,0,0,,0,,19,84,25,0,2,0,0,0,30,8,https://fbref.com/en/players/9744ff80/Pablo-Sarabia-Pablo Sarabia,
3,Presnel Kimpembe,https://fbref.com/en/players/aef6e670/Presnel-Kimpembe,3,3,fr FRA,CB,25-034,22,20,3,11,9,0,0,20,0,0,,0,,4,47,44,0,0,0,0,0,12,0,https://fbref.com/en/players/aef6e670/Presnel-Kimpembe-Presnel Kimpembe,
4,Idrissa Gana Gueye,https://fbref.com/en/players/72c812f3/Idrissa-Gana-Gueye,27,27,sn SEN,"LM,CM,CB",30-356,83,100,1,17,63,22,3,100,2,1,50.0,1,50.0,52,448,269,7,3,2,1,2,77,2,https://fbref.com/en/players/72c812f3/Idrissa-Gana-Gueye-Idrissa Gana Gueye,
5,Bandiougou Fadiga,https://fbref.com/en/players/45bb4303/Bandiougou-Fadiga,33,33,fr FRA,"CB,CM",19-245,7,6,1,5,2,0,0,6,1,1,100.0,0,0.0,3,11,4,0,0,0,1,0,2,0,https://fbref.com/en/players/45bb4303/Bandiougou-Fadiga-Bandiougou Fadiga,
6,Ander Herrera,https://fbref.com/en/players/436a9dd0/Ander-Herrera,21,21,es ESP,"CM,LM",31-033,90,107,3,26,59,22,2,107,1,0,0.0,1,100.0,46,255,152,1,1,0,1,0,78,2,https://fbref.com/en/players/436a9dd0/Ander-Herrera-Ander Herrera,
7,Julian Draxler,https://fbref.com/en/players/1a992676/Julian-Draxler,23,23,de GER,"RM,CM",26-362,90,72,0,4,34,34,5,72,0,0,,0,,40,327,182,9,1,2,0,0,56,9,https://fbref.com/en/players/1a992676/Julian-Draxler-Julian Draxler,
8,Mitchel Bakker,https://fbref.com/en/players/a8567629/Mitchel-Bakker,25,25,nl NED,LB,20-088,62,69,0,16,32,22,1,69,2,1,50.0,1,50.0,37,210,140,2,2,0,1,2,53,10,https://fbref.com/en/players/a8567629/Mitchel-Bakker-Mitchel Bakker,
9,Juan Bernat,https://fbref.com/en/players/433dc9a2/Juan-Bernat,14,14,es ESP,LB,27-199,28,16,1,3,6,7,0,16,0,0,,0,,12,113,76,2,1,0,0,0,13,1,https://fbref.com/en/players/433dc9a2/Juan-Bernat-Juan Bernat,
10,Abdou Diallo,https://fbref.com/en/players/fc62f087/Abdou-Diallo,22,22,sn SEN,CB,24-135,64,46,2,19,25,2,1,46,0,0,,0,,31,164,83,0,0,0,0,0,35,0,https://fbref.com/en/players/fc62f087/Abdou-Diallo-Abdou Diallo,
11,Marquinhos,https://fbref.com/en/players/d5f2f82b/Marquinhos,5,5,br BRA,CB,26-125,90,94,10,56,39,1,0,94,0,0,,0,,40,270,182,0,0,0,0,0,61,1,https://fbref.com/en/players/d5f2f82b/Marquinhos-Marquinhos,
12,Colin Dagba,https://fbref.com/en/players/29c02c9f/Colin-Dagba,31,31,fr FRA,"RB,RM",22-007,90,90,2,33,30,27,5,90,1,1,100.0,0,0.0,46,295,213,6,4,3,0,4,63,8,https://fbref.com/en/players/29c02c9f/Colin-Dagba-Colin Dagba,
13,Keylor Navas,https://fbref.com/en/players/ecada4fc/Keylor-Navas,1,1,cr CRC,GK,33-276,90,25,18,25,0,0,0,25,0,0,,0,,11,55,44,0,0,0,0,0,11,0,https://fbref.com/en/players/ecada4fc/Keylor-Navas-Keylor Navas,
