,Player Name,Player Number,Player,#,Nation,Pos,Age,Min,Tkl,TklW,Def 3rd,Mid 3rd,Att 3rd,Tkl,Att,Tkl%,Lost,Blocks,Sh,Pass,Int,Tkl+Int,Clr,Err,Player Key,Player Link
0,Mauro Icardi,https://fbref.com/en/players/43b78598/Mauro-Icardi,9,9,ar ARG,"FW,LW",27-210,90,0,0,0,0,0,0,1,0.0,1,0,0,0,0,0,0,0,https://fbref.com/en/players/43b78598/Mauro-Icardi-Mauro Icardi,
1,Ángel Di María,https://fbref.com/en/players/19cda00b/Angel-Di-Maria,11,11,ar ARG,"LW,RW,LM",32-215,90,0,0,0,0,0,0,1,0.0,1,1,0,1,0,0,0,0,https://fbref.com/en/players/19cda00b/Angel-Di-Maria-Ángel Di María,
2,Pablo Sarabia,https://fbref.com/en/players/9744ff80/Pablo-Sarabia,19,19,es ESP,RW,28-128,68,0,0,0,0,0,0,1,0.0,1,0,0,0,0,0,0,0,https://fbref.com/en/players/9744ff80/Pablo-Sarabia-Pablo Sarabia,
3,Presnel Kimpembe,https://fbref.com/en/players/aef6e670/Presnel-Kimpembe,3,3,fr FRA,CB,25-034,22,0,0,0,0,0,0,0,,0,0,0,0,0,0,2,0,https://fbref.com/en/players/aef6e670/Presnel-Kimpembe-Presnel Kimpembe,
4,Idrissa Gana Gueye,https://fbref.com/en/players/72c812f3/Idrissa-Gana-Gueye,27,27,sn SEN,"LM,CM,CB",30-356,83,1,1,1,0,0,1,2,50.0,1,0,0,0,0,1,0,0,https://fbref.com/en/players/72c812f3/Idrissa-Gana-Gueye-Idrissa Gana Gueye,
5,Bandiougou Fadiga,https://fbref.com/en/players/45bb4303/Bandiougou-Fadiga,33,33,fr FRA,"CB,CM",19-245,7,1,0,1,0,0,0,0,,0,0,0,0,0,1,0,0,https://fbref.com/en/players/45bb4303/Bandiougou-Fadiga-Bandiougou Fadiga,
6,Ander Herrera,https://fbref.com/en/players/436a9dd0/Ander-Herrera,21,21,es ESP,"CM,LM",31-033,90,5,4,2,2,1,3,8,37.5,5,1,0,1,2,7,1,0,https://fbref.com/en/players/436a9dd0/Ander-Herrera-Ander Herrera,
7,Julian Draxler,https://fbref.com/en/players/1a992676/Julian-Draxler,23,23,de GER,"RM,CM",26-362,90,0,0,0,0,0,0,1,0.0,1,0,0,0,1,1,0,0,https://fbref.com/en/players/1a992676/Julian-Draxler-Julian Draxler,
8,Mitchel Bakker,https://fbref.com/en/players/a8567629/Mitchel-Bakker,25,25,nl NED,LB,20-088,62,0,0,0,0,0,0,0,,0,1,0,1,0,0,0,0,https://fbref.com/en/players/a8567629/Mitchel-Bakker-Mitchel Bakker,
9,Juan Bernat,https://fbref.com/en/players/433dc9a2/Juan-Bernat,14,14,es ESP,LB,27-199,28,0,0,0,0,0,0,0,,0,0,0,0,0,0,1,0,https://fbref.com/en/players/433dc9a2/Juan-Bernat-Juan Bernat,
10,Abdou Diallo,https://fbref.com/en/players/fc62f087/Abdou-Diallo,22,22,sn SEN,CB,24-135,64,1,0,1,0,0,0,1,0.0,1,0,0,0,1,2,1,0,https://fbref.com/en/players/fc62f087/Abdou-Diallo-Abdou Diallo,
11,Marquinhos,https://fbref.com/en/players/d5f2f82b/Marquinhos,5,5,br BRA,CB,26-125,90,1,1,1,0,0,0,1,0.0,1,1,1,0,3,4,3,0,https://fbref.com/en/players/d5f2f82b/Marquinhos-Marquinhos,
12,Colin Dagba,https://fbref.com/en/players/29c02c9f/Colin-Dagba,31,31,fr FRA,"RB,RM",22-007,90,3,2,1,1,1,2,3,66.7,1,2,1,1,2,5,2,0,https://fbref.com/en/players/29c02c9f/Colin-Dagba-Colin Dagba,
13,Keylor Navas,https://fbref.com/en/players/ecada4fc/Keylor-Navas,1,1,cr CRC,GK,33-276,90,0,0,0,0,0,0,0,,0,0,0,0,0,0,0,0,https://fbref.com/en/players/ecada4fc/Keylor-Navas-Keylor Navas,
