,Minute,Player,Squad,xG,PSxG,Outcome,Distance,Body Part,Notes,SCA 1 Player,SCA 1 Event,SCA 2 Player,SCA 2 Event
0,2,Habib Diallo,Metz,0.33,,Off Target,8,Left Foot,,Farid Boulaya,Pass (Live),Fabien Centonze,Pass (Live)
1,3,Ángel Di María,Paris S-G,0.02,,Blocked,33,Left Foot,,Julian Draxler,Pass (Live),Idrissa Gana Gueye,Pass (Live)
2,4,Mauro Icardi,Paris S-G,0.07,,Blocked,10,Right Foot,,,,,
3,4,Ángel Di María,Paris S-G,0.02,0.07,Saved,29,Left Foot,,Colin Dagba,Pass (Live),Ángel Di María,Pass (Dead)
4,5,Farid Boulaya,Metz,0.04,,Blocked,18,Right Foot,,Farid Boulaya,Take-On,Alexandre Oukidja,Pass (Live)
5,8,Ángel Di María,Paris S-G,0.04,0.02,Saved,20,Left Foot,,Mauro Icardi,Pass (Live),Idrissa Gana Gueye,Pass (Live)
6,12,Mauro Icardi,Paris S-G,0.07,,Off Target,10,Head,,Ángel Di María,Pass (Live),Mitchel Bakker,Pass (Live)
7,13,Pablo Sarabia,Paris S-G,0.42,0.38,Saved,6,Left Foot,,Ángel Di María,Pass (Live),Pablo Sarabia,Pass (Live)
8,22,Julian Draxler,Paris S-G,0.03,,Off Target,30,Left Foot,,Ander Herrera,Pass (Live),Mitchel Bakker,Pass (Live)
9,25,Farid Boulaya,Metz,0.40,0.31,Saved,15,Right Foot,,Habib Diallo,Pass (Live),Ibrahima Niane,Pass (Live)
10,29,Ander Herrera,Paris S-G,0.03,,Off Target,26,Right Foot,Volley,Julian Draxler,Pass (Live),Marquinhos,Pass (Live)
11,32,Pablo Sarabia,Paris S-G,0.09,,Off Target,12,Left Foot,,Ander Herrera,Pass (Live),Mitchel Bakker,Pass (Live)
12,32,Mauro Icardi,Paris S-G,0.05,,Off Target,12,Head,,Ángel Di María,Pass (Live),Idrissa Gana Gueye,Pass (Live)
13,37,Idrissa Gana Gueye,Paris S-G,0.04,0.03,Saved,23,Right Foot,,,,,
14,38,Ibrahima Niane,Metz,0.07,,Off Target,9,Right Foot,,Farid Boulaya,Pass (Live),Habib Maïga,Pass (Live)
15,39,Pablo Sarabia,Paris S-G,0.32,0.23,Saved,10,Right Foot,,Ángel Di María,Pass (Live),Ander Herrera,Pass (Live)
16,,,,,,,,,,,,,
17,53,Abdou Diallo,Paris S-G,0.03,,Off Target,24,Left Foot,,Ángel Di María,Pass (Live),Idrissa Gana Gueye,Pass (Live)
18,58,Thomas Delaine,Metz,0.01,,Blocked,31,Left Foot,,Ibrahima Niane,Pass (Live),Habib Maïga,Pass (Live)
19,72,Ander Herrera,Paris S-G,0.08,,Off Target,7,Head,,Julian Draxler,Pass (Dead),,
20,76,Opa Nguette,Metz,0.04,,Blocked,23,Right Foot,,Fabien Centonze,Pass (Live),Mamadou Fofana,Pass (Live)
21,77,Mauro Icardi,Paris S-G,0.39,0.28,Saved,9,Left Foot,,Julian Draxler,Pass (Live),Idrissa Gana Gueye,Pass (Live)
22,78,Ángel Di María,Paris S-G,0.08,0.04,Saved,15,Left Foot,,Mauro Icardi,Pass (Live),Ángel Di María,Pass (Live)
23,79,Colin Dagba,Paris S-G,0.02,,Off Target,30,Right Foot,,Ángel Di María,Shot,,
24,83,Colin Dagba,Paris S-G,0.05,,Off Target,14,Left Foot,,Colin Dagba,Take-On,Ander Herrera,Pass (Live)
25,87,Ángel Di María,Paris S-G,0.04,,Off Target,32,Left Foot,Free kick,Ander Herrera,Fouled,Julian Draxler,Pass (Live)
26,90+1,Youssef Maziz,Metz,0.06,,Off Target,21,Right Foot,,Habib Maïga,Pass (Live),John Boye,Pass (Live)
27,90+3,Julian Draxler,Paris S-G,0.33,0.59,Goal,10,Head,,Marquinhos,Pass (Live),Colin Dagba,Pass (Live)
