,Player Name,Player Number,Player,#,Nation,Pos,Age,Min,Gls,Ast,PK,PKatt,Sh,SoT,CrdY,CrdR,Fls,Fld,Off,Crs,TklW,Int,OG,PKwon,PKcon,Player Key,Player Link
0,Frank Nouble,https://fbref.com/en/players/0a8e46da/Frank-Nouble,7,7,eng ENG,FW,28-347,90,1,0,0,0,4,1,1,0,4,2,0,2,0,0,0,,,https://fbref.com/en/players/0a8e46da/Frank-Nouble-Frank Nouble,
1,Ryan Hardie,https://fbref.com/en/players/7cd95992/Ryan-Hardie,9,9,sct SCO,FW,23-172,76,0,1,0,0,1,0,0,0,0,1,1,3,0,0,0,,,https://fbref.com/en/players/7cd95992/Ryan-Hardie-Ryan Hardie,
2,Dom Telford,https://fbref.com/en/players/f830bae5/Dom-Telford,11,11,eng ENG,FW,23-275,14,0,0,0,0,0,0,0,0,0,1,1,0,0,0,0,,,https://fbref.com/en/players/f830bae5/Dom-Telford-Dom Telford,
3,George Cooper,https://fbref.com/en/players/239aa601/George-Cooper,32,32,eng ENG,LM,23-308,88,0,1,0,0,2,1,0,0,1,2,0,2,1,1,0,,,https://fbref.com/en/players/239aa601/George-Cooper-George Cooper,
4,Ryan Law,https://fbref.com/en/players/c871fdb0/Ryan-Law,27,27,eng ENG,DF,20-363,2,0,0,0,0,0,0,0,0,0,0,0,0,0,0,0,,,https://fbref.com/en/players/c871fdb0/Ryan-Law-Ryan Law,
5,Danny Mayor,https://fbref.com/en/players/71e01c7f/Danny-Mayor,10,10,eng ENG,CM,29-323,84,1,0,0,0,3,1,0,0,1,0,0,0,1,2,0,,,https://fbref.com/en/players/71e01c7f/Danny-Mayor-Danny Mayor,
6,Panutche Camará,https://fbref.com/en/players/d84a2321/Panutche-Camara,28,28,gw GNB,"FW,MF",23-190,6,0,0,0,0,0,0,0,0,0,0,0,0,1,0,0,,,https://fbref.com/en/players/d84a2321/Panutche-Camara-Panutche Camará,
7,Conor Grant,https://fbref.com/en/players/c03c8acd/Conor-Grant,15,15,eng ENG,CM,25-140,90,0,1,0,0,0,0,0,0,1,0,0,1,1,2,0,,,https://fbref.com/en/players/c03c8acd/Conor-Grant-Conor Grant,
8,Lewis Macleod,https://fbref.com/en/players/e22e95c6/Lewis-Macleod,16,16,sct SCO,CM,26-081,90,0,0,0,0,2,0,0,0,1,2,0,0,5,1,0,,,https://fbref.com/en/players/e22e95c6/Lewis-Macleod-Lewis Macleod,
9,Joe Edwards,https://fbref.com/en/players/a04d478f/Joe-Edwards,8,8,eng ENG,RM,29-310,90,1,0,0,0,1,1,0,0,1,2,0,2,2,2,0,,,https://fbref.com/en/players/a04d478f/Joe-Edwards-Joe Edwards,
10,Kelland Watts,https://fbref.com/en/players/603e4f0b/Kelland-Watts,2,2,eng ENG,CB,20-307,90,0,0,0,0,0,0,0,0,1,0,0,0,1,0,0,,,https://fbref.com/en/players/603e4f0b/Kelland-Watts-Kelland Watts,
11,Scott Wootton,https://fbref.com/en/players/6f5afaeb/Scott-Wootton,5,5,eng ENG,CB,28-359,90,0,0,0,0,0,0,0,0,0,0,1,0,1,5,0,,,https://fbref.com/en/players/6f5afaeb/Scott-Wootton-Scott Wootton,
12,Will Aimson,https://fbref.com/en/players/4f71beda/Will-Aimson,4,4,eng ENG,CB,24-271,90,0,0,0,0,0,0,0,0,0,0,0,1,3,1,0,,,https://fbref.com/en/players/4f71beda/Will-Aimson-Will Aimson,
13,Michael Cooper,https://fbref.com/en/players/17186929/Michael-Cooper,1,1,eng ENG,GK,20-333,90,0,0,0,0,0,0,0,0,0,0,0,0,0,0,0,,,https://fbref.com/en/players/17186929/Michael-Cooper-Michael Cooper,
