,Player Name,Player Number,Player,#,Nation,Pos,Age,Min,Gls,Ast,PK,PKatt,Sh,SoT,CrdY,CrdR,Fls,Fld,Off,Crs,TklW,Int,OG,PKwon,PKcon,Player Key,Player Link
0,Aramide Oteh,https://fbref.com/en/players/3e4c5102/Aramide-Oteh,18,18,eng ENG,FW,21-361,76,0,0,0,0,2,1,0,0,0,0,1,1,0,0,0,,,https://fbref.com/en/players/3e4c5102/Aramide-Oteh-Aramide Oteh,
1,Olamide Shodipo,https://fbref.com/en/players/2688ebbf/Olamide-Shodipo,17,17,ie IRL,"FW,MF",23-062,14,0,0,0,0,0,0,0,0,0,1,0,4,0,1,0,,,https://fbref.com/en/players/2688ebbf/Olamide-Shodipo-Olamide Shodipo,
2,Bright Osayi-Samuel,https://fbref.com/en/players/03b6afa9/Bright-Osayi-Samuel,11,11,ng NGA,AM,22-249,90,0,0,0,0,6,3,0,0,0,1,0,1,0,1,0,,,https://fbref.com/en/players/03b6afa9/Bright-Osayi-Samuel-Bright Osayi-Samuel,
3,Ilias Chair,https://fbref.com/en/players/ad7873cb/Ilias-Chair,10,10,ma MAR,AM,22-311,90,0,1,0,0,2,0,0,0,1,0,0,7,0,0,0,,,https://fbref.com/en/players/ad7873cb/Ilias-Chair-Ilias Chair,
4,Luke Amos,https://fbref.com/en/players/77128f7e/Luke-Amos,8,8,eng ENG,AM,23-195,90,0,0,0,0,0,0,0,0,0,0,0,2,0,1,0,,,https://fbref.com/en/players/77128f7e/Luke-Amos-Luke Amos,
5,Tom Carroll,https://fbref.com/en/players/5a1900a4/Tom-Carroll,22,22,eng ENG,DM,28-100,63,0,0,0,0,0,0,0,0,4,0,0,1,1,0,0,,,https://fbref.com/en/players/5a1900a4/Tom-Carroll-Tom Carroll,
6,Paul Smyth,https://fbref.com/en/players/0747000e/Paul-Smyth,38,38,nir NIR,"FW,MF",22-361,27,0,0,0,0,2,0,0,0,0,0,0,2,0,0,0,,,https://fbref.com/en/players/0747000e/Paul-Smyth-Paul Smyth,
7,Dominic Ball,https://fbref.com/en/players/79d61875/Dominic-Ball,12,12,eng ENG,DM,25-034,76,0,0,0,0,0,0,0,0,1,2,0,0,1,0,0,,,https://fbref.com/en/players/79d61875/Dominic-Ball-Dominic Ball,
8,Faysal Bettache,https://fbref.com/en/players/34747acf/Faysal-Bettache,26,26,eng ENG,MF,20-060,14,0,0,0,0,0,0,0,0,0,0,0,0,0,0,0,,,https://fbref.com/en/players/34747acf/Faysal-Bettache-Faysal Bettache,
9,Ryan Manning,https://fbref.com/en/players/847b53eb/Ryan-Manning,14,14,ie IRL,LB,24-083,90,1,0,0,0,3,3,0,0,0,2,0,6,2,2,0,,,https://fbref.com/en/players/847b53eb/Ryan-Manning-Ryan Manning,
10,Conor Masterson,https://fbref.com/en/players/db975607/Conor-Masterson,23,23,ie IRL,CB,21-363,90,0,0,0,0,1,1,0,0,1,1,0,0,0,2,0,,,https://fbref.com/en/players/db975607/Conor-Masterson-Conor Masterson,
11,Robert Dickie,https://fbref.com/en/players/c7dfc411/Robert-Dickie,4,4,eng ENG,CB,24-186,90,0,0,0,0,0,0,0,0,2,1,0,0,0,5,0,,,https://fbref.com/en/players/c7dfc411/Robert-Dickie-Robert Dickie,
12,Osman Kakay,https://fbref.com/en/players/0aed0751/Osman-Kakay,24,24,sl SLE,RB,23-011,90,1,0,0,0,1,1,0,0,2,2,0,5,0,2,0,,,https://fbref.com/en/players/0aed0751/Osman-Kakay-Osman Kakay,
13,Joe Lumley,https://fbref.com/en/players/bdf3a08e/Joe-Lumley,1,1,eng ENG,GK,25-203,90,0,0,0,0,0,0,0,0,0,0,0,0,0,0,0,,,https://fbref.com/en/players/bdf3a08e/Joe-Lumley-Joe Lumley,
