,Player Name,Player Number,Player,#,Nation,Pos,Age,Min,Att,Live,Dead,FK,TB,Sw,Crs,TI,CK,In,Out,Str,Cmp,Off,Blocks,Player Key,Player Link
0,Sam Surridge,https://fbref.com/en/players/b017b770/Sam-Surridge,14,14,eng ENG,FW,22-081,60,7,6,1,0,0,0,1,0,0,0,0,0,4,0,0,https://fbref.com/en/players/b017b770/Sam-Surridge-Sam Surridge,
1,Arnaut Danjuma,https://fbref.com/en/players/f08490a6/Arnaut-Danjuma,10,10,nl NED,FW,23-260,30,8,7,1,0,0,0,0,0,1,0,0,0,5,0,1,https://fbref.com/en/players/f08490a6/Arnaut-Danjuma-Arnaut Danjuma,
2,Dominic Solanke,https://fbref.com/en/players/e77dc3b2/Dominic-Solanke,9,9,eng ENG,FW,23-033,90,26,23,1,0,0,0,1,1,0,0,0,0,15,2,3,https://fbref.com/en/players/e77dc3b2/Dominic-Solanke-Dominic Solanke,
3,Dan Gosling,https://fbref.com/en/players/7fec31a0/Dan-Gosling,4,4,eng ENG,CM,30-259,90,26,25,1,0,0,1,0,1,0,0,0,0,22,0,0,https://fbref.com/en/players/7fec31a0/Dan-Gosling-Dan Gosling,
4,Lewis Cook,https://fbref.com/en/players/2afc7272/Lewis-Cook,16,16,eng ENG,CM,23-257,90,51,43,8,7,0,0,0,1,0,0,0,0,44,0,2,https://fbref.com/en/players/2afc7272/Lewis-Cook-Lewis Cook,
5,Jefferson Lerma,https://fbref.com/en/players/9b5ce51a/Jefferson-Lerma,8,8,co COL,CM,25-358,75,35,35,0,0,0,0,0,0,0,0,0,0,26,0,1,https://fbref.com/en/players/9b5ce51a/Jefferson-Lerma-Jefferson Lerma,
6,Junior Stanislas,https://fbref.com/en/players/6992791d/Junior-Stanislas,19,19,eng ENG,CM,30-326,15,11,11,0,0,0,0,0,0,0,0,0,0,9,0,0,https://fbref.com/en/players/6992791d/Junior-Stanislas-Junior Stanislas,
7,Adam Smith,https://fbref.com/en/players/20b104bc/Adam-Smith,15,15,eng ENG,WB,29-171,90,53,43,9,0,0,0,3,9,0,0,0,0,38,1,0,https://fbref.com/en/players/20b104bc/Adam-Smith-Adam Smith,
8,Jack Stacey,https://fbref.com/en/players/558807c0/Jack-Stacey,17,17,eng ENG,WB,24-194,90,52,45,7,0,0,0,2,7,0,0,0,0,33,0,0,https://fbref.com/en/players/558807c0/Jack-Stacey-Jack Stacey,
9,Diego Rico,https://fbref.com/en/players/d9ba39fc/Diego-Rico,21,21,es ESP,CB,27-237,90,92,80,11,4,0,1,9,5,2,1,0,0,68,1,1,https://fbref.com/en/players/d9ba39fc/Diego-Rico-Diego Rico,
10,Steve Cook,https://fbref.com/en/players/3e5e4e63/Steve-Cook,3,3,eng ENG,CB,29-181,90,42,39,3,3,0,2,0,0,0,0,0,0,30,0,1,https://fbref.com/en/players/3e5e4e63/Steve-Cook-Steve Cook,
11,Chris Mepham,https://fbref.com/en/players/fed96827/Chris-Mepham,6,6,wls WAL,CB,22-347,90,56,50,5,2,0,1,0,3,0,0,0,0,44,1,0,https://fbref.com/en/players/fed96827/Chris-Mepham-Chris Mepham,
12,Asmir Begović,https://fbref.com/en/players/7b4de647/Asmir-Begovic,1,1,ba BIH,GK,33-119,90,31,20,11,2,0,0,0,0,0,0,0,0,28,0,0,https://fbref.com/en/players/7b4de647/Asmir-Begovic-Asmir Begović,
