,Player Name,Player Number,Player,#,Nation,Pos,Age,Min,Gls,Ast,PK,PKatt,Sh,SoT,CrdY,CrdR,Touches,Tkl,Int,Blocks,xG,npxG,xAG,SCA,GCA,Cmp,Att,Cmp%,PrgP,Carries,PrgC,Att,Succ,Player Key,Player Link
0,Sam Surridge,https://fbref.com/en/players/b017b770/Sam-Surridge,14,14,eng ENG,FW,22-081,60,0,0,0,0,1,0,0,0,15,0,1,1,0.0,0.0,0.0,1,0,4,7,57.1,0,10,1,1,1,https://fbref.com/en/players/b017b770/Sam-Surridge-Sam Surridge,
1,Arnaut Danjuma,https://fbref.com/en/players/f08490a6/Arnaut-Danjuma,10,10,nl NED,FW,23-260,30,0,0,0,0,1,0,0,0,12,0,0,0,0.0,0.0,0.0,1,0,5,8,62.5,0,9,2,1,1,https://fbref.com/en/players/f08490a6/Arnaut-Danjuma-Arnaut Danjuma,
2,Dominic Solanke,https://fbref.com/en/players/e77dc3b2/Dominic-Solanke,9,9,eng ENG,FW,23-033,90,0,0,0,0,3,0,0,0,39,0,0,0,0.2,0.2,0.0,1,0,15,26,57.7,2,28,1,6,3,https://fbref.com/en/players/e77dc3b2/Dominic-Solanke-Dominic Solanke,
3,Dan Gosling,https://fbref.com/en/players/7fec31a0/Dan-Gosling,4,4,eng ENG,CM,30-259,90,0,0,0,0,1,0,0,0,39,3,1,0,0.1,0.1,0.0,2,0,22,26,84.6,6,24,1,1,0,https://fbref.com/en/players/7fec31a0/Dan-Gosling-Dan Gosling,
4,Lewis Cook,https://fbref.com/en/players/2afc7272/Lewis-Cook,16,16,eng ENG,CM,23-257,90,0,0,0,0,1,0,0,0,58,0,1,0,0.0,0.0,0.0,3,0,44,51,86.3,2,34,0,1,1,https://fbref.com/en/players/2afc7272/Lewis-Cook-Lewis Cook,
5,Jefferson Lerma,https://fbref.com/en/players/9b5ce51a/Jefferson-Lerma,8,8,co COL,CM,25-358,75,0,0,0,0,0,0,0,0,39,1,1,1,0.0,0.0,0.0,1,0,26,35,74.3,3,24,0,0,0,https://fbref.com/en/players/9b5ce51a/Jefferson-Lerma-Jefferson Lerma,
6,Junior Stanislas,https://fbref.com/en/players/6992791d/Junior-Stanislas,19,19,eng ENG,CM,30-326,15,0,0,0,0,0,0,0,0,12,0,0,0,0.0,0.0,0.0,0,0,9,11,81.8,2,12,0,0,0,https://fbref.com/en/players/6992791d/Junior-Stanislas-Junior Stanislas,
7,Adam Smith,https://fbref.com/en/players/20b104bc/Adam-Smith,15,15,eng ENG,WB,29-171,90,0,0,0,0,0,0,0,0,68,1,1,0,0.0,0.0,0.1,1,0,38,53,71.7,3,40,6,4,1,https://fbref.com/en/players/20b104bc/Adam-Smith-Adam Smith,
8,Jack Stacey,https://fbref.com/en/players/558807c0/Jack-Stacey,17,17,eng ENG,WB,24-194,90,0,0,0,0,0,0,0,0,61,0,0,1,0.0,0.0,0.1,2,0,33,52,63.5,4,35,2,3,2,https://fbref.com/en/players/558807c0/Jack-Stacey-Jack Stacey,
9,Diego Rico,https://fbref.com/en/players/d9ba39fc/Diego-Rico,21,21,es ESP,CB,27-237,90,0,0,0,0,1,0,1,0,108,5,5,0,0.0,0.0,0.0,0,0,68,92,73.9,6,75,2,3,3,https://fbref.com/en/players/d9ba39fc/Diego-Rico-Diego Rico,
10,Steve Cook,https://fbref.com/en/players/3e5e4e63/Steve-Cook,3,3,eng ENG,CB,29-181,90,0,0,0,0,0,0,0,0,50,0,0,0,0.0,0.0,0.0,1,0,30,42,71.4,1,26,1,0,0,https://fbref.com/en/players/3e5e4e63/Steve-Cook-Steve Cook,
11,Chris Mepham,https://fbref.com/en/players/fed96827/Chris-Mepham,6,6,wls WAL,CB,22-347,90,0,0,0,0,0,0,0,0,64,3,0,1,0.0,0.0,0.1,1,0,44,56,78.6,9,38,0,1,0,https://fbref.com/en/players/fed96827/Chris-Mepham-Chris Mepham,
12,Asmir Begović,https://fbref.com/en/players/7b4de647/Asmir-Begovic,1,1,ba BIH,GK,33-119,90,0,0,0,0,0,0,0,0,33,0,0,0,0.0,0.0,0.0,0,0,28,31,90.3,0,19,0,0,0,https://fbref.com/en/players/7b4de647/Asmir-Begovic-Asmir Begović,
