,Player Name,Player Number,Player,#,Nation,Pos,Age,Min,Touches,Def Pen,Def 3rd,Mid 3rd,Att 3rd,Att Pen,Live,Att,Succ,Succ%,Tkld,Tkld%,Carries,TotDist,PrgDist,PrgC,1/3,CPA,Mis,Dis,Rec,PrgR,Player Key,Player Link
0,Sam Surridge,https://fbref.com/en/players/b017b770/Sam-Surridge,14,14,eng ENG,FW,22-081,60,15,0,1,9,6,4,15,1,1,100.0,0,0.0,10,36,17,1,0,1,3,0,10,3,https://fbref.com/en/players/b017b770/Sam-Surridge-Sam Surridge,
1,Arnaut Danjuma,https://fbref.com/en/players/f08490a6/Arnaut-Danjuma,10,10,nl NED,FW,23-260,30,12,0,0,3,10,2,12,1,1,100.0,0,0.0,9,84,57,2,2,1,2,0,9,2,https://fbref.com/en/players/f08490a6/Arnaut-Danjuma-Arnaut Danjuma,
2,Dominic Solanke,https://fbref.com/en/players/e77dc3b2/Dominic-Solanke,9,9,eng ENG,FW,23-033,90,39,1,2,20,19,5,39,6,3,50.0,3,50.0,28,164,45,1,2,1,2,4,31,9,https://fbref.com/en/players/e77dc3b2/Dominic-Solanke-Dominic Solanke,
3,Dan Gosling,https://fbref.com/en/players/7fec31a0/Dan-Gosling,4,4,eng ENG,CM,30-259,90,39,0,11,19,9,1,39,1,0,0.0,1,100.0,24,114,57,1,1,0,3,1,25,2,https://fbref.com/en/players/7fec31a0/Dan-Gosling-Dan Gosling,
4,Lewis Cook,https://fbref.com/en/players/2afc7272/Lewis-Cook,16,16,eng ENG,CM,23-257,90,58,3,19,36,4,0,58,1,1,100.0,0,0.0,34,135,57,0,0,0,0,3,31,0,https://fbref.com/en/players/2afc7272/Lewis-Cook-Lewis Cook,
5,Jefferson Lerma,https://fbref.com/en/players/9b5ce51a/Jefferson-Lerma,8,8,co COL,CM,25-358,75,39,1,5,27,7,0,39,0,0,,0,,24,100,22,0,0,0,0,1,25,2,https://fbref.com/en/players/9b5ce51a/Jefferson-Lerma-Jefferson Lerma,
6,Junior Stanislas,https://fbref.com/en/players/6992791d/Junior-Stanislas,19,19,eng ENG,CM,30-326,15,12,0,3,8,1,0,12,0,0,,0,,12,57,22,0,0,0,0,1,10,0,https://fbref.com/en/players/6992791d/Junior-Stanislas-Junior Stanislas,
7,Adam Smith,https://fbref.com/en/players/20b104bc/Adam-Smith,15,15,eng ENG,WB,29-171,90,68,1,20,26,22,5,68,4,1,25.0,3,75.0,40,390,257,6,6,1,0,2,37,9,https://fbref.com/en/players/20b104bc/Adam-Smith-Adam Smith,
8,Jack Stacey,https://fbref.com/en/players/558807c0/Jack-Stacey,17,17,eng ENG,WB,24-194,90,61,2,16,33,14,0,61,3,2,66.7,1,33.3,35,241,107,2,3,0,2,0,34,6,https://fbref.com/en/players/558807c0/Jack-Stacey-Jack Stacey,
9,Diego Rico,https://fbref.com/en/players/d9ba39fc/Diego-Rico,21,21,es ESP,CB,27-237,90,108,7,50,40,18,0,108,3,3,100.0,0,0.0,75,333,157,2,2,0,0,2,71,4,https://fbref.com/en/players/d9ba39fc/Diego-Rico-Diego Rico,
10,Steve Cook,https://fbref.com/en/players/3e5e4e63/Steve-Cook,3,3,eng ENG,CB,29-181,90,50,5,30,20,2,0,50,0,0,,0,,26,164,80,1,1,0,0,0,25,0,https://fbref.com/en/players/3e5e4e63/Steve-Cook-Steve Cook,
11,Chris Mepham,https://fbref.com/en/players/fed96827/Chris-Mepham,6,6,wls WAL,CB,22-347,90,64,3,26,37,1,1,64,1,0,0.0,1,100.0,38,192,99,0,0,0,1,1,38,0,https://fbref.com/en/players/fed96827/Chris-Mepham-Chris Mepham,
12,Asmir Begović,https://fbref.com/en/players/7b4de647/Asmir-Begovic,1,1,ba BIH,GK,33-119,90,33,32,33,0,0,0,33,0,0,,0,,19,51,20,0,0,0,0,0,14,0,https://fbref.com/en/players/7b4de647/Asmir-Begovic-Asmir Begović,
