,Player Name,Player Number,Player,#,Nation,Pos,Age,Min,Tkl,TklW,Def 3rd,Mid 3rd,Att 3rd,Tkl,Att,Tkl%,Lost,Blocks,Sh,Pass,Int,Tkl+Int,Clr,Err,Player Key,Player Link
0,Macauley Bonne,https://fbref.com/en/players/9ca8b21c/Macauley-Bonne,7,7,zw ZIM,FW,24-357,90,0,0,0,0,0,0,1,0.0,1,1,0,1,0,0,1,0,https://fbref.com/en/players/9ca8b21c/Macauley-Bonne-Macauley Bonne,
1,Ilias Chair,https://fbref.com/en/players/ad7873cb/Ilias-Chair,10,10,ma MAR,LW,22-353,82,3,2,0,1,2,1,3,33.3,2,2,1,1,0,3,0,0,https://fbref.com/en/players/ad7873cb/Ilias-Chair-Ilias Chair,
2,Chris Willock,https://fbref.com/en/players/be0bd828/Chris-Willock,21,21,eng ENG,LW,22-260,8,0,0,0,0,0,0,0,,0,0,0,0,0,0,0,0,https://fbref.com/en/players/be0bd828/Chris-Willock-Chris Willock,
3,Bright Osayi-Samuel,https://fbref.com/en/players/03b6afa9/Bright-Osayi-Samuel,11,11,ng NGA,RW,22-291,66,1,0,0,1,0,0,0,,0,0,0,0,2,3,0,0,https://fbref.com/en/players/03b6afa9/Bright-Osayi-Samuel-Bright Osayi-Samuel,
4,Albert Adomah,https://fbref.com/en/players/c7174e81/Albert-Adomah,37,37,gh GHA,RW,32-309,24,0,0,0,0,0,0,1,0.0,1,0,0,0,0,0,0,0,https://fbref.com/en/players/c7174e81/Albert-Adomah-Albert Adomah,
5,Luke Amos,https://fbref.com/en/players/77128f7e/Luke-Amos,8,8,eng ENG,AM,23-237,71,5,3,0,3,2,0,2,0.0,2,1,0,1,2,7,0,0,https://fbref.com/en/players/77128f7e/Luke-Amos-Luke Amos,
6,Tom Carroll,https://fbref.com/en/players/5a1900a4/Tom-Carroll,22,22,eng ENG,AM,28-142,19,1,1,0,0,1,0,0,,0,0,0,0,0,1,0,0,https://fbref.com/en/players/5a1900a4/Tom-Carroll-Tom Carroll,
7,Geoff Cameron,https://fbref.com/en/players/1a160ea3/Geoff-Cameron,20,20,us USA,DM,35-098,90,3,2,0,2,1,3,4,75.0,1,1,1,0,5,8,0,0,https://fbref.com/en/players/1a160ea3/Geoff-Cameron-Geoff Cameron,
8,Dominic Ball,https://fbref.com/en/players/79d61875/Dominic-Ball,12,12,eng ENG,DM,25-076,90,1,1,0,1,0,0,1,0.0,1,1,0,1,1,2,0,0,https://fbref.com/en/players/79d61875/Dominic-Ball-Dominic Ball,
9,Lee Wallace,https://fbref.com/en/players/c3a396e2/Lee-Wallace,3,3,sct SCO,LB,33-077,90,3,2,1,1,1,1,1,100.0,0,0,0,0,1,4,3,0,https://fbref.com/en/players/c3a396e2/Lee-Wallace-Lee Wallace,
10,Yoann Barbet,https://fbref.com/en/players/c52bbd2c/Yoann-Barbet,6,6,fr FRA,CB,27-160,90,1,0,0,1,0,0,2,0.0,2,1,0,1,3,4,3,0,https://fbref.com/en/players/c52bbd2c/Yoann-Barbet-Yoann Barbet,
11,Robert Dickie,https://fbref.com/en/players/c7dfc411/Robert-Dickie,4,4,eng ENG,CB,24-228,90,4,3,2,2,0,3,4,75.0,1,3,1,2,1,5,4,0,https://fbref.com/en/players/c7dfc411/Robert-Dickie-Robert Dickie,
12,Osman Kakay,https://fbref.com/en/players/0aed0751/Osman-Kakay,24,24,sl SLE,RB,23-053,90,2,1,1,0,1,1,2,50.0,1,2,2,0,1,3,3,0,https://fbref.com/en/players/0aed0751/Osman-Kakay-Osman Kakay,
13,Seny Dieng,https://fbref.com/en/players/c135cddd/Seny-Dieng,13,13,sn SEN,GK,25-329,90,0,0,0,0,0,0,0,,0,0,0,0,0,0,0,0,https://fbref.com/en/players/c135cddd/Seny-Dieng-Seny Dieng,
