,Player Name,Player Number,Player,#,Nation,Pos,Age,Min,Gls,Ast,PK,PKatt,Sh,SoT,CrdY,CrdR,Touches,Tkl,Int,Blocks,xG,npxG,xAG,SCA,GCA,Cmp,Att,Cmp%,PrgP,Carries,PrgC,Att,Succ,Player Key,Player Link
0,Macauley Bonne,https://fbref.com/en/players/9ca8b21c/Macauley-Bonne,7,7,zw ZIM,FW,24-357,90,0,0,0,0,2,1,0,0,33,0,0,1,0.3,0.3,0.0,1,0,10,22,45.5,1,15,3,0,0,https://fbref.com/en/players/9ca8b21c/Macauley-Bonne-Macauley Bonne,
1,Ilias Chair,https://fbref.com/en/players/ad7873cb/Ilias-Chair,10,10,ma MAR,LW,22-353,82,0,0,0,0,1,0,1,0,37,3,0,2,0.0,0.0,0.0,3,0,18,30,60.0,4,18,4,1,0,https://fbref.com/en/players/ad7873cb/Ilias-Chair-Ilias Chair,
2,Chris Willock,https://fbref.com/en/players/be0bd828/Chris-Willock,21,21,eng ENG,LW,22-260,8,0,0,0,0,0,0,0,0,6,0,0,0,0.0,0.0,0.0,0,0,4,5,80.0,1,5,0,0,0,https://fbref.com/en/players/be0bd828/Chris-Willock-Chris Willock,
3,Bright Osayi-Samuel,https://fbref.com/en/players/03b6afa9/Bright-Osayi-Samuel,11,11,ng NGA,RW,22-291,66,0,0,0,0,2,1,1,0,25,1,2,0,0.1,0.1,0.0,0,0,9,11,81.8,1,13,2,4,1,https://fbref.com/en/players/03b6afa9/Bright-Osayi-Samuel-Bright Osayi-Samuel,
4,Albert Adomah,https://fbref.com/en/players/c7174e81/Albert-Adomah,37,37,gh GHA,RW,32-309,24,0,0,0,0,0,0,0,0,14,0,0,0,0.0,0.0,0.0,0,0,6,12,50.0,2,9,5,3,2,https://fbref.com/en/players/c7174e81/Albert-Adomah-Albert Adomah,
5,Luke Amos,https://fbref.com/en/players/77128f7e/Luke-Amos,8,8,eng ENG,AM,23-237,71,0,0,0,0,1,0,0,0,28,5,2,1,0.0,0.0,0.3,2,0,16,18,88.9,2,12,1,1,0,https://fbref.com/en/players/77128f7e/Luke-Amos-Luke Amos,
6,Tom Carroll,https://fbref.com/en/players/5a1900a4/Tom-Carroll,22,22,eng ENG,AM,28-142,19,0,0,0,0,0,0,0,0,19,1,0,0,0.0,0.0,0.0,1,0,13,16,81.3,2,6,0,0,0,https://fbref.com/en/players/5a1900a4/Tom-Carroll-Tom Carroll,
7,Geoff Cameron,https://fbref.com/en/players/1a160ea3/Geoff-Cameron,20,20,us USA,DM,35-098,90,0,0,0,0,0,0,0,0,52,3,5,1,0.0,0.0,0.0,1,0,30,42,71.4,4,19,0,2,1,https://fbref.com/en/players/1a160ea3/Geoff-Cameron-Geoff Cameron,
8,Dominic Ball,https://fbref.com/en/players/79d61875/Dominic-Ball,12,12,eng ENG,DM,25-076,90,0,0,0,0,0,0,0,0,57,1,1,1,0.0,0.0,0.0,0,0,35,47,74.5,5,18,0,3,1,https://fbref.com/en/players/79d61875/Dominic-Ball-Dominic Ball,
9,Lee Wallace,https://fbref.com/en/players/c3a396e2/Lee-Wallace,3,3,sct SCO,LB,33-077,90,0,0,0,0,0,0,0,0,53,3,1,0,0.0,0.0,0.1,2,0,32,46,69.6,4,17,1,0,0,https://fbref.com/en/players/c3a396e2/Lee-Wallace-Lee Wallace,
10,Yoann Barbet,https://fbref.com/en/players/c52bbd2c/Yoann-Barbet,6,6,fr FRA,CB,27-160,90,0,0,0,0,0,0,0,0,56,1,3,1,0.0,0.0,0.0,0,0,34,45,75.6,4,17,0,0,0,https://fbref.com/en/players/c52bbd2c/Yoann-Barbet-Yoann Barbet,
11,Robert Dickie,https://fbref.com/en/players/c7dfc411/Robert-Dickie,4,4,eng ENG,CB,24-228,90,0,0,0,0,0,0,0,0,49,4,1,3,0.0,0.0,0.0,0,0,28,35,80.0,0,12,0,0,0,https://fbref.com/en/players/c7dfc411/Robert-Dickie-Robert Dickie,
12,Osman Kakay,https://fbref.com/en/players/0aed0751/Osman-Kakay,24,24,sl SLE,RB,23-053,90,0,0,0,0,0,0,1,0,76,2,1,2,0.0,0.0,0.1,1,0,46,63,73.0,1,22,0,1,0,https://fbref.com/en/players/0aed0751/Osman-Kakay-Osman Kakay,
13,Seny Dieng,https://fbref.com/en/players/c135cddd/Seny-Dieng,13,13,sn SEN,GK,25-329,90,0,0,0,0,0,0,0,0,38,0,0,0,0.0,0.0,0.0,1,0,21,37,56.8,0,19,0,0,0,https://fbref.com/en/players/c135cddd/Seny-Dieng-Seny Dieng,
