,Player Name,Player Number,Player,#,Nation,Pos,Age,Min,Touches,Def Pen,Def 3rd,Mid 3rd,Att 3rd,Att Pen,Live,Att,Succ,Succ%,Tkld,Tkld%,Carries,TotDist,PrgDist,PrgC,1/3,CPA,Mis,Dis,Rec,PrgR,Player Key,Player Link
0,Macauley Bonne,https://fbref.com/en/players/9ca8b21c/Macauley-Bonne,7,7,zw ZIM,FW,24-357,90,33,1,4,12,17,5,33,0,0,,0,,15,51,22,3,1,1,4,0,25,7,https://fbref.com/en/players/9ca8b21c/Macauley-Bonne-Macauley Bonne,
1,Ilias Chair,https://fbref.com/en/players/ad7873cb/Ilias-Chair,10,10,ma MAR,LW,22-353,82,37,0,2,13,22,2,37,1,0,0.0,1,100.0,18,133,71,4,1,2,1,1,23,2,https://fbref.com/en/players/ad7873cb/Ilias-Chair-Ilias Chair,
2,Chris Willock,https://fbref.com/en/players/be0bd828/Chris-Willock,21,21,eng ENG,LW,22-260,8,6,0,0,3,3,0,6,0,0,,0,,5,21,7,0,0,0,1,0,4,2,https://fbref.com/en/players/be0bd828/Chris-Willock-Chris Willock,
3,Bright Osayi-Samuel,https://fbref.com/en/players/03b6afa9/Bright-Osayi-Samuel,11,11,ng NGA,RW,22-291,66,25,0,1,11,13,3,25,4,1,25.0,3,75.0,13,144,41,2,2,1,2,2,15,1,https://fbref.com/en/players/03b6afa9/Bright-Osayi-Samuel-Bright Osayi-Samuel,
4,Albert Adomah,https://fbref.com/en/players/c7174e81/Albert-Adomah,37,37,gh GHA,RW,32-309,24,14,0,1,5,10,1,14,3,2,66.7,1,33.3,9,151,107,5,1,0,0,0,11,4,https://fbref.com/en/players/c7174e81/Albert-Adomah-Albert Adomah,
5,Luke Amos,https://fbref.com/en/players/77128f7e/Luke-Amos,8,8,eng ENG,AM,23-237,71,28,0,3,15,10,1,28,1,0,0.0,1,100.0,12,92,20,1,0,0,3,0,17,2,https://fbref.com/en/players/77128f7e/Luke-Amos-Luke Amos,
6,Tom Carroll,https://fbref.com/en/players/5a1900a4/Tom-Carroll,22,22,eng ENG,AM,28-142,19,19,0,2,3,14,1,19,0,0,,0,,6,7,3,0,0,0,1,0,16,4,https://fbref.com/en/players/5a1900a4/Tom-Carroll-Tom Carroll,
7,Geoff Cameron,https://fbref.com/en/players/1a160ea3/Geoff-Cameron,20,20,us USA,DM,35-098,90,52,1,13,34,5,0,52,2,1,50.0,1,50.0,19,135,43,0,1,0,0,0,29,0,https://fbref.com/en/players/1a160ea3/Geoff-Cameron-Geoff Cameron,
8,Dominic Ball,https://fbref.com/en/players/79d61875/Dominic-Ball,12,12,eng ENG,DM,25-076,90,57,1,11,35,13,0,57,3,1,33.3,2,66.7,18,153,52,0,3,0,2,0,34,1,https://fbref.com/en/players/79d61875/Dominic-Ball-Dominic Ball,
9,Lee Wallace,https://fbref.com/en/players/c3a396e2/Lee-Wallace,3,3,sct SCO,LB,33-077,90,53,4,19,21,14,0,53,0,0,,0,,17,123,67,1,1,0,0,0,30,6,https://fbref.com/en/players/c3a396e2/Lee-Wallace-Lee Wallace,
10,Yoann Barbet,https://fbref.com/en/players/c52bbd2c/Yoann-Barbet,6,6,fr FRA,CB,27-160,90,56,4,30,23,5,1,56,0,0,,0,,17,108,62,0,2,0,0,0,23,1,https://fbref.com/en/players/c52bbd2c/Yoann-Barbet-Yoann Barbet,
11,Robert Dickie,https://fbref.com/en/players/c7dfc411/Robert-Dickie,4,4,eng ENG,CB,24-228,90,49,9,32,16,2,0,49,0,0,,0,,12,44,26,0,1,0,0,0,20,0,https://fbref.com/en/players/c7dfc411/Robert-Dickie-Robert Dickie,
12,Osman Kakay,https://fbref.com/en/players/0aed0751/Osman-Kakay,24,24,sl SLE,RB,23-053,90,76,5,25,24,27,0,76,1,0,0.0,1,100.0,22,63,29,0,0,0,2,0,37,1,https://fbref.com/en/players/0aed0751/Osman-Kakay-Osman Kakay,
13,Seny Dieng,https://fbref.com/en/players/c135cddd/Seny-Dieng,13,13,sn SEN,GK,25-329,90,38,25,38,0,0,0,38,0,0,,0,,19,103,69,0,0,0,0,0,17,0,https://fbref.com/en/players/c135cddd/Seny-Dieng-Seny Dieng,
