,Minute,Player,Squad,xG,PSxG,Outcome,Distance,Body Part,Notes,SCA 1 Player,SCA 1 Event,SCA 2 Player,SCA 2 Event
0,4,Bright Osayi-Samuel,QPR,0.04,0.14,Saved,20,Left Foot,,Geoff Cameron,Pass (Live),Seny Dieng,Pass (Live)
1,5,Luke Amos,QPR,0.04,,Off Target,8,Head,,Lee Wallace,Pass (Live),Ilias Chair,Pass (Dead)
2,25,Macauley Bonne,QPR,0.32,0.66,Saved,14,Right Foot,,Luke Amos,Pass (Live),Luke Amos,Interception
3,32,Ilias Chair,QPR,0.03,,Blocked,30,Right Foot,,Lee Wallace,Pass (Live),Ilias Chair,Pass (Live)
4,34,Dominic Solanke,Bournemouth,0.06,,Off Target,13,Right Foot,Volley,Chris Mepham,Pass (Live),Jefferson Lerma,Pass (Live)
5,,,,,,,,,,,,,
6,52,Lewis Cook,Bournemouth,0.03,,Blocked,26,Left Foot,,,,,
7,54,Bright Osayi-Samuel,QPR,0.05,,Off Target,11,Right Foot,,Osman Kakay,Pass (Live),Ilias Chair,Pass (Live)
8,59,Sam Surridge,Bournemouth,0.04,,Blocked,20,Right Foot,,Sam Surridge,Take-On,Steve Cook,Pass (Live)
9,62,Arnaut Danjuma,Bournemouth,0.05,,Blocked,17,Left Foot,,Jack Stacey,Pass (Live),Dan Gosling,Pass (Live)
10,64,Diego Rico,Bournemouth,0.02,,Blocked,30,Left Foot,,Arnaut Danjuma,Pass (Live),Lewis Cook,Pass (Live)
11,66,Dan Gosling,Bournemouth,0.06,,Blocked,18,Right Foot,,Adam Smith,Pass (Live),Dominic Solanke,Take-On
12,69,Dominic Solanke,Bournemouth,0.07,,Off Target,9,Head,,Jack Stacey,Pass (Live),Dan Gosling,Pass (Live)
13,79,Dominic Solanke,Bournemouth,0.04,,Off Target,15,Right Foot,,Lewis Cook,Pass (Live),Lewis Cook,Pass (Dead)
14,83,Macauley Bonne,QPR,0.03,,Off Target,24,Left Foot,,Tom Carroll,Pass (Live),Macauley Bonne,Pass (Live)
