,Player Name,Player Number,Player,#,Nation,Pos,Age,Min,Gls,Ast,PK,PKatt,Sh,SoT,CrdY,CrdR,Touches,Tkl,Int,Blocks,xG,npxG,xAG,SCA,GCA,Cmp,Att,Cmp%,PrgP,Carries,PrgC,Att,Succ,Player Key,Player Link
0,Alberth Elis,https://fbref.com/en/players/104b4ad3/Alberth-Elis,17,17,hn HON,FW,24-270,90,0,1,0,0,3,2,0,0,28,1,0,1,0.5,0.5,0.1,2,1,14,15,93.3,1,15,0,2,0,https://fbref.com/en/players/104b4ad3/Alberth-Elis-Alberth Elis,
1,Angel Gomes,https://fbref.com/en/players/645a3363/Angel-Gomes,10,10,eng ENG,LW,20-069,85,1,0,0,0,2,1,1,0,64,1,0,2,0.1,0.1,0.1,5,0,36,53,67.9,6,46,1,3,1,https://fbref.com/en/players/645a3363/Angel-Gomes-Angel Gomes,
2,Jorge Bengoché,https://fbref.com/en/players/1a227e1e/Jorge-Bengoche,9,9,hn HON,LW,24-171,5,0,0,0,0,0,0,0,0,0,0,0,0,0.0,0.0,0.0,0,0,0,0,,0,0,0,0,0,https://fbref.com/en/players/1a227e1e/Jorge-Bengoche-Jorge Bengoché,
3,Paulinho,https://fbref.com/en/players/2d215840/Paulinho,30,30,br BRA,RW,23-305,81,0,0,0,0,1,0,0,0,31,2,2,0,0.0,0.0,0.4,4,0,19,23,82.6,5,23,5,2,1,https://fbref.com/en/players/2d215840/Paulinho-Paulinho,
4,Gustavo Sauer,https://fbref.com/en/players/fd53959e/Gustavo-Sauer,8,8,br BRA,RW,27-192,9,0,0,0,0,0,0,0,0,12,1,1,0,0.0,0.0,0.0,2,0,7,11,63.6,0,5,0,1,1,https://fbref.com/en/players/fd53959e/Gustavo-Sauer-Gustavo Sauer,
5,Nuno Santos,https://fbref.com/en/players/6fc57554/Nuno-Santos,7,7,pt POR,LM,21-251,81,0,0,0,0,1,0,0,0,65,3,0,1,0.0,0.0,0.0,4,0,50,58,86.2,10,42,3,2,2,https://fbref.com/en/players/6fc57554/Nuno-Santos-Nuno Santos,
6,Sebastián Pérez Cardona,https://fbref.com/en/players/42a833ab/Sebastian-Perez-Cardona,24,24,co COL,LM,27-224,9,0,0,0,0,0,0,0,0,17,2,0,0,0.0,0.0,0.0,0,0,14,16,87.5,5,12,0,0,0,https://fbref.com/en/players/42a833ab/Sebastian-Perez-Cardona-Sebastián Pérez Cardona,
7,Javi García,https://fbref.com/en/players/167c1bb0/Javi-Garcia,6,6,es ESP,CM,33-274,55,0,0,0,0,0,0,0,0,58,0,0,0,0.0,0.0,0.0,0,0,55,57,96.5,2,49,0,0,0,https://fbref.com/en/players/167c1bb0/Javi-Garcia-Javi García,
8,Yusupha Njie,https://fbref.com/en/players/51f22984/Yusupha-Njie,11,11,gm GAM,CM,26-310,35,0,0,0,0,3,1,0,0,19,0,0,0,0.1,0.1,0.0,1,0,4,10,40.0,2,17,2,2,1,https://fbref.com/en/players/51f22984/Yusupha-Njie-Yusupha Njie,
9,Show,https://fbref.com/en/players/b9392438/Show,23,23,ao ANG,RM,21-247,90,0,0,0,0,1,0,0,0,58,2,1,1,0.0,0.0,0.0,3,0,39,51,76.5,10,36,1,0,0,https://fbref.com/en/players/b9392438/Show-Show,
10,Yanis Hamache,https://fbref.com/en/players/4f95c5a3/Yanis-Hamache,25,25,dz ALG,LB,21-118,85,0,0,0,0,1,1,0,0,71,3,6,0,0.1,0.1,0.1,2,0,39,58,67.2,2,26,3,0,0,https://fbref.com/en/players/4f95c5a3/Yanis-Hamache-Yanis Hamache,
11,Musa Juwara,https://fbref.com/en/players/7737dee2/Musa-Juwara,14,14,gm GAM,LB,18-318,5,0,0,0,0,0,0,0,0,3,0,0,0,0.0,0.0,0.0,1,0,2,2,100.0,0,3,1,1,0,https://fbref.com/en/players/7737dee2/Musa-Juwara-Musa Juwara,
12,Chidozie Awaziem,https://fbref.com/en/players/70d8e84c/Chidozie-Awaziem,5,5,ng NGA,CB,23-312,90,0,0,0,0,1,0,0,0,88,0,6,2,0.1,0.1,0.0,1,1,63,73,86.3,5,48,1,1,1,https://fbref.com/en/players/70d8e84c/Chidozie-Awaziem-Chidozie Awaziem,
13,Cristian Castro,https://fbref.com/en/players/a3f386fc/Cristian-Castro,42,42,co COL,CB,19-288,90,0,0,0,0,0,0,0,0,72,0,0,0,0.0,0.0,0.0,0,0,59,68,86.8,3,43,1,0,0,https://fbref.com/en/players/a3f386fc/Cristian-Castro-Cristian Castro,
14,Reggie Cannon,https://fbref.com/en/players/ad9ffc7e/Reggie-Cannon,2,2,us USA,RB,22-150,90,0,0,0,0,0,0,0,0,41,3,1,0,0.0,0.0,0.0,1,0,27,34,79.4,2,16,2,0,0,https://fbref.com/en/players/ad9ffc7e/Reggie-Cannon-Reggie Cannon,
15,Léo Jardim,https://fbref.com/en/players/f5dfc256/Leo-Jardim,20,20,br BRA,GK,25-233,90,0,0,0,0,0,0,0,0,27,0,0,0,0.0,0.0,0.0,0,0,21,25,84.0,0,22,0,0,0,https://fbref.com/en/players/f5dfc256/Leo-Jardim-Léo Jardim,
