,Player Name,Player Number,Player,#,Nation,Pos,Age,Min,Touches,Def Pen,Def 3rd,Mid 3rd,Att 3rd,Att Pen,Live,Att,Succ,Succ%,Tkld,Tkld%,Carries,TotDist,PrgDist,PrgC,1/3,CPA,Mis,Dis,Rec,PrgR,Player Key,Player Link
0,Alberth Elis,https://fbref.com/en/players/104b4ad3/Alberth-Elis,17,17,hn HON,FW,24-270,90,28,0,1,14,13,3,28,2,0,0.0,2,100.0,15,48,18,0,0,0,4,1,24,11,https://fbref.com/en/players/104b4ad3/Alberth-Elis-Alberth Elis,
1,Angel Gomes,https://fbref.com/en/players/645a3363/Angel-Gomes,10,10,eng ENG,LW,20-069,85,64,0,2,37,26,2,64,3,1,33.3,2,66.7,46,159,60,1,1,1,1,3,54,7,https://fbref.com/en/players/645a3363/Angel-Gomes-Angel Gomes,
2,Jorge Bengoché,https://fbref.com/en/players/1a227e1e/Jorge-Bengoche,9,9,hn HON,LW,24-171,5,0,0,0,0,0,0,0,0,0,,0,,0,0,0,0,0,0,0,0,0,0,https://fbref.com/en/players/1a227e1e/Jorge-Bengoche-Jorge Bengoché,
3,Paulinho,https://fbref.com/en/players/2d215840/Paulinho,30,30,br BRA,RW,23-305,81,31,0,4,11,16,0,31,2,1,50.0,1,50.0,23,153,99,5,1,0,1,1,27,7,https://fbref.com/en/players/2d215840/Paulinho-Paulinho,
4,Gustavo Sauer,https://fbref.com/en/players/fd53959e/Gustavo-Sauer,8,8,br BRA,RW,27-192,9,12,0,2,4,6,0,12,1,1,100.0,0,0.0,5,47,27,0,0,0,0,0,5,0,https://fbref.com/en/players/fd53959e/Gustavo-Sauer-Gustavo Sauer,
5,Nuno Santos,https://fbref.com/en/players/6fc57554/Nuno-Santos,7,7,pt POR,LM,21-251,81,65,2,9,47,11,1,65,2,2,100.0,0,0.0,42,203,132,3,1,0,0,0,47,1,https://fbref.com/en/players/6fc57554/Nuno-Santos-Nuno Santos,
6,Sebastián Pérez Cardona,https://fbref.com/en/players/42a833ab/Sebastian-Perez-Cardona,24,24,co COL,LM,27-224,9,17,0,5,11,1,0,17,0,0,,0,,12,53,39,0,0,0,0,0,15,0,https://fbref.com/en/players/42a833ab/Sebastian-Perez-Cardona-Sebastián Pérez Cardona,
7,Javi García,https://fbref.com/en/players/167c1bb0/Javi-Garcia,6,6,es ESP,CM,33-274,55,58,3,26,32,0,0,58,0,0,,0,,49,157,77,0,0,0,0,0,48,0,https://fbref.com/en/players/167c1bb0/Javi-Garcia-Javi García,
8,Yusupha Njie,https://fbref.com/en/players/51f22984/Yusupha-Njie,11,11,gm GAM,CM,26-310,35,19,1,1,3,15,7,19,2,1,50.0,1,50.0,17,82,60,2,0,1,2,1,15,4,https://fbref.com/en/players/51f22984/Yusupha-Njie-Yusupha Njie,
9,Show,https://fbref.com/en/players/b9392438/Show,23,23,ao ANG,RM,21-247,90,58,0,6,41,11,0,58,0,0,,0,,36,148,95,1,1,0,1,0,45,2,https://fbref.com/en/players/b9392438/Show-Show,
10,Yanis Hamache,https://fbref.com/en/players/4f95c5a3/Yanis-Hamache,25,25,dz ALG,LB,21-118,85,71,3,31,16,24,2,71,0,0,,0,,26,113,51,3,2,0,1,0,25,11,https://fbref.com/en/players/4f95c5a3/Yanis-Hamache-Yanis Hamache,
11,Musa Juwara,https://fbref.com/en/players/7737dee2/Musa-Juwara,14,14,gm GAM,LB,18-318,5,3,0,1,0,2,0,3,1,0,0.0,1,100.0,3,26,17,1,0,0,0,0,3,1,https://fbref.com/en/players/7737dee2/Musa-Juwara-Musa Juwara,
12,Chidozie Awaziem,https://fbref.com/en/players/70d8e84c/Chidozie-Awaziem,5,5,ng NGA,CB,23-312,90,88,9,42,44,3,1,88,1,1,100.0,0,0.0,48,241,156,1,1,0,0,0,51,0,https://fbref.com/en/players/70d8e84c/Chidozie-Awaziem-Chidozie Awaziem,
13,Cristian Castro,https://fbref.com/en/players/a3f386fc/Cristian-Castro,42,42,co COL,CB,19-288,90,72,1,28,44,1,0,72,0,0,,0,,43,187,107,1,0,0,0,0,55,1,https://fbref.com/en/players/a3f386fc/Cristian-Castro-Cristian Castro,
14,Reggie Cannon,https://fbref.com/en/players/ad9ffc7e/Reggie-Cannon,2,2,us USA,RB,22-150,90,41,1,12,15,14,1,41,0,0,,0,,16,106,39,2,0,1,1,0,17,8,https://fbref.com/en/players/ad9ffc7e/Reggie-Cannon-Reggie Cannon,
15,Léo Jardim,https://fbref.com/en/players/f5dfc256/Leo-Jardim,20,20,br BRA,GK,25-233,90,27,24,27,0,0,0,27,0,0,,0,,22,87,49,0,0,0,0,0,17,0,https://fbref.com/en/players/f5dfc256/Leo-Jardim-Léo Jardim,
