,Player Name,Player Number,Player,#,Nation,Pos,Age,Min,Att,Live,Dead,FK,TB,Sw,Crs,TI,CK,In,Out,Str,Cmp,Off,Blocks,Player Key,Player Link
0,Alberth Elis,https://fbref.com/en/players/104b4ad3/Alberth-Elis,17,17,hn HON,FW,24-270,90,15,14,1,0,0,0,0,0,0,0,0,0,14,0,0,https://fbref.com/en/players/104b4ad3/Alberth-Elis-Alberth Elis,
1,Angel Gomes,https://fbref.com/en/players/645a3363/Angel-Gomes,10,10,eng ENG,LW,20-069,85,53,48,4,0,0,0,3,0,3,3,0,0,36,1,2,https://fbref.com/en/players/645a3363/Angel-Gomes-Angel Gomes,
2,Jorge Bengoché,https://fbref.com/en/players/1a227e1e/Jorge-Bengoche,9,9,hn HON,LW,24-171,5,0,0,0,0,0,0,0,0,0,0,0,0,0,0,0,https://fbref.com/en/players/1a227e1e/Jorge-Bengoche-Jorge Bengoché,
3,Paulinho,https://fbref.com/en/players/2d215840/Paulinho,30,30,br BRA,RW,23-305,81,23,23,0,0,0,0,0,0,0,0,0,0,19,0,0,https://fbref.com/en/players/2d215840/Paulinho-Paulinho,
4,Gustavo Sauer,https://fbref.com/en/players/fd53959e/Gustavo-Sauer,8,8,br BRA,RW,27-192,9,11,7,4,1,0,0,3,3,0,0,0,0,7,0,0,https://fbref.com/en/players/fd53959e/Gustavo-Sauer-Gustavo Sauer,
5,Nuno Santos,https://fbref.com/en/players/6fc57554/Nuno-Santos,7,7,pt POR,LM,21-251,81,58,55,3,1,0,1,0,0,0,0,0,0,50,0,0,https://fbref.com/en/players/6fc57554/Nuno-Santos-Nuno Santos,
6,Sebastián Pérez Cardona,https://fbref.com/en/players/42a833ab/Sebastian-Perez-Cardona,24,24,co COL,LM,27-224,9,16,16,0,0,0,0,0,0,0,0,0,0,14,0,0,https://fbref.com/en/players/42a833ab/Sebastian-Perez-Cardona-Sebastián Pérez Cardona,
7,Javi García,https://fbref.com/en/players/167c1bb0/Javi-Garcia,6,6,es ESP,CM,33-274,55,57,55,2,2,0,0,0,0,0,0,0,0,55,0,0,https://fbref.com/en/players/167c1bb0/Javi-Garcia-Javi García,
8,Yusupha Njie,https://fbref.com/en/players/51f22984/Yusupha-Njie,11,11,gm GAM,CM,26-310,35,10,10,0,0,0,0,1,0,0,0,0,0,4,0,2,https://fbref.com/en/players/51f22984/Yusupha-Njie-Yusupha Njie,
9,Show,https://fbref.com/en/players/b9392438/Show,23,23,ao ANG,RM,21-247,90,51,49,1,0,0,1,0,1,0,0,0,0,39,1,1,https://fbref.com/en/players/b9392438/Show-Show,
10,Yanis Hamache,https://fbref.com/en/players/4f95c5a3/Yanis-Hamache,25,25,dz ALG,LB,21-118,85,58,35,23,1,0,0,10,18,4,2,1,1,39,0,1,https://fbref.com/en/players/4f95c5a3/Yanis-Hamache-Yanis Hamache,
11,Musa Juwara,https://fbref.com/en/players/7737dee2/Musa-Juwara,14,14,gm GAM,LB,18-318,5,2,2,0,0,0,0,0,0,0,0,0,0,2,0,0,https://fbref.com/en/players/7737dee2/Musa-Juwara-Musa Juwara,
12,Chidozie Awaziem,https://fbref.com/en/players/70d8e84c/Chidozie-Awaziem,5,5,ng NGA,CB,23-312,90,73,64,9,9,0,2,0,0,0,0,0,0,63,0,0,https://fbref.com/en/players/70d8e84c/Chidozie-Awaziem-Chidozie Awaziem,
13,Cristian Castro,https://fbref.com/en/players/a3f386fc/Cristian-Castro,42,42,co COL,CB,19-288,90,68,63,5,4,0,0,0,1,0,0,0,0,59,0,0,https://fbref.com/en/players/a3f386fc/Cristian-Castro-Cristian Castro,
14,Reggie Cannon,https://fbref.com/en/players/ad9ffc7e/Reggie-Cannon,2,2,us USA,RB,22-150,90,34,23,11,0,0,1,4,11,0,0,0,0,27,0,1,https://fbref.com/en/players/ad9ffc7e/Reggie-Cannon-Reggie Cannon,
15,Léo Jardim,https://fbref.com/en/players/f5dfc256/Leo-Jardim,20,20,br BRA,GK,25-233,90,25,23,2,0,0,0,0,0,0,0,0,0,21,0,0,https://fbref.com/en/players/f5dfc256/Leo-Jardim-Léo Jardim,
