,Player Name,Player Number,Player,#,Nation,Pos,Age,Min,Gls,Ast,PK,PKatt,Sh,SoT,CrdY,CrdR,Touches,Tkl,Int,Blocks,xG,npxG,xAG,SCA,GCA,Cmp,Att,Cmp%,PrgP,Carries,PrgC,Att,Succ,Player Key,Player Link
0,Nikola Stojiljković,https://fbref.com/en/players/ca3e2783/Nikola-Stojiljkovic,9,9,rs SRB,FW,28-083,72,1,0,0,0,1,1,0,0,16,0,1,0,0.6,0.6,0.0,0,0,5,12,41.7,1,7,0,0,0,https://fbref.com/en/players/ca3e2783/Nikola-Stojiljkovic-Nikola Stojiljković,
1,Patrick,https://fbref.com/en/players/867b60b4/Patrick,19,19,cv CPV,FW,26-331,18,0,0,0,0,1,0,0,0,12,0,1,0,0.0,0.0,0.0,0,0,1,9,11.1,0,5,0,0,0,https://fbref.com/en/players/867b60b4/Patrick-Patrick,
2,Ryan Gauld,https://fbref.com/en/players/862e93c2/Ryan-Gauld,23,23,sct SCO,FW,24-328,90,1,1,0,0,2,2,0,0,28,0,0,0,0.4,0.4,0.6,3,3,10,19,52.6,3,12,2,4,3,https://fbref.com/en/players/862e93c2/Ryan-Gauld-Ryan Gauld,
3,Braian Mansilla,https://fbref.com/en/players/e4c37819/Braian-Mansilla,11,11,ar ARG,LM,23-206,84,0,0,0,0,1,1,1,0,35,2,2,1,0.0,0.0,0.0,0,0,9,16,56.3,1,21,2,6,4,https://fbref.com/en/players/e4c37819/Braian-Mansilla-Braian Mansilla,
4,Hugo Seco,https://fbref.com/en/players/68ee9021/Hugo-Seco,7,7,pt POR,LM,32-144,6,0,0,0,0,0,0,0,0,1,0,0,0,0.0,0.0,0.0,0,0,0,0,,0,0,0,0,0,https://fbref.com/en/players/68ee9021/Hugo-Seco-Hugo Seco,
5,Amine Oudrhiri,https://fbref.com/en/players/49c9c79a/Amine-Oudrhiri,5,5,ma MAR,CM,28-004,90,0,1,0,0,0,0,0,0,31,0,1,1,0.0,0.0,0.4,1,1,22,26,84.6,2,16,1,1,1,https://fbref.com/en/players/49c9c79a/Amine-Oudrhiri-Amine Oudrhiri,
6,Fabrício Isidoro,https://fbref.com/en/players/b70ca4b5/Fabricio-Isidoro,14,14,br BRA,CM,28-285,20,0,0,0,0,0,0,0,0,12,2,0,1,0.0,0.0,0.0,0,0,4,7,57.1,0,4,0,0,0,https://fbref.com/en/players/b70ca4b5/Fabricio-Isidoro-Fabrício Isidoro,
7,Filipe Melo,https://fbref.com/en/players/3220a3ef/Filipe-Melo,6,6,pt POR,CM,31-005,70,0,0,0,0,0,0,1,0,21,1,1,0,0.0,0.0,0.0,0,0,13,18,72.2,1,7,0,0,0,https://fbref.com/en/players/3220a3ef/Filipe-Melo-Filipe Melo,
8,Bilel Aouacheria,https://fbref.com/en/players/77bbc5b1/Bilel-Aouacheria,26,26,fr FRA,RM,26-220,85,0,0,0,0,0,0,1,0,22,0,0,0,0.0,0.0,0.0,1,0,6,14,42.9,0,16,1,2,0,https://fbref.com/en/players/77bbc5b1/Bilel-Aouacheria-Bilel Aouacheria,
9,Burá,https://fbref.com/en/players/8e72cba8/Bura,13,13,gw GNB,RM,24-322,5,0,0,0,0,0,0,0,0,1,0,0,1,0.0,0.0,0.0,0,0,0,0,,0,0,0,0,0,https://fbref.com/en/players/8e72cba8/Bura-Burá,
10,Abner,https://fbref.com/en/players/8e562fe7/Abner,30,30,br BRA,LB,24-162,90,0,0,0,0,0,0,1,0,44,0,4,0,0.0,0.0,0.0,0,0,25,34,73.5,1,14,1,1,0,https://fbref.com/en/players/8e562fe7/Abner-Abner,
11,Eduardo Mancha,https://fbref.com/en/players/56e74f66/Eduardo-Mancha,95,95,br BRA,CB,24-350,90,1,0,0,0,1,1,0,0,33,0,1,1,0.4,0.4,0.0,0,0,23,28,82.1,0,19,0,0,0,https://fbref.com/en/players/56e74f66/Eduardo-Mancha-Eduardo Mancha,
12,Claudio Falcão,https://fbref.com/en/players/56077210/Claudio-Falcao,29,29,br BRA,CB,26-128,90,0,0,0,0,0,0,0,0,42,3,1,1,0.0,0.0,0.0,0,0,27,31,87.1,3,19,0,2,1,https://fbref.com/en/players/56077210/Claudio-Falcao-Claudio Falcão,
13,Alexandre Pinto,https://fbref.com/en/players/b05d8d93/Alexandre-Pinto,78,78,pt POR,RB,22-123,90,0,0,0,0,0,0,0,0,54,5,0,1,0.0,0.0,0.1,1,0,32,46,69.6,1,12,1,1,1,https://fbref.com/en/players/b05d8d93/Alexandre-Pinto-Alexandre Pinto,
14,Rafael Defendi,https://fbref.com/en/players/317d3e7b/Rafael-Defendi,12,12,br BRA,GK,36-322,90,0,0,0,0,0,0,0,0,39,0,0,0,0.0,0.0,0.0,0,0,17,37,45.9,0,23,0,1,0,https://fbref.com/en/players/317d3e7b/Rafael-Defendi-Rafael Defendi,
