,Player Name,Player Number,Player,#,Nation,Pos,Age,Min,Att,Live,Dead,FK,TB,Sw,Crs,TI,CK,In,Out,Str,Cmp,Off,Blocks,Player Key,Player Link
0,Nikola Stojiljković,https://fbref.com/en/players/ca3e2783/Nikola-Stojiljkovic,9,9,rs SRB,FW,28-083,72,12,11,1,0,0,0,0,0,0,0,0,0,5,0,0,https://fbref.com/en/players/ca3e2783/Nikola-Stojiljkovic-Nikola Stojiljković,
1,Patrick,https://fbref.com/en/players/867b60b4/Patrick,19,19,cv CPV,FW,26-331,18,9,9,0,0,0,0,0,0,0,0,0,0,1,0,0,https://fbref.com/en/players/867b60b4/Patrick-Patrick,
2,Ryan Gauld,https://fbref.com/en/players/862e93c2/Ryan-Gauld,23,23,sct SCO,FW,24-328,90,19,13,6,3,0,0,5,0,2,2,0,0,10,0,1,https://fbref.com/en/players/862e93c2/Ryan-Gauld-Ryan Gauld,
3,Braian Mansilla,https://fbref.com/en/players/e4c37819/Braian-Mansilla,11,11,ar ARG,LM,23-206,84,16,15,1,0,0,1,5,1,0,0,0,0,9,0,2,https://fbref.com/en/players/e4c37819/Braian-Mansilla-Braian Mansilla,
4,Hugo Seco,https://fbref.com/en/players/68ee9021/Hugo-Seco,7,7,pt POR,LM,32-144,6,0,0,0,0,0,0,0,0,0,0,0,0,0,0,0,https://fbref.com/en/players/68ee9021/Hugo-Seco-Hugo Seco,
5,Amine Oudrhiri,https://fbref.com/en/players/49c9c79a/Amine-Oudrhiri,5,5,ma MAR,CM,28-004,90,26,22,4,1,0,0,3,0,3,3,0,0,22,0,0,https://fbref.com/en/players/49c9c79a/Amine-Oudrhiri-Amine Oudrhiri,
6,Fabrício Isidoro,https://fbref.com/en/players/b70ca4b5/Fabricio-Isidoro,14,14,br BRA,CM,28-285,20,7,6,1,1,0,0,0,0,0,0,0,0,4,0,0,https://fbref.com/en/players/b70ca4b5/Fabricio-Isidoro-Fabrício Isidoro,
7,Filipe Melo,https://fbref.com/en/players/3220a3ef/Filipe-Melo,6,6,pt POR,CM,31-005,70,18,18,0,0,0,0,0,0,0,0,0,0,13,0,0,https://fbref.com/en/players/3220a3ef/Filipe-Melo-Filipe Melo,
8,Bilel Aouacheria,https://fbref.com/en/players/77bbc5b1/Bilel-Aouacheria,26,26,fr FRA,RM,26-220,85,14,14,0,0,0,0,1,0,0,0,0,0,6,0,4,https://fbref.com/en/players/77bbc5b1/Bilel-Aouacheria-Bilel Aouacheria,
9,Burá,https://fbref.com/en/players/8e72cba8/Bura,13,13,gw GNB,RM,24-322,5,0,0,0,0,0,0,0,0,0,0,0,0,0,0,0,https://fbref.com/en/players/8e72cba8/Bura-Burá,
10,Abner,https://fbref.com/en/players/8e562fe7/Abner,30,30,br BRA,LB,24-162,90,34,25,8,1,0,0,0,7,0,0,0,0,25,1,1,https://fbref.com/en/players/8e562fe7/Abner-Abner,
11,Eduardo Mancha,https://fbref.com/en/players/56e74f66/Eduardo-Mancha,95,95,br BRA,CB,24-350,90,28,27,1,1,0,0,0,0,0,0,0,0,23,0,0,https://fbref.com/en/players/56e74f66/Eduardo-Mancha-Eduardo Mancha,
12,Claudio Falcão,https://fbref.com/en/players/56077210/Claudio-Falcao,29,29,br BRA,CB,26-128,90,31,27,4,4,0,2,1,0,0,0,0,0,27,0,0,https://fbref.com/en/players/56077210/Claudio-Falcao-Claudio Falcão,
13,Alexandre Pinto,https://fbref.com/en/players/b05d8d93/Alexandre-Pinto,78,78,pt POR,RB,22-123,90,46,23,23,2,0,0,2,21,0,0,0,0,32,0,0,https://fbref.com/en/players/b05d8d93/Alexandre-Pinto-Alexandre Pinto,
14,Rafael Defendi,https://fbref.com/en/players/317d3e7b/Rafael-Defendi,12,12,br BRA,GK,36-322,90,37,19,18,5,0,0,0,0,0,0,0,0,17,0,0,https://fbref.com/en/players/317d3e7b/Rafael-Defendi-Rafael Defendi,
