,Player Name,Player Number,Player,#,Nation,Pos,Age,Min,Touches,Def Pen,Def 3rd,Mid 3rd,Att 3rd,Att Pen,Live,Att,Succ,Succ%,Tkld,Tkld%,Carries,TotDist,PrgDist,PrgC,1/3,CPA,Mis,Dis,Rec,PrgR,Player Key,Player Link
0,Nikola Stojiljković,https://fbref.com/en/players/ca3e2783/Nikola-Stojiljkovic,9,9,rs SRB,FW,28-083,72,16,0,1,11,4,1,16,0,0,,0,,7,24,13,0,0,0,2,0,13,2,https://fbref.com/en/players/ca3e2783/Nikola-Stojiljkovic-Nikola Stojiljković,
1,Patrick,https://fbref.com/en/players/867b60b4/Patrick,19,19,cv CPV,FW,26-331,18,12,0,0,8,4,0,12,0,0,,0,,5,13,6,0,0,0,0,0,11,0,https://fbref.com/en/players/867b60b4/Patrick-Patrick,
2,Ryan Gauld,https://fbref.com/en/players/862e93c2/Ryan-Gauld,23,23,sct SCO,FW,24-328,90,28,1,4,11,13,4,28,4,3,75.0,1,25.0,12,94,49,2,0,1,4,1,11,2,https://fbref.com/en/players/862e93c2/Ryan-Gauld-Ryan Gauld,
3,Braian Mansilla,https://fbref.com/en/players/e4c37819/Braian-Mansilla,11,11,ar ARG,LM,23-206,84,35,6,13,10,14,1,35,6,4,66.7,2,33.3,21,144,42,2,0,0,6,5,18,4,https://fbref.com/en/players/e4c37819/Braian-Mansilla-Braian Mansilla,
4,Hugo Seco,https://fbref.com/en/players/68ee9021/Hugo-Seco,7,7,pt POR,LM,32-144,6,1,0,1,0,0,0,1,0,0,,0,,0,0,0,0,0,0,1,0,0,0,https://fbref.com/en/players/68ee9021/Hugo-Seco-Hugo Seco,
5,Amine Oudrhiri,https://fbref.com/en/players/49c9c79a/Amine-Oudrhiri,5,5,ma MAR,CM,28-004,90,31,2,13,15,3,0,31,1,1,100.0,0,0.0,16,72,24,1,0,0,0,2,18,0,https://fbref.com/en/players/49c9c79a/Amine-Oudrhiri-Amine Oudrhiri,
6,Fabrício Isidoro,https://fbref.com/en/players/b70ca4b5/Fabricio-Isidoro,14,14,br BRA,CM,28-285,20,12,0,2,9,1,0,12,0,0,,0,,4,19,11,0,0,0,1,0,5,0,https://fbref.com/en/players/b70ca4b5/Fabricio-Isidoro-Fabrício Isidoro,
7,Filipe Melo,https://fbref.com/en/players/3220a3ef/Filipe-Melo,6,6,pt POR,CM,31-005,70,21,2,8,11,2,0,21,0,0,,0,,7,45,1,0,0,0,0,0,14,0,https://fbref.com/en/players/3220a3ef/Filipe-Melo-Filipe Melo,
8,Bilel Aouacheria,https://fbref.com/en/players/77bbc5b1/Bilel-Aouacheria,26,26,fr FRA,RM,26-220,85,22,0,4,6,14,1,22,2,0,0.0,2,100.0,16,75,12,1,0,0,2,1,17,3,https://fbref.com/en/players/77bbc5b1/Bilel-Aouacheria-Bilel Aouacheria,
9,Burá,https://fbref.com/en/players/8e72cba8/Bura,13,13,gw GNB,RM,24-322,5,1,1,1,0,0,0,1,0,0,,0,,0,0,0,0,0,0,0,0,0,0,https://fbref.com/en/players/8e72cba8/Bura-Burá,
10,Abner,https://fbref.com/en/players/8e562fe7/Abner,30,30,br BRA,LB,24-162,90,44,5,25,18,2,0,44,1,0,0.0,1,100.0,14,93,61,1,1,0,0,0,20,0,https://fbref.com/en/players/8e562fe7/Abner-Abner,
11,Eduardo Mancha,https://fbref.com/en/players/56e74f66/Eduardo-Mancha,95,95,br BRA,CB,24-350,90,33,6,22,10,1,1,33,0,0,,0,,19,60,18,0,0,0,0,1,22,0,https://fbref.com/en/players/56e74f66/Eduardo-Mancha-Eduardo Mancha,
12,Claudio Falcão,https://fbref.com/en/players/56077210/Claudio-Falcao,29,29,br BRA,CB,26-128,90,42,6,25,19,0,0,42,2,1,50.0,1,50.0,19,89,45,0,0,0,0,0,20,0,https://fbref.com/en/players/56077210/Claudio-Falcao-Claudio Falcão,
13,Alexandre Pinto,https://fbref.com/en/players/b05d8d93/Alexandre-Pinto,78,78,pt POR,RB,22-123,90,54,5,24,18,13,0,54,1,1,100.0,0,0.0,12,59,21,1,0,0,0,0,14,2,https://fbref.com/en/players/b05d8d93/Alexandre-Pinto-Alexandre Pinto,
14,Rafael Defendi,https://fbref.com/en/players/317d3e7b/Rafael-Defendi,12,12,br BRA,GK,36-322,90,39,34,38,1,0,0,39,1,0,0.0,1,100.0,23,151,122,0,0,0,0,0,10,0,https://fbref.com/en/players/317d3e7b/Rafael-Defendi-Rafael Defendi,
