,Minute,Player,Squad,xG,PSxG,Outcome,Distance,Body Part,Notes,SCA 1 Player,SCA 1 Event,SCA 2 Player,SCA 2 Event
0,6,Paulinho,Boavista,0.03,,Off Target,31,Right Foot,,Nuno Santos,Pass (Live),Yanis Hamache,Pass (Live)
1,21,Alberth Elis,Boavista,0.36,0.32,Saved,13,Right Foot,,Paulinho,Pass (Live),Paulinho,Take-On
2,22,Ryan Gauld,Farense,0.34,0.30,Goal,11,Left Foot,,Ryan Gauld,Pass (Live),,
3,28,Show,Boavista,0.03,,Off Target,27,Right Foot,,Angel Gomes,Pass (Live),Angel Gomes,Take-On
4,32,Ryan Gauld,Farense,0.05,0.35,Saved,12,Head,,Alexandre Pinto,Pass (Live),Bilel Aouacheria,Pass (Live)
5,35,Nuno Santos,Boavista,0.03,,Blocked,27,Left Foot,,Alberth Elis,Pass (Live),Nuno Santos,Pass (Live)
6,38,Angel Gomes,Boavista,0.06,,Off Target,31,Right Foot,Free kick,Angel Gomes,Fouled,Nuno Santos,Pass (Live)
7,43,Angel Gomes,Boavista,0.03,0.32,Goal,28,Right Foot,,Alberth Elis,Pass (Live),Chidozie Awaziem,Pass (Live)
8,,,,,,,,,,,,,
9,50,Nikola Stojiljković,Farense,0.57,0.94,Goal,4,Head,,Ryan Gauld,Pass (Dead),Ryan Gauld,Pass (Live)
10,53,Eduardo Mancha,Farense,0.37,0.71,Goal,6,Head,,Amine Oudrhiri,Pass (Dead),,
11,55,Yanis Hamache,Boavista,0.05,0.03,Saved,16,Right Foot,,Reggie Cannon,Pass (Live),Paulinho,Pass (Live)
12,60,Alberth Elis,Boavista,0.03,0.09,Saved,29,Right Foot,,Show,Pass (Live),Nuno Santos,Pass (Live)
13,64,Yusupha Njie,Boavista,0.05,0.07,Saved,15,Right Foot,,Paulinho,Pass (Live),Angel Gomes,Pass (Live)
14,66,Braian Mansilla,Farense,0.02,0.17,Saved,28,Left Foot,,,,,
15,78,Alberth Elis,Boavista,0.08,,Off Target,8,Head,,Yanis Hamache,Pass (Dead),Show,Pass (Live)
16,82,Chidozie Awaziem,Boavista,0.08,,Off Target,8,Head,,Angel Gomes,Pass (Dead),Show,Pass (Dead)
17,90+6,Yusupha Njie,Boavista,0.02,,Off Target,36,Right Foot,,Musa Juwara,Pass (Live),Yusupha Njie,Pass (Live)
18,90+6,Yusupha Njie,Boavista,0.05,,Blocked,17,Right Foot,,Gustavo Sauer,Pass (Live),Gustavo Sauer,Take-On
19,90+10,Patrick,Farense,0.03,,Off Target,24,Right Foot,,,,,
