season,injury,from,until,days,missed_games
20/21,Cruciate ligament tear,"May 24, 2021","Apr 7, 2022",318 days,28
20/21,Thigh problems,"Dec 8, 2020","Apr 12, 2021",125 days,14
18/19,Ankle injury,"Jul 20, 2018","Aug 1, 2018",12 days,2
17/18,unknown injury,"Feb 8, 2018","Feb 26, 2018",18 days,3
16/17,unknown injury,"Aug 10, 2016","Aug 15, 2016",5 days,2
14/15,Ill,"Feb 12, 2015","Feb 20, 2015",8 days,2
13/14,Ill,"Aug 23, 2013","Aug 30, 2013",7 days,2
11/12,Broken toe,"Nov 22, 2011","Dec 31, 2011",39 days,2
