season,injury,from,until,days,missed_games
23/24,Muscle injury,"Apr 2, 2024","Jun 3, 2024",62 days,6
23/24,Ankle injury,"Aug 1, 2023","Feb 1, 2024",184 days,3
22/23,Muscle injury,"Jan 8, 2023","Jan 20, 2023",12 days,-
22/23,Calf injury,"Aug 28, 2022","Oct 4, 2022",37 days,6
21/22,Knee injury,"Aug 13, 2021","Aug 26, 2021",13 days,3
18/19,Groin injury,"Apr 24, 2019","May 27, 2019",33 days,5
18/19,Inguinal hernia,"Mar 19, 2019","Apr 15, 2019",27 days,2
18/19,Torn thigh muscle,"Jan 24, 2019","Feb 2, 2019",9 days,3
18/19,Torn ligaments,"Dec 6, 2018","Dec 25, 2018",19 days,6
18/19,unknown injury,"Jul 26, 2018","Aug 2, 2018",7 days,1
17/18,Ill,"Apr 16, 2018","Apr 26, 2018",10 days,2
14/15,Ankle injury,"Jan 18, 2015","Dec 31, 2015",347 days,43
13/14,Knee collateral ligament strain,"Aug 6, 2013","Aug 20, 2013",14 days,4
12/13,Thigh problems,"Aug 30, 2012","Sep 14, 2012",15 days,13
