season,injury,from,until,days,missed_games
23/24,Ill,"Dec 31, 2023","Jan 2, 2024",2 days,1
23/24,Ill,"Dec 23, 2023","Dec 26, 2023",3 days,2
23/24,Fitness,"Dec 23, 2023","Dec 26, 2023",3 days,2
23/24,Ankle problems,"Oct 7, 2023","Oct 28, 2023",21 days,4
23/24,Adductor pain,"Oct 7, 2023","Oct 28, 2023",21 days,4
22/23,Knee injury,"Feb 5, 2023","Jul 1, 2023",146 days,18
22/23,Foot injury,"Feb 5, 2023","Feb 15, 2023",10 days,2
21/22,Ankle injury,"Mar 13, 2022","Apr 22, 2022",40 days,7
19/20,Muscle strain,"Jul 2, 2020","Jul 9, 2020",7 days,2
19/20,Hamstring injury,"Mar 8, 2020","Jun 2, 2020",86 days,-
19/20,Hand injury,"Dec 3, 2019","Jan 11, 2020",39 days,8
18/19,Groin injury,"Feb 10, 2019","Apr 12, 2019",61 days,7
