season,injury,from,until,days,missed_games
21/22,Muscle fiber tear,"Nov 24, 2021","Feb 4, 2022",72 days,12
19/20,Muscle injury,"Feb 12, 2020","Mar 4, 2020",21 days,3
19/20,Injury to abdominal muscles,"Sep 1, 2019","Oct 17, 2019",46 days,5
19/20,Injury to abdominal muscles,"Aug 22, 2019","Aug 29, 2019",7 days,1
18/19,Muscle injury,"Nov 11, 2018","Nov 29, 2018",18 days,1
16/17,muscular problems,"Nov 24, 2016","Dec 2, 2016",8 days,2
15/16,Knee injury,"Sep 20, 2015","Oct 29, 2015",39 days,6
14/15,Torn muscle fiber,"Feb 15, 2015","Mar 30, 2015",43 days,7
10/11,Torn muscle fiber,"Mar 13, 2011","Apr 1, 2011",19 days,4
09/10,Cruciate ligament tear,"Nov 13, 2009","Apr 29, 2010",167 days,26
08/09,Ankle injury,"Dec 14, 2008","Mar 6, 2009",82 days,15
08/09,Ankle injury,"Aug 29, 2008","Sep 20, 2008",22 days,4
