season,injury,from,until,days,missed_games
20/21,Quarantine,"Jan 22, 2021","Jan 29, 2021",7 days,2
19/20,Bruise on ankle,"Feb 29, 2020","Mar 4, 2020",4 days,1
19/20,Heel problems,"Feb 1, 2020","Feb 8, 2020",7 days,3
19/20,Muscle injury,"Nov 28, 2019","Dec 5, 2019",7 days,1
18/19,Muscle injury,"Mar 18, 2019","Apr 16, 2019",29 days,5
17/18,Adductor pain,"Oct 29, 2017","Nov 17, 2017",19 days,2
16/17,muscular problems,"Aug 10, 2016","Aug 21, 2016",11 days,2
15/16,Muscle injury,"Apr 18, 2016","Apr 25, 2016",7 days,2
15/16,muscular problems,"Apr 7, 2016","Apr 14, 2016",7 days,3
15/16,Ankle injury,"Feb 25, 2016","Apr 4, 2016",39 days,9
15/16,Ankle injury,"Dec 24, 2015","Jan 18, 2016",25 days,6
14/15,Calf muscle tear,"Sep 11, 2014","Oct 13, 2014",32 days,7
14/15,Hamstring injury,"Sep 1, 2014","Sep 8, 2014",7 days,-
