season,injury,from,until,days,missed_games
22/23,Calf injury,"Apr 26, 2023","Jun 5, 2023",40 days,8
21/22,unknown injury,"Apr 8, 2022","Apr 13, 2022",5 days,1
21/22,Achilles tendon irritation,"Feb 25, 2022","Mar 4, 2022",7 days,2
21/22,Calf problems,"Nov 10, 2021","Dec 18, 2021",38 days,6
20/21,Calf injury,"Feb 13, 2021","May 25, 2021",101 days,14
20/21,Head injury,"Sep 5, 2020","Sep 25, 2020",20 days,3
19/20,Knee injury,"Dec 6, 2019","Dec 22, 2019",16 days,6
19/20,Achilles tendon problems,"Nov 1, 2019","Nov 22, 2019",21 days,2
19/20,infection,"Aug 29, 2019","Sep 3, 2019",5 days,1
17/18,Knee injury,"Apr 8, 2018","Jun 30, 2018",83 days,9
17/18,Rest,"Nov 9, 2017","Nov 13, 2017",4 days,-
17/18,Bone edema,"Oct 9, 2017","Nov 6, 2017",28 days,8
17/18,Bone edema,"Oct 5, 2017","Oct 5, 2017",0 days,-
17/18,stomach problems,"Aug 3, 2017","Aug 7, 2017",4 days,-
16/17,Torn muscle fiber,"Apr 20, 2017","May 4, 2017",14 days,4
