season,injury,from,until,days,missed_games
23/24,Back problems,"Jan 23, 2024","Feb 6, 2024",14 days,3
23/24,unknown injury,"Jan 5, 2024","Jan 9, 2024",4 days,1
22/23,unknown injury,"Apr 28, 2023","Jun 30, 2023",63 days,-
22/23,Muscle fatigue,"Feb 3, 2023","Feb 9, 2023",6 days,1
21/22,Corona virus,"Jan 5, 2022","Jan 11, 2022",6 days,1
21/22,Muscle injury,"Nov 22, 2021","Jan 11, 2022",50 days,10
20/21,Adductor injury,"Feb 28, 2021","Mar 9, 2021",9 days,1
20/21,Thigh problems,"Nov 24, 2020","Dec 15, 2020",21 days,6
20/21,Thigh problems,"Nov 5, 2020","Nov 11, 2020",6 days,1
19/20,Pubalgia,"Feb 18, 2020","Apr 18, 2020",60 days,3
19/20,Injury to abdominal muscles,"Feb 11, 2020","Feb 15, 2020",4 days,1
18/19,Shoulder injury,"Dec 2, 2018","Dec 4, 2018",2 days,1
