season,injury,from,until,days,missed_games
20/21,Torn muscle fiber,"May 5, 2021","Jun 22, 2021",48 days,4
20/21,muscular problems,"Dec 19, 2020","Jan 16, 2021",28 days,4
19/20,surgery,"Jun 10, 2020","Sep 18, 2020",100 days,5
19/20,Adductor injury,"Feb 28, 2020","Jun 9, 2020",102 days,8
18/19,Groin problems,"Mar 7, 2019","Mar 30, 2019",23 days,5
17/18,Hairline crack in foot,"Mar 29, 2018","Apr 17, 2018",19 days,3
17/18,Foot injury,"Feb 12, 2018","Mar 29, 2018",45 days,5
17/18,Fitness,"Nov 23, 2017","Dec 21, 2017",28 days,6
17/18,Achilles tendon surgery,"Jul 10, 2017","Nov 23, 2017",136 days,16
17/18,Achilles tendon problems,"Apr 10, 2017","Jul 10, 2017",91 days,9
16/17,muscular problems,"Mar 20, 2017","Mar 23, 2017",3 days,-
14/15,Tendon rupture,"Mar 12, 2015","Jun 1, 2015",81 days,12
