season,injury,from,until,days,missed_games
23/24,Meniscus tear,"Jan 15, 2024","Feb 15, 2024",31 days,7
21/22,Muscle injury,"Sep 20, 2021","Oct 1, 2021",11 days,2
20/21,Muscle injury,"Dec 19, 2020","Jan 14, 2021",26 days,5
19/20,muscular problems,"Jul 7, 2020","Jul 31, 2020",24 days,4
19/20,muscular problems,"Jun 22, 2020","Jul 1, 2020",9 days,2
19/20,Adductor injury,"Sep 23, 2019","Oct 8, 2019",15 days,3
18/19,Stomach flu,"Feb 27, 2019","Mar 4, 2019",5 days,1
18/19,Ankle problems,"Nov 24, 2018","Feb 24, 2019",92 days,11
17/18,concussion,"Nov 26, 2017","Dec 1, 2017",5 days,1
17/18,muscular problems,"Sep 27, 2017","Sep 6, 2017",21 days,-
