,Player Name,Player Number,Player,#,Nation,Pos,Age,Min,Gls,Ast,PK,PKatt,Sh,SoT,CrdY,CrdR,Touches,Tkl,Int,Blocks,xG,npxG,xAG,SCA,GCA,Cmp,Att,Cmp%,PrgP,Carries,PrgC,Att,Succ,Player Key,Player Link
0,Ilias Chair,https://fbref.com/en/players/ad7873cb/Ilias-Chair,10,10,ma MAR,FW,23-057,90,0,0,0,0,0,0,0,0,70,1,0,1,0.0,0.0,0.1,4,0,44,60,73.3,6,32,8,2,2,https://fbref.com/en/players/ad7873cb/Ilias-Chair-Ilias Chair,
1,Macauley Bonne,https://fbref.com/en/players/9ca8b21c/Macauley-Bonne,7,7,zw ZIM,LW,25-061,65,0,0,0,0,3,1,0,0,25,0,1,1,0.7,0.7,0.0,1,0,7,15,46.7,1,12,0,3,3,https://fbref.com/en/players/9ca8b21c/Macauley-Bonne-Macauley Bonne,
2,Charlie Kelman,https://fbref.com/en/players/d7cf39b1/Charlie-Kelman,29,29,us USA,LW,19-054,25,0,0,0,0,0,0,0,0,4,0,0,0,0.0,0.0,0.0,0,0,4,4,100.0,0,3,0,0,0,https://fbref.com/en/players/d7cf39b1/Charlie-Kelman-Charlie Kelman,
3,Lyndon Dykes,https://fbref.com/en/players/cd92357a/Lyndon-Dykes,9,9,sct SCO,RW,25-080,90,0,0,0,0,1,0,0,0,44,1,0,0,0.1,0.1,0.1,1,0,16,31,51.6,3,18,1,0,0,https://fbref.com/en/players/cd92357a/Lyndon-Dykes-Lyndon Dykes,
4,Niko Hämäläinen,https://fbref.com/en/players/4435db1e/Niko-Hamalainen,25,25,fi FIN,LM,23-296,65,0,0,0,0,0,0,0,0,35,0,0,1,0.0,0.0,0.1,1,0,21,31,67.7,1,17,2,1,1,https://fbref.com/en/players/4435db1e/Niko-Hamalainen-Niko Hämäläinen,
5,Bright Osayi-Samuel,https://fbref.com/en/players/03b6afa9/Bright-Osayi-Samuel,11,11,ng NGA,LM,22-361,25,0,0,0,0,0,0,0,0,10,0,0,0,0.0,0.0,0.1,3,0,7,8,87.5,0,6,1,1,1,https://fbref.com/en/players/03b6afa9/Bright-Osayi-Samuel-Bright Osayi-Samuel,
6,Dominic Ball,https://fbref.com/en/players/79d61875/Dominic-Ball,12,12,eng ENG,CM,25-146,90,0,0,0,0,3,0,1,0,71,0,0,0,0.3,0.3,0.0,1,0,57,66,86.4,12,40,4,1,1,https://fbref.com/en/players/79d61875/Dominic-Ball-Dominic Ball,
7,Tom Carroll,https://fbref.com/en/players/5a1900a4/Tom-Carroll,22,22,eng ENG,CM,28-212,76,0,0,0,0,1,0,0,0,69,0,1,0,0.0,0.0,0.0,1,0,52,65,80.0,8,43,1,1,0,https://fbref.com/en/players/5a1900a4/Tom-Carroll-Tom Carroll,
8,Chris Willock,https://fbref.com/en/players/be0bd828/Chris-Willock,21,21,eng ENG,CM,22-330,14,0,0,0,0,2,0,0,0,12,0,0,0,0.1,0.1,0.0,1,0,8,10,80.0,1,9,2,0,0,https://fbref.com/en/players/be0bd828/Chris-Willock-Chris Willock,
9,Todd Kane,https://fbref.com/en/players/dd082c59/Todd-Kane,2,2,eng ENG,RM,27-100,76,0,0,0,0,1,0,0,0,52,0,2,0,0.0,0.0,0.3,2,0,36,47,76.6,5,19,2,1,0,https://fbref.com/en/players/dd082c59/Todd-Kane-Todd Kane,
10,Albert Adomah,https://fbref.com/en/players/c7174e81/Albert-Adomah,37,37,gh GHA,RM,33-013,14,0,0,0,0,0,0,0,0,13,1,0,0,0.0,0.0,0.0,0,0,7,10,70.0,0,8,0,1,1,https://fbref.com/en/players/c7174e81/Albert-Adomah-Albert Adomah,
11,Yoann Barbet,https://fbref.com/en/players/c52bbd2c/Yoann-Barbet,6,6,fr FRA,CB,27-230,90,0,0,0,0,1,0,0,0,93,0,1,3,0.0,0.0,0.2,3,0,62,83,74.7,13,42,4,0,0,https://fbref.com/en/players/c52bbd2c/Yoann-Barbet-Yoann Barbet,
12,Geoff Cameron,https://fbref.com/en/players/1a160ea3/Geoff-Cameron,20,20,us USA,CB,35-168,90,0,0,0,0,0,0,0,0,82,1,2,0,0.0,0.0,0.0,1,0,60,74,81.1,5,43,1,0,0,https://fbref.com/en/players/1a160ea3/Geoff-Cameron-Geoff Cameron,
13,Robert Dickie,https://fbref.com/en/players/c7dfc411/Robert-Dickie,4,4,eng ENG,CB,24-298,90,0,0,0,0,0,0,0,0,83,1,3,1,0.0,0.0,0.5,4,0,55,74,74.3,8,32,3,0,0,https://fbref.com/en/players/c7dfc411/Robert-Dickie-Robert Dickie,
14,Seny Dieng,https://fbref.com/en/players/c135cddd/Seny-Dieng,13,13,sn SEN,GK,26-033,90,0,0,0,0,0,0,0,0,47,0,0,0,0.0,0.0,0.0,0,0,40,47,85.1,0,18,0,0,0,https://fbref.com/en/players/c135cddd/Seny-Dieng-Seny Dieng,
