,Player Name,Player Number,Player,#,Nation,Pos,Age,Min,CrdY,CrdR,2CrdY,Fls,Fld,Off,Crs,Int,TklW,PKwon,PKcon,OG,Recov,Won,Lost,Won%,Player Key,Player Link
0,Ilias Chair,https://fbref.com/en/players/ad7873cb/Ilias-Chair,10,10,ma MAR,FW,23-057,90,0,0,0,0,0,0,13,0,0,0,0,0,6,2,2,50.0,https://fbref.com/en/players/ad7873cb/Ilias-Chair-Ilias Chair,
1,Macauley Bonne,https://fbref.com/en/players/9ca8b21c/Macauley-Bonne,7,7,zw ZIM,LW,25-061,65,0,0,0,5,2,1,2,1,0,0,0,0,3,3,5,37.5,https://fbref.com/en/players/9ca8b21c/Macauley-Bonne-Macauley Bonne,
2,Charlie Kelman,https://fbref.com/en/players/d7cf39b1/Charlie-Kelman,29,29,us USA,LW,19-054,25,0,0,0,0,0,0,0,0,0,0,0,0,0,0,1,0.0,https://fbref.com/en/players/d7cf39b1/Charlie-Kelman-Charlie Kelman,
3,Lyndon Dykes,https://fbref.com/en/players/cd92357a/Lyndon-Dykes,9,9,sct SCO,RW,25-080,90,0,0,0,4,0,0,0,0,1,0,0,0,5,3,6,33.3,https://fbref.com/en/players/cd92357a/Lyndon-Dykes-Lyndon Dykes,
4,Niko Hämäläinen,https://fbref.com/en/players/4435db1e/Niko-Hamalainen,25,25,fi FIN,LM,23-296,65,0,0,0,1,1,0,5,0,0,0,0,0,5,0,3,0.0,https://fbref.com/en/players/4435db1e/Niko-Hamalainen-Niko Hämäläinen,
5,Bright Osayi-Samuel,https://fbref.com/en/players/03b6afa9/Bright-Osayi-Samuel,11,11,ng NGA,LM,22-361,25,0,0,0,1,0,0,1,0,0,0,0,0,0,0,2,0.0,https://fbref.com/en/players/03b6afa9/Bright-Osayi-Samuel-Bright Osayi-Samuel,
6,Dominic Ball,https://fbref.com/en/players/79d61875/Dominic-Ball,12,12,eng ENG,CM,25-146,90,1,0,0,2,2,0,0,0,0,0,0,0,6,3,0,100.0,https://fbref.com/en/players/79d61875/Dominic-Ball-Dominic Ball,
7,Tom Carroll,https://fbref.com/en/players/5a1900a4/Tom-Carroll,22,22,eng ENG,CM,28-212,76,0,0,0,0,0,0,4,1,0,0,0,0,3,1,3,25.0,https://fbref.com/en/players/5a1900a4/Tom-Carroll-Tom Carroll,
8,Chris Willock,https://fbref.com/en/players/be0bd828/Chris-Willock,21,21,eng ENG,CM,22-330,14,0,0,0,0,1,0,0,0,0,0,0,0,0,0,0,,https://fbref.com/en/players/be0bd828/Chris-Willock-Chris Willock,
9,Todd Kane,https://fbref.com/en/players/dd082c59/Todd-Kane,2,2,eng ENG,RM,27-100,76,0,0,0,1,0,0,5,2,0,0,0,0,4,2,2,50.0,https://fbref.com/en/players/dd082c59/Todd-Kane-Todd Kane,
10,Albert Adomah,https://fbref.com/en/players/c7174e81/Albert-Adomah,37,37,gh GHA,RM,33-013,14,0,0,0,0,0,0,1,0,1,0,0,0,0,0,0,,https://fbref.com/en/players/c7174e81/Albert-Adomah-Albert Adomah,
11,Yoann Barbet,https://fbref.com/en/players/c52bbd2c/Yoann-Barbet,6,6,fr FRA,CB,27-230,90,0,0,0,0,2,0,5,1,0,0,0,0,2,6,3,66.7,https://fbref.com/en/players/c52bbd2c/Yoann-Barbet-Yoann Barbet,
12,Geoff Cameron,https://fbref.com/en/players/1a160ea3/Geoff-Cameron,20,20,us USA,CB,35-168,90,0,0,0,1,1,0,0,2,1,0,0,0,8,4,1,80.0,https://fbref.com/en/players/1a160ea3/Geoff-Cameron-Geoff Cameron,
13,Robert Dickie,https://fbref.com/en/players/c7dfc411/Robert-Dickie,4,4,eng ENG,CB,24-298,90,0,0,0,1,2,0,2,3,1,0,0,0,5,8,1,88.9,https://fbref.com/en/players/c7dfc411/Robert-Dickie-Robert Dickie,
14,Seny Dieng,https://fbref.com/en/players/c135cddd/Seny-Dieng,13,13,sn SEN,GK,26-033,90,0,0,0,0,1,0,0,0,0,0,0,0,3,0,0,,https://fbref.com/en/players/c135cddd/Seny-Dieng-Seny Dieng,
