,Player Name,Player Number,Player,#,Nation,Pos,Age,Min,Touches,Def Pen,Def 3rd,Mid 3rd,Att 3rd,Att Pen,Live,Att,Succ,Succ%,Tkld,Tkld%,Carries,TotDist,PrgDist,PrgC,1/3,CPA,Mis,Dis,Rec,PrgR,Player Key,Player Link
0,Ilias Chair,https://fbref.com/en/players/ad7873cb/Ilias-Chair,10,10,ma MAR,FW,23-057,90,70,0,2,33,36,2,70,2,2,100.0,0,0.0,32,284,138,8,6,2,5,3,43,10,https://fbref.com/en/players/ad7873cb/Ilias-Chair-Ilias Chair,
1,Macauley Bonne,https://fbref.com/en/players/9ca8b21c/Macauley-Bonne,7,7,zw ZIM,LW,25-061,65,25,0,1,8,16,5,25,3,3,100.0,0,0.0,12,40,11,0,0,0,5,0,18,7,https://fbref.com/en/players/9ca8b21c/Macauley-Bonne-Macauley Bonne,
2,Charlie Kelman,https://fbref.com/en/players/d7cf39b1/Charlie-Kelman,29,29,us USA,LW,19-054,25,4,0,0,1,3,0,4,0,0,,0,,3,3,0,0,0,0,0,0,4,1,https://fbref.com/en/players/d7cf39b1/Charlie-Kelman-Charlie Kelman,
3,Lyndon Dykes,https://fbref.com/en/players/cd92357a/Lyndon-Dykes,9,9,sct SCO,RW,25-080,90,44,0,2,16,26,5,44,0,0,,0,,18,75,21,1,1,0,2,2,34,13,https://fbref.com/en/players/cd92357a/Lyndon-Dykes-Lyndon Dykes,
4,Niko Hämäläinen,https://fbref.com/en/players/4435db1e/Niko-Hamalainen,25,25,fi FIN,LM,23-296,65,35,2,7,16,13,1,35,1,1,100.0,0,0.0,17,121,78,2,0,0,0,0,21,5,https://fbref.com/en/players/4435db1e/Niko-Hamalainen-Niko Hämäläinen,
5,Bright Osayi-Samuel,https://fbref.com/en/players/03b6afa9/Bright-Osayi-Samuel,11,11,ng NGA,LM,22-361,25,10,0,0,0,10,0,10,1,1,100.0,0,0.0,6,40,6,1,0,0,2,1,7,3,https://fbref.com/en/players/03b6afa9/Bright-Osayi-Samuel-Bright Osayi-Samuel,
6,Dominic Ball,https://fbref.com/en/players/79d61875/Dominic-Ball,12,12,eng ENG,CM,25-146,90,71,1,6,48,17,1,71,1,1,100.0,0,0.0,40,256,153,4,1,0,1,0,54,0,https://fbref.com/en/players/79d61875/Dominic-Ball-Dominic Ball,
7,Tom Carroll,https://fbref.com/en/players/5a1900a4/Tom-Carroll,22,22,eng ENG,CM,28-212,76,69,1,13,33,23,1,69,1,0,0.0,1,100.0,43,251,114,1,2,0,1,1,60,11,https://fbref.com/en/players/5a1900a4/Tom-Carroll-Tom Carroll,
8,Chris Willock,https://fbref.com/en/players/be0bd828/Chris-Willock,21,21,eng ENG,CM,22-330,14,12,0,0,4,8,2,12,0,0,,0,,9,50,26,2,1,0,0,0,11,2,https://fbref.com/en/players/be0bd828/Chris-Willock-Chris Willock,
9,Todd Kane,https://fbref.com/en/players/dd082c59/Todd-Kane,2,2,eng ENG,RM,27-100,76,52,0,16,19,17,2,52,1,0,0.0,1,100.0,19,112,40,2,0,1,0,1,28,3,https://fbref.com/en/players/dd082c59/Todd-Kane-Todd Kane,
10,Albert Adomah,https://fbref.com/en/players/c7174e81/Albert-Adomah,37,37,gh GHA,RM,33-013,14,13,1,2,4,8,1,13,1,1,100.0,0,0.0,8,30,10,0,1,0,0,0,8,2,https://fbref.com/en/players/c7174e81/Albert-Adomah-Albert Adomah,
11,Yoann Barbet,https://fbref.com/en/players/c52bbd2c/Yoann-Barbet,6,6,fr FRA,CB,27-230,90,93,3,35,48,10,1,93,0,0,,0,,42,297,235,4,3,1,0,0,55,3,https://fbref.com/en/players/c52bbd2c/Yoann-Barbet-Yoann Barbet,
12,Geoff Cameron,https://fbref.com/en/players/1a160ea3/Geoff-Cameron,20,20,us USA,CB,35-168,90,82,5,43,41,0,0,82,0,0,,0,,43,267,182,1,0,0,0,0,56,0,https://fbref.com/en/players/1a160ea3/Geoff-Cameron-Geoff Cameron,
13,Robert Dickie,https://fbref.com/en/players/c7dfc411/Robert-Dickie,4,4,eng ENG,CB,24-298,90,83,2,27,47,11,0,83,0,0,,0,,32,295,249,3,3,0,1,1,42,2,https://fbref.com/en/players/c7dfc411/Robert-Dickie-Robert Dickie,
14,Seny Dieng,https://fbref.com/en/players/c135cddd/Seny-Dieng,13,13,sn SEN,GK,26-033,90,47,38,47,0,0,0,47,0,0,,0,,18,106,68,0,0,0,0,0,29,0,https://fbref.com/en/players/c135cddd/Seny-Dieng-Seny Dieng,
