,Minute,Player,Squad,xG,PSxG,Outcome,Distance,Body Part,Notes,SCA 1 Player,SCA 1 Event,SCA 2 Player,SCA 2 Event
0,4,Jamal Lowe,Swansea City,0.34,0.23,Saved,13,Left Foot,,Yan Dhanda,Pass (Live),Jamal Lowe,Pass (Live)
1,6,Macauley Bonne,QPR,0.18,0.26,Saved,13,Head,,Yoann Barbet,Pass (Live),Geoff Cameron,Pass (Live)
2,9,Macauley Bonne,QPR,0.10,,Blocked,9,Left Foot,Volley,Niko Hämäläinen,Pass (Live),Yoann Barbet,Pass (Live)
3,9,Dominic Ball,QPR,0.03,,Blocked,27,Right Foot,,Macauley Bonne,Shot,,
4,10,Lyndon Dykes,QPR,0.07,,Off Target,10,Left Foot,,Ilias Chair,Pass (Live),Tom Carroll,Pass (Live)
5,26,Todd Kane,QPR,0.03,,Off Target,28,Right Foot,,Dominic Ball,Pass (Live),Ilias Chair,Take-On
6,38,Dominic Ball,QPR,0.28,,Off Target,4,Head,,Todd Kane,Pass (Live),Robert Dickie,Pass (Live)
7,44,Jake Bidwell,Swansea City,0.05,,Blocked,12,Head,Deflected,Connor Roberts,Pass (Live),Jay Fulton,Pass (Live)
8,44,André Ayew,Swansea City,0.68,0.78,Goal,4,Head,,Jake Bidwell,Shot,,
9,,,,,,,,,,,,,
10,54,Jamal Lowe,Swansea City,0.48,0.82,Goal,15,Right Foot,,Matt Grimes,Pass (Live),Matt Grimes,Interception
11,57,Jamal Lowe,Swansea City,0.09,,Off Target,14,Right Foot,Volley,André Ayew,Pass (Live),Matt Grimes,Pass (Live)
12,61,Macauley Bonne,QPR,0.44,,Off Target,7,Head,,Robert Dickie,Pass (Live),Ilias Chair,Pass (Live)
13,63,Dominic Ball,QPR,0.03,,Blocked,29,Left Foot,,Robert Dickie,Pass (Live),Robert Dickie,Interception
14,70,Tom Carroll,QPR,0.04,,Blocked,28,Left Foot,,Lyndon Dykes,Pass (Live),Todd Kane,Pass (Live)
15,80,Ben Cabango,Swansea City,0.05,,Off Target,14,Head,,Connor Roberts,Pass (Dead),Jay Fulton,Fouled
16,82,Chris Willock,QPR,0.05,,Blocked,15,Right Foot,,Yoann Barbet,Pass (Live),Bright Osayi-Samuel,Pass (Live)
17,82,Yoann Barbet,QPR,0.03,,Off Target,18,Left Foot,,Ilias Chair,Pass (Dead),Chris Willock,Shot
18,90+2,Chris Willock,QPR,0.06,,Off Target,15,Left Foot,Volley,Bright Osayi-Samuel,Pass (Live),Bright Osayi-Samuel,Take-On
