,Player Name,Player Number,Player,#,Nation,Pos,Age,Min,CrdY,CrdR,2CrdY,Fls,Fld,Off,Crs,Int,TklW,PKwon,PKcon,OG,Recov,Won,Lost,Won%,Player Key,Player Link
0,Jamal Lowe,https://fbref.com/en/players/b2856bc0/Jamal-Lowe,9,9,jm JAM,FW,26-158,90,0,0,0,4,1,0,0,1,0,0,0,0,2,1,4,20.0,https://fbref.com/en/players/b2856bc0/Jamal-Lowe-Jamal Lowe,
1,André Ayew,https://fbref.com/en/players/5dbefa9d/Andre-Ayew,10,10,gh GHA,FW,31-009,90,0,0,0,1,2,2,1,0,1,0,0,0,2,3,13,18.8,https://fbref.com/en/players/5dbefa9d/Andre-Ayew-André Ayew,
2,Yan Dhanda,https://fbref.com/en/players/e2eb632a/Yan-Dhanda,21,21,eng ENG,AM,22-012,64,1,0,0,2,0,0,2,0,0,0,0,0,1,1,0,100.0,https://fbref.com/en/players/e2eb632a/Yan-Dhanda-Yan Dhanda,
3,Korey Smith,https://fbref.com/en/players/b80dbb09/Korey-Smith,7,7,eng ENG,AM,29-330,26,0,0,0,0,1,0,0,0,0,0,0,0,1,0,1,0.0,https://fbref.com/en/players/b80dbb09/Korey-Smith-Korey Smith,
4,Matt Grimes,https://fbref.com/en/players/81a487b9/Matt-Grimes,8,8,eng ENG,CM,25-164,90,0,0,0,1,0,0,3,3,1,0,0,0,7,4,3,57.1,https://fbref.com/en/players/81a487b9/Matt-Grimes-Matt Grimes,
5,Jay Fulton,https://fbref.com/en/players/434ad289/Jay-Fulton,6,6,sct SCO,CM,26-269,90,0,0,0,2,3,0,0,1,4,0,0,0,7,4,2,66.7,https://fbref.com/en/players/434ad289/Jay-Fulton-Jay Fulton,
6,Jake Bidwell,https://fbref.com/en/players/676b6c9b/Jake-Bidwell,24,24,eng ENG,WB,27-280,90,0,0,0,0,1,0,0,2,1,0,0,0,3,2,2,50.0,https://fbref.com/en/players/676b6c9b/Jake-Bidwell-Jake Bidwell,
7,Connor Roberts,https://fbref.com/en/players/24fae784/Connor-Roberts,23,23,wls WAL,WB,25-094,90,0,0,0,0,1,0,2,2,0,0,0,0,3,3,1,75.0,https://fbref.com/en/players/24fae784/Connor-Roberts-Connor Roberts,
8,Marc Guéhi,https://fbref.com/en/players/d0706b27/Marc-Guehi,5,5,eng ENG,CB,20-166,90,0,0,0,2,5,0,0,1,1,0,0,0,3,3,1,75.0,https://fbref.com/en/players/d0706b27/Marc-Guehi-Marc Guéhi,
9,Ryan Bennett,https://fbref.com/en/players/0bad4516/Ryan-Bennett,2,2,eng ENG,CB,30-295,90,0,0,0,0,0,0,0,0,0,0,0,0,5,4,3,57.1,https://fbref.com/en/players/0bad4516/Ryan-Bennett-Ryan Bennett,
10,Ben Cabango,https://fbref.com/en/players/70723cac/Ben-Cabango,44,44,wls WAL,CB,20-210,90,0,0,0,0,1,0,0,2,1,0,0,0,4,4,2,66.7,https://fbref.com/en/players/70723cac/Ben-Cabango-Ben Cabango,
11,Freddie Woodman,https://fbref.com/en/players/19e50035/Freddie-Woodman,1,1,eng ENG,GK,23-297,90,0,0,0,0,0,0,0,0,0,0,0,0,0,0,0,,https://fbref.com/en/players/19e50035/Freddie-Woodman-Freddie Woodman,
