,Player Name,Player Number,Player,#,Nation,Pos,Age,Min,Touches,Def Pen,Def 3rd,Mid 3rd,Att 3rd,Att Pen,Live,Att,Succ,Succ%,Tkld,Tkld%,Carries,TotDist,PrgDist,PrgC,1/3,CPA,Mis,Dis,Rec,PrgR,Player Key,Player Link
0,Jamal Lowe,https://fbref.com/en/players/b2856bc0/Jamal-Lowe,9,9,jm JAM,FW,26-158,90,31,0,4,14,13,5,31,2,1,50.0,1,50.0,20,150,89,4,1,3,4,1,25,5,https://fbref.com/en/players/b2856bc0/Jamal-Lowe-Jamal Lowe,
1,André Ayew,https://fbref.com/en/players/5dbefa9d/Andre-Ayew,10,10,gh GHA,FW,31-009,90,35,1,3,24,8,1,35,1,1,100.0,0,0.0,13,82,43,1,0,0,3,0,24,4,https://fbref.com/en/players/5dbefa9d/Andre-Ayew-André Ayew,
2,Yan Dhanda,https://fbref.com/en/players/e2eb632a/Yan-Dhanda,21,21,eng ENG,AM,22-012,64,24,0,3,11,10,0,24,2,2,100.0,0,0.0,10,67,33,1,1,0,3,0,14,2,https://fbref.com/en/players/e2eb632a/Yan-Dhanda-Yan Dhanda,
3,Korey Smith,https://fbref.com/en/players/b80dbb09/Korey-Smith,7,7,eng ENG,AM,29-330,26,7,0,3,1,3,0,7,0,0,,0,,2,1,0,0,0,0,0,0,3,0,https://fbref.com/en/players/b80dbb09/Korey-Smith-Korey Smith,
4,Matt Grimes,https://fbref.com/en/players/81a487b9/Matt-Grimes,8,8,eng ENG,CM,25-164,90,49,1,14,23,13,0,49,1,0,0.0,1,100.0,19,75,41,0,1,0,1,1,22,2,https://fbref.com/en/players/81a487b9/Matt-Grimes-Matt Grimes,
5,Jay Fulton,https://fbref.com/en/players/434ad289/Jay-Fulton,6,6,sct SCO,CM,26-269,90,42,2,15,23,4,1,42,2,1,50.0,1,50.0,12,57,23,0,0,0,0,0,12,2,https://fbref.com/en/players/434ad289/Jay-Fulton-Jay Fulton,
6,Jake Bidwell,https://fbref.com/en/players/676b6c9b/Jake-Bidwell,24,24,eng ENG,WB,27-280,90,49,4,20,18,12,2,49,0,0,,0,,8,27,7,0,1,0,0,0,17,4,https://fbref.com/en/players/676b6c9b/Jake-Bidwell-Jake Bidwell,
7,Connor Roberts,https://fbref.com/en/players/24fae784/Connor-Roberts,23,23,wls WAL,WB,25-094,90,41,2,14,17,10,1,41,0,0,,0,,12,39,12,1,0,0,1,0,13,2,https://fbref.com/en/players/24fae784/Connor-Roberts-Connor Roberts,
8,Marc Guéhi,https://fbref.com/en/players/d0706b27/Marc-Guehi,5,5,eng ENG,CB,20-166,90,41,5,27,15,0,0,41,1,1,100.0,0,0.0,24,213,144,1,0,0,2,0,24,0,https://fbref.com/en/players/d0706b27/Marc-Guehi-Marc Guéhi,
9,Ryan Bennett,https://fbref.com/en/players/0bad4516/Ryan-Bennett,2,2,eng ENG,CB,30-295,90,45,9,28,17,0,0,45,0,0,,0,,16,87,53,1,0,0,1,0,17,0,https://fbref.com/en/players/0bad4516/Ryan-Bennett-Ryan Bennett,
10,Ben Cabango,https://fbref.com/en/players/70723cac/Ben-Cabango,44,44,wls WAL,CB,20-210,90,37,8,28,7,2,1,37,0,0,,0,,12,16,8,0,0,0,0,0,12,0,https://fbref.com/en/players/70723cac/Ben-Cabango-Ben Cabango,
11,Freddie Woodman,https://fbref.com/en/players/19e50035/Freddie-Woodman,1,1,eng ENG,GK,23-297,90,42,37,42,0,0,0,42,0,0,,0,,17,90,64,0,0,0,0,0,10,0,https://fbref.com/en/players/19e50035/Freddie-Woodman-Freddie Woodman,
