,Player Name,Player Number,Player,#,Nation,Pos,Age,Min,Att,Live,Dead,FK,TB,Sw,Crs,TI,CK,In,Out,Str,Cmp,Off,Blocks,Player Key,Player Link
0,Jamal Lowe,https://fbref.com/en/players/b2856bc0/Jamal-Lowe,9,9,jm JAM,FW,26-158,90,18,18,0,0,0,0,0,0,0,0,0,0,6,0,2,https://fbref.com/en/players/b2856bc0/Jamal-Lowe-Jamal Lowe,
1,André Ayew,https://fbref.com/en/players/5dbefa9d/Andre-Ayew,10,10,gh GHA,FW,31-009,90,26,26,0,0,0,0,1,0,0,0,0,0,15,0,1,https://fbref.com/en/players/5dbefa9d/Andre-Ayew-André Ayew,
2,Yan Dhanda,https://fbref.com/en/players/e2eb632a/Yan-Dhanda,21,21,eng ENG,AM,22-012,64,18,15,2,2,0,0,2,0,0,0,0,0,10,1,0,https://fbref.com/en/players/e2eb632a/Yan-Dhanda-Yan Dhanda,
3,Korey Smith,https://fbref.com/en/players/b80dbb09/Korey-Smith,7,7,eng ENG,AM,29-330,26,6,6,0,0,0,0,0,0,0,0,0,0,3,0,0,https://fbref.com/en/players/b80dbb09/Korey-Smith-Korey Smith,
4,Matt Grimes,https://fbref.com/en/players/81a487b9/Matt-Grimes,8,8,eng ENG,CM,25-164,90,41,35,6,3,0,0,3,0,3,2,0,0,27,0,0,https://fbref.com/en/players/81a487b9/Matt-Grimes-Matt Grimes,
5,Jay Fulton,https://fbref.com/en/players/434ad289/Jay-Fulton,6,6,sct SCO,CM,26-269,90,32,31,1,0,0,0,0,0,0,0,0,0,16,0,2,https://fbref.com/en/players/434ad289/Jay-Fulton-Jay Fulton,
6,Jake Bidwell,https://fbref.com/en/players/676b6c9b/Jake-Bidwell,24,24,eng ENG,WB,27-280,90,40,25,15,0,0,0,0,15,0,0,0,0,26,0,0,https://fbref.com/en/players/676b6c9b/Jake-Bidwell-Jake Bidwell,
7,Connor Roberts,https://fbref.com/en/players/24fae784/Connor-Roberts,23,23,wls WAL,WB,25-094,90,34,21,12,1,0,0,2,11,0,0,0,0,13,1,0,https://fbref.com/en/players/24fae784/Connor-Roberts-Connor Roberts,
8,Marc Guéhi,https://fbref.com/en/players/d0706b27/Marc-Guehi,5,5,eng ENG,CB,20-166,90,30,28,2,2,0,0,0,0,0,0,0,0,21,0,0,https://fbref.com/en/players/d0706b27/Marc-Guehi-Marc Guéhi,
9,Ryan Bennett,https://fbref.com/en/players/0bad4516/Ryan-Bennett,2,2,eng ENG,CB,30-295,90,37,35,2,2,0,0,0,0,0,0,0,0,20,0,1,https://fbref.com/en/players/0bad4516/Ryan-Bennett-Ryan Bennett,
10,Ben Cabango,https://fbref.com/en/players/70723cac/Ben-Cabango,44,44,wls WAL,CB,20-210,90,23,22,1,0,0,0,0,1,0,0,0,0,13,0,0,https://fbref.com/en/players/70723cac/Ben-Cabango-Ben Cabango,
11,Freddie Woodman,https://fbref.com/en/players/19e50035/Freddie-Woodman,1,1,eng ENG,GK,23-297,90,41,19,22,7,0,0,0,0,0,0,0,0,24,0,0,https://fbref.com/en/players/19e50035/Freddie-Woodman-Freddie Woodman,
