,Player Name,Player Number,Player,#,Nation,Pos,Age,Min,Att,Live,Dead,FK,TB,Sw,Crs,TI,CK,In,Out,Str,Cmp,Off,Blocks,Player Key,Player Link
0,Nikola Stojiljković,https://fbref.com/en/players/ca3e2783/Nikola-Stojiljkovic,9,9,rs SRB,FW,28-171,72,13,11,2,0,0,0,0,0,0,0,0,0,7,0,0,https://fbref.com/en/players/ca3e2783/Nikola-Stojiljkovic-Nikola Stojiljković,
1,Pedro,https://fbref.com/en/players/17758df6/Pedro,96,96,br BRA,FW,24-088,18,2,2,0,0,0,0,0,0,0,0,0,0,1,0,0,https://fbref.com/en/players/17758df6/Pedro-Pedro,
2,Braian Mansilla,https://fbref.com/en/players/e4c37819/Braian-Mansilla,11,11,ar ARG,LW,23-294,72,27,27,0,0,0,0,5,0,0,0,0,0,16,0,3,https://fbref.com/en/players/e4c37819/Braian-Mansilla-Braian Mansilla,
3,Madi Queita,https://fbref.com/en/players/13ab460a/Madi-Queita,10,10,gw GNB,LW,22-106,18,12,11,1,0,0,0,2,1,0,0,0,0,8,0,0,https://fbref.com/en/players/13ab460a/Madi-Queita-Madi Queita,
4,Licá,https://fbref.com/en/players/41d84fed/Lica,88,88,pt POR,RW,32-149,90,8,8,0,0,0,0,2,0,0,0,0,0,5,0,0,https://fbref.com/en/players/41d84fed/Lica-Licá,
5,Ryan Gauld,https://fbref.com/en/players/862e93c2/Ryan-Gauld,23,23,sct SCO,AM,25-050,90,31,24,7,2,0,0,11,0,5,5,0,0,22,0,2,https://fbref.com/en/players/862e93c2/Ryan-Gauld-Ryan Gauld,
6,Claudio Falcão,https://fbref.com/en/players/56077210/Claudio-Falcao,29,29,br BRA,DM,26-216,90,29,27,1,1,0,1,0,0,0,0,0,0,20,1,1,https://fbref.com/en/players/56077210/Claudio-Falcao-Claudio Falcão,
7,Amine Oudrhiri,https://fbref.com/en/players/49c9c79a/Amine-Oudrhiri,5,5,ma MAR,DM,28-092,90,39,29,10,4,0,1,9,0,6,6,0,0,23,0,0,https://fbref.com/en/players/49c9c79a/Amine-Oudrhiri-Amine Oudrhiri,
8,Fábio Alexandre da Silva Nunes,https://fbref.com/en/players/7cfc2860/Fabio-Alexandre-da-Silva-Nunes,92,92,pt POR,LB,28-195,90,63,42,20,2,0,0,7,18,0,0,0,0,37,1,3,https://fbref.com/en/players/7cfc2860/Fabio-Alexandre-da-Silva-Nunes-Fábio Alexandre da Silva Nunes,
9,Eduardo Mancha,https://fbref.com/en/players/56e74f66/Eduardo-Mancha,95,95,br BRA,CB,25-072,90,34,33,1,1,0,0,0,0,0,0,0,0,30,0,0,https://fbref.com/en/players/56e74f66/Eduardo-Mancha-Eduardo Mancha,
10,André Almeida Pinto,https://fbref.com/en/players/ba6e52b0/Andre-Almeida-Pinto,25,25,pt POR,CB,31-122,90,46,44,2,2,0,1,0,0,0,0,0,0,33,0,1,https://fbref.com/en/players/ba6e52b0/Andre-Almeida-Pinto-André Almeida Pinto,
11,Tomás Tavares,https://fbref.com/en/players/0dce3356/Tomas-Tavares,84,84,pt POR,RB,19-334,90,35,22,13,0,0,0,2,13,0,0,0,0,21,0,1,https://fbref.com/en/players/0dce3356/Tomas-Tavares-Tomás Tavares,
12,Rafael Defendi,https://fbref.com/en/players/317d3e7b/Rafael-Defendi,12,12,br BRA,GK,37-044,90,29,14,14,5,0,0,0,0,0,0,0,0,18,1,0,https://fbref.com/en/players/317d3e7b/Rafael-Defendi-Rafael Defendi,
