,Player Name,Player Number,Player,#,Nation,Pos,Age,Min,CrdY,CrdR,2CrdY,Fls,Fld,Off,Crs,Int,TklW,PKwon,PKcon,OG,Recov,Won,Lost,Won%,Player Key,Player Link
0,Nikola Stojiljković,https://fbref.com/en/players/ca3e2783/Nikola-Stojiljkovic,9,9,rs SRB,FW,28-171,72,0,0,0,0,0,0,0,0,0,0,0,0,1,7,5,58.3,https://fbref.com/en/players/ca3e2783/Nikola-Stojiljkovic-Nikola Stojiljković,
1,Pedro,https://fbref.com/en/players/17758df6/Pedro,96,96,br BRA,FW,24-088,18,0,0,0,0,0,0,0,0,0,0,0,0,0,1,2,33.3,https://fbref.com/en/players/17758df6/Pedro-Pedro,
2,Braian Mansilla,https://fbref.com/en/players/e4c37819/Braian-Mansilla,11,11,ar ARG,LW,23-294,72,0,0,0,2,2,2,5,1,2,0,0,0,3,1,1,50.0,https://fbref.com/en/players/e4c37819/Braian-Mansilla-Braian Mansilla,
3,Madi Queita,https://fbref.com/en/players/13ab460a/Madi-Queita,10,10,gw GNB,LW,22-106,18,0,0,0,1,1,0,2,0,0,0,0,0,2,0,1,0.0,https://fbref.com/en/players/13ab460a/Madi-Queita-Madi Queita,
4,Licá,https://fbref.com/en/players/41d84fed/Lica,88,88,pt POR,RW,32-149,90,0,0,0,0,2,1,2,0,1,0,0,0,1,1,2,33.3,https://fbref.com/en/players/41d84fed/Lica-Licá,
5,Ryan Gauld,https://fbref.com/en/players/862e93c2/Ryan-Gauld,23,23,sct SCO,AM,25-050,90,0,0,0,2,3,0,11,2,1,0,0,0,5,0,0,,https://fbref.com/en/players/862e93c2/Ryan-Gauld-Ryan Gauld,
6,Claudio Falcão,https://fbref.com/en/players/56077210/Claudio-Falcao,29,29,br BRA,DM,26-216,90,0,0,0,2,0,0,0,2,2,0,1,0,10,2,2,50.0,https://fbref.com/en/players/56077210/Claudio-Falcao-Claudio Falcão,
7,Amine Oudrhiri,https://fbref.com/en/players/49c9c79a/Amine-Oudrhiri,5,5,ma MAR,DM,28-092,90,0,0,0,1,2,0,9,1,0,0,0,0,2,0,1,0.0,https://fbref.com/en/players/49c9c79a/Amine-Oudrhiri-Amine Oudrhiri,
8,Fábio Alexandre da Silva Nunes,https://fbref.com/en/players/7cfc2860/Fabio-Alexandre-da-Silva-Nunes,92,92,pt POR,LB,28-195,90,0,0,0,0,4,0,7,2,1,0,0,0,4,0,4,0.0,https://fbref.com/en/players/7cfc2860/Fabio-Alexandre-da-Silva-Nunes-Fábio Alexandre da Silva Nunes,
9,Eduardo Mancha,https://fbref.com/en/players/56e74f66/Eduardo-Mancha,95,95,br BRA,CB,25-072,90,0,0,0,1,0,0,0,0,0,0,0,0,2,3,0,100.0,https://fbref.com/en/players/56e74f66/Eduardo-Mancha-Eduardo Mancha,
10,André Almeida Pinto,https://fbref.com/en/players/ba6e52b0/Andre-Almeida-Pinto,25,25,pt POR,CB,31-122,90,0,0,0,5,0,0,0,2,0,0,0,0,5,4,2,66.7,https://fbref.com/en/players/ba6e52b0/Andre-Almeida-Pinto-André Almeida Pinto,
11,Tomás Tavares,https://fbref.com/en/players/0dce3356/Tomas-Tavares,84,84,pt POR,RB,19-334,90,0,0,0,1,0,0,2,5,2,0,0,0,5,1,1,50.0,https://fbref.com/en/players/0dce3356/Tomas-Tavares-Tomás Tavares,
12,Rafael Defendi,https://fbref.com/en/players/317d3e7b/Rafael-Defendi,12,12,br BRA,GK,37-044,90,0,0,0,0,3,0,0,0,0,0,0,0,0,3,0,100.0,https://fbref.com/en/players/317d3e7b/Rafael-Defendi-Rafael Defendi,
