,Player Name,Player Number,Player,#,Nation,Pos,Age,Min,Touches,Def Pen,Def 3rd,Mid 3rd,Att 3rd,Att Pen,Live,Att,Succ,Succ%,Tkld,Tkld%,Carries,TotDist,PrgDist,PrgC,1/3,CPA,Mis,Dis,Rec,PrgR,Player Key,Player Link
0,Nikola Stojiljković,https://fbref.com/en/players/ca3e2783/Nikola-Stojiljkovic,9,9,rs SRB,FW,28-171,72,20,1,1,9,10,4,20,0,0,,0,,6,10,2,0,1,0,2,0,16,3,https://fbref.com/en/players/ca3e2783/Nikola-Stojiljkovic-Nikola Stojiljković,
1,Pedro,https://fbref.com/en/players/17758df6/Pedro,96,96,br BRA,FW,24-088,18,5,0,0,1,4,3,5,0,0,,0,,3,14,9,1,0,1,0,0,4,1,https://fbref.com/en/players/17758df6/Pedro-Pedro,
2,Braian Mansilla,https://fbref.com/en/players/e4c37819/Braian-Mansilla,11,11,ar ARG,LW,23-294,72,32,0,4,13,16,2,32,0,0,,0,,12,71,37,3,1,1,0,1,24,8,https://fbref.com/en/players/e4c37819/Braian-Mansilla-Braian Mansilla,
3,Madi Queita,https://fbref.com/en/players/13ab460a/Madi-Queita,10,10,gw GNB,LW,22-106,18,14,0,0,3,11,0,14,0,0,,0,,5,25,2,1,0,0,1,2,9,0,https://fbref.com/en/players/13ab460a/Madi-Queita-Madi Queita,
4,Licá,https://fbref.com/en/players/41d84fed/Lica,88,88,pt POR,RW,32-149,90,14,0,2,4,8,2,14,0,0,,0,,7,36,13,1,0,0,2,1,10,3,https://fbref.com/en/players/41d84fed/Lica-Licá,
5,Ryan Gauld,https://fbref.com/en/players/862e93c2/Ryan-Gauld,23,23,sct SCO,AM,25-050,90,47,2,8,15,25,2,47,0,0,,0,,15,145,96,3,0,0,2,0,19,3,https://fbref.com/en/players/862e93c2/Ryan-Gauld-Ryan Gauld,
6,Claudio Falcão,https://fbref.com/en/players/56077210/Claudio-Falcao,29,29,br BRA,DM,26-216,90,46,1,14,24,9,3,46,4,2,50.0,2,50.0,17,56,23,1,0,0,1,2,14,0,https://fbref.com/en/players/56077210/Claudio-Falcao-Claudio Falcão,
7,Amine Oudrhiri,https://fbref.com/en/players/49c9c79a/Amine-Oudrhiri,5,5,ma MAR,DM,28-092,90,41,1,8,21,12,1,41,0,0,,0,,16,94,27,0,0,0,0,0,20,0,https://fbref.com/en/players/49c9c79a/Amine-Oudrhiri-Amine Oudrhiri,
8,Fábio Alexandre da Silva Nunes,https://fbref.com/en/players/7cfc2860/Fabio-Alexandre-da-Silva-Nunes,92,92,pt POR,LB,28-195,90,73,3,11,31,32,1,73,2,2,100.0,0,0.0,31,164,56,2,0,0,3,0,35,10,https://fbref.com/en/players/7cfc2860/Fabio-Alexandre-da-Silva-Nunes-Fábio Alexandre da Silva Nunes,
9,Eduardo Mancha,https://fbref.com/en/players/56e74f66/Eduardo-Mancha,95,95,br BRA,CB,25-072,90,41,4,19,21,1,1,41,0,0,,0,,23,92,58,0,0,0,0,0,30,0,https://fbref.com/en/players/56e74f66/Eduardo-Mancha-Eduardo Mancha,
10,André Almeida Pinto,https://fbref.com/en/players/ba6e52b0/Andre-Almeida-Pinto,25,25,pt POR,CB,31-122,90,53,7,31,21,1,1,53,1,1,100.0,0,0.0,27,62,18,0,0,0,0,0,32,0,https://fbref.com/en/players/ba6e52b0/Andre-Almeida-Pinto-André Almeida Pinto,
11,Tomás Tavares,https://fbref.com/en/players/0dce3356/Tomas-Tavares,84,84,pt POR,RB,19-334,90,47,3,16,18,13,0,47,0,0,,0,,14,43,3,0,0,0,1,0,14,3,https://fbref.com/en/players/0dce3356/Tomas-Tavares-Tomás Tavares,
12,Rafael Defendi,https://fbref.com/en/players/317d3e7b/Rafael-Defendi,12,12,br BRA,GK,37-044,90,33,29,33,0,0,0,33,0,0,,0,,13,38,28,0,0,0,0,0,12,0,https://fbref.com/en/players/317d3e7b/Rafael-Defendi-Rafael Defendi,
