,Player Name,Player Number,Player,#,Nation,Pos,Age,Min,Gls,Ast,PK,PKatt,Sh,SoT,CrdY,CrdR,Touches,Tkl,Int,Blocks,xG,npxG,xAG,SCA,GCA,Cmp,Att,Cmp%,PrgP,Carries,PrgC,Att,Succ,Player Key,Player Link
0,Crysan,https://fbref.com/en/players/70acbadc/Crysan,23,23,br BRA,FW,24-212,84,0,0,0,0,4,1,0,0,32,2,0,1,0.5,0.5,0.0,2,0,11,17,64.7,2,20,1,3,2,https://fbref.com/en/players/70acbadc/Crysan-Crysan,
1,Rui Filipe Cunha Correia,https://fbref.com/en/players/34270aeb/Rui-Filipe-Cunha-Correia,21,21,pt POR,"FW,CM",25-239,6,0,0,0,0,0,0,0,0,3,0,0,0,0.0,0.0,0.0,0,0,0,1,0.0,0,3,0,0,0,https://fbref.com/en/players/34270aeb/Rui-Filipe-Cunha-Correia-Rui Filipe Cunha Correia,
2,Lincoln,https://fbref.com/en/players/27504df8/Lincoln,10,10,br BRA,LW,22-089,84,0,0,0,0,1,0,0,0,48,1,1,2,0.0,0.0,0.0,3,0,21,41,51.2,4,22,1,1,0,https://fbref.com/en/players/27504df8/Lincoln-Lincoln,
3,Shahriar Moghanlou,https://fbref.com/en/players/92f69be8/Shahriar-Moghanlou,70,70,ir IRN,"LW,FW",26-045,6,0,0,0,0,0,0,0,0,5,0,0,0,0.0,0.0,0.0,0,0,2,4,50.0,1,1,0,0,0,https://fbref.com/en/players/92f69be8/Shahriar-Moghanlou-Shahriar Moghanlou,
4,Carlos,https://fbref.com/en/players/901e930c/Carlos,13,13,br BRA,RW,25-173,89,1,0,1,1,2,0,1,0,36,1,0,1,0.9,0.1,0.1,4,2,15,21,71.4,1,19,4,4,2,https://fbref.com/en/players/901e930c/Carlos-Carlos,
5,João Afonso,https://fbref.com/en/players/a8f07c8f/Joao-Afonso,5,5,pt POR,CB,30-252,1,0,0,0,0,0,0,0,0,0,0,0,0,0.0,0.0,0.0,0,0,0,0,,0,0,0,0,0,https://fbref.com/en/players/a8f07c8f/Joao-Afonso-João Afonso,
6,Diogo Salomão,https://fbref.com/en/players/45e4d136/Diogo-Salomao,35,35,pt POR,LM,32-143,78,0,0,0,0,0,0,0,0,36,0,1,0,0.0,0.0,0.6,2,0,21,29,72.4,3,21,3,4,1,https://fbref.com/en/players/45e4d136/Diogo-Salomao-Diogo Salomão,
7,Allano,https://fbref.com/en/players/9c1245f8/Allano,7,7,br BRA,LM,25-286,12,0,0,0,0,0,0,0,0,5,1,0,0,0.0,0.0,0.0,0,0,3,4,75.0,1,4,0,0,0,https://fbref.com/en/players/9c1245f8/Allano-Allano,
8,Hidemasa Morita,https://fbref.com/en/players/a650c75b/Hidemasa-Morita,25,25,jp JPN,CM,25-270,90,0,0,0,0,1,0,0,0,58,1,2,3,0.0,0.0,0.0,1,0,36,47,76.6,4,25,0,2,2,https://fbref.com/en/players/a650c75b/Hidemasa-Morita-Hidemasa Morita,
9,Anderson Carvalho,https://fbref.com/en/players/043168bf/Anderson-Carvalho,27,27,br BRA,RM,30-260,90,0,0,0,0,0,0,0,0,30,1,0,0,0.0,0.0,0.1,2,0,18,24,75.0,2,10,0,0,0,https://fbref.com/en/players/043168bf/Anderson-Carvalho-Anderson Carvalho,
10,Mansur,https://fbref.com/en/players/924081a5/Mansur,6,6,br BRA,LB,27-293,90,0,0,0,0,0,0,0,0,42,0,1,0,0.0,0.0,0.0,0,0,24,33,72.7,1,17,0,0,0,https://fbref.com/en/players/924081a5/Mansur-Mansur,
11,Mikel Villanueva,https://fbref.com/en/players/65f90a76/Mikel-Villanueva,3,3,ve VEN,CB,27-296,90,0,0,0,0,1,0,0,0,55,0,0,0,0.2,0.2,0.0,1,0,37,45,82.2,0,27,0,0,0,https://fbref.com/en/players/65f90a76/Mikel-Villanueva-Mikel Villanueva,
12,Fábio Cardoso,https://fbref.com/en/players/4a5839fa/Fabio-Cardoso,4,4,pt POR,CB,26-291,90,0,0,0,0,0,0,1,0,51,0,1,1,0.0,0.0,0.0,1,0,28,39,71.8,2,23,0,0,0,https://fbref.com/en/players/4a5839fa/Fabio-Cardoso-Fábio Cardoso,
13,Rafael Ramos,https://fbref.com/en/players/f8ddf51c/Rafael-Ramos,2,2,pt POR,RB,26-026,90,0,0,0,0,1,0,1,0,53,1,1,1,0.0,0.0,0.0,2,0,30,38,78.9,4,24,5,5,2,https://fbref.com/en/players/f8ddf51c/Rafael-Ramos-Rafael Ramos,
14,Marco André Rocha Pereira,https://fbref.com/en/players/5cd73451/Marco-Andre-Rocha-Pereira,99,99,pt POR,GK,34-023,90,0,0,0,0,0,0,0,0,39,0,1,0,0.0,0.0,0.0,0,0,19,35,54.3,0,13,0,0,0,https://fbref.com/en/players/5cd73451/Marco-Andre-Rocha-Pereira-Marco André Rocha Pereira,
