,Player Name,Player Number,Player,#,Nation,Pos,Age,Min,CrdY,CrdR,2CrdY,Fls,Fld,Off,Crs,Int,TklW,PKwon,PKcon,OG,Recov,Won,Lost,Won%,Player Key,Player Link
0,Crysan,https://fbref.com/en/players/70acbadc/Crysan,23,23,br BRA,FW,24-212,84,0,0,0,3,3,0,0,0,1,0,0,0,3,2,6,25.0,https://fbref.com/en/players/70acbadc/Crysan-Crysan,
1,Rui Filipe Cunha Correia,https://fbref.com/en/players/34270aeb/Rui-Filipe-Cunha-Correia,21,21,pt POR,"FW,CM",25-239,6,0,0,0,1,0,0,0,0,0,0,0,0,0,0,1,0.0,https://fbref.com/en/players/34270aeb/Rui-Filipe-Cunha-Correia-Rui Filipe Cunha Correia,
2,Lincoln,https://fbref.com/en/players/27504df8/Lincoln,10,10,br BRA,LW,22-089,84,0,0,0,0,3,0,12,1,0,0,0,0,6,0,0,,https://fbref.com/en/players/27504df8/Lincoln-Lincoln,
3,Shahriar Moghanlou,https://fbref.com/en/players/92f69be8/Shahriar-Moghanlou,70,70,ir IRN,"LW,FW",26-045,6,0,0,0,1,0,0,0,0,0,0,0,0,0,2,1,66.7,https://fbref.com/en/players/92f69be8/Shahriar-Moghanlou-Shahriar Moghanlou,
4,Carlos,https://fbref.com/en/players/901e930c/Carlos,13,13,br BRA,RW,25-173,89,1,0,0,2,1,0,1,0,1,1,0,0,4,4,2,66.7,https://fbref.com/en/players/901e930c/Carlos-Carlos,
5,João Afonso,https://fbref.com/en/players/a8f07c8f/Joao-Afonso,5,5,pt POR,CB,30-252,1,0,0,0,0,0,0,0,0,0,0,0,0,0,0,0,,https://fbref.com/en/players/a8f07c8f/Joao-Afonso-João Afonso,
6,Diogo Salomão,https://fbref.com/en/players/45e4d136/Diogo-Salomao,35,35,pt POR,LM,32-143,78,0,0,0,0,0,0,4,1,0,0,0,0,2,0,0,,https://fbref.com/en/players/45e4d136/Diogo-Salomao-Diogo Salomão,
7,Allano,https://fbref.com/en/players/9c1245f8/Allano,7,7,br BRA,LM,25-286,12,0,0,0,0,0,0,0,0,1,0,0,0,2,0,0,,https://fbref.com/en/players/9c1245f8/Allano-Allano,
8,Hidemasa Morita,https://fbref.com/en/players/a650c75b/Hidemasa-Morita,25,25,jp JPN,CM,25-270,90,0,0,0,2,0,0,1,2,0,0,0,0,6,2,1,66.7,https://fbref.com/en/players/a650c75b/Hidemasa-Morita-Hidemasa Morita,
9,Anderson Carvalho,https://fbref.com/en/players/043168bf/Anderson-Carvalho,27,27,br BRA,RM,30-260,90,0,0,0,3,2,0,1,0,0,0,0,0,3,1,0,100.0,https://fbref.com/en/players/043168bf/Anderson-Carvalho-Anderson Carvalho,
10,Mansur,https://fbref.com/en/players/924081a5/Mansur,6,6,br BRA,LB,27-293,90,0,0,0,1,1,0,2,1,0,0,0,0,3,1,5,16.7,https://fbref.com/en/players/924081a5/Mansur-Mansur,
11,Mikel Villanueva,https://fbref.com/en/players/65f90a76/Mikel-Villanueva,3,3,ve VEN,CB,27-296,90,0,0,0,1,0,0,0,0,0,0,0,0,1,4,1,80.0,https://fbref.com/en/players/65f90a76/Mikel-Villanueva-Mikel Villanueva,
12,Fábio Cardoso,https://fbref.com/en/players/4a5839fa/Fabio-Cardoso,4,4,pt POR,CB,26-291,90,1,0,0,1,1,0,0,1,0,0,0,0,0,5,4,55.6,https://fbref.com/en/players/4a5839fa/Fabio-Cardoso-Fábio Cardoso,
13,Rafael Ramos,https://fbref.com/en/players/f8ddf51c/Rafael-Ramos,2,2,pt POR,RB,26-026,90,1,0,0,2,3,0,1,1,1,0,0,0,6,0,2,0.0,https://fbref.com/en/players/f8ddf51c/Rafael-Ramos-Rafael Ramos,
14,Marco André Rocha Pereira,https://fbref.com/en/players/5cd73451/Marco-Andre-Rocha-Pereira,99,99,pt POR,GK,34-023,90,0,0,0,0,0,0,0,1,0,0,0,0,1,0,0,,https://fbref.com/en/players/5cd73451/Marco-Andre-Rocha-Pereira-Marco André Rocha Pereira,
