,Player Name,Player Number,Player,#,Nation,Pos,Age,Min,Touches,Def Pen,Def 3rd,Mid 3rd,Att 3rd,Att Pen,Live,Att,Succ,Succ%,Tkld,Tkld%,Carries,TotDist,PrgDist,PrgC,1/3,CPA,Mis,Dis,Rec,PrgR,Player Key,Player Link
0,Crysan,https://fbref.com/en/players/70acbadc/Crysan,23,23,br BRA,FW,24-212,84,32,1,2,14,17,5,32,3,2,66.7,1,33.3,20,92,32,1,0,1,3,1,21,1,https://fbref.com/en/players/70acbadc/Crysan-Crysan,
1,Rui Filipe Cunha Correia,https://fbref.com/en/players/34270aeb/Rui-Filipe-Cunha-Correia,21,21,pt POR,"FW,CM",25-239,6,3,0,0,1,2,1,3,0,0,,0,,3,1,0,0,0,0,2,0,3,1,https://fbref.com/en/players/34270aeb/Rui-Filipe-Cunha-Correia-Rui Filipe Cunha Correia,
2,Lincoln,https://fbref.com/en/players/27504df8/Lincoln,10,10,br BRA,LW,22-089,84,48,2,5,22,22,1,48,1,0,0.0,1,100.0,22,84,49,1,1,0,1,1,26,5,https://fbref.com/en/players/27504df8/Lincoln-Lincoln,
3,Shahriar Moghanlou,https://fbref.com/en/players/92f69be8/Shahriar-Moghanlou,70,70,ir IRN,"LW,FW",26-045,6,5,0,1,4,0,0,5,0,0,,0,,1,12,3,0,0,0,0,0,4,0,https://fbref.com/en/players/92f69be8/Shahriar-Moghanlou-Shahriar Moghanlou,
4,Carlos,https://fbref.com/en/players/901e930c/Carlos,13,13,br BRA,RW,25-173,89,36,4,7,14,16,8,35,4,2,50.0,2,50.0,19,139,93,4,2,2,4,0,20,6,https://fbref.com/en/players/901e930c/Carlos-Carlos,
5,João Afonso,https://fbref.com/en/players/a8f07c8f/Joao-Afonso,5,5,pt POR,CB,30-252,1,0,0,0,0,0,0,0,0,0,,0,,0,0,0,0,0,0,0,0,0,0,https://fbref.com/en/players/a8f07c8f/Joao-Afonso-João Afonso,
6,Diogo Salomão,https://fbref.com/en/players/45e4d136/Diogo-Salomao,35,35,pt POR,LM,32-143,78,36,1,4,18,14,3,36,4,1,25.0,3,75.0,21,127,58,3,3,1,0,0,24,8,https://fbref.com/en/players/45e4d136/Diogo-Salomao-Diogo Salomão,
7,Allano,https://fbref.com/en/players/9c1245f8/Allano,7,7,br BRA,LM,25-286,12,5,0,0,4,1,0,5,0,0,,0,,4,15,3,0,0,0,1,0,3,2,https://fbref.com/en/players/9c1245f8/Allano-Allano,
8,Hidemasa Morita,https://fbref.com/en/players/a650c75b/Hidemasa-Morita,25,25,jp JPN,CM,25-270,90,58,6,19,29,10,1,58,2,2,100.0,0,0.0,25,132,70,0,0,0,0,1,28,0,https://fbref.com/en/players/a650c75b/Hidemasa-Morita-Hidemasa Morita,
9,Anderson Carvalho,https://fbref.com/en/players/043168bf/Anderson-Carvalho,27,27,br BRA,RM,30-260,90,30,2,2,22,6,0,30,0,0,,0,,10,22,8,0,0,0,2,0,15,0,https://fbref.com/en/players/043168bf/Anderson-Carvalho-Anderson Carvalho,
10,Mansur,https://fbref.com/en/players/924081a5/Mansur,6,6,br BRA,LB,27-293,90,42,9,19,19,4,0,42,0,0,,0,,17,63,14,0,0,0,0,0,20,1,https://fbref.com/en/players/924081a5/Mansur-Mansur,
11,Mikel Villanueva,https://fbref.com/en/players/65f90a76/Mikel-Villanueva,3,3,ve VEN,CB,27-296,90,55,11,42,10,3,2,55,0,0,,0,,27,83,49,0,0,0,2,1,35,0,https://fbref.com/en/players/65f90a76/Mikel-Villanueva-Mikel Villanueva,
12,Fábio Cardoso,https://fbref.com/en/players/4a5839fa/Fabio-Cardoso,4,4,pt POR,CB,26-291,90,51,9,32,17,2,2,51,0,0,,0,,23,70,44,0,0,0,0,0,29,0,https://fbref.com/en/players/4a5839fa/Fabio-Cardoso-Fábio Cardoso,
13,Rafael Ramos,https://fbref.com/en/players/f8ddf51c/Rafael-Ramos,2,2,pt POR,RB,26-026,90,53,3,20,25,9,0,53,5,2,40.0,3,60.0,24,280,137,5,3,0,0,1,21,1,https://fbref.com/en/players/f8ddf51c/Rafael-Ramos-Rafael Ramos,
14,Marco André Rocha Pereira,https://fbref.com/en/players/5cd73451/Marco-Andre-Rocha-Pereira,99,99,pt POR,GK,34-023,90,39,36,39,0,0,0,39,0,0,,0,,13,66,32,0,0,0,0,0,12,0,https://fbref.com/en/players/5cd73451/Marco-Andre-Rocha-Pereira-Marco André Rocha Pereira,
