,Minute,Player,Squad,xG,PSxG,Outcome,Distance,Body Part,Notes,SCA 1 Player,SCA 1 Event,SCA 2 Player,SCA 2 Event
0,4,Braian Mansilla,Farense,0.03,,Blocked,30,Left Foot,,Braian Mansilla,Fouled,Fábio Alexandre da Silva Nunes,Pass (Dead)
1,7,Carlos,Santa Clara,0.05,,Off Target,16,Right Foot,,Rafael Ramos,Pass (Live),Fábio Cardoso,Pass (Live)
2,10,Claudio Falcão,Farense,0.04,,Woodwork,15,Left Foot,,Licá,Fouled,Nikola Stojiljković,Pass (Live)
3,12,Eduardo Mancha,Farense,0.05,,Off Target,10,Head,,Ryan Gauld,Pass (Dead),Fábio Alexandre da Silva Nunes,Pass (Dead)
4,31,Nikola Stojiljković,Farense,0.04,,Off Target,9,Head,,Ryan Gauld,Pass (Dead),Eduardo Mancha,Pass (Live)
5,33,Crysan,Santa Clara,0.02,,Off Target,52,Right Foot,,Mikel Villanueva,Pass (Live),,
6,34,Nikola Stojiljković,Farense,0.05,0.04,Saved,15,Right Foot,,Fábio Alexandre da Silva Nunes,Pass (Live),,
7,40,Ryan Gauld,Farense,0.09,0.49,Goal,9,Left Foot,,Braian Mansilla,Pass (Live),Nikola Stojiljković,Pass (Live)
8,44,Carlos,Santa Clara,0.05,,Blocked,17,Right Foot,,Carlos,Take-On,Lincoln,Pass (Live)
9,45,Nikola Stojiljković,Farense,0.05,,Blocked,10,Head,,Licá,Pass (Live),Rafael Defendi,Pass (Live)
10,45+1,Nikola Stojiljković,Farense,0.05,,Off Target,9,Head,,Ryan Gauld,Pass (Dead),Nikola Stojiljković,Shot
11,,,,,,,,,,,,,
12,48,Ryan Gauld,Farense,0.03,,Off Target,25,Right Foot,Volley,,,,
13,52,Crysan,Santa Clara,0.31,0.77,Saved,11,Right Foot,,Crysan,Take-On,Diogo Salomão,Pass (Live)
14,54,Rafael Ramos,Santa Clara,0.02,,Blocked,31,Right Foot,,Anderson Carvalho,Pass (Live),Lincoln,Pass (Live)
15,54,Mikel Villanueva,Santa Clara,0.25,,Woodwork,10,Head,,Diogo Salomão,Pass (Live),Crysan,Pass (Live)
16,55,Crysan,Santa Clara,0.06,,Off Target,12,Head,,,,,
17,58,Hidemasa Morita,Santa Clara,0.04,,Blocked,17,Left Foot,Volley,Lincoln,Pass (Dead),Rafael Ramos,Fouled
18,59,Crysan,Santa Clara,0.07,,Blocked,10,Right Foot,,Carlos,Pass (Live),Hidemasa Morita,Pass (Live)
19,63,Carlos(pen),Santa Clara,0.79,1.00,Goal,13,Right Foot,,Carlos,Fouled,Carlos,Take-On
20,66,Claudio Falcão,Farense,0.06,,Off Target,9,Head,,Amine Oudrhiri,Pass (Live),Ryan Gauld,Pass (Dead)
21,70,Claudio Falcão,Farense,0.03,,Off Target,24,Right Foot,,Claudio Falcão,Take-On,,
22,76,Licá,Farense,0.11,0.05,Saved,6,Right Foot,,Fábio Alexandre da Silva Nunes,Pass (Live),Madi Queita,Pass (Live)
23,80,Lincoln,Santa Clara,0.03,,Blocked,30,Left Foot,,Anderson Carvalho,Pass (Live),,
24,80,Pedro,Farense,0.09,0.25,Saved,13,Right Foot,,Ryan Gauld,Pass (Live),,
25,81,Pedro,Farense,0.04,,Off Target,10,Head,,Ryan Gauld,Pass (Dead),Pedro,Shot
26,86,Pedro,Farense,0.26,,Off Target,11,Head,,Ryan Gauld,Pass (Live),Fábio Alexandre da Silva Nunes,Pass (Live)
27,90+4,Fábio Alexandre da Silva Nunes,Farense,0.05,,Off Target,15,Left Foot,Volley,Madi Queita,Pass (Live),,
