season,injury,from,until,days,missed_games
23/24,unknown injury,"Feb 7, 2024","Feb 14, 2024",7 days,1
22/23,Ill,"Feb 10, 2023","Feb 14, 2023",4 days,1
22/23,Back injury,"Oct 26, 2022","Jan 11, 2023",77 days,4
22/23,Back injury,"Oct 5, 2022","Oct 12, 2022",7 days,1
21/22,unknown injury,"Dec 10, 2021","Dec 17, 2021",7 days,2
20/21,Knee injury,"Mar 19, 2021","Apr 7, 2021",19 days,2
17/18,Groin injury,"Sep 26, 2017","Sep 28, 2017",2 days,1
15/16,Ankle injury,"Jan 29, 2016","Feb 1, 2016",3 days,1
15/16,Ankle injury,"Sep 13, 2015","Sep 15, 2015",2 days,1
14/15,Leg injury,"Feb 2, 2015","Feb 6, 2015",4 days,1
13/14,Ankle injury,"Feb 17, 2014","Mar 6, 2014",17 days,2
