season,injury,from,until,days,missed_games
22/23,Fitness,"Aug 1, 2022","Aug 24, 2022",23 days,8
20/21,Knee injury,"Oct 18, 2020","Mar 28, 2021",161 days,17
19/20,Knee injury,"Feb 25, 2020","Jul 3, 2020",129 days,2
19/20,Fitness,"Dec 11, 2019","Jan 5, 2020",25 days,4
19/20,Knee surgery,"Jul 19, 2019","Dec 10, 2019",144 days,20
18/19,Knee problems,"Mar 8, 2019","Apr 5, 2019",28 days,4
17/18,Ankle injury,"Apr 19, 2018","May 10, 2018",21 days,3
17/18,Calf injury,"Nov 20, 2017","Dec 8, 2017",18 days,3
17/18,Ankle problems,"Sep 17, 2017","Sep 27, 2017",10 days,2
15/16,Groin injury,"Feb 13, 2016","Aug 3, 2016",172 days,21
15/16,Groin injury,"Dec 5, 2015","Jan 14, 2016",40 days,10
14/15,Groin injury,"Sep 1, 2014","May 11, 2015",252 days,44
13/14,Ankle injury,"Nov 4, 2013","Nov 21, 2013",17 days,5
13/14,Thigh problems,"Oct 21, 2013","Oct 25, 2013",4 days,1
13/14,Muscle strain,"Aug 12, 2013","Aug 26, 2013",14 days,5
