,Player Name,Player Number,Player,#,Nation,Pos,Age,Min,Touches,Def Pen,Def 3rd,Mid 3rd,Att 3rd,Att Pen,Live,Att,Succ,Succ%,Tkld,Tkld%,Carries,TotDist,PrgDist,PrgC,1/3,CPA,Mis,Dis,Rec,PrgR,Player Key,Player Link
0,Nikola Stojiljković,https://fbref.com/en/players/ca3e2783/Nikola-Stojiljkovic,9,9,rs SRB,FW,28-041,72,18,1,1,8,9,4,18,2,0,0.0,2,100.0,5,5,0,0,0,0,1,0,11,2,https://fbref.com/en/players/ca3e2783/Nikola-Stojiljkovic-Nikola Stojiljković,
1,Amine Oudrhiri,https://fbref.com/en/players/49c9c79a/Amine-Oudrhiri,5,5,ma MAR,DM,27-328,18,23,0,7,17,0,0,23,0,0,,0,,11,97,79,2,0,0,1,0,9,0,https://fbref.com/en/players/49c9c79a/Amine-Oudrhiri-Amine Oudrhiri,
2,Braian Mansilla,https://fbref.com/en/players/e4c37819/Braian-Mansilla,11,11,ar ARG,LW,23-164,62,35,0,5,17,14,4,35,7,5,71.4,2,28.6,16,141,65,2,0,0,2,2,21,6,https://fbref.com/en/players/e4c37819/Braian-Mansilla-Braian Mansilla,
3,Álvarinho,https://fbref.com/en/players/a81bc44d/Alvarinho,77,77,pt POR,LW,30-024,28,11,0,0,7,4,0,11,0,0,,0,,10,81,41,1,1,0,3,1,10,2,https://fbref.com/en/players/a81bc44d/Alvarinho-Álvarinho,
4,Ryan Gauld,https://fbref.com/en/players/862e93c2/Ryan-Gauld,23,23,sct SCO,RW,24-286,90,49,0,3,16,31,2,49,8,5,62.5,3,37.5,21,176,121,5,2,0,3,1,24,10,https://fbref.com/en/players/862e93c2/Ryan-Gauld-Ryan Gauld,
5,Jonatan Lucca,https://fbref.com/en/players/b04f4533/Jonatan-Lucca,47,47,br BRA,AM,26-117,90,48,1,2,24,22,2,48,4,3,75.0,1,25.0,29,137,46,0,1,0,0,0,34,3,https://fbref.com/en/players/b04f4533/Jonatan-Lucca-Jonatan Lucca,
6,Fabrício Isidoro,https://fbref.com/en/players/b70ca4b5/Fabricio-Isidoro,14,14,br BRA,DM,28-243,90,35,0,5,20,12,0,35,1,1,100.0,0,0.0,20,84,35,0,0,0,0,0,22,3,https://fbref.com/en/players/b70ca4b5/Fabricio-Isidoro-Fabrício Isidoro,
7,Claudio Falcão,https://fbref.com/en/players/56077210/Claudio-Falcao,29,29,br BRA,DM,26-086,72,39,3,10,24,7,0,39,0,0,,0,,16,50,13,0,0,0,2,1,20,0,https://fbref.com/en/players/56077210/Claudio-Falcao-Claudio Falcão,
8,Pedro,https://fbref.com/en/players/17758df6/Pedro,96,96,br BRA,FW,23-324,18,8,0,1,3,5,1,8,0,0,,0,,4,36,28,2,2,0,0,0,4,1,https://fbref.com/en/players/17758df6/Pedro-Pedro,
9,Fábio Alexandre da Silva Nunes,https://fbref.com/en/players/7cfc2860/Fabio-Alexandre-da-Silva-Nunes,92,92,pt POR,LB,28-065,90,55,4,14,27,15,2,55,2,1,50.0,1,50.0,31,146,80,2,0,2,1,0,32,5,https://fbref.com/en/players/7cfc2860/Fabio-Alexandre-da-Silva-Nunes-Fábio Alexandre da Silva Nunes,
10,Cássio,https://fbref.com/en/players/36334180/Cassio,41,41,br BRA,CB,26-268,90,49,3,23,22,4,3,49,0,0,,0,,19,71,37,0,0,0,0,0,27,0,https://fbref.com/en/players/36334180/Cassio-Cássio,
11,César,https://fbref.com/en/players/4dcde17a/Cesar,4,4,br BRA,CB,27-274,81,33,1,11,21,1,0,33,0,0,,0,,15,71,56,0,0,0,0,0,21,0,https://fbref.com/en/players/4dcde17a/Cesar-César,
12,Patrick,https://fbref.com/en/players/867b60b4/Patrick,19,19,cv CPV,RB,26-289,9,6,0,0,2,4,1,6,0,0,,0,,3,6,1,0,0,0,1,0,5,3,https://fbref.com/en/players/867b60b4/Patrick-Patrick,
13,Alexandre Pinto,https://fbref.com/en/players/b05d8d93/Alexandre-Pinto,78,78,pt POR,RB,22-081,80,49,1,14,18,17,2,49,0,0,,0,,21,111,68,3,0,0,1,0,25,5,https://fbref.com/en/players/b05d8d93/Alexandre-Pinto-Alexandre Pinto,
14,Miguel Bandarra,https://fbref.com/en/players/1e4684e8/Miguel-Bandarra,17,17,pt POR,CB,24-254,10,17,0,2,6,9,0,17,2,1,50.0,1,50.0,9,64,32,1,1,0,1,1,10,3,https://fbref.com/en/players/1e4684e8/Miguel-Bandarra-Miguel Bandarra,
15,Hugo Marques,https://fbref.com/en/players/789ee29d/Hugo-Marques,1,1,ao ANG,GK,34-256,90,22,15,22,0,0,0,22,0,0,,0,,8,52,19,0,0,0,0,0,9,0,https://fbref.com/en/players/789ee29d/Hugo-Marques-Hugo Marques,
