,Player Name,Player Number,Player,#,Nation,Pos,Age,Min,Att,Live,Dead,FK,TB,Sw,Crs,TI,CK,In,Out,Str,Cmp,Off,Blocks,Player Key,Player Link
0,Nikola Stojiljković,https://fbref.com/en/players/ca3e2783/Nikola-Stojiljkovic,9,9,rs SRB,FW,28-041,72,8,6,2,0,0,0,0,0,0,0,0,0,6,0,0,https://fbref.com/en/players/ca3e2783/Nikola-Stojiljkovic-Nikola Stojiljković,
1,Amine Oudrhiri,https://fbref.com/en/players/49c9c79a/Amine-Oudrhiri,5,5,ma MAR,DM,27-328,18,21,18,3,3,0,2,0,0,0,0,0,0,21,0,0,https://fbref.com/en/players/49c9c79a/Amine-Oudrhiri-Amine Oudrhiri,
2,Braian Mansilla,https://fbref.com/en/players/e4c37819/Braian-Mansilla,11,11,ar ARG,LW,23-164,62,24,22,2,0,0,0,7,1,1,1,0,0,12,0,1,https://fbref.com/en/players/e4c37819/Braian-Mansilla-Braian Mansilla,
3,Álvarinho,https://fbref.com/en/players/a81bc44d/Alvarinho,77,77,pt POR,LW,30-024,28,8,7,1,0,0,0,1,0,1,0,0,0,7,0,0,https://fbref.com/en/players/a81bc44d/Alvarinho-Álvarinho,
4,Ryan Gauld,https://fbref.com/en/players/862e93c2/Ryan-Gauld,23,23,sct SCO,RW,24-286,90,36,26,10,2,0,0,11,2,6,5,0,0,19,0,0,https://fbref.com/en/players/862e93c2/Ryan-Gauld-Ryan Gauld,
5,Jonatan Lucca,https://fbref.com/en/players/b04f4533/Jonatan-Lucca,47,47,br BRA,AM,26-117,90,44,39,5,2,0,1,8,0,3,3,0,0,32,0,1,https://fbref.com/en/players/b04f4533/Jonatan-Lucca-Jonatan Lucca,
6,Fabrício Isidoro,https://fbref.com/en/players/b70ca4b5/Fabricio-Isidoro,14,14,br BRA,DM,28-243,90,29,27,2,2,0,1,2,0,0,0,0,0,23,0,1,https://fbref.com/en/players/b70ca4b5/Fabricio-Isidoro-Fabrício Isidoro,
7,Claudio Falcão,https://fbref.com/en/players/56077210/Claudio-Falcao,29,29,br BRA,DM,26-086,72,26,26,0,0,0,0,1,0,0,0,0,0,20,0,1,https://fbref.com/en/players/56077210/Claudio-Falcao-Claudio Falcão,
8,Pedro,https://fbref.com/en/players/17758df6/Pedro,96,96,br BRA,FW,23-324,18,7,7,0,0,0,0,0,0,0,0,0,0,5,0,0,https://fbref.com/en/players/17758df6/Pedro-Pedro,
9,Fábio Alexandre da Silva Nunes,https://fbref.com/en/players/7cfc2860/Fabio-Alexandre-da-Silva-Nunes,92,92,pt POR,LB,28-065,90,48,36,12,1,0,0,4,11,0,0,0,0,36,0,0,https://fbref.com/en/players/7cfc2860/Fabio-Alexandre-da-Silva-Nunes-Fábio Alexandre da Silva Nunes,
10,Cássio,https://fbref.com/en/players/36334180/Cassio,41,41,br BRA,CB,26-268,90,42,40,2,2,0,2,0,0,0,0,0,0,31,0,0,https://fbref.com/en/players/36334180/Cassio-Cássio,
11,César,https://fbref.com/en/players/4dcde17a/Cesar,4,4,br BRA,CB,27-274,81,31,30,1,1,0,3,0,0,0,0,0,0,24,0,0,https://fbref.com/en/players/4dcde17a/Cesar-César,
12,Patrick,https://fbref.com/en/players/867b60b4/Patrick,19,19,cv CPV,RB,26-289,9,4,4,0,0,0,0,0,0,0,0,0,0,2,0,0,https://fbref.com/en/players/867b60b4/Patrick-Patrick,
13,Alexandre Pinto,https://fbref.com/en/players/b05d8d93/Alexandre-Pinto,78,78,pt POR,RB,22-081,80,39,30,9,0,0,1,7,9,0,0,0,0,29,0,1,https://fbref.com/en/players/b05d8d93/Alexandre-Pinto-Alexandre Pinto,
14,Miguel Bandarra,https://fbref.com/en/players/1e4684e8/Miguel-Bandarra,17,17,pt POR,CB,24-254,10,12,10,2,0,0,0,2,2,0,0,0,0,6,0,0,https://fbref.com/en/players/1e4684e8/Miguel-Bandarra-Miguel Bandarra,
15,Hugo Marques,https://fbref.com/en/players/789ee29d/Hugo-Marques,1,1,ao ANG,GK,34-256,90,20,15,5,1,0,0,0,0,0,0,0,0,13,0,0,https://fbref.com/en/players/789ee29d/Hugo-Marques-Hugo Marques,
