,Player Name,Player Number,Player,#,Nation,Pos,Age,Min,Tkl,TklW,Def 3rd,Mid 3rd,Att 3rd,Tkl,Att,Tkl%,Lost,Blocks,Sh,Pass,Int,Tkl+Int,Clr,Err,Player Key,Player Link
0,Brayan Riascos,https://fbref.com/en/players/e60d17c2/Brayan-Riascos,94,94,co COL,FW,25-353,76,1,1,0,1,0,0,1,0.0,1,0,0,0,1,2,1,0,https://fbref.com/en/players/e60d17c2/Brayan-Riascos-Brayan Riascos,
1,Bryan Róchez,https://fbref.com/en/players/fc497514/Bryan-Rochez,35,35,hn HON,FW,25-270,14,2,1,0,2,0,1,2,50.0,1,0,0,0,0,2,1,0,https://fbref.com/en/players/fc497514/Bryan-Rochez-Bryan Róchez,
2,João Pedro Gomes Camacho,https://fbref.com/en/players/31c3caea/Joao-Pedro-Gomes-Camacho,7,7,pt POR,"LW,RW",26-096,88,0,0,0,0,0,0,0,,0,1,1,0,0,0,0,0,https://fbref.com/en/players/31c3caea/Joao-Pedro-Gomes-Camacho-João Pedro Gomes Camacho,
3,Julio,https://fbref.com/en/players/6ad78c3f/Julio,44,44,br BRA,RW,25-190,2,1,1,1,0,0,0,0,,0,0,0,0,0,1,0,0,https://fbref.com/en/players/6ad78c3f/Julio-Julio,
4,Vincent Thill,https://fbref.com/en/players/7de29631/Vincent-Thill,45,45,lu LUX,RW,20-236,56,0,0,0,0,0,0,2,0.0,2,0,0,0,0,0,0,0,https://fbref.com/en/players/7de29631/Vincent-Thill-Vincent Thill,
5,Kenji Gorré,https://fbref.com/en/players/52d1a4c6/Kenji-Gorre,11,11,cw CUW,"LW,RW",25-364,34,2,1,2,0,0,2,3,66.7,1,0,0,0,0,2,1,0,https://fbref.com/en/players/52d1a4c6/Kenji-Gorre-Kenji Gorré,
6,Vincent Koziello,https://fbref.com/en/players/9a493fb7/Vincent-Koziello,10,10,fr FRA,AM,24-335,55,1,1,0,1,0,1,4,25.0,3,0,0,0,1,2,1,0,https://fbref.com/en/players/9a493fb7/Vincent-Koziello-Vincent Koziello,
7,Larry Azouni,https://fbref.com/en/players/fb8fa245/Larry-Azouni,5,5,tn TUN,AM,26-188,35,1,0,1,0,0,1,1,100.0,0,0,0,0,1,2,0,0,https://fbref.com/en/players/fb8fa245/Larry-Azouni-Larry Azouni,
8,Rúben Micael,https://fbref.com/en/players/107c6fbd/Ruben-Micael,14,14,pt POR,DM,34-039,75,0,0,0,0,0,0,1,0.0,1,1,0,1,0,0,0,0,https://fbref.com/en/players/107c6fbd/Ruben-Micael-Rúben Micael,
9,Abdullahi Ibrahim Alhassan,https://fbref.com/en/players/ed60d19f/Abdullahi-Ibrahim-Alhassan,6,6,ng NGA,DM,23-329,15,0,0,0,0,0,0,1,0.0,1,0,0,0,4,4,1,0,https://fbref.com/en/players/ed60d19f/Abdullahi-Ibrahim-Alhassan-Abdullahi Ibrahim Alhassan,
10,Nuno Borges,https://fbref.com/en/players/f2b77816/Nuno-Borges,55,55,cv CPV,DM,32-180,90,2,1,0,2,0,1,3,33.3,2,1,1,0,2,4,3,0,https://fbref.com/en/players/f2b77816/Nuno-Borges-Nuno Borges,
11,Witi,https://fbref.com/en/players/4c99c0da/Witi,23,23,mz MOZ,LB,24-032,90,4,3,3,1,0,2,4,50.0,2,1,1,0,1,5,5,0,https://fbref.com/en/players/4c99c0da/Witi-Witi,
12,Lucas Kal,https://fbref.com/en/players/33ed689d/Lucas-Kal,3,3,br BRA,CB,24-195,90,0,0,0,0,0,0,0,,0,3,3,0,0,0,12,0,https://fbref.com/en/players/33ed689d/Lucas-Kal-Lucas Kal,
13,Pedrão,https://fbref.com/en/players/5eca05bc/Pedrao,4,4,br BRA,CB,23-147,90,1,1,1,0,0,1,1,100.0,0,2,2,0,1,2,6,0,https://fbref.com/en/players/5eca05bc/Pedrao-Pedrão,
14,Rúben Freitas,https://fbref.com/en/players/f1de96bd/Ruben-Freitas,27,27,pt POR,RB,27-269,90,1,0,0,1,0,1,3,33.3,2,1,0,1,0,1,2,0,https://fbref.com/en/players/f1de96bd/Ruben-Freitas-Rúben Freitas,
15,Daniel Guimarães,https://fbref.com/en/players/3a6566fb/Daniel-Guimaraes,13,13,br BRA,GK,33-162,90,0,0,0,0,0,0,0,,0,0,0,0,0,0,2,0,https://fbref.com/en/players/3a6566fb/Daniel-Guimaraes-Daniel Guimarães,
