,Player Name,Player Number,Player,#,Nation,Pos,Age,Min,Touches,Def Pen,Def 3rd,Mid 3rd,Att 3rd,Att Pen,Live,Att,Succ,Succ%,Tkld,Tkld%,Carries,TotDist,PrgDist,PrgC,1/3,CPA,Mis,Dis,Rec,PrgR,Player Key,Player Link
0,Brayan Riascos,https://fbref.com/en/players/e60d17c2/Brayan-Riascos,94,94,co COL,FW,25-353,76,23,2,4,10,10,2,23,0,0,,0,,18,150,43,1,0,0,2,3,19,4,https://fbref.com/en/players/e60d17c2/Brayan-Riascos-Brayan Riascos,
1,Bryan Róchez,https://fbref.com/en/players/fc497514/Bryan-Rochez,35,35,hn HON,FW,25-270,14,10,1,1,5,4,0,10,0,0,,0,,7,28,5,0,0,0,2,0,7,0,https://fbref.com/en/players/fc497514/Bryan-Rochez-Bryan Róchez,
2,João Pedro Gomes Camacho,https://fbref.com/en/players/31c3caea/Joao-Pedro-Gomes-Camacho,7,7,pt POR,"LW,RW",26-096,88,29,0,1,15,13,1,29,3,3,100.0,0,0.0,21,143,64,3,3,1,6,1,21,3,https://fbref.com/en/players/31c3caea/Joao-Pedro-Gomes-Camacho-João Pedro Gomes Camacho,
3,Julio,https://fbref.com/en/players/6ad78c3f/Julio,44,44,br BRA,RW,25-190,2,3,0,2,1,0,0,3,0,0,,0,,2,3,2,0,0,0,0,0,1,0,https://fbref.com/en/players/6ad78c3f/Julio-Julio,
4,Vincent Thill,https://fbref.com/en/players/7de29631/Vincent-Thill,45,45,lu LUX,RW,20-236,56,30,0,4,16,10,0,30,2,1,50.0,1,50.0,23,100,27,0,0,0,2,3,19,2,https://fbref.com/en/players/7de29631/Vincent-Thill-Vincent Thill,
5,Kenji Gorré,https://fbref.com/en/players/52d1a4c6/Kenji-Gorre,11,11,cw CUW,"LW,RW",25-364,34,18,0,6,9,4,0,18,0,0,,0,,13,83,47,1,3,0,0,1,13,4,https://fbref.com/en/players/52d1a4c6/Kenji-Gorre-Kenji Gorré,
6,Vincent Koziello,https://fbref.com/en/players/9a493fb7/Vincent-Koziello,10,10,fr FRA,AM,24-335,55,27,0,9,13,7,2,27,2,2,100.0,0,0.0,18,111,37,0,0,1,2,1,14,2,https://fbref.com/en/players/9a493fb7/Vincent-Koziello-Vincent Koziello,
7,Larry Azouni,https://fbref.com/en/players/fb8fa245/Larry-Azouni,5,5,tn TUN,AM,26-188,35,11,0,2,6,4,0,11,0,0,,0,,7,39,7,0,1,0,1,0,4,0,https://fbref.com/en/players/fb8fa245/Larry-Azouni-Larry Azouni,
8,Rúben Micael,https://fbref.com/en/players/107c6fbd/Ruben-Micael,14,14,pt POR,DM,34-039,75,35,1,7,26,2,0,35,1,1,100.0,0,0.0,22,46,27,0,1,0,0,0,25,0,https://fbref.com/en/players/107c6fbd/Ruben-Micael-Rúben Micael,
9,Abdullahi Ibrahim Alhassan,https://fbref.com/en/players/ed60d19f/Abdullahi-Ibrahim-Alhassan,6,6,ng NGA,DM,23-329,15,11,2,4,7,0,0,11,0,0,,0,,6,22,9,0,0,0,0,0,4,0,https://fbref.com/en/players/ed60d19f/Abdullahi-Ibrahim-Alhassan-Abdullahi Ibrahim Alhassan,
10,Nuno Borges,https://fbref.com/en/players/f2b77816/Nuno-Borges,55,55,cv CPV,DM,32-180,90,52,2,17,35,0,0,52,1,1,100.0,0,0.0,30,129,55,1,0,0,0,1,34,0,https://fbref.com/en/players/f2b77816/Nuno-Borges-Nuno Borges,
11,Witi,https://fbref.com/en/players/4c99c0da/Witi,23,23,mz MOZ,LB,24-032,90,51,5,17,27,7,1,51,1,1,100.0,0,0.0,24,118,79,2,1,1,2,2,22,4,https://fbref.com/en/players/4c99c0da/Witi-Witi,
12,Lucas Kal,https://fbref.com/en/players/33ed689d/Lucas-Kal,3,3,br BRA,CB,24-195,90,53,14,39,14,0,0,53,0,0,,0,,33,168,127,0,0,0,0,0,34,0,https://fbref.com/en/players/33ed689d/Lucas-Kal-Lucas Kal,
13,Pedrão,https://fbref.com/en/players/5eca05bc/Pedrao,4,4,br BRA,CB,23-147,90,54,10,43,12,0,0,54,0,0,,0,,34,87,38,0,0,0,0,0,33,0,https://fbref.com/en/players/5eca05bc/Pedrao-Pedrão,
14,Rúben Freitas,https://fbref.com/en/players/f1de96bd/Ruben-Freitas,27,27,pt POR,RB,27-269,90,43,1,13,22,9,0,43,0,0,,0,,29,208,96,1,0,0,0,1,24,3,https://fbref.com/en/players/f1de96bd/Ruben-Freitas-Rúben Freitas,
15,Daniel Guimarães,https://fbref.com/en/players/3a6566fb/Daniel-Guimaraes,13,13,br BRA,GK,33-162,90,46,35,46,0,0,0,46,0,0,,0,,18,71,11,0,0,0,0,0,11,0,https://fbref.com/en/players/3a6566fb/Daniel-Guimaraes-Daniel Guimarães,
