,Minute,Player,Squad,xG,PSxG,Outcome,Distance,Body Part,Notes,SCA 1 Player,SCA 1 Event,SCA 2 Player,SCA 2 Event
0,4,Alexandre Pinto,Farense,0.06,,Off Target,9,Right Foot,Volley,Ryan Gauld,Pass (Dead),,
1,10,Braian Mansilla,Farense,0.05,0.03,Saved,8,Head,,Alexandre Pinto,Pass (Live),Braian Mansilla,Pass (Live)
2,12,João Pedro Gomes Camacho,Nacional,0.03,,Off Target,31,Right Foot,,Rúben Micael,Pass (Live),Nuno Borges,Pass (Live)
3,18,Ryan Gauld,Farense,0.04,,Blocked,25,Left Foot,,Jonatan Lucca,Pass (Live),Jonatan Lucca,Interception
4,18,Nikola Stojiljković,Farense,0.06,0.05,Saved,6,Head,,Jonatan Lucca,Pass (Dead),Ryan Gauld,Shot
5,21,Witi,Nacional,0.03,,Off Target,25,Left Foot,,Rúben Micael,Pass (Live),Vincent Thill,Pass (Live)
6,26,Nikola Stojiljković,Farense,0.05,,Blocked,14,Right Foot,Volley,Jonatan Lucca,Pass (Live),Cássio,Interception
7,26,Fabrício Isidoro,Farense,0.05,,Blocked,25,Left Foot,,Jonatan Lucca,Pass (Live),Nikola Stojiljković,Shot
8,27,Nikola Stojiljković,Farense,0.04,,Off Target,16,Head,,Claudio Falcão,Pass (Live),Fabrício Isidoro,Pass (Live)
9,35,Vincent Koziello,Nacional,0.49,0.35,Saved,6,Right Foot,,João Pedro Gomes Camacho,Pass (Live),Vincent Koziello,Pass (Live)
10,38,João Pedro Gomes Camacho,Nacional,0.07,0.17,Saved,18,Right Foot,,João Pedro Gomes Camacho,Take-On,Witi,Pass (Live)
11,40,Claudio Falcão,Farense,0.04,,Blocked,29,Right Foot,,Alexandre Pinto,Pass (Live),Ryan Gauld,Pass (Live)
12,45,Brayan Riascos,Nacional,0.03,0.12,Saved,24,Right Foot,,Rúben Freitas,Pass (Live),Nuno Borges,Pass (Live)
13,45+2,Ryan Gauld,Farense,0.03,,Blocked,24,Left Foot,,Ryan Gauld,Fouled,Claudio Falcão,Pass (Live)
14,45+2,Cássio,Farense,0.06,,Off Target,10,Left Foot,Volley,Ryan Gauld,Shot,,
15,,,,,,,,,,,,,
16,47,Alexandre Pinto,Farense,0.04,,Off Target,15,Right Foot,Volley,Ryan Gauld,Pass (Live),Jonatan Lucca,Pass (Live)
17,48,Jonatan Lucca,Farense,0.09,,Off Target,7,Head,,Braian Mansilla,Pass (Dead),Alexandre Pinto,Shot
18,52,Jonatan Lucca,Farense,0.05,0.16,Saved,33,Right Foot,Free kick,Fabrício Isidoro,Fouled,Jonatan Lucca,Pass (Live)
19,54,Cássio,Farense,0.29,0.71,Saved,8,Head,,Ryan Gauld,Pass (Dead),Fabrício Isidoro,Fouled
20,58,Brayan Riascos,Nacional,0.30,,Off Target,4,Head,,João Pedro Gomes Camacho,Pass (Live),Rúben Freitas,Pass (Live)
21,58,Brayan Riascos,Nacional,0.04,0.33,Goal,21,Right Foot,,Kenji Gorré,Pass (Live),Rúben Micael,Pass (Live)
22,63,João Pedro Gomes Camacho,Nacional,0.03,,Off Target,34,Right Foot,,Rúben Micael,Pass (Live),Kenji Gorré,Pass (Live)
23,74,Pedro,Farense,0.09,,Off Target,9,Head,,Fabrício Isidoro,Pass (Live),Jonatan Lucca,Pass (Live)
24,83,Bryan Róchez,Nacional,0.01,,Blocked,61,Right Foot,,Abdullahi Ibrahim Alhassan,Interception,,
25,83,Ryan Gauld,Farense,0.05,,Blocked,27,Left Foot,,Ryan Gauld,Take-On,Ryan Gauld,Take-On
26,89,Jonatan Lucca,Farense,0.02,,Blocked,36,Right Foot,,Miguel Bandarra,Pass (Live),Amine Oudrhiri,Pass (Live)
27,90+4,Cássio,Farense,0.05,,Blocked,33,Right Foot,Free kick,Álvarinho,Fouled,Patrick,Pass (Live)
28,90+5,Patrick,Farense,0.04,,Off Target,10,Head,,Ryan Gauld,Pass (Dead),Cássio,Shot
