,Player Name,Player Number,Player,#,Nation,Pos,Age,Min,Gls,Ast,PK,PKatt,Sh,SoT,CrdY,CrdR,Touches,Tkl,Int,Blocks,xG,npxG,xAG,SCA,GCA,Cmp,Att,Cmp%,PrgP,Carries,PrgC,Att,Succ,Player Key,Player Link
0,Duván Zapata,https://fbref.com/en/players/d3de9af0/Duvan-Zapata,91,91,co COL,FW,29-319,84,0,0,0,0,3,0,0,0,47,1,0,0,0.2,0.2,0.0,5,0,29,40,72.5,2,33,4,4,2,https://fbref.com/en/players/d3de9af0/Duvan-Zapata-Duván Zapata,
1,Ruslan Malinovskyi,https://fbref.com/en/players/48d5bd33/Ruslan-Malinovskyi,18,18,ua UKR,AM,27-286,6,0,0,0,0,0,0,0,0,6,0,0,0,0.0,0.0,0.0,0,0,1,6,16.7,0,4,0,0,0,https://fbref.com/en/players/48d5bd33/Ruslan-Malinovskyi-Ruslan Malinovskyi,
2,Mario Pašalić,https://fbref.com/en/players/e599253a/Mario-Pasalic,88,88,hr CRO,AM,26-005,45,0,0,0,0,0,0,0,0,30,1,0,0,0.0,0.0,0.1,2,0,18,25,72.0,1,19,3,1,1,https://fbref.com/en/players/e599253a/Mario-Pasalic-Mario Pašalić,
3,Aleksei Miranchuk,https://fbref.com/en/players/a9aa0d1d/Aleksei-Miranchuk,59,59,ru RUS,"AM,FW",25-120,45,0,1,0,0,0,0,0,0,29,0,1,0,0.0,0.0,0.0,3,1,20,26,76.9,3,18,1,1,0,https://fbref.com/en/players/a9aa0d1d/Aleksei-Miranchuk-Aleksei Miranchuk,
4,Josip Iličić,https://fbref.com/en/players/68252d6d/Josip-Ilicic,72,72,si SVN,"AM,FW",33-016,68,0,0,0,0,1,1,1,0,50,1,0,3,0.1,0.1,0.1,1,0,33,38,86.8,5,32,1,3,2,https://fbref.com/en/players/68252d6d/Josip-Ilicic-Josip Iličić,
5,Luis Muriel,https://fbref.com/en/players/eb2fe5b6/Luis-Muriel,9,9,co COL,FW,29-304,22,1,0,0,0,2,1,0,0,18,0,0,0,0.1,0.1,0.1,3,1,9,13,69.2,1,7,3,2,1,https://fbref.com/en/players/eb2fe5b6/Luis-Muriel-Luis Muriel,
6,Matteo Pessina,https://fbref.com/en/players/780e3631/Matteo-Pessina,32,32,it ITA,CM,23-299,45,0,0,0,0,0,0,0,0,43,0,2,0,0.0,0.0,0.0,0,0,24,38,63.2,3,23,1,2,1,https://fbref.com/en/players/780e3631/Matteo-Pessina-Matteo Pessina,
7,Marten de Roon,https://fbref.com/en/players/2a1beb34/Marten-de-Roon,15,15,nl NED,CM,29-322,45,0,0,0,0,0,0,1,0,57,5,0,0,0.0,0.0,0.0,0,0,34,47,72.3,5,29,1,0,0,https://fbref.com/en/players/2a1beb34/Marten-de-Roon-Marten de Roon,
8,Remo Freuler,https://fbref.com/en/players/98d2c2c4/Remo-Freuler,11,11,ch SUI,CM,28-305,90,0,0,0,0,0,0,0,0,90,2,1,4,0.0,0.0,0.0,1,0,69,80,86.3,8,47,3,2,2,https://fbref.com/en/players/98d2c2c4/Remo-Freuler-Remo Freuler,
9,Robin Gosens,https://fbref.com/en/players/2d970560/Robin-Gosens,8,8,de GER,WB,26-224,90,0,0,0,0,2,0,0,0,89,1,1,4,0.2,0.2,0.0,1,0,52,68,76.5,1,36,4,4,3,https://fbref.com/en/players/2d970560/Robin-Gosens-Robin Gosens,
10,Bosko Sutalo,https://fbref.com/en/players/1d0bb7e4/Bosko-Sutalo,4,4,hr CRO,WB,21-044,61,0,0,0,0,0,0,0,0,38,2,0,1,0.0,0.0,0.0,0,0,18,27,66.7,2,14,0,1,0,https://fbref.com/en/players/1d0bb7e4/Bosko-Sutalo-Bosko Sutalo,
11,Joakim Mæhle,https://fbref.com/en/players/c459a650/Joakim-Maehle,3,3,dk DEN,WB,23-270,29,0,0,0,0,0,0,0,0,27,0,1,0,0.0,0.0,0.1,1,0,19,21,90.5,2,9,1,2,1,https://fbref.com/en/players/c459a650/Joakim-Maehle-Joakim Mæhle,
12,José Luis Palomino,https://fbref.com/en/players/921f6058/Jose-Luis-Palomino,6,6,ar ARG,CB,31-040,90,0,0,0,0,1,0,0,0,103,3,3,0,0.1,0.1,0.0,0,0,77,93,82.8,4,63,0,0,0,https://fbref.com/en/players/921f6058/Jose-Luis-Palomino-José Luis Palomino,
13,Berat Djimsiti,https://fbref.com/en/players/6eee05f1/Berat-Djimsiti,19,19,al ALB,CB,27-361,90,0,0,0,0,1,0,0,0,107,0,3,1,0.1,0.1,0.0,0,0,83,94,88.3,1,66,0,0,0,https://fbref.com/en/players/6eee05f1/Berat-Djimsiti-Berat Djimsiti,
14,Cristian Romero,https://fbref.com/en/players/a3d94a58/Cristian-Romero,17,17,ar ARG,CB,22-293,90,0,0,0,0,0,0,1,0,70,4,3,0,0.0,0.0,0.0,1,0,48,58,82.8,7,39,2,0,0,https://fbref.com/en/players/a3d94a58/Cristian-Romero-Cristian Romero,
15,Marco Sportiello,https://fbref.com/en/players/ac4003af/Marco-Sportiello,57,57,it ITA,GK,28-280,90,0,0,0,0,0,0,0,0,26,0,0,0,0.0,0.0,0.0,0,0,22,25,88.0,0,19,0,0,0,https://fbref.com/en/players/ac4003af/Marco-Sportiello-Marco Sportiello,
