,Player Name,Player Number,Player,#,Nation,Pos,Age,Min,CrdY,CrdR,2CrdY,Fls,Fld,Off,Crs,Int,TklW,PKwon,PKcon,OG,Recov,Won,Lost,Won%,Player Key,Player Link
0,Duván Zapata,https://fbref.com/en/players/d3de9af0/Duvan-Zapata,91,91,co COL,FW,29-319,84,0,0,0,1,1,0,3,0,1,0,0,0,2,2,2,50.0,https://fbref.com/en/players/d3de9af0/Duvan-Zapata-Duván Zapata,
1,Ruslan Malinovskyi,https://fbref.com/en/players/48d5bd33/Ruslan-Malinovskyi,18,18,ua UKR,AM,27-286,6,0,0,0,0,1,0,3,0,0,0,0,0,0,0,0,,https://fbref.com/en/players/48d5bd33/Ruslan-Malinovskyi-Ruslan Malinovskyi,
2,Mario Pašalić,https://fbref.com/en/players/e599253a/Mario-Pasalic,88,88,hr CRO,AM,26-005,45,0,0,0,0,1,0,2,0,0,0,0,0,1,1,0,100.0,https://fbref.com/en/players/e599253a/Mario-Pasalic-Mario Pašalić,
3,Aleksei Miranchuk,https://fbref.com/en/players/a9aa0d1d/Aleksei-Miranchuk,59,59,ru RUS,"AM,FW",25-120,45,0,0,0,1,1,1,0,1,0,0,0,0,7,2,1,66.7,https://fbref.com/en/players/a9aa0d1d/Aleksei-Miranchuk-Aleksei Miranchuk,
4,Josip Iličić,https://fbref.com/en/players/68252d6d/Josip-Ilicic,72,72,si SVN,"AM,FW",33-016,68,1,0,0,3,3,1,4,0,1,0,0,0,3,0,0,,https://fbref.com/en/players/68252d6d/Josip-Ilicic-Josip Iličić,
5,Luis Muriel,https://fbref.com/en/players/eb2fe5b6/Luis-Muriel,9,9,co COL,FW,29-304,22,0,0,0,0,0,0,3,0,0,0,0,0,1,0,0,,https://fbref.com/en/players/eb2fe5b6/Luis-Muriel-Luis Muriel,
6,Matteo Pessina,https://fbref.com/en/players/780e3631/Matteo-Pessina,32,32,it ITA,CM,23-299,45,0,0,0,0,1,0,0,2,0,0,0,0,5,0,0,,https://fbref.com/en/players/780e3631/Matteo-Pessina-Matteo Pessina,
7,Marten de Roon,https://fbref.com/en/players/2a1beb34/Marten-de-Roon,15,15,nl NED,CM,29-322,45,1,0,0,1,1,0,0,0,4,0,0,0,6,3,3,50.0,https://fbref.com/en/players/2a1beb34/Marten-de-Roon-Marten de Roon,
8,Remo Freuler,https://fbref.com/en/players/98d2c2c4/Remo-Freuler,11,11,ch SUI,CM,28-305,90,0,0,0,3,1,0,1,1,2,0,0,0,8,0,2,0.0,https://fbref.com/en/players/98d2c2c4/Remo-Freuler-Remo Freuler,
9,Robin Gosens,https://fbref.com/en/players/2d970560/Robin-Gosens,8,8,de GER,WB,26-224,90,0,0,0,1,1,0,1,1,1,0,0,0,5,2,0,100.0,https://fbref.com/en/players/2d970560/Robin-Gosens-Robin Gosens,
10,Bosko Sutalo,https://fbref.com/en/players/1d0bb7e4/Bosko-Sutalo,4,4,hr CRO,WB,21-044,61,0,0,0,0,2,0,1,0,2,0,0,0,5,3,5,37.5,https://fbref.com/en/players/1d0bb7e4/Bosko-Sutalo-Bosko Sutalo,
11,Joakim Mæhle,https://fbref.com/en/players/c459a650/Joakim-Maehle,3,3,dk DEN,WB,23-270,29,0,0,0,0,1,0,1,1,0,0,0,0,0,0,0,,https://fbref.com/en/players/c459a650/Joakim-Maehle-Joakim Mæhle,
12,José Luis Palomino,https://fbref.com/en/players/921f6058/Jose-Luis-Palomino,6,6,ar ARG,CB,31-040,90,0,0,0,2,0,0,1,3,1,0,0,0,6,3,1,75.0,https://fbref.com/en/players/921f6058/Jose-Luis-Palomino-José Luis Palomino,
13,Berat Djimsiti,https://fbref.com/en/players/6eee05f1/Berat-Djimsiti,19,19,al ALB,CB,27-361,90,0,0,0,0,1,0,0,3,0,0,0,0,2,2,0,100.0,https://fbref.com/en/players/6eee05f1/Berat-Djimsiti-Berat Djimsiti,
14,Cristian Romero,https://fbref.com/en/players/a3d94a58/Cristian-Romero,17,17,ar ARG,CB,22-293,90,1,0,0,2,2,0,0,3,2,0,0,0,8,5,0,100.0,https://fbref.com/en/players/a3d94a58/Cristian-Romero-Cristian Romero,
15,Marco Sportiello,https://fbref.com/en/players/ac4003af/Marco-Sportiello,57,57,it ITA,GK,28-280,90,0,0,0,0,0,0,0,0,0,0,0,0,1,0,0,,https://fbref.com/en/players/ac4003af/Marco-Sportiello-Marco Sportiello,
