,Player Name,Player Number,Player,#,Nation,Pos,Age,Min,Touches,Def Pen,Def 3rd,Mid 3rd,Att 3rd,Att Pen,Live,Att,Succ,Succ%,Tkld,Tkld%,Carries,TotDist,PrgDist,PrgC,1/3,CPA,Mis,Dis,Rec,PrgR,Player Key,Player Link
0,Duván Zapata,https://fbref.com/en/players/d3de9af0/Duvan-Zapata,91,91,co COL,FW,29-319,84,47,1,2,23,23,2,47,4,2,50.0,2,50.0,33,186,84,4,1,1,2,0,39,6,https://fbref.com/en/players/d3de9af0/Duvan-Zapata-Duván Zapata,
1,Ruslan Malinovskyi,https://fbref.com/en/players/48d5bd33/Ruslan-Malinovskyi,18,18,ua UKR,AM,27-286,6,6,0,0,3,3,0,6,0,0,,0,,4,20,5,0,0,0,0,1,4,1,https://fbref.com/en/players/48d5bd33/Ruslan-Malinovskyi-Ruslan Malinovskyi,
2,Mario Pašalić,https://fbref.com/en/players/e599253a/Mario-Pasalic,88,88,hr CRO,AM,26-005,45,30,0,3,16,11,1,30,1,1,100.0,0,0.0,19,83,29,3,0,1,1,3,27,6,https://fbref.com/en/players/e599253a/Mario-Pasalic-Mario Pašalić,
3,Aleksei Miranchuk,https://fbref.com/en/players/a9aa0d1d/Aleksei-Miranchuk,59,59,ru RUS,"AM,FW",25-120,45,29,0,5,16,9,0,29,1,0,0.0,1,100.0,18,134,72,1,0,0,0,0,24,6,https://fbref.com/en/players/a9aa0d1d/Aleksei-Miranchuk-Aleksei Miranchuk,
4,Josip Iličić,https://fbref.com/en/players/68252d6d/Josip-Ilicic,72,72,si SVN,"AM,FW",33-016,68,50,0,2,26,22,0,50,3,2,66.7,1,33.3,32,215,63,1,2,0,6,3,41,7,https://fbref.com/en/players/68252d6d/Josip-Ilicic-Josip Iličić,
5,Luis Muriel,https://fbref.com/en/players/eb2fe5b6/Luis-Muriel,9,9,co COL,FW,29-304,22,18,0,0,5,13,3,18,2,1,50.0,1,50.0,7,74,45,3,0,3,0,0,11,2,https://fbref.com/en/players/eb2fe5b6/Luis-Muriel-Luis Muriel,
6,Matteo Pessina,https://fbref.com/en/players/780e3631/Matteo-Pessina,32,32,it ITA,CM,23-299,45,43,3,12,28,5,0,43,2,1,50.0,1,50.0,23,167,118,1,1,0,0,0,31,1,https://fbref.com/en/players/780e3631/Matteo-Pessina-Matteo Pessina,
7,Marten de Roon,https://fbref.com/en/players/2a1beb34/Marten-de-Roon,15,15,nl NED,CM,29-322,45,57,3,18,33,6,1,57,0,0,,0,,29,161,89,1,2,1,0,0,31,0,https://fbref.com/en/players/2a1beb34/Marten-de-Roon-Marten de Roon,
8,Remo Freuler,https://fbref.com/en/players/98d2c2c4/Remo-Freuler,11,11,ch SUI,CM,28-305,90,90,2,17,58,17,0,90,2,2,100.0,0,0.0,47,293,171,3,1,0,0,0,58,2,https://fbref.com/en/players/98d2c2c4/Remo-Freuler-Remo Freuler,
9,Robin Gosens,https://fbref.com/en/players/2d970560/Robin-Gosens,8,8,de GER,WB,26-224,90,89,2,26,43,22,3,89,4,3,75.0,1,25.0,36,190,94,4,3,2,4,1,46,1,https://fbref.com/en/players/2d970560/Robin-Gosens-Robin Gosens,
10,Bosko Sutalo,https://fbref.com/en/players/1d0bb7e4/Bosko-Sutalo,4,4,hr CRO,WB,21-044,61,38,3,7,20,11,1,38,1,0,0.0,1,100.0,14,51,18,0,0,0,1,1,17,4,https://fbref.com/en/players/1d0bb7e4/Bosko-Sutalo-Bosko Sutalo,
11,Joakim Mæhle,https://fbref.com/en/players/c459a650/Joakim-Maehle,3,3,dk DEN,WB,23-270,29,27,0,5,11,11,2,27,2,1,50.0,1,50.0,9,37,15,1,0,0,1,0,15,5,https://fbref.com/en/players/c459a650/Joakim-Maehle-Joakim Mæhle,
12,José Luis Palomino,https://fbref.com/en/players/921f6058/Jose-Luis-Palomino,6,6,ar ARG,CB,31-040,90,103,11,53,48,4,3,103,0,0,,0,,63,320,94,0,0,0,0,1,74,0,https://fbref.com/en/players/921f6058/Jose-Luis-Palomino-José Luis Palomino,
13,Berat Djimsiti,https://fbref.com/en/players/6eee05f1/Berat-Djimsiti,19,19,al ALB,CB,27-361,90,107,13,53,49,5,2,107,0,0,,0,,66,517,322,0,1,0,1,0,78,1,https://fbref.com/en/players/6eee05f1/Berat-Djimsiti-Berat Djimsiti,
14,Cristian Romero,https://fbref.com/en/players/a3d94a58/Cristian-Romero,17,17,ar ARG,CB,22-293,90,70,4,25,34,13,1,70,0,0,,0,,39,154,74,2,1,0,1,0,42,1,https://fbref.com/en/players/a3d94a58/Cristian-Romero-Cristian Romero,
15,Marco Sportiello,https://fbref.com/en/players/ac4003af/Marco-Sportiello,57,57,it ITA,GK,28-280,90,26,21,26,0,0,0,26,0,0,,0,,19,71,44,0,0,0,0,0,14,0,https://fbref.com/en/players/ac4003af/Marco-Sportiello-Marco Sportiello,
