,Player Name,Player Number,Player,#,Nation,Pos,Age,Min,Gls,Ast,PK,PKatt,Sh,SoT,CrdY,CrdR,Touches,Tkl,Int,Blocks,xG,npxG,xAG,SCA,GCA,Cmp,Att,Cmp%,PrgP,Carries,PrgC,Att,Succ,Player Key,Player Link
0,João Pedro,https://fbref.com/en/players/81255c03/Joao-Pedro,10,10,it ITA,FW,28-342,90,0,0,0,0,1,0,0,0,28,1,0,2,0.1,0.1,0.0,1,0,9,15,60.0,0,16,0,6,0,https://fbref.com/en/players/81255c03/Joao-Pedro-João Pedro,
1,Giovanni Simeone,https://fbref.com/en/players/343c0d52/Giovanni-Simeone,9,9,ar ARG,FW,25-224,78,0,0,0,0,0,0,0,0,25,2,1,6,0.0,0.0,0.0,1,0,6,11,54.5,0,9,3,0,0,https://fbref.com/en/players/343c0d52/Giovanni-Simeone-Giovanni Simeone,
2,Leonardo Pavoletti,https://fbref.com/en/players/d37b0350/Leonardo-Pavoletti,30,30,it ITA,FW,32-080,12,0,0,0,0,0,0,0,0,8,0,0,0,0.0,0.0,0.0,0,0,6,7,85.7,0,3,0,0,0,https://fbref.com/en/players/d37b0350/Leonardo-Pavoletti-Leonardo Pavoletti,
3,Radja Nainggolan,https://fbref.com/en/players/1f9328da/Radja-Nainggolan,4,4,be BEL,AM,32-286,78,0,0,0,0,2,0,0,0,58,2,0,4,0.0,0.0,0.0,0,0,30,43,69.8,5,42,3,3,2,https://fbref.com/en/players/1f9328da/Radja-Nainggolan-Radja Nainggolan,
4,Alfred Duncan,https://fbref.com/en/players/528492ea/Alfred-Duncan,32,32,gh GHA,AM,27-341,12,0,0,0,0,0,0,0,0,7,1,0,0,0.0,0.0,0.0,0,0,1,5,20.0,1,4,0,1,0,https://fbref.com/en/players/528492ea/Alfred-Duncan-Alfred Duncan,
5,Răzvan Marin,https://fbref.com/en/players/7fac99d4/Razvan-Marin,8,8,ro ROU,CM,24-267,85,0,0,0,0,0,0,0,0,54,2,0,0,0.0,0.0,0.1,2,0,31,47,66.0,4,33,1,2,1,https://fbref.com/en/players/7fac99d4/Razvan-Marin-Răzvan Marin,
6,Alessandro Deiola,https://fbref.com/en/players/7f267d66/Alessandro-Deiola,14,14,it ITA,CM,25-197,5,0,0,0,0,0,0,0,0,1,0,0,0,0.0,0.0,0.0,0,0,1,1,100.0,0,1,0,0,0,https://fbref.com/en/players/7f267d66/Alessandro-Deiola-Alessandro Deiola,
7,Nahitan Nández,https://fbref.com/en/players/95facda1/Nahitan-Nandez,18,18,uy URU,CM,25-048,90,0,0,0,0,1,1,0,0,50,1,2,1,0.0,0.0,0.0,1,0,34,44,77.3,3,32,1,1,1,https://fbref.com/en/players/95facda1/Nahitan-Nandez-Nahitan Nández,
8,Charalambos Lykogiannis,https://fbref.com/en/players/5efc5389/Charalambos-Lykogiannis,22,22,gr GRE,WB,27-115,90,0,0,0,0,0,0,1,0,44,0,0,1,0.0,0.0,0.0,0,0,15,35,42.9,3,18,0,1,0,https://fbref.com/en/players/5efc5389/Charalambos-Lykogiannis-Charalambos Lykogiannis,
9,Gabriele Zappa,https://fbref.com/en/players/ca3db240/Gabriele-Zappa,25,25,it ITA,WB,21-054,90,0,0,0,0,0,0,0,0,45,0,2,1,0.0,0.0,0.0,0,0,21,33,63.6,1,25,2,3,2,https://fbref.com/en/players/ca3db240/Gabriele-Zappa-Gabriele Zappa,
10,Daniele Rugani,https://fbref.com/en/players/14b8fcdf/Daniele-Rugani,24,24,it ITA,CB,26-200,90,0,0,0,0,0,0,1,0,43,3,1,2,0.0,0.0,0.0,0,0,18,32,56.3,4,18,0,0,0,https://fbref.com/en/players/14b8fcdf/Daniele-Rugani-Daniele Rugani,
11,Diego Godín,https://fbref.com/en/players/fc4f85b1/Diego-Godin,2,2,uy URU,CB,34-364,90,0,0,0,0,0,0,0,0,62,4,4,2,0.0,0.0,0.0,0,0,36,48,75.0,3,30,1,0,0,https://fbref.com/en/players/fc4f85b1/Diego-Godin-Diego Godín,
12,Sebastian Walukiewicz,https://fbref.com/en/players/217875a4/Sebastian-Walukiewicz,40,40,pl POL,CB,20-315,90,0,0,0,0,0,0,1,0,53,3,3,3,0.0,0.0,0.0,0,0,29,39,74.4,0,21,0,1,0,https://fbref.com/en/players/217875a4/Sebastian-Walukiewicz-Sebastian Walukiewicz,
13,Alessio Cragno,https://fbref.com/en/players/f554e29b/Alessio-Cragno,28,28,it ITA,GK,26-231,90,0,0,0,0,0,0,0,0,34,0,0,0,0.0,0.0,0.0,0,0,13,34,38.2,0,17,0,0,0,https://fbref.com/en/players/f554e29b/Alessio-Cragno-Alessio Cragno,
