,Player Name,Player Number,Player,#,Nation,Pos,Age,Min,Tkl,TklW,Def 3rd,Mid 3rd,Att 3rd,Tkl,Att,Tkl%,Lost,Blocks,Sh,Pass,Int,Tkl+Int,Clr,Err,Player Key,Player Link
0,João Pedro,https://fbref.com/en/players/81255c03/Joao-Pedro,10,10,it ITA,FW,28-342,90,1,1,0,1,0,1,1,100.0,0,2,0,2,0,1,1,0,https://fbref.com/en/players/81255c03/Joao-Pedro-João Pedro,
1,Giovanni Simeone,https://fbref.com/en/players/343c0d52/Giovanni-Simeone,9,9,ar ARG,FW,25-224,78,2,1,0,2,0,0,2,0.0,2,6,0,6,1,3,1,0,https://fbref.com/en/players/343c0d52/Giovanni-Simeone-Giovanni Simeone,
2,Leonardo Pavoletti,https://fbref.com/en/players/d37b0350/Leonardo-Pavoletti,30,30,it ITA,FW,32-080,12,0,0,0,0,0,0,0,,0,0,0,0,0,0,1,0,https://fbref.com/en/players/d37b0350/Leonardo-Pavoletti-Leonardo Pavoletti,
3,Radja Nainggolan,https://fbref.com/en/players/1f9328da/Radja-Nainggolan,4,4,be BEL,AM,32-286,78,2,1,2,0,0,1,1,100.0,0,4,0,4,0,2,2,0,https://fbref.com/en/players/1f9328da/Radja-Nainggolan-Radja Nainggolan,
4,Alfred Duncan,https://fbref.com/en/players/528492ea/Alfred-Duncan,32,32,gh GHA,AM,27-341,12,1,1,0,1,0,0,0,,0,0,0,0,0,1,0,0,https://fbref.com/en/players/528492ea/Alfred-Duncan-Alfred Duncan,
5,Răzvan Marin,https://fbref.com/en/players/7fac99d4/Razvan-Marin,8,8,ro ROU,CM,24-267,85,2,2,1,1,0,2,2,100.0,0,0,0,0,0,2,0,0,https://fbref.com/en/players/7fac99d4/Razvan-Marin-Răzvan Marin,
6,Alessandro Deiola,https://fbref.com/en/players/7f267d66/Alessandro-Deiola,14,14,it ITA,CM,25-197,5,0,0,0,0,0,0,0,,0,0,0,0,0,0,0,0,https://fbref.com/en/players/7f267d66/Alessandro-Deiola-Alessandro Deiola,
7,Nahitan Nández,https://fbref.com/en/players/95facda1/Nahitan-Nandez,18,18,uy URU,CM,25-048,90,1,0,1,0,0,1,3,33.3,2,1,0,1,2,3,1,0,https://fbref.com/en/players/95facda1/Nahitan-Nandez-Nahitan Nández,
8,Charalambos Lykogiannis,https://fbref.com/en/players/5efc5389/Charalambos-Lykogiannis,22,22,gr GRE,WB,27-115,90,0,0,0,0,0,0,1,0.0,1,1,0,1,0,0,2,0,https://fbref.com/en/players/5efc5389/Charalambos-Lykogiannis-Charalambos Lykogiannis,
9,Gabriele Zappa,https://fbref.com/en/players/ca3db240/Gabriele-Zappa,25,25,it ITA,WB,21-054,90,0,0,0,0,0,0,3,0.0,3,1,0,1,2,2,3,0,https://fbref.com/en/players/ca3db240/Gabriele-Zappa-Gabriele Zappa,
10,Daniele Rugani,https://fbref.com/en/players/14b8fcdf/Daniele-Rugani,24,24,it ITA,CB,26-200,90,3,2,2,1,0,0,1,0.0,1,2,1,1,1,4,3,0,https://fbref.com/en/players/14b8fcdf/Daniele-Rugani-Daniele Rugani,
11,Diego Godín,https://fbref.com/en/players/fc4f85b1/Diego-Godin,2,2,uy URU,CB,34-364,90,4,3,3,1,0,3,3,100.0,0,2,1,1,4,8,7,0,https://fbref.com/en/players/fc4f85b1/Diego-Godin-Diego Godín,
12,Sebastian Walukiewicz,https://fbref.com/en/players/217875a4/Sebastian-Walukiewicz,40,40,pl POL,CB,20-315,90,3,2,0,1,2,1,5,20.0,4,3,0,3,3,6,2,0,https://fbref.com/en/players/217875a4/Sebastian-Walukiewicz-Sebastian Walukiewicz,
13,Alessio Cragno,https://fbref.com/en/players/f554e29b/Alessio-Cragno,28,28,it ITA,GK,26-231,90,0,0,0,0,0,0,0,,0,0,0,0,0,0,0,0,https://fbref.com/en/players/f554e29b/Alessio-Cragno-Alessio Cragno,
