,Player Name,Player Number,Player,#,Nation,Pos,Age,Min,Touches,Def Pen,Def 3rd,Mid 3rd,Att 3rd,Att Pen,Live,Att,Succ,Succ%,Tkld,Tkld%,Carries,TotDist,PrgDist,PrgC,1/3,CPA,Mis,Dis,Rec,PrgR,Player Key,Player Link
0,João Pedro,https://fbref.com/en/players/81255c03/Joao-Pedro,10,10,it ITA,FW,28-342,90,28,1,2,10,16,1,28,6,0,0.0,6,100.0,16,65,9,0,0,0,1,0,17,7,https://fbref.com/en/players/81255c03/Joao-Pedro-João Pedro,
1,Giovanni Simeone,https://fbref.com/en/players/343c0d52/Giovanni-Simeone,9,9,ar ARG,FW,25-224,78,25,1,4,13,9,1,25,0,0,,0,,9,74,43,3,1,1,0,1,10,1,https://fbref.com/en/players/343c0d52/Giovanni-Simeone-Giovanni Simeone,
2,Leonardo Pavoletti,https://fbref.com/en/players/d37b0350/Leonardo-Pavoletti,30,30,it ITA,FW,32-080,12,8,2,3,3,2,0,8,0,0,,0,,3,9,0,0,0,0,0,0,4,1,https://fbref.com/en/players/d37b0350/Leonardo-Pavoletti-Leonardo Pavoletti,
3,Radja Nainggolan,https://fbref.com/en/players/1f9328da/Radja-Nainggolan,4,4,be BEL,AM,32-286,78,58,1,13,32,13,2,58,3,2,66.7,1,33.3,42,174,68,3,1,0,3,0,34,2,https://fbref.com/en/players/1f9328da/Radja-Nainggolan-Radja Nainggolan,
4,Alfred Duncan,https://fbref.com/en/players/528492ea/Alfred-Duncan,32,32,gh GHA,AM,27-341,12,7,0,0,5,2,0,7,1,0,0.0,1,100.0,4,15,0,0,0,0,0,0,5,0,https://fbref.com/en/players/528492ea/Alfred-Duncan-Alfred Duncan,
5,Răzvan Marin,https://fbref.com/en/players/7fac99d4/Razvan-Marin,8,8,ro ROU,CM,24-267,85,54,0,15,29,11,0,54,2,1,50.0,1,50.0,33,154,70,1,1,0,1,1,30,2,https://fbref.com/en/players/7fac99d4/Razvan-Marin-Răzvan Marin,
6,Alessandro Deiola,https://fbref.com/en/players/7f267d66/Alessandro-Deiola,14,14,it ITA,CM,25-197,5,1,0,0,0,1,0,1,0,0,,0,,1,5,0,0,0,0,0,0,1,0,https://fbref.com/en/players/7f267d66/Alessandro-Deiola-Alessandro Deiola,
7,Nahitan Nández,https://fbref.com/en/players/95facda1/Nahitan-Nandez,18,18,uy URU,CM,25-048,90,50,1,10,33,8,1,50,1,1,100.0,0,0.0,32,102,53,1,2,1,0,1,30,2,https://fbref.com/en/players/95facda1/Nahitan-Nandez-Nahitan Nández,
8,Charalambos Lykogiannis,https://fbref.com/en/players/5efc5389/Charalambos-Lykogiannis,22,22,gr GRE,WB,27-115,90,44,5,17,19,8,1,44,1,0,0.0,1,100.0,18,152,17,0,0,0,1,1,22,5,https://fbref.com/en/players/5efc5389/Charalambos-Lykogiannis-Charalambos Lykogiannis,
9,Gabriele Zappa,https://fbref.com/en/players/ca3db240/Gabriele-Zappa,25,25,it ITA,WB,21-054,90,45,3,10,20,15,1,45,3,2,66.7,1,33.3,25,134,84,2,3,0,2,3,22,3,https://fbref.com/en/players/ca3db240/Gabriele-Zappa-Gabriele Zappa,
10,Daniele Rugani,https://fbref.com/en/players/14b8fcdf/Daniele-Rugani,24,24,it ITA,CB,26-200,90,43,5,20,20,3,1,43,0,0,,0,,18,81,13,0,0,0,0,1,13,1,https://fbref.com/en/players/14b8fcdf/Daniele-Rugani-Daniele Rugani,
11,Diego Godín,https://fbref.com/en/players/fc4f85b1/Diego-Godin,2,2,uy URU,CB,34-364,90,62,7,41,24,0,0,62,0,0,,0,,30,121,64,1,0,0,0,0,26,0,https://fbref.com/en/players/fc4f85b1/Diego-Godin-Diego Godín,
12,Sebastian Walukiewicz,https://fbref.com/en/players/217875a4/Sebastian-Walukiewicz,40,40,pl POL,CB,20-315,90,53,1,24,24,5,1,53,1,0,0.0,1,100.0,21,89,26,0,1,0,1,0,21,0,https://fbref.com/en/players/217875a4/Sebastian-Walukiewicz-Sebastian Walukiewicz,
13,Alessio Cragno,https://fbref.com/en/players/f554e29b/Alessio-Cragno,28,28,it ITA,GK,26-231,90,34,28,34,0,0,0,34,0,0,,0,,17,128,53,0,0,0,0,0,12,0,https://fbref.com/en/players/f554e29b/Alessio-Cragno-Alessio Cragno,
