,Minute,Player,Squad,xG,PSxG,Outcome,Distance,Body Part,Notes,SCA 1 Player,SCA 1 Event,SCA 2 Player,SCA 2 Event
0,18,Robin Gosens,Atalanta,0.05,,Off Target,14,Left Foot,,Mario Pašalić,Pass (Live),Duván Zapata,Pass (Live)
1,25,Berat Djimsiti,Atalanta,0.11,,Off Target,8,Head,,Josip Iličić,Pass (Dead),Mario Pašalić,Pass (Live)
2,28,Radja Nainggolan,Cagliari,0.02,,Blocked,32,Right Foot,,,,,
3,,,,,,,,,,,,,
4,48,João Pedro,Cagliari,0.11,,Blocked,14,Right Foot,,Răzvan Marin,Pass (Live),Giovanni Simeone,Pass (Live)
5,49,Nahitan Nández,Cagliari,0.04,0.02,Saved,13,Right Foot,,Nahitan Nández,Take-On,Răzvan Marin,Pass (Live)
6,51,Radja Nainggolan,Cagliari,0.02,,Off Target,30,Right Foot,,João Pedro,Pass (Live),,
7,54,Josip Iličić,Atalanta,0.08,0.11,Saved,25,Left Foot,Free kick,Aleksei Miranchuk,Fouled,Duván Zapata,Pass (Live)
8,75,Duván Zapata,Atalanta,0.03,,Off Target,25,Right Foot,,Luis Muriel,Pass (Live),Cristian Romero,Pass (Live)
9,78,Luis Muriel,Atalanta,0.04,,Blocked,23,Right Foot,Volley,Duván Zapata,Pass (Live),Aleksei Miranchuk,Pass (Live)
10,78,Robin Gosens,Atalanta,0.10,,Blocked,9,Left Foot,Volley,Joakim Mæhle,Pass (Live),Robin Gosens,Pass (Live)
11,83,Duván Zapata,Atalanta,0.06,,Woodwork,12,Head,,Luis Muriel,Pass (Live),Remo Freuler,Pass (Live)
12,83,Duván Zapata,Atalanta,0.08,,Blocked,12,Left Foot,Volley,Duván Zapata,Shot,,
13,83,José Luis Palomino,Atalanta,0.05,,Off Target,10,Right Foot,,Duván Zapata,Shot,,
14,90,Luis Muriel,Atalanta,0.04,0.07,Goal,16,Right Foot,,Luis Muriel,Take-On,Aleksei Miranchuk,Pass (Live)
