,Player Name,Player Number,Player,#,Nation,Pos,Age,Min,Gls,Ast,PK,PKatt,Sh,SoT,CrdY,CrdR,Touches,Tkl,Int,Blocks,xG,npxG,xAG,SCA,GCA,Cmp,Att,Cmp%,PrgP,Carries,PrgC,Att,Succ,Player Key,Player Link
0,Duncan Watmore,https://fbref.com/en/players/2b2bae51/Duncan-Watmore,18,18,eng ENG,FW,27-040,90,0,0,0,0,2,2,0,0,21,0,0,0,0.1,0.1,0.0,4,0,13,16,81.3,2,12,2,3,2,https://fbref.com/en/players/2b2bae51/Duncan-Watmore-Duncan Watmore,
1,Yannick Bolasie,https://fbref.com/en/players/715fc0fe/Yannick-Bolasie,14,14,cd COD,AM,31-328,80,1,0,0,0,3,2,0,0,29,1,0,0,0.3,0.3,0.1,2,0,12,21,57.1,1,20,2,1,0,https://fbref.com/en/players/715fc0fe/Yannick-Bolasie-Yannick Bolasie,
2,Britt Assombalonga,https://fbref.com/en/players/315aa9c5/Britt-Assombalonga,9,9,cd COD,AM,28-132,10,0,0,0,0,0,0,0,0,4,0,0,0,0.0,0.0,0.0,0,0,2,3,66.7,0,5,0,1,0,https://fbref.com/en/players/315aa9c5/Britt-Assombalonga-Britt Assombalonga,
3,Neeskens Kebano,https://fbref.com/en/players/18b999f4/Neeskens-Kebano,21,21,cd COD,AM,29-038,90,0,1,0,0,2,0,0,0,35,0,0,1,0.1,0.1,0.4,4,2,25,28,89.3,4,23,4,2,1,https://fbref.com/en/players/18b999f4/Neeskens-Kebano-Neeskens Kebano,
4,Jonny Howson,https://fbref.com/en/players/08b10f50/Jonny-Howson,16,16,eng ENG,CM,32-331,90,0,0,0,0,0,0,0,0,42,0,1,0,0.0,0.0,0.1,3,0,33,39,84.6,7,20,0,1,0,https://fbref.com/en/players/08b10f50/Jonny-Howson-Jonny Howson,
5,George Saville,https://fbref.com/en/players/c4c00019/George-Saville,22,22,nir NIR,CM,27-320,90,0,0,0,0,4,1,0,0,51,1,1,1,0.3,0.3,0.0,2,0,32,37,86.5,3,24,0,0,0,https://fbref.com/en/players/c4c00019/George-Saville-George Saville,
6,Marc Bola,https://fbref.com/en/players/3986000d/Marc-Bola,27,27,eng ENG,"WB,CB",23-129,90,0,0,0,0,1,1,0,0,80,2,2,0,0.1,0.1,0.0,3,0,53,71,74.6,4,36,2,0,0,https://fbref.com/en/players/3986000d/Marc-Bola-Marc Bola,
7,Djed Spence,https://fbref.com/en/players/9bc9a519/Djed-Spence,29,29,eng ENG,WB,20-251,62,0,0,0,0,0,0,0,0,31,0,3,1,0.0,0.0,0.0,2,0,16,23,69.6,2,15,3,2,1,https://fbref.com/en/players/9bc9a519/Djed-Spence-Djed Spence,
8,Hayden Coulson,https://fbref.com/en/players/de83e2e0/Hayden-Coulson,33,33,eng ENG,WB,22-304,28,0,0,0,0,1,0,0,0,13,0,0,0,0.0,0.0,0.0,1,0,8,9,88.9,2,9,1,0,0,https://fbref.com/en/players/de83e2e0/Hayden-Coulson-Hayden Coulson,
9,Paddy McNair,https://fbref.com/en/players/8ac454b5/Paddy-McNair,17,17,nir NIR,CB,25-355,90,0,0,0,0,0,0,0,0,66,2,3,0,0.0,0.0,0.0,3,0,52,60,86.7,5,34,4,0,0,https://fbref.com/en/players/8ac454b5/Paddy-McNair-Paddy McNair,
10,Grant Hall,https://fbref.com/en/players/1264ee68/Grant-Hall,4,4,eng ENG,CB,29-170,90,0,0,0,0,1,1,0,0,45,0,1,0,0.0,0.0,0.0,1,0,33,38,86.8,1,24,0,0,0,https://fbref.com/en/players/1264ee68/Grant-Hall-Grant Hall,
11,Darnell Fisher,https://fbref.com/en/players/bf8e356c/Darnell-Fisher,20,20,eng ENG,CB,27-013,54,0,0,0,0,0,0,0,0,28,1,3,2,0.0,0.0,0.0,1,0,10,19,52.6,5,15,2,0,0,https://fbref.com/en/players/bf8e356c/Darnell-Fisher-Darnell Fisher,
12,Marvin Johnson,https://fbref.com/en/players/dc82e7f1/Marvin-Johnson,3,3,eng ENG,WB,30-137,36,0,0,0,0,0,0,0,0,36,0,0,0,0.0,0.0,0.1,2,0,21,35,60.0,4,15,3,0,0,https://fbref.com/en/players/dc82e7f1/Marvin-Johnson-Marvin Johnson,
13,Jordan Archer,https://fbref.com/en/players/480c4a00/Jordan-Archer,13,13,sct SCO,GK,28-005,90,0,0,0,0,0,0,0,0,34,1,0,0,0.0,0.0,0.0,0,0,18,34,52.9,0,20,0,0,0,https://fbref.com/en/players/480c4a00/Jordan-Archer-Jordan Archer,
