,Player Name,Player Number,Player,#,Nation,Pos,Age,Min,Att,Live,Dead,FK,TB,Sw,Crs,TI,CK,In,Out,Str,Cmp,Off,Blocks,Player Key,Player Link
0,Duncan Watmore,https://fbref.com/en/players/2b2bae51/Duncan-Watmore,18,18,eng ENG,FW,27-040,90,16,15,1,0,0,0,1,0,1,0,0,0,13,0,1,https://fbref.com/en/players/2b2bae51/Duncan-Watmore-Duncan Watmore,
1,Yannick Bolasie,https://fbref.com/en/players/715fc0fe/Yannick-Bolasie,14,14,cd COD,AM,31-328,80,21,20,0,0,0,0,5,0,0,0,0,0,12,1,0,https://fbref.com/en/players/715fc0fe/Yannick-Bolasie-Yannick Bolasie,
2,Britt Assombalonga,https://fbref.com/en/players/315aa9c5/Britt-Assombalonga,9,9,cd COD,AM,28-132,10,3,3,0,0,0,0,0,0,0,0,0,0,2,0,0,https://fbref.com/en/players/315aa9c5/Britt-Assombalonga-Britt Assombalonga,
3,Neeskens Kebano,https://fbref.com/en/players/18b999f4/Neeskens-Kebano,21,21,cd COD,AM,29-038,90,28,22,6,3,0,0,6,1,0,0,0,0,25,0,0,https://fbref.com/en/players/18b999f4/Neeskens-Kebano-Neeskens Kebano,
4,Jonny Howson,https://fbref.com/en/players/08b10f50/Jonny-Howson,16,16,eng ENG,CM,32-331,90,39,39,0,0,0,0,1,0,0,0,0,0,33,0,0,https://fbref.com/en/players/08b10f50/Jonny-Howson-Jonny Howson,
5,George Saville,https://fbref.com/en/players/c4c00019/George-Saville,22,22,nir NIR,CM,27-320,90,37,35,2,1,0,0,1,0,0,0,0,0,32,0,1,https://fbref.com/en/players/c4c00019/George-Saville-George Saville,
6,Marc Bola,https://fbref.com/en/players/3986000d/Marc-Bola,27,27,eng ENG,"WB,CB",23-129,90,71,53,17,2,0,0,8,10,5,4,0,0,53,1,1,https://fbref.com/en/players/3986000d/Marc-Bola-Marc Bola,
7,Djed Spence,https://fbref.com/en/players/9bc9a519/Djed-Spence,29,29,eng ENG,WB,20-251,62,23,23,0,0,0,0,1,0,0,0,0,0,16,0,0,https://fbref.com/en/players/9bc9a519/Djed-Spence-Djed Spence,
8,Hayden Coulson,https://fbref.com/en/players/de83e2e0/Hayden-Coulson,33,33,eng ENG,WB,22-304,28,9,9,0,0,0,0,1,0,0,0,0,0,8,0,0,https://fbref.com/en/players/de83e2e0/Hayden-Coulson-Hayden Coulson,
9,Paddy McNair,https://fbref.com/en/players/8ac454b5/Paddy-McNair,17,17,nir NIR,CB,25-355,90,60,51,9,6,0,0,6,2,1,0,0,0,52,0,0,https://fbref.com/en/players/8ac454b5/Paddy-McNair-Paddy McNair,
10,Grant Hall,https://fbref.com/en/players/1264ee68/Grant-Hall,4,4,eng ENG,CB,29-170,90,38,37,1,0,0,0,0,1,0,0,0,0,33,0,0,https://fbref.com/en/players/1264ee68/Grant-Hall-Grant Hall,
11,Darnell Fisher,https://fbref.com/en/players/bf8e356c/Darnell-Fisher,20,20,eng ENG,CB,27-013,54,19,15,4,0,0,0,0,4,0,0,0,0,10,0,0,https://fbref.com/en/players/bf8e356c/Darnell-Fisher-Darnell Fisher,
12,Marvin Johnson,https://fbref.com/en/players/dc82e7f1/Marvin-Johnson,3,3,eng ENG,WB,30-137,36,35,29,6,0,0,0,9,4,2,0,0,0,21,0,4,https://fbref.com/en/players/dc82e7f1/Marvin-Johnson-Marvin Johnson,
13,Jordan Archer,https://fbref.com/en/players/480c4a00/Jordan-Archer,13,13,sct SCO,GK,28-005,90,34,23,11,1,0,0,0,0,0,0,0,0,18,0,0,https://fbref.com/en/players/480c4a00/Jordan-Archer-Jordan Archer,
