,Player Name,Player Number,Player,#,Nation,Pos,Age,Min,Touches,Def Pen,Def 3rd,Mid 3rd,Att 3rd,Att Pen,Live,Att,Succ,Succ%,Tkld,Tkld%,Carries,TotDist,PrgDist,PrgC,1/3,CPA,Mis,Dis,Rec,PrgR,Player Key,Player Link
0,Duncan Watmore,https://fbref.com/en/players/2b2bae51/Duncan-Watmore,18,18,eng ENG,FW,27-040,90,21,0,0,4,17,6,21,3,2,66.7,1,33.3,12,60,28,2,0,2,1,0,16,7,https://fbref.com/en/players/2b2bae51/Duncan-Watmore-Duncan Watmore,
1,Yannick Bolasie,https://fbref.com/en/players/715fc0fe/Yannick-Bolasie,14,14,cd COD,AM,31-328,80,29,0,0,7,24,4,29,1,0,0.0,1,100.0,20,161,47,2,1,0,3,0,25,6,https://fbref.com/en/players/715fc0fe/Yannick-Bolasie-Yannick Bolasie,
2,Britt Assombalonga,https://fbref.com/en/players/315aa9c5/Britt-Assombalonga,9,9,cd COD,AM,28-132,10,4,0,0,1,3,0,4,1,0,0.0,1,100.0,5,21,0,0,0,0,0,1,6,2,https://fbref.com/en/players/315aa9c5/Britt-Assombalonga-Britt Assombalonga,
3,Neeskens Kebano,https://fbref.com/en/players/18b999f4/Neeskens-Kebano,21,21,cd COD,AM,29-038,90,35,0,0,7,28,2,35,2,1,50.0,1,50.0,23,180,87,4,4,1,1,1,25,6,https://fbref.com/en/players/18b999f4/Neeskens-Kebano-Neeskens Kebano,
4,Jonny Howson,https://fbref.com/en/players/08b10f50/Jonny-Howson,16,16,eng ENG,CM,32-331,90,42,0,5,25,12,0,42,1,0,0.0,1,100.0,20,105,49,0,2,0,0,0,27,2,https://fbref.com/en/players/08b10f50/Jonny-Howson-Jonny Howson,
5,George Saville,https://fbref.com/en/players/c4c00019/George-Saville,22,22,nir NIR,CM,27-320,90,51,2,8,31,13,5,51,0,0,,0,,24,87,22,0,0,0,3,2,29,1,https://fbref.com/en/players/c4c00019/George-Saville-George Saville,
6,Marc Bola,https://fbref.com/en/players/3986000d/Marc-Bola,27,27,eng ENG,"WB,CB",23-129,90,80,0,15,33,32,2,80,0,0,,0,,36,191,80,2,1,0,0,1,50,3,https://fbref.com/en/players/3986000d/Marc-Bola-Marc Bola,
7,Djed Spence,https://fbref.com/en/players/9bc9a519/Djed-Spence,29,29,eng ENG,WB,20-251,62,31,1,8,10,13,3,31,2,1,50.0,1,50.0,15,112,65,3,2,2,2,0,16,5,https://fbref.com/en/players/9bc9a519/Djed-Spence-Djed Spence,
8,Hayden Coulson,https://fbref.com/en/players/de83e2e0/Hayden-Coulson,33,33,eng ENG,WB,22-304,28,13,0,0,4,9,1,13,0,0,,0,,9,55,29,1,0,1,2,1,13,2,https://fbref.com/en/players/de83e2e0/Hayden-Coulson-Hayden Coulson,
9,Paddy McNair,https://fbref.com/en/players/8ac454b5/Paddy-McNair,17,17,nir NIR,CB,25-355,90,66,3,17,32,18,1,66,0,0,,0,,34,222,109,4,3,1,0,0,38,3,https://fbref.com/en/players/8ac454b5/Paddy-McNair-Paddy McNair,
10,Grant Hall,https://fbref.com/en/players/1264ee68/Grant-Hall,4,4,eng ENG,CB,29-170,90,45,4,20,22,3,3,45,0,0,,0,,24,104,61,0,0,0,0,0,29,0,https://fbref.com/en/players/1264ee68/Grant-Hall-Grant Hall,
11,Darnell Fisher,https://fbref.com/en/players/bf8e356c/Darnell-Fisher,20,20,eng ENG,CB,27-013,54,28,5,14,11,3,0,28,0,0,,0,,15,107,59,2,1,0,0,0,11,1,https://fbref.com/en/players/bf8e356c/Darnell-Fisher-Darnell Fisher,
12,Marvin Johnson,https://fbref.com/en/players/dc82e7f1/Marvin-Johnson,3,3,eng ENG,WB,30-137,36,36,1,3,12,21,1,36,0,0,,0,,15,97,47,3,1,0,1,1,25,2,https://fbref.com/en/players/dc82e7f1/Marvin-Johnson-Marvin Johnson,
13,Jordan Archer,https://fbref.com/en/players/480c4a00/Jordan-Archer,13,13,sct SCO,GK,28-005,90,34,28,34,0,0,0,34,0,0,,0,,20,71,21,0,0,0,0,0,13,0,https://fbref.com/en/players/480c4a00/Jordan-Archer-Jordan Archer,
