,Player Name,Player Number,Player,#,Nation,Pos,Age,Min,CrdY,CrdR,2CrdY,Fls,Fld,Off,Crs,Int,TklW,PKwon,PKcon,OG,Recov,Won,Lost,Won%,Player Key,Player Link
0,Chris Willock,https://fbref.com/en/players/be0bd828/Chris-Willock,21,21,eng ENG,"FW,CM",23-076,73,0,0,0,1,0,0,5,0,1,0,0,0,3,0,2,0.0,https://fbref.com/en/players/be0bd828/Chris-Willock-Chris Willock,
1,Sam Field,https://fbref.com/en/players/bd8a7d05/Sam-Field,15,15,eng ENG,"LM,CM",22-344,17,0,0,0,0,0,0,0,0,1,0,0,0,1,0,0,,https://fbref.com/en/players/bd8a7d05/Sam-Field-Sam Field,
2,Lyndon Dykes,https://fbref.com/en/players/cd92357a/Lyndon-Dykes,9,9,sct SCO,FW,25-192,90,0,0,0,0,0,0,1,0,0,0,0,0,4,3,5,37.5,https://fbref.com/en/players/cd92357a/Lyndon-Dykes-Lyndon Dykes,
3,Lee Wallace,https://fbref.com/en/players/c3a396e2/Lee-Wallace,3,3,sct SCO,"LW,LB",33-259,90,0,0,0,2,1,0,2,1,1,0,0,0,3,0,0,,https://fbref.com/en/players/c3a396e2/Lee-Wallace-Lee Wallace,
4,Albert Adomah,https://fbref.com/en/players/c7174e81/Albert-Adomah,37,37,gh GHA,RW,33-125,73,0,0,0,0,1,0,1,1,0,0,0,0,5,0,3,0.0,https://fbref.com/en/players/c7174e81/Albert-Adomah-Albert Adomah,
5,Dominic Ball,https://fbref.com/en/players/79d61875/Dominic-Ball,12,12,eng ENG,"RM,RW",25-258,17,0,0,0,0,1,0,0,0,0,0,0,0,2,1,0,100.0,https://fbref.com/en/players/79d61875/Dominic-Ball-Dominic Ball,
6,Ilias Chair,https://fbref.com/en/players/ad7873cb/Ilias-Chair,10,10,ma MAR,"CM,FW",23-169,85,0,0,0,0,0,0,5,0,0,0,0,0,9,0,1,0.0,https://fbref.com/en/players/ad7873cb/Ilias-Chair-Ilias Chair,
7,Stephen Duke-McKenna,https://fbref.com/en/players/6f77df1f/Stephen-Duke-McKenna,41,41,gy GUY,FW,20-243,5,0,0,0,0,0,0,0,0,0,0,0,0,0,0,0,,https://fbref.com/en/players/6f77df1f/Stephen-Duke-McKenna-Stephen Duke-McKenna,
8,George Thomas,https://fbref.com/en/players/7ef24097/George-Thomas,19,19,wls WAL,CM,24-024,59,0,0,0,0,0,0,1,0,0,0,0,0,0,0,1,0.0,https://fbref.com/en/players/7ef24097/George-Thomas-George Thomas,
9,Joe Lumley,https://fbref.com/en/players/bdf3a08e/Joe-Lumley,1,1,eng ENG,GK,26-061,31,0,0,0,0,0,0,0,0,0,0,0,0,0,0,0,,https://fbref.com/en/players/bdf3a08e/Joe-Lumley-Joe Lumley,
10,Stefan Johansen,https://fbref.com/en/players/a48da055/Stefan-Johansen,14,14,no NOR,"DM,CM",30-099,90,0,0,0,5,1,0,0,2,0,0,0,0,6,0,0,,https://fbref.com/en/players/a48da055/Stefan-Johansen-Stefan Johansen,
11,Yoann Barbet,https://fbref.com/en/players/c52bbd2c/Yoann-Barbet,6,6,fr FRA,CB,27-342,90,0,0,0,1,0,0,0,2,2,0,0,0,2,1,0,100.0,https://fbref.com/en/players/c52bbd2c/Yoann-Barbet-Yoann Barbet,
12,Robert Dickie,https://fbref.com/en/players/c7dfc411/Robert-Dickie,4,4,eng ENG,CB,25-045,90,0,0,0,1,2,0,0,2,1,0,0,0,5,5,1,83.3,https://fbref.com/en/players/c7dfc411/Robert-Dickie-Robert Dickie,
13,Osman Kakay,https://fbref.com/en/players/0aed0751/Osman-Kakay,24,24,sl SLE,"CB,RB",23-235,90,1,0,0,2,1,0,0,2,0,0,0,0,3,0,1,0.0,https://fbref.com/en/players/0aed0751/Osman-Kakay-Osman Kakay,
14,Seny Dieng,https://fbref.com/en/players/c135cddd/Seny-Dieng,13,13,sn SEN,GK,26-145,57,0,1,0,1,0,0,0,0,0,0,0,0,1,0,0,,https://fbref.com/en/players/c135cddd/Seny-Dieng-Seny Dieng,
