,Player Name,Player Number,Player,#,Nation,Pos,Age,Min,Gls,Ast,PK,PKatt,Sh,SoT,CrdY,CrdR,Touches,Tkl,Int,Blocks,xG,npxG,xAG,SCA,GCA,Cmp,Att,Cmp%,PrgP,Carries,PrgC,Att,Succ,Player Key,Player Link
0,Chris Willock,https://fbref.com/en/players/be0bd828/Chris-Willock,21,21,eng ENG,"FW,CM",23-076,73,0,0,0,0,2,0,0,0,39,1,0,1,0.1,0.1,0.0,4,1,29,35,82.9,2,23,5,0,0,https://fbref.com/en/players/be0bd828/Chris-Willock-Chris Willock,
1,Sam Field,https://fbref.com/en/players/bd8a7d05/Sam-Field,15,15,eng ENG,"LM,CM",22-344,17,0,0,0,0,0,0,0,0,3,2,0,0,0.0,0.0,0.0,0,0,1,1,100.0,0,0,0,0,0,https://fbref.com/en/players/bd8a7d05/Sam-Field-Sam Field,
2,Lyndon Dykes,https://fbref.com/en/players/cd92357a/Lyndon-Dykes,9,9,sct SCO,FW,25-192,90,0,2,0,0,1,1,0,0,27,1,0,0,0.0,0.0,0.4,3,2,9,20,45.0,0,12,0,3,1,https://fbref.com/en/players/cd92357a/Lyndon-Dykes-Lyndon Dykes,
3,Lee Wallace,https://fbref.com/en/players/c3a396e2/Lee-Wallace,3,3,sct SCO,"LW,LB",33-259,90,1,0,0,0,1,1,0,0,40,1,1,2,0.4,0.4,0.0,2,1,28,31,90.3,2,10,1,0,0,https://fbref.com/en/players/c3a396e2/Lee-Wallace-Lee Wallace,
4,Albert Adomah,https://fbref.com/en/players/c7174e81/Albert-Adomah,37,37,gh GHA,RW,33-125,73,0,0,0,0,0,0,0,0,43,0,1,3,0.0,0.0,0.2,3,0,24,31,77.4,2,15,3,0,0,https://fbref.com/en/players/c7174e81/Albert-Adomah-Albert Adomah,
5,Dominic Ball,https://fbref.com/en/players/79d61875/Dominic-Ball,12,12,eng ENG,"RM,RW",25-258,17,0,0,0,0,0,0,0,0,8,0,0,0,0.0,0.0,0.0,0,0,3,5,60.0,0,3,1,0,0,https://fbref.com/en/players/79d61875/Dominic-Ball-Dominic Ball,
6,Ilias Chair,https://fbref.com/en/players/ad7873cb/Ilias-Chair,10,10,ma MAR,"CM,FW",23-169,85,0,0,0,0,1,0,0,0,45,0,0,0,0.1,0.1,0.0,2,0,28,41,68.3,2,24,2,1,1,https://fbref.com/en/players/ad7873cb/Ilias-Chair-Ilias Chair,
7,Stephen Duke-McKenna,https://fbref.com/en/players/6f77df1f/Stephen-Duke-McKenna,41,41,gy GUY,FW,20-243,5,0,0,0,0,0,0,0,0,3,1,0,0,0.0,0.0,0.0,0,0,1,2,50.0,0,1,0,0,0,https://fbref.com/en/players/6f77df1f/Stephen-Duke-McKenna-Stephen Duke-McKenna,
8,George Thomas,https://fbref.com/en/players/7ef24097/George-Thomas,19,19,wls WAL,CM,24-024,59,0,0,0,0,1,0,0,0,24,0,0,0,0.0,0.0,0.0,3,0,19,21,90.5,1,10,1,0,0,https://fbref.com/en/players/7ef24097/George-Thomas-George Thomas,
9,Joe Lumley,https://fbref.com/en/players/bdf3a08e/Joe-Lumley,1,1,eng ENG,GK,26-061,31,0,0,0,0,0,0,0,0,16,0,0,0,0.0,0.0,0.0,0,0,6,14,42.9,0,7,0,0,0,https://fbref.com/en/players/bdf3a08e/Joe-Lumley-Joe Lumley,
10,Stefan Johansen,https://fbref.com/en/players/a48da055/Stefan-Johansen,14,14,no NOR,"DM,CM",30-099,90,0,0,0,0,1,0,0,0,52,2,2,1,0.0,0.0,0.0,0,0,35,43,81.4,3,15,0,3,2,https://fbref.com/en/players/a48da055/Stefan-Johansen-Stefan Johansen,
11,Yoann Barbet,https://fbref.com/en/players/c52bbd2c/Yoann-Barbet,6,6,fr FRA,CB,27-342,90,0,0,0,0,1,0,0,0,47,2,2,1,0.0,0.0,0.0,0,0,27,34,79.4,2,13,1,0,0,https://fbref.com/en/players/c52bbd2c/Yoann-Barbet-Yoann Barbet,
12,Robert Dickie,https://fbref.com/en/players/c7dfc411/Robert-Dickie,4,4,eng ENG,CB,25-045,90,1,0,0,0,1,1,0,0,75,2,2,2,0.0,0.0,0.0,1,0,49,60,81.7,4,21,1,0,0,https://fbref.com/en/players/c7dfc411/Robert-Dickie-Robert Dickie,
13,Osman Kakay,https://fbref.com/en/players/0aed0751/Osman-Kakay,24,24,sl SLE,"CB,RB",23-235,90,0,0,0,0,0,0,1,0,49,0,2,0,0.0,0.0,0.0,0,0,22,39,56.4,1,16,1,1,0,https://fbref.com/en/players/0aed0751/Osman-Kakay-Osman Kakay,
14,Seny Dieng,https://fbref.com/en/players/c135cddd/Seny-Dieng,13,13,sn SEN,GK,26-145,57,0,0,0,0,0,0,0,1,29,1,0,0,0.0,0.0,0.0,0,0,23,26,88.5,0,15,0,0,0,https://fbref.com/en/players/c135cddd/Seny-Dieng-Seny Dieng,
