,Minute,Player,Squad,xG,PSxG,Outcome,Distance,Body Part,Notes,SCA 1 Player,SCA 1 Event,SCA 2 Player,SCA 2 Event
0,6,Ilias Chair,QPR,0.13,,Blocked,6,Right Foot,,Albert Adomah,Pass (Live),George Thomas,Pass (Live)
1,13,Chris Willock,QPR,0.07,,Blocked,15,Left Foot,,Albert Adomah,Pass (Dead),Lyndon Dykes,Pass (Live)
2,14,George Thomas,QPR,0.04,,Off Target,14,Head,,Chris Willock,Pass (Live),Ilias Chair,Pass (Live)
3,15,Robert Dickie,QPR,0.03,0.31,Goal,34,Right Foot,,Lyndon Dykes,Pass (Live),Chris Willock,Pass (Live)
4,17,George Saville,Middlesbrough,0.04,,Blocked,26,Left Foot,,Jonny Howson,Pass (Live),Marc Bola,Pass (Live)
5,18,Marc Bola,Middlesbrough,0.05,0.22,Saved,15,Left Foot,,Jonny Howson,Pass (Live),George Saville,Shot
6,18,Lee Wallace,QPR,0.40,0.49,Goal,7,Head,,Lyndon Dykes,Pass (Live),Lee Wallace,Pass (Live)
7,28,Yannick Bolasie,Middlesbrough,0.29,0.56,Goal,10,Head,,Neeskens Kebano,Pass (Live),Neeskens Kebano,Take-On
8,33,Lyndon Dykes,QPR,0.03,0.11,Saved,24,Left Foot,,Chris Willock,Pass (Live),Lee Wallace,Pass (Live)
9,36,Yoann Barbet,QPR,0.04,,Off Target,17,Left Foot,,George Thomas,Pass (Live),Robert Dickie,Pass (Live)
10,38,Yannick Bolasie,Middlesbrough,0.03,0.17,Saved,29,Left Foot,,Darnell Fisher,Pass (Live),George Saville,Pass (Live)
11,39,Chris Willock,QPR,0.03,,Off Target,27,Right Foot,,Ilias Chair,Pass (Live),Chris Willock,Pass (Live)
12,40,George Saville,Middlesbrough,0.08,,Blocked,15,Left Foot,,Yannick Bolasie,Pass (Live),Duncan Watmore,Pass (Live)
13,45+5,Duncan Watmore,Middlesbrough,0.05,0.20,Saved,10,Head,,Yannick Bolasie,Pass (Live),Djed Spence,Pass (Live)
14,45+7,Duncan Watmore,Middlesbrough,0.08,0.05,Saved,14,Right Foot,,Duncan Watmore,Take-On,Neeskens Kebano,Pass (Live)
15,,,,,,,,,,,,,
16,50,Neeskens Kebano,Middlesbrough,0.05,,Off Target,23,Left Foot,,Djed Spence,Pass (Live),Jonny Howson,Pass (Live)
17,55,Stefan Johansen,QPR,0.04,,Off Target,24,Left Foot,,Albert Adomah,Pass (Live),George Thomas,Pass (Live)
18,61,Grant Hall,Middlesbrough,0.05,0.04,Saved,13,Head,,Neeskens Kebano,Pass (Dead),Duncan Watmore,Fouled
19,65,Yannick Bolasie,Middlesbrough,0.03,,Blocked,29,Right Foot,,Duncan Watmore,Pass (Live),Marc Bola,Pass (Live)
20,66,George Saville,Middlesbrough,0.05,,Off Target,6,Head,,Marvin Johnson,Pass (Live),Paddy McNair,Pass (Live)
21,71,George Saville,Middlesbrough,0.14,0.36,Saved,5,Head,,Paddy McNair,Pass (Dead),Hayden Coulson,Fouled
22,77,Neeskens Kebano,Middlesbrough,0.05,,Blocked,10,Right Foot,,Marvin Johnson,Pass (Live),Marc Bola,Pass (Live)
23,90+3,Hayden Coulson,Middlesbrough,0.03,,Blocked,28,Left Foot,,Paddy McNair,Pass (Live),Grant Hall,Pass (Live)
