,Player Name,Player Number,Player,#,Nation,Pos,Age,Min,Att,Live,Dead,FK,TB,Sw,Crs,TI,CK,In,Out,Str,Cmp,Off,Blocks,Player Key,Player Link
0,Sam Lammers,https://fbref.com/en/players/c283ddef/Sam-Lammers,7,7,nl NED,FW,23-177,45,18,16,2,0,0,0,0,0,0,0,0,0,14,0,1,https://fbref.com/en/players/c283ddef/Sam-Lammers-Sam Lammers,
1,Duván Zapata,https://fbref.com/en/players/d3de9af0/Duvan-Zapata,91,91,co COL,FW,29-206,45,17,15,2,0,0,0,2,0,0,0,0,0,14,0,0,https://fbref.com/en/players/d3de9af0/Duvan-Zapata-Duván Zapata,
2,Josip Iličić,https://fbref.com/en/players/68252d6d/Josip-Ilicic,72,72,si SVN,FW,32-269,90,61,59,2,2,0,2,6,0,0,0,0,0,46,0,1,https://fbref.com/en/players/68252d6d/Josip-Ilicic-Josip Iličić,
3,Papu Gómez,https://fbref.com/en/players/6e4df551/Papu-Gomez,10,10,ar ARG,AM,32-252,90,73,65,7,3,0,0,6,1,3,1,1,0,60,1,4,https://fbref.com/en/players/6e4df551/Papu-Gomez-Papu Gómez,
4,Mario Pašalić,https://fbref.com/en/players/e599253a/Mario-Pasalic,88,88,hr CRO,CM,25-258,90,89,86,3,2,0,1,1,1,0,0,0,0,84,0,0,https://fbref.com/en/players/e599253a/Mario-Pasalic-Mario Pašalić,
5,Marten de Roon,https://fbref.com/en/players/2a1beb34/Marten-de-Roon,15,15,nl NED,CM,29-209,62,51,51,0,0,0,0,0,0,0,0,0,0,46,0,0,https://fbref.com/en/players/2a1beb34/Marten-de-Roon-Marten de Roon,
6,Ruslan Malinovskyi,https://fbref.com/en/players/48d5bd33/Ruslan-Malinovskyi,18,18,ua UKR,CM,27-173,28,23,23,0,0,0,1,0,0,0,0,0,0,15,0,1,https://fbref.com/en/players/48d5bd33/Ruslan-Malinovskyi-Ruslan Malinovskyi,
7,Johan Mojica,https://fbref.com/en/players/608f2092/Johan-Mojica,26,26,co COL,WB,28-064,45,35,33,2,0,0,0,5,2,0,0,0,0,29,0,2,https://fbref.com/en/players/608f2092/Johan-Mojica-Johan Mojica,
8,Robin Gosens,https://fbref.com/en/players/2d970560/Robin-Gosens,8,8,de GER,WB,26-111,45,28,25,3,1,0,0,2,2,0,0,0,0,21,0,1,https://fbref.com/en/players/2d970560/Robin-Gosens-Robin Gosens,
9,Fabio Depaoli,https://fbref.com/en/players/d97f2e8d/Fabio-Depaoli,27,27,it ITA,WB,23-183,59,33,32,1,0,0,0,1,1,0,0,0,0,27,0,2,https://fbref.com/en/players/d97f2e8d/Fabio-Depaoli-Fabio Depaoli,
10,Hans Hateboer,https://fbref.com/en/players/3b333ac3/Hans-Hateboer,33,33,nl NED,WB,26-289,31,33,29,4,0,0,0,2,4,0,0,0,0,32,0,1,https://fbref.com/en/players/3b333ac3/Hans-Hateboer-Hans Hateboer,
11,Berat Djimsiti,https://fbref.com/en/players/6eee05f1/Berat-Djimsiti,19,19,al ALB,CB,27-248,90,85,81,4,1,0,2,0,3,0,0,0,0,74,0,1,https://fbref.com/en/players/6eee05f1/Berat-Djimsiti-Berat Djimsiti,
12,José Luis Palomino,https://fbref.com/en/players/921f6058/Jose-Luis-Palomino,6,6,ar ARG,CB,30-293,90,60,54,6,5,0,0,0,1,0,0,0,0,57,0,0,https://fbref.com/en/players/921f6058/Jose-Luis-Palomino-José Luis Palomino,
13,Bosko Sutalo,https://fbref.com/en/players/1d0bb7e4/Bosko-Sutalo,4,4,hr CRO,CB,20-297,45,41,38,3,2,0,0,0,1,0,0,0,0,34,0,2,https://fbref.com/en/players/1d0bb7e4/Bosko-Sutalo-Bosko Sutalo,
14,Rafael Tolói,https://fbref.com/en/players/c56dc39e/Rafael-Toloi,2,2,it ITA,CB,30-014,45,32,32,0,0,0,0,0,0,0,0,0,0,28,0,0,https://fbref.com/en/players/c56dc39e/Rafael-Toloi-Rafael Tolói,
15,Marco Sportiello,https://fbref.com/en/players/ac4003af/Marco-Sportiello,57,57,it ITA,GK,28-167,90,22,20,2,1,0,0,0,0,0,0,0,0,19,0,0,https://fbref.com/en/players/ac4003af/Marco-Sportiello-Marco Sportiello,
