,Player Name,Player Number,Player,#,Nation,Pos,Age,Min,Touches,Def Pen,Def 3rd,Mid 3rd,Att 3rd,Att Pen,Live,Att,Succ,Succ%,Tkld,Tkld%,Carries,TotDist,PrgDist,PrgC,1/3,CPA,Mis,Dis,Rec,PrgR,Player Key,Player Link
0,Sam Lammers,https://fbref.com/en/players/c283ddef/Sam-Lammers,7,7,nl NED,FW,23-177,45,27,0,0,13,15,4,27,3,3,100.0,0,0.0,14,73,27,2,1,0,2,4,19,8,https://fbref.com/en/players/c283ddef/Sam-Lammers-Sam Lammers,
1,Duván Zapata,https://fbref.com/en/players/d3de9af0/Duvan-Zapata,91,91,co COL,FW,29-206,45,21,0,0,3,18,5,20,0,0,,0,,13,76,18,0,0,1,1,1,17,7,https://fbref.com/en/players/d3de9af0/Duvan-Zapata-Duván Zapata,
2,Josip Iličić,https://fbref.com/en/players/68252d6d/Josip-Ilicic,72,72,si SVN,FW,32-269,90,84,0,3,23,58,10,84,16,10,62.5,6,37.5,56,231,71,2,1,2,5,2,72,16,https://fbref.com/en/players/68252d6d/Josip-Ilicic-Josip Iličić,
3,Papu Gómez,https://fbref.com/en/players/6e4df551/Papu-Gomez,10,10,ar ARG,AM,32-252,90,90,1,7,37,46,5,90,4,3,75.0,1,25.0,61,436,274,7,4,2,2,0,67,4,https://fbref.com/en/players/6e4df551/Papu-Gomez-Papu Gómez,
4,Mario Pašalić,https://fbref.com/en/players/e599253a/Mario-Pasalic,88,88,hr CRO,CM,25-258,90,94,0,9,48,39,2,94,1,0,0.0,1,100.0,63,259,120,0,2,0,0,2,78,3,https://fbref.com/en/players/e599253a/Mario-Pasalic-Mario Pašalić,
5,Marten de Roon,https://fbref.com/en/players/2a1beb34/Marten-de-Roon,15,15,nl NED,CM,29-209,62,57,0,8,33,16,1,57,1,1,100.0,0,0.0,34,168,93,2,0,1,2,0,49,2,https://fbref.com/en/players/2a1beb34/Marten-de-Roon-Marten de Roon,
6,Ruslan Malinovskyi,https://fbref.com/en/players/48d5bd33/Ruslan-Malinovskyi,18,18,ua UKR,CM,27-173,28,23,0,5,13,5,0,23,0,0,,0,,11,54,34,1,0,0,0,1,19,0,https://fbref.com/en/players/48d5bd33/Ruslan-Malinovskyi-Ruslan Malinovskyi,
7,Johan Mojica,https://fbref.com/en/players/608f2092/Johan-Mojica,26,26,co COL,WB,28-064,45,41,1,8,15,18,0,41,0,0,,0,,26,144,62,2,2,0,1,0,31,8,https://fbref.com/en/players/608f2092/Johan-Mojica-Johan Mojica,
8,Robin Gosens,https://fbref.com/en/players/2d970560/Robin-Gosens,8,8,de GER,WB,26-111,45,31,0,5,9,17,2,31,2,2,100.0,0,0.0,11,43,12,0,0,0,1,0,20,5,https://fbref.com/en/players/2d970560/Robin-Gosens-Robin Gosens,
9,Fabio Depaoli,https://fbref.com/en/players/d97f2e8d/Fabio-Depaoli,27,27,it ITA,WB,23-183,59,48,2,11,17,20,3,48,0,0,,0,,18,80,58,2,2,0,4,1,28,9,https://fbref.com/en/players/d97f2e8d/Fabio-Depaoli-Fabio Depaoli,
10,Hans Hateboer,https://fbref.com/en/players/3b333ac3/Hans-Hateboer,33,33,nl NED,WB,26-289,31,34,0,2,12,20,0,34,0,0,,0,,18,77,38,2,1,0,0,1,30,11,https://fbref.com/en/players/3b333ac3/Hans-Hateboer-Hans Hateboer,
11,Berat Djimsiti,https://fbref.com/en/players/6eee05f1/Berat-Djimsiti,19,19,al ALB,CB,27-248,90,96,4,35,41,20,2,96,0,0,,0,,42,150,62,0,0,0,2,0,56,2,https://fbref.com/en/players/6eee05f1/Berat-Djimsiti-Berat Djimsiti,
12,José Luis Palomino,https://fbref.com/en/players/921f6058/Jose-Luis-Palomino,6,6,ar ARG,CB,30-293,90,73,1,25,46,3,0,73,0,0,,0,,34,218,72,0,1,0,2,0,38,0,https://fbref.com/en/players/921f6058/Jose-Luis-Palomino-José Luis Palomino,
13,Bosko Sutalo,https://fbref.com/en/players/1d0bb7e4/Bosko-Sutalo,4,4,hr CRO,CB,20-297,45,45,1,15,23,8,0,45,0,0,,0,,21,157,106,2,3,0,0,0,30,2,https://fbref.com/en/players/1d0bb7e4/Bosko-Sutalo-Bosko Sutalo,
14,Rafael Tolói,https://fbref.com/en/players/c56dc39e/Rafael-Toloi,2,2,it ITA,CB,30-014,45,35,2,8,17,10,1,35,1,1,100.0,0,0.0,15,73,52,0,2,0,1,1,24,1,https://fbref.com/en/players/c56dc39e/Rafael-Toloi-Rafael Tolói,
15,Marco Sportiello,https://fbref.com/en/players/ac4003af/Marco-Sportiello,57,57,it ITA,GK,28-167,90,24,17,24,0,0,0,24,0,0,,0,,12,36,15,0,0,0,0,0,14,0,https://fbref.com/en/players/ac4003af/Marco-Sportiello-Marco Sportiello,
