,Player Name,Player Number,Player,#,Nation,Pos,Age,Min,Gls,Ast,PK,PKatt,Sh,SoT,CrdY,CrdR,Touches,Tkl,Int,Blocks,xG,npxG,xAG,SCA,GCA,Cmp,Att,Cmp%,PrgP,Carries,PrgC,Att,Succ,Player Key,Player Link
0,Sam Lammers,https://fbref.com/en/players/c283ddef/Sam-Lammers,7,7,nl NED,FW,23-177,45,0,0,0,0,2,1,0,0,27,1,0,0,0.5,0.5,0.0,1,0,14,18,77.8,1,14,2,3,3,https://fbref.com/en/players/c283ddef/Sam-Lammers-Sam Lammers,
1,Duván Zapata,https://fbref.com/en/players/d3de9af0/Duvan-Zapata,91,91,co COL,FW,29-206,45,1,0,1,1,1,0,0,0,21,0,0,0,0.9,0.1,0.1,3,1,14,17,82.4,1,13,0,0,0,https://fbref.com/en/players/d3de9af0/Duvan-Zapata-Duván Zapata,
2,Josip Iličić,https://fbref.com/en/players/68252d6d/Josip-Ilicic,72,72,si SVN,FW,32-269,90,0,0,0,0,5,1,0,0,84,1,0,0,0.3,0.3,0.6,7,0,46,61,75.4,6,56,2,16,10,https://fbref.com/en/players/68252d6d/Josip-Ilicic-Josip Iličić,
3,Papu Gómez,https://fbref.com/en/players/6e4df551/Papu-Gomez,10,10,ar ARG,AM,32-252,90,0,0,0,0,9,2,0,0,90,1,0,1,0.4,0.4,0.1,6,0,60,73,82.2,14,61,7,4,3,https://fbref.com/en/players/6e4df551/Papu-Gomez-Papu Gómez,
4,Mario Pašalić,https://fbref.com/en/players/e599253a/Mario-Pasalic,88,88,hr CRO,CM,25-258,90,0,0,0,0,0,0,0,0,94,2,0,0,0.0,0.0,0.1,7,0,84,89,94.4,19,63,0,1,0,https://fbref.com/en/players/e599253a/Mario-Pasalic-Mario Pašalić,
5,Marten de Roon,https://fbref.com/en/players/2a1beb34/Marten-de-Roon,15,15,nl NED,CM,29-209,62,0,0,0,0,0,0,0,0,57,0,2,1,0.0,0.0,0.0,2,0,46,51,90.2,8,34,2,1,1,https://fbref.com/en/players/2a1beb34/Marten-de-Roon-Marten de Roon,
6,Ruslan Malinovskyi,https://fbref.com/en/players/48d5bd33/Ruslan-Malinovskyi,18,18,ua UKR,CM,27-173,28,0,0,0,0,0,0,1,0,23,0,0,0,0.0,0.0,0.0,0,0,15,23,65.2,2,11,1,0,0,https://fbref.com/en/players/48d5bd33/Ruslan-Malinovskyi-Ruslan Malinovskyi,
7,Johan Mojica,https://fbref.com/en/players/608f2092/Johan-Mojica,26,26,co COL,WB,28-064,45,0,0,0,0,0,0,1,0,41,0,2,0,0.0,0.0,0.0,1,0,29,35,82.9,1,26,2,0,0,https://fbref.com/en/players/608f2092/Johan-Mojica-Johan Mojica,
8,Robin Gosens,https://fbref.com/en/players/2d970560/Robin-Gosens,8,8,de GER,WB,26-111,45,0,0,0,0,1,0,0,0,31,0,0,0,0.0,0.0,0.0,1,0,21,28,75.0,1,11,0,2,2,https://fbref.com/en/players/2d970560/Robin-Gosens-Robin Gosens,
9,Fabio Depaoli,https://fbref.com/en/players/d97f2e8d/Fabio-Depaoli,27,27,it ITA,WB,23-183,59,0,0,0,0,0,0,0,0,48,2,1,3,0.0,0.0,0.1,3,0,27,33,81.8,4,18,2,0,0,https://fbref.com/en/players/d97f2e8d/Fabio-Depaoli-Fabio Depaoli,
10,Hans Hateboer,https://fbref.com/en/players/3b333ac3/Hans-Hateboer,33,33,nl NED,WB,26-289,31,0,0,0,0,0,0,0,0,34,1,0,0,0.0,0.0,0.0,1,0,32,33,97.0,2,18,2,0,0,https://fbref.com/en/players/3b333ac3/Hans-Hateboer-Hans Hateboer,
11,Berat Djimsiti,https://fbref.com/en/players/6eee05f1/Berat-Djimsiti,19,19,al ALB,CB,27-248,90,0,0,0,0,1,0,0,0,96,4,6,0,0.1,0.1,0.1,3,1,74,85,87.1,6,42,0,0,0,https://fbref.com/en/players/6eee05f1/Berat-Djimsiti-Berat Djimsiti,
12,José Luis Palomino,https://fbref.com/en/players/921f6058/Jose-Luis-Palomino,6,6,ar ARG,CB,30-293,90,0,0,0,0,0,0,1,0,73,1,4,3,0.0,0.0,0.0,0,0,57,60,95.0,3,34,0,0,0,https://fbref.com/en/players/921f6058/Jose-Luis-Palomino-José Luis Palomino,
13,Bosko Sutalo,https://fbref.com/en/players/1d0bb7e4/Bosko-Sutalo,4,4,hr CRO,CB,20-297,45,0,0,0,0,0,0,0,0,45,1,0,1,0.0,0.0,0.0,1,0,34,41,82.9,5,21,2,0,0,https://fbref.com/en/players/1d0bb7e4/Bosko-Sutalo-Bosko Sutalo,
14,Rafael Tolói,https://fbref.com/en/players/c56dc39e/Rafael-Toloi,2,2,it ITA,CB,30-014,45,0,0,0,0,0,0,0,0,35,0,1,0,0.0,0.0,0.0,0,0,28,32,87.5,5,15,0,1,1,https://fbref.com/en/players/c56dc39e/Rafael-Toloi-Rafael Tolói,
15,Marco Sportiello,https://fbref.com/en/players/ac4003af/Marco-Sportiello,57,57,it ITA,GK,28-167,90,0,0,0,0,0,0,0,0,24,0,0,0,0.0,0.0,0.0,0,0,19,22,86.4,0,12,0,0,0,https://fbref.com/en/players/ac4003af/Marco-Sportiello-Marco Sportiello,
