,Player Name,Player Number,Player,#,Nation,Pos,Age,Min,Gls,Ast,PK,PKatt,Sh,SoT,CrdY,CrdR,Touches,Tkl,Int,Blocks,xG,npxG,xAG,SCA,GCA,Cmp,Att,Cmp%,PrgP,Carries,PrgC,Att,Succ,Player Key,Player Link
0,Fabio Quagliarella,https://fbref.com/en/players/ee4f2f3b/Fabio-Quagliarella,27,27,it ITA,FW,37-267,65,1,0,0,1,1,1,0,0,18,0,0,0,0.9,0.1,0.0,2,0,7,15,46.7,0,10,1,1,1,https://fbref.com/en/players/ee4f2f3b/Fabio-Quagliarella-Fabio Quagliarella,
1,Keita Baldé,https://fbref.com/en/players/509a4ccb/Keita-Balde,10,10,sn SEN,FW,25-230,25,0,1,0,0,0,0,1,0,10,0,0,0,0.0,0.0,0.4,1,1,6,7,85.7,1,7,2,2,1,https://fbref.com/en/players/509a4ccb/Keita-Balde-Keita Baldé,
2,Gastón Ramírez,https://fbref.com/en/players/2c851997/Gaston-Ramirez,11,11,uy URU,FW,29-327,65,0,0,0,0,0,0,0,0,42,3,0,1,0.0,0.0,0.5,3,1,21,29,72.4,0,20,0,2,0,https://fbref.com/en/players/2c851997/Gaston-Ramirez-Gastón Ramírez,
3,Valerio Verre,https://fbref.com/en/players/33ecf462/Valerio-Verre,8,8,it ITA,FW,26-287,25,0,0,0,0,0,0,0,0,19,1,0,2,0.0,0.0,0.0,0,0,6,12,50.0,1,11,1,2,1,https://fbref.com/en/players/33ecf462/Valerio-Verre-Valerio Verre,
4,Mikkel Damsgaard,https://fbref.com/en/players/215f3907/Mikkel-Damsgaard,38,38,dk DEN,LM,20-113,72,0,1,0,0,0,0,0,0,43,3,1,4,0.0,0.0,0.1,1,1,21,30,70.0,2,22,3,3,2,https://fbref.com/en/players/215f3907/Mikkel-Damsgaard-Mikkel Damsgaard,
5,Mehdi Léris,https://fbref.com/en/players/7d3cbc67/Mehdi-Leris,26,26,dz ALG,LM,22-154,18,0,0,0,0,0,0,0,0,11,2,0,0,0.0,0.0,0.0,0,0,8,9,88.9,0,4,0,0,0,https://fbref.com/en/players/7d3cbc67/Mehdi-Leris-Mehdi Léris,
6,Morten Thorsby,https://fbref.com/en/players/d1b49282/Morten-Thorsby,18,18,no NOR,CM,24-172,90,1,0,0,0,1,1,0,0,38,3,0,3,0.3,0.3,0.0,1,1,17,23,73.9,2,10,0,1,0,https://fbref.com/en/players/d1b49282/Morten-Thorsby-Morten Thorsby,
7,Albin Ekdal,https://fbref.com/en/players/f503ea63/Albin-Ekdal,6,6,se SWE,CM,31-088,90,0,0,0,0,0,0,0,0,51,0,5,1,0.0,0.0,0.0,0,0,37,42,88.1,1,23,0,2,1,https://fbref.com/en/players/f503ea63/Albin-Ekdal-Albin Ekdal,
8,Jakub Jankto,https://fbref.com/en/players/1ea5f91c/Jakub-Jankto,14,14,cz CZE,RM,24-279,90,1,1,0,0,3,1,1,0,35,1,2,0,0.4,0.4,0.3,3,2,14,24,58.3,3,22,2,0,0,https://fbref.com/en/players/1ea5f91c/Jakub-Jankto-Jakub Jankto,
9,Tommaso Augello,https://fbref.com/en/players/3cd3b384/Tommaso-Augello,3,3,it ITA,LB,26-055,90,0,0,0,0,0,0,0,0,83,1,2,0,0.0,0.0,0.0,1,0,59,76,77.6,6,34,1,1,0,https://fbref.com/en/players/3cd3b384/Tommaso-Augello-Tommaso Augello,
10,Lorenzo Tonelli,https://fbref.com/en/players/8cc29864/Lorenzo-Tonelli,21,21,it ITA,CB,30-281,90,0,0,0,0,1,0,1,0,45,3,0,3,0.5,0.5,0.0,0,0,24,29,82.8,1,21,0,0,0,https://fbref.com/en/players/8cc29864/Lorenzo-Tonelli-Lorenzo Tonelli,
11,Maya Yoshida,https://fbref.com/en/players/caffaf5a/Maya-Yoshida,22,22,jp JPN,CB,32-061,90,0,0,0,0,0,0,1,0,28,2,2,1,0.0,0.0,0.0,0,0,13,21,61.9,0,13,0,0,0,https://fbref.com/en/players/caffaf5a/Maya-Yoshida-Maya Yoshida,
12,Bartosz Bereszyński,https://fbref.com/en/players/61b3978f/Bartosz-Bereszynski,24,24,pl POL,RB,28-104,90,0,0,0,0,0,0,0,0,50,2,3,3,0.0,0.0,0.0,0,0,18,29,62.1,1,13,1,0,0,https://fbref.com/en/players/61b3978f/Bartosz-Bereszynski-Bartosz Bereszyński,
13,Emil Audero,https://fbref.com/en/players/649b01d8/Emil-Audero,1,1,it ITA,GK,23-280,90,0,0,0,0,0,0,0,0,33,0,0,0,0.0,0.0,0.0,0,0,22,31,71.0,0,20,0,0,0,https://fbref.com/en/players/649b01d8/Emil-Audero-Emil Audero,
