,Player Name,Player Number,Player,#,Nation,Pos,Age,Min,Att,Live,Dead,FK,TB,Sw,Crs,TI,CK,In,Out,Str,Cmp,Off,Blocks,Player Key,Player Link
0,Fabio Quagliarella,https://fbref.com/en/players/ee4f2f3b/Fabio-Quagliarella,27,27,it ITA,FW,37-267,65,15,14,1,0,0,0,1,0,0,0,0,0,7,0,2,https://fbref.com/en/players/ee4f2f3b/Fabio-Quagliarella-Fabio Quagliarella,
1,Keita Baldé,https://fbref.com/en/players/509a4ccb/Keita-Balde,10,10,sn SEN,FW,25-230,25,7,6,1,0,0,0,0,0,0,0,0,0,6,0,0,https://fbref.com/en/players/509a4ccb/Keita-Balde-Keita Baldé,
2,Gastón Ramírez,https://fbref.com/en/players/2c851997/Gaston-Ramirez,11,11,uy URU,FW,29-327,65,29,27,2,1,0,0,3,0,1,0,1,0,21,0,0,https://fbref.com/en/players/2c851997/Gaston-Ramirez-Gastón Ramírez,
3,Valerio Verre,https://fbref.com/en/players/33ecf462/Valerio-Verre,8,8,it ITA,FW,26-287,25,12,11,1,1,0,0,1,0,0,0,0,0,6,0,1,https://fbref.com/en/players/33ecf462/Valerio-Verre-Valerio Verre,
4,Mikkel Damsgaard,https://fbref.com/en/players/215f3907/Mikkel-Damsgaard,38,38,dk DEN,LM,20-113,72,30,30,0,0,0,0,2,0,0,0,0,0,21,0,3,https://fbref.com/en/players/215f3907/Mikkel-Damsgaard-Mikkel Damsgaard,
5,Mehdi Léris,https://fbref.com/en/players/7d3cbc67/Mehdi-Leris,26,26,dz ALG,LM,22-154,18,9,9,0,0,0,0,0,0,0,0,0,0,8,0,0,https://fbref.com/en/players/7d3cbc67/Mehdi-Leris-Mehdi Léris,
6,Morten Thorsby,https://fbref.com/en/players/d1b49282/Morten-Thorsby,18,18,no NOR,CM,24-172,90,23,23,0,0,0,0,0,0,0,0,0,0,17,0,0,https://fbref.com/en/players/d1b49282/Morten-Thorsby-Morten Thorsby,
7,Albin Ekdal,https://fbref.com/en/players/f503ea63/Albin-Ekdal,6,6,se SWE,CM,31-088,90,42,38,4,4,0,0,0,0,0,0,0,0,37,0,0,https://fbref.com/en/players/f503ea63/Albin-Ekdal-Albin Ekdal,
8,Jakub Jankto,https://fbref.com/en/players/1ea5f91c/Jakub-Jankto,14,14,cz CZE,RM,24-279,90,24,23,1,0,0,0,1,1,0,0,0,0,14,0,2,https://fbref.com/en/players/1ea5f91c/Jakub-Jankto-Jakub Jankto,
9,Tommaso Augello,https://fbref.com/en/players/3cd3b384/Tommaso-Augello,3,3,it ITA,LB,26-055,90,76,56,20,2,0,0,1,18,0,0,0,0,59,0,2,https://fbref.com/en/players/3cd3b384/Tommaso-Augello-Tommaso Augello,
10,Lorenzo Tonelli,https://fbref.com/en/players/8cc29864/Lorenzo-Tonelli,21,21,it ITA,CB,30-281,90,29,29,0,0,0,0,0,0,0,0,0,0,24,0,0,https://fbref.com/en/players/8cc29864/Lorenzo-Tonelli-Lorenzo Tonelli,
11,Maya Yoshida,https://fbref.com/en/players/caffaf5a/Maya-Yoshida,22,22,jp JPN,CB,32-061,90,21,18,3,3,0,1,0,0,0,0,0,0,13,0,0,https://fbref.com/en/players/caffaf5a/Maya-Yoshida-Maya Yoshida,
12,Bartosz Bereszyński,https://fbref.com/en/players/61b3978f/Bartosz-Bereszynski,24,24,pl POL,RB,28-104,90,29,22,7,0,0,0,0,7,0,0,0,0,18,0,0,https://fbref.com/en/players/61b3978f/Bartosz-Bereszynski-Bartosz Bereszyński,
13,Emil Audero,https://fbref.com/en/players/649b01d8/Emil-Audero,1,1,it ITA,GK,23-280,90,31,21,10,1,0,0,0,0,0,0,0,0,22,0,0,https://fbref.com/en/players/649b01d8/Emil-Audero-Emil Audero,
