,Player Name,Player Number,Player,#,Nation,Pos,Age,Min,Touches,Def Pen,Def 3rd,Mid 3rd,Att 3rd,Att Pen,Live,Att,Succ,Succ%,Tkld,Tkld%,Carries,TotDist,PrgDist,PrgC,1/3,CPA,Mis,Dis,Rec,PrgR,Player Key,Player Link
0,Fabio Quagliarella,https://fbref.com/en/players/ee4f2f3b/Fabio-Quagliarella,27,27,it ITA,FW,37-267,65,18,0,2,12,4,2,17,1,1,100.0,0,0.0,10,50,24,1,0,1,0,1,16,2,https://fbref.com/en/players/ee4f2f3b/Fabio-Quagliarella-Fabio Quagliarella,
1,Keita Baldé,https://fbref.com/en/players/509a4ccb/Keita-Balde,10,10,sn SEN,FW,25-230,25,10,0,1,4,6,0,10,2,1,50.0,1,50.0,7,94,67,2,3,0,0,0,8,1,https://fbref.com/en/players/509a4ccb/Keita-Balde-Keita Baldé,
2,Gastón Ramírez,https://fbref.com/en/players/2c851997/Gaston-Ramirez,11,11,uy URU,FW,29-327,65,42,0,9,20,13,0,42,2,0,0.0,2,100.0,20,42,21,0,1,0,2,1,33,2,https://fbref.com/en/players/2c851997/Gaston-Ramirez-Gastón Ramírez,
3,Valerio Verre,https://fbref.com/en/players/33ecf462/Valerio-Verre,8,8,it ITA,FW,26-287,25,19,0,3,10,6,1,19,2,1,50.0,1,50.0,11,58,31,1,0,0,3,1,12,2,https://fbref.com/en/players/33ecf462/Valerio-Verre-Valerio Verre,
4,Mikkel Damsgaard,https://fbref.com/en/players/215f3907/Mikkel-Damsgaard,38,38,dk DEN,LM,20-113,72,43,1,19,19,7,1,43,3,2,66.7,1,33.3,22,142,82,3,0,1,2,0,25,2,https://fbref.com/en/players/215f3907/Mikkel-Damsgaard-Mikkel Damsgaard,
5,Mehdi Léris,https://fbref.com/en/players/7d3cbc67/Mehdi-Leris,26,26,dz ALG,LM,22-154,18,11,0,5,5,1,0,11,0,0,,0,,4,5,4,0,0,0,0,0,6,2,https://fbref.com/en/players/7d3cbc67/Mehdi-Leris-Mehdi Léris,
6,Morten Thorsby,https://fbref.com/en/players/d1b49282/Morten-Thorsby,18,18,no NOR,CM,24-172,90,38,3,15,14,9,2,38,1,0,0.0,1,100.0,10,26,15,0,0,0,2,1,19,1,https://fbref.com/en/players/d1b49282/Morten-Thorsby-Morten Thorsby,
7,Albin Ekdal,https://fbref.com/en/players/f503ea63/Albin-Ekdal,6,6,se SWE,CM,31-088,90,51,5,24,25,3,0,51,2,1,50.0,1,50.0,23,108,40,0,1,0,0,0,31,0,https://fbref.com/en/players/f503ea63/Albin-Ekdal-Albin Ekdal,
8,Jakub Jankto,https://fbref.com/en/players/1ea5f91c/Jakub-Jankto,14,14,cz CZE,RM,24-279,90,35,2,10,15,10,2,35,0,0,,0,,22,109,55,2,1,0,3,0,18,5,https://fbref.com/en/players/1ea5f91c/Jakub-Jankto-Jakub Jankto,
9,Tommaso Augello,https://fbref.com/en/players/3cd3b384/Tommaso-Augello,3,3,it ITA,LB,26-055,90,83,5,41,31,12,0,83,1,0,0.0,1,100.0,34,107,41,1,0,0,0,0,43,1,https://fbref.com/en/players/3cd3b384/Tommaso-Augello-Tommaso Augello,
10,Lorenzo Tonelli,https://fbref.com/en/players/8cc29864/Lorenzo-Tonelli,21,21,it ITA,CB,30-281,90,45,15,38,6,1,1,45,0,0,,0,,21,83,45,0,0,0,0,1,24,0,https://fbref.com/en/players/8cc29864/Lorenzo-Tonelli-Lorenzo Tonelli,
11,Maya Yoshida,https://fbref.com/en/players/caffaf5a/Maya-Yoshida,22,22,jp JPN,CB,32-061,90,28,10,20,8,0,0,28,0,0,,0,,13,51,6,0,1,1,0,0,8,0,https://fbref.com/en/players/caffaf5a/Maya-Yoshida-Maya Yoshida,
12,Bartosz Bereszyński,https://fbref.com/en/players/61b3978f/Bartosz-Bereszynski,24,24,pl POL,RB,28-104,90,50,13,27,19,4,0,50,0,0,,0,,13,89,54,1,0,0,2,1,14,0,https://fbref.com/en/players/61b3978f/Bartosz-Bereszynski-Bartosz Bereszyński,
13,Emil Audero,https://fbref.com/en/players/649b01d8/Emil-Audero,1,1,it ITA,GK,23-280,90,33,30,33,0,0,0,33,0,0,,0,,20,115,79,0,0,0,0,0,15,0,https://fbref.com/en/players/649b01d8/Emil-Audero-Emil Audero,
