,Minute,Player,Squad,xG,PSxG,Outcome,Distance,Body Part,Notes,SCA 1 Player,SCA 1 Event,SCA 2 Player,SCA 2 Event
0,5,Josip Iličić,Atalanta,0.07,,Blocked,29,Left Foot,Free kick,Papu Gómez,Fouled,Sam Lammers,Pass (Live)
1,5,Papu Gómez,Atalanta,0.05,,Off Target,22,Left Foot,,Josip Iličić,Shot,,
2,6,Papu Gómez,Atalanta,0.03,0.12,Saved,22,Right Foot,,Josip Iličić,Pass (Live),,
3,7,Papu Gómez,Atalanta,0.04,,Blocked,22,Right Foot,,Josip Iličić,Pass (Live),Fabio Depaoli,Pass (Live)
4,7,Papu Gómez,Atalanta,0.06,,Blocked,16,Left Foot,,Papu Gómez,Shot,,
5,13,Fabio Quagliarella,Sampdoria,0.09,0.23,Goal,10,Left Foot,,Mikkel Damsgaard,Pass (Live),Gastón Ramírez,Pass (Live)
6,20,Sam Lammers,Atalanta,0.06,,Blocked,16,Right Foot,,Marten de Roon,Pass (Live),Bosko Sutalo,Pass (Live)
7,21,Josip Iličić,Atalanta,0.06,0.05,Saved,18,Left Foot,,Papu Gómez,Pass (Live),Mario Pašalić,Tackle
8,25,Sam Lammers,Atalanta,0.41,0.50,Saved,5,Head,,Josip Iličić,Pass (Live),Fabio Depaoli,Pass (Live)
9,30,Josip Iličić,Atalanta,0.07,,Blocked,17,Left Foot,,Fabio Depaoli,Pass (Live),Mario Pašalić,Pass (Live)
10,32,Papu Gómez,Atalanta,0.05,,Off Target,32,Right Foot,Free kick,Josip Iličić,Pass (Live),Papu Gómez,Pass (Dead)
11,33,Lorenzo Tonelli,Sampdoria,0.48,,Off Target,5,Left Foot,Volley,Gastón Ramírez,Pass (Dead),Fabio Quagliarella,Fouled
12,39,Josip Iličić,Atalanta,0.07,,Blocked,21,Left Foot,,Mario Pašalić,Pass (Live),Johan Mojica,Pass (Live)
13,41,Jakub Jankto,Sampdoria,0.04,,Blocked,12,Right Foot,Volley,Tommaso Augello,Pass (Live),Gastón Ramírez,Pass (Live)
14,45,Fabio Quagliarella(pen),Sampdoria,0.79,0.97,Saved,13,Right Foot,,,Fouled,Jakub Jankto,Shot
15,45+1,Jakub Jankto,Sampdoria,0.02,,Blocked,23,Right Foot,Volley,Fabio Quagliarella,Shot,,
16,,,,,,,,,,,,,
17,47,Papu Gómez,Atalanta,0.03,,Blocked,25,Right Foot,,Duván Zapata,Pass (Live),Mario Pašalić,Pass (Live)
18,50,Papu Gómez,Atalanta,0.04,0.10,Saved,16,Right Foot,,Berat Djimsiti,Pass (Live),Robin Gosens,Pass (Live)
19,53,Duván Zapata,Atalanta,0.07,,Blocked,14,Right Foot,,Berat Djimsiti,Pass (Live),Mario Pašalić,Pass (Live)
20,56,Josip Iličić,Atalanta,0.03,,Off Target,27,Left Foot,,Duván Zapata,Pass (Live),Mario Pašalić,Pass (Live)
21,59,Morten Thorsby,Sampdoria,0.34,0.59,Goal,7,Head,,Jakub Jankto,Pass (Live),Morten Thorsby,Pass (Live)
22,61,Papu Gómez,Atalanta,0.07,,Off Target,10,Left Foot,,Marten de Roon,Pass (Live),Josip Iličić,Pass (Live)
23,69,Robin Gosens,Atalanta,0.04,,Off Target,14,Left Foot,Volley,Papu Gómez,Take-On,,
24,76,Berat Djimsiti,Atalanta,0.05,,Off Target,11,Head,,Papu Gómez,Pass (Dead),Hans Hateboer,Pass (Live)
25,80,Duván Zapata(pen),Atalanta,0.79,0.93,Goal,13,Right Foot,,Duván Zapata,Fouled,Berat Djimsiti,Shot
26,84,Papu Gómez,Atalanta,0.03,,Off Target,27,Right Foot,,Josip Iličić,Pass (Live),Mario Pašalić,Pass (Live)
27,90+2,Jakub Jankto,Sampdoria,0.37,0.69,Goal,13,Left Foot,,Keita Baldé,Pass (Live),Jakub Jankto,Pass (Live)
