,Player Name,Player Number,Player,#,Nation,Pos,Age,Min,Tkl,TklW,Def 3rd,Mid 3rd,Att 3rd,Tkl,Att,Tkl%,Lost,Blocks,Sh,Pass,Int,Tkl+Int,Clr,Err,Player Key,Player Link
0,Darwin Núñez,https://fbref.com/en/players/4d77b365/Darwin-Nunez,9,9,uy URU,FW,21-242,53,0,0,0,0,0,0,1,0.0,1,1,0,1,0,0,0,0,https://fbref.com/en/players/4d77b365/Darwin-Nunez-Darwin Núñez,
1,Luca Waldschmidt,https://fbref.com/en/players/e5a35ae9/Luca-Waldschmidt,10,10,de GER,FW,24-278,37,0,0,0,0,0,0,0,,0,2,0,2,0,0,0,0,https://fbref.com/en/players/e5a35ae9/Luca-Waldschmidt-Luca Waldschmidt,
2,Haris Seferović,https://fbref.com/en/players/a45eac1f/Haris-Seferovic,14,14,ch SUI,FW,28-365,90,0,0,0,0,0,0,0,,0,0,0,0,0,0,1,0,https://fbref.com/en/players/a45eac1f/Haris-Seferovic-Haris Seferović,
3,Everton Soares,https://fbref.com/en/players/b1cbc666/Everton-Soares,7,7,br BRA,LM,24-336,75,0,0,0,0,0,0,0,,0,1,0,1,0,0,1,0,https://fbref.com/en/players/b1cbc666/Everton-Soares-Everton Soares,
4,Franco Cervi,https://fbref.com/en/players/5e1028e5/Franco-Cervi,11,11,ar ARG,LM,26-271,15,0,0,0,0,0,0,0,,0,0,0,0,0,0,0,0,https://fbref.com/en/players/5e1028e5/Franco-Cervi-Franco Cervi,
5,Adel Taarabt,https://fbref.com/en/players/47dc80f5/Adel-Taarabt,49,49,ma MAR,CM,31-273,90,2,2,1,0,1,1,3,33.3,2,0,0,0,0,2,0,0,https://fbref.com/en/players/47dc80f5/Adel-Taarabt-Adel Taarabt,
6,Gabriel,https://fbref.com/en/players/0d10333c/Gabriel,8,8,br BRA,CM,27-156,64,1,1,0,1,0,1,1,100.0,0,2,0,2,1,2,1,0,https://fbref.com/en/players/0d10333c/Gabriel-Gabriel,
7,Pizzi,https://fbref.com/en/players/96094cbc/Pizzi,21,21,pt POR,CM,31-138,26,0,0,0,0,0,0,0,,0,0,0,0,0,0,0,0,https://fbref.com/en/players/96094cbc/Pizzi-Pizzi,
8,Rafa Silva,https://fbref.com/en/players/70cf63ca/Rafa-Silva,27,27,pt POR,RM,27-280,90,3,3,1,1,1,1,1,100.0,0,2,0,2,1,4,3,0,https://fbref.com/en/players/70cf63ca/Rafa-Silva-Rafa Silva,
9,Nuno Tavares,https://fbref.com/en/players/a65c844b/Nuno-Tavares,71,71,pt POR,LB,21-026,64,2,0,1,1,0,2,2,100.0,0,1,0,1,0,2,5,0,https://fbref.com/en/players/a65c844b/Nuno-Tavares-Nuno Tavares,
10,Álex Grimaldo,https://fbref.com/en/players/b1f4086c/Alex-Grimaldo,3,3,es ESP,LB,25-154,26,1,1,1,0,0,1,1,100.0,0,0,0,0,0,1,0,0,https://fbref.com/en/players/b1f4086c/Alex-Grimaldo-Álex Grimaldo,
11,Jan Vertonghen,https://fbref.com/en/players/ba23a904/Jan-Vertonghen,5,5,be BEL,CB,33-303,90,1,0,1,0,0,1,1,100.0,0,0,0,0,0,1,2,0,https://fbref.com/en/players/ba23a904/Jan-Vertonghen-Jan Vertonghen,
12,Nicolás Otamendi,https://fbref.com/en/players/0d267745/Nicolas-Otamendi,30,30,ar ARG,CB,33-009,90,3,2,3,0,0,3,3,100.0,0,2,1,1,1,4,6,0,https://fbref.com/en/players/0d267745/Nicolas-Otamendi-Nicolás Otamendi,
13,Gilberto,https://fbref.com/en/players/1338e42b/Gilberto,2,2,br BRA,RB,27-351,53,1,1,1,0,0,1,1,100.0,0,1,0,1,1,2,5,0,https://fbref.com/en/players/1338e42b/Gilberto-Gilberto,
14,Diogo Gonçalves,https://fbref.com/en/players/f4b52308/Diogo-Goncalves,17,17,pt POR,RB,24-015,37,0,0,0,0,0,0,0,,0,0,0,0,0,0,1,0,https://fbref.com/en/players/f4b52308/Diogo-Goncalves-Diogo Gonçalves,
15,Helton Leite,https://fbref.com/en/players/e8918589/Helton-Leite,77,77,br BRA,GK,30-111,90,0,0,0,0,0,0,0,,0,0,0,0,0,0,3,0,https://fbref.com/en/players/e8918589/Helton-Leite-Helton Leite,
