,Player Name,Player Number,Player,#,Nation,Pos,Age,Min,Touches,Def Pen,Def 3rd,Mid 3rd,Att 3rd,Att Pen,Live,Att,Succ,Succ%,Tkld,Tkld%,Carries,TotDist,PrgDist,PrgC,1/3,CPA,Mis,Dis,Rec,PrgR,Player Key,Player Link
0,Darwin Núñez,https://fbref.com/en/players/4d77b365/Darwin-Nunez,9,9,uy URU,FW,21-242,53,25,0,0,10,15,5,25,1,1,100.0,0,0.0,16,109,71,3,2,2,2,0,24,10,https://fbref.com/en/players/4d77b365/Darwin-Nunez-Darwin Núñez,
1,Luca Waldschmidt,https://fbref.com/en/players/e5a35ae9/Luca-Waldschmidt,10,10,de GER,FW,24-278,37,20,0,0,6,14,4,20,0,0,,0,,10,48,12,0,0,0,2,0,15,6,https://fbref.com/en/players/e5a35ae9/Luca-Waldschmidt-Luca Waldschmidt,
2,Haris Seferović,https://fbref.com/en/players/a45eac1f/Haris-Seferovic,14,14,ch SUI,FW,28-365,90,29,1,1,13,15,7,29,0,0,,0,,16,36,8,1,0,1,2,0,28,7,https://fbref.com/en/players/a45eac1f/Haris-Seferovic-Haris Seferović,
3,Everton Soares,https://fbref.com/en/players/b1cbc666/Everton-Soares,7,7,br BRA,LM,24-336,75,49,0,4,13,33,1,49,4,3,75.0,1,25.0,31,255,146,5,7,0,3,1,35,6,https://fbref.com/en/players/b1cbc666/Everton-Soares-Everton Soares,
4,Franco Cervi,https://fbref.com/en/players/5e1028e5/Franco-Cervi,11,11,ar ARG,LM,26-271,15,7,0,1,3,3,0,7,0,0,,0,,5,21,6,0,0,0,2,1,6,2,https://fbref.com/en/players/5e1028e5/Franco-Cervi-Franco Cervi,
5,Adel Taarabt,https://fbref.com/en/players/47dc80f5/Adel-Taarabt,49,49,ma MAR,CM,31-273,90,85,0,7,62,16,0,85,2,2,100.0,0,0.0,51,227,110,2,4,0,2,0,56,4,https://fbref.com/en/players/47dc80f5/Adel-Taarabt-Adel Taarabt,
6,Gabriel,https://fbref.com/en/players/0d10333c/Gabriel,8,8,br BRA,CM,27-156,64,57,0,10,34,14,0,57,2,2,100.0,0,0.0,38,160,68,1,0,0,0,1,37,0,https://fbref.com/en/players/0d10333c/Gabriel-Gabriel,
7,Pizzi,https://fbref.com/en/players/96094cbc/Pizzi,21,21,pt POR,CM,31-138,26,38,0,3,17,19,2,38,0,0,,0,,23,120,94,4,2,0,0,0,31,6,https://fbref.com/en/players/96094cbc/Pizzi-Pizzi,
8,Rafa Silva,https://fbref.com/en/players/70cf63ca/Rafa-Silva,27,27,pt POR,RM,27-280,90,76,3,11,40,30,6,76,4,2,50.0,2,50.0,42,351,218,3,3,0,6,3,48,12,https://fbref.com/en/players/70cf63ca/Rafa-Silva-Rafa Silva,
9,Nuno Tavares,https://fbref.com/en/players/a65c844b/Nuno-Tavares,71,71,pt POR,LB,21-026,64,56,3,21,18,17,2,56,5,1,20.0,4,80.0,22,86,42,1,1,0,2,0,28,7,https://fbref.com/en/players/a65c844b/Nuno-Tavares-Nuno Tavares,
10,Álex Grimaldo,https://fbref.com/en/players/b1f4086c/Alex-Grimaldo,3,3,es ESP,LB,25-154,26,16,0,5,4,7,0,16,0,0,,0,,5,23,8,0,0,0,0,0,7,3,https://fbref.com/en/players/b1f4086c/Alex-Grimaldo-Álex Grimaldo,
11,Jan Vertonghen,https://fbref.com/en/players/ba23a904/Jan-Vertonghen,5,5,be BEL,CB,33-303,90,61,5,36,24,1,0,61,0,0,,0,,34,168,94,0,0,0,0,1,40,0,https://fbref.com/en/players/ba23a904/Jan-Vertonghen-Jan Vertonghen,
12,Nicolás Otamendi,https://fbref.com/en/players/0d267745/Nicolas-Otamendi,30,30,ar ARG,CB,33-009,90,68,7,38,28,2,1,68,0,0,,0,,34,310,235,1,1,0,0,1,38,0,https://fbref.com/en/players/0d267745/Nicolas-Otamendi-Nicolás Otamendi,
13,Gilberto,https://fbref.com/en/players/1338e42b/Gilberto,2,2,br BRA,RB,27-351,53,54,5,22,21,11,1,54,2,1,50.0,1,50.0,20,92,47,4,1,1,1,1,25,4,https://fbref.com/en/players/1338e42b/Gilberto-Gilberto,
14,Diogo Gonçalves,https://fbref.com/en/players/f4b52308/Diogo-Goncalves,17,17,pt POR,RB,24-015,37,44,1,2,20,22,1,44,1,0,0.0,1,100.0,33,162,97,1,0,0,0,0,36,7,https://fbref.com/en/players/f4b52308/Diogo-Goncalves-Diogo Gonçalves,
15,Helton Leite,https://fbref.com/en/players/e8918589/Helton-Leite,77,77,br BRA,GK,30-111,90,33,26,33,0,0,0,33,0,0,,0,,12,76,33,0,0,0,0,0,9,0,https://fbref.com/en/players/e8918589/Helton-Leite-Helton Leite,
