,Player Name,Player Number,Player,#,Nation,Pos,Age,Min,Gls,Ast,PK,PKatt,Sh,SoT,CrdY,CrdR,Touches,Tkl,Int,Blocks,xG,npxG,xAG,SCA,GCA,Cmp,Att,Cmp%,PrgP,Carries,PrgC,Att,Succ,Player Key,Player Link
0,Pedro,https://fbref.com/en/players/17758df6/Pedro,96,96,br BRA,FW,24-105,89,0,0,0,0,3,2,1,0,42,2,0,3,0.9,0.9,0.0,1,0,9,24,37.5,4,21,2,2,0,https://fbref.com/en/players/17758df6/Pedro-Pedro,
1,Nikola Stojiljković,https://fbref.com/en/players/ca3e2783/Nikola-Stojiljkovic,9,9,rs SRB,FW,28-188,1,0,0,0,0,0,0,0,0,0,0,0,0,0.0,0.0,0.0,0,0,0,0,,0,0,0,0,0,https://fbref.com/en/players/ca3e2783/Nikola-Stojiljkovic-Nikola Stojiljković,
2,Madi Queita,https://fbref.com/en/players/13ab460a/Madi-Queita,10,10,gw GNB,LW,22-123,69,0,0,0,0,0,0,0,0,15,2,1,0,0.0,0.0,0.0,0,0,4,8,50.0,1,14,2,3,0,https://fbref.com/en/players/13ab460a/Madi-Queita-Madi Queita,
3,Djalma Campos,https://fbref.com/en/players/bd9813b9/Djalma-Campos,20,20,ao ANG,LW,33-267,21,0,0,0,0,0,0,0,0,11,0,2,0,0.0,0.0,0.4,2,0,4,6,66.7,1,5,0,0,0,https://fbref.com/en/players/bd9813b9/Djalma-Campos-Djalma Campos,
4,Licá,https://fbref.com/en/players/41d84fed/Lica,88,88,pt POR,RW,32-166,90,0,0,0,0,1,0,0,0,31,2,0,0,0.0,0.0,0.1,2,0,11,22,50.0,0,18,2,2,0,https://fbref.com/en/players/41d84fed/Lica-Licá,
5,Ryan Gauld,https://fbref.com/en/players/862e93c2/Ryan-Gauld,23,23,sct SCO,AM,25-067,90,0,0,0,0,4,1,0,0,38,2,1,2,0.2,0.2,0.0,2,0,15,24,62.5,4,24,2,2,1,https://fbref.com/en/players/862e93c2/Ryan-Gauld-Ryan Gauld,
6,Jonatan Lucca,https://fbref.com/en/players/b04f4533/Jonatan-Lucca,47,47,br BRA,DM,26-264,90,0,0,0,0,0,0,1,0,49,2,3,2,0.0,0.0,0.0,0,0,22,34,64.7,3,19,1,1,0,https://fbref.com/en/players/b04f4533/Jonatan-Lucca-Jonatan Lucca,
7,Amine Oudrhiri,https://fbref.com/en/players/49c9c79a/Amine-Oudrhiri,5,5,ma MAR,"DM,RB",28-109,90,0,0,0,0,0,0,0,0,48,0,4,1,0.0,0.0,0.5,2,0,28,39,71.8,3,24,0,2,1,https://fbref.com/en/players/49c9c79a/Amine-Oudrhiri-Amine Oudrhiri,
8,Fábio Alexandre da Silva Nunes,https://fbref.com/en/players/7cfc2860/Fabio-Alexandre-da-Silva-Nunes,92,92,pt POR,LB,28-212,90,0,0,0,0,0,0,0,0,63,2,4,5,0.0,0.0,0.0,1,0,24,48,50.0,5,30,2,1,0,https://fbref.com/en/players/7cfc2860/Fabio-Alexandre-da-Silva-Nunes-Fábio Alexandre da Silva Nunes,
9,Eduardo Mancha,https://fbref.com/en/players/56e74f66/Eduardo-Mancha,95,95,br BRA,CB,25-089,90,0,0,0,0,0,0,0,0,34,1,1,0,0.0,0.0,0.0,0,0,16,26,61.5,1,17,0,1,1,https://fbref.com/en/players/56e74f66/Eduardo-Mancha-Eduardo Mancha,
10,André Almeida Pinto,https://fbref.com/en/players/ba6e52b0/Andre-Almeida-Pinto,25,25,pt POR,CB,31-139,90,0,0,0,0,0,0,0,0,29,0,2,0,0.0,0.0,0.0,0,0,16,23,69.6,0,15,0,0,0,https://fbref.com/en/players/ba6e52b0/Andre-Almeida-Pinto-André Almeida Pinto,
11,Burá,https://fbref.com/en/players/8e72cba8/Bura,13,13,gw GNB,RB,25-061,82,0,0,0,0,0,0,0,0,34,3,0,2,0.0,0.0,0.0,2,0,13,24,54.2,2,10,1,0,0,https://fbref.com/en/players/8e72cba8/Bura-Burá,
12,Fabrício Isidoro,https://fbref.com/en/players/b70ca4b5/Fabricio-Isidoro,14,14,br BRA,DM,29-024,8,0,0,0,0,0,0,0,0,4,2,0,1,0.0,0.0,0.0,0,0,0,1,0.0,0,2,0,0,0,https://fbref.com/en/players/b70ca4b5/Fabricio-Isidoro-Fabrício Isidoro,
13,Rafael Defendi,https://fbref.com/en/players/317d3e7b/Rafael-Defendi,12,12,br BRA,GK,37-061,90,0,0,0,0,0,0,0,0,48,0,0,0,0.0,0.0,0.0,0,0,26,46,56.5,0,26,0,0,0,https://fbref.com/en/players/317d3e7b/Rafael-Defendi-Rafael Defendi,
