,Player Name,Player Number,Player,#,Nation,Pos,Age,Min,Att,Live,Dead,FK,TB,Sw,Crs,TI,CK,In,Out,Str,Cmp,Off,Blocks,Player Key,Player Link
0,Pedro,https://fbref.com/en/players/17758df6/Pedro,96,96,br BRA,FW,24-105,89,24,22,2,0,0,1,0,1,0,0,0,0,9,0,1,https://fbref.com/en/players/17758df6/Pedro-Pedro,
1,Nikola Stojiljković,https://fbref.com/en/players/ca3e2783/Nikola-Stojiljkovic,9,9,rs SRB,FW,28-188,1,0,0,0,0,0,0,0,0,0,0,0,0,0,0,0,https://fbref.com/en/players/ca3e2783/Nikola-Stojiljkovic-Nikola Stojiljković,
2,Madi Queita,https://fbref.com/en/players/13ab460a/Madi-Queita,10,10,gw GNB,LW,22-123,69,8,8,0,0,0,0,1,0,0,0,0,0,4,0,1,https://fbref.com/en/players/13ab460a/Madi-Queita-Madi Queita,
3,Djalma Campos,https://fbref.com/en/players/bd9813b9/Djalma-Campos,20,20,ao ANG,LW,33-267,21,6,6,0,0,0,0,0,0,0,0,0,0,4,0,0,https://fbref.com/en/players/bd9813b9/Djalma-Campos-Djalma Campos,
4,Licá,https://fbref.com/en/players/41d84fed/Lica,88,88,pt POR,RW,32-166,90,22,21,0,0,0,0,5,0,0,0,0,0,11,1,4,https://fbref.com/en/players/41d84fed/Lica-Licá,
5,Ryan Gauld,https://fbref.com/en/players/862e93c2/Ryan-Gauld,23,23,sct SCO,AM,25-067,90,24,24,0,0,0,0,2,0,0,0,0,0,15,0,1,https://fbref.com/en/players/862e93c2/Ryan-Gauld-Ryan Gauld,
6,Jonatan Lucca,https://fbref.com/en/players/b04f4533/Jonatan-Lucca,47,47,br BRA,DM,26-264,90,34,25,7,3,0,0,5,0,4,4,0,0,22,2,0,https://fbref.com/en/players/b04f4533/Jonatan-Lucca-Jonatan Lucca,
7,Amine Oudrhiri,https://fbref.com/en/players/49c9c79a/Amine-Oudrhiri,5,5,ma MAR,"DM,RB",28-109,90,39,31,8,0,1,0,0,8,0,0,0,0,28,0,1,https://fbref.com/en/players/49c9c79a/Amine-Oudrhiri-Amine Oudrhiri,
8,Fábio Alexandre da Silva Nunes,https://fbref.com/en/players/7cfc2860/Fabio-Alexandre-da-Silva-Nunes,92,92,pt POR,LB,28-212,90,48,32,15,4,0,0,1,11,0,0,0,0,24,1,5,https://fbref.com/en/players/7cfc2860/Fabio-Alexandre-da-Silva-Nunes-Fábio Alexandre da Silva Nunes,
9,Eduardo Mancha,https://fbref.com/en/players/56e74f66/Eduardo-Mancha,95,95,br BRA,CB,25-089,90,26,23,3,3,0,1,0,0,0,0,0,0,16,0,1,https://fbref.com/en/players/56e74f66/Eduardo-Mancha-Eduardo Mancha,
10,André Almeida Pinto,https://fbref.com/en/players/ba6e52b0/Andre-Almeida-Pinto,25,25,pt POR,CB,31-139,90,23,20,3,3,0,0,0,0,0,0,0,0,16,0,0,https://fbref.com/en/players/ba6e52b0/Andre-Almeida-Pinto-André Almeida Pinto,
11,Burá,https://fbref.com/en/players/8e72cba8/Bura,13,13,gw GNB,RB,25-061,82,24,16,8,0,0,0,3,8,0,0,0,0,13,0,1,https://fbref.com/en/players/8e72cba8/Bura-Burá,
12,Fabrício Isidoro,https://fbref.com/en/players/b70ca4b5/Fabricio-Isidoro,14,14,br BRA,DM,29-024,8,1,1,0,0,0,0,0,0,0,0,0,0,0,0,0,https://fbref.com/en/players/b70ca4b5/Fabricio-Isidoro-Fabrício Isidoro,
13,Rafael Defendi,https://fbref.com/en/players/317d3e7b/Rafael-Defendi,12,12,br BRA,GK,37-061,90,46,27,18,7,0,0,0,0,0,0,0,0,26,1,0,https://fbref.com/en/players/317d3e7b/Rafael-Defendi-Rafael Defendi,
