,Player Name,Player Number,Player,#,Nation,Pos,Age,Min,Touches,Def Pen,Def 3rd,Mid 3rd,Att 3rd,Att Pen,Live,Att,Succ,Succ%,Tkld,Tkld%,Carries,TotDist,PrgDist,PrgC,1/3,CPA,Mis,Dis,Rec,PrgR,Player Key,Player Link
0,Pedro,https://fbref.com/en/players/17758df6/Pedro,96,96,br BRA,FW,24-105,89,42,1,3,19,21,4,42,2,0,0.0,2,100.0,21,126,52,2,0,1,6,1,27,7,https://fbref.com/en/players/17758df6/Pedro-Pedro,
1,Nikola Stojiljković,https://fbref.com/en/players/ca3e2783/Nikola-Stojiljkovic,9,9,rs SRB,FW,28-188,1,0,0,0,0,0,0,0,0,0,,0,,0,0,0,0,0,0,0,0,0,0,https://fbref.com/en/players/ca3e2783/Nikola-Stojiljkovic-Nikola Stojiljković,
2,Madi Queita,https://fbref.com/en/players/13ab460a/Madi-Queita,10,10,gw GNB,LW,22-123,69,15,0,3,6,7,1,15,3,0,0.0,3,100.0,14,105,83,2,0,1,1,0,11,5,https://fbref.com/en/players/13ab460a/Madi-Queita-Madi Queita,
3,Djalma Campos,https://fbref.com/en/players/bd9813b9/Djalma-Campos,20,20,ao ANG,LW,33-267,21,11,2,5,5,1,1,11,0,0,,0,,5,9,3,0,0,0,1,0,5,1,https://fbref.com/en/players/bd9813b9/Djalma-Campos-Djalma Campos,
4,Licá,https://fbref.com/en/players/41d84fed/Lica,88,88,pt POR,RW,32-166,90,31,4,9,5,17,3,31,2,0,0.0,2,100.0,18,89,38,2,2,0,0,0,16,6,https://fbref.com/en/players/41d84fed/Lica-Licá,
5,Ryan Gauld,https://fbref.com/en/players/862e93c2/Ryan-Gauld,23,23,sct SCO,AM,25-067,90,38,0,12,10,18,3,38,2,1,50.0,1,50.0,24,138,88,2,1,1,2,0,18,3,https://fbref.com/en/players/862e93c2/Ryan-Gauld-Ryan Gauld,
6,Jonatan Lucca,https://fbref.com/en/players/b04f4533/Jonatan-Lucca,47,47,br BRA,DM,26-264,90,49,4,15,24,12,1,49,1,0,0.0,1,100.0,19,111,55,1,1,0,3,0,15,0,https://fbref.com/en/players/b04f4533/Jonatan-Lucca-Jonatan Lucca,
7,Amine Oudrhiri,https://fbref.com/en/players/49c9c79a/Amine-Oudrhiri,5,5,ma MAR,"DM,RB",28-109,90,48,0,14,15,20,0,48,2,1,50.0,1,50.0,24,180,54,0,0,0,1,0,18,1,https://fbref.com/en/players/49c9c79a/Amine-Oudrhiri-Amine Oudrhiri,
8,Fábio Alexandre da Silva Nunes,https://fbref.com/en/players/7cfc2860/Fabio-Alexandre-da-Silva-Nunes,92,92,pt POR,LB,28-212,90,63,8,23,30,12,0,63,1,0,0.0,1,100.0,30,178,80,2,1,0,2,1,25,1,https://fbref.com/en/players/7cfc2860/Fabio-Alexandre-da-Silva-Nunes-Fábio Alexandre da Silva Nunes,
9,Eduardo Mancha,https://fbref.com/en/players/56e74f66/Eduardo-Mancha,95,95,br BRA,CB,25-089,90,34,5,18,16,0,0,34,1,1,100.0,0,0.0,17,97,8,0,0,0,1,0,14,0,https://fbref.com/en/players/56e74f66/Eduardo-Mancha-Eduardo Mancha,
10,André Almeida Pinto,https://fbref.com/en/players/ba6e52b0/Andre-Almeida-Pinto,25,25,pt POR,CB,31-139,90,29,6,17,11,3,1,29,0,0,,0,,15,58,3,0,0,0,0,0,13,0,https://fbref.com/en/players/ba6e52b0/Andre-Almeida-Pinto-André Almeida Pinto,
11,Burá,https://fbref.com/en/players/8e72cba8/Bura,13,13,gw GNB,RB,25-061,82,34,4,18,7,9,0,34,0,0,,0,,10,53,35,1,0,0,1,0,10,0,https://fbref.com/en/players/8e72cba8/Bura-Burá,
12,Fabrício Isidoro,https://fbref.com/en/players/b70ca4b5/Fabricio-Isidoro,14,14,br BRA,DM,29-024,8,4,1,2,2,0,0,4,0,0,,0,,2,31,0,0,1,0,0,1,1,0,https://fbref.com/en/players/b70ca4b5/Fabricio-Isidoro-Fabrício Isidoro,
13,Rafael Defendi,https://fbref.com/en/players/317d3e7b/Rafael-Defendi,12,12,br BRA,GK,37-061,90,48,44,48,0,0,0,48,0,0,,0,,26,135,101,0,0,0,0,0,15,0,https://fbref.com/en/players/317d3e7b/Rafael-Defendi-Rafael Defendi,
