,Minute,Player,Squad,xG,PSxG,Outcome,Distance,Body Part,Notes,SCA 1 Player,SCA 1 Event,SCA 2 Player,SCA 2 Event
0,8,Darwin Núñez,Benfica,0.03,,Off Target,31,Right Foot,,Haris Seferović,Pass (Live),Nicolás Otamendi,Pass (Live)
1,14,Pedro,Farense,0.54,0.86,Saved,15,Left Foot,,Amine Oudrhiri,Pass (Live),,
2,19,Everton Soares,Benfica,0.06,0.28,Saved,26,Right Foot,,Everton Soares,Take-On,Darwin Núñez,Pass (Live)
3,19,Ryan Gauld,Farense,0.06,,Off Target,24,Left Foot,Volley,Licá,Pass (Live),Burá,Pass (Live)
4,23,Haris Seferović,Benfica,0.07,,Blocked,14,Left Foot,,Rafa Silva,Pass (Live),Adel Taarabt,Pass (Live)
5,23,Nicolás Otamendi,Benfica,0.04,,Blocked,14,Head,,Everton Soares,Pass (Dead),Haris Seferović,Shot
6,25,Darwin Núñez,Benfica,0.39,,Off Target,11,Right Foot,,Nuno Tavares,Pass (Live),Gabriel,Pass (Live)
7,27,Darwin Núñez,Benfica,0.06,,Off Target,15,Right Foot,,Everton Soares,Pass (Live),Gabriel,Pass (Live)
8,33,Gabriel,Benfica,0.03,,Blocked,30,Left Foot,,Darwin Núñez,Pass (Live),Haris Seferović,Pass (Live)
9,37,Haris Seferović,Benfica,0.13,,Off Target,14,Left Foot,,Darwin Núñez,Pass (Live),Everton Soares,Pass (Live)
10,45,Everton Soares,Benfica,0.04,,Off Target,24,Left Foot,,Rafa Silva,Pass (Live),Darwin Núñez,Pass (Live)
11,45+2,Ryan Gauld,Farense,0.03,,Off Target,29,Left Foot,,Pedro,Pass (Live),Fábio Alexandre da Silva Nunes,Pass (Dead)
12,,,,,,,,,,,,,
13,50,Licá,Farense,0.03,,Off Target,17,Head,,Burá,Pass (Live),Amine Oudrhiri,Pass (Live)
14,54,Ryan Gauld,Farense,0.03,,Blocked,27,Left Foot,,,,,
15,61,Rafa Silva,Benfica,0.44,0.58,Saved,10,Right Foot,,Haris Seferović,Pass (Live),Diogo Gonçalves,Pass (Live)
16,68,Haris Seferović,Benfica,0.08,,Blocked,13,Left Foot,,Luca Waldschmidt,Pass (Live),Pizzi,Pass (Live)
17,68,Pedro,Farense,0.04,0.30,Saved,21,Right Foot,,Ryan Gauld,Pass (Live),,
18,70,Pizzi,Benfica,0.06,,Woodwork,17,Left Foot,,Luca Waldschmidt,Pass (Live),Diogo Gonçalves,Pass (Live)
19,73,Luca Waldschmidt,Benfica,0.07,,Off Target,12,Right Foot,Volley,Diogo Gonçalves,Pass (Live),Adel Taarabt,Pass (Live)
20,73,Haris Seferović,Benfica,0.07,,Off Target,10,Right Foot,Volley,Luca Waldschmidt,Shot,,
21,77,Ryan Gauld,Farense,0.04,0.24,Saved,19,Left Foot,,Djalma Campos,Pass (Live),Ryan Gauld,Pass (Live)
22,80,Pedro,Farense,0.35,,Off Target,10,Head,,Djalma Campos,Pass (Live),Licá,Pass (Live)
23,90+3,Adel Taarabt,Benfica,0.04,,Blocked,27,Right Foot,,,,,
