,Player Name,Player Number,Player,#,Nation,Pos,Age,Min,Gls,Ast,PK,PKatt,Sh,SoT,CrdY,CrdR,Touches,Tkl,Int,Blocks,xG,npxG,xAG,SCA,GCA,Cmp,Att,Cmp%,PrgP,Carries,PrgC,Att,Succ,Player Key,Player Link
0,Bersant Celina,https://fbref.com/en/players/3043d33f/Bersant-Celina,9,9,xk KVX,FW,24-235,42,0,0,0,0,0,0,0,1,22,0,0,0,0.0,0.0,0.0,0,0,15,20,75.0,2,19,2,1,1,https://fbref.com/en/players/3043d33f/Bersant-Celina-Bersant Celina,
1,Mama Samba Baldé,https://fbref.com/en/players/fb14aa28/Mama-Samba-Balde,17,17,gw GNB,FW,25-177,74,1,0,0,0,3,1,0,0,34,2,0,1,0.4,0.4,0.0,2,0,14,16,87.5,0,21,0,4,1,https://fbref.com/en/players/fb14aa28/Mama-Samba-Balde-Mama Samba Baldé,
2,Mihai Dobre,https://fbref.com/en/players/a1f3f5a0/Mihai-Dobre,29,29,ro ROU,FW,22-245,16,0,0,0,0,0,0,0,0,6,0,0,0,0.0,0.0,0.0,0,0,2,4,50.0,0,5,0,3,2,https://fbref.com/en/players/a1f3f5a0/Mihai-Dobre-Mihai Dobre,
3,Jordan Marié,https://fbref.com/en/players/0d2158d5/Jordan-Marie,14,14,fr FRA,CM,29-215,90,0,0,0,0,1,0,0,0,51,2,1,0,0.0,0.0,0.0,0,0,34,42,81.0,2,26,0,0,0,https://fbref.com/en/players/0d2158d5/Jordan-Marie-Jordan Marié,
4,Wesley Lautoa,https://fbref.com/en/players/6e5b5a45/Wesley-Lautoa,24,24,nc NCL,CM,33-250,85,0,0,0,0,0,0,1,0,41,1,3,0,0.0,0.0,0.0,0,0,28,35,80.0,2,20,0,0,0,https://fbref.com/en/players/6e5b5a45/Wesley-Lautoa-Wesley Lautoa,
5,Jacques Siwe,https://fbref.com/en/players/c39b09e3/Jacques-Siwe,32,32,fr FRA,CM,19-277,5,0,0,0,0,0,0,0,0,1,0,0,0,0.0,0.0,0.0,0,0,0,0,,0,0,0,0,0,https://fbref.com/en/players/c39b09e3/Jacques-Siwe-Jacques Siwe,
6,Junior Dina Ebimbe,https://fbref.com/en/players/95bb6ddc/Junior-Dina-Ebimbe,8,8,fr FRA,"CM,RM",20-162,74,0,0,0,0,2,2,0,0,37,1,0,1,0.2,0.2,0.0,3,0,23,29,79.3,2,20,2,4,1,https://fbref.com/en/players/95bb6ddc/Junior-Dina-Ebimbe-Junior Dina Ebimbe,
7,Mounir Chouiar,https://fbref.com/en/players/45c1c326/Mounir-Chouiar,21,21,fr FRA,LM,22-099,16,0,0,0,0,0,0,0,0,8,0,0,0,0.0,0.0,0.0,0,0,5,6,83.3,0,4,0,2,0,https://fbref.com/en/players/45c1c326/Mounir-Chouiar-Mounir Chouiar,
8,Aníbal Chalá,https://fbref.com/en/players/84c0768a/Anibal-Chala,13,13,ec ECU,LB,24-358,45,0,0,0,0,0,0,0,0,29,0,0,0,0.0,0.0,0.0,0,0,17,23,73.9,0,13,0,1,0,https://fbref.com/en/players/84c0768a/Anibal-Chala-Aníbal Chalá,
9,Frédéric Sammaritano,https://fbref.com/en/players/8802c1d5/Frederic-Sammaritano,7,7,fr FRA,"LM,RM",35-040,45,0,1,0,0,1,0,0,0,24,0,0,0,0.4,0.4,0.5,5,1,17,23,73.9,0,14,0,0,0,https://fbref.com/en/players/8802c1d5/Frederic-Sammaritano-Frédéric Sammaritano,
10,Jonathan Panzo,https://fbref.com/en/players/c795c408/Jonathan-Panzo,4,4,eng ENG,CB,20-189,45,0,0,0,0,0,0,0,0,22,0,2,1,0.0,0.0,0.0,0,0,14,17,82.4,1,13,0,1,1,https://fbref.com/en/players/c795c408/Jonathan-Panzo-Jonathan Panzo,
11,Muzinga Ngonda,https://fbref.com/en/players/b748968d/Muzinga-Ngonda,3,3,cd COD,LB,26-122,45,0,0,0,0,0,0,0,0,37,2,2,1,0.0,0.0,0.0,0,0,25,30,83.3,3,23,0,1,1,https://fbref.com/en/players/b748968d/Muzinga-Ngonda-Muzinga Ngonda,
12,Bruno Ecuele Manga,https://fbref.com/en/players/72a0fb65/Bruno-Ecuele-Manga,25,25,ga GAB,CB,32-290,90,0,0,0,0,2,1,0,0,62,0,0,0,0.1,0.1,0.0,1,1,52,58,89.7,4,41,1,3,1,https://fbref.com/en/players/72a0fb65/Bruno-Ecuele-Manga-Bruno Ecuele Manga,
13,Senou Coulibaly,https://fbref.com/en/players/67b7357e/Senou-Coulibaly,5,5,ml MLI,CB,26-240,90,0,0,0,0,0,0,0,0,57,2,2,0,0.0,0.0,0.0,0,0,34,41,82.9,4,37,0,2,0,https://fbref.com/en/players/67b7357e/Senou-Coulibaly-Senou Coulibaly,
14,Fouad Chafik,https://fbref.com/en/players/edd1466a/Fouad-Chafik,26,26,ma MAR,RB,34-198,90,0,0,0,0,1,0,0,0,52,2,0,1,0.0,0.0,0.1,1,0,26,44,59.1,3,29,2,2,2,https://fbref.com/en/players/edd1466a/Fouad-Chafik-Fouad Chafik,
15,Saturnin Allagbé,https://fbref.com/en/players/b052b8bf/Saturnin-Allagbe,16,16,bj BEN,GK,27-161,90,0,0,0,0,0,0,0,0,49,0,0,0,0.0,0.0,0.0,0,0,31,46,67.4,0,27,0,0,0,https://fbref.com/en/players/b052b8bf/Saturnin-Allagbe-Saturnin Allagbé,
