,Player Name,Player Number,Player,#,Nation,Pos,Age,Min,Att,Live,Dead,FK,TB,Sw,Crs,TI,CK,In,Out,Str,Cmp,Off,Blocks,Player Key,Player Link
0,Bersant Celina,https://fbref.com/en/players/3043d33f/Bersant-Celina,9,9,xk KVX,FW,24-235,42,20,18,2,0,0,0,2,1,1,1,0,0,15,0,0,https://fbref.com/en/players/3043d33f/Bersant-Celina-Bersant Celina,
1,Mama Samba Baldé,https://fbref.com/en/players/fb14aa28/Mama-Samba-Balde,17,17,gw GNB,FW,25-177,74,16,13,3,0,0,0,0,0,0,0,0,0,14,0,0,https://fbref.com/en/players/fb14aa28/Mama-Samba-Balde-Mama Samba Baldé,
2,Mihai Dobre,https://fbref.com/en/players/a1f3f5a0/Mihai-Dobre,29,29,ro ROU,FW,22-245,16,4,3,1,0,0,0,0,0,0,0,0,0,2,0,0,https://fbref.com/en/players/a1f3f5a0/Mihai-Dobre-Mihai Dobre,
3,Jordan Marié,https://fbref.com/en/players/0d2158d5/Jordan-Marie,14,14,fr FRA,CM,29-215,90,42,40,2,2,0,0,0,0,0,0,0,0,34,0,1,https://fbref.com/en/players/0d2158d5/Jordan-Marie-Jordan Marié,
4,Wesley Lautoa,https://fbref.com/en/players/6e5b5a45/Wesley-Lautoa,24,24,nc NCL,CM,33-250,85,35,33,2,2,0,0,0,0,0,0,0,0,28,0,0,https://fbref.com/en/players/6e5b5a45/Wesley-Lautoa-Wesley Lautoa,
5,Jacques Siwe,https://fbref.com/en/players/c39b09e3/Jacques-Siwe,32,32,fr FRA,CM,19-277,5,0,0,0,0,0,0,0,0,0,0,0,0,0,0,0,https://fbref.com/en/players/c39b09e3/Jacques-Siwe-Jacques Siwe,
6,Junior Dina Ebimbe,https://fbref.com/en/players/95bb6ddc/Junior-Dina-Ebimbe,8,8,fr FRA,"CM,RM",20-162,74,29,27,2,1,1,0,2,0,0,0,0,0,23,0,0,https://fbref.com/en/players/95bb6ddc/Junior-Dina-Ebimbe-Junior Dina Ebimbe,
7,Mounir Chouiar,https://fbref.com/en/players/45c1c326/Mounir-Chouiar,21,21,fr FRA,LM,22-099,16,6,5,1,0,0,0,0,0,0,0,0,0,5,0,0,https://fbref.com/en/players/45c1c326/Mounir-Chouiar-Mounir Chouiar,
8,Aníbal Chalá,https://fbref.com/en/players/84c0768a/Anibal-Chala,13,13,ec ECU,LB,24-358,45,23,16,7,0,0,0,0,7,0,0,0,0,17,0,1,https://fbref.com/en/players/84c0768a/Anibal-Chala-Aníbal Chalá,
9,Frédéric Sammaritano,https://fbref.com/en/players/8802c1d5/Frederic-Sammaritano,7,7,fr FRA,"LM,RM",35-040,45,23,15,8,3,0,0,8,0,5,2,3,0,17,0,1,https://fbref.com/en/players/8802c1d5/Frederic-Sammaritano-Frédéric Sammaritano,
10,Jonathan Panzo,https://fbref.com/en/players/c795c408/Jonathan-Panzo,4,4,eng ENG,CB,20-189,45,17,17,0,0,0,0,0,0,0,0,0,0,14,0,0,https://fbref.com/en/players/c795c408/Jonathan-Panzo-Jonathan Panzo,
11,Muzinga Ngonda,https://fbref.com/en/players/b748968d/Muzinga-Ngonda,3,3,cd COD,LB,26-122,45,30,28,2,0,0,0,0,2,0,0,0,0,25,0,1,https://fbref.com/en/players/b748968d/Muzinga-Ngonda-Muzinga Ngonda,
12,Bruno Ecuele Manga,https://fbref.com/en/players/72a0fb65/Bruno-Ecuele-Manga,25,25,ga GAB,CB,32-290,90,58,55,3,3,0,0,0,0,0,0,0,0,52,0,0,https://fbref.com/en/players/72a0fb65/Bruno-Ecuele-Manga-Bruno Ecuele Manga,
13,Senou Coulibaly,https://fbref.com/en/players/67b7357e/Senou-Coulibaly,5,5,ml MLI,CB,26-240,90,41,40,1,1,0,0,0,0,0,0,0,0,34,0,0,https://fbref.com/en/players/67b7357e/Senou-Coulibaly-Senou Coulibaly,
14,Fouad Chafik,https://fbref.com/en/players/edd1466a/Fouad-Chafik,26,26,ma MAR,RB,34-198,90,44,38,6,0,0,0,1,6,0,0,0,0,26,0,0,https://fbref.com/en/players/edd1466a/Fouad-Chafik-Fouad Chafik,
15,Saturnin Allagbé,https://fbref.com/en/players/b052b8bf/Saturnin-Allagbe,16,16,bj BEN,GK,27-161,90,46,30,16,5,0,1,0,0,0,0,0,0,31,0,0,https://fbref.com/en/players/b052b8bf/Saturnin-Allagbe-Saturnin Allagbé,
