,Player Name,Player Number,Player,#,Nation,Pos,Age,Min,Touches,Def Pen,Def 3rd,Mid 3rd,Att 3rd,Att Pen,Live,Att,Succ,Succ%,Tkld,Tkld%,Carries,TotDist,PrgDist,PrgC,1/3,CPA,Mis,Dis,Rec,PrgR,Player Key,Player Link
0,Bersant Celina,https://fbref.com/en/players/3043d33f/Bersant-Celina,9,9,xk KVX,FW,24-235,42,22,0,1,14,7,0,22,1,1,100.0,0,0.0,19,104,48,2,1,0,1,0,17,1,https://fbref.com/en/players/3043d33f/Bersant-Celina-Bersant Celina,
1,Mama Samba Baldé,https://fbref.com/en/players/fb14aa28/Mama-Samba-Balde,17,17,gw GNB,FW,25-177,74,34,0,1,12,21,10,34,4,1,25.0,3,75.0,21,59,6,0,0,1,7,5,25,10,https://fbref.com/en/players/fb14aa28/Mama-Samba-Balde-Mama Samba Baldé,
2,Mihai Dobre,https://fbref.com/en/players/a1f3f5a0/Mihai-Dobre,29,29,ro ROU,FW,22-245,16,6,0,0,4,2,1,6,3,2,66.7,1,33.3,5,99,7,0,0,0,1,0,5,1,https://fbref.com/en/players/a1f3f5a0/Mihai-Dobre-Mihai Dobre,
3,Jordan Marié,https://fbref.com/en/players/0d2158d5/Jordan-Marie,14,14,fr FRA,CM,29-215,90,51,2,12,32,7,0,51,0,0,,0,,26,63,20,0,0,0,0,1,33,2,https://fbref.com/en/players/0d2158d5/Jordan-Marie-Jordan Marié,
4,Wesley Lautoa,https://fbref.com/en/players/6e5b5a45/Wesley-Lautoa,24,24,nc NCL,CM,33-250,85,41,1,9,30,2,0,41,0,0,,0,,20,82,33,0,0,0,0,2,24,0,https://fbref.com/en/players/6e5b5a45/Wesley-Lautoa-Wesley Lautoa,
5,Jacques Siwe,https://fbref.com/en/players/c39b09e3/Jacques-Siwe,32,32,fr FRA,CM,19-277,5,1,0,0,1,0,0,1,0,0,,0,,0,0,0,0,0,0,0,0,0,0,https://fbref.com/en/players/c39b09e3/Jacques-Siwe-Jacques Siwe,
6,Junior Dina Ebimbe,https://fbref.com/en/players/95bb6ddc/Junior-Dina-Ebimbe,8,8,fr FRA,"CM,RM",20-162,74,37,0,3,21,15,4,37,4,1,25.0,3,75.0,20,130,43,2,1,1,0,2,18,2,https://fbref.com/en/players/95bb6ddc/Junior-Dina-Ebimbe-Junior Dina Ebimbe,
7,Mounir Chouiar,https://fbref.com/en/players/45c1c326/Mounir-Chouiar,21,21,fr FRA,LM,22-099,16,8,0,0,5,3,1,8,2,0,0.0,2,100.0,4,25,0,0,0,0,0,0,6,0,https://fbref.com/en/players/45c1c326/Mounir-Chouiar-Mounir Chouiar,
8,Aníbal Chalá,https://fbref.com/en/players/84c0768a/Anibal-Chala,13,13,ec ECU,LB,24-358,45,29,0,3,15,11,0,29,1,0,0.0,1,100.0,13,56,28,0,0,0,3,0,16,2,https://fbref.com/en/players/84c0768a/Anibal-Chala-Aníbal Chalá,
9,Frédéric Sammaritano,https://fbref.com/en/players/8802c1d5/Frederic-Sammaritano,7,7,fr FRA,"LM,RM",35-040,45,24,0,3,8,13,1,24,0,0,,0,,14,54,20,0,0,0,0,2,17,1,https://fbref.com/en/players/8802c1d5/Frederic-Sammaritano-Frédéric Sammaritano,
10,Jonathan Panzo,https://fbref.com/en/players/c795c408/Jonathan-Panzo,4,4,eng ENG,CB,20-189,45,22,2,14,7,2,0,22,1,1,100.0,0,0.0,13,80,36,0,0,0,0,0,14,0,https://fbref.com/en/players/c795c408/Jonathan-Panzo-Jonathan Panzo,
11,Muzinga Ngonda,https://fbref.com/en/players/b748968d/Muzinga-Ngonda,3,3,cd COD,LB,26-122,45,37,5,16,15,6,0,37,1,1,100.0,0,0.0,23,106,40,0,0,0,1,0,22,0,https://fbref.com/en/players/b748968d/Muzinga-Ngonda-Muzinga Ngonda,
12,Bruno Ecuele Manga,https://fbref.com/en/players/72a0fb65/Bruno-Ecuele-Manga,25,25,ga GAB,CB,32-290,90,62,7,38,23,3,2,62,3,1,33.3,2,66.7,41,234,151,1,0,1,0,1,42,1,https://fbref.com/en/players/72a0fb65/Bruno-Ecuele-Manga-Bruno Ecuele Manga,
13,Senou Coulibaly,https://fbref.com/en/players/67b7357e/Senou-Coulibaly,5,5,ml MLI,CB,26-240,90,57,9,37,18,3,0,57,2,0,0.0,2,100.0,37,264,197,0,1,0,2,0,37,0,https://fbref.com/en/players/67b7357e/Senou-Coulibaly-Senou Coulibaly,
14,Fouad Chafik,https://fbref.com/en/players/edd1466a/Fouad-Chafik,26,26,ma MAR,RB,34-198,90,52,5,11,28,14,0,52,2,2,100.0,0,0.0,29,107,67,2,1,0,1,0,34,3,https://fbref.com/en/players/edd1466a/Fouad-Chafik-Fouad Chafik,
15,Saturnin Allagbé,https://fbref.com/en/players/b052b8bf/Saturnin-Allagbe,16,16,bj BEN,GK,27-161,90,49,43,49,0,0,0,49,0,0,,0,,27,127,71,0,0,0,0,0,24,0,https://fbref.com/en/players/b052b8bf/Saturnin-Allagbe-Saturnin Allagbé,
