,Player Name,Player Number,Player,#,Nation,Pos,Age,Min,Gls,Ast,PK,PKatt,Sh,SoT,CrdY,CrdR,Touches,Tkl,Int,Blocks,xG,npxG,xAG,SCA,GCA,Cmp,Att,Cmp%,PrgP,Carries,PrgC,Att,Succ,Player Key,Player Link
0,Ibrahima Niane,https://fbref.com/en/players/46faabfa/Ibrahima-Niane,7,7,sn SEN,FW,22-052,58,0,0,0,0,1,0,0,0,13,0,0,0,0.1,0.1,0.0,1,0,8,9,88.9,0,7,0,0,0,https://fbref.com/en/players/46faabfa/Ibrahima-Niane-Ibrahima Niane,
1,Vagner Gonçalves,https://fbref.com/en/players/743fd71f/Vagner-Goncalves,27,27,cv CPV,FW,25-112,32,1,0,0,0,2,1,0,0,8,0,1,0,0.4,0.4,0.1,2,1,5,5,100.0,2,6,1,1,1,https://fbref.com/en/players/743fd71f/Vagner-Goncalves-Vagner Gonçalves,
2,Papa Ndiaga Yade,https://fbref.com/en/players/87e9c7cd/Papa-Ndiaga-Yade,26,26,mr MTN,LW,21-117,45,0,0,0,0,1,0,1,0,24,1,0,0,0.0,0.0,0.1,1,0,11,17,64.7,1,14,2,2,1,https://fbref.com/en/players/87e9c7cd/Papa-Ndiaga-Yade-Papa Ndiaga Yade,
3,Thierry Ambrose,https://fbref.com/en/players/2945f4b7/Thierry-Ambrose,9,9,gp GLP,LW,24-035,45,0,0,0,0,1,1,0,0,19,1,0,0,0.1,0.1,0.0,1,0,6,12,50.0,0,10,2,3,2,https://fbref.com/en/players/2945f4b7/Thierry-Ambrose-Thierry Ambrose,
4,Lamine Gueye,https://fbref.com/en/players/9d5dcc23/Lamine-Gueye,13,13,sn SEN,RW,23-050,67,1,0,0,0,2,1,0,0,40,0,1,0,0.5,0.5,0.0,2,0,19,32,59.4,3,21,4,0,0,https://fbref.com/en/players/9d5dcc23/Lamine-Gueye-Lamine Gueye,
5,Victorien Angban,https://fbref.com/en/players/d8992b84/Victorien-Angban,5,5,ci CIV,RW,24-215,23,0,0,0,0,0,0,0,0,20,1,0,0,0.0,0.0,0.0,0,0,19,20,95.0,1,16,0,0,0,https://fbref.com/en/players/d8992b84/Victorien-Angban-Victorien Angban,
6,Pape Matar Sarr,https://fbref.com/en/players/feb5d972/Pape-Matar-Sarr,15,15,sn SEN,LM,18-230,84,1,0,0,0,2,1,0,0,56,4,1,0,0.1,0.1,0.0,4,2,40,45,88.9,5,33,3,2,2,https://fbref.com/en/players/feb5d972/Pape-Matar-Sarr-Pape Matar Sarr,
7,Youssef Maziz,https://fbref.com/en/players/514270e8/Youssef-Maziz,22,22,fr FRA,LM,22-312,6,0,0,0,0,0,0,0,0,6,0,0,0,0.0,0.0,0.0,0,0,5,6,83.3,1,5,1,0,0,https://fbref.com/en/players/514270e8/Youssef-Maziz-Youssef Maziz,
8,Kévin N'Doram,https://fbref.com/en/players/e50623a0/Kevin-NDoram,4,4,fr FRA,CM,25-100,58,0,0,0,0,0,0,0,0,36,2,1,0,0.0,0.0,0.0,1,0,23,27,85.2,1,20,0,3,0,https://fbref.com/en/players/e50623a0/Kevin-NDoram-Kévin N'Doram,
9,Farid Boulaya,https://fbref.com/en/players/a0791826/Farid-Boulaya,10,10,dz ALG,CM,28-066,32,0,2,0,0,2,0,0,0,23,0,0,0,0.1,0.1,0.5,4,2,13,20,65.0,1,14,1,1,1,https://fbref.com/en/players/a0791826/Farid-Boulaya-Farid Boulaya,
10,Habib Maïga,https://fbref.com/en/players/e768de1f/Habib-Maiga,19,19,ci CIV,RM,25-121,90,0,0,0,0,1,1,0,0,70,1,1,1,0.0,0.0,0.0,1,0,51,64,79.7,10,37,3,1,1,https://fbref.com/en/players/e768de1f/Habib-Maiga-Habib Maïga,
11,Matthieu Udol,https://fbref.com/en/players/cc41f558/Matthieu-Udol,3,3,fr FRA,LB,25-043,90,0,0,0,0,0,0,0,0,76,2,3,0,0.0,0.0,0.0,4,0,64,70,91.4,9,46,2,1,1,https://fbref.com/en/players/cc41f558/Matthieu-Udol-Matthieu Udol,
12,John Boye,https://fbref.com/en/players/861227d2/John-Boye,21,21,gh GHA,CB,34-009,90,0,0,0,0,0,0,0,0,74,6,5,0,0.0,0.0,0.0,0,0,50,61,82.0,1,37,0,0,0,https://fbref.com/en/players/861227d2/John-Boye-John Boye,
13,Dylan Bronn,https://fbref.com/en/players/edd81e2a/Dylan-Bronn,2,2,tn TUN,CB,25-317,90,1,0,0,0,1,1,0,0,67,3,2,1,0.1,0.1,0.0,2,1,49,56,87.5,2,40,0,1,0,https://fbref.com/en/players/edd81e2a/Dylan-Bronn-Dylan Bronn,
14,Fabien Centonze,https://fbref.com/en/players/3c6bbbab/Fabien-Centonze,18,18,fr FRA,RB,25-106,90,0,0,0,0,1,0,0,0,80,6,4,3,0.0,0.0,0.0,2,1,49,61,80.3,3,50,5,3,1,https://fbref.com/en/players/3c6bbbab/Fabien-Centonze-Fabien Centonze,
15,Alexandre Oukidja,https://fbref.com/en/players/ae7d0ecd/Alexandre-Oukidja,16,16,dz ALG,GK,32-287,90,0,0,0,0,0,0,0,0,30,0,0,0,0.0,0.0,0.0,0,0,24,29,82.8,0,20,0,1,1,https://fbref.com/en/players/ae7d0ecd/Alexandre-Oukidja-Alexandre Oukidja,
