,Player Name,Player Number,Player,#,Nation,Pos,Age,Min,CrdY,CrdR,2CrdY,Fls,Fld,Off,Crs,Int,TklW,PKwon,PKcon,OG,Recov,Won,Lost,Won%,Player Key,Player Link
0,Ibrahima Niane,https://fbref.com/en/players/46faabfa/Ibrahima-Niane,7,7,sn SEN,FW,22-052,58,0,0,0,1,1,0,0,0,0,0,0,0,1,0,2,0.0,https://fbref.com/en/players/46faabfa/Ibrahima-Niane-Ibrahima Niane,
1,Vagner Gonçalves,https://fbref.com/en/players/743fd71f/Vagner-Goncalves,27,27,cv CPV,FW,25-112,32,0,0,0,1,0,0,0,1,0,0,0,0,1,0,2,0.0,https://fbref.com/en/players/743fd71f/Vagner-Goncalves-Vagner Gonçalves,
2,Papa Ndiaga Yade,https://fbref.com/en/players/87e9c7cd/Papa-Ndiaga-Yade,26,26,mr MTN,LW,21-117,45,1,0,0,3,0,0,4,0,0,0,0,0,3,2,0,100.0,https://fbref.com/en/players/87e9c7cd/Papa-Ndiaga-Yade-Papa Ndiaga Yade,
3,Thierry Ambrose,https://fbref.com/en/players/2945f4b7/Thierry-Ambrose,9,9,gp GLP,LW,24-035,45,0,0,0,2,0,0,1,0,0,0,0,0,4,3,0,100.0,https://fbref.com/en/players/2945f4b7/Thierry-Ambrose-Thierry Ambrose,
4,Lamine Gueye,https://fbref.com/en/players/9d5dcc23/Lamine-Gueye,13,13,sn SEN,RW,23-050,67,0,0,0,0,2,1,6,1,0,0,0,0,1,1,1,50.0,https://fbref.com/en/players/9d5dcc23/Lamine-Gueye-Lamine Gueye,
5,Victorien Angban,https://fbref.com/en/players/d8992b84/Victorien-Angban,5,5,ci CIV,RW,24-215,23,0,0,0,0,0,0,0,0,1,0,0,0,3,0,0,,https://fbref.com/en/players/d8992b84/Victorien-Angban-Victorien Angban,
6,Pape Matar Sarr,https://fbref.com/en/players/feb5d972/Pape-Matar-Sarr,15,15,sn SEN,LM,18-230,84,0,0,0,1,1,0,1,1,4,0,0,0,7,1,1,50.0,https://fbref.com/en/players/feb5d972/Pape-Matar-Sarr-Pape Matar Sarr,
7,Youssef Maziz,https://fbref.com/en/players/514270e8/Youssef-Maziz,22,22,fr FRA,LM,22-312,6,0,0,0,0,0,0,0,0,0,0,0,0,0,0,0,,https://fbref.com/en/players/514270e8/Youssef-Maziz-Youssef Maziz,
8,Kévin N'Doram,https://fbref.com/en/players/e50623a0/Kevin-NDoram,4,4,fr FRA,CM,25-100,58,0,0,0,1,0,0,0,1,2,0,0,0,2,1,0,100.0,https://fbref.com/en/players/e50623a0/Kevin-NDoram-Kévin N'Doram,
9,Farid Boulaya,https://fbref.com/en/players/a0791826/Farid-Boulaya,10,10,dz ALG,CM,28-066,32,0,0,0,0,1,0,1,0,0,0,0,0,2,0,0,,https://fbref.com/en/players/a0791826/Farid-Boulaya-Farid Boulaya,
10,Habib Maïga,https://fbref.com/en/players/e768de1f/Habib-Maiga,19,19,ci CIV,RM,25-121,90,0,0,0,4,0,0,1,1,0,0,0,0,11,2,2,50.0,https://fbref.com/en/players/e768de1f/Habib-Maiga-Habib Maïga,
11,Matthieu Udol,https://fbref.com/en/players/cc41f558/Matthieu-Udol,3,3,fr FRA,LB,25-043,90,0,0,0,1,1,0,2,3,1,0,0,0,3,2,3,40.0,https://fbref.com/en/players/cc41f558/Matthieu-Udol-Matthieu Udol,
12,John Boye,https://fbref.com/en/players/861227d2/John-Boye,21,21,gh GHA,CB,34-009,90,0,0,0,0,2,0,0,5,1,0,0,0,8,5,1,83.3,https://fbref.com/en/players/861227d2/John-Boye-John Boye,
13,Dylan Bronn,https://fbref.com/en/players/edd81e2a/Dylan-Bronn,2,2,tn TUN,CB,25-317,90,0,0,0,1,0,0,0,2,3,0,0,0,7,0,2,0.0,https://fbref.com/en/players/edd81e2a/Dylan-Bronn-Dylan Bronn,
14,Fabien Centonze,https://fbref.com/en/players/3c6bbbab/Fabien-Centonze,18,18,fr FRA,RB,25-106,90,0,0,0,1,3,0,3,4,3,0,0,0,7,2,1,66.7,https://fbref.com/en/players/3c6bbbab/Fabien-Centonze-Fabien Centonze,
15,Alexandre Oukidja,https://fbref.com/en/players/ae7d0ecd/Alexandre-Oukidja,16,16,dz ALG,GK,32-287,90,0,0,0,0,0,0,0,0,0,0,0,0,3,1,1,50.0,https://fbref.com/en/players/ae7d0ecd/Alexandre-Oukidja-Alexandre Oukidja,
