,Player Name,Player Number,Player,#,Nation,Pos,Age,Min,Touches,Def Pen,Def 3rd,Mid 3rd,Att 3rd,Att Pen,Live,Att,Succ,Succ%,Tkld,Tkld%,Carries,TotDist,PrgDist,PrgC,1/3,CPA,Mis,Dis,Rec,PrgR,Player Key,Player Link
0,Ibrahima Niane,https://fbref.com/en/players/46faabfa/Ibrahima-Niane,7,7,sn SEN,FW,22-052,58,13,1,1,7,5,1,13,0,0,,0,,7,24,4,0,0,0,2,0,7,1,https://fbref.com/en/players/46faabfa/Ibrahima-Niane-Ibrahima Niane,
1,Vagner Gonçalves,https://fbref.com/en/players/743fd71f/Vagner-Goncalves,27,27,cv CPV,FW,25-112,32,8,0,2,0,7,2,8,1,1,100.0,0,0.0,6,80,65,1,1,0,0,0,6,5,https://fbref.com/en/players/743fd71f/Vagner-Goncalves-Vagner Gonçalves,
2,Papa Ndiaga Yade,https://fbref.com/en/players/87e9c7cd/Papa-Ndiaga-Yade,26,26,mr MTN,LW,21-117,45,24,0,2,8,14,2,24,2,1,50.0,1,50.0,14,91,29,2,0,1,1,2,18,7,https://fbref.com/en/players/87e9c7cd/Papa-Ndiaga-Yade-Papa Ndiaga Yade,
3,Thierry Ambrose,https://fbref.com/en/players/2945f4b7/Thierry-Ambrose,9,9,gp GLP,LW,24-035,45,19,0,0,8,11,6,19,3,2,66.7,1,33.3,10,62,36,2,1,0,4,1,15,5,https://fbref.com/en/players/2945f4b7/Thierry-Ambrose-Thierry Ambrose,
4,Lamine Gueye,https://fbref.com/en/players/9d5dcc23/Lamine-Gueye,13,13,sn SEN,RW,23-050,67,40,0,7,11,22,3,40,0,0,,0,,21,94,47,4,0,1,1,1,27,9,https://fbref.com/en/players/9d5dcc23/Lamine-Gueye-Lamine Gueye,
5,Victorien Angban,https://fbref.com/en/players/d8992b84/Victorien-Angban,5,5,ci CIV,RW,24-215,23,20,0,4,13,3,1,20,0,0,,0,,16,46,11,0,0,0,0,0,17,1,https://fbref.com/en/players/d8992b84/Victorien-Angban-Victorien Angban,
6,Pape Matar Sarr,https://fbref.com/en/players/feb5d972/Pape-Matar-Sarr,15,15,sn SEN,LM,18-230,84,56,2,10,35,12,1,56,2,2,100.0,0,0.0,33,225,114,3,3,0,3,0,41,1,https://fbref.com/en/players/feb5d972/Pape-Matar-Sarr-Pape Matar Sarr,
7,Youssef Maziz,https://fbref.com/en/players/514270e8/Youssef-Maziz,22,22,fr FRA,LM,22-312,6,6,0,0,6,0,0,6,0,0,,0,,5,27,11,1,0,0,0,0,6,1,https://fbref.com/en/players/514270e8/Youssef-Maziz-Youssef Maziz,
8,Kévin N'Doram,https://fbref.com/en/players/e50623a0/Kevin-NDoram,4,4,fr FRA,CM,25-100,58,36,0,11,24,1,0,36,3,0,0.0,3,100.0,20,59,24,0,0,0,1,0,25,0,https://fbref.com/en/players/e50623a0/Kevin-NDoram-Kévin N'Doram,
9,Farid Boulaya,https://fbref.com/en/players/a0791826/Farid-Boulaya,10,10,dz ALG,CM,28-066,32,23,0,4,10,10,2,23,1,1,100.0,0,0.0,14,68,35,1,1,1,0,0,18,1,https://fbref.com/en/players/a0791826/Farid-Boulaya-Farid Boulaya,
10,Habib Maïga,https://fbref.com/en/players/e768de1f/Habib-Maiga,19,19,ci CIV,RM,25-121,90,70,0,15,40,17,0,70,1,1,100.0,0,0.0,37,186,117,3,3,0,3,0,41,1,https://fbref.com/en/players/e768de1f/Habib-Maiga-Habib Maïga,
11,Matthieu Udol,https://fbref.com/en/players/cc41f558/Matthieu-Udol,3,3,fr FRA,LB,25-043,90,76,1,29,40,7,1,76,1,1,100.0,0,0.0,46,134,64,2,1,0,1,0,55,3,https://fbref.com/en/players/cc41f558/Matthieu-Udol-Matthieu Udol,
12,John Boye,https://fbref.com/en/players/861227d2/John-Boye,21,21,gh GHA,CB,34-009,90,74,8,56,18,0,0,74,0,0,,0,,37,100,16,0,0,0,1,0,44,0,https://fbref.com/en/players/861227d2/John-Boye-John Boye,
13,Dylan Bronn,https://fbref.com/en/players/edd81e2a/Dylan-Bronn,2,2,tn TUN,CB,25-317,90,67,6,47,18,3,1,67,1,0,0.0,1,100.0,40,115,43,0,0,0,3,0,51,0,https://fbref.com/en/players/edd81e2a/Dylan-Bronn-Dylan Bronn,
14,Fabien Centonze,https://fbref.com/en/players/3c6bbbab/Fabien-Centonze,18,18,fr FRA,RB,25-106,90,80,7,31,37,12,0,80,3,1,33.3,2,66.7,50,260,164,5,2,0,1,0,48,4,https://fbref.com/en/players/3c6bbbab/Fabien-Centonze-Fabien Centonze,
15,Alexandre Oukidja,https://fbref.com/en/players/ae7d0ecd/Alexandre-Oukidja,16,16,dz ALG,GK,32-287,90,30,26,30,0,0,0,30,1,1,100.0,0,0.0,20,74,49,0,0,0,0,0,15,0,https://fbref.com/en/players/ae7d0ecd/Alexandre-Oukidja-Alexandre Oukidja,
