,Minute,Player,Squad,xG,PSxG,Outcome,Distance,Body Part,Notes,SCA 1 Player,SCA 1 Event,SCA 2 Player,SCA 2 Event
0,2,Fabien Centonze,Metz,0.03,,Off Target,25,Right Foot,,Habib Maïga,Pass (Live),Matthieu Udol,Pass (Dead)
1,7,Fouad Chafik,Dijon,0.02,,Off Target,34,Right Foot,Volley,Junior Dina Ebimbe,Pass (Live),Mama Samba Baldé,Pass (Live)
2,30,Bruno Ecuele Manga,Dijon,0.05,0.35,Saved,18,Left Foot,,,,,
3,32,Ibrahima Niane,Metz,0.07,,Off Target,8,Head,,Lamine Gueye,Pass (Live),Fabien Centonze,Pass (Live)
4,32,Lamine Gueye,Metz,0.06,,Off Target,9,Right Foot,Volley,Papa Ndiaga Yade,Pass (Live),Kévin N'Doram,Pass (Live)
5,33,Habib Maïga,Metz,0.02,0.14,Saved,36,Right Foot,,Pape Matar Sarr,Pass (Live),Ibrahima Niane,Pass (Live)
6,36,Jordan Marié,Dijon,0.03,,Off Target,26,Right Foot,,,,,
7,37,Lamine Gueye,Metz,0.43,0.89,Goal,11,Right Foot,,Pape Matar Sarr,Pass (Live),,
8,42,Pape Matar Sarr,Metz,0.10,0.35,Goal,12,Right Foot,Volley,Fabien Centonze,Fouled,Dylan Bronn,Pass (Live)
9,44,Papa Ndiaga Yade,Metz,0.02,,Off Target,30,Left Foot,,Pape Matar Sarr,Pass (Live),Lamine Gueye,Pass (Dead)
10,,,,,,,,,,,,,
11,46,Mama Samba Baldé,Dijon,0.08,,Blocked,15,Right Foot,,Fouad Chafik,Pass (Live),Junior Dina Ebimbe,Pass (Live)
12,46,Frédéric Sammaritano,Dijon,0.41,,Blocked,11,Left Foot,,Mama Samba Baldé,Shot,,
13,48,Mama Samba Baldé,Dijon,0.23,0.35,Goal,6,Head,,Frédéric Sammaritano,Pass (Dead),Bruno Ecuele Manga,Pass (Live)
14,55,Junior Dina Ebimbe,Dijon,0.07,0.12,Saved,16,Left Foot,,,,,
15,55,Bruno Ecuele Manga,Dijon,0.06,,Off Target,11,Head,,Frédéric Sammaritano,Pass (Dead),Junior Dina Ebimbe,Shot
16,61,Mama Samba Baldé,Dijon,0.06,,Off Target,14,Head,,Frédéric Sammaritano,Pass (Dead),Frédéric Sammaritano,Fouled
17,69,Junior Dina Ebimbe,Dijon,0.18,0.09,Saved,6,Head,,Frédéric Sammaritano,Pass (Dead),,
18,72,Farid Boulaya,Metz,0.04,,Off Target,18,Left Foot,,,,,
19,72,Pape Matar Sarr,Metz,0.02,,Off Target,35,Right Foot,,Matthieu Udol,Pass (Live),Farid Boulaya,Shot
20,77,Vagner Gonçalves,Metz,0.02,,Off Target,29,Right Foot,,Matthieu Udol,Pass (Live),Thierry Ambrose,Pass (Live)
21,81,Farid Boulaya,Metz,0.04,,Blocked,32,Right Foot,Free kick,Farid Boulaya,Fouled,Dylan Bronn,Pass (Live)
22,82,Vagner Gonçalves,Metz,0.42,0.40,Goal,6,Right Foot,,Farid Boulaya,Pass (Live),Vagner Gonçalves,Pass (Live)
23,84,Thierry Ambrose,Metz,0.11,0.03,Saved,10,Left Foot,,Vagner Gonçalves,Pass (Live),Matthieu Udol,Pass (Live)
24,85,Dylan Bronn,Metz,0.13,0.25,Goal,10,Head,,Farid Boulaya,Pass (Dead),Pape Matar Sarr,Fouled
