,Player Name,Player Number,Player,#,Nation,Pos,Age,Min,Gls,Ast,PK,PKatt,Sh,SoT,CrdY,CrdR,Touches,Tkl,Int,Blocks,xG,npxG,xAG,SCA,GCA,Cmp,Att,Cmp%,PrgP,Carries,PrgC,Att,Succ,Player Key,Player Link
0,Vagner Gonçalves,https://fbref.com/en/players/743fd71f/Vagner-Goncalves,27,27,cv CPV,FW,25-014,63,0,0,0,0,2,0,1,0,20,3,1,0,0.1,0.1,0.0,3,0,10,12,83.3,1,15,1,4,3,https://fbref.com/en/players/743fd71f/Vagner-Goncalves-Vagner Gonçalves,
1,Lamine Gueye,https://fbref.com/en/players/9d5dcc23/Lamine-Gueye,13,13,sn SEN,FW,22-317,27,0,0,0,0,0,0,0,0,11,2,0,0,0.0,0.0,0.0,1,0,6,8,75.0,1,9,0,1,1,https://fbref.com/en/players/9d5dcc23/Lamine-Gueye-Lamine Gueye,
2,Aaron Leya Iseka,https://fbref.com/en/players/29ef0f49/Aaron-Leya-Iseka,24,24,be BEL,FW,23-070,63,1,0,0,0,1,1,0,0,15,1,0,1,0.4,0.4,0.0,0,0,8,12,66.7,1,7,0,0,0,https://fbref.com/en/players/29ef0f49/Aaron-Leya-Iseka-Aaron Leya Iseka,
3,Thierry Ambrose,https://fbref.com/en/players/2945f4b7/Thierry-Ambrose,9,9,gp GLP,FW,23-302,27,0,0,0,0,1,0,0,0,10,0,0,0,0.1,0.1,0.0,1,0,4,8,50.0,1,8,1,2,1,https://fbref.com/en/players/2945f4b7/Thierry-Ambrose-Thierry Ambrose,
4,Farid Boulaya,https://fbref.com/en/players/a0791826/Farid-Boulaya,10,10,dz ALG,AM,27-334,90,1,1,0,0,4,1,1,0,69,1,0,0,0.1,0.1,0.5,3,1,35,54,64.8,10,47,2,2,2,https://fbref.com/en/players/a0791826/Farid-Boulaya-Farid Boulaya,
5,Pape Matar Sarr,https://fbref.com/en/players/feb5d972/Pape-Matar-Sarr,15,15,sn SEN,CM,18-132,90,0,0,0,0,3,1,1,0,74,1,1,1,0.1,0.1,0.0,4,0,52,57,91.2,6,47,3,4,4,https://fbref.com/en/players/feb5d972/Pape-Matar-Sarr-Pape Matar Sarr,
6,Victorien Angban,https://fbref.com/en/players/d8992b84/Victorien-Angban,5,5,ci CIV,CM,24-117,77,0,0,0,0,0,0,0,0,35,3,2,0,0.0,0.0,0.0,1,0,29,30,96.7,2,20,1,2,1,https://fbref.com/en/players/d8992b84/Victorien-Angban-Victorien Angban,
7,Mamadou Fofana,https://fbref.com/en/players/4c4ffacc/Mamadou-Fofana,6,6,ml MLI,CM,23-003,13,0,0,0,0,1,0,0,0,3,0,0,0,0.1,0.1,0.0,0,0,0,2,0.0,0,0,0,0,0,https://fbref.com/en/players/4c4ffacc/Mamadou-Fofana-Mamadou Fofana,
8,Matthieu Udol,https://fbref.com/en/players/cc41f558/Matthieu-Udol,3,3,fr FRA,WB,24-310,90,0,0,0,0,2,1,0,0,43,0,2,0,0.1,0.1,0.0,2,0,28,35,80.0,0,21,2,2,2,https://fbref.com/en/players/cc41f558/Matthieu-Udol-Matthieu Udol,
9,Fabien Centonze,https://fbref.com/en/players/3c6bbbab/Fabien-Centonze,18,18,fr FRA,WB,25-008,90,0,0,0,0,0,0,0,0,58,2,1,0,0.0,0.0,0.1,3,1,40,47,85.1,2,38,8,5,2,https://fbref.com/en/players/3c6bbbab/Fabien-Centonze-Fabien Centonze,
10,John Boye,https://fbref.com/en/players/861227d2/John-Boye,21,21,gh GHA,CB,33-276,90,0,1,0,0,0,0,0,0,46,1,4,0,0.0,0.0,0.0,1,1,28,32,87.5,2,22,0,0,0,https://fbref.com/en/players/861227d2/John-Boye-John Boye,
11,Boubakar Kouyaté,https://fbref.com/en/players/562a4799/Boubakar-Kouyate,23,23,ml MLI,CB,23-284,90,0,0,0,0,0,0,0,0,48,8,5,1,0.0,0.0,0.0,0,0,23,27,85.2,0,22,0,0,0,https://fbref.com/en/players/562a4799/Boubakar-Kouyate-Boubakar Kouyaté,
12,Dylan Bronn,https://fbref.com/en/players/edd81e2a/Dylan-Bronn,2,2,tn TUN,CB,25-219,90,0,0,0,0,0,0,0,0,56,2,0,0,0.0,0.0,0.1,3,0,35,42,83.3,0,30,1,2,2,https://fbref.com/en/players/edd81e2a/Dylan-Bronn-Dylan Bronn,
13,Alexandre Oukidja,https://fbref.com/en/players/ae7d0ecd/Alexandre-Oukidja,16,16,dz ALG,GK,32-189,90,0,0,0,0,0,0,0,0,30,0,0,0,0.0,0.0,0.0,1,0,19,29,65.5,0,11,0,0,0,https://fbref.com/en/players/ae7d0ecd/Alexandre-Oukidja-Alexandre Oukidja,
