,Player Name,Player Number,Player,#,Nation,Pos,Age,Min,CrdY,CrdR,2CrdY,Fls,Fld,Off,Crs,Int,TklW,PKwon,PKcon,OG,Recov,Won,Lost,Won%,Player Key,Player Link
0,Vagner Gonçalves,https://fbref.com/en/players/743fd71f/Vagner-Goncalves,27,27,cv CPV,FW,25-014,63,1,0,0,3,1,0,1,1,2,0,0,0,1,0,3,0.0,https://fbref.com/en/players/743fd71f/Vagner-Goncalves-Vagner Gonçalves,
1,Lamine Gueye,https://fbref.com/en/players/9d5dcc23/Lamine-Gueye,13,13,sn SEN,FW,22-317,27,0,0,0,0,1,1,0,0,1,0,0,0,2,0,0,,https://fbref.com/en/players/9d5dcc23/Lamine-Gueye-Lamine Gueye,
2,Aaron Leya Iseka,https://fbref.com/en/players/29ef0f49/Aaron-Leya-Iseka,24,24,be BEL,FW,23-070,63,0,0,0,1,0,0,0,0,0,0,0,0,0,2,3,40.0,https://fbref.com/en/players/29ef0f49/Aaron-Leya-Iseka-Aaron Leya Iseka,
3,Thierry Ambrose,https://fbref.com/en/players/2945f4b7/Thierry-Ambrose,9,9,gp GLP,FW,23-302,27,0,0,0,1,1,0,0,0,0,0,0,0,0,3,1,75.0,https://fbref.com/en/players/2945f4b7/Thierry-Ambrose-Thierry Ambrose,
4,Farid Boulaya,https://fbref.com/en/players/a0791826/Farid-Boulaya,10,10,dz ALG,AM,27-334,90,1,0,0,2,1,0,5,0,0,0,0,0,6,1,0,100.0,https://fbref.com/en/players/a0791826/Farid-Boulaya-Farid Boulaya,
5,Pape Matar Sarr,https://fbref.com/en/players/feb5d972/Pape-Matar-Sarr,15,15,sn SEN,CM,18-132,90,1,0,0,3,1,0,0,1,1,0,0,0,10,1,1,50.0,https://fbref.com/en/players/feb5d972/Pape-Matar-Sarr-Pape Matar Sarr,
6,Victorien Angban,https://fbref.com/en/players/d8992b84/Victorien-Angban,5,5,ci CIV,CM,24-117,77,0,0,0,0,2,0,1,2,3,0,0,0,3,0,0,,https://fbref.com/en/players/d8992b84/Victorien-Angban-Victorien Angban,
7,Mamadou Fofana,https://fbref.com/en/players/4c4ffacc/Mamadou-Fofana,6,6,ml MLI,CM,23-003,13,0,0,0,1,0,0,0,0,0,0,0,0,1,0,0,,https://fbref.com/en/players/4c4ffacc/Mamadou-Fofana-Mamadou Fofana,
8,Matthieu Udol,https://fbref.com/en/players/cc41f558/Matthieu-Udol,3,3,fr FRA,WB,24-310,90,0,0,0,0,0,0,5,2,0,0,0,0,2,0,0,,https://fbref.com/en/players/cc41f558/Matthieu-Udol-Matthieu Udol,
9,Fabien Centonze,https://fbref.com/en/players/3c6bbbab/Fabien-Centonze,18,18,fr FRA,WB,25-008,90,0,0,0,2,3,0,3,1,2,0,0,0,4,2,1,66.7,https://fbref.com/en/players/3c6bbbab/Fabien-Centonze-Fabien Centonze,
10,John Boye,https://fbref.com/en/players/861227d2/John-Boye,21,21,gh GHA,CB,33-276,90,0,0,0,1,0,0,0,4,1,0,0,0,3,3,3,50.0,https://fbref.com/en/players/861227d2/John-Boye-John Boye,
11,Boubakar Kouyaté,https://fbref.com/en/players/562a4799/Boubakar-Kouyate,23,23,ml MLI,CB,23-284,90,0,0,0,0,1,0,0,5,4,0,0,0,6,5,6,45.5,https://fbref.com/en/players/562a4799/Boubakar-Kouyate-Boubakar Kouyaté,
12,Dylan Bronn,https://fbref.com/en/players/edd81e2a/Dylan-Bronn,2,2,tn TUN,CB,25-219,90,0,0,0,1,1,0,0,0,1,0,0,0,10,3,2,60.0,https://fbref.com/en/players/edd81e2a/Dylan-Bronn-Dylan Bronn,
13,Alexandre Oukidja,https://fbref.com/en/players/ae7d0ecd/Alexandre-Oukidja,16,16,dz ALG,GK,32-189,90,0,0,0,0,1,0,0,0,0,0,0,0,0,0,0,,https://fbref.com/en/players/ae7d0ecd/Alexandre-Oukidja-Alexandre Oukidja,
