,Player Name,Player Number,Player,#,Nation,Pos,Age,Min,Touches,Def Pen,Def 3rd,Mid 3rd,Att 3rd,Att Pen,Live,Att,Succ,Succ%,Tkld,Tkld%,Carries,TotDist,PrgDist,PrgC,1/3,CPA,Mis,Dis,Rec,PrgR,Player Key,Player Link
0,Vagner Gonçalves,https://fbref.com/en/players/743fd71f/Vagner-Goncalves,27,27,cv CPV,FW,25-014,63,20,0,3,7,11,2,20,4,3,75.0,1,25.0,15,70,31,1,1,0,1,1,17,7,https://fbref.com/en/players/743fd71f/Vagner-Goncalves-Vagner Gonçalves,
1,Lamine Gueye,https://fbref.com/en/players/9d5dcc23/Lamine-Gueye,13,13,sn SEN,FW,22-317,27,11,0,3,7,2,0,11,1,1,100.0,0,0.0,9,46,3,0,0,0,1,1,9,0,https://fbref.com/en/players/9d5dcc23/Lamine-Gueye-Lamine Gueye,
2,Aaron Leya Iseka,https://fbref.com/en/players/29ef0f49/Aaron-Leya-Iseka,24,24,be BEL,FW,23-070,63,15,0,1,9,5,1,15,0,0,,0,,7,20,2,0,0,0,0,2,14,2,https://fbref.com/en/players/29ef0f49/Aaron-Leya-Iseka-Aaron Leya Iseka,
3,Thierry Ambrose,https://fbref.com/en/players/2945f4b7/Thierry-Ambrose,9,9,gp GLP,FW,23-302,27,10,0,0,4,6,1,10,2,1,50.0,1,50.0,8,51,16,1,0,1,0,2,12,2,https://fbref.com/en/players/2945f4b7/Thierry-Ambrose-Thierry Ambrose,
4,Farid Boulaya,https://fbref.com/en/players/a0791826/Farid-Boulaya,10,10,dz ALG,AM,27-334,90,69,0,6,49,17,1,69,2,2,100.0,0,0.0,47,323,86,2,1,1,4,1,50,5,https://fbref.com/en/players/a0791826/Farid-Boulaya-Farid Boulaya,
5,Pape Matar Sarr,https://fbref.com/en/players/feb5d972/Pape-Matar-Sarr,15,15,sn SEN,CM,18-132,90,74,3,22,47,7,1,74,4,4,100.0,0,0.0,47,290,134,3,2,1,7,1,47,1,https://fbref.com/en/players/feb5d972/Pape-Matar-Sarr-Pape Matar Sarr,
6,Victorien Angban,https://fbref.com/en/players/d8992b84/Victorien-Angban,5,5,ci CIV,CM,24-117,77,35,0,10,22,3,0,35,2,1,50.0,1,50.0,20,83,34,1,0,0,0,0,25,0,https://fbref.com/en/players/d8992b84/Victorien-Angban-Victorien Angban,
7,Mamadou Fofana,https://fbref.com/en/players/4c4ffacc/Mamadou-Fofana,6,6,ml MLI,CM,23-003,13,3,0,1,1,1,1,3,0,0,,0,,0,0,0,0,0,0,0,0,1,0,https://fbref.com/en/players/4c4ffacc/Mamadou-Fofana-Mamadou Fofana,
8,Matthieu Udol,https://fbref.com/en/players/cc41f558/Matthieu-Udol,3,3,fr FRA,WB,24-310,90,43,2,7,22,14,1,43,2,2,100.0,0,0.0,21,112,66,2,0,0,0,1,28,5,https://fbref.com/en/players/cc41f558/Matthieu-Udol-Matthieu Udol,
9,Fabien Centonze,https://fbref.com/en/players/3c6bbbab/Fabien-Centonze,18,18,fr FRA,WB,25-008,90,58,2,16,28,15,0,58,5,2,40.0,3,60.0,38,346,228,8,3,0,1,0,38,4,https://fbref.com/en/players/3c6bbbab/Fabien-Centonze-Fabien Centonze,
10,John Boye,https://fbref.com/en/players/861227d2/John-Boye,21,21,gh GHA,CB,33-276,90,46,8,22,24,0,0,46,0,0,,0,,22,77,30,0,0,0,0,1,24,0,https://fbref.com/en/players/861227d2/John-Boye-John Boye,
11,Boubakar Kouyaté,https://fbref.com/en/players/562a4799/Boubakar-Kouyate,23,23,ml MLI,CB,23-284,90,48,9,29,19,1,0,48,0,0,,0,,22,97,66,0,0,0,0,0,19,0,https://fbref.com/en/players/562a4799/Boubakar-Kouyate-Boubakar Kouyaté,
12,Dylan Bronn,https://fbref.com/en/players/edd81e2a/Dylan-Bronn,2,2,tn TUN,CB,25-219,90,56,11,24,31,2,1,56,2,2,100.0,0,0.0,30,219,161,1,1,1,0,1,25,0,https://fbref.com/en/players/edd81e2a/Dylan-Bronn-Dylan Bronn,
13,Alexandre Oukidja,https://fbref.com/en/players/ae7d0ecd/Alexandre-Oukidja,16,16,dz ALG,GK,32-189,90,30,26,30,0,0,0,30,0,0,,0,,11,70,46,0,0,0,0,0,6,0,https://fbref.com/en/players/ae7d0ecd/Alexandre-Oukidja-Alexandre Oukidja,
