,Player Name,Player Number,Player,#,Nation,Pos,Age,Min,Touches,Def Pen,Def 3rd,Mid 3rd,Att 3rd,Att Pen,Live,Att,Succ,Succ%,Tkld,Tkld%,Carries,TotDist,PrgDist,PrgC,1/3,CPA,Mis,Dis,Rec,PrgR,Player Key,Player Link
0,Kalifa Coulibaly,https://fbref.com/en/players/9980269a/Kalifa-Coulibaly,7,7,ml MLI,FW,29-156,90,31,1,1,7,23,4,31,1,0,0.0,1,100.0,14,55,4,0,0,0,3,2,25,7,https://fbref.com/en/players/9980269a/Kalifa-Coulibaly-Kalifa Coulibaly,
1,Randal Kolo Muani,https://fbref.com/en/players/c0b3669f/Randal-Kolo-Muani,23,23,fr FRA,FW,22-050,45,19,0,0,8,12,2,19,5,0,0.0,5,100.0,10,65,0,0,2,0,2,1,12,1,https://fbref.com/en/players/c0b3669f/Randal-Kolo-Muani-Randal Kolo Muani,
2,Moses Simon,https://fbref.com/en/players/5f3eaaf5/Moses-Simon,27,27,ng NGA,"FW,LM",25-196,45,13,0,1,1,11,4,13,2,1,50.0,1,50.0,9,167,40,2,0,1,1,0,12,4,https://fbref.com/en/players/5f3eaaf5/Moses-Simon-Moses Simon,
3,Ludovic Blas,https://fbref.com/en/players/6191093d/Ludovic-Blas,10,10,fr FRA,LM,23-024,75,38,0,4,25,9,1,38,1,1,100.0,0,0.0,24,182,52,1,0,0,0,2,27,3,https://fbref.com/en/players/6191093d/Ludovic-Blas-Ludovic Blas,
4,Abdoul Kader Bamba,https://fbref.com/en/players/32f3d97e/Abdoul-Kader-Bamba,32,32,fr FRA,"LM,RM",26-244,15,11,0,2,4,5,1,11,1,1,100.0,0,0.0,6,66,35,2,0,0,0,0,6,2,https://fbref.com/en/players/32f3d97e/Abdoul-Kader-Bamba-Abdoul Kader Bamba,
5,Abdoulaye Touré,https://fbref.com/en/players/ef7cd87a/Abdoulaye-Toure,19,19,gn GUI,CM,26-327,87,57,0,9,43,6,1,57,2,1,50.0,1,50.0,47,261,112,1,1,0,1,1,50,3,https://fbref.com/en/players/ef7cd87a/Abdoulaye-Toure-Abdoulaye Touré,
6,Renaud Emond,https://fbref.com/en/players/5c9ac7f0/Renaud-Emond,28,28,be BEL,FW,29-050,3,2,0,0,1,1,0,2,0,0,,0,,1,0,0,0,0,0,0,0,1,1,https://fbref.com/en/players/5c9ac7f0/Renaud-Emond-Renaud Emond,
7,Mehdi Abeid,https://fbref.com/en/players/a4c3f7af/Mehdi-Abeid,8,8,dz ALG,CM,28-171,90,53,0,8,41,7,1,53,5,3,60.0,2,40.0,40,313,150,6,3,1,2,3,42,0,https://fbref.com/en/players/a4c3f7af/Mehdi-Abeid-Mehdi Abeid,
8,Marcus Coco,https://fbref.com/en/players/3010aefb/Marcus-Coco,11,11,fr FRA,"RM,CM",24-214,90,44,1,4,29,12,2,44,1,1,100.0,0,0.0,23,157,66,1,0,0,2,1,24,3,https://fbref.com/en/players/3010aefb/Marcus-Coco-Marcus Coco,
9,Charles Traore,https://fbref.com/en/players/de488e56/Charles-Traore,14,14,ml MLI,LB,29-023,90,50,2,11,27,13,0,50,0,0,,0,,29,211,133,4,2,0,0,1,28,6,https://fbref.com/en/players/de488e56/Charles-Traore-Charles Traore,
10,Nicolas Pallois,https://fbref.com/en/players/779847d6/Nicolas-Pallois,4,4,fr FRA,CB,33-127,90,84,4,28,55,1,1,84,0,0,,0,,56,408,299,2,0,0,0,0,62,0,https://fbref.com/en/players/779847d6/Nicolas-Pallois-Nicolas Pallois,
11,Andrei Girotto,https://fbref.com/en/players/3befc2b6/Andrei-Girotto,3,3,br BRA,CB,28-342,90,86,3,36,48,3,1,86,0,0,,0,,57,277,176,1,0,0,0,0,60,0,https://fbref.com/en/players/3befc2b6/Andrei-Girotto-Andrei Girotto,
12,Sébastien Corchia,https://fbref.com/en/players/0e7ccfc4/Sebastien-Corchia,24,24,fr FRA,RB,30-084,90,81,3,10,39,32,0,81,2,1,50.0,1,50.0,44,143,47,1,1,0,1,2,45,8,https://fbref.com/en/players/0e7ccfc4/Sebastien-Corchia-Sébastien Corchia,
13,Alban Lafont,https://fbref.com/en/players/4e7db402/Alban-Lafont,1,1,fr FRA,GK,22-001,90,32,24,30,2,0,0,32,0,0,,0,,18,69,47,0,0,0,0,0,15,0,https://fbref.com/en/players/4e7db402/Alban-Lafont-Alban Lafont,
