,Player Name,Player Number,Player,#,Nation,Pos,Age,Min,Tkl,TklW,Def 3rd,Mid 3rd,Att 3rd,Tkl,Att,Tkl%,Lost,Blocks,Sh,Pass,Int,Tkl+Int,Clr,Err,Player Key,Player Link
0,Kalifa Coulibaly,https://fbref.com/en/players/9980269a/Kalifa-Coulibaly,7,7,ml MLI,FW,29-156,90,0,0,0,0,0,0,2,0.0,2,0,0,0,0,0,1,0,https://fbref.com/en/players/9980269a/Kalifa-Coulibaly-Kalifa Coulibaly,
1,Randal Kolo Muani,https://fbref.com/en/players/c0b3669f/Randal-Kolo-Muani,23,23,fr FRA,FW,22-050,45,2,2,0,1,1,0,1,0.0,1,1,0,1,0,2,0,0,https://fbref.com/en/players/c0b3669f/Randal-Kolo-Muani-Randal Kolo Muani,
2,Moses Simon,https://fbref.com/en/players/5f3eaaf5/Moses-Simon,27,27,ng NGA,"FW,LM",25-196,45,0,0,0,0,0,0,1,0.0,1,1,0,1,0,0,0,0,https://fbref.com/en/players/5f3eaaf5/Moses-Simon-Moses Simon,
3,Ludovic Blas,https://fbref.com/en/players/6191093d/Ludovic-Blas,10,10,fr FRA,LM,23-024,75,1,0,0,1,0,0,2,0.0,2,1,0,1,0,1,0,0,https://fbref.com/en/players/6191093d/Ludovic-Blas-Ludovic Blas,
4,Abdoul Kader Bamba,https://fbref.com/en/players/32f3d97e/Abdoul-Kader-Bamba,32,32,fr FRA,"LM,RM",26-244,15,1,0,0,1,0,1,1,100.0,0,0,0,0,1,2,0,0,https://fbref.com/en/players/32f3d97e/Abdoul-Kader-Bamba-Abdoul Kader Bamba,
5,Abdoulaye Touré,https://fbref.com/en/players/ef7cd87a/Abdoulaye-Toure,19,19,gn GUI,CM,26-327,87,2,1,1,1,0,0,2,0.0,2,0,0,0,0,2,0,0,https://fbref.com/en/players/ef7cd87a/Abdoulaye-Toure-Abdoulaye Touré,
6,Renaud Emond,https://fbref.com/en/players/5c9ac7f0/Renaud-Emond,28,28,be BEL,FW,29-050,3,0,0,0,0,0,0,0,,0,0,0,0,0,0,0,0,https://fbref.com/en/players/5c9ac7f0/Renaud-Emond-Renaud Emond,
7,Mehdi Abeid,https://fbref.com/en/players/a4c3f7af/Mehdi-Abeid,8,8,dz ALG,CM,28-171,90,3,3,3,0,0,1,3,33.3,2,0,0,0,1,4,0,0,https://fbref.com/en/players/a4c3f7af/Mehdi-Abeid-Mehdi Abeid,
8,Marcus Coco,https://fbref.com/en/players/3010aefb/Marcus-Coco,11,11,fr FRA,"RM,CM",24-214,90,1,1,0,1,0,1,4,25.0,3,1,1,0,1,2,2,0,https://fbref.com/en/players/3010aefb/Marcus-Coco-Marcus Coco,
9,Charles Traore,https://fbref.com/en/players/de488e56/Charles-Traore,14,14,ml MLI,LB,29-023,90,3,2,2,1,0,3,5,60.0,2,1,1,0,0,3,3,0,https://fbref.com/en/players/de488e56/Charles-Traore-Charles Traore,
10,Nicolas Pallois,https://fbref.com/en/players/779847d6/Nicolas-Pallois,4,4,fr FRA,CB,33-127,90,0,0,0,0,0,0,0,,0,1,1,0,1,1,2,0,https://fbref.com/en/players/779847d6/Nicolas-Pallois-Nicolas Pallois,
11,Andrei Girotto,https://fbref.com/en/players/3befc2b6/Andrei-Girotto,3,3,br BRA,CB,28-342,90,3,3,1,2,0,0,3,0.0,3,1,1,0,2,5,1,0,https://fbref.com/en/players/3befc2b6/Andrei-Girotto-Andrei Girotto,
12,Sébastien Corchia,https://fbref.com/en/players/0e7ccfc4/Sebastien-Corchia,24,24,fr FRA,RB,30-084,90,1,0,0,1,0,0,0,,0,2,2,0,1,2,2,0,https://fbref.com/en/players/0e7ccfc4/Sebastien-Corchia-Sébastien Corchia,
13,Alban Lafont,https://fbref.com/en/players/4e7db402/Alban-Lafont,1,1,fr FRA,GK,22-001,90,0,0,0,0,0,0,0,,0,0,0,0,0,0,0,0,https://fbref.com/en/players/4e7db402/Alban-Lafont-Alban Lafont,
