,Minute,Player,Squad,xG,PSxG,Outcome,Distance,Body Part,Notes,SCA 1 Player,SCA 1 Event,SCA 2 Player,SCA 2 Event
0,5,Pape Matar Sarr,Metz,0.04,,Blocked,27,Right Foot,,Pape Matar Sarr,Take-On,Victorien Angban,Pass (Live)
1,5,Vagner Gonçalves,Metz,0.07,,Blocked,4,Head,,Fabien Centonze,Pass (Live),Pape Matar Sarr,Shot
2,6,Farid Boulaya,Metz,0.03,,Blocked,26,Right Foot,Volley,Matthieu Udol,Pass (Live),Vagner Gonçalves,Pass (Live)
3,10,Marcus Coco,Nantes,0.03,,Off Target,31,Right Foot,Volley,,,,
4,12,Vagner Gonçalves,Metz,0.02,,Blocked,31,Right Foot,,Vagner Gonçalves,Take-On,Farid Boulaya,Pass (Live)
5,14,Abdoulaye Touré,Nantes,0.02,,Off Target,31,Right Foot,,Randal Kolo Muani,Pass (Live),,
6,15,Matthieu Udol,Metz,0.02,,Off Target,34,Left Foot,,Farid Boulaya,Pass (Dead),Fabien Centonze,Fouled
7,27,Nicolas Pallois,Nantes,0.09,,Off Target,10,Head,,Sébastien Corchia,Pass (Dead),Kalifa Coulibaly,Pass (Live)
8,30,Sébastien Corchia,Nantes,0.03,,Blocked,25,Right Foot,Volley,Randal Kolo Muani,Pass (Live),,
9,31,Ludovic Blas,Nantes,0.05,,Off Target,20,Right Foot,Volley,Marcus Coco,Pass (Live),Mehdi Abeid,Pass (Live)
10,32,Pape Matar Sarr,Metz,0.02,0.02,Saved,31,Right Foot,Deflected,Matthieu Udol,Pass (Live),Vagner Gonçalves,Pass (Live)
11,35,Aaron Leya Iseka,Metz,0.43,0.93,Goal,11,Right Foot,,Farid Boulaya,Pass (Live),Fabien Centonze,Pass (Live)
12,45+1,Farid Boulaya,Metz,0.01,,Off Target,67,Right Foot,,,,,
13,,,,,,,,,,,,,
14,60,Matthieu Udol,Metz,0.05,0.13,Saved,13,Left Foot,,,,,
15,65,Kalifa Coulibaly,Nantes,0.06,,Off Target,15,Head,,Sébastien Corchia,Pass (Dead),Mehdi Abeid,Fouled
16,72,Farid Boulaya,Metz,0.04,,Off Target,36,Right Foot,Free kick,Lamine Gueye,Fouled,Alexandre Oukidja,Pass (Dead)
17,77,Abdoulaye Touré,Nantes,0.02,,Blocked,30,Right Foot,,Abdoul Kader Bamba,Pass (Live),Moses Simon,Pass (Live)
18,77,Moses Simon,Nantes,0.07,,Off Target,12,Left Foot,,Abdoul Kader Bamba,Pass (Live),Mehdi Abeid,Take-On
19,79,Pape Matar Sarr,Metz,0.05,,Off Target,14,Left Foot,,Pape Matar Sarr,Take-On,Pape Matar Sarr,Pass (Dead)
20,89,Mamadou Fofana,Metz,0.10,,Blocked,11,Left Foot,Volley,Thierry Ambrose,Fouled,Dylan Bronn,Pass (Dead)
21,90+4,Thierry Ambrose,Metz,0.06,,Blocked,21,Left Foot,,Dylan Bronn,Pass (Live),Dylan Bronn,Take-On
22,90+4,Farid Boulaya,Metz,0.03,0.23,Goal,22,Right Foot,,John Boye,Pass (Live),,
