season,injury,from,until,days,missed_games
19/20,Torn muscle fiber,"Jul 3, 2020","Jul 17, 2020",14 days,4
18/19,Knee problems,"Apr 1, 2019","May 9, 2019",38 days,7
18/19,Ankle sprain,"Feb 17, 2019","Mar 9, 2019",20 days,2
18/19,Knee injury,"Aug 1, 2018","Oct 25, 2018",85 days,13
17/18,Tonsillitis,"May 8, 2018","May 18, 2018",10 days,1
17/18,Hamstring injury,"Dec 21, 2017","Jan 11, 2018",21 days,1
17/18,flu,"Nov 28, 2017","Dec 9, 2017",11 days,3
17/18,Knee problems,"Sep 29, 2017","Oct 13, 2017",14 days,3
17/18,muscular problems,"Aug 18, 2017","Sep 4, 2017",17 days,4
16/17,Ankle injury,"Sep 24, 2016","Nov 5, 2016",42 days,9
15/16,unknown injury,"Apr 7, 2016","May 5, 2016",28 days,6
15/16,Hamstring injury,"Feb 9, 2016","Feb 27, 2016",18 days,4
15/16,unknown injury,"Aug 27, 2015","Sep 1, 2015",5 days,-
