season,injury,from,until,days,missed_games
23/24,Muscle injury,"Apr 20, 2024","May 8, 2024",18 days,3
22/23,Groin injury,"Aug 11, 2022","Apr 26, 2023",258 days,34
21/22,Broken hand,"Aug 25, 2021","Sep 11, 2021",17 days,1
19/20,Stomach flu,"Oct 23, 2019","Oct 26, 2019",3 days,1
19/20,Hamstring injury,"Aug 9, 2019","Sep 13, 2019",35 days,8
22/23,Abdominal problems,"Apr 14, 2019","Apr 20, 2019",6 days,1
18/19,Muscle injury,"Jan 18, 2019","Feb 15, 2019",28 days,4
18/19,Overstretching,"Nov 2, 2018","Nov 30, 2018",28 days,6
