season,injury,from,until,days,missed_games
23/24,Broken toe,"Apr 10, 2024","Jun 30, 2024",81 days,8
23/24,Achilles tendon problems,"Dec 17, 2023","Dec 21, 2023",4 days,1
22/23,muscular problems,"Mar 28, 2023","Mar 30, 2023",2 days,-
21/22,Knee problems,"Apr 11, 2022","Apr 21, 2022",10 days,2
21/22,Quarantine,"Jan 6, 2022","Jan 10, 2022",4 days,1
20/21,Ankle injury,"May 17, 2021","May 31, 2021",14 days,3
19/20,Quarantine,"Mar 19, 2020","Apr 2, 2020",14 days,-
19/20,Tendon tear,"Jul 11, 2019","Aug 29, 2019",49 days,9
18/19,Abdominal muscle strain,"Nov 29, 2018","Dec 10, 2018",11 days,2
18/19,minor knock,"Sep 24, 2018","Oct 1, 2018",7 days,6
18/19,muscle stiffness,"Aug 30, 2018","Sep 6, 2018",7 days,2
17/18,Hamstring injury,"Apr 9, 2018","May 24, 2018",45 days,17
17/18,minor knock,"Dec 4, 2017","Dec 14, 2017",10 days,2
17/18,minor knock,"Sep 7, 2017","Sep 11, 2017",4 days,1
16/17,Achilles tendon problems,"Jan 30, 2017","Feb 9, 2017",10 days,2
