season,injury,from,until,days,missed_games
23/24,Foot injury,"May 6, 2024",,62 days,-
23/24,Back problems,"Feb 16, 2024","Mar 10, 2024",23 days,3
23/24,Torn muscle fiber in the adductor area,"Jan 26, 2024","Feb 8, 2024",13 days,2
23/24,Muscle injury,"Nov 23, 2023","Jan 13, 2024",51 days,12
23/24,Right hip flexor problems,"Sep 30, 2023","Oct 16, 2023",16 days,2
21/22,Shoulder injury,"Nov 8, 2021","Mar 12, 2022",124 days,24
20/21,Calf injury,"Nov 3, 2020","Dec 26, 2020",53 days,12
19/20,Groin injury,"Feb 3, 2020","Feb 18, 2020",15 days,2
19/20,Hamstring injury,"Oct 23, 2019","Dec 25, 2019",63 days,14
18/19,Muscle strain,"Mar 10, 2019","May 11, 2019",62 days,13
18/19,Calf injury,"Dec 27, 2018","Jan 12, 2019",16 days,4
18/19,Muscle strain,"Nov 29, 2018","Dec 14, 2018",15 days,4
18/19,Hamstring injury,"Aug 27, 2018","Sep 14, 2018",18 days,4
18/19,Knock,"Jul 26, 2018","Aug 17, 2018",22 days,1
16/17,Hip injury,"Oct 24, 2016","Nov 16, 2017",388 days,69
