season,injury,from,until,days,missed_games
23/24,Shoulder injury,"Apr 17, 2024","Apr 28, 2024",11 days,3
23/24,Shoulder injury,"Dec 4, 2023","Jan 28, 2024",55 days,9
23/24,Groin problems,"Nov 2, 2023","Nov 6, 2023",4 days,1
23/24,Groin problems,"Oct 23, 2023","Oct 27, 2023",4 days,1
23/24,muscular problems,"Aug 25, 2023","Sep 11, 2023",17 days,1
22/23,Mononucleation,"Sep 18, 2022","Nov 3, 2022",46 days,11
21/22,Ankle injury,"Feb 28, 2022","Jul 1, 2022",123 days,14
19/20,Adductor injury,"Mar 2, 2020","Apr 30, 2020",59 days,1
19/20,Groin injury,"Nov 25, 2019","Dec 5, 2019",10 days,2
18/19,Knee problems,"Feb 14, 2019","Mar 18, 2019",32 days,8
18/19,Hamstring strain,"Oct 19, 2018","Nov 19, 2018",31 days,6
17/18,Knee medial ligament tear,"Dec 24, 2017","Feb 21, 2018",59 days,10
15/16,Groin problems,"Apr 4, 2016","Apr 4, 2016",0 days,-
15/16,Hamstring injury,"Dec 7, 2015","Dec 28, 2015",21 days,4
15/16,Groin injury,"Aug 3, 2015","Sep 10, 2015",38 days,4
