season,injury,from,until,days,missed_games
21/22,Knock,"Feb 28, 2022","Mar 14, 2022",14 days,3
21/22,Torn muscle bundle,"Feb 7, 2022","Feb 21, 2022",14 days,3
21/22,Thigh problems,"Dec 20, 2021","Jan 3, 2022",14 days,2
21/22,Thigh problems,"Aug 5, 2021","Aug 16, 2021",11 days,2
20/21,Corona virus,"May 17, 2021","Jun 3, 2021",17 days,2
20/21,Thigh problems,"May 10, 2021","May 13, 2021",3 days,1
20/21,Mononucleation,"Feb 25, 2021","Apr 1, 2021",35 days,6
18/19,Hamstring strain,"May 9, 2019","May 27, 2019",18 days,3
18/19,Knee problems,"Feb 18, 2019","Mar 4, 2019",14 days,3
