season,injury,from,until,days,missed_games
23/24,Hamstring injury,"May 19, 2024","Jun 3, 2024",15 days,2
23/24,Injury to the ankle,"Mar 3, 2024","Mar 8, 2024",5 days,-
23/24,Hamstring injury,"Dec 5, 2023","Jan 8, 2024",34 days,8
23/24,Hip problems,"Sep 1, 2023","Sep 13, 2023",12 days,2
21/22,Muscle injury,"Nov 3, 2021","Jan 31, 2022",89 days,19
18/19,Muscle injury,"Jan 24, 2019","Feb 9, 2019",16 days,3
18/19,Muscle injury,"Nov 20, 2018","Dec 12, 2018",22 days,5
17/18,Muscle injury,"May 3, 2018","May 19, 2018",16 days,4
17/18,Muscle injury,"Feb 26, 2018","Mar 30, 2018",32 days,7
15/16,Hamstring injury,"Feb 2, 2016","Feb 26, 2016",24 days,5
10/11,fatigue fracture,"Apr 12, 2011","May 20, 2011",38 days,6
10/11,Ankle injury,"Nov 1, 2010","Dec 14, 2010",43 days,10
10/11,Ligament injury,"Sep 17, 2010","Sep 28, 2010",11 days,3
09/10,Ankle injury,"Mar 20, 2010","Apr 7, 2010",18 days,4
09/10,Ankle injury,"Jul 29, 2009","Aug 22, 2009",24 days,1
