season,injury,from,until,days,missed_games
23/24,Collateral ligament injury,"Dec 3, 2023","Jan 14, 2024",42 days,2
23/24,Adductor injury,"Oct 11, 2023","Oct 25, 2023",14 days,1
22/23,Fever,"May 3, 2023","May 12, 2023",9 days,2
22/23,Ankle injury,"Dec 23, 2022","Feb 1, 2023",40 days,8
22/23,Broken fibula,"Aug 18, 2022","Nov 30, 2022",104 days,28
20/21,Muscle injury,"May 3, 2021","May 31, 2021",28 days,5
17/18,Injury to the ankle,"Mar 26, 2018","Apr 12, 2018",17 days,3
17/18,Broken finger,"Feb 22, 2018","Mar 1, 2018",7 days,1
16/17,ankle sprain,"Apr 24, 2017","Apr 27, 2017",3 days,-
16/17,Knock,"Feb 27, 2017","Mar 16, 2017",17 days,3
14/15,Foot injury,"Mar 30, 2015","Apr 16, 2015",17 days,5
13/14,Ankle injury,"Jan 27, 2014","Feb 17, 2014",21 days,6
