season,injury,from,until,days,missed_games
23/24,Hip injury,"Feb 18, 2024","Mar 10, 2024",21 days,2
23/24,Hip injury,"Jan 10, 2024","Jan 22, 2024",12 days,3
23/24,Hip bruise,"Dec 4, 2023","Jan 6, 2024",33 days,7
23/24,Achilles tendon contusion,"Nov 5, 2023","Nov 10, 2023",5 days,1
23/24,muscular problems,"Aug 22, 2023","Sep 27, 2023",36 days,7
21/22,muscular problems,"Mar 14, 2022","Apr 13, 2022",30 days,6
20/21,Torn thigh muscle,"Jan 30, 2021","Mar 1, 2021",30 days,8
19/20,unknown injury,"Jun 13, 2020","Jul 2, 2020",19 days,3
19/20,Injury to the ankle,"Feb 12, 2020","Feb 17, 2020",5 days,1
19/20,Hamstring injury,"Jan 9, 2020","Jan 14, 2020",5 days,1
18/19,muscular problems,"Jan 27, 2019","Feb 4, 2019",8 days,2
17/18,Muscle injury,"Nov 6, 2017","Nov 24, 2017",18 days,4
17/18,Muscle fatigue,"Sep 20, 2017","Sep 24, 2017",4 days,1
