season,injury,from,until,days,missed_games
23/24,Torn thigh muscle,"Feb 7, 2024","Mar 7, 2024",29 days,4
23/24,Muscle injury,"Oct 17, 2023","Dec 8, 2023",52 days,11
23/24,Muscle fiber tear,"Jul 17, 2023","Oct 6, 2023",81 days,10
22/23,Muscle injury,"Apr 21, 2023","May 25, 2023",34 days,9
22/23,Torn thigh muscle,"Nov 3, 2022","Apr 2, 2023",150 days,24
22/23,Hamstring injury,"Aug 26, 2022","Sep 19, 2022",24 days,6
21/22,Hamstring strain,"Apr 24, 2022","May 8, 2022",14 days,3
21/22,Groin injury,"Dec 9, 2021","Dec 14, 2021",5 days,2
20/21,Hamstring injury,"Oct 31, 2020","Nov 7, 2020",7 days,1
19/20,Inner ligament injury,"Jun 3, 2020","Jul 3, 2020",30 days,3
19/20,unknown injury,"Dec 14, 2019","Dec 19, 2019",5 days,2
18/19,Groin injury,"Apr 25, 2019","Apr 30, 2019",5 days,2
