season,injury,from,until,days,missed_games
23/24,Foot injury,"Jan 22, 2024","Mar 13, 2024",51 days,8
23/24,Foot injury,"Dec 3, 2023","Jan 8, 2024",36 days,9
23/24,Muscle injury,"Oct 5, 2023","Oct 19, 2023",14 days,1
23/24,Torn muscle fiber in the adductor area,"Sep 21, 2023","Sep 27, 2023",6 days,2
22/23,Hamstring injury,"May 20, 2023","Jun 1, 2023",12 days,3
21/22,Knock,"Apr 18, 2022","Apr 29, 2022",11 days,2
21/22,Pelvic injury,"Jan 6, 2022","Feb 14, 2022",39 days,8
21/22,minor knock,"Dec 16, 2021","Dec 20, 2021",4 days,1
21/22,Nose surgery,"Nov 1, 2021","Nov 18, 2021",17 days,2
21/22,Knock,"Oct 4, 2021","Oct 18, 2021",14 days,-
21/22,minor knock,"Sep 16, 2021","Sep 20, 2021",4 days,1
21/22,Knock,"Aug 12, 2021","Aug 30, 2021",18 days,3
20/21,Hip injury,"Mar 4, 2021","Apr 1, 2021",28 days,4
20/21,Muscle injury,"Dec 3, 2020","Dec 17, 2020",14 days,4
20/21,Tonsillitis,"Sep 17, 2020","Oct 22, 2020",35 days,6
