season,injury,from,until,days,missed_games
22/23,Ankle injury,"Feb 4, 2023","Apr 2, 2023",57 days,12
22/23,ankle sprain,"Dec 10, 2022","Jan 23, 2023",44 days,9
21/22,Knock,"Feb 28, 2022","Apr 4, 2022",35 days,8
19/20,bruise,"Dec 12, 2019","Dec 16, 2019",4 days,1
18/19,minor knock,"Feb 18, 2019","Feb 25, 2019",7 days,1
17/18,Back problems,"Feb 8, 2018","Feb 15, 2018",7 days,2
17/18,minor knock,"Oct 26, 2017","Nov 6, 2017",11 days,3
17/18,Foot injury,"Oct 19, 2017","Oct 23, 2017",4 days,2
15/16,Hamstring injury,"Feb 22, 2016","Mar 10, 2016",17 days,2
14/15,Muscle fatigue,"Mar 5, 2015","Mar 5, 2015",0 days,-
14/15,Thigh problems,"Oct 2, 2014","Nov 3, 2014",32 days,7
10/11,minor knock,"Aug 26, 2010","Sep 2, 2010",7 days,1
