season,injury,from,until,days,missed_games
23/24,Thigh problems,"Oct 31, 2023","Nov 10, 2023",10 days,3
21/22,Calf injury,"Jan 27, 2022","Mar 31, 2022",63 days,10
21/22,muscular problems,"Nov 30, 2021","Dec 15, 2021",15 days,4
21/22,Calf injury,"Jul 26, 2021","Nov 22, 2021",119 days,19
20/21,Tendon irritation,"May 6, 2021","Jul 11, 2021",66 days,-
20/21,Corona virus,"Apr 13, 2021","Apr 22, 2021",9 days,3
20/21,Muscle injury,"Apr 1, 2021","May 4, 2021",33 days,9
20/21,Knock,"Mar 19, 2021","Mar 24, 2021",5 days,1
20/21,Meniscus tear,"Jan 15, 2021","Mar 10, 2021",54 days,10
20/21,stomach problems,"Jan 1, 2021","Jan 8, 2021",7 days,1
20/21,Muscle fiber tear,"Nov 18, 2020","Dec 9, 2020",21 days,6
20/21,Knee problems,"Oct 17, 2020","Oct 23, 2020",6 days,2
19/20,Ankle sprain,"Jan 13, 2020","Jan 25, 2020",12 days,2
18/19,Hamstring injury,"Apr 11, 2019","May 22, 2019",41 days,7
18/19,Adductor pain,"Nov 16, 2018","Nov 19, 2018",3 days,1
