season,injury,from,until,days,missed_games
23/24,Muscle injury,"Nov 23, 2023","Dec 13, 2023",20 days,6
22/23,Achilles tendon contusion,"May 5, 2023","May 17, 2023",12 days,2
21/22,Ankle injury,"Dec 9, 2021","Apr 18, 2022",130 days,24
21/22,Muscle injury,"Nov 22, 2021","Dec 6, 2021",14 days,4
20/21,muscular problems,"Oct 22, 2020","Dec 3, 2020",42 days,9
19/20,muscular problems,"Nov 4, 2019","Nov 7, 2019",3 days,-
18/19,minor knock,"Jan 10, 2019","Jan 17, 2019",7 days,2
18/19,minor knock,"Dec 24, 2018","Dec 27, 2018",3 days,1
17/18,muscular problems,"May 18, 2018","May 27, 2018",9 days,1
16/17,Muscle injury,"Mar 4, 2017","Apr 4, 2017",31 days,6
14/15,minor knock,"Apr 27, 2015","May 4, 2015",7 days,2
14/15,Groin injury,"Oct 1, 2014","Dec 1, 2014",61 days,27
