season,injury,from,until,days,missed_games
23/24,Hamstring injury,"Jan 26, 2024","Feb 21, 2024",26 days,4
23/24,Hamstring injury,"Dec 4, 2023","Jan 2, 2024",29 days,6
23/24,Hamstring injury,"Aug 5, 2023","Oct 6, 2023",62 days,10
22/23,Hamstring injury,"Apr 24, 2023","May 25, 2023",31 days,8
22/23,sprain,"Oct 19, 2022","Nov 3, 2022",15 days,4
21/22,Corona virus,"Jan 3, 2022","Jan 11, 2022",8 days,1
21/22,Shoulder injury,"Nov 25, 2021","Dec 1, 2021",6 days,1
20/21,Fitness,"Feb 1, 2021","Mar 20, 2021",47 days,11
20/21,Torn muscle bundle,"Dec 11, 2020","Jan 31, 2021",51 days,10
20/21,Hamstring injury,"Sep 8, 2020","Nov 7, 2020",60 days,15
