season,injury,from,until,days,missed_games
23/24,Shoulder injury,"Apr 26, 2024","Jun 30, 2024",65 days,6
21/22,Leg injury,"Jul 24, 2021","Sep 13, 2021",51 days,5
19/20,Foot bruise,"Jan 31, 2020","Feb 21, 2020",21 days,4
15/16,Adductor pain,"Apr 17, 2016","Apr 27, 2016",10 days,4
15/16,Adductor pain,"Mar 14, 2016","Apr 15, 2016",32 days,11
14/15,Shoulder injury,"Feb 19, 2015","Mar 9, 2015",18 days,3
14/15,Acromioclavicular joint dislocation,"Sep 1, 2014","Sep 22, 2014",21 days,5
13/14,Shoulder injury,"Jan 30, 2014","Feb 27, 2014",28 days,11
