season,injury,from,until,days,missed_games
23/24,muscular problems,"Feb 9, 2024","Feb 16, 2024",7 days,1
23/24,muscular problems,"Oct 30, 2023","Nov 23, 2023",24 days,3
23/24,muscular problems,"Oct 9, 2023","Oct 23, 2023",14 days,1
22/23,unknown injury,"Mar 23, 2023","Apr 5, 2023",13 days,2
22/23,Knock,"Aug 17, 2022","Aug 31, 2022",14 days,2
20/21,Cruciate ligament tear,"Dec 29, 2020","Oct 28, 2021",303 days,47
19/20,Fitness,"Aug 27, 2019","Sep 19, 2019",23 days,3
18/19,Cruciate ligament tear,"Oct 15, 2018","Aug 26, 2019",315 days,32
17/18,Muscle injury,"Oct 12, 2017","Nov 22, 2017",41 days,6
17/18,Knock,"Sep 4, 2017","Sep 12, 2017",8 days,1
16/17,flu,"Mar 17, 2017","Mar 22, 2017",5 days,2
15/16,Knee problems,"May 16, 2016","May 24, 2016",8 days,1
