season,injury,from,until,days,missed_games
23/24,muscular problems,"Jan 5, 2024","Jan 10, 2024",5 days,1
23/24,muscular problems,"Oct 1, 2023","Oct 3, 2023",2 days,1
21/22,Muscle injury,"Aug 23, 2021","Nov 27, 2021",96 days,17
20/21,Muscle injury,"Mar 15, 2021","Apr 12, 2021",28 days,4
20/21,Muscle injury,"Nov 23, 2020","Dec 20, 2020",27 days,8
20/21,Muscle injury,"Sep 14, 2020","Oct 14, 2020",30 days,4
17/18,Muscle injury,"Mar 26, 2018","Oct 19, 2018",207 days,16
17/18,Muscle injury,"Mar 2, 2018","Mar 16, 2018",14 days,2
16/17,Knee injury,"Mar 31, 2017","Nov 1, 2017",215 days,26
