season,injury,from,until,days,missed_games
23/24,muscular problems,"Feb 1, 2024","Feb 10, 2024",9 days,2
21/22,Corona virus,"Dec 18, 2021","Dec 29, 2021",11 days,1
21/22,Hamstring injury,"Dec 4, 2021","Dec 11, 2021",7 days,1
19/20,Muscle injury,"Jan 1, 2020","Feb 26, 2020",56 days,8
18/19,Broken nose bone,"Apr 24, 2019","May 4, 2019",10 days,1
18/19,Hamstring injury,"Aug 25, 2018","Sep 22, 2018",28 days,5
16/17,Broken leg,"Jan 4, 2017","Mar 4, 2017",59 days,13
12/13,Shin injury,"Sep 4, 2012","Oct 20, 2012",46 days,11
11/12,Shin injury,"Sep 5, 2011","Oct 5, 2011",30 days,5
11/12,Bone inflammation,"Sep 3, 2011","Jan 15, 2012",134 days,24
