season,injury,from,until,days,missed_games
23/24,muscular problems,"Apr 28, 2024","May 9, 2024",11 days,1
23/24,muscular problems,"Apr 19, 2024","Apr 25, 2024",6 days,1
23/24,Stomach flu,"Mar 1, 2024","Mar 5, 2024",4 days,1
19/20,Foot injury,"Jul 5, 2020","Jul 31, 2020",26 days,4
18/19,Hamstring injury,"Mar 10, 2019","Mar 28, 2019",18 days,1
17/18,Ankle injury,"Apr 25, 2018","Jun 25, 2018",61 days,4
15/16,influenza,"Apr 21, 2016","Apr 26, 2016",5 days,1
15/16,Virus,"Nov 4, 2015","Nov 17, 2015",13 days,1
