season,injury,from,until,days,missed_games
23/24,Calf injury,"Jun 12, 2024","Jun 29, 2024",17 days,2
23/24,Ill,"Apr 25, 2024","May 15, 2024",20 days,3
23/24,Knee problems,"Mar 8, 2024","Mar 31, 2024",23 days,4
23/24,Knee problems,"Mar 2, 2024","Mar 6, 2024",4 days,1
22/23,Foot injury,"Apr 10, 2023","Apr 28, 2023",18 days,3
21/22,Adductor injury,"Jun 20, 2022","Feb 20, 2023",245 days,-
21/22,Muscle injury,"Mar 21, 2022","Apr 5, 2022",15 days,2
20/21,Knee problems,"Feb 4, 2021","Feb 8, 2021",4 days,1
18/19,Fitness,"May 9, 2019","May 20, 2019",11 days,2
18/19,Knee problems,"Mar 8, 2019","May 8, 2019",61 days,10
17/18,muscular problems,"Mar 30, 2018","Apr 2, 2018",3 days,1
17/18,Knee problems,"Dec 9, 2017","Dec 31, 2017",22 days,3
17/18,Knee problems,"Oct 26, 2017","Oct 26, 2017",0 days,-
17/18,Knee problems,"Sep 14, 2017","Sep 18, 2017",4 days,1
16/17,Knee problems,"Apr 10, 2017","Apr 20, 2017",10 days,1
