season,injury,from,until,days,missed_games
23/24,unknown injury,"Jun 24, 2024",,14 days,3
22/23,unknown injury,"Mar 15, 2023","Mar 22, 2023",7 days,1
21/22,Muscle injury,"Aug 3, 2021","Aug 31, 2021",28 days,6
20/21,Achilles tendon surgery,"Aug 6, 2020","Oct 22, 2020",77 days,14
20/21,Achilles tendon problems,"Jul 20, 2020","Aug 5, 2020",16 days,2
19/20,Foot injury,"Feb 1, 2020","Jun 30, 2020",150 days,2
18/19,Muscle injury,"Sep 2, 2018","Sep 12, 2018",10 days,2
17/18,Groin injury,"Jul 19, 2017","Nov 24, 2017",128 days,13
16/17,Hip injury,"Apr 6, 2017","Apr 13, 2017",7 days,1
16/17,Knee injury,"Dec 19, 2016","Jan 27, 2017",39 days,6
16/17,Muscle injury,"Sep 23, 2016","Oct 23, 2016",30 days,4
14/15,Dead leg,"Apr 9, 2015","Apr 18, 2015",9 days,1
13/14,Hamstring strain,"Feb 10, 2014","Mar 10, 2014",28 days,6
