season,injury,from,until,days,missed_games
22/23,unknown injury,"May 25, 2023","Jun 2, 2023",8 days,2
20/21,muscular problems,"Apr 28, 2021","May 4, 2021",6 days,2
20/21,muscular problems,"Apr 15, 2021","Apr 17, 2021",2 days,1
19/20,Knee injury,"Jul 5, 2019","Jul 31, 2019",26 days,6
18/19,concussion,"Jul 5, 2018","Jul 10, 2018",5 days,1
16/17,Muscle injury,"Mar 27, 2017","Apr 27, 2017",31 days,4
16/17,Muscle injury,"Jul 27, 2016","Aug 13, 2016",17 days,2
12/13,Hamstring strain,"Apr 10, 2013","May 8, 2013",28 days,6
12/13,Hamstring strain,"Nov 6, 2012","Dec 16, 2012",40 days,9
11/12,Hamstring strain,"Sep 23, 2011","Nov 1, 2011",39 days,7
