season,injury,from,until,days,missed_games
21/22,unknown injury,"Apr 28, 2022","Jul 24, 2022",87 days,4
21/22,Ankle surgery,"Dec 23, 2021","Mar 28, 2022",95 days,17
20/21,Corona virus,"Oct 1, 2020","Oct 19, 2020",18 days,2
17/18,muscular problems,"May 28, 2018","Jun 25, 2018",28 days,-
17/18,Hamstring injury,"Feb 8, 2018","Feb 15, 2018",7 days,2
16/17,Fitness,"Oct 24, 2016","Oct 31, 2016",7 days,2
16/17,Calf injury,"Sep 12, 2016","Oct 24, 2016",42 days,9
11/12,Metatarsal fracture,"May 31, 2012","Aug 20, 2012",81 days,?
