season,injury,from,until,days,missed_games
23/24,Ill,"Oct 30, 2023","Nov 5, 2023",6 days,1
22/23,Ill,"Apr 3, 2023","Apr 6, 2023",3 days,1
22/23,Muscle injury,"Feb 7, 2023","Mar 2, 2023",23 days,7
22/23,muscular problems,"Sep 17, 2022","Sep 30, 2022",13 days,1
19/20,Knee injury,"Dec 2, 2019","Dec 7, 2019",5 days,1
19/20,Knee injury,"Dec 2, 2019","Dec 7, 2019",5 days,1
19/20,Ankle injury,"Aug 5, 2019","Aug 9, 2019",4 days,-
17/18,Hamstring injury,"Nov 25, 2017","Dec 6, 2017",11 days,3
15/16,Groin problems,"Apr 25, 2016","May 5, 2016",10 days,1
15/16,Ankle injury,"Jan 7, 2016","Jan 11, 2016",4 days,-
15/16,Ankle injury,"Nov 5, 2015","Dec 3, 2015",28 days,7
15/16,Ill,"Oct 22, 2015","Oct 26, 2015",4 days,2
15/16,Knee injury,"Aug 31, 2015","Sep 7, 2015",7 days,3
15/16,Strain in the thigh and gluteal muscles,"Aug 10, 2015","Aug 13, 2015",3 days,-
14/15,Groin injury,"Dec 1, 2014","Dec 8, 2014",7 days,1
