season,injury,from,until,days,missed_games
23/24,unknown injury,"Mar 31, 2024","Apr 10, 2024",10 days,2
23/24,Thigh problems,"Nov 30, 2023","Jan 15, 2024",46 days,5
22/23,Knee injury,"May 7, 2023","Jul 22, 2023",76 days,6
22/23,muscular problems,"Mar 8, 2023","Mar 13, 2023",5 days,1
22/23,influenza,"Sep 12, 2022","Sep 16, 2022",4 days,1
22/23,Head injury,"Sep 4, 2022","Sep 6, 2022",2 days,-
21/22,Shoulder injury,"May 18, 2022","Jul 5, 2022",48 days,6
21/22,Shoulder injury,"Feb 3, 2022","Mar 3, 2022",28 days,6
21/22,Corona virus,"Dec 25, 2021","Jan 11, 2022",17 days,2
21/22,Toothache,"Dec 9, 2021","Dec 11, 2021",2 days,1
21/22,Head injury,"Jul 11, 2021","Aug 15, 2021",35 days,5
20/21,Hamstring injury,"Feb 14, 2021","Mar 15, 2021",29 days,7
20/21,Leg injury,"Dec 20, 2020","Dec 23, 2020",3 days,2
19/20,Contracture,"Feb 14, 2020","Feb 18, 2020",4 days,1
19/20,Bruise on ankle,"Oct 16, 2019","Oct 20, 2019",4 days,1
