season,injury,from,until,days,missed_games
23/24,unknown injury,"Apr 1, 2024","Apr 5, 2024",4 days,1
23/24,unknown injury,"Dec 5, 2023","Dec 14, 2023",9 days,2
23/24,unknown injury,"Sep 25, 2023","Oct 1, 2023",6 days,2
22/23,muscular problems,"Jun 2, 2023","Jun 10, 2023",8 days,2
22/23,unknown injury,"Oct 22, 2022","Nov 3, 2022",12 days,2
22/23,Hip bruise,"Oct 14, 2022","Oct 19, 2022",5 days,1
21/22,Intestinal virus,"Apr 24, 2022","Apr 27, 2022",3 days,2
21/22,Fitness,"Jan 20, 2022","Feb 1, 2022",12 days,1
21/22,Pubic bone irritation,"Oct 31, 2021","Jan 19, 2022",80 days,13
21/22,Muscle fatigue,"Sep 12, 2021","Oct 22, 2021",40 days,8
20/21,Muscle fatigue,"Dec 11, 2020","Dec 19, 2020",8 days,2
19/20,Hamstring strain,"Jul 10, 2020","Jul 31, 2020",21 days,6
19/20,Knee problems,"Aug 1, 2019","Aug 24, 2019",23 days,1
18/19,Knock,"Dec 3, 2018","Dec 31, 2018",28 days,3
