season,injury,from,until,days,missed_games
23/24,Thigh problems,"Mar 2, 2024","Mar 11, 2024",9 days,2
23/24,Calf injury,"Jan 17, 2024","Feb 10, 2024",24 days,5
23/24,unknown injury,"Dec 11, 2023","Dec 14, 2023",3 days,1
22/23,Virus,"Mar 23, 2023","Mar 30, 2023",7 days,2
21/22,Calf injury,"May 9, 2022","May 12, 2022",3 days,1
20/21,Corona virus,"Apr 23, 2021","May 6, 2021",13 days,2
20/21,Calf injury,"Feb 14, 2021","Feb 15, 2021",1 days,1
20/21,bruise,"Sep 26, 2020","Sep 29, 2020",3 days,1
18/19,Tendonitis,"Jan 2, 2019","Apr 11, 2019",99 days,16
18/19,Metatarsal fracture,"Aug 31, 2018","Jan 1, 2019",123 days,24
17/18,Hamstring injury,"Mar 25, 2018","Apr 6, 2018",12 days,5
