season,injury,from,until,days,missed_games
23/24,unknown injury,"May 5, 2024","May 11, 2024",6 days,1
22/23,Ankle injury,"Mar 6, 2023","Mar 15, 2023",9 days,1
22/23,Head injury,"Jan 21, 2023","Jan 26, 2023",5 days,2
22/23,Calf injury,"Aug 25, 2022","Oct 17, 2022",53 days,13
21/22,Corona virus,"Mar 31, 2022","Apr 11, 2022",11 days,3
21/22,Inner ligament injury,"Jun 21, 2021","Aug 2, 2021",42 days,1
17/18,Toe injury,"Apr 16, 2018","Jun 7, 2018",52 days,5
17/18,Bruised ribs,"Sep 18, 2017","Sep 28, 2017",10 days,2
15/16,Ankle injury,"Sep 24, 2015","Oct 19, 2015",25 days,6
14/15,Thigh problems,"Sep 22, 2014","Oct 16, 2014",24 days,11
12/13,Capsular injury,"Oct 25, 2012","Dec 3, 2012",39 days,12
12/13,Foot injury,"Oct 1, 2012","Oct 8, 2012",7 days,2
11/12,Ill,"May 3, 2012","May 10, 2012",7 days,2
11/12,Ankle injury,"Mar 22, 2012","Apr 9, 2012",18 days,2
10/11,influenza,"Nov 8, 2010","Nov 18, 2010",10 days,4
