season,injury,from,until,days,missed_games
23/24,Hamstring injury,"Jan 27, 2024",,163 days,18
23/24,Hamstring injury,"Oct 8, 2023","Dec 31, 2023",84 days,13
23/24,Hamstring injury,"Aug 17, 2023","Aug 21, 2023",4 days,1
22/23,Hamstring injury,"Dec 21, 2022","Jan 1, 2023",11 days,2
22/23,Ankle injury,"Aug 21, 2022","Sep 28, 2022",38 days,9
20/21,Thigh problems,"Mar 28, 2021","Apr 9, 2021",12 days,2
20/21,Corona virus,"Feb 16, 2021","Feb 27, 2021",11 days,3
19/20,Knee problems,"Jan 10, 2020","Jan 25, 2020",15 days,3
19/20,Knee problems,"Sep 21, 2019","Sep 26, 2019",5 days,2
18/19,Knee injury,"Sep 1, 2018","Sep 17, 2018",16 days,8
17/18,Meniscus injury,"Apr 5, 2018","Jun 18, 2018",74 days,9
17/18,Knee injury,"Sep 9, 2017","Oct 18, 2017",39 days,12
16/17,Groin injury,"Nov 14, 2016","Dec 1, 2016",17 days,4
14/15,Back injury,"Feb 15, 2015","Aug 30, 2015",196 days,-
