season,injury,from,until,days,missed_games
23/24,unknown injury,"Aug 20, 2023","Aug 27, 2023",7 days,1
21/22,Corona virus,"Jan 3, 2022","Jan 11, 2022",8 days,1
20/21,Shoulder injury,"Jul 17, 2020","Oct 17, 2020",92 days,12
19/20,Hamstring strain,"Dec 27, 2019","Jan 31, 2020",35 days,6
19/20,Hamstring strain,"Dec 5, 2019","Dec 20, 2019",15 days,2
17/18,Hamstring injury,"Oct 28, 2017","Nov 25, 2017",28 days,6
16/17,Ankle injury,"Mar 6, 2017","Apr 13, 2017",38 days,12
14/15,Shoulder injury,"Nov 3, 2014","Jan 1, 2015",59 days,16
13/14,Injury to abdominal muscles,"Sep 30, 2013","Oct 3, 2013",3 days,1
12/13,Shoulder injury,"Mar 28, 2013","Apr 11, 2013",14 days,4
10/11,Thigh problems,"Mar 7, 2011","Mar 31, 2011",24 days,13
