season,injury,from,until,days,missed_games
23/24,Knee injury,"Sep 20, 2023","Nov 2, 2023",43 days,8
22/23,unknown injury,"Apr 2, 2023","Apr 20, 2023",18 days,3
22/23,concussion,"Feb 7, 2023","Feb 15, 2023",8 days,2
21/22,unknown injury,"Feb 17, 2022","Jun 30, 2022",133 days,26
21/22,minor knock,"Sep 16, 2021","Sep 20, 2021",4 days,2
20/21,Fitness,"Dec 17, 2020","Dec 28, 2020",11 days,2
20/21,Capsular injury,"Nov 16, 2020","Dec 17, 2020",31 days,6
19/20,Fitness,"Sep 9, 2019","Dec 30, 2019",112 days,18
18/19,Patellar tendon irritation,"Nov 5, 2018","Sep 9, 2019",308 days,36
