season,injury,from,until,days,missed_games
24/25,Cruciate ligament tear,"Jul 1, 2024","Jan 1, 2025",184 days,17
23/24,Cruciate ligament tear,"Apr 20, 2024","Jun 30, 2024",71 days,-
23/24,unknown injury,"Sep 25, 2023","Sep 28, 2023",3 days,1
22/23,Fitness,"Mar 15, 2023","Mar 21, 2023",6 days,1
22/23,Calf problems,"Feb 10, 2023","Feb 27, 2023",17 days,4
22/23,muscular problems,"Jan 28, 2023","Feb 6, 2023",9 days,3
22/23,unknown injury,"Nov 4, 2022","Nov 10, 2022",6 days,2
22/23,Muscle fatigue,"Oct 22, 2022","Oct 26, 2022",4 days,2
21/22,Muscle injury,"Apr 25, 2022","May 25, 2022",30 days,5
21/22,Hamstring muscle injury,"Mar 18, 2022","Apr 13, 2022",26 days,7
21/22,Corona virus,"Dec 30, 2021","Jan 7, 2022",8 days,2
21/22,Adductor pain,"Dec 17, 2021","Dec 28, 2021",11 days,3
21/22,Lumbago,"Nov 2, 2021","Nov 22, 2021",20 days,5
21/22,ankle sprain,"Sep 7, 2021","Sep 14, 2021",7 days,2
20/21,muscular problems,"Feb 8, 2021","Feb 13, 2021",5 days,2
