season,injury,from,until,days,missed_games
22/23,Ankle injury,"Apr 20, 2023","Apr 28, 2023",8 days,2
22/23,Adductor pain,"Mar 12, 2023","Mar 23, 2023",11 days,3
22/23,Muscle injury,"Oct 12, 2022","Nov 1, 2022",20 days,6
22/23,Appendectomy,"Jul 28, 2022","Aug 30, 2022",33 days,8
21/22,Groin injury,"Apr 18, 2022","Jun 24, 2022",67 days,6
21/22,unknown injury,"Nov 5, 2021","Nov 11, 2021",6 days,1
20/21,Ill,"Apr 2, 2021","Apr 5, 2021",3 days,1
20/21,Knock,"Jan 2, 2021","Jan 30, 2021",28 days,6
20/21,Knock,"Jul 1, 2020","Nov 6, 2020",128 days,13
19/20,Hamstring injury,"Oct 19, 2019","Jan 20, 2020",93 days,16
18/19,Hamstring injury,"May 3, 2019","Sep 22, 2019",142 days,16
18/19,Hamstring injury,"Jan 20, 2019","Feb 24, 2019",35 days,4
