season,injury,from,until,days,missed_games
22/23,Hamstring injury,"Mar 1, 2023","Apr 18, 2023",48 days,6
22/23,Ill,"Feb 2, 2023","Feb 6, 2023",4 days,1
21/22,Thigh problems,"Mar 19, 2022","May 2, 2022",44 days,6
21/22,Fitness,"Feb 8, 2022","Mar 1, 2022",21 days,3
21/22,Corona virus,"Jan 30, 2022","Feb 7, 2022",8 days,2
19/20,Cheekbone surgery,"Feb 9, 2020","Feb 23, 2020",14 days,2
18/19,Fitness,"Mar 18, 2019","Mar 25, 2019",7 days,2
18/19,Torn muscle bundle,"Jan 18, 2019","Mar 17, 2019",58 days,7
17/18,Fitness,"Apr 23, 2018","Apr 25, 2018",2 days,1
17/18,Muscle injury,"Mar 27, 2018","Apr 22, 2018",26 days,6
17/18,muscular problems,"Oct 24, 2017","Oct 31, 2017",7 days,2
16/17,Muscle injury,"Mar 29, 2017","Apr 21, 2017",23 days,3
15/16,Torn muscle fiber,"Feb 8, 2016","Mar 2, 2016",23 days,3
15/16,bruise,"Aug 16, 2015","Aug 20, 2015",4 days,1
