season,injury,from,until,days,missed_games
23/24,Foot injury,"Feb 22, 2024",,137 days,16
23/24,Ankle injury,"Jul 10, 2023","Jan 14, 2024",188 days,46
22/23,Muscle injury,"Jan 1, 2023","Mar 16, 2023",74 days,12
22/23,Knock,"Jul 19, 2022","Jul 26, 2022",7 days,-
21/22,unknown injury,"Apr 1, 2022","May 6, 2022",35 days,4
21/22,Back injury,"Jul 14, 2021","Feb 28, 2022",229 days,27
20/21,Hamstring injury,"Apr 25, 2021","Jun 30, 2021",66 days,5
20/21,Ill,"Mar 3, 2021","Mar 11, 2021",8 days,1
20/21,Knock,"Oct 15, 2020","Oct 26, 2020",11 days,2
20/21,Knee injury,"Aug 3, 2020","Sep 18, 2020",46 days,1
19/20,Knock,"Oct 19, 2019","Nov 7, 2019",19 days,5
