season,injury,from,until,days,missed_games
22/23,Muscle injury,"Nov 6, 2022","Mar 8, 2023",122 days,12
22/23,Knee problems,"Oct 8, 2022","Oct 26, 2022",18 days,4
20/21,Meniscus injury,"Mar 23, 2021","Apr 5, 2021",13 days,1
18/19,unknown injury,"Jul 27, 2018","Aug 17, 2018",21 days,4
17/18,Knee injury,"Mar 23, 2018","Apr 9, 2018",17 days,2
15/16,Groin injury,"Apr 11, 2016","May 1, 2016",20 days,4
13/14,Knee injury,"Mar 17, 2014","May 5, 2014",49 days,9
13/14,Foot injury,"Feb 21, 2014","Feb 27, 2014",6 days,2
13/14,Knee problems,"Oct 7, 2013","Oct 17, 2013",10 days,7
12/13,Broken fibula,"Jul 4, 2012","Dec 6, 2012",155 days,39
