season,injury,from,until,days,missed_games
23/24,Cruciate ligament tear,"Nov 27, 2023",,224 days,23
23/24,Muscle injury,"Sep 18, 2023","Oct 25, 2023",37 days,4
23/24,Hamstring injury,"Aug 10, 2023","Sep 10, 2023",31 days,4
22/23,Knock,"May 14, 2023","May 25, 2023",11 days,2
21/22,Knee injury,"Oct 25, 2021","Nov 10, 2021",16 days,2
21/22,Quarantine,"Sep 10, 2021","Sep 17, 2021",7 days,1
20/21,Corona virus,"Apr 8, 2021","Apr 16, 2021",8 days,1
20/21,Muscle injury,"Feb 27, 2021","Mar 15, 2021",16 days,4
20/21,Muscle injury,"Jan 28, 2021","Feb 22, 2021",25 days,9
20/21,ankle sprain,"Oct 4, 2020","Nov 18, 2020",45 days,5
19/20,Calf injury,"Dec 19, 2019","Jan 10, 2020",22 days,2
18/19,Dead leg,"Apr 15, 2019","Apr 26, 2019",11 days,1
18/19,Dead leg,"Feb 21, 2019","Apr 5, 2019",43 days,6
18/19,Dead leg,"Aug 24, 2018","Oct 1, 2018",38 days,7
17/18,Groin injury,"Oct 2, 2017","Jan 5, 2018",95 days,9
