season,injury,from,until,days,missed_games
23/24,Muscle injury,"Sep 4, 2023","Sep 22, 2023",18 days,1
22/23,Leg injury,"Sep 10, 2022","Oct 28, 2022",48 days,8
21/22,Dead leg,"Apr 15, 2022","Apr 19, 2022",4 days,1
21/22,Dead leg,"Feb 3, 2022","Feb 10, 2022",7 days,1
21/22,Leg injury,"Sep 4, 2021","Sep 26, 2021",22 days,6
20/21,Dead leg,"May 10, 2021","May 31, 2021",21 days,2
20/21,Dead leg,"Apr 6, 2021","Apr 24, 2021",18 days,4
19/20,Dead leg,"Feb 1, 2020","Feb 27, 2020",26 days,4
18/19,Torn lateral knee ligament,"Jul 4, 2018","Oct 17, 2018",105 days,27
16/17,Hamstring injury,"May 13, 2017","Aug 6, 2017",85 days,11
