,Player Name,Player Number,Player,#,Nation,Pos,Age,Min,Touches,Def Pen,Def 3rd,Mid 3rd,Att 3rd,Att Pen,Live,Att,Succ,Succ%,Tkld,Tkld%,Carries,TotDist,PrgDist,PrgC,1/3,CPA,Mis,Dis,Rec,PrgR,Player Key,Player Link
0,Luis Muriel,https://fbref.com/en/players/eb2fe5b6/Luis-Muriel,9,9,co COL,FW,29-198,45,29,0,1,11,18,8,29,4,2,50.0,2,50.0,14,66,32,3,0,3,0,2,18,9,https://fbref.com/en/players/eb2fe5b6/Luis-Muriel-Luis Muriel,
1,Duván Zapata,https://fbref.com/en/players/d3de9af0/Duvan-Zapata,91,91,co COL,FW,29-213,45,25,0,1,6,19,9,25,5,3,60.0,2,40.0,19,122,56,2,0,2,2,1,23,7,https://fbref.com/en/players/d3de9af0/Duvan-Zapata-Duván Zapata,
2,Papu Gómez,https://fbref.com/en/players/6e4df551/Papu-Gomez,10,10,ar ARG,FW,32-259,45,41,0,2,16,23,4,41,1,1,100.0,0,0.0,24,135,74,1,1,0,3,0,30,1,https://fbref.com/en/players/6e4df551/Papu-Gomez-Papu Gómez,
3,Josip Iličić,https://fbref.com/en/players/68252d6d/Josip-Ilicic,72,72,si SVN,AM,32-276,45,50,0,3,12,35,1,50,3,3,100.0,0,0.0,37,285,118,3,3,1,5,0,44,8,https://fbref.com/en/players/68252d6d/Josip-Ilicic-Josip Iličić,
4,Mario Pašalić,https://fbref.com/en/players/e599253a/Mario-Pasalic,88,88,hr CRO,"CM,DM",25-265,90,79,0,10,41,30,3,79,0,0,,0,,41,185,89,1,3,1,3,0,57,5,https://fbref.com/en/players/e599253a/Mario-Pasalic-Mario Pašalić,
5,Remo Freuler,https://fbref.com/en/players/98d2c2c4/Remo-Freuler,11,11,ch SUI,"CM,DM",28-199,90,105,2,18,61,28,0,105,2,1,50.0,1,50.0,53,348,149,3,6,0,1,0,75,5,https://fbref.com/en/players/98d2c2c4/Remo-Freuler-Remo Freuler,
6,Ruslan Malinovskyi,https://fbref.com/en/players/48d5bd33/Ruslan-Malinovskyi,18,18,ua UKR,"DM,AM",27-180,88,69,0,0,25,45,6,69,5,4,80.0,1,20.0,49,343,203,8,5,3,2,1,60,12,https://fbref.com/en/players/48d5bd33/Ruslan-Malinovskyi-Ruslan Malinovskyi,
7,Matteo Pessina,https://fbref.com/en/players/780e3631/Matteo-Pessina,32,32,it ITA,AM,23-193,2,7,0,1,4,2,0,7,0,0,,0,,3,13,1,0,0,0,0,0,5,0,https://fbref.com/en/players/780e3631/Matteo-Pessina-Matteo Pessina,
8,Johan Mojica,https://fbref.com/en/players/608f2092/Johan-Mojica,26,26,co COL,WB,28-071,90,61,5,21,21,19,1,61,2,2,100.0,0,0.0,32,196,60,2,1,0,4,3,35,10,https://fbref.com/en/players/608f2092/Johan-Mojica-Johan Mojica,
9,Hans Hateboer,https://fbref.com/en/players/3b333ac3/Hans-Hateboer,33,33,nl NED,WB,26-296,67,54,0,5,25,24,5,54,1,1,100.0,0,0.0,38,234,159,2,1,0,4,1,48,15,https://fbref.com/en/players/3b333ac3/Hans-Hateboer-Hans Hateboer,
10,Bosko Sutalo,https://fbref.com/en/players/1d0bb7e4/Bosko-Sutalo,4,4,hr CRO,WB,20-304,23,26,1,6,8,12,1,26,1,1,100.0,0,0.0,9,91,81,2,0,0,0,0,18,3,https://fbref.com/en/players/1d0bb7e4/Bosko-Sutalo-Bosko Sutalo,
11,Berat Djimsiti,https://fbref.com/en/players/6eee05f1/Berat-Djimsiti,19,19,al ALB,CB,27-255,90,77,6,30,39,8,0,77,0,0,,0,,29,145,70,2,2,0,0,1,46,2,https://fbref.com/en/players/6eee05f1/Berat-Djimsiti-Berat Djimsiti,
12,Cristian Romero,https://fbref.com/en/players/a3d94a58/Cristian-Romero,17,17,ar ARG,CB,22-187,72,49,4,18,28,3,0,49,0,0,,0,,19,137,55,2,0,0,0,0,25,0,https://fbref.com/en/players/a3d94a58/Cristian-Romero-Cristian Romero,
13,José Luis Palomino,https://fbref.com/en/players/921f6058/Jose-Luis-Palomino,6,6,ar ARG,CB,30-300,18,11,1,3,5,3,0,11,0,0,,0,,4,25,16,0,1,0,0,0,6,0,https://fbref.com/en/players/921f6058/Jose-Luis-Palomino-José Luis Palomino,
14,Rafael Tolói,https://fbref.com/en/players/c56dc39e/Rafael-Toloi,2,2,it ITA,CB,30-021,90,63,4,15,36,12,3,63,0,0,,0,,26,131,98,1,0,1,0,3,45,1,https://fbref.com/en/players/c56dc39e/Rafael-Toloi-Rafael Tolói,
15,Marco Sportiello,https://fbref.com/en/players/ac4003af/Marco-Sportiello,57,57,it ITA,GK,28-174,90,25,23,25,0,0,0,25,0,0,,0,,16,71,59,0,0,0,0,0,15,0,https://fbref.com/en/players/ac4003af/Marco-Sportiello-Marco Sportiello,
