,Player Name,Player Number,Player,#,Nation,Pos,Age,Min,Gls,Ast,PK,PKatt,Sh,SoT,CrdY,CrdR,Touches,Tkl,Int,Blocks,xG,npxG,xAG,SCA,GCA,Cmp,Att,Cmp%,PrgP,Carries,PrgC,Att,Succ,Player Key,Player Link
0,Luis Muriel,https://fbref.com/en/players/eb2fe5b6/Luis-Muriel,9,9,co COL,FW,29-198,45,2,0,0,0,6,4,0,0,29,0,1,1,0.8,0.8,0.0,1,0,11,16,68.8,3,14,3,4,2,https://fbref.com/en/players/eb2fe5b6/Luis-Muriel-Luis Muriel,
1,Duván Zapata,https://fbref.com/en/players/d3de9af0/Duvan-Zapata,91,91,co COL,FW,29-213,45,0,0,0,0,4,0,0,0,25,1,0,0,0.5,0.5,0.1,3,0,14,16,87.5,1,19,2,5,3,https://fbref.com/en/players/d3de9af0/Duvan-Zapata-Duván Zapata,
2,Papu Gómez,https://fbref.com/en/players/6e4df551/Papu-Gomez,10,10,ar ARG,FW,32-259,45,0,0,0,0,2,1,0,0,41,1,1,0,0.8,0.8,0.1,2,0,25,32,78.1,7,24,1,1,1,https://fbref.com/en/players/6e4df551/Papu-Gomez-Papu Gómez,
3,Josip Iličić,https://fbref.com/en/players/68252d6d/Josip-Ilicic,72,72,si SVN,AM,32-276,45,0,0,0,0,1,0,0,0,50,0,0,0,0.0,0.0,0.4,4,0,35,44,79.5,7,37,3,3,3,https://fbref.com/en/players/68252d6d/Josip-Ilicic-Josip Iličić,
4,Mario Pašalić,https://fbref.com/en/players/e599253a/Mario-Pasalic,88,88,hr CRO,"CM,DM",25-265,90,0,0,0,0,0,0,0,0,79,6,1,1,0.0,0.0,0.0,4,1,64,70,91.4,11,41,1,0,0,https://fbref.com/en/players/e599253a/Mario-Pasalic-Mario Pašalić,
5,Remo Freuler,https://fbref.com/en/players/98d2c2c4/Remo-Freuler,11,11,ch SUI,"CM,DM",28-199,90,0,1,0,0,1,0,0,0,105,1,4,2,0.1,0.1,0.1,6,2,83,91,91.2,11,53,3,2,1,https://fbref.com/en/players/98d2c2c4/Remo-Freuler-Remo Freuler,
6,Ruslan Malinovskyi,https://fbref.com/en/players/48d5bd33/Ruslan-Malinovskyi,18,18,ua UKR,"DM,AM",27-180,88,0,1,0,0,3,1,0,0,69,1,2,0,0.4,0.4,1.2,8,1,50,61,82.0,10,49,8,5,4,https://fbref.com/en/players/48d5bd33/Ruslan-Malinovskyi-Ruslan Malinovskyi,
7,Matteo Pessina,https://fbref.com/en/players/780e3631/Matteo-Pessina,32,32,it ITA,AM,23-193,2,0,0,0,0,0,0,0,0,7,0,0,0,0.0,0.0,0.0,1,0,6,7,85.7,1,3,0,0,0,https://fbref.com/en/players/780e3631/Matteo-Pessina-Matteo Pessina,
8,Johan Mojica,https://fbref.com/en/players/608f2092/Johan-Mojica,26,26,co COL,WB,28-071,90,0,0,0,0,1,0,0,0,61,1,3,0,0.0,0.0,0.2,2,0,43,52,82.7,3,32,2,2,2,https://fbref.com/en/players/608f2092/Johan-Mojica-Johan Mojica,
9,Hans Hateboer,https://fbref.com/en/players/3b333ac3/Hans-Hateboer,33,33,nl NED,WB,26-296,67,0,0,0,0,0,0,1,0,54,1,1,0,0.0,0.0,0.1,3,0,38,47,80.9,3,38,2,1,1,https://fbref.com/en/players/3b333ac3/Hans-Hateboer-Hans Hateboer,
10,Bosko Sutalo,https://fbref.com/en/players/1d0bb7e4/Bosko-Sutalo,4,4,hr CRO,WB,20-304,23,0,0,0,0,0,0,0,0,26,2,0,0,0.0,0.0,0.0,1,0,14,24,58.3,2,9,2,1,1,https://fbref.com/en/players/1d0bb7e4/Bosko-Sutalo-Bosko Sutalo,
11,Berat Djimsiti,https://fbref.com/en/players/6eee05f1/Berat-Djimsiti,19,19,al ALB,CB,27-255,90,0,0,0,0,0,0,0,0,77,2,4,1,0.0,0.0,0.0,0,0,60,69,87.0,10,29,2,0,0,https://fbref.com/en/players/6eee05f1/Berat-Djimsiti-Berat Djimsiti,
12,Cristian Romero,https://fbref.com/en/players/a3d94a58/Cristian-Romero,17,17,ar ARG,CB,22-187,72,0,0,0,0,0,0,1,0,49,3,6,0,0.0,0.0,0.0,0,0,35,39,89.7,2,19,2,0,0,https://fbref.com/en/players/a3d94a58/Cristian-Romero-Cristian Romero,
13,José Luis Palomino,https://fbref.com/en/players/921f6058/Jose-Luis-Palomino,6,6,ar ARG,CB,30-300,18,0,0,0,0,0,0,0,0,11,2,0,0,0.0,0.0,0.0,0,0,7,9,77.8,0,4,0,0,0,https://fbref.com/en/players/921f6058/Jose-Luis-Palomino-José Luis Palomino,
14,Rafael Tolói,https://fbref.com/en/players/c56dc39e/Rafael-Toloi,2,2,it ITA,CB,30-021,90,0,0,0,0,1,0,1,0,63,1,1,1,0.1,0.1,0.1,1,0,48,57,84.2,7,26,1,0,0,https://fbref.com/en/players/c56dc39e/Rafael-Toloi-Rafael Tolói,
15,Marco Sportiello,https://fbref.com/en/players/ac4003af/Marco-Sportiello,57,57,it ITA,GK,28-174,90,0,0,0,0,0,0,0,0,25,0,0,0,0.0,0.0,0.0,0,0,21,25,84.0,0,16,0,0,0,https://fbref.com/en/players/ac4003af/Marco-Sportiello-Marco Sportiello,
