,Player Name,Player Number,Player,#,Nation,Pos,Age,Min,Att,Live,Dead,FK,TB,Sw,Crs,TI,CK,In,Out,Str,Cmp,Off,Blocks,Player Key,Player Link
0,Simeon Nwankwo,https://fbref.com/en/players/80dbbd10/Simeon-Nwankwo,25,25,ng NGA,FW,28-177,90,20,17,3,0,0,0,0,0,0,0,0,0,17,0,0,https://fbref.com/en/players/80dbbd10/Simeon-Nwankwo-Simeon Nwankwo,
1,Junior Messias,https://fbref.com/en/players/f49c4ae9/Junior-Messias,30,30,br BRA,FW,29-171,90,19,16,2,0,0,0,1,1,1,1,0,0,10,1,1,https://fbref.com/en/players/f49c4ae9/Junior-Messias-Junior Messias,
2,Miloš Vulić,https://fbref.com/en/players/5944af8f/Milos-Vulic,77,77,rs SRB,CM,24-073,90,45,39,6,5,0,0,1,1,0,0,0,0,28,0,2,https://fbref.com/en/players/5944af8f/Milos-Vulic-Miloš Vulić,
3,Ahmad Benali,https://fbref.com/en/players/a128b07e/Ahmad-Benali,10,10,ly LBY,CM,28-267,90,78,71,7,6,0,1,0,1,0,0,0,0,68,0,0,https://fbref.com/en/players/a128b07e/Ahmad-Benali-Ahmad Benali,
4,Niccolò Zanellato,https://fbref.com/en/players/741e058f/Niccolo-Zanellato,21,21,it ITA,CM,22-129,77,33,31,1,1,0,0,0,0,0,0,0,0,26,1,0,https://fbref.com/en/players/741e058f/Niccolo-Zanellato-Niccolò Zanellato,
5,Luca Siligardi,https://fbref.com/en/players/1cac99dc/Luca-Siligardi,28,28,it ITA,CM,32-279,13,6,6,0,0,0,0,0,0,0,0,0,0,4,0,0,https://fbref.com/en/players/1cac99dc/Luca-Siligardi-Luca Siligardi,
6,Arkadiusz Reca,https://fbref.com/en/players/6213fd82/Arkadiusz-Reca,69,69,pl POL,WB,25-136,90,32,27,5,1,0,1,1,4,0,0,0,0,24,0,0,https://fbref.com/en/players/6213fd82/Arkadiusz-Reca-Arkadiusz Reca,
7,Pedro Pereira,https://fbref.com/en/players/c77be0cf/Pedro-Pereira,32,32,pt POR,WB,22-283,77,28,20,8,0,0,0,1,8,0,0,0,0,18,0,1,https://fbref.com/en/players/c77be0cf/Pedro-Pereira-Pedro Pereira,
8,Andrea Rispoli,https://fbref.com/en/players/39ee6cb6/Andrea-Rispoli,33,33,it ITA,WB,32-032,13,5,5,0,0,0,0,0,0,0,0,0,0,4,0,0,https://fbref.com/en/players/39ee6cb6/Andrea-Rispoli-Andrea Rispoli,
9,Sebastiano Luperto,https://fbref.com/en/players/997fff07/Sebastiano-Luperto,13,13,it ITA,CB,24-055,90,59,55,4,4,0,0,0,0,0,0,0,0,46,0,0,https://fbref.com/en/players/997fff07/Sebastiano-Luperto-Sebastiano Luperto,
10,Luca Marrone,https://fbref.com/en/players/ea468ea8/Luca-Marrone,34,34,it ITA,CB,30-217,90,43,40,3,3,0,0,0,0,0,0,0,0,32,0,0,https://fbref.com/en/players/ea468ea8/Luca-Marrone-Luca Marrone,
11,Lisandro Magallán,https://fbref.com/en/players/01a49bd2/Lisandro-Magallan,6,6,ar ARG,CB,27-034,90,42,40,2,0,0,0,0,2,0,0,0,0,37,0,0,https://fbref.com/en/players/01a49bd2/Lisandro-Magallan-Lisandro Magallán,
12,Alex Cordaz,https://fbref.com/en/players/e66ebabb/Alex-Cordaz,1,1,it ITA,GK,37-304,90,61,40,21,3,0,0,0,0,0,0,0,0,50,0,0,https://fbref.com/en/players/e66ebabb/Alex-Cordaz-Alex Cordaz,
