,Player Name,Player Number,Player,#,Nation,Pos,Age,Min,Touches,Def Pen,Def 3rd,Mid 3rd,Att 3rd,Att Pen,Live,Att,Succ,Succ%,Tkld,Tkld%,Carries,TotDist,PrgDist,PrgC,1/3,CPA,Mis,Dis,Rec,PrgR,Player Key,Player Link
0,Simeon Nwankwo,https://fbref.com/en/players/80dbbd10/Simeon-Nwankwo,25,25,ng NGA,FW,28-177,90,33,0,5,19,9,3,33,3,1,33.3,2,66.7,23,91,11,0,0,0,5,5,26,3,https://fbref.com/en/players/80dbbd10/Simeon-Nwankwo-Simeon Nwankwo,
1,Junior Messias,https://fbref.com/en/players/f49c4ae9/Junior-Messias,30,30,br BRA,FW,29-171,90,37,1,6,19,14,1,37,6,5,83.3,1,16.7,26,205,119,2,3,0,4,1,23,3,https://fbref.com/en/players/f49c4ae9/Junior-Messias-Junior Messias,
2,Miloš Vulić,https://fbref.com/en/players/5944af8f/Milos-Vulic,77,77,rs SRB,CM,24-073,90,52,0,8,30,14,1,52,2,0,0.0,2,100.0,43,255,86,2,1,0,1,1,43,3,https://fbref.com/en/players/5944af8f/Milos-Vulic-Miloš Vulić,
3,Ahmad Benali,https://fbref.com/en/players/a128b07e/Ahmad-Benali,10,10,ly LBY,CM,28-267,90,92,6,40,46,6,0,92,2,0,0.0,2,100.0,55,227,73,0,0,0,2,0,59,1,https://fbref.com/en/players/a128b07e/Ahmad-Benali-Ahmad Benali,
4,Niccolò Zanellato,https://fbref.com/en/players/741e058f/Niccolo-Zanellato,21,21,it ITA,CM,22-129,77,37,1,11,22,6,1,37,0,0,,0,,22,100,45,0,0,0,0,0,25,1,https://fbref.com/en/players/741e058f/Niccolo-Zanellato-Niccolò Zanellato,
5,Luca Siligardi,https://fbref.com/en/players/1cac99dc/Luca-Siligardi,28,28,it ITA,CM,32-279,13,7,0,0,1,6,0,7,0,0,,0,,5,10,2,0,1,0,1,1,6,1,https://fbref.com/en/players/1cac99dc/Luca-Siligardi-Luca Siligardi,
6,Arkadiusz Reca,https://fbref.com/en/players/6213fd82/Arkadiusz-Reca,69,69,pl POL,WB,25-136,90,48,8,24,16,9,0,48,3,1,33.3,2,66.7,30,237,106,3,2,0,2,2,25,3,https://fbref.com/en/players/6213fd82/Arkadiusz-Reca-Arkadiusz Reca,
7,Pedro Pereira,https://fbref.com/en/players/c77be0cf/Pedro-Pereira,32,32,pt POR,WB,22-283,77,33,1,6,14,14,0,33,1,1,100.0,0,0.0,14,52,10,0,2,0,2,2,13,4,https://fbref.com/en/players/c77be0cf/Pedro-Pereira-Pedro Pereira,
8,Andrea Rispoli,https://fbref.com/en/players/39ee6cb6/Andrea-Rispoli,33,33,it ITA,WB,32-032,13,8,1,2,5,1,0,8,0,0,,0,,3,6,2,0,0,0,0,0,3,2,https://fbref.com/en/players/39ee6cb6/Andrea-Rispoli-Andrea Rispoli,
9,Sebastiano Luperto,https://fbref.com/en/players/997fff07/Sebastiano-Luperto,13,13,it ITA,CB,24-055,90,66,20,47,18,1,0,66,0,0,,0,,41,144,38,0,0,0,2,1,40,0,https://fbref.com/en/players/997fff07/Sebastiano-Luperto-Sebastiano Luperto,
10,Luca Marrone,https://fbref.com/en/players/ea468ea8/Luca-Marrone,34,34,it ITA,CB,30-217,90,55,16,43,12,0,0,55,0,0,,0,,27,87,22,0,0,0,0,0,30,0,https://fbref.com/en/players/ea468ea8/Luca-Marrone-Luca Marrone,
11,Lisandro Magallán,https://fbref.com/en/players/01a49bd2/Lisandro-Magallan,6,6,ar ARG,CB,27-034,90,54,6,30,22,2,0,54,0,0,,0,,34,106,25,0,0,0,1,0,32,0,https://fbref.com/en/players/01a49bd2/Lisandro-Magallan-Lisandro Magallán,
12,Alex Cordaz,https://fbref.com/en/players/e66ebabb/Alex-Cordaz,1,1,it ITA,GK,37-304,90,65,58,65,0,0,0,65,0,0,,0,,38,144,78,0,0,0,0,0,36,0,https://fbref.com/en/players/e66ebabb/Alex-Cordaz-Alex Cordaz,
