,Minute,Player,Squad,xG,PSxG,Outcome,Distance,Body Part,Notes,SCA 1 Player,SCA 1 Event,SCA 2 Player,SCA 2 Event
0,5,Luis Muriel,Atalanta,0.07,,Off Target,15,Right Foot,,Rafael Tolói,Pass (Live),Hans Hateboer,Pass (Live)
1,7,Arkadiusz Reca,Crotone,0.05,,Off Target,23,Left Foot,,Arkadiusz Reca,Take-On,Sebastiano Luperto,Pass (Live)
2,8,Luis Muriel,Atalanta,0.53,0.95,Saved,10,Right Foot,,Luis Muriel,Take-On,Ruslan Malinovskyi,Pass (Live)
3,22,Luis Muriel,Atalanta,0.05,,Blocked,13,Left Foot,,Ruslan Malinovskyi,Pass (Live),Remo Freuler,Interception
4,26,Luis Muriel,Atalanta,0.06,0.26,Goal,17,Right Foot,,Ruslan Malinovskyi,Pass (Live),Mario Pašalić,Pass (Live)
5,28,Ruslan Malinovskyi,Atalanta,0.05,,Off Target,15,Left Foot,,Mario Pašalić,Pass (Live),Mario Pašalić,Tackle
6,31,Papu Gómez,Atalanta,0.22,,Off Target,6,Other,,Johan Mojica,Pass (Live),Mario Pašalić,Pass (Live)
7,31,Papu Gómez,Atalanta,0.80,0.92,Saved,4,Left Foot,,Papu Gómez,Shot,,
8,36,Luis Muriel,Atalanta,0.08,0.04,Saved,12,Left Foot,,Papu Gómez,Pass (Live),Remo Freuler,Pass (Live)
9,38,Luis Muriel,Atalanta,0.06,0.38,Goal,18,Right Foot,,Remo Freuler,Pass (Live),Remo Freuler,Interception
10,40,Simeon Nwankwo,Crotone,0.32,0.24,Goal,9,Right Foot,,,,,
11,,,,,,,,,,,,,
12,51,Duván Zapata,Atalanta,0.28,,Blocked,13,Left Foot,,Ruslan Malinovskyi,Pass (Live),Hans Hateboer,Pass (Live)
13,54,Junior Messias,Crotone,0.02,,Off Target,33,Left Foot,,,,,
14,67,Ruslan Malinovskyi,Atalanta,0.06,,Off Target,11,Head,,Hans Hateboer,Pass (Live),Duván Zapata,Pass (Live)
15,72,Ruslan Malinovskyi,Atalanta,0.33,0.25,Saved,13,Left Foot,,Josip Iličić,Pass (Live),Josip Iličić,Pass (Live)
16,75,Josip Iličić,Atalanta,0.03,,Off Target,25,Left Foot,,Bosko Sutalo,Pass (Live),Remo Freuler,Pass (Live)
17,80,Miloš Vulić,Crotone,0.03,,Blocked,26,Right Foot,,Luca Siligardi,Pass (Live),Miloš Vulić,Pass (Live)
18,80,Simeon Nwankwo,Crotone,0.12,,Off Target,8,Right Foot,Volley,Arkadiusz Reca,Pass (Live),Luca Siligardi,Pass (Live)
19,82,Duván Zapata,Atalanta,0.07,,Off Target,16,Right Foot,,Ruslan Malinovskyi,Pass (Live),Ruslan Malinovskyi,Take-On
20,83,Duván Zapata,Atalanta,0.10,,Off Target,8,Head,,Ruslan Malinovskyi,Pass (Live),Remo Freuler,Pass (Live)
21,84,Remo Freuler,Atalanta,0.07,,Off Target,22,Left Foot,Volley,Duván Zapata,Pass (Live),Josip Iličić,Pass (Live)
22,85,Duván Zapata,Atalanta,0.07,,Off Target,16,Right Foot,,Ruslan Malinovskyi,Pass (Live),Duván Zapata,Pass (Live)
23,86,Rafael Tolói,Atalanta,0.05,,Off Target,13,Right Foot,,Josip Iličić,Pass (Live),,
24,90+3,Johan Mojica,Atalanta,0.03,,Off Target,18,Left Foot,,Matteo Pessina,Pass (Live),Johan Mojica,Pass (Live)
25,90+4,Junior Messias,Crotone,0.02,,Blocked,30,Left Foot,,Luca Siligardi,Pass (Live),Miloš Vulić,Pass (Dead)
