season,injury,from,until,days,missed_games
23/24,unknown injury,"May 1, 2024",,68 days,5
22/23,Cruciate ligament tear,"Jun 7, 2023","Dec 11, 2023",187 days,32
21/22,Adductor pain,"Jan 30, 2022","Apr 15, 2022",75 days,14
19/20,Ankle injury,"Jul 24, 2019","Aug 31, 2019",38 days,7
18/19,Nose injury,"Jun 22, 2019","Jun 23, 2019",1 days,-
13/14,Knee surgery,"Sep 6, 2013","May 5, 2014",241 days,52
13/14,Knee problems,"Aug 14, 2013","Sep 2, 2013",19 days,4
12/13,Cruciate ligament surgery,"Dec 4, 2012","May 2, 2013",149 days,31
