season,injury,from,until,days,missed_games
23/24,Fitness,"May 1, 2024","May 25, 2024",24 days,4
23/24,unknown injury,"Mar 3, 2024","May 1, 2024",59 days,12
21/22,Thigh problems,"May 12, 2022","May 25, 2022",13 days,3
20/21,Muscle injury,"Feb 11, 2021","Mar 1, 2021",18 days,4
20/21,muscular problems,"Jan 26, 2021","Feb 6, 2021",11 days,3
20/21,Hamstring injury,"Oct 27, 2020","Nov 21, 2020",25 days,6
19/20,Ankle injury,"Nov 28, 2019","Jan 18, 2020",51 days,13
18/19,Head injury,"Apr 22, 2019","May 3, 2019",11 days,2
18/19,Hamstring injury,"Jan 20, 2019","Jan 29, 2019",9 days,-
18/19,Ill,"Aug 9, 2018","Aug 11, 2018",2 days,-
