season,injury,from,until,days,missed_games
23/24,ankle sprain,"May 8, 2024","May 13, 2024",5 days,1
22/23,Back injury,"Apr 12, 2023","Apr 29, 2023",17 days,2
22/23,Back injury,"Apr 12, 2023","Apr 29, 2023",17 days,2
22/23,Muscle injury,"Oct 8, 2022","Oct 26, 2022",18 days,6
20/21,Ankle sprain,"Mar 18, 2021","Apr 18, 2021",31 days,6
20/21,Corona virus,"Jan 12, 2021","Jan 26, 2021",14 days,4
19/20,Hamstring injury,"Jan 2, 2020","Jan 7, 2020",5 days,1
18/19,unknown injury,"Oct 25, 2018","Nov 27, 2018",33 days,8
