season,injury,from,until,days,missed_games
23/24,Fitness,"May 1, 2024","May 25, 2024",24 days,4
23/24,Muscle tear,"Apr 13, 2024","May 1, 2024",18 days,3
23/24,Muscle tear,"Dec 12, 2023","Feb 28, 2024",78 days,10
21/22,Knee injury,"Mar 26, 2022","Apr 9, 2022",14 days,2
21/22,Thigh problems,"Aug 26, 2021","Aug 29, 2021",3 days,1
20/21,Ankle surgery,"Jan 16, 2021","May 7, 2021",111 days,22
20/21,Ankle injury,"Nov 26, 2020","Nov 30, 2020",4 days,1
20/21,Corona virus,"Nov 9, 2020","Nov 23, 2020",14 days,4
20/21,Quarantine,"Oct 27, 2020","Oct 31, 2020",4 days,1
20/21,Ankle injury,"Sep 12, 2020","Oct 19, 2020",37 days,7
19/20,Calf injury,"Jun 13, 2020","Jul 6, 2020",23 days,4
19/20,muscular problems,"Feb 1, 2020","Feb 4, 2020",3 days,1
19/20,Ankle injury,"Sep 11, 2019","Sep 17, 2019",6 days,1
18/19,Muscle injury,"May 20, 2019","Jun 16, 2019",27 days,4
18/19,Hamstring injury,"Feb 16, 2019","Feb 25, 2019",9 days,2
