,Player Name,Player Number,Player,#,Nation,Pos,Age,Min,Gls,Ast,PK,PKatt,Sh,SoT,CrdY,CrdR,Touches,Tkl,Int,Blocks,xG,npxG,xAG,SCA,GCA,Cmp,Att,Cmp%,PrgP,Carries,PrgC,Att,Succ,Player Key,Player Link
0,Luis Muriel,https://fbref.com/en/players/eb2fe5b6/Luis-Muriel,9,9,co COL,FW,29-318,58,0,1,0,0,1,1,0,0,32,1,0,0,0.0,0.0,0.2,4,1,17,27,63.0,2,21,0,3,2,https://fbref.com/en/players/eb2fe5b6/Luis-Muriel-Luis Muriel,
1,Josip Iličić,https://fbref.com/en/players/68252d6d/Josip-Ilicic,72,72,si SVN,FW,33-030,32,0,0,0,0,2,1,0,0,31,0,0,0,0.1,0.1,0.3,5,1,19,22,86.4,4,24,3,2,2,https://fbref.com/en/players/68252d6d/Josip-Ilicic-Josip Iličić,
2,Ruslan Malinovskyi,https://fbref.com/en/players/48d5bd33/Ruslan-Malinovskyi,18,18,ua UKR,FW,27-300,82,1,0,0,0,3,2,0,0,56,0,0,0,0.1,0.1,0.2,2,0,33,43,76.7,3,43,9,2,1,https://fbref.com/en/players/48d5bd33/Ruslan-Malinovskyi-Ruslan Malinovskyi,
3,Aleksei Miranchuk,https://fbref.com/en/players/a9aa0d1d/Aleksei-Miranchuk,59,59,ru RUS,FW,25-134,8,0,0,0,0,0,0,0,0,10,0,0,0,0.0,0.0,0.0,0,0,7,9,77.8,1,6,0,0,0,https://fbref.com/en/players/a9aa0d1d/Aleksei-Miranchuk-Aleksei Miranchuk,
4,Marten de Roon,https://fbref.com/en/players/2a1beb34/Marten-de-Roon,15,15,nl NED,CM,29-336,90,0,0,0,0,1,0,1,0,73,1,2,0,0.0,0.0,0.0,0,0,58,67,86.6,4,40,0,0,0,https://fbref.com/en/players/2a1beb34/Marten-de-Roon-Marten de Roon,
5,Mario Pašalić,https://fbref.com/en/players/e599253a/Mario-Pasalic,88,88,hr CRO,CM,26-019,58,0,0,0,0,2,0,0,0,41,2,1,2,0.1,0.1,0.0,3,0,24,31,77.4,2,30,4,4,3,https://fbref.com/en/players/e599253a/Mario-Pasalic-Mario Pašalić,
6,Matteo Pessina,https://fbref.com/en/players/780e3631/Matteo-Pessina,32,32,it ITA,CM,23-313,32,0,0,0,0,2,2,0,0,25,1,0,0,0.1,0.1,0.0,1,0,13,17,76.5,1,20,0,4,2,https://fbref.com/en/players/780e3631/Matteo-Pessina-Matteo Pessina,
7,Remo Freuler,https://fbref.com/en/players/98d2c2c4/Remo-Freuler,11,11,ch SUI,CM,28-319,90,0,0,0,0,1,0,1,0,73,2,0,2,0.1,0.1,0.1,4,0,52,60,86.7,7,48,0,4,3,https://fbref.com/en/players/98d2c2c4/Remo-Freuler-Remo Freuler,
8,Robin Gosens,https://fbref.com/en/players/2d970560/Robin-Gosens,8,8,de GER,WB,26-238,90,1,0,0,0,4,2,0,0,84,3,0,3,0.7,0.7,0.0,2,0,47,63,74.6,3,41,2,1,1,https://fbref.com/en/players/2d970560/Robin-Gosens-Robin Gosens,
9,Joakim Mæhle,https://fbref.com/en/players/c459a650/Joakim-Maehle,3,3,dk DEN,WB,23-284,90,0,1,0,0,2,0,0,0,84,3,1,0,0.1,0.1,0.6,3,1,46,71,64.8,4,43,1,3,2,https://fbref.com/en/players/c459a650/Joakim-Maehle-Joakim Mæhle,
10,Rafael Tolói,https://fbref.com/en/players/c56dc39e/Rafael-Toloi,2,2,it ITA,CB,30-141,90,0,0,0,0,2,0,1,0,81,2,3,2,0.2,0.2,0.0,6,0,58,65,89.2,4,58,1,2,1,https://fbref.com/en/players/c56dc39e/Rafael-Toloi-Rafael Tolói,
11,José Luis Palomino,https://fbref.com/en/players/921f6058/Jose-Luis-Palomino,6,6,ar ARG,CB,31-054,90,0,0,0,0,0,0,0,0,76,2,2,1,0.0,0.0,0.0,2,1,50,69,72.5,4,44,0,0,0,https://fbref.com/en/players/921f6058/Jose-Luis-Palomino-José Luis Palomino,
12,Cristian Romero,https://fbref.com/en/players/a3d94a58/Cristian-Romero,17,17,ar ARG,CB,22-307,90,0,0,0,0,0,0,0,0,66,2,2,1,0.0,0.0,0.0,1,0,52,58,89.7,0,47,1,3,2,https://fbref.com/en/players/a3d94a58/Cristian-Romero-Cristian Romero,
13,Marco Sportiello,https://fbref.com/en/players/ac4003af/Marco-Sportiello,57,57,it ITA,GK,28-294,90,0,0,0,0,0,0,0,0,41,0,0,0,0.0,0.0,0.0,0,0,32,38,84.2,0,29,0,0,0,https://fbref.com/en/players/ac4003af/Marco-Sportiello-Marco Sportiello,
