,Player Name,Player Number,Player,#,Nation,Pos,Age,Min,Touches,Def Pen,Def 3rd,Mid 3rd,Att 3rd,Att Pen,Live,Att,Succ,Succ%,Tkld,Tkld%,Carries,TotDist,PrgDist,PrgC,1/3,CPA,Mis,Dis,Rec,PrgR,Player Key,Player Link
0,Luis Muriel,https://fbref.com/en/players/eb2fe5b6/Luis-Muriel,9,9,co COL,FW,29-318,58,32,0,2,12,18,3,32,3,2,66.7,1,33.3,21,82,21,0,0,0,0,3,27,5,https://fbref.com/en/players/eb2fe5b6/Luis-Muriel-Luis Muriel,
1,Josip Iličić,https://fbref.com/en/players/68252d6d/Josip-Ilicic,72,72,si SVN,FW,33-030,32,31,0,0,16,15,2,31,2,2,100.0,0,0.0,24,138,61,3,3,1,5,3,25,2,https://fbref.com/en/players/68252d6d/Josip-Ilicic-Josip Iličić,
2,Ruslan Malinovskyi,https://fbref.com/en/players/48d5bd33/Ruslan-Malinovskyi,18,18,ua UKR,FW,27-300,82,56,0,7,24,27,4,56,2,1,50.0,1,50.0,43,269,187,9,3,2,5,1,47,5,https://fbref.com/en/players/48d5bd33/Ruslan-Malinovskyi-Ruslan Malinovskyi,
3,Aleksei Miranchuk,https://fbref.com/en/players/a9aa0d1d/Aleksei-Miranchuk,59,59,ru RUS,FW,25-134,8,10,0,2,5,3,0,10,0,0,,0,,6,9,3,0,0,0,0,2,7,1,https://fbref.com/en/players/a9aa0d1d/Aleksei-Miranchuk-Aleksei Miranchuk,
4,Marten de Roon,https://fbref.com/en/players/2a1beb34/Marten-de-Roon,15,15,nl NED,CM,29-336,90,73,3,20,43,10,1,73,0,0,,0,,40,87,40,0,1,0,0,0,45,0,https://fbref.com/en/players/2a1beb34/Marten-de-Roon-Marten de Roon,
5,Mario Pašalić,https://fbref.com/en/players/e599253a/Mario-Pasalic,88,88,hr CRO,CM,26-019,58,41,2,5,24,14,5,41,4,3,75.0,1,25.0,30,184,86,4,1,3,1,0,30,6,https://fbref.com/en/players/e599253a/Mario-Pasalic-Mario Pašalić,
6,Matteo Pessina,https://fbref.com/en/players/780e3631/Matteo-Pessina,32,32,it ITA,CM,23-313,32,25,0,4,12,9,2,25,4,2,50.0,2,50.0,20,79,12,0,1,0,2,0,22,4,https://fbref.com/en/players/780e3631/Matteo-Pessina-Matteo Pessina,
7,Remo Freuler,https://fbref.com/en/players/98d2c2c4/Remo-Freuler,11,11,ch SUI,CM,28-319,90,73,4,18,37,18,2,73,4,3,75.0,1,25.0,48,166,89,0,0,0,1,3,48,3,https://fbref.com/en/players/98d2c2c4/Remo-Freuler-Remo Freuler,
8,Robin Gosens,https://fbref.com/en/players/2d970560/Robin-Gosens,8,8,de GER,WB,26-238,90,84,2,21,42,22,7,84,1,1,100.0,0,0.0,41,156,77,2,3,1,4,0,48,5,https://fbref.com/en/players/2d970560/Robin-Gosens-Robin Gosens,
9,Joakim Mæhle,https://fbref.com/en/players/c459a650/Joakim-Maehle,3,3,dk DEN,WB,23-284,90,84,2,31,32,21,4,84,3,2,66.7,1,33.3,43,212,81,1,3,0,2,1,47,3,https://fbref.com/en/players/c459a650/Joakim-Maehle-Joakim Mæhle,
10,Rafael Tolói,https://fbref.com/en/players/c56dc39e/Rafael-Toloi,2,2,it ITA,CB,30-141,90,81,6,43,32,7,2,81,2,1,50.0,1,50.0,58,231,105,1,1,0,2,2,59,2,https://fbref.com/en/players/c56dc39e/Rafael-Toloi-Rafael Tolói,
11,José Luis Palomino,https://fbref.com/en/players/921f6058/Jose-Luis-Palomino,6,6,ar ARG,CB,31-054,90,76,7,44,28,4,1,76,0,0,,0,,44,212,97,0,1,0,0,0,41,1,https://fbref.com/en/players/921f6058/Jose-Luis-Palomino-José Luis Palomino,
12,Cristian Romero,https://fbref.com/en/players/a3d94a58/Cristian-Romero,17,17,ar ARG,CB,22-307,90,66,6,36,26,5,0,66,3,2,66.7,1,33.3,47,250,107,1,1,0,0,1,35,2,https://fbref.com/en/players/a3d94a58/Cristian-Romero-Cristian Romero,
13,Marco Sportiello,https://fbref.com/en/players/ac4003af/Marco-Sportiello,57,57,it ITA,GK,28-294,90,41,34,41,0,0,0,41,0,0,,0,,29,93,53,0,0,0,0,0,22,0,https://fbref.com/en/players/ac4003af/Marco-Sportiello-Marco Sportiello,
