,Player Name,Player Number,Player,#,Nation,Pos,Age,Min,Tkl,TklW,Def 3rd,Mid 3rd,Att 3rd,Tkl,Att,Tkl%,Lost,Blocks,Sh,Pass,Int,Tkl+Int,Clr,Err,Player Key,Player Link
0,Antonino La Gumina,https://fbref.com/en/players/822a7761/Antonino-La-Gumina,20,20,it ITA,FW,24-359,60,0,0,0,0,0,0,0,,0,2,0,2,1,1,0,0,https://fbref.com/en/players/822a7761/Antonino-La-Gumina-Antonino La Gumina,
1,Fabio Quagliarella,https://fbref.com/en/players/ee4f2f3b/Fabio-Quagliarella,27,27,it ITA,FW,38-028,30,0,0,0,0,0,0,1,0.0,1,0,0,0,0,0,1,0,https://fbref.com/en/players/ee4f2f3b/Fabio-Quagliarella-Fabio Quagliarella,
2,Valerio Verre,https://fbref.com/en/players/33ecf462/Valerio-Verre,8,8,it ITA,FW,27-048,60,0,0,0,0,0,0,0,,0,0,0,0,0,0,0,0,https://fbref.com/en/players/33ecf462/Valerio-Verre-Valerio Verre,
3,Keita Baldé,https://fbref.com/en/players/509a4ccb/Keita-Balde,10,10,sn SEN,FW,25-357,30,0,0,0,0,0,0,0,,0,0,0,0,0,0,0,0,https://fbref.com/en/players/509a4ccb/Keita-Balde-Keita Baldé,
4,Mikkel Damsgaard,https://fbref.com/en/players/215f3907/Mikkel-Damsgaard,38,38,dk DEN,LM,20-240,66,2,0,2,0,0,1,5,20.0,4,3,0,3,0,2,0,0,https://fbref.com/en/players/215f3907/Mikkel-Damsgaard-Mikkel Damsgaard,
5,Antonio Candreva,https://fbref.com/en/players/356c9002/Antonio-Candreva,87,87,it ITA,LM,34-000,24,0,0,0,0,0,0,0,,0,0,0,0,0,0,1,0,https://fbref.com/en/players/356c9002/Antonio-Candreva-Antonio Candreva,
6,Morten Thorsby,https://fbref.com/en/players/d1b49282/Morten-Thorsby,18,18,no NOR,CM,24-299,90,3,1,1,1,1,0,3,0.0,3,2,1,1,0,3,2,0,https://fbref.com/en/players/d1b49282/Morten-Thorsby-Morten Thorsby,
7,Albin Ekdal,https://fbref.com/en/players/f503ea63/Albin-Ekdal,6,6,se SWE,CM,31-215,90,4,4,3,0,1,1,4,25.0,3,0,0,0,2,6,0,0,https://fbref.com/en/players/f503ea63/Albin-Ekdal-Albin Ekdal,
8,Jakub Jankto,https://fbref.com/en/players/1ea5f91c/Jakub-Jankto,14,14,cz CZE,RM,25-040,66,1,1,1,0,0,1,2,50.0,1,0,0,0,0,1,2,0,https://fbref.com/en/players/1ea5f91c/Jakub-Jankto-Jakub Jankto,
9,Gastón Ramírez,https://fbref.com/en/players/2c851997/Gaston-Ramirez,11,11,uy URU,RM,30-088,24,2,0,1,1,0,0,2,0.0,2,1,0,1,0,2,0,0,https://fbref.com/en/players/2c851997/Gaston-Ramirez-Gastón Ramírez,
10,Tommaso Augello,https://fbref.com/en/players/3cd3b384/Tommaso-Augello,3,3,it ITA,LB,26-182,90,2,1,1,0,1,1,1,100.0,0,1,0,1,0,2,1,0,https://fbref.com/en/players/3cd3b384/Tommaso-Augello-Tommaso Augello,
11,Alex Ferrari,https://fbref.com/en/players/d0dbca9f/Alex-Ferrari,25,25,it ITA,CB,26-242,90,6,5,2,4,0,3,4,75.0,1,1,0,1,2,8,3,0,https://fbref.com/en/players/d0dbca9f/Alex-Ferrari-Alex Ferrari,
12,Maya Yoshida,https://fbref.com/en/players/caffaf5a/Maya-Yoshida,22,22,jp JPN,CB,32-188,90,3,1,1,2,0,0,1,0.0,1,4,4,0,3,6,5,0,https://fbref.com/en/players/caffaf5a/Maya-Yoshida-Maya Yoshida,
13,Bartosz Bereszyński,https://fbref.com/en/players/61b3978f/Bartosz-Bereszynski,24,24,pl POL,RB,28-231,90,2,2,0,2,0,2,5,40.0,3,0,0,0,3,5,5,0,https://fbref.com/en/players/61b3978f/Bartosz-Bereszynski-Bartosz Bereszyński,
14,Emil Audero,https://fbref.com/en/players/649b01d8/Emil-Audero,1,1,it ITA,GK,24-041,90,0,0,0,0,0,0,0,,0,0,0,0,0,0,1,0,https://fbref.com/en/players/649b01d8/Emil-Audero-Emil Audero,
