,Player Name,Player Number,Player,#,Nation,Pos,Age,Min,Touches,Def Pen,Def 3rd,Mid 3rd,Att 3rd,Att Pen,Live,Att,Succ,Succ%,Tkld,Tkld%,Carries,TotDist,PrgDist,PrgC,1/3,CPA,Mis,Dis,Rec,PrgR,Player Key,Player Link
0,Antonino La Gumina,https://fbref.com/en/players/822a7761/Antonino-La-Gumina,20,20,it ITA,FW,24-359,60,13,0,0,7,6,2,13,0,0,,0,,7,31,0,0,1,0,4,1,9,3,https://fbref.com/en/players/822a7761/Antonino-La-Gumina-Antonino La Gumina,
1,Fabio Quagliarella,https://fbref.com/en/players/ee4f2f3b/Fabio-Quagliarella,27,27,it ITA,FW,38-028,30,10,1,1,6,3,1,10,0,0,,0,,8,9,3,0,0,0,2,2,10,3,https://fbref.com/en/players/ee4f2f3b/Fabio-Quagliarella-Fabio Quagliarella,
2,Valerio Verre,https://fbref.com/en/players/33ecf462/Valerio-Verre,8,8,it ITA,FW,27-048,60,36,2,5,19,12,0,36,2,2,100.0,0,0.0,26,124,41,0,1,0,4,2,23,5,https://fbref.com/en/players/33ecf462/Valerio-Verre-Valerio Verre,
3,Keita Baldé,https://fbref.com/en/players/509a4ccb/Keita-Balde,10,10,sn SEN,FW,25-357,30,10,0,0,6,4,0,10,1,0,0.0,1,100.0,7,23,19,1,1,0,0,0,10,3,https://fbref.com/en/players/509a4ccb/Keita-Balde-Keita Baldé,
4,Mikkel Damsgaard,https://fbref.com/en/players/215f3907/Mikkel-Damsgaard,38,38,dk DEN,LM,20-240,66,43,0,5,21,20,1,43,4,2,50.0,2,50.0,23,111,58,3,3,1,3,3,21,4,https://fbref.com/en/players/215f3907/Mikkel-Damsgaard-Mikkel Damsgaard,
5,Antonio Candreva,https://fbref.com/en/players/356c9002/Antonio-Candreva,87,87,it ITA,LM,34-000,24,29,1,6,17,6,0,29,0,0,,0,,19,66,15,0,0,0,0,0,19,1,https://fbref.com/en/players/356c9002/Antonio-Candreva-Antonio Candreva,
6,Morten Thorsby,https://fbref.com/en/players/d1b49282/Morten-Thorsby,18,18,no NOR,CM,24-299,90,53,4,7,38,8,1,53,1,1,100.0,0,0.0,28,69,26,0,1,0,1,2,29,2,https://fbref.com/en/players/d1b49282/Morten-Thorsby-Morten Thorsby,
7,Albin Ekdal,https://fbref.com/en/players/f503ea63/Albin-Ekdal,6,6,se SWE,CM,31-215,90,56,0,14,35,8,0,56,0,0,,0,,38,130,51,1,1,0,1,1,31,0,https://fbref.com/en/players/f503ea63/Albin-Ekdal-Albin Ekdal,
8,Jakub Jankto,https://fbref.com/en/players/1ea5f91c/Jakub-Jankto,14,14,cz CZE,RM,25-040,66,35,2,6,20,9,3,35,0,0,,0,,22,100,26,0,0,0,2,3,20,2,https://fbref.com/en/players/1ea5f91c/Jakub-Jankto-Jakub Jankto,
9,Gastón Ramírez,https://fbref.com/en/players/2c851997/Gaston-Ramirez,11,11,uy URU,RM,30-088,24,29,0,3,25,1,0,29,1,1,100.0,0,0.0,20,79,28,0,0,0,0,1,19,0,https://fbref.com/en/players/2c851997/Gaston-Ramirez-Gastón Ramírez,
10,Tommaso Augello,https://fbref.com/en/players/3cd3b384/Tommaso-Augello,3,3,it ITA,LB,26-182,90,72,2,20,31,21,2,72,1,1,100.0,0,0.0,47,272,198,4,0,1,0,0,44,5,https://fbref.com/en/players/3cd3b384/Tommaso-Augello-Tommaso Augello,
11,Alex Ferrari,https://fbref.com/en/players/d0dbca9f/Alex-Ferrari,25,25,it ITA,CB,26-242,90,72,9,37,30,5,1,72,0,0,,0,,49,168,29,0,0,0,1,0,43,1,https://fbref.com/en/players/d0dbca9f/Alex-Ferrari-Alex Ferrari,
12,Maya Yoshida,https://fbref.com/en/players/caffaf5a/Maya-Yoshida,22,22,jp JPN,CB,32-188,90,84,11,45,36,3,1,84,0,0,,0,,49,114,38,0,0,0,0,0,43,0,https://fbref.com/en/players/caffaf5a/Maya-Yoshida-Maya Yoshida,
13,Bartosz Bereszyński,https://fbref.com/en/players/61b3978f/Bartosz-Bereszynski,24,24,pl POL,RB,28-231,90,69,5,25,41,3,0,69,0,0,,0,,34,110,14,0,1,0,2,1,32,1,https://fbref.com/en/players/61b3978f/Bartosz-Bereszynski-Bartosz Bereszyński,
14,Emil Audero,https://fbref.com/en/players/649b01d8/Emil-Audero,1,1,it ITA,GK,24-041,90,51,38,51,0,0,0,51,0,0,,0,,32,155,93,0,0,0,0,0,24,0,https://fbref.com/en/players/649b01d8/Emil-Audero-Emil Audero,
