,Minute,Player,Squad,xG,PSxG,Outcome,Distance,Body Part,Notes,SCA 1 Player,SCA 1 Event,SCA 2 Player,SCA 2 Event
0,5,Luis Muriel,Atalanta,0.04,0.08,Saved,19,Right Foot,,Rafael Tolói,Pass (Live),Robin Gosens,Pass (Live)
1,9,Jakub Jankto,Sampdoria,0.04,0.19,Saved,23,Left Foot,,,,,
2,11,Mikkel Damsgaard,Sampdoria,0.06,0.37,Saved,31,Right Foot,Free kick,Valerio Verre,Fouled,Morten Thorsby,Tackle
3,20,Jakub Jankto,Sampdoria,0.05,,Blocked,12,Right Foot,,Tommaso Augello,Take-On,Mikkel Damsgaard,Pass (Live)
4,25,Valerio Verre,Sampdoria,0.02,,Off Target,28,Right Foot,,Alex Ferrari,Pass (Live),Tommaso Augello,Pass (Live)
5,29,Ruslan Malinovskyi,Atalanta,0.04,0.19,Saved,18,Left Foot,,Luis Muriel,Pass (Live),Remo Freuler,Pass (Live)
6,35,Rafael Tolói,Atalanta,0.14,,Off Target,4,Right Foot,,Joakim Mæhle,Pass (Live),José Luis Palomino,Pass (Live)
7,37,Mario Pašalić,Atalanta,0.08,,Blocked,14,Right Foot,,Mario Pašalić,Take-On,Mario Pašalić,Take-On
8,37,Ruslan Malinovskyi,Atalanta,0.03,,Blocked,26,Left Foot,,Mario Pašalić,Shot,,
9,37,Joakim Mæhle,Atalanta,0.12,,Blocked,8,Right Foot,,Luis Muriel,Pass (Live),Remo Freuler,Pass (Live)
10,39,Marten de Roon,Atalanta,0.02,,Off Target,26,Right Foot,Volley,Remo Freuler,Pass (Live),,
11,40,Ruslan Malinovskyi,Atalanta,0.05,0.52,Goal,16,Left Foot,,Luis Muriel,Pass (Live),José Luis Palomino,Pass (Live)
12,,,,,,,,,,,,,
13,47,Antonino La Gumina,Sampdoria,0.05,,Off Target,16,Left Foot,Volley,,,,
14,49,Mikkel Damsgaard,Sampdoria,0.13,,Off Target,22,Right Foot,Free kick,Mikkel Damsgaard,Fouled,Mikkel Damsgaard,Pass (Live)
15,50,Mario Pašalić,Atalanta,0.04,,Blocked,17,Right Foot,,,,,
16,53,Robin Gosens,Atalanta,0.21,0.32,Saved,4,Left Foot,,Cristian Romero,Pass (Live),Luis Muriel,Pass (Live)
17,55,Joakim Mæhle,Atalanta,0.01,,Off Target,59,Right Foot,,,,,
18,56,Jakub Jankto,Sampdoria,0.04,,Off Target,19,Left Foot,,Valerio Verre,Pass (Live),Mikkel Damsgaard,Pass (Live)
19,65,Josip Iličić,Atalanta,0.07,,Off Target,17,Left Foot,,Remo Freuler,Pass (Live),Ruslan Malinovskyi,Pass (Live)
20,67,Robin Gosens,Atalanta,0.04,,Off Target,12,Head,,Josip Iličić,Pass (Dead),Rafael Tolói,Pass (Live)
21,68,Rafael Tolói,Atalanta,0.08,,Blocked,15,Left Foot,,Ruslan Malinovskyi,Pass (Live),Rafael Tolói,Interception
22,69,Robin Gosens,Atalanta,0.06,,Off Target,15,Left Foot,Volley,Josip Iličić,Pass (Live),Rafael Tolói,Shot
23,69,Matteo Pessina,Atalanta,0.02,0.05,Saved,24,Left Foot,Volley,Robin Gosens,Shot,,
24,70,Robin Gosens,Atalanta,0.41,0.83,Goal,7,Left Foot,,Joakim Mæhle,Pass (Live),Josip Iličić,Pass (Live)
25,74,Josip Iličić,Atalanta,0.03,0.05,Saved,25,Left Foot,,Joakim Mæhle,Pass (Live),Rafael Tolói,Tackle
26,84,Fabio Quagliarella,Sampdoria,0.05,,Off Target,14,Left Foot,,Gastón Ramírez,Pass (Live),,
27,86,Matteo Pessina,Atalanta,0.09,0.20,Saved,16,Left Foot,,Josip Iličić,Pass (Live),Rafael Tolói,Pass (Live)
28,90+2,Remo Freuler,Atalanta,0.08,,Off Target,14,Left Foot,,Josip Iličić,Pass (Live),Matteo Pessina,Pass (Live)
