season,injury,from,until,days,missed_games
23/24,Heel injury,"Sep 1, 2023","Sep 20, 2023",19 days,5
22/23,Knock,"Nov 19, 2022","Dec 10, 2022",21 days,2
20/21,Cruciate ligament tear,"Oct 25, 2020","Jul 25, 2021",273 days,54
20/21,Rest,"Sep 23, 2020","Sep 25, 2020",2 days,1
13/14,Hamstring injury,"Nov 3, 2013","Nov 24, 2013",21 days,12
12/13,Toe injury,"Sep 8, 2012","Sep 9, 2012",1 days,-
11/12,Ligament injury,"May 6, 2012","Jun 18, 2012",43 days,12
11/12,Ligament stretching,"Nov 25, 2011","Dec 2, 2011",7 days,1
11/12,flu,"Oct 17, 2011","Oct 23, 2011",6 days,1
10/11,Ankle injury,"Aug 20, 2010","Dec 31, 2010",133 days,36
