season,injury,from,until,days,missed_games
20/21,Calf injury,"Dec 7, 2020","Jan 1, 2021",25 days,5
17/18,Knee injury,"Apr 22, 2018","Jun 30, 2018",69 days,5
17/18,Inner knee ligament tear,"Aug 22, 2017","Jan 2, 2018",133 days,23
14/15,Knee injury,"Feb 13, 2015","Apr 4, 2015",50 days,6
13/14,Hamstring injury,"Feb 17, 2014","Apr 15, 2014",57 days,18
12/13,Hamstring strain,"Sep 11, 2012","Dec 5, 2012",85 days,21
11/12,Groin problems,"Sep 6, 2011","Oct 15, 2011",39 days,7
10/11,Knee injury,"Mar 17, 2011","Jun 1, 2011",76 days,23
10/11,Broken cheekbone,"Sep 28, 2010","Dec 1, 2010",64 days,16
