season,injury,from,until,days,missed_games
20/21,Calf injury,"Dec 4, 2020","Jan 25, 2021",52 days,10
19/20,Calf injury,"Jun 19, 2020","Jul 10, 2020",21 days,5
19/20,Calf injury,"Feb 7, 2020","Feb 21, 2020",14 days,1
19/20,Hamstring strain,"Dec 29, 2019","Dec 31, 2019",2 days,-
19/20,Groin injury,"Oct 17, 2019","Oct 26, 2019",9 days,1
19/20,Groin injury,"Sep 1, 2019","Sep 21, 2019",20 days,1
18/19,Knock,"Feb 18, 2019","Feb 26, 2019",8 days,1
18/19,Groin strain,"Dec 16, 2018","Jan 1, 2019",16 days,3
12/13,Cruciate ligament tear,"Sep 23, 2012","May 1, 2013",220 days,63
11/12,Thigh problems,"Mar 21, 2012","Apr 14, 2012",24 days,6
10/11,Thigh problems,"Feb 27, 2011","Jun 10, 2011",103 days,25
10/11,Thigh problems,"Feb 27, 2011","May 6, 2011",68 days,15
10/11,Achilles tendon rupture,"Feb 27, 2011","Mar 31, 2011",32 days,10
