season,injury,from,until,days,missed_games
22/23,Knock,"Jul 30, 2022","Aug 8, 2022",9 days,1
21/22,Fitness,"Dec 3, 2021","Dec 18, 2021",15 days,2
21/22,Calf injury,"Oct 16, 2021","Dec 3, 2021",48 days,10
21/22,Hamstring injury,"Sep 25, 2021","Oct 8, 2021",13 days,3
20/21,Corona virus,"Aug 26, 2020","Sep 9, 2020",14 days,-
19/20,Back injury,"Feb 2, 2020","Feb 7, 2020",5 days,-
19/20,Groin injury,"Jan 23, 2020","Jan 31, 2020",8 days,1
19/20,Groin injury,"Jan 5, 2020","Jan 11, 2020",6 days,-
18/19,unknown injury,"Dec 16, 2018","Jan 5, 2019",20 days,4
18/19,Knee injury,"Oct 17, 2018","Nov 2, 2018",16 days,2
17/18,Knee surgery,"Sep 20, 2017","Aug 26, 2018",340 days,53
16/17,Groin problems,"Jun 28, 2017","Jul 20, 2017",22 days,-
16/17,Groin problems,"Jun 23, 2017","Jun 25, 2017",2 days,-
14/15,Knock,"Mar 12, 2015","Apr 9, 2015",28 days,18
