season,injury,from,until,days,missed_games
22/23,unknown injury,"Feb 28, 2023","Mar 31, 2023",31 days,3
22/23,infection,"Oct 29, 2022","Nov 1, 2022",3 days,1
22/23,infection,"Sep 6, 2022","Sep 10, 2022",4 days,1
21/22,Muscle injury,"Sep 29, 2021","Oct 11, 2021",12 days,2
21/22,Muscle injury,"Sep 17, 2021","Sep 25, 2021",8 days,2
21/22,Muscle injury,"Jul 20, 2021","Aug 1, 2021",12 days,2
14/15,Collateral ligament injury,"Oct 24, 2014","Nov 18, 2014",25 days,17
14/15,unknown injury,"Sep 10, 2014","Sep 14, 2014",4 days,1
