,Player Name,Player Number,Player,#,Nation,Pos,Age,Min,Touches,Def Pen,Def 3rd,Mid 3rd,Att 3rd,Att Pen,Live,Att,Succ,Succ%,Tkld,Tkld%,Carries,TotDist,PrgDist,PrgC,1/3,CPA,Mis,Dis,Rec,PrgR,Player Key,Player Link
0,Aaron Leya Iseka,https://fbref.com/en/players/29ef0f49/Aaron-Leya-Iseka,24,24,be BEL,FW,23-154,60,21,2,4,10,7,1,21,0,0,,0,,16,64,36,1,1,1,2,2,17,2,https://fbref.com/en/players/29ef0f49/Aaron-Leya-Iseka-Aaron Leya Iseka,
1,Thierry Ambrose,https://fbref.com/en/players/2945f4b7/Thierry-Ambrose,9,9,gp GLP,FW,24-021,30,15,0,0,3,12,2,15,2,1,50.0,1,50.0,14,42,3,0,0,0,4,1,14,6,https://fbref.com/en/players/2945f4b7/Thierry-Ambrose-Thierry Ambrose,
2,Farid Boulaya,https://fbref.com/en/players/a0791826/Farid-Boulaya,10,10,dz ALG,AM,28-052,90,73,0,5,38,31,1,73,2,2,100.0,0,0.0,51,376,215,8,5,0,3,0,55,5,https://fbref.com/en/players/a0791826/Farid-Boulaya-Farid Boulaya,
3,Vagner Gonçalves,https://fbref.com/en/players/743fd71f/Vagner-Goncalves,27,27,cv CPV,AM,25-098,59,29,0,5,12,13,3,29,1,1,100.0,0,0.0,21,166,86,1,1,0,1,1,22,5,https://fbref.com/en/players/743fd71f/Vagner-Goncalves-Vagner Gonçalves,
4,Lamine Gueye,https://fbref.com/en/players/9d5dcc23/Lamine-Gueye,13,13,sn SEN,AM,23-036,31,17,0,1,6,10,0,17,1,0,0.0,1,100.0,13,63,39,1,1,0,1,1,13,3,https://fbref.com/en/players/9d5dcc23/Lamine-Gueye-Lamine Gueye,
5,Habib Maïga,https://fbref.com/en/players/e768de1f/Habib-Maiga,19,19,ci CIV,CM,25-107,90,58,5,17,36,5,0,58,1,1,100.0,0,0.0,43,232,82,2,0,0,2,2,46,0,https://fbref.com/en/players/e768de1f/Habib-Maiga-Habib Maïga,
6,Pape Matar Sarr,https://fbref.com/en/players/feb5d972/Pape-Matar-Sarr,15,15,sn SEN,CM,18-216,90,68,3,15,38,15,0,68,5,2,40.0,3,60.0,55,319,193,3,2,0,0,0,48,0,https://fbref.com/en/players/feb5d972/Pape-Matar-Sarr-Pape Matar Sarr,
7,Thomas Delaine,https://fbref.com/en/players/8332db56/Thomas-Delaine,17,17,fr FRA,WB,29-025,60,30,2,9,13,8,0,30,3,1,33.3,2,66.7,18,107,58,1,0,0,2,1,17,2,https://fbref.com/en/players/8332db56/Thomas-Delaine-Thomas Delaine,
8,Matthieu Udol,https://fbref.com/en/players/cc41f558/Matthieu-Udol,3,3,fr FRA,WB,25-029,30,18,1,3,8,7,0,18,0,0,,0,,13,62,47,1,1,0,0,0,14,2,https://fbref.com/en/players/cc41f558/Matthieu-Udol-Matthieu Udol,
9,Fabien Centonze,https://fbref.com/en/players/3c6bbbab/Fabien-Centonze,18,18,fr FRA,WB,25-092,90,85,1,29,35,21,2,85,4,1,25.0,3,75.0,51,291,122,3,5,1,2,0,48,5,https://fbref.com/en/players/3c6bbbab/Fabien-Centonze-Fabien Centonze,
10,John Boye,https://fbref.com/en/players/861227d2/John-Boye,21,21,gh GHA,CB,33-360,90,66,7,38,27,3,2,66,1,0,0.0,1,100.0,46,196,70,0,0,0,1,0,39,0,https://fbref.com/en/players/861227d2/John-Boye-John Boye,
11,Boubakar Kouyaté,https://fbref.com/en/players/562a4799/Boubakar-Kouyate,23,23,ml MLI,CB,24-003,90,60,8,38,22,0,0,60,0,0,,0,,36,196,91,0,0,0,0,0,35,0,https://fbref.com/en/players/562a4799/Boubakar-Kouyate-Boubakar Kouyaté,
12,Dylan Bronn,https://fbref.com/en/players/edd81e2a/Dylan-Bronn,2,2,tn TUN,CB,25-303,90,67,2,32,33,4,2,67,0,0,,0,,40,211,153,1,0,0,0,0,45,1,https://fbref.com/en/players/edd81e2a/Dylan-Bronn-Dylan Bronn,
13,Alexandre Oukidja,https://fbref.com/en/players/ae7d0ecd/Alexandre-Oukidja,16,16,dz ALG,GK,32-273,90,38,34,36,2,0,0,38,0,0,,0,,17,81,39,0,0,0,0,0,11,0,https://fbref.com/en/players/ae7d0ecd/Alexandre-Oukidja-Alexandre Oukidja,
