,Player Name,Player Number,Player,#,Nation,Pos,Age,Min,Gls,Ast,PK,PKatt,Sh,SoT,CrdY,CrdR,Touches,Tkl,Int,Blocks,xG,npxG,xAG,SCA,GCA,Cmp,Att,Cmp%,PrgP,Carries,PrgC,Att,Succ,Player Key,Player Link
0,Aaron Leya Iseka,https://fbref.com/en/players/29ef0f49/Aaron-Leya-Iseka,24,24,be BEL,FW,23-154,60,0,0,0,0,0,0,0,0,21,0,0,1,0.0,0.0,0.0,2,0,11,16,68.8,0,16,1,0,0,https://fbref.com/en/players/29ef0f49/Aaron-Leya-Iseka-Aaron Leya Iseka,
1,Thierry Ambrose,https://fbref.com/en/players/2945f4b7/Thierry-Ambrose,9,9,gp GLP,FW,24-021,30,0,0,0,0,1,0,0,0,15,0,0,0,0.0,0.0,0.0,1,0,5,8,62.5,0,14,0,2,1,https://fbref.com/en/players/2945f4b7/Thierry-Ambrose-Thierry Ambrose,
2,Farid Boulaya,https://fbref.com/en/players/a0791826/Farid-Boulaya,10,10,dz ALG,AM,28-052,90,0,0,0,0,2,0,0,0,73,0,0,1,0.1,0.1,0.1,6,0,47,66,71.2,12,51,8,2,2,https://fbref.com/en/players/a0791826/Farid-Boulaya-Farid Boulaya,
3,Vagner Gonçalves,https://fbref.com/en/players/743fd71f/Vagner-Goncalves,27,27,cv CPV,AM,25-098,59,0,0,0,0,2,1,0,0,29,0,0,0,0.4,0.4,0.1,4,0,17,25,68.0,1,21,1,1,1,https://fbref.com/en/players/743fd71f/Vagner-Goncalves-Vagner Gonçalves,
4,Lamine Gueye,https://fbref.com/en/players/9d5dcc23/Lamine-Gueye,13,13,sn SEN,AM,23-036,31,0,0,0,0,0,0,0,0,17,0,1,0,0.0,0.0,0.0,0,0,8,14,57.1,0,13,1,1,0,https://fbref.com/en/players/9d5dcc23/Lamine-Gueye-Lamine Gueye,
5,Habib Maïga,https://fbref.com/en/players/e768de1f/Habib-Maiga,19,19,ci CIV,CM,25-107,90,0,0,0,0,1,0,0,0,58,2,0,1,0.0,0.0,0.0,1,0,43,46,93.5,4,43,2,1,1,https://fbref.com/en/players/e768de1f/Habib-Maiga-Habib Maïga,
6,Pape Matar Sarr,https://fbref.com/en/players/feb5d972/Pape-Matar-Sarr,15,15,sn SEN,CM,18-216,90,0,0,0,0,1,0,0,0,68,0,1,0,0.0,0.0,0.0,0,0,53,61,86.9,5,55,3,5,2,https://fbref.com/en/players/feb5d972/Pape-Matar-Sarr-Pape Matar Sarr,
7,Thomas Delaine,https://fbref.com/en/players/8332db56/Thomas-Delaine,17,17,fr FRA,WB,29-025,60,0,0,0,0,0,0,0,0,30,0,1,0,0.0,0.0,0.0,1,0,21,21,100.0,1,18,1,3,1,https://fbref.com/en/players/8332db56/Thomas-Delaine-Thomas Delaine,
8,Matthieu Udol,https://fbref.com/en/players/cc41f558/Matthieu-Udol,3,3,fr FRA,WB,25-029,30,0,0,0,0,1,0,0,0,18,0,0,0,0.0,0.0,0.0,0,0,11,15,73.3,0,13,1,0,0,https://fbref.com/en/players/cc41f558/Matthieu-Udol-Matthieu Udol,
9,Fabien Centonze,https://fbref.com/en/players/3c6bbbab/Fabien-Centonze,18,18,fr FRA,WB,25-092,90,0,0,0,0,1,0,0,0,85,5,5,2,0.0,0.0,0.3,2,0,51,61,83.6,2,51,3,4,1,https://fbref.com/en/players/3c6bbbab/Fabien-Centonze-Fabien Centonze,
10,John Boye,https://fbref.com/en/players/861227d2/John-Boye,21,21,gh GHA,CB,33-360,90,0,0,0,0,1,1,0,0,66,2,3,0,0.1,0.1,0.0,1,0,39,50,78.0,1,46,0,1,0,https://fbref.com/en/players/861227d2/John-Boye-John Boye,
11,Boubakar Kouyaté,https://fbref.com/en/players/562a4799/Boubakar-Kouyate,23,23,ml MLI,CB,24-003,90,0,0,0,0,0,0,1,0,60,0,1,3,0.0,0.0,0.0,0,0,39,48,81.3,0,36,0,0,0,https://fbref.com/en/players/562a4799/Boubakar-Kouyate-Boubakar Kouyaté,
12,Dylan Bronn,https://fbref.com/en/players/edd81e2a/Dylan-Bronn,2,2,tn TUN,CB,25-303,90,0,0,0,0,1,0,0,0,67,3,0,1,0.0,0.0,0.0,0,0,55,60,91.7,5,40,1,0,0,https://fbref.com/en/players/edd81e2a/Dylan-Bronn-Dylan Bronn,
13,Alexandre Oukidja,https://fbref.com/en/players/ae7d0ecd/Alexandre-Oukidja,16,16,dz ALG,GK,32-273,90,0,0,0,0,0,0,0,0,38,0,0,0,0.0,0.0,0.0,2,0,27,34,79.4,1,17,0,0,0,https://fbref.com/en/players/ae7d0ecd/Alexandre-Oukidja-Alexandre Oukidja,
