,Player Name,Player Number,Player,#,Nation,Pos,Age,Min,CrdY,CrdR,2CrdY,Fls,Fld,Off,Crs,Int,TklW,PKwon,PKcon,OG,Recov,Won,Lost,Won%,Player Key,Player Link
0,Aaron Leya Iseka,https://fbref.com/en/players/29ef0f49/Aaron-Leya-Iseka,24,24,be BEL,FW,23-154,60,0,0,0,1,1,0,0,0,0,0,0,0,2,2,2,50.0,https://fbref.com/en/players/29ef0f49/Aaron-Leya-Iseka-Aaron Leya Iseka,
1,Thierry Ambrose,https://fbref.com/en/players/2945f4b7/Thierry-Ambrose,9,9,gp GLP,FW,24-021,30,0,0,0,2,0,2,0,0,0,0,0,0,0,0,1,0.0,https://fbref.com/en/players/2945f4b7/Thierry-Ambrose-Thierry Ambrose,
2,Farid Boulaya,https://fbref.com/en/players/a0791826/Farid-Boulaya,10,10,dz ALG,AM,28-052,90,0,0,0,0,4,0,4,0,0,0,0,0,1,3,0,100.0,https://fbref.com/en/players/a0791826/Farid-Boulaya-Farid Boulaya,
3,Vagner Gonçalves,https://fbref.com/en/players/743fd71f/Vagner-Goncalves,27,27,cv CPV,AM,25-098,59,0,0,0,0,2,0,2,0,0,0,0,0,3,2,6,25.0,https://fbref.com/en/players/743fd71f/Vagner-Goncalves-Vagner Gonçalves,
4,Lamine Gueye,https://fbref.com/en/players/9d5dcc23/Lamine-Gueye,13,13,sn SEN,AM,23-036,31,0,0,0,1,0,1,3,1,0,0,0,0,2,0,0,,https://fbref.com/en/players/9d5dcc23/Lamine-Gueye-Lamine Gueye,
5,Habib Maïga,https://fbref.com/en/players/e768de1f/Habib-Maiga,19,19,ci CIV,CM,25-107,90,0,0,0,1,0,0,0,0,2,0,0,0,7,0,0,,https://fbref.com/en/players/e768de1f/Habib-Maiga-Habib Maïga,
6,Pape Matar Sarr,https://fbref.com/en/players/feb5d972/Pape-Matar-Sarr,15,15,sn SEN,CM,18-216,90,0,0,0,2,2,0,0,1,0,0,0,0,9,4,0,100.0,https://fbref.com/en/players/feb5d972/Pape-Matar-Sarr-Pape Matar Sarr,
7,Thomas Delaine,https://fbref.com/en/players/8332db56/Thomas-Delaine,17,17,fr FRA,WB,29-025,60,0,0,0,2,0,0,0,1,0,0,0,0,4,2,0,100.0,https://fbref.com/en/players/8332db56/Thomas-Delaine-Thomas Delaine,
8,Matthieu Udol,https://fbref.com/en/players/cc41f558/Matthieu-Udol,3,3,fr FRA,WB,25-029,30,0,0,0,0,0,0,2,0,0,0,0,0,3,1,0,100.0,https://fbref.com/en/players/cc41f558/Matthieu-Udol-Matthieu Udol,
9,Fabien Centonze,https://fbref.com/en/players/3c6bbbab/Fabien-Centonze,18,18,fr FRA,WB,25-092,90,0,0,0,3,1,0,3,5,3,0,0,0,6,2,1,66.7,https://fbref.com/en/players/3c6bbbab/Fabien-Centonze-Fabien Centonze,
10,John Boye,https://fbref.com/en/players/861227d2/John-Boye,21,21,gh GHA,CB,33-360,90,0,0,0,2,0,0,0,3,2,0,0,0,10,1,3,25.0,https://fbref.com/en/players/861227d2/John-Boye-John Boye,
11,Boubakar Kouyaté,https://fbref.com/en/players/562a4799/Boubakar-Kouyate,23,23,ml MLI,CB,24-003,90,1,0,0,2,1,0,0,1,0,0,0,0,4,7,1,87.5,https://fbref.com/en/players/562a4799/Boubakar-Kouyate-Boubakar Kouyaté,
12,Dylan Bronn,https://fbref.com/en/players/edd81e2a/Dylan-Bronn,2,2,tn TUN,CB,25-303,90,0,0,0,1,0,0,0,0,2,0,0,0,4,2,3,40.0,https://fbref.com/en/players/edd81e2a/Dylan-Bronn-Dylan Bronn,
13,Alexandre Oukidja,https://fbref.com/en/players/ae7d0ecd/Alexandre-Oukidja,16,16,dz ALG,GK,32-273,90,0,0,0,0,2,0,0,0,0,0,0,0,3,1,0,100.0,https://fbref.com/en/players/ae7d0ecd/Alexandre-Oukidja-Alexandre Oukidja,
