,Player Name,Player Number,Player,#,Nation,Pos,Age,Min,Tkl,TklW,Def 3rd,Mid 3rd,Att 3rd,Tkl,Att,Tkl%,Lost,Blocks,Sh,Pass,Int,Tkl+Int,Clr,Err,Player Key,Player Link
0,El Bilal Touré,https://fbref.com/en/players/47c609d5/El-Bilal-Toure,27,27,ml MLI,FW,19-197,70,1,0,0,1,0,0,0,,0,0,0,0,0,1,0,0,https://fbref.com/en/players/47c609d5/El-Bilal-Toure-El Bilal Touré,
1,Kaj Sierhuis,https://fbref.com/en/players/9c2b1f11/Kaj-Sierhuis,9,9,nl NED,FW,22-356,20,0,0,0,0,0,0,0,,0,0,0,0,0,0,0,0,https://fbref.com/en/players/9c2b1f11/Kaj-Sierhuis-Kaj Sierhuis,
2,Boulaye Dia,https://fbref.com/en/players/244bc2c8/Boulaye-Dia,11,11,sn SEN,FW,24-153,87,3,3,1,2,0,2,3,66.7,1,2,1,1,0,3,2,0,https://fbref.com/en/players/244bc2c8/Boulaye-Dia-Boulaye Dia,
3,Dereck Kutesa,https://fbref.com/en/players/1b6862e8/Dereck-Kutesa,8,8,ch SUI,FW,23-133,3,0,0,0,0,0,0,0,,0,0,0,0,0,0,0,0,https://fbref.com/en/players/1b6862e8/Dereck-Kutesa-Dereck Kutesa,
4,Moussa Doumbia,https://fbref.com/en/players/6481421d/Moussa-Doumbia,25,25,ml MLI,LM,26-246,62,0,0,0,0,0,0,3,0.0,3,1,0,1,0,0,0,0,https://fbref.com/en/players/6481421d/Moussa-Doumbia-Moussa Doumbia,
5,Arber Zeneli,https://fbref.com/en/players/095e4199/Arber-Zeneli,10,10,xk KVX,LM,26-052,28,0,0,0,0,0,0,0,,0,0,0,0,0,0,0,0,https://fbref.com/en/players/095e4199/Arber-Zeneli-Arber Zeneli,
6,Xavier Chavalerin,https://fbref.com/en/players/279ddf6a/Xavier-Chavalerin,7,7,fr FRA,CM,30-042,90,2,2,0,2,0,2,3,66.7,1,3,0,3,1,3,0,0,https://fbref.com/en/players/279ddf6a/Xavier-Chavalerin-Xavier Chavalerin,
7,Dion Lopy,https://fbref.com/en/players/64c14d49/Dion-Lopy,34,34,sn SEN,CM,19-075,90,0,0,0,0,0,0,0,,0,0,0,0,1,1,0,0,https://fbref.com/en/players/64c14d49/Dion-Lopy-Dion Lopy,
8,Nathanael Mbuku,https://fbref.com/en/players/46750e9c/Nathanael-Mbuku,21,21,fr FRA,RM,19-033,62,0,0,0,0,0,0,1,0.0,1,0,0,0,0,0,0,0,https://fbref.com/en/players/46750e9c/Nathanael-Mbuku-Nathanael Mbuku,
9,Mathieu Cafaro,https://fbref.com/en/players/2a657da0/Mathieu-Cafaro,24,24,fr FRA,RM,24-024,28,0,0,0,0,0,0,0,,0,1,0,1,0,0,0,0,https://fbref.com/en/players/2a657da0/Mathieu-Cafaro-Mathieu Cafaro,
10,Ghislain Konan,https://fbref.com/en/players/6b2c894b/Ghislain-Konan,3,3,ci CIV,LB,25-112,90,3,2,2,1,0,1,3,33.3,2,1,1,0,0,3,4,0,https://fbref.com/en/players/6b2c894b/Ghislain-Konan-Ghislain Konan,
11,Yunis Abdelhamid,https://fbref.com/en/players/32c2d95f/Yunis-Abdelhamid,5,5,ma MAR,CB,33-202,90,6,3,1,5,0,2,2,100.0,0,1,0,1,2,8,2,0,https://fbref.com/en/players/32c2d95f/Yunis-Abdelhamid-Yunis Abdelhamid,
12,Marshall Munetsi,https://fbref.com/en/players/2acf0cd7/Marshall-Munetsi,15,15,zw ZIM,CB,24-300,90,2,1,1,0,1,2,3,66.7,1,1,1,0,1,3,5,0,https://fbref.com/en/players/2acf0cd7/Marshall-Munetsi-Marshall Munetsi,
13,Thomas Foket,https://fbref.com/en/players/90eb507d/Thomas-Foket,32,32,be BEL,RB,26-205,90,2,0,1,1,0,2,2,100.0,0,0,0,0,2,4,1,0,https://fbref.com/en/players/90eb507d/Thomas-Foket-Thomas Foket,
14,Predrag Rajković,https://fbref.com/en/players/58ad9383/Predrag-Rajkovic,1,1,rs SRB,GK,25-169,90,0,0,0,0,0,0,0,,0,0,0,0,0,0,0,0,https://fbref.com/en/players/58ad9383/Predrag-Rajkovic-Predrag Rajković,
