,Player Name,Player Number,Player,#,Nation,Pos,Age,Min,Touches,Def Pen,Def 3rd,Mid 3rd,Att 3rd,Att Pen,Live,Att,Succ,Succ%,Tkld,Tkld%,Carries,TotDist,PrgDist,PrgC,1/3,CPA,Mis,Dis,Rec,PrgR,Player Key,Player Link
0,El Bilal Touré,https://fbref.com/en/players/47c609d5/El-Bilal-Toure,27,27,ml MLI,FW,19-197,70,26,0,1,10,15,4,26,0,0,,0,,12,48,3,1,0,0,4,1,20,3,https://fbref.com/en/players/47c609d5/El-Bilal-Toure-El Bilal Touré,
1,Kaj Sierhuis,https://fbref.com/en/players/9c2b1f11/Kaj-Sierhuis,9,9,nl NED,FW,22-356,20,17,0,1,10,6,1,17,0,0,,0,,8,36,20,1,1,0,1,0,11,2,https://fbref.com/en/players/9c2b1f11/Kaj-Sierhuis-Kaj Sierhuis,
2,Boulaye Dia,https://fbref.com/en/players/244bc2c8/Boulaye-Dia,11,11,sn SEN,FW,24-153,87,40,2,6,22,13,6,40,4,1,25.0,3,75.0,25,176,117,3,2,2,3,1,29,8,https://fbref.com/en/players/244bc2c8/Boulaye-Dia-Boulaye Dia,
3,Dereck Kutesa,https://fbref.com/en/players/1b6862e8/Dereck-Kutesa,8,8,ch SUI,FW,23-133,3,1,0,0,1,0,0,1,1,0,0.0,1,100.0,1,6,0,0,0,0,0,1,0,0,https://fbref.com/en/players/1b6862e8/Dereck-Kutesa-Dereck Kutesa,
4,Moussa Doumbia,https://fbref.com/en/players/6481421d/Moussa-Doumbia,25,25,ml MLI,LM,26-246,62,44,0,3,21,22,1,44,3,1,33.3,2,66.7,31,259,89,2,3,1,2,0,32,5,https://fbref.com/en/players/6481421d/Moussa-Doumbia-Moussa Doumbia,
5,Arber Zeneli,https://fbref.com/en/players/095e4199/Arber-Zeneli,10,10,xk KVX,LM,26-052,28,12,1,3,2,7,0,12,1,0,0.0,1,100.0,5,19,4,0,0,0,1,0,7,1,https://fbref.com/en/players/095e4199/Arber-Zeneli-Arber Zeneli,
6,Xavier Chavalerin,https://fbref.com/en/players/279ddf6a/Xavier-Chavalerin,7,7,fr FRA,CM,30-042,90,40,0,10,21,9,0,40,0,0,,0,,21,83,36,1,0,0,1,0,21,1,https://fbref.com/en/players/279ddf6a/Xavier-Chavalerin-Xavier Chavalerin,
7,Dion Lopy,https://fbref.com/en/players/64c14d49/Dion-Lopy,34,34,sn SEN,CM,19-075,90,50,0,12,36,3,0,50,1,1,100.0,0,0.0,34,167,87,1,1,0,1,0,39,0,https://fbref.com/en/players/64c14d49/Dion-Lopy-Dion Lopy,
8,Nathanael Mbuku,https://fbref.com/en/players/46750e9c/Nathanael-Mbuku,21,21,fr FRA,RM,19-033,62,34,0,0,12,22,4,34,1,0,0.0,1,100.0,17,100,56,1,1,1,0,0,20,9,https://fbref.com/en/players/46750e9c/Nathanael-Mbuku-Nathanael Mbuku,
9,Mathieu Cafaro,https://fbref.com/en/players/2a657da0/Mathieu-Cafaro,24,24,fr FRA,RM,24-024,28,16,0,2,10,4,0,16,0,0,,0,,9,21,4,0,1,0,0,0,14,3,https://fbref.com/en/players/2a657da0/Mathieu-Cafaro-Mathieu Cafaro,
10,Ghislain Konan,https://fbref.com/en/players/6b2c894b/Ghislain-Konan,3,3,ci CIV,LB,25-112,90,61,2,24,25,14,0,61,4,3,75.0,1,25.0,25,181,128,3,3,0,0,0,25,4,https://fbref.com/en/players/6b2c894b/Ghislain-Konan-Ghislain Konan,
11,Yunis Abdelhamid,https://fbref.com/en/players/32c2d95f/Yunis-Abdelhamid,5,5,ma MAR,CB,33-202,90,78,8,36,41,1,0,78,0,0,,0,,49,361,271,1,1,0,1,0,54,0,https://fbref.com/en/players/32c2d95f/Yunis-Abdelhamid-Yunis Abdelhamid,
12,Marshall Munetsi,https://fbref.com/en/players/2acf0cd7/Marshall-Munetsi,15,15,zw ZIM,CB,24-300,90,74,6,37,32,6,0,74,1,1,100.0,0,0.0,58,314,171,1,1,0,1,0,58,1,https://fbref.com/en/players/2acf0cd7/Marshall-Munetsi-Marshall Munetsi,
13,Thomas Foket,https://fbref.com/en/players/90eb507d/Thomas-Foket,32,32,be BEL,RB,26-205,90,58,0,15,25,20,0,58,0,0,,0,,27,112,69,1,2,0,0,0,33,2,https://fbref.com/en/players/90eb507d/Thomas-Foket-Thomas Foket,
14,Predrag Rajković,https://fbref.com/en/players/58ad9383/Predrag-Rajkovic,1,1,rs SRB,GK,25-169,90,48,35,48,0,0,0,48,0,0,,0,,24,108,91,0,0,0,0,0,22,0,https://fbref.com/en/players/58ad9383/Predrag-Rajkovic-Predrag Rajković,
