,Minute,Player,Squad,xG,PSxG,Outcome,Distance,Body Part,Notes,SCA 1 Player,SCA 1 Event,SCA 2 Player,SCA 2 Event
0,7,Xavier Chavalerin,Reims,0.04,,Off Target,24,Left Foot,,,,,
1,16,Nathanael Mbuku,Reims,0.07,,Off Target,18,Left Foot,,Boulaye Dia,Pass (Live),,
2,16,El Bilal Touré,Reims,0.06,,Blocked,7,Head,,Moussa Doumbia,Pass (Live),Nathanael Mbuku,Pass (Dead)
3,17,Xavier Chavalerin,Reims,0.02,,Off Target,27,Left Foot,,El Bilal Touré,Shot,,
4,19,Farid Boulaya,Metz,0.05,,Blocked,32,Right Foot,Free kick,Aaron Leya Iseka,Fouled,Habib Maïga,Pass (Live)
5,21,Moussa Doumbia,Reims,0.03,0.01,Saved,30,Right Foot,,Marshall Munetsi,Pass (Live),Thomas Foket,Pass (Live)
6,29,Moussa Doumbia,Reims,0.03,,Off Target,25,Left Foot,Volley,Boulaye Dia,Pass (Live),Yunis Abdelhamid,Pass (Live)
7,29,El Bilal Touré,Reims,0.11,0.11,Saved,11,Left Foot,,Moussa Doumbia,Shot,,
8,29,El Bilal Touré,Reims,0.14,0.07,Saved,5,Head,,Nathanael Mbuku,Pass (Dead),El Bilal Touré,Shot
9,32,Dion Lopy,Reims,0.05,,Blocked,23,Right Foot,,El Bilal Touré,Pass (Live),Marshall Munetsi,Pass (Live)
10,33,Vagner Gonçalves,Metz,0.25,,Off Target,11,Head,,Fabien Centonze,Pass (Live),Farid Boulaya,Pass (Live)
11,33,Habib Maïga,Metz,0.05,,Off Target,25,Right Foot,,Farid Boulaya,Pass (Live),Vagner Gonçalves,Shot
12,41,Pape Matar Sarr,Metz,0.03,,Off Target,28,Right Foot,,Aaron Leya Iseka,Pass (Live),Vagner Gonçalves,Pass (Live)
13,45,Vagner Gonçalves,Metz,0.10,0.08,Saved,10,Right Foot,Volley,Alexandre Oukidja,Pass (Live),,
14,45+1,Dylan Bronn,Metz,0.04,,Off Target,18,Right Foot,Volley,Thomas Delaine,Pass (Live),Farid Boulaya,Pass (Dead)
15,,,,,,,,,,,,,
16,47,Moussa Doumbia,Reims,0.03,0.43,Saved,31,Right Foot,,,,,
17,51,Nathanael Mbuku,Reims,0.08,0.03,Saved,11,Right Foot,,Boulaye Dia,Pass (Live),Ghislain Konan,Pass (Live)
18,53,John Boye,Metz,0.10,0.03,Saved,10,Head,,Vagner Gonçalves,Pass (Dead),Vagner Gonçalves,Fouled
19,55,Boulaye Dia,Reims,0.05,0.21,Saved,18,Right Foot,,Nathanael Mbuku,Pass (Live),Dion Lopy,Pass (Live)
20,57,Boulaye Dia,Reims,0.08,,Off Target,15,Left Foot,,,,,
21,65,Fabien Centonze,Metz,0.02,,Blocked,31,Right Foot,,Fabien Centonze,Tackle,,
22,66,Farid Boulaya,Metz,0.04,,Off Target,29,Right Foot,Free kick,Farid Boulaya,Fouled,Alexandre Oukidja,Pass (Live)
23,77,Mathieu Cafaro,Reims,0.03,,Off Target,30,Right Foot,,Arber Zeneli,Fouled,,
24,80,Matthieu Udol,Metz,0.03,,Saved off Target,28,Right Foot,,John Boye,Pass (Live),Farid Boulaya,Pass (Live)
25,84,Thierry Ambrose,Metz,0.04,,Blocked,31,Right Foot,,Thierry Ambrose,Take-On,Farid Boulaya,Pass (Live)
26,90+3,Kaj Sierhuis,Reims,0.09,,Off Target,11,Head,,Mathieu Cafaro,Fouled,Dion Lopy,Pass (Live)
