season,injury,from,until,days,missed_games
22/23,flu,"Feb 18, 2023","Feb 23, 2023",5 days,2
19/20,Achilles tendon problems,"Nov 11, 2019","Nov 21, 2019",10 days,3
18/19,Fever,"Apr 12, 2019","Apr 15, 2019",3 days,1
18/19,Hamstring strain,"Nov 16, 2018","Nov 26, 2018",10 days,3
17/18,Broken finger,"Apr 11, 2018","Apr 21, 2018",10 days,4
17/18,Hamstring strain,"Sep 4, 2017","Sep 9, 2017",5 days,2
16/17,Achilles tendon problems,"Oct 3, 2016","Oct 12, 2016",9 days,4
15/16,Calf injury,"Mar 20, 2016","Apr 2, 2016",13 days,12
15/16,Calf problems,"Nov 5, 2015","Nov 17, 2015",12 days,5
14/15,Knee injury,"Jan 26, 2015","Jan 26, 2015",0 days,-
12/13,Ankle injury,"Dec 17, 2012","Jan 3, 2013",17 days,1
10/11,Broken foot,"May 2, 2011","Aug 22, 2011",112 days,24
09/10,Outer ligament problems,"Jul 20, 2009","Jul 28, 2009",8 days,3
07/08,Ankle injury,"Mar 20, 2008","Apr 17, 2008",28 days,11
