season,injury,from,until,days,missed_games
23/24,Knock,"Jun 9, 2024","Jun 12, 2024",3 days,1
22/23,unknown injury,"Jun 17, 2023","Jun 30, 2023",13 days,-
22/23,Heel problems,"May 21, 2023","Jun 8, 2023",18 days,3
22/23,Hamstring injury,"Dec 14, 2022","Dec 30, 2022",16 days,4
22/23,Hamstring strain,"Oct 8, 2022","Oct 26, 2022",18 days,3
20/21,Knock,"Jan 28, 2021","Feb 6, 2021",9 days,4
20/21,Virus,"Nov 9, 2020","Dec 5, 2020",26 days,4
19/20,Hamstring injury,"Oct 8, 2019","Oct 23, 2019",15 days,3
19/20,Knock,"Sep 2, 2019","Sep 13, 2019",11 days,2
