season,injury,from,until,days,missed_games
22/23,Muscle injury,"Jan 15, 2023","Jan 20, 2023",5 days,2
21/22,Corona virus,"Feb 12, 2022","Feb 18, 2022",6 days,2
21/22,Muscle injury,"Dec 3, 2021","Dec 5, 2021",2 days,1
20/21,Foot injury,"Feb 19, 2021","Mar 3, 2021",12 days,3
20/21,Corona virus,"Jan 30, 2021","Feb 7, 2021",8 days,1
20/21,Knee injury,"Dec 5, 2020","Dec 7, 2020",2 days,1
20/21,Muscle injury,"Oct 25, 2020","Nov 19, 2020",25 days,7
19/20,stomach problems,"Jul 7, 2020","Jul 8, 2020",1 days,1
17/18,Knee injury,"Oct 19, 2017","Nov 16, 2017",28 days,7
16/17,Shoulder injury,"Apr 27, 2017","May 1, 2017",4 days,1
16/17,Foot bruise,"Jan 2, 2017","Jan 12, 2017",10 days,3
15/16,Ankle injury,"Apr 25, 2016","May 2, 2016",7 days,2
15/16,Ankle injury,"Mar 28, 2016","Apr 4, 2016",7 days,2
15/16,Ankle injury,"Feb 15, 2016","Mar 3, 2016",17 days,4
14/15,Ankle injury,"Mar 9, 2015","Mar 16, 2015",7 days,1
