,Player Name,Player Number,Player,#,Nation,Pos,Age,Min,Gls,Ast,PK,PKatt,Sh,SoT,CrdY,CrdR,Touches,Tkl,Int,Blocks,xG,npxG,xAG,SCA,GCA,Cmp,Att,Cmp%,PrgP,Carries,PrgC,Att,Succ,Player Key,Player Link
0,Darwin Núñez,https://fbref.com/en/players/4d77b365/Darwin-Nunez,9,9,uy URU,FW,21-094,90,0,1,0,0,4,0,0,0,33,1,0,0,0.5,0.5,1.2,4,1,13,20,65.0,0,20,4,3,1,https://fbref.com/en/players/4d77b365/Darwin-Nunez-Darwin Núñez,
1,Luca Waldschmidt,https://fbref.com/en/players/e5a35ae9/Luca-Waldschmidt,10,10,de GER,FW,24-130,64,0,0,0,0,3,0,0,0,37,0,0,0,0.5,0.5,0.5,4,0,18,29,62.1,3,16,4,3,1,https://fbref.com/en/players/e5a35ae9/Luca-Waldschmidt-Luca Waldschmidt,
2,Haris Seferović,https://fbref.com/en/players/a45eac1f/Haris-Seferovic,14,14,ch SUI,FW,28-217,26,1,0,0,0,2,1,0,0,17,0,0,0,0.8,0.8,0.0,2,0,9,15,60.0,1,9,0,1,1,https://fbref.com/en/players/a45eac1f/Haris-Seferovic-Haris Seferović,
3,Everton Soares,https://fbref.com/en/players/b1cbc666/Everton-Soares,7,7,br BRA,LM,24-188,87,0,1,0,0,5,3,0,0,73,2,0,2,0.7,0.7,0.2,9,2,50,55,90.9,7,46,9,5,2,https://fbref.com/en/players/b1cbc666/Everton-Soares-Everton Soares,
4,Julian Weigl,https://fbref.com/en/players/346d51d9/Julian-Weigl,28,28,de GER,LM,25-018,3,0,0,0,0,0,0,0,0,6,0,0,0,0.0,0.0,0.0,0,0,5,6,83.3,0,3,0,0,0,https://fbref.com/en/players/346d51d9/Julian-Weigl-Julian Weigl,
5,Gabriel,https://fbref.com/en/players/0d10333c/Gabriel,8,8,br BRA,CM,27-008,90,0,0,0,0,3,2,0,0,114,2,4,3,0.1,0.1,0.0,2,0,84,97,86.6,11,55,0,1,0,https://fbref.com/en/players/0d10333c/Gabriel-Gabriel,
6,Pizzi,https://fbref.com/en/players/96094cbc/Pizzi,21,21,pt POR,CM,30-356,65,0,0,0,0,3,1,1,0,73,0,2,0,0.1,0.1,0.0,6,0,57,64,89.1,12,39,2,2,0,https://fbref.com/en/players/96094cbc/Pizzi-Pizzi,
7,Chiquinho,https://fbref.com/en/players/262e5a82/Chiquinho,19,19,pt POR,CM,25-069,25,0,0,0,0,0,0,0,0,20,0,0,0,0.0,0.0,0.1,2,0,16,19,84.2,1,11,1,0,0,https://fbref.com/en/players/262e5a82/Chiquinho-Chiquinho,
8,Rafa Silva,https://fbref.com/en/players/70cf63ca/Rafa-Silva,27,27,pt POR,RM,27-132,73,0,0,0,0,4,0,0,0,57,3,1,0,0.5,0.5,0.4,7,0,34,43,79.1,8,38,6,7,6,https://fbref.com/en/players/70cf63ca/Rafa-Silva-Rafa Silva,
9,Pedrinho,https://fbref.com/en/players/6796e284/Pedrinho,38,38,br BRA,RM,22-166,17,0,0,0,0,1,0,0,0,12,0,1,0,0.0,0.0,0.0,0,0,6,7,85.7,2,8,0,1,1,https://fbref.com/en/players/6796e284/Pedrinho-Pedrinho,
10,Álex Grimaldo,https://fbref.com/en/players/b1f4086c/Alex-Grimaldo,3,3,es ESP,LB,25-006,87,0,0,0,0,0,0,0,0,90,3,1,0,0.0,0.0,0.4,4,0,74,84,88.1,11,43,1,2,0,https://fbref.com/en/players/b1f4086c/Alex-Grimaldo-Álex Grimaldo,
11,Nuno Tavares,https://fbref.com/en/players/a65c844b/Nuno-Tavares,71,71,pt POR,LB,20-244,3,0,0,0,0,0,0,0,0,6,0,0,0,0.0,0.0,0.0,0,0,5,5,100.0,0,4,0,0,0,https://fbref.com/en/players/a65c844b/Nuno-Tavares-Nuno Tavares,
12,Jan Vertonghen,https://fbref.com/en/players/ba23a904/Jan-Vertonghen,5,5,be BEL,CB,33-155,90,0,0,0,0,2,1,0,0,61,1,0,0,0.3,0.3,0.0,3,0,55,59,93.2,6,30,0,0,0,https://fbref.com/en/players/ba23a904/Jan-Vertonghen-Jan Vertonghen,
13,Rúben Dias,https://fbref.com/en/players/31c69ef1/Ruben-Dias,6,6,pt POR,CB,23-135,90,1,0,0,0,1,1,0,0,77,0,0,1,0.1,0.1,0.0,2,0,67,73,91.8,15,53,1,0,0,https://fbref.com/en/players/31c69ef1/Ruben-Dias-Rúben Dias,
14,André Almeida,https://fbref.com/en/players/67b3d74b/Andre-Almeida,34,34,pt POR,RB,30-016,90,0,0,0,0,1,0,1,0,99,1,1,1,0.3,0.3,0.5,7,1,78,90,86.7,13,36,3,0,0,https://fbref.com/en/players/67b3d74b/Andre-Almeida-André Almeida,
15,Odisseas Vlachodimos,https://fbref.com/en/players/03df04ff/Odisseas-Vlachodimos,99,99,gr GRE,GK,26-153,90,0,0,0,0,0,0,0,0,21,0,0,0,0.0,0.0,0.0,0,0,19,20,95.0,0,9,0,0,0,https://fbref.com/en/players/03df04ff/Odisseas-Vlachodimos-Odisseas Vlachodimos,
