,Player Name,Player Number,Player,#,Nation,Pos,Age,Min,Tkl,TklW,Def 3rd,Mid 3rd,Att 3rd,Tkl,Att,Tkl%,Lost,Blocks,Sh,Pass,Int,Tkl+Int,Clr,Err,Player Key,Player Link
0,Darwin Núñez,https://fbref.com/en/players/4d77b365/Darwin-Nunez,9,9,uy URU,FW,21-094,90,1,1,0,0,1,0,0,,0,0,0,0,0,1,0,0,https://fbref.com/en/players/4d77b365/Darwin-Nunez-Darwin Núñez,
1,Luca Waldschmidt,https://fbref.com/en/players/e5a35ae9/Luca-Waldschmidt,10,10,de GER,FW,24-130,64,0,0,0,0,0,0,0,,0,0,0,0,0,0,0,0,https://fbref.com/en/players/e5a35ae9/Luca-Waldschmidt-Luca Waldschmidt,
2,Haris Seferović,https://fbref.com/en/players/a45eac1f/Haris-Seferovic,14,14,ch SUI,FW,28-217,26,0,0,0,0,0,0,0,,0,0,0,0,0,0,0,0,https://fbref.com/en/players/a45eac1f/Haris-Seferovic-Haris Seferović,
3,Everton Soares,https://fbref.com/en/players/b1cbc666/Everton-Soares,7,7,br BRA,LM,24-188,87,2,2,1,0,1,1,3,33.3,2,2,0,2,0,2,1,0,https://fbref.com/en/players/b1cbc666/Everton-Soares-Everton Soares,
4,Julian Weigl,https://fbref.com/en/players/346d51d9/Julian-Weigl,28,28,de GER,LM,25-018,3,0,0,0,0,0,0,0,,0,0,0,0,0,0,0,0,https://fbref.com/en/players/346d51d9/Julian-Weigl-Julian Weigl,
5,Gabriel,https://fbref.com/en/players/0d10333c/Gabriel,8,8,br BRA,CM,27-008,90,2,0,1,1,0,0,2,0.0,2,3,0,3,4,6,0,0,https://fbref.com/en/players/0d10333c/Gabriel-Gabriel,
6,Pizzi,https://fbref.com/en/players/96094cbc/Pizzi,21,21,pt POR,CM,30-356,65,0,0,0,0,0,0,0,,0,0,0,0,2,2,0,0,https://fbref.com/en/players/96094cbc/Pizzi-Pizzi,
7,Chiquinho,https://fbref.com/en/players/262e5a82/Chiquinho,19,19,pt POR,CM,25-069,25,0,0,0,0,0,0,0,,0,0,0,0,0,0,0,0,https://fbref.com/en/players/262e5a82/Chiquinho-Chiquinho,
8,Rafa Silva,https://fbref.com/en/players/70cf63ca/Rafa-Silva,27,27,pt POR,RM,27-132,73,3,2,1,0,2,2,2,100.0,0,0,0,0,1,4,0,0,https://fbref.com/en/players/70cf63ca/Rafa-Silva-Rafa Silva,
9,Pedrinho,https://fbref.com/en/players/6796e284/Pedrinho,38,38,br BRA,RM,22-166,17,0,0,0,0,0,0,0,,0,0,0,0,1,1,0,0,https://fbref.com/en/players/6796e284/Pedrinho-Pedrinho,
10,Álex Grimaldo,https://fbref.com/en/players/b1f4086c/Alex-Grimaldo,3,3,es ESP,LB,25-006,87,3,3,0,2,1,1,2,50.0,1,0,0,0,1,4,0,0,https://fbref.com/en/players/b1f4086c/Alex-Grimaldo-Álex Grimaldo,
11,Nuno Tavares,https://fbref.com/en/players/a65c844b/Nuno-Tavares,71,71,pt POR,LB,20-244,3,0,0,0,0,0,0,0,,0,0,0,0,0,0,0,0,https://fbref.com/en/players/a65c844b/Nuno-Tavares-Nuno Tavares,
12,Jan Vertonghen,https://fbref.com/en/players/ba23a904/Jan-Vertonghen,5,5,be BEL,CB,33-155,90,1,1,1,0,0,1,2,50.0,1,0,0,0,0,1,0,0,https://fbref.com/en/players/ba23a904/Jan-Vertonghen-Jan Vertonghen,
13,Rúben Dias,https://fbref.com/en/players/31c69ef1/Ruben-Dias,6,6,pt POR,CB,23-135,90,0,0,0,0,0,0,0,,0,1,0,1,0,0,0,0,https://fbref.com/en/players/31c69ef1/Ruben-Dias-Rúben Dias,
14,André Almeida,https://fbref.com/en/players/67b3d74b/Andre-Almeida,34,34,pt POR,RB,30-016,90,1,1,1,0,0,0,0,,0,1,0,1,1,2,0,0,https://fbref.com/en/players/67b3d74b/Andre-Almeida-André Almeida,
15,Odisseas Vlachodimos,https://fbref.com/en/players/03df04ff/Odisseas-Vlachodimos,99,99,gr GRE,GK,26-153,90,0,0,0,0,0,0,0,,0,0,0,0,0,0,0,0,https://fbref.com/en/players/03df04ff/Odisseas-Vlachodimos-Odisseas Vlachodimos,
