,Player Name,Player Number,Player,#,Nation,Pos,Age,Min,Touches,Def Pen,Def 3rd,Mid 3rd,Att 3rd,Att Pen,Live,Att,Succ,Succ%,Tkld,Tkld%,Carries,TotDist,PrgDist,PrgC,1/3,CPA,Mis,Dis,Rec,PrgR,Player Key,Player Link
0,Fábio Abreu,https://fbref.com/en/players/1b138544/Fabio-Abreu,9,9,ao ANG,FW,27-241,90,16,0,0,13,3,0,16,0,0,,0,,5,12,7,0,0,0,1,0,13,1,https://fbref.com/en/players/1b138544/Fabio-Abreu-Fábio Abreu,
1,Pedro Nuno,https://fbref.com/en/players/efb9975c/Pedro-Nuno,27,27,pt POR,LM,25-257,90,28,5,12,13,4,0,28,2,1,50.0,1,50.0,19,160,55,2,3,0,3,2,15,2,https://fbref.com/en/players/efb9975c/Pedro-Nuno-Pedro Nuno,
2,Filipe Soares,https://fbref.com/en/players/c6a3b58d/Filipe-Soares,21,21,pt POR,CM,21-129,90,43,1,16,23,6,1,43,2,2,100.0,0,0.0,16,146,46,1,2,0,2,2,22,0,https://fbref.com/en/players/c6a3b58d/Filipe-Soares-Filipe Soares,
3,Alexandre Miguel Barros Soares,https://fbref.com/en/players/ba0aead1/Alexandre-Miguel-Barros-Soares,26,26,pt POR,CM,29-209,82,34,1,13,16,6,1,34,0,0,,0,,16,87,49,0,0,0,2,0,22,1,https://fbref.com/en/players/ba0aead1/Alexandre-Miguel-Barros-Soares-Alexandre Miguel Barros Soares,
4,Ibrahima Camará,https://fbref.com/en/players/922f894e/Ibrahima-Camara,8,8,gn GUI,CM,21-245,8,5,0,1,3,1,0,5,0,0,,0,,2,2,2,0,0,0,0,0,2,0,https://fbref.com/en/players/922f894e/Ibrahima-Camara-Ibrahima Camará,
5,Lucas,https://fbref.com/en/players/7a3d0687/Lucas,11,11,br BRA,RM,21-030,60,22,0,6,5,11,1,22,2,1,50.0,1,50.0,14,84,43,2,0,0,3,2,18,6,https://fbref.com/en/players/7a3d0687/Lucas-Lucas,
6,Felipe Pires,https://fbref.com/en/players/2cd3d3ce/Felipe-Pires,10,10,br BRA,RM,25-161,30,8,0,2,4,2,1,8,0,0,,0,,6,46,11,1,0,1,0,0,8,2,https://fbref.com/en/players/2cd3d3ce/Felipe-Pires-Felipe Pires,
7,Fábio Pacheco,https://fbref.com/en/players/b74fb61f/Fabio-Pacheco,6,6,pt POR,DM,32-123,81,35,10,23,10,2,0,35,1,0,0.0,1,100.0,9,36,23,1,0,0,2,1,10,0,https://fbref.com/en/players/b74fb61f/Fabio-Pacheco-Fábio Pacheco,
8,Gonçalo Franco,https://fbref.com/en/players/9029d5f2/Goncalo-Franco,88,88,pt POR,DM,19-314,9,2,0,1,1,0,0,2,0,0,,0,,0,0,0,0,0,0,0,1,0,0,https://fbref.com/en/players/9029d5f2/Goncalo-Franco-Gonçalo Franco,
9,Pedro Amador,https://fbref.com/en/players/00dad262/Pedro-Amador,81,81,pt POR,LB,21-283,90,54,4,28,22,5,0,54,1,0,0.0,1,100.0,21,109,35,0,0,0,2,0,23,2,https://fbref.com/en/players/00dad262/Pedro-Amador-Pedro Amador,
10,Steven Vitória,https://fbref.com/en/players/9bc450e6/Steven-Vitoria,19,19,ca CAN,CB,33-259,90,30,6,20,10,0,0,30,0,0,,0,,10,30,14,0,0,0,0,0,13,0,https://fbref.com/en/players/9bc450e6/Steven-Vitoria-Steven Vitória,
11,Lazar Rosić,https://fbref.com/en/players/3c285843/Lazar-Rosic,3,3,rs SRB,CB,27-089,90,23,11,18,5,0,0,23,0,0,,0,,8,35,26,1,0,0,0,0,9,0,https://fbref.com/en/players/3c285843/Lazar-Rosic-Lazar Rosić,
12,Anthony D'Alberto,https://fbref.com/en/players/98684b0c/Anthony-DAlberto,2,2,be BEL,RB,25-349,66,44,9,29,11,4,0,44,2,2,100.0,0,0.0,18,70,26,1,0,0,1,0,21,4,https://fbref.com/en/players/98684b0c/Anthony-DAlberto-Anthony D'Alberto,
13,Matheus Silva,https://fbref.com/en/players/79ccb6eb/Matheus-Silva,13,13,br BRA,RB,22-359,24,8,1,1,4,4,0,8,1,0,0.0,1,100.0,3,39,11,1,1,0,0,0,3,0,https://fbref.com/en/players/79ccb6eb/Matheus-Silva-Matheus Silva,
14,Mateus Pasinato,https://fbref.com/en/players/f16f9b47/Mateus-Pasinato,14,14,br BRA,GK,28-090,90,50,47,50,0,0,0,50,0,0,,0,,14,99,74,0,0,0,0,0,9,0,https://fbref.com/en/players/f16f9b47/Mateus-Pasinato-Mateus Pasinato,
