,Player Name,Player Number,Player,#,Nation,Pos,Age,Min,Gls,Ast,PK,PKatt,Sh,SoT,CrdY,CrdR,Touches,Tkl,Int,Blocks,xG,npxG,xAG,SCA,GCA,Cmp,Att,Cmp%,PrgP,Carries,PrgC,Att,Succ,Player Key,Player Link
0,Fábio Abreu,https://fbref.com/en/players/1b138544/Fabio-Abreu,9,9,ao ANG,FW,27-241,90,0,0,0,0,0,0,0,0,16,0,0,0,0.0,0.0,0.0,1,0,7,12,58.3,1,5,0,0,0,https://fbref.com/en/players/1b138544/Fabio-Abreu-Fábio Abreu,
1,Pedro Nuno,https://fbref.com/en/players/efb9975c/Pedro-Nuno,27,27,pt POR,LM,25-257,90,0,0,0,0,2,0,0,0,28,0,0,3,0.0,0.0,0.0,0,0,11,16,68.8,2,19,2,2,1,https://fbref.com/en/players/efb9975c/Pedro-Nuno-Pedro Nuno,
2,Filipe Soares,https://fbref.com/en/players/c6a3b58d/Filipe-Soares,21,21,pt POR,CM,21-129,90,0,0,0,0,0,0,0,0,43,7,1,2,0.0,0.0,0.0,2,0,19,28,67.9,3,16,1,2,2,https://fbref.com/en/players/c6a3b58d/Filipe-Soares-Filipe Soares,
3,Alexandre Miguel Barros Soares,https://fbref.com/en/players/ba0aead1/Alexandre-Miguel-Barros-Soares,26,26,pt POR,CM,29-209,82,0,0,0,0,1,0,0,0,34,2,1,1,0.1,0.1,0.0,1,0,18,23,78.3,2,16,0,0,0,https://fbref.com/en/players/ba0aead1/Alexandre-Miguel-Barros-Soares-Alexandre Miguel Barros Soares,
4,Ibrahima Camará,https://fbref.com/en/players/922f894e/Ibrahima-Camara,8,8,gn GUI,CM,21-245,8,0,0,0,0,0,0,0,0,5,1,0,0,0.0,0.0,0.0,0,0,2,4,50.0,0,2,0,0,0,https://fbref.com/en/players/922f894e/Ibrahima-Camara-Ibrahima Camará,
5,Lucas,https://fbref.com/en/players/7a3d0687/Lucas,11,11,br BRA,RM,21-030,60,0,0,0,0,2,1,0,0,22,1,0,0,0.1,0.1,0.1,1,0,10,14,71.4,3,14,2,2,1,https://fbref.com/en/players/7a3d0687/Lucas-Lucas,
6,Felipe Pires,https://fbref.com/en/players/2cd3d3ce/Felipe-Pires,10,10,br BRA,RM,25-161,30,0,0,0,0,0,0,0,0,8,0,0,0,0.0,0.0,0.0,0,0,4,8,50.0,1,6,1,0,0,https://fbref.com/en/players/2cd3d3ce/Felipe-Pires-Felipe Pires,
7,Fábio Pacheco,https://fbref.com/en/players/b74fb61f/Fabio-Pacheco,6,6,pt POR,DM,32-123,81,0,0,0,0,0,0,0,0,35,5,1,1,0.0,0.0,0.0,0,0,15,21,71.4,2,9,1,1,0,https://fbref.com/en/players/b74fb61f/Fabio-Pacheco-Fábio Pacheco,
8,Gonçalo Franco,https://fbref.com/en/players/9029d5f2/Goncalo-Franco,88,88,pt POR,DM,19-314,9,0,0,0,0,0,0,0,0,2,0,0,0,0.0,0.0,0.0,0,0,1,2,50.0,0,0,0,0,0,https://fbref.com/en/players/9029d5f2/Goncalo-Franco-Gonçalo Franco,
9,Pedro Amador,https://fbref.com/en/players/00dad262/Pedro-Amador,81,81,pt POR,LB,21-283,90,0,0,0,0,0,0,0,0,54,3,5,3,0.0,0.0,0.0,2,0,24,38,63.2,1,21,0,1,0,https://fbref.com/en/players/00dad262/Pedro-Amador-Pedro Amador,
10,Steven Vitória,https://fbref.com/en/players/9bc450e6/Steven-Vitoria,19,19,ca CAN,CB,33-259,90,0,0,0,0,0,0,0,0,30,1,5,1,0.0,0.0,0.0,1,0,15,18,83.3,1,10,0,0,0,https://fbref.com/en/players/9bc450e6/Steven-Vitoria-Steven Vitória,
11,Lazar Rosić,https://fbref.com/en/players/3c285843/Lazar-Rosic,3,3,rs SRB,CB,27-089,90,0,0,0,0,0,0,0,0,23,0,0,2,0.0,0.0,0.0,0,0,10,12,83.3,0,8,1,0,0,https://fbref.com/en/players/3c285843/Lazar-Rosic-Lazar Rosić,
12,Anthony D'Alberto,https://fbref.com/en/players/98684b0c/Anthony-DAlberto,2,2,be BEL,RB,25-349,66,0,0,0,0,0,0,0,0,44,6,2,1,0.0,0.0,0.0,0,0,24,31,77.4,2,18,1,2,2,https://fbref.com/en/players/98684b0c/Anthony-DAlberto-Anthony D'Alberto,
13,Matheus Silva,https://fbref.com/en/players/79ccb6eb/Matheus-Silva,13,13,br BRA,RB,22-359,24,0,0,0,0,0,0,0,0,8,1,0,0,0.0,0.0,0.0,0,0,2,6,33.3,0,3,1,1,0,https://fbref.com/en/players/79ccb6eb/Matheus-Silva-Matheus Silva,
14,Mateus Pasinato,https://fbref.com/en/players/f16f9b47/Mateus-Pasinato,14,14,br BRA,GK,28-090,90,0,0,0,0,0,0,0,0,50,0,0,0,0.0,0.0,0.0,0,0,27,48,56.3,0,14,0,0,0,https://fbref.com/en/players/f16f9b47/Mateus-Pasinato-Mateus Pasinato,
