,Player Name,Player Number,Player,#,Nation,Pos,Age,Min,Tkl,TklW,Def 3rd,Mid 3rd,Att 3rd,Tkl,Att,Tkl%,Lost,Blocks,Sh,Pass,Int,Tkl+Int,Clr,Err,Player Key,Player Link
0,Charlie Austin,https://fbref.com/en/players/8d228291/Charlie-Austin,45,45,eng ENG,FW,31-258,64,2,2,1,1,0,1,1,100.0,0,0,0,0,0,2,1,0,https://fbref.com/en/players/8d228291/Charlie-Austin-Charlie Austin,
1,Chris Willock,https://fbref.com/en/players/be0bd828/Chris-Willock,21,21,eng ENG,FW,23-048,26,1,1,0,0,1,0,2,0.0,2,0,0,0,0,1,0,0,https://fbref.com/en/players/be0bd828/Chris-Willock-Chris Willock,
2,Lyndon Dykes,https://fbref.com/en/players/cd92357a/Lyndon-Dykes,9,9,sct SCO,FW,25-164,90,1,1,0,0,1,0,1,0.0,1,1,1,0,0,1,0,0,https://fbref.com/en/players/cd92357a/Lyndon-Dykes-Lyndon Dykes,
3,Ilias Chair,https://fbref.com/en/players/ad7873cb/Ilias-Chair,10,10,ma MAR,AM,23-141,64,1,0,0,0,1,0,1,0.0,1,0,0,0,0,1,0,0,https://fbref.com/en/players/ad7873cb/Ilias-Chair-Ilias Chair,
4,Dominic Ball,https://fbref.com/en/players/79d61875/Dominic-Ball,12,12,eng ENG,AM,25-230,25,0,0,0,0,0,0,0,,0,0,0,0,1,1,0,0,https://fbref.com/en/players/79d61875/Dominic-Ball-Dominic Ball,
5,Todd Kane,https://fbref.com/en/players/dd082c59/Todd-Kane,2,2,eng ENG,AM,27-184,1,0,0,0,0,0,0,0,,0,0,0,0,0,0,0,0,https://fbref.com/en/players/dd082c59/Todd-Kane-Todd Kane,
6,Sam Field,https://fbref.com/en/players/bd8a7d05/Sam-Field,15,15,eng ENG,CM,22-316,90,2,2,1,0,1,1,3,33.3,2,2,2,0,0,2,2,0,https://fbref.com/en/players/bd8a7d05/Sam-Field-Sam Field,
7,Stefan Johansen,https://fbref.com/en/players/a48da055/Stefan-Johansen,14,14,no NOR,CM,30-071,90,0,0,0,0,0,0,3,0.0,3,2,0,2,1,1,0,0,https://fbref.com/en/players/a48da055/Stefan-Johansen-Stefan Johansen,
8,Lee Wallace,https://fbref.com/en/players/c3a396e2/Lee-Wallace,3,3,sct SCO,WB,33-231,90,3,2,1,2,0,1,2,50.0,1,1,0,1,0,3,0,0,https://fbref.com/en/players/c3a396e2/Lee-Wallace-Lee Wallace,
9,Osman Kakay,https://fbref.com/en/players/0aed0751/Osman-Kakay,24,24,sl SLE,WB,23-207,90,1,0,0,0,1,0,0,,0,1,0,1,1,2,3,0,https://fbref.com/en/players/0aed0751/Osman-Kakay-Osman Kakay,
10,Yoann Barbet,https://fbref.com/en/players/c52bbd2c/Yoann-Barbet,6,6,fr FRA,CB,27-314,90,2,1,1,1,0,0,1,0.0,1,2,2,0,3,5,7,0,https://fbref.com/en/players/c52bbd2c/Yoann-Barbet-Yoann Barbet,
11,Jordy de Wijs,https://fbref.com/en/players/3bb5b5d2/Jordy-de-Wijs,5,5,nl NED,CB,26-071,48,2,2,1,1,0,1,1,100.0,0,1,1,0,1,3,5,0,https://fbref.com/en/players/3bb5b5d2/Jordy-de-Wijs-Jordy de Wijs,
12,Geoff Cameron,https://fbref.com/en/players/1a160ea3/Geoff-Cameron,20,20,us USA,CB,35-252,42,1,1,1,0,0,1,1,100.0,0,0,0,0,4,5,0,0,https://fbref.com/en/players/1a160ea3/Geoff-Cameron-Geoff Cameron,
13,Robert Dickie,https://fbref.com/en/players/c7dfc411/Robert-Dickie,4,4,eng ENG,CB,25-017,90,0,0,0,0,0,0,2,0.0,2,3,2,1,1,1,2,0,https://fbref.com/en/players/c7dfc411/Robert-Dickie-Robert Dickie,
14,Seny Dieng,https://fbref.com/en/players/c135cddd/Seny-Dieng,13,13,sn SEN,GK,26-117,90,0,0,0,0,0,0,0,,0,0,0,0,0,0,0,0,https://fbref.com/en/players/c135cddd/Seny-Dieng-Seny Dieng,
