,Player Name,Player Number,Player,#,Nation,Pos,Age,Min,Touches,Def Pen,Def 3rd,Mid 3rd,Att 3rd,Att Pen,Live,Att,Succ,Succ%,Tkld,Tkld%,Carries,TotDist,PrgDist,PrgC,1/3,CPA,Mis,Dis,Rec,PrgR,Player Key,Player Link
0,Charlie Austin,https://fbref.com/en/players/8d228291/Charlie-Austin,45,45,eng ENG,FW,31-258,64,22,1,2,12,8,2,22,0,0,,0,,12,60,26,1,0,0,1,2,16,1,https://fbref.com/en/players/8d228291/Charlie-Austin-Charlie Austin,
1,Chris Willock,https://fbref.com/en/players/be0bd828/Chris-Willock,21,21,eng ENG,FW,23-048,26,26,0,1,5,20,5,26,3,0,0.0,3,100.0,14,73,38,2,0,2,0,1,23,7,https://fbref.com/en/players/be0bd828/Chris-Willock-Chris Willock,
2,Lyndon Dykes,https://fbref.com/en/players/cd92357a/Lyndon-Dykes,9,9,sct SCO,FW,25-164,90,43,2,4,15,24,3,43,0,0,,0,,19,78,23,2,1,0,2,2,32,7,https://fbref.com/en/players/cd92357a/Lyndon-Dykes-Lyndon Dykes,
3,Ilias Chair,https://fbref.com/en/players/ad7873cb/Ilias-Chair,10,10,ma MAR,AM,23-141,64,40,0,4,21,16,5,40,0,0,,0,,28,182,86,4,3,2,2,3,31,7,https://fbref.com/en/players/ad7873cb/Ilias-Chair-Ilias Chair,
4,Dominic Ball,https://fbref.com/en/players/79d61875/Dominic-Ball,12,12,eng ENG,AM,25-230,25,18,0,1,9,8,3,18,1,1,100.0,0,0.0,9,47,1,0,0,0,0,0,10,2,https://fbref.com/en/players/79d61875/Dominic-Ball-Dominic Ball,
5,Todd Kane,https://fbref.com/en/players/dd082c59/Todd-Kane,2,2,eng ENG,AM,27-184,1,1,0,0,0,1,0,1,0,0,,0,,1,5,4,0,0,0,0,0,1,0,https://fbref.com/en/players/dd082c59/Todd-Kane-Todd Kane,
6,Sam Field,https://fbref.com/en/players/bd8a7d05/Sam-Field,15,15,eng ENG,CM,22-316,90,62,3,15,42,5,2,62,1,1,100.0,0,0.0,27,77,25,0,0,0,3,0,37,2,https://fbref.com/en/players/bd8a7d05/Sam-Field-Sam Field,
7,Stefan Johansen,https://fbref.com/en/players/a48da055/Stefan-Johansen,14,14,no NOR,CM,30-071,90,81,2,11,42,28,3,81,2,1,50.0,1,50.0,48,333,150,3,1,0,1,2,65,0,https://fbref.com/en/players/a48da055/Stefan-Johansen-Stefan Johansen,
8,Lee Wallace,https://fbref.com/en/players/c3a396e2/Lee-Wallace,3,3,sct SCO,WB,33-231,90,53,0,6,25,22,7,53,3,3,100.0,0,0.0,27,107,61,3,0,2,0,1,37,15,https://fbref.com/en/players/c3a396e2/Lee-Wallace-Lee Wallace,
9,Osman Kakay,https://fbref.com/en/players/0aed0751/Osman-Kakay,24,24,sl SLE,WB,23-207,90,64,3,8,32,24,1,64,4,1,25.0,3,75.0,31,125,50,2,1,0,4,2,35,6,https://fbref.com/en/players/0aed0751/Osman-Kakay-Osman Kakay,
10,Yoann Barbet,https://fbref.com/en/players/c52bbd2c/Yoann-Barbet,6,6,fr FRA,CB,27-314,90,75,8,39,31,5,1,75,0,0,,0,,39,151,89,3,1,0,0,0,43,0,https://fbref.com/en/players/c52bbd2c/Yoann-Barbet-Yoann Barbet,
11,Jordy de Wijs,https://fbref.com/en/players/3bb5b5d2/Jordy-de-Wijs,5,5,nl NED,CB,26-071,48,52,9,37,14,1,1,52,0,0,,0,,27,99,57,0,0,0,0,0,32,0,https://fbref.com/en/players/3bb5b5d2/Jordy-de-Wijs-Jordy de Wijs,
12,Geoff Cameron,https://fbref.com/en/players/1a160ea3/Geoff-Cameron,20,20,us USA,CB,35-252,42,25,2,15,10,0,0,25,0,0,,0,,11,50,34,0,0,0,0,0,10,0,https://fbref.com/en/players/1a160ea3/Geoff-Cameron-Geoff Cameron,
13,Robert Dickie,https://fbref.com/en/players/c7dfc411/Robert-Dickie,4,4,eng ENG,CB,25-017,90,87,10,40,40,9,1,87,3,2,66.7,1,33.3,49,181,101,0,2,0,1,0,61,0,https://fbref.com/en/players/c7dfc411/Robert-Dickie-Robert Dickie,
14,Seny Dieng,https://fbref.com/en/players/c135cddd/Seny-Dieng,13,13,sn SEN,GK,26-117,90,35,33,35,0,0,0,35,0,0,,0,,23,110,72,0,0,0,0,0,19,0,https://fbref.com/en/players/c135cddd/Seny-Dieng-Seny Dieng,
