,Player Name,Player Number,Player,#,Nation,Pos,Age,Min,Touches,Def Pen,Def 3rd,Mid 3rd,Att 3rd,Att Pen,Live,Att,Succ,Succ%,Tkld,Tkld%,Carries,TotDist,PrgDist,PrgC,1/3,CPA,Mis,Dis,Rec,PrgR,Player Key,Player Link
0,Lucas João,https://fbref.com/en/players/9ddd4e40/Lucas-Joao,18,18,ao ANG,FW,27-197,78,25,2,3,12,10,6,25,2,0,0.0,2,100.0,18,55,29,0,1,0,1,1,21,5,https://fbref.com/en/players/9ddd4e40/Lucas-Joao-Lucas João,
1,George Pușcaș,https://fbref.com/en/players/c23c8e0d/George-Puscas,47,47,ro ROU,FW,24-346,12,3,0,1,1,1,0,3,0,0,,0,,1,10,8,0,0,0,0,0,2,0,https://fbref.com/en/players/c23c8e0d/George-Puscas-George Pușcaș,
2,Ovie Ejaria,https://fbref.com/en/players/a801669e/Ovie-Ejaria,14,14,eng ENG,LW,23-122,90,61,0,5,29,28,3,61,7,6,85.7,1,14.3,45,264,116,3,2,0,3,3,44,3,https://fbref.com/en/players/a801669e/Ovie-Ejaria-Ovie Ejaria,
3,Yakou Méïte,https://fbref.com/en/players/c55e8ab0/Yakou-Meite,11,11,ci CIV,RW,25-037,90,23,1,2,4,17,4,23,2,1,50.0,1,50.0,15,80,28,1,0,1,3,0,17,7,https://fbref.com/en/players/c55e8ab0/Yakou-Meite-Yakou Méïte,
4,Michael Olise,https://fbref.com/en/players/c4486bac/Michael-Olise,7,7,fr FRA,AM,19-098,78,70,0,5,32,34,4,70,1,1,100.0,0,0.0,41,234,82,2,2,0,0,1,50,7,https://fbref.com/en/players/c4486bac/Michael-Olise-Michael Olise,
5,Alfa Semedo,https://fbref.com/en/players/07750704/Alfa-Semedo,30,30,gw GNB,AM,23-202,12,7,1,5,2,0,0,7,0,0,,0,,2,2,1,0,0,0,0,0,3,0,https://fbref.com/en/players/07750704/Alfa-Semedo-Alfa Semedo,
6,Josh Laurent,https://fbref.com/en/players/f0068e0f/Josh-Laurent,28,28,eng ENG,DM,25-318,90,57,2,21,30,8,1,57,1,1,100.0,0,0.0,28,130,67,0,1,0,0,1,27,0,https://fbref.com/en/players/f0068e0f/Josh-Laurent-Josh Laurent,
7,Andy Rinomhota,https://fbref.com/en/players/e9bfd3cf/Andy-Rinomhota,8,8,zw ZIM,DM,23-333,90,51,2,10,23,20,2,51,3,3,100.0,0,0.0,31,203,75,2,2,0,1,2,34,2,https://fbref.com/en/players/e9bfd3cf/Andy-Rinomhota-Andy Rinomhota,
8,Omar Richards,https://fbref.com/en/players/f9b1b7bf/Omar-Richards,3,3,eng ENG,LB,23-033,90,63,3,20,31,14,4,63,0,0,,0,,35,100,62,1,1,0,3,2,42,6,https://fbref.com/en/players/f9b1b7bf/Omar-Richards-Omar Richards,
9,Lewis Gibson,https://fbref.com/en/players/cdf0f2db/Lewis-Gibson,15,15,eng ENG,CB,20-244,90,73,11,42,29,3,0,73,0,0,,0,,42,196,97,0,0,0,0,0,39,0,https://fbref.com/en/players/cdf0f2db/Lewis-Gibson-Lewis Gibson,
10,Liam Moore,https://fbref.com/en/players/bcee97a4/Liam-Moore,6,6,jm JAM,CB,28-048,90,36,10,26,10,0,0,36,0,0,,0,,24,137,44,0,0,0,0,0,23,0,https://fbref.com/en/players/bcee97a4/Liam-Moore-Liam Moore,
11,Tom Holmes,https://fbref.com/en/players/db317640/Tom-Holmes,29,29,eng ENG,RB,21-008,82,71,9,26,31,15,3,71,1,0,0.0,1,100.0,27,88,28,0,1,0,2,0,30,0,https://fbref.com/en/players/db317640/Tom-Holmes-Tom Holmes,
12,Tomás Esteves,https://fbref.com/en/players/20ffe5b9/Tomas-Esteves,2,2,pt POR,RB,18-351,8,10,2,4,4,2,0,10,1,1,100.0,0,0.0,3,18,5,0,0,0,1,1,2,0,https://fbref.com/en/players/20ffe5b9/Tomas-Esteves-Tomás Esteves,
13,Rafael Cabral,https://fbref.com/en/players/806f7a26/Rafael-Cabral,33,33,br BRA,GK,30-304,90,42,36,42,0,0,0,42,0,0,,0,,27,142,109,0,0,0,0,0,20,0,https://fbref.com/en/players/806f7a26/Rafael-Cabral-Rafael Cabral,
