,Player Name,Player Number,Player,#,Nation,Pos,Age,Min,Gls,Ast,PK,PKatt,Sh,SoT,CrdY,CrdR,Touches,Tkl,Int,Blocks,xG,npxG,xAG,SCA,GCA,Cmp,Att,Cmp%,PrgP,Carries,PrgC,Att,Succ,Player Key,Player Link
0,Lucas João,https://fbref.com/en/players/9ddd4e40/Lucas-Joao,18,18,ao ANG,FW,27-197,78,0,0,0,0,5,0,0,0,25,1,0,0,0.8,0.8,0.5,3,0,12,14,85.7,0,18,0,2,0,https://fbref.com/en/players/9ddd4e40/Lucas-Joao-Lucas João,
1,George Pușcaș,https://fbref.com/en/players/c23c8e0d/George-Puscas,47,47,ro ROU,FW,24-346,12,0,0,0,0,0,0,0,0,3,0,0,0,0.0,0.0,0.0,0,0,1,3,33.3,0,1,0,0,0,https://fbref.com/en/players/c23c8e0d/George-Puscas-George Pușcaș,
2,Ovie Ejaria,https://fbref.com/en/players/a801669e/Ovie-Ejaria,14,14,eng ENG,LW,23-122,90,0,0,0,0,0,0,0,0,61,2,2,0,0.0,0.0,1.2,12,0,45,52,86.5,8,45,3,7,6,https://fbref.com/en/players/a801669e/Ovie-Ejaria-Ovie Ejaria,
3,Yakou Méïte,https://fbref.com/en/players/c55e8ab0/Yakou-Meite,11,11,ci CIV,RW,25-037,90,1,0,0,0,3,2,0,0,23,0,0,0,0.5,0.5,0.0,2,1,11,13,84.6,1,15,1,2,1,https://fbref.com/en/players/c55e8ab0/Yakou-Meite-Yakou Méïte,
4,Michael Olise,https://fbref.com/en/players/c4486bac/Michael-Olise,7,7,fr FRA,AM,19-098,78,0,0,0,0,3,0,0,0,70,0,1,1,0.5,0.5,0.2,7,0,43,59,72.9,6,41,2,1,1,https://fbref.com/en/players/c4486bac/Michael-Olise-Michael Olise,
5,Alfa Semedo,https://fbref.com/en/players/07750704/Alfa-Semedo,30,30,gw GNB,AM,23-202,12,0,0,0,0,0,0,0,0,7,2,0,0,0.0,0.0,0.0,0,0,2,3,66.7,0,2,0,0,0,https://fbref.com/en/players/07750704/Alfa-Semedo-Alfa Semedo,
6,Josh Laurent,https://fbref.com/en/players/f0068e0f/Josh-Laurent,28,28,eng ENG,DM,25-318,90,0,0,0,0,1,0,0,0,57,4,1,3,0.5,0.5,0.0,2,0,39,47,83.0,4,28,0,1,1,https://fbref.com/en/players/f0068e0f/Josh-Laurent-Josh Laurent,
7,Andy Rinomhota,https://fbref.com/en/players/e9bfd3cf/Andy-Rinomhota,8,8,zw ZIM,DM,23-333,90,0,1,0,0,1,0,0,0,51,3,1,1,0.1,0.1,0.4,3,1,37,43,86.0,5,31,2,3,3,https://fbref.com/en/players/e9bfd3cf/Andy-Rinomhota-Andy Rinomhota,
8,Omar Richards,https://fbref.com/en/players/f9b1b7bf/Omar-Richards,3,3,eng ENG,LB,23-033,90,0,0,0,0,0,0,0,0,63,2,1,1,0.0,0.0,0.0,1,0,38,53,71.7,2,35,1,0,0,https://fbref.com/en/players/f9b1b7bf/Omar-Richards-Omar Richards,
9,Lewis Gibson,https://fbref.com/en/players/cdf0f2db/Lewis-Gibson,15,15,eng ENG,CB,20-244,90,0,0,0,0,3,0,0,0,73,3,4,1,0.1,0.1,0.0,0,0,42,56,75.0,4,42,0,0,0,https://fbref.com/en/players/cdf0f2db/Lewis-Gibson-Lewis Gibson,
10,Liam Moore,https://fbref.com/en/players/bcee97a4/Liam-Moore,6,6,jm JAM,CB,28-048,90,0,0,0,0,0,0,0,0,36,1,3,1,0.0,0.0,0.0,0,0,22,30,73.3,0,24,0,0,0,https://fbref.com/en/players/bcee97a4/Liam-Moore-Liam Moore,
11,Tom Holmes,https://fbref.com/en/players/db317640/Tom-Holmes,29,29,eng ENG,RB,21-008,82,0,0,0,0,1,0,0,0,71,3,2,1,0.0,0.0,0.0,1,0,41,55,74.5,2,27,0,1,0,https://fbref.com/en/players/db317640/Tom-Holmes-Tom Holmes,
12,Tomás Esteves,https://fbref.com/en/players/20ffe5b9/Tomas-Esteves,2,2,pt POR,RB,18-351,8,0,0,0,0,0,0,0,0,10,0,0,0,0.0,0.0,0.0,0,0,4,5,80.0,0,3,0,1,1,https://fbref.com/en/players/20ffe5b9/Tomas-Esteves-Tomás Esteves,
13,Rafael Cabral,https://fbref.com/en/players/806f7a26/Rafael-Cabral,33,33,br BRA,GK,30-304,90,0,0,0,0,0,0,0,0,42,0,0,0,0.0,0.0,0.0,0,0,23,42,54.8,0,27,0,0,0,https://fbref.com/en/players/806f7a26/Rafael-Cabral-Rafael Cabral,
