,Player Name,Player Number,Player,#,Nation,Pos,Age,Min,Tkl,TklW,Def 3rd,Mid 3rd,Att 3rd,Tkl,Att,Tkl%,Lost,Blocks,Sh,Pass,Int,Tkl+Int,Clr,Err,Player Key,Player Link
0,Lucas João,https://fbref.com/en/players/9ddd4e40/Lucas-Joao,18,18,ao ANG,FW,27-197,78,1,1,0,0,1,0,0,,0,0,0,0,0,1,2,0,https://fbref.com/en/players/9ddd4e40/Lucas-Joao-Lucas João,
1,George Pușcaș,https://fbref.com/en/players/c23c8e0d/George-Puscas,47,47,ro ROU,FW,24-346,12,0,0,0,0,0,0,0,,0,0,0,0,0,0,0,0,https://fbref.com/en/players/c23c8e0d/George-Puscas-George Pușcaș,
2,Ovie Ejaria,https://fbref.com/en/players/a801669e/Ovie-Ejaria,14,14,eng ENG,LW,23-122,90,2,2,0,0,2,1,3,33.3,2,0,0,0,2,4,0,0,https://fbref.com/en/players/a801669e/Ovie-Ejaria-Ovie Ejaria,
3,Yakou Méïte,https://fbref.com/en/players/c55e8ab0/Yakou-Meite,11,11,ci CIV,RW,25-037,90,0,0,0,0,0,0,0,,0,0,0,0,0,0,1,0,https://fbref.com/en/players/c55e8ab0/Yakou-Meite-Yakou Méïte,
4,Michael Olise,https://fbref.com/en/players/c4486bac/Michael-Olise,7,7,fr FRA,AM,19-098,78,0,0,0,0,0,0,1,0.0,1,1,0,1,1,1,1,0,https://fbref.com/en/players/c4486bac/Michael-Olise-Michael Olise,
5,Alfa Semedo,https://fbref.com/en/players/07750704/Alfa-Semedo,30,30,gw GNB,AM,23-202,12,2,2,2,0,0,1,1,100.0,0,0,0,0,0,2,1,0,https://fbref.com/en/players/07750704/Alfa-Semedo-Alfa Semedo,
6,Josh Laurent,https://fbref.com/en/players/f0068e0f/Josh-Laurent,28,28,eng ENG,DM,25-318,90,4,2,2,2,0,1,3,33.3,2,3,1,2,1,5,1,0,https://fbref.com/en/players/f0068e0f/Josh-Laurent-Josh Laurent,
7,Andy Rinomhota,https://fbref.com/en/players/e9bfd3cf/Andy-Rinomhota,8,8,zw ZIM,DM,23-333,90,3,2,2,1,0,1,1,100.0,0,1,1,0,1,4,1,0,https://fbref.com/en/players/e9bfd3cf/Andy-Rinomhota-Andy Rinomhota,
8,Omar Richards,https://fbref.com/en/players/f9b1b7bf/Omar-Richards,3,3,eng ENG,LB,23-033,90,2,0,1,1,0,2,4,50.0,2,1,0,1,1,3,3,0,https://fbref.com/en/players/f9b1b7bf/Omar-Richards-Omar Richards,
9,Lewis Gibson,https://fbref.com/en/players/cdf0f2db/Lewis-Gibson,15,15,eng ENG,CB,20-244,90,3,2,2,1,0,1,1,100.0,0,1,1,0,4,7,7,0,https://fbref.com/en/players/cdf0f2db/Lewis-Gibson-Lewis Gibson,
10,Liam Moore,https://fbref.com/en/players/bcee97a4/Liam-Moore,6,6,jm JAM,CB,28-048,90,1,0,0,1,0,0,0,,0,1,1,0,3,4,1,0,https://fbref.com/en/players/bcee97a4/Liam-Moore-Liam Moore,
11,Tom Holmes,https://fbref.com/en/players/db317640/Tom-Holmes,29,29,eng ENG,RB,21-008,82,3,1,2,0,1,1,3,33.3,2,1,0,1,2,5,4,0,https://fbref.com/en/players/db317640/Tom-Holmes-Tom Holmes,
12,Tomás Esteves,https://fbref.com/en/players/20ffe5b9/Tomas-Esteves,2,2,pt POR,RB,18-351,8,0,0,0,0,0,0,0,,0,0,0,0,0,0,3,0,https://fbref.com/en/players/20ffe5b9/Tomas-Esteves-Tomás Esteves,
13,Rafael Cabral,https://fbref.com/en/players/806f7a26/Rafael-Cabral,33,33,br BRA,GK,30-304,90,0,0,0,0,0,0,0,,0,0,0,0,0,0,0,0,https://fbref.com/en/players/806f7a26/Rafael-Cabral-Rafael Cabral,
