,Minute,Player,Squad,xG,PSxG,Outcome,Distance,Body Part,Notes,SCA 1 Player,SCA 1 Event,SCA 2 Player,SCA 2 Event
0,2,Andy Rinomhota,Reading,0.05,,Blocked,16,Right Foot,,Andy Rinomhota,Pass (Live),Ovie Ejaria,Pass (Live)
1,3,Lewis Gibson,Reading,0.02,,Blocked,30,Left Foot,,Ovie Ejaria,Pass (Live),Michael Olise,Pass (Live)
2,4,Lewis Gibson,Reading,0.03,,Blocked,21,Left Foot,,Ovie Ejaria,Pass (Live),Michael Olise,Pass (Dead)
3,8,Yakou Méïte,Reading,0.04,,Blocked,23,Left Foot,,Michael Olise,Pass (Live),Ovie Ejaria,Pass (Live)
4,9,Lucas João,Reading,0.08,,Blocked,12,Right Foot,,Michael Olise,Pass (Live),Tom Holmes,Pass (Live)
5,10,Yoann Barbet,QPR,0.03,,Blocked,30,Left Foot,Volley,Osman Kakay,Pass (Live),Robert Dickie,Pass (Live)
6,11,Charlie Austin,QPR,0.05,,Off Target,15,Right Foot,Volley,Stefan Johansen,Pass (Live),Ilias Chair,Pass (Live)
7,22,Lucas João,Reading,0.05,,Blocked,11,Head,,Michael Olise,Pass (Dead),,
8,24,Michael Olise,Reading,0.10,,Blocked,9,Left Foot,,Ovie Ejaria,Pass (Live),Omar Richards,Pass (Live)
9,27,Charlie Austin,QPR,0.31,,Off Target,8,Right Foot,Volley,Ilias Chair,Pass (Live),Osman Kakay,Pass (Live)
10,35,Yoann Barbet,QPR,0.05,,Off Target,17,Left Foot,Volley,,,,
11,37,Michael Olise,Reading,0.33,,Off Target,14,Left Foot,,Ovie Ejaria,Pass (Live),Ovie Ejaria,Tackle
12,45,Lyndon Dykes,QPR,0.64,0.95,Goal,6,Right Foot,,Lee Wallace,Pass (Live),Ilias Chair,Pass (Live)
13,,,,,,,,,,,,,
14,46,Lewis Gibson,Reading,0.03,,Off Target,31,Left Foot,,Ovie Ejaria,Pass (Live),Andy Rinomhota,Pass (Live)
15,50,Robert Dickie,QPR,0.06,0.02,Saved,11,Head,,Lyndon Dykes,Pass (Dead),Osman Kakay,Take-On
16,54,Yakou Méïte,Reading,0.06,0.14,Saved,18,Left Foot,,Ovie Ejaria,Pass (Live),Ovie Ejaria,Take-On
17,57,Yakou Méïte,Reading,0.38,0.80,Goal,8,Right Foot,,Yakou Méïte,Take-On,Andy Rinomhota,Pass (Live)
18,59,Lucas João,Reading,0.59,,Off Target,7,Left Foot,,Ovie Ejaria,Pass (Live),Josh Laurent,Pass (Live)
19,61,Josh Laurent,Reading,0.50,,Off Target,5,Left Foot,Volley,Lucas João,Shot,,
20,61,Lucas João,Reading,0.05,,Blocked,10,Head,,Michael Olise,Pass (Dead),Josh Laurent,Pass (Dead)
21,63,Michael Olise,Reading,0.03,,Blocked,23,Left Foot,,Lucas João,Pass (Live),Lucas João,Tackle
22,69,Lucas João,Reading,0.07,,Off Target,5,Head,,Ovie Ejaria,Pass (Live),Michael Olise,Pass (Live)
23,71,Tom Holmes,Reading,0.05,,Off Target,18,Right Foot,,Yakou Méïte,Pass (Live),,
24,77,Robert Dickie,QPR,0.03,,Blocked,26,Right Foot,Volley,Dominic Ball,Pass (Live),Stefan Johansen,Pass (Live)
25,78,Chris Willock,QPR,0.06,,Blocked,16,Right Foot,,Stefan Johansen,Pass (Live),Sam Field,Pass (Live)
26,81,Stefan Johansen,QPR,0.45,0.65,Saved,14,Left Foot,,Lee Wallace,Pass (Live),Lee Wallace,Take-On
27,83,Dominic Ball,QPR,0.11,,Off Target,8,Head,,Robert Dickie,Pass (Live),Stefan Johansen,Pass (Live)
28,85,Lee Wallace,QPR,0.06,0.07,Saved,10,Head,,Chris Willock,Pass (Live),Robert Dickie,Pass (Live)
29,86,Dominic Ball,QPR,0.06,,Blocked,17,Right Foot,,Lyndon Dykes,Pass (Live),Yoann Barbet,Pass (Live)
30,90+2,Stefan Johansen,QPR,0.03,,Off Target,28,Left Foot,,Yoann Barbet,Pass (Live),Robert Dickie,Pass (Live)
31,90+6,Osman Kakay,QPR,0.18,,Off Target,8,Left Foot,,Lee Wallace,Pass (Live),Todd Kane,Pass (Live)
