,Player Name,Player Number,Player,#,Nation,Pos,Age,Min,Gls,Ast,PK,PKatt,Sh,SoT,CrdY,CrdR,Fls,Fld,Off,Crs,TklW,Int,OG,PKwon,PKcon,Player Key,Player Link
0,Vagner Gonçalves,https://fbref.com/en/players/743fd71f/Vagner-Goncalves,7,7,cv CPV,FW,25-055,76,1,0,0,0,2,1,0,0,0,2,3,0,0,0,0,,,https://fbref.com/en/players/743fd71f/Vagner-Goncalves-Vagner Gonçalves,
1,Papa Ndiaga Yade,https://fbref.com/en/players/87e9c7cd/Papa-Ndiaga-Yade,19,19,mr MTN,MF,21-060,14,0,1,0,0,0,0,0,0,1,0,0,3,0,0,0,,,https://fbref.com/en/players/87e9c7cd/Papa-Ndiaga-Yade-Papa Ndiaga Yade,
2,Thierry Ambrose,https://fbref.com/en/players/2945f4b7/Thierry-Ambrose,9,9,gp GLP,FW,23-343,76,1,0,1,1,3,1,0,0,3,2,0,0,0,0,0,,,https://fbref.com/en/players/2945f4b7/Thierry-Ambrose-Thierry Ambrose,
3,Aaron Leya Iseka,https://fbref.com/en/players/29ef0f49/Aaron-Leya-Iseka,16,16,be BEL,FW,23-111,14,0,0,0,0,1,0,0,0,0,0,0,0,0,0,0,,,https://fbref.com/en/players/29ef0f49/Aaron-Leya-Iseka-Aaron Leya Iseka,
4,Youssef Maziz,https://fbref.com/en/players/514270e8/Youssef-Maziz,10,10,fr FRA,AM,22-255,77,0,1,0,0,2,0,1,0,1,2,0,2,0,0,0,,,https://fbref.com/en/players/514270e8/Youssef-Maziz-Youssef Maziz,
5,Pape Matar Sarr,https://fbref.com/en/players/feb5d972/Pape-Matar-Sarr,15,15,sn SEN,MF,18-173,13,1,0,0,0,1,1,0,0,0,1,0,0,0,0,0,,,https://fbref.com/en/players/feb5d972/Pape-Matar-Sarr-Pape Matar Sarr,
6,Thomas Delaine,https://fbref.com/en/players/8332db56/Thomas-Delaine,11,11,fr FRA,DM,28-347,90,0,0,0,0,0,0,0,0,0,1,1,2,1,1,0,,,https://fbref.com/en/players/8332db56/Thomas-Delaine-Thomas Delaine,
7,Habib Maïga,https://fbref.com/en/players/e768de1f/Habib-Maiga,8,8,ci CIV,DM,25-064,90,0,0,0,0,1,0,0,0,2,0,0,0,2,5,0,,,https://fbref.com/en/players/e768de1f/Habib-Maiga-Habib Maïga,
8,Victorien Angban,https://fbref.com/en/players/d8992b84/Victorien-Angban,5,5,ci CIV,DM,24-158,66,0,0,0,0,0,0,0,0,1,0,0,0,0,0,0,,,https://fbref.com/en/players/d8992b84/Victorien-Angban-Victorien Angban,
9,Vincent Pajot,https://fbref.com/en/players/f86ca403/Vincent-Pajot,14,14,fr FRA,MF,30-199,24,0,0,0,0,0,0,0,0,1,1,0,0,0,3,0,,,https://fbref.com/en/players/f86ca403/Vincent-Pajot-Vincent Pajot,
10,Fabien Centonze,https://fbref.com/en/players/3c6bbbab/Fabien-Centonze,2,2,fr FRA,DM,25-049,90,1,0,1,1,1,1,0,0,1,0,0,3,0,2,0,,,https://fbref.com/en/players/3c6bbbab/Fabien-Centonze-Fabien Centonze,
11,Matthieu Udol,https://fbref.com/en/players/cc41f558/Matthieu-Udol,3,3,fr FRA,CB,24-351,90,0,0,0,0,0,0,0,0,1,0,0,0,2,2,0,,,https://fbref.com/en/players/cc41f558/Matthieu-Udol-Matthieu Udol,
12,Boubakar Kouyaté,https://fbref.com/en/players/562a4799/Boubakar-Kouyate,6,6,ml MLI,CB,23-325,90,0,0,0,0,0,0,0,0,2,0,0,0,3,1,0,,,https://fbref.com/en/players/562a4799/Boubakar-Kouyate-Boubakar Kouyaté,
13,Mamadou Fofana,https://fbref.com/en/players/4c4ffacc/Mamadou-Fofana,4,4,ml MLI,CB,23-044,90,0,0,0,0,0,0,0,0,2,0,0,0,3,1,0,,,https://fbref.com/en/players/4c4ffacc/Mamadou-Fofana-Mamadou Fofana,
14,Marc-Aurèle Caillard,https://fbref.com/en/players/5ee6e943/Marc-Aurele-Caillard,1,1,fr FRA,GK,26-298,90,0,0,0,0,0,0,0,0,0,0,0,0,0,0,0,,,https://fbref.com/en/players/5ee6e943/Marc-Aurele-Caillard-Marc-Aurèle Caillard,
