,Player Name,Player Number,Player,#,Nation,Pos,Age,Min,Gls,Ast,PK,PKatt,Sh,SoT,CrdY,CrdR,Fls,Fld,Off,Crs,TklW,Int,OG,PKwon,PKcon,Player Key,Player Link
0,Gaëtan Robail,https://fbref.com/en/players/8361b5d6/Gaetan-Robail,9,9,fr FRA,FW,27-056,68,0,0,0,0,4,2,0,0,1,1,1,3,1,1,0,,,https://fbref.com/en/players/8361b5d6/Gaetan-Robail-Gaëtan Robail,
1,Aymen Boutoutaou,https://fbref.com/en/players/b5339db2/Aymen-Boutoutaou,17,17,fr FRA,"FW,MF",20-016,22,0,0,0,0,2,0,0,0,1,0,0,0,0,0,0,,,https://fbref.com/en/players/b5339db2/Aymen-Boutoutaou-Aymen Boutoutaou,
2,Kevin Cabral,https://fbref.com/en/players/42af215b/Kevin-Cabral,10,10,fr FRA,FW,21-239,64,0,0,0,0,1,1,0,0,0,2,0,0,0,1,0,,,https://fbref.com/en/players/42af215b/Kevin-Cabral-Kevin Cabral,
3,Moussa Guel,https://fbref.com/en/players/0dce2e1d/Moussa-Guel,13,13,ci CIV,FW,21-256,26,0,0,0,0,1,0,0,0,1,1,0,0,1,0,0,,,https://fbref.com/en/players/0dce2e1d/Moussa-Guel-Moussa Guel,
4,Baptiste Guillaume,https://fbref.com/en/players/9453d2f4/Baptiste-Guillaume,11,11,be BEL,FW,25-263,41,0,0,0,1,1,1,0,0,0,2,0,0,0,0,0,,,https://fbref.com/en/players/9453d2f4/Baptiste-Guillaume-Baptiste Guillaume,
5,Malek Chergui,https://fbref.com/en/players/69579068/Malek-Chergui,15,15,fr FRA,"FW,MF",32-247,49,0,0,0,0,1,0,0,0,1,0,0,1,0,0,0,,,https://fbref.com/en/players/69579068/Malek-Chergui-Malek Chergui,
6,Aly Abeid,https://fbref.com/en/players/bbe88396/Aly-Abeid,3,3,mr MTN,LM,23-085,90,0,0,0,0,2,0,0,0,0,2,0,3,0,2,0,,,https://fbref.com/en/players/bbe88396/Aly-Abeid-Aly Abeid,
7,Jaba Kankava,https://fbref.com/en/players/3f10ad0c/Jaba-Kankava,6,6,ge GEO,CM,34-353,90,0,0,0,0,0,0,0,0,3,1,0,3,1,3,0,,,https://fbref.com/en/players/3f10ad0c/Jaba-Kankava-Jaba Kankava,
8,Sessi D'Almeida,https://fbref.com/en/players/2c574121/Sessi-DAlmeida,4,4,bj BEN,CM,25-106,64,0,0,0,0,1,1,0,0,0,0,0,0,1,0,0,,,https://fbref.com/en/players/2c574121/Sessi-DAlmeida-Sessi D'Almeida,
9,Noah Diliberto,https://fbref.com/en/players/5659d773/Noah-Diliberto,20,20,fr FRA,MF,19-179,26,0,0,0,0,0,0,0,0,0,0,0,1,0,0,0,,,https://fbref.com/en/players/5659d773/Noah-Diliberto-Noah Diliberto,
10,Joffrey Cuffaut,https://fbref.com/en/players/f71e34b2/Joffrey-Cuffaut,7,7,fr FRA,RM,32-356,90,0,0,0,0,1,0,1,0,0,1,0,2,0,3,0,,,https://fbref.com/en/players/f71e34b2/Joffrey-Cuffaut-Joffrey Cuffaut,
11,Ismaël Doukouré,https://fbref.com/en/players/0512a60a/Ismael-Doukoure,8,8,fr FRA,CB,17-225,90,0,0,0,0,1,0,0,0,1,2,0,0,3,1,0,,,https://fbref.com/en/players/0512a60a/Ismael-Doukoure-Ismaël Doukouré,
12,Éric Vandenabeele,https://fbref.com/en/players/bd61eff7/Eric-Vandenabeele,5,5,fr FRA,CB,29-080,64,0,0,0,0,0,0,0,0,1,1,0,0,1,2,0,,,https://fbref.com/en/players/bd61eff7/Eric-Vandenabeele-Éric Vandenabeele,
13,Laurent Dos Santos,https://fbref.com/en/players/69b89eff/Laurent-Dos-Santos,12,12,fr FRA,"DF,MF",27-166,26,0,0,0,0,3,0,0,0,0,0,0,1,0,2,0,,,https://fbref.com/en/players/69b89eff/Laurent-Dos-Santos-Laurent Dos Santos,
14,Emmanuel Ntim,https://fbref.com/en/players/59045046/Emmanuel-Ntim,2,2,gh GHA,CB,24-359,90,0,0,0,0,0,0,0,0,1,2,0,0,0,2,0,,,https://fbref.com/en/players/59045046/Emmanuel-Ntim-Emmanuel Ntim,
15,Hillel Konaté,https://fbref.com/en/players/bb2e2a55/Hillel-Konate,1,1,bf BFA,GK,26-068,90,0,0,0,0,0,0,0,0,0,0,0,0,0,0,0,,,https://fbref.com/en/players/bb2e2a55/Hillel-Konate-Hillel Konaté,
