,Player Name,Player Number,Player,#,Nation,Pos,Age,Min,Gls,Ast,PK,PKatt,Sh,SoT,CrdY,CrdR,Touches,Tkl,Int,Blocks,xG,npxG,xAG,SCA,GCA,Cmp,Att,Cmp%,PrgP,Carries,PrgC,Att,Succ,Player Key,Player Link
0,Patrick,https://fbref.com/en/players/867b60b4/Patrick,19,19,cv CPV,FW,27-006,70,0,0,0,0,1,1,0,0,24,3,1,1,0.1,0.1,0.2,3,0,6,16,37.5,1,9,0,1,1,https://fbref.com/en/players/867b60b4/Patrick-Patrick,
1,Nikola Stojiljković,https://fbref.com/en/players/ca3e2783/Nikola-Stojiljkovic,9,9,rs SRB,FW,28-124,20,0,0,0,0,0,0,0,0,9,0,0,0,0.0,0.0,0.0,0,0,2,5,40.0,0,1,0,0,0,https://fbref.com/en/players/ca3e2783/Nikola-Stojiljkovic-Nikola Stojiljković,
2,Ryan Gauld,https://fbref.com/en/players/862e93c2/Ryan-Gauld,23,23,sct SCO,"FW,CM",25-003,90,0,0,0,0,4,2,0,0,34,3,0,2,0.3,0.3,0.0,3,0,17,21,81.0,3,15,2,1,1,https://fbref.com/en/players/862e93c2/Ryan-Gauld-Ryan Gauld,
3,Bilel Aouacheria,https://fbref.com/en/players/77bbc5b1/Bilel-Aouacheria,26,26,fr FRA,LM,26-261,70,0,0,0,0,0,0,0,0,25,0,0,4,0.0,0.0,0.0,0,0,13,16,81.3,1,14,2,3,2,https://fbref.com/en/players/77bbc5b1/Bilel-Aouacheria-Bilel Aouacheria,
4,Eduardo Mancha,https://fbref.com/en/players/56e74f66/Eduardo-Mancha,95,95,br BRA,"CB,LM",25-025,20,0,0,0,0,0,0,1,0,4,0,0,0,0.0,0.0,0.0,0,0,1,2,50.0,0,1,0,0,0,https://fbref.com/en/players/56e74f66/Eduardo-Mancha-Eduardo Mancha,
5,Filipe Melo,https://fbref.com/en/players/3220a3ef/Filipe-Melo,6,6,pt POR,CM,31-046,89,0,0,0,0,0,0,0,0,16,0,1,3,0.0,0.0,0.1,1,0,6,8,75.0,1,2,0,0,0,https://fbref.com/en/players/3220a3ef/Filipe-Melo-Filipe Melo,
6,Alexandre Pinto,https://fbref.com/en/players/b05d8d93/Alexandre-Pinto,78,78,pt POR,"RB,CM",22-164,1,0,0,0,0,0,0,0,0,6,0,0,0,0.0,0.0,0.0,0,0,1,6,16.7,0,3,0,0,0,https://fbref.com/en/players/b05d8d93/Alexandre-Pinto-Alexandre Pinto,
7,Fabrício Isidoro,https://fbref.com/en/players/b70ca4b5/Fabricio-Isidoro,14,14,br BRA,"CM,RM",28-326,90,0,0,0,0,1,0,1,0,22,1,0,2,0.0,0.0,0.0,4,0,11,13,84.6,0,13,0,1,0,https://fbref.com/en/players/b70ca4b5/Fabricio-Isidoro-Fabrício Isidoro,
8,Hugo Seco,https://fbref.com/en/players/68ee9021/Hugo-Seco,7,7,pt POR,RM,32-185,78,0,0,0,0,0,0,0,0,4,0,0,0,0.0,0.0,0.0,1,0,2,3,66.7,0,7,1,0,0,https://fbref.com/en/players/68ee9021/Hugo-Seco-Hugo Seco,
9,Braian Mansilla,https://fbref.com/en/players/e4c37819/Braian-Mansilla,11,11,ar ARG,"LM,RM",23-247,12,0,0,0,0,0,0,0,0,5,0,0,0,0.0,0.0,0.0,0,0,3,5,60.0,1,2,0,0,0,https://fbref.com/en/players/e4c37819/Braian-Mansilla-Braian Mansilla,
10,Fábio Alexandre da Silva Nunes,https://fbref.com/en/players/7cfc2860/Fabio-Alexandre-da-Silva-Nunes,92,92,pt POR,LB,28-148,90,0,0,0,0,0,0,1,0,44,1,2,1,0.0,0.0,0.0,1,0,21,39,53.8,1,21,1,1,0,https://fbref.com/en/players/7cfc2860/Fabio-Alexandre-da-Silva-Nunes-Fábio Alexandre da Silva Nunes,
11,Claudio Falcão,https://fbref.com/en/players/56077210/Claudio-Falcao,29,29,br BRA,"CB,CM",26-169,90,0,0,0,0,1,0,0,0,40,1,0,1,0.0,0.0,0.0,0,0,17,25,68.0,0,12,0,0,0,https://fbref.com/en/players/56077210/Claudio-Falcao-Claudio Falcão,
12,Burá,https://fbref.com/en/players/8e72cba8/Bura,13,13,gw GNB,CB,24-363,90,0,0,0,0,0,0,0,0,23,3,0,4,0.0,0.0,0.0,0,0,12,12,100.0,2,4,0,0,0,https://fbref.com/en/players/8e72cba8/Bura-Burá,
13,Amine Oudrhiri,https://fbref.com/en/players/49c9c79a/Amine-Oudrhiri,5,5,ma MAR,RB,28-045,89,0,0,0,0,0,0,0,0,40,1,0,1,0.0,0.0,0.0,1,0,20,34,58.8,2,13,0,0,0,https://fbref.com/en/players/49c9c79a/Amine-Oudrhiri-Amine Oudrhiri,
14,Hugo Marques,https://fbref.com/en/players/789ee29d/Hugo-Marques,1,1,ao ANG,GK,34-339,1,0,0,0,0,0,0,0,0,2,0,0,0,0.0,0.0,0.0,0,0,1,1,100.0,0,2,0,0,0,https://fbref.com/en/players/789ee29d/Hugo-Marques-Hugo Marques,
15,Rafael Defendi,https://fbref.com/en/players/317d3e7b/Rafael-Defendi,12,12,br BRA,GK,36-363,85,0,0,0,0,0,0,2,1,36,0,0,0,0.0,0.0,0.0,0,0,15,33,45.5,0,10,0,0,0,https://fbref.com/en/players/317d3e7b/Rafael-Defendi-Rafael Defendi,
