,Player Name,Player Number,Player,#,Nation,Pos,Age,Min,Touches,Def Pen,Def 3rd,Mid 3rd,Att 3rd,Att Pen,Live,Att,Succ,Succ%,Tkld,Tkld%,Carries,TotDist,PrgDist,PrgC,1/3,CPA,Mis,Dis,Rec,PrgR,Player Key,Player Link
0,Patrick,https://fbref.com/en/players/867b60b4/Patrick,19,19,cv CPV,FW,27-006,70,24,0,2,11,11,2,24,1,1,100.0,0,0.0,9,16,6,0,0,0,1,4,16,0,https://fbref.com/en/players/867b60b4/Patrick-Patrick,
1,Nikola Stojiljković,https://fbref.com/en/players/ca3e2783/Nikola-Stojiljkovic,9,9,rs SRB,FW,28-124,20,9,3,3,5,1,0,9,0,0,,0,,1,4,0,0,0,0,1,1,5,1,https://fbref.com/en/players/ca3e2783/Nikola-Stojiljkovic-Nikola Stojiljković,
2,Ryan Gauld,https://fbref.com/en/players/862e93c2/Ryan-Gauld,23,23,sct SCO,"FW,CM",25-003,90,34,1,6,19,10,2,34,1,1,100.0,0,0.0,15,80,51,2,1,0,2,1,18,1,https://fbref.com/en/players/862e93c2/Ryan-Gauld-Ryan Gauld,
3,Bilel Aouacheria,https://fbref.com/en/players/77bbc5b1/Bilel-Aouacheria,26,26,fr FRA,LM,26-261,70,25,1,7,15,4,1,25,3,2,66.7,1,33.3,14,113,49,2,0,0,1,1,17,4,https://fbref.com/en/players/77bbc5b1/Bilel-Aouacheria-Bilel Aouacheria,
4,Eduardo Mancha,https://fbref.com/en/players/56e74f66/Eduardo-Mancha,95,95,br BRA,"CB,LM",25-025,20,4,1,4,0,0,0,4,0,0,,0,,1,17,12,0,0,0,1,0,0,0,https://fbref.com/en/players/56e74f66/Eduardo-Mancha-Eduardo Mancha,
5,Filipe Melo,https://fbref.com/en/players/3220a3ef/Filipe-Melo,6,6,pt POR,CM,31-046,89,16,6,12,3,1,0,16,0,0,,0,,2,1,0,0,0,0,0,0,4,0,https://fbref.com/en/players/3220a3ef/Filipe-Melo-Filipe Melo,
6,Alexandre Pinto,https://fbref.com/en/players/b05d8d93/Alexandre-Pinto,78,78,pt POR,"RB,CM",22-164,1,6,0,3,3,0,0,6,0,0,,0,,3,5,1,0,0,0,0,0,3,0,https://fbref.com/en/players/b05d8d93/Alexandre-Pinto-Alexandre Pinto,
7,Fabrício Isidoro,https://fbref.com/en/players/b70ca4b5/Fabricio-Isidoro,14,14,br BRA,"CM,RM",28-326,90,22,2,7,12,4,0,22,1,0,0.0,1,100.0,13,48,21,0,0,0,2,2,15,2,https://fbref.com/en/players/b70ca4b5/Fabricio-Isidoro-Fabrício Isidoro,
8,Hugo Seco,https://fbref.com/en/players/68ee9021/Hugo-Seco,7,7,pt POR,RM,32-185,78,4,0,1,1,2,1,4,0,0,,0,,7,46,22,1,0,1,0,2,6,1,https://fbref.com/en/players/68ee9021/Hugo-Seco-Hugo Seco,
9,Braian Mansilla,https://fbref.com/en/players/e4c37819/Braian-Mansilla,11,11,ar ARG,"LM,RM",23-247,12,5,0,0,4,1,0,5,0,0,,0,,2,8,1,0,0,0,0,0,4,0,https://fbref.com/en/players/e4c37819/Braian-Mansilla-Braian Mansilla,
10,Fábio Alexandre da Silva Nunes,https://fbref.com/en/players/7cfc2860/Fabio-Alexandre-da-Silva-Nunes,92,92,pt POR,LB,28-148,90,44,1,16,22,7,0,44,1,0,0.0,1,100.0,21,141,55,1,0,0,0,4,21,2,https://fbref.com/en/players/7cfc2860/Fabio-Alexandre-da-Silva-Nunes-Fábio Alexandre da Silva Nunes,
11,Claudio Falcão,https://fbref.com/en/players/56077210/Claudio-Falcao,29,29,br BRA,"CB,CM",26-169,90,40,11,28,11,1,1,40,0,0,,0,,12,49,24,0,0,0,0,0,15,0,https://fbref.com/en/players/56077210/Claudio-Falcao-Claudio Falcão,
12,Burá,https://fbref.com/en/players/8e72cba8/Bura,13,13,gw GNB,CB,24-363,90,23,9,18,5,0,0,23,0,0,,0,,4,20,1,0,0,0,1,0,6,0,https://fbref.com/en/players/8e72cba8/Bura-Burá,
13,Amine Oudrhiri,https://fbref.com/en/players/49c9c79a/Amine-Oudrhiri,5,5,ma MAR,RB,28-045,89,40,2,22,14,5,0,40,0,0,,0,,13,135,65,0,0,0,2,0,11,0,https://fbref.com/en/players/49c9c79a/Amine-Oudrhiri-Amine Oudrhiri,
14,Hugo Marques,https://fbref.com/en/players/789ee29d/Hugo-Marques,1,1,ao ANG,GK,34-339,1,2,2,2,0,0,0,2,0,0,,0,,2,17,11,0,0,0,0,0,0,0,https://fbref.com/en/players/789ee29d/Hugo-Marques-Hugo Marques,
15,Rafael Defendi,https://fbref.com/en/players/317d3e7b/Rafael-Defendi,12,12,br BRA,GK,36-363,85,36,33,36,0,0,0,36,0,0,,0,,10,48,33,0,0,0,0,0,5,0,https://fbref.com/en/players/317d3e7b/Rafael-Defendi-Rafael Defendi,
