,Player Name,Player Number,Player,#,Nation,Pos,Age,Min,Tkl,TklW,Def 3rd,Mid 3rd,Att 3rd,Tkl,Att,Tkl%,Lost,Blocks,Sh,Pass,Int,Tkl+Int,Clr,Err,Player Key,Player Link
0,Patrick,https://fbref.com/en/players/867b60b4/Patrick,19,19,cv CPV,FW,27-006,70,3,0,0,1,2,0,1,0.0,1,1,0,1,1,4,0,0,https://fbref.com/en/players/867b60b4/Patrick-Patrick,
1,Nikola Stojiljković,https://fbref.com/en/players/ca3e2783/Nikola-Stojiljkovic,9,9,rs SRB,FW,28-124,20,0,0,0,0,0,0,1,0.0,1,0,0,0,0,0,1,0,https://fbref.com/en/players/ca3e2783/Nikola-Stojiljkovic-Nikola Stojiljković,
2,Ryan Gauld,https://fbref.com/en/players/862e93c2/Ryan-Gauld,23,23,sct SCO,"FW,CM",25-003,90,3,1,0,3,0,1,3,33.3,2,2,2,0,0,3,1,0,https://fbref.com/en/players/862e93c2/Ryan-Gauld-Ryan Gauld,
3,Bilel Aouacheria,https://fbref.com/en/players/77bbc5b1/Bilel-Aouacheria,26,26,fr FRA,LM,26-261,70,0,0,0,0,0,0,0,,0,4,0,4,0,0,0,0,https://fbref.com/en/players/77bbc5b1/Bilel-Aouacheria-Bilel Aouacheria,
4,Eduardo Mancha,https://fbref.com/en/players/56e74f66/Eduardo-Mancha,95,95,br BRA,"CB,LM",25-025,20,0,0,0,0,0,0,0,,0,0,0,0,0,0,1,0,https://fbref.com/en/players/56e74f66/Eduardo-Mancha-Eduardo Mancha,
5,Filipe Melo,https://fbref.com/en/players/3220a3ef/Filipe-Melo,6,6,pt POR,CM,31-046,89,0,0,0,0,0,0,0,,0,3,3,0,1,1,3,0,https://fbref.com/en/players/3220a3ef/Filipe-Melo-Filipe Melo,
6,Alexandre Pinto,https://fbref.com/en/players/b05d8d93/Alexandre-Pinto,78,78,pt POR,"RB,CM",22-164,1,0,0,0,0,0,0,0,,0,0,0,0,0,0,0,0,https://fbref.com/en/players/b05d8d93/Alexandre-Pinto-Alexandre Pinto,
7,Fabrício Isidoro,https://fbref.com/en/players/b70ca4b5/Fabricio-Isidoro,14,14,br BRA,"CM,RM",28-326,90,1,1,0,1,0,0,2,0.0,2,2,2,0,0,1,0,0,https://fbref.com/en/players/b70ca4b5/Fabricio-Isidoro-Fabrício Isidoro,
8,Hugo Seco,https://fbref.com/en/players/68ee9021/Hugo-Seco,7,7,pt POR,RM,32-185,78,0,0,0,0,0,0,0,,0,0,0,0,0,0,0,0,https://fbref.com/en/players/68ee9021/Hugo-Seco-Hugo Seco,
9,Braian Mansilla,https://fbref.com/en/players/e4c37819/Braian-Mansilla,11,11,ar ARG,"LM,RM",23-247,12,0,0,0,0,0,0,0,,0,0,0,0,0,0,0,0,https://fbref.com/en/players/e4c37819/Braian-Mansilla-Braian Mansilla,
10,Fábio Alexandre da Silva Nunes,https://fbref.com/en/players/7cfc2860/Fabio-Alexandre-da-Silva-Nunes,92,92,pt POR,LB,28-148,90,1,1,1,0,0,0,1,0.0,1,1,0,1,2,3,0,0,https://fbref.com/en/players/7cfc2860/Fabio-Alexandre-da-Silva-Nunes-Fábio Alexandre da Silva Nunes,
11,Claudio Falcão,https://fbref.com/en/players/56077210/Claudio-Falcao,29,29,br BRA,"CB,CM",26-169,90,1,0,0,1,0,1,2,50.0,1,1,0,1,0,1,12,0,https://fbref.com/en/players/56077210/Claudio-Falcao-Claudio Falcão,
12,Burá,https://fbref.com/en/players/8e72cba8/Bura,13,13,gw GNB,CB,24-363,90,3,3,3,0,0,1,1,100.0,0,4,3,1,0,3,4,0,https://fbref.com/en/players/8e72cba8/Bura-Burá,
13,Amine Oudrhiri,https://fbref.com/en/players/49c9c79a/Amine-Oudrhiri,5,5,ma MAR,RB,28-045,89,1,1,1,0,0,1,1,100.0,0,1,0,1,0,1,1,0,https://fbref.com/en/players/49c9c79a/Amine-Oudrhiri-Amine Oudrhiri,
14,Hugo Marques,https://fbref.com/en/players/789ee29d/Hugo-Marques,1,1,ao ANG,GK,34-339,1,0,0,0,0,0,0,0,,0,0,0,0,0,0,0,0,https://fbref.com/en/players/789ee29d/Hugo-Marques-Hugo Marques,
15,Rafael Defendi,https://fbref.com/en/players/317d3e7b/Rafael-Defendi,12,12,br BRA,GK,36-363,85,0,0,0,0,0,0,0,,0,0,0,0,0,0,2,0,https://fbref.com/en/players/317d3e7b/Rafael-Defendi-Rafael Defendi,
