,Minute,Player,Squad,xG,PSxG,Outcome,Distance,Body Part,Notes,SCA 1 Player,SCA 1 Event,SCA 2 Player,SCA 2 Event
0,6,Ryan Gauld,Farense,0.09,0.03,Saved,13,Left Foot,,Ryan Gauld,Take-On,Fabrício Isidoro,Pass (Live)
1,12,Fabrício Isidoro,Farense,0.04,,Blocked,23,Right Foot,,Patrick,Pass (Live),Patrick,Take-On
2,13,Claudio Falcão,Farense,0.03,,Off Target,11,Head,,Ryan Gauld,Pass (Dead),Fabrício Isidoro,Shot
3,15,Tiago Tomás,Sporting CP,0.07,,Blocked,11,Left Foot,,Nuno Mendes,Pass (Live),Zouhair Feddal,Pass (Live)
4,24,Nuno Mendes,Sporting CP,0.03,,Blocked,26,Left Foot,Volley,Tiago Tomás,Fouled,João Palhinha,Pass (Live)
5,32,Ryan Gauld,Farense,0.06,,Blocked,30,Left Foot,Free kick,Ryan Gauld,Fouled,Fabrício Isidoro,Pass (Live)
6,36,Zouhair Feddal,Sporting CP,0.06,,Off Target,10,Head,,Nuno Santos,Pass (Dead),Zouhair Feddal,Pass (Live)
7,38,João Palhinha,Sporting CP,0.03,,Blocked,24,Right Foot,,Pedro Porro,Pass (Dead),Nuno Santos,Pass (Live)
8,39,Patrick,Farense,0.07,0.02,Saved,10,Right Foot,,Filipe Melo,Pass (Live),Fabrício Isidoro,Pass (Live)
9,45+1,Ryan Gauld,Farense,0.04,0.07,Saved,26,Left Foot,,Hugo Seco,Pass (Live),Amine Oudrhiri,Pass (Live)
10,45+2,Tiago Tomás,Sporting CP,0.07,,Woodwork,11,Left Foot,,Pedro Gonçalves,Pass (Live),Nuno Mendes,Pass (Live)
11,,,,,,,,,,,,,
12,52,Pedro Gonçalves,Sporting CP,0.06,0.07,Saved,12,Right Foot,,Nuno Santos,Pass (Live),Pedro Porro,Pass (Live)
13,58,Ryan Gauld,Farense,0.13,,Off Target,3,Left Foot,,Patrick,Pass (Live),Fábio Alexandre da Silva Nunes,Pass (Dead)
14,62,Tiago Tomás,Sporting CP,0.04,,Off Target,20,Left Foot,,,,,
15,64,João Palhinha,Sporting CP,0.03,,Blocked,31,Right Foot,,Nuno Santos,Pass (Live),João Mário,Pass (Live)
16,64,João Palhinha,Sporting CP,0.07,,Blocked,9,Head,,Pedro Porro,Pass (Dead),João Palhinha,Shot
17,69,Bruno Tabata,Sporting CP,0.05,,Off Target,27,Left Foot,Free kick,Bruno Tabata,Fouled,João Mário,Pass (Live)
18,72,João Palhinha,Sporting CP,0.07,,Blocked,9,Head,,Bruno Tabata,Pass (Dead),João Mário,Pass (Live)
19,73,Tiago Tomás,Sporting CP,0.05,,Off Target,12,Head,,Pedro Porro,Pass (Live),Sebastián Coates,Pass (Live)
20,81,João Palhinha,Sporting CP,0.03,,Blocked,32,Right Foot,,Zouhair Feddal,Pass (Live),Bruno Tabata,Pass (Live)
21,81,Pedro Gonçalves,Sporting CP,0.02,,Blocked,27,Right Foot,Volley,Bruno Tabata,Pass (Dead),João Palhinha,Shot
22,84,Nuno Santos,Sporting CP,0.08,,Blocked,23,Left Foot,Free kick,Gonzalo Plata,Fouled,,
23,84,Pedro Porro,Sporting CP,0.02,,Blocked,31,Right Foot,,Nuno Santos,Shot,,
24,90+1,Andraž Šporar(pen),Sporting CP,0.79,0.97,Goal,13,Right Foot,,Zouhair Feddal,Fouled,Bruno Tabata,Fouled
25,90+5,Bruno Tabata,Sporting CP,0.05,0.04,Saved,15,Left Foot,,Nuno Santos,Pass (Live),Matheus Nunes,Pass (Live)
