,Player Name,Player Number,Player,#,Nation,Pos,Age,Min,Touches,Def Pen,Def 3rd,Mid 3rd,Att 3rd,Att Pen,Live,Att,Succ,Succ%,Tkld,Tkld%,Carries,TotDist,PrgDist,PrgC,1/3,CPA,Mis,Dis,Rec,PrgR,Player Key,Player Link
0,Tiago Tomás,https://fbref.com/en/players/b492126a/Tiago-Tomas,19,19,pt POR,"FW,AM",18-186,89,18,0,1,4,14,6,18,0,0,,0,,11,37,5,0,0,0,1,0,15,6,https://fbref.com/en/players/b492126a/Tiago-Tomas-Tiago Tomás,
1,Gonçalo Inácio,https://fbref.com/en/players/33651873/Goncalo-Inacio,52,52,pt POR,AM,19-116,1,3,0,2,1,0,0,3,0,0,,0,,1,5,0,0,0,0,0,0,1,0,https://fbref.com/en/players/33651873/Goncalo-Inacio-Gonçalo Inácio,
2,Nuno Santos,https://fbref.com/en/players/a6ee4f55/Nuno-Santos,11,11,pt POR,"AM,WB",25-310,90,63,0,4,28,31,3,63,1,1,100.0,0,0.0,47,251,89,2,2,0,0,0,49,10,https://fbref.com/en/players/a6ee4f55/Nuno-Santos-Nuno Santos,
3,Pedro Gonçalves,https://fbref.com/en/players/c275947b/Pedro-Goncalves,28,28,pt POR,"AM,CM",22-174,89,34,0,2,16,17,4,34,3,2,66.7,1,33.3,18,83,26,0,2,0,3,4,22,6,https://fbref.com/en/players/c275947b/Pedro-Goncalves-Pedro Gonçalves,
4,Matheus Nunes,https://fbref.com/en/players/e6af02e0/Matheus-Nunes,8,8,pt POR,CM,22-114,1,5,0,2,2,1,0,5,0,0,,0,,3,18,15,0,0,0,0,0,3,0,https://fbref.com/en/players/e6af02e0/Matheus-Nunes-Matheus Nunes,
5,João Mário,https://fbref.com/en/players/f0021247/Joao-Mario,17,17,pt POR,CM,27-335,79,59,0,1,33,26,1,59,1,1,100.0,0,0.0,42,220,68,1,5,0,1,1,51,4,https://fbref.com/en/players/f0021247/Joao-Mario-João Mário,
6,Andraž Šporar,https://fbref.com/en/players/878f0921/Andraz-Sporar,9,9,si SVN,"FW,CM",26-296,11,3,0,0,1,2,1,2,0,0,,0,,0,0,0,0,0,0,1,0,0,0,https://fbref.com/en/players/878f0921/Andraz-Sporar-Andraž Šporar,
7,João Palhinha,https://fbref.com/en/players/a78ff07f/Joao-Palhinha,6,6,pt POR,CM,25-163,90,77,2,5,58,14,5,77,2,2,100.0,0,0.0,40,124,25,0,0,0,2,1,51,0,https://fbref.com/en/players/a78ff07f/Joao-Palhinha-João Palhinha,
8,Nuno Mendes,https://fbref.com/en/players/f20e4cc9/Nuno-Mendes,5,5,pt POR,WB,18-183,56,42,2,6,15,21,0,42,1,0,0.0,1,100.0,25,96,56,1,1,0,1,0,26,10,https://fbref.com/en/players/f20e4cc9/Nuno-Mendes-Nuno Mendes,
9,Bruno Tabata,https://fbref.com/en/players/33fdf90d/Bruno-Tabata,7,7,br BRA,AM,23-264,34,22,0,1,7,15,1,22,2,1,50.0,1,50.0,12,79,39,1,1,0,0,0,13,3,https://fbref.com/en/players/33fdf90d/Bruno-Tabata-Bruno Tabata,
10,Pedro Porro,https://fbref.com/en/players/27d0a506/Pedro-Porro,24,24,es ESP,"WB,CB",21-097,90,76,2,14,28,35,1,76,0,0,,0,,41,223,133,7,3,0,0,0,42,11,https://fbref.com/en/players/27d0a506/Pedro-Porro-Pedro Porro,
11,Zouhair Feddal,https://fbref.com/en/players/89151b16/Zouhair-Feddal,3,3,ma MAR,CB,31-353,90,82,0,13,66,4,2,82,0,0,,0,,62,381,283,5,0,0,0,0,70,1,https://fbref.com/en/players/89151b16/Zouhair-Feddal-Zouhair Feddal,
12,Sebastián Coates,https://fbref.com/en/players/1fbbfbde/Sebastian-Coates,4,4,uy URU,CB,30-073,90,90,2,33,57,0,0,90,0,0,,0,,60,263,122,1,0,0,1,1,74,0,https://fbref.com/en/players/1fbbfbde/Sebastian-Coates-Sebastián Coates,
13,Luís Neto,https://fbref.com/en/players/953597a1/Luis-Neto,13,13,pt POR,CB,32-207,79,97,1,20,73,4,3,97,1,0,0.0,1,100.0,73,296,174,1,0,0,0,1,75,0,https://fbref.com/en/players/953597a1/Luis-Neto-Luís Neto,
14,Gonzalo Plata,https://fbref.com/en/players/54bcdeb0/Gonzalo-Plata,20,20,ec ECU,"WB,CB",20-048,11,7,0,1,2,5,1,7,1,1,100.0,0,0.0,5,103,53,1,2,2,0,1,5,1,https://fbref.com/en/players/54bcdeb0/Gonzalo-Plata-Gonzalo Plata,
15,Antonio Adán,https://fbref.com/en/players/65d62814/Antonio-Adan,1,1,es ESP,GK,33-220,90,20,19,20,0,0,0,20,0,0,,0,,7,23,15,0,0,0,0,0,8,0,https://fbref.com/en/players/65d62814/Antonio-Adan-Antonio Adán,
