,Player Name,Player Number,Player,#,Nation,Pos,Age,Min,Gls,Ast,PK,PKatt,Sh,SoT,CrdY,CrdR,Touches,Tkl,Int,Blocks,xG,npxG,xAG,SCA,GCA,Cmp,Att,Cmp%,PrgP,Carries,PrgC,Att,Succ,Player Key,Player Link
0,Opa Nguette,https://fbref.com/en/players/75a63397/Opa-Nguette,11,11,sn SEN,FW,26-158,90,1,0,0,0,1,1,0,0,36,0,0,1,0.0,0.0,0.0,0,0,10,25,40.0,0,18,0,3,0,https://fbref.com/en/players/75a63397/Opa-Nguette-Opa Nguette,
1,Farid Boulaya,https://fbref.com/en/players/a0791826/Farid-Boulaya,10,10,dz ALG,FW,27-292,90,0,0,0,0,1,0,0,0,48,0,0,0,0.0,0.0,0.0,0,0,28,43,65.1,2,36,2,0,0,https://fbref.com/en/players/a0791826/Farid-Boulaya-Farid Boulaya,
2,Thomas Delaine,https://fbref.com/en/players/8332db56/Thomas-Delaine,17,17,fr FRA,LW,28-264,90,0,0,0,0,0,0,1,0,52,2,3,0,0.0,0.0,0.1,2,0,30,43,69.8,1,30,1,0,0,https://fbref.com/en/players/8332db56/Thomas-Delaine-Thomas Delaine,
3,Fabien Centonze,https://fbref.com/en/players/3c6bbbab/Fabien-Centonze,18,18,fr FRA,RW,24-332,90,0,0,0,0,0,0,0,0,58,6,3,1,0.0,0.0,0.1,1,0,28,41,68.3,2,20,3,2,2,https://fbref.com/en/players/3c6bbbab/Fabien-Centonze-Fabien Centonze,
4,Warren Tchimbembé,https://fbref.com/en/players/93b8f9f4/Warren-Tchimbembe,12,12,cg CGO,CM,22-236,89,0,0,0,0,2,0,0,0,42,0,1,1,0.2,0.2,0.0,2,1,28,36,77.8,2,34,0,0,0,https://fbref.com/en/players/93b8f9f4/Warren-Tchimbembe-Warren Tchimbembé,
5,Youssef Maziz,https://fbref.com/en/players/514270e8/Youssef-Maziz,22,22,fr FRA,CM,22-172,1,0,0,0,0,0,0,0,0,1,0,0,0,0.0,0.0,0.0,0,0,1,1,100.0,0,1,1,0,0,https://fbref.com/en/players/514270e8/Youssef-Maziz-Youssef Maziz,
6,Victorien Angban,https://fbref.com/en/players/d8992b84/Victorien-Angban,5,5,ci CIV,CM,24-075,90,0,0,0,0,0,0,1,0,54,0,0,3,0.0,0.0,0.0,1,0,36,51,70.6,5,46,2,2,2,https://fbref.com/en/players/d8992b84/Victorien-Angban-Victorien Angban,
7,Habib Maïga,https://fbref.com/en/players/e768de1f/Habib-Maiga,19,19,ci CIV,DM,24-347,90,0,1,0,0,0,0,1,0,53,0,2,3,0.0,0.0,0.0,1,1,33,42,78.6,3,36,1,3,3,https://fbref.com/en/players/e768de1f/Habib-Maiga-Habib Maïga,
8,Mamadou Fofana,https://fbref.com/en/players/4c4ffacc/Mamadou-Fofana,6,6,ml MLI,CB,22-327,90,0,0,0,0,0,0,0,0,48,2,0,1,0.0,0.0,0.0,0,0,36,39,92.3,1,30,0,0,0,https://fbref.com/en/players/4c4ffacc/Mamadou-Fofana-Mamadou Fofana,
9,Boubakar Kouyaté,https://fbref.com/en/players/562a4799/Boubakar-Kouyate,23,23,ml MLI,CB,23-242,90,0,0,0,0,0,0,1,0,45,2,4,1,0.0,0.0,0.0,0,0,25,36,69.4,1,26,0,0,0,https://fbref.com/en/players/562a4799/Boubakar-Kouyate-Boubakar Kouyaté,
10,Dylan Bronn,https://fbref.com/en/players/edd81e2a/Dylan-Bronn,2,2,tn TUN,CB,25-177,90,1,0,1,2,0,0,0,0,43,2,2,0,1.6,0.0,0.0,1,0,25,32,78.1,2,19,1,0,0,https://fbref.com/en/players/edd81e2a/Dylan-Bronn-Dylan Bronn,
11,Alexandre Oukidja,https://fbref.com/en/players/ae7d0ecd/Alexandre-Oukidja,16,16,dz ALG,GK,32-147,90,0,0,0,0,0,0,1,0,36,0,0,0,0.0,0.0,0.0,1,0,24,35,68.6,0,14,0,0,0,https://fbref.com/en/players/ae7d0ecd/Alexandre-Oukidja-Alexandre Oukidja,
