,Player Name,Player Number,Player,#,Nation,Pos,Age,Min,Att,Live,Dead,FK,TB,Sw,Crs,TI,CK,In,Out,Str,Cmp,Off,Blocks,Player Key,Player Link
0,Opa Nguette,https://fbref.com/en/players/75a63397/Opa-Nguette,11,11,sn SEN,FW,26-158,90,25,23,2,0,0,0,0,0,0,0,0,0,10,0,0,https://fbref.com/en/players/75a63397/Opa-Nguette-Opa Nguette,
1,Farid Boulaya,https://fbref.com/en/players/a0791826/Farid-Boulaya,10,10,dz ALG,FW,27-292,90,43,37,5,0,0,1,4,0,4,1,2,0,28,1,0,https://fbref.com/en/players/a0791826/Farid-Boulaya-Farid Boulaya,
2,Thomas Delaine,https://fbref.com/en/players/8332db56/Thomas-Delaine,17,17,fr FRA,LW,28-264,90,43,38,5,0,0,0,1,5,0,0,0,0,30,0,1,https://fbref.com/en/players/8332db56/Thomas-Delaine-Thomas Delaine,
3,Fabien Centonze,https://fbref.com/en/players/3c6bbbab/Fabien-Centonze,18,18,fr FRA,RW,24-332,90,41,27,14,0,0,0,3,14,0,0,0,0,28,0,3,https://fbref.com/en/players/3c6bbbab/Fabien-Centonze-Fabien Centonze,
4,Warren Tchimbembé,https://fbref.com/en/players/93b8f9f4/Warren-Tchimbembe,12,12,cg CGO,CM,22-236,89,36,35,1,1,0,0,2,0,0,0,0,0,28,0,0,https://fbref.com/en/players/93b8f9f4/Warren-Tchimbembe-Warren Tchimbembé,
5,Youssef Maziz,https://fbref.com/en/players/514270e8/Youssef-Maziz,22,22,fr FRA,CM,22-172,1,1,0,1,1,0,0,1,0,0,0,0,0,1,0,0,https://fbref.com/en/players/514270e8/Youssef-Maziz-Youssef Maziz,
6,Victorien Angban,https://fbref.com/en/players/d8992b84/Victorien-Angban,5,5,ci CIV,CM,24-075,90,51,51,0,0,0,0,1,0,0,0,0,0,36,0,1,https://fbref.com/en/players/d8992b84/Victorien-Angban-Victorien Angban,
7,Habib Maïga,https://fbref.com/en/players/e768de1f/Habib-Maiga,19,19,ci CIV,DM,24-347,90,42,40,1,1,0,0,0,0,0,0,0,0,33,1,2,https://fbref.com/en/players/e768de1f/Habib-Maiga-Habib Maïga,
8,Mamadou Fofana,https://fbref.com/en/players/4c4ffacc/Mamadou-Fofana,6,6,ml MLI,CB,22-327,90,39,39,0,0,0,0,0,0,0,0,0,0,36,0,1,https://fbref.com/en/players/4c4ffacc/Mamadou-Fofana-Mamadou Fofana,
9,Boubakar Kouyaté,https://fbref.com/en/players/562a4799/Boubakar-Kouyate,23,23,ml MLI,CB,23-242,90,36,35,1,1,0,0,0,0,0,0,0,0,25,0,0,https://fbref.com/en/players/562a4799/Boubakar-Kouyate-Boubakar Kouyaté,
10,Dylan Bronn,https://fbref.com/en/players/edd81e2a/Dylan-Bronn,2,2,tn TUN,CB,25-177,90,32,28,4,4,0,1,0,0,0,0,0,0,25,0,0,https://fbref.com/en/players/edd81e2a/Dylan-Bronn-Dylan Bronn,
11,Alexandre Oukidja,https://fbref.com/en/players/ae7d0ecd/Alexandre-Oukidja,16,16,dz ALG,GK,32-147,90,35,17,18,1,0,0,0,0,0,0,0,0,24,0,0,https://fbref.com/en/players/ae7d0ecd/Alexandre-Oukidja-Alexandre Oukidja,
