,Player Name,Player Number,Player,#,Nation,Pos,Age,Min,Touches,Def Pen,Def 3rd,Mid 3rd,Att 3rd,Att Pen,Live,Att,Succ,Succ%,Tkld,Tkld%,Carries,TotDist,PrgDist,PrgC,1/3,CPA,Mis,Dis,Rec,PrgR,Player Key,Player Link
0,Opa Nguette,https://fbref.com/en/players/75a63397/Opa-Nguette,11,11,sn SEN,FW,26-158,90,36,0,0,23,13,1,36,3,0,0.0,3,100.0,18,89,11,0,0,1,4,3,32,6,https://fbref.com/en/players/75a63397/Opa-Nguette-Opa Nguette,
1,Farid Boulaya,https://fbref.com/en/players/a0791826/Farid-Boulaya,10,10,dz ALG,FW,27-292,90,48,0,2,33,13,0,48,0,0,,0,,36,145,56,2,3,0,1,1,38,1,https://fbref.com/en/players/a0791826/Farid-Boulaya-Farid Boulaya,
2,Thomas Delaine,https://fbref.com/en/players/8332db56/Thomas-Delaine,17,17,fr FRA,LW,28-264,90,52,2,20,24,8,1,52,0,0,,0,,30,106,53,1,1,0,0,0,27,3,https://fbref.com/en/players/8332db56/Thomas-Delaine-Thomas Delaine,
3,Fabien Centonze,https://fbref.com/en/players/3c6bbbab/Fabien-Centonze,18,18,fr FRA,RW,24-332,90,58,4,25,19,14,0,58,2,2,100.0,0,0.0,20,100,60,3,1,0,1,1,20,5,https://fbref.com/en/players/3c6bbbab/Fabien-Centonze-Fabien Centonze,
4,Warren Tchimbembé,https://fbref.com/en/players/93b8f9f4/Warren-Tchimbembe,12,12,cg CGO,CM,22-236,89,42,0,8,27,7,3,42,0,0,,0,,34,84,30,0,0,0,1,2,35,1,https://fbref.com/en/players/93b8f9f4/Warren-Tchimbembe-Warren Tchimbembé,
5,Youssef Maziz,https://fbref.com/en/players/514270e8/Youssef-Maziz,22,22,fr FRA,CM,22-172,1,1,0,0,1,0,0,1,0,0,,0,,1,22,21,1,0,0,0,0,1,0,https://fbref.com/en/players/514270e8/Youssef-Maziz-Youssef Maziz,
6,Victorien Angban,https://fbref.com/en/players/d8992b84/Victorien-Angban,5,5,ci CIV,CM,24-075,90,54,0,14,35,5,0,54,2,2,100.0,0,0.0,46,166,104,2,1,0,1,1,41,3,https://fbref.com/en/players/d8992b84/Victorien-Angban-Victorien Angban,
7,Habib Maïga,https://fbref.com/en/players/e768de1f/Habib-Maiga,19,19,ci CIV,DM,24-347,90,53,3,15,37,1,0,53,3,3,100.0,0,0.0,36,140,49,1,0,0,1,0,30,0,https://fbref.com/en/players/e768de1f/Habib-Maiga-Habib Maïga,
8,Mamadou Fofana,https://fbref.com/en/players/4c4ffacc/Mamadou-Fofana,6,6,ml MLI,CB,22-327,90,48,5,25,21,2,0,48,0,0,,0,,30,66,31,0,0,0,1,0,30,0,https://fbref.com/en/players/4c4ffacc/Mamadou-Fofana-Mamadou Fofana,
9,Boubakar Kouyaté,https://fbref.com/en/players/562a4799/Boubakar-Kouyate,23,23,ml MLI,CB,23-242,90,45,7,35,10,0,0,45,0,0,,0,,26,97,31,0,0,0,0,0,20,0,https://fbref.com/en/players/562a4799/Boubakar-Kouyate-Boubakar Kouyaté,
10,Dylan Bronn,https://fbref.com/en/players/edd81e2a/Dylan-Bronn,2,2,tn TUN,CB,25-177,90,43,7,24,16,3,2,41,0,0,,0,,19,89,40,1,0,0,0,1,21,0,https://fbref.com/en/players/edd81e2a/Dylan-Bronn-Dylan Bronn,
11,Alexandre Oukidja,https://fbref.com/en/players/ae7d0ecd/Alexandre-Oukidja,16,16,dz ALG,GK,32-147,90,36,33,35,1,0,0,36,0,0,,0,,14,89,55,0,0,0,0,0,7,0,https://fbref.com/en/players/ae7d0ecd/Alexandre-Oukidja-Alexandre Oukidja,
