,Minute,Player,Squad,xG,PSxG,Outcome,Distance,Body Part,Notes,SCA 1 Player,SCA 1 Event,SCA 2 Player,SCA 2 Event
0,2,Ludovic Ajorque,Strasbourg,0.04,,Off Target,23,Left Foot,,Ludovic Ajorque,Pass (Live),Mehdi Chahiri,Pass (Live)
1,10,Habib Diallo,Strasbourg,0.04,,Off Target,21,Left Foot,Volley,,,,
2,12,Alexander Djiku,Strasbourg,0.02,,Off Target,34,Right Foot,,Dimitri Liénard,Pass (Live),Alexander Djiku,Pass (Live)
3,19,Farid Boulaya,Metz,0.02,,Off Target,34,Right Foot,,Thomas Delaine,Pass (Live),Warren Tchimbembé,Pass (Live)
4,27,Mehdi Chahiri,Strasbourg,0.04,,Off Target,20,Right Foot,Volley,,,,
5,28,Habib Diallo,Strasbourg,0.05,,Off Target,17,Right Foot,Volley,Ludovic Ajorque,Pass (Live),,
6,33,Warren Tchimbembé,Metz,0.14,,Blocked,9,Right Foot,,Fabien Centonze,Pass (Live),Victorien Angban,Pass (Live)
7,35,Dylan Bronn(pen),Metz,0.79,0.98,Goal,13,Right Foot,,,Fouled,Warren Tchimbembé,Shot
8,37,Ludovic Ajorque,Strasbourg,0.06,,Off Target,19,Left Foot,,Habib Diallo,Pass (Live),Adrien Thomasson,Pass (Live)
9,38,Warren Tchimbembé,Metz,0.05,,Off Target,13,Head,,Thomas Delaine,Pass (Live),Alexandre Oukidja,Pass (Dead)
10,39,Mohamed Simakan,Strasbourg,0.02,,Off Target,39,Right Foot,,Anthony Caci,Pass (Live),Adrien Thomasson,Pass (Live)
11,,,,,,,,,,,,,
12,46,Mehdi Chahiri,Strasbourg,0.02,,Off Target,29,Right Foot,,Dimitri Liénard,Pass (Dead),,
13,51,Dylan Bronn(pen),Metz,0.79,0.99,Saved,13,Right Foot,,,Fouled,Dylan Bronn,Pass (Live)
14,52,Ludovic Ajorque,Strasbourg,0.01,,Off Target,59,Left Foot,,,,,
15,54,Ludovic Ajorque,Strasbourg,0.05,,Blocked,17,Left Foot,,Habib Diallo,Pass (Live),Anthony Caci,Pass (Live)
16,59,Mohamed Simakan,Strasbourg,0.11,0.04,Saved,9,Head,,Dimitri Liénard,Pass (Dead),Kenny Lala,Pass (Live)
17,60,Ibrahima Sissoko,Strasbourg,0.03,,Off Target,24,Right Foot,,Mehdi Chahiri,Pass (Live),Mehdi Chahiri,Take-On
18,66,Mohamed Simakan,Strasbourg,0.11,0.12,Goal,5,Head,,Dimitri Liénard,Pass (Dead),Ludovic Ajorque,Pass (Live)
19,70,Opa Nguette,Metz,0.04,0.36,Goal,23,Right Foot,,Habib Maïga,Pass (Live),,
20,74,Adrien Thomasson,Strasbourg,0.12,0.04,Saved,10,Left Foot,,Ludovic Ajorque,Pass (Live),Jean-Eudes Aholou,Pass (Live)
21,78,Adrien Thomasson,Strasbourg,0.28,0.46,Goal,8,Right Foot,,Adrien Thomasson,Take-On,Adrien Thomasson,Take-On
22,87,Habib Diallo,Strasbourg,0.03,,Off Target,30,Right Foot,,Habib Diallo,Take-On,,
23,90+3,Habib Diallo,Strasbourg,0.04,,Off Target,18,Left Foot,,Anthony Caci,Pass (Live),Eiji Kawashima,Pass (Live)
