,Player Name,Player Number,Player,#,Nation,Pos,Age,Min,Touches,Def Pen,Def 3rd,Mid 3rd,Att 3rd,Att Pen,Live,Att,Succ,Succ%,Tkld,Tkld%,Carries,TotDist,PrgDist,PrgC,1/3,CPA,Mis,Dis,Rec,PrgR,Player Key,Player Link
0,Ludovic Ajorque,https://fbref.com/en/players/462475ed/Ludovic-Ajorque,25,25,fr FRA,FW,26-292,90,36,0,0,11,25,7,36,0,0,,0,,21,99,32,3,1,2,1,2,29,13,https://fbref.com/en/players/462475ed/Ludovic-Ajorque-Ludovic Ajorque,
1,Mehdi Chahiri,https://fbref.com/en/players/1787195f/Mehdi-Chahiri,21,21,ma MAR,LW,24-141,73,37,0,1,17,19,3,37,5,4,80.0,1,20.0,22,124,25,0,0,0,1,5,23,6,https://fbref.com/en/players/1787195f/Mehdi-Chahiri-Mehdi Chahiri,
2,Kévin Zohi,https://fbref.com/en/players/775185ae/Kevin-Zohi,20,20,ml MLI,LW,23-360,17,9,0,0,3,6,0,9,2,1,50.0,1,50.0,8,48,29,1,0,0,0,0,9,2,https://fbref.com/en/players/775185ae/Kevin-Zohi-Kévin Zohi,
3,Habib Diallo,https://fbref.com/en/players/6605d143/Habib-Diallo,28,28,sn SEN,RW,25-178,90,33,0,2,11,22,4,33,1,1,100.0,0,0.0,24,121,29,0,3,0,3,3,23,5,https://fbref.com/en/players/6605d143/Habib-Diallo-Habib Diallo,
4,Adrien Thomasson,https://fbref.com/en/players/c76b7567/Adrien-Thomasson,26,26,fr FRA,AM,27-003,90,53,0,2,22,29,7,53,3,3,100.0,0,0.0,34,119,50,0,0,0,5,1,42,13,https://fbref.com/en/players/c76b7567/Adrien-Thomasson-Adrien Thomasson,
5,Dimitri Liénard,https://fbref.com/en/players/f7691f63/Dimitri-Lienard,11,11,fr FRA,DM,32-304,90,70,1,9,44,19,0,70,0,0,,0,,42,268,181,2,3,0,1,0,43,1,https://fbref.com/en/players/f7691f63/Dimitri-Lienard-Dimitri Liénard,
6,Ibrahima Sissoko,https://fbref.com/en/players/0f8418aa/Ibrahima-Sissoko,27,27,ml MLI,DM,23-047,73,32,0,3,24,5,0,32,1,1,100.0,0,0.0,20,164,72,3,2,0,1,0,22,1,https://fbref.com/en/players/0f8418aa/Ibrahima-Sissoko-Ibrahima Sissoko,
7,Jean-Eudes Aholou,https://fbref.com/en/players/48b28bfd/Jean-Eudes-Aholou,6,6,ci CIV,DM,26-268,17,14,0,2,7,5,0,14,0,0,,0,,3,5,4,0,0,0,2,0,4,0,https://fbref.com/en/players/48b28bfd/Jean-Eudes-Aholou-Jean-Eudes Aholou,
8,Anthony Caci,https://fbref.com/en/players/0118c54c/Anthony-Caci,19,19,fr FRA,LB,23-165,90,100,0,14,61,26,1,100,0,0,,0,,59,226,118,2,3,0,1,1,61,7,https://fbref.com/en/players/0118c54c/Anthony-Caci-Anthony Caci,
9,Alexander Djiku,https://fbref.com/en/players/43e7a164/Alexander-Djiku,24,24,gh GHA,CB,26-126,90,80,5,46,33,2,0,80,0,0,,0,,48,285,200,1,2,0,0,0,48,0,https://fbref.com/en/players/43e7a164/Alexander-Djiku-Alexander Djiku,
10,Mohamed Simakan,https://fbref.com/en/players/fcb27134/Mohamed-Simakan,2,2,fr FRA,CB,20-224,90,76,2,28,48,3,2,76,1,1,100.0,0,0.0,57,391,274,1,1,0,2,0,52,0,https://fbref.com/en/players/fcb27134/Mohamed-Simakan-Mohamed Simakan,
11,Kenny Lala,https://fbref.com/en/players/770d7eb8/Kenny-Lala,10,10,mg MAD,RB,29-071,90,77,3,16,42,19,0,77,0,0,,0,,48,274,140,3,2,0,2,0,56,6,https://fbref.com/en/players/770d7eb8/Kenny-Lala-Kenny Lala,
12,Eiji Kawashima,https://fbref.com/en/players/a4527d33/Eiji-Kawashima,16,16,jp JPN,GK,37-268,90,34,30,34,0,0,0,34,0,0,,0,,16,47,30,0,0,0,0,0,21,0,https://fbref.com/en/players/a4527d33/Eiji-Kawashima-Eiji Kawashima,
