,Player Name,Player Number,Player,#,Nation,Pos,Age,Min,Att,Live,Dead,FK,TB,Sw,Crs,TI,CK,In,Out,Str,Cmp,Off,Blocks,Player Key,Player Link
0,Ludovic Ajorque,https://fbref.com/en/players/462475ed/Ludovic-Ajorque,25,25,fr FRA,FW,26-292,90,28,26,2,0,0,0,2,0,0,0,0,0,18,0,1,https://fbref.com/en/players/462475ed/Ludovic-Ajorque-Ludovic Ajorque,
1,Mehdi Chahiri,https://fbref.com/en/players/1787195f/Mehdi-Chahiri,21,21,ma MAR,LW,24-141,73,28,28,0,0,0,0,0,0,0,0,0,0,25,0,0,https://fbref.com/en/players/1787195f/Mehdi-Chahiri-Mehdi Chahiri,
2,Kévin Zohi,https://fbref.com/en/players/775185ae/Kevin-Zohi,20,20,ml MLI,LW,23-360,17,7,7,0,0,0,0,0,0,0,0,0,0,5,0,0,https://fbref.com/en/players/775185ae/Kevin-Zohi-Kévin Zohi,
3,Habib Diallo,https://fbref.com/en/players/6605d143/Habib-Diallo,28,28,sn SEN,RW,25-178,90,22,22,0,0,0,1,0,0,0,0,0,0,16,0,2,https://fbref.com/en/players/6605d143/Habib-Diallo-Habib Diallo,
4,Adrien Thomasson,https://fbref.com/en/players/c76b7567/Adrien-Thomasson,26,26,fr FRA,AM,27-003,90,41,38,3,1,0,0,2,1,0,0,0,0,29,0,3,https://fbref.com/en/players/c76b7567/Adrien-Thomasson-Adrien Thomasson,
5,Dimitri Liénard,https://fbref.com/en/players/f7691f63/Dimitri-Lienard,11,11,fr FRA,DM,32-304,90,67,57,10,5,0,1,8,0,5,3,1,0,49,0,2,https://fbref.com/en/players/f7691f63/Dimitri-Lienard-Dimitri Liénard,
6,Ibrahima Sissoko,https://fbref.com/en/players/0f8418aa/Ibrahima-Sissoko,27,27,ml MLI,DM,23-047,73,27,27,0,0,0,0,1,0,0,0,0,0,24,0,0,https://fbref.com/en/players/0f8418aa/Ibrahima-Sissoko-Ibrahima Sissoko,
7,Jean-Eudes Aholou,https://fbref.com/en/players/48b28bfd/Jean-Eudes-Aholou,6,6,ci CIV,DM,26-268,17,9,8,1,1,0,0,0,0,0,0,0,0,6,0,0,https://fbref.com/en/players/48b28bfd/Jean-Eudes-Aholou-Jean-Eudes Aholou,
8,Anthony Caci,https://fbref.com/en/players/0118c54c/Anthony-Caci,19,19,fr FRA,LB,23-165,90,89,75,14,2,0,3,6,12,0,0,0,0,68,0,1,https://fbref.com/en/players/0118c54c/Anthony-Caci-Anthony Caci,
9,Alexander Djiku,https://fbref.com/en/players/43e7a164/Alexander-Djiku,24,24,gh GHA,CB,26-126,90,70,67,3,3,0,0,0,0,0,0,0,0,57,0,1,https://fbref.com/en/players/43e7a164/Alexander-Djiku-Alexander Djiku,
10,Mohamed Simakan,https://fbref.com/en/players/fcb27134/Mohamed-Simakan,2,2,fr FRA,CB,20-224,90,67,65,2,2,0,1,0,0,0,0,0,0,55,0,0,https://fbref.com/en/players/fcb27134/Mohamed-Simakan-Mohamed Simakan,
11,Kenny Lala,https://fbref.com/en/players/770d7eb8/Kenny-Lala,10,10,mg MAD,RB,29-071,90,72,58,14,1,0,1,6,13,0,0,0,0,53,0,0,https://fbref.com/en/players/770d7eb8/Kenny-Lala-Kenny Lala,
12,Eiji Kawashima,https://fbref.com/en/players/a4527d33/Eiji-Kawashima,16,16,jp JPN,GK,37-268,90,31,26,5,2,0,0,0,0,0,0,0,0,31,0,0,https://fbref.com/en/players/a4527d33/Eiji-Kawashima-Eiji Kawashima,
