,Player Name,Player Number,Player,#,Nation,Pos,Age,Min,Gls,Ast,PK,PKatt,Sh,SoT,CrdY,CrdR,Touches,Tkl,Int,Blocks,xG,npxG,xAG,SCA,GCA,Cmp,Att,Cmp%,PrgP,Carries,PrgC,Att,Succ,Player Key,Player Link
0,Ludovic Ajorque,https://fbref.com/en/players/462475ed/Ludovic-Ajorque,25,25,fr FRA,FW,26-292,90,0,0,0,0,4,0,0,0,36,1,0,1,0.2,0.2,0.2,4,1,18,28,64.3,3,21,3,0,0,https://fbref.com/en/players/462475ed/Ludovic-Ajorque-Ludovic Ajorque,
1,Mehdi Chahiri,https://fbref.com/en/players/1787195f/Mehdi-Chahiri,21,21,ma MAR,LW,24-141,73,0,0,0,0,2,0,0,0,37,1,0,0,0.1,0.1,0.0,3,0,25,28,89.3,3,22,0,5,4,https://fbref.com/en/players/1787195f/Mehdi-Chahiri-Mehdi Chahiri,
2,Kévin Zohi,https://fbref.com/en/players/775185ae/Kevin-Zohi,20,20,ml MLI,LW,23-360,17,0,0,0,0,0,0,0,0,9,0,0,0,0.0,0.0,0.0,0,0,5,7,71.4,1,8,1,2,1,https://fbref.com/en/players/775185ae/Kevin-Zohi-Kévin Zohi,
3,Habib Diallo,https://fbref.com/en/players/6605d143/Habib-Diallo,28,28,sn SEN,RW,25-178,90,0,1,0,0,4,0,0,0,33,0,2,0,0.2,0.2,0.4,3,0,16,22,72.7,3,24,0,1,1,https://fbref.com/en/players/6605d143/Habib-Diallo-Habib Diallo,
4,Adrien Thomasson,https://fbref.com/en/players/c76b7567/Adrien-Thomasson,26,26,fr FRA,AM,27-003,90,1,0,0,0,2,2,1,0,53,1,0,1,0.4,0.4,0.0,4,2,29,41,70.7,0,34,0,3,3,https://fbref.com/en/players/c76b7567/Adrien-Thomasson-Adrien Thomasson,
5,Dimitri Liénard,https://fbref.com/en/players/f7691f63/Dimitri-Lienard,11,11,fr FRA,DM,32-304,90,0,1,0,0,0,0,0,0,70,0,1,1,0.0,0.0,0.3,4,1,49,67,73.1,4,42,2,0,0,https://fbref.com/en/players/f7691f63/Dimitri-Lienard-Dimitri Liénard,
6,Ibrahima Sissoko,https://fbref.com/en/players/0f8418aa/Ibrahima-Sissoko,27,27,ml MLI,DM,23-047,73,0,0,0,0,1,0,0,0,32,1,1,1,0.0,0.0,0.0,0,0,24,27,88.9,3,20,3,1,1,https://fbref.com/en/players/0f8418aa/Ibrahima-Sissoko-Ibrahima Sissoko,
7,Jean-Eudes Aholou,https://fbref.com/en/players/48b28bfd/Jean-Eudes-Aholou,6,6,ci CIV,DM,26-268,17,0,0,0,0,0,0,1,0,14,2,1,0,0.0,0.0,0.0,1,0,6,9,66.7,4,3,0,0,0,https://fbref.com/en/players/48b28bfd/Jean-Eudes-Aholou-Jean-Eudes Aholou,
8,Anthony Caci,https://fbref.com/en/players/0118c54c/Anthony-Caci,19,19,fr FRA,LB,23-165,90,0,0,0,0,0,0,0,0,100,3,3,1,0.0,0.0,0.0,3,0,68,89,76.4,15,59,2,0,0,https://fbref.com/en/players/0118c54c/Anthony-Caci-Anthony Caci,
9,Alexander Djiku,https://fbref.com/en/players/43e7a164/Alexander-Djiku,24,24,gh GHA,CB,26-126,90,0,0,0,0,1,0,0,0,80,2,3,0,0.0,0.0,0.0,1,0,57,70,81.4,5,48,1,0,0,https://fbref.com/en/players/43e7a164/Alexander-Djiku-Alexander Djiku,
10,Mohamed Simakan,https://fbref.com/en/players/fcb27134/Mohamed-Simakan,2,2,fr FRA,CB,20-224,90,1,0,0,0,3,2,1,0,76,0,2,1,0.2,0.2,0.0,0,0,55,67,82.1,5,57,1,1,1,https://fbref.com/en/players/fcb27134/Mohamed-Simakan-Mohamed Simakan,
11,Kenny Lala,https://fbref.com/en/players/770d7eb8/Kenny-Lala,10,10,mg MAD,RB,29-071,90,0,0,0,0,0,0,0,0,77,1,0,0,0.0,0.0,0.0,1,0,53,72,73.6,8,48,3,0,0,https://fbref.com/en/players/770d7eb8/Kenny-Lala-Kenny Lala,
12,Eiji Kawashima,https://fbref.com/en/players/a4527d33/Eiji-Kawashima,16,16,jp JPN,GK,37-268,90,0,0,0,0,0,0,0,0,34,0,0,0,0.0,0.0,0.0,1,0,31,31,100.0,0,16,0,0,0,https://fbref.com/en/players/a4527d33/Eiji-Kawashima-Eiji Kawashima,
