,Player Name,Player Number,Player,#,Nation,Pos,Age,Min,CrdY,CrdR,2CrdY,Fls,Fld,Off,Crs,Int,TklW,PKwon,PKcon,OG,Recov,Won,Lost,Won%,Player Key,Player Link
0,Ludovic Ajorque,https://fbref.com/en/players/462475ed/Ludovic-Ajorque,25,25,fr FRA,FW,26-292,90,0,0,0,0,1,0,2,0,1,0,0,0,0,2,6,25.0,https://fbref.com/en/players/462475ed/Ludovic-Ajorque-Ludovic Ajorque,
1,Mehdi Chahiri,https://fbref.com/en/players/1787195f/Mehdi-Chahiri,21,21,ma MAR,LW,24-141,73,0,0,0,0,0,0,0,0,0,0,0,0,5,0,0,,https://fbref.com/en/players/1787195f/Mehdi-Chahiri-Mehdi Chahiri,
2,Kévin Zohi,https://fbref.com/en/players/775185ae/Kevin-Zohi,20,20,ml MLI,LW,23-360,17,0,0,0,0,1,0,0,0,0,0,0,0,0,1,0,100.0,https://fbref.com/en/players/775185ae/Kevin-Zohi-Kévin Zohi,
3,Habib Diallo,https://fbref.com/en/players/6605d143/Habib-Diallo,28,28,sn SEN,RW,25-178,90,0,0,0,1,0,0,0,2,0,0,0,0,5,1,0,100.0,https://fbref.com/en/players/6605d143/Habib-Diallo-Habib Diallo,
4,Adrien Thomasson,https://fbref.com/en/players/c76b7567/Adrien-Thomasson,26,26,fr FRA,AM,27-003,90,1,0,0,2,3,0,2,0,1,0,0,0,2,1,2,33.3,https://fbref.com/en/players/c76b7567/Adrien-Thomasson-Adrien Thomasson,
5,Dimitri Liénard,https://fbref.com/en/players/f7691f63/Dimitri-Lienard,11,11,fr FRA,DM,32-304,90,0,0,0,0,1,0,8,1,0,0,0,0,9,1,1,50.0,https://fbref.com/en/players/f7691f63/Dimitri-Lienard-Dimitri Liénard,
6,Ibrahima Sissoko,https://fbref.com/en/players/0f8418aa/Ibrahima-Sissoko,27,27,ml MLI,DM,23-047,73,0,0,0,4,0,0,1,1,1,0,0,0,3,0,1,0.0,https://fbref.com/en/players/0f8418aa/Ibrahima-Sissoko-Ibrahima Sissoko,
7,Jean-Eudes Aholou,https://fbref.com/en/players/48b28bfd/Jean-Eudes-Aholou,6,6,ci CIV,DM,26-268,17,1,0,0,1,2,0,0,1,2,0,0,0,3,2,0,100.0,https://fbref.com/en/players/48b28bfd/Jean-Eudes-Aholou-Jean-Eudes Aholou,
8,Anthony Caci,https://fbref.com/en/players/0118c54c/Anthony-Caci,19,19,fr FRA,LB,23-165,90,0,0,0,1,1,0,6,3,1,0,0,0,10,0,5,0.0,https://fbref.com/en/players/0118c54c/Anthony-Caci-Anthony Caci,
9,Alexander Djiku,https://fbref.com/en/players/43e7a164/Alexander-Djiku,24,24,gh GHA,CB,26-126,90,0,0,0,0,3,0,0,3,1,0,0,0,9,3,4,42.9,https://fbref.com/en/players/43e7a164/Alexander-Djiku-Alexander Djiku,
10,Mohamed Simakan,https://fbref.com/en/players/fcb27134/Mohamed-Simakan,2,2,fr FRA,CB,20-224,90,1,0,0,2,0,0,0,2,0,0,2,0,12,2,6,25.0,https://fbref.com/en/players/fcb27134/Mohamed-Simakan-Mohamed Simakan,
11,Kenny Lala,https://fbref.com/en/players/770d7eb8/Kenny-Lala,10,10,mg MAD,RB,29-071,90,0,0,0,0,2,0,6,0,0,0,0,0,9,0,1,0.0,https://fbref.com/en/players/770d7eb8/Kenny-Lala-Kenny Lala,
12,Eiji Kawashima,https://fbref.com/en/players/a4527d33/Eiji-Kawashima,16,16,jp JPN,GK,37-268,90,0,0,0,0,1,0,0,0,0,0,0,0,0,0,0,,https://fbref.com/en/players/a4527d33/Eiji-Kawashima-Eiji Kawashima,
