season,injury,from,until,days,missed_games
23/24,Cruciate ligament injury,"Jan 29, 2024","Jun 30, 2024",153 days,16
23/24,Knee problems,"Jan 17, 2024","Jan 17, 2024",0 days,-
22/23,Cruciate ligament tear,"Feb 4, 2023","Jan 5, 2024",335 days,33
21/22,Knee injury,"Dec 1, 2021","Jan 4, 2022",34 days,-
21/22,unknown injury,"Nov 1, 2021","Nov 10, 2021",9 days,2
21/22,unknown injury,"Sep 28, 2021","Oct 10, 2021",12 days,2
21/22,unknown injury,"Aug 23, 2021","Sep 14, 2021",22 days,3
20/21,Groin injury,"Jan 29, 2021","Feb 12, 2021",14 days,4
20/21,Knock,"Nov 7, 2020","Dec 12, 2020",35 days,3
20/21,Calf injury,"Sep 24, 2020","Oct 31, 2020",37 days,5
20/21,Calf injury,"Sep 10, 2020","Sep 16, 2020",6 days,1
19/20,Calf injury,"Jul 2, 2020","Jul 3, 2020",1 days,-
19/20,Hamstring injury,"Sep 22, 2019","Oct 18, 2019",26 days,3
18/19,Hamstring injury,"Apr 21, 2019","May 31, 2019",40 days,4
18/19,Knock,"Mar 22, 2019","Mar 29, 2019",7 days,1
