season,injury,from,until,days,missed_games
23/24,Knee problems,"May 27, 2024","Jun 16, 2024",20 days,-
23/24,Knee injury,"Mar 21, 2024","Apr 1, 2024",11 days,2
23/24,Knee injury,"Nov 12, 2023","Jan 5, 2024",54 days,7
23/24,Knee injury,"Oct 15, 2023","Oct 25, 2023",10 days,2
22/23,Knee problems,"Jun 1, 2023","Jun 2, 2023",1 days,1
22/23,Knee injury,"May 12, 2023","May 17, 2023",5 days,1
22/23,Shin injury,"Apr 8, 2023","Apr 11, 2023",3 days,1
22/23,strain,"Jan 7, 2023","Jan 8, 2023",1 days,1
21/22,unknown injury,"Apr 16, 2022","May 9, 2022",23 days,5
21/22,Ill,"Feb 10, 2022","Feb 17, 2022",7 days,1
21/22,unknown injury,"Jan 13, 2022","Jan 20, 2022",7 days,1
20/21,unknown injury,"May 15, 2021","May 31, 2021",16 days,2
20/21,Hamstring injury,"Feb 28, 2021","Mar 15, 2021",15 days,4
20/21,Knee problems,"Jan 23, 2021","Jan 25, 2021",2 days,1
20/21,Groin injury,"Jan 13, 2021","Jan 15, 2021",2 days,1
