season,injury,from,until,days,missed_games
23/24,Muscle injury,"Oct 22, 2023","Nov 3, 2023",12 days,2
22/23,Hamstring injury,"Aug 12, 2022","Sep 1, 2022",20 days,3
20/21,Rest,"Jan 4, 2021","Jan 6, 2021",2 days,1
20/21,Rest,"Dec 16, 2020","Dec 18, 2020",2 days,1
20/21,Muscle injury,"Nov 30, 2020","Dec 9, 2020",9 days,1
19/20,muscular problems,"Nov 4, 2019","Nov 8, 2019",4 days,1
19/20,muscular problems,"Oct 16, 2019","Oct 28, 2019",12 days,3
17/18,Ankle injury,"Apr 30, 2018","May 11, 2018",11 days,1
17/18,Muscle injury,"Jan 20, 2018","Feb 3, 2018",14 days,1
13/14,Ill,"May 10, 2014","May 14, 2014",4 days,1
