season,injury,from,until,days,missed_games
23/24,Broken toe,"May 31, 2024","Jul 7, 2024",37 days,-
23/24,Cruciate ligament tear,"May 24, 2023","Dec 20, 2023",210 days,31
22/23,Muscle injury,"Sep 22, 2022","Sep 30, 2022",8 days,1
21/22,minor knock,"Jun 2, 2022","Jun 16, 2022",14 days,4
20/21,Corona virus,"Apr 1, 2021","Apr 15, 2021",14 days,2
20/21,Hamstring injury,"Dec 31, 2020","Feb 1, 2021",32 days,6
18/19,influenza,"Jan 21, 2019","Jan 31, 2019",10 days,1
18/19,Groin injury,"May 14, 2018","Jul 12, 2018",59 days,4
16/17,Groin injury,"Sep 5, 2016","Sep 15, 2016",10 days,1
