season,injury,from,until,days,missed_games
21/22,Corona virus,"Nov 19, 2021","Nov 27, 2021",8 days,2
20/21,unknown injury,"Jun 1, 2021","Jul 10, 2021",39 days,-
20/21,bruise,"Nov 5, 2020","Nov 23, 2020",18 days,2
20/21,bruise,"Oct 17, 2020","Oct 23, 2020",6 days,2
19/20,Ill,"Feb 19, 2020","Feb 22, 2020",3 days,1
19/20,Back injury,"Oct 7, 2019","Oct 19, 2019",12 days,4
19/20,Tonsillitis,"Sep 20, 2019","Sep 23, 2019",3 days,1
18/19,bruise,"Apr 27, 2019","May 11, 2019",14 days,5
18/19,Ill,"Mar 11, 2019","Apr 12, 2019",32 days,7
