season,injury,from,until,days,missed_games
23/24,Cruciate ligament surgery,"Oct 22, 2023","May 21, 2024",212 days,31
23/24,Fitness,"Aug 24, 2023","Aug 31, 2023",7 days,1
22/23,Ankle injury,"Mar 3, 2023","Aug 23, 2023",173 days,17
22/23,Fitness,"Jan 26, 2023","Feb 1, 2023",6 days,1
22/23,Ankle injury,"Oct 2, 2022","Jan 25, 2023",115 days,14
21/22,muscular problems,"Mar 13, 2022","Mar 31, 2022",18 days,3
21/22,unknown injury,"Mar 1, 2022","Mar 9, 2022",8 days,1
21/22,Muscle injury,"Sep 14, 2021","Sep 28, 2021",14 days,3
20/21,Rest,"Dec 16, 2020","Dec 18, 2020",2 days,1
19/20,unknown injury,"Oct 1, 2019","Oct 14, 2019",13 days,3
18/19,Muscle injury,"Feb 18, 2019","Feb 28, 2019",10 days,1
18/19,Knock,"Sep 1, 2018","Sep 22, 2018",21 days,3
17/18,Metatarsal fracture,"Mar 22, 2018","Jun 22, 2018",92 days,14
15/16,Muscle injury,"Dec 4, 2015","Dec 11, 2015",7 days,1
