season,injury,from,until,days,missed_games
23/24,Hamstring injury,"Mar 6, 2024","Mar 29, 2024",23 days,2
23/24,Hamstring injury,"Feb 24, 2024","Mar 4, 2024",9 days,2
23/24,Ankle injury,"Jan 18, 2024","Feb 2, 2024",15 days,3
23/24,Ankle injury,"Dec 3, 2023","Dec 31, 2023",28 days,5
22/23,muscular problems,"Jan 27, 2023","Feb 3, 2023",7 days,1
22/23,muscular problems,"Oct 20, 2022","Jan 1, 2023",73 days,10
22/23,Muscle injury,"Sep 10, 2022","Oct 14, 2022",34 days,9
21/22,Torn thigh muscle,"Jan 3, 2022","Jun 20, 2022",168 days,28
21/22,Muscle injury,"Sep 11, 2021","Oct 29, 2021",48 days,13
19/20,Muscle injury,"Jun 14, 2020","Jul 6, 2020",22 days,7
19/20,Muscle injury,"Feb 11, 2020","Feb 27, 2020",16 days,2
19/20,Muscle injury,"Aug 22, 2019","Sep 22, 2019",31 days,8
19/20,Torn muscle fiber,"Jul 31, 2019","Aug 14, 2019",14 days,-
