season,injury,from,until,days,missed_games
23/24,Calf injury,"Jan 4, 2024","Jan 12, 2024",8 days,1
23/24,Calf injury,"Oct 16, 2023","Nov 28, 2023",43 days,8
22/23,Hamstring injury,"May 31, 2023","Sep 23, 2023",115 days,13
21/22,Corona virus,"Jan 2, 2022","Jan 7, 2022",5 days,-
20/21,Back problems,"Feb 17, 2021","Feb 23, 2021",6 days,1
20/21,muscular problems,"Dec 10, 2020","Dec 14, 2020",4 days,1
19/20,Quarantine,"Mar 19, 2020","Apr 2, 2020",14 days,-
19/20,Achilles tendon problems,"Oct 17, 2019","Nov 1, 2019",15 days,4
18/19,Patellar tendon problems,"Apr 6, 2019","Aug 3, 2019",119 days,-
18/19,Patellar tendon problems,"Mar 26, 2019","Apr 2, 2019",7 days,1
18/19,Hamstring injury,"Oct 29, 2018","Nov 10, 2018",12 days,3
16/17,Muscle injury,"Dec 27, 2016","Jan 5, 2017",9 days,2
15/16,Groin surgery,"Sep 20, 2015","Oct 19, 2015",29 days,7
