season,injury,from,until,days,missed_games
23/24,Toe injury,"Jan 24, 2024","Mar 14, 2024",50 days,11
23/24,muscular problems,"Dec 22, 2023","Jan 2, 2024",11 days,1
23/24,Hamstring injury,"Sep 15, 2023","Sep 25, 2023",10 days,3
23/24,Hamstring injury,"Jul 23, 2023","Sep 1, 2023",40 days,3
22/23,Ankle injury,"Jan 31, 2023","Mar 31, 2023",59 days,9
19/20,Foot injury,"Jul 14, 2020","Jul 18, 2020",4 days,1
19/20,concussion,"Jan 1, 2020","Jan 27, 2020",26 days,5
19/20,Muscle injury,"Oct 16, 2019","Nov 6, 2019",21 days,4
19/20,Muscle injury,"Aug 14, 2019","Sep 14, 2019",31 days,4
18/19,Knee problems,"May 5, 2019","May 15, 2019",10 days,1
18/19,muscular problems,"Jan 29, 2019","Feb 23, 2019",25 days,3
18/19,Ankle injury,"Dec 6, 2018","Dec 20, 2018",14 days,2
18/19,Muscle injury,"Nov 19, 2018","Dec 3, 2018",14 days,2
17/18,Muscle strain,"Apr 29, 2018","May 17, 2018",18 days,2
16/17,Achilles tendon irritation,"Sep 13, 2016","Sep 21, 2016",8 days,2
