season,injury,from,until,days,missed_games
23/24,cold,"Jun 5, 2024","Jun 11, 2024",6 days,-
23/24,Calf injury,"Mar 4, 2024","Mar 15, 2024",11 days,3
23/24,Ankle sprain,"Jan 28, 2024","Feb 2, 2024",5 days,-
23/24,Hamstring injury,"Dec 20, 2023","Jan 1, 2024",12 days,1
23/24,Corona virus,"Sep 21, 2023","Oct 1, 2023",10 days,3
22/23,Leg injury,"May 14, 2023","May 24, 2023",10 days,2
22/23,Bruised knee,"Sep 20, 2022","Sep 26, 2022",6 days,-
21/22,Knee injury,"Mar 20, 2022","Apr 1, 2022",12 days,1
21/22,muscular problems,"Nov 6, 2021","Nov 18, 2021",12 days,1
20/21,angina,"May 21, 2021","May 31, 2021",10 days,-
