season,injury,from,until,days,missed_games
23/24,Meniscus damage,"Jan 12, 2024","May 31, 2024",140 days,25
23/24,Knee injury,"Nov 23, 2023","Dec 8, 2023",15 days,4
22/23,Hamstring injury,"Apr 1, 2023","Apr 7, 2023",6 days,1
22/23,Hamstring injury,"Dec 12, 2022","Jan 13, 2023",32 days,4
22/23,Hamstring injury,"Aug 13, 2022","Sep 30, 2022",48 days,8
21/22,Cruciate ligament tear,"Jul 31, 2021","Jun 30, 2022",334 days,51
20/21,Muscle injury,"Apr 26, 2021","Jun 26, 2021",61 days,6
20/21,Corona virus,"Nov 20, 2020","Dec 3, 2020",13 days,4
18/19,Meniscus injury,"Jul 9, 2018","Sep 11, 2018",64 days,6
17/18,Muscle injury,"Apr 28, 2018","May 28, 2018",30 days,5
17/18,Ankle injury,"Dec 22, 2017","Jan 18, 2018",27 days,2
17/18,Torn muscle fiber,"Oct 22, 2017","Nov 22, 2017",31 days,6
17/18,muscular problems,"Sep 5, 2017","Sep 15, 2017",10 days,1
16/17,Cruciate ligament tear,"Oct 6, 2016","Jul 6, 2017",273 days,44
