season,injury,from,until,days,missed_games
22/23,Ankle injury,"Apr 19, 2023","Apr 30, 2023",11 days,3
22/23,Muscle injury,"Aug 15, 2022","Sep 14, 2022",30 days,5
21/22,Muscle injury,"Aug 11, 2021","Nov 5, 2021",86 days,16
20/21,Knee problems,"Sep 10, 2020","Sep 17, 2020",7 days,2
19/20,Knock,"Jan 23, 2020","Jan 31, 2020",8 days,1
18/19,Ankle injury,"Apr 6, 2019","May 31, 2019",55 days,6
18/19,Hamstring injury,"Sep 23, 2018","Sep 30, 2018",7 days,1
16/17,Knock,"Apr 10, 2017","Apr 20, 2017",10 days,1
16/17,ankle sprain,"Nov 22, 2016","Jan 18, 2017",57 days,8
