season,injury,from,until,days,missed_games
23/24,Hamstring injury,"May 4, 2024",,64 days,5
22/23,Hamstring injury,"Sep 27, 2022","Oct 8, 2022",11 days,2
21/22,Pubic bone irritation,"Nov 6, 2021","Nov 22, 2021",16 days,2
21/22,Hamstring injury,"May 21, 2021","Aug 27, 2021",98 days,3
20/21,muscular problems,"Jan 27, 2021","Feb 1, 2021",5 days,1
18/19,Muscle injury,"Apr 21, 2019","May 2, 2019",11 days,2
17/18,Torn muscle fiber,"May 7, 2018","May 17, 2018",10 days,1
17/18,Knock,"Oct 7, 2017","Oct 14, 2017",7 days,2
17/18,Muscle injury,"Aug 2, 2017","Sep 2, 2017",31 days,3
