season,injury,from,until,days,missed_games
23/24,Adductor injury,"Apr 25, 2024","May 12, 2024",17 days,2
23/24,Hamstring injury,"Jan 24, 2024","Feb 22, 2024",29 days,6
23/24,Hamstring injury,"Oct 1, 2023","Nov 24, 2023",54 days,13
21/22,Knee surgery,"Mar 31, 2022","Jul 7, 2022",98 days,14
21/22,Ankle problems,"Oct 21, 2021","Nov 6, 2021",16 days,3
20/21,Knee injury,"Apr 3, 2021","May 5, 2021",32 days,8
20/21,Knee injury,"Jan 19, 2021","Feb 16, 2021",28 days,6
20/21,Virus,"Oct 7, 2020","Oct 16, 2020",9 days,3
20/21,Groin injury,"Sep 13, 2020","Sep 27, 2020",14 days,2
19/20,Shoulder injury,"Dec 9, 2019","Mar 14, 2020",96 days,19
18/19,Groin surgery,"May 7, 2019","Jun 9, 2019",33 days,4
18/19,Hip injury,"Apr 19, 2019","May 2, 2019",13 days,2
18/19,Calf stiffness,"Mar 31, 2019","Apr 5, 2019",5 days,2
18/19,Hip injury,"Dec 7, 2018","Feb 22, 2019",77 days,17
18/19,Knock,"Nov 15, 2018","Nov 22, 2018",7 days,2
