season,injury,from,until,days,missed_games
23/24,Muscle contusion,"Feb 3, 2024","Feb 17, 2024",14 days,4
23/24,Hamstring injury,"Dec 5, 2023","Dec 10, 2023",5 days,2
23/24,muscular problems,"Nov 16, 2023","Nov 25, 2023",9 days,1
21/22,Cruciate ligament tear,"Mar 17, 2022","Dec 22, 2022",280 days,45
21/22,Torn muscle fiber,"Oct 15, 2021","Nov 19, 2021",35 days,9
20/21,Muscle injury,"Dec 4, 2020","Dec 28, 2020",24 days,6
20/21,Corona virus,"Sep 1, 2020","Sep 10, 2020",9 days,2
18/19,muscular problems,"Oct 23, 2018","Oct 31, 2018",8 days,1
17/18,muscular problems,"Sep 6, 2017","Sep 23, 2017",17 days,4
16/17,Shoulder injury,"Nov 28, 2016","Dec 2, 2016",4 days,1
