season,injury,from,until,days,missed_games
23/24,Calf injury,"Aug 11, 2023","Aug 24, 2023",13 days,2
22/23,Hamstring injury,"Jan 18, 2023","Feb 12, 2023",25 days,4
21/22,Hamstring injury,"Nov 26, 2021","Dec 17, 2021",21 days,6
19/20,muscular problems,"Jan 30, 2020","Feb 5, 2020",6 days,1
18/19,Groin injury,"Sep 30, 2018","Nov 22, 2018",53 days,14
17/18,Knee injury,"Apr 23, 2018","May 5, 2018",12 days,3
17/18,Back injury,"Oct 29, 2017","Nov 24, 2017",26 days,7
16/17,Ill,"Nov 28, 2016","Dec 5, 2016",7 days,1
16/17,Inflammation in the knee,"Sep 5, 2016","Sep 12, 2016",7 days,1
15/16,Muscle injury,"Mar 17, 2016","Apr 4, 2016",18 days,7
14/15,minor knock,"Apr 30, 2015","May 7, 2015",7 days,1
