season,injury,from,until,days,missed_games
23/24,Adductor pain,"Feb 3, 2024","Feb 22, 2024",19 days,5
23/24,unknown injury,"Nov 22, 2023","Dec 10, 2023",18 days,3
23/24,Torn muscle fiber,"Aug 27, 2023","Sep 14, 2023",18 days,3
21/22,Corona virus,"Jan 5, 2022","Jan 11, 2022",6 days,1
21/22,muscular problems,"Jul 29, 2021","Aug 17, 2021",19 days,2
20/21,Ankle surgery,"Mar 15, 2021","May 11, 2021",57 days,9
20/21,Inflammation in the ankle joint,"Jan 26, 2021","Mar 15, 2021",48 days,7
20/21,Ankle injury,"Jan 16, 2021","Jan 21, 2021",5 days,1
19/20,Fitness,"Jun 15, 2020","Jun 22, 2020",7 days,2
19/20,Torn muscle fiber,"May 8, 2020","Jun 14, 2020",37 days,6
19/20,muscular problems,"Feb 19, 2020","Feb 23, 2020",4 days,-
19/20,Arm injury,"Feb 11, 2020","Feb 18, 2020",7 days,1
19/20,muscle stiffness,"Oct 16, 2019","Oct 21, 2019",5 days,1
17/18,Hamstring strain,"Feb 18, 2018","May 4, 2018",75 days,9
15/16,Knee injury,"Feb 8, 2016","Mar 16, 2016",37 days,7
