season,injury,from,until,days,missed_games
23/24,Inner ligament stretch of the knee,"Feb 3, 2024","Apr 1, 2024",58 days,12
23/24,Hamstring injury,"Jan 14, 2024","Jan 26, 2024",12 days,3
23/24,Hamstring injury,"Oct 20, 2023","Oct 31, 2023",11 days,3
23/24,Hamstring injury,"Sep 29, 2023","Oct 7, 2023",8 days,2
22/23,Muscle injury,"Sep 1, 2022","Sep 13, 2022",12 days,3
21/22,Muscle fatigue,"Apr 29, 2022","May 16, 2022",17 days,3
21/22,Knee problems,"Mar 30, 2022","Apr 16, 2022",17 days,3
21/22,Knee injury,"Mar 2, 2022","Mar 10, 2022",8 days,2
21/22,Corona virus,"Jul 31, 2021","Aug 10, 2021",10 days,-
20/21,Knock,"Mar 12, 2021","Apr 2, 2021",21 days,3
20/21,Hamstring injury,"Feb 7, 2021","Feb 27, 2021",20 days,4
20/21,Calf injury,"Oct 3, 2020","Dec 5, 2020",63 days,13
18/19,Broken collarbone,"Apr 19, 2019","Jun 30, 2019",72 days,6
18/19,Knock,"Nov 25, 2018","Nov 30, 2018",5 days,1
18/19,Adductor pain,"Aug 13, 2018","Aug 17, 2018",4 days,1
