,Player Name,Player Number,Player,#,Nation,Pos,Age,Min,Att,Live,Dead,FK,TB,Sw,Crs,TI,CK,In,Out,Str,Cmp,Off,Blocks,Player Key,Player Link
0,Darío Benedetto,https://fbref.com/en/players/bef0a7ac/Dario-Benedetto,9,9,ar ARG,FW,31-006,71,17,17,0,0,0,0,0,0,0,0,0,0,15,0,0,https://fbref.com/en/players/bef0a7ac/Dario-Benedetto-Darío Benedetto,
1,Luis Henrique,https://fbref.com/en/players/f36d5624/Luis-Henrique,11,11,br BRA,FW,19-160,19,12,12,0,0,0,0,1,0,0,0,0,0,8,0,0,https://fbref.com/en/players/f36d5624/Luis-Henrique-Luis Henrique,
2,Arkadiusz Milik,https://fbref.com/en/players/85613cf0/Arkadiusz-Milik,19,19,pl POL,FW,27-084,90,27,24,3,0,0,0,3,1,0,0,0,0,21,0,3,https://fbref.com/en/players/85613cf0/Arkadiusz-Milik-Arkadiusz Milik,
3,Dimitri Payet,https://fbref.com/en/players/58ae47b2/Dimitri-Payet,10,10,fr FRA,AM,34-055,90,58,44,14,2,0,2,12,2,10,7,3,0,34,0,3,https://fbref.com/en/players/58ae47b2/Dimitri-Payet-Dimitri Payet,
4,Boubacar Kamara,https://fbref.com/en/players/cc77354e/Boubacar-Kamara,4,4,fr FRA,CM,21-181,90,38,38,0,0,0,0,0,0,0,0,0,0,34,0,1,https://fbref.com/en/players/cc77354e/Boubacar-Kamara-Boubacar Kamara,
5,Pape Gueye,https://fbref.com/en/players/7155e3e1/Pape-Gueye,22,22,sn SEN,CM,22-119,90,47,46,1,1,0,0,1,0,0,0,0,0,38,0,0,https://fbref.com/en/players/7155e3e1/Pape-Gueye-Pape Gueye,
6,Jordan Amavi,https://fbref.com/en/players/22721b88/Jordan-Amavi,18,18,fr FRA,WB,27-075,66,38,30,8,0,0,0,1,8,0,0,0,0,31,0,1,https://fbref.com/en/players/22721b88/Jordan-Amavi-Jordan Amavi,
7,Yuto Nagatomo,https://fbref.com/en/players/4b6960d2/Yuto-Nagatomo,25,25,jp JPN,WB,34-253,24,18,14,4,0,0,0,3,4,0,0,0,0,14,0,0,https://fbref.com/en/players/4b6960d2/Yuto-Nagatomo-Yuto Nagatomo,
8,Pol Lirola,https://fbref.com/en/players/ff800ed8/Pol-Lirola,29,29,es ESP,WB,23-283,87,42,35,7,0,0,1,6,7,0,0,0,0,27,0,2,https://fbref.com/en/players/ff800ed8/Pol-Lirola-Pol Lirola,
9,Bamba Dieng,https://fbref.com/en/players/40774c6b/Bamba-Dieng,37,37,sn SEN,WB,21-061,3,4,3,1,0,0,0,1,1,0,0,0,0,3,0,0,https://fbref.com/en/players/40774c6b/Bamba-Dieng-Bamba Dieng,
10,Duje Ćaleta-Car,https://fbref.com/en/players/94f8d10c/Duje-Caleta-Car,15,15,hr CRO,CB,24-248,90,116,114,2,1,0,2,0,1,0,0,0,0,107,0,0,https://fbref.com/en/players/94f8d10c/Duje-Caleta-Car-Duje Ćaleta-Car,
11,Álvaro González,https://fbref.com/en/players/42dcf26d/Alvaro-Gonzalez,3,3,es ESP,CB,31-135,90,106,103,3,3,0,0,0,0,0,0,0,0,98,0,0,https://fbref.com/en/players/42dcf26d/Alvaro-Gonzalez-Álvaro González,
12,Leonardo Balerdi,https://fbref.com/en/players/7c3ed041/Leonardo-Balerdi,5,5,ar ARG,CB,22-117,90,60,56,4,4,0,0,0,0,0,0,0,0,56,0,0,https://fbref.com/en/players/7c3ed041/Leonardo-Balerdi-Leonardo Balerdi,
13,Steve Mandanda,https://fbref.com/en/players/1d2d5cc8/Steve-Mandanda,30,30,fr FRA,GK,36-056,90,64,52,12,2,0,0,0,0,0,0,0,0,57,0,0,https://fbref.com/en/players/1d2d5cc8/Steve-Mandanda-Steve Mandanda,
