,Player Name,Player Number,Player,#,Nation,Pos,Age,Min,Touches,Def Pen,Def 3rd,Mid 3rd,Att 3rd,Att Pen,Live,Att,Succ,Succ%,Tkld,Tkld%,Carries,TotDist,PrgDist,PrgC,1/3,CPA,Mis,Dis,Rec,PrgR,Player Key,Player Link
0,Darío Benedetto,https://fbref.com/en/players/bef0a7ac/Dario-Benedetto,9,9,ar ARG,FW,31-006,71,22,0,1,12,9,2,22,2,2,100.0,0,0.0,13,76,20,1,1,0,1,0,17,7,https://fbref.com/en/players/bef0a7ac/Dario-Benedetto-Darío Benedetto,
1,Luis Henrique,https://fbref.com/en/players/f36d5624/Luis-Henrique,11,11,br BRA,FW,19-160,19,15,0,2,6,8,3,15,1,0,0.0,1,100.0,7,77,30,0,0,2,0,1,11,1,https://fbref.com/en/players/f36d5624/Luis-Henrique-Luis Henrique,
2,Arkadiusz Milik,https://fbref.com/en/players/85613cf0/Arkadiusz-Milik,19,19,pl POL,FW,27-084,90,36,0,0,19,17,5,35,0,0,,0,,20,88,21,3,0,2,5,0,27,9,https://fbref.com/en/players/85613cf0/Arkadiusz-Milik-Arkadiusz Milik,
3,Dimitri Payet,https://fbref.com/en/players/58ae47b2/Dimitri-Payet,10,10,fr FRA,AM,34-055,90,63,1,3,34,26,0,63,1,0,0.0,1,100.0,39,162,80,2,1,0,0,1,42,7,https://fbref.com/en/players/58ae47b2/Dimitri-Payet-Dimitri Payet,
4,Boubacar Kamara,https://fbref.com/en/players/cc77354e/Boubacar-Kamara,4,4,fr FRA,CM,21-181,90,47,0,8,28,11,2,47,0,0,,0,,24,73,39,0,1,0,1,0,35,2,https://fbref.com/en/players/cc77354e/Boubacar-Kamara-Boubacar Kamara,
5,Pape Gueye,https://fbref.com/en/players/7155e3e1/Pape-Gueye,22,22,sn SEN,CM,22-119,90,58,0,9,41,8,1,58,1,1,100.0,0,0.0,36,145,48,0,1,0,3,1,39,2,https://fbref.com/en/players/7155e3e1/Pape-Gueye-Pape Gueye,
6,Jordan Amavi,https://fbref.com/en/players/22721b88/Jordan-Amavi,18,18,fr FRA,WB,27-075,66,43,2,13,18,13,1,43,1,0,0.0,1,100.0,26,148,45,0,0,0,2,0,25,1,https://fbref.com/en/players/22721b88/Jordan-Amavi-Jordan Amavi,
7,Yuto Nagatomo,https://fbref.com/en/players/4b6960d2/Yuto-Nagatomo,25,25,jp JPN,WB,34-253,24,21,1,3,10,8,1,21,1,1,100.0,0,0.0,11,62,51,2,0,1,0,0,11,6,https://fbref.com/en/players/4b6960d2/Yuto-Nagatomo-Yuto Nagatomo,
8,Pol Lirola,https://fbref.com/en/players/ff800ed8/Pol-Lirola,29,29,es ESP,WB,23-283,87,53,3,5,34,17,4,53,4,3,75.0,1,25.0,34,248,152,4,2,2,0,2,34,7,https://fbref.com/en/players/ff800ed8/Pol-Lirola-Pol Lirola,
9,Bamba Dieng,https://fbref.com/en/players/40774c6b/Bamba-Dieng,37,37,sn SEN,WB,21-061,3,5,0,1,1,3,0,5,0,0,,0,,1,11,5,0,0,0,0,0,2,0,https://fbref.com/en/players/40774c6b/Bamba-Dieng-Bamba Dieng,
10,Duje Ćaleta-Car,https://fbref.com/en/players/94f8d10c/Duje-Caleta-Car,15,15,hr CRO,CB,24-248,90,128,11,53,74,1,1,128,1,0,0.0,1,100.0,92,412,275,1,0,0,1,0,108,0,https://fbref.com/en/players/94f8d10c/Duje-Caleta-Car-Duje Ćaleta-Car,
11,Álvaro González,https://fbref.com/en/players/42dcf26d/Alvaro-Gonzalez,3,3,es ESP,CB,31-135,90,113,5,43,67,3,2,113,0,0,,0,,89,430,341,2,0,0,0,1,100,0,https://fbref.com/en/players/42dcf26d/Alvaro-Gonzalez-Álvaro González,
12,Leonardo Balerdi,https://fbref.com/en/players/7c3ed041/Leonardo-Balerdi,5,5,ar ARG,CB,22-117,90,65,4,25,36,4,0,65,1,1,100.0,0,0.0,43,190,98,2,2,0,0,1,46,0,https://fbref.com/en/players/7c3ed041/Leonardo-Balerdi-Leonardo Balerdi,
13,Steve Mandanda,https://fbref.com/en/players/1d2d5cc8/Steve-Mandanda,30,30,fr FRA,GK,36-056,90,65,41,64,1,0,0,65,0,0,,0,,38,156,111,0,0,0,0,0,34,0,https://fbref.com/en/players/1d2d5cc8/Steve-Mandanda-Steve Mandanda,
