,Player Name,Player Number,Player,#,Nation,Pos,Age,Min,CrdY,CrdR,2CrdY,Fls,Fld,Off,Crs,Int,TklW,PKwon,PKcon,OG,Recov,Won,Lost,Won%,Player Key,Player Link
0,Darío Benedetto,https://fbref.com/en/players/bef0a7ac/Dario-Benedetto,9,9,ar ARG,FW,31-006,71,0,0,0,1,0,0,0,0,0,0,0,0,1,0,3,0.0,https://fbref.com/en/players/bef0a7ac/Dario-Benedetto-Darío Benedetto,
1,Luis Henrique,https://fbref.com/en/players/f36d5624/Luis-Henrique,11,11,br BRA,FW,19-160,19,0,0,0,0,0,0,1,0,0,0,0,0,2,0,0,,https://fbref.com/en/players/f36d5624/Luis-Henrique-Luis Henrique,
2,Arkadiusz Milik,https://fbref.com/en/players/85613cf0/Arkadiusz-Milik,19,19,pl POL,FW,27-084,90,0,0,0,2,0,0,3,0,0,0,0,0,1,1,1,50.0,https://fbref.com/en/players/85613cf0/Arkadiusz-Milik-Arkadiusz Milik,
3,Dimitri Payet,https://fbref.com/en/players/58ae47b2/Dimitri-Payet,10,10,fr FRA,AM,34-055,90,1,0,0,1,1,0,12,1,2,0,1,0,3,0,0,,https://fbref.com/en/players/58ae47b2/Dimitri-Payet-Dimitri Payet,
4,Boubacar Kamara,https://fbref.com/en/players/cc77354e/Boubacar-Kamara,4,4,fr FRA,CM,21-181,90,0,0,0,1,1,0,0,0,1,0,0,0,3,2,1,66.7,https://fbref.com/en/players/cc77354e/Boubacar-Kamara-Boubacar Kamara,
5,Pape Gueye,https://fbref.com/en/players/7155e3e1/Pape-Gueye,22,22,sn SEN,CM,22-119,90,0,0,0,1,3,0,1,2,0,0,0,0,5,0,1,0.0,https://fbref.com/en/players/7155e3e1/Pape-Gueye-Pape Gueye,
6,Jordan Amavi,https://fbref.com/en/players/22721b88/Jordan-Amavi,18,18,fr FRA,WB,27-075,66,0,0,0,2,1,0,1,1,0,0,0,0,4,1,1,50.0,https://fbref.com/en/players/22721b88/Jordan-Amavi-Jordan Amavi,
7,Yuto Nagatomo,https://fbref.com/en/players/4b6960d2/Yuto-Nagatomo,25,25,jp JPN,WB,34-253,24,0,0,0,0,0,0,3,0,0,0,0,0,2,0,0,,https://fbref.com/en/players/4b6960d2/Yuto-Nagatomo-Yuto Nagatomo,
8,Pol Lirola,https://fbref.com/en/players/ff800ed8/Pol-Lirola,29,29,es ESP,WB,23-283,87,1,0,0,1,2,0,6,3,1,0,0,0,7,1,0,100.0,https://fbref.com/en/players/ff800ed8/Pol-Lirola-Pol Lirola,
9,Bamba Dieng,https://fbref.com/en/players/40774c6b/Bamba-Dieng,37,37,sn SEN,WB,21-061,3,0,0,0,0,0,0,1,0,0,0,0,0,0,0,0,,https://fbref.com/en/players/40774c6b/Bamba-Dieng-Bamba Dieng,
10,Duje Ćaleta-Car,https://fbref.com/en/players/94f8d10c/Duje-Caleta-Car,15,15,hr CRO,CB,24-248,90,0,0,0,0,0,0,0,2,1,0,0,0,2,2,1,66.7,https://fbref.com/en/players/94f8d10c/Duje-Caleta-Car-Duje Ćaleta-Car,
11,Álvaro González,https://fbref.com/en/players/42dcf26d/Alvaro-Gonzalez,3,3,es ESP,CB,31-135,90,0,0,0,0,2,0,0,1,0,1,0,0,4,1,0,100.0,https://fbref.com/en/players/42dcf26d/Alvaro-Gonzalez-Álvaro González,
12,Leonardo Balerdi,https://fbref.com/en/players/7c3ed041/Leonardo-Balerdi,5,5,ar ARG,CB,22-117,90,0,0,0,1,2,0,0,0,0,0,0,0,5,1,2,33.3,https://fbref.com/en/players/7c3ed041/Leonardo-Balerdi-Leonardo Balerdi,
13,Steve Mandanda,https://fbref.com/en/players/1d2d5cc8/Steve-Mandanda,30,30,fr FRA,GK,36-056,90,0,0,0,0,0,0,0,0,0,0,0,0,2,0,0,,https://fbref.com/en/players/1d2d5cc8/Steve-Mandanda-Steve Mandanda,
