,Player Name,Player Number,Player,#,Nation,Pos,Age,Min,Gls,Ast,PK,PKatt,Sh,SoT,CrdY,CrdR,Touches,Tkl,Int,Blocks,xG,npxG,xAG,SCA,GCA,Cmp,Att,Cmp%,PrgP,Carries,PrgC,Att,Succ,Player Key,Player Link
0,Darío Benedetto,https://fbref.com/en/players/bef0a7ac/Dario-Benedetto,9,9,ar ARG,FW,31-006,71,0,0,0,0,1,0,0,0,22,1,0,1,0.0,0.0,0.0,0,0,15,17,88.2,2,13,1,2,2,https://fbref.com/en/players/bef0a7ac/Dario-Benedetto-Darío Benedetto,
1,Luis Henrique,https://fbref.com/en/players/f36d5624/Luis-Henrique,11,11,br BRA,FW,19-160,19,0,0,0,0,0,0,0,0,15,0,0,1,0.0,0.0,0.0,1,0,8,12,66.7,4,7,0,1,0,https://fbref.com/en/players/f36d5624/Luis-Henrique-Luis Henrique,
2,Arkadiusz Milik,https://fbref.com/en/players/85613cf0/Arkadiusz-Milik,19,19,pl POL,FW,27-084,90,1,0,1,1,2,1,0,0,36,0,0,0,0.9,0.1,0.0,1,0,21,27,77.8,2,20,3,0,0,https://fbref.com/en/players/85613cf0/Arkadiusz-Milik-Arkadiusz Milik,
3,Dimitri Payet,https://fbref.com/en/players/58ae47b2/Dimitri-Payet,10,10,fr FRA,AM,34-055,90,0,0,0,0,0,0,1,0,63,2,1,1,0.0,0.0,0.3,3,0,34,58,58.6,5,39,2,1,0,https://fbref.com/en/players/58ae47b2/Dimitri-Payet-Dimitri Payet,
4,Boubacar Kamara,https://fbref.com/en/players/cc77354e/Boubacar-Kamara,4,4,fr FRA,CM,21-181,90,0,0,0,0,1,0,0,0,47,2,0,4,0.1,0.1,0.0,1,0,34,38,89.5,3,24,0,0,0,https://fbref.com/en/players/cc77354e/Boubacar-Kamara-Boubacar Kamara,
5,Pape Gueye,https://fbref.com/en/players/7155e3e1/Pape-Gueye,22,22,sn SEN,CM,22-119,90,0,0,0,0,0,0,0,0,58,3,2,1,0.0,0.0,0.0,1,0,38,47,80.9,4,36,0,1,1,https://fbref.com/en/players/7155e3e1/Pape-Gueye-Pape Gueye,
6,Jordan Amavi,https://fbref.com/en/players/22721b88/Jordan-Amavi,18,18,fr FRA,WB,27-075,66,0,0,0,0,0,0,0,0,43,0,1,0,0.0,0.0,0.0,1,0,31,38,81.6,5,26,0,1,0,https://fbref.com/en/players/22721b88/Jordan-Amavi-Jordan Amavi,
7,Yuto Nagatomo,https://fbref.com/en/players/4b6960d2/Yuto-Nagatomo,25,25,jp JPN,WB,34-253,24,0,0,0,0,0,0,0,0,21,1,0,0,0.0,0.0,0.0,1,0,14,18,77.8,2,11,2,1,1,https://fbref.com/en/players/4b6960d2/Yuto-Nagatomo-Yuto Nagatomo,
8,Pol Lirola,https://fbref.com/en/players/ff800ed8/Pol-Lirola,29,29,es ESP,WB,23-283,87,0,0,0,0,2,0,1,0,53,1,3,1,0.1,0.1,0.1,2,0,27,42,64.3,4,34,4,4,3,https://fbref.com/en/players/ff800ed8/Pol-Lirola-Pol Lirola,
9,Bamba Dieng,https://fbref.com/en/players/40774c6b/Bamba-Dieng,37,37,sn SEN,WB,21-061,3,0,0,0,0,0,0,0,0,5,1,0,0,0.0,0.0,0.0,0,0,3,4,75.0,0,1,0,0,0,https://fbref.com/en/players/40774c6b/Bamba-Dieng-Bamba Dieng,
10,Duje Ćaleta-Car,https://fbref.com/en/players/94f8d10c/Duje-Caleta-Car,15,15,hr CRO,CB,24-248,90,0,0,0,0,0,0,0,0,128,1,2,0,0.0,0.0,0.0,0,0,107,116,92.2,6,92,1,1,0,https://fbref.com/en/players/94f8d10c/Duje-Caleta-Car-Duje Ćaleta-Car,
11,Álvaro González,https://fbref.com/en/players/42dcf26d/Alvaro-Gonzalez,3,3,es ESP,CB,31-135,90,0,0,0,0,2,0,0,0,113,0,1,2,0.2,0.2,0.0,1,1,98,106,92.5,3,89,2,0,0,https://fbref.com/en/players/42dcf26d/Alvaro-Gonzalez-Álvaro González,
12,Leonardo Balerdi,https://fbref.com/en/players/7c3ed041/Leonardo-Balerdi,5,5,ar ARG,CB,22-117,90,0,0,0,0,0,0,0,0,65,2,0,2,0.0,0.0,0.0,1,1,56,60,93.3,2,43,2,1,1,https://fbref.com/en/players/7c3ed041/Leonardo-Balerdi-Leonardo Balerdi,
13,Steve Mandanda,https://fbref.com/en/players/1d2d5cc8/Steve-Mandanda,30,30,fr FRA,GK,36-056,90,0,0,0,0,0,0,0,0,65,0,0,0,0.0,0.0,0.0,0,0,57,64,89.1,0,38,0,0,0,https://fbref.com/en/players/1d2d5cc8/Steve-Mandanda-Steve Mandanda,
