,Player Name,Player Number,Player,#,Nation,Pos,Age,Min,Touches,Def Pen,Def 3rd,Mid 3rd,Att 3rd,Att Pen,Live,Att,Succ,Succ%,Tkld,Tkld%,Carries,TotDist,PrgDist,PrgC,1/3,CPA,Mis,Dis,Rec,PrgR,Player Key,Player Link
0,Thierry Ambrose,https://fbref.com/en/players/2945f4b7/Thierry-Ambrose,9,9,gp GLP,FW,24-056,77,21,1,1,13,7,3,21,0,0,,0,,16,93,16,1,0,1,2,2,19,4,https://fbref.com/en/players/2945f4b7/Thierry-Ambrose-Thierry Ambrose,
1,Vagner Gonçalves,https://fbref.com/en/players/743fd71f/Vagner-Goncalves,27,27,cv CPV,FW,25-133,13,4,0,0,4,0,0,4,0,0,,0,,5,17,6,0,0,0,0,0,5,0,https://fbref.com/en/players/743fd71f/Vagner-Goncalves-Vagner Gonçalves,
2,Papa Ndiaga Yade,https://fbref.com/en/players/87e9c7cd/Papa-Ndiaga-Yade,26,26,mr MTN,LW,21-138,77,28,0,3,6,19,2,28,0,0,,0,,22,160,101,3,1,2,3,2,20,11,https://fbref.com/en/players/87e9c7cd/Papa-Ndiaga-Yade-Papa Ndiaga Yade,
3,Lamine Gueye,https://fbref.com/en/players/9d5dcc23/Lamine-Gueye,13,13,sn SEN,LW,23-071,13,8,0,2,1,5,1,8,0,0,,0,,6,34,23,1,0,1,1,0,5,3,https://fbref.com/en/players/9d5dcc23/Lamine-Gueye-Lamine Gueye,
4,Farid Boulaya,https://fbref.com/en/players/a0791826/Farid-Boulaya,10,10,dz ALG,RW,28-087,90,59,0,5,32,24,1,58,2,1,50.0,1,50.0,41,230,108,3,2,0,0,3,37,6,https://fbref.com/en/players/a0791826/Farid-Boulaya-Farid Boulaya,
5,Pape Matar Sarr,https://fbref.com/en/players/feb5d972/Pape-Matar-Sarr,15,15,sn SEN,LM,18-251,90,49,4,14,26,11,1,49,0,0,,0,,37,188,89,4,4,1,1,0,34,3,https://fbref.com/en/players/feb5d972/Pape-Matar-Sarr-Pape Matar Sarr,
6,Kévin N'Doram,https://fbref.com/en/players/e50623a0/Kevin-NDoram,4,4,fr FRA,CM,25-121,90,28,1,6,22,1,0,28,0,0,,0,,20,66,30,0,0,0,0,1,19,0,https://fbref.com/en/players/e50623a0/Kevin-NDoram-Kévin N'Doram,
7,Habib Maïga,https://fbref.com/en/players/e768de1f/Habib-Maiga,19,19,ci CIV,RM,25-142,90,47,1,10,31,6,0,47,1,0,0.0,1,100.0,31,136,83,1,1,0,2,0,34,2,https://fbref.com/en/players/e768de1f/Habib-Maiga-Habib Maïga,
8,Thomas Delaine,https://fbref.com/en/players/8332db56/Thomas-Delaine,17,17,fr FRA,LB,29-060,89,47,4,19,22,7,1,47,1,0,0.0,1,100.0,23,102,68,1,2,0,0,0,28,3,https://fbref.com/en/players/8332db56/Thomas-Delaine-Thomas Delaine,
9,Matthieu Udol,https://fbref.com/en/players/cc41f558/Matthieu-Udol,3,3,fr FRA,LB,25-064,1,0,0,0,0,0,0,0,0,0,,0,,0,0,0,0,0,0,0,0,0,0,https://fbref.com/en/players/cc41f558/Matthieu-Udol-Matthieu Udol,
10,John Boye,https://fbref.com/en/players/861227d2/John-Boye,21,21,gh GHA,CB,34-030,90,42,8,36,6,0,0,42,0,0,,0,,21,103,12,0,0,0,0,0,17,0,https://fbref.com/en/players/861227d2/John-Boye-John Boye,
11,Dylan Bronn,https://fbref.com/en/players/edd81e2a/Dylan-Bronn,2,2,tn TUN,CB,25-338,90,45,9,36,9,0,0,45,0,0,,0,,23,105,70,0,0,0,0,0,24,0,https://fbref.com/en/players/edd81e2a/Dylan-Bronn-Dylan Bronn,
12,Fabien Centonze,https://fbref.com/en/players/3c6bbbab/Fabien-Centonze,18,18,fr FRA,RB,25-127,90,60,4,23,25,12,1,60,5,2,40.0,3,60.0,32,215,79,4,1,0,2,0,28,5,https://fbref.com/en/players/3c6bbbab/Fabien-Centonze-Fabien Centonze,
13,Alexandre Oukidja,https://fbref.com/en/players/ae7d0ecd/Alexandre-Oukidja,16,16,dz ALG,GK,32-308,90,36,31,36,0,0,0,36,0,0,,0,,20,109,73,0,0,0,0,0,14,0,https://fbref.com/en/players/ae7d0ecd/Alexandre-Oukidja-Alexandre Oukidja,
