,Player Name,Player Number,Player,#,Nation,Pos,Age,Min,Att,Live,Dead,FK,TB,Sw,Crs,TI,CK,In,Out,Str,Cmp,Off,Blocks,Player Key,Player Link
0,Thierry Ambrose,https://fbref.com/en/players/2945f4b7/Thierry-Ambrose,9,9,gp GLP,FW,24-056,77,12,12,0,0,0,0,0,0,0,0,0,0,9,0,1,https://fbref.com/en/players/2945f4b7/Thierry-Ambrose-Thierry Ambrose,
1,Vagner Gonçalves,https://fbref.com/en/players/743fd71f/Vagner-Goncalves,27,27,cv CPV,FW,25-133,13,3,3,0,0,1,0,0,0,0,0,0,0,3,0,0,https://fbref.com/en/players/743fd71f/Vagner-Goncalves-Vagner Gonçalves,
2,Papa Ndiaga Yade,https://fbref.com/en/players/87e9c7cd/Papa-Ndiaga-Yade,26,26,mr MTN,LW,21-138,77,19,18,0,0,0,0,3,0,0,0,0,0,12,1,0,https://fbref.com/en/players/87e9c7cd/Papa-Ndiaga-Yade-Papa Ndiaga Yade,
3,Lamine Gueye,https://fbref.com/en/players/9d5dcc23/Lamine-Gueye,13,13,sn SEN,LW,23-071,13,7,7,0,0,0,0,1,0,0,0,0,0,6,0,0,https://fbref.com/en/players/9d5dcc23/Lamine-Gueye-Lamine Gueye,
4,Farid Boulaya,https://fbref.com/en/players/a0791826/Farid-Boulaya,10,10,dz ALG,RW,28-087,90,48,43,5,0,0,3,2,3,1,0,0,0,34,0,4,https://fbref.com/en/players/a0791826/Farid-Boulaya-Farid Boulaya,
5,Pape Matar Sarr,https://fbref.com/en/players/feb5d972/Pape-Matar-Sarr,15,15,sn SEN,LM,18-251,90,37,37,0,0,0,0,1,0,0,0,0,0,31,0,1,https://fbref.com/en/players/feb5d972/Pape-Matar-Sarr-Pape Matar Sarr,
6,Kévin N'Doram,https://fbref.com/en/players/e50623a0/Kevin-NDoram,4,4,fr FRA,CM,25-121,90,22,21,1,1,0,0,0,0,0,0,0,0,19,0,0,https://fbref.com/en/players/e50623a0/Kevin-NDoram-Kévin N'Doram,
7,Habib Maïga,https://fbref.com/en/players/e768de1f/Habib-Maiga,19,19,ci CIV,RM,25-142,90,41,41,0,0,0,0,0,0,0,0,0,0,33,0,0,https://fbref.com/en/players/e768de1f/Habib-Maiga-Habib Maïga,
8,Thomas Delaine,https://fbref.com/en/players/8332db56/Thomas-Delaine,17,17,fr FRA,LB,29-060,89,38,31,7,1,0,0,4,6,0,0,0,0,28,0,2,https://fbref.com/en/players/8332db56/Thomas-Delaine-Thomas Delaine,
9,Matthieu Udol,https://fbref.com/en/players/cc41f558/Matthieu-Udol,3,3,fr FRA,LB,25-064,1,0,0,0,0,0,0,0,0,0,0,0,0,0,0,0,https://fbref.com/en/players/cc41f558/Matthieu-Udol-Matthieu Udol,
10,John Boye,https://fbref.com/en/players/861227d2/John-Boye,21,21,gh GHA,CB,34-030,90,29,28,1,1,0,1,0,0,0,0,0,0,24,0,1,https://fbref.com/en/players/861227d2/John-Boye-John Boye,
11,Dylan Bronn,https://fbref.com/en/players/edd81e2a/Dylan-Bronn,2,2,tn TUN,CB,25-338,90,34,33,1,0,0,0,0,1,0,0,0,0,28,0,0,https://fbref.com/en/players/edd81e2a/Dylan-Bronn-Dylan Bronn,
12,Fabien Centonze,https://fbref.com/en/players/3c6bbbab/Fabien-Centonze,18,18,fr FRA,RB,25-127,90,43,30,13,2,0,1,4,11,0,0,0,0,33,0,1,https://fbref.com/en/players/3c6bbbab/Fabien-Centonze-Fabien Centonze,
13,Alexandre Oukidja,https://fbref.com/en/players/ae7d0ecd/Alexandre-Oukidja,16,16,dz ALG,GK,32-308,90,31,22,9,3,0,0,0,0,0,0,0,0,24,0,0,https://fbref.com/en/players/ae7d0ecd/Alexandre-Oukidja-Alexandre Oukidja,
