,Minute,Player,Squad,xG,PSxG,Outcome,Distance,Body Part,Notes,SCA 1 Player,SCA 1 Event,SCA 2 Player,SCA 2 Event
0,13,Thierry Ambrose,Metz,0.07,0.30,Saved,18,Right Foot,,Papa Ndiaga Yade,Pass (Live),Pape Matar Sarr,Pass (Live)
1,34,Papa Ndiaga Yade,Metz,0.02,,Blocked,33,Left Foot,,Thierry Ambrose,Pass (Live),Alexandre Oukidja,Pass (Dead)
2,37,Pape Matar Sarr,Metz,0.02,,Blocked,34,Right Foot,,Papa Ndiaga Yade,Pass (Live),Farid Boulaya,Pass (Live)
3,38,Thierry Ambrose,Metz,0.05,0.07,Saved,16,Right Foot,Volley,Papa Ndiaga Yade,Pass (Live),,
4,,,,,,,,,,,,,
5,48,Thierry Ambrose,Metz,0.03,,Off Target,21,Left Foot,,Farid Boulaya,Pass (Live),Fabien Centonze,Pass (Live)
6,54,Pol Lirola,Marseille,0.02,,Off Target,35,Right Foot,,,,,
7,55,Darío Benedetto,Marseille,0.05,,Off Target,16,Right Foot,,,,,
8,55,Papa Ndiaga Yade,Metz,0.03,,Blocked,23,Right Foot,,Farid Boulaya,Pass (Live),,
9,58,Arkadiusz Milik,Marseille,0.06,0.29,Saved,29,Left Foot,Free kick,Jordan Amavi,Fouled,,
10,59,Pape Matar Sarr,Metz,0.03,,Off Target,32,Right Foot,,Papa Ndiaga Yade,Pass (Live),Habib Maïga,Pass (Live)
11,68,Álvaro González,Marseille,0.10,,Off Target,6,Head,,Dimitri Payet,Pass (Dead),Pape Gueye,Pass (Live)
12,74,Boubacar Kamara,Marseille,0.09,,Off Target,8,Head,,Pol Lirola,Pass (Live),Yuto Nagatomo,Pass (Live)
13,76,Pape Matar Sarr,Metz,0.01,,Off Target,73,Right Foot,,,,,
14,81,Pol Lirola,Marseille,0.10,,Off Target,13,Right Foot,,Pol Lirola,Take-On,Dimitri Payet,Pass (Live)
15,83,Arkadiusz Milik,Marseille,0.03,,Blocked,27,Left Foot,Deflected,Luis Henrique,Pass (Live),Boubacar Kamara,Pass (Live)
16,84,Álvaro González,Marseille,0.07,,Off Target,7,Head,,Dimitri Payet,Pass (Dead),Arkadiusz Milik,Shot
17,90+3,Farid Boulaya,Metz,0.12,,Blocked,20,Right Foot,Free kick,Farid Boulaya,Fouled,Pape Matar Sarr,Pass (Live)
18,90+7,Farid Boulaya(pen),Metz,0.79,0.96,Goal,13,Right Foot,,,Fouled,Farid Boulaya,Shot
19,90+14,Arkadiusz Milik(pen),Marseille,0.79,0.99,Goal,13,Left Foot,,Álvaro González,Fouled,Leonardo Balerdi,Pass (Live)
